:020000040800F2
:10000000F8200020F94F0008D5050008D7050008A2
:10001000DB050008DF050008E3050008000000001C
:10002000000000000000000000000000E7050008DC
:10003000E905000800000000EB050008ED050008D8
:100040001350000813500008135000081350000804
:1000500013500008135000081350000813500008F4
:1000600013500008135000081350000813500008E4
:1000700013500008135000081350000813500008D4
:1000800013500008135000081350000813500008C4
:1000900013500008135000081350000813500008B4
:1000A00013500008135000081350000813500008A4
:1000B00013500008A94B0008914B0008135000088A
:1000C0001350000813500008135000081350000884
:1000D000135000087F4E000813500008135000080A
:1000E0001350000813500008135000081350000864
:1000F0001350000813500008135000081350000854
:100100001350000813500008135000081350000843
:100110001350000813500008135000081350000833
:100120001350000813500008135000081350000823
:1001300000F002F800F06AF80AA090E8000C82448F
:100140008344AAF10107DA4501D100F05FF8AFF26C
:10015000090EBAE80F0013F0010F18BFFB1A43F0A5
:100160000103184790B80000B0B800000A444FF0EF
:10017000000C10F8013B13F0070408BF10F8014B06
:100180001D1108BF10F8015B641E05D010F8016B4B
:10019000641E01F8016BF9D113F0080F1EBF10F8AF
:1001A000014BAD1C0C1B09D16D1E58BF01F801CBD2
:1001B000FAD505E014F8016B01F8016B6D1EF9D555
:1001C0009142D6D37047000000230024002500266A
:1001D000103A28BF78C1FBD8520728BF30C148BFAA
:1001E0000B607047642906F07F84782906F0B88494
:1001F000002070471FB59DE8030007F0FDF906F0E9
:10020000DDFE1FBD10B506F042FF10BD06F0D0FFA9
:100210001146FFF7EFFF00F064F807F0BFF903B4F1
:10022000FFF7F0FF03BC07F079FB000010B5C84AE8
:10023000C849C94803F0C3FC002851D1C74AC8497E
:10024000C84800F046FD022004F07BFCC649086067
:10025000042004F076FCC5490860C549BE48006822
:1002600008F00CFFC3494860486808F06BFE04467C
:1002700004F0FDFA18B10120BF49087002E0002027
:10028000BD490870BB49486804F0BAFC0446B74849
:100290000168B548006804F0DFFC0444AC4800681D
:1002A00004F0FFFC201AB5490860B249486804F020
:1002B000A7FC0446AD480168AB48006804F0CCFCDC
:1002C0000444A348006804F0ECFC2044AC490860F6
:1002D00004F0AEFAAA480168A848006804F071FA70
:1002E00010BD4FF4A06005F02BFC04F01BFE4FF492
:1002F000165004F075FD00F06BFA002141F61F4026
:1003000004F0FBF9002141F61F4004F0F4FA00F07C
:100310003AFC04F03AF903F043FE04F049FB04F020
:1003200092FB04F055FCFFF781FF09E04FF4FA70EF
:1003300004F035FE93480068C0439349C1F8B40106
:10034000F4E72DE9FC4180460C46002700250021FA
:10035000404608F05FFE06D288F000482D2228466D
:10036000691C4DB222548949404608F087FE8046F8
:10037000404608F003FE06460DE00A20B6FBF0F109
:1003800000FB1160303039467A1C57B20DF801007D
:100390000A20B6FBF0F6002EEFD105E01DF807208D
:1003A0002846691C4DB22254781E40B2071EF5DA69
:1003B00004E020222846691C4DB22254052DF8DBAA
:1003C000002060552046BDE8FC813EB50C2370A29C
:1003D0001821002003F05FFF66498868644908F02F
:1003E0004DFE054608F0CAFD04460C2003232246B4
:1003F00018210090084603F07AFF0C2365A22421FF
:10040000002003F048FF0C2000905A4802232421CA
:10041000C269202003F06BFF0C2360A2242130204E
:1004200003F039FF0C200090524802232421C268B7
:10043000402003F05CFF0C2359A22421502003F03C
:100440002AFF4C498869514908F018FE054608F012
:1004500095FD04460C2002232246242100907020A2
:1004600003F045FF0C2350A21821302003F013FFA6
:1004700001A937480068FFF764FF04460C232246B1
:100480001821582003F007FF0C2349A20021522015
:1004900003F001FF0C200123009046480278002160
:1004A0006A2003F024FF0C2343A20021084603F036
:1004B000F2FE01A928480068FFF743FF04460C2319
:1004C00022460021322003F0E6FE0C233CA219460E
:1004D000002003F0E0FE0C200523009022480C21B0
:1004E0000268102003F003FF0C2336A219463820BF
:1004F00003F0D1FE0C20052300901C480C2102685B
:10050000482003F0F4FE0C232FA23021402003F0FA
:10051000C2FE0C20009017480423302102695020AD
:1005200003F0E5FE1548006804F044F904460C2089
:100530000423224630210090202003F0D8FE0C2313
:1005400022A23021002003F0A6FE03F006FD3EBDEE
:100550001800002014000020100000200C000020D3
:100560000A000020080000200000002004000020F5
:1005700000002041681900201C000020A414002065
:10058000A8140020B4012242000022420000C84208
:100590004B643D004B70763D000000004B703D0009
:1005A0004B69763D000000005961773D2000000056
:1005B00066673D001E000020416E676C653D0000CF
:1005C0004C3D0000523D0000563D000050574D3D4F
:1005D00000000000704700BFFEE700BFFEE700BF5D
:1005E000FEE700BFFEE770477047704770470000A6
:1005F0000CB50020019000906C48006840F48030F9
:100600006A49086000BF6948006800F40030009043
:100610000198401C0190009818B90198B0F5A06F9E
:10062000F1D16248006800F4003010B10120009060
:1006300001E0002000900098012843D15C48006848
:1006400040F010005A4908600846006820F0030096
:1006500008600846006840F002000860534840689F
:10066000524948600846406848600846406840F47F
:10067000806048600846406820F47C104860084666
:10068000406840F4E81048600846006840F0807018
:10069000086000BF4548006800F000700028F9D0ED
:1006A0004248406820F003004049486008464068DE
:1006B00040F00200486000BF3C48406800F00C0079
:1006C0000828F9D10CBD10B5FFF792FF10BD10B589
:1006D0003648006840F00100344908600846406828
:1006E00034490840314948600846006832490840AA
:1006F0002E4908600846006820F4802008600846FB
:10070000406820F4FE0048604FF41F008860FFF747
:10071000DAFF4FF000602949086010BD10B50021D4
:1007200000200022214B5B6803F00C0121B1042959
:1007300006D0082928D107E0214B224C236027E06E
:100740001F4B204C236023E0184B5B6803F47010B0
:10075000164B5B6803F48032022303EB904022B90E
:10076000194B4343174C23600DE0104B5B6803F4B7
:10077000003323B1144B4343124C236003E0104B6E
:100780004343104C236003E00D4B0E4C236000BF2D
:1007900000BF064B5B68C3F303130C4CE15C094BD1
:1007A0001B68CB40074C236010BD000000100240C6
:1007B000002002400000FFF8FFFFF6FE08ED00E019
:1007C00000127A002000002000093D0024000020D3
:1007D00008B50121102004F04BFF4FF40050ADF894
:1007E000000010208DF8030003208DF802006946F8
:1007F000044804F081FC4FF40051024804F02BFD42
:1008000008BD00000010014010B5022004F0A3FB59
:1008100010BD08B50121082004F02AFF4FF4406004
:10082000ADF8000010208DF8030003208DF80200C1
:1008300069468D4804F060FC4FF440618A4804F03A
:1008400008FD08BD10B58848001D006820F0F000C4
:100850008549091D08600846006840F030000860BE
:100860000120824908608249C1F8A801FFF7CCFF46
:1008700000207E490860FFF7C7FF00207C49C1F8CF
:10088000A80110BD10B57848001D006820F0F000E8
:100890007549091D08600846006840F0300008608E
:1008A00000207249091F08607149C1F8AC01FFF7C7
:1008B000ABFF01206D49091F08606D49C1F8AC010B
:1008C000FFF7A2FF10BD10B500246748001D0068A7
:1008D00020F0F0006449091D08600846006840F0F7
:1008E00080000860012061490860FFF78DFF01204A
:1008F0005F49C1F8A801FFF787FF07E0601CC4B299
:10090000FA2C03DDFFF7BEFF012010BD57488038E9
:1009100000680028F2D15549091F086000BFF4E7BC
:1009200010B500205149091F08604F48001D00689C
:1009300020F0F0004C49091D08600846006840F0AE
:100940003000086000204A49C1F8AC01FFF75CFFA5
:1009500001204649091F0860FFF756FF002044495F
:10096000C1F8A80110BD10B500204049091F08605A
:100970003D48001D006820F0F0003B49091D08605B
:100980000846006840F03000086001203849C1F88E
:10099000AC01FFF739FF01203449091F0860FFF758
:1009A00033FF00203249C1F8A80110BD70B50446DC
:1009B0002D48001D006820F0F0002B49091D08603B
:1009C0000846006840F03000086000202749091FF1
:1009D0000860002512E0E009244908606006040E62
:1009E00001202349C1F8A801FFF70EFF00201F498D
:1009F000091F0860FFF708FF681CC5B2082DEADB75
:100A000070BD70B5054600241748001D006820F031
:100A1000F0001549091D08600846006840F0800094
:100A20000860002615E000201049091F0860FFF744
:100A3000EBFE01200E49C1F8A8016006040E0B4828
:100A40008038006808B1601CC4B2FFF7DDFE701C7E
:100A5000C6B2082EE7DB15B9FFF785FF01E0FFF707
:100A60005FFF204670BD0000000C0140AC812142B8
:100A70000080214270B505460C46FFF7E3FED0200A
:100A8000FFF794FFFFF71FFF18B1FFF7FBFE0120F0
:100A900070BD2846FFF78AFFFFF715FF2046FFF7D6
:100AA00085FFFFF710FF18B1FFF7ECFE0120EFE71D
:100AB000FFF7E8FE0020EBE770B504460025BC2CEC
:100AC00001DB012510E0622C01DB02250CE02A2C61
:100AD00001DB032508E0142C01DB042504E00A2CCB
:100AE00001DB052500E0062529461A20FFF7C2FF95
:100AF00070BD70B50446B4F57A7F01DD4FF47A74A9
:100B0000042C00DA04244FF47A7090FBF4F0401EB9
:100B1000C5B229461920FFF7ADFF0546264604EB6E
:100B2000D671C1F34F00FFF7C7FF70BD70B5044623
:100B3000FFF788FED020FFF739FFFFF7C4FE2046FD
:100B4000FFF734FFFFF7BFFEFFF77CFED120FFF772
:100B50002DFFFFF7B8FE0020FFF753FF0546FFF714
:100B600091FE284670BD10B50446E006010E1C201B
:100B7000FFF780FF10BD10B50446E006010E1B20F4
:100B8000FFF778FF10BD10B5FFF743FE80216B2003
:100B9000FFF770FF642004F002FA00216B20FFF7DA
:100BA00069FF0320FFF7E7FF0020FFF7DCFF32209B
:100BB000FFF79FFF00213820FFF75CFF00216A202C
:100BC000FFF758FF00212320FFF754FF8021372033
:100BD000FFF750FF7520FFF7A9FF044621467DA0CF
:100BE00005F04EFF682C0BD101216B20FFF742FF6F
:100BF00000216C20FFF73EFF3220FFF77AFF01E073
:100C0000012010BD0020FCE72DE9F04106460F460B
:100C100014461D46FFF716FE002141EA4601C8B200
:100C2000FFF7C4FEFFF74FFE20B1FFF72BFE0120B8
:100C3000BDE8F0813846FFF7B9FEFFF744FEFFF745
:100C400001FE012101EB4601C8B2FFF7AFFEFFF73D
:100C50003AFE0DE0012C04D10020FFF7D2FE2870EF
:100C600003E00120FFF7CDFE2870601EC4B26D1CAA
:100C7000002CEFD1FFF706FE0020D9E72DE9F84F51
:100C80006B46022241216820FFF7BEFF9DF801005C
:100C90009DF8001040EA01200FFA80FA504607F054
:100CA000CFFC804600224E4B07F072FB06464D4AB1
:100CB0004D4B07F0BDFA044607F088FA83464B49CE
:100CC000584608F0DBF9044608F03CF900B2BDE8EC
:100CD000F88F2DE9FC4104460D4616466B46062268
:100CE00043216820FFF790FF0746BFB99DF8010038
:100CF0009DF8001040EA012000B220809DF803001A
:100D00009DF8021040EA012000B228809DF80500FD
:100D10009DF8041040EA012000B230803846BDE85A
:100D2000FC812DE9FC4104460D4616466B46062221
:100D30003B216820FFF768FF0746BFB99DF8010017
:100D40009DF8001040EA012000B220809DF80300C9
:100D50009DF8021040EA012000B228809DF80500AD
:100D60009DF8041040EA012000B230803846BDE80A
:100D7000FC812DE9F04105460E4617469846FFF7DF
:100D800061FD002141EA4501C8B2FFF70FFEFFF700
:100D90009AFD20B1FFF776FD0120BDE8F0813046D5
:100DA000FFF704FEFFF78FFD00240CE018F80400A5
:100DB000FFF7FCFDFFF787FD18B1FFF763FD01208A
:100DC000EBE7601CC4B2BC42F0DBFFF75BFD002028
:100DD000E3E70000726573203D20256400000000F9
:100DE00000407540A4703D0AD74342400000C8420D
:100DF00010B5C8234FF48062F74940F6F63002F090
:100E00009BFC10BD10B586B00446F4A000680390AA
:100E1000F3A000680290F3A000680190F2A00068BF
:100E2000009004F0030003A9085C8DF8140003A8E7
:100E3000C4F3C101405C8DF8150003A8C4F381110F
:100E4000405C8DF8160004F0030002A9085C8DF8E0
:100E5000100002A8C4F3C101405C8DF8110002A883
:100E6000C4F38111405C8DF8120005AA032140F201
:100E7000264002F0E7FB18B14FF0FF3006B010BD7E
:100E800004AA032140F22A4002F0DCFB10B14FF02B
:100E9000FF30F3E7019805900098049004F00400F7
:100EA00058B19DF8140040F001008DF814009DF831
:100EB000100040F001008DF8100004F0200058B13F
:100EC0009DF8150040F001008DF815009DF8110007
:100ED00040F001008DF8110004F4807058B19DF8C5
:100EE000160040F001008DF816009DF8120040F049
:100EF00001008DF8120005AA03214FF4886002F06A
:100F0000A1FB10B14FF0FF30B8E704AA032140F273
:100F1000314002F097FB10B14FF0FF30AEE7B3481D
:100F200004810020AAE71FB50446B048007A00F00B
:100F3000030054F820000190AC48007A00F004004F
:100F400010B1019840420190A848007AC0F3C10056
:100F500054F820000290A548007A00F0200010B15B
:100F6000029840420290A148007AC0F3811054F8E0
:100F7000200003909D48008900F4807010B1039810
:100F8000404203909A49019880FB0101800F40EA9A
:100F9000810001909649029880FB0110820042EA8C
:100FA000917002909249039880FB0110820042EAFE
:100FB000917003900198000E8DF800000198000CCC
:100FC0008DF801000198000A8DF802000198C0B266
:100FD0008DF803006A4604214FF4747002F032FB6E
:100FE00018B14FF0FF3004B010BD0298000E8DF81C
:100FF00000000298000C8DF801000298000A8DF89C
:1010000002000298C0B28DF803006A4604214FF432
:10101000757002F017FB10B14FF0FF30E3E7039853
:10102000000E8DF800000398000C8DF80100039865
:10103000000A8DF802000398C0B28DF803006A46DA
:1010400004214FF4767002F0FDFACCE770B588B059
:10105000064601A801F0FDFCBDF804000021C9030B
:1010600041EA5045C4036148007A00F0030056F895
:10107000200005905D48007A00F0040010B105984A
:10108000404205905948007AC0F3C10056F820004C
:1010900006905648007A00F0200010B106984042B1
:1010A00006905248007AC0F3811056F8200007904D
:1010B0004E48008900F4807010B1079840420790B4
:1010C0000598C117A0FB042301FB043100FB0510A8
:1010D000810041EA927005900698C117A0FB042395
:1010E00001FB043100FB0510810041EA927006907B
:1010F0000798C117A0FB042301FB043100FB051076
:10110000810041EA927007900598000E8DF8080062
:101110000598000C8DF809000598000A8DF80A0062
:101120000598C0B28DF80B000698000E8DF80C00E3
:101130000698000C8DF80D000698000A8DF80E0038
:101140000698C0B28DF80F000798000E8DF81000B9
:101150000798000C8DF811000798000A8DF812000E
:101160000798C0B28DF8130002AA0C214FF4257025
:1011700002F068FA08B070BD30B585B004461DA213
:1011800007CA02AB07C3C82C03DD4FF0FF3005B020
:1011900030BDC82090FBF4F0401E85B2280A8DF8BF
:1011A0000000E8B28DF801006A46022140F21620E4
:1011B00002F048FA10B14FF0FF30E8E702AA0C2124
:1011C00040F6C12002F03EFA10B14FF0FF30DEE7EA
:1011D000064884810020DAE7669400084CCD6C0054
:1011E0000CC92C003656760026466600D81400201E
:1011F00009E3CA02FEF2ABC4AAF1DFDFBBAFDFDF57
:101200000146FC4880890880002070472DE9FC4792
:1012100006460F4606F0070010B1B7F5C86F03DDAC
:101220004FF0FF30BDE8FC87384607F0DFFE81460F
:10123000F14907F091FD8046684601F08EFB9DF86C
:101240000000022806D0042816D0082826D010282E
:1012500048D135E04FF08D41404607F00FFF814601
:1012600007F08CFE84B2E549404607F007FF81464F
:1012700007F084FE85B238E04FF08C41404607F01D
:10128000FDFE814607F07AFE84B2DD49404607F054
:10129000F5FE814607F072FE85B226E04FF08B41E5
:1012A000404607F0EBFE814607F068FE84B2D54960
:1012B000404607F0E3FE814607F060FE85B214E089
:1012C0004FF08A41404607F0D9FE814607F056FEAE
:1012D00084B2CD49404607F0D1FE814607F04EFE6C
:1012E00085B202E04FF0FF309CE700BF20128DF87E
:1012F0000400E0B28DF8050028128DF80600E8B26F
:101300008DF8070006F00100A0B101AA02214FF4F8
:10131000EA7002F097F910B14FF0FF3082E70DF15B
:10132000060202214FF4927002F08CF910B14FF0D6
:10133000FF3077E706F00200A0B101AA02214FF4C6
:10134000EC7002F07FF910B14FF0FF306AE70DF159
:10135000060202214FF4947002F074F910B14FF0BC
:10136000FF305FE706F00400A0B101AA02214FF4AC
:10137000EE7002F067F910B14FF0FF3052E70DF157
:10138000060202214FF4967002F05CF910B14FF0A2
:10139000FF3047E7002045E738B5044600200090BD
:1013A00004F0010020B19DF8000040F030000090F2
:1013B00004F0020020B19DF8000040F00C00009005
:1013C00004F0040020B19DF8000040F003000090FC
:1013D0006A4601214FF4A47002F034F938BD38B5E3
:1013E0000446012C01DA012402E0042C00DD04246F
:1013F000601EC0B200906A46012140F24F1002F018
:1014000021F938BD38B50446052094FBF0F085B2CB
:1014100028128DF80000E8B28DF801006A4602211A
:101420004FF4EF7002F00EF938BD38B504460520D0
:1014300094FBF0F085B228128DF80000E8B28DF828
:1014400001006A4602214FF4ED7002F0FBF838BD4E
:10145000F8B505460E464FF47A7095FBF0F000FBA8
:1014600006F4200E8DF80000200C8DF80100200AF3
:101470008DF80200E0B28DF803006A4604214FF4B3
:10148000AE7002F0DFF8F8BD38B50446052094FBD5
:10149000F0F084B220128DF80000E0B28DF8010067
:1014A0006A4602214FF4AD7002F0CCF838BD38B571
:1014B0000446052094FBF0F084B220128DF8000061
:1014C000E0B28DF801006A4602214FF4AC7002F0E0
:1014D000B9F838BD38B5044614B94FF0FF3038BDFF
:1014E0006A4604214FF4587002F0E9F810B14FF049
:1014F000FF30F4E79DF8000000069DF8011040EA77
:1015000001409DF8021040EA01209DF803100843B5
:1015100020600020E3E738B50446200E8DF8000077
:10152000200C8DF80100200A8DF80200E0B28DF841
:1015300003006A4604214FF4587002F083F838BD66
:1015400038B5044614B94FF0FF3038BD6A4604215F
:101550004FF4717002F0B3F810B14FF0FF30F4E7C0
:101560009DF8000000069DF8011040EA01409DF83A
:10157000021040EA01209DF80310084300EB8000B0
:10158000800020600020E0E738B504461420B4FB5A
:10159000F0F4200E8DF80000200C8DF80100200AD8
:1015A0008DF80200E0B28DF803006A4604214FF482
:1015B000717002F047F838BD38B5044664B1202098
:1015C0008DF8000028208DF8010030208DF80200F1
:1015D00038208DF8030004E0A3220421684605F0BA
:1015E000B3FB6A46042140F69E2002F02BF800F07F
:1015F00083FC38BDD814002000004843000040465A
:101600000000C045000040450000C04438B5044615
:1016100064B1C0208DF80000C2208DF80100C42004
:101620008DF80200C6208DF8030004E08B2204210F
:10163000684605F089FB6A46042140F6982002F0CE
:1016400001F800F059FC38BD3EB504466CB1FDA16F
:10165000D1E900208968CDE9002002916A4609217C
:101660004FF4976001F0EEFF3EBDF9A2D2E9001001
:101670009268CDE9010200916A4609214FF4976012
:1016800001F0E0FFF0E73EB5044602208DF80000CF
:10169000CA208DF80100E3208DF8020009208DF8A2
:1016A00003006A460421682001F0CCFFA3208DF8D6
:1016B000000004F0400048B1C0208DF80100C820AF
:1016C0008DF80200C2208DF8030006E0A3208DF8FB
:1016D00001008DF802008DF8030004F4C07048B1D9
:1016E000C4208DF80400CC208DF80500C6208DF8AC
:1016F000060006E0A3208DF804008DF805008DF8A3
:101700000600A3208DF807008DF808008DF8090069
:101710006A460A2140F6A72001F094FF04F0030076
:1017200018B120208DF8000002E0D8208DF80000CC
:101730006A46012140F6B62001F084FF04F0200043
:1017400018B10120FFF780FF02E00020FFF77CFFC7
:1017500004F4C07008B304F4807060B1B2208DF856
:1017600000008B208DF80100B6208DF802009B2030
:101770008DF803000BE0B0208DF8000080208DF87C
:101780000100B4208DF8020090208DF803006A4615
:10179000042140F6A22001F055FF04F0010020B31F
:1017A000F8208DF800006A4601214FF40B6001F02B
:1017B00049FFFA210720FFF729FD0720FFF7ECFD7D
:1017C0000120FFF70CFE6420FFF71CFE4FF4FA70B7
:1017D000FFF72BFEC821A148FFF73AFE2820FFF7AC
:1017E00053FE0A20FFF763FE08E0D8208DF80000C2
:1017F0006A4601214FF40B6001F024FF04F002005F
:1018000018B1D9208DF8000002E0D8208DF8000032
:101810006A46012140F23D7001F014FF04F004001B
:1018200018B10120FFF7F2FE02E00020FFF7EEFE04
:1018300004F0100018B10120FFF7BEFE02E0002006
:10184000FFF7BAFE44F008008549488100F054FBD8
:1018500000208349887304F0400018B10846807B5B
:10186000801D887304F4C07020B17D48807B801D8A
:101870007B49887304F0140020B17948807B1030D4
:101880007749887304F0030020B17548807B001D00
:101890007349887300203EBD014671484089088025
:1018A000002070472DE9F0410446E07800F0C006C2
:1018B000E07800F03F05607800F0010098B1EF108B
:1018C0002846E91705EB5171C910A5EBC101491C68
:1018D00001F0FF086248006820B161484146026893
:1018E0003846904700BF607800F0080030B15C488F
:1018F000406818B1B0115A4A516888470020BDE8C5
:10190000F08110B586B0044656A207CA03AB07C3E0
:1019100057A207CA8DE80700012C09D0022C0ED16E
:1019200003AA0B2140F6822001F08CFE06B010BD08
:101930006A460B2140F6822001F084FEF6E74FF064
:10194000FF30F3E72DE9F04F8DB007468846154686
:101950009946DDE9166B0024002030804049887BE1
:101960005A4605A901F0D1F918B1601E0DB0BDE8C5
:10197000F08F3B48807A00F01400002861D09DF879
:10198000140000069DF8151040EA01409DF816105D
:1019900040EA01209DF81710084328609DF81800C0
:1019A00000069DF8191040EA01409DF81A1040EA1F
:1019B00001209DF81B10084368609DF81C0000067C
:1019C0009DF81D1040EA01409DF81E1040EA0120DC
:1019D0009DF81F100843A8609DF8200000069DF8A0
:1019E000211040EA01409DF8221040EA01209DF8B4
:1019F00023100843E86004F11000C4B22868001402
:101A00000190686800140290A86800140390E868C8
:101A10000014049001984043029901FB01000399CE
:101A200001FB0100049901FB010ABAF1706F02DBAE
:101A3000BAF1885F22DD00F05FFA00203080401E9E
:101A400094E721E0B8AAB38DB4980D355D0000008D
:101A5000B8AAAAAAB088C3C5C700000009E3CA0291
:101A6000D8140020D8B1B9F38BA391B609B4D9002A
:101A7000DAB1B9F38BA391B6DAB4DA00B6F90000A3
:101A800040F48070308000BF3448807A00F040001D
:101A900020B305A9601C085C095D40EA012000B282
:101AA000A8F8000005A9E01C095C05AAA01C105CB0
:101AB00041EA002000B2A8F8020005A9601D095CF7
:101AC000201D105C41EA002000B2A8F80400A01D0F
:101AD000C4B2B6F9000040F0080030801F484089C9
:101AE00000F4C07008B305A9601C085C095D40EAF9
:101AF000012000B2388005A9E01C095C05AAA01CE1
:101B0000105C41EA002000B2788005A9601D095CE4
:101B1000201D105C41EA002000B2B880A01DC4B2B4
:101B2000B6F9000040F0700030800C48807A00F078
:101B3000030018B105A90819FFF7B4FE484600F0E4
:101B400048FD002012E7014604480160002070476C
:101B5000014602484160002070470000D814002070
:101B600038B50446F74890F82400C0B114B10220FB
:101B7000009001E000200090F24A1268D17BF14A07
:101B8000526810786B460122FFF7F3F810B14FF05E
:101B9000FF3038BD9DF80010EA48417423E0E94861
:101BA000807A10B94FF0FF30F3E724B1E548407C6C
:101BB00008B10020EDE714B10120009001E0002001
:101BC0000090E04A1268D17BDE4A526810786B467A
:101BD0000122FFF7CEF810B14FF0FF30D9E79DF8A2
:101BE0000010D84841740020D3E738B500241FE026
:101BF000D4480068C07AA04204D0D2480068407D32
:101C0000A04200D112E0CF49496808786B46012212
:101C10002146FEF7F9FF10B14FF0FF3038BD9DF8B7
:101C200000202146C8A004F02BFF00BF601CC4B2F6
:101C3000C44840680079A042DADC0020EEE770B5C5
:101C400004460D46BF480068C07AA04204D0BD4893
:101C50000068407DA04202D14FF0FF3070BDB9480E
:101C600040680079A04202DC4FF0FF30F6E7B5494A
:101C7000496808782B4601222146FEF7C5FFEDE7AB
:101C800038B50446AF4890F82300A04201D10020A7
:101C900038BD14B13020009001E000200090A94828
:101CA000807C20B19DF8000040F002000090A54823
:101CB00090F8220020B19DF8000040F080000090D4
:101CC000A04A1268117D9F4A526810786B46012223
:101CD000FFF74FF810B14FF0FF30D9E7994880F87F
:101CE00023400020D4E738B5044604F0700010B15A
:101CF0000120009005E014B10020009001E0402098
:101D00000090904A1268917C8E4A526810786B4617
:101D10000122FFF72EF820B100218A488172481E67
:101D200038BD9DF8000020F0400186480173002076
:101D3000009004F0400020B99DF8000040F004003D
:101D4000009004F0200020B99DF8000040F002004F
:101D5000009004F0100020B99DF8000040F0010050
:101D6000009004F0080020B99DF8000040F0380011
:101D70000090744A1268D17C724A526810786B469F
:101D80000122FEF7F6FF20B100216E488172481E45
:101D9000C6E724B1082C02D00020FFF771FF694884
:101DA000847200210175322003F0F9F80020B7E7B2
:101DB00038B504466348807CA04201D1002038BD7C
:101DC000002C46D05F4A126811795E4A526810783A
:101DD0006B460122FEF718FF10B14FF0FF30EEE71F
:101DE0009DF8000020F020000090564A12681179FA
:101DF000544A526810786B460122FEF7BAFF10B1C0
:101E00004FF0FF30DBE7032003F0C9F80220009019
:101E10004C4890F8220020B19DF8000040F080006E
:101E20000090484890F8230020B19DF8000040F051
:101E300030000090434A1268117D424A526810787F
:101E40006B460122FEF795FF002851D04FF0FF307E
:101E5000B5E73C4A126811793A4A526810786B46E5
:101E60000122FEF7D1FE10B14FF0FF30A7E7354851
:101E7000807A00F0010028B19DF8000040F02000B9
:101E8000009004E09DF8000020F0200000902D4A12
:101E9000126811792B4A526810786B460122FEF7BE
:101EA00068FF10B14FF0FF3089E7032003F077F8A7
:101EB000244890F8220010B18020009001E000201A
:101EC0000090204890F8230020B19DF8000040F0D9
:101ED000300000901B4A1268117D1A4A526810782F
:101EE0006B460122FEF745FF10B14FF0FF3066E769
:101EF00014488474002062E708B51248807A10B94B
:101F00004FF0FF3008BD002000900E4A1268D17BD0
:101F10000C4A526810786B460122FEF72AFF10B176
:101F20004FF0FF30EEE7074A12685179054A5268D0
:101F300010786B460122FEF71CFF68B14FF0FF30AE
:101F4000E0E7000034000020252335783A202523DF
:101F500035780D0A00000000F84A12681179F74A36
:101F6000526810786B460122FEF703FF10B14FF064
:101F7000FF30C7E7F14890F82400002853D00C2028
:101F80000090EE4A12681179EC4A526810786B465C
:101F90000122FEF7EEFE10B14FF0FF30B2E7322023
:101FA00002F0FDFFC0200090E448807A00F00100BC
:101FB00020B19DF8000040F020000090DF4A126838
:101FC0001179DE4A526810786B460122FEF7D1FE85
:101FD00010B14FF0FF3095E7D848407C10B1022097
:101FE000009001E000200090D44A1268D17BD34ACF
:101FF000526810786B460122FEF7BBFE10B14FF01D
:10200000FF307FE700200090CC4A12685179CB4A1C
:10201000526810786B460122FEF7ABFE002855D0BF
:102020004FF0FF306EE704200090C44A1268117927
:10203000C24A526810786B460122FEF79AFE10B130
:102040004FF0FF305EE7BD48807C20B9BB48807A06
:1020500000F0010010B94020009001E060200090E5
:10206000B64A12681179B54A526810786B46012257
:10207000FEF77FFE10B14FF0FF3043E7322002F051
:102080008EFFAE48407C10B10120009001E000209E
:102090000090AA4A1268D17BA84A526810786B4611
:1020A0000122FEF766FE10B14FF0FF302AE7A34A87
:1020B00012685179A14A52681078A04B103301225E
:1020C000FEF757FE10B14FF0FF301BE7002019E775
:1020D00070B50446002624F00104984890F82400C6
:1020E00008B1002070BD9548807A10B94FF0FF30DC
:1020F000F8E79248057C807A2040904908740846A9
:10210000007CA04202D04FF0FF3600E0002614B958
:102110008A48007D18B10120FFF722FD02E000206F
:10212000FFF71EFD3CB1FFF7E7FE20B183480574C1
:102130004FF0FF30D6E73046D4E738B504467F4845
:10214000807A10B94FF0FF3038BDBC2C02DB012083
:10215000009015E0622C02DB0220009010E02A2C97
:1021600002DB032000900BE0142C02DB0420009023
:1021700006E00A2C02DB0520009001E0062000901A
:102180006E48C07A9DF80010884201D10020DBE73C
:102190006A4A12689178694A526810786B4601223F
:1021A000FEF7E7FD10B14FF0FF30CDE79DF80010CE
:1021B0006248C1720020C7E738B50446282C02DD0A
:1021C0004FF0FF3038BDDCB90020FFF759FD00208B
:1021D0008DF8000007208DF80100584A1268917CA4
:1021E000564A526810786B460222FEF7C2FD10B1C3
:1021F0004FF0FF30E6E70021504801750020E1E78D
:102200000120FFF73DFD20208DF80000012C06D1B4
:1022100000208DF801000520FFF78FFF17E0052C47
:1022200006DC01208DF801000520FFF786FF0EE097
:10223000142C06DC02208DF801000A20FFF77DFF38
:1022400005E003208DF801001420FFF776FF9DF8CC
:102250000100072101EB8010C0B28DF80100374A60
:102260001268917C354A526810786B460222FEF75C
:1022700080FD10B14FF0FF30A4E708212F48817294
:1022800000210173012101750020FFF721FF0020CB
:1022900098E738B504462948807A10B94FF0FF30E6
:1022A00038BD264890F8240010B14FF0FF30F7E712
:1022B0002248007D50B134B1282C04DCE0B2FFF795
:1022C0007BFF0020ECE70020FFF776FF042C01DA0B
:1022D000042404E0B4F57A7F01DD4FF47A744FF4FE
:1022E0007A7090FBF4F0401EC0B20090134A12685E
:1022F0005178124A526810786B460122FEF739FD78
:1023000010B14FF0FF30CBE79DF80000401C4FF4B8
:102310007A7191FBF0F081B20848C1810146C98908
:102320004810FFF70AFF0020BAE738B50446034813
:10233000807A28B94FF0FF3038BD0000340000200B
:10234000022C06D0042C07D0082C08D0102C0CD15D
:1023500008E0002000900BE00820009008E010202A
:10236000009005E01820009002E04FF0FF30E3E716
:1023700000BFF948407A9DF80010B0EBE10F01D1A1
:102380000020D9E7F44A1268D179F34A52681078EC
:102390006B460122FEF7EDFC10B14FF0FF30CBE7AA
:1023A0009DF80000C110EC4841720020C4E738B528
:1023B0000446E948807A10B94FF0FF3038BDFA2C56
:1023C00009D0B4F5FA7F09D0B4F57A7F09D0B4F515
:1023D000FA6F0CD108E0002000900BE0082000907C
:1023E00008E01020009005E01820009002E04FF077
:1023F000FF30E3E700BFD848007A9DF80010B0EB4B
:10240000E10F01D10020D9E7D34A12689179D24A6D
:10241000526810786B460122FEF7ABFC10B14FF00A
:10242000FF30CBE79DF80000C010CB4908720020B8
:10243000C4E71CB580208DF80000C74A1268917C63
:10244000C54A526810786B460122FEF792FC10B123
:102450004FF0FF301CBD642002F0A1FD00208DF87C
:102460000000BD4A1268917CBB4A526810786B46E6
:102470000122FEF77EFC10B14FF0FF30EAE7B64ACA
:102480001268917DB44A526810786B460622FEF7B6
:10249000BBFB10B14FF0FF30DCE79DF80500C00733
:1024A000400F9DF8031001F0010140EA41009DF842
:1024B000011001F0010140EA010494B1012C03D1A3
:1024C0000121A548C17431E0022C03D10021A248AA
:1024D000C1742BE02146A1A004F0D2FA4FF0FF30E6
:1024E000B8E79D4A1268D1789B4A526810786B46CB
:1024F0000122FEF789FB10B14FF0FF30AAE79DF8EB
:10250000000000F00F042CB99E4804F0B9FA4FF017
:10251000FF309FE7042C06D19BA004F0B1FA012103
:102520008D48C17402E000218B48C174FF218A48A4
:102530008172FF2088490872FF2187484172C17269
:102540004FF6FF71C181FF21017481740121017374
:1025500080F82210002180F8231041750175163093
:10256000016041608160163880F8241080F82510E1
:10257000C1844FF4FA60FFF71AFF10B14FF0FF303B
:1025800068E70220FFF7D1FE10B14FF0FF3061E79E
:102590002A20FFF7D2FD10B14FF0FF305AE732206A
:1025A000FFF777FE10B14FF0FF3053E70020FFF741
:1025B0008FFD10B14FF0FF304CE70020FFF7F8FB24
:1025C00010B14FF0FF3045E70020FFF78CFB0020F3
:1025D00040E770477CB504460D465F48807A00F0BE
:1025E000700010B94FF0FF307CBD5B4A1268117B60
:1025F000594A526810786B460622FEF705FB10B167
:102600004FF0FF30F0E79DF801009DF8001040EA20
:10261000012000B220809DF803009DF8021040EADE
:10262000012000B260809DF805009DF8041040EA8A
:10263000012000B2A08015B12846FFF7CAFF002094
:10264000D2E77CB504460D464348807A00F0080086
:1026500010B94FF0FF307CBD3F4A1268517B3E4AB3
:10266000526810786B460622FEF7CEFA10B14FF092
:10267000FF30F0E79DF801009DF8001040EA0120CE
:1026800000B220809DF803009DF8021040EA01206E
:1026900000B260809DF805009DF8041040EA01201A
:1026A00000B2A08015B12846FFF793FF0020D2E7C3
:1026B0002DE9FE4F05460C462748807A18B94FF0A1
:1026C000FF30BDE8FE8F244A1268917B224A52688F
:1026D000107802AB0222FEF797FA10B14FF0FF30EC
:1026E000EFE79DF809009DF8081040EA012006B2C6
:1026F00014B12046FFF76DFF17494968C88806F0F6
:1027000075FC154901904968B1F9080006F056FCBE
:102710008346304606F052FC5946009006F0B6FD5E
:102720008246019906F018FB81461F4906F0A6FA79
:1027300080464FF08F4106F0A1FC074606F002FCF0
:1027400028600020BDE710B588B004461CB94FF0E2
:10275000FF3008B010BD29E034000020556E7375BD
:1027600070706F7274656420736F667477617265E0
:102770002070726F64756374207265762025642EF4
:102780000A000000A4B9000848616C662073656EF9
:102790007369746976697479207061727420666FE8
:1027A000756E642E0A00000000000C42206830B9EB
:1027B000606820B9A06810B9002008B010BDFA49BF
:1027C0004968087806AB03221146FEF71DFA10B1DE
:1027D0004FF0FF30F1E79DF81800082101EB2010C1
:1027E00000F00F00ADF800009DF8190001EB20107B
:1027F00000F00F00ADF802009DF81A0001EB201068
:1028000000F00F00ADF8040020684100BDF90000A1
:10281000403091FBF0F000B2ADF81000606841006C
:10282000BDF90200403091FBF0F000B2ADF81200AB
:10283000A0684100BDF90400403091FBF0F000B207
:10284000ADF81400D8494968087806AB062211464D
:10285000FEF7DAF910B14FF0FF30AEE79DF819003E
:102860009DF8181040EA012000B2ADF808009DF86C
:102870001B009DF81A1040EA012000B2ADF80A00D2
:102880009DF81D009DF81C1040EA012000B2ADF833
:102890000C00BDF81000BDF80810084400B2ADF8F7
:1028A0001000BDF81200BDF80A10084400B2ADF8DF
:1028B0001200BDF81400BDF80C10084400B2ADF8C9
:1028C0001400BDF81000000A8DF81800BDF81000C3
:1028D000C0B28DF81900BDF81200000A8DF81A0078
:1028E000BDF81200C0B28DF81B00BDF81400000A3C
:1028F0008DF81C00BDF81400C0B28DF81D00AA4967
:102900004968087806AB06221146FEF732FA10B184
:102910004FF0FF3051E700204FE70146A248007A10
:1029200030B1012807D0022809D003280FD10AE0CE
:10293000FA2008800EE04FF4FA7008800AE04FF4A5
:102940007A70088006E04FF4FA60088002E0002008
:10295000088000BF00BF0020704701469248407ABF
:1029600030B1012807D0022808D003280CD108E094
:10297000022008700BE00420087008E008200870AE
:1029800005E01020087002E04FF0FF30704700BFF4
:102990008548C07C18B108784006000E08700020F9
:1029A000F4E701468048C07A082817D2DFE800F033
:1029B0001704070A0D101318BC20088013E06220CA
:1029C000088010E02A2008800DE0142008800AE02A
:1029D0000A20088007E00520088004E000BF00BF4F
:1029E0000020088000BF00BF0020704701466E48ED
:1029F00090F8240010B14FF0FF3070476A48C0894A
:102A000008800020F9E7014600200880401E70473A
:102A100001464FF0FF30704701466348007A30B1FD
:102A2000012807D0022808D003280CD108E05F480D
:102A300008600BE05E48086008E05E48086005E05A
:102A40005D48086002E04FF0FF30704700BF002093
:102A5000FBE701465448407A30B1012808D00228EB
:102A60000AD0032810D10BE04FF4804008800EE01C
:102A700041F69C7008800AE04FF48050088006E020
:102A80004FF40060088002E04FF0FF30704700BF55
:102A90004548C07C10B10888401008800020F5E748
:102AA00001464148007C08700020704701463E48BE
:102AB000807A10B10120087001E000200870002029
:102AC000704738B504463848807A10B94FF0FF3067
:102AD00038BD354A1268117C334A526810786B460B
:102AE0000222FEF791F810B14FF0FF30F0E79DF8A9
:102AF00001009DF8001040EA012000B22080002073
:102B0000E6E72DE9FE4F0746884692461D46DDF86A
:102B100030B000260024244890F8240010B1601E34
:102B2000BDE8FE8F002028701F48807A10B94FF052
:102B3000FF30F5E71C48007C10B94FF0FF30EFE79D
:102B40001948007C00F0400008B1B01CC6B216481D
:102B5000007C00F0200008B1B01CC6B21248007C16
:102B600000F0100008B1B01CC6B20F48007C00F0A5
:102B7000080008B1B01DC6B20B4A1268917A0A4A21
:102B8000526810786B460222FEF73EF810B14FF003
:102B9000FF30C5E79DF801009DF8001040EA0129CB
:102BA000B1450BDA0020BBE73400002000000343EE
:102BB000000083423333034233338341FC4840688F
:102BC0004088B9EB600F17DDF94A1268517CF84A6A
:102BD000526810786B460122FEF716F810B14FF0DC
:102BE000FF309DE79DF8000000F0100020B1FFF7D6
:102BF00083F96FF0010093E75046FFF7EAFCEC4AD7
:102C00001268D17AEA4A526810786B463246FDF76C
:102C1000FBFF10B14FF0FF3082E799FBF6F0401E4A
:102C20008BF8000000202870B4422AD0E048007CD5
:102C300000F0080028B3601C1DF800001DF8041007
:102C400040EA012000B2A8F80000E01C1DF80010C6
:102C5000A01C1DF8000041EA002000B2A8F8020004
:102C6000601D1DF80010201D1DF8000041EA002025
:102C700000B2A8F80400287840F008002870A01DD1
:102C800084B2B44213D0CA48007C00F0400070B156
:102C9000601C1DF800001DF8041040EA012000B27D
:102CA0003880287840F040002870A01C84B2B442DC
:102CB00013D0BF48007C00F0200070B1601C1DF8EC
:102CC00000001DF8041040EA012000B27880287846
:102CD00040F020002870A01C84B2B44213D0B44845
:102CE000007C00F0100070B1601C1DF800001DF8A1
:102CF000041040EA012000B2B880287840F01000AB
:102D00002870A01C84B200200AE7F8B504460F46DC
:102D10001646A74890F8240010B94FF0FF30F8BDD0
:102D2000A348807A10B94FF0FF30F8E7A04A126844
:102D3000917A9F4A526810786B460222FDF764FF31
:102D400010B14FF0FF30EAE79DF801009DF8001048
:102D500040EA0125A54203DA00203070401EDEE77C
:102D6000934840684088B5EB600F17DD904A1268C1
:102D7000517C8F4A526810786B460122FDF744FF60
:102D800010B14FF0FF30CAE79DF8000000F01000CE
:102D900020B1FFF7B1F86FF00100C0E7E2B2844B59
:102DA0001B68D97A824B5B6818783B46FDF72CFF8D
:102DB00010B14FF0FF30B2E795FBF4F0401E3070D9
:102DC0000020ACE701467A4880F8221000207047C6
:102DD0007CB5054676494968087801AB04220D2187
:102DE000FDF712FF08B107207CBD9DF80700C0F376
:102DF00001109DF8041001F0E00140EAE1008DF8B7
:102E000000009DF80700C0F381009DF8051001F057
:102E1000E00140EAE1008DF801009DF8070000F0B4
:102E200003009DF8061001F0E00140EAE1008DF892
:102E3000020000241CE01DF8040018B9002045F829
:102E4000240013E05B4845F8240006E055F8240010
:102E5000594906F013F945F824001DF80400401EF6
:102E6000C0B20DF804000028F0D100BF601CC4B24D
:102E7000032CE0DB0020B7E72DE9FE4F06460F46A6
:102E800000256846FFF7A4FF002442E056F824001E
:102E900057F82410A0EB010ABAF1000F01DB5146EC
:102EA00001E0CAF10001084606F088F883464FF0B9
:102EB0008F4105F051FF80465DF82400002106F0A7
:102EC0000DF816D05DF82410404605F045FF824607
:102ED0004FF07E5106F0DAF9814629F0004A374872
:102EE000416A504606F096F912D20120A0400543EF
:102EF0000EE03248C169404606F08CF805D32F48F1
:102F0000016A404606F086F902D20120A04005433E
:102F1000641C032CBADB2846BDE8FE8F2DE9FC5F5C
:102F200006460F46002522494968087801AB03226E
:102F30000D21FDF769FE10B10720BDE8FC9F9DF84B
:102F4000040000F01F008DF804009DF8050000F05B
:102F50001F008DF805009DF8060000F01F008DF899
:102F60000600002462E056F8240057F82410A0EB75
:102F7000010BBBF1000F01DB594601E0CBF1000171
:102F8000084606F01BF84FF08F41009005F0E4FE74
:102F9000814601A8005DC0B30849086806F026F81C
:102FA00083465946064805F0D7FE80460FE00000EC
:102FB000340000207B14AE3E1D5A843F84A00008DC
:102FC00000B04C45FE49404606F058F8804601A83E
:102FD000005D401EC0B201A908550028F2D141464B
:102FE000484605F0B9FE83464FF07E5106F04EF993
:102FF00082462AF0004BF3488169584606F00AF9E8
:1030000013D20120A04005430FE0FFE7ED4801691E
:10301000484605F0FFFF05D3EA484169484606F0F7
:10302000F9F802D20120A0400543641C032C9ADB6E
:10303000284682E72DE9F04F87B005460C469146B9
:1030400001208DF8100000208DF81100DE4A126872
:10305000917CDD4A5268107804AB0222FDF789FEAC
:1030600020B14FF0FF3007B0BDE8F08FC82001F06D
:1030700096FF00208DF81000D34A1268D17BD24A07
:103080005268107804AB0122FDF773FE10B14FF0C7
:10309000FF30E8E7CC4A12685179CB4A5268107881
:1030A00004AB0122FDF765FE10B14FF0FF30DAE707
:1030B000C54A1268917CC44A5268107804AB012258
:1030C000FDF757FE10B14FF0FF30CCE7BE4A126853
:1030D000D17DBD4A5268107804AB0122FDF749FE4C
:1030E00010B14FF0FF30BEE7B74A12681179B64A07
:1030F0005268107804AB0122FDF73BFE10B14FF08F
:10310000FF30B0E70C208DF81000AF4A126811793B
:10311000AD4A5268107804AB0122FDF72AFE10B1C7
:103120004FF0FF309FE70F2001F039FFA648806A7B
:10313000407A8DF81000A44A12689178A24A526829
:10314000107804AB0122FDF714FE10B14FF0FF30F0
:1031500089E79D48806A007A8DF810009A4A1268C3
:103160005178994A5268107804AB0122FDF701FEAC
:1031700010B14FF0FF3076E7B9F1000F07D0924859
:10318000806A807A40F0E0008DF8100004E08E48FC
:10319000806A807A8DF810008B4A126891798A4A89
:1031A0005268107804AB0122FDF7E3FD10B14FF037
:1031B000FF3058E7B9F1000F07D08348806AC07A22
:1031C00040F0E0008DF8100003E07E48C07A8DF8F2
:1031D00010007D4A1268D1797B4A5268107804AB9E
:1031E0000122FDF7C6FD10B14FF0FF303BE7B9F10A
:1031F000000F02D0C82001F0D2FE40208DF8100050
:10320000714A12681179704A5268107804AB012231
:10321000FDF7AFFD10B14FF0FF3024E778208DF8B7
:103220001000694A12685179674A5268107804ABF5
:103230000122FDF79EFD10B14FF0FF3013E7614909
:10324000888901F0ACFE00208DF810005E4A1268FB
:1032500051795D4A5268107804AB0122FDF789FD6F
:1032600010B14FF0FF30FEE6574A1268917A564A85
:103270005268107804AB0222FDF7C6FC10B14FF083
:10328000FF30F0E69DF811009DF8101040EA012B88
:103290000C209BFBF0F0C6B20020A860686028609C
:1032A000A06060602060824665E0474A1268D17A7B
:1032B000454A5268107804AB0C22FDF7A5FC10B10A
:1032C0004FF0FF30CFE69DF811009DF8101040EA56
:1032D000012000B2ADF808009DF813009DF812100F
:1032E00040EA012000B2ADF80A009DF815009DF8F3
:1032F000141040EA012000B2ADF80C00BDF908102E
:10330000206808442060BDF90A10606808446060C5
:10331000BDF90C10A0680844A0609DF817009DF846
:10332000161040EA012000B2ADF800009DF8190027
:103330009DF8181040EA012000B2ADF802009DF897
:103340001B009DF81A1040EA012000B2ADF80400FD
:10335000BDF90010286808442860BDF902106868AB
:1033600008446860BDF90410A8680844A8600AF120
:10337000010000F0FF0AB24597DB1248D0F800C008
:103380002868C117090441EA104107046246002376
:10339000384603F050FB32460023CDE9020103F02A
:1033A0004AFB28600748D0F800C06868C1170904C4
:1033B00041EA1041070462460023384606E0000057
:1033C00054E3853F84A000083400002003F033FB61
:1033D00032460023CDE9020103F02DFB6860FE4870
:1033E000D0F800C0A868C117090441EA10410704D9
:1033F00062460023384603F01EFB32460023CDE927
:10340000020103F018FBA860F348D0F804C021685B
:10341000C817000440EA11480F04624600233846EA
:10342000414603F008FB32460023CDE9020103F0D8
:1034300002FB2060E848D0F804C06068C1170904A6
:1034400041EA1041070462460023384603F0F3FACC
:1034500032460023CDE9020103F0EDFA6060DE4858
:10346000D0F804C0A068C117090441EA104107045C
:1034700062460023384603F0DEFA32460023CDE9E7
:10348000020103F0D8FAA060A068002804DDA0685B
:10349000A0F58030A06003E0A06800F58030A06057
:1034A0000020E0E538B50446CC4890F82400A0425E
:1034B00001D1002038BD24B3C84890F8250010B9C8
:1034C0004FF0FF30F6E70020FEF74AFB0020FEF742
:1034D0006FFCC249C88CFEF7DCFE00200090BF499B
:1034E000496808786B4601222321FDF742FC01213F
:1034F000BA4880F824100120FEF732FBFEF7FCFCEE
:1035000013E00020FEF72CFBB448007C0090B34988
:10351000496808786B4601222321FDF72AFC002127
:10352000AE4880F82410FEF7E7FC0020C2E72DE942
:10353000F04F8DB083460F4602200C90A74890F8BC
:10354000240020B10020FFF7ADFF012600E0002697
:1035500003A8FFF7E2F905A8FFF7FFF901A8FFF7B5
:1035600020FA02A8FFF742FA9C4890F80AA004A8A3
:10357000FFF796FA002407E0002239465846FFF785
:1035800059FD00B902E0641C022CF5DB00BF022CDF
:1035900001D1002528E0002407E0012206A909A89E
:1035A000FFF748FD00B902E0641C022CF5DB00BF08
:1035B000022C01D1002517E006A93846FFF75CFC74
:1035C00000F0FF0809A95846FFF7A8FC00F0FF0922
:1035D0000025B9F1000F01D145F00105B8F1000F48
:1035E00001D145F0020500BFFF207C490872FF2190
:1035F0007A484172C1724FF6FF71C181FF21817219
:10360000017401210173BDF80C00FEF7D0FE9DF896
:103610001400FEF78AFEBDF80400FEF78EFDBDF82B
:103620000800FEF736FE5046FEF75DFB9DF81000E1
:10363000FEF74EFD16B10120FFF734FF28460DB00E
:10364000BDE8F08FF8B504460D46164616B94FF0A2
:10365000FF30F8BD6148807A10B94FF0FF30F8E7CD
:1036600020128DF80000E0B28DF801009DF80100F5
:1036700028445A4949684989884202DD4FF0FF30A1
:10368000E7E7564A1268117E544A526810786B4632
:103690000222FDF76EFB10B14FF0FF30D9E7EAB21E
:1036A0004E4B1B68597D4D4B5B6818783346FDF7D0
:1036B00060FB10B14FF0FF30CBE70020C9E7F8B551
:1036C00004460D46164616B94FF0FF30F8BD434884
:1036D000807A10B94FF0FF30F8E720128DF8000023
:1036E000E0B28DF801009DF8010028443B4949688B
:1036F0004989884202DD4FF0FF30E7E7374A126818
:10370000117E364A526810786B460222FDF731FB73
:1037100010B14FF0FF30D9E7EAB2304B1B68597D4A
:103720002E4B5B6818783346FDF76EFA10B14FF0F8
:10373000FF30CBE70020C9E72DE9F04385B005460F
:103740000E4690469946254890F8250020B14FF046
:10375000FF3005B0BDE8F08316B94FF0FF30F8E751
:10376000002423E0281B102801DD102000E0281B86
:1037700087B2321939462046FFF764FF10B14FF087
:10378000FF30E6E701AA39462046FFF798FF10B15F
:103790004FF0FF30DDE730193A4601A903F0A8FAEF
:1037A00010B16FF00100D4E7E01984B2AC42D9DB6C
:1037B0004FEA28208DF8000008F0FF008DF8010086
:1037C000064A1268917E054A526810786B460222BA
:1037D000FDF7CFFA38B103E084A0000834000020E0
:1037E0004FF0FF30B5E70121FE4880F82510A0F822
:1037F00026900020ADE70146FA4890F824000870B2
:10380000002070474FF0FF30704702464FF0FF3006
:10381000704701464FF0FF307047F8B505460F4638
:103820001446002C70D0B5F5FF5F01DDFF2605E0E2
:10383000202D01DA012601E0C5F3471607B901275B
:10384000282C02DD4FF0FF30F8BDE648407D28BB54
:10385000E44890F8240038B10020FFF723FE01214E
:10386000E04880F8201003E00021DE4880F82010B6
:10387000DC481630FFF751F8DA481830FFF76DF8DA
:10388000D8481A30FFF78DF8D6481C30FFF7AEF84D
:10389000D448817A81771F30FFF702F90020FEF7C4
:1038A0005FF90020FEF788FC00208DF80000CD4A6B
:1038B00012689178CB4A526810786B460122FDF766
:1038C00058FA10B14FF0FF30BEE740208DF80000ED
:1038D000C44A1268D17BC34A526810786B460122F1
:1038E000FDF747FA00B165E08DF800608DF80170D2
:1038F000BC4A1268117ABB4A526810786B460222A1
:10390000FDF737FA08B155E047E0052001F047FB25
:10391000B448407A072101EBC000C0B28DF8000026
:10392000B04A1268D179AF4A526810786B460122CA
:10393000FDF71FFA00B13DE020208DF80000012CBA
:1039400003D100208DF801000EE0052C03DC0120DE
:103950008DF8010008E0142C03DC02208DF8010032
:1039600002E003208DF801009DF80100072101EB22
:103970008010C0B28DF801009A4A1268917C994A71
:10398000526810786B460222FDF7F3F900B111E09E
:10399000012194484175002056E7924A16320021D1
:1039A00003E0505C00B105E0491C0C29F9D34FF04D
:1039B000FF3049E7FF208B490872FF218948417297
:1039C000C1724FF6FF71C181FF2181720174012123
:1039D00001730146887FFEF786F98249C88AFEF79F
:1039E000E6FC8049087EFEF7A0FC7E49488BFEF786
:1039F000A4FB7C49888BFEF74CFC7A49C87FFEF714
:103A000067FB784890F8200010B10120FFF74AFDCD
:103A1000002174484175002016E770B588B002A9EE
:103A200005A8FFF784FD0446032C3ED101A8FEF74C
:103A3000F3FF059805F0C2FA0646019905F01EFB52
:103A4000054605F07FFA0590069805F0B7FA064698
:103A5000019905F013FB054605F074FA06900798E6
:103A600005F0ACFA0646019905F008FB054605F09D
:103A700069FA079005A8FDF756FA6846FEF7E9FFD0
:103A8000BDF80010029848430290BDF8001003985A
:103A900048430390BDF8001004984843049002A8DE
:103AA000FDF7D4FA002008B070BD0120FBE7014605
:103AB00091F90020002A01DD00201EE091F900208C
:103AC000002A01DA042018E091F90120002A01DD22
:103AD000012012E091F90120002A01DA05200CE012
:103AE00091F90220002A01DD022006E091F902206E
:103AF000002A01DA062000E00720704710B50446CE
:103B00002046FFF7D4FF0346E01CFFF7D0FF43EA4F
:103B1000C00083B2A01DFFF7CAFF43EA801083B242
:103B2000184610BD70B50024FCF773FEFEF781FC4B
:103B3000002840D17820FEF7D6F8C4B20CB101209D
:103B400070BD7820FEF7C4FAC4B20CB10220F7E7CA
:103B50006420FEF79EFBC4B20CB10320F0E7FDF732
:103B600047F9C4B20CB10420EAE71F48FFF7C6FFCB
:103B70000546FDF747F9C4B20CB10520E0E740F275
:103B80007310FDF780FDC4B20CB10620D8E76420A5
:103B9000FDF7F2FAC4B20CB10720D1E7FFF73DFF01
:103BA00004460CB10820CBE70120FFF77BFCC4B230
:103BB0001CB10920C4E70A20C2E70020C0E72DE9B4
:103BC000F04F99B004460D4616464FF07E574FF021
:103BD00000084FF000094FF0000A12A813A918AB13
:103BE0000EAA03E03400002060000020CDE90010A0
:103BF00014A916A8FDF7A6FE18B1012019B0BDE85A
:103C0000F08FBDF84C0000F4807000287ED00E9834
:103C100005F0D4F983464FF09D4105F09DF8074625
:103C20000F9805F0CBF983464FF09D4105F094F8CD
:103C30008046109805F0C2F983464FF09D4105F08B
:103C40008BF88146119805F0B9F983464FF09D41F4
:103C500005F082F8824639464FF0804005F00EFAB2
:103C60004946059005F00AFA414607904FF040405A
:103C700005F004FA5146059005F000FA0690079900
:103C800004F0FCFF834604F0CDFFCDE9080103F00A
:103C900061FF4FF06632544BCDE90A0104F0E8FCB5
:103CA000CDE90C0104F092FA206049464FF08040C3
:103CB00005F0E4F94946029005F0E0F94146049028
:103CC0004FF0404005F0DAF94146029005F0D6F990
:103CD0000390049905F0DAFA83464FF07E5104F020
:103CE000CDFF059004F09EFFCDE9080139464FF065
:103CF000804005F0C3F94146039005F0BFF94946FD
:103D000004904FF0804005F0B9F900E068E05146BA
:103D1000039005F0B3F98346049904F0AFFF0590D2
:103D200004F080FFCDE90601DDE9082304F05AF92B
:103D30004FF066322C4BCDE90A0104F099FCCDE935
:103D40000C0104F043FA28605146504605F096F9FC
:103D500049460490484605F091F941460390404693
:103D600005F08CF939460190384605F087F9009046
:103D7000019904F083FF0290039905F087FA8346C6
:103D8000049905F083FA059004F04CFFCDE9080191
:103D90005146384605F072F949460490404605F010
:103DA0006DF90390049904F069FF4FF0804105908C
:103DB00005F064F9834604F035FFCDE90601DDE93D
:103DC000082304F00FF94FF06632074BCDE90A01E2
:103DD00004F04EFCCDE90C0104F0F8F9306001E08C
:103DE00002200BE7002009E766A64C4010B54FF40F
:103DF0008071F84801F02DFA4FF40071F54801F098
:103E00002AFA4FF40071F34801F023FA10BD10B5FF
:103E10004FF48071EF4801F01CFA4FF48071ED48C7
:103E200001F019FA10BD70B50446002520E04FF4EA
:103E30008071E84801F00FFA04F0800028B14FF4D7
:103E40000071E44801F005FA04E04FF40071E14824
:103E500001F001FA4FF48071DE4801F0FAF94FF4F5
:103E60008071DC4801F0F7F96006040E681CC5B2E9
:103E7000082DDCDB70BD10B54FF40071D54801F0A2
:103E8000E8F94FF48071D34801F0E3F94FF4007181
:103E9000D04801F0E0F94FF48071CE4801F0DBF931
:103EA00010BD70B505460C46FFF7E5FF7820FFF71B
:103EB000BAFFFFF7ACFF1CB14020FFF7B4FF02E0F0
:103EC0000020FFF7B0FFFFF7A2FF2846FFF7ABFF88
:103ED000FFF79DFFFFF78AFF70BD10B504461CB9C0
:103EE0000021A620FFF7DDFF012C03D10021A72030
:103EF000FFF7D7FF10BD10B504463CB90021C8201C
:103F0000FFF7CFFF0021A120FFF7CBFF012C07D146
:103F10000021C020FFF7C5FF0021A020FFF7C1FF4F
:103F200010BD10B500218D20FFF7BBFF002114202C
:103F3000FFF7B7FF0021AF20FFF7B3FF10BD10B5AB
:103F400000218D20FFF7ADFF00211020FFF7A9FF12
:103F50000021AF20FFF7A5FF10BD70B500241CE0C5
:103F600004F1B001C8B20021FFF79BFF0021084611
:103F7000FFF797FF00211020FFF793FF002508E0CF
:103F8000954901EBC501085D0121FFF78AFF681C17
:103F9000C5B2802DF4DB601CC4B2082CE0DB70BD20
:103FA00070B500240CE0002506E000208A4901EBF2
:103FB000C5010855681CC5B2802DF6DB601CC4B273
:103FC000082CF0DBFFF7C9FF70BD70B50A46CE17AD
:103FD00001EB5676C6F3C703CE1701EB5676F61003
:103FE000A1EBC606F4B20122A240D5B27A4A02EB96
:103FF000C002D25C2A43784E06EBC006F25470BD74
:1040000070B50B46CE1701EB5676C6F3C702CE1736
:1040100001EB5676F610A1EBC606F4B20123A340DD
:10402000DDB26D4B03EBC0039B5CDB436A4E06EBDA
:10403000C006B354684B03EBC0039B5C2B43664E36
:1040400006EBC006B354644B03EBC0039B5CDB433D
:10405000614E06EBC006B35470BD2DE9F84F05461E
:104060000E46174698464DB1802F07DC36B1B8F1A1
:10407000400F03DCBD4201DC464501DDBDE8F88FA1
:10408000BD420DD1002406E03019C1B22846FFF729
:104090009CFF601CC4B2A8EB0600A042F4DC30E038
:1040A00046450CD1002406E02919C8B23146FFF775
:1040B0008CFF601CC4B2781BA042F5DC21E0A8EBA9
:1040C000060000F0FF0A781B00F0FF0B0AEB8A00E5
:1040D000400090FBFBF000F0FF0900240EE004FB21
:1040E00009F00A2190FBF1F03044C0B22919009088
:1040F000C8B20099FFF769FF601CC4B2781BA042E8
:10410000EDDC00BFBAE72DE9F04306460F469046C6
:10411000002544463BE03A1BD1B27219D0B2FFF7FA
:1041200054FF3A1BD1B2721BD0B2FFF74EFF3A19BF
:10413000D1B2721BD0B2FFF748FF3A19D1B272194F
:10414000D0B2FFF742FF7A19D1B23219D0B2FFF7DD
:104150003CFF7A1BD1B23219D0B2FFF736FF7A1B7F
:10416000D1B2321BD0B2FFF730FF7A19D1B2321B75
:10417000D0B2FFF72AFF6D1C05FB05F004FB04001D
:1041800008FB1809B9F1000F01DD641E6D1E600007
:10419000604308FB08F18842BDDABDE8F0832DE9F1
:1041A000FF4F81B080460E461C4600962046E3171E
:1041B00004EB5373DB1021464FEAE47C04EB5C7C98
:1041C0004FEAEC0CA4EBCC0CBCF1000F06D04FF086
:1041D000010C05E0000C0140E81400204FF0000C39
:1041E0006344224604EBD27C4FEA6C0C03FB0CF3D5
:1041F00003F0FF0B03982038C7B2002547E00C2CD2
:1042000007D107EB4700FE4901EB800010F805A03D
:1042100014E0102C05D1FB4800EB071010F805A0A6
:104220000CE0182C07D107EBC700F74901EB800021
:1042300010F805A002E005B0BDE8F08F4FF00009CE
:104240001FE00AF0800020B131464046FFF7BDFE76
:1042500003E031464046FFF7D3FE4FEA4A604FEA9B
:10426000106A701CC6B20098301AA04205D1009E98
:1042700008F1010000F0FF0806E009F1010000F07C
:10428000FF09B9F1080FDCDB00BF681CC5B25D4552
:10429000B5DB00BFCFE7F0B506460F4614461D4616
:1042A00013E022782B4639463046FFF778FF284640
:1042B00005EBD07106EB6101CEB2C5F18000B042D2
:1042C00002DA0026B81CC7B2641C2078202802DB62
:1042D00020787E28E5DDF0BD10B50246012000E023
:1042E00050430B1EA1F10104E1B2F9D110BD2DE93B
:1042F000F04F06468A4691461F46099C00252CE051
:10430000781B401EC1B20A20FFF7E6FFB9FBF0F0B0
:104310000A21B0FBF1F201FB1208B8F1000F0CD139
:10432000A34604EBDB71491001FB0561C8B22346CB
:1043300030225146FFF733FF0DE0A34604EBDB715B
:10434000491001FB0561C8B208F13001CAB2234629
:104350005146FFF724FF681CC5B2BD42D0DBBDE863
:10436000F08F2DE9FF4F0746884691461C464FF0D7
:10437000000B0297CDF804802046E11704EB517141
:10438000C1F3C701009160E009FB04F0C11700EB25
:1043900051710BEBE101CEB20BF1010000F0FF0B0C
:1043A000002550E0102C05D1984800EB0610405D28
:1043B00003901BE0182C07D106EBC600944901EBD3
:1043C000C000405D039011E0202C05D1914800EB26
:1043D000C610405D039009E0402C05D18E4800EBEB
:1043E0004620405D039001E0BDE8FF8F4FF0000ADA
:1043F00017E0039800F0010020B141463846FFF76E
:10440000E4FD03E041463846FFF7FAFD039840100B
:10441000039008F1010000F0FF080AF1010000F02C
:10442000FF0ABAF1080FE4DB781CC7B20298381A09
:10443000A04204D1029F01980830C0B20190DDF87B
:104440000480681CC5B2A542ACDB0098411EC9B20D
:104450000091002898D100BFC6E780468946002613
:10446000002749E03FB91023324618218020FFF78A
:1044700078FF701CC6B2464522D14FF0000A1AE000
:10448000002410E000250AE0644800EBC400415D10
:10449000601E624A02EBC0004155681CC5B2082D7F
:1044A000F2DB601CC4B2902CECDBFFF756FD0AF186
:1044B000010000F0FF0A4FEA09105045E0DC002639
:1044C000781CC7B2102F00D10027002410E000256F
:1044D0000AE0524800EBC400415D601E4F4A02EB07
:1044E000C0004155681CC5B2082DF2DB601CC4B287
:1044F000902CECDBFFF731FDB4E770B504460D46B8
:1045000005F1B001C8B20021FFF7CBFC102141EA50
:1045100014100021FFF7C5FC04F00F0141F0010069
:104520000021FFF7BEFC70BD2DE9F05F05460E4689
:1045300017469846DDF828B04FF00009CA46002417
:10454000E11704EB5171C910A4EBC10101B901E0FD
:10455000601CC4B2344614E021462846FFF7CDFF64
:10456000AA460AE01BF809000121FFF79AFC09F1AD
:1045700001090AF1010000F0FF0ABA45F2DB601CF4
:10458000C4B24445E8DBBDE8F09F08B5012109202D
:1045900001F06EF80121224800F07FFE4FF44070D8
:1045A000ADF8000010208DF8030003208DF8020004
:1045B00069461C4800F0A0FD4FF44071194800F016
:1045C00048FE0021AE20FFF76CFC00210846FFF7F3
:1045D00068FC00211020FFF764FC00214020FFF759
:1045E00060FC00218120FFF75CFC0021CF20FFF759
:1045F00058FC0021A120FFF754FC0021C82013E043
:10460000ACA0000820A5000810AB0008690000203D
:10461000C9010020A1020020A1040020E81400200C
:1046200000023000000C0140FFF73BFC0021A620F7
:10463000FFF737FC0021A820FFF733FC00213F20C3
:10464000FFF72FFC0021D320FFF72BFC00210846A9
:10465000FFF727FC0021D520FFF723FC0021802055
:10466000FFF71FFC0021D920FFF71BFC0021F120E0
:10467000FFF717FC0021DA20FFF713FC00211220BE
:10468000FFF70FFC0021DB20FFF70BFC002140208F
:10469000FFF707FC00212020FFF703FC0021022088
:1046A000FFF7FFFB00218D20FFF7FBFB002114200B
:1046B000FFF7F7FB0021A420FFF7F3FB0021A62062
:1046C000FFF7EFFB0021AF20FFF7EBFBFFF768FCE4
:1046D00008BD000008B50121042000F0C9FF3C20FE
:1046E000ADF8000010208DF8030003208DF80200C3
:1046F0006946A64800F000FD08BD30B589B0054602
:104700000C46FFF7E7FF0121084600F0BEFF01213C
:10471000052000F0ADFF0320ADF8200018208DF833
:10472000230003208DF8220008A9984800F0E4FC3B
:1047300005A801F073FEADF81850ADF81440002044
:10474000ADF81A00ADF8160005A94FF0804001F051
:1047500039FB6020ADF804000120ADF80600002010
:10476000ADF80A00ADF80C0001A94FF0804001F04F
:1047700066FB01A94FF0804001F0A3FB0821C806A9
:1047800001F0ACFF0821C80601F0B1FF4FF4FA6157
:10479000880602F00BF94FF4FA61880602F008F976
:1047A0000121880701F06AFF0121880701F066FEF8
:1047B00009B030BD0146002901DA484200E0084650
:1047C000704700B503460A467148007878BB002B55
:1047D00007DD00206F49086001206F49C1F88C0196
:1047E00006E001206B49086000206B49C1F88C018C
:1047F0001846FFF7DFFF4FF080418886002A08DD6A
:10480000002064490831086001206349C1F894011F
:1048100007E001205F490831086000205E49C1F8C7
:1048200094011046FFF7C6FF4FF08041088700BD96
:1048300041F65830594909684242914202DA4142F0
:10484000564A116055490968814201DD53490860A3
:10485000534909684242914202DA4142504A11608A
:104860004F490968814201DD4D49086070470146A2
:10487000002011F5C87F02DBB1F5C87F0DDD0120F6
:104880000022444B1B1D1A60434BC3F88821414B47
:1048900008331A60404BC3F8942170477FB5054632
:1048A0000C460121022000F0F0FEADF80850ADF8F2
:1048B00004400020ADF80A00ADF8060001A939480F
:1048C00001F080FA01221146364801F0F2FD1D2068
:1048D0008DF8000000208DF8010003208DF8020003
:1048E00001208DF80300684601F02FF901212D48C1
:1048F00001F0C4FD7FBD30B589B005460C460121ED
:10490000022000F0C2FE0121092000F0B1FE0121C9
:10491000254800F0C2FC2020ADF8200018208DF8BA
:10492000230003208DF8220008A9204800F0E4FBB2
:10493000ADF81850ADF814400020ADF81A00ADF8ED
:10494000160005A9174801F03DFA7020ADF80400E3
:104950000120ADF806000020ADF80C0001A91148B7
:1049600001F0AFFA01210F4801F088FE08210D483F
:1049700001F0BDFE4FF47A710A4802F019F80121E6
:10498000084801F07BFD09B030BD0000000801407F
:104990001C0000208801214200002142A4140020B4
:1049A000A81400200004004000081A00000C014078
:1049B00000B587B00121022000F067FE012104202C
:1049C00000F056FEC020ADF8000004208DF8030072
:1049D00069467B4800F090FB04A801F01FFD002011
:1049E000ADF810004FF6FF70ADF814000020ADF8E0
:1049F0001600ADF8120004A9724801F0E3F9002393
:104A00001A4603214FF0804001F0EBFD01A801F0B0
:104A100018FD0A20ADF80C0001A96A4801F065FCF8
:104A20000121684801F0F0FF01221146654801F0BC
:104A300040FD0021634801F0B5FF0121614801F00C
:104A40001DFD07B000BD00B587B00121042000F0B6
:104A50001CFE0121082000F00BFEC020ADF8000074
:104A600004208DF803006946574800F045FB04A870
:104A700001F0D4FC0020ADF810004FF6FF70ADF847
:104A800014000020ADF81600ADF8120004A94F483C
:104A900001F098F900231A4603214C4801F0A1FDCA
:104AA00001A801F0CEFC0A20ADF80C0001A947488E
:104AB00001F01BFC0121454801F0A6FF012211462F
:104AC000424801F0F6FC0021404801F06BFF012153
:104AD0003E4801F0D3FC07B000BD7FB505460C464B
:104AE0000121022000F0D1FD0121364801F0A0FF94
:104AF0000121344801F088FFADF80850ADF80440BA
:104B00000020ADF80A00ADF8060001A92D4801F01B
:104B100059F9012211462B4801F0CBFC1D208DF8DC
:104B2000000002208DF801008DF8020001208DF8B0
:104B30000300684601F009F80121224801F09EFCBB
:104B40007FBD0146022904D003290BD004291BD1C3
:104B500011E04FF08042928C10B200224FF080435F
:104B60009A8413E0174A2432128810B20022154B9F
:104B700024331A800AE0154A2432128810B2002227
:104B8000124B24331A8001E0002000BF00BF7047A1
:104B90000E48103000880D481030008820F00100C9
:104BA0000A491031088070470648103000880548CF
:104BB0001030008820F00100024910310880704751
:104BC0000008014000040040000C014000080040C3
:104BD0000020794908605A20C8604FF08140886001
:104BE0009B20C861754888610020086201204862E6
:104BF000002008614861724888620020C8627047DE
:104C00002DE9F04704466C49086804F0D7F980465E
:104C1000214604F030FB074604F094F90546694844
:104C2000B0F9000004F0CAF9824663488168504632
:104C300004F024FA80466049C96801FB05F004F0DD
:104C4000BDF98146414604F019F8074604F07AF9A7
:104C500006463046BDE8F0872DE9F04104460D4692
:104C6000554800696119401A534908620846406A6C
:104C7000096A084450494862486A04F09FF980462E
:104C80004D488169404604F0F9F9074604F05AF9A5
:104C90004949C969484A126A01FB02063046BDE823
:104CA000F0812DE9F04106464349C86A464904F0BF
:104CB000B1F913D80021304604F0ACFA0ED23E49C7
:104CC000C86A424903F0DAFF8046314604F0D3FA5D
:104CD00007463F4904F0D2F9044657E03649C86A0E
:104CE0003C4904F097F913D80021304604F092F9BA
:104CF0000ED23149C86A354903F0C0FF80463146BB
:104D000004F0B9FA0746324904F0B8F904463DE028
:104D10002949C86A304904F07DFA13D80021304689
:104D200004F078F90ED22449C86A284904F0AEFA92
:104D30008046314604F09FFA0746254904F09EF963
:104D4000044623E01C49C86A204904F063FA13D8DA
:104D50000021304604F05EFA0ED21749C86A1B499A
:104D600004F094FA8046314604F085FA0746184963
:104D700004F084F9044609E00F48C16A304604F0A3
:104D800085FA0746124904F079F904460A48816A0F
:104D9000204604F073F9074604F0D4F8054640F2C3
:104DA000DC518D4201DB0D4603E00C48854200DCFE
:104DB00005462846BDE8F08168190020CDCCCC3EE0
:104DC00000000C420A000020000034C30000B4437D
:104DD000000020410000B4C30000344324FAFFFF68
:104DE00010B586B004460121042000F041FC0121E9
:104DF000880300F03DFC4FF48060ADF81400032000
:104E00008DF8160018208DF8170005A93D4800F010
:104E100073F94FF40070ADF8140004208DF81700FA
:104E200005A9384800F068F925208DF80000002019
:104E30008DF8010001208DF802008DF8030068460E
:104E400000F083FE01940020ADF80800ADF80A00E0
:104E5000ADF80C00ADF810000C20ADF80E0001A963
:104E6000294800F0ACFC012240F22551264800F010
:104E70003EFD0121244800F02EFD06B010BD10B506
:104E800040F22551204800F017FE002838D01E4877
:104E900000F092FD1D490860084600683138052879
:104EA00026D2DFE800F003080E151C002320184965
:104EB0000861486123E06FF02200154908614861EC
:104EC0001DE000201349087001201349087016E006
:104ED00001201049087000200F4908700FE00020E1
:104EE0000B49086148610B4908700B49087006E0DE
:104EF0000A480068C0430A49C1F8B40100BF00BFB6
:104F000010BD00000008014000380140B01400202E
:104F100068190020AC140020AD140020B401224216
:104F20000000224210B56FF0040000F058FE2E4839
:104F300000682E49B0FBF1F02D4908700846007852
:104F400000EB4001C1EBC0104FF6FF7101EAC00059
:104F50002849088010BD0146254A12784A434FF07F
:104F6000E0235A6100229A611A46126942F0010256
:104F70001A6100BF4FF0E022106900F001021AB17F
:104F800000F48032002AF5D04FF0E022126922F0BE
:104F900001024FF0E0231A6100229A617047014636
:104FA000144A12884A434FF0E0235A6100229A6162
:104FB0001A46126942F001021A6100BF4FF0E02266
:104FC000106900F001021AB100F48032002AF5D015
:104FD0004FF0E022126922F001024FF0E0231A6143
:104FE00000229A61704700002000002000127A0021
:104FF000B4140020B614002009488047094800472F
:10500000FEE7FEE7FEE7FEE7FEE7FEE7FEE7FEE778
:10501000FEE7FEE704480549054A064B70470000D5
:10502000CF06000831010008F81A0020F8200020FF
:10503000F81C0020F81C002010B50446CC4884421F
:1050400008D10121042000F02DFB0021042000F0F4
:1050500029FB46E0C748844208D10121082000F01E
:1050600021FB0021082000F01DFB3AE0C2488442E9
:1050700008D10121102000F015FB0021102000F0C4
:1050800011FB2EE0BD48844208D10121202000F010
:1050900009FB0021202000F005FB22E0B8488442F3
:1050A00008D10121402000F0FDFA0021402000F04D
:1050B000F9FA16E0B348844208D10121802000F0BB
:1050C000F1FA0021802000F0EDFA0AE0AE488442B7
:1050D00007D10121801500F0E5FA0021A01500F0AC
:1050E000E1FA10BD10B50121084600F0DBFA0021FD
:1050F000012000F0D7FA10BD2DE9F041024600254D
:105100000026002000230024002791F803C00CF0A3
:105110000F0591F803C00CF0100CBCF1000F03D088
:1051200091F802C04CEA050591F800C0BCF1000FEF
:1051300031D0146800202BE04FF0010C0CFA00F382
:10514000B1F800C00CEA03069E4220D183004FF064
:105150000F0C0CFA03F7BC4305FA03FC4CEA0404F9
:1051600091F803C0BCF1280F06D14FF0010C0CFAE6
:1051700000FCC2F814C00AE091F803C0BCF1480F6B
:1051800005D14FF0010C0CFA00FCC2F810C0401C15
:105190000828D1D31460B1F800C0BCF1FF0F34DD92
:1051A000546800202EE000F1080C4FF0010808FAC6
:1051B0000CF3B1F800C00CEA03069E4221D1830033
:1051C0004FF00F0C0CFA03F7BC4305FA03FC4CEA52
:1051D000040491F803C0BCF1280F05D100F1080CBC
:1051E00008FA0CF8C2F8148091F803C0BCF1480F1B
:1051F00007D100F1080C4FF0010808FA0CF8C2F8CA
:105200001080401C0828CED35460BDE8F0814FF6D2
:10521000FF710180022181700421C1707047024634
:10522000002093680B400BB1012000E00020704784
:105230000146886880B2704702460020D3680B4060
:105240000BB1012000E0002070470146C86880B221
:10525000704701617047416170470AB1016100E028
:1052600041617047C16070474FF480320A438261E8
:105270008161826182698269704702460020434BE6
:1052800018684FF68073184040EA021008433F4BFD
:10529000186070473E49C8617047F0B50A46002360
:1052A00000240021002500F00046B6F1004F02D195
:1052B000364EF16901E0354E7168C0F3034583B2A3
:1052C00000F44016B6F5401F08D121F070612F4E52
:1052D000766826F070662D4F7E6012E000F480162E
:1052E000B6F5801F06D1032606FA05F4A14341F066
:1052F000706106E0460D360103FA06F6B14341F04F
:10530000706122B1460D360103FA06F6314300F012
:105310000046B6F1004F02D11C4EF16101E01B4E78
:105320007160F0BD30B500228B071C0F0F2303FA0C
:1053300004F2164B08338C1053F824309343134C6B
:1053400008348D1044F8253023468C1053F824304F
:105350008C07240F00FA04F423430C4C08348D10FE
:1053600044F8253030BD0A49DC3108607047000040
:1053700000080140000C01400010014000140140F1
:1053800000180140001C01400020014000000140C5
:1053900000002042DF48006840F00100DD4908605D
:1053A00008464068DC490840DA4948600846006819
:1053B000DA490840D74908600846006820F4802090
:1053C00008600846406820F4FE0048604FF41F0063
:1053D00088607047CF49096821F48031CD4A116057
:1053E0001146096821F480211160B0F5803F03D097
:1053F000B0F5802F0ED106E0C649096841F480312E
:10540000C44A116007E0C349096841F4A021C14AB8
:10541000116000E000BF00BF704710B501460022D8
:10542000002300204A11012A02D1BA4C236806E069
:10543000022A02D1B74C236A01E0B64C636A01F03C
:105440001F02012494401C400CB1012000E0002008
:1054500010BD38B5002000900024002500BF312089
:10546000FFF7DBFF05460098401C00900098B0F560
:10547000A06F01D0002DF2D03120FFF7CEFF08B190
:10548000012400E00024204638BD01460020A14A46
:10549000106820F0F80040EAC10010607047A04991
:1054A00008607047024600209A4B586820F47C1030
:1054B00042EA01031843974B5860704798490866C1
:1054C000704701460020934A506820F003000843CB
:1054D000506070478F48406800F00C0070470146EC
:1054E00000208C4A506820F0F0000843506070475C
:1054F00001460020874A506820F4E060084350606D
:10550000704701460020834A506820F4605040EA0A
:10551000C1005060704729B17E4A527A02437D4BE8
:105520005A7204E07B4A527A82437A4B5A7270472D
:105530007B49D8310860704701460020754A5068A1
:1055400020F440400843506070470021714A2032E7
:105550001170704A82F82010012802D004280AD164
:1055600004E001216B4A2032117005E00521694AEF
:105570002032117000E000BF00BF70476949086029
:1055800070476449096A0143624A1162704765497C
:1055900044390860704730B5002100220024002300
:1055A0005C4D6D6805F00C0121B1042905D0082976
:1055B00023D105E05C4D056022E05B4D05601FE0F6
:1055C000544D6D6805F47012524D6D6805F48034C9
:1055D000022505EB92421CB9544D554305600BE082
:1055E0004C4D6D6805F400351DB1504D55430560B7
:1055F00002E04D4D5543056002E04B4D056000BF94
:1056000000BF444D6D6805F0F0010909484D6B5C21
:105610000568DD4045603F4D6D6805F4E061090AAD
:10562000434D6B5C4568DD4085603A4D6D6805F41F
:105630006051C90A3E4D6B5C4568DD40C560354D23
:105640006D6805F44041890B3A4D6B5CC568B5FB4C
:10565000F3F5056130BD29B12E4A526902432D4B45
:105660005A6104E02B4A526982432A4B5A617047BF
:1056700029B1284A92690243264B9A6104E0254ADF
:1056800092698243234B9A61704729B1214AD269BA
:105690000243204BDA6104E01E4AD26982431D4B6B
:1056A000DA61704729B11B4AD2680243194BDA60AC
:1056B00004E0184AD2688243164BDA60704729B179
:1056C000144A12690243134B1A6104E0114A126929
:1056D0008243104B1A617047124940390860704785
:1056E0000F49C86470470B49C87170470948406A40
:1056F00040F0807007494862704701460020054A23
:1057000092680A400AB1012000E000207047014978
:1057100088727047001002400000FFF8FFFFF6FE9D
:10572000000042428004424200127A0000093D001B
:10573000B8140020C814002010B50446FB48844269
:1057400009D101218803FFF7ADFF00214FF480400C
:10575000FFF7A8FF32E0F648844209D1012148044E
:10576000FFF7ADFF00214FF40030FFF7A8FF25E061
:10577000F048844209D101218804FFF7A0FF0021ED
:105780004FF48020FFF79BFF18E0EB48844209D1DB
:105790000121C804FFF793FF00214FF40020FFF719
:1057A0008EFF0BE0E548844208D101210805FFF790
:1057B00086FF00214FF48010FFF781FF10BD2DE917
:1057C000F04786B005460E460024A24600BFA1461B
:1057D0000027B08900B100BF2F462C8A4CF6FF701D
:1057E0000440F08804432C82AC894EF6F310044048
:1057F000B08831890843718908430443AC81AC8A7D
:105800004FF6FF400440B0890443AC8201A8FFF783
:10581000C2FEC648874202D1DDF810A001E0DDF8E3
:105820000CA0A88900F4004040B10AEBCA0000EBCC
:105830000A1031684900B0FBF1F807E00AEBCA0032
:1058400000EB0A1031688900B0FBF1F86420B8FB66
:10585000F0F004012009642101FB1089A88900F4FB
:10586000004040B1322000EBC900B0FBF1F000F085
:105870000700044308E0322000EB09106421B0FB6C
:10588000F1F000F00F0004432C8106B0BDE8F08772
:105890004FF41651016000218180C18001810C21EB
:1058A000418100218181704710B502460020108A95
:1058B0004FF2FF0318400B884C8823438C88234306
:1058C000CC8823431843108210BD00210180418001
:1058D0008180C180704721B1828942F40052828167
:1058E00004E082894DF6FF731A4082817047F0B55B
:1058F0000346002400260025002040F66A17B9421E
:1059000000D100BF1846C1F3421401F01F06012761
:1059100007FA06F5012C01D10C3004E0022C01D16C
:10592000103000E014301AB107682F43076002E01E
:105930000768AF430760F0BD1AB1838A0B438382C7
:1059400002E0838A8B4383827047028A4FF6F073AA
:105950001A400282028A0A430282704782894FF209
:10596000FF731A40828182890A438281704721B184
:10597000828942F00202828104E082894FF6FD733F
:105980001A4082817047028A4FF6DF731A40028202
:10599000028A0A430282704721B1028A42F480429D
:1059A000028204E0028A4BF6FF731A4002827047BB
:1059B000C1F308028280704701468888C0F308005E
:1059C0007047818941F0010181817047028BD2B219
:1059D0000283028B42EA012202837047028B02F4A7
:1059E0007F420283028B0A430283704721B1828A7D
:1059F00042F02002828204E0828A4FF6DF731A406E
:105A00008282704721B1828A42F01002828204E0D1
:105A1000828A4FF6EF731A408282704721B1828AE0
:105A200042F00802828204E0828A4FF6F7731A403D
:105A30008282704721B1828942F40042828103E070
:105A40008289C2F30E028281704721B1828A42F4B8
:105A50000062828204E0828A4FF2FF731A408282DF
:105A60007047828A4FF6FB731A408282828A0A4309
:105A70008282704721B1828A42F00202828204E06F
:105A8000828A4FF6FD731A408282704702460020D8
:105A9000B1F5007F00D100BF13880B400BB101208E
:105AA00000E00020704701F40072B2F5007F00D1E1
:105AB00000BFCA430280704770B50246002400232D
:105AC0000025002040F66A16B14200D100BFC1F3A4
:105AD000421501F01F03012606FA03F3012D02D13E
:105AE0009689334006E0022D02D1168A334001E048
:105AF000968A33400C12012606FA04F416883440C4
:105B000013B10CB1012000E0002070BD10B50022DF
:105B1000002340F66A14A14200D100BF0A120124FA
:105B20009440A3B2DC43048010BD00000038014063
:105B30000044004000480040004C0040005000403D
:105B400031490143314A1160704770B5002100238B
:105B50000F22C47804B32D4C246804F4E064C4F527
:105B6000E064210AC1F10403CA40447804FA03F155
:105B70008478144021430901254C0678A155047806
:105B800004F01F050124AC4005786D11AD0005F14E
:105B9000E025C5F8004109E0047804F01F05012460
:105BA000AC401C4D0678761145F8264070BD1A4A67
:105BB0000A400243154B1B1F1A60704739B1134A44
:105BC000121D12680243114B1B1D1A6006E00F4A9A
:105BD000121D126882430D4B1B1D1A60704704286A
:105BE00008D14FF0E021096941F004014FF0E022B3
:105BF000116107E04FF0E021096921F004014FF045
:105C0000E0221161704700000000FA050CED00E091
:105C100000E400E080E100E080FFFF1F10B50446D3
:105C2000FE48844208D10121C014FFF73BFD00214A
:105C3000E014FFF737FDC4E0B4F1804F08D1012133
:105C40000846FFF73CFD00210120FFF738FDB8E0D2
:105C5000F348844208D101210220FFF730FD0021E2
:105C60000220FFF72CFDACE0EE48844208D1012170
:105C70000420FFF724FD00210420FFF720FDA0E011
:105C8000E948844208D101210820FFF718FD0021CE
:105C90000820FFF714FD94E0E448844208D1012174
:105CA0001020FFF70CFD00211020FFF708FD88E011
:105CB000DF48844208D101212020FFF700FD0021A8
:105CC0002020FFF7FCFC7CE0DA48844208D1012167
:105CD0004014FFF7E7FC00216014FFF7E3FC70E0DD
:105CE000D548844209D10121C804FFF7DBFC00211B
:105CF0004FF40020FFF7D6FC63E0D048844209D17E
:105D000001210805FFF7CEFC00214FF48010FFF7BA
:105D1000C9FC56E0CA48844209D101214805FFF771
:105D2000C1FC00214FF40010FFF7BCFC49E0C5485E
:105D3000844208D101214020FFF7C1FC002140200E
:105D4000FFF7BDFC3DE0C048844208D1012180201E
:105D5000FFF7B5FC00218020FFF7B1FC31E0BB4824
:105D6000844208D101218015FFF7A9FC0021A0156C
:105D7000FFF7A5FC25E0B648844209D101210804BB
:105D8000FFF790FC00214FF48030FFF78BFC18E008
:105D9000B048844209D101214804FFF783FC002167
:105DA0004FF40030FFF77EFC0BE0AB48844208D193
:105DB00001218804FFF776FC00214FF48020FFF7D3
:105DC00071FC10BD00220288944B98420ED0994B72
:105DD00098420BD0B0F1804F08D0914B984205D03B
:105DE000904B984202D0904B984204D14FF68F735B
:105DF0001A404B881A438D4B984207D08C4B9842DF
:105E000004D04FF6FF431A40CB881A4302808B8898
:105E100083850B880385814B98420BD0854B984234
:105E200008D08B4B984205D08A4B984202D08A4BBF
:105E3000984201D10B7A038601238382704770B5A3
:105E4000002400220023058C4FF6FE7635400584A1
:105E5000028C8388048B4FF68F752C40B51E2C4026
:105E60000D882C43751E2A400D892A434D882A43EC
:105E70006A4DA8420BD06F4DA84208D0744DA8427D
:105E800005D0744DA84202D0734DA84213D14FF6ED
:105E9000F7752A404D892A434FF6FB752A408D88B5
:105EA0002A434FF6FF652B404FF6FF552B408D8957
:105EB0002B43CD892B4383800483CD888586028440
:105EC00070BD70B5002400220023058C4FF6EF76DC
:105ED00035400584028C8388048B48F6FF752C407E
:105EE0004FF6FF452C400D884FF6FF7606EA052554
:105EF0002C434FF6DF752A400D8906EA05152A4323
:105F00004D8806EA05152A43444DA84202D0494D62
:105F1000A8421DD14FF67F752A404D894FF6FF7676
:105F200006EA05152A434FF6BF752A408D8806EA12
:105F300005152A434FF6FF352B404FF2FF752B40D6
:105F40008D8906EA85052B43CD8906EA85052B4315
:105F500083800483CD880587028470BD70B50024DA
:105F600000220023058C4FF6FF6635400584028C25
:105F70008388848B4FF68F752C404FF6FC752C4030
:105F80000D882C434FF6FF552A400D894FF6FF76BA
:105F900006EA05252A434D8806EA05252A431F4DB2
:105FA000A84202D0234DA8421DD14FF2FF752A40CE
:105FB0004D894FF6FF7606EA05252A434FF6FF3551
:105FC0002A408D8806EA05252A434EF6FF752B40A8
:105FD0004DF6FF752B408D8906EA05152B43CD89BB
:105FE00006EA05152B4383808483CD888587028448
:105FF00070BD70B5002200230024058C4EF6FF769C
:1060000035400584038C8488828B48F6FF752A40CE
:106010004FF6FF452A400D8820E00000002C01408B
:106020000004004000080040000C00400010004048
:106030000014004000340140004C01400050014079
:106040000054014000180040001C004000200040A7
:106050000040014000440140004801404FF6FF76F7
:1060600006EA05252A434DF6FF752B400D8906EA01
:1060700005352B434D8806EA05352B43FA4DA842DA
:1060800002D0FA4DA84208D14BF6FF752C408D89FD
:106090004FF6FF7606EA85152C4384808283CD88EF
:1060A000A0F84050038470BD828B4FF2FF331A403A
:1060B0008283828B4FF6FF7303EA01231A438283A4
:1060C0007047F0B50C461546002200210026078CCB
:1060D0004EF6FF7C07EA0C070784828B018C4FF693
:1060E000FF7707EA043640F6FF473A404FF6FF775E
:1060F00007EA05273A434FF6FF7707EA03373A43A3
:10610000D94FB8420ED0D94FB8420BD0B0F1804F22
:1061100008D0D74FB84205D0D64FB84202D0D64F9C
:10612000B84206D14DF6FF77394046F480573943DF
:1061300005E047F6FF57394044F4805739438283DE
:106140000184F0BD828B4FF6F3731A408283828BF9
:106150000A4382837047F0B50C46154600220021A1
:106160000026078C4FF6FF6C07EA0C070784828B2A
:10617000018C4FF6FF7707EA04264FF60C773A407A
:106180004FF6FF7707EA03172F433A43B64FB8425B
:106190000ED0B64FB8420BD0B0F1804F08D0B44FFC
:1061A000B84205D0B34FB84202D0B34FB84206D17F
:1061B0004FF6FF57394046F48077394305E04FF2F8
:1061C000FF57394044F48077394382830184F0BD1E
:1061D000028B4FF2FF331A400283028B4FF6FF739C
:1061E00003EA01231A4302837047F0B50C461546B3
:1061F000002200210026078C4FF6EF7C07EA0C07EF
:106200000784028B018C4FF6FF7707EA041640F6ED
:10621000FF473A404FF6FF7707EA03373A434FF616
:10622000FF7707EA05273A438F4FB8420ED08F4FCA
:10623000B8420BD0B0F1804F08D08D4FB84205D096
:106240008C4FB84202D08C4FB84206D14FF6DF7760
:10625000394046F01007394305E04FF65F77394083
:1062600044F01007394302830184F0BD028B4FF6DE
:10627000F3731A400283028B0A4302837047F0B51E
:106280000C46154600220021068C4FF6FE773E4054
:106290000684028B018C4FF60C7632407E1C06EA97
:1062A00003162E433243704EB0420ED06F4EB042B2
:1062B0000BD0B0F1804F08D06D4EB04205D06D4E7E
:1062C000B04202D06C4EB04206D14FF6FD7631405E
:1062D00044F00106314305E04FF6F576314044F0D5
:1062E0000106314302830184F0BD70B505460C46BA
:1062F0005D4885420ED05D4885420BD0B5F1804F98
:1063000008D05B48854205D05A48854202D05A4899
:10631000854200D100E000BF208850B92389A288BF
:1063200061882846FFF7ABFFE1882846FFF79EFF0C
:1063300025E0208804280AD12389A288618828467C
:10634000FFF753FFE1882846FFF742FF17E0208858
:1063500008280AD12389A28861882846FFF7FBFE16
:10636000E1882846FFF7EEFE09E02389A2886188CC
:106370002846FFF7A6FEE1882846FFF795FE70BD88
:106380002DE9F04105460C4600260127608808B932
:10639000022600E00026A088012801D1022700E0A3
:1063A00001272088A0B92389A28861882846FFF7A1
:1063B00066FFE1882846FFF759FF23893A463146B0
:1063C0002846FFF712FFE1882846FFF701FF13E098
:1063D0002389A28861882846FFF707FFE1882846BD
:1063E000FFF7F6FE23893A4631462846FFF747FF76
:1063F000E1882846FFF73AFFBDE8F0810A884B881C
:106400001A438B881A43CB881A430B891A434B894A
:106410001A438B891A43A0F8442070474FF6FF7146
:10642000818000210180C18041800172704700217C
:10643000018041808180C180018141818181C18150
:106440007047002101804180012181800021C180AD
:10645000018170470021018041808180C1800181DC
:106460004181818170470000002C014000340140CF
:106470000004004000080040000C004021B10288E8
:1064800042F00102028004E002884FF6FE731A40D7
:106490000280704731B1B0F8442042F40042A0F8C5
:1064A000442005E0B0F84420C2F30E02A0F84420D6
:1064B00070471AB183890B43838102E083898B4340
:1064C000838170478182704741EA0203A0F8483017
:1064D00070471AB183890B43838102E083898B4320
:1064E0008381704701894FF6F8721140018170472E
:1064F0000A46002101894FF68F731940114301812B
:10650000704730B504460D4629462046FFF7F0FF98
:10651000208940F00700208130BD2DE9F04104467C
:106520000D4616461F46602D06D13B4601223146D8
:106530002046FFF75AFE05E03B4601223146204641
:10654000FFF79DFE29462046FFF7D2FF208940F045
:1065500007002081BDE8F08130B50C46002101899B
:10656000C9B24FF6FF7505EA0325154325432943B4
:10657000018130BD2DE9F04105460E46174698468B
:10658000002443463A4631462846FFF7E5FF2C896A
:106590004FF6F870044044F007044FF68F70044043
:1065A00044F070042C81BDE8F081F0B504460D463E
:1065B00016461F463B46324629462046FFF7CCFF8B
:1065C000208940F480402081F0BD0185828270479F
:1065D0000A46002101884FF68F731940114301804C
:1065E0007047F0B50C4615461E46002100220023D8
:1065F0000189028B038C4FF6F877394021434FF61F
:10660000FC473A4040F201173A434FF6DD773B40F2
:106610004FF6FF7707EA06172F433B4301810283BA
:106620000384F0BD0A460021018B4FF68F73194099
:106630001143018370470A460021018B48F6FF731E
:1066400019404FF6FF7303EA022319430183704791
:106650000A460021818B4FF68F73194011438183C5
:1066600070470A460021818B48F6FF7319404FF6A8
:10667000FF7303EA022319438183704721B1028823
:1066800042F08002028004E002884FF67F731A40D5
:106690000280704721B1828842F00402828004E0C7
:1066A00082884FF6FB731A408280704721B182883E
:1066B00042F00802828004E082884FF6F7731A40A5
:1066C0008280704721B1828842F00102828004E01A
:1066D00082884FF6FE731A40828070470A46002176
:1066E000018B4FF6F77319401143018370470A4637
:1066F0000021018B4FF2FF7319404FF6FF7303EA3D
:1067000002231943018370470A460021818B4FF60B
:10671000F77319401143818370470A460021818B2A
:106720004FF2FF7319404FF6FF7303EA0223194338
:10673000818370470A460021018B4FF6FB73194095
:106740001143018370470A460021018B4FF6FF3346
:1067500019404FF6FF7303EA022319430183704780
:106760000A460021818B4FF6FB7319401143818348
:1067700070470A460021818B4FF6FF3319404FF6D0
:10678000FF7303EA02231943818370470A460021FD
:10679000018B4FF67F7319401143018370470A46FE
:1067A0000021018BC1F30E014FF6FF7303EA0223B0
:1067B0001943018370470A460021818B4FF67F738E
:1067C00019401143818370470A460021818BC1F330
:1067D0000E014FF6FF7303EA0223194381837047CA
:1067E0000A460021018C4FF6FD73194011430184C4
:1067F00070470A460021018C4FF6F7731940114388
:10680000018470470A460021018C4FF6DF7319405E
:106810004FF6FF7303EA02131943018470470A46D7
:106820000021018C4FF67F7319404FF6FF7303EA86
:1068300002131943018470470A460021018C4FF668
:10684000FF5319404FF6FF7303EA022319430184F3
:1068500070470A460021018C4FF2FF7319404FF632
:10686000FF7303EA02231943018470470A4600219B
:10687000018C4DF6FF7319404FF6FF7303EA0233A4
:1068800019430184704730B5002301248C40A3B222
:10689000048C9C430484048C02FA01F5ADB22C43B1
:1068A000048430BD30B5002304248C40A3B2048C92
:1068B0009C430484048C02FA01F5ADB22C43048499
:1068C00030BD70B50346002000241846183001255D
:1068D0008D40ACB21D8CA5431D8409B1082909D196
:1068E00000EB6100056825F070050560056815433B
:1068F00005600EE00D1FC5F34E052844056825F41C
:10690000E045056005684FF6FF7606EA0226354346
:10691000056070BD21B1028842F00202028004E0ED
:1069200002884FF6FD731A400280704721B1028839
:1069300042F00402028004E002884FF6FB731A4022
:106940000280704721B1828842F08002828004E098
:1069500082884FF67F731A408280704702884FF614
:10696000F7731A40028002880A43028070478288C7
:106970004FF68F731A40828082880A438280704764
:1069800002894FF6F8731A40028102890A43028194
:10699000704702894FF67F731A40028102890A43C9
:1069A0000281704781847047818570478186704776
:1069B0000187704781877047A0F8401070470288B0
:1069C0004FF6FF431A40028002880A430280704754
:1069D0000146888E70470146088F70470146888FB0
:1069E00070470146B1F8400070470146888C7047F7
:1069F0000146088D704702460020138A0B400BB1F8
:106A0000012000E000207047CA430282704730B581
:106A10000246002000230024158A05EA0103958917
:106A200005EA010413B10CB1012000E0002030BDE3
:106A3000CA430282704710B54C1084EA530404D54F
:106A40004042C1F1000138BF491E1B4204D55242E9
:106A5000C3F1000338BF5B1E00F081F914F0804FD2
:106A600004D04042C1F1000138BF491E14F0004F6C
:106A700004D05242C3F1000338BF5B1E10BD0000BA
:106A80000FB4044910B503AA029800F043FA10BCF1
:106A90005DF814FBEC19002070B5044685690068A8
:106AA000C10601D5302600E02026C00707D070BD02
:106AB000D4E9012130469047206A401C20626D1EB7
:106AC000F6D570BD70B5044685690078C00707D15A
:106AD00070BDD4E9012120209047206A401C20622B
:106AE0006D1EF6D570BD00002DE9F041064600246C
:106AF00010687529314616A510D0AFF30080002824
:106B000002DA404213A507E031688A0701D512A5D1
:106B100002E0490704D511A5012401E0AFF300808C
:106B200000210A2206F1240709E0B0FBF2FCB0FBC9
:106B3000F2F302FB1C00303078541846491C002840
:106B4000F3D123462A463046BDE8F04100F089B92A
:106B5000000000002D0000002B00000020000000BD
:106B600070B504460D4621461068AFF300802188B9
:106B7000090502D50F4A7A4402E00E4A7A440E32E1
:106B8000002104F1240305E000F00F060009965DE2
:106B90005E54491C0028F7D120780023000704D553
:106BA000702D02D009B1022311322046BDE8704099
:106BB00000F057B9F24C00002DE9F05F8946044619
:106BC0004FF0000ADFF824B1FB44C0F820A02046B3
:106BD000E168884700287DD0252806D0D4E9012126
:106BE0009047206A401C2062F1E700255F4620465E
:106BF000E16888472028064607DB312E05D2B81900
:106C000010F8200C08B10543F1E7A80701D525F0DD
:106C10000405C4F81CA00027C4F818A02A2E09D027
:106C2000304600F08FFF38B304EB8708303EC8F8D9
:106C3000186019E059F8041B204604EB87029161A3
:106C4000E1688847012F064618D1E069002820DA5C
:106C500025F020051DE0D8F8180000EB800006EBB9
:106C600040003038C8F818002046E16888470646DA
:106C700000F068FF0028EED1012F0AD02E2E08D197
:106C80002046E16888477F1C0646022F45F0200514
:106C9000C4DBA069002803DA404245F00105A06189
:106CA000E80701D025F01005A6B1A6F1410019288A
:106CB00002D8203645F400654A4631462046256014
:106CC0004D46F9F78FFA60B1012807D0ED1D25F088
:106CD000070000E007E000F1080978E705F1040982
:106CE00075E730467AE7206ABDE8F09FC84C00009F
:106CF00040EA010310B59B070FD1042A0DD310C839
:106D000008C9121F9C42F8D020BA19BA884201D98A
:106D1000012010BD4FF0FF3010BD1AB1D30703D0D2
:106D2000521C07E0002010BD10F8013B11F8014B88
:106D30001B1B07D110F8013B11F8014B1B1B01D1A4
:106D4000921EF1D1184610BD02F0FF0343EA032260
:106D500042EA024200F0F2B870477047704753EAC7
:106D6000020C00F069802DE9F04B4FF00006002B7B
:106D70001FBFB3FA83F503FA05F424FA05F65E4063
:106D800012BF1643B2FA82F502FA05F4C5F12005E6
:106D90001EBF22FA05FC44EA0C04203556EA044CD6
:106DA0004FEA144418BF641C4FF000084FF000096C
:106DB000904271EB030C39D3002919BFB1FA81F766
:106DC00001FA07F6B0FA80F700FA07F6C7F12007D4
:106DD0001EBF20FA07FC46EA0C062037B6FBF4FC7F
:106DE000A7EB0507103F07F01F0BCBF120060CFAAD
:106DF0000BFB2CFA06F644BFB3460026202FA4BF97
:106E00005E464FF0000B5BEA060C08BF4FF0010B2B
:106E100019EB0B09ABFB027C48EB0608C01B06FB19
:106E200002CC0BFB03CC71EB0C01C1E70B46024615
:106E300041464846BDE8F08B13B54FF000004FF0D7
:106E40000001AFF30080BDE81C40704710B500F0B2
:106E500095F8006810BD10B5044600F08FF8046086
:106E600010BD2DE9F0470D4699469246044600F1C3
:106E700024080168880604D5E06921F0100121602A
:106E800000E00120A84201DD471B00E00027A169C6
:106E90007A1902EB0900081AA0612078C00602D412
:106EA0002046FFF7F9FD002608E0D4E901211AF891
:106EB00006009047206A401C761C20624E45F4DB99
:106EC0002078C0060AD52046FFF7E6FD06E0D4E9A3
:106ED000012130209047206A401C2062381EA7F113
:106EE0000107F4DC07E0D4E9012118F80500904718
:106EF000206A401C2062281EA5F10105F3DC204613
:106F0000FFF7E0FD2078000602D50220BDE8F087FB
:106F10000120FBE7074B70B50D467B4400F037F8C6
:106F20000446284600F046F810B14FF0FF3070BD1F
:106F3000204670BD471200004FF000020429C0F047
:106F4000128010F0030C00F0D780CCF1040CBCF1DF
:106F5000020F18BF00F8012BA8BF20F8022BA1EBED
:106F60000C0100F0C9B85FEAC17C24BF00F8012B16
:106F700000F8012B48BF00F8012B7047004870470C
:106F8000941A002001694A1C02610878704700B514
:106F90008FB0CDE901310021059105497944CDE952
:106FA000031011466846FFF707FE0FB000BD000052
:106FB000E5FFFFFF007B00F08000704710B54248FE
:106FC000542100F097F84148542100F093F84048CC
:106FD000542100F08FF83F493B483C4A3F4B086042
:106FE0003D490A603A491960531C0365481C106505
:106FF000012008653B48344A39A1784400F032FA50
:1070000020B9384878440A3800F0D1FA37482F4A76
:1070100035A1784400F026FA20B9344878440A387B
:1070200000F0C5FA32482A4A2FA1784400F01AFA33
:1070300020B92F4878440A3800F0B9FA4023224892
:10704000DC000021224600F0EAF920B1254878440E
:10705000543800F0ACFA1D4822464023002100F0CD
:10706000DEF920B121487844543800F0A0FA1848DD
:1070700022461023002100F0D2F9002806D01C4837
:107080007844BDE81040563800F091BA10BD104861
:1070900070B5006D20F001040B4800F059FA0B4860
:1070A00000F056FA0A4800F053FA09E0206D20F08B
:1070B0000105204600F04CFA204600F09EF82C46D0
:1070C000002CF3D170BD000098190020EC190020AD
:1070D000401A0020CC140020D0140020D41400202A
:1070E000720000009A490000770000008649000005
:1070F000724900004FF0000200B5134694469646D0
:10710000203922BFA0E80C50A0E80C50B1F12001BA
:10711000BFF4F7AF090728BFA0E80C5048BF0CC068
:107120005DF804EB890028BF40F8042B08BF7047C6
:1071300048BF20F8022B11F0804F18BF00F8012B38
:1071400070470EB5CDE9000100F0C8FB029069461A
:107150000120ABBE0EBD08B5694600900220ABBE53
:1071600008BD1FB58DE8070069460520ABBE04B019
:1071700010BD1FB58DE80F0069460620ABBEF6E7CF
:1071800008B5694600900920ABBE08BD1CB5CDE925
:10719000000169460A20ABBE1CBD704708B56946B0
:1071A00000900C20ABBE08BD00487047941A002028
:1071B0007546FFF7F9FFAE4605006946534620F0D5
:1071C0000700854618B020B5FDF724FFBDE8204034
:1071D0004FF000064FF000074FF000084FF0000B93
:1071E00021F00701AC46ACE8C009ACE8C009ACE846
:1071F000C009ACE8C0098D46704770B50446051F4C
:1072000000F0DEF90068002C14BF446870BD002C4B
:1072100018BFAC423CBF20466468F8D301680A1826
:10722000AA4218BF456003D12A680546114401608F
:1072300028684119A1421CBF6C6070BD616869601B
:1072400021680844286070BD2DE9F04705460C46CA
:10725000C86820F4201040F48000C860800602D581
:10726000084600F0FAFAE06841F282014FF0FF3977
:107270000140022903D0204600F098FAB5E000F45E
:107280002041B1F5004F0FD1C00306D56168E06A17
:10729000884200D80846606006E02069E0626060CD
:1072A0006069FFF77BFFA061A0680022EEB20028B2
:1072B0000DDAE1688B050AD4C043A06041F4903038
:1072C0002260E0606068411C61600670A5E0E068D3
:1072D0009046226040F40050E060206968BB60691D
:1072E000FFF74EFF012704F12405A0B1A08910F497
:1072F000407F08D0E06900F0AEF9206118B1E06885
:1073000040F4006016E0E7612561E06820F4407019
:1073100040F480600EE0E06900F09DF900282061F3
:10732000F1D0E06840F4006010F4407FE06002D1EA
:1073300040F48070E06020696060E06825696FF06B
:10734000010AC1051FD56168E06A884200D8084675
:10735000411B04D02246284600F032FAF0BBE06818
:10736000010203D5E562C4E9015854E0691CE162F9
:107370006160E16940F48030491EC4E90210304682
:107380002E70BDE8F087010202D500F480320AE0D9
:107390006068411C61600670E0680A2E40F480302D
:1073A000E06006D00022E16A6068814203D90B46A2
:1073B00002E00122F7E70346A7895B1B7F0503D4A0
:1073C000E7699F4200DDE2B1814200D80146E562F3
:1073D0000F1AC4E90158002B09DD00E005E0224640
:1073E0001946284600F0ECF908B14846C9E747B10C
:1073F000A069E5626560C01BA061E06840F0100014
:10740000E060E068000208D56168A069E562491B98
:1074100008446560A0615046B3E73046B1E770B5F7
:10742000C468A50713D0650211D4B2F5807F09D0D6
:10743000B2F5007F06D0B2F5806F08D1012300F1CC
:10744000240106E05D1E6FF07F46B54201D30120A6
:1074500070BD0161C361416024F470611143C1607A
:10746000002070BD2DE9F0410C4607461646104637
:1074700000F06EF82078611C61280AD0722802D0D2
:1074800077283CD102E00125002405E002250424F0
:1074900002E0082448F2020511F8010B2B2806D05F
:1074A000622809D011F8010C74280AD00BE045F0CD
:1074B000030544F00204EFE745F0040544F001043D
:1074C000EAE744F0100438462146FFF73AFE411C33
:1074D00015D00021316171604FF40071F560F161E8
:1074E0007061200704D530460222002100F0E2F846
:1074F000306D40F0010030653046BDE8F08100207D
:10750000FBE72DE9F0410D460646104C206DC10702
:1075100004D0410804D020F00104F7E722460EE031
:10752000542000F098F807000ED0206D47F00101BC
:107530000843542120653846FFF7DCFD3A462946CA
:107540003046BDE8F0418DE70020D6E798190020CD
:107550002DE9F04704464FF000094FF0FF37C568AA
:10756000D4E90486A80707D0204600F053F9304636
:10757000FFF7F1FD002802DA3846BDE8F08728055C
:1075800002D54046FFF739FE4C212046FFF7B2FDF9
:10759000206D20F0010020654846EEE710B5044656
:1075A000AFF300802046BDE81040F8F738BE10B5B4
:1075B00000F07AF9BDE8104000F070B970470000A3
:1075C000004870479C1A002070477047704770470A
:1075D00038B504460A4600206946AFF3008000280B
:1075E00008BF38BD02460099204600F0A4F90120EA
:1075F00038BD012000F0F3B9F8B5AFF300800546BF
:1076000000200C46102000BF0646A819A0420DD944
:10761000324669460020AFF30080070008BF00F043
:10762000DEF90098A04218BF0546C419FFF7C8FF4D
:1076300005600746F01D20F007004619284600F0B7
:1076400073F9B44208BFF8BDA21B31463868BDE8E3
:10765000F84000F070B970B50646FFF7B1FF056855
:1076600006F10B0020F00704B4429CBF002070BD5F
:107670002B466A68BAB11068A04210D304F1080121
:1076800088423CBF5068586007D351681019416068
:107690001168091B016058601460101D70BD13460D
:1076A0005268002AE7D121462846FFF791FF0028BB
:1076B000DED170BD2DE9F041044616460D464769FE
:1076C000007B80072ED03846FFF75AFD50BB3EB3F3
:1076D000012E02D0022E25D104E0204600F045F90B
:1076E00005441DE03846FFF759FDE168002841F0E8
:1076F0001001E16005DA204600F058F80120BDE8ED
:10770000F081C9030BD56268E16A914200D8114645
:10771000A26911442269891A814200DD08460544A4
:10772000002D01DA0220EAE7E16A6068E26881423E
:1077300006D29103E06203D522F4003141F0100239
:10774000A6690027AE4213DCE16A814201D90B46EB
:1077500000E0034603EB060C2369ACEB030CAC45DD
:1077600006DD814201D98C4600E084469C4505D166
:10777000A760276042F02000A5620DE0AD1BE6691E
:10778000AE1B8142A66000D90846C01A281A2060A4
:107790005819606022F0200003490840E060002092
:1077A00084F84870ABE70000BFCFD7FFC16821F471
:1077B000001141F08001C1600021816001607047CB
:1077C0002DE9F047814614460E464FF0FF38324807
:1077D000D5685769054209D03846A169FFF7D6FC3C
:1077E000002811DB2C48C0430540E5602B4632469B
:1077F00049463846FFF7B5FCA16920F00042B21AAD
:1078000011440028A16103D02046FFF7CFFF404676
:10781000BDE8F08770B504460569C06A61688842B2
:1078200000D80846E16821F42011E160C90312D5AF
:10783000A84208D02246411B2846FFF7C1FF10B1DD
:107840004FF0FF3070BD0020E562C4E90150E068F0
:1078500020F48030E060002070BD10B50446C068A0
:1078600020F02000E060A16AA06988420DD0204687
:10787000FFF7D0FFE06820F4405040F01000E060D7
:10788000A06AA0612069E062606044F24001E068A3
:107890008843E06010BD000010000200002801D005
:1078A00000F03CB87047000010B5014602A000F09F
:1078B0007DF8012010BD0000534947525452454401
:1078C0003A2052656469726563743A2063616E2779
:1078D00074206F70656E3A200000000010B5431CE4
:1078E00002E010F8011B71B18107FAD14FF00132AB
:1078F00002C88C1A8C4314EAC211F9D0C01A0A06C5
:1079000003D0C01E10BDC01A10BD0A0401D0801ED5
:1079100010BD0902FCD0401E10BD00000149182016
:10792000ABBEFEE72600020000210160C0E90110A5
:10793000704710207047034640688C46002818BFE7
:1079400088423CBF03464068F8D318681844884210
:1079500007D00CF1030020F00700001D411A521A55
:107960000146081D0A60FFF748BC10B50146C26811
:10797000900703D0900607D5886A0AE0FFF7FEFA61
:1079800001210160881E10BD8B69486818440B698D
:10799000C01A91F848301BB191F84910401A10BD37
:1079A0001103FCD50028FADD401E10BD70B5054658
:1079B0000C460A2000E06D1C00F018F835B128785C
:1079C0000028F8D102E0641C00F010F814B120780F
:1079D0000028F8D1BDE870400A2000F007B810B5C3
:1079E00000F00CF8BDE81040FFF758BF08B5694635
:1079F0008DF800000320ABBE08BD000010B50128C3
:107A000005D0002103A0FFF7D1FF012010BD09A17F
:107A1000F8E7000053494752544D454D3A204F7501
:107A200074206F662068656170206D656D6F727976
:107A3000000000003A2048656170206D656D6F722E
:107A40007920636F7272757074656400490050EA42
:107A5000C12018BF04204A0D18BF40F0010040F2B9
:107A6000FF72B2EB515F08BF40F00200012808BF6F
:107A7000052070472DE9F0414F1E00EBC701044679
:107A8000D1E9000115461E4637F006020DD02A4600
:107A9000334600F0EDFD7F1E04EBC703D3E900235E
:107AA00000F0C6FB37F00602F1D1022F25D0042FDB
:107AB00013D0062F18BFBDE8F0812A46334600F0E8
:107AC000D7FDD4E90A2300F0B3FB2A46334600F081
:107AD000CFFDD4E9082300F0ABFB2A46334600F083
:107AE000C7FDD4E9062300F0A3FB2A46334600F085
:107AF000BFFDD4E9042300F09BFB2A46334600F087
:107B0000B7FDD4E9022300F093FB2A46334600F088
:107B1000AFFDD4E90023BDE8F04100F089BB0122AC
:107B200001F05BBC00F084BB0022134610461146F6
:107B300000F02EBC024A0020110701F04EBC0000EC
:107B400001FDFFFF30380A2801D2012070470020D4
:107B5000704700002DE9F04D8D4F21F0004A86B0AE
:107B600005460C46BA452ADBAAEB070028430AD093
:107B70008848824501DC1AD1CDB106B02846BDE85F
:107B8000F04DFFF7CCBF844A844B284600F070FDCF
:107B900007460E46824A834B2846214600F068FD80
:107BA00006B03A463346BDE8F04D00F041BB012037
:107BB000FFF751F906B0BDE8F04DFFF7B5BF7A48C1
:107BC000824542DABAF1795F0BDA2846FFF73EFFC9
:107BD000042808BFFFF7AEFF284606B02146BDE8DF
:107BE000F08D2A460B46104600F042FD83460246C1
:107BF0006E480E460B4606217844FFF73BFF5A4677
:107C0000334600F035FD804669488A465A46334679
:107C100004217844FFF72EFF5A46334600F028FD32
:107C200000223B4600F004FB02460B46404651460C
:107C300000F0AEFB2A46234600F01AFD06B02A46A5
:107C40002346BDE8F04D00F0F3BA284624F0004189
:107C500000223D463B4600F009FE4FF0FF3201F0A6
:107C6000BCFB0646024653480F460B4606217844A5
:107C7000FFF700FF32463B4600F0FAFCCDE9000179
:107C80004D4832463B4604217844FFF7F3FE324626
:107C90003B4600F0EDFC00222B4600F0C9FA83467B
:107CA00002913046394600F06AFA804643480D4654
:107CB000504517DCDDE900015A46029B00F068FBE5
:107CC00042462B4600F0D4FC42462B4600F0B0FA68
:107CD000012201F082FB304A304B00F0B9FE304AFD
:107CE000304B4CE04FF0000A52460B46404600F045
:107CF0009FFACDE9031052462B461046194600F074
:107D0000B7FC32463B4600F0B1FDDDE9033200F03E
:107D10003FFB06460F46DDE900015A46029B00F094
:107D200037FB8346009101223046394601F055FB6E
:107D3000194A1A4B00F09AFD06460F4601224046AA
:107D4000294601F04AFB5A46009B00F091FC32465E
:107D50003B4600F07DFE06460F460122504629466E
:107D600001F03BFB0E4DDFF858802A46434600F0F9
:107D70007DFD32463B4600F079FD2A46434600F041
:107D800075FD002CD8BF81F0004106B0BDE8F08D34
:107D90000000F03F0000F07F075C143326A6913C02
:107DA000182D4454FB21F93F0000E03FAC3C00009B
:107DB000C23C0000363C00004C3C00003333EF3F37
:107DC000FB21E93F2DE9F84F04460D4621F0004024
:107DD00000917349814211DC7249884201DC06D16D
:107DE0002CB120462946BDE8F84FFFF798BE6E48F3
:107DF000002DCCBF6D496E49BDE8F88F6D498142B9
:107E000011DD6D498142D8BF4FF0FF366DDD204650
:107E10002946FFF71BFE042808BFFFF78BFE20460C
:107E20002946BDE8F88F6549654F25F00045814238
:107E300033DD6449814219DD002632464FF080432C
:107E40002046294600F0F4F980468A460122204661
:107E5000294601F0C2FA00223B4600F0F9FD4246F5
:107E6000534600F095FA04460D463EE001260022F6
:107E7000BA463B462046294600F0DAF980460F46CE
:107E8000002253462046294600F0E2FD42463B468A
:107E900000F07EFA04460D4627E04B4981421BDD87
:107EA000DFF828A10226002253462046294600F08A
:107EB000DFFB00223B4600F0BBF980460F46002264
:107EC00053462046294600F0C3FD42463B4600F09B
:107ED0005FFA04460D4608E0032622462B460020A2
:107EE0003B4900F055FA04460D4622462B46104603
:107EF000194600F0BDFB8B46824602460B4600F059
:107F0000B7FB07460246334888460B4606217844AD
:107F1000FFF7B0FD52465B4600F0AAFB82462E48B2
:107F20008B463A46434605217844FFF7A3FD3A467F
:107F3000434600F09DFB02460B46002E5046594634
:107F40000CDA00F075F922462B4600F091FB01B0E7
:107F500022462B46BDE8F04F00F088BC00F068F9DF
:107F600022462B4600F084FB1C4A7A4402EBC603EF
:107F7000D3E9002300F06CFD22462B4600F068FD9B
:107F8000174A7A4402EBC603D3E9002300F06EFCE3
:107F9000009A002AB8BF81F00041BDE8F88F0000C8
:107FA000000010440000F07F182D4454FB21F93FDD
:107FB000FB21F9BF0000DC3F0000203E0000F33F42
:107FC0000000F03F0000E63F008003400000F83F63
:107FD0000000F0BF4E3A00000C3A0000AA39000041
:107FE000723900002DE9F04D9446CCF1000423F0E5
:107FF00000464CEA0404524F46EAD4749A46884636
:1080000021F00042BC4206D8454240EA050442EA5B
:10801000D474BC4204D9BDE8F04D6246FFF782BD7E
:10802000AAF14055A5F17F6555EA0C040BD0022456
:1080300004EAAA74434DDFF810E144EAD87452EA26
:10804000000B04D00CE0BDE8F04DFFF7BBBE002CE8
:1080500014BF012CBDE8F08D022C30D0032C32D09F
:1080600056EA0C0B0AD0BE4220D1BA4209D126F002
:10807000804622F080423346114617E000291ADB81
:1080800025E0DFF8C8B0FB44002C04BFDBE90001A9
:10809000BDE8F08D012C02BFDBE9000181F0004159
:1080A000BDE8F08D022C0AD0032C0CD0BA4212D1BC
:1080B000B8F1000F0BDA23482549BDE8F08D2846BA
:1080C0002449BDE8F08D28467146BDE8F08D1D4875
:1080D0002149BDE8F08D921B12153C2AC4BF1948F6
:1080E0001D490EDCBAF1000FBEBF12F13C0F00209B
:1080F000014606DB624600F04BF921F00041FFF734
:1081000061FE002C08BFBDE8F08D012C04BF81F09A
:108110000041BDE8F08D114A114B022C07D000F050
:1081200097FC2A46BDE8F04D0A4B00F091BC00F0E8
:108130008FFC2A46BDE8F04D064B00F097BB0000CF
:108140000000F07F182D4454FB2109C006390000BF
:10815000FB21F9BFFB210940FB21F93F075C1433E8
:1081600026A6A13C8A68002A01DCFFF76DB8521EE2
:108170008A604A68C0B2531C4B60107070472DE98A
:10818000F04106460F4600F07DFB041E0D4618BF69
:108190000120284320F00040C0F17F6000F1E04062
:1081A000C00F0ED0301C18BF0120384320F0004013
:1081B000C0F17F6000F1E040C00F04BF0120FEF776
:1081C0004AFE20462946BDE8F081000021F0004229
:1081D000A2F16052B2F5801F01F0004328BFD2F136
:1081E0007F6C0BD95FEA001C43EAC20242EB50707D
:1081F00018BF704728BF20F001007047B2F5801FFC
:10820000BCBF184670474FEA410C1CF5001F02D254
:10821000084600F0FABF70B500F0D4FA00000089FB
:10822000FFF7F6BF4FF00040A0F580007047000058
:1082300010B591EA030F48BF83F0004300F11084AA
:10824000841A71EB030C05D2121943EB0C03001BCB
:1082500061EB0C01DFF824E14FEA1154A4EB135C4D
:108260001EEA430F18BF9EEA445F73D023EA0E0351
:10827000DCF1200E21EA045143F4801332D322FAB8
:108280000CFE10EB0E0023FA0CFE41EB0E01CCF1BC
:10829000200E03FA0EFE10EB0E0051F10001B1F5B5
:1082A000801FCCF1200E32D201EB045112FA0EF2F3
:1082B000BDE8104058BF7047401C38BF5FEA42021B
:1082C00018BF7047002814BF20F0010041F10001E1
:1082D0004FEA410313F5001F38BF7047A1F1C041B9
:1082E00000F0BEBA012A43EB0302ACF1200CDCF132
:1082F0001F0E32BF4FF0000E23FA0CF310EB0300F9
:1083000041EB0451B4EB115FD0D0A1EB045101F566
:10831000801149085FEA300001EB04510ED350F19F
:10832000000038BF12FA0EFE08D1BDE81040C9E7C0
:10833000401C38BF5FEA4202CAD1C3E7BDE8104023
:108340004FEA410313F5001F38BF7047A1F1C04148
:1083500000F086BA9EEA445F08D011EA5E0FBDE8DD
:10836000104004BF01F0004100207047BDE81040FC
:1083700070B500F027FA00BF64FBBE3E0000E0FFCE
:1083800002494FF0000000F0F6BF00BF0000F87F88
:108390002DE9C04130B4DFF8A0C23CEA111418BF87
:1083A0003CEA131400F0EC8081EA03051CEA111486
:1083B00044EAD57418BF1CEA131500F0C780A4EB7B
:1083C00005044FF0004545EAC12145EAC32341EACF
:1083D000505143EA525304F17F74994204F500343A
:1083E0004FEAC0204FEAC22208BF904200F09C80B2
:1083F0004FEA13650FF24016765D4FEA134506FB10
:1084000005F7C7F1807706FB07F74FEAD737A7FBD9
:1084100003687642C8F58038A7FB06CE38BFA8F1BE
:10842000010807FB08E64FF0000EA6FB028CE6FBF6
:1084300003CEDCF1000CCEF1004E38BFAEF1010EE0
:10844000A6FB0C584FF000074FF00005E6FB0E8727
:10845000A1FB08C6A0FB07CE16EB0E0645F10005F2
:10846000E1FB076515F1E04E7EBFA4F580345FEABD
:1084700046066D4116F1800745F100054FEA1727C2
:108480004FEA066647EA0567A6F1DE46B6F1805F69
:108490004FEA15251FD9384624F0010C05EBC471AD
:1084A000BCF1FE6F01EB0C1102D8F0BCBDE80081FD
:1084B00024425CBF01F5801E9EEAC47F02D4F0BC5A
:1084C000BDE80081244238D4F0BCA1F1C041BDE830
:1084D000004100F0C5B94FEAD22242EA43524FEAC6
:1084E000D323A7FB02864FEAD02040EA415007FB86
:1084F00003661EEA0E0F4FEAD12105FB026658BF44
:10850000A6EB0056B6EB00564FEA520E4EEAC37E7B
:1085100018EB0E0E56EB530EBDD518EB02085E415C
:108520007F1C55F10005B6E74FF480154FF00007AA
:108530004FF000064FF00008ADE7F0BC4FF0000030
:1085400001F1C04101F00041BDE8008111EA0C1FBA
:108550000CEA131500D00CE013EA0C1F00F0258084
:108560004FF00000F0BC81EA030101F00041BDE8DA
:108570000081F0BCBDE8004181EA030100F070B960
:10858000F0BCBDE8004170B500F01CF9097EFC3E6E
:1085900000F007B881EA03014FF0000001F000414C
:1085A000704781EA030100F05BB9F0BCBDE800410F
:1085B0004FF0000021497047FFFDFBF9F7F5F4F299
:1085C000F0EEEDEBE9E8E6E4E3E1E0DEDDDBDAD86E
:1085D000D7D5D4D3D1D0CFCDCCCBCAC8C7C6C5C4CC
:1085E000C2C1C0BFBEBDBCBBBAB9B8B7B6B5B4B3E3
:1085F000B2B1B0AFAEADACABAAA9A8A8A7A6A5A4CE
:10860000A3A3A2A1A09F9F9E9D9C9C9B9A99999891
:108610009797969595949393929191908F8F8E8E34
:108620008D8C8C8B8B8A89898888878786858584C1
:1086300084838382828181800000FF070000F87FAD
:1086400010F0004248BF4042B0FA80F310FA03F144
:108650000AD0C3F11D0303F580634FEA415002EBDA
:10866000035202EBD12170474FF000007047000029
:10867000DFF848C170B51CEA111E1EBF1CEA1315B5
:108680009EEA0C0F95EA0C0F00F06F8081EA03045C
:1086900023EA4C134EEAD47E21EA4C1141F48011B6
:1086A00043F48013AE44A1FB024CA0FB0365AEF182
:1086B0007F7E361955EB0C05A1FB034C4CF10003F2
:1086C000A0FB021C16EB0C06654153F100030942A6
:1086D00018BF46F0010613F4007F0BD14FEA0331B7
:1086E0004FEA0530340341EA155140EA16506FF065
:1086F00003020AE04FEAC3214FEAC520F40241EA2F
:10870000555140EA56506FF0020202EB2E4201EB47
:10871000025585EACE710AD05FEA440C18BF24F0F6
:10872000004450F1000041F1000120EAD47040F211
:10873000FE7C624500D270BDA84214BF4FF0804459
:108740004FF04044002E08BF0024BEF1806FA8BF48
:10875000A1F1C041BDE8704080F282804FF000007E
:1087600001F1C04101F0004170479EEA0C0F0CEA94
:10877000131518BF95EA0C0F06D04FF0000081EAE0
:10878000030E0EF0004170BD00F01CF88900013EA0
:1087900000F007B800F009B84FEA430C5FEA5C5CF0
:1087A00008D081EA030100F05BB84FEA410C5FEAB0
:1087B0005C5CF6D14FF00000014970470000FF07F4
:1087C0000000F87F0EF1020E2EF0030E5EF8046B2F
:1087D000364205D4012A43EB030515F5001F12D8D4
:1087E000012841EB010C1CF5001F0CD80ED14FEAFB
:1087F000D17C15F5001F0CEB4C0C0CF1020C08BFE2
:108800004CEBD37C04E04FF0080C01E04FEAD37C42
:108810000CEB4C0526FA05F606F00706B6F1040C3B
:1088200006D20EEB860CBDE870404CF0010C6047A0
:10883000DFE80CF0090B02024FF000414FF000009E
:10884000A1F5002170BD19461046012851EB010425
:1088500018BFD4F5001484BF002001F0004170BDA2
:108860000808A0F500114FEA3101704791EA030FA3
:1088700010B581F000413FF5E3AC83F0004300F018
:10888000EFB800002DE9F04101F5801CBCF5001F98
:10889000C0F2C3804FEA115C21EA0C510CF1FD0CCF
:1088A00041F480115FEA5C0C0CF5C07C01D3400000
:1088B00049413DA4890241EA905187028E0E0A0C7B
:1088C000A45D04FB04F602FB06F6C6F14046A4FBD9
:1088D0000662F60D46EA422606FB06F4A4FB0123D7
:1088E0005242C3F1404338BF5B1EA6FB0242002444
:1088F000E6FB0324D20B42EA4446A6FB0623A1FB77
:1089000002E2A3FB07E4A4184FF0000252F10002B8
:10891000E3FB01426442C2F1404E38BFAEF1010EAA
:10892000A6FB04234FF00002E6FB0E32A2FB034637
:108930004FF00004B61954F10004E2FB0264A1FBFD
:1089400006E6A4FB07E816EB08064FF0000858F10E
:108950000008E4FB01687642C8F1405838BFA8F12E
:108960000108A2FB06E4A3FB08E52D194FF0000463
:1089700054F10004E2FB0854A1FB05E6A7FB04E860
:1089800018EB06084FF0000656F10006E1FB0486DE
:1089900018F1200556F10006A809A8F11B08B10935
:1089A00008F03F08B8F10A0F40EA86601CD901EBD5
:1089B0000C51BDE8F08100BFFCF5EEE8E2DDD8D354
:1089C000CFCBC7C3C0BDB9B6B4B1AEACA9A7A5A340
:1089D000A19F9D9B9A9896959392908F8D8C8B8951
:1089E0008887868584838281A0FB006800FB01F272
:1089F00008EB4208B8EB872807D5341858EB010478
:108A0000D5D5401C51F10001D1E7341A78EB0104AF
:108A1000CDD4401E71F10001C9E75FEA4C0C5FEA5A
:108A20009C5C0DD105D34FF0000001F00041BDE882
:108A3000F081BDE8F04170B5FFF7C4FE6DDBFFBE0D
:108A4000BDE8F0414FF00000004970470000F87F9A
:108A500010B591EA030F48BF83F000433FF5F0AB38
:108A6000841A71EB030C07D212198CF0004C43EB03
:108A70000C03001B61EB0C01DFF8A4E14FEA115479
:108A8000A4EB135C1EEA430F18BF9EEA445F00F09C
:108A9000B08023EA6E03524221EA0451C3EB6E0315
:108AA00038BF5B1EDCF1200E25D322FA0CFE10EB42
:108AB0000E0043FA0CFE41EB0E01CCF1200E03FA3E
:108AC0000EFE10EB0E0051F10001CCF1200E29D466
:108AD00012FA0EF201EB0451BDE8104058BF704786
:108AE000401C1CBFB2F1004F704700280CBF491C4E
:108AF00020F00100704712EB020E43EB030218BF97
:108B00004FF0010E4EEA4202ACF1200CDCF11E0ED9
:108B100054D943FA0CFE10EB0E0051F1FF31CCF1A9
:108B20001E0ED5D50EF1010E12FA0EFE404141EB9C
:108B3000010101EB445C5FEA5C5C10D910EBDE7074
:108B400001EB045138BFBEF1004FBDE8104018BF23
:108B5000704700280CBF491C20F00100704730D23C
:108B60004FEAD42C11F5001124F400641BD0B1FAA3
:108B700081F20B3AA41AA41ED2F12003914030FADC
:108B800003F31943904001EBCC71002C01EB04512D
:108B9000BDE81040A8BF704701F1C0414FF0000090
:108BA00001F000417047B0FA80F310FA03F100D1F0
:108BB00010BDE41A173C4805C90AE4E701EB04516B
:108BC00010BD491001EB0451BDE810404FEA3000E0
:108BD00002E04FF0000170474A0008BF0042F8D0A1
:108BE000B2F5001F28BF704701F000414FF00000B0
:108BF00070479EEA445F07D011EA5E0FBDE810405F
:108C000004BF002100207047BDE8104070B5FFF799
:108C1000D9FD00BF40DFF63E83F0004110467047AB
:108C20000000E0FF43004FEAD30C4FEA3C0C434006
:108C30001FBF40070CF1605113F0FE4F70471CF04E
:108C4000006F03D100200CF0004170470CF000438E
:108C500043EA507010B540EACC0000F090FA00BF33
:108C6000000000924FEA0001FFF7FABD4FF000410B
:108C70004FF00000A1F500217047000090EA010FBD
:108C800048BF81F0004100F10883421A3CBF801ABE
:108C900089184FEAD0524FF07F4C1CEA410FA2EBEB
:108CA000D15318BF9CEA026F00F03B804FF0004C9C
:108CB0004CEA00204CEA012121FA03FC10EB0C0CD9
:108CC0001ED202F1FF325FEA1C2040EBC25038BFD7
:108CD00070471CF07F0F4FEA400C18BFBCF17F4F6C
:108CE00038BF7047C3F12003994008BF20F001004E
:108CF000BCF17F4F38BF7047A0F1C04000F085BA8B
:108D00004FEA3C00000A40EBC25028BF1CF0FF0FA6
:108D10004FEA400CE6D018BFBCF17F4F38BF704718
:108D2000EAE79CEA026F05D010EA5C0F08BF00F08A
:108D30000040704710B500F022FA00BF64FBBE3E51
:108D4000401058BFC0F14040491058BFC1F14041E8
:108D50008142EFF3008070474FF47F0C1CEAD01281
:108D60001EBF1CEAD11392EA0C0F93EA0C0F00F01D
:108D7000858090EA010F48BF42F4807240F4000CF5
:108D800041F400002CF07F4120F07F4000B581428B
:108D9000A2EB03020FF2081CACEB504EC0F1000036
:108DA0009EF800E04FEA4E0E00FB0EFC38BF490073
:108DB0004FEA2C1C02F5FA020CFB0EF34FEACE1E12
:108DC0004FEA112C4FEAC1210EEB635E42EB2242C7
:108DD0000EFB0CFC4FEA1C5300FB03114FEA112C55
:108DE0004FEA01310EFB0CFC4FEADC4C00FB0C118E
:108DF000C14228BF09184CEB03335DF804EB10EBBC
:108E0000410143EBC250B2F57C0F38BF704729D502
:108E100012F0F00F1CBF00F1C04000F0004070479E
:108E2000008182838485868788898B8C8D8E8F9143
:108E30009293959697999A9C9D9FA0A2A3A5A7A867
:108E4000AAACAEB0B2B3B5B7B9BCBEC0C2C5C7C993
:108E5000CCCED1D4D7D9DCDFE2E6E9ECF0F3F7FAF7
:108E6000FE0000004FEA400C0CF1807CBCF17E4F0C
:108E700028BF7047B0F1C04000F0C7B990EA010FB9
:108E80000CEAD11348BF42F48072624538BF634593
:108E900007D213F47F0F16D080EA010000F00040E3
:108EA000704710B500F06BF9097EFC3E00F005B884
:108EB00080EA010000F00040704780EA010000F005
:108EC000004000F0A2B912F47F0F04BF02487047BF
:108ED00080EA010000F099B90000C07F50EA010C5F
:108EE00000F113801CF5000F58BFBCF5000F01D432
:108EF0008842704707D710F5000F58BF11F5000FD3
:108F000015D488427047894270471CF5000F04D57C
:108F1000BCF5000FF7D5814270474FF0807C1CEB09
:108F2000400F38BF1CEB410F01D28142704710B592
:108F300000F025F9922449004FF000504FF0805185
:108F4000FFF7FEBE41000B0ED3F19E0208D950F48C
:108F500000034FEA032323FA02F048BF4042704760
:108F600010B500F00CF900BF499224800020704732
:108F70006FF0004282EA200070470000C10DD1F17D
:108F80009E0206DB4FEA002343F0004323FA02F07F
:108F90007047004207D54FEA4001B1F1FE4F02D2BF
:108FA0004FF00000704710B500F0E9F849922480B6
:108FB000002070476FEA20007047000010F0004169
:108FC00048BF4042B0FA80F310FA03F2C3F19D03A8
:108FD0000BD051EAC35101EB1220530638BF704742
:108FE00000F1010008BF20F001007047B0FA80F3E3
:108FF00010FA03F2C3F19D030AD0D90501EB122048
:10900000530638BF704700F1010008BF20F001008F
:109010007047000050EA010C00F113801CF5000FAE
:1090200058BFBCF5000F01D48842704707D710F530
:10903000000F58BF11F5000F15D4884270478942C0
:1090400070471CF5000F04D5BCF5000FF7D5814221
:1090500070474FF0807C1CEB400F38BF1CEB410F7A
:1090600001D28142704710B500F089F8922449007E
:109070004FF000504FF08051FFF762BE4FF47F0C6D
:109080001CEAD0121EBF1CEAD11392EA0C0F93EA1D
:109090000C0F00F0478090EA010F48BF42F4807245
:1090A0004FF0004C4CEA00204CEA012102EB030295
:1090B000A0FB0113A2F50002002918BF43F0010331
:1090C0005B0028BF4FEA330342EB22425FEA132CD6
:1090D0004CEBC2502EBFBCEB436FB2F57C0F704718
:1090E0004FEA036CBCF1004F08BF20F00100B2F55D
:1090F0007C0F38BF70470BD582F0FF0212F5803F1E
:10910000C8BF704700F1C040D8BF00F000407047B2
:1091100000F5000C5FEA4C0C48BF7047B0F1C0404E
:1091200000F073B890EA010F0CEAD11348BF42F483
:109130008072624538BF634504D280EA010000F0C6
:109140000040704710B500F01AF800BF8900013EDA
:1091500000F007B800F009B85FEA410C5FEA1C6C48
:1091600008D080EA010000F050B85FEA400C5FEAE6
:109170001C6CF6D14FF00040A0F5800070470EF156
:10918000020E2EF0030E5EF8044B244204D44FEA84
:109190004102B2F17F4F11D84FEA4003B3F17F4F44
:1091A0000CD80ED14FEAD07CB2F17F4F0CEB4C0CB7
:1091B0000CF1020C08BF4CEBD17C04E04FF0080C22
:1091C00001E04FEAD17C0CEB4C0324FA03F404F0E9
:1091D0000704B4F1040C06D20EEB840CBDE8104079
:1091E0004CF0010C6047DFE80CF0070802024FF07A
:1091F0000040A0F5800010BD0846420018BFD2F123
:10920000807288BF00F0004010BDFF2141EAD050BD
:10921000C005704751EA000C00F113801CF5000FE7
:1092200058BFBCF5000F01D48142704707D711F534
:10923000000F58BF10F5000F15D4814270478942C6
:1092400070471CF5000F04D5BCF5000FF7D5884218
:1092500070474FF0807C1CEB410F38BF1CEB400F78
:1092600001D28842704780EA010081EA000180EA69
:109270000100FFF7F8BE80F0004090EA010F7FF593
:1092800004AD81F0004100F008B8000090EA010F41
:1092900048BF81F000413FF5F8AC421A04D882F093
:1092A0000042A0EB020011444FEAD0524FF07F4C35
:1092B0001CEA410FA2EBD15318BF9CEA026F4AD0BF
:1092C0004FF0004C4CEA00204CEA012121FA03FC4B
:1092D000B0EB0C0C0FD412F0FE0F36D05FEA4C004E
:1092E0001DD5001240EBC25038BF70471CF03F0F35
:1092F00018BF70470BE0A2F101025FEA1C2040EBAF
:10930000C25038BF70471CF07F0F18BF7047C3F1C1
:109310002003994014BF401E20F0010070478008D0
:109320004FEA122308BF7047B0FA80FCA2EB0C0290
:10933000CCF1280C60FA0CF093EA122F04BF00EB7A
:10934000C25070474FEAC3707047130A5FEADC10DF
:1093500008BF7047F6E79CEA026F04D010EA5C0F82
:1093600008BF0020704710B5FFF709FF40DFF63E49
:1093700081F0004070470CF00F03092B08BF082054
:1093800000F059800A2B0BD0082B18BF704708BF7C
:109390001CF0400F0AD04FF000004FF00001704762
:1093A0001CF0400F18BF4FF0004070471CF0100F2A
:1093B00008D020F0704300F07F4242EAD3014FEA28
:1093C0004370704700F0604021F07F4242EA0002A3
:1093D00001F07F4040EA727070474FF0FF0C4CF490
:1093E000E06C1CEA11531CBF9CEA030C9445C2BFFD
:1093F000DA4201EB02517047002B0DD0BCF1000F97
:109400000FD0002A01F00041A4BF41F0E04141F03B
:109410007F614FF00000704701F000414FF0000005
:10942000704750EA01334FF09B0C18BF4CF0806C32
:109430007EF4A6AF70471CF4801F11D01CF4E02FFF
:1094400003D06FEACC31490070474FF04050EFF342
:10945000008222F0704242EA000282F300887047E4
:109460004FF0000070470000700000000024000072
:1094700000020003000000650054FFEF0000FA80C6
:10948000000B12820001030C30C30E8C8CE914D542
:10949000400213710F8E3883F8833000F883258ED5
:1094A000F8833000F883FFFFFFFF0FFEA9D62400EA
:1094B00004001A8279A10000003CFFFF00000010A8
:1094C000000038836FA2003E03304000000002CA53
:1094D000E3093E8000002000000000000000400082
:1094E000000060000000000C0000000C186E00007E
:1094F00006920A16C0DFFFFF0256FD8CD377FFE10C
:10950000C496E0C5BEAA00000000FFFF0B2B0000C0
:109510001657000003594000000000001DFA000229
:109520006C1D000000003FFFDFEB003EB3B6000DF6
:10953000227800002F3C00000000001942B5000016
:1095400039A20000B365D90E9FC91DCF4C3430003D
:109550000000500000003BB67AE80064000000C83C
:10956000000000000000100000001000FA9210003F
:10957000225E000D229F0001000000320000FF4625
:10958000000063D400001000000004D6000004CCEA
:10959000000004CC00000000107200000040000039
:1095A00000000000000000060002000500070000A7
:1095B000000000640000000000000000000500053D
:1095C0000064002000000000000000000000000017
:1095D00040000000030000000032F8980000FF6522
:1095E0000000830F0000FF9BFC0000000000000053
:1095F000000000000000000000000000000000006B
:10960000000000000000000000000000000000005A
:1096100000000000100040000000000000060000F4
:10962000B26A000200000001FB830068000000D95C
:10963000FC007CF1FF830000000000650000006476
:1096400003E800640028000000250000000016A0C8
:1096500000000000100000001000002F00000000BB
:1096600001F40000100000280000FFFF4581FFFF0B
:10967000FA72000000000000000000440005000530
:10968000BAC6004778A200000001000000000000F8
:109690000600000000140000254D002F706D000032
:1096A00005AE000C02D00000000000000000000029
:1096B000000000000000001B00000000000000008F
:1096C000000000000000006400000008000000002E
:1096D000000000000000000000000000000000008A
:1096E000000000000000000000000000000000007A
:1096F000000000000000000000000000000000006A
:109700000000000000000000000000000000000059
:109710000000000000000000000000000000000049
:10972000000000000000001B00000000000000001E
:109730000000000E000E00000AC700040000000038
:109740000032FFFFFF9C00000B2B00000002000016
:10975000000100000064FFE50000000000000000C0
:1097600000000000000000000001000000000001F7
:1097700000000000000000018000000180000001E6
:109780008000002426D30000000000000000000636
:1097900000100096003C00000000000000000000E7
:1097A0000000000000000C0A4E68CDCF770950166B
:1097B0006759C619CE8200000000000000000000BA
:1097C000000000000000000000000000000017D7AB
:1097D0008400030000000000000000000000C793A8
:1097E0008F9D1E1B1C1900000000000000000000DF
:1097F0000000000000000000000000000000020364
:109800001885000040000000000300000003000075
:109810000000000000004000000000000000000008
:109820000000000000000000000000000000000038
:109830000000000000000000000000000000000028
:1098400000000000000000000000677DDF7E7290D5
:109850002E554CF6E68800000000000000000000D5
:10986000000000000000D8DCB4B8B0D8B9ABF3F801
:10987000FAB3B7BB8E9EAEF132F51BF1B4B8B0802F
:1098800097F1A9DFDFDFAADFDFDFF2AAC5CDC7A925
:109890000CC92C97F1A989264666B28999A92D553C
:1098A0007DB0B08AA896365676F1BAA3B4B280C01D
:1098B000B8A89711B28398BAA3F02408441064188A
:1098C000B2B9B49883F1A329557DBAB5B1A38393F6
:1098D000F0002850F5B2B6AA839328547CF1B9A3BE
:1098E000829361BAA2DADEDFDB819AB9AEF56068F5
:1098F00070F1DABAA2DFD9BAA2FAB9A38292DB3147
:10990000BAA2D9BAA2F8DF85A4D0C1BBAD83C2C5C3
:10991000C7B8A2DFDFDFBAA0DFDFDFD8D8F1B8AA8F
:10992000B38DB4980D355DB2B6BAAF8C96198F9FD2
:10993000A70E161EB49AB8AA872C547CBAA4B08A73
:10994000B691325676B28494A4C808CDD8B8B4B0D3
:10995000F19982A82D557D98A80E161EA22C547C34
:1099600092A4F02C5078F184A898C4CDFCD80DDBDB
:10997000A8FC2DF3D9BAA6F8DABAA6DED8BAB2B6E0
:109980008696A6D0F3C841DAA6C8F8D8B0B4B88293
:10999000A892F52C548898F135D9F418D8F1A2D0B2
:1099A000F8F9A884D9C7DFF8F883C5DADF69DF835F
:1099B000C1D8F40114F1A8824EA884F311D182F524
:1099C000D992289788F109F41C1CD884A8F3C0F90F
:1099D000D1D99782F129F40DD8F3F9F9D1D982F4CC
:1099E000C203D8DEDF1AD8F1A2FAF9A88498D9C741
:1099F000DFF8F8F883C7DADF69DFF883C3D8F4014A
:109A000014F198A8822EA884F311D182F5D992502E
:109A10009788F109F41CD884A8F3C0F8F9D1D99734
:109A200082F149F40DD8F3F9F9D1D982F4C403D8FD
:109A3000DEDFD8F1AD8898CCA809F9D98292A8F5D3
:109A40007CF1883ACF944A6E98DB6931DAADF2DE68
:109A5000F9D88795A8F221D1DAA5F9F417D9F1AE92
:109A60008ED0C0C3AE82C684C3A88595C8A588F22F
:109A7000C0F1F4010EF18E9EA8C63E56F554F18851
:109A800072F40115F19845856EF58E9E0488F142B9
:109A9000985A8E9E068869F4011CF1981E1108D010
:109AA000F504F11E970202983625DBF9D985A5F356
:109AB000C1DA85A5F3DFD88595A8F309DAA5FAD828
:109AC0008292A8F578F1881A849F26889821DAF482
:109AD0001DF3D8879F39D1AFD9DFDFFBF9F40CF341
:109AE000D8FAD0F8DAF9F9D0DFD9F9D8F40BD8F3ED
:109AF000879F39D1AFD9DFDFF41DF3D8FAFCA8690D
:109B0000F9F9AFD0DADEFAD9F88F9FA8F1CCF39843
:109B1000DB45D9AFDFD0F8D8F18F9FA8CAF3880909
:109B2000DAAF8FCBF8D8F2AD978D0CD9A5DFF9BAA3
:109B3000A6F3FAF412F2D8950DD1D9BAA6F3FADA4F
:109B4000A5F2C1BAA6F3DFD8F1BAB2B68696A6D00E
:109B5000CAF349DAA6CBF8D8B0B4B8D8AD84F2C00D
:109B6000DFF18FCBC3A8B2B68696C8C1CBC3F3B022
:109B7000B48898A821DB718D9D71859521D9ADF2AE
:109B8000FAD88597A828D9F408D8F28D29DAF405EF
:109B9000D9F285A4C2F2D8A88D9401D1D9F411F2DA
:109BA000D88721D8F40AD8F28498A8C801D1D9F46A
:109BB00011D8F3A4C8BBAFD0F2DEF8F8F8F8F8F883
:109BC000F8F8D8F1B8F6B5B9B08A95A3DE3CA3D9B8
:109BD000F8D85CA3D9F8D87CA3D9F8D8F8F9D1A5DE
:109BE000D9DFDAFAD8B18530F7D9DED8F830ADDA76
:109BF000DED8F2B48C99A32D557DA083DFDFDFB5CD
:109C000091A0F629D9FBD8A0FC29D9FAD8A0D05127
:109C1000D9F8D8FC51D9F9D879D9FBD8A0D0FC799A
:109C2000D9FAD8A1F9F9F9F9F9A0DADFDFDFD8A17B
:109C3000F8F8F8F8F8ACDEF8ADDE8393AC2C547C81
:109C4000F1A8DFDFDFF69D2CDAA0DFD9FADB2DF8F3
:109C5000D8A850DAA0D0DED9D0F8F8F8DB55F8D87B
:109C6000A878DAA0D0DFD9D0FAF8F8F8F8DB7DF8D8
:109C7000D89CA88CF530DB38D9D0DEDFA0D0DEDF71
:109C8000D8A848DB58D9DFD0DEA0DFD0DED8A8685E
:109C9000DB70D9DFDFA0DFDFD8F1A888902C547CFF
:109CA00098A8D05C38D1DAF2AE8CDFF9D8B087A8AA
:109CB000C1C1B188A8C6F9F9DA36D8A8F9DA36D818
:109CC000A8F9DA36D8A8F9DA36D8A8F9DA36D8F702
:109CD0008D9DADF818DAF2AEDFD8F7ADFA30D9A421
:109CE000DEF9D8F2AEDEFAF983A7D9C3C5C7F18889
:109CF0009BA77AADF7DEDFA4F8849408A797F3005A
:109D0000AEF29819A488C6A39488F632DFF2839342
:109D1000DB09D9F2AADFD8D8AEF8F9D1DAF3A4DE9C
:109D2000A7F1889B7AD8F38494AE19F9DAAAF1DF07
:109D3000D8A881C0C3C5C7A39283F628ADDED9F8E1
:109D4000D8A350ADD9F8D8A378ADD9F8D8F8F9D1BF
:109D5000A1DADEC3C5C7D8A18194F818F2B089ACE6
:109D6000C3C5C7F1D8B8B4B09786A8319B06990788
:109D7000AB9728889BF00C201440B0B4B8F0A88AA8
:109D80009A285078B79BA82951792470594469388A
:109D9000644831F1BBAB88002C547CF0B38BB8A87D
:109DA00004285078F1B088B49726A85998BBABB373
:109DB0008B02264666B0B8F08A9CA82951798B2977
:109DC00051798A2470598B2058718A4469388B39AB
:109DD00040688A6448318B30496088F1AC002C546B
:109DE0007CF08CA804285078F1889726A85998AC64
:109DF0008C02264666F0899CA82951792470594422
:109E00006938644831A98809205970AB1138406914
:109E1000A8193148608CA83C415C207C00F18798EF
:109E20001986A86E767EA999882D557DD8B1B5B9C9
:109E3000A3DFDFDFAED0DFAAD0DEF2ABF8F9D9B016
:109E400087C4AAF1DFDFBBAFDFDFB9D8B1F1A397D9
:109E50008E60DFB084F2C8F8F9D9DED89385F14A74
:109E6000B183A308B5839A0810B79F10D8F1B0BA90
:109E7000AEB08AC2B2B68E9EF1FBD9F41DD8F9D924
:109E80000CF1D8F8F8AD61D9AEFBD8F40CF1D8F8E4
:109E9000F8AD19D9AEFBDFD8F416F1D8F8AD8D6165
:109EA000D9F4F4ACF59C9C8DDF2BBAB6AEFAF8F47D
:109EB0000BD8F1AED0F8AD51DAAEFAF8F1D8B9B1AD
:109EC000B6A3839C08B9B1839AB5AAC0FD3083B705
:109ED0009F10B58B93F20202D1ABDADED8F1B080DD
:109EE000BAABC0C3B284C1C3D8B1B9F38BA391B626
:109EF00009B4D9ABDEB0879CB9A3DDF1B38B8B8BF2
:109F00008B8BB087A3A3A3A3B28BB69BF2A3A3A30F
:109F1000A3A3A3A3A3A3A3F1B087B59AA3F39BA381
:109F2000A3DCBAACDFB9A3A3A3A3A3A3A3A3A3A356
:109F3000A3A3A3A3A3A3D8D8D8BBB3B7F1AAF9DA34
:109F4000FFD9809AAA28B48098A720B79787A866D7
:109F500088F07951F1902C870CA781976293F0716A
:109F6000716085940129517990A5F1284C6C870C7A
:109F700095188578A38390284C6C886CD8F3A282BE
:109F800000F210A8921980A2F2D926D8F188A84D23
:109F9000D948D896A83980D93CD89580A839A686C2
:109FA00098D92CDA87A72CD8A8899519A980D938EF
:109FB000D8A88939A980DA3CD8A82EA83990D90C1C
:109FC000D8A8953198D90CD8A809D9FFD801DAFFBB
:109FD000D89539A9DA26FFD890A80D8999A81080BC
:109FE0009821DA2ED88999A83180DA2ED8A88696B9
:109FF0003180DA2ED8A8873180DA2ED8A88292F361
:10A000004180F1D92ED8A882F31980F1D92ED882B7
:10A01000ACF3C0A28022F1A62EA72EA92298A829CF
:10A02000DAACDEFFD8A2F22AF1A92E8292A8F23190
:10A0300080A696F1D900AC8C9C0C30ACDED0DEFF53
:10A04000D88C9CACD010ACDE8092A2F24C82A8F1ED
:10A05000CAF235F19688A6D900D8F1FF75191A0C05
:10A060006A231B1C1F207274433B4138393A6B6CC6
:10A07000376F06246D6E700068000004760054018E
:10A08000F7FD000183000000000800000001001837
:10A0900032000500000020410000D242295C0F3E42
:10A0A0009A99993E3333733F295C0F3E00000000BC
:10A0B0000000000000000000000000003F40000021
:10A0C00000000000000030004000300040000000B0
:10A0D00009000BC03D000BC03D00090018C0244022
:10A0E0007FE0224031800000180024C01B000D805A
:10A0F0003240018003801C4027401C800740004004
:10A1000010006000000000000000000000000000DF
:10A1100000001F80204040200000402020401F8081
:10A1200000000000090006001F8006000900000072
:10A13000040004003F8004000400000000100060E0
:10A1400000000000000000000400040004000400FF
:10A1500004000000000000400000000000000000BB
:10A16000002001C006003800400000001F80204091
:10A17000204020401F800000000010403FC00040F1
:10A180000000000018C02140224024401840000078
:10A1900010802040244024401B80000002000D005D
:10A1A00011003FC0014000003C8024402440244076
:10A1B000238000001F80244024403440038000009E
:10A1C0003000200027C03800200000001B80244001
:10A1D000244024401B8000001C0022C0224022405A
:10A1E0001F80000000000000084000000000000088
:10A1F00000000000046000000000000000000400F7
:10A200000A001100208040400900090009000900EF
:10A210000900000000004040208011000A000400F6
:10A220001800200023402400180000001F80204058
:10A23000274029401F400000004007C039000F00A0
:10A2400001C0004020403FC0244024401B8000004B
:10A250001F802040204020403080000020403FC030
:10A26000204020401F80000020403FC024402E405E
:10A2700030C0000020403FC024402E0030000000CD
:10A280000F001080204022403380020020403FC059
:10A29000040004003FC02040204020403FC0204038
:10A2A000204000000060202020203FC0200020002F
:10A2B00020403FC024400B0030C0204020403FC021
:10A2C00020400040004000C03FC03C0003C03C00B4
:10A2D0003FC0000020403FC00C4023003FC0200092
:10A2E0001F802040204020401F80000020403FC0B1
:10A2F00024402400180000001F802140214020E05D
:10A300001FA0000020403FC02440260019C000408C
:10A3100018C02440244022403180000030002040FA
:10A320003FC020403000000020003F80004000403F
:10A330003F80200020003E0001C0070038002000C0
:10A34000380007C03C0007C038000000204039C07A
:10A35000060039C0204000002000384007C03840C7
:10A3600020000000304021C02640384020C00000BE
:10A37000000000007FE0402040200000000070004E
:10A380000C000380004000000000402040207FE0DF
:10A39000000000000000200040002000000000003D
:10A3A000001000100010001000100010000000004D
:10A3B0004000000000000000000002800540054051
:10A3C00003C0004020003FC0044004400380000060
:10A3D00000000380044004400640000000000380A9
:10A3E000044024403FC00040000003800540054079
:10A3F00003400000000004401FC02440244020000F
:10A40000000002E0055005500650042020403FC0E7
:10A410000440040003C000400000044027C0004086
:10A420000000000000100010041027E000000000F1
:10A4300020403FC00140070004C0044020402040AD
:10A440003FC000400040000007C0040007C00400F7
:10A4500003C00000044007C00440040003C00040E3
:10A46000000003800440044003800000041007F053
:10A4700004500440038000000000038004400450A6
:10A4800007F00010044007C0024004000400000070
:10A49000000006400540054004C000000000040024
:10A4A0001F8004400040000004000780004004407A
:10A4B00007C000400400070004C00180060004003B
:10A4C000060001C0070001C006000000044006C0ED
:10A4D000010006C0044000000410071004E00180E1
:10A4E000060004000000044005C0064004400000CF
:10A4F0000000000004007BE040200000000000009D
:10A500000000FFF000000000000040207BE004009D
:10A5100000000000400080004000200020004000BB
:10A52000000000000000000000000000000000002B
:10A530000000000000001FCC000C00000000000024
:10A5400000000800300060000800300060000000DB
:10A55000022003FC1E20022003FC1E20022000001B
:10A5600000000E1811043FFF10840C78000000005A
:10A570000F0010840F3800C007781884007800009E
:10A5800000780F8410C411240E9800E400840008A1
:10A5900008006800700000000000000000000000DB
:10A5A00000000000000007E018182004400200002E
:10A5B000000040022004181807E00000000000001E
:10A5C0000240024001800FF0018002400240000082
:10A5D0000080008000800FF8008000800080000074
:10A5E0000001000D000E000000000000000000004F
:10A5F00000000080008000800080008000800080DB
:10A600000000000C000C0000000000000000000032
:10A6100000000006001800600180060018002000FD
:10A62000000007F0080810041004080807F00000F4
:10A630000000080408041FFC0004000400000000DF
:10A6400000000E0C10141024104411840E0C000095
:10A6500000000C1810041104110412880C70000082
:10A66000000000E00320042408241FFC0024000054
:10A6700000001F981084110411041088107000004D
:10A68000000007F008881104110418880070000009
:10A6900000001C00100010FC13001C001000000043
:10A6A00000000E3811441084108411440E3800004C
:10A6B00000000700088C10441044088807F00000D0
:10A6C000000000000000030C030C0000000000006C
:10A6D0000000000000010106000000000000000072
:10A6E000000000800140022004100808100400004F
:10A6F000022002200220022002200220022000006C
:10A70000000010040808041002200140008000002E
:10A7100000000E001200100C106C10800F000000E2
:10A7200003E00C1813E4142417C4082807D0000011
:10A730000004003C03C41C40074000E4001C00046B
:10A7400010041FFC1104110411040E880070000095
:10A7500003E00C1810041004100410081C10000072
:10A7600010041FFC100410041004080807F0000077
:10A7700010041FFC1104110417C410040818000071
:10A7800010041FFC1104110017C010000800000085
:10A7900003E00C181004100410441C780040000062
:10A7A00010041FFC10840080008010841FFC100423
:10A7B0000000100410041FFC10041004000000002E
:10A7C00000030001100110011FFE10001000000026
:10A7D00010041FFC110403801464181C10040000F2
:10A7E00010041FFC1004000400040004000C00000E
:10A7F00010041FFC1F0000FC1F001FFC10040000C1
:10A8000010041FFC0C04030000E010181FFC1000D3
:10A8100007F00808100410041004080807F00000EE
:10A8200010041FFC10841080108010800F000000A6
:10A8300007F0081810241024101C080A07F2000062
:10A8400010041FFC1104110011C011300E0C000483
:10A8500000000E1C11041084108410441C380000E9
:10A860001800100010041FFC100410001800000055
:10A8700010001FF810040004000410041FF810005A
:10A8800010001E0011E0001C007013801C0010005E
:10A890001FC0103C00E01F0000E0103C1FC0000083
:10A8A0001004180C163401C001C01634180C100422
:10A8B00010001C00130400FC13041C001000000016
:10A8C0000804101C1064108413041C0410180000E9
:10A8D0000000000000007FFE400240024002000035
:10A8E000000030000C0003800060001C000300002A
:10A8F00000004002400240027FFE00000000000015
:10A900000000000020004000400040002000000047
:10A91000000100010001000100010001000100012F
:10A920000000400040002000000000000000000087
:10A9300000000098012401440144014400FC00048B
:10A9400010001FFC00880104010400880070000052
:10A950000000007000880104010401040088000068
:10A960000000007000880104010411081FFC0004AD
:10A97000000000F8014401440144014400C8000003
:10A980000000010401040FFC11041104110018005F
:10A99000000000D601290129012901C90106000092
:10A9A00010041FFC008401000100010400FC0004ED
:10A9B00000000104190419FC000400040000000058
:10A9C0000000000300010101190119FE0000000050
:10A9D00010041FFC0024004001B4010C010400001D
:10A9E0000000100410041FFC00040004000000001C
:10A9F000010401FC0104010001FC0104010000FC50
:10AA0000010401FC008401000100010400FC0004B9
:10AA1000000000F8010401040104010400F8000032
:10AA2000010101FF0085010401040088007000009D
:10AA300000000070008801040104010501FF00010D
:10AA40000104010401FC00840104010001800000F4
:10AA5000000000CC012401240124012401980000FD
:10AA600000000100010007F80104010400000000DB
:10AA7000010001F8000400040004010801FC0004C6
:10AA8000010001800170000C0010016001800100D4
:10AA900001F0010C003001C00030010C01F0010098
:10AAA00000000104018C00740170018C010400009D
:10AAB000010101810171000E001801600180010097
:10AAC00000000184010C013401440184010C0000E8
:10AAD000000000000000000001003EFC40024002B7
:10AAE0000000000000000000FFFF00000000000068
:10AAF0000000400240023EFC010000000000000097
:10AB00000000600080008000400040002000200025
:10AB10000000000000000000000000000000000035
:10AB20000000000000000000000000000000000025
:10AB30000000000000000000000000000000000015
:10AB40000000000F80380FFE380F80380000000032
:10AB500000000000000000000000000000000100F4
:10AB6000000600000C000038000031000006000064
:10AB70000C00003800003000000000000000000061
:10AB800061800067F807F9800061800061800061E2
:10AB9000800061800067F807F98000618000000094
:10ABA00000000000000001C0E003E0F006300804EF
:10ABB00018081FFFFE040E080787F00381E000005D
:10ABC0000000000001F000060C00040408060C70F0
:10ABD00001F9C0000E00003BE000EC180708080473
:10ABE0000C180003E00000000001E00007F003F88B
:10ABF00018041C0804170807E1D003C0E00023B0C4
:10AC0000003C0800200800001000000000000001C7
:10AC100000003100003200001C00000000000000B5
:10AC20000000000000000000000000000000000024
:10AC30000000000000000000000000000000000014
:10AC40007F0001FFC00780F00C00181000042000F6
:10AC5000020000000000002000021000040C001898
:10AC60000780F001FFC0007F00000000000000002E
:10AC7000000000000000000000000000420000662C
:10AC800000006600003C0000180003FFC000180030
:10AC9000003C00006600006600004200000000006A
:10ACA000080000080000080000080000080001FF7C
:10ACB000C0000800000800000800000800000800AC
:10ACC00000000000000100003100003200001C0004
:10ACD0000000000000000000000000000000000074
:10ACE000000000000000000008000008000008004C
:10ACF000000800000800000800000800000800002C
:10AD00000800000800000000000000000000000033
:10AD1000380000380000380000000000000000008B
:10AD20000000000000000000000000000000000023
:10AD3000000600001C000070000180000E000038BA
:10AD40000000C0000700001C0000300000000000F0
:10AD5000000000007F8001FFE003807006001804FF
:10AD6000000804000806001803807001FFE0007F5F
:10AD70008000000000000000000001000801000841
:10AD800001000803FFF807FFF800000800000800B2
:10AD9000000800000000000000000001C03802C0F0
:10ADA00058040098040118040218040418061C181A
:10ADB00003F81801E0F800000000000000000001A6
:10ADC000C0E003C0F00400080408080408080618DE
:10ADD0000803F41801E7F00001E0000000000000A3
:10ADE000000000000300000D0000110000610000E1
:10ADF000810803010807FFF80FFFF80001080001B0
:10AE0000080000000000000000E007FCD006080871
:10AE1000061008061008061008061838060FF00677
:10AE200007C0000000000000000000003F8001FF9C
:10AE3000E003843002081804100804100804100805
:10AE4000071810030FF00007C0000000000000000A
:10AE5000000003C0000700000600000600F8060717
:10AE6000F806180006E000070000060000000000D9
:10AE700000000001E1E003F7F006341004180804B4
:10AE80001808040C08040C0806161803F3F001C196
:10AE9000E000000000000000F80003FC300306386A
:10AEA0000402080402080402080404100308F00164
:10AEB000FFC0007F00000000000000000000000054
:10AEC000000000000000000070380070380070388A
:10AED0000000000000000000000000000000000072
:10AEE000000000000000000000000000301A0030E8
:10AEF0001C00000000000000000000000000000036
:10AF00000000000000000008000014000022000003
:10AF10004100008080010040020020040010080071
:10AF200008000000000000002100002100002100B6
:10AF3000002100002100002100002100002100006C
:10AF400021000021000000000000000000000800B7
:10AF50000804001002002001004000808000410031
:10AF600000220000140000080000000000000003A0
:10AF7000C00004C000040000080038080F380808AA
:10AF8000380810000C300007E00003C0000000008B
:10AF9000000000003F8000FFE0038070020F1006F9
:10AFA000708804C088048308047F8802C09003016D
:10AFB0002000FE400000080000180001F8003E08D4
:10AFC00001C20007020007E20000FE00001FC800E7
:10AFD00001F800003800000804000807FFF807FF28
:10AFE000F8040808040808040808040808061808F3
:10AFF00003F41801E7F00001E00000000000000089
:10B000003F8001FFE0038070020018040008040084
:10B01000080400080400100600200780C00000009B
:10B0200004000807FFF807FFF804000804000804FC
:10B03000000804001802001003807001FFE0007F88
:10B040008000000004000807FFF807FFF804080864
:10B05000040808040808040808043E080400080658
:10B06000001801006000000004000807FFF807FF57
:10B07000F8040808040800040800040800043E005E
:10B080000600000600000180000000000000000033
:10B090003F8001FFE00380700600180400080402EE
:10B0A000080402080203F00783F000020000020017
:10B0B00004000807FFF807FFF8040808000800006C
:10B0C000080000080000080004080807FFF807FF50
:10B0D000F804000800000000000004000804000854
:10B0E00004000807FFF807FFF8040008040008043C
:10B0F0000008000000000000000000000006000042
:10B100000700000104000104000104000307FFFE22
:10B1100007FFFC040000040000040000040008070E
:10B12000FFF807FFF8040C08001800003E0004C7F1
:10B13000800503C80600F804003804001800000861
:10B1400004000807FFF807FFF804000800000800E3
:10B1500000080000080000080000080000180000B7
:10B160006000000004000807FFF807800807FC00E3
:10B17000007FC00003F80007C000780007800807C0
:10B18000FFF807FFF804000804000807FFF80700AD
:10B190000803C00000E000003800001E00000700A7
:10B1A0000001C00400F007FFF804000000000000E8
:10B1B0007F8001FFE003807006001804000804008F
:10B1C0000806001803003001FFE0007F8000000047
:10B1D00004000807FFF807FFF8040408040400044B
:10B1E0000400040400040400060C0003F80001F04D
:10B1F00000000000000000007F8001FFE00380707D
:10B200000600880400880400C806003C03003E01D4
:10B21000FFE6007F8400000004000807FFF807FF36
:10B22000F8040808040800040C00040F00040BC014
:10B230000610F003F03801E00800000800000001EB
:10B24000E0F803F030063010041808041808040C65
:10B2500008040C080206180207F00781E00000004D
:10B26000018000060000040000040000040008073C
:10B27000FFF807FFF80400080400000400000600BF
:10B280000001800004000007FFE007FFF004001841
:10B290000000080000080000080000080000080482
:10B2A000001007FFE004000004000006000007E0B3
:10B2B0000007FE00041FE00001F80000380001E074
:10B2C000043E0007C0000600000400000400000760
:10B2D000E00007FFC0041FF80007C007F80007FFE1
:10B2E00080043FF80007C004F800070000040000D5
:10B2F00000000004000806001807C07805F1C80027
:10B300003E00001F800463E80780F8060018040070
:10B310000800000004000006000007800007E008A5
:10B32000047C08001FF80007F800180804E008076C
:10B3300000000600000400000000000100080600F4
:10B34000380400F80403E8040F08047C0805F0083A
:10B3500007C008070018040060000000000000009B
:10B3600000000000000000000000003FFFFE200081
:10B370000220000220000220000220000200000043
:10B3800000000000000008000007000000C00000EE
:10B3900038000006000001C000003000000E000070
:10B3A0000100000000000000000020000220000258
:10B3B0002000022000022000023FFFFE00000000EB
:10B3C000000000000000000000000000000000007D
:10B3D00000080000100000300000200000300000D5
:10B3E0001000000800000000000000000000010044
:10B3F0000001000001000001000001000001000048
:10B400000100000100000100000100000100000136
:10B4100000000000000000000020000020000010DC
:10B42000000010000000000000000000000000000C
:10B43000000000000000000000F00019F8001B18D8
:10B44000002208002608002408002410003FF8000D
:10B450001FF800000800001800000004000007FFAB
:10B46000F80FFFF00018180010080020080020084E
:10B47000003018001FF0000FC000000000000000A6
:10B4800007C0001FF000183000200800200800202E
:10B4900008003C08001C10000060000000000000D4
:10B4A0000000000007C0001FF0003818002008004E
:10B4B000200800200804101007FFF80FFFF000001C
:10B4C000100000000000000000000007C0001FF096
:10B4D0000012300022180022080022080032080062
:10B4E0001E10000E200000000000000020000020C0
:10B4F0000800200801FFF803FFF8062008042008D0
:10B5000004200807200003000000000000000000E5
:10B51000000E000E6E001FF30031B10020B10020BC
:10B52000B1003191001F13002E1E00200E003000CC
:10B5300000000004000807FFF80FFFF800100800E3
:10B540002000002000002008003FF8001FF8000045
:10B550000800000000000000000000200800200893
:10B56000002008063FF8063FF80000080000080029
:10B5700000080000000000000000000000000000C3
:10B5800003000003002001002001002003063FFE0D
:10B59000063FFC0000000000000000000000000466
:10B5A000000807FFF80FFFF8000188000300002FD4
:10B5B000C00038F800203800200800000800000013
:10B5C0000000000000000400080400080400080750
:10B5D000FFF80FFFF8000008000008000008000056
:10B5E00000000000002008003FF8003FF8001008AD
:10B5F000002000003FF8003FF80010080020000085
:10B600003FF8003FF8000008000000002008003F5D
:10B61000F8003FF80010080010000020000020088B
:10B62000003FF8001FF800000800000000000000C4
:10B6300007C0000FF000183000300800200800207C
:10B6400008003008001830000FF00007C0000000AC
:10B65000000000002001003FFF003FFF001011002C
:10B660002009002008002008003038001FF0000FDB
:10B67000C00000000000000007C0001FF0003818E4
:10B68000002008002008002009001011001FFF0002
:10B690003FFF0000010000000020080020080020FB
:10B6A00008003FF8003FF8000808001008002008D4
:10B6B000002000003000003000000000000000000A
:10B6C0000000000C78001E18003308002308002139
:10B6D000080021880021980030F000386000000048
:10B6E00000000000200000200000200000FFF00308
:10B6F000FFF80020080020080020080000300000AB
:10B7000000000000000000002000003FF0007FF873
:10B71000000018000008000008002010003FF8009A
:10B720007FF000001000000000000000200000304A
:10B7300000003C00003F800023F000007800007013
:10B74000002380003C0000300000200000200000AA
:10B750003C00003FE00023F80000E0002700003E2E
:10B7600000003FE00021F80001E0003E0000200062
:10B77000000000002008002008003838003E680063
:10B7800027800003C8002CF800383800201800205B
:10B7900008000000000000002000003003003C0111
:10B7A000003F830023EC000070002380003C000079
:10B7B0002000002000000000000000000000003811
:10B7C000080020380020F80023E8002F88003E08F9
:10B7D0000038080020180000700000000000000081
:10B7E000000000000000000000000000080000143D
:10B7F000001FF7FC300006200002000000000000DF
:10B800000000000000000000000000000000000038
:10B810000000FFFFFF00000000000000000000002B
:10B8200000000000000000000000200002300006C0
:10B830001FF7FC00140000080000000000000000DA
:10B840000000000000000000000000180000600080
:10B850000040000040000020000010000008000030
:10B860000400000400000C000010000030313233EE
:10B870003435363738394142434445464030580024
:10B880003031323334353637383961626364656656
:10B8900040307800040000080000000000000002B2
:10B8A0000001000010000000555555555555C53F85
:10B8B0007D6FEB0312D6D4BF5544880E55C1C93FE6
:10B8C0003B8F68B52882A4BF88B20175E0EF493F7D
:10B8D00009F7FD0DE13D023F4B2D8A1C273A03C0BD
:10B8E000C88A599CE52A004059018D1B6C06E6BFA9
:10B8F00082922EB1C5B8B33F4FBB610567ACDD3F47
:10B90000182D4454FB21E93F9BF681D20B73EF3F86
:10B91000182D4454FB21F93FE2652F227F2B7A3CFE
:10B92000075C143326A6813CBDCBF07A8807703CB7
:10B93000075C143326A6913CC4EB98999999C9BF2A
:10B94000711623FEC671BCBF6D9A74AFF2B0B3BF5F
:10B950009AFDDE522DDEADBF2F6C6A2C44B4A2BF1F
:10B960000D5555555555D53FFF8300922449C23F8B
:10B970006E204CC5CD45B73F513DD0A0660DB13FBF
:10B98000EB0D76244B7BA93F11DA22E33AAD903FD1
:10B9900000000000000000003A7474003A74740063
:10B9A0003A74740050726F64756374204944207255
:10B9B000656164206173203020696E64696361741D
:10B9C00065732064657669636520697320656974B1
:10B9D00068657220696E636F6D70617469626C6511
:10B9E000206F7220616E204D5055333035302E0A55
:10B9F0000000000014BA000800000020D814000065
:10BA00006C010008F8BB0008D8140020200C0000CE
:10BA1000C8010008012184A24A04100B010203049A
:10BA2000060708095CA01B08780401201A84242A50
:10BA3000013849041BF010012AFF0552F01B0F04C6
:10BA4000012AFF05320F18094040405F55555575D2
:10BA5000041A5F0C1911180C200F0949897909097A
:10BA6000090F200F112FFE02424ACA4A0334420234
:10BA7000FE400EFF40504C4340404F50505C40FF52
:10BA80001BF888012AFF0552F81B1F08012A7F10A6
:10BA9000149F80F03B8082016009E2A2928A868234
:10BAA00080808440807F172424A4FEA3221B22CC04
:10BAB0005A4115080601FF2A019E1604FF020202E0
:10BAC00039BC5B900863120810100444827F018027
:10BAD0008040432C102846818019281E84E43C278E
:10BAE00024011AE40C11140402011AFFBD19C449FF
:10BAF0006415FE225A862BFE920129BF111DFF04F8
:10BB00000807C51F20030C142241E11780402018AC
:10BB100006802D071820409E1201100B2070282649
:10BB20002120202438602301013B10123C3D921259
:10BB3000120240211A3F948B103FC54BC080014B2D
:10BB4000FC84080336C0C03CFF7F40014AFF075B0E
:10BB500040FF600138034A7F700373FCF86CFFFEFE
:10BB600002018BFFFF0B0268036C1F1F04017BFFA8
:10BB7000FF0B02741F038C7F3F07FFF8F8F0F07093
:10BB80002001E60214801AFF0109122C09132D016D
:10BB9000FF01C0EDFFFFFE06011AFF01F91539167E
:10BBA00003FF070201D10C12FFFFFF140910150952
:10BBB000151601FF01C1EDFFFFFF1801191409104F
:10BBC00015391601FF01D204120201011AFF010109
:10BBD0001209122A01FF01D71AFF0101FF01FD0519
:10BBE000FF1F1F0F0F01FB2D0102030404C00906F4
:08BBF000070809020406080021
:0400000508000131BD
:00000001FF
