:020000040800F2
:10000000C0080020D5400008610300086303000811
:10001000670300086B0300086F030008000000007E
:100020000000000000000000000000007303000852
:10003000750300080000000077030008790300083A
:10004000EF400008EF400008EF400008433E000882
:10005000EF400008EF400008EF400008EF400008C4
:10006000EF400008EF400008EF400008EF400008B4
:10007000EF400008EF400008EF400008EF400008A4
:10008000EF400008EF400008EF400008EF40000894
:10009000EF400008EF400008EF400008EF40000884
:1000A000EF400008EF400008EF400008EF40000874
:1000B000EF400008EF400008FD770008EF4000081F
:1000C000EF400008EF400008EF400008EF40000854
:1000D000EF4000084B400008EF400008EF400008E8
:1000E000EF4000081F3E0008EF400008EF40000806
:1000F000EF400008EF400008EF400008EF40000824
:10010000EF400008EF400008EF400008EF40000813
:10011000EF400008EF400008EF400008EF40000803
:10012000EF400008EF400008EF400008EF400008F3
:10013000EF400008EF400008EF400008EF400008E3
:10014000EF400008EF400008EF400008EF400008D3
:10015000EF400008EF400008EF400008EF400008C3
:10016000EF400008EF400008EF400008EF400008B3
:10017000EF400008EF400008EF400008EF400008A3
:10018000EF400008EF40000800F002F800F06DF8C2
:100190000AA090E8000C82448344AAF10107DA45E2
:1001A00001D100F062F8AFF2090EBAE80F0013F0C7
:1001B000010F18BFFB1A43F001031847E8A1000024
:1001C00008A200000A444FF0000C10F8013B13F0A5
:1001D000070408BF10F8014B1D1108BF10F8015BA0
:1001E000641E05D010F8016B641E01F8016BF9D193
:1001F00013F0080F1EBF10F8014BAD1C0C1B09D1EA
:100200006D1E58BF01F801CBFAD505E014F8016B5B
:1002100001F8016B6D1EF9D59142D6D370470000ED
:100220000023002400250026103A28BF78C1FBD8FF
:10023000520728BF30C148BF0B607047642908F0DF
:10024000AF80752908F0AC80782908F0E580632933
:1002500008F03982732908F03E82002070471FB5EC
:1002600008F0E4FB1FBD10B510BD08F067FA114699
:10027000FFF7F5FF00F008F808F085FA03B4FFF780
:10028000F2FF03BC03F082FE1CB500BF4FF4A06078
:1002900003F040FFA82003F0F7FD4FF4E13003F036
:1002A00082FE1E4841685420884700F06FF900F034
:1002B000FEFD03F0E1FC0021042003F07AFD4FF481
:1002C00078401749088017A010210B46C822CDE9B5
:1002D000001032211E2003F06CFC17A010210B46E9
:1002E000C822CDE9001046211E2003F062FC15A0B3
:1002F00010210B46C822CDE900105A211E2003F020
:1003000058FC14A010210B46C822CDE900106E2124
:100310001E2003F04EFC00BFFEE70000940000200A
:10032000140000204578706C6F7265722053544D34
:100330003332463400000000525443205445535495
:100340000000000041544F4D40414C49454E54453A
:100350004B000000323031342F352F3500000000C3
:10036000704700BFFEE700BFFEE700BFFEE700BF2B
:10037000FEE7704770477047704700000CB50020DB
:10038000019000907648006840F48030744908601D
:1003900000BF7348006800F4003000900198401CD2
:1003A0000190009818B90198B0F5A04FF1D16C48B0
:1003B000006800F4003010B10120009001E000203E
:1003C00000900098012846D165484030006840F010
:1003D00080506349403108606248006840F4404002
:1003E000604908605E48083000685D49083108606F
:1003F0000846006840F4004008600846006840F481
:10040000A05008605848091F0860081F006840F0A5
:100410008070091F086000BF5148006800F000703C
:100420000028F9D040F20570504908604C48083067
:10043000006820F003004A49083108600846006857
:1004400040F00200086000BF45480830006800F036
:100450000C000828F8D10CBD10B54548006840F4E0
:100460007000434908603E48006840F001003C4984
:10047000086000203A4908310860394800683D4961
:100480000840374908603C48091D0860081F00689B
:1004900020F48020091F0860002031490C310860D9
:1004A000FFF76CFF4FF0006031498039086010BDE4
:1004B00070B500200022022300240221284D0835B7
:1004C0002D6805F00C0020B1042806D0082834D18E
:1004D00007E02A4D2A4E356033E02A4D284E35601C
:1004E0002FE01F4D2D1D2D68C5F380541C4D2D1D73
:1004F0002D6805F03F0154B1224DB5FBF1F5184EC2
:10050000361D3668C6F3881605FB06F209E01B4D5A
:10051000B5FBF1F5124E361D3668C6F3881605FB9D
:1005200006F20F4D2D1D2D68C5F301456D1C6B00A6
:10053000B2FBF3F5124E356003E0104D104E3560FE
:1005400000BF00BF064D08352D68C5F303150E4EDC
:10055000705D0B4D2D68C540094E356070BD0000C3
:10056000003802400070004008544007003C024040
:1005700088ED00E0FFFFF6FE103000240024F400B8
:100580000000002000127A00040000201CB50121A8
:10059000202004F037FC4FF4C060009001208DF85B
:1005A000040000208DF8060003208DF805000120CE
:1005B0008DF807006946044803F0A2FE4FF4C061BD
:1005C000014803F019FF1CBD0014024001B5BDF83D
:1005D00000000090BDF80000FE49088008BD01B58C
:1005E000BDF800000090BDF80000FA49891C0880A1
:1005F00008BD08B5F748801C00880090BDF80000D1
:1006000008BDF44A10804FF0D842A2F8801070471D
:1006100010B504462046FFF7D9FF052003F04EFC35
:10062000FFF7E7FF10BDEC480089EA4908807047F2
:10063000E849891C0880704730B5014601F01F0465
:10064000C1F34513CA0AE50205EB43151544A8B2E8
:1006500030BD00BF011EA0F10102D0B2FAD1704737
:1006600010B502460C46DC48808841F6631188428A
:1006700047D1D9488079A8B9D7480088401E801A48
:1006800082B2D5494889FFF7A1FF0020FFF7A7FFF5
:100690000020FFF7A4FF1012FFF7A1FFD0B2FFF771
:1006A0009EFF16E0CC494889FFF790FF1012FFF734
:1006B00096FFD0B2FFF793FFC7490988491EC1F3DF
:1006C0000F20FFF78CFFC4490978491EC8B2FFF715
:1006D00086FFC1498889FFF779FF2012FFF77FFF66
:1006E000E0B2FFF77CFFBC494988491EC1F30F20E7
:1006F000FFF775FFB8498978491EC8B2FFF76FFF49
:100700003AE0B548808845F21051884220D1B2497C
:100710004889FFF75BFF1012FFF761FFAE49498977
:10072000491C88B2FFF752FFD0B2FFF758FFAA4921
:100730008889FFF74BFF2012FFF751FFA6498989EF
:10074000491C88B2FFF742FFE0B2FFF748FF13E011
:10075000A1494889FFF73AFF1012FFF740FFD0B2D6
:10076000FFF73DFF9C498889FFF730FF2012FFF714
:1007700036FFE0B2FFF733FF10BD2DE9F04105462B
:100780000E4600240027A04693480088A84203DDB7
:1007900091484088B04202DC0020BDE8F08131463B
:1007A0002846FFF75DFF8C48808845F2105188424B
:1007B00004D14FF43850FFF709FF02E02E20FFF775
:1007C00005FFFFF716FF04468348808841F6631152
:1007D000884201D12046E0E7FFF70BFF0446FFF710
:1007E00008FF8046E7B24FF6FF7000EA0727E012E5
:1007F000C002B91240EA411040EAE820CDE700B556
:100800007548808845F21051884204D14FF4245035
:10081000FFF7DCFE02E02920FFF7D8FE00BD00B59F
:100820006D48808845F21051884204D14FF4205021
:10083000FFF7CCFE02E02820FFF7C8FE00BDF0B5B0
:1008400005460024002764488079012805D16248C4
:10085000808841F66311884208D15F488079F0B9F9
:100860005D48808841F66311884218D1082D15D261
:10087000DFE805F00406080A0C0E101206250DE04C
:1008800007250BE0042509E0052507E0012505E023
:10089000002503E0032501E0022500BF00BF082D6D
:1008A0001CD2DFE805F00406090C0F12151800BF72
:1008B00014E044F0800411E044F040040EE044F001
:1008C000C0040BE044F0200408E044F0600405E0BC
:1008D00044F0A00402E044F0E00400BF00BF3E4842
:1008E000808845F21051884202D14FF4585700E0F9
:1008F00036273948808849F24131884205D0364848
:10090000808847F28971884201D144F00804214669
:100910003846FFF776FE3048808841F663118842FA
:100920001DD004F0200068B12B4800882A4949886E
:10093000884214DA284806884088274908800846F3
:1009400046800CE02448008823494988884206DD17
:1009500021480688408820490880084646801E486D
:10096000808845F21051884257D11B494889FFF7CA
:100970002DFE0020FFF733FE17494989491C88B234
:10098000FFF724FE0020FFF72AFE13494989891C3E
:1009900088B2FFF71BFE10490988491EC1F30F20DA
:1009A000FFF71DFE0C494989C91C88B2FFF70EFEEE
:1009B00009490978491EC8B2FFF711FE064988891E
:1009C000FFF704FE0020FFF70AFE03498989491C4E
:1009D00088B203E07E00006C88010020FFF7F6FD7E
:1009E0000020FFF7FCFDFE498989891C88B2FFF7CA
:1009F000EDFDFB494988491EC1F30F20FFF7EFFDCC
:100A0000F7498989C91C88B2FFF7E0FDF449897864
:100A1000491EC8B2FFF7E3FD2DE0F1494889FFF711
:100A2000D5FD0020FFF7DBFD0020FFF7D8FDEC49E6
:100A30000988491EC1F30F20FFF7D1FDE849097865
:100A4000491EC8B2FFF7CBFDE5498889FFF7BEFD17
:100A50000020FFF7C4FD0020FFF7C1FDE0494988F1
:100A6000491EC1F30F20FFF7BAFDDD498978491E01
:100A7000C8B2FFF7B4FDF0BD30B504460D462946B7
:100A80002046FFF7EDFDFFF7CEFDD6480088D6499A
:100A9000088030BD30B504460D46D148808845F207
:100AA0001051884220D1CE494889FFF78FFD20128E
:100AB000FFF795FDCA494989491C88B2FFF786FDB1
:100AC000E0B2FFF78CFDC6498889FFF77FFD281249
:100AD000FFF785FDC2498989491C88B2FFF776FD79
:100AE000E8B2FFF77CFD42E0BD48808841F6631123
:100AF000884228D1BA48807920B9B9480088401E78
:100B0000001B84B2B6494889FFF760FD2012FFF749
:100B100066FDE0B2FFF763FD2012FFF760FDE0B273
:100B2000FFF75DFDAE498889FFF750FD2812FFF7FA
:100B300056FDE8B2FFF753FD2812FFF750FDE8B26B
:100B4000FFF74DFD13E0A6494889FFF73FFD20124E
:100B5000FFF745FDE0B2FFF742FDA1498889FFF7A5
:100B600035FD2812FFF73BFDE8B2FFF738FD9C4842
:100B700000899D49891E08804FF0D840A0F8802048
:100B800030BD70B52DED048B0446BE20FFF71EFD71
:100B90000520FFF724FD204607F037FE41EC190B36
:100BA0009FED920B53EC102B07F042FE41EC180B1B
:100BB00007F0FEFD85B22846FFF711FD0120FFF783
:100BC0000EFDFF20FFF70BFD0020FFF708FD0020C2
:100BD000FFF705FDBDEC048B70BD10B504468048E1
:100BE0008471002C45D1F0207D4908804FF4A0701D
:100BF00048800846808845F21051884210D14FF451
:100C00003050774908814FF4285048814FF42C50D8
:100C100088814FF4F07008804FF4487048801AE0E3
:100C20006F48808841F6631188420DD12C206C49B1
:100C300008812B2048812A2088814FF4F070088099
:100C40004FF44870488006E02C20654908812A202E
:100C500048812B2088816248808845F21031884283
:100C60004CD14FF4A0705E4908804FF4F07048807A
:100C700044E04FF4A0705A490880F02048800846AC
:100C8000808845F21051884210D14FF430505449B9
:100C900008814FF4285048814FF42C5088814FF43C
:100CA000487008804FF4F07048801AE04C48808803
:100CB00041F6631188420DD12C20494908812A2030
:100CC00048812B2088814FF4487008804FF4F070E1
:100CD000488006E02C20424908812A2048812B20A8
:100CE00088813F48808845F21031884206D14FF410
:100CF000F0703B4908804FF4A07048800020FFF757
:100D00009EFD10BD2DE9F04104460D461E46A0187B
:100D1000401E87B2A819401E1FFA80F8304880880C
:100D200041F66311884231D12D48807901282DD0B8
:100D30002B480088801A001B84B2A819401E86B276
:100D400027494889FFF742FC2012FFF748FCE0B230
:100D5000FFF745FCA118491EC1F30F20FFF73FFC28
:100D6000A118491EC8B2FFF73AFC1D498889FFF750
:100D70002DFC2812FFF733FCE8B2FFF730FC3012ED
:100D8000FFF72DFCF0B2FFF72AFC79E014488088C9
:100D900045F21051884251D111494889FFF716FC9C
:100DA0002012FFF71CFC0E494989491C88B2FFF745
:100DB0000DFCE0B2FFF713FC09494989891C88B290
:100DC000FFF704FC3812FFF70AFC05494989C91CE2
:100DD00088B2FFF7FBFBF8B2FFF701FC004909E01E
:100DE00088010020140000208000006C66666666A2
:100DF000666604408889FFF7E9FB2812FFF7EFFBDE
:100E0000FD498989491C88B2FFF7E0FBE8B2FFF78A
:100E1000E6FBF9498989891C88B2FFF7D7FB4FEABD
:100E20002820FFF7DCFBF4498989C91C88B2FFF749
:100E3000CDFB08F0FF00FFF7D2FB21E0EE49488927
:100E4000FFF7C4FB2012FFF7CAFBE0B2FFF7C7FBB6
:100E50003812FFF7C4FBF8B2FFF7C1FBE6498889F7
:100E6000FFF7B4FB2812FFF7BAFBE8B2FFF7B7FBB6
:100E70004FEA2820FFF7B3FB08F0FF00FFF7AFFBB6
:100E8000BDE8F08170B504460026DB48058840883F
:100E9000454300210846FFF7E3FBFFF7C4FB00BF13
:100EA00002E0D6480480761CAE42FAD370BD00B58D
:100EB000A1B00020209001217A2003F0A3FF01219E
:100EC000084603F0D7FF4FF400401E9001208DF834
:100ED0007C0000208DF87E0002208DF87D0001202E
:100EE0008DF87F001EA9C64803F00AFA4CF2337051
:100EF0001E9002208DF87C0000208DF87E000320DB
:100F00008DF87D0001208DF87F001EA9BD4803F0FB
:100F1000F7F94FF680701E9002208DF87C000020BB
:100F20008DF87E0003208DF87D0001208DF87F0074
:100F30001EA9B54803F0E4F94FF480501E9002203A
:100F40008DF87C0000208DF87E0003208DF87D0058
:100F500001208DF87F001EA9AC4803F0D1F94FF4B1
:100F600080501E9002208DF87C0000208DF87E00BD
:100F700003208DF87D0001208DF87F001EA9A44874
:100F800003F0BEF90C2200219E4803F044FA0C2223
:100F900001219C4803F03FFA0C220421994803F0F8
:100FA0003AFA0C220521974803F035FA0C22082161
:100FB000944803F030FA0C220921924803F02BFAEE
:100FC0000C220A218F4803F026FA0C220E218D48AC
:100FD00003F021FA0C220F218A4803F01CFA0C229C
:100FE0000721894803F017FA0C220821864803F0EC
:100FF00012FA0C220921844803F00DFA0C220A216E
:10100000814803F008FA0C220B217F4803F003FA11
:101010000C2211467C4803F0FEF90C220D217A487F
:1010200003F0F9F90C220E21774803F0F4F90C22B1
:101030000F21754803F0EFF90C221146734803F0B5
:10104000EAF90C221146724803F0E5F90F200890E6
:10105000002009903C200A9000200B900C900D90ED
:101060000E9009200190002002900820039000209B
:10107000049005900690079006200F900020109095
:10108000119010201290002013901590149016903B
:1010900017904FF480501890002019904FF4804022
:1010A0001A9000201B9008A81C9001A81D900FA862
:1010B00003F005FA0121062003F08CFA322002F039
:1010C00045FFD320FFF782FAFFF793FA4A49888059
:1010D000FFF78FFA48498880FFF78BFA46498880E6
:1010E000084680884FF6FF7101EA00204249888057
:1010F000FFF77FFA4049898808433F4988800846BE
:10110000808849F24131884275D00420FFF75EFAA9
:10111000FFF76FFA38498880FFF76BFA3649888005
:10112000FFF767FA34498880084680884FF6FF71D8
:1011300001EA002030498880FFF75BFA2E49898850
:1011400008432D4988800846808848F252518842D9
:1011500003D147F28970284988802748808847F260
:1011600089718842D0D0D420FFF730FAFFF741FAD6
:1011700021498880FFF73DFA1F498880FFF739FA37
:101180001D498880084680884FF6FF7101EA0020DB
:1011900019498880FFF72DFA1749898808431649AD
:1011A00088800846808845F21031884279D05521E0
:1011B0004FF47040FFF725FAAA214FF20100FFF724
:1011C00020FA52214FF20200FFF71BFA08214FF2DA
:1011D0000300FFF716FA01214FF20400FFF711FA9E
:1011E0004FF44540FFF7F2F9FFF703FA0249888010
:1011F000084680880EE054E0880100208000006CE2
:1012000000040240000C02400010024000140240A2
:10121000001802404FF6FF7101EA0020FE49888065
:101220004CF20150FFF7D2F9FFF7E3F9FA49898848
:101230000843F9498880052002F088FEF648808836
:10124000B0F5004F03D145F21050F3498880F248C1
:10125000808845F21051884223D0A120FFF7B6F9CB
:10126000FFF7C7F9EC498880FFF7C3F9EA4988809E
:10127000084680884FF6FF7101EA0020E649888021
:10128000FFF7B7F9E44989880843E34988800846AD
:10129000808845F26171884203D141F66310DE49CE
:1012A0008880DD48808849F24131884217D0DA4889
:1012B000808847F28971884211D0D748808845F2EA
:1012C000103188420BD0D448808845F210518842B2
:1012D00005D0D148808841F6631188422CD1CF488F
:1012E000006820F00F004FF02041C1F81C010846B3
:1012F000D0F81C0120F47060C1F81C010846D0F839
:101300001C0140F00300C1F81C01C348808847F26B
:101310008971884208D1C148006840F440704FF09C
:101320002041C1F81C0107E0BC48006840F400708F
:101330004FF02041C1F81C01B7488188B8A006F0E1
:10134000D3FFB548808849F2413188427ED1CF2011
:10135000FFF73CF90020FFF742F9C120FFF73FF902
:101360003020FFF73CF9ED20FFF730F96420FFF75C
:1013700036F90320FFF733F91220FFF730F9812007
:10138000FFF72DF9E820FFF721F98520FFF727F96E
:101390001020FFF724F97A20FFF721F9CB20FFF77F
:1013A00015F93920FFF71BF92C20FFF718F9002059
:1013B000FFF715F93420FFF712F90220FFF70FF9B4
:1013C000F720FFF703F92020FFF709F9EA20FFF7DC
:1013D000FDF80020FFF703F90020FFF700F9C02017
:1013E000FFF7F4F81B20FFF7FAF8C120FFF7EEF83B
:1013F0000120FFF7F4F8C520FFF7E8F83020FFF7E9
:10140000EEF83020FFF7EBF8C720FFF7DFF8B72042
:10141000FFF7E5F83620FFF7D9F84820FFF7DFF8A7
:101420003A20FFF7D3F85520FFF7D9F8B120FFF79E
:10143000CDF80020FFF7D3F81A20FFF7D0F8B62038
:10144000FFF7C4F80A20FFF7CAF800E097E0A220EF
:10145000FFF7C5F8F220FFF7B9F80020FFF7BFF853
:101460002620FFF7B3F80120FFF7B9F8E020FFF7D7
:10147000ADF80F20FFF7B3F82A20FFF7B0F82820C7
:10148000FFF7ADF80820FFF7AAF80E20FFF7A7F83E
:101490000820FFF7A4F85420FFF7A1F8A920FFF7D0
:1014A0009EF84320FFF79BF80A20FFF798F80F20DB
:1014B000FFF795F80020FFF792F80020FFF78FF86C
:1014C0000020FFF78CF80020FFF789F8E120FFF7F4
:1014D0007DF80020FFF783F81520FFF780F817202C
:1014E000FFF77DF80720FFF77AF81120FFF777F86C
:1014F0000620FFF774F82B20FFF771F85620FFF74E
:101500006EF83C20FFF76BF80520FFF768F8102015
:10151000FFF765F80F20FFF762F83F20FFF75FF84D
:101520003F20FFF75CF80F20FFF759F82B20FFF75B
:101530004DF80020FFF753F80020FFF750F8012086
:10154000FFF74DF83F20FFF74AF82A20FFF73EF853
:101550000020FFF744F80020FFF741F80020FFF7D4
:101560003EF8EF20FFF73BF81120FFF72FF8782027
:1015700002F0ECFC2920FFF729F802F0B3B8264866
:10158000808847F2897188427DD11120FFF71EF8CB
:10159000782002F0DBFC3620FFF718F80020FFF778
:1015A0001EF83A20FFF712F80520FFF718F8B220CE
:1015B000FFF70CF80C20FFF712F80C20FFF70FF8DC
:1015C0000020FFF70CF83320FFF709F83320FFF76E
:1015D00006F8B720FEF7FAFF3520FFF700F8BB202A
:1015E000FEF7F4FF3220FEF7FAFFC020FEF7EEFF11
:1015F0000C20FEF7F4FFC220FEF7E8FF0120FEF703
:10160000EEFFC320FEF7E2FF1020FEF7E8FFC42044
:10161000FEF7DCFF20200BE0880100201C0100A069
:10162000204C43442049443A25780D0A000000002C
:10163000FEF7D5FFC620FEF7C9FF0F20FEF7CFFF4C
:10164000D020FEF7C3FFA420FEF7C9FFA120FEF7BC
:10165000C6FFE020FEF7BAFFD020FEF7C0FF002053
:10166000FEF7BDFF0220FEF7BAFF0720FEF7B7FF27
:101670000A20FEF7B4FF2820FEF7B1FF3220FEF764
:10168000AEFF442000E062E0FEF7A9FF4220FEF733
:10169000A6FF0620FEF7A3FF0E20FEF7A0FF1220F4
:1016A000FEF79DFF1420FEF79AFF1720FEF797FF25
:1016B000E120FEF78BFFD020FEF791FF0020FEF720
:1016C0008EFF0220FEF78BFF0720FEF788FF0A201F
:1016D000FEF785FF2820FEF782FF3120FEF77FFF0F
:1016E0005420FEF77CFF4720FEF779FF0E20FEF71F
:1016F00076FF1C20FEF773FF1720FEF770FF1B20FC
:10170000FEF76DFF1E20FEF76AFF2A20FEF75EFF40
:101710000020FEF764FF0020FEF761FF0020FEF7C7
:101720005EFFEF20FEF75BFF2B20FEF74FFF002050
:10173000FEF755FF0020FEF752FF0120FEF74FFF96
:101740003F20FEF74CFF2920FEF740FF15E7FE483B
:10175000808845F21031884240F07C87ED20FEF70A
:1017600035FF0120FEF73BFFFE20FEF738FFEE209D
:10177000FEF72CFFDE20FEF732FF2120FEF72FFFC1
:10178000F120FEF723FF0120FEF729FFDF20FEF7FF
:101790001DFF1020FEF723FFC420FEF717FF8F2048
:1017A000FEF71DFFC620FEF711FF0020FEF717FF12
:1017B000E220FEF714FFE220FEF711FFE220FEF721
:1017C0000EFFBF20FEF702FFAA20FEF708FFB020A1
:1017D000FEF7FCFE0D20FEF702FF0020FEF7FFFEE5
:1017E0000D20FEF7FCFE0020FEF7F9FE1120FEF7AB
:1017F000F6FE0020FEF7F3FE1920FEF7F0FE0020B3
:10180000FEF7EDFE2120FEF7EAFE0020FEF7E7FEE0
:101810002D20FEF7E4FE0020FEF7E1FE3D20FEF75E
:10182000DEFE0020FEF7DBFE5D20FEF7D8FE002086
:10183000FEF7D5FE5D20FEF7D2FE0020FEF7CFFEBC
:10184000B120FEF7C3FE8020FEF7C9FE0020FEF7A0
:10185000C6FE8B20FEF7C3FE0020FEF7C0FE9620DA
:10186000FEF7BDFE0020FEF7BAFEB220FEF7AEFE88
:101870000020FEF7B4FE0020FEF7B1FE0220FEF7C6
:10188000AEFE0020FEF7ABFE0320FEF7A8FE002010
:10189000FEF7A5FEB320FEF799FE0020FEF79FFE9F
:1018A0000020FEF79CFE0020FEF799FE0020FEF7C8
:1018B00096FE0020FEF793FE0020FEF790FE00202B
:1018C000FEF78DFE0020FEF78AFE0020FEF787FE61
:1018D0000020FEF784FE0020FEF781FE0020FEF7C8
:1018E0007EFE0020FEF77BFE0020FEF778FE002043
:1018F000FEF775FE0020FEF772FE0020FEF76FFE79
:101900000020FEF76CFE0020FEF769FE0020FEF7C7
:1019100066FE0020FEF763FE0020FEF760FE00205A
:10192000FEF75DFE0020FEF75AFEB420FEF74EFEE5
:101930008B20FEF754FE0020FEF751FE9620FEF7A6
:101940004EFE0020FEF74BFEA120FEF748FE0020D1
:10195000FEF745FEB520FEF739FE0220FEF73FFEFA
:101960000020FEF73CFE0320FEF739FE0020FEF7C4
:1019700036FE0420FEF733FE0020FEF730FEB620D0
:10198000FEF724FE0020FEF72AFE0020FEF727FEC9
:10199000B720FEF71BFE0020FEF721FE0020FEF719
:1019A0001EFE3F20FEF71BFE0020FEF718FE5E2005
:1019B000FEF715FE0020FEF712FE6420FEF70FFE74
:1019C0000020FEF70CFE8C20FEF709FE0020FEF73B
:1019D00006FEAC20FEF703FE0020FEF700FEDC2032
:1019E000FEF7FDFD0020FEF7FAFD7020FEF7F7FD83
:1019F0000020FEF7F4FD9020FEF7F1FD0020FEF739
:101A0000EEFDEB20FEF7EBFD0020FEF7E8FDDC200D
:101A1000FEF7E5FD0020FEF7E2FDB820FEF7D6FD5B
:101A20000020FEF7DCFD0020FEF7D9FD0020FEF7C8
:101A3000D6FD0020FEF7D3FD0020FEF7D0FD0020EC
:101A4000FEF7CDFD0020FEF7CAFD0020FEF7C7FD22
:101A5000BA20FEF7BBFD2420FEF7C1FD0020FEF7F3
:101A6000BEFD0020FEF7BBFD0020FEF7B8FDC12043
:101A7000FEF7ACFD2020FEF7B2FD0020FEF7AFFD23
:101A80005420FEF7ACFD0020FEF7A9FDFF20FEF775
:101A9000A6FD0020FEF7A3FDC220FEF797FD0A2059
:101AA000FEF79DFD0020FEF79AFD0420FEF797FD4E
:101AB0000020FEF794FDC320FEF788FD3C20FEF7D2
:101AC0008EFD0020FEF78BFD3A20FEF788FD0020FA
:101AD000FEF785FD3920FEF782FD0020FEF77FFD31
:101AE0003720FEF77CFD0020FEF779FD3C20FEF755
:101AF00076FD0020FEF773FD3620FEF770FD002016
:101B0000FEF76DFD3220FEF76AFD0020FEF767FD4F
:101B10002F20FEF764FD0020FEF761FD2C20FEF76C
:101B20005EFD0020FEF75BFD2920FEF758FD00203A
:101B3000FEF755FD2620FEF752FD0020FEF74FFD73
:101B40002420FEF74CFD01E0880100200020FEF774
:101B500046FD2420FEF743FD0020FEF740FD232034
:101B6000FEF73DFD0020FEF73AFD3C20FEF737FD75
:101B70000020FEF734FD3620FEF731FD0020FEF791
:101B80002EFD3220FEF72BFD0020FEF728FD2F2032
:101B9000FEF725FD0020FEF722FD2C20FEF71FFD9D
:101BA0000020FEF71CFD2920FEF719FD0020FEF79E
:101BB00016FD2620FEF713FD0020FEF710FD242061
:101BC000FEF70DFD0020FEF70AFD2420FEF707FDBD
:101BD0000020FEF704FD2320FEF701FD0020FEF7A4
:101BE000FEFCC420FEF7F2FC6220FEF7F8FC0020A9
:101BF000FEF7F5FC0520FEF7F2FC0020FEF7EFFCF7
:101C00008420FEF7ECFC0020FEF7E9FCF020FEF754
:101C1000E6FC0020FEF7E3FC1820FEF7E0FC0020C5
:101C2000FEF7DDFCA420FEF7DAFC0020FEF7D7FC6F
:101C30001820FEF7D4FC0020FEF7D1FC5020FEF760
:101C4000CEFC0020FEF7CBFC0C20FEF7C8FC0020E9
:101C5000FEF7C5FC1720FEF7C2FC0020FEF7BFFC14
:101C60009520FEF7BCFC0020FEF7B9FCF320FEF740
:101C7000B6FC0020FEF7B3FCE620FEF7B0FC002027
:101C8000FEF7ADFCC520FEF7A1FC3220FEF7A7FC55
:101C90000020FEF7A4FC4420FEF7A1FC0020FEF784
:101CA0009EFC6520FEF79BFC0020FEF798FC76204A
:101CB000FEF795FC0020FEF792FC8820FEF78FFCD3
:101CC0000020FEF78CFCC620FEF780FC2020FEF7EB
:101CD00086FC0020FEF783FC1720FEF780FC002026
:101CE000FEF77DFC0120FEF77AFC0020FEF777FC72
:101CF000C720FEF76BFC0020FEF771FC0020FEF70A
:101D00006EFC0020FEF76BFC0020FEF768FCC8208C
:101D1000FEF75CFC0020FEF762FC0020FEF75FFC93
:101D20000020FEF75CFC0020FEF759FCC920FEF7FE
:101D30004DFC0020FEF753FC0020FEF750FC002075
:101D4000FEF74DFC0020FEF74AFC0020FEF747FCA2
:101D50000020FEF744FC0020FEF741FC0020FEF7C7
:101D60003EFC0020FEF73BFC0020FEF738FC002084
:101D7000FEF735FC0020FEF732FC0020FEF72FFCBA
:101D80000020FEF72CFC0020FEF729FC0020FEF7C7
:101D900026FCE020FEF71AFC1620FEF720FC0020AF
:101DA000FEF71DFC1C20FEF71AFC0020FEF717FCB6
:101DB0002120FEF714FC0020FEF711FC3620FEF770
:101DC0000EFC0020FEF70BFC4620FEF708FC00206E
:101DD000FEF705FC5220FEF702FC0020FEF7FFFB99
:101DE0006420FEF7FCFB0020FEF7F9FB7A20FEF7EB
:101DF000F6FB0020FEF7F3FB8B20FEF7F0FB002044
:101E0000FEF7EDFB9920FEF7EAFB0020FEF7E7FB6B
:101E1000A820FEF7E4FB0020FEF7E1FBB920FEF767
:101E2000DEFB0020FEF7DBFBC420FEF7D8FB002022
:101E3000FEF7D5FBCA20FEF7D2FB0020FEF7CFFB52
:101E4000D220FEF7CCFB0020FEF7C9FBD920FEF71D
:101E5000C6FB0020FEF7C3FBE020FEF7C0FB00201E
:101E6000FEF7BDFBF320FEF7BAFB0020FEF7B7FB41
:101E7000E120FEF7ABFB1620FEF7B1FB0020FEF7DA
:101E8000AEFB1C20FEF7ABFB0020FEF7A8FB2220D8
:101E9000FEF7A5FB0020FEF7A2FB3620FEF79FFB16
:101EA0000020FEF79CFB4520FEF799FB0020FEF783
:101EB00096FB5220FEF793FB0020FEF790FB642078
:101EC000FEF78DFB0020FEF78AFB7A20FEF787FBEA
:101ED0000020FEF784FB8B20FEF781FB0020FEF73D
:101EE0007EFB9920FEF77BFB0020FEF778FBA82005
:101EF000FEF775FB0020FEF772FBB920FEF76FFBC3
:101F00000020FEF76CFBC420FEF769FB0020FEF703
:101F100066FBCA20FEF763FB0020FEF760FBD220C1
:101F2000FEF75DFB0020FEF75AFBD820FEF757FBBB
:101F30000020FEF754FBE020FEF751FB0020FEF7E7
:101F40004EFBF320FEF74BFB0020FEF748FBE220A0
:101F5000FEF73CFB0520FEF742FB0020FEF73FFBAF
:101F60000B20FEF73CFB0020FEF739FB1B20FEF7A1
:101F700036FB0020FEF733FB3420FEF730FB002059
:101F8000FEF72DFB4420FEF72AFB0020FEF727FB7F
:101F90004F20FEF724FB0020FEF721FB6120FEF717
:101FA0001EFB0020FEF71BFB7920FEF718FB00202C
:101FB000FEF715FB8820FEF712FB0020FEF70FFB53
:101FC0009720FEF70CFB0020FEF709FBA620FEF78A
:101FD00006FB0020FEF703FBB720FEF700FB002006
:101FE000FEF7FDFAC220FEF7FAFA0020FEF7F7FA34
:101FF000C720FEF7F4FA0020FEF7F1FAD120FEF731
:10200000EEFA0020FEF7EBFAD620FEF7E8FA002001
:10201000FEF7E5FADD20FEF7E2FA0020FEF7DFFA30
:10202000F320FEF7DCFA0020FEF7D9FAE320FEF7F2
:10203000CDFA0520FEF7D3FA0020FEF7D0FA0A20E9
:10204000FEF7CDFA0020FEF7CAFA1C20FEF7C7FA09
:102050000020FEF7C4FA3320FEF7C1FA0020FEF795
:10206000BEFA4420FEF7BBFA0020FEF7B8FA502073
:10207000FEF7B5FA0020FEF7B2FA6220FEF7AFFADB
:102080000020FEF7ACFA7820FEF7A9FA0020FEF750
:10209000A6FA8820FEF7A3FA0020FEF7A0FA972000
:1020A000FEF79DFA0020FEF79AFAA620FEF797FAAF
:1020B0000020FEF794FAB720FEF791FA0020FEF711
:1020C0008EFAC220FEF78BFA0020FEF788FAC720AE
:1020D000FEF785FA0020FEF782FAD120FEF77FFA9C
:1020E0000020FEF77CFAD520FEF779FA0020FEF7F3
:1020F00076FADD20FEF773FA0020FEF770FAF3207F
:10210000FEF76DFA0020FEF76AFAE420FEF75EFAA9
:102110000120FEF764FA0020FEF761FA0120FEF7C5
:102120005EFA0020FEF75BFA0220FEF758FA002064
:10213000FEF755FA2A20FEF752FA0020FEF74FFA72
:102140003C20FEF74CFA0020FEF749FA4B20FEF740
:1021500046FA0020FEF743FA5D20FEF740FA002021
:10216000FEF73DFA7420FEF73AFA0020FEF737FA40
:102170008420FEF734FA0020FEF731FA9320FEF7B0
:102180002EFA0020FEF72BFAA220FEF728FA0020F4
:10219000FEF725FAB320FEF722FA0020FEF71FFA19
:1021A000BE20FEF71CFA0020FEF719FAC420FEF745
:1021B00016FA0020FEF713FACD20FEF710FA0020E1
:1021C000FEF70DFAD320FEF70AFA0020FEF707FA11
:1021D000DD20FEF704FA0020FEF701FAF320FEF7F7
:1021E000FEF90020FEF7FBF9E520FEF7EFF90020ED
:1021F000FEF7F5F90020FEF7F2F90020FEF7EFF9FF
:102200000020FEF7ECF90220FEF7E9F90020FEF7C6
:10221000E6F92920FEF7E3F90020FEF7E0F93C207B
:10222000FEF7DDF90020FEF7DAF94B20FEF7D7F9CB
:102230000020FEF7D4F95D20FEF7D1F90020FEF76B
:10224000CEF97420FEF7CBF90020FEF7C8F9842000
:10225000FEF7C5F90020FEF7C2F99320FEF7BFF99B
:102260000020FEF7BCF9A220FEF7B9F90020FEF726
:10227000B6F9B320FEF7B3F90020FEF7B0F9BE209F
:10228000FEF7ADF90020FEF7AAF9C420FEF7A7F982
:102290000020FEF7A4F9CD20FEF7A1F90020FEF7FB
:1022A0009EF9D320FEF79BF90020FEF798F9DC2079
:1022B000FEF795F90020FEF792F9F320FEF78FF96B
:1022C0000020FEF78CF9E620FEF780F91120FEF7DA
:1022D00086F90020FEF783F93420FEF780F900200C
:1022E000FEF77DF95620FEF77AF90020FEF777F920
:1022F0007620FEF774F90020FEF771F97720FEF7DB
:102300006EF90020FEF76BF96620FEF768F90020F1
:10231000FEF765F98820FEF762F90020FEF75FF905
:102320009920FEF75CF90020FEF759F9BB20FEF773
:1023300056F90020FEF753F99920FEF750F90020D6
:10234000FEF74DF96620FEF74AF90020FEF747F93F
:102350005520FEF744F90020FEF741F95520FEF71D
:102360003EF90020FEF73BF94520FEF738F9002042
:10237000FEF735F94320FEF732F90020FEF72FF97A
:102380004420FEF72CF90020FEF729F9E720FEF79C
:102390001DF93220FEF723F90020FEF720F9552021
:1023A000FEF71DF90020FEF71AF97620FEF717F95F
:1023B0000020FEF714F96620FEF711F90020FEF761
:1023C0000EF96720FEF70BF90020FEF708F96720E9
:1023D000FEF705F90020FEF702F98720FEF7FFF867
:1023E0000020FEF7FCF89920FEF7F9F80020FEF730
:1023F000F6F8BB20FEF7F3F80020FEF7F0F899207E
:10240000FEF7EDF80020FEF7EAF87720FEF7E7F890
:102410000020FEF7E4F84420FEF7E1F80020FEF784
:10242000DEF85620FEF7DBF80020FEF7D8F8232070
:10243000FEF7D5F80020FEF7D2F83320FEF7CFF8EC
:102440000020FEF7CCF84520FEF7C9F80020FEF783
:10245000C6F8E820FEF7BAF80020FEF7C0F8002022
:10246000FEF7BDF89920FEF7BAF80020FEF7B7F89E
:102470008720FEF7B4F80020FEF7B1F88820FEF7B9
:10248000AEF80020FEF7ABF87720FEF7A8F80020A2
:10249000FEF7A5F86620FEF7A2F80020FEF79FF8E9
:1024A0008820FEF79CF80020FEF799F8AA20FEF796
:1024B00096F80020FEF793F8BB20FEF790F8002076
:1024C000FEF78DF89920FEF78AF80020FEF787F8CE
:1024D0006620FEF784F80020FEF781F85520FEF70D
:1024E0007EF80020FEF77BF85520FEF778F80020F4
:1024F000FEF775F84420FEF772F80020FEF76FF83B
:102500004420FEF76CF80020FEF769F85520FEF72E
:1025100066F80020FEF763F8E920FEF757F8AA20D6
:10252000FEF75DF80020FEF75AF80020FEF757F896
:102530000020FEF754F80020FEF748F8AA20FEF726
:102540004EF8CF20FEF742F80020FEF748F80020B2
:10255000FEF745F80020FEF742F80020FEF73FF8AE
:102560000020FEF73CF80020FEF739F80020FEF7C7
:1025700036F80020FEF733F80020FEF730F8002090
:10258000FEF72DF80020FEF72AF80020FEF727F8C6
:102590000020FEF724F80020FEF721F80020FEF7C7
:1025A0001EF80020FEF71BF80020FEF718F8F020B8
:1025B000FEF70CF80020FEF712F85020FEF70FF897
:1025C0000020FEF70CF80020FEF709F80020FEF7C7
:1025D00006F8F320FDF7FAFF0020FEF700F8F920D7
:1025E000FDF7F4FF0620FDF7FAFF1020FDF7F7FFD7
:1025F0002920FDF7F4FF0020FDF7F1FF3A20FDF759
:10260000E5FF5520FDF7EBFF1120FDF7DFFF64200C
:1026100001F09CFC2920FDF7D9FF3520FDF7D6FFFE
:102620000020FDF7DCFF5120FDF7D0FFFF20FDF774
:10263000D6FF5320FDF7CAFF2C20FDF7D0FF552011
:10264000FDF7C4FF8220FDF7CAFF2C20FDF7BEFF77
:1026500001F048B8FE48808845F2105188427DD18B
:1026600055214FF47040FDF7CCFFAA214FF2010035
:10267000FDF7C7FF52214FF20200FDF7C2FF08210C
:102680004FF20300FDF7BDFF01214FF20400FDF7FB
:10269000B8FF0D214FF43040FDF7B3FF0D214BF291
:1026A0000100FDF7AEFF0D214BF20200FDF7A9FF7F
:1026B00034214FF43640FDF7A4FF34214BF2016082
:1026C000FDF79FFF34214BF20260FDF79AFF0D21C9
:1026D0004FF43140FDF795FF0D214BF20110FDF74E
:1026E00090FF0D214BF20210FDF78BFF34214FF4C8
:1026F0003740FDF786FF34214BF20170FDF781FF73
:1027000034214BF20270FDF77CFF00214FF4324080
:10271000FDF777FF00214BF20120FDF772FF00214A
:102720004BF20220FDF76DFF24214FF43840FDF7F6
:1027300068FF24214BF60100FDF763FF24214BF6CF
:102740000200FDF75EFF01214FF43F40FDF759FF06
:102750000F214FF43340FDF754FF00E0FDE30F215C
:102760004BF20130FDF74DFF0F214BF20230FDF728
:1027700048FF34214FF43940FDF743FF34214BF635
:102780000110FDF73EFF34214BF60210FDF739FF33
:1027900008214FF43540FDF734FF08214BF201507A
:1027A000FDF72FFF08214BF20250FDF72AFF03210E
:1027B0004FF44240FDF725FF24214FF43A40FDF746
:1027C00020FF24214BF60120FDF71BFF24214BF6AF
:1027D0000220FDF716FF00214FF43C40FDF711FFEA
:1027E00078214BF60140FDF70CFF00214BF602402B
:1027F000FDF707FF00214FF43D40FDF702FF782170
:102800004BF60150FDF7FDFE00214BF60250FDF79F
:10281000F8FE00214FF43E40FDF7F3FE64214BF635
:102820000160FDF7EEFE00214FF45140FDF7E9FE97
:1028300033214DF20110FDF7E4FE00214DF20210AC
:10284000FDF7DFFE34214DF20310FDF7DAFE002123
:102850004DF20410FDF7D5FE3A214DF20510FDF7BB
:10286000D0FE00214DF20610FDF7CBFE4A214DF2BD
:102870000710FDF7C6FE00214DF20810FDF7C1FE5E
:102880005C214DF20910FDF7BCFE00214DF20A104B
:10289000FDF7B7FE81214DF20B10FDF7B2FE0021CE
:1028A0004DF20C10FDF7ADFEA6214DF20D10FDF717
:1028B000A8FE00214DF20E10FDF7A3FEE5214DF21A
:1028C0000F10FDF79EFE01214DF21010FDF799FE4D
:1028D00013214DF21110FDF794FE01214DF212105B
:1028E000FDF78FFE54214DF21310FDF78AFE0121F2
:1028F0004DF21410FDF785FE82214DF21510FDF703
:1029000080FE01214DF21610FDF77BFECA214DF22B
:102910001710FDF776FE02214DF21810FDF771FE3B
:1029200000214DF21910FDF76CFE02214DF21A1034
:10293000FDF767FE01214DF21B10FDF762FE02213B
:102940004DF21C10FDF75DFE34214DF21D10FDF718
:1029500058FE02214DF21E10FDF753FE67214DF285
:102960001F10FDF74EFE02214DF22010FDF749FE2B
:1029700084214DF22110FDF744FE02214DF2221078
:10298000FDF73FFEA4214DF22310FDF73AFE022190
:102990004DF22410FDF735FEB7214DF22510FDF75D
:1029A00030FE02214DF22610FDF72BFECF214DF215
:1029B0002710FDF726FE02214DF22810FDF721FE1B
:1029C000DE214DF22910FDF71CFE02214DF22A10E6
:1029D000FDF717FEF2214DF22B10FDF712FE02213A
:1029E0004DF22C10FDF70DFEFE214DF22D10FDF7DE
:1029F00008FE03214DF22E10FDF703FE10214DF2CB
:102A00002F10FDF7FEFD03214DF23010FDF7F9FD0B
:102A100033214DF23110FDF7F4FD03214DF2321058
:102A2000FDF7EFFD6D214DF23310FDF7EAFD0021BA
:102A30004FF45240FDF7E5FD33214DF20120FDF743
:102A4000E0FD00214DF20220FDF7DBFD342101E025
:102A5000880100204DF20320FDF7D3FD00214DF247
:102A60000420FDF7CEFD3A214DF20520FDF7C9FD0A
:102A700000214DF20620FDF7C4FD4A214DF207204A
:102A8000FDF7BFFD00214DF20820FDF7BAFD5C21E6
:102A90004DF20920FDF7B5FD00214DF20A20FDF7AA
:102AA000B0FD81214DF20B20FDF7ABFD00214DF271
:102AB0000C20FDF7A6FDA6214DF20D20FDF7A1FD8E
:102AC00000214DF20E20FDF79CFDE5214DF20F2077
:102AD000FDF797FD01214DF21020FDF792FD132126
:102AE0004DF21120FDF78DFD01214DF21220FDF771
:102AF00088FD54214DF21320FDF783FD01214DF295
:102B00001420FDF77EFD82214DF21520FDF779FDA1
:102B100001214DF21620FDF774FDCA214DF2172058
:102B2000FDF76FFD02214DF21820FDF76AFD00212F
:102B30004DF21920FDF765FD02214DF21A20FDF737
:102B400060FD01214DF21B20FDF75BFD02214DF2DE
:102B50001C20FDF756FD34214DF21D20FDF751FDDF
:102B600002214DF21E20FDF74CFD67214DF21F2082
:102B7000FDF747FD02214DF22020FDF742FD8421A3
:102B80004DF22120FDF73DFD02214DF22220FDF7FF
:102B900038FDA4214DF22320FDF733FD02214DF233
:102BA0002420FDF72EFDB7214DF22520FDF729FD4C
:102BB00002214DF22620FDF724FDCF214DF22720E2
:102BC000FDF71FFD02214DF22820FDF71AFDDE2141
:102BD0004DF22920FDF715FD02214DF22A20FDF7C7
:102BE00010FDF2214DF22B20FDF70BFD02214DF2DD
:102BF0002C20FDF706FDFE214DF22D20FDF701FDF5
:102C000003214DF22E20FDF7FCFC10214DF22F2068
:102C1000FDF7F7FC03214DF23020FDF7F2FC3321E4
:102C20004DF23120FDF7EDFC03214DF23220FDF78E
:102C3000E8FC6D214DF23320FDF7E3FC00214FF459
:102C40005340FDF7DEFC33214DF20130FDF7D9FC96
:102C500000214DF20230FDF7D4FC34214DF2033057
:102C6000FDF7CFFC00214DF20430FDF7CAFC3A21FC
:102C70004DF20530FDF7C5FC00214DF20630FDF7A1
:102C8000C0FC4A214DF20730FDF7BBFC00214DF29C
:102C90000830FDF7B6FC5C214DF20930FDF7B1FCC0
:102CA00000214DF20A30FDF7ACFC81214DF20B30D2
:102CB000FDF7A7FC00214DF20C30FDF7A2FCA62188
:102CC0004DF20D30FDF79DFC00214DF20E30FDF769
:102CD00098FCE5214DF20F30FDF793FC01214DF2F8
:102CE0001030FDF78EFC13214DF21130FDF789FCF9
:102CF00001214DF21230FDF784FC54214DF21330C6
:102D0000FDF77FFC01214DF21430FDF77AFC8221A2
:102D10004DF21530FDF775FC01214DF21630FDF72F
:102D200070FCCA214DF21730FDF76BFC02214DF209
:102D30001830FDF766FC00214DF21930FDF761FCFB
:102D400002214DF21A30FDF75CFC01214DF21B30DF
:102D5000FDF757FC02214DF21C30FDF752FC3421E7
:102D60004DF21D30FDF74DFC02214DF21E30FDF7F6
:102D700048FC67214DF21F30FDF743FC02214DF264
:102D80002030FDF73EFC84214DF22130FDF739FC67
:102D900002214DF22230FDF734FCA4214DF2233004
:102DA000FDF72FFC02214DF22430FDF72AFCB7215C
:102DB0004DF22530FDF725FC02214DF22630FDF7BE
:102DC00020FCCF214DF22730FDF71BFC02214DF2F4
:102DD0002830FDF716FCDE214DF22930FDF711FCFD
:102DE00002214DF22A30FDF70CFCF2214DF22B307E
:102DF000FDF707FC02214DF22C30FDF702FCFE210D
:102E00004DF22D30FDF7FDFB03214DF22E30FDF785
:102E1000F8FB10214DF22F30FDF7F3FB03214DF2AB
:102E20003030FDF7EEFB33214DF23130FDF7E9FB99
:102E300003214DF23230FDF7E4FB6D214DF23330CA
:102E4000FDF7DFFB00214FF45440FDF7DAFB33219F
:102E50004DF20140FDF7D5FB00214DF20240FDF798
:102E6000D0FB34214DF20340FDF7CBFB00214DF2A6
:102E70000440FDF7C6FB3A214DF20540FDF7C1FBCA
:102E800000214DF20640FDF7BCFB4A214DF2074000
:102E9000FDF7B7FB00214DF20840FDF7B2FB5C21C6
:102EA0004DF20940FDF7ADFB00214DF20A40FDF760
:102EB000A8FB81214DF20B40FDF7A3FB00214DF251
:102EC0000C40FDF79EFBA6214DF20D40FDF799FB4E
:102ED00000214DF20E40FDF794FBE5214DF20F402D
:102EE000FDF78FFB01214DF21040FDF78AFB132106
:102EF0004DF21140FDF785FB01214DF21240FDF727
:102F000080FB54214DF21340FDF77BFB01214DF274
:102F10001440FDF776FB82214DF21540FDF771FB61
:102F200001214DF21640FDF76CFBCA214DF217400E
:102F3000FDF767FB02214DF21840FDF762FB00210F
:102F40004DF21940FDF75DFB02214DF21A40FDF7ED
:102F500058FB01214DF21B4000E005E3FDF751FB5A
:102F600002214DF21C40FDF74CFB34214DF21D4077
:102F7000FDF747FB02214DF21E40FDF742FB6721A2
:102F80004DF21F40FDF73DFB02214DF22040FDF7C1
:102F900038FB84214DF22140FDF733FB02214DF235
:102FA0002240FDF72EFBA4214DF22340FDF729FB23
:102FB00002214DF22440FDF724FBB7214DF22540BC
:102FC000FDF71FFB02214DF22640FDF71AFBCF2132
:102FD0004DF22740FDF715FB02214DF22840FDF789
:102FE00010FBDE214DF22940FDF70BFB02214DF2D3
:102FF0002A40FDF706FBF2214DF22B40FDF701FBC5
:1030000002214DF22C40FDF7FCFAFE214DF22D403D
:10301000FDF7F7FA03214DF22E40FDF7F2FA1021E9
:103020004DF22F40FDF7EDFA03214DF23040FDF750
:10303000E8FA33214DF23140FDF7E3FA03214DF276
:103040003240FDF7DEFA6D214DF23340FDF7D9FA3B
:1030500000214FF45540FDF7D4FA33214DF20150D1
:10306000FDF7CFFA00214DF20250FDF7CAFA3421E4
:103070004DF20350FDF7C5FA00214DF20450FDF763
:10308000C0FA3A214DF20550FDF7BBFA00214DF28E
:103090000650FDF7B6FA4A214DF20750FDF7B1FA96
:1030A00000214DF20850FDF7ACFA5C214DF20950B9
:1030B000FDF7A7FA00214DF20A50FDF7A2FA81218F
:1030C0004DF20B50FDF79DFA00214DF20C50FDF72B
:1030D00098FAA6214DF20D50FDF793FA00214DF21A
:1030E0000E50FDF78EFAE5214DF20F50FDF789FAEB
:1030F00001214DF21050FDF784FA13214DF21150C9
:10310000FDF77FFA01214DF21250FDF77AFA5421B2
:103110004DF21350FDF775FA01214DF21450FDF7F1
:1031200070FA82214DF21550FDF76BFA01214DF234
:103130001650FDF766FACA214DF21750FDF761FAF5
:1031400002214DF21850FDF75CFA00214DF21950A2
:10315000FDF757FA02214DF21A50FDF752FA0121FC
:103160004DF21B50FDF74DFA02214DF21C50FDF7B8
:1031700048FA34214DF21D50FDF743FA02214DF279
:103180001E50FDF73EFA67214DF21F50FDF739FA48
:1031900002214DF22050FDF734FA84214DF22150E6
:1031A000FDF72FFA02214DF22250FDF72AFAA42151
:1031B0004DF22350FDF725FA02214DF22450FDF780
:1031C00020FAB7214DF22550FDF71BFA02214DF2EE
:1031D0002650FDF716FACF214DF22750FDF711FAD0
:1031E00002214DF22850FDF70CFADE214DF2295054
:1031F000FDF707FA02214DF22A50FDF702FAF221FB
:103200004DF22B50FDF7FDF902214DF22C50FDF748
:10321000F8F9FE214DF22D50FDF7F3F903214DF29F
:103220002E50FDF7EEF910214DF22F50FDF7E9F980
:1032300003214DF23050FDF7E4F933214DF23150C6
:10324000FDF7DFF903214DF23250FDF7DAF96D2178
:103250004DF23350FDF7D5F900214FF45640FDF7FC
:10326000D0F933214DF20160FDF7CBF900214DF289
:103270000260FDF7C6F934214DF20360FDF7C1F994
:1032800000214DF20460FDF7BCF93A214DF20560D2
:10329000FDF7B7F900214DF20660FDF7B2F94A21BA
:1032A0004DF20760FDF7ADF900214DF20860FDF722
:1032B000A8F95C214DF20960FDF7A3F900214DF258
:1032C0000A60FDF79EF981214DF20B60FDF799F937
:1032D00000214DF20C60FDF794F9A6214DF20D602E
:1032E000FDF78FF900214DF20E60FDF78AF9E52117
:1032F0004DF20F60FDF785F901214DF21060FDF7E9
:1033000080F913214DF21160FDF77BF901214DF297
:103310001260FDF776F954214DF21360FDF771F953
:1033200001214DF21460FDF76CF982214DF2156018
:10333000FDF767F901214DF21660FDF762F9CA2128
:103340004DF21760FDF75DF902214DF21860FDF7AF
:1033500058F900214DF21960FDF753F902214DF2A1
:103360001A60FDF74EF901214DF21B60FDF749F996
:1033700002214DF21C60FDF744F934214DF21D602D
:10338000FDF73FF902214DF21E60FDF73AF9672182
:103390004DF21F60FDF735F902214DF22060FDF777
:1033A00030F984214DF22160FDF72BF902214DF215
:1033B0002260FDF726F9A4214DF22360FDF721F9E3
:1033C00002214DF22460FDF71CF9B7214DF2256072
:1033D000FDF717F902214DF22660FDF712F9CF2112
:1033E0004DF22760FDF70DF902214DF22860FDF73F
:1033F00008F9DE214DF22960FDF703F902214DF2B3
:103400002A60FDF7FEF8F2214DF22B60FDF7F9F886
:1034100002214DF22C60FDF7F4F8FE214DF22D60F3
:10342000FDF7EFF803214DF22E60FDF7EAF81021C9
:103430004DF22F60FDF7E5F803214DF23060FDF706
:10344000E0F833214DF23160FDF7DBF803214DF256
:103450003260FDF7D6F86D214DF23360FDF7D1F8FB
:1034600055214FF47040FDF7CCF8AA214FF201002E
:10347000FDF7C7F852214FF20200FDF7C2F808210C
:103480004FF20300FDF7BDF800214FF20400FDF7F5
:10349000B8F8CC214FF43140FDF7B3F800214BF2DE
:1034A0000110FDF7AEF805214FF43640FDF7A9F8FD
:1034B00070214FF43740FDF7A4F870214BF20170F2
:1034C000FDF79FF801214FF43840FDF79AF80321EA
:1034D0004BF60100FDF795F803214BF60200FDF7CE
:1034E00090F803214BF60300FDF78BF802214FF40F
:1034F0003C40FDF786F800214BF60140FDF781F8CE
:1035000000214BF60240FDF77CF8D0214FF44940F2
:10351000FDF777F802214CF60110FDF772F8502103
:103520004CF60210FDF76DF850214CF60310FDF734
:1035300068F850214CF60410FDF763F800214FF4B1
:103540005450FDF75EF855214FF46850FDF759F8D7
:103550004FF48850FDF73AF8782000F0AFFC4FF4B4
:103560002450FDF733F8BDE0FE48808841F6631132
:103570008842F8D1E220FDF729F81D20FDF72FF849
:103580000220FDF72CF80420FDF729F8642000F054
:1035900095FCE020FDF71AF80120FDF720F80A203D
:1035A00000F0D4FCE020FDF711F80320FDF717F838
:1035B0000C2000F0CBFC0120FDF708F80A2000F0F9
:1035C000C5FCE620FDF702F82F20FDF708F8FF20E4
:1035D000FDF705F8FF20FDF702F8B020FCF7F6FF35
:1035E0002020FCF7FCFF0020FCF7F9FF0320FCF78C
:1035F000F6FF40F21F30FCF7F2FF0120FCF7EFFF6F
:1036000040F2DF10FCF7EBFF0020FCF7E8FFB420EE
:10361000FCF7DCFF0420FCF7E2FF40F21F40FCF760
:10362000DEFF0020FCF7DBFF2E20FCF7D8FF002098
:10363000FCF7D5FF0020FCF7D2FF0020FCF7CFFFFE
:103640000020FCF7CCFFB620FCF7C0FF0220FCF7FF
:10365000C6FF4FF40370FCF7C2FF0020FCF7BFFF6A
:103660001720FCF7BCFF1520FCF7B9FF0020FCF782
:10367000B6FF0020FCF7B3FFF020FCF7A7FF032004
:10368000FCF7ADFF2920FCF7A1FFD020FCF79EFF3F
:103690000020FCF7A4FFBE20FCF798FF0520FCF7F4
:1036A0009EFFFE20FCF79BFF0120FCF798FF002007
:1036B000FCF795FF0020FCF792FF0020FCF78FFF3E
:1036C000B820FCF783FF0320FCF789FF0120FCF7FB
:1036D00086FFBA20FCF77AFF0120FCF780FF642008
:1036E000FDF74FFA0020FDF778FA01209E490860A7
:1036F0004FF6FF70FDF7C6FB21B000BD2DE9F04F7E
:1037000005460E4617469846DDF824A04FF0000BFC
:10371000781B401C1FFA80FB344614E021462846E3
:10372000FCF79EFFFCF77FFF4FF0000907E04FF02A
:10373000D840A0F880A009F101001FFA80F9D9450E
:10374000F5DB601C84B24445E8DDBDE8F08F2DE96F
:10375000F84F07460D4690469946DDF828B0A8EB8D
:103760000700401C1FFA80FAA9EB0500401C80B23C
:103770000090002414E0281981B23846FCF770FF4D
:10378000FCF751FF002607E004FB0A603BF810003D
:1037900076490880701C86B25645F5DB601C84B201
:1037A00000988442E7DBBDE8F88F2DE9FF4F84B035
:1037B00081468A460020039002900698A0EB0905F6
:1037C0000798A0EB0A06CDF80490CDF800A0002DD4
:1037D00001DD012705E00DB9002702E04FF0FF37BA
:1037E0006D42002E02DD4FF0010806E016B94FF0E1
:1037F000000802E04FF0FF387642B54201DD2C466A
:1038000000E034464FF0000B21E0009A91B2019A9B
:1038100090B2FDF731F903982844039002983044A0
:1038200002900398A04205DD0398001B03900198C5
:10383000384401900298A04205DD0298001B0290D6
:103840000098404400900BF101001FFA80FB601CBF
:103850008345DADD08B0BDE8F08FF0B504460D46CB
:1038600016461F462B46324629462046FFF79DFF47
:103870003B46224629462046FFF797FF3B46324605
:1038800039462046FFF791FF3B46324629463046EF
:10389000FFF78BFFF0BD2DE9F04306460F4690463B
:1038A000002445460320A0EB48093CE07A1B91B276
:1038B000321990B2FDF7E0F83A1B91B2721990B24A
:1038C000FDF7DAF83A1991B2721990B2FDF7D4F80F
:1038D0007A1991B2321990B2FDF7CEF87A1991B2F5
:1038E000321B90B2FDF7C8F83A1991B2721B90B230
:1038F000FDF7C2F87A1B91B2321B90B2FDF7BCF80B
:103900003A1B91B2721B90B2FDF7B6F8641CB9F184
:10391000000F03DAA000801D814404E0601B8000DA
:103920000A3081446D1EAC42C0DDBDE8F0832DE954
:10393000F84F80460E4617461C46B3462046E3170E
:1039400004EB5373DB1021464FEAE47C04EB5C7C10
:103950004FEAEC0CA4EBCC0CBCF1000F08D04FF0FC
:10396000010C07E088010020BC8240428000006C0E
:103970004FF0000C6344224604EBD27C4FEA6C0CFF
:1039800003FB0CF3DBB20093A7F12000C7B20025C4
:1039900056E00C2C07D107EB47009F4901EB800054
:1039A00010F8059013E0102C05D19C4800EB07108F
:1039B00010F805900BE0182C07D107EBC7009849C9
:1039C00001EB800010F8059001E0BDE8F88F4FF0A2
:1039D000000A2FE009F0800030B192480288314699
:1039E0004046FDF757F807E00A9828B98E48028844
:1039F00031464046FDF74EF84FEA49604FEA1069FC
:103A0000701C86B289484088B04200DCDDE7A6EB36
:103A10000B00A0420AD15E4608F101001FFA80F8AF
:103A200082480088404500DCCFE706E00AF101004B
:103A300000F0FF0ABAF1080FCCDB00BF681CC5B26A
:103A400000988542A5DB00BFBFE710B50246012004
:103A500000E050430B1EA1F10104E1B2F9D110BD09
:103A60002DE9FF4F81B0074691461E460E9D4FF04F
:103A7000000A002439E0301B401EC1B20A20FFF7C3
:103A8000E4FFB9FBF0F00A21B0FBF1F201FB1208F0
:103A9000BAF1000F16D1701EA04213DDB8F1000F6D
:103AA0000ED10020AB4605EBDB71491001FB047120
:103AB000009088B22B4620220299FFF738FF12E0CF
:103AC0004FF0010A0020AB4605EBDB71491001FB0A
:103AD0000471009088B208F13001CAB22B460299F5
:103AE000FFF725FF00BF601CC4B2B442C3DB05B0C2
:103AF000BDE8F08F2DE9FF4F82B0064692461F4683
:103B0000DDE90F480020019000254DE0781B401EA4
:103B1000C1B20A20FFF799FFBAFBF0F00A21B0FB0F
:103B2000F1F201FB1209019850BB781EA84227DD73
:103B3000B9F1000F22D108F0800078B108F001003F
:103B4000A34604EBDB71491001FB0561009088B2CC
:103B5000234630220399FFF7EAFE0EE008F0010049
:103B6000A34604EBDB71491001FB0561009088B2AC
:103B7000234620220399FFF7DAFE13E0012001908B
:103B800008F00100A34604EBDB71491001FB05615D
:103B9000009088B209F13001CAB223460399FFF7B9
:103BA000C6FE00BF681CC5B2BD42AFDB06B0BDE8B3
:103BB000F08F2DE9F84704460D4690469946DDE919
:103BC000096704F0FF0A08EB04001FFA80F809EB0C
:103BD00005001FFA80F916E0444502DB5446A81997
:103BE00085B24D4500DB14E0002000903A78334662
:103BF00029462046FFF79BFE304606EBD07104EBCA
:103C000061018CB27F1C38787E2802DC387820284D
:103C1000E2DA00BFBDE8F887368A0008AA8E0008FD
:103C20009A9400081400002016000020880100204B
:103C3000F8B504460D4617461E468DF800408DF82F
:103C400001508DF802708DF803606946002001F084
:103C5000B9FDF8BDF8B504460D4617461E468DF869
:103C600002708DF801508DF800608DF803406946B0
:103C7000002001F045FEF8BD3EB541F6FF7401217C
:103C8000080701F008F9012003F0D3F9002002F041
:103C9000F5F945F2500188423AD0012000F04FFF7B
:103CA00004E0601E84B20A2000F050F9412000F0C8
:103CB000FFFE08B9002CF4D10CB901203EBD4FF431
:103CC000807001F03DF8012001F055F86848006867
:103CD000C0F30120012801D00220EFE77F200190EE
:103CE000FF20029000200090684601F0D0FC0023E5
:103CF00038223B211720FFF79BFF012305221146A5
:103D00000E20FFF7A7FF45F25001002002F0A9F9AD
:103D10000020D3E7F0B587B004460D4616461F468F
:103D200000214FF4807001F02BFF8DF800508DF8CA
:103D300001608DF8027000208DF803008DF81040AE
:103D40004FF080400390002002900098019001AA5B
:103D50004FF48071002001F05CFE4FF4805002F0BF
:103D60006FFA4FF4003003F050F90121080302F01C
:103D7000FBF90121080201F003FF4FF40030059028
:103D800000208DF8180008208DF8190001208DF80A
:103D90001A0005A803F0C8F8292036490870022047
:103DA000487088700120C870084600F0B8F907B064
:103DB000F0BD7CB505460C46002001F066FF2846A4
:103DC00001F03EFF204601F050FF4FF4804002F02A
:103DD00037FA4FF4800003F018F90121880302F04C
:103DE000C3F9012001F051FF4FF480000090002042
:103DF0008DF8040008208DF8050001208DF80600DC
:103E0000684603F091F803201A49087002204870B0
:103E100088700120C870084600F081F97CBD10B59B
:103E20004FF4807002F0CFF9012805D1000202F0B2
:103E3000DBF911A004F058FA4FF4003003F0E5F874
:103E400010BD10B54FF4806002F0BDF901280AD111
:103E5000800202F0C9F90B48006808B9012000E0AF
:103E60000020084908604FF4800003F0CEF810BD30
:103E70007038024018000020414C41524D20412131
:103E80000D0A0000A882424210B504466FF00400FB
:103E900000F092F9E11704EB5171C1F3C701394AFF
:103EA00011701046007800EB4001C1EBC0104FF6D6
:103EB000FF7101EAC0003449088010BD0146314A53
:103EC00012784A434FF0E0235A6100229A611A4661
:103ED000126942F001021A6100BF4FF0E02210693E
:103EE00000F001021AB100F48032002AF5D04FF040
:103EF000E022126922F001024FF0E0231A61002251
:103F00009A6170470146204A12884A434FF0E023E5
:103F10005A6100229A611A46126942F001021A613E
:103F200000BF4FF0E022106900F001021AB100F466
:103F30008032002AF5D04FF0E022126922F001020F
:103F40004FF0E0231A6100229A61704770B5044671
:103F50004FF4077094FBF0F0C6B24FF4077094FB77
:103F6000F0F100FB114085B205E04FF40770FFF758
:103F7000C9FF701EC6B2002EF7D115B12846FFF753
:103F8000C1FF70BD1C0000201E00002000BF704754
:103F900000BF4C4A128802F04002002AF9D0C2B297
:103FA000484B9A80704710B588B0044601210846F6
:103FB00000F028FF0121102000F07EFF07220921D8
:103FC000414800F028FA07220A213F4800F023FA6E
:103FD0004FF4C060069002208DF81C008DF81D0083
:103FE00000208DF81E0001208DF81F0006A936481C
:103FF00000F086F902940020ADF80C00ADF80E0038
:10400000ADF81000ADF814000C20ADF8120002A9B4
:104010002C4801F0B2F801212A4801F036F90122BA
:1040200040F22551274801F0E6F925208DF80400DB
:1040300003208DF805008DF8060001208DF807009B
:1040400001A800F06CF808B010BD10B540F2255181
:104050001C4801F00BFA10B31A4801F045F9C4B23C
:104060001A48008800F40040C8B91848008800F4D5
:10407000804060B10A2C03D000201449088020E061
:104080001248008840F400401049088019E00D2CC7
:1040900006D10E48008840F480400C49088010E0AA
:1040A0000A480088C0F30D0009490C5407480088ED
:1040B000401C0649088008460088C72801DD00200A
:1040C000088010BD001001400000024024000020C4
:1040D000960100200948804709480047FEE7FEE7AF
:1040E000FEE7FEE7FEE7FEE7FEE7FEE7FEE7FEE7A8
:1040F00004480549054A064B70470000590400086A
:1041000089010008C0020020C0080020C00400206F
:10411000C004002032490143324A1160704770B533
:10412000002100230F22C4781CB32E4C246804F411
:10413000E064C4F5E064C4F30721C1F10404E3B210
:104140000A4144789C40E1B28478144021430C0732
:10415000210E254C05786155047804F01F050124D3
:10416000AC4005786D11AD0005F1E025C5F80041C2
:1041700009E0047804F01F050124AC401B4D0678CB
:10418000761145F8264070BD194A0A400243154B86
:104190001B1F1A60704739B1124A121D1268024380
:1041A000104B1B1D1A6006E00E4A121D1268824356
:1041B0000C4B1B1D1A607047042808D14FF0E021FA
:1041C000096941F004014FF0E022116107E04FF06E
:1041D000E021096921F004014FF0E02211617047EC
:1041E0000000FA050CED00E000E400E080E100E0F2
:1041F00080FFFF1F10B504469848844208D1012172
:10420000084600F06AFE0021012000F066FE76E01C
:104210009348844208D10121022000F05EFE002173
:10422000022000F05AFE6AE08E48844208D1012143
:10423000042000F052FE0021042000F04EFE5EE05B
:104240008948844208D10121082000F046FE00215F
:10425000082000F042FE52E08448844208D1012147
:10426000102000F03AFE0021102000F036FE46E05B
:104270007F48844208D10121202000F02EFE002139
:10428000202000F02AFE3AE07A48844208D1012139
:10429000402000F022FE0021402000F01EFE2EE013
:1042A0007548844208D10121802000F016FE0021CB
:1042B000802000F012FE22E07048844208D10121E3
:1042C000801500F00AFE0021A01500F006FE16E0A1
:1042D0006B48844208D10121401500F0FEFD002109
:1042E000601500F0FAFD0AE06648844207D101211A
:1042F000001500F0F2FD0021201500F0EEFD10BDCC
:10430000F0B50A4600210023002400BF3DE001254E
:1043100005FA01F3156805EA03049C4234D10568E7
:104320004F000326BE40B543056015794E00B540E9
:104330000668354305601579012D02D01579022DE7
:1043400016D185684F000326BE40B5438560557978
:104350004E00B540866835438560456801268E402D
:10436000B5434560456896798E40B6B235434560A1
:10437000C5684F000326BE40B543C560D5794E00E1
:10438000B540C6683543C560491C1029BFD3F0BD90
:104390004FF6FF7101600021017141718171C1719E
:1043A000704708B54FF480320092009A0A43009299
:1043B000009AC261C161009AC261C2690092C26979
:1043C000009208BD0246002013690B400BB101208A
:1043D00000E0002070470146086980B2704702463D
:1043E000002053690B400BB1012000E00020704712
:1043F0000146486980B27047018370474183704726
:104400000AB1018300E0418370474161704742690E
:104410004A4042617047F0B5002300244D07ED0E7D
:1044200002FA05F3CE1000F1200555F826504E078C
:10443000F70E0F26BE40B543CF1000F1200646F818
:104440002750CE1000F1200555F8265045EA030408
:10445000CE1000F1200545F82640F0BD00000240D6
:104460000004024000080240000C0240001002401C
:104470000014024000180240001C024000200240CC
:10448000002402400028024030B943F2DB028100E0
:10449000A1F1C0410A6005E043F2D2028100A1F11E
:1044A000C0410A606FF07042411C8900A1F1C04117
:1044B0000A608100A1F1C041C1F804217047D0E930
:1044C00001121143C2681143026911434269114349
:1044D00082691143C2691143026A1143426A11435E
:1044E000826A1143C26A1143026B1143026892004F
:1044F000A2F1C0421160816808290BD101688900CE
:10450000A1F1C041096841F0400201688900A1F1B0
:10451000C0410A60416B0968426B526841EA02116E
:10452000426B926841EA0221426B928941EA024160
:10453000426B128A41EA0251426B127D41EA0261EA
:10454000426B926911430268521C9200A2F1C04270
:104550001160C16AB1F5804F1BD1816B0968826B14
:10456000526841EA0211826B926841EA0221826B31
:10457000128A41EA0251826B127D41EA0261826B2A
:104580009269114302689200A2F1C042C2F804117C
:1045900007E06FF0704201688900A1F1C041C1F8E5
:1045A00004217047002101600221416000218160E7
:1045B000C160016141618161C16101624FF480515B
:1045C0004162490081620021C1620163F84941638F
:1045D0008163704751B18200A2F1C042126842F07B
:1045E00001038200A2F1C042136009E08200A2F13F
:1045F000C0421268EF4B1A408300A3F1C0431A6017
:10460000704710280AD118214FF02042116640212E
:1046100051664FF0FC319166D16610E01821E64AF0
:10462000116040214FF02042C2F884104FF0FC315D
:10463000E14A083211604FF02042C2F88C107047F6
:1046400030B5002100220023446844F00804856846
:104650002C43C5682C4305692C43456944EA45242D
:10466000856944EA4531C4692468C5696D6844EACE
:104670000524C5692D8944EA0544C5692D7B44EAB2
:104680000562046A2468056A6D6844EA0524056ABF
:104690002D8944EA0544056A2D7B44EA05630468D4
:1046A000102C05D14FF020442166A266E36608E095
:1046B000C14C21604FF02044C4F88820BE4C0C341B
:1046C000236030BD10210160002141608160C16024
:1046D000016141618161FC21C2691160C26951605F
:1046E000C2699160C269D160026A1160026A516058
:1046F000026A9160026AD160704799B1102808D1AE
:104700004FF02042126E42F004024FF020431A662E
:104710001DE0A94A126842F004024FF02043C3F89A
:10472000802014E0102809D14FF02042126EA14BD6
:10473000DB1E1A404FF020431A6608E09E4A1268BA
:104740009C4BDB1E1A404FF02043C3F8802070477B
:1047500099B1102808D14FF02042126E42F0400269
:104760004FF020431A661DE0934A126842F040025F
:104770004FF02043C3F8802014E0102809D14FF0F7
:104780002042126E8B4B3F3B1A404FF020431A667B
:1047900008E0894A1268874B3F3B1A404FF020439C
:1047A000C3F88020704701460020102903D14FF044
:1047B0002042506F02E0804A14321068704718207F
:1047C0007D492031086000200906C1F8A4004FF09F
:1047D000FC30794928310860091D0860091D08600E
:1047E0007047016841F01001426841EA4221826845
:1047F00041EA4231704A20321160C1680968C268DA
:10480000526841EA0221C268128941EA0241C26843
:10481000127B41EA0261684A283211600169096825
:104820000269526841EA02210269128941EA0241A1
:104830000269127B41EA02615F4A2C3211604169D0
:1048400009684269526841EA02214269128941EAD3
:1048500002414269127B41EA02614FF02042C2F8F4
:10486000B01070470021016041608160FC21C26886
:104870001160C2685160C2689160C268D16002690B
:10488000116002695160026991600269D1604269F8
:10489000116042695160426991604269D16070471C
:1048A00048B145492031096841F004014FF02042E8
:1048B000C2F8A01009E04049203109683D4AD21EE3
:1048C00011404FF02042C2F8A010704710B5F2B16D
:1048D000102807D14FF020435B6E0B434FF020446C
:1048E000636632E0B0F5807F08D1334B1B1D1B6837
:1048F0000B434FF02044C4F8843026E02E4B243381
:104900001B680B434FF02044C4F8A4301DE010286E
:1049100007D14FF020435B6E8B434FF0204463661A
:1049200013E0B0F5807F08D1234B1B1D1B688B4320
:104930004FF02044C4F8843007E01F4B24331B6839
:104940008B434FF02044C4F8A43010BD10B502468C
:1049500000200023102A03D14FF02044636E09E0A9
:10496000B2F5807F03D1144C241D236802E0124C61
:104970002434236803EA01040CB1012000E0002084
:1049800010BD102807D14FF02042526E8A434FF0DD
:1049900020435A6619E0B0F5807F0FD1064A121DF8
:1049A00012688A434FF02043C3F884200DE00000D2
:1049B000F8A10008FEFF0F00800000A0234A126843
:1049C0008A434FF02043C3F8A420704770B50246D5
:1049D0000020002300240025102A03D14FF0204698
:1049E000736E08E0B2F5807F03D1184E203E336825
:1049F00001E0164E336803EA010403EAD10514B15D
:104A00000DB1012000E0002070BD102808D14FF04A
:104A10002042526E22EAD1024FF020435A6614E03F
:104A2000B0F5807F09D1094A203A126822EAD10202
:104A30004FF02043C3F8842007E0044A126822EABA
:104A4000D1024FF02043C3F8A4207047A40000A077
:104A5000F948006840F00100F74908600020F64975
:104A600008310860F4480068F4490840F2490860D9
:104A7000F348091D0860F348EF4984310860F048A5
:104A80001038091D0860EC48006820F48020EA49CD
:104A900008600020E8490C310860E7498C31086063
:104AA00070470021E44A921C11701146087070474B
:104AB00010B501460022002300204A11012A02D12C
:104AC000DD4C236808E0022A03D1DB4C70342368F4
:104AD00002E0D94C7434236801F01F020124944091
:104AE0001C400CB1012000E0002010BD38B50020B2
:104AF00000900024002500BF3120FFF7D9FF0546B4
:104B00000098401C00900098B0F5A04F01D0002DF7
:104B1000F2D03120FFF7CCFF08B1012400E00024DF
:104B2000204638BD01460020C34A106820F0F80036
:104B300040EAC10010607047C34908607047002117
:104B4000BD4A703211701170012802D004280AD1B8
:104B500004E00121B84A7032117005E00521B64A1F
:104B60007032117000E000BF00BF7047B7490860A5
:104B7000704770B5049C41EA82150126C6EB5306C6
:104B800045EA0645054345EA0465AB4E361D3560EA
:104B900070BDAD4908667047820142EA0172A64BBA
:104BA00084331A607047A8498866704710B583013E
:104BB00043EA016343EA02739F4C8834236010BDCB
:104BC000A14908677047A049C864704702460020A1
:104BD000994B0833186820F0EC6042EA010318434F
:104BE000954B08331860704702460020924B0833FB
:104BF000186820F0784042EA010318438E4B0833CE
:104C000018607047014600208B4A0832106820F077
:104C1000030008431060704787480830006800F0C0
:104C20000C00704701460020834A0832106820F0CB
:104C3000F000084310607047014600207E4A0832A9
:104C4000106820F4E05008431060704701460020CF
:104C5000794A0832106820F4604040EAC1001060D0
:104C60007047F0B50021002200240225002602230F
:104C7000714F08373F6807F00C0121B1042905D0B6
:104C8000082937D105E0724F076036E0714F0760A1
:104C900033E0694F3F1D3F68C7F38056664F3F1DA5
:104CA0003F6807F03F036EB16A4FB7FBF3F7DFF8D9
:104CB00088C10CF1040CDCF800C0CCF3881C07FBA5
:104CC0000CF40CE0624FB7FBF3F7DFF86CC10CF1AA
:104CD000040CDCF800C0CCF3881C07FB0CF4564F26
:104CE0003F1D3F68C7F301477F1C7D00B4FBF5F70C
:104CF000076002E0564F076000BF00BF4E4F083705
:104D00003F6807F0F0010909534F7A5C0768D74004
:104D10004760494F08373F6807F4E051890A4E4F12
:104D20007A5C4768D7408760434F08373F6807F48D
:104D30006041490B484F7A5C4768D740C760F0BD77
:104D4000002100F44072B2F5407F0AD13A4A08329D
:104D5000116821F4F811414A02401143364A0832E1
:104D60001160354A70321268C0F30B031A43324B9C
:104D700070331A60704735494439086070473349C9
:104D80004039086070473649086070470146002086
:104D9000294A8C32106820F01F004A1E1043264A10
:104DA0008C321060704701460020234A8C32106814
:104DB00020F4F8504A1E40EA02201F4A8C3210604C
:104DC0007047014600201C4A8C32106820F44010C5
:104DD00008431060704701460020174A8C32106863
:104DE00020F4400008431060704701460020124A3A
:104DF0008C32106820F44030084310607047194925
:104E00000860704739B10C4A3032126802430A4BCD
:104E100030331A6006E0084A303212688243064B8B
:104E200030331A607047F9B1034A343212680243D2
:104E3000014B34331A601CE000380240FFFFF6EAF1
:104E4000103000240030002000004742800E47420E
:104E50000024F40000127A0026000020FFFCFF0F5F
:104E60005C014742E01147428F4A126882438E4BF1
:104E70001A60704739B18C4A121D126802438A4B7E
:104E80001B1D1A6006E0884A121D12688243864B79
:104E90001B1D1A60704739B1834A0C3212680243F5
:104EA000814B0C331A6006E07F4A0C321268824351
:104EB0007D4B0C331A60704739B17B4A103212684F
:104EC0000243794B10331A6006E0774A10321268B9
:104ED0008243754B10331A60704739B1724A243AD5
:104EE00012680243704B243B1A6006E06E4A243A73
:104EF000126882436C4B243B1A60704739B16A4A8E
:104F0000203A12680243684B203B1A6006E0664A6A
:104F1000203A12688243644B203B1A60704739B1D3
:104F2000614A1C3A126802435F4B1C3B1A6006E060
:104F30005D4A1C3A126882435B4B1C3B1A60704707
:104F400039B1594A143A12680243574B143B1A605C
:104F500006E0554A143A12688243534B143B1A60D8
:104F6000704739B1504A103A126802434E4B103B19
:104F70001A6006E04C4A103A126882434A4B103BD2
:104F80001A60704739B1484A1C3212680243464BD6
:104F90001C331A6006E0444A1C3212688243424BBA
:104FA0001C331A60704739B13F4A203212680243FD
:104FB0003D4B20331A6006E03B4A203212688243A0
:104FC000394B20331A60704739B1374A243212689E
:104FD0000243354B24331A6006E0334A2432126808
:104FE0008243314B24331A60704739B12E4A2C3238
:104FF000126802432C4B2C331A6006E02A4A2C32EA
:1050000012688243284B2C331A60704739B1264A04
:10501000303212680243244B30331A6006E0224AD1
:10502000303212688243204B30331A6070470128B7
:1050300008D11D493C31096841F008011A4A3C3247
:10504000116007E018493C31096821F00801164A4F
:105050003C321160704739B1134A273A1278024343
:10506000114B273B1A7006E00F4A273A1278824309
:105070000D4B273B1A7070470B484030006840F0DA
:105080008070094940310860704701460020064A97
:10509000283A12680A400AB1012000E00020704757
:1050A00001492639087070473438024010B504466B
:1050B000FA48844208D101211020FFF752FF002155
:1050C0001020FFF74EFF57E0F548844209D1012137
:1050D0004804FFF735FF00214FF40030FFF730FFA1
:1050E0004AE0F048844209D101218804FFF728FFF3
:1050F00000214FF48020FFF723FF3DE0EA4884427F
:1051000009D10121C804FFF71BFF00214FF4002043
:10511000FFF716FF30E0E548844209D10121080578
:10512000FFF70EFF00214FF48010FFF709FF23E087
:10513000DF48844208D101212020FFF712FF00211F
:105140002020FFF70EFF17E0DA48844209D1012141
:105150008807FFF7F5FE00214FF08040FFF7F0FED3
:105160000AE0D548844207D101214005FFF7E8FE57
:1051700000216005FFF7E4FE10BD2DE9FF4705465D
:105180000E460024A14600BFA046B08900B100BF72
:105190002C8A24F44054F08804432C82AC8941F2D8
:1051A0000C608443B0883189084371890843044303
:1051B000AC81AC8A24F44074B0890443AC82684664
:1051C000FFF74FFDB548854202D0B948854202D16C
:1051D000DDF80C9001E0DDF80890A88900F40040AB
:1051E00040B109EBC90000EB091031684900B0FB80
:1051F000F1F707E009EBC90000EB091031688900FD
:10520000B0FBF1F76420B7FBF0F004012009642142
:1052100001FB1078A88900F4004040B1322000EB77
:10522000C800B0FBF1F000F00700044308E03220B2
:1052300000EB08106421B0FBF1F000F00F00044314
:105240002C81BDE8FF874FF4165101600021818059
:10525000C18001810C21418100218181704710B5FD
:1052600002460020108A20F470600B884C8823438B
:105270008C882343CC8823431843108210BD00211F
:10528000018041808180C180704721B1828942F4D0
:105290000052828104E082894DF6FF731A408281B8
:1052A0007047028B02F47F420283028B0A4302831F
:1052B000704721B1828942F40042828103E08289F1
:1052C000C2F30E028281704721B1828A42F40062E9
:1052D000828204E0828A4FF2FF731A408282704712
:1052E000C1F308028280704701468888C0F3080035
:1052F0007047028A4FF6F0731A400282028A0A430C
:105300000282704721B1828942F00202828104E068
:1053100082894FF6FD731A408281704782894FF26D
:10532000FF731A40828182890A4382817047028A10
:105330004FF6DF731A400282028A0A4302827047E4
:1053400021B1028A42F48042028204E0028A4BF6D2
:10535000FF731A4002827047818941F00101818107
:10536000704721B1828A42F00802828204E0828A78
:105370004FF6F7731A4082827047028BD2B20283D3
:10538000028B42EA01220283704721B1828A42F0F5
:105390002002828204E0828A4FF6DF731A40828202
:1053A000704721B1828A42F01002828204E0828A30
:1053B0004FF6EF731A4082827047828A4FF6FB7372
:1053C0001A408282828A0A438282704721B1828A8D
:1053D00042F00202828204E0828A4FF6FD731A4094
:1053E000828270471AB1838A0B43838202E0838AE8
:1053F0008B4383827047F0B50346002400260025C6
:10540000002040F66A17B94200D100BF1846C1F328
:10541000421401F01F06012707FA06F5012C01D1FD
:105420000C3004E0022C01D1103000E014301AB12D
:1054300007682F43076002E00768AF430760F0BDCD
:1054400002460020B1F5007F00D100BF13880B4059
:105450000BB1012000E00020704701F40072B2F5AA
:10546000007F00D100BFCA430280704770B502467A
:10547000002400230025002040F66A16B14200D126
:1054800000BFC1F3421501F01F03012606FA03F322
:10549000012D13D19689334017E000000010014020
:1054A0000044004000480040004C004000500040D4
:1054B0000014014000780040007C0040022D02D121
:1054C000168A334001E0968A33400C12012606FA10
:1054D00004F41688344013B10CB1012000E0002020
:1054E00070BD10B50022002340F66A14A14200D11D
:1054F00000BF0A1201249440A3B2DC43048010BD13
:1055000008B50022009200200021CA22F94B1A603F
:1055100053221A60F74A183A126822F0A002F54B9B
:10552000183B1A6000BFF34A183A126802F02001D3
:10553000009A521C0092009AB2F5003F01D0002957
:10554000F1D0EC4A183A126802F020020AB10120A8
:1055500000E00020FF22E74B1A6008BD08B50022DA
:10556000009200200021E34A183A126802F040023B
:10557000E2B9421EDF4B183B1A6000BFDD4A183A01
:10558000126802F04001009A521C0092009AB2F593
:10559000803F01D00029F1D0D64A183A126802F0B3
:1055A00040020AB1012002E0002000E0012008BD15
:1055B00038B50020009000240025CA20CD4908609D
:1055C00053200860FFF7CAFF00B952E00020C94924
:1055D0002439086042F20110091D0860081D0068A6
:1055E00000F00700091D086000BFC24818380068B5
:1055F00000F004040098401C00900098B0F5803F33
:1056000001D0002CF1D0BB481838006800F004002D
:1056100008B900252DE0B7481C3800680020B549BE
:105620001C3908604FF6FF70B24910390860B24863
:10563000091F08600020AF490C390860091D086087
:10564000091D0860AB4908310860AA491831086093
:10565000A84920310860091D0860A649183908606A
:10566000A4491C310860FFF74BFF08B9002500E092
:105670000125FF209F490860284638BD9D481838FD
:10568000006820F080009B4918390860704730B5E9
:1056900004460025CA209749086053200860FFF798
:1056A0005DFF00B91DE093481C38006820F0400001
:1056B00090491C39086008460068216808438D49F4
:1056C0001C3908608B491439A068086008460068D6
:1056D000A18840EA0140874914390860FFF7CEFFEE
:1056E0000125FF2083490860284630BD0021016064
:1056F0007F214160FF218160704718B1FF217D4A01
:10570000116004E0CA217B4A116053211160704787
:1057100030B504460025CA20764908605320086049
:10572000FFF71CFF00B914E044B172481C38006850
:1057300040F010006F491C39086007E06D481C38C4
:10574000006820F010006B491C390860FFF796FFD5
:105750000125FF2067490860284630BDCA21654AF7
:1057600011605321116040B162491C39096841F050
:105770002001604A1C3A116007E05E491C39096843
:1057800001F0DF015B4A1C3A1160FF21594A1160A8
:1057900070470146002204E0501CC2B2A1F10A0089
:1057A000C1B20A29F8DA100741EA106070470146D1
:1057B00000BF080900EB8000420001F00F00104418
:1057C000C0B270472DE9F04105460C46002600277F
:1057D00055B948481C38006800F0400000B102E0AC
:1057E0000020E07000BF0EE042481C38006800F066
:1057F000400020B12078FFF7DAFF064602E00020E3
:10580000E07000BF00BF55B120780004617840EA25
:105810000120A1780843E17840EA014611E02078B0
:10582000FFF7B7FF4FEA00486078FFF7B2FF48EA9A
:105830000028A078FFF7ADFF48EA0008E07848EAC2
:105840000046CA202B49086053200860FFF786FEF7
:1058500008B9002714E02948304026492439086057
:10586000FFF70CFF23481C38006800F0200030B917
:10587000FFF746FE08B9002702E0012700E00127F4
:10588000FF201C4908603846BDE8F0810021C17046
:10589000017041708170704770B506460C46002556
:1058A000144824380068154900EA0105C5F305408D
:1058B0002070C5F30620607005F07F00A07005F42D
:1058C0008000000CE0705EB92078FFF770FF207058
:1058D0006078FFF76CFF6070A078FFF768FFA0703A
:1058E00070BD00200349091D086802492039096874
:1058F0007047000024280040FF007F007F7F7F006A
:105900002DE9F04105460C46002600274DB9607888
:1059100000F01000102804D1607820F010000A3048
:10592000607005B908E06078FFF741FF0646A0788F
:10593000FFF73DFF064600BF55B1E07800046178EF
:1059400040EA0120A1780843217840EA413611E07D
:10595000E078FFF71EFF4FEA00486078FFF719FF75
:1059600048EA0028A078FFF714FF48EA00082078EA
:1059700048EA4036CA20FE49086053200860FFF715
:10598000EDFD08B9002714E0FA483040F849203905
:105990000860FFF773FEF6481C38006800F020002E
:1059A00030B9FFF7ADFD08B9002702E0012700E09C
:1059B0000127FF20EE4908603846BDE8F08101214B
:1059C0000170817041700021C170704770B506464A
:1059D0000C460025E64820380068E64900EA010543
:1059E000280CE070C5F30420607005F03F00A07043
:1059F000C5F3423020705EB9E078FFF7D8FEE07062
:105A00006078FFF7D4FE6070A078FFF7D0FEA0703A
:105A100070BD2DE9F04105460E46144600276DB9CC
:105A2000D3481C38006800F0400000B102E00020BC
:105A3000E07000BFA06800B91AE019E0CC481C383B
:105A4000006800F0400020B12078FFF7B0FE074664
:105A500002E00020E07000BFA06820B9207BFFF7C3
:105A6000A6FE074604E0207BFFF7A1FE074600BF25
:105A700095B120780004617840EA0120A1780843BC
:105A8000E17840EA0140217B40EA0160A1680843D7
:105A9000616840EA01071BE02078FFF77AFE4FEAD1
:105AA00000486078FFF775FE48EA0028A078FFF705
:105AB00070FE48EA0008E07848EA0048207BFFF7DB
:105AC00068FE48EA0060A1680843616840EA01078F
:105AD000CA20A749086053200860B6F5807F03D12B
:105AE000A3480838076002E0A148001F0760FF20B4
:105AF0009F490860BDE8F0810021C17001704170CC
:105B000081708160012101730021416070472DE99E
:105B1000F04106460F4614460025B7F5807F03D1B5
:105B200093480838056802E09148001F0568C5F3EE
:105B300005402070C5F30620607005F07F00A0705E
:105B400005F48000000CE070C5F30560207305F0DB
:105B50008040A06005F0803060607EB92078FFF75B
:105B600026FE20706078FFF722FE6070A078FFF7B5
:105B70001EFEA070207BFFF71AFE2073BDE8F081A7
:105B800038B502460024009400230020CA24784D32
:105B90002C6053242C6041B1754C1C3C2468144388
:105BA000734D1C3D2C6001201EE0714C1C3C246890
:105BB00094436F4D1C3D2C6000BF6D4C183C246815
:105BC00004EA1223009C641C0094009CB4F5803FFE
:105BD00001D0002BF1D0664C183C246804EA122452
:105BE0000CB9002000E00120FF24614D2C6038BD7D
:105BF00030B50023CA245E4D2C6053242C6041EA4A
:105C00000203B0F5807F03D1594C2034236002E0B9
:105C1000574C24342360FF24554D2C6030BD014681
:105C20000020B1F5807F05D1514A20321268C2F3BD
:105C30000E0004E04E4A24321268C2F30E00704790
:105C4000CA214B4A11605321116049491C39096826
:105C500021F00701464A1C3A1160114609680143C8
:105C60001160FF21424A11607047CA21404A116009
:105C7000532111603E4910390860FF2111607047BF
:105C80003B481038006880B2704718B501460023C1
:105C9000009300220020CA23354C23605323236045
:105CA00049B1334B1C3B1B6843F48063304C1C3CB4
:105CB000236001201FE02E4B1C3B1B6823F48063F4
:105CC0002B4C1C3C236000BF294B183B1B6803F086
:105CD0000402009B5B1C0093009BB3F5803F01D046
:105CE000002AF1D0224B183B1B6803F004030BB9C8
:105CF000002000E00120FF231D4C236018BDCA22B4
:105D00001B4B1A6053221A60194A1C3A126822F47B
:105D10008022174B1C3B1A601A46126840EA0103A6
:105D20001A43134B1C3B1A60FF22114B1A60704739
:105D30000F481C38006800F480207047CA220C4BC2
:105D40001A6053221A600A4A1C3A126822F4E002CE
:105D5000074B1C3B1A601A46126840EA01031A43BB
:105D6000034B1C3B1A60FF22014B1A607047000076
:105D7000242800403FFFFF0070B504460D46002672
:105D8000CA20F649086053200860FFF7E7FB00B916
:105D900007E044EA0500F1490C390860FFF76EFCA2
:105DA0000126FF20ED490860304670BD30B504463D
:105DB0000025CA20E949086053200860FFF7CEFBA0
:105DC00000B914E044B1E5481C38006840F0800098
:105DD000E2491C39086007E0E0481C38006820F000
:105DE0008000DE491C390860FFF748FC0125FF20D0
:105DF000DA490860284630BDCA21D84A11605321CB
:105E0000116040B1D5491C39096841F40001D34AF9
:105E10001C3A116007E0D1491C39096821F40001DE
:105E2000CE4A1C3A1160FF21CC4A11607047CA214A
:105E3000CA4A116053211160C8491C39096821F40C
:105E40000021C64A1C3A11601146096801431160DD
:105E5000FF21C24A1160704770B50346002000243C
:105E6000CA25BE4E356053253560BC4D183D2D68A2
:105E700005F4803555B100E0641CB84D183D2D681F
:105E800005F4803515B1B4F5003FF5D1B34D183D9B
:105E90002D6805F480353DB943EA01051543AF4E41
:105EA00018363560012000E00020FF25AB4E35603C
:105EB00070BD10B50A460021A84B1C3B1B6840F67C
:105EC000080423EA04011AB140F40063194300E016
:105ED0000143CA23A14C2360532323609F4B1C3BE7
:105EE0001960FF23236010BD2DE9F04180460C4668
:105EF00015460026002799480C300068984900EAAA
:105F00000106964810300068964900EA0107C6F37A
:105F100005402070C6F30620607006F07F00A07078
:105F200006F48000000CE0700020E870C7F3042045
:105F3000687007F03F00A870C7F342302870B8F1CE
:105F4000000F17D12078FFF732FC20706078FFF740
:105F50002EFC6070A078FFF72AFCA0706878FFF72D
:105F600026FC6870A878FFF722FCA8702878FFF755
:105F70001EFC2870BDE8F081784814300068704736
:105F800041B9764A1C32126822EA4002734B1C3334
:105F90001A6007E0714A1C32126842EA40026F4BF5
:105FA0001C331A60704739B16C4A1C3212680243C4
:105FB0006A4B1C331A6006E0684A1C32126882433E
:105FC000664B1C331A60704764491C31096821F420
:105FD000C051624A1C3211601146096801431160C8
:105FE00070475E491C31096821F4E0615B4A1C324C
:105FF00011601146096801431160704757491C310F
:10600000096821F4C041554A1C32116011460968E3
:1060100001431160704740B150491C31096841F09B
:1060200080014E4A1C32116007E04C491C3109685E
:1060300021F08001494A1C321160704740B1474944
:106040001C31096821F40041444A1C32116007E008
:1060500042491C31096841F40041404A1C32116038
:10606000704708B5002200923C4A2C320092009AF8
:1060700002EB80020092009A116008BD08B501464B
:106080000020009035482C300090009800EB8100F3
:1060900000900098006808BD30491C31096821F45F
:1060A00080312E4A1C32116011460968014311608B
:1060B00070472A491C31096821F40031274A1C32F3
:1060C00011601146096801431160704723491C3172
:1060D000096821F48021214A1C32116011460968A7
:1060E000014311607047F0B504460D4600270026B5
:1060F000CA201A49086053200860184818380068F8
:1061000000F0080050B100E0761C14481838006810
:1061100000F0080010B1B6F5805FF5D10F481838CF
:10612000006800F0080098B90C481C38006800F0BE
:10613000100058B945EA0400084908310860FFF723
:10614000DFF908B9002704E0012702E0002700E09A
:106150000027FF20014908603846F0BD2428004090
:106160007F7F7F003FFFFF00CA223D4B1A60532212
:106170001A6091B13A4A1C3A126820F004031A439B
:10618000374B1C3B1A60364A1C32126800F004037D
:106190001A43334B1C331A6011E0314A1C3A12681F
:1061A00020F004039A432E4B1C3B1A602C4A1C32ED
:1061B000126800F004039A43294B1C331A60FF2233
:1061C000274B1A60704710B5014600200022244B6F
:1061D000183B1B68234C03EA040202EA01030BB1DB
:1061E000012000E0002010BD81B241F080011C4A76
:1061F000183A126802F0800262EA0101184A183A5D
:106200001160704730B50146002000220023144C75
:106210001C34246804F00402114C1C3C24680C401B
:1062200002EAD13544EA05030D4C183C246804EA1F
:1062300011121BB194B20CB1012000E0002030BD5E
:10624000002101098AB242F08002054B183B1B680D
:1062500003F0800363EA0202014B183B1A607047A7
:10626000242800407F3F010010B50446FE488442C8
:1062700008D101210846FEF774FE00210120FEF737
:1062800070FE9DE0B4F1804F08D101210846FEF771
:1062900057FE00210120FEF753FE91E0F3488442AF
:1062A00008D101210220FEF74BFE00210220FEF75B
:1062B00047FE85E0EE48844208D101210420FEF724
:1062C0003FFE00210420FEF73BFE79E0E9488442CE
:1062D00008D101210820FEF733FE00210820FEF737
:1062E0002FFE6DE0E448844208D101211020FEF722
:1062F00027FE00211020FEF723FE61E0DF488442E4
:1063000008D101212020FEF71BFE00212020FEF7EE
:1063100017FE55E0DA48844208D101210220FEF739
:1063200020FE00210220FEF71CFE49E0D5488442F1
:1063300009D101210804FEF714FE00214FF480303A
:10634000FEF70FFE3CE0D048844209D10121480409
:10635000FEF707FE00214FF40030FEF702FE2FE0AB
:10636000CA48844209D101218804FEF7FAFD0021C0
:106370004FF48020FEF7F5FD22E0C548844208D1A5
:1063800001214020FEF7DCFD00214020FEF7D8FD72
:1063900016E0C048844208D101218020FEF7D0FDDC
:1063A00000218020FEF7CCFD0AE0BB48844207D1E3
:1063B00001218015FEF7C4FD0021A015FEF7C0FDE8
:1063C00010BD00220288A84B98420ED0AC4B9842D8
:1063D0000BD0B0F1804F08D0A44B984205D0A44B0D
:1063E000984202D0A34B984204D14FF68F731A40C3
:1063F0004B881A43A04B984207D0A04B984204D038
:106400004FF6FF431A400B891A4302804B68C36260
:106410000B880385944B984202D0994B984201D146
:106420008B7A03860123838270474FF0FF314160EE
:106430000021018001814180817270470185828243
:1064400070470A46002101884FF68F7319401143A7
:106450000180704741627047C16270470146486AD7
:1064600070470146088D704721B1028842F0020250
:10647000028004E002884FF6FD731A4002807047E4
:1064800021B1028842F00402028004E002884FF643
:10649000FB731A400280704721B1028842F08002EB
:1064A000028004E002884FF67F731A400280704732
:1064B00002884FF6F7731A40028002880A4302806E
:1064C000704702884FF6FF431A40028002880A4351
:1064D0000280704721B1028842F00102028004E08C
:1064E00002884FF6FE731A400280704770B5002490
:1064F00000220023058C4FF6FE7635400584028C81
:106500008388048B4FF68F752C40B51E2C400D8868
:106510002C43751E2A408D892A434D882A43524DAB
:10652000A84202D0564DA84213D14FF6F7752A4023
:10653000CD892A434FF6FB752A408D882A434FF6B2
:10654000FF652B404FF6FF552B400D8A2B434D8A9C
:106550002B43838004838D684563028470BD70B5CE
:10656000002400220023058C4FF6EF763540058489
:10657000028C8388048B48F6FF752C404FF6FF454C
:106580002C400D884FF6FF7606EA05252C434FF682
:10659000DF752A408D8906EA05152A434D8806EAEB
:1065A00005152A43304DA84202D0354DA8421DD1D1
:1065B0004FF67F752A40CD894FF6FF7606EA05151E
:1065C0002A434FF6BF752A408D8806EA05152A43EF
:1065D0004FF6FF352B404FF2FF752B400D8A06EA30
:1065E00085052B434D8A06EA85052B43838004836A
:1065F0008D688563028470BD70B50024002200237D
:10660000058C4FF6FF6635400584028C8388848BA9
:106610004FF68F752C404FF6FC752C400D882C439F
:106620004FF6FF552A408D894FF6FF7606EA05257D
:106630002A434D8806EA05252A430B4DA84202D07D
:106640000F4DA84238D14FF2FF752A40CD894FF641
:10665000FF7606EA05252A434FF6FF352A408D8846
:1066600006EA05252A4319E0000001400004004025
:1066700000080040000C00400010004000140040E2
:106680000004014000400140004401400048014036
:1066900000180040001C0040002000404EF6FF752E
:1066A0002B404DF6FF752B400D8A06EA05152B434E
:1066B0004D8A06EA05152B43838084838D68C56364
:1066C000028470BD70B5002200230024058C4EF6B4
:1066D000FF7635400584038C8488828B48F6FF75ED
:1066E0002A404FF6FF452A400D884FF6FF7606EA0E
:1066F00005252A434DF6FF752B408D8906EA0535A1
:106700002B434D8806EA05352B43FE4DA84202D0A7
:10671000FD4DA84208D14BF6FF752C400D8A4FF66F
:10672000FF7606EA85152C43848082838D68056494
:10673000038470BD0021018041808180816081815E
:10674000C18101824182704770B503460020002458
:106750001846183001258D40ACB21D8CA5431D8410
:1067600009B108290AD100EB610005684FF68F7660
:10677000354005600568154305600FE00D1FC5F342
:106780004E052844056848F6FF76354005600568E3
:106790004FF6FF7606EA02263543056070BD416379
:1067A000704781637047C1637047016470470A4650
:1067B0000021018B4FF68F731940114301837047FD
:1067C0000A460021018B48F6FF7319404FF6FF730C
:1067D00003EA02231943018370470A460021818B93
:1067E0004FF68F7319401143818370470A46002189
:1067F000818B48F6FF7319404FF6FF7303EA0223BB
:106800001943818370470A460021018B4FF6F773C5
:1068100019401143018370470A460021018B4FF252
:10682000FF7319404FF6FF7303EA022319430183F4
:1068300070470A460021818B4FF6F77319401143C8
:10684000818370470A460021818B4FF2FF73194004
:106850004FF6FF7303EA02231943818370470A4608
:106860000021018B4FF6FB731940114301837047E0
:106870000A460021018B4FF6FF3319404FF6FF7394
:1068800003EA02231943018370470A460021818BE2
:106890004FF6FB7319401143818370470A4600216C
:1068A000818B4FF6FF3319404FF6FF7303EA022343
:1068B0001943818370470A460021018B4FF67F738D
:1068C00019401143018370470A460021018BC1F32F
:1068D0000E014FF6FF7303EA022319430183704749
:1068E0000A460021818B4FF67F7319401143818343
:1068F00070470A460021818BC1F30E014FF6FF73EA
:1069000003EA02231943818370470A460021018C60
:106910004FF6FD7319401143018470470A46002168
:10692000018C4FF6F77319401143018470470A46F2
:106930000021018C4FF6DF7319404FF6FF7303EA15
:1069400002131943018470470A460021018C4FF657
:106950007F7319404FF6FF7303EA02131943018452
:1069600070470A460021018C4FF6FF5319404FF63D
:10697000FF7303EA02231943018470470A4600218A
:10698000018C4FF2FF7319404FF6FF7303EA0223A5
:106990001943018470470A460021018C4DF6FF73AC
:1069A00019404FF6FF7303EA02331943018470471D
:1069B00030B5002301248C40A3B2048C9C43048492
:1069C000048C02FA01F5ADB22C43048430BD30B51D
:1069D000002304248C40A3B2048C9C430484048CC4
:1069E00002FA01F5ADB22C43048430BD828B4FF224
:1069F000FF331A408283828B4FF6FF7303EA012331
:106A00001A4382837047F0B50C46154600210022D8
:106A10000026078C4EF6FF7C07EA0C070784818B63
:106A2000028C4FF6FF7707EA043640F6FF473940FD
:106A30004FF6FF7707EA052739434FF6FF7707EA56
:106A40000337394345F6FF773A4046F480573A43D7
:106A500081830284F0BD828B4FF6F3731A408283E8
:106A6000828B0A4382837047F0B50C46154600219D
:106A700000220026078C4FF6FF6C07EA0C070784FC
:106A8000818B028C4FF6FF7707EA04264FF60C77CE
:106A900039404FF6FF7707EA03172F4339434FF288
:106AA000FF573A4046F480773A4381830284F0BD31
:106AB000028B4FF2FF331A400283028B4FF6FF73B3
:106AC00003EA01231A4302837047F0B50C461546CA
:106AD000002100220026078C4FF6EF7C07EA0C0706
:106AE0000784018B028C4FF6FF7707EA041640F605
:106AF000FF4739404FF6FF7707EA033739434FF630
:106B0000FF7703E0000001400004014007EA052789
:106B100039434FF65F773A4046F010073A43018316
:106B20000284F0BD028B4FF6F3731A400283028B8E
:106B30000A4302837047F0B50C4615460021002237
:106B4000068C4FF6FE773E400684018B028C4FF692
:106B50000C7631407E1C06EA03162E4331434FF675
:106B6000F576324044F00106324301830284F0BDE1
:106B700070B505460C46208850B92389A2886188E3
:106B80002846FFF7D8FFE1882846FFF7CBFF25E02E
:106B9000208804280AD12389A28861882846FFF723
:106BA00094FFE1882846FFF783FF17E02088082834
:106BB0000AD12389A28861882846FFF755FFE1881A
:106BC0002846FFF748FF09E02389A2886188284604
:106BD000FFF719FFE1882846FFF708FF70BD002185
:106BE00001804180012181800021C18001817047A5
:106BF0002DE9F04105460C4600260127608808B9BA
:106C0000022600E00026A088012801D1022700E02A
:106C100001272088A0B92389A28861882846FFF728
:106C20008AFFE1882846FFF77DFF23893A463146EF
:106C30002846FFF74AFFE1882846FFF739FF13E0AF
:106C40002389A28861882846FFF73FFFE18828460C
:106C5000FFF72EFF23893A4631462846FFF76BFFA0
:106C6000E1882846FFF75EFFBDE8F0810146486BEA
:106C700070470146886B70470146C86B70470146F4
:106C8000086C70470A884B881A438B881A43CB8854
:106C90001A430B891A434B891A438B891A43A0F86C
:106CA000442070470021018041808180C1800181A2
:106CB00041818181704731B1B0F8442042F40042F3
:106CC000A0F8442005E0B0F84420C2F30E02A0F87A
:106CD0004420704721B1828842F00402828004E09F
:106CE00082884FF6FB731A408280704721B18288F8
:106CF00042F00102828004E082884FF6FE731A405F
:106D0000828070471AB183890B43838102E08389B3
:106D10008B43838170478182704702460020138A2B
:106D20000B400BB1012000E000207047CA430282F3
:106D3000704730B50246002000230024158A05EA7A
:106D40000103958905EA010413B10CB1012000E0AB
:106D5000002030BDCA430282704741EA0203A0F816
:106D6000483070471AB183890B43838102E08389DD
:106D70008B438381704721B1828842F00802828070
:106D800004E082884FF6F7731A40828070470189C9
:106D90004FF6F8721140018170470A4600210189BF
:106DA0004FF68F73194011430181704730B5044687
:106DB0000D4629462046FFF7F0FF208940F00700E6
:106DC000208130BD2DE9F04104460D4616461F4690
:106DD000602D06D13B46012231462046FFF775FE65
:106DE00005E03B46012231462046FFF7A4FE294636
:106DF0002046FFF7D2FF208940F007002081BDE840
:106E0000F08130B50C4600210189C9B24FF6FF75FB
:106E100005EA0325154325432943018130BD2DE9AA
:106E2000F04105460E4617469846002443463A462A
:106E300031462846FFF7E5FF2C894FF6F8700440ED
:106E400044F007044FF68F70044044F070042C8126
:106E5000BDE8F081F0B504460D4616461F463B4698
:106E6000324629462046FFF7CCFF208940F4804077
:106E70002081F0BD82884FF68F731A40828082880D
:106E80000A438280704702894FF6F8731A400281E4
:106E900002890A430281704702894FF67F731A40C4
:106EA000028102890A4302817047F0B50C461546FB
:106EB0001E460021002200230189028B038C4FF61D
:106EC000F877394021434FF6FC473A4040F201172A
:106ED0003A434FF6DD773B404FF6FF7707EA061758
:106EE0002F433B43018102830384F0BD21B182889B
:106EF00042F08002828004E082884FF67F731A405D
:106F000082807047A0F8501070470000002041496F
:106F10000860091D0860091D0860091D08603E48D9
:106F20003C4914310860704700213A498279002AAF
:106F30003AD00A46126803689A430B461A600A1D43
:106F4000126803689A430B1D1A60027911440A689B
:106F500003681A430A602F4A0832126803689A438A
:106F60002C4B08331A601A1D126803689A43294B88
:106F70000C331A604279102A0ED11A1F1268036866
:106F80001A43244B08331A601A1D126803681A4307
:106F9000204B0C331A600DE01E49427911440A68F7
:106FA00003681A430A6005E0027911440A6803681D
:106FB0009A430A6070470021016001710C21417100
:106FC0000021817170471349103109680143114A4A
:106FD000103211607047014600200E4A14321268C8
:106FE0000A400AB1012000E000207047094914312D
:106FF0000860704701460020064A143212680A40B1
:107000000AB1012000E000207047024914310860F5
:1070100070470000003C0140FFFF7F0010B50121D8
:107020000807FDF78DFF00214FF08050FDF788FF26
:1070300010BD52490862704701460020504A10684E
:1070400020F0E0000843106070474C490861704729
:107050004A49A031086070474849A4310860704728
:1070600001460020464A106820F440400843106062
:10707000704742490864704740494864704730B1DE
:107080003F49096841F440213D4A116005E03C490F
:10709000096821F440213A4A1160704718B1012172
:1070A000364AD16202E00021344AD162704718B1F9
:1070B0000121324A916202E00021304A9162704718
:1070C0002E494862704710B5024600202C4B1868C4
:1070D00040F6034398431043294B1860294B1B6823
:1070E00043F00403274C2360012901D130BF00E0A5
:1070F00020BF244B1B6823F00403224C236010BDE7
:1071000010B5024600201E4B186840F60343984312
:1071100010431B4B18601B4B1B6843F00403194CB6
:107120002360012901D130BF00E020BF154B1B684F
:1071300023F00403134C236010BD1148006840F095
:1071400002000F4908600F48006840F004000D4934
:10715000086000BF00BF30BF704701460020084AEA
:1071600052680A400AB1012000E00020704704493B
:10717000096841EA8001024A1160704700000E422E
:107180000070004010ED00E010B58CB004461E23E6
:107190000BAA03A9204600F0A9FE0090009810B1A8
:1071A00001200CB010BD9DF82C00044400200B9071
:1071B0000EE040489DF82C2050F8221003A800F063
:1071C000FDFD00B908E09DF82C00401CC0B20B90FA
:1071D0009DF82C000728ECD300BF9DF82C00072851
:1071E00063D2DFE800F004053C5E6564630000BF25
:1071F00031A001F079F831A001F076F83FA001F05C
:1072000073F84EA001F070F85CA001F06DF86BA06F
:1072100001F06AF879A001F067F886A001F064F83F
:107220008BA001F061F890A001F05EF894A001F04D
:107230005BF899A001F058F89EA001F055F8A4A0C1
:1072400001F052F8B0A001F04FF8BDA001F04CF8E9
:10725000C8A001F049F8D4A001F046F89AE216A0BF
:1072600001F042F8E0A001F03FF800200B900EE0A2
:10727000ED4800689DF82C2000EBC2004168EBA0AF
:1072800001F032F89DF82C00401CC0B20B90E6488B
:10729000007D9DF82C108842EADC07A001F024F85C
:1072A00078E205A001F020F8C4E171E245E219E2BC
:1072B000ECE10000380000200D0A00002D2D2D2DDE
:1072C0002D2D2D2D2D2D2D2D2D2D2D2D2D2D2D2DEE
:1072D0002D2D2D2D55534D4152542056332E312DE9
:1072E0002D2D2D2D2D2D2D2D2D2D2D2D2D2D2D2DCE
:1072F0002D2D2D2D2D2D2D200D0A0000202020209C
:1073000055534D415254CAC7D3C9414C49454E54B7
:10731000454BBFAAB7A2B5C4D2BBB8F6C1E9C7C92D
:10732000B5C4B4AEBFDAB5F7CAD4BBA5BDBBD7E907
:10733000BCFE2CCDA8B9FD200D0A0000CBFC2CC44E
:10734000E3BFC9D2D4CDA8B9FDB4AEBFDAD6FACA6C
:10735000D6B5F7D3C3B3CCD0F2C0EFC3E6B5C4C83B
:10736000CEBACEBAAFCAFD2CB2A2D6B4D0D02ED2ED
:10737000F2B4CB2CC4E3BFC90D0A0000D2D4CBE6D3
:10738000D2E2B8FCB8C4BAAFCAFDB5C4CAE4C8EB0F
:10739000B2CECAFD28D6A7B3D6CAFDD7D62831307B
:1073A0002F3136BDF8D6C629A1A2D7D6B7FBB4AEC9
:1073B000A1A2BAAFCAFDC8EB0D0A0000BFDAB5D86A
:1073C000D6B7B5C8D7F7CEAAB2CECAFD292CB5A577
:1073D000B8F6BAAFCAFDD7EEB6E0D6A7B3D631300D
:1073E000B8F6CAE4C8EBB2CECAFD2CB2A2D6A7B397
:1073F000D6BAAFCAFDB7B5200D0A0000BBD8D6B5C6
:10740000CFD4CABE2ED0C2D4F6B2CECAFDCFD4CA13
:10741000BEBDF8D6C6C9E8D6C3B9A6C4DC2CD0C256
:10742000D4F6BDF8D6C6D7AABBBBB9A6C4DC2E0D10
:107430000A000000BCBCCAF5D6A7B3D63A77777766
:107440002E6F70656E6564762E636F6D0D0A000099
:1074500055534D415254D3D037B8F6CFB5CDB3C301
:10746000FCC1EE3A0D0A00003F3A202020202020E7
:10747000BBF1C8A1B0EFD6FAD0C5CFA20D0A00006B
:1074800068656C703A202020BBF1C8A1B0EFD6FA35
:10749000D0C5CFA20D0A00006C6973743A20202079
:1074A000BFC9D3C3B5C4BAAFCAFDC1D0B1ED0D0ACF
:1074B0000A00000069643A2020202020BFC9D3C3FD
:1074C000BAAFCAFDB5C44944C1D0B1ED0D0A0A0036
:1074D0006865783A20202020B2CECAFD3136BDF84A
:1074E000D6C6CFD4CABE2CBAF3B8FABFD5B8F12BE2
:1074F000CAFDD7D6BCB4D6B4D0D0BDF8D6C6D7AAAC
:10750000BBBB0D0A0A0000006465633A20202020FE
:10751000B2CECAFD3130BDF8D6C6CFD4CABE2CBA61
:10752000F3B8FABFD5B8F12BCAFDD7D6BCB4D6B4E0
:10753000D0D0BDF8D6C6D7AABBBB0D0A0A00000042
:1075400072756E74696D653A312CBFAAC6F4BAAF14
:10755000CAFDD4CBD0D0BCC6CAB13B302CB9D8B14F
:10756000D5BAAFCAFDD4CBD0D0BCC6CAB13B0D0A88
:107570000A000000C7EBB0B4D5D5B3CCD0F2B1E06F
:10758000D0B4B8F1CABDCAE4C8EBBAAFCAFDC3FBF8
:10759000BCB0B2CECAFDB2A2D2D4BBD8B3B5BCFC8B
:1075A000BDE1CAF82E0D0A002D2D2D2D2D2D2D2DCE
:1075B0002D2D2D2D2D2D2D2D2D2D2D2D2D2D2D2DFB
:1075C0002D2D414C49454E54454B2D2D2D2D2D2D06
:1075D0002D2D2D2D2D2D2D2D2D2D2D2D2D2D2D2DDB
:1075E0002D2D2D200D0A00002D2D2D2D2D2D2D2D75
:1075F0002D2D2D2D2D2D2D2D2D2D2D2D2D2D2D2DBB
:107600002DBAAFCAFDC7E5B5A52D2D2D2D2D2D2DDC
:107610002D2D2D2D2D2D2D2D2D2D2D2D2D2D2D2D9A
:107620002D2D2D2D200D0A009400002025730D0A0C
:1076300000000000EEA000F057FE00200B901AE0C2
:10764000FB4909689DF82C2001EBC20101AB02AA9D
:10765000486803A900F070FCF54800689DF82C10FC
:1076600050F8312003A9F3A000F03EFE9DF82C0055
:10767000401CC0B20B90EE48007D9DF82C10884253
:10768000DEDCAFF2CC3000F02FFE83E0AFF2D8307A
:1076900000F02AFE0BAA03A9204600F029FD9DF860
:1076A0002C00C8B9694603A800F0BBFB0B909DF8FD
:1076B0002C0020B9E4A0009900F016FE0EE09DF821
:1076C0002C00042801D002206BE5E2A000F00CFEA3
:1076D0000120D749C87501E0022062E5DCA000F076
:1076E00003FE57E0DAA000F0FFFD0BAA03A9204635
:1076F00000F0FEFC9DF82C00C8B9694603A800F014
:1077000090FB0B909DF82C0020B9D7A0009900F0B9
:10771000EBFD0EE09DF82C00042801D0022040E58E
:10772000D4A000F0E1FD0020C149C87501E00220AD
:1077300037E5C7A000F0D8FD2CE0C5A000F0D4FDCF
:107740000BAA03A9204600F0D3FC9DF82C00C8B971
:10775000694603A800F065FB0B909DF82C0078B9F2
:10776000B349009881F8EC00084690F8EC0018B195
:10777000C5A000F0B9FD07E0CAA000F0B5FD03E028
:1077800002200EE502200CE5B1A000F0ADFD01E005
:10779000012006E500BF002003E510B50121C8481F
:1077A000FFF7C4FA4FF6FF71C548FEF755FE0021FA
:1077B000C348FEF74FFE00209D49C1F8F00010BD00
:1077C00010B50121BE48FFF7A8FA012808D1984852
:1077D000D0F8F0004FF6FF7108449549C1F8F00069
:1077E000B748FEF73BFE9249D1F8F01008449049A3
:1077F000C1F8F0000846D0F8F00010BD10B5012126
:10780000AF48FFF796FA01280AD1894908698047ED
:107810000021AB48FEF71EFE6421A948FEF71CFEBE
:107820000121A748FFF796FA10BD7FB504460D4623
:1078300001210420FDF72FFBADF800500020ADF82A
:1078400002000194ADF8080069469D48FEF7B9FDB5
:10785000012211469A48FFF755FA01219848FEF790
:1078600039FE1E208DF80C0003208DF80D008DF8D8
:107870000E0001208DF80F0003A8FCF750FC7FBD1F
:1078800010B5044604EBC40000EB04100122C2EB67
:10789000800081B24FF47A70FFF7C7FF012064497E
:1078A000C87510BD30B595B0054613AB12AA09A92D
:1078B000284600F041FB044614B1204615B030BD07
:1078C0000020149026E05A4909689DF8502001EBE9
:1078D000C20113AB11AA486801A900F02DFB0446B0
:1078E0000CB12046EAE709A901A800F067FA60B9DF
:1078F0009DF844009DF84810884201DD0220DDE734
:107900009DF850004A4988750AE09DF85000401CD7
:10791000C0B214904648007D9DF850108842D2DCD9
:1079200000BF4348007D9DF85010884201D10420DB
:10793000C4E714A9284600F04CFC04460CB12046CC
:10794000BCE79DF850003A4948750020B6E72DE99C
:10795000F0419AB03648847D007DA04202DC1AB026
:10796000BDE8F0813249096801EBC40106AB07AA02
:10797000486808A900F0E0FA08A952A000F0B4FC99
:107980000026B9E02A48008B0121B1400840D8B157
:1079900022214EA000F0A8FC304600F00DFC244946
:1079A0002431471839464AA000F09EFC222147A006
:1079B00000F09AFC304600F0FFFB1D4924310844DA
:1079C00010A941F826008DE0304600F0F5FB18497B
:1079D0002431085810A941F826001548C07D30B957
:1079E00010A850F826103BA000F07EFC7AE073E06F
:1079F0002D2D2D2D2D2D2D2D2D2D2D2D2D2D2D2DB7
:107A00002D2D2D2D2D2D2D2D2DBAAFCAFD20494404
:107A1000202D2D2D2D2D2D2D2D2D2D2D2D2D2D2DA3
:107A20002D2D2D2D2D2D2D2D2D2D2D2D200D0A0003
:107A30009400002025732069642069733A0D0A3090
:107A400058253038580D0A004845583A30582558BE
:107A50000D0A00003136BDF8D6C6B2CECAFDCFD46D
:107A6000CABE210D0A0000004445433A256C750D3D
:107A70000A0000003130BDF8D6C6B2CECAFDCFD460
:107A8000CABE210D0A00000052756E2054696D6552
:107A90002043616C63756C6174696F6E204F4E0D8D
:107AA0000A00000052756E2054696D652043616CB8
:107AB00063756C6174696F6E204F46460D0A000055
:107AC000000800400D0A257328000000256300000F
:107AD00025730000256C750010A850F8261095A09D
:107AE00000F002FC9DF81C00401EB04202D093A0A2
:107AF00000F0FAFB701CC6B29DF81C008642FFF62F
:107B000041AF8FA000F0F0FBFFF747FE8D48407DAE
:107B10000B280DD2DFE800F0060D151E27323F4E70
:107B20005F7287008749096851F83400804705462D
:107B300090E0844A126852F834101098884705463D
:107B400088E0804B1B6853F83420DDE91001904732
:107B500005467FE07B4F3F6857F8343010A807C8D0
:107B60009847054676E0DFF8DCC1DCF800C05CF839
:107B7000347010A80FC8B84705466BE01498DFF8BA
:107B8000C4C10090DCF800C05CF8347010A80FC8C5
:107B9000B84705465EE0DDE91401DFF8A8C1CDE98C
:107BA0000001DCF800C05CF8347010A80FC8B847BA
:107BB00005464FE0DDE914121698DFF888C1CDE9DB
:107BC00000120290DCF800C05CF8347010A80FC8F6
:107BD000B84705463EE0DDE91423DDE91610DFF87D
:107BE00064C1CDE90023CDE90210DCF800C05CF8E7
:107BF000347010A80FC8B84705462BE0DDE91523FF
:107C0000DDE91710CDE90123CDE903101498DFF861
:107C100034C10090DCF800C05CF8347010A80FC8C4
:107C2000B847054616E0DDE91623DDE91810CDE971
:107C30000223CDE90410DDE91401DFF808C1CDE924
:107C40000001DCF800C05CF8347010A80FC8B84719
:107C5000054600BF00BFFFF7B3FD9DF818000128DF
:107C60000CD13848C07D20B9294637A000F03CFB34
:107C700007E0294636A000F037FB02E033A000F011
:107C800033FB304890F8EC0088B12E48D0F8F00073
:107C90000A21B0FBF1F201FB12072A48D0F8F000EC
:107CA000B0FBF1F83A4641462CA000F01DFB00BFA6
:107CB00055E670B53148008800F40040002833D004
:107CC0002E48057800202E4948551E4881682C48CA
:107CD000884704461CB91B49C868804721E02848EA
:107CE000FFF752FA0546012D00D02C46CCB1012CED
:107CF00006D0022C08D0032C0AD0042C10D10BE0A3
:107D000020A000F0F1FA0BE021A000F0EDFA07E06E
:107D100022A000F0E9FA03E023A000F0E5FA00BF9A
:107D200000BF00201549088070BD014608687047F3
:107D30000160704730582558000000002C000000FA
:107D400029000000940000203D256C753B0D0A00C1
:107D50003D305825583B0D0A0000000046756E6303
:107D600074696F6E2052756E2054696D653A256492
:107D70002E2531646D730D0A0000000024000020E0
:107D800096010020BAAFCAFDB4EDCEF3210D0A0072
:107D9000B2CECAFDB4EDCEF3210D0A00B2CECAFDBB
:107DA000CCABB6E0210D0A00CEB4D5D2B5BDC6A588
:107DB000C5E4B5C4BAAFCAFD210D0A0002460AE007
:107DC00010780B78984201D001207047107800B9E4
:107DD00002E0521C491CF3E700BF0020F5E706E073
:107DE00002780A70027802B902E0401C491CF7E7E9
:107DF00000BF70470146002005E00A7802B903E0A1
:107E0000421CD0B2491CF8E700BF704710B50246CB
:107E1000012000E050430B1EA1F10104E1B2F9D1B1
:107E200010BD2DE9F04307460E4600254FF00A0825
:107E30003C46002030601FE02078392802DC2078A2
:107E400030280ADA2078462802DC2078412804DA33
:107E50002078582809D1012D07D12078412801DB4D
:107E60004FF01008681CC5B205E0207800B904E0A6
:107E70000120BDE8F083641CDEE700BF3C46B8F19A
:107E8000100F0FD1032D01DA0220F2E720783028FD
:107E900006D16078582803D1A41CA81EC5B204E0FE
:107EA0000320E6E70DB90420E3E71BE00DB1681EEF
:107EB000C5B22078392806DC2078302803DB20780A
:107EC000A0F1300902E02078A0F1370929464046A8
:107ED000FFF79CFF316809FB00103060641C2078BC
:107EE00000B900E0E2E700BF0020C2E710B5044699
:107EF000002010700BE020780870641C491C10787A
:107F0000401C10701078984201DB012010BD2078D1
:107F1000202802D020780028EDD10020087000BF72
:107F2000F4E70146491C00E0491C0878202801D1EB
:107F30000029F9D1087870472DE9FF4F85B08046B8
:107F400089460027002004900390012002904FF002
:107F5000000B002544461DE02078202816D005F0AF
:107F60007F00052812DA0DB945F0800505F07F0085
:107F7000042803D120782A2800D00EE0207805F0CC
:107F80007F010DF80100681CC5B202E0852D00D10B
:107F900003E0641C20780028DED100BF8DB10020F2
:107FA00005F07F010DF80100CBA16846FFF706FF41
:107FB00018B900210898017002E0012108980170A9
:107FC00000254FF0000A444614E0641C0AF1010049
:107FD00000F0FF0A2078202802D020782A2809D132
:107FE0002046FFF79EFF0646282E03D02A2E01D0FA
:107FF000CDF810A02078282802D020780028E4D1DD
:108000004446049810B10498401C04444FF0000A00
:10801000002654E0207810B94FF0010A50E0207893
:10802000282803D116B9781CC7B213E02078292874
:1080300008D13EB917B1781EC7B201E04FF0010A6E
:1080400047B93DE02078222804D10EB9012000E094
:108050000020064647B9207820282FD0207889F8BC
:10806000000009F1010929E020782C2804D1012021
:108070000290681CC5B214E02078202811D0207826
:1080800028280ED04DB9BBF1050F06DA20780DF87F
:108090000B000BF1010000F0FF0B0298401CC0B276
:1080A0000290012F0AD10298022807D10298401CA1
:1080B000C0B202900398401CC0B20390641CA9E7B0
:1080C00000BF0398012809D100200DF80B0082A100
:1080D0006846FFF773FE08B90020039007990398DC
:1080E0000870002089F80000504609B0BDE8F08F04
:1080F000F0B503461546002000220026002455E076
:108100001F782C2F01D104B901221F78292F01D00B
:108110001F780FB904B94AE0002E34D11F78302FF0
:1081200002DB1F78392F11DD1F78612F02DB1F78EA
:10813000662F0BDD1F78412F02DB1F78462F05DDF0
:108140001F78582F02D01F78782F0CD102B12EE063
:108150001F78612F03DB1F78203F0F7001E01F782D
:108160000F70491C1FE01F78222F04D102B11EE0BE
:108170000126012417E01F78202F14D01F782C2F00
:1081800011D0FF2613E01F78222F00D1002402B166
:108190000DE044B11F785C2F02D15B1C471CF8B284
:1081A0001F780F70491C471CF8B25B1CA8E700BF82
:1081B00000270F702E70F0BD02460020002105E060
:1081C000474B5B5C0344D8B24B1CD9B29142F7DBFE
:1081D00070472DE9F043B5B005460F460024002650
:1081E00004E000213E488155701CC6B20A2EF8DB1F
:1081F00006E06D1C287818B9012035B0BDE8F08381
:1082000028782828F5D16D1C61E034AA69462846F3
:10821000FFF76EFF064635449DF8D00020B10128D7
:1082200027D0FF284CD149E09DF8000000B333A9C6
:108230006846FFF7F6FD06460EB10220DDE7204650
:10824000FFF7BAFF26490A31339A0A50A1F12400F8
:10825000008B0121A140884321491A390883042158
:108260001F480155601CC4B20A2C01DD0320C4E77D
:1082700026E06846FFF7BEFD401C00F0FF082046E0
:10828000FFF79AFF16490A3100EB01094946684693
:10829000FFF7A5FD12481A38018B0120A0400143C9
:1082A00088B20F491A3908830D4800F80480601C11
:1082B000C4B20A2C01DD03209FE701E002209CE705
:1082C00000BF2878292801D0287800B900E09CE771
:1082D00000BF3C70002090E7766F696400000000EA
:1082E000AE000020704700000FB4044910B503AA87
:1082F000029800F0F5F910BC5DF814FB2000002096
:1083000070B5044685690068C10601D5302600E0D5
:108310002026C00707D070BDD4E901213046904720
:10832000206A401C20626D1EF6D570BD70B50446F3
:1083300085690078C00707D170BDD4E901212020EC
:108340009047206A401C20626D1EF6D570BD70B546
:108350000C460546012A05D02878800600D5EA6932
:10836000002302E0012305E05B1C934202D2E05CA3
:108370000028F9D1A869E618C01AA861286A18442B
:1083800028622846FFF7BCFF04E0D5E9012114F874
:10839000010B9047B442F8D32846FFF7C7FF70BDE2
:1083A0002DE9F0410646002410687529314616A5CE
:1083B00010D0AFF30080002802DA404213A507E096
:1083C00031688A0701D512A502E0490704D511A535
:1083D000012401E0AFF3008000210A2206F1240706
:1083E00009E0B0FBF2FCB0FBF2F302FB1C00303002
:1083F00078541846491C0028F3D123462A463046B3
:10840000BDE8F04100F0FCB8000000002D000000C5
:108410002B0000002000000070B504460D462146E8
:108420001068AFF300802188090502D50F4A7A440D
:1084300002E00E4A7A440E32002104F1240305E0E2
:1084400000F00F060009965D5E54491C0028F7D124
:1084500020780023000704D5702D02D009B1022333
:1084600011322046BDE8704000F0CAB8E21D00009D
:108470002DE9F05F894604464FF0000ADFF874B139
:10848000FB44C0F820A02046E1688847002874D04B
:10849000252806D0D4E901219047206A401C20629B
:1084A000F1E700265F462046E16888472028054618
:1084B00007DB312D05D2781910F8200C08B10643DE
:1084C000F1E7B00701D526F00406C4F81CA0002788
:1084D000C4F818A02A2D09D0284600F061F938B355
:1084E00004EB8708303DC8F8185019E059F8041B10
:1084F000204604EB87029161E1688847012F054619
:1085000018D1E069002820DA26F020061DE0D8F80E
:10851000180000EB800005EB40003038C8F8180068
:108520002046E1688847054600F03AF90028EED178
:10853000012F0AD02E2D08D12046E16888477F1CE4
:108540000546022F46F02006C4DBA069002803DAA6
:10855000404246F00106A061F00701D026F0100667
:108560006C2D0BD0682D09D04C2D39D06A2D35D00B
:10857000742D35D07A2D33D016E038E0E1682F46DF
:1085800020468847B842054609D16C2F26D04FF4C3
:108590008060E168064320468847054604E06C2F6A
:1085A0001AD04FF4807006430DB3A5F1410019288D
:1085B00002D8203546F400664A4629462046266001
:1085C0004E46F7F73BFE80B101280BD0F61D26F092
:1085D000070000F1080956E74020E4E78020D8E7CB
:1085E0000020D6E706F104094DE7284652E7206A45
:1085F000BDE8F09FB81D0000704770477047704796
:108600002DE9F0470D4699469246044600F12408AC
:108610000168880604D5E06921F01001216000E0BE
:108620000120A84201DD471B00E00027A1697A195B
:1086300002EB0900081AA0612078C00602D4204687
:10864000FFF75EFE002608E0D4E901211AF80600D3
:108650009047206A401C761C20624E45F4DB20784F
:10866000C0060AD52046FFF74BFE06E0D4E90121FB
:1086700030209047206A401C2062381EA7F1010775
:10868000F4DC07E0D4E9012118F805009047206ADE
:10869000401C2062281EA5F10105F3DC2046FFF7EF
:1086A00045FE2078000602D50220BDE8F0870120B3
:1086B000FBE710B5436913B1AFF3008001E0FFF7AA
:1086C00046FE012010BD127800F124010A7000223C
:1086D0004A700122EDE711684FF0FF32E9E7000030
:1086E000074B70B50D467B4400F011F80446284650
:1086F00000F020F810B14FF0FF3070BD204670BD83
:10870000A7B8FFFF01694A1C02610878704700B5ED
:108710008FB0CDE901310021059105497944CDE9BA
:10872000031011466846FFF7A3FE0FB000BD00001E
:10873000E5FFFFFF007B00F080007047754600F00A
:108740002BF8AE4605006946534620F007008546E3
:1087500018B020B5FBF7CCFCBDE820404FF0000678
:108760004FF000074FF000084FF0000B21F0070119
:10877000AC46ACE8C009ACE8C009ACE8C009ACE85C
:10878000C0098D46704710B50446AFF300802046FF
:10879000BDE81040F7F772BD004870476002002046
:1087A00030380A2801D201207047002070470000AD
:1087B0004FEA1153A3F58063D3F11E03A8BFD3F191
:1087C000200C08DB4FF0004242EAC12252EA50522C
:1087D00032FA03F0704709420BD4102BC4BF0020BB
:1087E000704703F5787CBCF1FF3F05D04FF0FF30B8
:1087F00070474FF00000704770B500F0C3F800BF3D
:108800004992248000207047F0E7B0FA80F310FA14
:1088100003F10AD0C3F11D0303F580634FEA415011
:108820004FEA035202EBD12170474FF0000070472E
:10883000DFF848C170B51CEA111E1EBF1CEA1315F3
:108840009EEA0C0F95EA0C0F00F06F8081EA03049A
:1088500023EA4C134EEAD47E21EA4C1141F48011F4
:1088600043F48013AE44A1FB024CA0FB0365AEF1C0
:108870007F7E361955EB0C05A1FB034C4CF1000330
:10888000A0FB021C16EB0C06654153F100030942E4
:1088900018BF46F0010613F4007F0BD14FEA0331F5
:1088A0004FEA0530340341EA155140EA16506FF0A3
:1088B00003020AE04FEAC3214FEAC520F40241EA6D
:1088C000555140EA56506FF0020202EB2E4201EB86
:1088D000025585EACE710AD05FEA440C18BF24F035
:1088E000004450F1000041F1000120EAD47040F250
:1088F000FE7C624500D270BDA84214BF4FF0804498
:108900004FF04044002E08BF0024BEF1806FA8BF86
:10891000A1F1C041BDE8704080F282804FF00000BC
:1089200001F1C04101F0004170479EEA0C0F0CEAD2
:10893000131518BF95EA0C0F06D04FF0000081EA1E
:10894000030E0EF0004170BD00F01CF88900013EDE
:1089500000F007B800F009B84FEA430C5FEA5C5C2E
:1089600008D081EA030100F05BB84FEA410C5FEAEE
:108970005C5CF6D14FF00000014970470000FF0732
:108980000000F87F0EF1020E2EF0030E5EF8046B6D
:10899000364205D4012A43EB030515F5001F12D812
:1089A000012841EB010C1CF5001F0CD80ED14FEA39
:1089B000D17C15F5001F0CEB4C0C0CF1020C08BF20
:1089C0004CEBD37C04E04FF0080C01E04FEAD37C81
:1089D0000CEB4C0526FA05F606F00706B6F1040C7A
:1089E00006D20EEB860CBDE870404CF0010C6047DF
:1089F000DFE80CF0090B02024FF000414FF00000DD
:108A0000A1F5002170BD19461046012851EB010463
:108A100018BFD4F5001484BF002001F0004170BDE0
:108A20000808A0F500114FEA310170474FF040707F
:108A3000E1EE100A70470000000000000000000096
:108A40000000000000003F400000000000000000A7
:108A50003000400030004000000009000BC03D0025
:108A60000BC03D00090018C024407FE02240318047
:108A70000000180024C01B000D80324001800380DC
:108A80001C4027401C800740004010006000000090
:108A90000000000000000000000000001F802040D7
:108AA00040200000402020401F80000000000900FE
:108AB00006001F80060009000000040004003F803B
:108AC000040004000000001000600000000000002E
:108AD0000000040004000400040004000000000082
:108AE00000400000000000000000002001C006005F
:108AF0003800400000001F802040204020401F80A0
:108B00000000000010403FC000400000000018C0FE
:108B10002140224024401840000010802040244082
:108B200024401B80000002000D0011003FC00140E6
:108B300000003C80244024402440238000001F800B
:108B4000244024403440038000003000200027C02F
:108B50003800200000001B802440244024401B805B
:108B600000001C0022C0224022401F8000000000A4
:108B70000000084000000000000000000000046049
:108B8000000000000000000004000A001100208026
:108B90004040090009000900090009000000000028
:108BA0004040208011000A000400180020002340EB
:108BB0002400180000001F802040274029401F404B
:108BC0000000004007C039000F0001C000402040F5
:108BD0003FC0244024401B8000001F8020402040D4
:108BE00020403080000020403FC0204020401F80B7
:108BF000000020403FC024402E4030C000002040F4
:108C00003FC024402E00300000000F0010802040A4
:108C100022403380020020403FC0040004003FC0D7
:108C20002040204020403FC0204020400000006005
:108C3000202020203FC02000200020403FC02440B2
:108C40000B0030C0204020403FC02040004000408A
:108C500000C03FC03C0003C03C003FC000002040BB
:108C60003FC00C4023003FC020001F802040204018
:108C700020401F80000020403FC0244024001800F6
:108C800000001F802140214020E01FA00000204064
:108C90003FC02440260019C0004018C02440244092
:108CA000224031800000300020403FC02040300092
:108CB000000020003F80004000403F802000200056
:108CC0003E0001C0070038002000380007C03C000B
:108CD00007C038000000204039C0060039C02040DD
:108CE00000002000384007C038402000000030401D
:108CF00021C02640384020C00000000000007FE076
:108D0000402040200000000070000C000380004064
:108D100000000000402040207FE000000000000034
:108D20002000400020000000000000100010001093
:108D300000100010001000000000400000000000C3
:108D40000000000002800540054003C000402000F4
:108D50003FC0044004400380000000000380044042
:108D600004400640000000000380044024403FC04F
:108D70000040000003800540054003400000000063
:108D800004401FC0244024402000000002E00550A1
:108D900005500650042020403FC00440040003C09A
:108DA00000400000044027C0004000000000001008
:108DB0000010041027E00000000020403FC00140E8
:108DC000070004C00440204020403FC00040004055
:108DD000000007C0040007C0040003C000000440F6
:108DE00007C00440040003C00040000003800440AA
:108DF000044003800000041007F004500440038086
:108E00000000000003800440045007F000100440FC
:108E100007C00240040004000000000006400540B6
:108E2000054004C00000000004001F800440004012
:108E30000000040007800040044007C00040040018
:108E4000070004C0018006000400060001C00700FE
:108E500001C006000000044006C0010006C0044036
:108E600000000410071004E0018006000400000068
:108E7000044005C00640044000000000000004005B
:108E80007BE040200000000000000000FFF0000038
:108E90000000000040207BE00400000000004000D3
:108EA0008000400020002000400000000000000082
:108EB00000000000000000000000000000000000B2
:108EC0001FCC000C00000000000000000800300073
:108ED00060000800300060000000022003FC1E203B
:108EE000022003FC1E200220000000000E181104C6
:108EF0003FFF10840C78000000000F0010840F3832
:108F000000C0077818840078000000780F8410C42F
:108F100011240E9800E40084000808006800700026
:108F20000000000000000000000000000000000041
:108F300007E018182004400200000000400220044E
:108F4000181807E000000000000002400240018005
:108F50000FF001800240024000000080008000808D
:108F60000FF800800080008000000001000D000E5E
:108F700000000000000000000000000000800080F1
:108F8000008000800080008000800000000C000C49
:108F900000000000000000000000000000060018B3
:108FA00000600180060018002000000007F008089B
:108FB00010041004080807F000000000080408046A
:108FC0001FFC000400040000000000000E0C101440
:108FD0001024104411840E0C000000000C18100422
:108FE0001104110412880C700000000000E003203E
:108FF000042408241FFC0024000000001F98108493
:1090000011041104108810700000000007F0088897
:109010001104110418880070000000001C001000EA
:1090200010FC13001C001000000000000E3811445A
:109030001084108411440E38000000000700088CD2
:1090400010441044088807F00000000000000000F1
:10905000030C030C000000000000000000000001F1
:109060000106000000000000000000000080014038
:109070000220041008081004000002200220022030
:109080000220022002200220000000001004080834
:109090000410022001400080000000000E001200B9
:1090A000100C106C10800F00000003E00C1813E48B
:1090B000142417C4082807D000000004003C03C48F
:1090C0001C40074000E4001C000410041FFC1104B5
:1090D000110411040E880070000003E00C18100445
:1090E0001004100410081C10000010041FFC1004D1
:1090F00010041004080807F0000010041FFC1104FD
:10910000110417C410040818000010041FFC1104F7
:10911000110017C010000800000003E00C18100434
:10912000100410441C780040000010041FFC108440
:109130000080008010841FFC100400001004100444
:109140001FFC1004100400000000000300011001C7
:1091500010011FFE10001000000010041FFC11047D
:1091600003801464181C1004000010041FFC100479
:10917000000400040004000C000010041FFC1F0089
:1091800000FC1F001FFC1004000010041FFC0C0456
:10919000030000E010181FFC100007F0080810047E
:1091A00010041004080807F0000010041FFC1084CD
:1091B0001080108010800F00000007F008181024A5
:1091C0001024101C080A07F2000010041FFC1104F0
:1091D000110011C011300E0C000400000E1C11040F
:1091E0001084108410441C38000018001000100473
:1091F0001FFC100410001800000010001FF81004DD
:109200000004000410041FF8100010001E0011E0FC
:10921000001C007013801C0010001FC0103C00E0F8
:109220001F0000E0103C1FC000001004180C163492
:1092300001C001C01634180C100410001C001304E7
:1092400000FC13041C00100000000804101C106433
:10925000108413041C04101800000000000000001B
:109260007FFE4002400240020000000030000C007F
:1092700003800060001C0003000000004002400268
:1092800040027FFE000000000000000000002000FF
:1092900040004000400020000000000100010001EB
:1092A0000001000100010001000100004000400039
:1092B00020000000000000000000000000980124D1
:1092C00001440144014400FC000410001FFC00881C
:1092D0000104010400880070000000000070008894
:1092E00001040104010400880000000000700088EF
:1092F0000104010411081FFC0004000000F80144EF
:1093000001440144014400C80000000001040104BC
:109310000FFC1104110411001800000000D60129EF
:109320000129012901C90106000010041FFC008465
:1093300001000100010400FC000400000104190404
:1093400019FC0004000400000000000000030001FC
:109350000101190119FE0000000010041FFC002487
:10936000004001B4010C01040000000010041004CE
:109370001FFC0004000400000000010401FC0104C3
:10938000010001FC0104010000FC010401FC008457
:1093900001000100010400FC0004000000F80104C9
:1093A00001040104010400F80000010101FF00852F
:1093B00001040104008800700000000000700088B3
:1093C00001040104010501FF00010104010401FC85
:1093D00000840104010001800000000000CC012491
:1093E0000124012401240198000000000100010073
:1093F00007F80104010400000000010001F8000466
:1094000000040004010801FC000401000180017057
:10941000000C001001600180010001F0010C00301F
:1094200001C00030010C01F0010000000104018CBA
:1094300000740170018C01040000010101810171BF
:10944000000E001801600180010000000184010C81
:10945000013401440184010C000000000000000000
:10946000000001003EFC400240020000000000003D
:109470000000FFFF0000000000000000400240026A
:109480003EFC0100000000000000000060008000C1
:10949000800040004000200020000000000000008C
:1094A00000000000000000000000000000000000BC
:1094B00000000000000000000000000000000000AC
:1094C000000000000000000000000000000F8038D5
:1094D0000FFE380F80380000000000000000000080
:1094E00000000000000000000100000600000C0069
:1094F000003800003100000600000C0000380000B9
:109500003000000000000000000061800067F807E4
:10951000F9800061800061800061800061800067E7
:10952000F807F980006180000000000000000000E2
:1095300001C0E003E0F00630080418081FFFFE0435
:109540000E080787F00381E000000000000001F032
:1095500000060C00040408060C7001F9C0000E009F
:10956000003BE000EC18070808040C180003E000BA
:1095700000000001E00007F003F818041C080417BD
:109580000807E1D003C0E00023B0003C0800200839
:109590000000100000000000000100003100003257
:1095A00000001C000000000000000000000000009F
:1095B00000000000000000000000000000000000AB
:1095C000000000000000000000007F0001FFC00755
:1095D00080F00C00181000042000020000000000C1
:1095E000002000021000040C00180780F001FFC0EA
:1095F000007F0000000000000000000000000000EC
:109600000000000000004200006600006600003C10
:109610000000180003FFC0001800003C00006600B6
:109620000066000042000000000008000008000082
:10963000080000080000080001FFC0000800000842
:109640000000080000080000080000000000000101
:1096500000003100003200001C000000000000008B
:1096600000000000000000000000000000000000FA
:1096700000000800000800000800000800000800C2
:1096800000080000080000080000080000080000B2
:10969000000000000000000000003800003800005A
:1096A0003800000000000000000000000000000082
:1096B00000000000000000000000000600001C0088
:1096C0000070000180000E0000380000C00007009C
:1096D000001C0000300000000000000000007F803F
:1096E00001FFE0038070060018040008040008066B
:1096F000001803807001FFE0007F80000000000080
:109700000000000001000801000801000803FFF844
:1097100007FFF80000080000080000080000000033
:10972000000000000001C03802C058040098040185
:1097300018040218040418061C1803F81801E0F8AD
:1097400000000000000000000001C0E003C0F004C1
:10975000000804080804080806180803F41801E7BC
:10976000F00001E000000000000000000000030025
:10977000000D0000110000610000810803010807CE
:10978000FFF80FFFF80001080001080000000000CA
:10979000000000E007FCD0060808061008061008C4
:1097A000061008061838060FF00607C00000000073
:1097B0000000000000003F8001FFE0038430020849
:1097C00018041008041008041008071810030FF0FC
:1097D0000007C000000000000000000003C00007F8
:1097E00000000600000600F80607F806180006E06C
:1097F0000007000006000000000000000001E1E09A
:1098000003F7F0063410041808041808040C0804C0
:109810000C0806161803F3F001C1E0000000000078
:109820000000F80003FC30030638040208040208B4
:109830000402080404100308F001FFC0007F0000C8
:109840000000000000000000000000000000000018
:109850000000703800703800703800000000000010
:1098600000000000000000000000000000000000F8
:10987000000000000000301A00301C000000000052
:1098800000000000000000000000000000000000D8
:109890000008000014000022000041000080800148
:1098A0000040020020040010080008000000000032
:1098B0000000210000210000210000210000210003
:1098C00000210000210000210000210000210000F3
:1098D0000000000000000000080008040010020062
:1098E00020010040008080004100002200001400A0
:1098F00000080000000000000003C00004C00004D5
:109900000000080038080F380808380810000C302C
:109910000007E00003C000000000000000003F80DE
:1099200000FFE0038070020F1006708804C08804F6
:109930008308047F8802C09003012000FE400000DD
:10994000080000180001F8003E0801C200070200EC
:1099500007E20000FE00001FC80001F80000380008
:10996000000804000807FFF807FFF80408080408C7
:109970000804080804080806180803F41801E7F0AA
:109980000001E0000000000000003F8001FFE00354
:109990008070020018040008040008040008040095
:1099A000100600200780C000000004000807FFF830
:1099B00007FFF80400080400080400080400180267
:1099C000001003807001FFE0007F800000000400B1
:1099D0000807FFF807FFF804080804080804080847
:1099E000040808043E08040008060018010060008E
:1099F000000004000807FFF807FFF804080804083F
:109A000000040800040800043E00060000060000F0
:109A1000018000000000000000003F8001FFE00323
:109A200080700600180400080402080402080203FB
:109A3000F00783F000020000020004000807FFF8AE
:109A400007FFF804080800080000080000080000EC
:109A5000080004080807FFF807FFF80400080000E2
:109A60000000000004000804000804000807FFF8D4
:109A700007FFF804000804000804000800000000C4
:109A800000000000000000060000070000010400C4
:109A90000104000104000307FFFE07FFFC040000AF
:109AA00004000004000004000807FFF807FFF804A2
:109AB0000C08001800003E0004C7800503C806001B
:109AC000F804003804001800000804000807FFF834
:109AD00007FFF80400080000080000080000080064
:109AE00000080000080000180000600000000400EA
:109AF0000807FFF807800807FC00007FC00003F894
:109B00000007C000780007800807FFF807FFF80487
:109B1000000804000807FFF807000803C00000E081
:109B200000003800001E000007000001C00400F023
:109B300007FFF8040000000000007F8001FFE00341
:109B400080700600180400080400080600180300CE
:109B50003001FFE0007F8000000004000807FFF8EC
:109B600007FFF804040804040004040004040004CB
:109B70000400060C0003F80001F0000000000000E3
:109B800000007F8001FFE0038070060088040088E9
:109B90000400C806003C03003E01FFE6007F84008D
:109BA000000004000807FFF807FFF804080804088D
:109BB00000040C00040F00040BC00610F003F03882
:109BC00001E00800000800000001E0F803F03006A2
:109BD0003010041808041808040C08040C080206C5
:109BE000180207F00781E000000001800006000075
:109BF00004000004000004000807FFF807FFF80451
:109C000000080400000400000600000180000400B9
:109C10000007FFE007FFF00400180000080000083C
:109C200000000800000800000804001007FFE0041E
:109C3000000004000006000007E00007FE00041F0B
:109C4000E00001F80000380001E0043E0007C00019
:109C500006000004000004000007E00007FFC00445
:109C60001FF80007C007F80007FF80043FF800074F
:109C7000C004F80007000004000000000004000811
:109C800006001807C07805F1C8003E00001F8004D8
:109C900063E80780F80600180400080000000400CC
:109CA0000006000007800007E008047C08001FF899
:109CB0000007F800180804E0080700000600000488
:109CC00000000000000100080600380400F804034A
:109CD000E8040F08047C0805F00807C0080700180E
:109CE0000400600000000000000000000000000010
:109CF00000000000003FFFFE2000022000022000C4
:109D0000022000022000020000000000000000000D
:109D100008000007000000C0000038000006000036
:109D200001C000003000000E000001000000000033
:109D3000000000002000022000022000022000029B
:109D40002000023FFFFE00000000000000000000B5
:109D500000000000000000000000000800001000EB
:109D6000003000002000003000001000000800005B
:109D700000000000000000000100000100000100E0
:109D800000010000010000010000010000010000CE
:109D900001000001000001000001000000000000BF
:109DA0000000002000002000001000001000000053
:109DB00000000000000000000000000000000000A3
:109DC000000000F00019F8001B1800220800260807
:109DD000002408002410003FF8001FF800000800CD
:109DE000001800000004000007FFF80FFFF0001843
:109DF00018001008002008002008003018001FF08C
:109E0000000FC00000000000000007C0001FF000AD
:109E10001830002008002008002008003C08001C22
:109E2000100000600000000000000000000007C0FB
:109E3000001FF00038180020080020080020080447
:109E4000101007FFF80FFFF00000100000000000E6
:109E5000000000000007C0001FF0001230002218B0
:109E6000002208002208003208001E10000E200008
:109E7000000000000000200000200800200801FF72
:109E8000F803FFF806200804200804200807200033
:109E900003000000000000000000000E000E6E0035
:109EA0001FF30031B10020B10020B1003191001F3B
:109EB00013002E1E00200E003000000000040008D9
:109EC00007FFF80FFFF80010080020000020000036
:109ED0002008003FF8001FF8000008000000000004
:109EE00000000000002008002008002008063FF8BD
:109EF000063FF8000008000008000008000000000D
:109F0000000000000000000000000300000300202B
:109F100001002001002003063FFE063FFC00000078
:109F200000000000000000000004000807FFF80F18
:109F3000FFF8000188000300002FC00038F800205F
:109F400038002008000008000000000000000000A9
:109F500004000804000804000807FFF80FFFF800D9
:109F600000080000080000080000000000000020B9
:109F700008003FF8003FF8001008002000003FF8FC
:109F8000003FF8001008002000003FF8003FF800F4
:109F90000008000000002008003FF8003FF8001013
:109FA00008001000002000002008003FF8001FF803
:109FB0000000080000000000000007C0000FF000D3
:109FC0001830003008002008002008003008001871
:109FD00030000FF00007C00000000000000020016A
:109FE000003FFF003FFF0010110020090020080083
:109FF0002008003038001FF0000FC00000000000F3
:10A00000000007C0001FF0003818002008002008DA
:10A01000002009001011001FFF003FFF0000010099
:10A020000000002008002008002008003FF8003F42
:10A03000F800080800100800200800200000300088
:10A04000003000000000000000000000000C78005C
:10A050001E18003308002308002108002188002171
:10A06000980030F000386000000000000000200080
:10A0700000200000200000FFF003FFF8002008008F
:10A080002008002008000030000000000000000050
:10A0900000002000003FF0007FF8000018000008DA
:10A0A000000008002010003FF8007FF000001000C2
:10A0B0000000000000002000003000003C00003FD5
:10A0C000800023F0000078000070002380003C0036
:10A0D000003000002000002000003C00003FE000B5
:10A0E00023F80000E0002700003E00003FE00021D0
:10A0F000F80001E0003E0000200000000000200801
:10A10000002008003838003E680027800003C8009F
:10A110002CF800383800201800200800000000004B
:10A1200000002000003003003C01003F830023ECCE
:10A13000000070002380003C000020000020000090
:10A140000000000000000000003808002038002057
:10A15000F80023E8002F88003E0800380800201887
:10A16000000070000000000000000000000000007F
:10A1700000000000000008000014001FF7FC300081
:10A1800006200002000000000000000000000000A7
:10A19000000000000000000000000000FFFFFF00C2
:10A1A00000000000000000000000000000000000AF
:10A1B000000000002000023000061FF7FC00140021
:10A1C0000008000000000000000000000000000087
:10A1D0000000000000180000600000400000400087
:10A1E000002000001000000800000400000400002F
:10A1F0000C000010000000000F0000000F00000025
:10A20000FF0000000F0000000F0000000F00000022
:10A2100000000000303132333435363738394142AE
:10A2200043444546403058003031323334353637B8
:10A230003839616263646566403078000400000864
:10A2400000000000000000020001000010000000FB
:10A250003F000000646563006964000072756E74FD
:10A26000696D650068656C70000000006C6973744E
:10A270000000000068657800766F696420525443DE
:10A280005F5365745F416C61726D4128753820774A
:10A2900065656B2C753820686F75722C7538206D6C
:10A2A000696E2C753820736563290000753820525B
:10A2B00054435F5365745F44617465287538207931
:10A2C0006561722C7538206D6F6E74682C7538203E
:10A2D000646174652C7538207765656B2900000012
:10A2E000766F69642077726974655F61646472284F
:10A2F00075333220616464722C7533322076616C60
:10A30000290000007538205254435F5365745F5430
:10A31000696D6528753820686F75722C7538206DE9
:10A32000696E2C7538207365632C753820616D70EB
:10A330006D29000075333220726561645F61646469
:10A34000722875333220616464722900766F696403
:10A350002064656C61795F6D7328753136206E6D90
:10A3600073290000766F69642064656C61795F759C
:10A370007328753332206E7573290000766F696417
:10A38000205254435F5365745F57616B6555702865
:10A39000753820776B73656C2C75313620636E745D
:10A3A00029000000C4A3000800000020880100006C
:10A3B000C40100083CA40008880100203807000000
:10A3C0002002000811847A030A200901020304060E
:10A3D0000708090312FFFF291E89221350A21B0838
:10A3E00064041A6C041A58041A74041A54041A5C8B
:10A3F00004132B7D140834A31B0831081AE0101332
:10A400004D3F1B084C101BBD3E342918123C1B0845
:10A4100004081A55081AAC2013153D1B0878081AB1
:10A42000B3081A7C182254142081781B08A5041B39
:0CA430004F7918127C1B08088101DC0029
:040000050800018965
:00000001FF
