:020000040800F2
:10000000F01801207D0500081D3300082133000889
:1000100025330008293300082D33000800000000B4
:100020000000000000000000000000003133000864
:100030003533000800000000393300083D33000864
:100040009705000897050008970500089705000820
:100050009705000897050008970500089705000810
:100060009705000847510008970500089705000804
:1000700097050008970500089705000897050008F0
:1000800097050008970500089705000897050008E0
:10009000970500089705000897050008D555000842
:1000A00097050008970500089705000859370008CC
:1000B000970500087737000897050008970500089E
:1000C00097050008970500089705000897050008A0
:1000D00097050008AD480008FB500008EF380008FD
:1000E0002D4C00089705000897050008515300089B
:1000F0009705000897050008970500089705000870
:10010000970500089705000897050008970500085F
:10011000A5320008376500082B350008493500086E
:10012000970500089705000897050008970500083F
:10013000970500089705000897050008970500082F
:10014000970500089705000897050008970500081F
:10015000970500089705000897050008FF44000868
:1001600097050008970500089705000897050008FF
:100170009705000897050008970500080000000093
:10018000970500089705000800F002F800F06FF8E6
:1001900014A696E8000CB244B344DA4501D100F04D
:1001A00066F8BAE80F000FA696E83000A5EB040544
:1001B00004EB0607AAEB0704A7F101074FEA1515A0
:1001C0004FEA3414A4F10104AC4201D300F04FF81B
:1001D00013F0010F18BFFB1A43F0010300F001F800
:1001E000DBE718477CA500009CA50000103A24BF5F
:1001F00078C878C1FAD8520724BF30C830C144BF8C
:1002000004680C6070470000704700000023002461
:1002100000250026103A28BF78C1FBD8520728BF16
:1002200030C148BF0B60704766290AF03F806429DF
:1002300008F03480782908F06D80632908F0A584DF
:10024000732908F0AA84002070471FB50AF021F82E
:100250009DE8030008F0CAF908F0E2FC0400002061
:10026000002109F0B9FFE0601FBD10B510BD08F016
:10027000FDFD1146FFF7E9FF06F080FB08F01BFECD
:1002800003B4FFF7F2FF03BC02F0ABFE0020002135
:10029000AD4A126842F48032AB4B1A6000BF401C7A
:1002A000A94A126802F4003119B94FF6FF72904260
:1002B000F5D1A54A126802F4003232B900BFA24A51
:1002C000126802F40032002AF9D09F4A40321268C4
:1002D00042F080529C4B40331A609C4A126842F4B0
:1002E00040429A4B1A60984A08321268964B08337B
:1002F0001A601A46126842F400421A601A461268DE
:1003000042F4A0521A60924A1B1F1A601A1F126808
:1003100042F080721B1F1A6000BF8B4A126802F005
:100320000072002AF9D0894A126842F48032874B61
:100330001A6000BF854A526802F48032002AF9D060
:10034000824A126842F40032804B1A6000BF7F4A32
:10035000526802F40032002AF9D07B4A083212684F
:1003600022F00302784B08331A601A46126842F0F2
:1003700002021A6000BF744A0832126802F00802D2
:10038000002AF8D0704710B5FFF780FF10BD08B500
:100390007048006840F470006E4908606A48006860
:1003A00040F001006849086000BF6748006800F03D
:1003B00002000028F9D000BF63480830006840F010
:1003C00080006149083108600020009002E0009838
:1003D000401C009000985028F9D35B480830006812
:1003E00040F090005849083108600020009002E079
:1003F0000098401C009000985028F9D300BF524844
:100400000830006820F003004F49083108604E486A
:100410000068514908404C4908600846006820F4CB
:1004200080200860002048490831086000BF464825
:100430000830006800200028F9D148484249091DC9
:100440000860002040490C310860FFF79CFF08BDA0
:100450002DE9FF470FF2081ADAE900C8DAE9029A33
:10046000CDE900C8CDE9029ADFF8DCC00CF1080C38
:10047000DCF800C0CCF3810727B1012F09D0022F8F
:1004800043D10DE0DFF8E8C0DFF8E880C8F800C02D
:1004900042E0DFF8E4C0DFF8DC80C8F800C03BE0F1
:1004A000DFF8A4C00CF1040CDCF800C00CF03F0134
:1004B000DFF894C00CF1040CDCF800C0CCF3881217
:1004C000DFF884C00CF1040CDCF800C0CCF3014C64
:1004D0000CF1010C4FEA4C04DFF86CC00CF1040C79
:1004E000DCF800C00CF48003B3F5800F01D1224882
:1004F00000E01F48B0FBF1FC0CFB02FCBCFBF4FC71
:10050000DFF87080C8F800C006E0DFF864C0DFF8EC
:100510006480C8F800C000BF00BFDFF82CC00CF139
:10052000080CDCF800C0CCF303151DF80560DFF8FB
:1005300044C0DCF800C02CFA06FCDFF83880C8F8AC
:1005400000C0BDE8FF870000003802400070004096
:100550001978400A88ED00E0FFFFF6FE1030002415
:100560000000000000000000010203040607080963
:100570000024F4000000002040787D0109488047F5
:1005800009480047FEE7FEE7FEE7FEE7FEE7FEE775
:10059000FEE7FEE7FEE7FEE704480549054A064B8D
:1005A000704700008F03000889010008F010012047
:1005B000F0180120F0140120F01401200146F94A3E
:1005C00002EB9110D0F8000801F01F0301229A40BD
:1005D000104008B1012070470020FCE7F0B5064646
:1005E0000024002700251C2E7DD007DCB6B3102E7A
:1005F00010D0182E67D01A2E76D176E0B6F5E05FCF
:1006000019D0B6F5E85F4CD0A6F540501038002858
:10061000F2D134E004E01120FFF7D0FF0546641C5E
:100620001DB94FF6FF708442F5D11120FFF7C6FFC8
:1006300000B101277AE005E041F60140FFF7BEFF77
:100640000546641C1DB96FF070408442F4D141F638
:100650000140FFF7B3FF00B1012767E0FFE704E0C7
:100660000120FFF7ABFF0546641C15B9B4F5A06F78
:10067000F6D10120FFF7A2FF00B1012756E005E007
:1006800043F21100FFF79AFF0546641C15B9C648EE
:100690008442F5D143F21100FFF790FF00B101272A
:1006A00044E005E041F60150FFF788FF0546641C71
:1006B00015B9BD488442F5D141F60150FFF77EFFE0
:1006C00000B1012732E004E01920FFF777FF05466B
:1006D000641C15B9B4488442F6D11920FFF76EFFA7
:1006E00000B1012722E010E01FE004E01B20FFF72B
:1006F00065FF0546641C15B9AB488442F6D11B2042
:10070000FFF75CFF00B1012710E004E01D20FFF7B8
:1007100055FF0546641C15B9A3488442F6D11D2037
:10072000FFF74CFF00B1012700E000BF00BF3846D3
:10073000F0BD00B59D48006840F001009B4908608D
:100740000020FFF74BFF99480830006820F00300B5
:1007500096490831086095480068954908409349D2
:1007600008600846006820F4802008608F48083040
:10077000006800F443708D49083108608D48091FF6
:1007800008608C4810388949843108608948091DFF
:100790000860002085490C31086084488C3000686E
:1007A0008549084081498C31086000BD7D4A02EBD3
:1007B0009011D1F8001800F01F0301229A40114354
:1007C000784B03EB9012C2F800187047754A02EBA1
:1007D0009011D1F8001800F01F0301229A409143B4
:1007E000704B03EB9012C2F8001870476D4A02EB91
:1007F0009011D1F8001800F01F0301229A40114314
:10080000684B03EB9012C2F800187047654A02EB80
:100810009011D1F8001800F01F0301229A40914373
:10082000604B03EB9012C2F8001870475D4A02EB70
:100830009011D1F8001800F01F0301229A401143D3
:10084000584B03EB9012C2F800187047554A02EB60
:100850009011D1F8001800F01F0301229A40914333
:10086000504B03EB9012C2F8001870474F4870309D
:10087000006840F480304D497031086070474B4843
:100880007030006820F4803048497031086070474B
:10089000464A0832116821F0030141EA0002434B45
:1008A00008331A60704741480830006800F00C00B7
:1008B00070473E4A0832116821F0F00141EA000217
:1008C0003A4B08331A607047384A0832116821F4ED
:1008D000E05141EA0002354B08331A607047334A51
:1008E0000832116821F4604141EA00022F4B0833BD
:1008F0001A60704710B52D4B08331A6822F0EC626D
:1009000042EA00030B43294C0834236010BD10B5A4
:10091000264B08331A6822F0784242EA00030B4360
:10092000224C0834236010BDF0B50646059C002516
:100930001E488030076807F00040B0F1004F07D133
:1009400007F08040B0F1804F01D1ED1D00E06D1D3A
:10095000022933D33F2931D805F1400090422DD8E8
:10096000B2F5FA7F2AD8022B05D0042B03D0062B30
:1009700001D0082B22D1022C20D30F2C1ED841EA03
:1009800082104FF0010CCCEB530C40EA0C4030438A
:1009900040EA0460DFF814C00CF1040CCCF800004D
:1009A0000EE0000000300240FFFF0F000038024060
:1009B000FFFFF6EA10300024FFFFFCFE0020F0BD30
:1009C0000120FCE70246322A0CD3B2F5FA7F09D89F
:1009D000022907D3072905D8900140EA0170F94B95
:1009E000186001E0002070470120FCE710B50346C5
:1009F000322B1AD3B3F5FA7F17D8022905D0042970
:100A000003D0062901D008290FD1022A0DD3072AC5
:100A10000BD898010124C4EB510440EA044040EA99
:100A20000270E84C241D206001E0002010BD012070
:100A3000FCE7E44A143A116821F4407141EA0002EB
:100A4000E04B143B1A607047DE4A7C3A116821F48F
:100A5000F81141EA0002DB4B7C3B1A607047D94A2F
:100A60007C3A116821F4000141EA0002D54B7C3B3D
:100A70001A607047D34A3C32116821F0010141EA03
:100A80000002D04B3C331A607047CE4A3C321168AA
:100A900021F0020141EA0002CA4B3C331A60704760
:100AA0006FF08071884207D1C6490831096801405A
:100AB000C44A0832116006E0C2490831096801439E
:100AC000C04A083211607047BE4A0832116821F4EA
:100AD000403141EA0002BB4B08331A607047B94A03
:100AE000143A116821F0080141EA0002B54B143BA9
:100AF0001A607047B44A02EB9011D1F8001800F068
:100B00001F0301229A401143AF4B03EB9012C2F82E
:100B100000187047AC4A02EB9011D1F8001800F0B1
:100B20001F0301229A409143A74B03EB9012C2F896
:100B30000018704701461C2932D007DC59B3102930
:100B40000FD018292AD01A292BD128E0B1F5E05F5F
:100B500014D0B1F5E85F20D0A1F54052103A02BBA5
:100B60001AE0984A843A1068126822F48032954B51
:100B7000843B1A6040F480221A6013E0914A143AD0
:100B80001068126822F001028E4B143B1A6040F08C
:100B900004021A6006E000BF00BF00BF00BF00BF34
:100BA00000E000BF00BF704701461C2932D007DCBF
:100BB00059B310290FD018292AD01A292BD128E08F
:100BC000B1F5E05F14D0B1F5E85F20D0A1F5405257
:100BD000103A02BB1AE07B4A843A1068126822F489
:100BE0008032784B843B1A6020F480221A6013E034
:100BF000744A143A1068126822F00102714B143BD7
:100C00001A6020F004021A6006E000BF00BF00BFB7
:100C100000BF00BF00E000BF00BF7047694A843AD0
:100C2000116821F0F80100F01F0241EAC202654B91
:100C3000843B1A60704730B5624C241F236803F070
:100C4000304343EA000444EA413414435D4D2D1F10
:100C50002C6030BD5B48001F006840F000405949DF
:100C6000091F086070475748001F006820F00040C7
:100C70005449091F0860704752488438006840F49E
:100C8000002050498439086070474E488438006815
:100C900020F400204B498439086070474B4849498B
:100CA0007C310860704700F007004649B0310860A9
:100CB00070472DE9F04F8CB0064600200A9044A002
:100CC00090E8004CC068CDE905BECDF810A00790B3
:100CD0000FF2001ADAE9000ACDE9020A0FF2F40A6B
:100CE000DAE9000ACDE9000A36487C380068C0F32A
:100CF00081000B900B9820B1012804D0022828D144
:100D000003E0374927E0374925E02E48803800685E
:100D100000F03F072B4880380068C0F3881C294842
:100D200080380068C0F30140401C4FEA4009254864
:100D30008038006800F48008B8F5800F01D1294B95
:100D400000E0274BB3FBF7F000FB0CF0B0FBF9F130
:100D500001E0234900BF00BF1A487C380068C0F397
:100D6000031404A8055D21FA05F216487C380068D2
:100D7000C0F3822402A8055D22FA05F0099011480B
:100D80007C380068C0F342341DF8045022FA05F0A4
:100D9000089036B1012E06D0022E06D0032E0AD1BD
:100DA00006E00A9108E00A9206E009980A9003E03A
:100DB00008980A9000E000BF00BF0A980CB0BDE898
:100DC000F08F000084380240003002404D3C2B1A66
:100DD00000000000000000000102030406070809EB
:100DE0000024F40040787D012348006840F08070C2
:100DF0002149086070470146204A02EB9110D0F863
:100E0000000801F01F0301229A40104008B10120A0
:100E100070470020FCE7194A02EB9011D1F8001846
:100E200000F01F0301229A401143144B03EB901270
:100E3000C2F800187047114A02EB9011D1F800185F
:100E400000F01F0301229A4011430C4B03EB901258
:100E5000C2F800187047094A02EB9011D1F8001847
:100E600000F01F0301229A409143044B03EB9012C0
:100E7000C2F8001870470000743802400030024089
:100E800010B50446F849601A8C424DD00CDCF74886
:100E90002044E0B1B0F5806F22D0B0F5006F31D0C2
:100EA000B0F5406F52D136E0B0F5806F45D0B0F567
:100EB000184F03D0B0F51C4F48D11AE040F604108B
:100EC000FFF7B4FC40F60410FFF7C0FC3FE040F62B
:100ED0001100FFF7ABFC40F61100FFF7B7FC36E05E
:100EE00040F61200FFF7A2FC40F61200FFF7AEFC3E
:100EF0002DE040F60510FFF799FC40F60510FFF7CE
:100F0000A5FC24E040F61300FFF790FC40F6130028
:100F1000FFF79CFC1BE040F61400FFF787FC40F64F
:100F20001400FFF793FC12E040F61E00FFF77EFC72
:100F300040F61E00FFF78AFC09E040F61F00FFF7AD
:100F400075FC40F61F00FFF781FC00E000BF00BF0A
:100F500010BD2DE9F04704460D460027B846B946B6
:100F60000026C149601A8C4235D00CDCBF482044B1
:100F7000E8B1B0F5806F1FD0B0F5006F21D0B0F5AB
:100F8000406F32D122E0B0F5806F29D0B0F5184F14
:100F900003D0B0F51C4F28D104E00320FFF789FEF1
:100FA000074623E00320FFF784FE07461EE00220E9
:100FB000FFF77FFE074619E00220FFF77AFE07469B
:100FC00014E00220FFF775FE07460FE00220FFF74E
:100FD00070FE07460AE00220FFF76BFE074605E0B9
:100FE0000220FFF766FE074600E000BF00BFE06892
:100FF00000F4004070B1780000EB5500B0FBF5F64E
:101000004FF6F07006EA0008C6F3420948EA090004
:10101000A0600CE007EB5500B0FBF5F64FF6F07062
:1010200006EA000806F00F0948EA0900A060BDE8DA
:10103000F087C26822F4C062C260C2680A43C2601C
:101040007047C26822F48052C260C2680A43C2601C
:101050007047026922F44052026102690A43026148
:101060007047C16841F40051C1607047C16821F404
:101070000051C16070470A460021C16821F0080193
:101080001143C16070470A460021C16821F0040184
:101090001143C16070470A460021D0F8801021F446
:1010A00000611143C0F88010704706292ED2DFE896
:1010B00001F003180A1F1126D0F8802042F4806244
:1010C000C0F8802023E0D0F8802042F40072C0F8FD
:1010D00080201CE0D0F8802042F48072C0F880208C
:1010E00015E0D0F8802022F48062C0F880200EE065
:1010F000D0F8802022F40072C0F8802007E0D0F8F9
:10110000802022F48072C0F8802000E000BF00BF81
:101110007047C26822F40042C260C2680A43C260DB
:101120007047426922F40062426142690A434261A7
:101130007047D0F8801041F00101C0F8801070476E
:10114000D0F8801021F00101C0F88010704750F8ED
:10115000842F02F07F42026002680A4340F884292B
:101160007047C1F308024260704701464868C0F307
:1011700008007047026922F00F020261026901F063
:101180000F031A4302617047C16841F00201C16058
:101190007047C16821F00201C1607047C26822F443
:1011A0000062C260C2680A43C2607047016941F4CC
:1011B000804101617047016921F4804101617047FC
:1011C000026922F020020261026901F020031A4341
:1011D00002617047C16841F00101C1607047416917
:1011E00041F0080141617047416921F00801416106
:1011F0007047016941F4006101617047016921F4A0
:1012000000610161704730B5046924F4E064046151
:1012100001F4807402F400752C4303F480652C43C0
:1012200005692C43046130BD826922F47F428261EA
:1012300082694FF47F4303EA01231A4382617047B6
:10124000416941F0200141617047416921F020016D
:1012500041617047416941F0100141617047416946
:1012600021F01001416170470078004000BCFFBFD1
:1012700050F8802F22F00E02026002680E2303EA6B
:1012800041031A4340F88029704750F8842F22F018
:101290007F42026002684FF07F4303EA01631A4312
:1012A00040F884297047416941F00201416170476B
:1012B000416921F0020141617047826922F0FF0219
:1012C000826182690A4382617047426922F00402A6
:1012D0004261426901F004031A4342617047426966
:1012E00022F480724261426901F480731A434261C0
:1012F0007047426922F400724261426901F400734E
:101300001A434261704750F8C02F22F00402026075
:10131000026801F004031A4340F8C029704750F8EE
:10132000C02F22F002020260026801F002031A4399
:1013300040F8C029704750F8C02F22F00102026027
:10134000026801F001031A4340F8C029704742695E
:1013500022F040024261426901F040031A434261B7
:101360007047426922F080024261426901F08003C5
:101370001A434261704710B5024602EB91100068B3
:1013800001F01F040123A340184008B1012010BD43
:101390000020FCE710B543F2080291420BD100EBAC
:1013A0009112126801F01F040123A3409A4300EB3D
:1013B00091131A6007E001F01F0301229A40D24303
:1013C00000EB91131A6010BD10B500EB911212687A
:1013D00001F01F040123A3401A4300EB91131A608C
:1013E00010BD10B500EB9112126801F01F0401232B
:1013F000A3409A4300EB91131A6010BD70B50246EA
:1014000000230024C1F38910105801F01F060125A4
:10141000B54000EA050302EB91500068C1F30446B1
:101420000125B54000EA050414B10BB1012070BDDF
:101430000020FCE710B500EB91521268C1F30444A0
:101440000123A3409A4300EB91531A6010BD0000A2
:101450004B4901434B4A116070472DE9F041034667
:101460000D46164600240027A0464648006800F4B2
:10147000E060B0F5E06F03D100BF4FF0040830E04A
:101480004048006800F4E060B0F5C06F03D1012768
:101490004FF0030825E03B48006800F4E060B0F539
:1014A000A06F02D10227B8461BE03648006800F45E
:1014B000E060B0F5806F03D103274FF0010810E022
:1014C0003048006800F4E060B0F5407F03D10427A5
:1014D0004FF0000805E04FF4A060FFF7B9FF0227C6
:1014E000B846C7F1040005FA00F4C8F104010F2062
:1014F000C8403040044324012348C45403F01F0172
:10150000012088405911890001F1E021C1F8000152
:10151000BDE8F08100F01F02012191401B4A4311F8
:1015200042F8231070471A4A0A400243154B1B1F0A
:101530001A60BFF34F8F70471249091D09680143B4
:10154000104A121D116070470E49091D0968814338
:101550000C4A121D11607047042808D14FF0E02199
:10156000096941F004014FF0E022116107E04FF0FA
:10157000E021096921F004014FF0E0221161704778
:101580000000FA050CED00E000E400E080E100E07E
:1015900080FFFF1F10B540F60810FFF747F940F62F
:1015A0000810FFF753F910BDF749096821F4E0214D
:1015B000F64AC2F804131146D1F804130143C2F8E5
:1015C00004137047AAB101F480731BB1436843F45C
:1015D0008073436001F480631BB1436843F480630C
:1015E000436001F00203CBB1836843F002038360E0
:1015F00014E001F480731BB1436823F480734360EB
:1016000001F480631BB1436823F48063436001F0FD
:1016100002031BB1836823F002038360704721B18A
:10162000826842F40062826003E0826822F4006211
:1016300082607047816801F0010119B9816841F049
:10164000010181607047816821F00101816070476C
:10165000816841F00801816000BF816801F00801E4
:101660000029FAD1816841F00401816000BF8168DE
:1016700001F004010029FAD17047A1B100F4800201
:1016800032B1C14A126842F48002C04BC3F804234D
:1016900000F40002DAB1BC4A126842F40002BB4B0B
:1016A000C3F8042313E000F4800232B1B64A126892
:1016B00022F48002B54BC3F8042300F4000232B1D7
:1016C000B14A126822F40002B04BC3F804237047F9
:1016D000426822F04072426042680A4342607047AA
:1016E00030B5B1F5007F06D1D0F8804044F40074E5
:1016F000C0F8804005E0D0F8804024F40074C0F8C1
:10170000804050F8804F24F4FE740460046842EA7C
:1017100003052C4340F8804930BDD0F8801041F0DB
:101720000101C0F880107047D0F8801021F001014D
:10173000C0F880107047816841F480718160704703
:10174000816821F4807181607047816841F4007183
:1017500081607047816821F400718160704730B505
:10176000436823F4C0534360012904D0022916D0F2
:10177000042919D119E0436823F460434360082A1F
:1017800008D83AB14368541E4FF4604505EA443422
:1017900023434360436843F40063436006E04368C7
:1017A00043F48053436001E000BF00BF00BF30BD81
:1017B00030B5012902D0022920D10FE06AB1102AE8
:1017C0000BD8C36A23F47003C362C36A541E4FF478
:1017D000700505EA04542343C36210E06AB1042A89
:1017E0000BD8836B23F440138363836B541E4FF435
:1017F000401505EA04542343836300E000BF00BFA3
:1018000030BDF0B51D4606290CDA436B01EB8107AC
:101810001F26BE40B34301EB810602FA06F63343AE
:10182000436322E00C290EDA036B8E1F06EB86075A
:101830001F26BE40B3438E1F06EB860602FA06F64D
:101840003343036311E010290FDAC36AA1F10C06D8
:1018500006EB86071F26BE40B343A1F10C0606EB3C
:10186000860602FA06F63343C3620A2A0CDA0469D2
:1018700002EB42070726BE40B44302EB420605FADC
:1018800006F63443046111E0122A0FDCC468A2F1A9
:101890000A0606EB46070726BE40B443A2F10A0635
:1018A00006EB460605FA06F63443C460F0BDF0B513
:1018B0000C46876BC7F30156042C12D2856B371B7D
:1018C00007EB8707C7F10F0C1F2707FA0CF7BD437B
:1018D000371B07EB8707C7F10F0702FA07F73D43EE
:1018E00085630A2A0DDA016902EB420C072707FA21
:1018F0000CF7B94302EB420703FA07F739430161DA
:1019000012E0122A10DCC168A2F10A0707EB470CAB
:10191000072707FA0CF7B943A2F10A0707EB4707B5
:1019200003FA07F73943C160F0BD70B50B460021DB
:10193000856BC5F30154E51AC5F10301032905D8E8
:101940008900C2F30B0600F114056E5070BD012929
:1019500002D0022910D107E0836823F0706383600E
:1019600083681343836008E0836823F470238360F3
:1019700083681343836000E000BF00BF7047012904
:1019800006D0022916D10CE00423014000200140BA
:10199000836823F040538360836843EA0273836063
:1019A00009E0836823F440138360836843EA0253A9
:1019B000836000E000BF00BF7047012902D0022908
:1019C0000AD104E0826842F08042826005E08268C9
:1019D00042F48002826000E000BF00BF704711B196
:1019E00001290AD104E0826822F48062826005E065
:1019F000826842F48062826000E000BF00BF7047EE
:101A00000146C86C80B2704702460B4633B1012BC9
:101A100006D0022B06D0032B08D105E0D16B07E0DE
:101A2000116C05E0516C03E0916C01E0002100BFF6
:101A300000BF88B27047416821F40071416070476F
:101A4000426822F01F02426042680A4342604268D4
:101A500042F40072426070474268894B1A4042600B
:101A6000012904D0022907D003290FD109E04268D7
:101A700042F4000242600AE0426842F4800242609E
:101A800005E0426842F44002426000E000BF00BF4F
:101A90007047012904D0022907D003290FD109E09A
:101AA000426822F4000242600AE0426822F48002A6
:101AB000426005E0426822F44002426000E000BF5C
:101AC00000BF7047C1F30B038362C2F30B03436291
:101AD00070470246002013680B4003B10120704795
:101AE00002688A4302607047014600200A6802F0DB
:101AF000100202B101207047014600200A6802F07E
:101B0000080202B10120704710B502460B460020C2
:101B1000012B06D0022B0ED0042B16D0202B28D15F
:101B20001DE0146804F00101546804F040040CB195
:101B300001B101201EE0146804F00201546804F0B1
:101B400020040CB101B1012014E0146804F0040178
:101B5000546804F080040CB101B101200AE014685B
:101B600004F02001546804F080640CB101B101203C
:101B700000E000BF00BF10BD02688A4302607047EA
:101B800020290CD0402905D080290DD0B1F1806FDB
:101B900014D10EE0426842F0400242600FE0426819
:101BA00042F0200242600AE0426842F08002426055
:101BB00005E0426842F08062426000E000BF00BF82
:101BC000704720290CD0402905D080290DD0B1F1D3
:101BD000806F14D10EE0426822F0400242600FE0B4
:101BE000426822F0200242600AE0426822F080024D
:101BF000426005E0426822F08062426000E000BF7F
:101C000000BF70471F49096821F01F011E4AC2F832
:101C100004131146D1F804130143C2F804137047AA
:101C20001849096821F47061174AC2F80413114673
:101C3000D1F804130143C2F804137047114909682D
:101C400021F44041104AC2F804131146D1F804139C
:101C50000143C2F8041370470A48006840F400507A
:101C60000949C1F8040370470648006820F4005091
:101C70000549C1F8040370470248001D0068704719
:101C8000FFFD3FFF042301400020014010B5044642
:101C9000C4F3090000285DD1A012A0F5801080389F
:101CA000092857D2DFE800F0050E172029323B44FF
:101CB0004D004FF48060FEF7B9FD4FF48060FEF7F1
:101CC000C5FD48E040F20140FEF7B0FD40F20140A2
:101CD000FEF7BCFD3FE040F20240FEF7A7FD40F2F8
:101CE0000240FEF7B3FD36E040F20340FEF79EFDF2
:101CF00040F20340FEF7AAFD2DE040F20440FEF75B
:101D000095FD40F20440FEF7A1FD24E040F20540BD
:101D1000FEF78CFD40F20540FEF798FD1BE040F217
:101D20000640FEF783FD40F20640FEF78FFD12E00D
:101D300040F20740FEF77AFD40F20740FEF786FDCD
:101D400009E04FF48160FEF771FD4FF48160FEF70A
:101D50007DFD00E000BF00BF10BDF0B504460D469C
:101D600016462168E268002019E0012787401F40DD
:101D70009FB14FEA400C032707FA0CF7B94347001D
:101D800005FA07F739434FEA400C032707FA0CF727
:101D9000BA43470006FA07F73A43471CB8B210287F
:101DA000E3D32160E260F0BDF0B50C461546012C8E
:101DB00003D146681E43466002E046689E43466083
:101DC000826800210DE001268E401E403EB14F008A
:101DD0000326BE40B2434E0005FA06F632434E1CBF
:101DE000B1B21029EFD38260F0BD8161704781628A
:101DF00070470AB1816100E08162704741617047BC
:101E000002461069084008B1012070470020FCE735
:101E10000146086980B2704702465069084008B11F
:101E2000012070470020FCE70146486980B27047F6
:101E3000F0B503461C6A5D6A00200DE0012686406D
:101E400016403EB187000F26BE40B443860001FA1B
:101E500006F63443461CB0B20828EFD3082011E040
:101E60000126864016405EB1A0F10806B7000F2695
:101E7000BE40B543A0F10806B60001FA06F63543A8
:101E8000461CB0B21028EBD31C625D62F0BD4FF46B
:101E900080320A43C261C161C261C269C2697047CE
:101EA000C16270474FF6FF71C16270470020574909
:101EB0000860091D0860091D0860091D0860091DEA
:101EC0000860704710B5514B1B6883434F4C23602B
:101ED000231D1B688343241D2360231D1B6883432C
:101EE000241D2360231D1B688343241D236011B11F
:101EF00001290ED105E0454B1B680343434C236089
:101F000008E0424B1B1D1B680343404C241D23600B
:101F100000E000BF00BF32B1012A11D0022A1CD05C
:101F2000032A27D127E0394B08331B680343374C7A
:101F300008342360231D1B688343241D23601BE09A
:101F4000324B08331B688343304C08342360231D15
:101F50001B680343241D23600EE02C4B08331B68D1
:101F600003432A4C08342360231D1B680343241DAC
:101F7000236001E000BF00BF00BF10BD2349096816
:101F80000143224A116070472049096881431F4A72
:101F9000116070471D49091D096801431B4A121D44
:101FA000116070471949091D09688143174A121DBC
:101FB000116070471549103109680143134A103206
:101FC0001160704711491031096881430F4A10327E
:101FD0001160704701460D4814300068084008B190
:101FE000012070470020FCE7084914310860704761
:101FF0000146064814300068084008B101207047C7
:102000000020FCE70149143108607047003C0140A2
:1020100010B540F60E10FEF709FC40F60E10FEF764
:1020200015FC10BD4849096821F00701464A1160B6
:1020300011460968014311607047434A116821F451
:10204000807141EA0002404B1A6070473E4A1168B5
:1020500021F4406141EA00023B4B1A60704770B5C1
:1020600004460B46CD1701EB9575AD10A1EB850528
:10207000AE000F25B540E843CD1701EB9575AD10C7
:10208000A1EB8505AD0004FA05F2CD1701EB9575BE
:10209000AD1035B1012D10D0022D1AD0032D30D145
:1020A00023E0294B08331B680340274D08352B607C
:1020B0002B461B6813432B6024E0234B0C331B6817
:1020C0000340214D0C352B602B461B6813432B60BE
:1020D00018E01D4B10331B6803401B4D10352B605F
:1020E0002B461B6813432B600CE0174B14331B6803
:1020F0000340154D14352B602B461B6813432B6092
:1021000000E000BF00BF70BD0F4A121D116821F42E
:10211000000141EA00020C4B1B1D1A6070470A4A7D
:102120002032116821F0010141EA0002064B203300
:102130001A60704704482030006800F4807008B1CD
:10214000012070470020FCE70038014010B504462C
:10215000FE49601A8C426FD019DCFD49A4EB0100E6
:102160008C424ED009DCB4F1804F2ED0F948204487
:10217000A0B3B0F5806F72D13AE0B0F5806F49D06E
:10218000B0F5006F4FD0B0F5406FF4D17BE0B0F503
:10219000923F5BD009DCB0F5806F73D0B0F5644F2F
:1021A0000AD0B0F5684F5AD147E0B0F5943F57D008
:1021B000B0F5963F53D15CE04FF41060FEF736FB6C
:1021C0004FF41060FEF742FB79E04FF40060FEF739
:1021D0002DFB4FF40060FEF739FB70E0FFE740F69F
:1021E0000100FEF723FB40F60100FEF72FFB66E03F
:1021F00040F60200FEF71AFB40F60200FEF726FB4F
:102200005DE040F60300FEF711FB40F60300FEF729
:102210001DFB54E040F60400FEF708FB40F6040006
:10222000FEF714FB4BE040F60500FEF7FFFA40F620
:102230000500FEF70BFB42E02EE040F60110FEF732
:10224000F5FA40F60110FEF701FB38E04FF411609B
:10225000FEF7ECFA4FF41160FEF7F8FA2FE02DE0EC
:1022600040F61110FEF7E2FA40F61110FEF7EEFA12
:1022700025E040F61210FEF7D9FA40F61210FEF7EC
:10228000E5FA1CE011E040F60600FEF7CFFA40F652
:102290000600FEF7DBFA12E040F60700FEF7C6FA8A
:1022A00040F60700FEF7D2FA09E040F60800FEF714
:1022B000BDFA40F60800FEF7C9FA00E000BF00BF13
:1022C00010BD00210180418081804FF6FF71816047
:1022D0000021C180017370470A8882629E4A904241
:1022E0000FD0B0F1804F0CD09A4A5242904208D0A1
:1022F0009A4A904205D0964A904202D0984A90421B
:102300000BD1026822F07002026002684B881A4307
:10231000026002688B881A4302608A68C262914A2E
:1023200090420AD0904A904207D0026822F440724C
:1023300002600268CB881A430260874A904202D04A
:10234000874A904201D10A7B0263426942F001024E
:1023500042617047016841F0010101607047016806
:1023600021F0010101607047016841F080010160C6
:102370007047016821F0800101607047016821F019
:10238000020101607047016841F00201016070477D
:10239000026822F06002026002680A43026070472D
:1023A000016821F0100101607047016841F01001DF
:1023B0000160704781621AB9436943F001034361C8
:1023C000704701637047C1627047416270470146C0
:1023D0000020486A7047014600208A6A90B2704720
:1023E00021B9026842F00802026005E0012903D128
:1023F000026822F008020260704721B9026842F0C8
:102400000402026005E0012903D1026822F00402FF
:1024100002607047C2680A43C2607047C2688A435C
:10242000C260704721B9426842F00802426005E08C
:10243000012903D1426822F008024260704710B5BA
:10244000836C41F61F74A3438364836C41EA0204E6
:102450002343836410BD42690A43426170470021EF
:10246000018041808180C1800181418181817047EB
:102470000A884B881A438B881A43CB881A430B89E6
:102480001A434B891A438B891A4342647047416C43
:1024900041F4805141647047416C21F480514164A2
:1024A0007047416C41F4804141647047416C21F4B4
:1024B000804141647047012904D1426C42F40042DA
:1024C000426403E0426C22F40042426470470129F6
:1024D00004D1426842F00102426003E0426822F007
:1024E00001024260704721B9426822F00402426052
:1024F00005E0012903D1426842F0040242607047BE
:102500000021018041808180C1800181418170472B
:1025100010B531B1012950D002297DD003297CD1D9
:10252000D0E0036A23F001030362836923F003030D
:102530008361036A148823430362036A23F002035E
:102540000362036A9488234303620FE0001C004087
:10255000000C004000FCFFBF0000014000080040EC
:10256000000401400010004000140040FA4B984263
:1025700002D0FA4B98421FD1036A23F0040303628E
:10258000036A548823430362036A23F00803036247
:10259000036AD48823430362436823F4807343604F
:1025A0004368148923434360436823F40073436002
:1025B0004368548923434360ABE0036A23F010036C
:1025C0000362836923F440738361036A148843EAD6
:1025D00004130362036A23F020030362036A9488EE
:1025E00043EA04130362DC4B984202D0DB4B98426F
:1025F00026D1036A23F040030362036A548843EA46
:1026000004130362036A23F080030362036AD4881D
:1026100043EA0413036201E013E079E0436823F422
:10262000806343604368148943EA840343604368DA
:1026300023F4006343604368548943EA840343609E
:1026400067E0036A23F480730362C36923F0030322
:10265000C361036A148843EA04230362036A23F410
:1026600000730362036A948843EA04230362BA4B4B
:10267000984202D0B94B984223D1036A23F4806375
:102680000362036A548843EA04230362036A23F45F
:1026900000630362036AD48843EA04230362436845
:1026A00023F4805343604368148943EA041343606E
:1026B000436823F4005343604368548943EA041396
:1026C000436026E0036A23F480530362C36923F462
:1026D0004073C361036A148843EA04330362036AE4
:1026E00023F400530362036A948843EA04330362C9
:1026F000994B984202D0994B984208D1436823F4F1
:10270000804343604368148943EA8413436000E0D4
:1027100000BF00BF10BD31B101290CD0022913D078
:10272000032922D118E0836923F070038361836950
:10273000134383611AE0836923F4E043836183696F
:1027400043EA0223836111E0C36923F07003C3618C
:10275000C3691343C36109E0C36923F4E043C36160
:10276000C36943EA0223C36100E000BF00BF7047B2
:1027700031B1012906D0022906D0032908D105E08C
:10278000426306E0826304E0C26302E0026400E0A8
:1027900000BF00BF704731B101290CD0022913D00E
:1027A000032922D118E0836923F008038361836938
:1027B000134383611AE0836923F4006383618369AF
:1027C00043EA0223836111E0C36923F00803C36174
:1027D000C3691343C36109E0C36923F40063C361A0
:1027E000C36943EA0223C36100E000BF00BF704732
:1027F00031B101290CD0022913D0032922D118E0CC
:10280000836923F0040383618369134383611AE0BE
:10281000836923F480638361836943EA02238361CC
:1028200011E0C36923F00403C361C3691343C361A7
:1028300009E0C36923F48063C361C36943EA0223E7
:10284000C36100E000BF00BF704731B101290CD067
:10285000022913D0032922D118E0836923F08003D1
:1028600083618369134383611AE0836923F400431E
:102870008361836943EA0223836111E0C36923F022
:102880008003C361C3691343C36109E0C36923F4CF
:102890000043C361C36943EA0223C36100E000BF90
:1028A00000BF704731B101290CD0022913D0032990
:1028B00023D119E0036A23F002030362036A13437E
:1028C00003621BE0036A23F020030362036A43EA06
:1028D0000213036212E0036A23F400730362036AC3
:1028E00043EA0223036209E0036A23F4005303620C
:1028F000036A43EA0233036200E000BF00BF70478F
:1029000021B101290AD002291AD110E0036A23F06B
:1029100008030362036A1343036212E0036A23F0AD
:1029200080030362036A43EA0213036209E0036A55
:1029300023F400630362036A43EA0223036200E0B4
:1029400000BF00BF704759B1012911D0022918D02A
:10295000032928D11EE000000000014000040140CE
:10296000036A23F001030362036A134303621BE05B
:10297000036A23F010030362036A43EA021303624B
:1029800012E0036A23F480730362036A43EA0223BA
:10299000036209E0036A23F480530362036A43EA93
:1029A0000233036200E000BF00BF704721B101297C
:1029B0000AD002291AD110E0036A23F0040303624B
:1029C000036A1343036212E0036A23F040030362C5
:1029D000036A43EA0213036209E0036A23F4806393
:1029E0000362036A43EA0223036200E000BF00BF00
:1029F0007047002101800121418000218180C18038
:102A0000704731B101290CD0022913D0032922D1FA
:102A100018E0836923F00C038361836913438361A6
:102A20001AE0836923F440638361836943EA0223E4
:102A3000836111E0C36923F00C03C361C3691343CD
:102A4000C36109E0C36923F44063C361C36943EA16
:102A50000223C36100E000BF00BF704770B50446A9
:102A60000E46154636B1012E26D0022E48D0032E32
:102A70007DD168E0206A20F001002062206A20F009
:102A80000A002062206A298808432062A06920F099
:102A90000300A061A06969880843A061A06920F0D3
:102AA000F000A061A069E98840EA0110A061206AF5
:102AB00040F0010020626DE0206A20F010002062EA
:102AC000206A20F0A0002062206A298840EA0110D4
:102AD0002062A06920F44070A061A069698840EA82
:102AE0000120A061A06920F47040A061A069E9887C
:102AF00040EA0130A061206A40F01000206249E005
:102B0000206A20F480702062206A20F42060206215
:102B1000206A298840EA01202062E06920F0030051
:102B2000E061E06969880843E061E06920F0F00055
:102B3000E061E069E98840EA0110E061206A40F460
:102B40008070206226E0206A20F480502062206A93
:102B500020F400502062206A298840EA0130206277
:102B6000E06920F44070E061E069698800E010E00D
:102B700040EA0120E061E06920F47040E061E06932
:102B8000E98840EA0130E061206A40F48050206228
:102B900000E000BF00BFAA8831462046FFF731FFA2
:102BA00070BD0246002031B1012906D0022906D0AD
:102BB000032908D105E0506B06E0906B04E0D06B70
:102BC00002E0106C00E000BF00BF70472DE9F0414B
:102BD00004460E4615460027B846288808B902273D
:102BE00000E000276888012802D14FF0020801E0C8
:102BF0004FF00108002E4CD1206A20F00100206225
:102C0000206A20F00A002062206A29880843206296
:102C1000A06920F00300A061A06969880843A06151
:102C2000A06920F0F000A061A069E98840EA0110E5
:102C3000A061206A40F001002062AA88002120469D
:102C4000FFF7DFFE206A20F010002062206A20F0EB
:102C5000A0002062206A40EA07102062A06920F4E8
:102C60004070A061A06940EA0820A061A06920F43A
:102C70007040A061A069E98840EA0130A061206A43
:102C800040F010002062AA8801212046FFF7B9FE1B
:102C90004CE0206A20F010002062206A20F0A000A2
:102CA0002062206A298840EA01102062A06920F48D
:102CB0004070A061A069698840EA0120A061A06914
:102CC00020F47040A061A069E98840EA0130A06169
:102CD000206A40F010002062AA8801212046FFF7F8
:102CE00090FE206A20F001002062206A20F00A0095
:102CF0002062206A38432062A06920F00300A061AE
:102D0000A06940EA0800A061A06920F0F000A0617D
:102D1000A069E98840EA0110A061206A40F0010042
:102D20002062AA8800212046FFF76BFEBDE8F081F3
:102D300021B9426842F08002426005E0012903D1D6
:102D4000426822F0800242607047826822F070027E
:102D5000826082680A4382607047426822F0700293
:102D6000426042680A4342607047826822F007026C
:102D7000826082680A438260704721B9826842F0AB
:102D80008002826005E0012903D1826822F080027E
:102D90008260704730B5846824F43F44846084685E
:102DA00041EA02052C438460846844EA0324846079
:102DB00030BD30B5846824F00704846084680C4317
:102DC0008460846940F20335AC438461846940F2D5
:102DD00001152C438461046A24F00A040462046A25
:102DE00024F0A0040462046A42EA03152C4304623E
:102DF00030BD816821F007018160704710B503463E
:102E00000C4621461846FFF7A0FF986820F00700FF
:102E10009860986840F00700986010BD70B504464F
:102E20000E461546602E20D1206A20F01000206248
:102E3000206A20F0A0002062206A40EA051020628B
:102E4000A06920F44070A061A06940F48070A06186
:102E5000A06920F47040A061A06940EA0330A0613D
:102E6000206A40F0100020621EE0206A20F001007D
:102E70002062206A20F00A002062206A2843206233
:102E8000A06920F00300A061A06940F00100A061EA
:102E9000A06920F0F000A061A06940EA0310A061E1
:102EA000206A40F00100206231462046FFF74DFFC6
:102EB000A06820F00700A060A06840F00700A060B4
:102EC00070BDF0B504460D4616461F463B463246D9
:102ED00029462046FFF75EFFA06820F07700A0603B
:102EE000A06840F07700A060F0BDF0B504460D4644
:102EF00016461F463B46324629462046FFF74AFF04
:102F0000A06840F48040A060F0BD816821F4804159
:102F10008160704701657047022906D1D0F8FC2016
:102F200042F00202C0F8FC2006E029B9D0F8FC20EB
:102F300022F00202C0F8FC207047012906D1D0F827
:102F4000FC2042F00102C0F8FC2006E029B9D0F8CC
:102F5000FC2022F00102C0F8FC20704702461069F4
:102F6000084008B1012070470020FCE7CA43026115
:102F70007047C2680A43C2607047C2688A43C26031
:102F800070470246D06800EA01031069084010B19A
:102F90000BB1012070470020FCE7CA430261704773
:102FA00070B505460E46002405E0295D16A005F023
:102FB0002BF9601C84B2B442F7DB14A005F024F9AD
:102FC00000F061F970BD10B54FF4A060FEF740FA53
:102FD00000F0C8F9AFF237014FF4E13000F0E6F845
:102FE00010BD00BF704770B504460D46E1B20848F9
:102FF000FEF7B7F800BF07210548FEF7BCF9002827
:10300000F9D0204670BD0000256300000D0A0000C5
:10301000004C004010B5044604F00100B0B140F689
:103020000240FDF7C3FB4FF48063002201215C489E
:10303000FEF793FE4FF48063022200215848FEF70A
:10304000B3FE4FF480615648FEF7D1FE04F0020053
:10305000022813D14FF44060FDF7A8FB1023002293
:1030600001215048FEF779FE1023022200214D482D
:10307000FEF79AFE10214B48FEF7B9FE04F004005B
:10308000042813D140F60540FDF790FB40230022B1
:1030900001214548FEF761FE4023022200214248FB
:1030A000FEF782FE40214048FEF7A1FE10BD10B59C
:1030B000044604F0010040B14FF480613848FEF747
:1030C00096FE40F60240FDF781FB04F00200022864
:1030D00007D110213348FEF78AFE4FF44060FDF718
:1030E00075FB04F00400042807D140212E48FEF7A8
:1030F0007EFE40F60540FDF769FB10BD10B50446A5
:1031000004F0010020B14FF480612548FEF76DFE08
:1031100004F00200022803D110212248FEF765FEC8
:1031200004F00400042803D140211F48FEF75DFE8F
:1031300010BD10B5044604F0010020B14FF48061C9
:103140001748FEF754FE04F00200022803D11021B4
:103150001448FEF74CFE04F00400042803D140217B
:103160001148FEF744FE10BD10B5044604F00100FE
:1031700020B14FF480610A48FEF792FE04F002008D
:10318000022803D110210748FEF78AFE04F004004C
:10319000042803D140210448FEF782FE10BD000040
:1031A00000080240000002400014024070B50546CD
:1031B0000C4641F21300FDF7F9FA4FF44060FDF7B9
:1031C000F5FA032208214E48FEF732FE03230122BE
:1031D00002214B48FEF7C1FD03230222002148488B
:1031E000FEF7E2FD4748FDF74BFE29464548FDF74F
:1031F000B0FE4448FDF735FF08214248FDF73BFF8C
:1032000004214048FDF73FFF84B13F48046002229B
:1032100011463420FEF721F940F205313948FEF716
:10322000D3F84FF441713748FEF7CEF870BD10B5B2
:103230003420FEF76FF93348FDF718FF41F2130011
:10324000FDF7C4FA4FF44060FDF7C0FA10BD10B5A9
:10325000044621462B48FDF784FF00BF072129487B
:10326000FEF789F80028F9D010BD70B504460D4668
:1032700003E014F8010BFFF7EAFF2800A5F10101B4
:10328000CDB2F6D170BD002004E000211F4A1154D8
:10329000411C88B21E4909888842F6DB00201C497F
:1032A0000880704710B51B491648FEF7A7F801289B
:1032B00011D11448FDF759FF044615480088B0F5B0
:1032C000806F07DA124802880088401C104B188073
:1032D0000E48845412E010490A48FEF78FF801287E
:1032E0000CD10848FDF741FF09480088002805DD9A
:1032F000074801880548044A1268904710BD00003D
:1033000000000240004C004008000020E8000020BF
:103310000C000020050305000403040000BFFEE7C5
:1033200000BFFEE700BFFEE700BFFEE700BFFEE70D
:1033300000BFFEE700BFFEE700BFFEE710B500F0EC
:103340003EF810BD10B5002807DA0A07140E2B4A04
:1033500000F00F031B1FD45403E00A07130E284A82
:10336000135410BD10B5274800684FF47A71B0FBB4
:10337000F1F4601EB0F1807F01D301200FE0601EE8
:103380004FF0E02148610F214FF0FF30FFF7DAFFE7
:1033900000204FF0E021886107200861002008B17B
:1033A00000BFFEE70021481EFFF7CCFF10BD164905
:1033B000086000BF144909680029FBD17047124812
:1033C000006820B110480068401E0F49086070472F
:1033D00010B54FF0E02399690A4B1B684FF47A74DB
:1033E000B3FBF4F3B3FBF4F303FB00F200BF4FF0C5
:1033F000E0239B69CB1A9342F9D310BD18ED00E08E
:1034000000E400E000000020100000207FB5054629
:103410000C4641F20400FDF7C9F95348FEF796FE49
:103420007720ADF800000020ADF80200ADF80400F0
:10343000681E02900020ADF8060069464A48FEF773
:103440004BFF022201213620FEF707F801214648F2
:10345000FFF7A3FD01214448FFF78BFD43480460BB
:103460004148FEF777FF7FBD10B53F48FEF777FF75
:103470003620FEF74FF83C48FEF768FE41F20400A4
:10348000FDF7A4F910BD10B53748FEF763FF10BD76
:1034900010B53548FEF763FF10BD7FB505460C46F5
:1034A00041F20500FDF782F93148FEF74FFE42F682
:1034B000DF60ADF800000020ADF80200ADF80400B8
:1034C000681E02900020ADF8060069462848FEF705
:1034D00003FF022201213720FDF7BFFF012124480D
:1034E000FFF75BFD01212248FFF743FD21480460FF
:1034F0001F48FEF72FFF7FBD10B51D48FEF72FFFB9
:103500003720FEF707F81A48FEF720FE41F20500C3
:10351000FDF75CF910BD10B51548FEF71BFF10BD97
:1035200010B51348FEF71BFF10BD10B501210E4862
:10353000FFF727FD012806D101210B48FFF72DFDDC
:103540000A480068804710BD10B501210848FFF700
:1035500018FD012806D101210548FFF71EFD054889
:103560000068804710BD00000010004014000020DB
:103570000014004018000020F0B587B007460D4643
:1035800016461C464FF48850FDF710F98148FEF7A7
:10359000DDFDEF20ADF80C000020ADF80E00ADF819
:1035A0001000781E05900020ADF812008DF818006C
:1035B00003A97848FEF790FE0120ADF80000002036
:1035C000ADF80400ADF808000420ADF802000020BA
:1035D000ADF80600ADF80A006A4631466D48FEF7C0
:1035E00097FF2A4631466B48FFF7C2F86022314602
:1035F0006848FFF790F874B1022211461B20FDF7CE
:103600002CFF01216348FFF7C8FC01216148FFF747
:10361000B0FC614804605F48FEF7A1FE07B0F0BD52
:1036200010B51B20FDF776FF5A48FEF78FFD4FF4CB
:103630008850FDF7CBF810BD10B55648FEF78AFE4E
:1036400001215448FEF737FF10BD10B55148FEF771
:1036500086FE00214F48FEF72EFF10BD70B50446D0
:103660000D462A4621464B48FFF782F870BDF0B55B
:1036700087B005460E4617461C4641F20100FDF78D
:1036800095F84648FEF762FD42F6DF60ADF80C00A3
:103690000020ADF80E00ADF8100005EB850001210B
:1036A000C1EB400005900020ADF812008DF8180025
:1036B00003A93A48FEF710FE0120ADF800000020F3
:1036C000ADF80400ADF80800ADF80200ADF8060052
:1036D000ADF80A006A4639463048FEF719FF06EB96
:1036E0008600420039462D48FFF742F860223946ED
:1036F0002A48FFF710F874B1022211461D20FDF789
:10370000ACFE01212548FFF748FC01212348FFF7C3
:1037100030FC2348046007B0F0BD10B51D20FDF754
:10372000F9FE1E48FEF712FD41F20100FDF74EF8CA
:1037300010BD10B51948FEF70DFE10BD10B51748A5
:10374000FEF70DFE10BD70B504460D462A46214613
:103750001248FFF70DF870BD10B501210D48FFF7B5
:1037600010FC012806D101210A48FFF716FC0A487F
:103770000068804710BD10B501210848FFF701FC23
:10378000012806D101210548FFF707FC044800681D
:10379000804710BD000001401C00002000040040D4
:1037A0002000002010B5044640F60140FCF7FEFF63
:1037B00040F60140FCF7FAFF41F21200FCF7F6FF79
:1037C0004FF4806207216448FEF732FB4FF4006239
:1037D00007216148FEF72CFB4FF480630122022190
:1037E0005D48FEF7BAFA4FF40063012202215A48FD
:1037F000FEF7B3FA4FF48063022200215648FEF729
:10380000D3FA4FF40063022200215348FEF7CCFAAA
:103810005248FDF735FB21465048FDF79AFB002141
:103820004E48FDF706FC00214C48FDF70AFC00213C
:103830004A48FDF70EFC4948FDF713FC08214748AC
:10384000FDF719FC04214548FDF71DFC0222114635
:103850002720FDF702FE40F205314048FDF7B4FD98
:103860004FF441713D48FDF7AFFD10BD10B5272065
:10387000FDF750FE3948FDF7F9FB3848FDF700FB2E
:1038800040F60140FCF7A2FF40F60140FCF79EFF26
:1038900041F21200FCF79AFF10BD10B50446214614
:1038A0002E48FDF75EFC00BF07212C48FDF763FDA5
:1038B0000028F9D010BD70B504460D4603E014F899
:1038C000010BFFF7EAFF2800A5F10101CDB2F6D107
:1038D00070BD002004E00021214A1154411C88B22F
:1038E000B0F5806FF7DB00201E490880704710B5E7
:1038F0001D491A48FDF782FD012811D11748FDF72F
:1039000034FC044617480088B0F5806F07DA154884
:1039100002880088401C134B18801148845400BF53
:1039200012490E48FDF76AFD012802D10B48FDF748
:103930001CFC0C48008800280CDD002404E0084929
:10394000085DFFF7AAFF641C064800888442F6DB86
:10395000FFF7BFFF10BD0000000402400048004018
:10396000E8040020240000200503050004030400EF
:1039700010B540F60140FCF719FF4FF40052012149
:103980004748FEF755FA4FF40053002202214448FD
:10399000FEF7E3F94FF40053022200214048FEF7FE
:1039A00003FA10BD00B587B04FF48850FCF7FEFE57
:1039B0003C48FEF7CBFB40F2DF10ADF80C000020D6
:1039C000ADF80E00ADF81000632005900020ADF8B2
:1039D00012008DF8180003A93248FEF77DFC012083
:1039E000ADF800000020ADF80400ADF80800042098
:1039F000ADF802000020ADF80600ADF80A006A46F6
:103A000000212848FEF784FD322200212548FEF7D8
:103A1000AFFE602200212348FEF77DFE07B000BD07
:103A200010B5FFF7A5FFFFF7BDFF10BD10B51D488E
:103A3000FEF795FC1B48FEF789FB4FF48850FCF716
:103A4000C5FE40F60140FCF7C1FE10BD10B515489B
:103A5000FEF780FC01211348FEF72DFD10BD10B5C7
:103A60001048FEF77CFC00210E48FEF724FD10BD37
:103A70002DE9F04104460D46164600270BE0FFF7FE
:103A8000E5FF2846FFF793FCFFF7E9FF3046FFF715
:103A90008EFC781C87B2A742F1DBBDE8F081000004
:103AA000000402400000014010B540F60140FCF760
:103AB0007DFE40F60140FCF779FE402301221146CD
:103AC000FE48FEF74AF9402302220121FB48FEF797
:103AD0006BF9802301221146F848FEF73EF9802356
:103AE00002220121F548FEF75FF910BD10B540F63E
:103AF0000140FCF76BFE40F60140FCF767FE10BD8D
:103B000010B5802301221146EC48FEF726F9012268
:103B10008021EA48FEF76DF90520FFF759FC0122E4
:103B20004021E648FEF765F90520FFF751FC002229
:103B30008021E248FEF75DF90520FFF749FC0022ED
:103B40004021DE48FEF755F90520FFF741FC10BD86
:103B500010B5802301221146D848FEF7FEF8002256
:103B60004021D648FEF745F900228021D348FEF7D0
:103B700040F901224021D148FEF73BF90520FFF72B
:103B800027FC01228021CD48FEF733F90520FFF7FD
:103B90001FFC10BD10B50446802301221146C74802
:103BA000FEF7DBF800224021C448FEF722F900228C
:103BB0008021C248FEF71DF90520FFF709FC2CB94A
:103BC00000228021BD48FEF714F904E00122802183
:103BD000BA48FEF70EF901224021B848FEF709F96C
:103BE0000520FFF7F5FB00224021B448FEF701F95C
:103BF00001228021B148FEF7FCF810BD70B5002508
:103C00000A2400224021AD48FEF7F3F8012280216A
:103C1000AA48FEF7EEF8802301220021A748FEF70C
:103C20009CF80520FFF7D4FB01224021A348FEF7B2
:103C3000E0F80520FFF7CCFB04E0601EC4B20520CD
:103C4000FFF7C6FB80219D48FEF7DAF8012801D175
:103C5000002CF2D1002C03DCFFF77AFF012070BDAD
:103C6000002240219548FEF7C4F880230122114626
:103C70009248FEF772F82846F1E770B50446002531
:103C80008023012211468D48FEF767F8002240216B
:103C90008A48FEF7AEF800BF18E0E20980218748A5
:103CA000FEF7A7F800BF012240218448FEF7A1F8E3
:103CB0000520FFF78DFB002240218048FEF799F890
:103CC0000520FFF785FB6006040E6D1C082DE4DB64
:103CD00070BD70B500248023012200217748FEF7D3
:103CE0003CF800251DE0002240217448FEF781F8D1
:103CF0000520FFF76DFB012240217048FEF779F89F
:103D00000520FFF765FB6006040E80216B48FEF777
:103D100077F808B144F001040520FFF759FB681C4F
:103D2000C5B2082DDFDB002240216448FEF761F8B0
:103D3000204670BD70B505460C46FFF7E1FEEE204B
:103D4000FFF79BFFFFF75AFF012802D15CA004F0A8
:103D50005BFA2846FFF791FFFFF750FF012802D1D9
:103D60005CA004F051FA2046FFF787FFFFF746FFFB
:103D7000012802D15CA004F047FAFFF7E9FE70BD0C
:103D80002DE9FC4106460C460027002000900190DA
:103D9000002500BF33E0FFF7B3FEEE20FFF76DFF15
:103DA000FFF72CFF012802D154A004F02DFA71195D
:103DB000C8B2FFF762FFFFF721FF012802D154A02C
:103DC00004F022FA00BF7F1C0120FFF7F0FAFFF792
:103DD00097FEEF20FFF751FFFFF710FF012801D1F9
:103DE000052FF0DBFFF775FF2DF815000120FFF719
:103DF000D1FEFFF7ADFE0120FFF7D9FA6D1CA542F9
:103E0000C9DB022C08D1BDF80200BDF8001040EA61
:103E1000012080B2BDE8FC81032C0CD1BDF800006C
:103E20000004BDF8021040EA0120BDF80410084368
:103E3000C0F30F20EEE70020ECE770B52DED088B06
:103E40000026002400252E21F420FFF773FF062012
:103E5000FFF7ADFA0221F620FFF792FF064631493F
:103E60004989711A2F4A128901FB02F006F0EAF91A
:103E700041EC190B9FED2C0B53EC102B06F0D2F9F3
:103E800041EC180B06F0D7F904462649B1F9141095
:103E9000081906F0D7F941EC190B2249B1F91200C3
:103EA00006F0D0F941EC1B0B9FED210B53EC102BCE
:103EB00006F0D6F941EC1A0B3EE000000004024087
:103EC00057726974655F436D64204E41434B202DEA
:103ED000310D0A0057726974655F436D64204E416D
:103EE000434B202D320D0A0057726974655F436D94
:103EF00064204E41434B202D330D0A00526561640E
:103F00005F526567204E41434B202D310D0A000062
:103F1000526561645F526567204E41434B202D32EC
:103F20000D0A0000E8080020000000000000E0404A
:103F3000000000000000A04053EC192B06F072F9BD
:103F400041EC180B06F077F9054660198C490860BA
:103F500008460068083006F075F941EC1A0B9FED31
:103F6000890B53EC102B06F05DF941EC190B9FED1A
:103F7000870B53EC102B06F073F941EC180B06F08D
:103F800041F900EE100ABDEC088B70BD2DE9FC5F15
:103F900000BF0020019000BF00BFFFF74EFF34229A
:103FA000019802EB8011F420FFF7C4FE0A20FFF70E
:103FB000FEF90321F620FFF7E3FE83467048006810
:103FC000A0F57A6707FB07F000137249B1F90E10EC
:103FD0004843C5126F48B0F902007843C61205EB9A
:103FE00006096C48B0F9000009EB8000801C8010C5
:103FF00000906848B0F904007843451307FB07F0C8
:1040000000136449B1F90C1048430614A819801C28
:104010004FEAA0095F48C08809F5004148434FEACC
:10402000D03A0098ABEB00004CF2503100FB01F8A5
:10403000B8F1004F04D24FEA4800B0FBFAF402E0B6
:10404000B8FBFAF04400201200FB00F540F6DE3029
:1040500068430514504860430614A81900F6CF6061
:1040600004EB201400EE104AB8EEC00ABDE8FC9F35
:1040700010B52DED0A8BB0EE408A9FED480AF0EEA8
:10408000408A9FED470AC8EE000A10EE904A20468B
:1040900006F0F8F841EC1C0B9FED421BB0EE4C0A09
:1040A000F0EE6C0A05F080FBB0EE40BAF0EE60BABC
:1040B0009FED3E0B53EC102B51EC1B0B06F0D9F887
:1040C00041EC1A0B9FED3B0B53EC102B06F0C8F89C
:1040D00041EC190B06F096F808EE900AB0EE680A6B
:1040E000BDEC0A8B10BD10B50221AA20FFF748FED7
:1040F00000B2284908800221AC20FFF741FE00B23F
:10410000244948800221AE20FFF73AFE00B221493F
:1041100088800221B020FFF733FE1E49C8800221AB
:10412000B220FFF72DFE1B4908810221B420FFF7C2
:1041300027FE184948810221B620FFF721FE00B270
:10414000144988810221B820FFF71AFE00B21149F4
:10415000C8810221BA20FFF713FE00B20D49088280
:104160000221BC20FFF70CFE00B20A49488202215E
:10417000BE20FFF705FE00B20649888210BD000090
:10418000280000200000000000003040000000A0D7
:104190009999B93FE808002031E3FFFF00000000D3
:1041A00080E6C547000000C0955BC83F00000000E6
:1041B0000000F03F0000000040A5E54010B540F6CB
:1041C0000140FCF7F3FA4FF48073012211465F4877
:1041D000FDF7C3FD4FF48073022200215B48FDF719
:1041E000E3FD4FF480715948FDF7FFFD10BD10B598
:1041F00040F60140FCF7EAFA10BD10B54FF48073A9
:10420000012211465148FDF7A8FD00224FF48071AC
:104210004E48FDF7EEFD1320FFF7C9F80122110209
:104220004A48FDF7E6FD1420FFF7D2F810BD10B59F
:104230004FF48073012200214448FDF78EFD41F2C6
:10424000883400BF4FF480714048FDF7D9FD10B9A4
:10425000601E0400F6D12820FFF7BAF800BF4FF423
:1042600080713A48FDF7CCFD012802D1601E0400A0
:10427000F5D10CB1012010BD0020FCE770B5002580
:10428000002420E000BF4FF480713048FDF7B8FDF6
:104290000028F8D01E20FFF79BF84FF480712B48C0
:1042A000FDF7AEFD28B1C4F1070101208840284385
:1042B000C5B200BF4FF480712448FDF7A1FD01286D
:1042C000F8D0601CC4B2082CDCDB284670BD7CB57D
:1042D00005460E46FFF791FFFFF7A9FF70B30024D4
:1042E00005E0FFF7CBFF0DF80400601CC4B2052CFD
:1042F000F7DB9DF8000000EE100AB8EE400A9DF8CA
:10430000010000EE900AF8EE600A9FED111A00EE2F
:10431000810A86ED000A9DF8020000EE100AB8EE50
:10432000400A9DF8030000EE900AF8EE600A9FED47
:10433000081A00EE810A85ED000A05E00020064615
:10434000054604A003F060FF7CBD000000040240AD
:10435000CDCCCC3D4448543131206973206E6F740C
:1043600020726573706F6E64696E670010B50446E5
:104370004FF44060FCF71AFA4FF4006208217548C8
:10438000FDF756FD4FF40063012202217148FDF74D
:10439000E4FC4FF40063022200216E48FDF704FDA7
:1043A0004FF44060FCF702FA4FF48052082169484C
:1043B000FDF73EFD4FF48053012202216548FDF7D1
:1043C000CCFC4FF48053022200216248FDF7ECFC44
:1043D00041F20510FCF7EAF95F48FCF751FD4FF494
:1043E000E1315D48FCF7B5FD5B48FCF73AFE08217A
:1043F0005948FCF740FE04215748FCF744FE84B1BD
:1044000056480460022201214720FDF726F840F2B9
:1044100005315148FCF7D8FF4FF441714E48FCF785
:10442000D3FF10BD10B54720FDF774F84A48FCF7DC
:104430001DFE4948FCF724FD41F20510FCF7C6F9C2
:104440004FF44060FCF7C2F94FF44060FCF7BEF94E
:1044500010BD10B5044621463F48FCF782FE00BF60
:1044600007213D48FCF787FF0028F9D010BD70B543
:1044700004460D4603E014F8010BFFF7EAFF28009D
:10448000A5F10101CDB2F6D170BD7CB505460C4653
:10449000334903C9CDE9000128128DF80400E8B2C0
:1044A0008DF8050020128DF80600E0B28DF80700A7
:1044B00008216846FFF7DBFF7CBD002004E00021F7
:1044C000284A1154411C88B2274909888842F6DBE2
:1044D000002025490880704770B504460E46E078F4
:1044E000832809D16079217940EA0125217A28467B
:1044F0001A4A1268904701E0FFF7DFFF70BD10B560
:104500001A491548FCF77AFF012810D11248FCF728
:104510002CFE044614480088092807DA124802884D
:104520000088401C104B18800E48845411E010493C
:104530000948FCF763FF01280BD10748FCF715FE7B
:1045400009480088002804DD074801780548FFF77E
:10455000C3FF10BD00000240001401402C000020E9
:10456000A0A30008FE08002030000020050305007D
:104570000403040010B54FF44060FCF717F94FF442
:10458000806300220221E748FDF7E7FB4FF48063D8
:1045900002220021E348FDF707FC4FF48062072167
:1045A000E048FDF745FC4FF44060FCF7FFF84FF49E
:1045B000007300220221DB48FDF7CFFB4FF40073AC
:1045C00002220021D748FDF7EFFB4FF400720721CC
:1045D000D448FDF72DFC10BD10B541F20410FCF7D6
:1045E000E5F8D148FCF74CFC4FF4E131CE48FCF73C
:1045F000B0FC0021CC48FCF71CFD0021CA48FCF7A8
:1046000020FD0021C848FCF724FDC748FCF729FD20
:104610000821C548FCF72FFD0421C348FCF733FDF2
:10462000022201212520FCF718FF40F20531BE4887
:10463000FCF7CAFE10BD10B5FFF79CFFFFF7CCFFDB
:1046400010BD10B52520FCF765FFB748FCF70EFD3F
:10465000B548FCF715FC41F20410FCF7B7F84FF42D
:104660004060FCF7B3F84FF44060FCF7AFF810BDC2
:1046700010B504462146AC48FCF773FD00BF072186
:10468000A948FCF778FE0028F9D010BD70B50446A3
:104690000D4600BF14F8010BFFF7EAFF681E85B254
:1046A000002DF7D170BD10B58021A04803F05DFF4B
:1046B00000209F49088010BD10B54FF400719D483F
:1046C00003F053FF10BD2DE9F0478046894614469C
:1046D0001D460027012098490870FFF7E4FF0026D7
:1046E0001EE0404603F0F0FE1FFA80FA51464046B5
:1046F000FFF7CCFF10E06420FEF759FE643749460F
:104700008A4803F0CFFE38B100208B490870FFF7CC
:10471000CAFF0120BDE8F087A742ECD3701CC6B2E7
:10472000AE42DEDBFFF7BFFF00208349087000BF09
:10473000F0E710B5814882A10268894803F070FD56
:104740007E4888A102688D4803F06AFD8B4A8CA1DF
:10475000914803F065FD10BD00B52DED048B89B0C7
:104760004FF480718D4803F000FF8D4890ED010AF1
:1047700010EE101A084605F085FD41EC180B88482C
:1047800090ED000A10EE101A084605F07BFD41EC92
:10479000190B83482430A0F11001814A528A804BC2
:1047A0001B8ACDE90432CDE906102438C0681439DB
:1047B0008968CDE902108DED008B53EC192B7949F6
:1047C000764803F02DFD09B0BDEC048B00BD10B59B
:1047D00075480368754876A102687B4803F020FDA0
:1047E00010BD10B579487AA10268894803F018FD18
:1047F00010BD10B50024FFF7EAFFFFF79AFFFFF79F
:10480000F0FF02234FF47A7282A184A0FFF75BFFCE
:10481000012801D000BF43E002234FF47A727DA14A
:1048200080A0FFF750FF012801D0012438E00223C7
:104830004FF47A7277A17DA0FFF745FF012801D0E0
:1048400002242DE0022342F2107272A15E48FFF7AB
:104850003AFF012801D0032422E002234FF47A72A8
:104860006CA16B48FFF72FFF012801D0042417E04B
:1048700002234FF47A7267A170A0FFF724FF01288A
:1048800001D005240CE002234FF47A7261A1424862
:10489000FFF719FF012801D0062401E0012010BD17
:1048A000214670A003F0B0FC0020F8E710B5744971
:1048B0001D48FCF7A3FD012833D171491A48FCF7C4
:1048C000B9FD1D480078012810D1194800888028BA
:1048D00027DA1548FCF749FCC1B215480288008860
:1048E000401C134B1880114881541AE0124800787C
:1048F000B8B964480088B0F5007F12DA0A48FCF7BE
:1049000034FCC1B25F4802880088401C5D4B1880AF
:104910005D4881545DA103F0C5FD10B101205C49E3
:10492000087010BD0000024000100140770900200F
:1049300078000020F70B00207D0000208000002080
:10494000736D617274686F7573655F72656D6F7496
:10495000655F7375627363726962652A257300000F
:10496000770E0020736D617274686F7573655F7385
:1049700075627363726962652A257300B70E002041
:1049800041542B4D5154545355423D302C222573E4
:10499000222C310D0A000000F70F0020F70E002036
:1049A000340000202CA5000888000020840000208E
:1049B00041542B43574A41503D222573222C222536
:1049C00073220D0A00000000F70D00208C0000206B
:1049D00041542B4D515454555345524346473D3055
:1049E0002C312C222573222C226D7174743A726F33
:1049F0006F74222C22786D786C6C41646D696E3214
:104A00003032302E222C302C302C22220D0A000085
:104A1000370E00204F4B0D0A0000000041540D0AD4
:104A200000000000415445300D0A000041542B4362
:104A3000574D4F44453D310D0A00000041542B4D68
:104A4000515454434F4E4E3D302C2234372E393979
:104A50002E3134342E3136222C313838332C300D6F
:104A60000A0000006573703832363620696E69744A
:104A70002065727220636F64653A2564000000004F
:104A8000050305007A000020F70900207D0D0A00CB
:104A90009000002010B540F60440FBF787FE4FF46D
:104AA0000053002211466848FDF757F941F20E10F5
:104AB000FBF77CFE022211462820FCF7CEFC0621E3
:104AC0000846FDF7CCFA002211464FF40050FDF7DE
:104AD000F9F94FF40050FDF751FA4FF40050FDF78B
:104AE00091FA10BD10B540F60140FBF75FFE0223BE
:104AF000002203215548FDF730F941F20910FBF778
:104B000055FEFCF747FD4FF48030FCF74DFD0021CA
:104B10004F48FCF7DDFD00214D48FCF780FD0123E7
:104B2000092200214A48FCF76CFE01221146484840
:104B3000FCF73EFE00224FF480714548FCF742FD31
:104B4000002202214248FCF73DFD4148FCF772FD7E
:104B50000120FEF72CFC3E48FCF77AFD6420FEF7AE
:104B600026FC10BD10B50446FFF7BCFF1CB1FFF7D3
:104B700091FF3848046010BD10B54FF40050FDF7A8
:104B800003FA2820FCF7C6FC41F20E10FBF71EFECC
:104B900040F60440FBF71AFE2D48FCF754FD40F6A2
:104BA0000140FBF713FE41F20910FBF70FFE10BDA9
:104BB00010B50623092200212548FCF722FE012119
:104BC0002348FCF7FAFE00BF02212148FCF781FFD1
:104BD0000028F9D01E48FCF713FF044602211C48A8
:104BE000FCF77EFF204610BD10B52DED068BFFF7BC
:104BF000DFFF0446204605F02CFB41EC1A0B9FED2D
:104C0000160B53EC102B05F00DFB41EC190B9FED2F
:104C1000140B53EC102B05F023FB41EC180B05F0A3
:104C2000F1FA00EE100ABDEC068B10BD10B54FF482
:104C30000050FDF7DDF9012805D14003FDF7E2F949
:104C400004480068804710BD001002400004024084
:104C50000021014094000020000000000000B0404E
:104C60000000006066660A4010B540F60240FBF79F
:104C70009DFD082301221146FE48FDF76EF808232A
:104C800002220021FB48FDF78FF80122114609207E
:104C9000FCF7E3FB03210220FDF7E1F900221146B6
:104CA0000820FDF70FF90820FDF768F90820FDF747
:104CB000A9F910BD10B541F21100FBF777FD4FF4D3
:104CC0004060FBF773FD0C220721EB48FDF7B0F8BD
:104CD0000C2301220221E848FDF73FF80C230222B1
:104CE0000021E548FDF760F8E448FCF7C9F84FF407
:104CF0006141E248FCF72DF90021E048FCF799F901
:104D00000021DE48FCF79DF90021DC48FCF7A1F901
:104D1000DA48FCF7A6F90821D848FCF7ACF90421D9
:104D2000D648FCF7B0F9022201212620FCF795FBBA
:104D300040F20531D148FCF747FB4FF44171CF48B1
:104D4000FCF742FB10BD10B5FFF78EFFFFF7B2FF77
:104D500010BD10B52620FCF7DDFBC848FCF786F92E
:104D6000C648FCF78DF84FF44060FBF72FFD41F289
:104D70001100FBF72BFD0820FDF706F90920FCF7D1
:104D8000C9FB40F60240FBF721FD10BD10B50446FB
:104D90002146BA48FCF7E5F900BF0721B748FCF700
:104DA000EAFA0028F9D010BD70B505460E46002479
:104DB00004E0285DFFF7EAFF601C84B2B442F8DB30
:104DC00070BD30B503460024084603E01D5C254451
:104DD000ECB2401C8D188542F8D8E043401CC0B2AC
:104DE00030BD2DE9F0410646884615461C46002098
:104DF00004E0A349095C2154411CC8B20828F8DB2F
:104E0000EF1D380A207267720A2200212046FFF740
:104E1000D8FFA0729B480068000EE07299480068B5
:104E2000000C207397480088000A6073954800784A
:104E3000A0733012E0732674002006E018F80020FA
:104E400000F111016254411CC8B2A842F6DBAA1D50
:104E50000B212046FFF7B5FF05F111016054BDE8B5
:104E6000F0812DE9F04104460D46607A217A40EA4E
:104E7000012707F10A0014F800807A1E0B21204652
:104E8000FFF79FFF404502D00020BDE8F081E07AA7
:104E90000006217B40EA0140617B40EA0120A17BC2
:104EA00008432860E07B2871207C6871607C0006E4
:104EB000A17C40EA0140E17C40EA0120217D0843D9
:104EC000A860A7F10B0086B22E82002E12DD3046BC
:104ED00003F044F9E860E86808B90020D5E700204D
:104EE00006E000F11501615CEA681154411CC8B28A
:104EF000B042F6DB0120C8E72DE9F04707468846B7
:104F0000154605F11200C6B2B146484603F026F92F
:104F1000044623462A4641463846FFF762FF31469B
:104F20002046FFF741FF204603F047F9BDE8F08730
:104F300010B504465449C86803F03FF900205249AF
:104F4000C860088200BF514800780028FBD04E4955
:104F50004F48FFF786FF14224B49204603F0D3FA4F
:104F600010BD7CB505460C4600200090019025B18F
:104F700001208DF800008DF801400522694640F2BD
:104F80000F20FFF7B9FF7CBD2DE9FC4104460D461B
:104F900016461F4604208DF800008DF801408DF85C
:104FA00002508DF803608DF804700522694640F2C6
:104FB0000F20FFF7A1FFBDE8FC812DE9FC4104466D
:104FC0000D4616461F4603208DF800008DF801405F
:104FD0008DF802508DF803608DF804700522694643
:104FE00040F20F20FFF788FFBDE8FC811CB50446A6
:104FF00000200090019002208DF800008DF8014003
:105000000522694640F20F20FFF776FF1CBD38B538
:10501000044600940122694640F21110FFF76CFF2C
:1050200038BD00B585B0002211464FF48970FFF7F6
:1050300063FF0A20FEF7BBF96846FFF779FFBDF86A
:105040001000032803D10398807805B000BD00202C
:10505000FBE700B585B00022114640F23510FFF79E
:105060004BFF0A20FEF7A3F96846FFF761FFBDF882
:1050700010000FE000080240000002400044004021
:1050800098000020A000002078100120A700002038
:1050900078100020012803D10398007805B000BDE6
:1050A0000020FBE738B504460CB1012000E00020E9
:1050B0000090012269464FF40370FFF71DFF4FF483
:1050C0009670FEF774F90820FCF758FF0820FCF7EB
:1050D00099FF38BD002004E00021244A1154411CEE
:1050E00088B2234909888842F6DB002020490880DD
:1050F0002049087020490870704710B51F492048A2
:10510000FCF77CF9012811D11B48007808B1FFF7A2
:10511000E1FF1B48FCF729F8C1B215480288008856
:10512000401C134B1880114881540BE0154914485A
:10513000FCF764F9012805D11148FCF716F80120A5
:105140000D49087010BD10B50820FCF751FF01286B
:105150000AD108210C48FCF753FE012801D1FCF7C5
:10516000A5FE0820FCF74EFF10BD000078100020BF
:10517000A4000020A6000020A700002005030500D1
:1051800000440040040304000008024010B540F64B
:105190000140FBF70BFB4FF480420921A448FCF7C8
:1051A00047FE4FF4804301220021A148FCF7D5FDC2
:1051B00010BD00B587B041F20600FBF7F7FA772083
:1051C000ADF80C000020ADF80E00ADF810004FF661
:1051D000FF7005900020ADF8120003A99548FDF777
:1051E0007BF80220ADF804000120ADF80600002095
:1051F000ADF80800ADF80A0001AA00218D48FDF7BE
:105200002DFC8C48FDF7B0F802218A48FDF7C5FE59
:1052100002218848FDF7ADFE012211462B20FCF744
:105220001CF98448FDF796F807B000BD10B5044698
:10523000FFF7ACFFFFF7BDFF7F48046010BD10B55E
:105240007C48FDF78CF82B20FCF764F97948FCF7D3
:105250007DFF41F20600FBF7B9FA40F60140FBF78B
:10526000B5FA10BD00207549087048708870C87084
:10527000734908707349087073490880704710B506
:10528000044620786178C943C9B2884200D010BD75
:10529000A078E178C943C9B2884200D0F7E76648F0
:1052A000006818B1A078644909688847FFF7DAFFF9
:1052B00000BFECE7014668293AD012DC38293BD020
:1052C00008DC022928D010293CD0182936D0222900
:1052D0003CD11FE04A2933D05A2935D0622935D133
:1052E00014E0B02926D008DC90291DD098291DD0C3
:1052F000A22909D0A82929D114E0C2290ED0E02979
:105300000ED0E22922D103E0312070473220FCE7A1
:105310003320FAE73420F8E73520F6E73620F4E7C3
:105320003720F2E73820F0E73920EEE73020ECE7CD
:105330002A20EAE72320E8E74F20E6E75520E4E7C4
:105340004420E2E74C20E0E75220DEE74E20DCE795
:1053500070B502213748FDF714FE012866D10221FD
:105360003448FDF71AFE00213248FDF71AFC85B2D9
:1053700035480088854203DD33480088281A05E057
:105380004FF6FF70284430490988401A84B22E48ED
:1053900005802C480078012839D1B4F5FA6F21DD59
:1053A00040F6C41084421DDA254A1078C21700EB7B
:1053B0005272D210214B9A5C214B1978CB1701EB1A
:1053C0005373DB10A1EBC303C3F107060123B34002
:1053D0001A431B4B1878C31700EB5373DB10174E9F
:1053E000F25408E0B4F57A7F03DD40F214508442B1
:1053F00001DBFFF737FF12480078401CC0B21049AC
:105400000870202811D10D48FFF739FF0DE042F652
:10541000E060844209DD43F69820844205DA0120E9
:105420000849087000200649087000BF70BD0000E0
:105430000004024000180040A8000020AC0000203A
:10544000B0000020B1000020B200002010B540F6EE
:105450000640FBF7ABF94023002211466F48FCF7EA
:105460007CFC41F20E10FBF7A1F902221146172035
:10547000FBF7F3FF06210846FCF7F1FD0022114679
:105480004020FCF71FFD4020FCF778FD4020FCF792
:10549000B9FD10BD10B540F60540FBF787F94FF494
:1054A0000073002203215E48FCF757FC41F20A100A
:1054B000FBF77CF9FCF76EF84FF48030FCF774F8DA
:1054C00000215848FCF704F900215648FCF7A7F8DA
:1054D0000123072200215348FCF793F901221146CA
:1054E0005048FCF765F900224FF480714D48FCF7F5
:1054F00069F8002202214B48FCF764F84948FCF7A0
:1055000099F80120FDF753FF4648FCF7A1F8642005
:10551000FDF74DFF10BD10B50446FFF7BBFF1CB1F2
:10552000FFF794FF4048046010BD10B54020FCF721
:105530002BFD1720FBF7EEFF40F60640FBF746F980
:105540003848FCF780F841F20A10FBF73FF940F6C3
:105550000540FBF73BF910BD10B5062307220021DB
:105560003048FCF74EF901212E48FCF726FA00BF1F
:1055700002212C48FCF7ADFA0028F9D02948FCF7A5
:105580003FFA044602212748FCF7AAFA204610BD3C
:1055900010B52DED068BFFF7DFFF0446204604F023
:1055A00058FE41EC1A0B9FED210B53EC102B04F02D
:1055B00039FE41EC190B9FED1F0B53EC102B04F03F
:1055C0004FFE41EC180B04F01DFE00EE100ABDEC7E
:1055D000068B10BD10B54020FCF70AFD012805D14F
:1055E0004020FCF70FFD1048006880478020FCF742
:1055F000FFFC012805D18020FCF704FD0F4800685E
:1056000080474FF48070FCF7F3FC012805D10002BD
:10561000FCF7F8FC0A480068804710BD00180240FB
:105620000014024000220140B400002000000000ED
:105630000000B0400000006066660A40B80000202C
:10564000C400002010B540F60440FBF7AFF84FF45B
:105650000063002202211D48FCF77FFB4FF400632A
:10566000022200211948FCF79FFB4FF40062012140
:105670001648FCF7DDFB4FF400611448FCF7B7FB5C
:105680000023012219464FF47A70FDF775FF10BD13
:1056900010B540F60440FBF799F8FDF7C1FF10BDC7
:1056A00070B504464FF47A706043642190FBF1F5C5
:1056B00029460120FDF7D2FF70BD10B5FDF7BCFFF4
:1056C00010BD10B5FDF7C1FF10BD00000010024075
:1056D00010B540F60540FBF769F88023002211461B
:1056E0007A48FCF73AFB41F20E10FBF75FF8022212
:1056F00011461720FBF7B1FE07210520FCF7AFFC90
:10570000002211468020FCF7DDFB8020FCF736FCF0
:105710008020FCF777FC10BD10B540F60540FBF784
:1057200045F84FF48073002203216848FCF715FB0D
:1057300041F20A10FBF73AF8FBF72CFF4FF48030E8
:10574000FBF732FF00216248FBF7C2FF00216048EF
:10575000FBF765FF0123062200215D48FCF751F8A5
:10576000012211465A48FCF723F800224FF48071B9
:105770005748FBF727FF002202215548FBF722FF7D
:105780005348FBF757FF0120FDF711FE5048FBF788
:105790005FFF6420FDF70BFE10BD10B50446FFF758
:1057A000BBFF1CB1FFF794FF4A48046010BD10B561
:1057B0008020FCF7E9FB1720FBF7ACFE40F6054024
:1057C000FBF704F84248FBF73EFF41F20A10FAF7F4
:1057D000FDFF40F60540FAF7F9FF10BD10B50623AE
:1057E0001A4600213A48FCF70CF801213848FCF72A
:1057F000E4F800BF02213648FCF76BF90028F9D025
:105800003348FCF7FDF8044602213148FCF768F9FB
:10581000204610BD10B52DED068BFFF7DFFF0446C7
:10582000204604F016FD41EC1A0B9FED2B0B53ECB8
:10583000102B04F0F7FC41EC190B9FED290B53ECF6
:10584000102B04F00DFD41EC180B04F0DBFC00EE16
:10585000100ABDEC068B10BD10B52DED088BFFF7BF
:10586000D9FFB0EE408AB1EE040A30EE480AC0EE2D
:10587000080AB6EE000A20EE800A10EE104A204612
:1058800004F000FD41EC1B0B53EC1B2B9FED160BA2
:1058900051EC100B04F0C6FC41EC1A0B9FED141BED
:1058A000B0EE4A0AF0EE6A0A03F07EFFB0EE409ACC
:1058B000F0EE609A51EC190B04F0A4FC08EE900A8B
:1058C000B0EE680ABDEC088B10BD00000014024069
:1058D00000220140B8000020000000000000B0409D
:1058E0000000006066660A40111615713A2953409F
:1058F000000000E0F0F4E43F10B540F60440FAF791
:1059000055FF40F60540FAF751FF40F60140FAF71F
:105910004DFF40F60540FAF749FF40F60140FAF71F
:1059200045FF402301221146FE48FCF716FA4023AA
:1059300002220021FB48FCF737FA01231A461946D8
:10594000F948FCF70AFA012302220021F648FCF785
:105950002BFA082301221146F448FCF7FEF908232C
:1059600002220021F148FCF71FFA202301221146F0
:10597000ED48FCF7F2F9202302220021EA48FCF767
:1059800013FA4FF4806300221146E848FCF7E5F96A
:1059900010BD70B50446002524E004F0800028B155
:1059A00001220821E148FCF724FA04E00022082142
:1059B000DE48FCF71EFAC820FDF70AFD002201218F
:1059C000D948FCF716FAC820FDF702FD012211465E
:1059D000D548FCF70EFAC820FDF7FAFC6006040E65
:1059E000681CC5B2082DD8DB70BD70B500251FE05E
:1059F0006006040E00220121CB48FCF7FAF9C8200A
:105A0000FDF7E6FC4FF48061C848FCF7F9F901287E
:105A100001D144F00104C820FDF7DAFC012211464F
:105A2000C148FCF7E6F9C820FDF7D2FC681CC5B2F6
:105A3000082DDDDB204670BD70B504467E2000EAEF
:105A4000440040F0800600224021B648FCF7D1F91E
:105A50003046FFF79EFFFFF7C8FF054601224021B1
:105A6000B048FCF7C6F9284670BD70B504460D462F
:105A70007E2000EA440600224021AA48FCF7B9F93A
:105A80003046FFF786FF2846FFF783FF01224021BB
:105A9000A448FCF7AEF970BD70B505460C46284623
:105AA000FFF7CAFF064646EA04012846FFF7DDFF76
:105AB00070BD70B505460C462846FFF7BDFF06468B
:105AC00026EA04012846FFF7D0FF70BD10B5142068
:105AD000FFF7B2FF044604F0030018B903211420B5
:105AE000FFF7DAFF10BD10B503211420FFF7E1FF27
:105AF00010BD10B5012220218B48FCF77AF9012056
:105B0000FDF766FC002220218748FCF772F901208E
:105B1000FDF75EFC012220218348FCF76AF9012091
:105B2000FDF756FC0F210120FFF79FFF00BF01206A
:105B3000FFF782FF00F010000028F8D10120FDF7E8
:105B400047FC3D211120FFF790FF1E212D20FFF77C
:105B50008CFF00212C20FFF788FF8D212A20FFF7E2
:105B600084FF3E212B20FFF780FF40211520FFF707
:105B70007CFF10BD10B50446412C24D108210846F5
:105B8000FFF797FF3D211120FFF76FFF86211720B8
:105B9000FFF76BFF7F212620FFF767FF1E212D20D7
:105BA000FFF763FF00212C20FFF75FFF8D212A20E4
:105BB000FFF75BFF3E212B20FFF757FF0220FDF789
:105BC00007FCFFF783FF10BD2DE9FE4F0646884610
:105BD00091469A46DDF830B0BB200290002001903B
:105BE00000900C2E06D00E2E09D11220019010200C
:105BF000009005E0772001903020009000E000BF89
:105C000000BF019840F080010220FFF72EFF8021A5
:105C10000420FFF74EFF00210120FFF726FF80211F
:105C20000A20FFF739FF002505E018F805100920C4
:105C3000FFF71BFF6D1C4D45F7D331460120FFF7E1
:105C400014FF0C2E03D180210D20FFF725FF4FF408
:105C50007A7500BF0420FFF7EFFE04466D1E35B1D4
:105C600004F0010018B9009820400028F2D08021EB
:105C70000D20FFF71EFF95B30620FFF7DDFE00F0B5
:105C80001B0068BB262002900198204000F0010014
:105C900008B1CC2002900C2E24D10A20FFF7CCFEB4
:105CA00004460C20FFF7C8FE00F007072FB1601E66
:105CB00007EBC000CBF8000002E0E000CBF80000EA
:105CC00004B90124122C00DD1224002505E009206E
:105CD000FFF7B2FE0AF805006D1CA542F7D301E0FC
:105CE000BB20029080210C20FFF7D6FE002101206E
:105CF000FFF7BBFE0298BDE8FE8F70B588B0054681
:105D00000C4608210846FFF7D4FE07210D20FFF7B7
:105D1000ACFE03211420FFF7BFFE8DF80C5002A843
:105D200003AB05E0001002400014024000040240F2
:105D3000012203A900900C20FFF746FF0646262EFD
:105D400009D10298102806D19DF80C0020709DF80A
:105D50000D00607000E0BB26304608B070BDF0B5A5
:105D600087B00546002708210846FFF7A2FE00215C
:105D70000D20FFF77AFE80210E20FFF79AFE932078
:105D80008DF8080020208DF8090001A802AB02223E
:105D900002A900900C20FFF717FF0646262E10D10F
:105DA000002407E002A8005D285502A8005D4740D6
:105DB000601CC4B2042CF5DB02A8005DB84200D020
:105DC000BB2680210E20FFF767FE304607B0F0BDEE
:105DD0002DE9F04107468846154604210520FFF7C6
:105DE00068FE00210120FFF740FE80210A20FFF716
:105DF00053FE002405E0395D0920FFF736FE601CE4
:105E0000C4B24445F7DB03210120FFF72EFEFF2437
:105E100000BF0520FFF710FE0646601EC4B21CB18D
:105E200006F004000028F4D02220FFF705FE2870B9
:105E30002120FFF701FE6870BDE8F08170B588B0E1
:105E4000054693208DF80C0070208DF80D00002081
:105E50008DF8120000240BE0295D03AAA01C115448
:105E60009DF81200295D48408DF81200601CC4B2F4
:105E7000042CF1DB0DF11302072103A8FFF7A8FFA3
:105E800008210846FFF715FE02A803AB092203A963
:105E900000900C20FFF798FE0646262E03D10298AC
:105EA000182800D100E0BB26304608B070BD2DE9AF
:105EB000F04387B006460F46904699468DF8086035
:105EC0008DF80970002406E018F8041002AAA01C3E
:105ED0001154601CC4B2062CF6DB002407E019F84C
:105EE000041002AA04F108001154601CC4B2062C6C
:105EF000F5DB01A802AB0C2202A900900E20FFF7EF
:105F000063FE0546262D05D10820FFF795FD00F01C
:105F1000080000B9BB25284607B0BDE8F083F0B5FE
:105F200087B006460F46A0208DF808008DF809605E
:105F30000DF10A02022102A8FFF74AFF01A802ABF5
:105F4000042202A900900C20FFF73EFE0546262DF4
:105F500008D10198042805D19DF8080000F00F0031
:105F60000A2800D0BB25262D22D1002404E0385D6C
:105F700002A90855601CC4B2102CF8DB06AA102137
:105F800002A8FFF725FF01A802AB122202A9009088
:105F90000C20FFF719FE0546262D08D1019804288C
:105FA00005D19DF8080000F00F000A2800D0BB259D
:105FB000284607B0F0BDF0B587B005460E46302044
:105FC0008DF808008DF809500DF10A02022102A88F
:105FD000FFF7FEFE01A802AB042202A900900C20EC
:105FE000FFF7F2FD0746262F0CD10198902809D122
:105FF000002404E002A8005D3055601CC4B2102CDF
:10600000F8DB00E0BB27384607B0F0BD00B587B02D
:1060100050208DF8080000208DF809000DF10A02CB
:10602000022102A8FFF7D4FE01A802AB042202A9B4
:1060300000900C20FFF7C8FD262007B000BD10B56A
:1060400088B000240020049005900690079039A1A4
:1060500003C9CDE9020139A002F0D6F8FFF74CFCE4
:10606000FFF747FD37A002F0CFF862E03749522032
:10607000FFF743FE36490870262805D033495220E1
:10608000FFF73BFE3249087031480078262850D18E
:106090002E48FFF764FE262849D12C48C07800908E
:1060A0002A488378427801782AA002F0ADF8274880
:1060B000FFF7C4FE262802D02BA002F0A5F8234B40
:1060C00002AA06216020FFF7F2FE262802D02BA0AC
:1060D00002F09AF8AA208DF8100004A90420FFF716
:1060E0001EFF262802D02BA002F08EF8002004907C
:1060F0000590069007900820FDF76AF904A904208E
:10610000FFF759FF262802D027A002F07DF80024CF
:1061100005E004A8015D29A002F076F8641C102CAB
:10612000F7DB07A002F070F8012008B010BD0020D6
:10613000FBE79BE7FFFFFFFFFFFF0000496E69746D
:106140000D0A000053746172740D0A00BC00002037
:10615000C000002049443A202558202558202558C1
:106160002025580D0A00000050636453656C656378
:1061700074206661696C7572650D0A005063644134
:106180007574685374617465206661696C757265B5
:106190000D0A000050636457726974652066616976
:1061A0006C7572650D0A000050636452656164206D
:1061B0006661696C7572650D0A0000002578200023
:1061C00010B540F60340FAF7F1FA4023002201210E
:1061D0001E48FBF7C2FD4023022200211B48FBF7AB
:1061E000E3FD10BD10B540F60340FAF7DFFA802357
:1061F000002201211548FBF7B0FD80230222002177
:106200001248FBF7D1FD10BD10B540F60340FAF778
:10621000DDFA40F60340FAF7D9FA10BD10B5402177
:106220000A48FBF7E2FD10BD10B540210748FBF717
:10623000DEFD10BD10B580210448FBF7D6FD10BD72
:1062400010B580210148FBF7D2FD10BD000C0240C3
:1062500010B504464FF44060FAF7A8FA4FF4807383
:10626000002211461648FBF778FD4FF48073022296
:1062700000211348FBF798FDC4B141F20E10FAF764
:1062800095FA012211461720FBF7E7F808210020B4
:10629000FBF7E5FE002211464FF48070FBF712FE7B
:1062A0004FF48070FBF7AEFE0648046010BD10B5D9
:1062B0001720FBF72FF94FF44060FAF787FA10BD6B
:1062C00000000240C400002070B505460C4615B918
:1062D000C4F1030000E02046C4B234B1012C0DD05B
:1062E000022C14D0032C24D11AE010214148FBF7D2
:1062F0007CFD04213F48FBF77AFD1AE010213D4860
:10630000FBF775FD04213B48FBF771FD11E01021FF
:106310003848FBF76CFD04213648FBF766FD08E0C2
:1063200010213448FBF761FD04213248FBF75DFD85
:1063300000BF00BF70BD70B505460C46FDF7F0F814
:106340002D48057004EB840080004FF4B471B0FB5D
:10635000F1F02A49086008212648FBF746FDFDF7C1
:10636000DAF870BD10B5FDF7DBF8002023490860AE
:1063700014212048FBF73BFD08211E48FBF737FDA1
:1063800010BD10B51D48006870B11C480278006847
:10639000401E1A4B186002F00300C0F103011648BA
:1063A0000078FFF791FF01E0FFF7DCFF10BD10B5AB
:1063B000AFF231016420FDF770F840F60540FAF7BE
:1063C000F5F91C23002201210A48FBF7C6FC1C2317
:1063D000022200210748FBF7E7FC14210548FBF7E0
:1063E00006FD10BD10B540F60540FAF7EFF9FDF7D0
:1063F00083F810BD00140240CC000020C80000202B
:1064000070B505460C4641F21400FAF7CFF940F694
:106410000240FAF7CBF940F60340FAF7C7F94FF418
:10642000805208215A48FBF703FD4FF480530122A4
:1064300002215748FBF791FC4FF4805302220021C0
:106440005348FBF7B1FC042208215248FBF7F0FC4B
:106450000423012202214F48FBF77FFC0423022280
:1064600000214C48FBF7A0FC4B48FAF709FD2946F0
:106470004948FAF76EFD4848FAF7F3FD0821464807
:10648000FAF7F9FD04214448FAF7FDFD84B14348C9
:106490000460022211463520FAF7DFFF40F2053191
:1064A0003D48FAF791FF4FF441713B48FAF78CFFF2
:1064B00070BD10B53520FBF72DF83748FAF7D6FD3B
:1064C0003548FAF7DDFC40F60240FAF77FF940F66E
:1064D0000340FAF77BF941F21400FAF777F910BD9F
:1064E00010B5044621462C48FAF73BFE00BF0721B1
:1064F0002948FAF740FF0028F9D010BD70B50446CE
:106500000D4603E014F8010BFFF7EAFF2800A5F1A0
:106510000101CDB2F6D170BD002004E00021204A77
:106520001154411C88B21F4909888842F6DB0020BB
:106530001C490880704710B51B491748FAF75EFFE1
:10654000012810D11448FAF710FE044615480088B7
:10655000062807DA134802880088401C114B18806F
:106560000F48845412E011490B48FAF747FF0128FD
:106570000CD10948FAF7F9FD0A480088002805DD22
:10658000084801780648054A1268904710BD000087
:1065900000080240000C024000500040D0000020E3
:1065A000D4000020DA0000200503050004030400E5
:1065B00070B505460C4615B9C4F1030000E020464D
:1065C000C4B234B1012C0FD0022C18D0032C2CD122
:1065D00020E04FF420714448FBF707FC4FF4A07112
:1065E0004148FBF704FC20E04FF4C0713E48FBF744
:1065F000FCFB4FF410713C48FBF7F9FB15E04FF43E
:10660000A0713948FBF7F1FB4FF420713648FBF7D6
:10661000EEFB0AE04FF410713348FBF7E6FB4FF452
:10662000C0713148FBF7E3FB00BF00BF70BD70B520
:1066300005460C46FCF72CFF2C48057004EB840043
:1066400080004FF4B471B0FBF1F029490860FCF709
:106650001AFF70BD10B5FCF71BFF0020244908602D
:106660004FF470712048FBF7C2FB10BD10B52048F5
:10667000006870B11E4802780068401E1C4B18600C
:1066800002F00300C0F1030118480078FFF790FF03
:1066900001E0FFF7DFFF10BD10B5AFF22F0142F2AE
:1066A0001070FCF7B3FE40F60240FAF77FF84FF4A3
:1066B0007073012211460C48FBF74FFB4FF47073C7
:1066C000022200210848FBF76FFB4FF47071064867
:1066D000FBF78DFB10BD10B540F60240FAF776F8D7
:1066E000FCF7C2FE10BD000000080240E0000020E0
:1066F000DC00002010B540F60540FAF757F84FF4DB
:106700008063002203215048FBF727FB41F20A1067
:10671000FAF74CF84FF48030FAF746FF08220121CF
:106720004A48FBF745F80623082200214748FBF7B3
:1067300068F8012202214548FAF744FF0021434846
:10674000FAF76DFF00214148FAF7C2FF0020FBF77E
:1067500059FA0020FBF764FA3C48FAF76BFF012076
:10676000FCF725FE3948FAF773FF10BD10B537481E
:10677000FAF769FF41F20A10FAF728F840F60540E7
:10678000FAF724F810BD10B50623082200212F487F
:10679000FBF737F801212D48FBF70FF900BF022165
:1067A0002A48FBF796F90028F9D02848FBF728F982
:1067B000044602212548FBF793F9204610BD10B589
:1067C0002DED068BFFF7DFFF0446204603F041FD69
:1067D00041EC1A0B9FED1E0B53EC102B03F022FD26
:1067E00041EC190B9FED1C0B53EC102B03F038FD03
:1067F00041EC180B03F006FD00EE100ABDEC068B11
:1068000010BD10B52DED068BFFF7BDFF04462046E9
:1068100003F01FFD41EC1A0B9FED0D0B53EC102BF9
:1068200003F000FD41EC190B9FED0D0B53EC102B09
:1068300003F016FD41EC180B03F0E4FC00EE100A27
:10684000BDEC068B10BD0000001402400022014088
:10685000000000000000B0400000006066660A40D2
:106860000000000000408F4000BF0100A0F10100C7
:10687000FBD1704710B540F60440F9F797FF4FF48D
:106880008043002201213C48FBF767FA4FF4804324
:10689000022200213848FBF787FA4FF4804136483E
:1068A000FBF7A5FA10BD10B54FF480413248FBF755
:1068B0009EFA40F60440F9F789FF10BD10B54FF479
:1068C00080412D48FBF791FA10BD10B54FF480417F
:1068D0002948FBF78CFA10BD10B5FFF7EFFF0F202A
:1068E000FFF7C2FFFFF7F1FF1E20FFF7BDFF10BD4E
:1068F00010B5FFF7E3FF1E20FFF7B6FFFFF7E5FF38
:106900000F20FFF7B1FF10BD10B5FFF7DEFF1E200F
:10691000FCF75EFDFFF7D2FFFFF7D7FF10BD70B5A4
:10692000064617240BE026FA04F000F0010515B125
:10693000FFF7DEFF01E0FFF7CFFF601E44B2002C3F
:10694000F1DA70BD2DE9F04104460D4616462804E3
:1069500040EA042040EA06073846FFF7E0FFBDE8BA
:10696000F081704710B5FFF785FF0022FF21084630
:10697000FFF7E8FF10BD000000100240FCF723FB0A
:1069800001F04DFB03E04FF47A70FCF710FDFAE7DD
:10699000F74A10807047F649088070470120F44993
:1069A000088070471CB50446F2A103C9CDE9000177
:1069B0008DF8024005216846FFF7A0FD1CBD3EB5DD
:1069C00005460C460020009001900290AA208DF808
:1069D000000055208DF801008DF80250E0B28DF8CE
:1069E0000300200A8DF80400200C8DF80500200E0D
:1069F0008DF8060055208DF80700AA208DF80800B4
:106A000009216846FFF77AFD3EBD7FB506460C4674
:106A1000154600200090019002900390AA208DF866
:106A2000000055208DF801008DF80260E0B28DF86D
:106A30000300200A8DF80400200C8DF80500200EBC
:106A40008DF80600E8B28DF80700280A8DF80800D6
:106A5000280C8DF80900280E8DF80A0055208DF8B5
:106A60000B00AA208DF80C000D216846FFF746FDAB
:106A70007FBD10B5C14801F0C7FB0920FFF792FFA9
:106A800041F28830FCF793FC10BD10B50446BCA061
:106A900001F0BAFB2046FFF785FFFCF7C1FF40F687
:106AA000C410FCF784FCBDA001F0AEFB611CC8B2B1
:106AB000FFF778FF40F6C410FCF779FC4FF49672AC
:106AC00064210320FCF7D4FF4FF4FA60FCF76FFC5D
:106AD000B8A001F099FB211DC8B2FFF763FFFCF7D6
:106AE000A5FF40F6B830FCF762FC10BD70B52DED87
:106AF000068B82B00446B6A001F086FB2046FFF765
:106B000051FFFCF7D1FFFDF7EEFA4FF4FA60FCF706
:106B10004EFCFDF792F9B0EE408AFDF737FAF0EE41
:106B2000408A18EE900A03F0ADFB41EC190B18EE09
:106B3000100A03F0A7FB41EC1A0B8DED009B53EC00
:106B40001A2BAB4801F060FBB7EE000AC8EE800AD2
:106B5000BDEEE00A10EE105AB7EE000AC8EE000AC9
:106B6000BDEEE00A10EE106AA11CC8B22A463146FA
:106B7000FFF74BFF42F6F820FCF719FC9DA001F04F
:106B800043FB211DC8B2FFF70DFFFCF7AFFF40F636
:106B9000B830FCF70CFC02B0BDEC068B70BD70B5D4
:106BA0002DED048B84B004469AA001F02DFB204605
:106BB000FFF7F8FEFDF702FB40F6B830FCF7F7FBF5
:106BC00002A903A8FDF783FB9DED030AF7EE000A77
:106BD000B4EEE00AF1EE10FA10D29DED020AF7EEE3
:106BE000000AB4EEE00AF1EE10FA07D292A001F02A
:106BF0000BFBE11CC8B2FFF7D5FE35E0029803F0AD
:106C000041FB41EC180B039803F03CFB41EC190BE2
:106C10008DED008B53EC192B91A001F0F5FA9DED51
:106C2000020AF7EE000A80EE201ABDEEC10A10EE4D
:106C3000105A9DED030AF7EE000A80EE201ABDEE11
:106C4000C10A10EE106AA11CC8B22A463146FFF7ED
:106C5000DCFE4FF4FA50FCF7AAFB90A001F0D4FA46
:106C6000211DC8B2FFF79EFEFDF7C1FA40F6B8300D
:106C7000FCF79DFB04B0BDEC048B70BD10B5044661
:106C80008FA001F0C1FA2046FFF78CFEAFF2FF2083
:106C9000FDF76CFB4FF4FA60FCF789FB8EA001F066
:106CA000B3FA611CC8B2FFF77DFE00209749088047
:106CB0002F49088002E06420FCF779FB2C4800880B
:106CC00038B9924801880088401C904A1080962963
:106CD000F1DB8E480088962814DC254801888CA0BA
:106CE00001F092FAE11CC8B2FFF75CFE4FF47A6043
:106CF000FCF75DFB93A001F087FA211DC8B2FFF7F6
:106D000051FE01E0FFF7B5FEFDF78CFB40F6B83011
:106D1000FCF74DFB10BD10B5044690A001F074FACD
:106D20002046FFF73FFEFDF786FC40F6B830FCF743
:106D30003EFB02234FF4FA628FA191A0FDF7C3FC42
:106D4000012807D190A001F05FFA211DC8B2FFF71A
:106D500029FE06E095A001F057FAE11CC8B2FFF742
:106D600021FEFDF76EFC40F6B830FCF720FB10BDAD
:106D7000E2000020AA550055AA000000C8A600089D
:106D8000E5BC80E5A78BE6B58BE8AF9520E89C8253
:106D9000E9B8A3E599A80D0A00000000E89C82E983
:106DA000B8A3E599A8E9B8A3E58FABE4B889E5A352
:106DB000B00D0A00E89C82E9B8A3E599A820E6B5E1
:106DC0008BE8AF95E7BB93E69D9F0D0A000000009E
:106DD000E5BC80E5A78BE6B58BE8AF9520E6B094DF
:106DE000E58E8BE4BCA0E6849FE599A80D0A00001F
:106DF0001CA70008E6B094E58E8BE4BCA0E6849F57
:106E0000E599A820E6B58BE8AF95E7BB93E69D9F93
:106E10000D0A0000E5BC80E5A78BE6B58BE8AF95D1
:106E200020E6B8A9E6B9BFE5BAA6E4BCA0E6849F0F
:106E3000E599A80D0A000000E6B8A9E6B9BFE5BAD1
:106E4000A6E4BCA0E6849FE599A8E5BC82E5B8B8B5
:106E5000EFBC8CE8AFB7E6A380E69FA50D0A000063
:106E6000E5BD93E5898DE6B8A9E5BAA6E4B8BA20F0
:106E7000252E326620E69184E6B08FE5BAA62C2056
:106E8000E79BB8E5AFB9E6B9BFE5BAA6E4B8BA2062
:106E9000252E326625250D0A00000000E6B8A9E679
:106EA000B9BFE5BAA6E4BCA0E6849FE599A820E6B0
:106EB000B58BE8AF95E7BB93E69D9F0D0A000000F8
:106EC000E5BC80E5A78BE6B58BE8AF9520E5B18FF3
:106ED000E5B9950D0A000000E8AFB7E782B9E5878C
:106EE000BBE5B18FE5B995E5B7A6E4B88BE696B9F1
:106EF000E79A84205BE695B0E580BCE8B083E88A39
:106F0000825D20E59BBEE6A0870D0A00E60000201A
:106F1000E8AFBBE58F96E588B0E8A7A6E691B8E5AF
:106F20009CB0E59D80E580BC202523782C20E5B130
:106F30008FE5B995E8A7A6E691B8E6ADA3E5B8B8A0
:106F40000D0A0000E5B18FE5B99520E6B58BE8AFF5
:106F500095E7BB93E69D9F0D0A000000E5BC80E528
:106F6000A78BE6B58BE8AF95205769466920E6A860
:106F7000A1E59D970D0A00004F4B0D0A000000008F
:106F800041540D0A000000005769466920E6A8A197
:106F9000E59D97E6ADA3E5B8B8EFBC8CE6B58BE808
:106FA000AF95E7BB93E69D9F0D0A000057694669C0
:106FB00020E6A8A1E59D97E5BC82E5B8B8EFBC8CBA
:106FC000E8AFB7E6A380E69FA50D0A002DE9F041E2
:106FD0000446F4A001F018F92046FFF7E3FC002076
:106FE000FDF7C0FD40F6B830FCF7E1F900260027B8
:106FF00008E0FDF7DDFD304486B26420FCF7D7F9E8
:10700000781CC7B20A2FF4DB0A2096FBF0F085B299
:107010002946ECA001F0F8F829460A20FFF7CFFC3A
:1070200041F65830FCF7C3F9C82D07DAF1A001F09A
:10703000EBF8E11CC8B2FFF7B5FC06E0F9A001F0DF
:10704000E3F8211DC8B2FFF7ADFCFDF795FD40F652
:10705000B830FCF7ACF9BDE8F08110B50446F9A0F2
:1070600001F0D2F82046FFF79DFCFDF76CFE40F6DC
:10707000C410FCF79CF9FBA001F0C6F8611CC8B273
:10708000FFF790FC4FF4FA60FCF791F964231422A7
:1070900019460120FDF791FF4FF47A60FCF787F95C
:1070A000FAA001F0B1F8A11CC8B2FFF77BFC40F6D2
:1070B000B830FCF77CF90020FE49088002E064202B
:1070C000FCF775F9FDF7C5FF38B9FA480188008863
:1070D000401CF84A10809629F1DBF6480088962873
:1070E00012DCF5A001F090F8E11CC8B2FFF75AFCE1
:1070F00040F6B830FCF75BF9F5A001F085F8211DEA
:10710000C8B2FFF74FFC01E0FFF7B3FC40F6C41034
:10711000FCF74DF900210846FDF723FF4FF4FA7004
:10712000FCF745F9FDF715FE4FF4FA70FCF73FF94F
:1071300010BD70B50446EEA001F066F82046FFF7DA
:1071400031FCAFF2AD70FEF771F840F6C410FCF7F9
:107150002EF9F0A001F058F8611CC8B2FFF722FC2C
:107160004FF4FA60FCF723F90020D2490880F24975
:10717000088002E06420FCF71AF9EF48008838B96B
:10718000CC4801880088401CCA4A10809629F1DB4F
:10719000C848008896281BDCE74805782846FEF793
:1071A00089F8064632462946E4A001F02DF8E11C94
:1071B000C8B22946FFF703FC4FF47A60FCF7F7F8F2
:1071C000EAA001F021F8211DC8B2FFF7EBFB01E0B6
:1071D000FFF74FFCFEF733F840F6B830FCF7E7F85E
:1071E00070BD2DE9F0410446E9A001F00DF82046FC
:1071F000FFF7D8FB0020FEF78EF94FF4FA60FCF79A
:10720000D6F80025002708E0FEF7A6F9284485B245
:107210006420FCF7CCF8781CC7B20A2FF4DB0A20F4
:1072200095FBF0F086B2314666A000F0EDFF3146E6
:107230000A20FFF7C4FB41F27070FCF7B8F8DCA03D
:1072400000F0E2FF211DC8B2FFF7ACFBFEF76DF9BD
:1072500040F6B830FCF7ABF8BDE8F08170B50446F5
:10726000DBA000F0D1FF2046FFF79CFB0F20FBF7CF
:10727000D1FE40F6B830FCF79AF8DEA000F0C4FF6B
:10728000611CC8B2FFF78EFB40F6C410FCF78FF804
:10729000002500BF0F20FBF767FF1E20FCF787F8D3
:1072A000642D07D1DEA000F0AFFFA11CC8B2FFF72C
:1072B00079FB02E0962D00D102E0681CC5B2E9E737
:1072C00000BF0F20FBF735FF4FF4FA60FCF76FF8B3
:1072D000DAA000F099FF211DC8B2FFF763FB0F2071
:1072E000FBF7E5FE40F6B830FCF761F870BD10B56D
:1072F0000446D9A000F088FF2046FFF753FBFEF7B5
:10730000A1F94FF4FA60FCF752F8DAA000F07CFF24
:10731000611CC8B2FFF746FB4FF4FA60FCF747F870
:10732000FEF7CBF91420FEF7BBF940F6B830FCF7B6
:107330003EF8FEF7C6F94FF4FA60FCF738F8D2A031
:1073400000F062FFA11CC8B2FFF72CFB4FF4FA60FB
:10735000FCF72DF8FEF7B1F96420FEF7A1F940F62D
:10736000B830FCF724F8CEA000F04EFFE11CC8B204
:10737000FFF718FB4FF4FA60FCF719F8FEF7A1F9D4
:107380004FF4FA60FCF713F8CBA000F03DFF211D8D
:10739000C8B2FFF707FBFEF77BF940F6B830FCF701
:1073A00006F810BDE5BC80E5A78BE6B58BE8AF9588
:1073B00020E781ABE784B0E4BCA0E6849FE599A810
:1073C0000D0A0000E6A8A1E68B9FE4BFA1E58FB7F8
:1073D000E8BF9EE7BBADE58D81E6ACA1E98787E616
:1073E000A0B7E5B9B3E59D87E580BCE4B8BA202530
:1073F000640D0A00E98787E6A0B7E580BCE5A4AA8A
:10740000E5B08FEFBC8CE8AFB7E6A380E69FA5E7B9
:1074100081ABE784B0E4BCA0E6849FE599A80D0A9F
:1074200000000000E781ABE784B0E4BCA0E6849FE5
:10743000E599A820E6B58BE8AF95E7BB93E69D9F5D
:107440000D0A0000E5BC80E5A78BE6B58BE8AF959B
:1074500020E68C87E7BAB9E4BCA0E6849FE599A84A
:107460000D0A0000E68C87E7BAB9E4BCA0E6849F69
:10747000E599A8E5BC80E590AFE7BBBFE889B2E538
:1074800091BCE590B8E781AF0D0A0000E8AFB7E521
:10749000B086E6898BE68C87E694BEE59CA8E68CF0
:1074A00087E7BAB9E4BCA0E6849FE599A8E4B88A66
:1074B0000D0A0000E6000020E6A380E6B58BE58813
:1074C000B0E6898BE68C87E68C89E58E8B0D0A0009
:1074D000E68C87E7BAB9E4BCA0E6849FE599A820CA
:1074E000E6B58BE8AF95E7BB93E69D9F0D0A0000DC
:1074F000E5BC80E5A78BE6B58BE8AF9520E7BAA29F
:10750000E5A496E68EA5E694B6E6A8A1E59D970DBE
:107510000A000000E8AFB7E68C89E4B88BE7BAA2AE
:10752000E5A496E981A5E68EA7E599A8E68C89E908
:1075300094AE0D0A00000000E2000020E694B6E5DB
:1075400088B0E7BAA2E5A496E68C89E994AEE7A0F4
:1075500081202523782C20E5AFB9E5BA94E68C8903
:10756000E994AEE4B8BA2025630D0A00E7BAA2E5B3
:10757000A496E68EA5E694B6E6A8A1E59D9720E63A
:10758000B58BE8AF95E7BB93E69D9F0D0A00000021
:10759000E5BC80E5A78BE6B58BE8AF9520E5A3B009
:1075A000E99FB3E4BCA0E6849FE599A80D0A00001A
:1075B000E5A3B0E99FB3E4BCA0E6849FE599A820C9
:1075C000E6B58BE8AF95E7BB93E69D9F0D0A0000FB
:1075D000E5BC80E5A78BE6B58BE8AF95204C45442C
:1075E00020E58F91E58589E4BA8CE69E81E7AEA11E
:1075F0000D0A0000E69DBFE8BDBD204C454431E3C7
:1076000080814C454432E380814C45443320E5BCC5
:1076100080E5A78BE997AAE783810D0A00000000A7
:10762000E78684E781ADE585A8E983A8E69DBFE804
:10763000BDBD204C45440D0A00000000E69DBFE89A
:10764000BDBD204C454420E6B58BE8AF95E7BB9324
:10765000E69D9F0D0A000000E5BC80E5A78BE6B51E
:107660008BE8AF9520E79BB4E6B581E794B5E69C3F
:10767000BA0D0A00E794B5E69CBAE8BDACE9809F74
:1076800020323025250D0A00E794B5E69CBAE58541
:10769000A8E9809FE8BDACE58AA80D0A00000000BB
:1076A000E5819CE6ADA2E794B5E69CBAE8BDACE501
:1076B0008AA80D0A00000000E79BB4E6B581E794B4
:1076C000B5E69CBA20E6B58BE8AF95E7BB93E69D9F
:1076D0009F0D0A002DE9F0410446F8A000F094FD4A
:1076E0002046FFF75FF90020FEF757F84FF4FA60E5
:1076F000FBF75DFE0026002708E0FEF76FF8304438
:1077000086B26420FBF753FE781CC7B20A2FF4DB65
:107710000A2096FBF0F085B22946AFF2583000F00F
:1077200073FD29460A20FFF74AF941F27070FBF712
:107730003EFE962D0BDAE9A000F066FDE11CC8B212
:10774000FFF730F94FF4FA60FBF731FE06E0EFA0E7
:1077500000F05AFD211DC8B2FFF724F9FEF727F803
:1077600040F6B830FBF723FEBDE8F0811CB50446B7
:10777000EEA000F049FD2046FFF714F9FEF7BCF833
:10778000FEF7B7F940F6B830FBF711FEF0A000F0B5
:107790003BFD611CC8B2FFF705F94FF4FA60FBF737
:1077A00006FE00200190F64908801EE001A9522043
:1077B000FEF7A3FA262815D101A8FEF7D0FA26284D
:1077C00010D19DF8070000909DF806309DF8052027
:1077D0009DF80410EBA000F017FDE11CC8B2FFF704
:1077E000E1F80AE06420FBF7E2FDE5480188008843
:1077F000401CE34A10809629D8DB00BFE04800888F
:1078000096280FDC4FF4FA60FBF7D1FDE7A000F0FB
:10781000FBFC211DC8B2FFF7C5F840F6B830FBF7F6
:10782000C6FD01E0FFF725F91CBD70B50446E8A0D0
:1078300000F0EAFC2046FFF7B5F8FEF7C1FCFEF7C2
:10784000D1FC40F6C410FBF7B2FDE9A000F0DCFC6F
:10785000611CC8B2FFF7A6F84FF4FA60FBF7A7FD6A
:1078600000250DE0FEF7DAFC4FF4FA70FBF79FFD00
:10787000FEF7DAFC4FF4FA70FBF799FD681CC5B20D
:10788000032DEFDB4FF4FA70FBF791FDDFA000F062
:10789000BBFCA11CC8B2FFF785F84FF4FA60FBF7F8
:1078A00086FD00250DE0FEF7C5FC4FF4FA70FBF7EE
:1078B0007EFDFEF7C5FC4FF4FA70FBF778FD681CFF
:1078C000C5B2032DEFDB4FF4FA70FBF770FDD6A0C5
:1078D00000F09AFC211DC8B2FFF764F8FEF794FC93
:1078E00040F6B830FBF763FD70BD10B50446D6A076
:1078F00000F08AFC2046FFF755F8AFF65F70FEF700
:10790000A7FC40F6B830FBF752FDD8A000F07CFC95
:10791000611CC8B2FFF746F84FF47A60FBF747FDE9
:10792000002097490880DD49088002E06420FBF7C9
:107930003EFDDA48008838B9914801880088401C2B
:107940008F4A10809629F1DB8D480088962812DC3A
:10795000D3A000F059FCE11CC8B2FFF723F840F6B1
:10796000B830FBF724FDD4A000F04EFC211DC8B2B6
:10797000FFF718F801E0FFF77CF8FEF798FC40F6F7
:10798000B830FBF714FD10BD10B50446D3A000F0CD
:107990003BFC2046FFF706F8FEF709FD4FF4FA60BE
:1079A000FBF705FDD4A000F02FFC611CC8B2FEF768
:1079B000F9FF4FF47A70FBF7FAFC41F264410120C1
:1079C000FEF7B9FC4FF47A60FBF7F1FCCEA000F0B3
:1079D0001BFCA11CC8B2FEF7E5FF4FF47A70FBF761
:1079E000E6FC41F264410020FEF7A5FC4FF47A600A
:1079F000FBF7DDFCC8A000F007FC211DC8B2FEF7B4
:107A0000D1FFFEF7EFFC40F6B830FBF7D0FC10BD1D
:107A100010B50446B1A000F0F7FB2046FEF7C2FF08
:107A2000FEF73AFE4FF4FA60FBF7C1FCB2A000F09B
:107A3000EBFB611CC8B2FEF7B5FF4FF47A70FBF7A1
:107A4000B6FC41F264410120FEF7F1FD4FF47A608B
:107A5000FBF7ADFCACA000F0D7FBA11CC8B2FEF751
:107A6000A1FF4FF47A70FBF7A2FC41F264410020C1
:107A7000FEF7DDFD4FF47A60FBF799FCA6A000F05D
:107A8000C3FB211DC8B2FEF78DFFFEF724FE40F6B2
:107A9000B830FBF78CFC10BD2DE9F0410446A5A0E1
:107AA00000F0B2FB2046FEF77DFFFEF723FE4FF409
:107AB000FA60FBF77CFC0025002754E1E5BC80E57B
:107AC000A78BE6B58BE8AF9520E7839FE99BBEE4E3
:107AD000BCA0E6849FE599A80D0A0000E98787E627
:107AE000A0B7E580BCE5A4AAE5B08FEFBC8CE8AFF9
:107AF000B7E6A380E69FA5E7839FE99BBEE4BCA011
:107B0000E6849FE599A80D0A00000000E7839FE93D
:107B10009BBEE4BCA0E6849FE599A820E6B58BE86F
:107B2000AF95E7BB93E69D9F0D0A0000E5BC80E59D
:107B3000A78BE6B58BE8AF9520E5B084E9A291E686
:107B4000849FE5BA94E6A8A1E59D970D0A00000080
:107B5000E8AFB7E588B7E58DA1E6B58BE8AF95202E
:107B600028E5B086E58DA1E78987E8B4B4E7B4A736
:107B7000E4BCA0E6849FE599A8290D0A0000000056
:107B8000E6000020E8AFBBE58DA1E68890E58A9F7E
:107B9000EFBC8CE58DA1E58FB7E4B8BA3A20257823
:107BA0002025782025782025780D0A00E5B084E985
:107BB000A291E6849FE5BA94E6A8A1E59D9720E608
:107BC000B58BE8AF95E7BB93E69D9F0D0A000000DB
:107BD000E5BC80E5A78BE6B58BE8AF9520E7BBA7B2
:107BE000E794B5E599A8E6A8A1E59D970D0A0000E0
:107BF000E7BBA7E794B5E599A8203120E9809AE68C
:107C000096AD203320E6ACA10D0A0000E7BBA7E744
:107C100094B5E599A8203220E9809AE696AD203304
:107C200020E6ACA10D0A0000E7BBA7E794B5E599F3
:107C3000A8E6A8A1E59D9720E6B58BE8AF95E7BB40
:107C400093E69D9F0D0A0000E5BC80E5A78BE6B595
:107C50008BE8AF9520E7BAA2E5A496E6849FE5BA43
:107C600094E6A8A1E59D970D0A000000E8AFB7E7EC
:107C700094A8E6898BE68E8CE981AEE68CA1E59C22
:107C8000A8E7BAA2E5A496E6849FE5BA94E6A8A17F
:107C9000E59D97E5898DE696B90D0A00E200002082
:107CA000E6849FE5BA94E588B0E4BABAE4BD93E708
:107CB000A7BBE58AA80D0A00E7BAA2E5A496E68468
:107CC0009FE5BA94E6A8A1E59D9720E6B58BE8AFBD
:107CD00095E7BB93E69D9F0D0A000000E5BC80E59B
:107CE000A78BE6B58BE8AF9520E6ADA5E8BF9BE78F
:107CF00094B5E69CBA0D0A00E6ADA3E8BDACE6B5C6
:107D00008BE8AF950D0A0000E58F8DE8BDACE6B5B8
:107D10008BE8AF950D0A0000E6ADA5E8BF9BE794A0
:107D2000B5E69CBA20E6B58BE8AF95E7BB93E69D38
:107D30009F0D0A00E5BC80E5A78BE6B58BE8AF9503
:107D400020E58589E6958FE4BCA0E6849FE599A8A7
:107D50000D0A0000FEF717FD284485B26420FBF7EA
:107D600026FB781CC7B20A2FF4DB0A2095FBF0F043
:107D700086B23146AFF6B41000F046FA31460A201A
:107D8000FEF71DFE41F27070FBF711FBA8A000F09A
:107D90003BFA211DC8B2FEF705FEFEF7E7FC40F6F0
:107DA000B830FBF704FBBDE8F08170B50446A8A02D
:107DB00000F02AFA2046FEF7F5FDFEF75BFD40F6DF
:107DC000C410FBF7F4FAA9A000F01EFA611CC8B2B7
:107DD000FEF7E8FD40F2DC50FBF7E9FA002211461D
:107DE000FF20FEF7AFFD40F6B830FBF7E0FAA5A0A4
:107DF00000F00AFAA11CC8B2FEF7D4FD40F2DC5034
:107E0000FBF7D5FA002506E00022FF211046FEF719
:107E100099FD681CC5B2082DF6DB40F6B830FBF7BB
:107E2000C6FA9EA000F0F0F9E11CC8B2FEF7BAFD58
:107E300040F2DC50FBF7BBFA002506E000221146B9
:107E40001046FEF77FFD681CC5B2082DF6DB4FF427
:107E5000FA60FBF7ACFA97A000F0D6F9211DC8B282
:107E6000FEF7A0FDFEF71FFD40F6B830FBF79FFAC6
:107E700070BD10B504465A2C4CD014DC302C35D0D3
:107E800008DC102C22D01A2C24D0202C26D02A2C0E
:107E900064D127E03A2C2DD0402C2FD04A2C31D061
:107EA000502C5BD132E0802C48D008DC602C35D0DF
:107EB0006A2C37D0702C39D07A2C4FD13AE08A2CEA
:107EC00040D0902C42D09A2C48D143E02046FEF777
:107ED000D5FE43E02046FFF7FDFB3FE02046FFF7DD
:107EE00097FD3BE02046FFF741FC37E02046FEF7D8
:107EF00056FE33E02046FEF7F9FD2FE02046FFF75F
:107F000094FC2BE02046FFF7F0FC27E02046FFF72B
:107F100068F923E02046FFF7A1F91FE02046FFF7AC
:107F200008F91BE02046FFF740FF17E02046FFF767
:107F3000DEF913E02046FFF749F80FE02046FEF790
:107F4000A4FD0BE02046FEF7E6FE07E02046FFF723
:107F500084F803E02046FFF79FFD00BF00BF01202B
:107F60005B49087010BD10B510244FF47A70FBF710
:107F70001EFA58A000F048F91EE00020544908708D
:107F80002046FFF776FF5CA000F03EF903E04FF4D7
:107F90007A70FBF70CFA4E4800780028F7D0E1170A
:107FA00004EB11710911A4EB011119B904F10A00D4
:107FB000C4B201E0A01DC4B29A2CDEDD57A000F0CF
:107FC00023F90520FEF7EEFC10BD70B504460D4602
:107FD000A078EE2822D1E078EE280DD156A000F04E
:107FE00013F94FF4FA60FBF7E2F90120FEF7DAFC2F
:107FF000584800F009F90FE0E078E02809D1564828
:1080000000F002F94FF4FA50FBF7D1F9FFF7ABFF9C
:1080100002E0E078FFF72DFFFEF77EFA70BD10B5A5
:10802000AFF259014FF4E130FEF7EAF910BD00005C
:10803000E58589E6958FE4BCA0E6849FE599A820B4
:10804000E6B58BE8AF95E7BB93E69D9F0D0A000070
:10805000E5BC80E5A78BE6B58BE8AF9520E5BDA92B
:10806000E889B2E781AFE78EAF0D0A00E782B9E495
:10807000BAAE203120E9A297E7BAA2E781AF0D0A94
:1080800000000000E782B9E4BAAE203820E9A297E8
:10809000E7BBBFE781AF0D0A00000000E78684E779
:1080A00081ADE585A8E983A8E781AFE78FA00D0A38
:1080B00000000000E5BDA9E889B2E781AFE78EAF17
:1080C00020E6B58BE8AF95E7BB93E69D9F0D0A00D0
:1080D000E40000200D0A3D3D3D3D3D3D3D3D3D3D23
:1080E0003D3D3D3D3D3D3D3D3D3D3D3D3D3D3D3DC0
:1080F0003D3D3D3D0D0A00003D3D3D3D3D3D3D3D8D
:108100003D3D3D3D3D3D3D3D3D3D3D3D3D3D3D3D9F
:108110003D3D3D3D3D3D0D0A00000000E585A8E9DF
:1081200083A8E6A8A1E59D97E6B58BE8AF95E7BBE8
:1081300093E69D9F0D0A0000E6ADA3E59CA8E587A8
:1081400086E5A487E6A8A1E59D97E887AAE6A3802F
:108150000D0A000044A60008E0A5000870B5064618
:1081600000F028FA056806F10B0020F00704B4427D
:108170009CBF002070BD2B466A68BAB11068A0424F
:1081800010D304F1080188423CBF5068586007D3FF
:108190005168101941601168091B01605860146032
:1081A000101D70BD13465268002AE7D121462846AB
:1081B00000F008FA0028DED170BD70B50446051F36
:1081C00000F0F8F90068002C14BF446870BD002C62
:1081D00018BFAC423CBF20466468F8D301680A1857
:1081E000AA4218BF456003D12A68054611440160C0
:1081F00028684119A1421CBF6C6070BD616869604C
:1082000021680844286070BD0FB4044910B503AA62
:10821000029800F0C7FC10BC5DF814FB04000020BD
:108220000FB41CB5074B06AA7B446946009005981D
:1082300000F089FC0020694600F098FC1CBC5DF849
:1082400014FB00004109000070B50C460546012AE8
:1082500005D02878800600D5EA69002302E00123D2
:1082600005E05B1C934202D2E05C0028F9D1A869CA
:10827000E618C01AA861286A184428622846AFF395
:10828000008004E0D5E9012114F8010B9047B442C5
:10829000F8D32846AFF3008070BD00002DE9F0410F
:1082A0000646002410687529314616A510D0AFF394
:1082B0000080002802DA404213A507E031688A07EF
:1082C00001D512A502E0490704D511A5012401E05A
:1082D000AFF3008000210A2206F1240709E0B0FB79
:1082E000F2FCB0FBF2F302FB1C003030785418466D
:1082F000491C0028F3D123462A463046BDE8F04108
:1083000000F0B4B9000000002D0000002B000000B8
:108310002000000070B504460D4621461068AFF3FA
:1083200000802188090502D50F4A7A4402E00E4AEE
:108330007A440E32002104F1240305E000F00F0618
:108340000009965D5E54491C0028F7D1207800236F
:10835000000704D5702D02D009B102231132204646
:10836000BDE8704000F082B97A2000002DE9F05F8E
:10837000894604464FF0000ADFF824B1FB44C0F8F8
:1083800020A02046E168884700287DD0252806D017
:10839000D4E901219047206A401C2062F1E70025C2
:1083A0005F462046E16888472028064607DB312ED5
:1083B00005D2B81910F8200C08B10543F1E7A80759
:1083C00001D525F00405C4F81CA00027C4F818A0A6
:1083D0002A2E09D0304601F0B7FE38B304EB8708E7
:1083E000303EC8F8186019E059F8041B204604EB29
:1083F00087029161E1688847012F064618D1E0693C
:10840000002820DA25F020051DE0D8F8180000EB40
:10841000800006EB40003038C8F818002046E168BC
:108420008847064601F090FE0028EED1012F0AD0C1
:108430002E2E08D12046E16888477F1C0646022F71
:1084400045F02005C4DBA069002803DA404245F06E
:108450000105A061E80701D025F01005A6B1A6F13D
:108460004100192802D8203645F400654A463146B5
:10847000204625604D46F7F7D7FE60B1012807D0AA
:10848000ED1D25F0070000E007E000F1080978E79E
:1084900005F1040975E730467AE7206ABDE8F09FE8
:1084A0005020000030B505460B462A4613F8014B14
:1084B00012F8010B08B1A042F8D01CB1002802D07C
:1084C0006D1CF1E7284630BD10B5431C02E010F8E2
:1084D000011B71B18107FAD14FF0013202C88C1A29
:1084E0008C4314EAC211F9D0C01A0A0603D0C01E88
:1084F00010BDC01A10BD0A0401D0801E10BD0902B3
:10850000FCD0401E10BD10B5203AC0F00B80B1E881
:108510001850A0E81850B1E81850A0E81850203AB8
:10852000BFF4F5AF5FEA027C24BFB1E81850A0E8C1
:10853000185044BF18C918C0BDE810405FEA827CDB
:1085400024BF51F8043B40F8043B08BF7047D207F2
:1085500028BF31F8023B48BF11F8012B28BF20F893
:10856000023B48BF00F8012B70474FF0000204297E
:10857000C0F0128010F0030C00F02883CCF1040C42
:10858000BCF1020F18BF00F8012BA8BF20F8022B86
:10859000A1EB0C0100F01ABB5FEAC17C24BF00F81C
:1085A000012B00F8012B48BF00F8012B70477047E2
:1085B000704770470048704794100120704770471B
:1085C0007047704738B504460A4600206946AFF345
:1085D0000080002808BF38BD02460099204600F000
:1085E00027FB012038BD012000F038BCF8B5AFF3FF
:1085F0000080054600200C460C2000BF0646A81946
:10860000A0420DD9324669460020AFF30080070032
:1086100008BF00F023FC0098A04218BF0546C4190B
:10862000FFF7C8FF05600746F01D20F00700461958
:10863000284600F00AF8B44208BFF8BDA21B314634
:108640003868BDE8F84000F0F3BA002101604160ED
:1086500070470C20704710B500F0E6FA006810BDB6
:1086600010B5044600F0E0FA046010BD2DE9F047B3
:108670000D4699469246044600F124080168880692
:1086800004D5E06921F01001216000E00120A8423A
:1086900001DD471B00E00027A1697A1902EB090000
:1086A000081AA0612078C00602D42046AFF30080EB
:1086B000002608E0D4E901211AF806009047206A54
:1086C000401C761C20624E45F4DB2078C0060AD59B
:1086D0002046AFF3008006E0D4E901213020904726
:1086E000206A401C2062381EA7F10107F4DC07E075
:1086F000D4E9012118F805009047206A401C206247
:10870000281EA5F10105F3DC2046AFF30080207898
:10871000000602D50220BDE8F0870120FBE72DE925
:10872000FF4F0C461E464FF0FF378BB0D2E90001D9
:10873000DDF860800A908A46C1F30A5505B93D46C6
:10874000002108464FF00000BAF1000F00F440008D
:1087500005DA00EB80004FF4400101EA50004FEAD7
:108760009059B9F1010F00DDB9460A9850EA4A0064
:108770000ED044F61050A5F2FF3545432F14B8F142
:10878000000F1ED07542291E1EDDC9F100021CE03B
:10879000B8F1010F4FF0000001D0302103E0F243A7
:1087A00005E02154401CB042FBDB30460022002192
:1087B00021540B99C1F80880C1E900200FB0BDE831
:1087C000F08FBD1B6D1CDEE74A4600DA694206A841
:1087D00000F0CEFA06AB93E8070003AB83E807008E
:1087E00050460A9900F0FEFB8DE80700A0F5005006
:1087F0001F3800900398002D0ADD42F21F014A46FF
:108800000844002303A90390684600F067FE09E0CE
:10881000A0F500504A461F38002303A9039068467C
:1088200000F071FE8DE807000004000C03D04FF04B
:10883000FF30410800E01046B8F1000F03D00022DD
:10884000009215461EE0751E05D400F00BFA30327A
:1088500062556D1EF9D5B3460122084302D00022AD
:108860007F1C04E02078302801D100227F1E002ADE
:10887000099784D01DE0112D07DA00F0F3F93032AA
:1088800062556D1C50EA0102F5D1084302D00098F0
:10889000C8B10EE00021681E05E0235C625C6354F1
:1088A0002254401E491C8142F7DBAB46A81B401EE8
:1088B0000990002004F80B000B98099AC0F8088072
:1088C000C0E9002B7AE711264FF0000857E72DE9A1
:1088D000F04F88460446D21D22F0070191B0D1E93D
:1088E0000001CDE90A0100F045FF02460B98C00FD8
:1088F00001D02D2007E02068810701D52B2002E060
:10890000202101EAC000032A099001D0072A05DBD3
:1089100003464146204600F0EBF90BE12078800643
:1089200001D5E06900E00620B8F1650F814606D068
:10893000B8F1660F18D0B8F1670F70D131E00020A0
:10894000B9F1110F009001DB112301E009F10103DE
:108950000AAA01A90CA8FFF7E2FEDDE90C700026C7
:1089600009F10105834647E001204B4600904FF096
:1089700000470AAA01A90CA8FFF7D1FEDDE90DB056
:108980000C995D46002610B909F101000D18B9EBEC
:10899000050003D4C0F1FF3609F10105A5EB09007C
:1089A0002BE0B9F1010F01DA4FF001090020B9F114
:1089B000110F0090484601DD112300E003460AAA8A
:1089C00001A90CA8FFF7ABFEDDE90C704D460026AF
:1089D0008346207800070AD4AB4500DA5D4601A83B
:1089E000012D04DD411911F8011C302907D04F4534
:1089F00002DA17F1040F04DA012082460FE06D1E3F
:108A0000EEE7002F02DCED1B3E4403E0781CA84299
:108A100000DD7D1CB81B00F1010A4FF000472078F3
:108A2000000703D4AA4501DB4FF0FF3A0021B7F15C
:108A3000004F0DF143088DF8431024D002202B2362
:108A4000002F01DA7F422D230A21021EA0F101002E
:108A500000DC5FB197FBF1FC97FBF1F201FB1C7CA2
:108A600017460CF1300C08F801CDEEE7A8F1010033
:108A700003702188090501D5452100E06521A0F199
:108A8000010800F8011C09980FA9A1EB0807FF1DB8
:108A900000B10120411901EBEA70A1693844081ABC
:108AA000401EA0612078C00602D42046AFF30080AB
:108AB000099828B1D4E901219047206A401C20621E
:108AC0002078C00622D52046AFF300801EE0002E9D
:108AD00004DBB34502DD01A8805D00E03020D4E96D
:108AE00001219047206A401C2062761CAAF10100F7
:108AF0005FEA000A0AD100F093F8C0680168405CA0
:108B0000D4E901219047206A401C2062281EA5F16B
:108B10000105DCDC07E0D4E9012118F8010B9047DE
:108B2000206A401C2062381EA7F10107F3DC2046B2
:108B3000AFF30080032011B041E6000001694A1C38
:108B400002610878704700B58FB0CDE9013100218E
:108B5000059105497944CDE9031011466846FFF7B0
:108B600005FC0FB000BD0000E5FFFFFF0A6802F83A
:108B7000010B0A60704710B5436913B1AFF3008071
:108B800001E0FFF761FB012010BD127800F1240124
:108B90000A7000224A700122EDE711684FF0FF329F
:108BA000E9E70000074B70B50D467B44FFF7CBFFAC
:108BB0000446284600F04EF910B14FF0FF3070BD6A
:108BC000204670BD39A4FFFF4FF0000200B51346E8
:108BD00094469646203922BFA0E80C50A0E80C50DD
:108BE000B1F12001BFF4F7AF090728BFA0E80C508E
:108BF00048BF0CC05DF804EB890028BF40F8042B87
:108C000008BF704748BF20F8022B11F0804F18BFF3
:108C100000F8012B70470000004870478C100120BD
:108C200000487047AC100120004870478C100120AC
:108C3000034640688C46002818BF88423CBF034664
:108C40004068F8D318681844884207D00CF1030034
:108C500020F00700001D411A521A0146081D0A6043
:108C6000FFF7ABBA30B5B0F10A0271F100034FEA79
:108C7000900E4EEA817EB0EB0E0061EB91014FEA5F
:108C8000101E4EEA017E10EB0E0041EB11114FEA6F
:108C9000102E4EEA016E10EB0E0041EB11214FEA4F
:108CA000104E4EEA014E10EB0E0041EB1141401800
:108CB00041F100014FEAD00040EA41704FEAD10192
:108CC0004FEA810444EA907410EB800544EB010400
:108CD0006D1944EB0404521BA3414FF0000348BF3D
:108CE0000A3200D530BD401C41F1000130BD00000A
:108CF0002DE9F0411F46044603260168072A01F4C6
:108D0000006004DB08B116A505E016A503E008B174
:108D100015A500E015A521F010002060A069C01E77
:108D2000A0610FB1401EA0612046AFF300804FB19B
:108D3000D4E9012138469047206A401C2062C01CBB
:108D4000206206E0206AFAE7D4E9012115F8010B58
:108D50009047761EF8D22046AFF30080BDE8F08140
:108D60004E414E006E616E00494E4600696E6600CF
:108D70002DE9F047814616468AB0354878440DC83B
:108D80008DE80D0032487844801C03AC0DC884E89F
:108D90000D0041F69B300844372190FBF1F290FB27
:108DA000F1F5A5F1800501FB12041B3C02D56442DC
:108DB000012000E00020DFF898A080460027FA4458
:108DC000AAF1BE0A0EE0E0070AD03246684607EB79
:108DD000470101230AEB810100F095FB8DE80700B4
:108DE00064107F1C002CEED1194F7F44AE3F19E078
:108DF000E80715D007EB04100DF1180A90E80E00F3
:108E00008AE80E00C068F04201D1981908903246F5
:108E1000012306A903A800F076FB03AB83E8070053
:108E20006D10641C002DE3D14FF0010332466946FA
:108E3000B8F1000F03A802D000F050FB01E000F0F1
:108E400062FBC9E90001C9F808200AB0BDE8F08753
:108E500074170000007B00F08000704710B500F030
:108E600039F8BDE8104000F02FB870477546FFF79D
:108E7000D3FEAE4605006946534620F007008546FE
:108E800018B020B5F7F788FBBDE820404FF000068A
:108E90004FF000074FF000084FF0000BAC46ACE875
:108EA000C009ACE8C009ACE8C009ACE8C00921F0D1
:108EB00007018D46704710B50446AFF30080204689
:108EC000BDE81040F7F7DCB9002801D0FAF789B8FF
:108ED0007047000010B5012805D0002103A000F064
:108EE00061F8012010BD09A1F8E70000534947527D
:108EF000544D454D3A204F7574206F66206865616A
:108F000070206D656D6F7279000000003A20486531
:108F10006170206D656D6F727920636F727275700C
:108F2000746564000000000030B44FF0013C50F85C
:108F3000042B51F8043BCCFA52F4D51A20D1FCB9D9
:108F400050F8042B51F8043BCCFA52F4D51A17D13F
:108F5000B4B950F8042B51F8043BCCFA52F4D51AAA
:108F60000ED16CB950F8042B51F8043BCCFA52F4F2
:108F7000D51A05D1002CDAD030BC4FF00000704774
:108F800029BAB1FA81F111F01801D1F12000844021
:108F9000F2D1CA40CB4012F0FF0213F0FF0330BC05
:108FA000D01A704770B505460C460A2000E06D1CCB
:108FB00000F011F835B128780028F8D102E0641CDF
:108FC00000F009F814B120780028F8D1BDE870400D
:108FD0000A20AFF3008008B569468DF80000032031
:108FE000ABBE08BD5FEA400C08BF91F0000F4FEA2E
:108FF0008C234FEAC12243EA51514FEA1C5018BF5B
:1090000000F5F0404FEA300018BF41F000415FEA40
:109010006C5C00F02980BCF1FF3F08BF40F080404D
:109020007047130C06BF12044FF0100C4FF0000CE9
:10903000130E04BF12020CF1080C130F04BF12012F
:109040000CF1040C930F04BF92000CF1020CD30F2F
:1090500004BF52000CF1010C11464FF00002A0F1C8
:109060001F00A0EB0C00704711F0004F08BF7047C5
:1090700031F000413FF4D5AF0B0C06BF09044FF0AF
:10908000100C4FF0000C0B0E04BF09020CF1080C81
:109090000B0F04BF09010CF1040C8B0F04BF8900F6
:1090A0000CF1020CCB0F04BF49000CF1010CCCF108
:1090B000200322FA03F341EA030102FA0CF2A0EBC7
:1090C0000C0000F10100704723F07F4720F07F4C37
:1090D00080EA030000F00040ACEB070303F57C538B
:1090E00003F1FF032DE9804909B44FEA144324EA50
:1090F00003484FEA154B25EA0B4E0FF2042606EB08
:1091000013273E7803FB0667C7F5000707FB06F643
:109110004FEAD64606F102064FEA543707FB066CC3
:10912000CCF1005C4FEA1C472CEA074C0CFB06F51F
:1091300007FB06F404EB15464FEA961649085FEA6A
:10914000320234BF00204FF000404FEAD13706FB17
:1091500007FC4FEA1C4C0CFB0BF7D21B03FB0CF774
:1091600061EB07010CFB0EF7B0EB074072EB174207
:109170000CFB08F734BFA2EB0742B2EB074261EBEE
:1091800017414FEA0C444FEA910706FB07FC4FEAF0
:109190001C4C0CFB0BF7B0EBC74072EB573203FBD8
:1091A0000CF734BFA2EBC742B2EBC74261EB5731B9
:1091B0000CFB0EF7B0EBC70072EB57720CFB08F715
:1091C00034BFA2EBC702B2EBC70261EB57714FEAA3
:1091D000816141EA92114FEA826242EA90124FEABB
:1091E000806004EBCC04039F4FEAD13706FB07FCF9
:1091F0004FEA1C4C0CFB0BF7D21B03FB0CF761EB8B
:1092000007010CFB0EF7B0EB074072EB17420CFBAB
:1092100008F734BFA2EB0742B2EB074261EB1741FC
:109220004FEA8C5504EB9C244FEA910706FB07FCA0
:109230004FEA1C4C0CFB0BF7B0EBC74072EB5732FC
:1092400003FB0CF734BFA2EBC742B2EBC74261EBA2
:1092500057310CFB0EF7B0EBC70072EB57720CFBEB
:1092600008F734BFA2EBC702B2EBC70261EB57713C
:109270004FEA816141EA92114FEA826242EA90121A
:109280004FEA806015EB4C2544F100044FEAD137DA
:1092900006FB07FC4FEA1C4C0CFB0BF7D21B03FB35
:1092A0000CF761EB07010CFB0EF7B0EB074072EB1C
:1092B00017420CFB08F734BFA2EB0742B2EB0742A0
:1092C00061EB17414FEA813141EA92414FEA823224
:1092D00042EA90424FEA80304FEA0C7615EB1C15BB
:1092E00044F1000448EA03434EEA0B484FF0000EF5
:1092F000B2EB080C71EB030724BF624639464EEB14
:109300000E0E4FF0000B0018524149414BEB0B0B76
:10931000B2EB080C71EB03077BF1000B24BF624634
:1093200039464EEB0E0E4FF0000B001852414941EA
:109330004BEB0B0BB2EB080C71EB03077BF1000B53
:1093400024BF624639464EEB0E0E51EA020718BFA3
:1093500046F0010616EB0E7655F1000254F10001BD
:1093600003D5BDE88901BDE80088BDE88901BDE8F5
:109370000048B619524141EB0101A3F101037047C6
:1093800080807F7E7D7C7B7A797877767675747342
:10939000727171706F6E6E6D6C6C6B6A6A69686801
:1093A000676666656464636362616160605F5F5E97
:1093B0005E5D5D5C5C5B5B5A5A595958585757560D
:1093C0005655555554545353525252515150505072
:1093D0004F4F4F4E4E4D4D4D4C4C4C4B4B4B4A4AC4
:1093E0004A49494948484847474747464646454508
:1093F0004544444444434343434242424241414141
:109400009C46002B30D477002BD04FEA37071CB591
:1094100003B44FF010004FF01001BAF1000F06D066
:10942000BCF1000FDCBF40F0080040F008014FF035
:1094300000000FBCBDE810400BF1010BBBF1010FA8
:1094400008BF5FEA170722BF12F1010211F1010103
:109450004FF0004143F1000300F0004043EA0000F8
:109460007047F9D35708D0E746EA06464FEA164652
:1094700013F1400F1FDD13F1200FDFBF16430A4623
:10948000002120335B42BED0C3F1200746EA0646E6
:109490004FEA164602FA07F746EA070622FA03F2EF
:1094A000C3F1200701FA07F742EA070221FA03F1A4
:1094B0004FF00003A7E746EA020646EA06464FEAEF
:1094C000164646EA0106BCBF46EA0646360C4FF091
:1094D00000034FF000024FF0000194E72DE9804CAB
:1094E00070B49A46934691E8380007C831EA400CB8
:1094F00048BF34EA430C03D5FFF7E6FDFFF780FFD2
:10950000F0BCBDE8008C2DE9804C70B49A469346BF
:1095100091E8380007C810F0804F08BF13F0804F63
:1095200003D100F005F8FFF76BFFF0BCBDE8008C3D
:1095300020F07F4723F07F4C80EA030000F00040DA
:1095400007EB0C03A3F57C53A3F1FE0392F0000F8D
:1095500000F0B38095F0000F00F077802DE901490D
:109560004FEA114021EA00484FEA144624EA064730
:1095700000FB06FC08FB06F607FB08F818EB06489C
:109580004CEB164C00FB07F718EB07484CEB174069
:109590004FEA124B22EA0B4E4FEA154625EA0647E0
:1095A0000BFB06FC0EFB06F607FB0EFE1EEB064E43
:1095B0004CEB164C0BFB07F71EEB074E4CEB174B17
:1095C00018EB0B0840F1000018EB0E0B58EB0008ED
:1095D00040F100008F1A4FF000014FF000063CBF31
:1095E000C943661B14BFB5EB040C00213CBFC94343
:1095F000F61B4FEA174427EA04454FEA1C472CEABA
:10960000074C04FB076205FB07F70CFB05F616EB9E
:10961000074642EB174204FB0CFC16EB0C4642EBF0
:109620001C421BEB060658EB020241414EEA8E0E2D
:1096300046EA9E0601D5BDE80189B619524141EBC3
:109640000101A3F10103BDE801894FEA144524EAB1
:1096500005464FEA114721EA074C05FB07F406FBD4
:1096600007F70CFB06F111EB074144EB174405FB30
:109670000CFC11EB0C4144EB1C444FEA124722EA6C
:10968000074C05FB07F206FB07F70CFB06F616EB8B
:10969000074642EB174205FB0CFC16EB0C4642EB6F
:1096A0001C456A1854F1000148BF7047B619524171
:1096B00041EB0101A3F10103704795F0000F37D092
:1096C0004FEA114221EA02464FEA144724EA074CC6
:1096D00002FB07F106FB07F70CFB06F414EB07444B
:1096E00041EB174102FB0CFC14EB0C4441EB1C4119
:1096F0004FEA154725EA074C02FB07F506FB07F77B
:109700000CFB06F616EB074645EB174502FB0CFC77
:1097100016EB0C4645EB1C42121951F1000148BFF3
:109720007047B619524141EB0101A3F101037047A3
:109730004FEA144524EA05464FEA114721EA074C4F
:1097400005FB07F106FB07F70CFB06F212EB0742DD
:1097500041EB174105FB0CFC12EB0C4251EB1C4199
:109760004FF0000648BF7047921841EB0101A3F18A
:109770000103704703B401984100009850EAC120EA
:1097800018BF04204A0D18BF40F0010040F2FF72DC
:10979000B2EB515F08BF40F00200012808BF05206E
:1097A00002B07047000000002DE9F04D2DED040BD4
:1097B0002DED0A8B9AB0DDE92550279CDDF890A0AD
:1097C00025F0004624F00048BAF1000F14BF012133
:1097D000002101EB4502F84953184A10934228D35F
:1097E000002814BF0123002303EB44030B44F34977
:1097F0008B421ED358EA000172D0DFF8C4B35D4536
:1098000003D1BAF1000F05D186E0BAF1000F08BF0D
:10981000002100D0012101EB450111F5001F08D8FE
:10982000002814BF0121002101EB440111F5001FA4
:109830000BD99DED261B9DED240B1AB0BDEC0A8BB8
:1098400004B0BDE8F04D00F057BC0027002DBCBFB0
:10985000DC49884521DADC498845A8BF02271CDAA3
:10986000C3451ADCD94901EB2851142908DDC1F19F
:10987000340220FA02F101FA02F282420DD108E02C
:1098800058B9C1F1140228FA02F101FA02F2424574
:1098900003D101F00101C1F1020756EA0A0120D10A
:1098A000002C1EDA002D18BF022F01D0012F0AD084
:1098B0000220FEF7D5FE1AB0BDEC0A8B04B0BDE85D
:1098C000F04D00F00DBC0220FEF7CAFE00F008FCCF
:1098D000B1EE400B1AB0BDEC0A8B04B0BDE8F08DC0
:1098E0001AE09FEDBB9B9FEDBC8BB7EE00AB002851
:1098F0007DD1B44880451CD105F1804010F5801021
:1099000008BFBAF1000F07D0B34508DC002CA8BF90
:109910009DED260BDEDA07E0B7EE000BDAE7002C50
:10992000B8BF9DED260BD3DBAD48784490ED000B1E
:10993000D0E7D84548D1002C43DA2EB186423AD13F
:10994000BAF1000F3DD126E0BAF1000F13D002208A
:10995000FEF786FE00F0E0FB8DED020B9DED240B83
:109960008DED000B10EE900A039961F31E00039039
:109970009DED020BAEE78DED029B9DED240B19EEE4
:10998000901A10EE900A8DED000B61F31E0003900B
:109990009DED020B9EE78DED028B9DED240B18EEE5
:1099A000901A10EE900A8DED000B61F31E000390EB
:1099B0009DED020B8EE704DA9DED241B8AEE010B70
:1099C00088E79DED240B85E786421ADAB4F1804FD3
:1099D00004BF9DED240B20EE000B3FF47BAFA4F100
:1099E0000050B0F1FF500CD1002D0ADB00E008E080
:1099F0009DED240B51EC100B00F0B9FB41EC100B6A
:109A000068E79DED240B51EC100B00F0A4FBBAF1BC
:109A1000000FCDE90E0140D19FED730B46B3A6F1C7
:109A2000E040B0F17F600ED05E4536D1002D00DA07
:109A300097B3022F0CBF01204FF0FF3000EE100A49
:109A4000B8EEC00B46E7002D01DD002C0DDA002D2D
:109A500001DD002C1DDB002D14DA002C12DB012FA0
:109A600008BF9FED630B3FF435AFB0EE490B31E714
:109A7000022F18BF002D0CD0012F0AD1002DFFF6A8
:109A800029AF06E0002DB8BF002C06DA012F3FF405
:109A900021AFB0EE480B1DE719E0012000EBE570A7
:109AA00050EA070113D0B0EE4A8B791E084308BF75
:109AB000BFEE008B5048002580457ADD4F49504865
:109AC000884514DDB0420DDB002C19DB2CE00120B1
:109AD000FEF7C6FD1AB0BDEC0A8B04B0BDE8F04D30
:109AE00000F00EBBB34502DC002C09DC1CE0864212
:109AF00002DA002C18DA03E05E4528DD002C13DDC5
:109B00000220FEF7ADFD00F007FB8DED020B28EE05
:109B1000090B8DED000B10EE900A039961F31E0006
:109B200003909DED020BD5E60220FEF799FD00F0B3
:109B3000FFFA10EE901A18EE900A8DED020B8DEDE3
:109B4000008B61F31E0003909DED020BC2E69DEDBC
:109B50000E0B30EE4A0B8DED040B20EE002B9DED2D
:109B6000041B9FED290BB5EE003B01EE430B9DED71
:109B7000043BB6EE001B03EE401B22EE012B9DEDD5
:109B8000040B9FED231B20EE011B9FED233B20EEDA
:109B9000030B9FED233B02EE430B31EE002B8DEDCB
:109BA000022B02959DED022B32EE411B30EE411B44
:109BB00011E139E000000000FFFF1F00FFFF0F0070
:109BC0000000F03F0000F07F0000404301FCFFFF79
:109BD000000000000000F07F000000000000000016
:109BE000420B0000000000000000000000000080A8
:109BF000000000000000F0FF0000E0410000F04322
:109C0000FFFFEF3F00000000555555555555D53F16
:109C1000000000604715F73F44DF5DF80BAE543E8F
:109C2000FE822B654715F73F0020B6F5801F0BDA43
:109C30009DED0E0B9FEDEC1B20EE010B10EE906ADC
:109C40008DED0E0B6FF0340000EB2650C6F31301C0
:109C5000A0F2FF37E64A41F07F6040F04050914269
:109C6000D8BF002408DDE34A8A42C8BF012403DCD0
:109C70000024A0F580107F1CDF49794401EBC4016A
:109C80000F9091ED001B9DED0E0B30EE410B9DED05
:109C90000E2B31EE023B8AEE032B20EE029BD749BE
:109CA0008DED029B7944029591ED003B4FF0005100
:109CB00041EA600000EB84408DED043B00F500209C
:109CC00005909DED043B33EE411B9DED0E3B33EEC5
:109CD000411B9DED023B9DED044B03EE440B03EE57
:109CE000410B20EE02BB29EE09CBB0EE4C0BC44871
:109CF0000621784400F0BAF92CEE0C1B20EE010B83
:109D00009DED021B31EE091B0BEE010B9DED021BBD
:109D100021EE011BB0EE082B31EE023B33EE003B8F
:109D20008DED043B04959DED043B33EE422B32EE6A
:109D3000411B30EE412B9DED020B9DED041B20EEEF
:109D4000011B9DED040B2BEE000B02EE090B31EE17
:109D5000002B8DED022B02959DED022B32EE411B67
:109D600030EE411B9DED020B9FEDA72B20EE020B69
:109D70009DED022B9FEDA63B22EE032B9FEDA63B14
:109D800001EE032BA648784400EBC40090ED001BC5
:109D900032EE011B02EE107AB8EEC22B8DED042BD1
:109DA00030EE013B9F48784400EBC40090ED002B5F
:109DB00033EE023B9DED044B33EE043B8DED023B55
:109DC00002959DED023B33EE443B33EE422B32EEE7
:109DD000400B31EE401B9DED260B8DED000B0095E9
:109DE0009DED260B9DED002B30EE420B9DED022BE1
:109DF00020EE020B9DED262B02EE010B9DED001BCC
:109E00009DED022B21EE021B8DED021B30EE011B9E
:109E100011EE900A11EE101A834A8DED001B90424C
:109E200024DB821A11430ED19FED811B30EE011B02
:109E30009DED002B9DED023B32EE432BB4EEC21B99
:109E4000F1EE10FA26DD0220FEF70AFC00F064F9BC
:109E500010EE901A18EE900A8DED020B8DED008B2E
:109E600061F31E0003909DED020B33E5724B20F071
:109E700000429A420ED3714A024411437FF454AE19
:109E80009DED022B31EE421BB4EEC01BF1EE10FA39
:109E9000BFF64AAE20F00041694A6A4B002402EB4B
:109EA00021529942D8BF9DED021B27DD511C4FF472
:109EB000801222FA01F10144634BC1F30A527B4440
:109EC000A2F2FF3293ED001B604B8DED041BD340DB
:109ED00021EA0303C1F3130141F48011C2F114021A
:109EE00021FA02F405930028B8BF64429DED021BDD
:109EF0009DED042B31EE421B8DED021B30EE011B5C
:109F00008DED041B04959DED041B9FED512B21EE5F
:109F1000021B9DED042B9DED023B32EE432B30EEF8
:109F2000420B9FED4D2B20EE020B9DED042B9FED80
:109F30004C3B02EE030B31EE002B8DED002B32EE8D
:109F4000411B30EE419B9DED000B20EE000B46487F
:109F50008DED040B0521784400F088F89DED001B81
:109F60009DED042B02EE401B8DED021B9DED000BC1
:109F700020EE010BB0EE002B31EE422B80EE021BE7
:109F80009DED002BB0EE490B02EE090B31EE400BBC
:109F90009DED001B30EE410B3AEE400B10EE900AA7
:109FA0008DED000B00EB045001150029C8BF019096
:109FB00013DC224651EC100B00F0ACF9FFF7DAFB92
:109FC000042808BF00F0B4F822469DED000B51ECC8
:109FD000100B00F09FF9CDE900019DED000B28EE7C
:109FE000000B77E400000000000000000000404388
:109FF0008E9803007AB60B006A070000C8070000BD
:10A000002207000000000000000000E009C7EE3F4A
:10A01000F5015B14E02F3EBEFD033ADC09C7EE3FBD
:10A020007E0600004E060000000090400000000088
:10A03000FE822B654715973C00CC904000346F3F63
:10A0400001FCFFFF0000E03FAE050000FFFF0F0036
:10A0500000000000432EE63FEF39FAFE422EE63FB5
:10A06000396CA80C615C20BEEE040000B0EE401B11
:10A07000491E00EBC10292ED000B31F006020DD03B
:10A08000491E00EBC10292ED002BB0EE403BB0EE5A
:10A09000420B03EE010B31F00602F1D1022914D07C
:10A0A00004290AD0062918BF704790ED0A2B00EE4C
:10A0B000012B90ED080B02EE010B90ED062B00EE4C
:10A0C000012B90ED040B02EE010B90ED022B00EE44
:10A0D000012B90ED000B02EE010B70470000000019
:10A0E0009FED031BB7EE002B82EE010B70470000C3
:10A0F000000000000000000030EE010B704700007F
:10A100009FED031B81EE010B704700000000000073
:10A1100000000000000000009FED030B20EE000B8C
:10A120007047000000000000000000000000007008
:10A130009FED030B20EE000B7047000000000000B5
:10A14000000000000000001030380A2801D2012071
:10A1500070470020704782B0CDE9000121F0004037
:10A1600001909DED000B02B051EC100B704700B553
:10A1700041EC100B2DED028B83B0B1EEC08B18EECD
:10A18000100A18EE901A8DED008B002818BF0120E0
:10A19000084320F00040C0F17F6000F1E040C00FB4
:10A1A00014D010EE101A10EE900A8DED000B00295D
:10A1B00018BF0121084320F00040C0F17F6000F18A
:10A1C000E040C00F04BF0120FEF74AFA51EC180B23
:10A1D00003B0BDEC028B00BD10B500290AD0087891
:10A1E000002807D005487844FEF79EFE002801D0DD
:10A1F000002010BD0248784410BD00009A05000000
:10A200009205000041EC100BB7EEC00B10EE100AE7
:10A210007047000002494FF0000000F049B800BF4D
:10A220000000F87F41EC100B43EC112B80EE012B6A
:10A2300051EC120B704741EC100BBDEEC01B11EE40
:10A24000100A704700EE100AB8EEC00B51EC100B6C
:10A25000704700EE100AB8EE400B51EC100B70473F
:10A2600041EC100B43EC112B20EE010B51EC100BC9
:10A27000704741EC100B43EC112B31EE400B51ECCD
:10A28000100B704700EE100AB7EEC00A51EC100B2D
:10A290007047F1EE100A4FF6FF71C0F2C03120EAAC
:10A2A000010040F04070E1EE100A7047FEF70FBB6E
:10A2B0000CF00F03092B08BF082000F059800A2B6F
:10A2C0000BD0082B18BF704708BF1CF0400F0AD0F6
:10A2D0004FF000004FF0000170471CF0400F18BF16
:10A2E0004FF0004070471CF0100F08D000F07F4284
:10A2F00020F0704342EAD3014FEA4370704700F008
:10A30000604021F07F4242EA000201F07F4040EAD3
:10A31000727070474FF0FF0C4CF4E06C1CEA115364
:10A320001CBF9CEA030C9445C2BFDA4201EB025108
:10A330007047002B0DD0BCF1000F0FD001F0004191
:10A34000002AA4BF41F0E04141F07F614FF00000DE
:10A35000704701F000414FF00000704750EA0133B0
:10A360004FF09B0C18BF4CF0806C7FF453AF7047DC
:10A370001CF4801F11D01CF4E02F03D06FEACC3105
:10A38000490070474FF04050EFF3008222F07042D6
:10A3900042EA000282F3008870474FF000007047E5
:10A3A0005AA505820000000030313233343536378B
:10A3B0003839414243444546403058003031323309
:10A3C0003435363738396162636465664030780009
:10A3D000040000080000000000000002000100006E
:10A3E0001000000000000000000000000000F03F2E
:10A3F000000000000000F83F000000000000000026
:10A400000000004003B8E23F000000000000000030
:10A4100006D0CF43EBFD4C3E033333333333E33FBE
:10A42000FFAB6FDBB66DDB3F4D268F515555D53FEA
:10A4300001411DA96074D13F65DBC9934A86CD3FB8
:10A44000EF4E454A287ECA3F3E5555555555C53FA6
:10A4500093BDBE166CC166BF2CDE25AF6A56113F98
:10A46000F16BD2C541BDBBBED0A4BE726937663E9A
:10A47000000000000000000002400000000000A0FA
:10A480000000000005400000000000C800000000BF
:10A490000C4000000000409C00000000194000003B
:10A4A0000020BCBE0000000034400000BFC91B8E6D
:10A4B00000000004B5400000504BCFD06607E2CF4B
:10A4C000010000006C4100003E8251AADFEEA7347B
:10A4D00001000000D9420000DCB5A0E23A301F972D
:10A4E000FFFFFFFFB4450000FD25A0C8E9A3C14F51
:10A4F000FFFFFFFFFF3F00000000008000000000A2
:10A50000FF3F00000000008000000000303100002C
:10A5100032303500383838383939393900000000E0
:10A520006D7174745F786D786C6C00007B5C227464
:10A53000656D70657261747572655C223A5C222586
:10A540002E32665C225C2C5C2268756D69646974CD
:10A55000795C223A5C22252E32665C225C2C5C22DD
:10A56000696C6C756D696E6174696F6E5C223A5CC2
:10A570002225645C225C2C5C227072657373757298
:10A58000655C223A5C2225645C225C2C5C226E6F46
:10A590006973655C223A5C2225645C225C2C5C2237
:10A5A000636F6E63656E74726174696F6E5C223A7C
:10A5B0005C2225645C225C2C5C22616C61726D5CA7
:10A5C000223A5C2225735C225C2C5C22616C6172F5
:10A5D0006D547970655C223A5C2225735C227D00A3
:10A5E000E6A8A1E59D97E887AAE6A380E58DB3E5F7
:10A5F000B086E5BC80E5A78BEFBC8CE68891E4BC17
:10A600009AE4BB8EE794B5E6BA90E68EA5E58FA3F3
:10A61000E4BD8DE7BDAEE5BC80E5A78BEFBC8CE665
:10A620008C89E9A1BAE697B6E99288E696B9E590F1
:10A6300091E98090E4B8AAE6B58BE8AF95E3808213
:10A640000D0A0000E78EB0E59CA8E68891E5B7B258
:10A65000E4B8BAE6A8A1E59D97E887AAE6A380E555
:10A66000819AE5A5BDE58786E5A487EFBC8CE8AFB8
:10A67000B7E59CA8E7A1AEE8AEA4E5B7B2E68EA523
:10A68000E5A5BDE5B18FE5B995E5928CE68980E653
:10A690009C89E4BCA0E6849FE599A8E6A8A1E59D75
:10A6A00097E5908EEFBC8CE8B79FE68891E8AFB451
:10A6B000E7A1AEE8AEA4E887AAE6A380E590A7E309
:10A6C00080820D0A00000000E6B58BE8AF95E7AD8B
:10A6D00089E5BE85E8B685E697B6EFBC8CE8AFB7EE
:10A6E000E59CA8E99A8FE5908EE58D95E78BACE621
:10A6F000B58BE8AF95EFBC8CE78EB0E59CA8E5B0D4
:10A7000086E8BF9BE585A5E4B88BE4B880E9A1B9EC
:10A71000E6B58BE8AF950D0A00000000E5BD93E5B6
:10A72000898DE78EAFE5A283E6B8A9E5BAA6E4B8BD
:10A73000BA20252E326620E69184E6B08FE5BAA6CF
:10A740002C20E5A4A7E6B094E58E8BE5BCBAE4B86E
:10A75000BA20252E326620E5B8950D0A00000000CB
:10A760009CA7000800000020E8000000EC010008A1
:10A7700084A80008E8000020081801000C02000866
:10A780001C00000043000000F8FFFFFF0C00000069
:10A790000E0000000F0000002E000000001C4E0EF6
:10A7A00000000000000000000000000000000000A9
:10A7B0000000000000000000000000000000000099
:10A7C0000000000000000000000000000000000089
:10A7D0000000000000000000000000000000000079
:10A7E0000000000066616C7365000000000000005E
:10A7F00000000000E781ABE784B0E8ADA6E68AA5DB
:10A800000000000000000000000000000000000048
:10A810000000000000000000000100000CA500087E
:10A8200010A5000814A5000820A5000800000000DD
:10A8300000000000F11FE22EB66BA88A00000000A5
:10A840000000000000000000000000000000000008
:10A8500000000000000000000000000000000000F8
:10A8600000000000000000000000000000000000E8
:10A8700000000000000000000000000000000000D8
:04A8800000000000D4
:040000050800057D6D
:00000001FF
