:020000040800F2
:10000000E0C50120A16400088106000883060008FD
:10001000870600088B0600088F0600080000000015
:10002000000000000000000000000000930600082F
:1000300095060008000000009706000899060008D1
:10004000BB640008BB640008BB640008BB64000814
:10005000BB640008BB640008BB640008BB64000804
:10006000BB640008BB640008BB640008BB640008F4
:10007000BB640008BB640008BB640008BB640008E4
:10008000BB640008BB640008BB640008BB640008D4
:10009000BB640008BB640008BB640008BB640008C4
:1000A000BB640008BB640008BB640008BB640008B4
:1000B000BB640008BB64000815980008BB64000816
:1000C000BB640008BB640008BB640008BB64000894
:1000D000BB64000817640008BB640008BB64000828
:1000E000BB640008BB640008BB640008BB64000874
:1000F000BB640008BB640008BB640008BB64000864
:10010000BB64000895600008BB640008BB6400087D
:10011000BB640008BB640008BB640008BB64000843
:10012000BB640008BB640008BB640008BB64000833
:10013000BB640008BB640008BB640008BB64000823
:10014000BB640008BB640008BB640008BB64000813
:10015000BB640008BB640008BB640008BB64000803
:10016000BB640008BB640008BB640008BB640008F3
:10017000BB640008BB640008BB640008BB640008E3
:10018000BB640008BB64000800F002F800F06DF8E2
:100190000AA090E8000C82448344AAF10107DA45E2
:1001A00001D100F062F8AFF2090EBAE80F0013F0C7
:1001B000010F18BFFB1A43F00103184708B20300F0
:1001C00028B203000A444FF0000C10F8013B13F072
:1001D000070408BF10F8014B1D1108BF10F8015BA0
:1001E000641E05D010F8016B641E01F8016BF9D193
:1001F00013F0080F1EBF10F8014BAD1C0C1B09D1EA
:100200006D1E58BF01F801CBFAD505E014F8016B5B
:1002100001F8016B6D1EF9D59142D6D370470000ED
:100220000023002400250026103A28BF78C1FBD8FF
:10023000520728BF30C148BF0B60704764290DF0DA
:10024000B78775290DF0B48778290DF0ED876329FC
:100250000EF0628273290EF06782002070471FB58E
:100260000EF03EFC1FBD10B510BD0EF0C1FA1146D8
:10027000FFF7F5FF00F010F80EF0DFFA03B4FFF718
:10028000F2FF03BC06F068F830BF72B6704762B682
:10029000704780F308887047ADF5107D0025002475
:1002A0004FF4A06006F01CF9A82005F0D3FF4FF42E
:1002B000E13006F05EF800F0F9FA98484168542001
:1002C000884700F084FF03F043FE03F06FFF002037
:1002D00008F067FE022008F064FE4FF47840904971
:1002E000088090A010210B46C822CDE900103221D1
:1002F0001E2003F0EEFD90A010210B46C822CDE990
:10030000001046211E2003F0E4FD8EA010210B46B4
:10031000C822CDE900105A211E2003F0DAFD8DA07D
:1003200010210B46C822CDE900106E211E2003F0DB
:10033000D0FD8BA010210B46C822CDE900108221F0
:100340001E2003F0C6FD23E08AA010210B46C82220
:10035000CDE9001096211E2003F0BBFD4FF4FA708A
:1003600005F0DAFF87A010210B46C822CDE9001066
:1003700096211E2003F0ADFD4FF4FA7005F0CCFF7E
:100380008448006808B9012000E000208149086025
:1003900004F054FE0028D7D10DF0FEF97E49012269
:1003A00008687EA10BF090FB7B49012248687CA184
:1003B0000BF08AFB04460D2C2DD17AA010210B46A0
:1003C000C822CDE9001096211E2003F082FD4FF4D3
:1003D0008052012172A00CF0ECFC04466CB978A0AC
:1003E0000CF0FCFB79A010210B46C822CDE90010CF
:1003F00096211E2003F06DFD09E07BA010210B4625
:10040000C822CDE9001096211E2003F062FD4FF4B2
:100410007A7005F081FF4FF6FF70A623F022962137
:1004200000901E2003F0FAFA20E076A010210B467F
:10043000C822CDE9001096211E2003F04AFDC820F5
:1004400005F06AFF4FF6FF70A623F0229621009078
:100450001E2003F0E3FAC82005F05EFF4D48006857
:1004600008B9012000E000204A4908608EAA8FA93F
:100470006AA00DF02DFA0028D7D11F202849088046
:1004800067A010210B46C822CDE9001096211E203E
:1004900003F01FFD65A010210B46C822CDE9001016
:1004A000AA211E2003F015FD66A010210B46C822CC
:1004B000CDE90010BE211E2003F00BFD102000909E
:1004C0008F98820A0523AA218E2003F059FC102060
:1004D00000908E98820A0523BE218E2003F050FCE6
:1004E0000A225EA104A80BF01AFB03AB32225FA123
:1004F00004A80BF0B4FC04A80BF0FEFD0CE0681C93
:10050000C5B2C82005F008FF2248006808B90120DC
:1005100000E000201F490860F1E7000060010020B2
:10052000140000204578706C6F7265722053544D32
:1005300033324634000000004641544653205445AF
:100540005354000041544F4D40414C49454E544591
:100550004B000000323031342F352F313500000090
:100560005573652055534D41525420666F72207467
:100570006573740053442043617264204572726F46
:1005800072210000506C6561736520436865636B80
:1005900021200000A48242422CBF0120303A0000FA
:1005A000313A0000466C617368204469736B2046E1
:1005B0006F726D617474696E672E2E2E00000000DC
:1005C000313A414C49454E54454B0000466C6173ED
:1005D00068204469736B20466F726D6174204669B0
:1005E0006E69736800000000466C6173682044699E
:1005F000736B20466F726D6174204572726F72204A
:100600000000000053442043617264204661746618
:1006100073204572726F72210000000030000000EC
:100620004641544653204F4B210000005344205470
:100630006F74616C2053697A653A20202020204D28
:100640004200000053442020467265652053697AB9
:10065000653A20202020204D42000000303A2F6DC6
:100660006573736167652E7478740000616C6965E9
:100670006E74656B206661746673207465737400B4
:10068000704700BFFEE700BFFEE700BFFEE700BF08
:10069000FEE7704770477047704700000CB50020B8
:1006A000019000907648006840F4803074490860FA
:1006B00000BF7348006800F4003000900198401CAF
:1006C0000190009818B90198B0F5A04FF1D16C488D
:1006D000006800F4003010B10120009001E000201B
:1006E00000900098012846D165484030006840F0ED
:1006F00080506349403108606248006840F44040DF
:10070000604908605E48083000685D49083108604B
:100710000846006840F4004008600846006840F45D
:10072000A05008605848091F0860081F006840F082
:100730008070091F086000BF5148006800F0007019
:100740000028F9D040F20570504908604C48083044
:10075000006820F003004A49083108600846006834
:1007600040F00200086000BF45480830006800F013
:100770000C000828F8D10CBD10B54548006840F4BD
:100780007000434908603E48006840F001003C4961
:10079000086000203A4908310860394800683D493E
:1007A0000840374908603C48091D0860081F006878
:1007B00020F48020091F0860002031490C310860B6
:1007C000FFF76CFF4FF0006031498039086010BDC1
:1007D00070B500200022022300240221284D083594
:1007E0002D6805F00C0020B1042806D0082834D16B
:1007F00007E02A4D2A4E356033E02A4D284E3560F9
:100800002FE01F4D2D1D2D68C5F380541C4D2D1D4F
:100810002D6805F03F0154B1224DB5FBF1F5184E9E
:10082000361D3668C6F3881605FB06F209E01B4D37
:10083000B5FBF1F5124E361D3668C6F3881605FB7A
:1008400006F20F4D2D1D2D68C5F301456D1C6B0083
:10085000B2FBF3F5124E356003E0104D104E3560DB
:1008600000BF00BF064D08352D68C5F303150E4EB9
:10087000705D0B4D2D68C540094E356070BD0000A0
:10088000003802400070004008544007003C02401D
:1008900088ED00E0FFFFF6FE103000240024F40095
:1008A0000000002000127A00040000201CB5012185
:1008B000202006F07BFD4FF4C060009001208DF8F1
:1008C000040000208DF8060003208DF805000120AB
:1008D0008DF807006946044805F0F8FE4FF4C06142
:1008E000014805F06FFF1CBD0014024001B5BDF8C2
:1008F00000000090BDF80000FE49088008BD01B569
:10090000BDF800000090BDF80000FA49891C08807D
:1009100008BD08B5F748801C00880090BDF80000AD
:1009200008BDF44A10804FF0D842A2F880107047FA
:1009300010B504462046FFF7D9FF052005F0A4FCBA
:10094000FFF7E7FF10BDEC480089EA4908807047CF
:10095000E849891C0880704730B5014601F01F0442
:10096000C1F34513CA0AE50205EB43151544A8B2C5
:1009700030BD00BF011EA0F10102D0B2FAD1704714
:1009800010B502460C46DC48808841F66311884267
:1009900047D1D9488079A8B9D7480088401E801A25
:1009A00082B2D5494889FFF7A1FF0020FFF7A7FFD2
:1009B0000020FFF7A4FF1012FFF7A1FFD0B2FFF74E
:1009C0009EFF16E0CC494889FFF790FF1012FFF711
:1009D00096FFD0B2FFF793FFC7490988491EC1F3BC
:1009E0000F20FFF78CFFC4490978491EC8B2FFF7F2
:1009F00086FFC1498889FFF779FF2012FFF77FFF43
:100A0000E0B2FFF77CFFBC494988491EC1F30F20C3
:100A1000FFF775FFB8498978491EC8B2FFF76FFF25
:100A20003AE0B548808845F21051884220D1B24959
:100A30004889FFF75BFF1012FFF761FFAE49498954
:100A4000491C88B2FFF752FFD0B2FFF758FFAA49FE
:100A50008889FFF74BFF2012FFF751FFA6498989CC
:100A6000491C88B2FFF742FFE0B2FFF748FF13E0EE
:100A7000A1494889FFF73AFF1012FFF740FFD0B2B3
:100A8000FFF73DFF9C498889FFF730FF2012FFF7F1
:100A900036FFE0B2FFF733FF10BD2DE9F041054608
:100AA0000E4600240027A04693480088A84203DD94
:100AB00091484088B04202DC0020BDE8F081314618
:100AC0002846FFF75DFF8C48808845F21051884228
:100AD00004D14FF43850FFF709FF02E02E20FFF752
:100AE00005FFFFF716FF04468348808841F663112F
:100AF000884201D12046E0E7FFF70BFF0446FFF7ED
:100B000008FF8046E7B24FF6FF7000EA0727E012C1
:100B1000C002B91240EA411040EAE820CDE700B532
:100B20007548808845F21051884204D14FF4245012
:100B3000FFF7DCFE02E02920FFF7D8FE00BD00B57C
:100B40006D48808845F21051884204D14FF42050FE
:100B5000FFF7CCFE02E02820FFF7C8FE00BDF0B58D
:100B600005460024002764488079012805D16248A1
:100B7000808841F66311884208D15F488079F0B9D6
:100B80005D48808841F66311884218D1082D15D23E
:100B9000DFE805F00406080A0C0E101206250DE029
:100BA00007250BE0042509E0052507E0012505E000
:100BB000002503E0032501E0022500BF00BF082D4A
:100BC0001CD2DFE805F00406090C0F12151800BF4F
:100BD00014E044F0800411E044F040040EE044F0DE
:100BE000C0040BE044F0200408E044F0600405E099
:100BF00044F0A00402E044F0E00400BF00BF3E481F
:100C0000808845F21051884202D14FF4585700E0D5
:100C100036273948808849F24131884205D0364824
:100C2000808847F28971884201D144F00804214646
:100C30003846FFF776FE3048808841F663118842D7
:100C40001DD004F0200068B12B4800882A4949884B
:100C5000884214DA284806884088274908800846D0
:100C600046800CE02448008823494988884206DDF4
:100C700021480688408820490880084646801E484A
:100C8000808845F21051884257D11B494889FFF7A7
:100C90002DFE0020FFF733FE17494989491C88B211
:100CA000FFF724FE0020FFF72AFE13494989891C1B
:100CB00088B2FFF71BFE10490988491EC1F30F20B7
:100CC000FFF71DFE0C494989C91C88B2FFF70EFECB
:100CD00009490978491EC8B2FFF711FE06498889FB
:100CE000FFF704FE0020FFF70AFE03498989491C2B
:100CF00088B203E07E00006C6C020020FFF7F6FD76
:100D00000020FFF7FCFDFE498989891C88B2FFF7A6
:100D1000EDFDFB494988491EC1F30F20FFF7EFFDA8
:100D2000F7498989C91C88B2FFF7E0FDF449897841
:100D3000491EC8B2FFF7E3FD2DE0F1494889FFF7EE
:100D4000D5FD0020FFF7DBFD0020FFF7D8FDEC49C3
:100D50000988491EC1F30F20FFF7D1FDE849097842
:100D6000491EC8B2FFF7CBFDE5498889FFF7BEFDF4
:100D70000020FFF7C4FD0020FFF7C1FDE0494988CE
:100D8000491EC1F30F20FFF7BAFDDD498978491EDE
:100D9000C8B2FFF7B4FDF0BD30B504460D46294694
:100DA0002046FFF7EDFDFFF7CEFDD6480088D64977
:100DB000088030BD30B504460D46D148808845F2E4
:100DC0001051884220D1CE494889FFF78FFD20126B
:100DD000FFF795FDCA494989491C88B2FFF786FD8E
:100DE000E0B2FFF78CFDC6498889FFF77FFD281226
:100DF000FFF785FDC2498989491C88B2FFF776FD56
:100E0000E8B2FFF77CFD42E0BD48808841F66311FF
:100E1000884228D1BA48807920B9B9480088401E54
:100E2000001B84B2B6494889FFF760FD2012FFF726
:100E300066FDE0B2FFF763FD2012FFF760FDE0B250
:100E4000FFF75DFDAE498889FFF750FD2812FFF7D7
:100E500056FDE8B2FFF753FD2812FFF750FDE8B248
:100E6000FFF74DFD13E0A6494889FFF73FFD20122B
:100E7000FFF745FDE0B2FFF742FDA1498889FFF782
:100E800035FD2812FFF73BFDE8B2FFF738FD9C481F
:100E900000899D49891E08804FF0D840A0F8802025
:100EA00030BD70B52DED048B0446BE20FFF71EFD4E
:100EB0000520FFF724FD20460DF001FD41EC190B44
:100EC0009FED920B53EC102B0DF00CFD41EC180B29
:100ED0000DF0C8FC85B22846FFF711FD0120FFF791
:100EE0000EFDFF20FFF70BFD0020FFF708FD00209F
:100EF000FFF705FDBDEC048B70BD10B504468048BE
:100F00008471002C45D1F0207D4908804FF4A070F9
:100F100048800846808845F21051884210D14FF42D
:100F20003050774908814FF4285048814FF42C50B5
:100F300088814FF4F07008804FF4487048801AE0C0
:100F40006F48808841F6631188420DD12C206C498E
:100F500008812B2048812A2088814FF4F070088076
:100F60004FF44870488006E02C20654908812A200B
:100F700048812B2088816248808845F21031884260
:100F80004CD14FF4A0705E4908804FF4F070488057
:100F900044E04FF4A0705A490880F0204880084689
:100FA000808845F21051884210D14FF43050544996
:100FB00008814FF4285048814FF42C5088814FF419
:100FC000487008804FF4F07048801AE04C488088E0
:100FD00041F6631188420DD12C20494908812A200D
:100FE00048812B2088814FF4487008804FF4F070BE
:100FF000488006E02C20424908812A2048812B2085
:1010000088813F48808845F21031884206D14FF4EC
:10101000F0703B4908804FF4A07048800020FFF733
:101020009EFD10BD2DE9F04104460D461E46A01858
:10103000401E87B2A819401E1FFA80F830488088E9
:1010400041F66311884231D12D48807901282DD095
:101050002B480088801A001B84B2A819401E86B253
:1010600027494889FFF742FC2012FFF748FCE0B20D
:10107000FFF745FCA118491EC1F30F20FFF73FFC05
:10108000A118491EC8B2FFF73AFC1D498889FFF72D
:101090002DFC2812FFF733FCE8B2FFF730FC3012CA
:1010A000FFF72DFCF0B2FFF72AFC79E014488088A6
:1010B00045F21051884251D111494889FFF716FC79
:1010C0002012FFF71CFC0E494989491C88B2FFF722
:1010D0000DFCE0B2FFF713FC09494989891C88B26D
:1010E000FFF704FC3812FFF70AFC05494989C91CBF
:1010F00088B2FFF7FBFBF8B2FFF701FC004909E0FB
:101100006C020020140000208000006C6666666699
:10111000666604408889FFF7E9FB2812FFF7EFFBBA
:10112000FD498989491C88B2FFF7E0FBE8B2FFF767
:10113000E6FBF9498989891C88B2FFF7D7FB4FEA9A
:101140002820FFF7DCFBF4498989C91C88B2FFF726
:10115000CDFB08F0FF00FFF7D2FB21E0EE49488904
:10116000FFF7C4FB2012FFF7CAFBE0B2FFF7C7FB93
:101170003812FFF7C4FBF8B2FFF7C1FBE6498889D4
:10118000FFF7B4FB2812FFF7BAFBE8B2FFF7B7FB93
:101190004FEA2820FFF7B3FB08F0FF00FFF7AFFB93
:1011A000BDE8F08170B504460026DB48058840881C
:1011B000454300210846FFF7E3FBFFF7C4FB00BFF0
:1011C00002E0D6480480761CAE42FAD370BD00B56A
:1011D000A1B00020209001217A2006F0E7F801213B
:1011E000084606F01BF94FF400401E9001208DF8D0
:1011F0007C0000208DF87E0002208DF87D0001200B
:101200008DF87F001EA9C64805F060FA4CF23370D5
:101210001E9002208DF87C0000208DF87E000320B7
:101220008DF87D0001208DF87F001EA9BD4805F0D6
:101230004DFA4FF680701E9002208DF87C00002041
:101240008DF87E0003208DF87D0001208DF87F0051
:101250001EA9B54805F03AFA4FF480501E900220BE
:101260008DF87C0000208DF87E0003208DF87D0035
:1012700001208DF87F001EA9AC4805F027FA4FF435
:1012800080501E9002208DF87C0000208DF87E009A
:1012900003208DF87D0001208DF87F001EA9A44851
:1012A00005F014FA0C2200219E4805F09AFA0C224F
:1012B00001219C4805F095FA0C220421994805F07B
:1012C00090FA0C220521974805F08BFA0C22082190
:1012D000944805F086FA0C220921924805F081FA1B
:1012E0000C220A218F4805F07CFA0C220E218D4831
:1012F00005F077FA0C220F218A4805F072FA0C22C9
:101300000721894805F06DFA0C220821864805F06E
:1013100068FA0C220921844805F063FA0C220A219C
:10132000814805F05EFA0C220B217F4805F059FA3E
:101330000C2211467C4805F054FA0C220D217A4803
:1013400005F04FFA0C220E21774805F04AFA0C22DC
:101350000F21754805F045FA0C221146734805F037
:1013600040FA0C221146724805F03BFA0F20089013
:10137000002009903C200A9000200B900C900D90CA
:101380000E90092001900020029008200390002078
:10139000049005900690079006200F900020109072
:1013A0001190102012900020139015901490169018
:1013B00017904FF480501890002019904FF48040FF
:1013C0001A9000201B9008A81C9001A81D900FA83F
:1013D00005F05BFA0121062005F0E2FA322004F064
:1013E0009BFFD320FFF782FAFFF793FA4A498880E0
:1013F000FFF78FFA48498880FFF78BFA46498880C3
:10140000084680884FF6FF7101EA00204249888033
:10141000FFF77FFA4049898808433F49888008469A
:10142000808849F24131884275D00420FFF75EFA86
:10143000FFF76FFA38498880FFF76BFA36498880E2
:10144000FFF767FA34498880084680884FF6FF71B5
:1014500001EA002030498880FFF75BFA2E4989882D
:1014600008432D4988800846808848F252518842B6
:1014700003D147F28970284988802748808847F23D
:1014800089718842D0D0D420FFF730FAFFF741FAB3
:1014900021498880FFF73DFA1F498880FFF739FA14
:1014A0001D498880084680884FF6FF7101EA0020B8
:1014B00019498880FFF72DFA17498988084316498A
:1014C00088800846808845F21031884279D05521BD
:1014D0004FF47040FFF725FAAA214FF20100FFF701
:1014E00020FA52214FF20200FFF71BFA08214FF2B7
:1014F0000300FFF716FA01214FF20400FFF711FA7B
:101500004FF44540FFF7F2F9FFF703FA02498880EC
:10151000084680880EE054E06C0200208000006CD9
:1015200000040240000C024000100240001402407F
:10153000001802404FF6FF7101EA0020FE49888042
:101540004CF20150FFF7D2F9FFF7E3F9FA49898825
:101550000843F9498880052004F0DEFEF6488088BB
:10156000B0F5004F03D145F21050F3498880F2489E
:10157000808845F21051884223D0A120FFF7B6F9A8
:10158000FFF7C7F9EC498880FFF7C3F9EA4988807B
:10159000084680884FF6FF7101EA0020E6498880FE
:1015A000FFF7B7F9E44989880843E349888008468A
:1015B000808845F26171884203D141F66310DE49AB
:1015C0008880DD48808849F24131884217D0DA4866
:1015D000808847F28971884211D0D748808845F2C7
:1015E000103188420BD0D448808845F2105188428F
:1015F00005D0D148808841F6631188422CD1CF486C
:10160000006820F00F004FF02041C1F81C0108468F
:10161000D0F81C0120F47060C1F81C010846D0F815
:101620001C0140F00300C1F81C01C348808847F248
:101630008971884208D1C148006840F440704FF079
:101640002041C1F81C0107E0BC48006840F400706C
:101650004FF02041C1F81C01B7488188B8A00CF0B8
:101660004BFDB548808849F2413188427ED1CF2078
:10167000FFF73CF90020FFF742F9C120FFF73FF9DF
:101680003020FFF73CF9ED20FFF730F96420FFF739
:1016900036F90320FFF733F91220FFF730F98120E4
:1016A000FFF72DF9E820FFF721F98520FFF727F94B
:1016B0001020FFF724F97A20FFF721F9CB20FFF75C
:1016C00015F93920FFF71BF92C20FFF718F9002036
:1016D000FFF715F93420FFF712F90220FFF70FF991
:1016E000F720FFF703F92020FFF709F9EA20FFF7B9
:1016F000FDF80020FFF703F90020FFF700F9C020F4
:10170000FFF7F4F81B20FFF7FAF8C120FFF7EEF817
:101710000120FFF7F4F8C520FFF7E8F83020FFF7C5
:10172000EEF83020FFF7EBF8C720FFF7DFF8B7201F
:10173000FFF7E5F83620FFF7D9F84820FFF7DFF884
:101740003A20FFF7D3F85520FFF7D9F8B120FFF77B
:10175000CDF80020FFF7D3F81A20FFF7D0F8B62015
:10176000FFF7C4F80A20FFF7CAF800E097E0A220CC
:10177000FFF7C5F8F220FFF7B9F80020FFF7BFF830
:101780002620FFF7B3F80120FFF7B9F8E020FFF7B4
:10179000ADF80F20FFF7B3F82A20FFF7B0F82820A4
:1017A000FFF7ADF80820FFF7AAF80E20FFF7A7F81B
:1017B0000820FFF7A4F85420FFF7A1F8A920FFF7AD
:1017C0009EF84320FFF79BF80A20FFF798F80F20B8
:1017D000FFF795F80020FFF792F80020FFF78FF849
:1017E0000020FFF78CF80020FFF789F8E120FFF7D1
:1017F0007DF80020FFF783F81520FFF780F8172009
:10180000FFF77DF80720FFF77AF81120FFF777F848
:101810000620FFF774F82B20FFF771F85620FFF72A
:101820006EF83C20FFF76BF80520FFF768F81020F2
:10183000FFF765F80F20FFF762F83F20FFF75FF82A
:101840003F20FFF75CF80F20FFF759F82B20FFF738
:101850004DF80020FFF753F80020FFF750F8012063
:10186000FFF74DF83F20FFF74AF82A20FFF73EF830
:101870000020FFF744F80020FFF741F80020FFF7B1
:101880003EF8EF20FFF73BF81120FFF72FF8782004
:1018900004F042FD2920FFF729F802F0B3B82648EA
:1018A000808847F2897188427DD11120FFF71EF8A8
:1018B000782004F031FD3620FFF718F80020FFF7FC
:1018C0001EF83A20FFF712F80520FFF718F8B220AB
:1018D000FFF70CF80C20FFF712F80C20FFF70FF8B9
:1018E0000020FFF70CF83320FFF709F83320FFF74B
:1018F00006F8B720FEF7FAFF3520FFF700F8BB2007
:10190000FEF7F4FF3220FEF7FAFFC020FEF7EEFFED
:101910000C20FEF7F4FFC220FEF7E8FF0120FEF7DF
:10192000EEFFC320FEF7E2FF1020FEF7E8FFC42021
:10193000FEF7DCFF20200BE06C0200201C0100A061
:10194000204C43442049443A25780D0A0000000009
:10195000FEF7D5FFC620FEF7C9FF0F20FEF7CFFF29
:10196000D020FEF7C3FFA420FEF7C9FFA120FEF799
:10197000C6FFE020FEF7BAFFD020FEF7C0FF002030
:10198000FEF7BDFF0220FEF7BAFF0720FEF7B7FF04
:101990000A20FEF7B4FF2820FEF7B1FF3220FEF741
:1019A000AEFF442000E062E0FEF7A9FF4220FEF710
:1019B000A6FF0620FEF7A3FF0E20FEF7A0FF1220D1
:1019C000FEF79DFF1420FEF79AFF1720FEF797FF02
:1019D000E120FEF78BFFD020FEF791FF0020FEF7FD
:1019E0008EFF0220FEF78BFF0720FEF788FF0A20FC
:1019F000FEF785FF2820FEF782FF3120FEF77FFFEC
:101A00005420FEF77CFF4720FEF779FF0E20FEF7FB
:101A100076FF1C20FEF773FF1720FEF770FF1B20D8
:101A2000FEF76DFF1E20FEF76AFF2A20FEF75EFF1D
:101A30000020FEF764FF0020FEF761FF0020FEF7A4
:101A40005EFFEF20FEF75BFF2B20FEF74FFF00202D
:101A5000FEF755FF0020FEF752FF0120FEF74FFF73
:101A60003F20FEF74CFF2920FEF740FF15E7FE4818
:101A7000808845F21031884240F07C87ED20FEF7E7
:101A800035FF0120FEF73BFFFE20FEF738FFEE207A
:101A9000FEF72CFFDE20FEF732FF2120FEF72FFF9E
:101AA000F120FEF723FF0120FEF729FFDF20FEF7DC
:101AB0001DFF1020FEF723FFC420FEF717FF8F2025
:101AC000FEF71DFFC620FEF711FF0020FEF717FFEF
:101AD000E220FEF714FFE220FEF711FFE220FEF7FE
:101AE0000EFFBF20FEF702FFAA20FEF708FFB0207E
:101AF000FEF7FCFE0D20FEF702FF0020FEF7FFFEC2
:101B00000D20FEF7FCFE0020FEF7F9FE1120FEF787
:101B1000F6FE0020FEF7F3FE1920FEF7F0FE00208F
:101B2000FEF7EDFE2120FEF7EAFE0020FEF7E7FEBD
:101B30002D20FEF7E4FE0020FEF7E1FE3D20FEF73B
:101B4000DEFE0020FEF7DBFE5D20FEF7D8FE002063
:101B5000FEF7D5FE5D20FEF7D2FE0020FEF7CFFE99
:101B6000B120FEF7C3FE8020FEF7C9FE0020FEF77D
:101B7000C6FE8B20FEF7C3FE0020FEF7C0FE9620B7
:101B8000FEF7BDFE0020FEF7BAFEB220FEF7AEFE65
:101B90000020FEF7B4FE0020FEF7B1FE0220FEF7A3
:101BA000AEFE0020FEF7ABFE0320FEF7A8FE0020ED
:101BB000FEF7A5FEB320FEF799FE0020FEF79FFE7C
:101BC0000020FEF79CFE0020FEF799FE0020FEF7A5
:101BD00096FE0020FEF793FE0020FEF790FE002008
:101BE000FEF78DFE0020FEF78AFE0020FEF787FE3E
:101BF0000020FEF784FE0020FEF781FE0020FEF7A5
:101C00007EFE0020FEF77BFE0020FEF778FE00201F
:101C1000FEF775FE0020FEF772FE0020FEF76FFE55
:101C20000020FEF76CFE0020FEF769FE0020FEF7A4
:101C300066FE0020FEF763FE0020FEF760FE002037
:101C4000FEF75DFE0020FEF75AFEB420FEF74EFEC2
:101C50008B20FEF754FE0020FEF751FE9620FEF783
:101C60004EFE0020FEF74BFEA120FEF748FE0020AE
:101C7000FEF745FEB520FEF739FE0220FEF73FFED7
:101C80000020FEF73CFE0320FEF739FE0020FEF7A1
:101C900036FE0420FEF733FE0020FEF730FEB620AD
:101CA000FEF724FE0020FEF72AFE0020FEF727FEA6
:101CB000B720FEF71BFE0020FEF721FE0020FEF7F6
:101CC0001EFE3F20FEF71BFE0020FEF718FE5E20E2
:101CD000FEF715FE0020FEF712FE6420FEF70FFE51
:101CE0000020FEF70CFE8C20FEF709FE0020FEF718
:101CF00006FEAC20FEF703FE0020FEF700FEDC200F
:101D0000FEF7FDFD0020FEF7FAFD7020FEF7F7FD5F
:101D10000020FEF7F4FD9020FEF7F1FD0020FEF715
:101D2000EEFDEB20FEF7EBFD0020FEF7E8FDDC20EA
:101D3000FEF7E5FD0020FEF7E2FDB820FEF7D6FD38
:101D40000020FEF7DCFD0020FEF7D9FD0020FEF7A5
:101D5000D6FD0020FEF7D3FD0020FEF7D0FD0020C9
:101D6000FEF7CDFD0020FEF7CAFD0020FEF7C7FDFF
:101D7000BA20FEF7BBFD2420FEF7C1FD0020FEF7D0
:101D8000BEFD0020FEF7BBFD0020FEF7B8FDC12020
:101D9000FEF7ACFD2020FEF7B2FD0020FEF7AFFD00
:101DA0005420FEF7ACFD0020FEF7A9FDFF20FEF752
:101DB000A6FD0020FEF7A3FDC220FEF797FD0A2036
:101DC000FEF79DFD0020FEF79AFD0420FEF797FD2B
:101DD0000020FEF794FDC320FEF788FD3C20FEF7AF
:101DE0008EFD0020FEF78BFD3A20FEF788FD0020D7
:101DF000FEF785FD3920FEF782FD0020FEF77FFD0E
:101E00003720FEF77CFD0020FEF779FD3C20FEF731
:101E100076FD0020FEF773FD3620FEF770FD0020F2
:101E2000FEF76DFD3220FEF76AFD0020FEF767FD2C
:101E30002F20FEF764FD0020FEF761FD2C20FEF749
:101E40005EFD0020FEF75BFD2920FEF758FD002017
:101E5000FEF755FD2620FEF752FD0020FEF74FFD50
:101E60002420FEF74CFD01E06C0200200020FEF76C
:101E700046FD2420FEF743FD0020FEF740FD232011
:101E8000FEF73DFD0020FEF73AFD3C20FEF737FD52
:101E90000020FEF734FD3620FEF731FD0020FEF76E
:101EA0002EFD3220FEF72BFD0020FEF728FD2F200F
:101EB000FEF725FD0020FEF722FD2C20FEF71FFD7A
:101EC0000020FEF71CFD2920FEF719FD0020FEF77B
:101ED00016FD2620FEF713FD0020FEF710FD24203E
:101EE000FEF70DFD0020FEF70AFD2420FEF707FD9A
:101EF0000020FEF704FD2320FEF701FD0020FEF781
:101F0000FEFCC420FEF7F2FC6220FEF7F8FC002085
:101F1000FEF7F5FC0520FEF7F2FC0020FEF7EFFCD3
:101F20008420FEF7ECFC0020FEF7E9FCF020FEF731
:101F3000E6FC0020FEF7E3FC1820FEF7E0FC0020A2
:101F4000FEF7DDFCA420FEF7DAFC0020FEF7D7FC4C
:101F50001820FEF7D4FC0020FEF7D1FC5020FEF73D
:101F6000CEFC0020FEF7CBFC0C20FEF7C8FC0020C6
:101F7000FEF7C5FC1720FEF7C2FC0020FEF7BFFCF1
:101F80009520FEF7BCFC0020FEF7B9FCF320FEF71D
:101F9000B6FC0020FEF7B3FCE620FEF7B0FC002004
:101FA000FEF7ADFCC520FEF7A1FC3220FEF7A7FC32
:101FB0000020FEF7A4FC4420FEF7A1FC0020FEF761
:101FC0009EFC6520FEF79BFC0020FEF798FC762027
:101FD000FEF795FC0020FEF792FC8820FEF78FFCB0
:101FE0000020FEF78CFCC620FEF780FC2020FEF7C8
:101FF00086FC0020FEF783FC1720FEF780FC002003
:10200000FEF77DFC0120FEF77AFC0020FEF777FC4E
:10201000C720FEF76BFC0020FEF771FC0020FEF7E6
:102020006EFC0020FEF76BFC0020FEF768FCC82069
:10203000FEF75CFC0020FEF762FC0020FEF75FFC70
:102040000020FEF75CFC0020FEF759FCC920FEF7DB
:102050004DFC0020FEF753FC0020FEF750FC002052
:10206000FEF74DFC0020FEF74AFC0020FEF747FC7F
:102070000020FEF744FC0020FEF741FC0020FEF7A4
:102080003EFC0020FEF73BFC0020FEF738FC002061
:10209000FEF735FC0020FEF732FC0020FEF72FFC97
:1020A0000020FEF72CFC0020FEF729FC0020FEF7A4
:1020B00026FCE020FEF71AFC1620FEF720FC00208C
:1020C000FEF71DFC1C20FEF71AFC0020FEF717FC93
:1020D0002120FEF714FC0020FEF711FC3620FEF74D
:1020E0000EFC0020FEF70BFC4620FEF708FC00204B
:1020F000FEF705FC5220FEF702FC0020FEF7FFFB76
:102100006420FEF7FCFB0020FEF7F9FB7A20FEF7C7
:10211000F6FB0020FEF7F3FB8B20FEF7F0FB002020
:10212000FEF7EDFB9920FEF7EAFB0020FEF7E7FB48
:10213000A820FEF7E4FB0020FEF7E1FBB920FEF744
:10214000DEFB0020FEF7DBFBC420FEF7D8FB0020FF
:10215000FEF7D5FBCA20FEF7D2FB0020FEF7CFFB2F
:10216000D220FEF7CCFB0020FEF7C9FBD920FEF7FA
:10217000C6FB0020FEF7C3FBE020FEF7C0FB0020FB
:10218000FEF7BDFBF320FEF7BAFB0020FEF7B7FB1E
:10219000E120FEF7ABFB1620FEF7B1FB0020FEF7B7
:1021A000AEFB1C20FEF7ABFB0020FEF7A8FB2220B5
:1021B000FEF7A5FB0020FEF7A2FB3620FEF79FFBF3
:1021C0000020FEF79CFB4520FEF799FB0020FEF760
:1021D00096FB5220FEF793FB0020FEF790FB642055
:1021E000FEF78DFB0020FEF78AFB7A20FEF787FBC7
:1021F0000020FEF784FB8B20FEF781FB0020FEF71A
:102200007EFB9920FEF77BFB0020FEF778FBA820E1
:10221000FEF775FB0020FEF772FBB920FEF76FFB9F
:102220000020FEF76CFBC420FEF769FB0020FEF7E0
:1022300066FBCA20FEF763FB0020FEF760FBD2209E
:10224000FEF75DFB0020FEF75AFBD820FEF757FB98
:102250000020FEF754FBE020FEF751FB0020FEF7C4
:102260004EFBF320FEF74BFB0020FEF748FBE2207D
:10227000FEF73CFB0520FEF742FB0020FEF73FFB8C
:102280000B20FEF73CFB0020FEF739FB1B20FEF77E
:1022900036FB0020FEF733FB3420FEF730FB002036
:1022A000FEF72DFB4420FEF72AFB0020FEF727FB5C
:1022B0004F20FEF724FB0020FEF721FB6120FEF7F4
:1022C0001EFB0020FEF71BFB7920FEF718FB002009
:1022D000FEF715FB8820FEF712FB0020FEF70FFB30
:1022E0009720FEF70CFB0020FEF709FBA620FEF767
:1022F00006FB0020FEF703FBB720FEF700FB0020E3
:10230000FEF7FDFAC220FEF7FAFA0020FEF7F7FA10
:10231000C720FEF7F4FA0020FEF7F1FAD120FEF70D
:10232000EEFA0020FEF7EBFAD620FEF7E8FA0020DE
:10233000FEF7E5FADD20FEF7E2FA0020FEF7DFFA0D
:10234000F320FEF7DCFA0020FEF7D9FAE320FEF7CF
:10235000CDFA0520FEF7D3FA0020FEF7D0FA0A20C6
:10236000FEF7CDFA0020FEF7CAFA1C20FEF7C7FAE6
:102370000020FEF7C4FA3320FEF7C1FA0020FEF772
:10238000BEFA4420FEF7BBFA0020FEF7B8FA502050
:10239000FEF7B5FA0020FEF7B2FA6220FEF7AFFAB8
:1023A0000020FEF7ACFA7820FEF7A9FA0020FEF72D
:1023B000A6FA8820FEF7A3FA0020FEF7A0FA9720DD
:1023C000FEF79DFA0020FEF79AFAA620FEF797FA8C
:1023D0000020FEF794FAB720FEF791FA0020FEF7EE
:1023E0008EFAC220FEF78BFA0020FEF788FAC7208B
:1023F000FEF785FA0020FEF782FAD120FEF77FFA79
:102400000020FEF77CFAD520FEF779FA0020FEF7CF
:1024100076FADD20FEF773FA0020FEF770FAF3205B
:10242000FEF76DFA0020FEF76AFAE420FEF75EFA86
:102430000120FEF764FA0020FEF761FA0120FEF7A2
:102440005EFA0020FEF75BFA0220FEF758FA002041
:10245000FEF755FA2A20FEF752FA0020FEF74FFA4F
:102460003C20FEF74CFA0020FEF749FA4B20FEF71D
:1024700046FA0020FEF743FA5D20FEF740FA0020FE
:10248000FEF73DFA7420FEF73AFA0020FEF737FA1D
:102490008420FEF734FA0020FEF731FA9320FEF78D
:1024A0002EFA0020FEF72BFAA220FEF728FA0020D1
:1024B000FEF725FAB320FEF722FA0020FEF71FFAF6
:1024C000BE20FEF71CFA0020FEF719FAC420FEF722
:1024D00016FA0020FEF713FACD20FEF710FA0020BE
:1024E000FEF70DFAD320FEF70AFA0020FEF707FAEE
:1024F000DD20FEF704FA0020FEF701FAF320FEF7D4
:10250000FEF90020FEF7FBF9E520FEF7EFF90020C9
:10251000FEF7F5F90020FEF7F2F90020FEF7EFF9DB
:102520000020FEF7ECF90220FEF7E9F90020FEF7A3
:10253000E6F92920FEF7E3F90020FEF7E0F93C2058
:10254000FEF7DDF90020FEF7DAF94B20FEF7D7F9A8
:102550000020FEF7D4F95D20FEF7D1F90020FEF748
:10256000CEF97420FEF7CBF90020FEF7C8F98420DD
:10257000FEF7C5F90020FEF7C2F99320FEF7BFF978
:102580000020FEF7BCF9A220FEF7B9F90020FEF703
:10259000B6F9B320FEF7B3F90020FEF7B0F9BE207C
:1025A000FEF7ADF90020FEF7AAF9C420FEF7A7F95F
:1025B0000020FEF7A4F9CD20FEF7A1F90020FEF7D8
:1025C0009EF9D320FEF79BF90020FEF798F9DC2056
:1025D000FEF795F90020FEF792F9F320FEF78FF948
:1025E0000020FEF78CF9E620FEF780F91120FEF7B7
:1025F00086F90020FEF783F93420FEF780F90020E9
:10260000FEF77DF95620FEF77AF90020FEF777F9FC
:102610007620FEF774F90020FEF771F97720FEF7B7
:102620006EF90020FEF76BF96620FEF768F90020CE
:10263000FEF765F98820FEF762F90020FEF75FF9E2
:102640009920FEF75CF90020FEF759F9BB20FEF750
:1026500056F90020FEF753F99920FEF750F90020B3
:10266000FEF74DF96620FEF74AF90020FEF747F91C
:102670005520FEF744F90020FEF741F95520FEF7FA
:102680003EF90020FEF73BF94520FEF738F900201F
:10269000FEF735F94320FEF732F90020FEF72FF957
:1026A0004420FEF72CF90020FEF729F9E720FEF779
:1026B0001DF93220FEF723F90020FEF720F95520FE
:1026C000FEF71DF90020FEF71AF97620FEF717F93C
:1026D0000020FEF714F96620FEF711F90020FEF73E
:1026E0000EF96720FEF70BF90020FEF708F96720C6
:1026F000FEF705F90020FEF702F98720FEF7FFF844
:102700000020FEF7FCF89920FEF7F9F80020FEF70C
:10271000F6F8BB20FEF7F3F80020FEF7F0F899205A
:10272000FEF7EDF80020FEF7EAF87720FEF7E7F86D
:102730000020FEF7E4F84420FEF7E1F80020FEF761
:10274000DEF85620FEF7DBF80020FEF7D8F823204D
:10275000FEF7D5F80020FEF7D2F83320FEF7CFF8C9
:102760000020FEF7CCF84520FEF7C9F80020FEF760
:10277000C6F8E820FEF7BAF80020FEF7C0F80020FF
:10278000FEF7BDF89920FEF7BAF80020FEF7B7F87B
:102790008720FEF7B4F80020FEF7B1F88820FEF796
:1027A000AEF80020FEF7ABF87720FEF7A8F800207F
:1027B000FEF7A5F86620FEF7A2F80020FEF79FF8C6
:1027C0008820FEF79CF80020FEF799F8AA20FEF773
:1027D00096F80020FEF793F8BB20FEF790F8002053
:1027E000FEF78DF89920FEF78AF80020FEF787F8AB
:1027F0006620FEF784F80020FEF781F85520FEF7EA
:102800007EF80020FEF77BF85520FEF778F80020D0
:10281000FEF775F84420FEF772F80020FEF76FF817
:102820004420FEF76CF80020FEF769F85520FEF70B
:1028300066F80020FEF763F8E920FEF757F8AA20B3
:10284000FEF75DF80020FEF75AF80020FEF757F873
:102850000020FEF754F80020FEF748F8AA20FEF703
:102860004EF8CF20FEF742F80020FEF748F800208F
:10287000FEF745F80020FEF742F80020FEF73FF88B
:102880000020FEF73CF80020FEF739F80020FEF7A4
:1028900036F80020FEF733F80020FEF730F800206D
:1028A000FEF72DF80020FEF72AF80020FEF727F8A3
:1028B0000020FEF724F80020FEF721F80020FEF7A4
:1028C0001EF80020FEF71BF80020FEF718F8F02095
:1028D000FEF70CF80020FEF712F85020FEF70FF874
:1028E0000020FEF70CF80020FEF709F80020FEF7A4
:1028F00006F8F320FDF7FAFF0020FEF700F8F920B4
:10290000FDF7F4FF0620FDF7FAFF1020FDF7F7FFB3
:102910002920FDF7F4FF0020FDF7F1FF3A20FDF735
:10292000E5FF5520FDF7EBFF1120FDF7DFFF6420E9
:1029300003F0F2FC2920FDF7D9FF3520FDF7D6FF83
:102940000020FDF7DCFF5120FDF7D0FFFF20FDF751
:10295000D6FF5320FDF7CAFF2C20FDF7D0FF5520EE
:10296000FDF7C4FF8220FDF7CAFF2C20FDF7BEFF54
:1029700001F048B8FE48808845F2105188427DD168
:1029800055214FF47040FDF7CCFFAA214FF2010012
:10299000FDF7C7FF52214FF20200FDF7C2FF0821E9
:1029A0004FF20300FDF7BDFF01214FF20400FDF7D8
:1029B000B8FF0D214FF43040FDF7B3FF0D214BF26E
:1029C0000100FDF7AEFF0D214BF20200FDF7A9FF5C
:1029D00034214FF43640FDF7A4FF34214BF201605F
:1029E000FDF79FFF34214BF20260FDF79AFF0D21A6
:1029F0004FF43140FDF795FF0D214BF20110FDF72B
:102A000090FF0D214BF20210FDF78BFF34214FF4A4
:102A10003740FDF786FF34214BF20170FDF781FF4F
:102A200034214BF20270FDF77CFF00214FF432405D
:102A3000FDF777FF00214BF20120FDF772FF002127
:102A40004BF20220FDF76DFF24214FF43840FDF7D3
:102A500068FF24214BF60100FDF763FF24214BF6AC
:102A60000200FDF75EFF01214FF43F40FDF759FFE3
:102A70000F214FF43340FDF754FF00E0FDE30F2139
:102A80004BF20130FDF74DFF0F214BF20230FDF705
:102A900048FF34214FF43940FDF743FF34214BF612
:102AA0000110FDF73EFF34214BF60210FDF739FF10
:102AB00008214FF43540FDF734FF08214BF2015057
:102AC000FDF72FFF08214BF20250FDF72AFF0321EB
:102AD0004FF44240FDF725FF24214FF43A40FDF723
:102AE00020FF24214BF60120FDF71BFF24214BF68C
:102AF0000220FDF716FF00214FF43C40FDF711FFC7
:102B000078214BF60140FDF70CFF00214BF6024007
:102B1000FDF707FF00214FF43D40FDF702FF78214C
:102B20004BF60150FDF7FDFE00214BF60250FDF77C
:102B3000F8FE00214FF43E40FDF7F3FE64214BF612
:102B40000160FDF7EEFE00214FF45140FDF7E9FE74
:102B500033214DF20110FDF7E4FE00214DF2021089
:102B6000FDF7DFFE34214DF20310FDF7DAFE002100
:102B70004DF20410FDF7D5FE3A214DF20510FDF798
:102B8000D0FE00214DF20610FDF7CBFE4A214DF29A
:102B90000710FDF7C6FE00214DF20810FDF7C1FE3B
:102BA0005C214DF20910FDF7BCFE00214DF20A1028
:102BB000FDF7B7FE81214DF20B10FDF7B2FE0021AB
:102BC0004DF20C10FDF7ADFEA6214DF20D10FDF7F4
:102BD000A8FE00214DF20E10FDF7A3FEE5214DF2F7
:102BE0000F10FDF79EFE01214DF21010FDF799FE2A
:102BF00013214DF21110FDF794FE01214DF2121038
:102C0000FDF78FFE54214DF21310FDF78AFE0121CE
:102C10004DF21410FDF785FE82214DF21510FDF7DF
:102C200080FE01214DF21610FDF77BFECA214DF208
:102C30001710FDF776FE02214DF21810FDF771FE18
:102C400000214DF21910FDF76CFE02214DF21A1011
:102C5000FDF767FE01214DF21B10FDF762FE022118
:102C60004DF21C10FDF75DFE34214DF21D10FDF7F5
:102C700058FE02214DF21E10FDF753FE67214DF262
:102C80001F10FDF74EFE02214DF22010FDF749FE08
:102C900084214DF22110FDF744FE02214DF2221055
:102CA000FDF73FFEA4214DF22310FDF73AFE02216D
:102CB0004DF22410FDF735FEB7214DF22510FDF73A
:102CC00030FE02214DF22610FDF72BFECF214DF2F2
:102CD0002710FDF726FE02214DF22810FDF721FEF8
:102CE000DE214DF22910FDF71CFE02214DF22A10C3
:102CF000FDF717FEF2214DF22B10FDF712FE022117
:102D00004DF22C10FDF70DFEFE214DF22D10FDF7BA
:102D100008FE03214DF22E10FDF703FE10214DF2A7
:102D20002F10FDF7FEFD03214DF23010FDF7F9FDE8
:102D300033214DF23110FDF7F4FD03214DF2321035
:102D4000FDF7EFFD6D214DF23310FDF7EAFD002197
:102D50004FF45240FDF7E5FD33214DF20120FDF720
:102D6000E0FD00214DF20220FDF7DBFD342101E002
:102D70006C0200204DF20320FDF7D3FD00214DF23F
:102D80000420FDF7CEFD3A214DF20520FDF7C9FDE7
:102D900000214DF20620FDF7C4FD4A214DF2072027
:102DA000FDF7BFFD00214DF20820FDF7BAFD5C21C3
:102DB0004DF20920FDF7B5FD00214DF20A20FDF787
:102DC000B0FD81214DF20B20FDF7ABFD00214DF24E
:102DD0000C20FDF7A6FDA6214DF20D20FDF7A1FD6B
:102DE00000214DF20E20FDF79CFDE5214DF20F2054
:102DF000FDF797FD01214DF21020FDF792FD132103
:102E00004DF21120FDF78DFD01214DF21220FDF74D
:102E100088FD54214DF21320FDF783FD01214DF271
:102E20001420FDF77EFD82214DF21520FDF779FD7E
:102E300001214DF21620FDF774FDCA214DF2172035
:102E4000FDF76FFD02214DF21820FDF76AFD00210C
:102E50004DF21920FDF765FD02214DF21A20FDF714
:102E600060FD01214DF21B20FDF75BFD02214DF2BB
:102E70001C20FDF756FD34214DF21D20FDF751FDBC
:102E800002214DF21E20FDF74CFD67214DF21F205F
:102E9000FDF747FD02214DF22020FDF742FD842180
:102EA0004DF22120FDF73DFD02214DF22220FDF7DC
:102EB00038FDA4214DF22320FDF733FD02214DF210
:102EC0002420FDF72EFDB7214DF22520FDF729FD29
:102ED00002214DF22620FDF724FDCF214DF22720BF
:102EE000FDF71FFD02214DF22820FDF71AFDDE211E
:102EF0004DF22920FDF715FD02214DF22A20FDF7A4
:102F000010FDF2214DF22B20FDF70BFD02214DF2B9
:102F10002C20FDF706FDFE214DF22D20FDF701FDD1
:102F200003214DF22E20FDF7FCFC10214DF22F2045
:102F3000FDF7F7FC03214DF23020FDF7F2FC3321C1
:102F40004DF23120FDF7EDFC03214DF23220FDF76B
:102F5000E8FC6D214DF23320FDF7E3FC00214FF436
:102F60005340FDF7DEFC33214DF20130FDF7D9FC73
:102F700000214DF20230FDF7D4FC34214DF2033034
:102F8000FDF7CFFC00214DF20430FDF7CAFC3A21D9
:102F90004DF20530FDF7C5FC00214DF20630FDF77E
:102FA000C0FC4A214DF20730FDF7BBFC00214DF279
:102FB0000830FDF7B6FC5C214DF20930FDF7B1FC9D
:102FC00000214DF20A30FDF7ACFC81214DF20B30AF
:102FD000FDF7A7FC00214DF20C30FDF7A2FCA62165
:102FE0004DF20D30FDF79DFC00214DF20E30FDF746
:102FF00098FCE5214DF20F30FDF793FC01214DF2D5
:103000001030FDF78EFC13214DF21130FDF789FCD5
:1030100001214DF21230FDF784FC54214DF21330A2
:10302000FDF77FFC01214DF21430FDF77AFC82217F
:103030004DF21530FDF775FC01214DF21630FDF70C
:1030400070FCCA214DF21730FDF76BFC02214DF2E6
:103050001830FDF766FC00214DF21930FDF761FCD8
:1030600002214DF21A30FDF75CFC01214DF21B30BC
:10307000FDF757FC02214DF21C30FDF752FC3421C4
:103080004DF21D30FDF74DFC02214DF21E30FDF7D3
:1030900048FC67214DF21F30FDF743FC02214DF241
:1030A0002030FDF73EFC84214DF22130FDF739FC44
:1030B00002214DF22230FDF734FCA4214DF22330E1
:1030C000FDF72FFC02214DF22430FDF72AFCB72139
:1030D0004DF22530FDF725FC02214DF22630FDF79B
:1030E00020FCCF214DF22730FDF71BFC02214DF2D1
:1030F0002830FDF716FCDE214DF22930FDF711FCDA
:1031000002214DF22A30FDF70CFCF2214DF22B305A
:10311000FDF707FC02214DF22C30FDF702FCFE21E9
:103120004DF22D30FDF7FDFB03214DF22E30FDF762
:10313000F8FB10214DF22F30FDF7F3FB03214DF288
:103140003030FDF7EEFB33214DF23130FDF7E9FB76
:1031500003214DF23230FDF7E4FB6D214DF23330A7
:10316000FDF7DFFB00214FF45440FDF7DAFB33217C
:103170004DF20140FDF7D5FB00214DF20240FDF775
:10318000D0FB34214DF20340FDF7CBFB00214DF283
:103190000440FDF7C6FB3A214DF20540FDF7C1FBA7
:1031A00000214DF20640FDF7BCFB4A214DF20740DD
:1031B000FDF7B7FB00214DF20840FDF7B2FB5C21A3
:1031C0004DF20940FDF7ADFB00214DF20A40FDF73D
:1031D000A8FB81214DF20B40FDF7A3FB00214DF22E
:1031E0000C40FDF79EFBA6214DF20D40FDF799FB2B
:1031F00000214DF20E40FDF794FBE5214DF20F400A
:10320000FDF78FFB01214DF21040FDF78AFB1321E2
:103210004DF21140FDF785FB01214DF21240FDF703
:1032200080FB54214DF21340FDF77BFB01214DF251
:103230001440FDF776FB82214DF21540FDF771FB3E
:1032400001214DF21640FDF76CFBCA214DF21740EB
:10325000FDF767FB02214DF21840FDF762FB0021EC
:103260004DF21940FDF75DFB02214DF21A40FDF7CA
:1032700058FB01214DF21B4000E005E3FDF751FB37
:1032800002214DF21C40FDF74CFB34214DF21D4054
:10329000FDF747FB02214DF21E40FDF742FB67217F
:1032A0004DF21F40FDF73DFB02214DF22040FDF79E
:1032B00038FB84214DF22140FDF733FB02214DF212
:1032C0002240FDF72EFBA4214DF22340FDF729FB00
:1032D00002214DF22440FDF724FBB7214DF2254099
:1032E000FDF71FFB02214DF22640FDF71AFBCF210F
:1032F0004DF22740FDF715FB02214DF22840FDF766
:1033000010FBDE214DF22940FDF70BFB02214DF2AF
:103310002A40FDF706FBF2214DF22B40FDF701FBA1
:1033200002214DF22C40FDF7FCFAFE214DF22D401A
:10333000FDF7F7FA03214DF22E40FDF7F2FA1021C6
:103340004DF22F40FDF7EDFA03214DF23040FDF72D
:10335000E8FA33214DF23140FDF7E3FA03214DF253
:103360003240FDF7DEFA6D214DF23340FDF7D9FA18
:1033700000214FF45540FDF7D4FA33214DF20150AE
:10338000FDF7CFFA00214DF20250FDF7CAFA3421C1
:103390004DF20350FDF7C5FA00214DF20450FDF740
:1033A000C0FA3A214DF20550FDF7BBFA00214DF26B
:1033B0000650FDF7B6FA4A214DF20750FDF7B1FA73
:1033C00000214DF20850FDF7ACFA5C214DF2095096
:1033D000FDF7A7FA00214DF20A50FDF7A2FA81216C
:1033E0004DF20B50FDF79DFA00214DF20C50FDF708
:1033F00098FAA6214DF20D50FDF793FA00214DF2F7
:103400000E50FDF78EFAE5214DF20F50FDF789FAC7
:1034100001214DF21050FDF784FA13214DF21150A5
:10342000FDF77FFA01214DF21250FDF77AFA54218F
:103430004DF21350FDF775FA01214DF21450FDF7CE
:1034400070FA82214DF21550FDF76BFA01214DF211
:103450001650FDF766FACA214DF21750FDF761FAD2
:1034600002214DF21850FDF75CFA00214DF219507F
:10347000FDF757FA02214DF21A50FDF752FA0121D9
:103480004DF21B50FDF74DFA02214DF21C50FDF795
:1034900048FA34214DF21D50FDF743FA02214DF256
:1034A0001E50FDF73EFA67214DF21F50FDF739FA25
:1034B00002214DF22050FDF734FA84214DF22150C3
:1034C000FDF72FFA02214DF22250FDF72AFAA4212E
:1034D0004DF22350FDF725FA02214DF22450FDF75D
:1034E00020FAB7214DF22550FDF71BFA02214DF2CB
:1034F0002650FDF716FACF214DF22750FDF711FAAD
:1035000002214DF22850FDF70CFADE214DF2295030
:10351000FDF707FA02214DF22A50FDF702FAF221D7
:103520004DF22B50FDF7FDF902214DF22C50FDF725
:10353000F8F9FE214DF22D50FDF7F3F903214DF27C
:103540002E50FDF7EEF910214DF22F50FDF7E9F95D
:1035500003214DF23050FDF7E4F933214DF23150A3
:10356000FDF7DFF903214DF23250FDF7DAF96D2155
:103570004DF23350FDF7D5F900214FF45640FDF7D9
:10358000D0F933214DF20160FDF7CBF900214DF266
:103590000260FDF7C6F934214DF20360FDF7C1F971
:1035A00000214DF20460FDF7BCF93A214DF20560AF
:1035B000FDF7B7F900214DF20660FDF7B2F94A2197
:1035C0004DF20760FDF7ADF900214DF20860FDF7FF
:1035D000A8F95C214DF20960FDF7A3F900214DF235
:1035E0000A60FDF79EF981214DF20B60FDF799F914
:1035F00000214DF20C60FDF794F9A6214DF20D600B
:10360000FDF78FF900214DF20E60FDF78AF9E521F3
:103610004DF20F60FDF785F901214DF21060FDF7C5
:1036200080F913214DF21160FDF77BF901214DF274
:103630001260FDF776F954214DF21360FDF771F930
:1036400001214DF21460FDF76CF982214DF21560F5
:10365000FDF767F901214DF21660FDF762F9CA2105
:103660004DF21760FDF75DF902214DF21860FDF78C
:1036700058F900214DF21960FDF753F902214DF27E
:103680001A60FDF74EF901214DF21B60FDF749F973
:1036900002214DF21C60FDF744F934214DF21D600A
:1036A000FDF73FF902214DF21E60FDF73AF967215F
:1036B0004DF21F60FDF735F902214DF22060FDF754
:1036C00030F984214DF22160FDF72BF902214DF2F2
:1036D0002260FDF726F9A4214DF22360FDF721F9C0
:1036E00002214DF22460FDF71CF9B7214DF225604F
:1036F000FDF717F902214DF22660FDF712F9CF21EF
:103700004DF22760FDF70DF902214DF22860FDF71B
:1037100008F9DE214DF22960FDF703F902214DF28F
:103720002A60FDF7FEF8F2214DF22B60FDF7F9F863
:1037300002214DF22C60FDF7F4F8FE214DF22D60D0
:10374000FDF7EFF803214DF22E60FDF7EAF81021A6
:103750004DF22F60FDF7E5F803214DF23060FDF7E3
:10376000E0F833214DF23160FDF7DBF803214DF233
:103770003260FDF7D6F86D214DF23360FDF7D1F8D8
:1037800055214FF47040FDF7CCF8AA214FF201000B
:10379000FDF7C7F852214FF20200FDF7C2F80821E9
:1037A0004FF20300FDF7BDF800214FF20400FDF7D2
:1037B000B8F8CC214FF43140FDF7B3F800214BF2BB
:1037C0000110FDF7AEF805214FF43640FDF7A9F8DA
:1037D00070214FF43740FDF7A4F870214BF20170CF
:1037E000FDF79FF801214FF43840FDF79AF80321C7
:1037F0004BF60100FDF795F803214BF60200FDF7AB
:1038000090F803214BF60300FDF78BF802214FF4EB
:103810003C40FDF786F800214BF60140FDF781F8AA
:1038200000214BF60240FDF77CF8D0214FF44940CF
:10383000FDF777F802214CF60110FDF772F85021E0
:103840004CF60210FDF76DF850214CF60310FDF711
:1038500068F850214CF60410FDF763F800214FF48E
:103860005450FDF75EF855214FF46850FDF759F8B4
:103870004FF48850FDF73AF8782002F005FD4FF438
:103880002450FDF733F8BDE0FE48808841F663110F
:103890008842F8D1E220FDF729F81D20FDF72FF826
:1038A0000220FDF72CF80420FDF729F8642002F02F
:1038B000EBFCE020FDF71AF80120FDF720F80A20C4
:1038C00002F02AFDE020FDF711F80320FDF717F8BC
:1038D0000C2002F021FD0120FDF708F80A2002F07B
:1038E0001BFDE620FDF702F82F20FDF708F8FF206A
:1038F000FDF705F8FF20FDF702F8B020FCF7F6FF12
:103900002020FCF7FCFF0020FCF7F9FF0320FCF768
:10391000F6FF40F21F30FCF7F2FF0120FCF7EFFF4B
:1039200040F2DF10FCF7EBFF0020FCF7E8FFB420CB
:10393000FCF7DCFF0420FCF7E2FF40F21F40FCF73D
:10394000DEFF0020FCF7DBFF2E20FCF7D8FF002075
:10395000FCF7D5FF0020FCF7D2FF0020FCF7CFFFDB
:103960000020FCF7CCFFB620FCF7C0FF0220FCF7DC
:10397000C6FF4FF40370FCF7C2FF0020FCF7BFFF47
:103980001720FCF7BCFF1520FCF7B9FF0020FCF75F
:10399000B6FF0020FCF7B3FFF020FCF7A7FF0320E1
:1039A000FCF7ADFF2920FCF7A1FFD020FCF79EFF1C
:1039B0000020FCF7A4FFBE20FCF798FF0520FCF7D1
:1039C0009EFFFE20FCF79BFF0120FCF798FF0020E4
:1039D000FCF795FF0020FCF792FF0020FCF78FFF1B
:1039E000B820FCF783FF0320FCF789FF0120FCF7D8
:1039F00086FFBA20FCF77AFF0120FCF780FF6420E5
:103A0000FDF74FFA0020FDF778FA01209E49086083
:103A10004FF6FF70FDF7C6FB21B000BD2DE9F04F5A
:103A200005460E4617469846DDF824A04FF0000BD9
:103A3000781B401C1FFA80FB344614E021462846C0
:103A4000FCF79EFFFCF77FFF4FF0000907E04FF007
:103A5000D840A0F880A009F101001FFA80F9D945EB
:103A6000F5DB601C84B24445E8DDBDE8F08F2DE94C
:103A7000F84F07460D4690469946DDF828B0A8EB6A
:103A80000700401C1FFA80FAA9EB0500401C80B219
:103A90000090002414E0281981B23846FCF770FF2A
:103AA000FCF751FF002607E004FB0A603BF810001A
:103AB00076490880701C86B25645F5DB601C84B2DE
:103AC00000988442E7DBBDE8F88F2DE9FF4F84B012
:103AD00081468A460020039002900698A0EB0905D3
:103AE0000798A0EB0A06CDF80490CDF800A0002DB1
:103AF00001DD012705E00DB9002702E04FF0FF3797
:103B00006D42002E02DD4FF0010806E016B94FF0BD
:103B1000000802E04FF0FF387642B54201DD2C4646
:103B200000E034464FF0000B21E0009A91B2019A78
:103B300090B2FDF731F9039828440390029830447D
:103B400002900398A04205DD0398001B03900198A2
:103B5000384401900298A04205DD0298001B0290B3
:103B60000098404400900BF101001FFA80FB601C9C
:103B70008345DADD08B0BDE8F08FF0B504460D46A8
:103B800016461F462B46324629462046FFF79DFF24
:103B90003B46224629462046FFF797FF3B463246E2
:103BA00039462046FFF791FF3B46324629463046CC
:103BB000FFF78BFFF0BD2DE9F04306460F46904618
:103BC000002445460320A0EB48093CE07A1B91B253
:103BD000321990B2FDF7E0F83A1B91B2721990B227
:103BE000FDF7DAF83A1991B2721990B2FDF7D4F8EC
:103BF0007A1991B2321990B2FDF7CEF87A1991B2D2
:103C0000321B90B2FDF7C8F83A1991B2721B90B20C
:103C1000FDF7C2F87A1B91B2321B90B2FDF7BCF8E7
:103C20003A1B91B2721B90B2FDF7B6F8641CB9F161
:103C3000000F03DAA000801D814404E0601B8000B7
:103C40000A3081446D1EAC42C0DDBDE8F0832DE931
:103C5000F84F80460E4617461C46B3462046E317EB
:103C600004EB5373DB1021464FEAE47C04EB5C7CED
:103C70004FEAEC0CA4EBCC0CBCF1000F08D04FF0D9
:103C8000010C07E06C020020BC8240428000006C06
:103C90004FF0000C6344224604EBD27C4FEA6C0CDC
:103CA00003FB0CF3DBB20093A7F12000C7B20025A1
:103CB00056E00C2C07D107EB47009F4901EB800031
:103CC00010F8059013E0102C05D19C4800EB07106C
:103CD00010F805900BE0182C07D107EBC7009849A6
:103CE00001EB800010F8059001E0BDE8F88F4FF07F
:103CF000000A2FE009F0800030B192480288314676
:103D00004046FDF757F807E00A9828B98E48028820
:103D100031464046FDF74EF84FEA49604FEA1069D8
:103D2000701C86B289484088B04200DCDDE7A6EB13
:103D30000B00A0420AD15E4608F101001FFA80F88C
:103D400082480088404500DCCFE706E00AF1010028
:103D500000F0FF0ABAF1080FCCDB00BF681CC5B247
:103D600000988542A5DB00BFBFE710B502460120E1
:103D700000E050430B1EA1F10104E1B2F9D110BDE6
:103D80002DE9FF4F81B0074691461E460E9D4FF02C
:103D9000000A002439E0301B401EC1B20A20FFF7A0
:103DA000E4FFB9FBF0F00A21B0FBF1F201FB1208CD
:103DB000BAF1000F16D1701EA04213DDB8F1000F4A
:103DC0000ED10020AB4605EBDB71491001FB0471FD
:103DD000009088B22B4620220299FFF738FF12E0AC
:103DE0004FF0010A0020AB4605EBDB71491001FBE7
:103DF0000471009088B208F13001CAB22B460299D2
:103E0000FFF725FF00BF601CC4B2B442C3DB05B09E
:103E1000BDE8F08F2DE9FF4F82B0064692461F465F
:103E2000DDE90F480020019000254DE0781B401E81
:103E3000C1B20A20FFF799FFBAFBF0F00A21B0FBEC
:103E4000F1F201FB1209019850BB781EA84227DD50
:103E5000B9F1000F22D108F0800078B108F001001C
:103E6000A34604EBDB71491001FB0561009088B2A9
:103E7000234630220399FFF7EAFE0EE008F0010026
:103E8000A34604EBDB71491001FB0561009088B289
:103E9000234620220399FFF7DAFE13E00120019068
:103EA00008F00100A34604EBDB71491001FB05613A
:103EB000009088B209F13001CAB223460399FFF796
:103EC000C6FE00BF681CC5B2BD42AFDB06B0BDE890
:103ED000F08F2DE9F84704460D4690469946DDE9F6
:103EE000096704F0FF0A08EB04001FFA80F809EBE9
:103EF00005001FFA80F916E0444502DB5446A81974
:103F000085B24D4500DB14E0002000903A7833463E
:103F100029462046FFF79BFE304606EBD07104EBA6
:103F200061018CB27F1C38787E2802DC387820282A
:103F3000E2DA00BFBDE8F887EAEA00085EEF0008B1
:103F40004EF5000814000020160000206C0200202E
:103F50001CB50121112003F029FA1C20009000203B
:103F60008DF8040003208DF8050001208DF807006E
:103F70006946354802F0AAFB0120009002208DF826
:103F800007006946314802F0A1FB1CBD10B504468C
:103F900014B101202E4908702D480078002837D030
:103FA0001021294802F0F4FB78B10821264802F0DC
:103FB000EFFB50B10421244802F0EAFB28B10121B3
:103FC000224802F0E5FB012822D10A2002F0A4F9E0
:103FD00000201F49087010211B4802F0D9FB08B9C6
:103FE000012010BD0821184802F0D2FB08B90220B8
:103FF000F7E70421144802F0CBFB08B90320F0E7EF
:104000000121124802F0C4FB01281BD10420E8E77B
:1040100010210D4802F0BCFB012813D108210A48E9
:1040200002F0B6FB01280DD10421074802F0B0FBD5
:10403000012807D10121054802F0AAFB10B901208F
:10404000034908700020CCE7001002400000024045
:104050001800002010B5044600BF0221414804F0BA
:1040600059FF0028F9D021463E4804F00AFF00BF5E
:1040700001213C4804F04EFF0028F9D0394804F0F3
:10408000FDFEC0B210BD00B587B00121084603F0A7
:104090008DF90121080303F0E3F93820059002208F
:1040A0008DF8180000208DF81A0003208DF81900F3
:1040B00001208DF81B0005A92B4802F007FB052203
:1040C0000321294802F08DFB05220421264802F035
:1040D00088FB05221146244802F083FB01210803D6
:1040E00003F013FA00214FF4805003F00EFA002081
:1040F000ADF800004FF48270ADF802000020ADF87A
:1041000004000220ADF806000120ADF808004002CE
:10411000ADF80A003820ADF80C000020ADF80E0014
:104120000720ADF8100069460E4804F02FFD01216C
:104130000C4804F025FEFF20FFF78CFF07B000BD00
:1041400010B50446074800884FF6C7710840054976
:10415000088008460088204308800121014804F0B7
:104160000FFE10BD003001400004024010B50024D5
:104170000020D84908609020FFF76CFF0020FFF76F
:1041800069FF0020FFF766FF0020FFF763FFFF20B5
:10419000FFF760FF44EA0024FF20FFF75BFF0443C2
:1041A0000120CD49C1F8B802204610BD1CB501213F
:1041B000022003F0FBF80121402003F0F7F84FF450
:1041C0008040009001208DF8040000208DF806004A
:1041D00003208DF8050001208DF807006946BF48CF
:1041E00002F074FA802000906946BD4802F06EFA31
:1041F0008021BB4802F0E6FA0120B6490860FFF7CB
:1042000042FF0820FFF79CFFFFF7B0FFB549088089
:104210001CBD10B500240020AE4908600520FFF742
:1042200019FFFF20FFF716FF04460120AA49C1F835
:10423000B802204610BD10B504460020A54908600C
:104240000120FFF707FF2046FFF704FF0120A249E6
:10425000C1F8B80210BD10B500209E4908600620C4
:10426000FFF7F8FE01209C49C1F8B80210BD10B557
:104270000020984908600420FFF7ECFE01209649D1
:10428000C1F8B80210BD2DE9F04106460C461746AC
:104290000020904908600320FFF7DCFEC4F30740CC
:1042A000FFF7D8FEC4F30720FFF7D4FEE0B2FFF714
:1042B000D1FE002505E0FF20FFF7CCFE7055681CFD
:1042C00085B2BD42F7DB012082490860BDE8F0817C
:1042D00010B500BFFFF79DFF00F001000028F9D1E5
:1042E00010BD2DE9F04106460C461746FFF7B3FF17
:1042F0000020784908600220FFF7ACFEC4F30740B5
:10430000FFF7A8FEC4F30720FFF7A4FEE0B2FFF713
:10431000A1FE002504E0705DFFF79CFE681C85B2DD
:10432000BD42F8DB01206B490860FFF7D1FFBDE813
:10433000F0812DE9F04107460E461446F0B2C0F573
:104340008075AC4200DC254612E02A4631463846EC
:10435000FFF7C7FFAC4200D10BE02F442E44601B97
:1043600084B2B4F5807F02DD4FF4807500E025460D
:10437000EBE700BFBDE8F08110B5044621465AA026
:1043800009F0BAFE2403FFF766FFFFF7A1FF002044
:10439000504908602020FFF75DFEC4F30740FFF797
:1043A00059FEC4F30720FFF755FEE0B2FFF752FEB7
:1043B00001204949C1F8B802FFF78AFF10BD2DE975
:1043C000F05F81460F461646DFF824B14FEA1738F2
:1043D000C7F30B0ACAF58054A64200DC344644E019
:1043E0004FEA08314FF480525846FFF74CFF002542
:1043F00008E00AEB05001BF80000FF2800D003E0EE
:10440000681C85B2A542F4DB00BFA54216DA40461F
:10441000FFF7B2FF002507E019F8050005EB0A01D8
:104420000BF80100681C85B2A542F5DB4FEA0831A4
:104430004FF480525846FFF77CFF04E0224639468D
:104440004846FFF776FFA64200D10FE008F10108C9
:104450004FF0000AA1442744301B86B2B6F5805FB6
:1044600002DD4FF4805400E03446B9E700BFBDE8F8
:10447000F09F10B5FFF7EFFEFFF72AFF0020154968
:104480000860C720FFF7E6FD01201349C1F8B80214
:10449000FFF71EFF10BD10B500200E490860B920BF
:1044A000FFF7D8FD01200C49C1F8B802032001F044
:1044B000EBFE10BD10B5002006490860AB20FFF7E9
:1044C000C9FD01200449C1F8B802032001F0DCFE57
:1044D00010BD0000B882404200804042000402400B
:1044E000001802401A00002066653A25780D0A007F
:1044F0007A0200200020FE490860091D0860091D9D
:104500000860091D0860FA4924310860091D086027
:10451000091D0860F748F649383108600020091D78
:104520000860704701460020012900D011B9F24B04
:10453000197000E0262070470146ED4A121D1068F0
:1045400020F0FF0008431060704770B5044606E095
:10455000E7483430056805F0450000B100E0F7E7B2
:1045600000BF042002F022FD20B1042002F029FD4A
:10457000032070BD012002F019FD20B1012002F0DE
:1045800020FD0120F5E7DA4810300068A04201D094
:104590001020EEE740F2FF5002F013FDD448143033
:1045A000006808210840C0B2E3E72DE9FC41074656
:1045B0000D46002600240020009001900820CF49DD
:1045C000086010204860402088600020C8604FF4D8
:1045D00080600861084602F056FC1020FFF7B5FF26
:1045E000044614B12046BDE8FC81C548008800049B
:1045F000C249086037204860402088600020C860B9
:104600004FF480600861084602F03DFC3720FFF758
:104610009CFF04460CB12046E5E74FF0FF30B94956
:10462000086008204860302088600220C8600020B0
:10463000086101204861084602F051FC0020AF49A2
:10464000086033204860402088600020C8604FF434
:1046500080600861084602F016FC3320FFF775FF02
:1046600004460CB12046BEE70DE04FF4001002F006
:104670009DFC40B19E48803000684DF82600761CB5
:10468000022E00D307E09A483430006840F22A61D5
:1046900008400028E9D000BF082002F087FC20B1C4
:1046A000082002F08EFC04209DE7022002F07EFC30
:1046B00020B1022002F085FC022094E7202002F0C5
:1046C00075FC20B1202002F07CFC06208BE74FF423
:1046D000007002F06BFC28B14FF4007002F071FC26
:1046E000072080E740F2FF5002F06BFC00980006C4
:1046F000009901F47F4140EA0120009901F47F0113
:1047000040EA1120009940EA1160686001980006B3
:10471000019901F47F4140EA0120019901F47F01F0
:1047200040EA1120019940EA1160286020465AE7CA
:104730007CB50546002400200090019000260DB1B4
:10474000022600E000266A481430006800F000707D
:1047500008B10E207CBD6A49098888B26946FFF716
:1047600024FF04460CB12046F4E7019800F48020B1
:1047700060B36348008800046049086037204860DF
:10478000402088600020C8604FF4806008610846BF
:1047900002F079FB3720FFF7D8FE04460CB1204623
:1047A000D8E7564806600620544948604020886093
:1047B0000020C8604FF480600861084602F063FB87
:1047C0000620FFF7C2FE04462046C3E72520C1E7C6
:1047D00070B5044600254C480078032802D12725EF
:1047E000284670BD4848007838B14748007801280D
:1047F00003D045480078022819D1B4F5805F02D172
:1048000027252846EDE7E0B2FFF792FF054675B988
:104810003748001D006820F4C0503549091D086064
:10482000084600682043086008460068086028467B
:10483000D7E710B504463148046007202F49486087
:10484000402088600020C8604FF4806008610846FE
:1048500002F019FB0720FFF778FE10BDF0B5014606
:1048600000200022284B1B7881F85630244B1B88EF
:10487000A1F85430254B1B681A0E93090B70C2F334
:1048800083034B7002F003038B70204B1B68C3F350
:104890000742CA701D4B1B88C3F307220A711B4BCA
:1048A0001A784A715B681A0E1301CB80174B5B684C
:1048B000C3F30742CB8843EA1213CB8002F00F0305
:1048C0000B72124B9B88C3F30722D3094B72C2F3BE
:1048D00080138B72C2F34013CB72C2F300130B73BD
:1048E00000234B73084B1B78C3B1074B1B780FE0B9
:1048F000002C0140FF07C000240000209812002077
:1049000020000020AC1200201C000020C412002057
:10491000012B03D0FE4B1B78032B4FD193071B0DAC
:104920000B61FC4B1A790B6943EA82030B61F94B6B
:104930009B681A0E0B6943EA92130B61C2F3C20320
:104940000B7502F007034B75F24B9B68C3F30742EC
:1049500053098B75C2F38203CB7593075B0F0B76FC
:10496000EC4B1B89C3F307220B7E43EAD2130B7671
:104970000B695B1C0024C1E912340B7E9B1C0124D3
:1049800004FA03F3DC17D1E91256A5FB037C06FBFE
:1049900003C305FB0433C1E912730C7A0123A3405E
:1049A0000B650024D1E912650B6DA6FB037C05FBAA
:1049B00003C306FB0433C1E912732EE0D44B1B780A
:1049C000022B2AD1D34B1A7993069B0A0B61D14B48
:1049D0009B681A0E0B6943EA02230B61CD4B9B685F
:1049E000C3F307420B6913430B61CA4B1B89C3F323
:1049F00007220B695B1C4FF40074A3FB04464FF4C1
:104A000080630025A4FB037C06FB03C304FB053382
:104A1000C1E912734FF400730B65C2F3801301F800
:104A2000193F93065B0E4B70BA4B1A7A4B7843EAE8
:104A3000D2134B7002F07F038B70B64BDB681A0EFB
:104A4000D309CB70C2F341130B71C2F382034B71D4
:104A500093071B0F8B71AF4BDB68C3F307428B7956
:104A600043EA92138B71C2F34013CB7100230B7294
:104A700002F001034B72A74B9B89C3F30722D309B2
:104A80008B72C2F38013CB72C2F340130B73C2F369
:104A900000134B73C2F381038B7302F00303CB73D8
:104AA0009C4B1A7B53080B7401234B749A4B1B6865
:104AB0001A0ECA741939984B1B68C3F307421402C3
:104AC000CC85954B1B88C3F30722CB8D1343CB8535
:104AD000914B1A7814060C635B681A0E0B6B43EA51
:104AE00002440C638C4B5B68C3F307420B6B43EAD5
:104AF00002240C63884B9B88C3F307220B6B134380
:104B00000B63854B1A7934235A54834B9B681A0ED6
:104B100035235A54804B9B68C3F3074214068C63B9
:104B20007D4B1B89C3F307228B6B43EA02448C63E2
:104B3000794B1A7A8B6B43EA02248C63764BDB68E1
:104B40001A0E8B6B13438B63734BDB68C3F3074203
:104B50003C235B5C43EA12143C235C5413071C0D9A
:104B6000CC876D4B9B89C3F30722CB8F1343CB8735
:104B7000694B1A7B540840235C54012441235C5444
:104B8000F0BD70B500264FF4803505E06348046839
:104B900004F0450000B103E0281EA5F10105F5D1A0
:104BA00000BF15B104F0040028B10326042002F070
:104BB00008FA304670BD012002F0F8F918B101265C
:104BC000012002F0FEF940F2FF5002F0FAF93046FF
:104BD000F0E72DE9F04105460E464FF0000805E0EC
:104BE0004E48076807F0450000B100E0F8E700BF55
:104BF000042002F0DBF928B1042002F0E2F90320DE
:104C0000BDE8F081012002F0D1F920B1012002F0CD
:104C1000D8F90120F4E7414824380068A84201D0BF
:104C20001020EDE740F2FF5002F0CBF93B4820386E
:104C3000046804F4604018B9200C30804046DFE777
:104C400004F4005008B11320DAE704F4804008B1FE
:104C50001020D5E704F4004008B10F20D0E740460B
:104C6000CEE738B500240120009002F006F910B913
:104C70002524204638BD26480078042825D0002069
:104C80002749086002204860C02088600020C86072
:104C90004FF480600861084602F0F5F8FFF771FFF5
:104CA00004460CB12046E5E71C48203800681A4944
:104CB00008601A481C3800684860184818380068AE
:104CC0008860164814380068C8601148007858B1E8
:104CD0000F480078012807D00D480078062803D037
:104CE0000B480078022821D100200D4908600320DC
:104CF0004860402088600020C8604FF480600861F0
:104D0000084602F0C0F869460320FFF762FF09E099
:104D10001C000020C4120020D4120020342C0140BA
:104D20009812002004460CB12046A3E7FE48007804
:104D3000032816D1BDF800000004FC4908600320D8
:104D40004860402088600020C8604FF4806008619F
:104D5000084602F098F8FFF714FF04460CB120460D
:104D600088E7F148007804282AD0BDF80000F0490F
:104D70000860BDF800000004EC49086009204860A4
:104D8000C02088600020C8604FF480600861084639
:104D900002F079F8FFF7F5FE04460CB1204669E70A
:104DA000E4480068E4490860E248001D0068486083
:104DB000E048083000688860DE480C300068C86051
:104DC000002057E710B506E0DA482030046804F008
:104DD000450000B100E0F7E700BF042002F0E6F86C
:104DE00020B1042002F0EDF8032010BD40F2FF5086
:104DF00002F0E7F80020F8E770B500264FF48035A0
:104E000006E0CC482030046804F0450000B103E01F
:104E1000281EA5F10105F4D100BF15B104F004006E
:104E200028B10326042002F0CCF8304670BD04F00F
:104E3000400018B10026402002F0C3F83046F5E7E4
:104E400070B500254FF4803404E0802002F0AEF805
:104E500000B103E0201EA4F10104F6D100BF0CB99B
:104E6000032070BD40F2FF5002F0ABF82846F8E78F
:104E70002DE9F0470027002400260025A046A14682
:104E80007620AE4908750020086048608860C860D8
:104E90000861084601F0CDFF032001F0EAFFA548B4
:104EA0001038006840F48070A2491039086000BFD3
:104EB00012E000209D49086048608860C8604FF497
:104EC00080600861084601F0DEFFFFF7B9FF044685
:104ED00004B903E0781CC7B24A2FEADB00BF14B163
:104EE0002046BDE8F0874FF4D5709049086008204F
:104EF0004860402088600020C8604FF480600861EE
:104F0000084601F0C0FFFFF777FF044624B90120EF
:104F1000854908704FF08049002084490860372097
:104F20004860402088600020C8604FF480600861BD
:104F3000084601F0A8FF3720FFF707FB0446002CC6
:104F40004BD134E000207949086037204860402088
:104F500088600020C8604FF480600861084601F056
:104F600092FF3720FFF7F1FA04460CB12046B8E76C
:104F7000734849EA00006D490860292048604020D4
:104F800088600020C8604FF480600861084601F026
:104F90007AFFFFF717FF04460CB12046A1E76548EA
:104FA0000668012080EAD67080F001086D1CB8F117
:104FB000000F03D14FF6FF708542C3D34FF6FF7049
:104FC000854202D31B2420468BE706F08040061E54
:104FD00032D00220544908702EE01CE05948534951
:104FE000086001204860402088600020C8604FF4BD
:104FF00080600861084601F046FFFFF7E3FE0446C3
:105000000CB120466DE74B480668012080EAD67057
:1050100080F001086D1CB8F1000F03D14FF6FF704E
:105020008542DBD34FF6FF70854202D31B24204616
:1050300057E703203C490870204652E73EB500245C
:1050400000250121404802F0B1F90121C80202F017
:1050500007FA0121C80202F058FA4FF4F850019003
:1050600002208DF808008DF8090000208DF80A0054
:1050700001208DF80B0001A9344801F027FB042022
:10508000019001A9324801F021FB0C2208212F4890
:1050900001F0A7FB0C2209212C4801F0A2FB0C22F5
:1050A0000A212A4801F09DFB0C220B21274801F020
:1050B00098FB0C221146254801F093FB0C2202219B
:1050C000234801F08EFB00214FF4006002F01DFA2E
:1050D000FFF710FA31208DF8000000208DF8010054
:1050E0008DF8020001208DF80300684601F0FDF9FB
:1050F000FFF7BEFE044614B9FFF7B3FD04461CB922
:105100001448FFF7ABFB044634B91249B1F8541008
:105110000804FFF78EFB044624B94FF40060FFF744
:1051200057FB0446E4B117E01C0000209812002051
:1051300020000020142C0140C41200208012002006
:10514000000010800080FF800C004000000802403A
:10515000000C0240E8120020FE480078032812D11B
:10516000FD4890F8560020B1FB4890F85600012801
:1051700001D1022500E000252846FFF7DDF90020D7
:10518000FFF7D0F9044620463EBD10B5002001F0DF
:1051900070FE002010BD70B590B004460E46154656
:1051A00000BFEE4802F0A9FD0028FAD1EB4802F05A
:1051B0007BFC4FF000600190E94802900394049555
:1051C0000020059006904FF48060079080000890C2
:1051D0008000099000200A904FF440300B9004208A
:1051E0000C9003200D904FF400000E9080100F9053
:1051F00001A9DA4802F0FAFC2021D84802F046FD65
:105200000121D64802F02CFD10B070BD01460020EF
:1052100002E04910421CD0B20129FAD170472DE9B1
:10522000F84F8146174698460A9C4FF0000AD3462D
:105230004D464FF0FF36B9F1000F02D12620BDE8F0
:10524000F88F0020C64954390860C2480078022807
:1052500005D10402780A40EAC8574FEA68280020BE
:10526000C04988604860401E0860012048610020F5
:10527000C8600861084601F032FEB9486C38006821
:1052800000F0007008B10E20D9E7002C21DDB4F544
:10529000006F1EDC601E2040D8B92046FFF7B6FF25
:1052A0000090B14804601020AF49486040208860F9
:1052B0000020C8604FF480600861084601F0E3FDFB
:1052C0001020FFF742F98246BAF1000F03D0504692
:1052D000B5E72620B3E700980001A2498860084698
:1052E00044604FF0FF300860012048610220C86030
:1052F00000200861084601F0F2FD9B48076011207C
:1053000099494860402088600020C8604FF4806060
:105310000861084601F0B7FD1120FFF716F9824633
:10532000BAF1000F01D0504689E790480078002874
:105330005AD1FAF7AAFF17E04FF4004001F036FE09
:1053400070B14FF0000B05E08548006845F82B0070
:105350000BF1010BBBF1080FF6D32035844E03E0AF
:105360000EB904206BE7761E7D484C38006840F289
:105370002A6108400028DFD0082001F017FE20B184
:10538000082001F01EFE042059E7022001F00EFE65
:1053900020B1022001F015FE022050E7202001F08C
:1053A00005FE20B1202001F00CFE062047E74FF457
:1053B000007001F0FBFD28B14FF4007001F001FE18
:1053C00007203CE703E06648006828602D1D4FF485
:1053D000001001F0EBFD0028F5D1FAF758FF40F27C
:1053E000FF5001F0EEFD39E060480078012835D12A
:1053F000002060490870604908706049087058488A
:105400004438006840F22A3108435549443908605D
:1054100053485438006840F0080051495439086036
:10542000002221464846FFF7B6FE00E0761E4B48B4
:105430005838006800F0006038B95048007820B94A
:105440004C48007808B9002EF0D10EB90420F6E6D9
:105450004848007810B1474890F800A05046EEE662
:105460002DE9FF5F17469846DDE90E464FF000092B
:10547000CA464FF0FF35424900980860002038497D
:105480005439086033480078022805D10402780AAC
:1054900040EAC8574FEA68280020324988604860CF
:1054A000401E0860012048610020C860086108466D
:1054B00001F015FD2A486C38006800F0007018B142
:1054C0000E2004B0BDE8F09F002C21DDB4F5006F84
:1054D0001EDC601E2040D8B92046FFF797FE8346A9
:1054E0002148046010202049486040208860002046
:1054F000C8604FF480600861084601F0C4FC1020C9
:10550000FFF723F88146B9F1000F03D04846D8E7EA
:105510002620D6E7012E6ED906FB04F0B0F1007FFD
:1055200001D32620CDE74FEA0B100E49886006FB19
:1055300004F048604FF0FF3008600120486102200D
:10554000C86000200861084601F0C9FC06480760F1
:10555000122017E01C000020E812002058640240CE
:10556000802C0140AC120020981200202400002062
:10557000FFFF7F00260000202500002027000020DC
:1055800028000020F9494860402088600020C86059
:105590004FF480600861084601F075FC1220FEF7A8
:1055A000D4FF8146B9F1000F01D0484689E7F048A1
:1055B000007800287ED1FAF768FE1EE04FF4004024
:1055C00001F0F4FCA0B14FF0000A07E0E9480068E0
:1055D000E949096841F82A000AF1010ABAF1080FFD
:1055E000F4D3E54800682030E3490860E34D04E067
:1055F00015B9042065E7AEE06D1EDE484C38006842
:1056000040F22A3108400028D8D0082001F0CEFC12
:1056100020B1082001F0D5FC042052E7022001F05F
:10562000C5FC20B1022001F0CCFC022049E720207B
:1056300001F0BCFC20B1202001F0C3FC062040E7B3
:105640004FF4007001F0B2FC28B14FF4007001F08B
:10565000B8FC072035E709E0C6480068C649096874
:105660000860C5480068001DC34908604FF4001079
:1056700001F09CFC0028EFD14FF4807001F096FC03
:1056800020B3BF48007838B1BD480078012803D066
:10569000BB480078022819D10020B44908600C20CA
:1056A0004860402088600020C8604FF48060086136
:1056B000084600E011E001F0E6FB0C20FEF745FF94
:1056C0008146B9F1000F01D04846FAE6FAF7DFFD4E
:1056D00040F2FF5001F075FC3DE0A548007801283C
:1056E00039D10020A74908700120A749087000207F
:1056F000A64908709F484438006840F22A310843A0
:105700009C49443908609B485438006840F00800C0
:1057100098495439086006FB04F100220098FFF70D
:105720003AFD00E06D1E9A48006800F0006008B97C
:10573000002DF7D10DB90420C3E600BF93480078CF
:1057400018B9904800780028F8D08E48007810B139
:105750008C4890F800904846B3E61CB504460020FB
:10576000019000908B4800880004804908600D205B
:105770004860402088600020C8604FF48060086165
:10578000084601F080FB7B484C380068009003E03D
:1057900078484C3800680090009800F045000028D8
:1057A000F6D0012001F002FC20B1012001F009FC3B
:1057B00001201CBD042001F0F9FB20B1042001F000
:1057C00000FC0320F5E76B48703800680D2801D015
:1057D0001020EEE740F2FF5001F0F3FB65486C3813
:1057E000006801900198C0F3432020700020E0E79A
:1057F0002DE9FF5F86B017469846149D00260020CD
:105800000590049000248146039082460290019501
:10581000DDF818B0DDF818B0BBF1000F03D1262079
:105820000AB0BDE8F09F00205249543908605A4937
:1058300088604860401E0860012048610020C86000
:105840000861084601F04BFB4A486C38006800F0DC
:10585000007008B10E20E3E749480078022805D11E
:105860000502780A40EAC8574FEA6828002D1FDD74
:10587000B5F5006F1CDC681E2840C8B92846FFF744
:10588000C5FC059039480560102038494860402023
:1058900088600020C8604FF480600861084601F00D
:1058A000F2FA1020FEF751FE06461EB13046B7E769
:1058B0002620B5E73748008800042C4908600D20F1
:1058C0004860402088600020C8604FF48060086114
:1058D000084601F0D8FA0D20FEF737FE06460EB155
:1058E00030469DE723486C38006803904FF0FF3442
:1058F0001CE0641E2748008800041C4908600D2035
:105900004860402088600020C8604FF480600861D3
:10591000084601F0B8FA0D20FEF717FE06460EB154
:1059200030467DE713486C3800680390039800F414
:10593000807008B9002CDCD10CB9292070E70B4825
:105940000760182009494860402088600020C8602E
:105950004FF480600861084601F095FA1820FEF7C0
:10596000F4FD0646D6B130465AE7000098120020F2
:1059700024000020802C014028000020FFFF7F0031
:105980001C00002026000020250000202700002009
:105990000064024020000020AC1200200020F849E2
:1059A000087005980001F7498860084645604FF087
:1059B000FF300860012048610020C8600861084687
:1059C00001F08DFA4FF0FF34EF48007800287CD1C9
:1059D000FAF75BFC43E04FF4804001F0E7FAC8B30C
:1059E0000198A0EB0900202821D20198A0EB090022
:1059F00000F0030020B90198A0EB0900800804E042
:105A00000198A0EB09008008401C02904FF0000AAA
:105A100009E0DE49DBF8000008600AF1010A0BF139
:105A2000040B09F1040902988245F2D30FE04FF00C
:105A3000000A05E05BF82A00D44908600AF1010A6F
:105A4000BAF1080FF6D30BF1200B09F120096FF022
:105A5000404404E0FFE70CB90420E1E6641ECB48B3
:105A60004C38006840F21A6108400028B3D0082082
:105A700001F09CFA20B1082001F0A3FA0420CFE63F
:105A8000022001F093FA20B1022001F09AFA0220DC
:105A9000C6E6102001F08AFA20B1102001F091FA38
:105AA0000520BDE64FF4007001F080FA30B14FF4EC
:105AB000007001F086FA0720B2E606E0FAF7E7FB8D
:105AC00040F2FF5001F07DFA43E0AF480078012832
:105AD0003FD10020AE490870A9490870AD4908704F
:105AE000AA484438006840F21A310843A7494439AB
:105AF0000860402229460698FFF74DFBA34854381A
:105B0000006840F00800A1495439086000E0641EB4
:105B1000A148006800F0006008B9002CF7D11CB95A
:105B2000FFF78CFA04207BE64FF0FF3400E0641EA0
:105B30009848007820B99648007808B9002CF6D12A
:105B40000CB904206CE69248007810B190480078B7
:105B500066E640F2FF5001F034FA04A8FFF7FDFDBD
:105B6000064603E004A8FFF7F8FD06463EB99DF897
:105B700010000728F6D09DF810000628F2D0304615
:105B80004EE62DE9FF5F84B0DDE9124700260020D4
:105B900003900290002580468146019007FB04FB9C
:105BA000DDF810A0DDF810A0BAF1000F03D1262017
:105BB00008B0BDE8F09F002074495439086071496D
:105BC00088604860401E0860012048610020C8606D
:105BD0000861084601F083F96C486C38006800F0F1
:105BE000007008B10E20E3E76C480078022808D165
:105BF0000402DDE90601400A40EAC1504912CDE93C
:105C00000601002C1FDDB4F5006F1CDC601E204077
:105C1000C8B92046FFF7FAFA0390614804601020E3
:105C20005F494860402088600020C8604FF4806071
:105C30000861084601F027F91020FEF786FC0646A9
:105C40001EB13046B4E72620B2E7012F6FD907FB1B
:105C500004F0B0F1007F01D32620A9E74F48007877
:105C600038B14E480078012803D04C48007802280B
:105C70002DD14C480088000449490860372048600D
:105C8000402088600020C8604FF4806008610846AA
:105C900001F0F9F83720FEF758FC06460EB1304601
:105CA00086E73F48076017203D49486040208860EC
:105CB0000020C8604FF480600861084601F0E3F8F6
:105CC0001720FEF742FC06460EB1304670E7344915
:105CD0000698086019204860402088600020C8604D
:105CE0004FF480600861084601F0CDF81920FEF7F6
:105CF0002CFC06460EB130465AE7039800012149B4
:105D0000886007FB04F048604FF0FF300860012016
:105D100048610020C8600861084601F0E0F81A48B0
:105D20000078002872D1451EFAF7AFFA54E0F8E087
:105D30004FF4804001F03AF9B0B3ABEB08002028F3
:105D400033D2ABEB080000F0030018B9ABEB08004E
:105D5000800803E0ABEB08008008401C01904FF086
:105D6000000909E00949DAF80000086009F10109B1
:105D70000AF1040A08F1040801988145F2D324E0ED
:105D800025000020AC12002024000020802C0140BF
:105D90002600002027000020006402401C00002094
:105DA000981200202000002012E04FF0000905E0CA
:105DB0005AF82900F749086009F10109B9F1080FFB
:105DC000F6D30AF1200A08F120086FF0404503E0FD
:105DD0000DB90420ECE66D1EEE484C38006840F228
:105DE0001A3108400028A3D0082001F0DFF820B1C4
:105DF000082001F0E6F80420DAE6022001F0D6F8E7
:105E000028B1022001F0DDF80220D1E640E01020A8
:105E100001F0CCF820B1102001F0D3F80520C7E63E
:105E20004FF4007001F0C2F828B14FF4007001F097
:105E3000C8F80720BCE64FF4807001F0B7F800B353
:105E4000D548007838B1D4480078012803D0D2482A
:105E50000078022815D10020D04908600C20486045
:105E6000402088600020C8604FF4806008610846C8
:105E700001F009F80C20FEF768FB06460EB130462B
:105E800096E6FAF704FA40F2FF5001F09AF848E07B
:105E9000C3480078012844D10020C249087001207D
:105EA000C14908700020C1490870BA4844380068E8
:105EB00040F21A310843B7494439086007FB04F13E
:105EC00040220498FFF767F9B2485438006840F060
:105ED0000800B049543908604FF0FF3500E06D1EEE
:105EE000B348006800F0006008B9002DF7D11DB973
:105EF000FFF7A4F804205BE64FF0FF3500E06D1ECD
:105F0000AA48007820B9A748007808B9002DF6D132
:105F10000DB904204CE6A348007810B1A1480078E0
:105F200046E640F2FF5001F04CF802A8FFF715FCDE
:105F3000064603E002A8FFF710FC06463EB99DF8AE
:105F400008000728F6D09DF808000628F2D0304651
:105F50002EE610B54FF4807001F028F888B392480F
:105F60000078012814D100208C4908600C2048607A
:105F7000402088600020C8604FF4806008610846B7
:105F800000F081FF0C20FEF7E0FA8649087002E07D
:105F90000020844908707F484838006840F48070C9
:105FA0007C4948390860081D00684CF23A31884342
:105FB00078494439086001207C49087079480078A4
:105FC00010BDFFE7022000F0F1FF78B1022000F0E1
:105FD000F8FF7048443800684CF23A3188436D4904
:105FE0004439086002206F490870E9E7082000F092
:105FF000DDFF78B1082000F0E4FF6648443800680F
:106000004CF23A31884363494439086004206549B9
:106010000870D5E7202000F0C9FF78B1202000F0FB
:10602000D0FF5C48443800684CF23A318843594903
:106030004439086006205B490870C1E7102000F071
:10604000B5FF78B1102000F0BCFF5248443800681A
:106050004CF23A3188434F49443908600520514990
:106060000870ADE74FF4007000F0A0FF80B14FF46E
:10607000007000F0A6FF4748443800684CF23A31FF
:10608000884344494439086007204649087097E727
:10609000002095E710B5FFF75CFF10BD70B5044612
:1060A000002514B92625284670BD42480088000402
:1060B0003A4908600D204860402088600020C86090
:1060C0004FF480600861084600F0DDFE0D20FEF709
:1060D0003CFA05460DB12846E6E72E486C380068C4
:1060E00020602846E0E708B5002000906846FFF7EA
:1060F000D5FF08B1FF2008BD0098C0F34320FAE7A0
:106100002DE9FE4F83460C46914600200290002662
:1061100025462C46700240EAD5566D020BF003006E
:10612000F0B14FF0000A18E04FF4007000904FEA11
:106130004A20471946EBE0733A461F48FFF76FF8CD
:1061400002904FF400721C49584608F081F90BF593
:10615000007B0AF1010000F0FF0ACA45E4DB16E00B
:10616000B9F1010F09D14FF400702A46334600906F
:106170005846FFF754F8029009E04FF400702A46A1
:106180003346CDE900095846FFF76AF902900298B4
:10619000BDE8FE8F802C01401C00002098120020DA
:1061A00024000020260000202500002027000020D9
:1061B0000064024020000020401300202DE9FE4F23
:1061C00081460C46924600200290002625462C4629
:1061D000700240EAD5566D0209F00300F0B14FF0AD
:1061E000000B18E04FF400724946194808F030F9E6
:1061F0004FF4007000904FEA4B20471946EBE073D4
:106200003A461348FFF7F4FA029009F500790BF1CA
:10621000010000F0FF0BD345E4DB16E0BAF1010FFB
:1062200009D14FF400702A46334600904846FFF7E4
:10623000DFFA029009E04FF400702A463346CDE9B8
:10624000000A4846FFF79DFC02900298BDE8FE8FC9
:106250004013002010B504466FF0040000F092F9DE
:10626000E11704EB5171C1F3C701394A11701046AF
:10627000007800EB4001C1EBC0104FF6FF7101EA5E
:10628000C0003449088010BD0146314A12784A43A3
:106290004FF0E0235A6100229A611A46126942F0D7
:1062A00001021A6100BF4FF0E022106900F0010204
:1062B0001AB100F48032002AF5D04FF0E0221269C2
:1062C00022F001024FF0E0231A6100229A61704728
:1062D0000146204A12884A434FF0E0235A610022C7
:1062E0009A611A46126942F001021A6100BF4FF02A
:1062F000E022106900F001021AB100F48032002A95
:10630000F5D04FF0E022126922F001024FF0E023B5
:106310001A6100229A61704770B504464FF4077005
:1063200094FBF0F0C6B24FF4077094FBF0F100FB61
:10633000114085B205E04FF40770FFF7C9FF701EEA
:10634000C6B2002EF7D115B12846FFF7C1FF70BDC8
:106350002C0000202E00002000BF704700BF4C4AD8
:10636000128802F04002002AF9D0C2B2484B9A804B
:10637000704710B588B004460121084601F016F8B0
:106380000121102001F06CF807220921414800F09A
:1063900028FA07220A213F4800F023FA4FF4C06090
:1063A000069002208DF81C008DF81D0000208DF84D
:1063B0001E0001208DF81F0006A9364800F086F95E
:1063C00002940020ADF80C00ADF80E00ADF81000FE
:1063D000ADF814000C20ADF8120002A92C4801F011
:1063E000A0F901212A4801F024FA012240F22551A6
:1063F000274801F0D4FA25208DF8040003208DF8F9
:1064000005008DF8060001208DF8070001A800F0B6
:106410006CF808B010BD10B540F225511C4801F0D1
:10642000F9FA10B31A4801F033FAC4B21A480088D6
:1064300000F40040C8B91848008800F4804060B1FA
:106440000A2C03D000201449088020E0124800885C
:1064500040F400401049088019E00D2C06D10E4888
:10646000008840F480400C49088010E00A48008809
:10647000C0F30D0009490C5407480088401C064928
:10648000088008460088C72801DD0020088010BD6C
:1064900000100140000002403400002040150020A0
:1064A0000948804709480047FEE7FEE7FEE7FEE7A8
:1064B000FEE7FEE7FEE7FEE7FEE7FEE704480549E4
:1064C000054A064B7047000079070008890100085B
:1064D000E0BF0120E0C50120E0C10120E0C10120B2
:1064E00032490143324A1160704770B500210023E0
:1064F0000F22C4781CB32E4C246804F4E064C4F565
:10650000E064C4F30721C1F10404E3B20A41447812
:106510009C40E1B28478144021430C07210E254CA5
:1065200005786155047804F01F050124AC40057816
:106530006D11AD0005F1E025C5F8004109E00478D2
:1065400004F01F050124AC401B4D0678761145F878
:10655000264070BD194A0A400243154B1B1F1A60A2
:10656000704739B1124A121D12680243104B1B1DAD
:106570001A6006E00E4A121D126882430C4B1B1D66
:106580001A607047042808D14FF0E021096941F0F2
:1065900004014FF0E022116107E04FF0E0210969AA
:1065A00021F004014FF0E022116170470000FA056C
:1065B0000CED00E000E400E080E100E080FFFF1F60
:1065C00010B504469848844208D10121084600F0DD
:1065D00058FF0021012000F054FF76E093488442E8
:1065E00008D10121022000F04CFF0021022000F020
:1065F00048FF6AE08E48844208D10121042000F05F
:1066000040FF0021042000F03CFF5EE08948844206
:1066100008D10121082000F034FF0021082000F0FB
:1066200030FF52E08448844208D10121102000F05C
:1066300028FF0021102000F024FF46E07F4884421C
:1066400008D10121202000F01CFF0021202000F0B3
:1066500018FF3AE07A48844208D10121402000F036
:1066600010FF0021402000F00CFF2EE0754884420E
:1066700008D10121802000F004FF0021802000F0DB
:1066800000FF22E07048844208D10121801500F00B
:10669000F8FE0021A01500F0F4FE16E06B488442DD
:1066A00008D10121401500F0ECFE0021601500F03A
:1066B000E8FE0AE06648844207D10121001500F097
:1066C000E0FE0021201500F0DCFE10BDF0B50A460A
:1066D00000210023002400BF3DE0012505FA01F35D
:1066E000156805EA03049C4234D105684F0003266F
:1066F000BE40B543056015794E00B5400668354388
:1067000005601579012D02D01579022D16D1856805
:106710004F000326BE40B543856055794E00B54015
:10672000866835438560456801268E40B5434560DF
:10673000456896798E40B6B235434560C5684F00CE
:106740000326BE40B543C560D5794E00B540C66846
:106750003543C560491C1029BFD3F0BD4FF6FF710A
:1067600001600021017141718171C171704708B5EB
:106770004FF480320092009A0A430092009AC2615C
:10678000C161009AC261C2690092C269009208BDEB
:106790000246002013690B400BB1012000E00020ED
:1067A00070470146086980B270470246002053696D
:1067B0000B400BB1012000E0002070470146486902
:1067C00080B2704701837047418370470AB10183EB
:1067D00000E0418370474161704742694A4042612D
:1067E0007047F0B5002300244D07ED0E02FA05F3C3
:1067F000CE1000F1200555F826504E07F70E0F2653
:10680000BE40B543CF1000F1200646F82750CE1009
:1068100000F1200555F8265045EA0304CE1000F19A
:10682000200545F82640F0BD00000240000402406B
:1068300000080240000C0240001002400014024018
:1068400000180240001C02400020024000240240C8
:106850000028024030B943F2DB028100A1F1C041BF
:106860000A6005E043F2D2028100A1F1C0410A6052
:106870006FF07042411C8900A1F1C0410A608100A3
:10688000A1F1C041C1F804217047D0E901121143C0
:10689000C26811430269114342691143826911437D
:1068A000C2691143026A1143426A1143826A114369
:1068B000C26A1143026B114302689200A2F1C04206
:1068C0001160816808290BD101688900A1F1C041DC
:1068D000096841F0400201688900A1F1C0410A60E5
:1068E000416B0968426B526841EA0211426B92683F
:1068F00041EA0221426B928941EA0241426B128ACB
:1069000041EA0251426B127D41EA0261426B926997
:1069100011430268521C9200A2F1C0421160C16A88
:10692000B1F5804F1BD1816B0968826B526841EAD7
:106930000211826B926841EA0221826B128A41EA5B
:106940000251826B127D41EA0261826B92691143AE
:1069500002689200A2F1C042C2F8041107E06FF091
:10696000704201688900A1F1C041C1F8042170475B
:10697000002101600221416000218160C16001614C
:1069800041618161C16101624FF4805141624900FE
:1069900081620021C1620163F849416381637047EC
:1069A00051B18200A2F1C042126842F0010382009C
:1069B000A2F1C042136009E08200A2F1C042126855
:1069C000EF4B1A408300A3F1C0431A6070471028B0
:1069D0000AD118214FF020421166402151664FF034
:1069E000FC319166D16610E01821E64A1160402121
:1069F0004FF02042C2F884104FF0FC31E14A0832D7
:106A000011604FF02042C2F88C10704730B5002161
:106A100000220023446844F0080485682C43C568BC
:106A20002C4305692C43456944EA4524856944EAB9
:106A30004531C4692468C5696D6844EA0524C5699F
:106A40002D8944EA0544C5692D7B44EA0562046A40
:106A50002468056A6D6844EA0524056A2D8944EABC
:106A60000544056A2D7B44EA05630468102C05D1B2
:106A70004FF020442166A266E36608E0C14C216025
:106A80004FF02044C4F88820BE4C0C34236030BD45
:106A900010210160002141608160C160016141619C
:106AA0008161FC21C2691160C2695160C269916053
:106AB000C269D160026A1160026A5160026A916023
:106AC000026AD160704799B1102808D14FF0204276
:106AD000126E42F004024FF020431A661DE0A94AEC
:106AE000126842F004024FF02043C3F8802014E003
:106AF000102809D14FF02042126EA14BDB1E1A4024
:106B00004FF020431A6608E09E4A12689C4BDB1E39
:106B10001A404FF02043C3F88020704799B11028E5
:106B200008D14FF02042126E42F040024FF0204355
:106B30001A661DE0934A126842F040024FF020436B
:106B4000C3F8802014E0102809D14FF02042126EC3
:106B50008B4B3F3B1A404FF020431A6608E0894AAE
:106B60001268874B3F3B1A404FF02043C3F8802008
:106B7000704701460020102903D14FF02042506F8A
:106B800002E0804A14321068704718207D49203195
:106B9000086000200906C1F8A4004FF0FC307949D4
:106BA00028310860091D0860091D086070470168E8
:106BB00041F01001426841EA4221826841EA4231D3
:106BC000704A20321160C1680968C268526841EA9F
:106BD0000221C268128941EA0241C268127B41EA7D
:106BE0000261684A283211600169096802695268C5
:106BF00041EA02210269128941EA02410269127BDB
:106C000041EA02615F4A2C321160416909684269B8
:106C1000526841EA02214269128941EA024142690D
:106C2000127B41EA02614FF02042C2F8B010704777
:106C30000021016041608160FC21C2681160C2686E
:106C40005160C2689160C268D160026911600269D6
:106C50005160026991600269D160426911604269C4
:106C60005160426991604269D160704748B14549BD
:106C70002031096841F004014FF02042C2F8A01011
:106C800009E04049203109683D4AD21E11404FF0C9
:106C90002042C2F8A010704710B5F2B1102807D1F9
:106CA0004FF020435B6E0B434FF02044636632E0AD
:106CB000B0F5807F08D1334B1B1D1B680B434FF091
:106CC0002044C4F8843026E02E4B24331B680B4349
:106CD0004FF02044C4F8A4301DE0102807D14FF035
:106CE00020435B6E8B434FF02044636613E0B0F5A6
:106CF000807F08D1234B1B1D1B688B434FF0204422
:106D0000C4F8843007E01F4B24331B688B434FF0DB
:106D10002044C4F8A43010BD10B502460020002362
:106D2000102A03D14FF02044636E09E0B2F5807F52
:106D300003D1144C241D236802E0124C2434236830
:106D400003EA01040CB1012000E0002010BD10286E
:106D500007D14FF02042526E8A434FF020435A66CB
:106D600019E0B0F5807F0FD1064A121D12688A43E0
:106D70004FF02043C3F884200DE00000AC0201086E
:106D8000FEFF0F00800000A0234A12688A434FF0E4
:106D90002043C3F8A420704770B5024600200023AA
:106DA00000240025102A03D14FF02046736E08E01E
:106DB000B2F5807F03D1184E203E336801E0164EB5
:106DC000336803EA010403EAD10514B10DB10120CF
:106DD00000E0002070BD102808D14FF02042526E14
:106DE00022EAD1024FF020435A6614E0B0F5807FCA
:106DF00009D1094A203A126822EAD1024FF0204311
:106E0000C3F8842007E0044A126822EAD1024FF056
:106E10002043C3F8A4207047A40000A010B50121AE
:106E2000C80200F072FB00214FF4006000F06DFB1F
:106E300010BD00216C4A116847F6FF629143027D44
:106E400083681A4343681A43C3681A4303681A43A2
:106E500003691A431143644A1160704700210175A8
:106E6000016041608160C160016170475F490860F5
:106E700070475D49091F086070475B48001F006844
:106E800000F0030070470021574B1B1D02681A6079
:106E90001A1D11686FF30A01D0E901231A43C36870
:106EA0001A4303691A4311434F4A0832116070476D
:106EB0000021016041608160C160016170474A4802
:106EC0000C300068C0B2704708B501460020009041
:106ED00045481030084400900098006808BD002123
:106EE000414B203302681A601B1D42681A601A1D4C
:106EF000116821F0F701D0E902231A4303691A430C
:106F000043691A431143384A2832116070474FF0E1
:106F1000FF310160002141608160C1600161416118
:106F2000704731482C30006870472F487C3000682B
:106F300070472D497C31086070472B484430006809
:106F400070472B49086070472949091D0860704740
:106F5000274908310860704725490C31086070479F
:106F60002449086070472349091D086070470121C2
:106F70008143204A0832116070471E490C31086075
:106F800070471B4914390860704739B1164A3832C6
:106F900012680243144B38331A6006E0124A383242
:106FA00012688243104B38331A6070470146002044
:106FB0000D4A303212680A400AB1012000E0002078
:106FC0007047094934310860704701460020064A7D
:106FD000303212680A400AB1012000E000207047F8
:106FE0000149343108607047042C0140A0802542DB
:106FF000A0852542AC812542F948006840F0010097
:10700000F74908600020F64908310860F448006834
:10701000F4490840F2490860F348091D0860F34844
:10702000EF4984310860F0481038091D0860EC48C9
:10703000006820F48020EA4908600020E8490C310B
:107040000860E7498C31086070470021E44A921CCF
:10705000117011460870704710B5014600220023D8
:1070600000204A11012A02D1DD4C236808E0022ADF
:1070700003D1DB4C7034236802E0D94C74342368AC
:1070800001F01F02012494401C400CB1012000E0DB
:10709000002010BD38B5002000900024002500BF5E
:1070A0003120FFF7D9FF05460098401C009000985A
:1070B000B0F5A04F01D0002DF2D03120FFF7CCFF6A
:1070C00008B1012400E00024204638BD014600201C
:1070D000C34A106820F0F80040EAC1001060704711
:1070E000C349086070470021BD4A703211701170A9
:1070F000012802D004280AD104E00121B84A7032E4
:10710000117005E00521B64A7032117000E000BF31
:1071100000BF7047B7490860704770B5049C41EAEA
:1071200082150126C6EB530645EA0645054345EAA6
:107130000465AB4E361D356070BDAD4908667047BD
:10714000820142EA0172A64B84331A607047A84953
:107150008866704710B5830143EA016343EA02730E
:107160009F4C8834236010BDA14908677047A0492F
:10717000C864704702460020994B0833186820F015
:10718000EC6042EA01031843954B083318607047DE
:1071900002460020924B0833186820F0784042EAFB
:1071A000010318438E4B08331860704701460020D6
:1071B0008B4A0832106820F00300084310607047C3
:1071C00087480830006800F00C0070470146002036
:1071D000834A0832106820F0F000084310607047BE
:1071E000014600207E4A0832106820F4E05008432F
:1071F0001060704701460020794A0832106820F478
:10720000604040EAC10010607047F0B500210022E4
:107210000024022500260223714F08373F6807F03B
:107220000C0121B1042905D0082937D105E0724F9E
:10723000076036E0714F076033E0694F3F1D3F68DC
:10724000C7F38056664F3F1D3F6807F03F036EB19E
:107250006A4FB7FBF3F7DFF888C10CF1040CDCF8D8
:1072600000C0CCF3881C07FB0CF40CE0624FB7FBAA
:10727000F3F7DFF86CC10CF1040CDCF800C0CCF3C0
:10728000881C07FB0CF4564F3F1D3F68C7F30147AE
:107290007F1C7D00B4FBF5F7076002E0564F0760E6
:1072A00000BF00BF4E4F08373F6807F0F0010909E3
:1072B000534F7A5C0768D7404760494F08373F68AB
:1072C00007F4E051890A4E4F7A5C4768D7408760DF
:1072D000434F08373F6807F46041490B484F7A5CD9
:1072E0004768D740C760F0BD002100F44072B2F596
:1072F000407F0AD13A4A0832116821F4F811414A14
:1073000002401143364A08321160354A7032126821
:10731000C0F30B031A43324B70331A607047354980
:10732000443908607047334940390860704736492E
:107330000860704701460020294A8C32106820F00E
:107340001F004A1E1043264A8C32106070470146C7
:107350000020234A8C32106820F4F8504A1E40EA7C
:1073600002201F4A8C3210607047014600201C4AE0
:107370008C32106820F440100843106070470146BA
:107380000020174A8C32106820F440000843106037
:10739000704701460020124A8C32106820F44030B9
:1073A00008431060704719490860704739B10C4AAA
:1073B0003032126802430A4B30331A6006E0084A42
:1073C000303212688243064B30331A607047F9B18D
:1073D000034A343212680243014B34331A601CE012
:1073E00000380240FFFFF6EA103000240030002091
:1073F00000004742800E47420024F40000127A0049
:1074000036000020FFFCFF0F5C014742E0114742BD
:107410008F4A126882438E4B1A60704739B18C4A8A
:10742000121D126802438A4B1B1D1A6006E0884A2F
:10743000121D12688243864B1B1D1A60704739B1BA
:10744000834A0C3212680243814B0C331A6006E007
:107450007F4A0C32126882437D4B0C331A607047AE
:1074600039B17B4A103212680243794B10331A60EB
:1074700006E0774A103212688243754B10331A6067
:10748000704739B1724A243A12680243704B243B68
:107490001A6006E06E4A243A126882436C4B243B21
:1074A0001A60704739B16A4A203A12680243684B41
:1074B000203B1A6006E0664A203A12688243644B19
:1074C000203B1A60704739B1614A1C3A1268024386
:1074D0005F4B1C3B1A6006E05D4A1C3A126882430F
:1074E0005B4B1C3B1A60704739B1594A143A126819
:1074F0000243574B143B1A6006E0554A143A12688F
:107500008243534B143B1A60704739B1504A103ACA
:10751000126802434E4B103B1A6006E04C4A103A88
:10752000126882434A4B103B1A60704739B1484A8F
:107530001C3212680243464B1C331A6006E0444A70
:107540001C3212688243424B1C331A60704739B1B7
:107550003F4A2032126802433D4B20331A6006E056
:107560003B4A203212688243394B20331A607047FD
:1075700039B1374A243212680243354B24331A603A
:1075800006E0334A243212688243314B24331A60B6
:10759000704739B12E4A2C32126802432C4B2C33DF
:1075A0001A6006E02A4A2C3212688243284B2C3398
:1075B0001A60704739B1264A303212680243244BB0
:1075C00030331A6006E0224A303212688243204B80
:1075D00030331A607047012808D11D493C310968D1
:1075E00041F008011A4A3C32116007E018493C3169
:1075F000096821F00801164A3C321160704739B120
:10760000134A273A12780243114B273B1A7006E0BF
:107610000F4A273A127882430D4B273B1A70704766
:107620000B484030006840F08070094940310860E4
:10763000704701460020064A283A12680A400AB1FB
:10764000012000E00020704701492639087070478A
:107650003438024010B50446FA48844208D101216A
:107660001020FFF752FF00211020FFF74EFF57E0D8
:10767000F548844209D101214804FFF735FF002174
:107680004FF40030FFF730FF4AE0F048844209D160
:1076900001218804FFF728FF00214FF48020FFF725
:1076A00023FF3DE0EA48844209D10121C804FFF7E5
:1076B0001BFF00214FF40020FFF716FF30E0E548E4
:1076C000844209D101210805FFF70EFF00214FF484
:1076D0008010FFF709FF23E0DF48844208D1012131
:1076E0002020FFF712FF00212020FFF70EFF17E0F8
:1076F000DA48844209D101218807FFF7F5FE00210D
:107700004FF08040FFF7F0FE0AE0D548844207D1F1
:1077100001214005FFF7E8FE00216005FFF7E4FEC8
:1077200010BD2DE9FF4705460E460024A14600BFC7
:10773000A046B08900B100BF2C8A24F44054F088E0
:1077400004432C82AC8941F20C608443B0883189B7
:107750000843718908430443AC81AC8A24F4407423
:10776000B0890443AC826846FFF74FFDB5488542B7
:1077700002D0B948854202D1DDF80C9001E0DDF875
:107780000890A88900F4004040B109EBC90000EB63
:10779000091031684900B0FBF1F707E009EBC900B7
:1077A00000EB091031688900B0FBF1F76420B7FBEA
:1077B000F0F004012009642101FB1078A88900F48D
:1077C000004040B1322000EBC800B0FBF1F000F007
:1077D0000700044308E0322000EB08106421B0FBEE
:1077E000F1F000F00F0004432C81BDE8FF874FF457
:1077F0001651016000218180C18001810C214181ED
:1078000000218181704710B502460020108A20F4C3
:1078100070600B884C8823438C882343CC88234397
:107820001843108210BD0021018041808180C180F9
:10783000704721B1828942F40052828104E082893A
:107840004DF6FF731A4082817047028B02F47F422B
:107850000283028B0A430283704721B1828942F47A
:107860000042828103E08289C2F30E028281704766
:1078700021B1828A42F40062828204E0828A4FF25D
:10788000FF731A4082827047C1F3080282807047FA
:1078900001468888C0F308007047028A4FF6F073EB
:1078A0001A400282028A0A430282704721B1828909
:1078B00042F00202828104E082894FF6FD731A4091
:1078C0008281704782894FF2FF731A4082818289D8
:1078D0000A4382817047028A4FF6DF731A400282A0
:1078E000028A0A430282704721B1028A42F480422E
:1078F000028204E0028A4BF6FF731A40028270474C
:10790000818941F001018181704721B1828A42F071
:107910000802828204E0828A4FF6F7731A4082825C
:107920007047028BD2B20283028B42EA01220283A9
:10793000704721B1828A42F02002828204E0828A6A
:107940004FF6DF731A408282704721B1828A42F07B
:107950001002828204E0828A4FF6EF731A4082821C
:107960007047828A4FF6FB731A408282828A0A43EA
:107970008282704721B1828A42F00202828204E050
:10798000828A4FF6FD731A40828270471AB1838A49
:107990000B43838202E0838A8B4383827047F0B576
:1079A0000346002400260025002040F66A17B9424D
:1079B00000D100BF1846C1F3421401F01F06012791
:1079C00007FA06F5012C01D10C3004E0022C01D19C
:1079D000103000E014301AB107682F43076002E04E
:1079E0000768AF430760F0BD02460020B1F5007F95
:1079F00000D100BF13880B400BB1012000E0002034
:107A0000704701F40072B2F5007F00D100BFCA4395
:107A10000280704770B50246002400230025002034
:107A200040F66A16B14200D100BFC1F3421501F021
:107A30001F03012606FA03F3012D13D19689334063
:107A400017E00000001001400044004000480040E2
:107A5000004C0040005000400014014000780040FD
:107A6000007C0040022D02D1168A334001E0968A44
:107A700033400C12012606FA04F41688344013B180
:107A80000CB1012000E0002070BD10B500220023E1
:107A900040F66A14A14200D100BF0A1201249440AA
:107AA000A3B2DC43048010BD016821F00101016034
:107AB0000021016041608160C1600161212141615B
:107AC000DB49884204D13D21D94A103A91608CE0CB
:107AD000D7491831884205D14FF47461D44A103A1D
:107AE000916082E0D2493031884205D14FF474115F
:107AF000CF4A103A916078E0CD494831884205D1AB
:107B00004FF07461CA4A103A91606EE0C849603122
:107B1000884204D1C749C64A103AD16065E0C449D9
:107B20007831884204D1C449C14A103AD1605CE03E
:107B3000BF499031884204D1C049BD4A103AD16052
:107B400053E0BB49A831884205D14FF03D51B84AB6
:107B5000103AD16049E0BA49884204D13D21B84A7F
:107B6000083A116041E0B6491831884205D14FF416
:107B70007461B34A083A116037E0B1493031884244
:107B800005D14FF47411AE4A083A11602DE0AC49AA
:107B90004831884205D14FF07461A94A083A116012
:107BA00023E0A7496031884204D1A249A44A121FA8
:107BB00011601AE0A2497831884204D19E49A04A56
:107BC000121F116011E09E499031884204D19B49F7
:107BD0009B4A121F116008E09949A831884204D1DC
:107BE0004FF03D51964A121F1160704710B50022A8
:107BF0000268944B1A40CC680B6823434C692343BA
:107C00008C692343CC6923430C6A23434C6A234386
:107C10008C6A23434C6B23438C6B23431A430260CF
:107C2000426922F00702D1E90B3423431A4342612F
:107C30000B6943604B6883608B68C36010BD002193
:107C4000016041608160C160016141618161C16128
:107C5000016241628162C162016341638163704775
:107C600021B1026842F00102026003E0026822F0E2
:107C700001020260704721B1026842F400420260D2
:107C800003E0026822F400420260704721B10268FA
:107C900042F02002026003E0026822F0200202604B
:107CA0007047416070470146486880B2704722B112
:107CB000036843F40023036003E0036823F4002314
:107CC00003600161704721B1026842F480220260C2
:107CD00003E0026822F48022026070470AB1016169
:107CE00000E0C1607047014600200A6802F40022EB
:107CF0000AB1012000E000207047014600200A6818
:107D000002F001020AB1012000E0002070470146A4
:107D100000204A6902F03800704730B503460A4631
:107D200000200024464DAB4202D24149103901E007
:107D30004349103902F000550DB14C6800E00C6861
:107D4000414D2C4004EA02050DB1012000E0002065
:107D500030BD02463A4B9A4202D23548103801E013
:107D60003748103801F000531BB1374B0B40C3604C
:107D700002E0354B0B408360704710B501F0800383
:107D80004BB122B1436943F08003436103E043698F
:107D900023F08003436180290BD02AB1036801F0EE
:107DA0001E042343036004E0036801F01E04A343A0
:107DB000036010BD70B50246002000240025204E4F
:107DC000B24202D21A4B103B01E01D4B103B1F4E3A
:107DD0000E4036B11E2606EAD124166806EA0405CE
:107DE00002E0566906F0800501F000560EB15C68AD
:107DF00000E01C68144E344004EA010616B10DB1CF
:107E0000012000E0002070BD02460D4B9A4202D2D4
:107E10000748103801E00A48103801F000531BB140
:107E2000094B0B40C36002E0074B0B408360704777
:107E3000106002403D000020400F002000003D2067
:107E4000106402403F801CF07D0F7D0F3C0F3C0F03
:107E500010B50446FE48844208D101210846FFF7C8
:107E600054FB00210120FFF750FB9DE0B4F1804F4F
:107E700008D101210846FFF737FB00210120FFF759
:107E800033FB91E0F348844208D101210220FFF73F
:107E90002BFB00210220FFF727FB85E0EE48844200
:107EA00008D101210420FFF71FFB00210420FFF768
:107EB0001BFB79E0E948844208D101210820FFF743
:107EC00013FB00210820FFF70FFB6DE0E44884421C
:107ED00008D101211020FFF707FB00211020FFF738
:107EE00003FB61E0DF48844208D101212020FFF735
:107EF000FBFA00212020FFF7F7FA55E0DA48844228
:107F000008D101210220FFF700FB00210220FFF72A
:107F1000FCFA49E0D548844209D101210804FFF761
:107F2000F4FA00214FF48030FFF7EFFA3CE0D0483C
:107F3000844209D101214804FFF7E7FA00214FF4F8
:107F40000030FFF7E2FA2FE0CA48844209D101214C
:107F50008804FFF7DAFA00214FF48020FFF7D5FA02
:107F600022E0C548844208D101214020FFF7BCFA35
:107F700000214020FFF7B8FA16E0C048844208D13B
:107F800001218020FFF7B0FA00218020FFF7ACFA32
:107F90000AE0BB48844207D101218015FFF7A4FA0B
:107FA0000021A015FFF7A0FA10BD00220288A84BFF
:107FB00098420ED0AC4B98420BD0B0F1804F08D015
:107FC000A44B984205D0A44B984202D0A34B9842B0
:107FD00004D14FF68F731A404B881A43A04B984236
:107FE00007D0A04B984204D04FF6FF431A400B89AC
:107FF0001A4302804B68C3620B880385944B9842F6
:1080000002D0994B984201D18B7A03860123838257
:1080100070474FF0FF3141600021018001814180B4
:10802000817270470185828270470A46002101886B
:108030004FF68F73194011430180704741627047BA
:10804000C16270470146486A70470146088D704713
:1080500021B1028842F00202028004E002884FF659
:10806000FD731A400280704721B1028842F0040279
:10807000028004E002884FF6FB731A4002807047CA
:1080800021B1028842F08002028004E002884FF6AB
:108090007F731A400280704702884FF6F7731A40C8
:1080A000028002880A430280704702884FF6FF432D
:1080B0001A40028002880A430280704721B1028878
:1080C00042F00102028004E002884FF6FE731A407B
:1080D0000280704770B5002400220023058C4FF603
:1080E000FE7635400584028C8388048B4FF68F75AD
:1080F0002C40B51E2C400D882C43751E2A408D89BE
:108100002A434D882A43524DA84202D0564DA842D8
:1081100013D14FF6F7752A40CD892A434FF6FB75E8
:108120002A408D882A434FF6FF652B404FF6FF55B6
:108130002B400D8A2B434D8A2B43838004838D680B
:108140004563028470BD70B5002400220023058CB5
:108150004FF6EF7635400584028C8388048B48F611
:10816000FF752C404FF6FF452C400D884FF6FF76EB
:1081700006EA05252C434FF6DF752A408D8906EA6D
:1081800005152A434D8806EA05152A43304DA842B5
:1081900002D0354DA8421DD14FF67F752A40CD89BA
:1081A0004FF6FF7606EA05152A434FF6BF752A40BB
:1081B0008D8806EA05152A434FF6FF352B404FF20E
:1081C000FF752B400D8A06EA85052B434D8A06EA8A
:1081D00085052B43838004838D688563028470BD8D
:1081E00070B5002400220023058C4FF6FF66354051
:1081F0000584028C8388848B4FF68F752C404FF654
:10820000FC752C400D882C434FF6FF552A408D8974
:108210004FF6FF7606EA05252A434D8806EA05252E
:108220002A430B4DA84202D00F4DA84238D14FF23D
:10823000FF752A40CD894FF6FF7606EA05252A43C9
:108240004FF6FF352A408D8806EA05252A4319E0B6
:10825000000001400004004000080040000C004005
:1082600000100040001400400004014000400140A4
:10827000004401400048014000180040001C00403C
:10828000002000404EF6FF752B404DF6FF752B4049
:108290000D8A06EA05152B434D8A06EA05152B4380
:1082A000838084838D68C563028470BD70B50022AD
:1082B00000230024058C4EF6FF7635400584038CA0
:1082C0008488828B48F6FF752A404FF6FF452A4086
:1082D0000D884FF6FF7606EA05252A434DF6FF7511
:1082E0002B408D8906EA05352B434D8806EA053576
:1082F0002B43FE4DA84202D0FD4DA84208D14BF6BB
:10830000FF752C400D8A4FF6FF7606EA85152C4343
:10831000848082838D680564038470BD00210180A0
:108320004180818081608181C18101824182704769
:1083300070B50346002000241846183001258D40F2
:10834000ACB21D8CA5431D8409B108290AD100EBEC
:10835000610005684FF68F76354005600568154366
:1083600005600FE00D1FC5F34E052844056848F66B
:10837000FF763540056005684FF6FF7606EA02266F
:108380003543056070BD4163704781637047C163C9
:108390007047016470470A460021018B4FF68F73C6
:1083A00019401143018370470A460021018B48F6AA
:1083B000FF7319404FF6FF7303EA02231943018349
:1083C00070470A460021818B4FF68F731940114385
:1083D000818370470A460021818B48F6FF7319405C
:1083E0004FF6FF7303EA02231943818370470A465D
:1083F0000021018B4FF6F773194011430183704739
:108400000A460021018B4FF2FF7319404FF6FF73AC
:1084100003EA02231943018370470A460021818B36
:108420004FF6F77319401143818370470A460021C4
:10843000818B4FF2FF7319404FF6FF7303EA02235B
:108440001943818370470A460021018B4FF6FB7365
:1084500019401143018370470A460021018B4FF6F2
:10846000FF3319404FF6FF7303EA022319430183D8
:1084700070470A460021818B4FF6FB731940114368
:10848000818370470A460021818B4FF6FF331940E4
:108490004FF6FF7303EA02231943818370470A46AC
:1084A0000021018B4FF67F73194011430183704700
:1084B0000A460021018BC1F30E014FF6FF7303EA58
:1084C00002231943018370470A460021818B4FF62E
:1084D0007F7319401143818370470A460021818BC5
:1084E000C1F30E014FF6FF7303EA022319438183A0
:1084F00070470A460021018C4FF6FD731940114365
:10850000018470470A460021018C4FF6F773194029
:108510001143018470470A460021018C4FF6DF7336
:1085200019404FF6FF7303EA0213194301847047A1
:108530000A460021018C4FF67F7319404FF6FF73F6
:1085400003EA02131943018470470A460021018C93
:108550004FF6FF5319404FF6FF7303EA0223194306
:10856000018470470A460021018C4FF2FF731940C5
:108570004FF6FF7303EA02231943018470470A464A
:108580000021018C4DF6FF7319404FF6FF7303EA8B
:10859000023319430184704730B5002301248C4015
:1085A000A3B2048C9C430484048C02FA01F5ADB29E
:1085B0002C43048430BD30B5002304248C40A3B286
:1085C000048C9C430484048C02FA01F5ADB22C4364
:1085D000048430BD828B4FF2FF331A408283828B3A
:1085E0004FF6FF7303EA01231A4382837047F0B505
:1085F0000C461546002100220026078C4EF6FF7C13
:1086000007EA0C070784818B028C4FF6FF7707EA95
:10861000043640F6FF4739404FF6FF7707EA052753
:1086200039434FF6FF7707EA0337394345F6FF77BB
:108630003A4046F480573A4381830284F0BD828BEE
:108640004FF6F3731A408283828B0A43828370470A
:10865000F0B50C461546002100220026078C4FF687
:10866000FF6C07EA0C070784818B028C4FF6FF77BB
:1086700007EA04264FF60C7739404FF6FF7707EAF2
:1086800003172F4339434FF2FF573A4046F48077A0
:108690003A4381830284F0BD028B4FF2FF331A40CC
:1086A0000283028B4FF6FF7303EA01231A4302830E
:1086B0007047F0B50C461546002100220026078CB5
:1086C0004FF6EF7C07EA0C070784018B028C4FF60C
:1086D000FF7707EA041640F6FF4739404FF6FF7769
:1086E00007EA033739434FF6FF7703E00000014004
:1086F0000004014007EA052739434FF65F773A4007
:1087000046F010073A4301830284F0BD028B4FF616
:10871000F3731A400283028B0A4302837047F0B559
:108720000C46154600210022068C4FF6FE773E408F
:108730000684018B028C4FF60C7631407E1C06EAD3
:1087400003162E4331434FF6F576324044F00106CE
:10875000324301830284F0BD70B505460C46208883
:1087600050B92389A28861882846FFF7D8FFE1889D
:108770002846FFF7CBFF25E0208804280AD123896B
:10878000A28861882846FFF794FFE1882846FFF712
:1087900083FF17E0208808280AD12389A2886188EE
:1087A0002846FFF755FFE1882846FFF748FF09E014
:1087B0002389A28861882846FFF719FFE1882846A7
:1087C000FFF708FF70BD00210180418001218180F9
:1087D0000021C180018170472DE9F04105460C461A
:1087E00000260127608808B9022600E00026A0883C
:1087F000012801D1022700E001272088A0B92389A0
:10880000A28861882846FFF78AFFE1882846FFF79B
:108810007DFF23893A4631462846FFF74AFFE18823
:108820002846FFF739FF13E02389A288618828468C
:10883000FFF73FFFE1882846FFF72EFF23893A46DE
:1088400031462846FFF76BFFE1882846FFF75EFFB9
:10885000BDE8F0810146486B70470146886B704760
:108860000146C86B70470146086C70470A884B8800
:108870001A438B881A43CB881A430B891A434B89B6
:108880001A438B891A43A0F84420704700210180C5
:1088900041808180C180018141818181704731B1F6
:1088A000B0F8442042F40042A0F8442005E0B0F8BB
:1088B0004420C2F30E02A0F84420704721B1828800
:1088C00042F00402828004E082884FF6FB731A4073
:1088D0008280704721B1828842F00102828004E0E8
:1088E00082884FF6FE731A40828070471AB18389DE
:1088F0000B43838102E083898B43838170478182AC
:10890000704702460020138A0B400BB1012000E0A3
:1089100000207047CA430282704730B502460020EB
:1089200000230024158A05EA0103958905EA01045C
:1089300013B10CB1012000E0002030BDCA43028217
:10894000704741EA0203A0F8483070471AB18389A2
:108950000B43838102E083898B438381704721B17C
:10896000828842F00802828004E082884FF6F77322
:108970001A408280704701894FF6F87211400181D8
:1089800070470A46002101894FF68F731940114341
:108990000181704730B504460D4629462046FFF751
:1089A000F0FF208940F00700208130BD2DE9F04123
:1089B00004460D4616461F46602D06D13B46012251
:1089C00031462046FFF775FE05E03B460122314661
:1089D0002046FFF7A4FE29462046FFF7D2FF208954
:1089E00040F007002081BDE8F08130B50C46002141
:1089F0000189C9B24FF6FF7505EA032515432543E2
:108A00002943018130BD2DE9F04105460E46174648
:108A10009846002443463A4631462846FFF7E5FF8C
:108A20002C894FF6F870044044F007044FF68F701D
:108A3000044044F070042C81BDE8F081F0B5044698
:108A40000D4616461F463B46324629462046FFF74E
:108A5000CCFF208940F480402081F0BD82884FF611
:108A60008F731A40828082880A438280704702890D
:108A70004FF6F8731A40028102890A430281704757
:108A800002894FF67F731A40028102890A430281EC
:108A90007047F0B50C4615461E4600210022002303
:108AA0000189028B038C4FF6F877394021434FF64A
:108AB000FC473A4040F201173A434FF6DD773B401E
:108AC0004FF6FF7707EA06172F433B4301810283E6
:108AD0000384F0BD21B1828842F08002828004E0EC
:108AE00082884FF67F731A4082807047A0F850103A
:108AF0007047000010B50446FB48844208D10121AC
:108B00008014FEF702FD0021A014FEF7FEFC3CE0FD
:108B1000F648844208D101210014FEF7E5FC00214B
:108B20002014FEF7E1FC30E0F148844208D1012135
:108B3000C013FEF7D9FC0021E013FEF7D5FC24E0BA
:108B4000EC48844208D101214014FEF7DEFC0021EC
:108B50006014FEF7DAFC18E0E748844209D10121ED
:108B60000805FEF7D2FC00214FF48010FEF7CDFC83
:108B70000BE0E248844208D101214805FEF7C5FC1C
:108B800000214FF40010FEF7C0FC10BD10B500220C
:108B9000028802F441520B884C8823438C8823437B
:108BA000CC8823430C8923434C8923438C8923435A
:108BB000CC8923431A430280838B4FF2FF742340F6
:108BC00083830B8A038210BD2DE9F04F0025022319
:108BD00000244FF001090022002600279446904609
:108BE000B0F81CA04FF2400B0AEA0B0AA0F81CA038
:108BF0004FF0020AA0F820A0858BD1F808A0BAF1A6
:108C0000020F01D100BF82E0B1F804A0BAF1000F59
:108C100002D14FF0010901E04FF00209DFF8E0A2B4
:108C2000DAF800A00AF4000ABAF1000F09D0DFF860
:108C3000D0A2DAF800A02AF4000ADFF8C4B2CBF818
:108C400000A0DFF8BCA20AF17C0ADAF800A0CAF39F
:108C5000881CDFF8ACA20AF17C0ADAF800A0CAF39B
:108C60000278DFF89CA2AAF1040ADAF800A00AF060
:108C70003F07DFF88CA2AAF1040ADAF800A00AF490
:108C8000800ABAF5800F08D1DFF878A2BAFBF7FAAC
:108C90000AFB0CFABAFBF8F607E0DFF86CA2BAFBA5
:108CA000F7FA0AFB0CFABAFBF8F6B1F806A0BAF527
:108CB000007F0ED14FEA162A0AEB8A0A4FEA4A0AC7
:108CC000D1F808B0BAFBFBFA0AF1050A1FFA8AF2DA
:108CD0000FE04FEA491AB6FBFAFA0AEB8A0A4FEAA2
:108CE0004A0AD1F808B0BAFBFBFA0AF1050A1FFAE2
:108CF0008AF24FF00A0AB2FBFAF202F00104A2EB88
:108D0000040ACAF34F034FF6FF7A0AEA0424022B3F
:108D100001DBFF2B01DD02230024B1F806A04AEAA3
:108D2000040A4AEA030AA0F820A0B1F804A0B1F8A6
:108D30000CB04AEA0B0AB1F802B04AEA0B0AB1F8E1
:108D400000B04AEA0B0A4AF4006A4AEA050585833C
:108D5000BDE8F08F0021018041808180C1800181C8
:108D600041818181C18107210182704700210180F9
:108D700041808180C1800221816000218181704712
:108D800021B1028842F04002028004E002884FF6DE
:108D9000BF731A400280704721B1828B42F4806217
:108DA000828304E0828B4FF6FF331A408283704740
:108DB00002884FF2FF731A40028002880A43028041
:108DC0007047B1F5804F04D1028842F4804202809E
:108DD00004E002884BF6FF731A40028070474FF69A
:108DE000FF62914204D0028842F48072028004E063
:108DF00002884FF6FF631A400280704721B18288D3
:108E000042F00402828004E082884FF6FB731A402D
:108E10008280704721B1828842F01002828004E093
:108E200082884FF6EF731A408280704730B5002277
:108E30000023848B4FF240052C4084830224048459
:108E4000828B0C88B4F5007F01D00C8814B94FF4E4
:108E5000807308E00C88B4F5407F03D00C88B4F52B
:108E6000807F00D100238C888D892C434D882C4332
:108E70001C4344F400642243828330BD0146888948
:108E800070478181704721B1028842F4005202800C
:108E900004E002884DF6FF731A4002807047018893
:108EA00041F480510180704702460020012901D021
:108EB000108B00E0908A70470146088A70471AB10B
:108EC00083880B43838002E083888B4383807047D1
:108ED00030B5002400230C110125A540ABB2AAB186
:108EE00085881D43858014E0003001400038004033
:108EF000003C00400034014000500140005401405B
:108F00000838024000127A000024F40085889D434E
:108F1000858030BD0246002013890B400BB1012033
:108F200000E000207047CA4302817047F0B5024656
:108F3000002000240023002501F00F070126BE4079
:108F4000B4B20B1101269E40B3B2968806EA03051F
:108F50001689264016B10DB1012000E00020F0BDB9
:108F600010B5002201F00F040123A3409AB2D343AD
:108F7000038110BD70B503460C4603E014F8015B95
:108F800003F8015B151EA2F10102F7D170BD30B5E7
:108F9000034601E003F8011B141EA2F10102F9D1FE
:108FA00030BD10B504467A4951F824104A00794979
:108FB00051F824000021FFF7EAFF774951F82420F7
:108FC00074490C3951F824000021FFF7E0FF01211A
:108FD00070480C30015510BD10B501460023002229
:108FE00007E06C4850F8210030F8120000B15B1C1B
:108FF000521C674850F821009042F2D86420584330
:10900000634C54F82140B0FBF4F0C0B210BD2DE920
:10901000F04704460F460025A9465E480C30005D27
:1090200020B95C4814380168204688471FB94FF0C2
:10903000FF30BDE8F087594850F82400B7FBF0F640
:10904000564850F82400B7FBF0F100FB117000B156
:10905000761C4F4850F82400451E20E04D4850F83B
:10906000240030F8150010B909F1010901E04FF0B2
:109070000009B14512D14FF0000808E0454850F80A
:10908000240005EB080220F8126008F10108B04541
:10909000F4D3424850F824006843CAE76D1E002DFF
:1090A000DCDA4FF0FF30C4E72DE9F04104460E460C
:1090B00038480C30005D38B936481438016820460D
:1090C00088470120BDE8F081334850F82400B042C1
:1090D00017D9324850F82400B6FBF0F12D4850F86B
:1090E000240030F81120002507E00023294850F81B
:1090F00024004F1920F817306D1C9542F5DB002035
:10910000E0E70220DEE770B505460C4604B970BD05
:1091100020480C3850F82500261A31462846FFF71B
:10912000C3FF00BFF3E770B504460E463146204644
:10913000FFF76DFF0546681C08B9002070BD154893
:109140000C3850F824002844F8E72DE9F041044693
:109150000F46164631462046FFF759FF0546681C64
:1091600010B90020BDE8F0810A490C3951F82410EB
:10917000481932463946FFF7FDFE39462046FFF7CB
:10918000C2FF04480C3850F824002844EAE70000E5
:10919000C80201085C000020E0020108D4020108B6
:1091A00010B58CB004461E230BAA03A9204600F07C
:1091B000A9FE0090009810B101200CB010BD9DF8E0
:1091C0002C00044400200B900EE040489DF82C2019
:1091D00050F8221003A800F0FDFD00B908E09DF84A
:1091E0002C00401CC0B20B909DF82C000728ECD33B
:1091F00000BF9DF82C00072863D2DFE800F00405CB
:109200003C5E6564630000BF31A004F075FF31A0CF
:1092100004F072FF3FA004F06FFF4EA004F06CFF5B
:109220005CA004F069FF6BA004F066FF79A004F075
:1092300063FF86A004F060FF8BA004F05DFF90A0A8
:1092400004F05AFF94A004F057FF99A004F054FFD3
:109250009EA004F051FFA4A004F04EFFB0A004F0C3
:109260004BFFBDA004F048FFC8A004F045FFD4A008
:1092700004F042FF9AE216A004F03EFFE0A004F0E2
:109280003BFF00200B900EE0ED4800689DF82C207D
:1092900000EBC2004168EBA004F02EFF9DF82C000B
:1092A000401CC0B20B90E648007D9DF82C1088420F
:1092B000EADC07A004F020FF78E205A004F01CFF20
:1092C000C4E171E245E219E2ECE100006C0000202B
:1092D0000D0A00002D2D2D2D2D2D2D2D2D2D2D2D5B
:1092E0002D2D2D2D2D2D2D2D2D2D2D2D55534D412C
:1092F00052542056332E312D2D2D2D2D2D2D2D2D2B
:109300002D2D2D2D2D2D2D2D2D2D2D2D2D2D2D209A
:109310000D0A00002020202055534D415254CAC749
:10932000D3C9414C49454E54454BBFAAB7A2B5C419
:10933000D2BBB8F6C1E9C7C9B5C4B4AEBFDAB5F798
:10934000CAD4BBA5BDBBD7E9BCFE2CCDA8B9FD20B6
:109350000D0A0000CBFC2CC4E3BFC9D2D4CDA8B900
:10936000FDB4AEBFDAD6FACAD6B5F7D3C3B3CCD004
:10937000F2C0EFC3E6B5C4C8CEBACEBAAFCAFD2CB0
:10938000B2A2D6B4D0D02ED2F2B4CB2CC4E3BFC993
:109390000D0A0000D2D4CBE6D2E2B8FCB8C4BAAF12
:1093A000CAFDB5C4CAE4C8EBB2CECAFD28D6A7B37D
:1093B000D6CAFDD7D62831302F3136BDF8D6C629CA
:1093C000A1A2D7D6B7FBB4AEA1A2BAAFCAFDC8EB73
:1093D0000D0A0000BFDAB5D8D6B7B5C8D7F7CEAA00
:1093E000B2CECAFD292CB5A5B8F6BAAFCAFDD7EEE4
:1093F000B6E0D6A7B3D63130B8F6CAE4C8EBB2CEE1
:10940000CAFD2CB2A2D6A7B3D6BAAFCAFDB7B52053
:109410000D0A0000BBD8D6B5CFD4CABE2ED0C2D458
:10942000F6B2CECAFDCFD4CABEBDF8D6C6C9E8D6FC
:10943000C3B9A6C4DC2CD0C2D4F6BDF8D6C6D7AA10
:10944000BBBBB9A6C4DC2E0D0A000000BCBCCAF52B
:10945000D6A7B3D63A7777772E6F70656E65647648
:109460002E636F6D0D0A000055534D415254D3D0F9
:1094700037B8F6CFB5CDB3C3FCC1EE3A0D0A000044
:109480003F3A202020202020BBF1C8A1B0EFD6FA1F
:10949000D0C5CFA20D0A000068656C703A2020206C
:1094A000BBF1C8A1B0EFD6FAD0C5CFA20D0A00001B
:1094B0006C6973743A202020BFC9D3C3B5C4BAAF56
:1094C000CAFDC1D0B1ED0D0A0A00000069643A205E
:1094D00020202020BFC9D3C3BAAFCAFDB5C44944B8
:1094E000C1D0B1ED0D0A0A006865783A202020202D
:1094F000B2CECAFD3136BDF8D6C6CFD4CABE2CBA5C
:10950000F3B8FABFD5B8F12BCAFDD7D6BCB4D6B4E0
:10951000D0D0BDF8D6C6D7AABBBB0D0A0A00000042
:109520006465633A20202020B2CECAFD3130BDF8F8
:10953000D6C6CFD4CABE2CBAF3B8FABFD5B8F12B71
:10954000CAFDD7D6BCB4D6B4D0D0BDF8D6C6D7AA3B
:10955000BBBB0D0A0A00000072756E74696D653A36
:10956000312CBFAAC6F4BAAFCAFDD4CBD0D0BCC68A
:10957000CAB13B302CB9D8B1D5BAAFCAFDD4CBD023
:10958000D0BCC6CAB13B0D0A0A000000C7EBB0B49C
:10959000D5D5B3CCD0F2B1E0D0B4B8F1CABDCAE4ED
:1095A000C8EBBAAFCAFDC3FBBCB0B2CECAFDB2A213
:1095B000D2D4BBD8B3B5BCFCBDE1CAF82E0D0A00AD
:1095C0002D2D2D2D2D2D2D2D2D2D2D2D2D2D2D2DCB
:1095D0002D2D2D2D2D2D2D2D2D2D414C49454E540C
:1095E000454B2D2D2D2D2D2D2D2D2D2D2D2D2D2D75
:1095F0002D2D2D2D2D2D2D2D2D2D2D200D0A000045
:109600002D2D2D2D2D2D2D2D2D2D2D2D2D2D2D2D8A
:109610002D2D2D2D2D2D2D2D2DBAAFCAFDC7E5B524
:10962000A52D2D2D2D2D2D2D2D2D2D2D2D2D2D2DF2
:109630002D2D2D2D2D2D2D2D2D2D2D2D200D0A00D7
:109640006001002025730D0A00000000EEA004F068
:1096500053FD00200B901AE0FB4909689DF82C206F
:1096600001EBC20101AB02AA486803A900F070FC3B
:10967000F54800689DF82C1050F8312003A9F3A09C
:1096800004F03AFD9DF82C00401CC0B20B90EE484F
:10969000007D9DF82C108842DEDCAFF2CC3004F067
:1096A0002BFD83E0AFF2D83004F026FD0BAA03A90E
:1096B000204600F029FD9DF82C00C8B9694603A892
:1096C00000F0BBFB0B909DF82C0020B9E4A00099A2
:1096D00004F012FD0EE09DF82C00042801D00220B9
:1096E0006BE5E2A004F008FD0120D749C87501E050
:1096F000022062E5DCA004F0FFFC57E0DAA004F0F1
:10970000FBFC0BAA03A9204600F0FEFC9DF82C00F0
:10971000C8B9694603A800F090FB0B909DF82C0097
:1097200020B9D7A0009904F0E7FC0EE09DF82C00CA
:10973000042801D0022040E5D4A004F0DDFC002084
:10974000C149C87501E0022037E5C7A004F0D4FC88
:109750002CE0C5A004F0D0FC0BAA03A9204600F021
:10976000D3FC9DF82C00C8B9694603A800F065FB3E
:109770000B909DF82C0078B9B349009881F8EC0063
:10978000084690F8EC0018B1C5A004F0B5FC07E05D
:10979000CAA004F0B1FC03E002200EE502200CE5B3
:1097A000B1A004F0A9FC01E0012006E500BF002003
:1097B00003E510B50121C848FFF7ACF84FF6FF717B
:1097C000C548FEF73DFC0021C348FEF737FC0020EA
:1097D0009D49C1F8F00010BD10B50121BE48FFF74A
:1097E00090F8012808D19848D0F8F0004FF6FF71A2
:1097F00008449549C1F8F000B748FEF723FC9249A8
:10980000D1F8F01008449049C1F8F0000846D0F8AB
:10981000F00010BD10B50121AF48FFF77EF8012818
:109820000AD18949086980470021AB48FEF706FC48
:109830006421A948FEF704FC0121A748FFF77EF840
:1098400010BD7FB504460D4601210420FDF7F7FD4C
:10985000ADF800500020ADF802000194ADF808000A
:1098600069469D48FEF7A1FB012211469A48FFF781
:109870003DF801219848FEF721FC1E208DF80C00D0
:1098800003208DF80D008DF80E0001208DF80F00DB
:1098900003A8FCF72AFE7FBD10B5044604EBC40004
:1098A00000EB04100122C2EB800081B24FF47A7009
:1098B000FFF7C7FF01206449C87510BD30B595B0EA
:1098C000054613AB12AA09A9284600F041FB04463D
:1098D00014B1204615B030BD0020149026E05A493E
:1098E00009689DF8502001EBC20113AB11AA48682A
:1098F00001A900F02DFB04460CB12046EAE709A9B6
:1099000001A800F067FA60B99DF844009DF848107E
:10991000884201DD0220DDE79DF850004A49887544
:109920000AE09DF85000401CC0B214904648007DEB
:109930009DF850108842D2DC00BF4348007D9DF85E
:109940005010884201D10420C4E714A9284600F031
:109950004CFC04460CB12046BCE79DF850003A4947
:1099600048750020B6E72DE9F0419AB03648847D6D
:10997000007DA04202DC1AB0BDE8F08132490968DE
:1099800001EBC40106AB07AA486808A900F0E0FA99
:1099900008A952A004F0B0FB0026B9E02A48008BC9
:1099A0000121B1400840D8B122214EA004F0A4FB0F
:1099B000304600F00DFC24492431471839464AA0AE
:1099C00004F09AFB222147A004F096FB304600F0F9
:1099D000FFFB1D492431084410A941F826008DE001
:1099E000304600F0F5FB18492431085810A941F819
:1099F00026001548C07D30B910A850F826103BA0AD
:109A000004F07AFB7AE073E02D2D2D2D2D2D2D2DD8
:109A10002D2D2D2D2D2D2D2D2D2D2D2D2D2D2D2D76
:109A20002DBAAFCAFD204944202D2D2D2D2D2D2DD1
:109A30002D2D2D2D2D2D2D2D2D2D2D2D2D2D2D2D56
:109A40002D2D2D2D200D0A00600100202573206989
:109A5000642069733A0D0A3058253038580D0A00D1
:109A60004845583A305825580D0A00003136BDF89F
:109A7000D6C6B2CECAFDCFD4CABE210D0A000000A0
:109A80004445433A256C750D0A0000003130BDF89D
:109A9000D6C6B2CECAFDCFD4CABE210D0A00000080
:109AA00052756E2054696D652043616C63756C61FD
:109AB00074696F6E204F4E0D0A00000052756E20C3
:109AC00054696D652043616C63756C6174696F6E78
:109AD000204F46460D0A0000000800400D0A25737D
:109AE000280000002563000025730000256C750028
:109AF00010A850F8261095A004F0FEFA9DF81C005E
:109B0000401EB04202D093A004F0F6FA701CC6B218
:109B10009DF81C008642FFF641AF8FA004F0ECFADE
:109B2000FFF747FE8D48407D0B280DD2DFE800F09F
:109B3000060D151E27323F4E5F7287008749096860
:109B400051F834008047054690E0844A126852F884
:109B5000341010988847054688E0804B1B6853F8FE
:109B60003420DDE91001904705467FE07B4F3F68D8
:109B700057F8343010A807C89847054676E0DFF854
:109B8000DCC1DCF800C05CF8347010A80FC8B8471E
:109B900005466BE01498DFF8C4C10090DCF800C003
:109BA0005CF8347010A80FC8B84705465EE0DDE9E0
:109BB0001401DFF8A8C1CDE90001DCF800C05CF8B1
:109BC000347010A80FC8B84705464FE0DDE91412FD
:109BD0001698DFF888C1CDE900120290DCF800C0C9
:109BE0005CF8347010A80FC8B84705463EE0DDE9C0
:109BF0001423DDE91610DFF864C1CDE90023CDE9B7
:109C00000210DCF800C05CF8347010A80FC8B84728
:109C100005462BE0DDE91523DDE91710CDE9012329
:109C2000CDE903101498DFF834C10090DCF800C0CF
:109C30005CF8347010A80FC8B847054616E0DDE997
:109C40001623DDE91810CDE90223CDE90410DDE982
:109C50001401DFF808C1CDE90001DCF800C05CF8B0
:109C6000347010A80FC8B847054600BF00BFFFF703
:109C7000B3FD9DF8180001280CD13848C07D20B9EB
:109C8000294637A004F038FA07E0294636A004F048
:109C900033FA02E033A004F02FFA304890F8EC00D9
:109CA00088B12E48D0F8F0000A21B0FBF1F201FB98
:109CB00012072A48D0F8F000B0FBF1F83A464146C6
:109CC0002CA004F019FA00BF55E670B531480088A1
:109CD00000F40040002833D02E48057800202E499B
:109CE00048551E4881682C48884704461CB91B49C2
:109CF000C868804721E02848FFF752FA0546012D41
:109D000000D02C46CCB1012C06D0022C08D0032C5C
:109D10000AD0042C10D10BE020A004F0EDF90BE0E8
:109D200021A004F0E9F907E022A004F0E5F903E03E
:109D300023A004F0E1F900BF00BF0020154908800E
:109D400070BD01460868704701607047305825585B
:109D5000000000002C00000029000000600100202D
:109D60003D256C753B0D0A003D305825583B0D0ACA
:109D70000000000046756E6374696F6E2052756E48
:109D80002054696D653A25642E2531646D730D0A82
:109D9000000000003400002040150020BAAFCAFDCA
:109DA000B4EDCEF3210D0A00B2CECAFDB4EDCEF370
:109DB000210D0A00B2CECAFDCCABB6E0210D0A00DF
:109DC000CEB4D5D2B5BDC6A5C5E4B5C4BAAFCAFD3B
:109DD000210D0A0002460AE010780B78984201D063
:109DE00001207047107800B902E0521C491CF3E7CB
:109DF00000BF0020F5E706E002780A70027802B999
:109E000002E0401C491CF7E700BF704701460020F4
:109E100005E00A7802B903E0421CD0B2491CF8E719
:109E200000BF704710B50246012000E050430B1EF2
:109E3000A1F10104E1B2F9D110BD2DE9F0430746CB
:109E40000E4600254FF00A083C46002030601FE017
:109E50002078392802DC207830280ADA2078462851
:109E600002DC2078412804DA2078582809D1012D15
:109E700007D12078412801DB4FF01008681CC5B2DB
:109E800005E0207800B904E00120BDE8F083641CFF
:109E9000DEE700BF3C46B8F1100F0FD1032D01DA09
:109EA0000220F2E72078302806D16078582803D1C4
:109EB000A41CA81EC5B204E00320E6E70DB90420E7
:109EC000E3E71BE00DB1681EC5B22078392806DC37
:109ED0002078302803DB2078A0F1300902E02078D8
:109EE000A0F1370929464046FFF79CFF316809FB7E
:109EF00000103060641C207800B900E0E2E700BF89
:109F00000020C2E710B50446002010700BE0207856
:109F10000870641C491C1078401C1070107898421E
:109F200001DB012010BD2078202802D020780028F5
:109F3000EDD10020087000BFF4E70146491C00E0A5
:109F4000491C0878202801D10029F9D108787047E8
:109F50002DE9FF4F85B080468946002700200490F8
:109F60000390012002904FF0000B002544461DE0B5
:109F70002078202816D005F07F00052812DA0DB9C8
:109F800045F0800505F07F00042803D120782A28B9
:109F900000D00EE0207805F07F010DF80100681C6C
:109FA000C5B202E0852D00D103E0641C20780028B2
:109FB000DED100BF8DB1002005F07F010DF801005A
:109FC000CBA16846FFF706FF18B900210898017079
:109FD00002E001210898017000254FF0000A444674
:109FE00014E0641C0AF1010000F0FF0A2078202828
:109FF00002D020782A2809D12046FFF79EFF064686
:10A00000282E03D02A2E01D0CDF810A020782828A1
:10A0100002D020780028E4D14446049810B1049876
:10A02000401C04444FF0000A002654E0207810B988
:10A030004FF0010A50E02078282803D116B9781C87
:10A04000C7B213E02078292808D13EB917B1781E8D
:10A05000C7B201E04FF0010A47B93DE0207822285D
:10A0600004D10EB9012000E00020064647B920784F
:10A0700020282FD0207889F8000009F1010929E073
:10A0800020782C2804D101200290681CC5B214E06D
:10A090002078202811D0207828280ED04DB9BBF187
:10A0A000050F06DA20780DF80B000BF1010000F027
:10A0B000FF0B0298401CC0B20290012F0AD10298F7
:10A0C000022807D10298401CC0B202900398401C9D
:10A0D000C0B20390641CA9E700BF0398012809D10E
:10A0E00000200DF80B0082A16846FFF773FE08B947
:10A0F00000200390079903980870002089F8000059
:10A10000504609B0BDE8F08FF0B503461546002073
:10A1100000220026002455E01F782C2F01D104B91D
:10A1200001221F78292F01D01F780FB904B94AE006
:10A13000002E34D11F78302F02DB1F78392F11DD2C
:10A140001F78612F02DB1F78662F0BDD1F78412FF0
:10A1500002DB1F78462F05DD1F78582F02D01F78AD
:10A16000782F0CD102B12EE01F78612F03DB1F780E
:10A17000203F0F7001E01F780F70491C1FE01F780F
:10A18000222F04D102B11EE00126012417E01F781E
:10A19000202F14D01F782C2F11D0FF2613E01F780A
:10A1A000222F00D1002402B10DE044B11F785C2FB2
:10A1B00002D15B1C471CF8B21F780F70491C471C6A
:10A1C000F8B25B1CA8E700BF00270F702E70F0BD2F
:10A1D00002460020002105E0474B5B5C0344D8B2F7
:10A1E0004B1CD9B29142F7DB70472DE9F043B5B073
:10A1F00005460F460024002604E000213E48815514
:10A20000701CC6B20A2EF8DB06E06D1C287818B95F
:10A21000012035B0BDE8F08328782828F5D16D1CE1
:10A2200061E034AA69462846FFF76EFF06463544CA
:10A230009DF8D00020B1012827D0FF284CD149E05B
:10A240009DF8000000B333A96846FFF7F6FD064607
:10A250000EB10220DDE72046FFF7BAFF26490A319A
:10A26000339A0A50A1F12400008B0121A1408843B8
:10A2700021491A39088304211F480155601CC4B2C2
:10A280000A2C01DD0320C4E726E06846FFF7BEFD87
:10A29000401C00F0FF082046FFF79AFF16490A31DC
:10A2A00000EB010949466846FFF7A5FD12481A3838
:10A2B000018B0120A040014388B20F491A3908835D
:10A2C0000D4800F80480601CC4B20A2C01DD032094
:10A2D0009FE701E002209CE700BF2878292801D0F1
:10A2E000287800B900E09CE700BF3C70002090E7B0
:10A2F000766F6964000000007A01002070B50446A2
:10A30000002514B1012C0BD103E0FAF797FE0546A6
:10A3100008E0F9F74BFF4FF4C0407649088001E0B0
:10A32000012500BF00BF0DB1012070BD0020FCE77A
:10A330000146002070472DE9F04107460E461546BC
:10A340001C464FF0000814B90420BDE8F08117B195
:10A35000012F22D112E0E2B229463046FBF7D0FEAF
:10A36000804607E0FAF76AFEE2B229463046FBF77C
:10A37000C7FE8046B8F1000FF4D111E009E0690290
:10A380004FF400723046F9F77EFF6D1C06F500763B
:10A39000641E002CF3D1A04602E04FF0010800BF7C
:10A3A00000BFB8F1000F01D10020CEE70120CCE7BB
:10A3B0002DE9F04107460E4615461C464FF00008B1
:10A3C00014B90420BDE8F08117B1012F22D112E0A9
:10A3D000E2B229463046FBF7F1FE804607E0FAF785
:10A3E0002DFEE2B229463046FBF7E8FE8046B8F182
:10A3F000000FF4D111E009E069024FF40072304619
:10A40000F9F7DDFF6D1C06F50076641E002CF3D114
:10A41000A04602E04FF0010800BF00BFB8F1000FF6
:10A4200001D10020CEE70120CCE72DE9F047064618
:10A430008946154646BBB9F1000F09D0B9F1010FA5
:10A4400013D0B9F1020F05D0B9F1030F19D106E00D
:10A45000002418E04FF400702860002413E0264820
:10A46000B0F85000288000240DE023484FF400721B
:10A470000023D0E91271384603F019FE2860002449
:10A4800001E0042400BF22E0012E1FD1B9F1000F2A
:10A4900009D0B9F1010F11D0B9F1020F05D0B9F10E
:10A4A000030F10D106E000240FE04FF40070288065
:10A4B00000240AE008202880002406E00D480088D7
:10A4C0002860002401E0042400BF00E001242046AD
:10A4D000BDE8F0870020704710B5044621460020F3
:10A4E000FEF721FE10BD10B5044621460020FEF700
:10A4F0000AFE10BD54020020E812002070B5034689
:10A500000C4603E014F8015B03F8015B151EA2F191
:10A510000102F7D170BD30B5034601E003F8011B1D
:10A52000141EA2F10102F9D130BDF0B503461C465C
:10A530000D46002000BF161EA2F1010207D014F83C
:10A54000017B15F801CBA7EB0C06301EF3D0F0BD54
:10A55000024600E0521C107810B110788842F9D100
:10A560001078704770B504462079F8B1E56A6078D4
:10A5700001232A4604F13001FFF71AFF08B1012038
:10A5800070BD00202071206A281AA16988420DD26E
:10A59000E67809E0A0690544607801232A4604F1C1
:10A5A0003001FFF705FF761E022EF3D20020E7E709
:10A5B00070B504460D46E06AA84210D02046FFF769
:10A5C000D1FF08B1012070BD607801232A4604F153
:10A5D0003001FFF7B0FE08B10120F4E7E56200208A
:10A5E000F1E770B504462046FFF7BCFF0546002D95
:10A5F00059D1207803284FD1607901284CD14202EB
:10A60000002104F13000FFF786FF552184F82E1257
:10A61000AA2184F82F12522084F8300052213120D0
:10A62000015561213220015541213320015572210C
:10A6300084F8141284F81512412184F8161261214D
:10A6400084F81712217C84F81812208A010A84F8F1
:10A6500019122069010C84F81A122069010E84F87D
:10A660001B12217B84F81C12A089010A84F81D1298
:10A67000E068010C84F81E12E068010E84F81F12D5
:10A68000E069401CE0626078012304F13001E26A75
:10A69000FFF78EFE00206071607800221146FFF700
:10A6A000C4FE00B10125284670BD0246891E5069CE
:10A6B000801E884201D8002070479378906A01FB81
:10A6C0000300F9E72DE9F04105460C46022C02D3C0
:10A6D0006869A04202D80120BDE8F08128780128ED
:10A6E00004D002282CD003285AD13DE0274607EB9E
:10A6F0005707286A00EB57212846FFF759FF00B19A
:10A7000050E0C7F3080105F1300010F801807F1C0C
:10A71000286A00EB57212846FFF74AFF00B141E0C5
:10A72000C7F3080105F13000405C48EA002804F056
:10A73000010010B14FEA1810CEE7C8F30B00CBE7C9
:10A74000286A00EB14212846FFF732FF00B129E008
:10A7500040F2FF1000EA440105F130000E18307895
:10A76000717840EA0120B7E7286A00EBD411284647
:10A77000FFF71EFF00B115E040F2FF1000EA840170
:10A7800005F130000E18F0780006B17840EA01407B
:10A79000717840EA01203178084320F070409BE74F
:10A7A000012099E700BF4FF0FF3095E72DE9F04712
:10A7B00005460E461746022E02D36869B04202D8FB
:10A7C0004FF002088AE02878012804D0022841D0FE
:10A7D00003287DD154E0B14609EB5909286A00EB02
:10A7E00059212846FFF7E4FE8046B8F1000F00D05B
:10A7F00071E0C9F3080105F130000C1806F0010002
:10A8000020B1F9B2207861F31F1000E038462070C3
:10A8100009F1010901202871286A00EB5921284615
:10A82000FFF7C6FE8046B8F1000F00D053E0C9F331
:10A83000080105F130000C1806F0010010B1C7F353
:10A84000071005E0207800F0F000C7F3032108436B
:10A85000207040E0286A00EB16212846FFF7A8FE8A
:10A860008046B8F1000F00D035E040F2FF1000EA5A
:10A87000460105F130000C182770380A60702AE094
:10A88000286A00EBD6112846FFF792FE8046B8F101
:10A89000000F00D01FE040F2FF1000EA860105F132
:10A8A00030000C18E0780006A17840EA0140617899
:10A8B00040EA01202178084300F0704007432770E8
:10A8C000380A6070380CA070380EE07003E0FFE7C3
:10A8D0004FF0020800BF00BF012028714046BDE8CC
:10A8E000F0872DE9F04104460E46022E02D360693E
:10A8F000B04201D8022727E0002721E03146204658
:10A90000FFF7E0FE054605B91DE0012D01D1022744
:10A9100019E0681C08B9012715E0002231462046DD
:10A92000FFF744FF074607B10DE02069401C30B136
:10A930002069401C2061607940F0010060712E4662
:10A940006069B042DAD800BF3846BDE8F0812DE931
:10A95000F04704468946B9F1000F06D1E76817B100
:10A960006069B84215D8012713E049462046FFF731
:10A97000A9FE0646022E02D20120BDE8F087701C17
:10A9800008B93046F9E76069B04201D93046F4E7CA
:10A990004F463D4600BF6D1C6069A84204D80225A1
:10A9A000BD4201D90020E8E729462046FFF78AFE8C
:10A9B000064606B909E0701C08B1012E01D13046E7
:10A9C000DBE7BD42E7D10020D7E700BF6FF0704260
:10A9D00029462046FFF7EAFE8046B8F1000F08D16D
:10A9E000B9F1000F05D02A4649462046FFF7DEFEA2
:10A9F0008046B8F1000F0BD1E5602069401C78B1AA
:10AA00002069401E2061607940F00100607107E01C
:10AA1000B8F1010F02D14FF0FF3000E001200546F0
:10AA20002846AAE770B503460D46586A021D680A13
:10AA30001E68B678B0FBF6F400BF02CA09B9002060
:10AA400070BD8C4200D202E0641A121DF5E700BF0F
:10AA500010682044F4E72DE9F04104460E46E680F4
:10AA6000A568012D03D020684069A84202D80220C1
:10AA7000BDE8F0812DB920680078032801D1206855
:10AA8000456A45B920680089B04201D80220EFE745
:10AA90002068476A1EE0206880784FEA001812E0BC
:10AAA00029462068FFF70EFE0546681C08B90120FC
:10AAB000DEE7022D03D320684069A84201D80220B6
:10AAC000D6E7A6EB08064645EAD229462068FFF7F6
:10AAD000ECFD0746E5600FB90220C9E707EB161049
:10AAE00020612068303006F00F0100EB41106061FA
:10AAF0000020BDE72DE9F04104468846E088461C69
:10AB0000B0B208B1206910B90420BDE8F08106F0A8
:10AB10000F0000286CD12069401C2061E06828B932
:10AB200020680089B04263D80420EEE7206880786E
:10AB3000401E00EA161000285AD1E1682068FFF78D
:10AB4000C1FD0546012D01D80220DEE7681C08B9C9
:10AB50000120DAE720684069A84243D8B8F1000F25
:10AB600001D10420D1E7E1682068FFF7F0FE054637
:10AB70000DB90720C9E7012D01D10220C5E7681CE6
:10AB800008B90120C1E72068FFF7ECFC08B10120FB
:10AB9000BBE7216801F130004FF400720021FFF79C
:10ABA000BAFC29462068FFF780FD2168C8620027AB
:10ABB0000EE00120216808712068FFF7D3FC08B17E
:10ABC0000120A2E72068C06A401C2168C8627F1C7F
:10ABD00020688078B842ECD82068C06AC01B216821
:10ABE000C86200BFE56029462068FFF75EFD20616E
:10ABF000E6802068303006F00F0100EB4110606104
:10AC0000002082E72DE9F04104460E46002120464F
:10AC1000FFF721FF0546EDB9002700BF2169206835
:10AC2000FFF7C6FC054605B113E060690078E5282A
:10AC300002D06069007820B9781C0746B04201D183
:10AC400007E0002701212046FFF754FF0546002DAD
:10AC5000E4D000BF042D00D107252846BDE8F081CF
:10AC600010B502468C7ECB7E44EA03201378032B7A
:10AC700005D10C7D4B7D44EA032340EA034010BD1F
:10AC800081760B0AC3760A0C02750B0E437570476A
:10AC90002DE9F04705460C46207820F04000401E84
:10ACA00000EB800101EBC00600274FF0010800BF58
:10ACB000F848C05D205CF749C95D2144497840EA05
:10ACC0000129B8F1000F10D0484603F0CFF98046B3
:10ACD000FF2E07D23146761C35F8110003F0C6F975
:10ACE000404508D00020BDE8F0874FF6FF70814551
:10ACF00001D00020F7E7781C07460D28D8D320782C
:10AD000000F0400038B1B8F1000F04D035F816005B
:10AD100008B10020E7E70120E5E7F0B50346087831
:10AD200000F03F00401E00EB800707EBC00200254B
:10AD3000012600BFD748405D085CD64F7F5D0F44B9
:10AD40007F7840EA07244EB1FF2A01D30020F0BDEE
:10AD500026461046521C23F8104005E04FF6FF70BF
:10AD6000844201D00020F2E7681C05460D28E1D39B
:10AD7000087800F0400030B1FF2A01D30020E6E758
:10AD8000002023F812000120E1E7F0B504461D463B
:10AD90004D730F27CF7200270F738F76BC4681F853
:10ADA0001BC0571E07EB870C0CEBC7060027384665
:10ADB0003B4600BF4FF6FF77B84203D03746761CBC
:10ADC00034F81700DFF8CCC21CF803C001F80C00FF
:10ADD0000712DFF8C0C21CF803C08C448CF8017065
:10ADE00008B94FF6FF705F1C3B460D2FE2D34FF6BC
:10ADF000FF77B84202D034F816700FB942F0400223
:10AE00000A70F0BD2DE9FC4707468A4690461E466B
:10AE10000B2251463846FFF771FB052E18D93046F4
:10AE200010E038F8021B00250AE00A4660F35F02D2
:10AE30001046491000F480320AB1974A50406D1C08
:10AE4000102DF2D3B8F80020002AEAD1064600BF40
:10AE5000072500BF06F00F0000F13009B9F1390FE6
:10AE600003DD09F1070000F0FF0928466D1E0DF80B
:10AE700000903609002EEDD17E200DF8050000244B
:10AE80000BE0385D812807DB385DFE2804DC681E96
:10AE9000A04200D106E0641C641CAC4202D2385DC2
:10AEA0002028EED100BF00BF082D04D228466D1C1B
:10AEB0001DF8001000E020212046641C3954082CA5
:10AEC000F2D3BDE8FC8730B5014600200B2200BF5D
:10AED000431003EBC01411F8015B6319D8B2531E81
:10AEE0001A1EF5D130BD2DE9F04704460021204659
:10AEF000FFF7B1FD074617B13846BDE8F0874FF0C0
:10AF0000FF09CA464FF6FF70208400BF2169206800
:10AF1000FFF74EFB074607B157E065692E780EB97B
:10AF2000042752E0E87A00F03F08E52E05D008F04B
:10AF3000080040B1B8F10F0F05D04FF0FF094FF6F0
:10AF4000FF7020843AE0B8F10F0F1CD1E06978B3AC
:10AF500006F0400030B195F80DA026F04006B1464D
:10AF6000E08820844E450AD1687B504507D12946A8
:10AF7000E069FFF78DFE10B1A9F1010000E0FF20AC
:10AF800000F0FF091AE0B9F1000F05D12846FFF7DC
:10AF90009AFF504500D118E0A069C07A00F0010086
:10AFA00038B90B222846A169FFF7BFFA08B90CE0AF
:10AFB00004E04FF0FF094FF6FF7020840021204687
:10AFC000FFF798FD0746002FA0D000BF384694E752
:10AFD0002DE9F05F04468A464FF0FF09CB4604276F
:10AFE0004EE021692068FFF7E3FA074607B14AE01F
:10AFF000666935780DB9042745E0F07A00F03F081E
:10B00000E52D09D02E2D07D0B8F1080F01D1012070
:10B0100000E00020504502D04FF0FF0929E0B8F1D0
:10B020000F0F1AD105F0400030B196F80DB025F0A1
:10B030004005A946E08820844D450AD1707B5845DB
:10B0400007D13146E069FFF768FE10B1A9F10100B0
:10B0500000E0FF2000F0FF090BE0B9F1000F04D180
:10B060003046FFF730FF584502D04FF6FF7020847E
:10B0700009E000212046FFF73DFD074607B102E049
:10B0800020690028ADD100BF0FB1002020613846F3
:10B09000BDE8F09FEC020108211001002DE9FE4FF0
:10B0A0000446D4F81880D4F81C900C224146684617
:10B0B000FFF724FA00BF9DF80B0000F0010020B359
:10B0C000002088F80B00E06101260CE033464A4678
:10B0D00069464046FFF796FE2046FFF704FF054607
:10B0E00005B102E0761C642EF0D300BF642E02D1BD
:10B0F0000720BDE8FE8F042D01D02846F9E79DF812
:10B100000B0088F80B00C4F81C909DF80B0000F0B1
:10B11000020060B1002600E0761C39F81600002815
:10B12000FAD106F119000D21B0FBF1F700E001277B
:10B1300039462046FFF766FD054645BB781E071ECB
:10B1400025D0E088C11B2046FFF785FC0546F5B9F0
:10B15000A069FFF7B8FE824600BF21692068FFF7AB
:10B1600027FA054605B111E0FAB253466169E06974
:10B17000FFF70BFE01202168087100212046FFF730
:10B18000B9FC054615B9781E071EE6D100BFC5B942
:10B1900021692068FFF70CFA054695B920220021A5
:10B1A0006069FFF7B8F90B22D4E90501FFF7A6F9AA
:10B1B000A069C07A00F01800616908730120216855
:10B1C0000871284695E770B50446E688208C4FF64E
:10B1D000FF72904201D1304600E0208C01462046AB
:10B1E000FFF739FC05460DBB00BF21692068FFF75A
:10B1F000DFF9054605B115E0202200216069FFF75F
:10B200008AF9E52061690870012021680871E088E9
:10B21000B04200D306E000212046FFF76BFC054654
:10B22000002DE2D000BF042D00D10225284670BDBC
:10B230002DE9F04707460C4604F109063869002855
:10B2400043D07869002526E029466D1C10F801805E
:10B25000B8F1200F00D11EE0B8F1050F01D14FF079
:10B26000E508092D02D12E2106F8011BB8F1410F86
:10B270000EDBB8F15A0F0BDC017B092D01D3102234
:10B2800000E00822114019B108F1200101F0FF0887
:10B2900006F8018B00BF0B2DD6D3C17A2172C17F76
:10B2A0000A06817F42EA0142417F42EA0121027F90
:10B2B00011432160027E417E42EA0121A180827D0C
:10B2C000C17D42EA0121E18000BF00203070A06909
:10B2D00090B30025A669386958B3E06948B3388C43
:10B2E0004FF6FF71884224D0D7F81CA01BE0002144
:10B2F000484602F081FE8146B9F1000F01D10025D8
:10B3000016E0B9F1FF0F04DD4FEA292228466D1C33
:10B310003254E069401EA84201D8002508E02846C2
:10B320006D1C06F800903AF8021BB1F10009DED15D
:10B3300000BF0020705500BFBDE8F0872DE9F34F36
:10B3400083B0814604980068019002E00198401C97
:10B350000190019800782F28F8D0019800785C2897
:10B36000F4D0D9F81CA000252F4600BF38467F1C1A
:10B3700001990C5C202C03DB2F2C01D05C2C00D11C
:10B3800032E0FF2D03D3062005B0BDE8F08FE4B214
:10B39000812C13DBE0B2FE2810DC38467F1C0199BB
:10B3A0000E5C402E01DB7E2E05DD802E01DBFE2EA5
:10B3B00001DD0620E8E706EB042084B201212046E7
:10B3C00002F01AFE04460CB90620DDE7802C06DAEE
:10B3D0002146F9A0FFF7BCF808B10620D4E72846BB
:10B3E0006D1C2AF81040C1E700BF0198C1190498EC
:10B3F0000160202C01DA042000E00020804608E0F3
:10B40000681E3AF81040202C02D02E2C00D002E00A
:10B410006D1E002DF4D100BF0DB90620B4E7002049
:10B420002AF815000B222021D9F81800FFF773F82D
:10B43000002700E07F1C3AF817002028FAD03AF8DD
:10B4400017002E28F6D00FB148F0030800E06D1E5B
:10B4500025B1681E3AF810002E28F8D100200646C3
:10B4600002904FF0080B00BF38467F1C3AF810409E
:10B4700004B963E0202C03D02E2C04D1AF4202D0BB
:10B4800048F00308F0E70298584501D2AF4214D1C2
:10B49000BBF10B0F02D148F003084FE0AF4201D0DF
:10B4A00048F00308AF4200D948E02F460820029038
:10B4B0004FF00B0BB006060ED6E7802C09DB2046BA
:10B4C00002F0D4FD0021009002F096FD044648F001
:10B4D0000208FF2C11DDABF101000299884204D86B
:10B4E00048F00308CDF808B0BEE72212D9F81830AA
:10B4F0000298411C02911A5419E024B12146B1A0CE
:10B50000FFF726F818B15F2448F003080FE0412C3C
:10B5100004DB5A2C02DC46F0020608E0612C06DB54
:10B520007A2C04DC46F00106A4F1200084B2D9F89C
:10B5300018300298411C02911C5495E700BFD9F8BD
:10B5400018000078E52803D10520D9F818100870F4
:10B55000BBF1080F01D1B006060E06F00C000C2856
:10B5600003D006F00300032801D148F0020808F0D8
:10B57000020058B906F00300012801D148F0100874
:10B5800006F00C00042801D148F00808D9F818008A
:10B5900080F80B800020F7E62DE9F341044601987E
:10B5A00000782F2803D0019800785C2802D10198F8
:10B5B000401C01900020A06001980078202807D24C
:10B5C00000212046FFF747FA05460020606128E089
:10B5D00000BF01A92046FFF7B1FE054605B11FE0F7
:10B5E0002046FFF780FC0546A069C67A3DB1042DD0
:10B5F00004D100BF06F0040000B9052510E006F0F4
:10B60000040000B10CE06769F87A00F0100008B996
:10B61000052505E039462068FFF722FBA060D8E742
:10B6200000BF2846BDE8FC8170B502464FF0FF30F0
:10B630001568E5B1116800E0491C0D78202D02D392
:10B640000D783A2DF8D10D783A2D0FD1146814F8F1
:10B65000015BA5F130030A2B07D28C4205D1032BE5
:10B6600003D218464D1C2946156070BD002000BF4E
:10B67000FBE770B504460D4600202071401EE062D5
:10B6800029462046FEF794FF08B1032070BD94F8C8
:10B690002E1294F82F0241EA00204AF655218842E2
:10B6A00001D00220F2E794F86900010694F86800DE
:10B6B00041EA004194F8670041EA002094F86610DE
:10B6C000084320F07F404149884201D10020DDE756
:10B6D00094F88500010694F8840041EA004194F84A
:10B6E000830041EA002094F88210084320F07F4054
:10B6F0003649884201D10020C8E70120C6E72DE97C
:10B70000F74F88B00021089801600998FFF78CFF77
:10B7100007900798002803DA0B200BB0BDE8F08FE4
:10B720002B49079851F820400CB90C20F5E70898F0
:10B730000460207878B16078FEF7FAFD804608F062
:10B74000010040B90A9820B108F0040008B10A20AD
:10B75000E3E70020E1E70020207007986070607840
:10B76000FEF7CCFD804608F0010008B10320D4E7C5
:10B770000A9820B108F0040008B10A20CDE700279C
:10B7800039462046FFF775FF0546012D01D09DBBC8
:10B790003BE0002622E004F5F77101EB0610017989
:10B7A000C1B1C17A0A06817A42EA0142417A42EA8B
:10B7B0000121027A11430EE0222A3A3C3E3F7C7F6F
:10B7C000000000002B2C3B3D5B5D00004641540017
:10B7D00020BF012000214DF82610761C042EDAD35C
:10B7E000002606B1761E00BF5DF826702FB13946DF
:10B7F0002046FFF73EFF01E007E0022005461DB1AD
:10B80000701C06460428EFD300BF032D01D1012090
:10B8100083E70DB10D2080E73B20015D94F83C00EB
:10B8200041EA0020B0F5007F01D00D2075E74620E9
:10B83000015D94F8470041EA0029B9F1000F0ED1EB
:10B8400094F85700010694F8560041EA004194F834
:10B85000550041EA002094F8541040EA0109C4F868
:10B8600018904020005DE070E078012804D0E07876
:10B87000022801D00D2050E7E07809FB00F93D20B7
:10B88000005DA070A07818B1A078411E084008B1F2
:10B890000D2042E74120015D94F8420041EA00207A
:10B8A0002081207A00F00F0008B10D2035E74320F9
:10B8B000015D94F8440041EA002BBBF1000F0ED16A
:10B8C00094F85300010694F8520041EA004194F8BC
:10B8D000510041EA002094F8501040EA010B3E204C
:10B8E000015D94F83F0041EA00200490049808B9F3
:10B8F0000D2012E704984844218900EB11100690AE
:10B900000698834501D20D2007E70698ABEB0000AF
:10B91000A178B0FBF1FABAF1000F01D10D20FCE6DD
:10B92000012540F6F670824500D302254FF6F670E9
:10B93000824500D303250AF102006061E7610498A3
:10B940003844206206983844A062032D16D120891D
:10B9500008B10D20E1E694F85F00010694F85E005E
:10B9600041EA004194F85D0041EA002094F85C103F
:10B970000843606260698000059014E0208908B97E
:10B980000D20CAE6206A48446062022D02D1606937
:10B99000400007E0207D00F00100616901EB4101FA
:10B9A00000EB51000590A169059800F2FF10B1EB82
:10B9B000502F01D20D20B0E64FF0FF302061E06043
:10B9C00080206071032D5AD194F8601094F86100C2
:10B9D00041EA0020012852D1791C2046FEF7E8FDFB
:10B9E000E8BB0020607194F82E1294F82F0241EA0F
:10B9F00000204AF65521884241D13320005D0106DE
:10BA00003220005D41EA00413120005D41EA002022
:10BA100094F830100843FC49884230D194F817025A
:10BA2000010694F8160241EA004194F8150241EA31
:10BA3000002094F814120843F44988421FD194F866
:10BA40001B02010694F81A0241EA004194F8190217
:10BA500041EA002094F818120843206100E00EE04B
:10BA600094F81F02010694F81E0241EA004194F87E
:10BA70001D0241EA002094F81C120843E060257082
:10BA8000E3480088401C80B2E1490880E080002043
:10BA900043E670B505462C464CB1206838B12068A5
:10BAA000007820B12068C088A188884201D0092090
:10BAB00070BD21684878FEF73BFC00F0010008B13A
:10BAC0000320F5E70020F3E7F7B582B016460398A8
:10BAD000019001A8FFF7A8FD0546002D02DA0B2012
:10BAE00005B0F0BDCB4850F825400CB100202070C7
:10BAF000029810B1002002990870C649029841F8D6
:10BB00002500029808B1012E01D00020E8E70022AC
:10BB100003A902A8FFF7F3FD07463846E0E72DE941
:10BB2000F7478DB0054616461DB9092010B0BDE88F
:10BB3000F0870020286006F01F0626F001020EA9FB
:10BB400004A8FFF7DCFD0746002F73D14FF4007007
:10BB5000FEF7C2FC8146B9F1000F01D11120E5E7E3
:10BB6000CDF82C9001A80A9004A80E99FFF714FDB7
:10BB70000746099C0FB904B9062706F01C000028E7
:10BB800051D04FB1042F03D104A8FFF787FA07461D
:10BB900046F00806099C09E0E07A00F0110008B1BF
:10BBA000072703E006F0040000B10827002F39D171
:10BBB00006F00800002835D0FEF78CFC804684F89B
:10BBC0000E804FEA1821E1734FEA184121744FEAC1
:10BBD000186161740020E072207700216177A177FD
:10BBE000E17721460498FFF73BF882460021204682
:10BBF000FFF746F8012004990871BAF1000F11D03F
:10BC00000498D0F82C8051460498FEF76AFE074647
:10BC100047B9AAF101000499C86041460498FEF7AB
:10BC2000C7FC07460FE077B9E07A00F0100010B1CA
:10BC3000042708E031E006F0020020B1E07A00F0CD
:10BC4000010000B1072747B906F0080008B146F027
:10BC500020060498C06AE8612C624846FEF743FC5F
:10BC6000DFB9AE710020E87121460498FEF7F8FFB5
:10BC70002861E07F0106A07F41EA0041607F41EA40
:10BC80000020217F0843E8600020A860A861686266
:10BC9000049828602868C088A880384646E72DE9BF
:10BCA000FF4F83B0044615469A46DDF810B00020D9
:10BCB000CAF800002046FFF7ECFE0290029818B187
:10BCC000029807B0BDE8F08FE07908B1E079F8E7B5
:10BCD000A07900F0010008B90720F2E7D4E90210CA
:10BCE000401A00900098854200D9009DB2E020895A
:10BCF000C0F30800002876D120688078401EA16833
:10BD000000EA512000F0FF09B9F1000F1FD1A0682F
:10BD100010B9206901900CE0606A28B12046A16842
:10BD2000FEF780FE019004E061692068FEF7CAFC1E
:10BD300001900198022802D20220E071C1E7019827
:10BD4000401C10B90120E071BBE701986061616996
:10BD50002068FEF7AAFC064616B90220E071B0E79B
:10BD60004E444FEA5528B8F1000F29D009EB0800DE
:10BD700021688978884203D920688078A0EB090877
:10BD800021684878434632465946FEF7D4FA10B146
:10BD90000120E07195E7A07900F0400068B1A0694A
:10BDA000801B404509D2A169891B0BEB41204FF450
:10BDB000007204F12801FEF7A1FB4FEA48273FE09B
:10BDC000A069B04228D0A07900F0400080B121687D
:10BDD0004878012304F12801A269FEF7E9FA18B1B5
:10BDE0000120E0716DE718E0A07920F04000A0711B
:10BDF000216848780123324604F12801FEF79BFAB6
:10BE000050B10120E0715CE75252614172724161B0
:10BE10005602002020BF0120A6612089C0F308003F
:10BE2000C0F50077AF4200D92F462089C0F3080241
:10BE300004F1280011183A465846FEF75FFB00BF90
:10BE4000BB44A0683844A060DAF800003844CAF85F
:10BE50000000ED1B002D7FF44AAF002031E72DE9F3
:10BE6000FF4F83B0044615469B460498019000207E
:10BE7000CBF800002046FFF70CFE0290029818B1A4
:10BE8000029807B0BDE8F08FE07908B1E079F8E7F3
:10BE9000A07900F0020008B90720F2E7A068284462
:10BEA000A168884200D20025BEE02089C0F30800C6
:10BEB00000287DD120688078401EA16800EA5120CA
:10BEC00000F0FF0ABAF1000F26D1A06838B927693F
:10BED00097B900212068FEF73AFD07460CE0606A3A
:10BEE00028B12046A168FEF79DFD074604E0616980
:10BEF0002068FEF72CFD074607B998E0012F02D114
:10BF00000220E071BDE7781C10B90120E071B8E7AC
:10BF10006761206900B92761A07900F0400078B11D
:10BF200021684878012304F12801A269FEF740FA4C
:10BF300010B10120E071A4E7A07920F04000A071C9
:10BF400061692068FEF7B1FB064616B90220E07170
:10BF500097E756444FEA5529B9F1000F2CD00AEB68
:10BF6000090021688978884203D920688078A0EB8D
:10BF70000A09216848784B4632460199FEF718FABB
:10BF800010B10120E0717CE7A069801B48450ED20A
:10BF9000A069801B019A02EB40214FF4007204F16A
:10BFA0002800FEF7ABFAA07920F04000A07100E075
:10BFB00016E04FEA49282AE0A069B0420FD0D4E940
:10BFC000020188420BD2216848780123324604F1ED
:10BFD0002801FEF7B0F910B10120E07151E7A66128
:10BFE0002089C0F30800C0F50078A84500D9A8460C
:10BFF0002189C1F3080204F1280150184246019931
:10C00000FEF77CFAA07940F04000A07100BF0198D3
:10C0100040440190A0684044A060DBF80000404428
:10C02000CBF80000A5EB0805002D7FF43EAF00BF64
:10C03000D4E90201884201D9A068E060A07940F00B
:10C040002000A07100201CE72DE9F04104462046A5
:10C05000FFF71FFD0746002F4CD1A07900F020000C
:10C06000002847D0A07900F0400078B121684878D6
:10C07000012304F12801A269FEF79AF910B1012009
:10C08000BDE8F081A07920F04000A071E16920684E
:10C09000FEF78EFA0746002F2CD1256AE87A40F089
:10C0A0002000E872207B2877A089010A6977E06880
:10C0B000010CA977E068010EE97728462169FEF7AF
:10C0C000DFFDFEF707FA0646AE75310AE975310C59
:10C0D0002976310E69760020A8740021E974A079D0
:10C0E00020F02000A0710120216808712068FEF76F
:10C0F00078FA07463846C3E770B505462846FFF785
:10C10000A3FF044644B92846FFF7C3FC04460CB914
:10C1100000202860204670BD2046FCE72DE9FE4F38
:10C1200004460D462046FFF7B4FC0290029810B179
:10C130000298BDE8FE8FE07908B1E079F9E7606A1E
:10C14000002871D0681C00283BD1D4F8248058F80E
:10C1500004AB4FF0020926693EB300BF00964FF0D2
:10C16000000B09F1020900BF01960BF1010B3146EA
:10C170002068FEF7A7FA0646012E02D80220E071D9
:10C18000D7E7701C10B90120E071D2E70198401C7C
:10C190008642E9D0D14504D848F804BB009848F855
:10C1A000040B20684069B042D8D8606AC0F800909B
:10C1B000D14503D80020C8F8000047E011200290C4
:10C1C00044E0E068A84200D2E568A560002D3DD0BB
:10C1D000691E2046FEF726FC606161692068FEF753
:10C1E00064FA074617B90220E071A2E72068807858
:10C1F000401E691E00EA512007442089C0F3080050
:10C2000020B3A069B84221D0A07900F0400080B1ED
:10C2100021684878012304F12801A269FEF7C8F8D3
:10C2200018B10120E07184E711E0A07920F040000E
:10C23000A0712168487801233A4604F12801FEF7ED
:10C240007AF810B10120E07173E7A761ABE0E06814
:10C25000A84204D2A07900F0020000B9E568D4F841
:10C2600008904FF00008C4F80880002D67D02068BF
:10C2700080784702B9F1000F11D0681EB0FBF7F1CA
:10C28000A9F10100B0FBF7F0814208D3A9F1010048
:10C29000791E8843A060A0682D1A666912E026699D
:10C2A0007EB900212068FEF752FB0646012E02D11E
:10C2B0000220E0713DE7701C10B90120E07138E701
:10C2C00026616661C6B323E0A07900F0020038B1B0
:10C2D00031462068FEF73BFB064636B93D4619E07D
:10C2E00031462068FEF7EEF90646701C10B90120B1
:10C2F000E0711EE7012E03D920684069B04202D8E0
:10C300000220E07115E76661A0683844A060ED1B6B
:10C31000BD42D9D800BFA0682844A060C5F308007A
:10C3200050B131462068FEF7C0F98046B8F1000FE1
:10C3300003D10220E071FCE601E008EB55282089DA
:10C34000C0F3080020B3A069404521D0A07900F0D7
:10C35000400078B121684878012304F12801A269DE
:10C36000FEF726F810B10120E071E2E6A07920F096
:10C370004000A071216848780123424604F1280159
:10C38000FDF7D9FF10B10120E071D2E6C4F81880A2
:10C39000D4E90201884205D9A068E060A07940F0A4
:10C3A0002000A07100BF0298C3E673B584B00446B4
:10C3B00014B9092006B070BD002205A903A8FFF733
:10C3C0009EF90546002D2FD1039820604FF4007090
:10C3D000FEF782F806460EB91120EBE7E661C4F8D5
:10C3E00018D020460599FFF7D7F805463046FEF7E6
:10C3F0007AF8B5B9606958B16069C07A00F0100088
:10C4000028B161690398FEF72BFCA06000E00525C8
:10C410003DB90398C088A08000212046FEF71BFB91
:10C420000546042D00D105250DB1002020602846C9
:10C43000C0E770B504462046FFF72BFB05460DB953
:10C4400000202060284670BDFEB504460F462046F9
:10C45000FFF71FFB0546002D2DD12FB900212046E7
:10C46000FEF7F9FA054626E04FF40070FEF734F8BF
:10C4700006460EB91120FEBDE661C4F818D00021B1
:10C480002046FEF7A5FD0546042D02D100202061BF
:10C4900000256DB939462046FEF7CAFE0021204628
:10C4A000FEF728FB0546042D02D10020206100255F
:10C4B0003046FEF718F82846DDE773B58CB00E4617
:10C4C00000220CA903A8FFF71AF90546EDB94FF4AD
:10C4D0000070FEF701F8044614B911200EB070BDCB
:10C4E0000A94CDF824D003A80C99FFF755F8054617
:10C4F00045B9089828B12EB1314603A8FEF798FE39
:10C5000000E006252046FDF7EEFF2846E6E72DE988
:10C51000F74F82B08A46002202A90498FFF7EFF88D
:10C52000019004980468019800286DD1D4E90410A2
:10C53000801E814203D82069CAF8000064E094F8A4
:10C5400000B00026BBF1010F1CD1022700BF394605
:10C550002046FEF7B7F8804608F1010010B9012027
:10C5600001900EE0B8F1010F02D10220019008E025
:10C57000B8F1000F00D1761C781C0746616988422B
:10C58000E5D33AE06769206A00904FF00009002582
:10C5900000BFB9F1000F0ED10098421C01462046A1
:10C5A0000092FEF705F80190019800B124E004F133
:10C5B00030054FF40079BBF1020F09D12878697872
:10C5C00040EA012000B9761CAD1CA9F1020910E077
:10C5D000E8780006A97840EA0140697840EA01203D
:10C5E0002978084320F0704000B9761C2D1DA9F170
:10C5F0000409781E071ECCD100BF2661607940F087
:10C6000001006071CAF80060019805B0BDE8F08FC4
:10C6100070B504462046FFF73CFA054645B9E07977
:10C6200008B1E57904E0A07900F0020000B907251F
:10C63000002D47D1D4E90210884241D9A068E060BA
:10C64000A07940F02000A071A06838B92169206865
:10C65000FEF747F90546002020611DE0616920686A
:10C66000FEF730F806460025701C00B90125012EA2
:10C6700000D1022585B920684069B0420CD96FF01D
:10C68000704261692068FEF791F8054625B9314688
:10C690002068FEF726F9054695B9A07900F040001C
:10C6A00070B121684878012304F12801A269FDF7DF
:10C6B0007FFE08B1012503E0A07920F04000A071C1
:10C6C00005B1E571284670BDF1B596B0012216A9F5
:10C6D0000DA8FFF714F80446002C54D14FF4007055
:10C6E000FDF7FAFE074617B9112017B0F0BD1497F1
:10C6F00001A813900DA81699FEF74EFF044600BF3F
:10C70000002C3DD1129E0EB9062404E0F07A00F010
:10C71000010000B1072431460D98FEF7A1FA054645
:10C72000ECB9F07A00F01000C8B1022D01D2022459
:10C7300015E024220DA904A8FDF7E0FE06950221CC
:10C7400004A8FEF788F904464CB9002104A8FEF7B6
:10C750003FFC044604B90724042C00D100247CB912
:10C760000DA8FEF730FD044654B925B129460D98B1
:10C77000FEF7B7F804461CB90D98FDF732FF0446E2
:10C780003846FDF7B0FE2046AFE72DE9F14F8CB0FB
:10C79000FDF7A0FE064601220CA903A8FEF7AFFF95
:10C7A0000546002D7BD14FF40070FDF795FE8046C5
:10C7B000B8F1000F03D111200DB0BDE8F08FCDF816
:10C7C0002880CDF824D003A80C99FEF7E5FE054695
:10C7D00005B9082500BF042D7AD100210398FEF782
:10C7E000B6F80746002507B90725012F00D1022515
:10C7F000781C00B901251DB90398FDF7B3FE054665
:10C80000002D5BD139460398FDF74FFF8246039810
:10C8100000F130044FF4007200212046FDF77BFE4A
:10C820000B2220212046FDF776FE2E2020701020BE
:10C83000E072A675310AE175310C2176310E617610
:10C8400039462046FEF71CFA2022214604F120003A
:10C85000FDF754FE2E2084F82100DDF814B0039873
:10C860000078032804D10398406A584500D1AB46AC
:10C87000594604F12000FEF703FA039890F802905D
:10C8800018E00398C0F82CA00AF1010A01200399CE
:10C8900008710398FDF766FE05460DB10DE030E026
:10C8A0004FF4007200212046FDF735FEA9F101008A
:10C8B00000F0FF09B9F1000FE3D100BF1DB903A8D3
:10C8C000FEF7ECFB054625B139460398FEF709F85B
:10C8D00014E0089C1020E072A675310AE175310C55
:10C8E0002176310E617639462046FEF7C9F90120DE
:10C8F000039908710398FDF774FE05464046FDF75D
:10C90000F2FD284658E72DE9F7418DB088461446D8
:10C9100001220DA904A8FEF7F2FE07464FBB4FF413
:10C920000070FDF7D9FD06461EB9112010B0BDE814
:10C93000F0810B9601A80A9004A80D99FEF72CFE31
:10C9400007463046FDF7CFFD00BF97B9099D0DB9E9
:10C9500006270EE004F0270408EA0400E97AA14360
:10C960000843E8720120049908710498FDF739FE24
:10C9700007463846DAE7F3B58DB00D4601220DA91A
:10C9800004A8FEF7BCFE074657BB4FF40070FDF746
:10C99000A3FD064616B911200FB0F0BD0B9601A8F5
:10C9A0000A9004A80D99FEF7F7FD07463046FDF7FB
:10C9B0009AFD00BFA7B9099C0CB9062710E0A87919
:10C9C000A075E8880112E17528792076A8880112FF
:10C9D00061760120049908710498FDF702FE07466C
:10C9E0003846D9E72DE9F3419CB001221CA913A8D0
:10C9F000FEF785FE0446002C78D113980A904FF478
:10CA00000070FDF769FD07461FB911201EB0BDE893
:10CA1000F0811A9701A8199013A81C99FEF7BCFD84
:10CA2000044600BF002C75D1189808B9042471E0A1
:10CA3000189800F10B01152204A8FDF75FFD2422D0
:10CA400013A90AA8FDF75AFD1DA8FEF7EDFD002861
:10CA500005DB0AA81D99FEF79FFD044600E00B24A4
:10CA600004B90824042C55D10AA8FEF717FB044684
:10CA7000002C4FD10F9D13220DF1120105F10D0075
:10CA8000FDF73CFD9DF8100040F02000E872012009
:10CA9000139908710C991598884231D0E87A00F002
:10CAA000100068B329461398FEF7DAF8804641462D
:10CAB0001398FDF7FAFD06460EB9022420E0314630
:10CAC0001398FDF775FD0446139800F15005BCB9A5
:10CAD00068782E2814D113980078032807D1139969
:10CAE0000C98496A884202D1002001E015E00C98B8
:10CAF000064631462846FEF7C3F80120139908710F
:10CB000044B913A8FEF75FFB04461CB91398FDF760
:10CB100068FD04463846FDF7E6FC204676E72DE939
:10CB2000F74189B00D469046002209A96846FEF7F4
:10CB3000E6FD044624BB1DB3002002900021684698
:10CB4000FDF789FF0446DCB901216846FEF740FA8B
:10CB5000044684B90B2228460599FDF7CFFC0B2724
:10CB600000BF0020E85507B904E0781E0746285C9E
:10CB70002028F6D000BF042C02D100202870002409
:10CB800044BBB8F1000F25D0009A1046D169FDF7DB
:10CB90000FFD0446F4B900980078032801D1432022
:10CBA00000E027200646009830303044C078010667
:10CBB000009830303044807841EA004100983030AD
:10CBC0003044407841EA002000993031895D0843C3
:10CBD000C8F8000020460CB0BDE8F0812DE9F14F07
:10CBE0008CB001220CA903A8FEF789FD8146B9F19A
:10CBF000000F03D048460DB0BDE8F08F00208DF83F
:10CC00000000002700E07F1C0C98C05D0028FAD1CE
:10CC100000E07F1E27B1781E0C99085C2028F8D010
:10CC2000002F5ED00026B04600BF3046761C0C991F
:10CC30000C5C812C20DBE0B2FE281DDCB8F10A0F71
:10CC400018D2BE4216D20C98805D402803DB0C98A7
:10CC5000805D7E2807DD0C98805D80280ADB0C98BB
:10CC6000805DFE2806DC3046761C0C99085C40EAA4
:10CC7000042000E0002084B20121204601F0BCF92C
:10CC8000834601F0F3F98246002101F0B5F904462C
:10CC90005CB12146FEA0FDF75BFC30B9FF2C01DD45
:10CCA0000A2000E00B20404501D80620A3E7FF2C16
:10CCB00005DD2212404608F101080DF80020E2B21D
:10CCC000404608F101080DF80020BE42ADD305E052
:10CCD0002022404608F101080DF80020B8F10B0FA2
:10CCE000F6D300200590002103A8FDF7B4FE81468D
:10CCF000B9F1000F5BD1012103A8FEF769F9814664
:10CD0000B9F1000F21D19DF8000098B10B226946BE
:10CD10000898FDF7F3FBFDF7DDFB054608998D75D7
:10CD2000290A0898C175290C08980176290E0898D7
:10CD3000417602E0E5200899087001200399087106
:10CD40000398FDF74EFC814631E0B9F1040F2ED176
:10CD50004FF000099DF8000048B3012103A8FDF73A
:10CD600051FF8146B9F1000F21D1202200210898FE
:10CD7000FDF7D1FB0B2269460898FDF7BFFB0820A1
:10CD80000899C872FDF7A6FB054608998D75290A12
:10CD90000898C175290C08980176290E08984176E3
:10CDA0000120039908710398FDF71BFC8146484652
:10CDB00021E72DE9F74F90B0914610A8FEF734FC1B
:10CDC0000F900F98002803DA0B2013B0BDE8F08F06
:10CDD0001198012801DD1320F7E7A9F1010000EA0D
:10CDE000090008B11320F0E7AD490F9851F820B0C1
:10CDF000BBF1000F01D10C20E7E700208BF8000009
:10CE00000F98C0B20C9000200B900C98FDF776FAAA
:10CE10000190019800F0010008B10320D5E70198C6
:10CE200000F0040008B10A20CFE700BF04AA0121E6
:10CE30000C98FDF7FAFA10B90498802801D2012065
:10CE4000C3E7119808B1002000E03F208046049815
:10CE5000A0EB08000490B9F1000F13D14FF4FA6170
:10CE60000498B0FBF1F00A904FF0000A01E00AF1DB
:10CE7000010A8C4830F81A100A988142F7D88A487B
:10CE800030F81A904FEA5929B9F1000F01D14FF04B
:10CE90000109B9F1800F01D94FF080090498B0FB66
:10CEA000F9F7012540F6F670874200D302254FF6C8
:10CEB000F670874200D30325032D0AD1082000EB2A
:10CEC000870000F2FF10460A202003900020029005
:10CED00011E0012D05D107EB4700401C4008C01CA4
:10CEE00001E07800001D064606F2FF10460A012008
:10CEF0000390202002900398404407900798304404
:10CF00000690029906980844059005984844A0EBBD
:10CF100008000499884201D90E2056E709AA032186
:10CF20000C98FDF782FA28B9099818B10998B0F55C
:10CF3000004F01D901200990099905980844401E25
:10CF4000491E8843099009990598081A0990032DEC
:10CF500008D109990398084403900999079808444F
:10CF6000079001E009980644DDE90301081A811BD6
:10CF70000298081AB0FBF9F7022D03D140F6F670BB
:10CF8000874205D3032D05D14FF6F670874201D2B3
:10CF90000E201AE7032D02D10C200D9010E0012D78
:10CFA00006D10498B0F5803F02D201200D9007E031
:10CFB0000498B0F5803F01D2042000E006200D90D7
:10CFC00000BF119810B1F0200E9044E04FF40072B1
:10CFD00000210BF13000FDF79EFA0BF5F7740120EC
:10CFE0006070A0700020E0700D982071FE206071CC
:10CFF000049840443F21B0FBF1F0FF21B0FBF1F079
:10D0000009903F21099841EA9000A0710998E071C8
:10D010003F20207200216172A172E1720498207396
:10D020000498010A61730498010CA1730498010E1D
:10D03000E17355218BF82E12AA218BF82F120123B0
:10D0400000220BF130010C98FDF7B2F908B1012074
:10D05000BBE6F8200E900BF130044FF40072002173
:10D060002046FDF758FA0B2210A12046FDF746FA9C
:10D070004FF4007A84F80BA04FEA1A21217384F848
:10D080000D900398A0730398010AE173012013E047
:10D09000222A2B2C2E3A3B3C3D3E3F5B5D7C7F00A1
:10D0A00020BF0120FA02010810030108EBFE904D99
:10D0B00053444F53352E30002074032D01D10020EE
:10D0C00001E04FF40070824684F811A04FEA1A2163
:10D0D000A1740498B0F5803F05D20498E0740498D8
:10D0E000010A217510E0049884F820000498C0F328
:10D0F0000721212001550498C0F307412220015542
:10D100000498010E232001550E9860753F2020766B
:10D1100000216176FF20A076E17684F81C804FEA3A
:10D12000182161774FEA1841A1774FEA1861E1773A
:10D13000FDF7D0F90990032D3ED1099884F84300FA
:10D140000998C0F30721442001550998C0F307410D
:10D15000452001550998010E4620015584F82460A8
:10D16000C6F3072125200155C6F3074126200155A6
:10D17000310E27200155022084F82C0000212D209B
:10D1800001552E2001552F200155012084F8300033
:10D1900031200155062084F83200332001558020CB
:10D1A00084F84000292084F842001322FEA104F1F3
:10D1B0004700FDF7A3F91FE0099884F827000998B4
:10D1C000C0F30721282001550998C0F30741292001
:10D1D00001550998010E2A200155A675310AE175FD
:10D1E000802084F82400292084F826001322F3A14B
:10D1F00004F12B00FDF782F9552084F8FE01AA21E5
:10D2000040F2FF1001550123424621460C98FDF7DC
:10D21000CFF808B10120D8E5032D06D1012308F18C
:10D22000060221460C98FDF7C3F8079808904FF0C6
:10D23000000A61E04FF4007200212046FDF76BF90F
:10D240000E980990032D14D0012D01D1E04801E082
:10D250006FF0FF0009990843099009982070099818
:10D26000000A60700998000CA0700998000EE07028
:10D2700019E0099860F0FF0009900998207009985A
:10D28000000A60700998000CA0700998000EE07008
:10D29000FF202071FF216171A171E1712072617223
:10D2A000A1720F21E1720898411C024601230891E6
:10D2B00021460C98FDF77CF808B1012085E54FF474
:10D2C000007200212046FDF726F9012009900EE0AA
:10D2D0000898411C02460123089121460C98FDF74D
:10D2E00067F808B1012070E50998401C0990099879
:10D2F000B042EDD30AF1010ABAF1000F9AD0032D22
:10D3000001D1484600E00298824600BF0898411CBF
:10D3100002460123089121460C98FDF749F808B10F
:10D32000012052E5AAF10100B0F1000AEED1032D6F
:10D3300046D15220207060706120A0704120E070C2
:10D34000722084F8E401722140F2E5100155412178
:10D35000401C01556121401C0155781E84F8E801EC
:10D36000C0F3072140F2E9100155781EC0F30741D0
:10D370004FF4F5700155781E010E40F2EB10015587
:10D38000022084F8EC01002140F2ED100155401C10
:10D390000155401C0155552084F8FE01AA2140F298
:10D3A000FF100155012308F1010221460C98FCF7FA
:10D3B000FFFF012308F1070221460C98FCF7F8FF54
:10D3C000002211460C98FDF730F808B10120FCE46A
:10D3D0000020FAE42DE9FC470746884691460024E0
:10D3E0003E4613E06B46012201A94846FEF757FC72
:10D3F0000098012800D00DE09DF8045000BF06F809
:10D40000015B641C0A2D00D104E000BFA8F10100FB
:10D41000A042E7DC00BF0020307014B13846BDE800
:10D42000FC870020FBE7F8B504460E4600BF6568A0
:10D43000002D00DAF8BD28466D1C04F10C010E54D5
:10D440003D2D0CDB6B462A462068FEF708FD009850
:10D45000A84201D1002001E04FF0FF300546656091
:10D46000A068401CA06000BFE4E730B595B004465A
:10D470000D460295002003900490214602A8FFF774
:10D48000D2FF039800280DDB01AB05A9DDE90202FC
:10D49000FEF7E5FC30B901990398884202D104985F
:10D4A00015B030BD4FF0FF30FAE730B595B0044607
:10D4B0000D46029500200390049004E014F8011B2F
:10D4C00002A8FFF7B0FF20780028F7D103980028C2
:10D4D0000DDB01AB05A9DDE90202FEF7C0FC30B9A6
:10D4E00001990398884202D1049815B030BD4FF0DD
:10D4F000FF30FAE70FB42DE9F04F9BB0249801906C
:10D5000000200290039026A81A9000BF259810F8DA
:10D51000014B259004B924E1252C04D0214601A813
:10D52000FFF781FFF2E7002006468146259810F8B4
:10D53000014B2590302C05D10126259810F8014B80
:10D54000259006E02D2C04D10226259810F8014BD9
:10D55000259009E009EB890004EB4000A0F13009B7
:10D56000259810F8014B2590302C01DB392CF1DD8A
:10D570006C2C01D04C2C05D146F00406259810F8EF
:10D58000014B259004B9ECE02546612D04DB7A2D92
:10D5900002DCA5F12000C5B24F2D60D01DDC422D6C
:10D5A0005AD0432D4FD015E04E4F204E414D4520CF
:10D5B0002020204641543332202020004E4F204E60
:10D5C000414D45202020204641542020202020008D
:10D5D00000FFFF00442D4CD144E0532D04D0552DC5
:10D5E00041D0582D45D141E01A9850F804BB1A900B
:10D5F0004FF0000801E008F101081BF808000028BE
:10D60000F9D106F0020048B903E0202101A8FFF794
:10D610000AFF404608F101084845F6D304E01BF82C
:10D62000011B01A8FFF7FFFE9BF800000028F6D1C0
:10D6300003E0202101A8FFF7F6FE404608F10108AB
:10D640004845F6D362E71A9810F8042BD1B21A9025
:10D6500001A8FFF7E8FE59E7022019900EE0082024
:10D6600019900BE000BF0A20199007E010201990D4
:10D6700004E0214601A8FFF7D6FE47E700BF06F009
:10D68000040028B11A9800681A99091D1A910CE033
:10D69000442D05D11A9800681A99091D1A9104E0C1
:10D6A0001A9800681A99091D1A918246442D06D1CC
:10D6B0000AF0004018B1CAF1000A46F00806002737
:10D6C00000BF1998BAFBF0F100FB11A0C5B2199880
:10D6D000BAFBF0FA092D06DD782C01D1272000E0F5
:10D6E00007202844C5B205F13000C2B238467F1C7D
:10D6F00014A90A54BAF1000F01D0102FE1D306F09B
:10D70000080020B12D2238467F1C14A90A54B846BF
:10D7100006F0010008B1302000E02020054603E0BB
:10D72000294601A8FFF77FFE06F0020020B9404617
:10D7300008F101084845F3D300BF781E074614AA34
:10D74000115C01A8FFF76FFE002FF6D103E0294618
:10D7500001A8FFF768FE404608F101084845F6D3E6
:10D76000D4E600BF00201A900298002810DB18AB06
:10D7700004A9DDE90102FEF772FB48B91899029885
:10D78000884205D103981BB0BDE8F00F5DF814FB8B
:10D790004FF0FF30F7E7000010B500240EE04FF423
:10D7A0000C710020FBF7BFFC5C4941F824000846DF
:10D7B00050F8240000B903E0601CC4B2032CEEDB77
:10D7C00000BF4FF40A710020FBF7ADFC544908601C
:10D7D0004FF40A710020FBF7A6FC524908604FF491
:10D7E00000710020FBF79FFC4F490860032C0AD111
:10D7F0004B48006838B14B48006820B108460068C3
:10D8000008B1002010BD0120FCE70146412901DAE2
:10D8100008467047612903DBA1F12000C0B2F8E798
:10D820000846F6E72DE9FC4105460027002405E0FF
:10D83000601CC4B2287800B902E06D1CFA2CF7DB3A
:10D8400000BFFA2C02D1FF20BDE8FC81002408E0D3
:10D850006D1E28782E2802D16D1C2F4603E0601C17
:10D86000C4B2052CF4DB00BF3946684600F0CCFD9D
:10D87000002407E01DF80400FFF7C7FF0DF80400BF
:10D88000601CC4B2042CF5DB00241DE0002616E069
:10D89000264800EB041050F82600007800B910E08C
:10D8A000224901EB041151F82600694600F016FEEA
:10D8B00018B946EA0410C0B2C6E7701CC6B2042EFE
:10D8C000E6DB00BF601CC4B2072CDFDBFF20BBE738
:10D8D0002DE9FC4707460C4615460020009080467F
:10D8E000814601AA69463846FEF711FE06468EB902
:10D8F00001984069801E0199897800FB01F901981F
:10D900008078009900FB01F84FEA590020604FEA47
:10D91000580028603046BDE8FC8700002CBF01207D
:10D92000580200205C020020680200202803010841
:10D9300070B504460D46F8492A4688682146FEF728
:10D94000C3F870BD70B504460D462A462146F3481B
:10D950000068FEF7E4F80646304670BD10B5EF48A3
:10D960000068FEF7C9FB002010BD2DE9F047044612
:10D9700000260027EAA000F0BFFBB14625E0EE4BF1
:10D980004FF40072ED480168E4480068FEF787F93B
:10D99000064626B13146EAA000F0AEFB1BE0E648A1
:10D9A0000088384487B2002507E0E4480068415DFC
:10D9B000E7A000F0A1FB681C85B2DF480068854243
:10D9C000F3D309F101001FFA80F9E11704EBD151FB
:10D9D000B9EB612FD3DB00BFE11704EBD151491242
:10D9E000A4EB412131B3A046E01704EBD050401224
:10D9F000A4EB4022D04BD1480168C8480068FEF72C
:10DA00004EF9064626B13146D2A000F075FB11E072
:10DA1000C9480088384487B2002507E0C748006835
:10DA2000415DCBA000F068FB681C85B2C24800686D
:10DA30008542F3D31FB13946CBA000F05DFBD0A0E7
:10DA400000F05AFB3046BDE8F08770B505460E463B
:10DA5000D0A000F051FB3146D4A000F04DFBD84BD4
:10DA600032462946AD480068FEF7F9F9044624B16C
:10DA70002146D4A000F040FB04E0D1480168D6A0C4
:10DA800000F03AFBDAA000F037FB204670BD10B57D
:10DA900004462146DB48FEF788FC10BD10B5D94886
:10DAA000FEF7C7FC10BD70B540F2FF10D649C86143
:10DAB0000846C1690020FBF736FBD3498861D1488D
:10DAC000FEF7C2FC044614B9CF48407A30B9CE48BC
:10DAD00081690020FBF717FB204670BDCA488069AA
:10DAE000007810B1C848806901E0C7480930054690
:10DAF000C6A000F001FBC3488188C8A000F0FCFA72
:10DB0000C048C188C8A000F0F7FABE488168CAA022
:10DB100000F0F2FABB48C168CBA000F0EDFAB948BA
:10DB20000169CDA000F0E8FA82A000F0E5FA2946EC
:10DB3000CDA000F0E1FAB4480168D0A000F0DCFA12
:10DB4000B1488188D2A000F0D7FAAF48C188D5A0EB
:10DB500000F0D2FAAC48017AD7A000F0CDFA75A057
:10DB600000F0CAFAA84881690020FBF7CCFA00202F
:10DB7000B3E770B5054640F2FF10A349C8610846F7
:10DB8000C1690020FBF7CFFA9F49886129469D486B
:10DB9000FEF70BFC04460CBB66A000F0ADFA1BE0E0
:10DBA00099499848FEF750FC044614B99648407AC3
:10DBB00000B912E094488069007810B192488069F9
:10DBC00001E09148093006462946C0A000F094FAC9
:10DBD0003146BFA000F090FAE2E700BF8A488169B1
:10DBE0000020FBF790FA204670BD2DE9FC41064667
:10DBF000002000900024002501AA69463046FEF767
:10DC000086FC0746002F19D101984069801E0199B2
:10DC1000897800FB01F501988078009900FB01F4F8
:10DC2000B5F5A04F05D262086908ABA000F064FA10
:10DC300004E0E20AE90AB2A000F05EFA2046BDE87C
:10DC4000FC8110B50446214634480068FEF766FAA8
:10DC500010BD324800688068704730480068C0686E
:10DC6000704710B504462046FEF78FFD10BD70B515
:10DC700004460D461646324629462046FFF799F8D7
:10DC800070BD10B504462046FEF71EFD10BD70B5F0
:10DC900004460D4629462046FEF7A4FE70BD30B569
:10DCA00087B004460020019001AA02A92046FEF791
:10DCB00036FF054655B902AA21469BA000F01CFA82
:10DCC00021469FA0019A00F017FA03E02946A2A07E
:10DCD00000F012FA07B030BD70B504462046FEF7DA
:10DCE0007DFF054625B92146A1A000F005FA03E015
:10DCF0002946A5A000F000FA70BD70B5044607489B
:10DD0000214602680D480068FFF764FB0546287845
:10DD100000B970BD48E100002CBF0120580200206E
:10DD20000D0A526561642066696C652064617461E6
:10DD30002069733A0D0A000060020020680200208A
:10DD400052656164204572726F723A25640D0A0053
:10DD5000256300000D0A52656164204572726F727E
:10DD60003A25640D0A0000000D0A5265616465647D
:10DD70002064617461206C656E3A25640D0A0000B0
:10DD8000526561642064617461206F7665720D0A6A
:10DD9000000000000D0A426567696E2057726974C1
:10DDA000652066696C652E2E2E0D0A005772697407
:10DDB000652064617461206C656E3A25640D0A000B
:10DDC000640200205772697465204572726F723A5E
:10DDD00025640D0A000000005772697465642064B0
:10DDE000617461206C656E3A25640D0A00000000C4
:10DDF00057726974652064617461206F7665722E54
:10DE00000D0A000058BF012038BF01200D0A204430
:10DE1000495220696E666F3A0D0A00006469722EDD
:10DE200069643A25640D0A006469722E696E64653E
:10DE3000783A25640D0A00006469722E73636C756C
:10DE400073743A25640D0A006469722E636C7573ED
:10DE5000743A25640D0A00006469722E7365637458
:10DE60003A25640D0A00000046696C65204E616D1C
:10DE7000652069733A25730D0A00000046696C65D8
:10DE80002053697A652069733A25640D0A00000001
:10DE900046696C6520646174612069733A25640D7C
:10DEA0000A00000046696C652074696D652069731D
:10DEB0003A25640D0A00000046696C6520417474BF
:10DEC000722069733A25640D0A00000025732F0043
:10DED00025730D0A000000000D0AB4C5C5CCD7DCBF
:10DEE000C8DDC1BF3A2564204B420D0ABFC9D3C368
:10DEF000BFD5BCE43A2564204B420D0A0000000067
:10DF00000D0AB4C5C5CCD7DCC8DDC1BF3A25642035
:10DF10004D420D0ABFC9D3C3BFD5BCE43A25642026
:10DF20004D420D0A000000000D0AB4C5C5CC257392
:10DF300020B5C4C5CCB7FBCEAA3A25730D0A0000A4
:10DF4000B4C5C5CC257320B5C4D0F2C1D0BAC53A8A
:10DF500025580D0A0D0A00000D0ABBF1C8A1CAA779
:10DF6000B0DCA3ACB4EDCEF3C2EB3A25580D0A00F9
:10DF70000D0AB4C5C5CCC5CCB7FBC9E8D6C3B3C977
:10DF8000B9A63A25730D0A000D0AB4C5C5CCC5CC97
:10DF9000B7FBC9E8D6C3CAA7B0DCA3ACB4EDCEF3D7
:10DFA000C2EB3A25580D0A0029460BA000F0A4F850
:10DFB00000BF70BD10B504460E4801682046FFF74B
:10DFC00054FAC0B210BD10B504460A480168204694
:10DFD000FFF76BFAC0B210BD0D0A54686520537488
:10DFE00072696E67205265616465642049733A25E1
:10DFF000730D0A00580200202DE9F04102460F4639
:10E00000802A01DA10462FE01FB1244B45F220563A
:10E0100002E0234B45F220560025102416E0A6EB23
:10E02000050C0CEBDC7805EB68014FEA410C33F88A
:10E030001CC0944500D10BE04FEA410C33F81CC0E2
:10E04000944501DA0D4600E00E46641E002CE6D130
:10E0500000BF34B14FF0010C0CEB410C33F81CC085
:10E0600001E04FF0000C6046BDE8F081024600215F
:10E0700000E0491C0B4830F8110020B1094830F885
:10E0800011009042F5D1074830F8110018B1064848
:10E0900030F8110070471046FCE700001C580208D9
:10E0A00098030108A0AC030880AE0308704710B5C0
:10E0B0004C1084EA530404D54042C1F1000138BF3A
:10E0C000491E1B4204D55242C3F1000338BF5B1EF8
:10E0D00000F048FA14F0804F04D04042C1F1000132
:10E0E00038BF491E14F0004F04D05242C3F1000360
:10E0F00038BF5B1E10BD00000FB4044910B503AA61
:10E10000029800F015FB10BC5DF814FB30000020F5
:10E1100070B5044685690068C10601D5302600E067
:10E120002026C00707D070BDD4E9012130469047B2
:10E13000206A401C20626D1EF6D570BD70B5044685
:10E1400085690078C00707D170BDD4E9012120207E
:10E150009047206A401C20626D1EF6D570BD70B5D8
:10E160000C460546012A05D02878800600D5EA69C4
:10E17000002302E0012305E05B1C934202D2E05C35
:10E180000028F9D1A869E618C01AA861286A1844BD
:10E1900028622846FFF7BCFF04E0D5E9012114F806
:10E1A000010B9047B442F8D32846FFF7C7FF70BD74
:10E1B0002DE9F0410646002410687529314616A560
:10E1C00010D0AFF30080002802DA404213A507E028
:10E1D00031688A0701D512A502E0490704D511A5C7
:10E1E000012401E0AFF3008000210A2206F1240798
:10E1F00009E0B0FBF2FCB0FBF2F302FB1C00303094
:10E2000078541846491C0028F3D123462A46304644
:10E21000BDE8F04100F01DBA000000002D00000034
:10E220002B0000002000000070B504460D4621467A
:10E230001068AFF300802188090502D50F4A7A449F
:10E2400002E00E4A7A440E32002104F1240305E074
:10E2500000F00F060009965D5E54491C0028F7D1B6
:10E2600020780023000704D5702D02D009B10223C5
:10E2700011322046BDE8704000F0EBB91ECE02001E
:10E280002DE9F05F894604464FF0000ADFF874B1CB
:10E29000FB44C0F820A02046E1688847002874D0DD
:10E2A000252806D0D4E901219047206A401C20622D
:10E2B000F1E700265F462046E168884720280546AA
:10E2C00007DB312D05D2781910F8200C08B1064370
:10E2D000F1E7B00701D526F00406C4F81CA000271A
:10E2E000C4F818A02A2D09D0284600F0B3FA38B394
:10E2F00004EB8708303DC8F8185019E059F8041BA2
:10E30000204604EB87029161E1688847012F0546AA
:10E3100018D1E069002820DA26F020061DE0D8F8A0
:10E32000180000EB800005EB40003038C8F81800FA
:10E330002046E1688847054600F08CFA0028EED1B7
:10E34000012F0AD02E2D08D12046E16888477F1C76
:10E350000546022F46F02006C4DBA069002803DA38
:10E36000404246F00106A061F00701D026F01006F9
:10E370006C2D0BD0682D09D04C2D39D06A2D35D09D
:10E38000742D35D07A2D33D016E038E0E1682F4671
:10E3900020468847B842054609D16C2F26D04FF455
:10E3A0008060E168064320468847054604E06C2FFC
:10E3B0001AD04FF4807006430DB3A5F1410019281F
:10E3C00002D8203546F400664A4629462046266093
:10E3D0004E46F1F733FF80B101280BD0F61D26F031
:10E3E000070000F1080956E74020E4E78020D8E75D
:10E3F0000020D6E706F104094DE7284652E7206AD7
:10E40000BDE8F09FF4CD020040EA0103024630B5BA
:10E410009B0710D14FF0013400E008C208C91D1B52
:10E420009D4315EAC41FF8D013F0FF0102F8011B49
:10E430000DD01B0AF8E711F8013B002B02F8013B55
:10E4400005D011F8013B002B02F8013BF3D130BDA0
:10E45000032A40F2308010F0030C00F0158011F810
:10E46000013BBCF1020F624498BF11F801CB00F8E8
:10E47000013B38BF11F8013BA2F1040298BF00F83C
:10E4800001CB38BF00F8013B11F0030300F06281BB
:10E49000083AC0F0088051F8043B083A51F804CB20
:10E4A000A0E80810F5E7121D5CBF51F8043B40F8E6
:10E4B000043BAFF30080D20724BF11F8013B11F8F1
:10E4C00001CB48BF11F8012B24BF00F8013B00F835
:10E4D00001CB48BF00F8012B704700004FF0013C12
:10E4E00050F8042B51F8043B9A4221D1A2EB0C03C3
:10E4F000934313EACC1317D150F8042B51F8043B83
:10E500009A4215D1A2EB0C03934313EACC130BD11F
:10E5100050F8042B51F8043B9A4209D1A2EB0C03AA
:10E52000934313EACC13DBD04FF00000704700BFD9
:10E53000D01A01BAB1FA81F101F0180122FA01F002
:10E54000CB40C1F12001DBB2C0B2C01A2CFA01F3FA
:10E55000D11A914311EAC311E6D170477047704751
:10E560007047704753EA020C00F069802DE9F04BC8
:10E570004FF00006002B1FBFB3FA83F503FA05F432
:10E5800024FA05F65E4012BF1643B2FA82F502FA8B
:10E5900005F4C5F120051EBF22FA05FC44EA0C046F
:10E5A000203556EA044C4FEA144418BF641C4FF05F
:10E5B00000084FF00009904271EB030C39D3002999
:10E5C00019BFB1FA81F701FA07F6B0FA80F700FA3D
:10E5D00007F6C7F120071EBF20FA07FC46EA0C0623
:10E5E0002037B6FBF4FCA7EB0507103F07F01F0B25
:10E5F000CBF120060CFA0BFB2CFA06F644BFB3460F
:10E600000026202FA4BF5E464FF0000B5BEA060CED
:10E6100008BF4FF0010B19EB0B09ABFB027C48EB79
:10E620000608C01B06FB02CC0BFB03CC71EB0C01F4
:10E63000C1E70B46024641464846BDE8F08B13B59C
:10E640004FF000004FF00001AFF30080BDE81C4028
:10E6500070472DE9F0470D4699469246044600F171
:10E6600024080168880604D5E06921F010012160C2
:10E6700000E00120A84201DD471B00E00027A1695E
:10E680007A1902EB0900081AA0612078C00602D4AA
:10E690002046FFF73DFD002608E0D4E901211AF8E5
:10E6A00006009047206A401C761C20624E45F4DB31
:10E6B0002078C0060AD52046FFF72AFD06E0D4E9F7
:10E6C000012130209047206A401C2062381EA7F1AB
:10E6D0000107F4DC07E0D4E9012118F805009047B0
:10E6E000206A401C2062281EA5F10105F3DC2046AB
:10E6F000FFF724FD2078000602D50220BDE8F08750
:10E700000120FBE710B5436913B1AFF3008001E0CE
:10E71000FFF725FD012010BD127800F124010A70D9
:10E7200000224A700122EDE711684FF0FF32E9E75D
:10E73000074B70B50D467B4400F043F8044628466D
:10E7400000F052F810B14FF0FF3070BD204670BDA0
:10E75000237CFFFF10B5203AC0F00B80B1E81850C1
:10E76000203AA0E81850B1E81850A0E81850BFF4BB
:10E77000F5AF5FEA027C24BFB1E81850A0E818505A
:10E7800044BF18C918C0BDE810405FEA827C24BFAE
:10E7900051F8043B40F8043B08BF7047D20728BF3C
:10E7A00031F8023B48BF11F8012B28BF20F8023B8B
:10E7B00048BF00F8012B704701694A1C02610878C4
:10E7C000704700B58FB0CDE90131002105910549B1
:10E7D0007944CDE9031011466846FFF751FD0FB0AB
:10E7E00000BD0000E5FFFFFF007B00F080007047E8
:10E7F000754600F02BF8AE4605006946534620F0FA
:10E800000700854618B020B5F7F758FEBDE8204050
:10E810004FF000064FF000074FF000084FF0000BDC
:10E8200021F00701AC46ACE8C009ACE8C009ACE88F
:10E83000C009ACE8C0098D46704710B50446AFF377
:10E8400000802046BDE81040F1F718BD0048704731
:10E850007CBF012030380A2801D2012070470020F7
:10E86000704700004FEA1153A3F58063D3F11E03F4
:10E87000A8BFD3F1200C08DB4FF0004242EAC122CE
:10E8800052EA505232FA03F0704709420BD4102B6F
:10E89000C4BF0020704703F5787CBCF1FF3F05D072
:10E8A0004FF0FF3070474FF00000704770B500F038
:10E8B000C3F800BF4992248000207047F0E7B0FA07
:10E8C00080F310FA03F10AD0C3F11D0303F580634E
:10E8D0004FEA41504FEA035202EBD12170474FF00B
:10E8E00000007047DFF848C170B51CEA111E1EBF5A
:10E8F0001CEA13159EEA0C0F95EA0C0F00F06F80CE
:10E9000081EA030423EA4C134EEAD47E21EA4C1137
:10E9100041F4801143F48013AE44A1FB024CA0FBF0
:10E920000365AEF17F7E361955EB0C05A1FB034C58
:10E930004CF10003A0FB021C16EB0C06654153F1E1
:10E940000003094218BF46F0010613F4007F0BD103
:10E950004FEA03314FEA0530340341EA155140EAEA
:10E9600016506FF003020AE04FEAC3214FEAC520B8
:10E97000F40241EA555140EA56506FF0020202EBB0
:10E980002E4201EB025585EACE710AD05FEA440CB3
:10E9900018BF24F0004450F1000041F1000120EACA
:10E9A000D47040F2FE7C624500D270BDA84214BF14
:10E9B0004FF080444FF04044002E08BF0024BEF1C9
:10E9C000806FA8BFA1F1C041BDE8704080F2828095
:10E9D0004FF0000001F1C04101F0004170479EEA94
:10E9E0000C0F0CEA131518BF95EA0C0F06D04FF068
:10E9F000000081EA030E0EF0004170BD00F01CF82B
:10EA00008900013E00F007B800F009B84FEA430C56
:10EA10005FEA5C5C08D081EA030100F05BB84FEA72
:10EA2000410C5FEA5C5CF6D14FF000000149704791
:10EA30000000FF070000F87F0EF1020E2EF0030E1B
:10EA40005EF8046B364205D4012A43EB030515F545
:10EA5000001F12D8012841EB010C1CF5001F0CD837
:10EA60000ED14FEAD17C15F5001F0CEB4C0C0CF1CC
:10EA7000020C08BF4CEBD37C04E04FF0080C01E023
:10EA80004FEAD37C0CEB4C0526FA05F606F0070698
:10EA9000B6F1040C06D20EEB860CBDE870404CF0CB
:10EAA000010C6047DFE80CF0090B02024FF0004157
:10EAB0004FF00000A1F5002170BD19461046012855
:10EAC00051EB010418BFD4F5001484BF002001F0FD
:10EAD000004170BD0808A0F500114FEA31017047F0
:10EAE0004FF04070E1EE100A704700000000000097
:10EAF000000000000000000000003F400000000097
:10EB0000000000003000400030004000000009001C
:10EB10000BC03D000BC03D00090018C024407FE041
:10EB2000224031800000180024C01B000D803240BC
:10EB3000018003801C4027401C80074000401000DB
:10EB40006000000000000000000000000000000065
:10EB50001F80204040200000402020401F800000F7
:10EB60000000090006001F800600090000000400E4
:10EB700004003F800400040000000010006000005A
:10EB80000000000000000400040004000400040071
:10EB90000000000000400000000000000000002015
:10EBA00001C006003800400000001F8020402040C7
:10EBB00020401F800000000010403FC000400000C7
:10EBC000000018C02140224024401840000010805E
:10EBD0002040244024401B80000002000D00110052
:10EBE0003FC0014000003C8024402440244023805A
:10EBF00000001F8024402440344003800000300087
:10EC0000200027C03800200000001B802440244042
:10EC100024401B8000001C0022C0224022401F8094
:10EC2000000000000000084000000000000000009C
:10EC300000000460000000000000000004000A0062
:10EC40001100208040400900090009000900090066
:10EC5000000000004040208011000A00040018005D
:10EC6000200023402400180000001F80204027407F
:10EC700029401F400000004007C039000F0001C0BC
:10EC8000004020403FC0244024401B8000001F80E3
:10EC90002040204020403080000020403FC02040E5
:10ECA00020401F80000020403FC024402E4030C044
:10ECB000000020403FC024402E00300000000F0024
:10ECC0001080204022403380020020403FC00400DA
:10ECD00004003FC02040204020403FC02040204052
:10ECE00000000060202020203FC0200020002040A5
:10ECF0003FC024400B0030C0204020403FC0204097
:10ED00000040004000C03FC03C0003C03C003FC08A
:10ED1000000020403FC00C4023003FC020001F8067
:10ED20002040204020401F80000020403FC0244061
:10ED30002400180000001F802140214020E01FA077
:10ED4000000020403FC02440260019C0004018C0E9
:10ED500024402440224031800000300020403FC049
:10ED600020403000000020003F80004000403F80F5
:10ED7000200020003E0001C00700380020003800BD
:10ED800007C03C0007C038000000204039C0060022
:10ED900039C0204000002000384007C03840200023
:10EDA0000000304021C02640384020C00000000054
:10EDB00000007FE0402040200000000070000C00B8
:10EDC0000380004000000000402040207FE0000061
:10EDD00000000000200040002000000000000010A3
:10EDE0000010001000100010001000000000400093
:10EDF000000000000000000002800540054003C044
:10EE0000004020003FC00440044003800000000098
:10EE100003800440044006400000000003800440DA
:10EE200024403FC0004000000380054005400340EF
:10EE30000000000004401FC02440244020000000C7
:10EE400002E0055005500650042020403FC0044019
:10EE5000040003C000400000044027C00040000040
:10EE6000000000100010041027E000000000204007
:10EE70003FC00140070004C00440204020403FC084
:10EE800000400040000007C0040007C0040003C0A9
:10EE90000000044007C00440040003C0004000001C
:10EEA00003800440044003800000041007F0045075
:10EEB000044003800000000003800440045007F079
:10EEC0000010044007C002400400040000000000DD
:10EED00006400540054004C00000000004001F80FB
:10EEE000044000400000040007800040044007C0C8
:10EEF00000400400070004C0018006000400060072
:10EF000001C0070001C006000000044006C0010067
:10EF100006C0044000000410071004E00180060051
:10EF200004000000044005C006400440000000004A
:10EF3000000004007BE04020000000000000000012
:10EF4000FFF000000000000040207BE00400000013
:10EF50000000400080004000200020004000000031
:10EF600000000000000000000000000000000000A1
:10EF7000000000001FCC000C00000000000000009A
:10EF8000080030006000080030006000000002202F
:10EF900003FC1E20022003FC1E20022000000000B3
:10EFA0000E1811043FFF10840C78000000000F00C1
:10EFB00010840F3800C007781884007800000078AB
:10EFC0000F8410C411240E9800E400840008080087
:10EFD0006800700000000000000000000000000059
:10EFE0000000000007E018182004400200000000A4
:10EFF00040022004181807E0000000000000024052
:10F00000024001800FF001800240024000000080B9
:10F01000008000800FF80080008000800000000168
:10F02000000D000E000000000000000000000000C5
:10F030000080008000800080008000800080000050
:10F04000000C000C000000000000000000000000A8
:10F050000006001800600180060018002000000073
:10F0600007F0080810041004080807F0000000006A
:10F07000080408041FFC0004000400000000000055
:10F080000E0C10141024104411840E0C000000000B
:10F090000C1810041104110412880C7000000000F8
:10F0A00000E00320042408241FFC002400000000CA
:10F0B0001F981084110411041088107000000000C3
:10F0C00007F008881104110418880070000000007F
:10F0D0001C00100010FC13001C00100000000000B9
:10F0E0000E3811441084108411440E3800000000C2
:10F0F0000700088C10441044088807F00000000046
:10F1000000000000030C030C0000000000000000E1
:10F1100000000001010600000000000000000000E7
:10F1200000800140022004100808100400000220A2
:10F130000220022002200220022002200000000003
:10F1400010040808041002200140008000000000A4
:10F150000E001200100C106C10800F00000003E075
:10F160000C1813E4142417C4082807D00000000466
:10F17000003C03C41C40074000E4001C00041004D1
:10F180001FFC1104110411040E880070000003E03C
:10F190000C1810041004100410081C1000001004B7
:10F1A0001FFC100410041004080807F000001004ED
:10F1B0001FFC1104110417C41004081800001004E7
:10F1C0001FFC1104110017C010000800000003E02C
:10F1D0000C181004100410441C78004000001004A7
:10F1E0001FFC10840080008010841FFC10040000AD
:10F1F000100410041FFC10041004000000000003A1
:10F200000001100110011FFE10001000000010048A
:10F210001FFC110403801464181C10040000100467
:10F220001FFC1004000400040004000C0000100483
:10F230001FFC1F0000FC1F001FFC10040000100436
:10F240001FFC0C04030000E010181FFC100007F066
:10F250000808100410041004080807F00000100447
:10F260001FFC10841080108010800F00000007F039
:10F27000081810241024101C080A07F200001004BB
:10F280001FFC1104110011C011300E0C000400000D
:10F290000E1C11041084108410441C380000180047
:10F2A000100010041FFC10041000180000001000D3
:10F2B0001FF810040004000410041FF810001000D0
:10F2C0001E0011E0001C007013801C0010001FC005
:10F2D000103C00E01F0000E0103C1FC000001004C4
:10F2E000180C163401C001C01634180C100410009C
:10F2F0001C00130400FC13041C0010000000080490
:10F30000101C1064108413041C041018000000006A
:10F31000000000007FFE40024002400200000000AA
:10F3200030000C0003800060001C0003000000009F
:10F330004002400240027FFE00000000000000008A
:10F3400000002000400040004000200000000001BC
:10F3500000010001000100010001000100010000A6
:10F3600040004000200000000000000000000000FD
:10F370000098012401440144014400FC00041000F1
:10F380001FFC0088010401040088007000000000D8
:10F3900000700088010401040104008800000000DE
:10F3A000007000880104010411081FFC0004000023
:10F3B00000F8014401440144014400C80000000079
:10F3C000010401040FFC11041104110018000000D5
:10F3D00000D601290129012901C9010600001004F4
:10F3E0001FFC008401000100010400FC0004000077
:10F3F0000104190419FC00040004000000000000CE
:10F40000000300010101190119FE000000001004B1
:10F410001FFC0024004001B4010C010400000000A6
:10F42000100410041FFC000400040000000001048C
:10F4300001FC0104010001FC0104010000FC0104C5
:10F4400001FC008401000100010400FC0004000034
:10F4500000F8010401040104010400F800000101A6
:10F4600001FF008501040104008800700000000015
:10F470000070008801040104010501FF000101047E
:10F48000010401FC0084010401000180000000006F
:10F4900000CC012401240124012401980000000073
:10F4A0000100010007F80104010400000000010050
:10F4B00001F8000400040004010801FC000401003C
:10F4C00001800170000C001001600180010001F05A
:10F4D000010C003001C00030010C01F001000000FF
:10F4E0000104018C00740170018C01040000010111
:10F4F00001810171000E001801600180010000000F
:10F500000184010C013401440184010C000000005D
:10F5100000000000000001003EFC4002400200002C
:10F52000000000000000FFFF0000000000000000DD
:10F53000400240023EFC010000000000000000000C
:10F54000600080008000400040002000200000009B
:10F5500000000000000000000000000000000000AB
:10F56000000000000000000000000000000000009B
:10F57000000000000000000000000000000000008B
:10F58000000F80380FFE380F8038000000000000A8
:10F590000000000000000000000000000100000664
:10F5A00000000C00003800003100000600000C00D4
:10F5B0000038000030000000000000000000618002
:10F5C0000067F807F98000618000618000618000B9
:10F5D00061800067F807F98000618000000000008A
:10F5E0000000000001C0E003E0F006300804180845
:10F5F0001FFFFE040E080787F00381E000000000F3
:10F60000000001F000060C00040408060C7001F96B
:10F61000C0000E00003BE000EC18070808040C18BE
:10F620000003E00000000001E00007F003F8180408
:10F630001C0804170807E1D003C0E00023B0003C19
:10F640000800200800001000000000000001000079
:10F650003100003200001C0000000000000000002B
:10F66000000000000000000000000000000000009A
:10F6700000000000000000000000000000007F000B
:10F6800001FFC00780F00C001810000420000200E9
:10F6900000000000002000021000040C0018078089
:10F6A000F001FFC0007F000000000000000000002B
:10F6B00000000000000000000000420000660000A2
:10F6C0006600003C0000180003FFC0001800003C6A
:10F6D0000000660000660000420000000000080014
:10F6E00000080000080000080000080001FFC0003A
:10F6F00008000008000008000008000008000000E2
:10F700000000000100003100003200001C00000079
:10F7100000000000000000000000000000000000E9
:10F7200000000000000008000008000008000008B9
:10F7300000000800000800000800000800000800A1
:10F740000008000000000000000000000000380079
:10F750000038000038000000000000000000000039
:10F760000000000000000000000000000000000693
:10F7700000001C000070000180000E000038000036
:10F78000C0000700001C0000300000000000000066
:10F7900000007F8001FFE00380700600180400086D
:10F7A00004000806001803807001FFE0007F80005D
:10F7B0000000000000000000010008010008010036
:10F7C0000803FFF807FFF800000800000800000821
:10F7D00000000000000000000001C03802C0580412
:10F7E0000098040118040218040418061C1803F8F1
:10F7F0001801E0F800000000000000000001C0E077
:10F8000003C0F004000804080804080806180803E8
:10F81000F41801E7F00001E0000000000000000023
:10F8200000000300000D00001100006100008108CD
:10F8300003010807FFF80FFFF800010800010800A6
:10F8400000000000000000E007FCD00608080610D9
:10F8500008061008061008061838060FF00607C03C
:10F86000000000000000000000003F8001FFE003F6
:10F87000843002081804100804100804100807183F
:10F8800010030FF00007C00000000000000000009F
:10F8900003C0000700000600000600F80607F8068F
:10F8A000180006E00007000006000000000000004D
:10F8B0000001E1E003F7F00634100418080418080A
:10F8C000040C08040C0806161803F3F001C1E0004C
:10F8D000000000000000F80003FC300306380402BA
:10F8E000080402080402080404100308F001FFC021
:10F8F000007F000000000000000000000000000089
:10F9000000000000000070380070380070380000FF
:10F9100000000000000000000000000000000000E7
:10F9200000000000000000000000301A00301C0041
:10F9300000000000000000000000000000000000C7
:10F940000000000000080000140000220000410038
:10F950000080800100400200200400100800080020
:10F960000000000000002100002100002100002113
:10F9700000002100002100002100002100002100E2
:10F980000021000000000000000000000800080442
:10F990000010020020010040008080004100002291
:10F9A0000000140000080000000000000003C00078
:10F9B00004C000040000080038080F3808083808A0
:10F9C00010000C300007E00003C000000000000041
:10F9D00000003F8000FFE0038070020F1006708877
:10F9E00004C088048308047F8802C09003012000BB
:10F9F000FE400000080000180001F8003E0801C2A7
:10FA00000007020007E20000FE00001FC80001F826
:10FA100000003800000804000807FFF807FFF8049A
:10FA2000080804080804080804080806180803F46D
:10FA30001801E7F00001E0000000000000003F8036
:10FA400001FFE003807002001804000804000804AD
:10FA500000080400100600200780C0000000040019
:10FA60000807FFF807FFF80400080400080400086E
:10FA700004001802001003807001FFE0007F800086
:10FA8000000004000807FFF807FFF804080804084E
:10FA900008040808040808043E08040008060018C2
:10FAA00001006000000004000807FFF807FFF804E9
:10FAB0000808040800040800040800043E000600CA
:10FAC00000060000018000000000000000003F80F0
:10FAD00001FFE00380700600180400080402080417
:10FAE00002080203F00783F0000200000200040095
:10FAF0000807FFF807FFF8040808000800000800DE
:10FB000000080000080004080807FFF807FFF804D1
:10FB100000080000000000000400080400080400C1
:10FB20000807FFF807FFF8040008040008040008AD
:10FB300000000000000000000000000600000700B8
:10FB4000000104000104000104000307FFFE07FF99
:10FB5000FC04000004000004000004000807FFF893
:10FB600007FFF8040C08001800003E0004C78005D9
:10FB700003C80600F8040038040018000008040058
:10FB80000807FFF807FFF804000800000800000855
:10FB900000000800000800000800001800006000D5
:10FBA000000004000807FFF807800807FC00007F3A
:10FBB000C00003F80007C000780007800807FFF8BE
:10FBC00007FFF804000804000807FFF8070008030F
:10FBD000C00000E000003800001E00000700000127
:10FBE000C00400F007FFF8040000000000007F8060
:10FBF00001FFE003807006001804000804000806F6
:10FC0000001803003001FFE0007F800000000400C6
:10FC10000807FFF807FFF8040408040400040400C0
:10FC2000040400040400060C0003F80001F00000C6
:10FC30000000000000007F8001FFE00380700600EC
:10FC4000880400880400C806003C03003E01FFE66B
:10FC5000007F8400000004000807FFF807FFF80495
:10FC60000808040800040C00040F00040BC0061070
:10FC7000F003F03801E00800000800000001E0F89F
:10FC800003F030063010041808041808040C0804A7
:10FC90000C080206180207F00781E000000001804E
:10FCA0000006000004000004000004000807FFF83C
:10FCB00007FFF8040008040000040000060000012B
:10FCC000800004000007FFE007FFF00400180000B8
:10FCD00008000008000008000008000008040010E8
:10FCE00007FFE004000004000006000007E0000732
:10FCF000FE00041FE00001F80000380001E0043EAF
:10FD00000007C00006000004000004000007E00037
:10FD100007FFC0041FF80007C007F80007FF8004B2
:10FD20003FF80007C004F8000700000400000000CE
:10FD30000004000806001807C07805F1C8003E005E
:10FD4000001F800463E80780F8060018040008001C
:10FD5000000004000006000007800007E008047CA3
:10FD600008001FF80007F800180804E00807000062
:10FD7000060000040000000000010008060038042E
:10FD800000F80403E8040F08047C0805F00807C025
:10FD900008070018040060000000000000000000D8
:10FDA0000000000000000000003FFFFE20000220D5
:10FDB00000022000022000022000020000000000DB
:10FDC0000000000008000007000000C0000038002C
:10FDD0000006000001C000003000000E000001001D
:10FDE00000000000000000002000022000022000AF
:10FDF000022000022000023FFFFE00000000000081
:10FE000000000000000000000000000000000008EA
:10FE10000000100000300000200000300000100042
:10FE200000080000000000000000000001000001C8
:10FE300000000100000100000100000100000100BD
:10FE400000010000010000010000010000010000AD
:10FE50000000000000000020000020000010000052
:10FE60001000000000000000000000000000000082
:10FE700000000000000000F00019F8001B1800222C
:10FE800008002608002408002410003FF8001FF88E
:10FE900000000800001800000004000007FFF80F31
:10FEA000FFF000181800100800200800200800309B
:10FEB00018001FF0000FC00000000000000007C085
:10FEC000001FF00018300020080020080020080063
:10FED0003C08001C10000060000000000000000052
:10FEE000000007C0001FF00038180020080020089C
:10FEF00000200804101007FFF80FFFF000001000AA
:10FF000000000000000000000007C0001FF0001209
:10FF100030002218002208002208003208001E10BB
:10FF2000000E20000000000000002000002008005B
:10FF3000200801FFF803FFF8062008042008042029
:10FF40000807200003000000000000000000000E71
:10FF5000000E6E001FF30031B10020B10020B1008F
:10FF60003191001F13002E1E00200E0030000000F3
:10FF70000004000807FFF80FFFF800100800200039
:10FF8000002000002008003FF8001FF800000800D3
:10FF900000000000000000000020080020080020F1
:10FFA00008063FF8063FF8000008000008000008B7
:10FFB000000000000000000000000000000003003E
:10FFC0000003002001002001002003063FFE063F41
:10FFD000FC00000000000000000000000004000819
:10FFE00007FFF80FFFF8000188000300002FC00092
:10FFF00038F8002038002008000008000000000049
:020000040801F1
:100000000000000004000804000804000807FFF8CE
:100010000FFFF800000800000800000800000000C2
:100020000000002008003FF8003FF8001008002002
:1000300000003FF8003FF8001008002000003FF8E3
:10004000003FF8000008000000002008003FF80012
:100050003FF8001008001000002000002008003FBA
:10006000F8001FF80000080000000000000007C0B2
:10007000000FF000183000300800200800200800B1
:100080003008001830000FF00007C000000000002A
:1000900000002001003FFF003FFF00101100200979
:1000A000002008002008003038001FF0000FC000BA
:1000B00000000000000007C0001FF00038180020FA
:1000C00008002008002009001011001FFF003FFF5A
:1000D00000000100000000200800200800200800A7
:1000E0003FF8003FF8000808001008002008002032
:1000F00000003000003000000000000000000000A0
:10010000000C78001E1800330800230800210800A6
:1001100021880021980030F00038600000000000C5
:100120000000200000200000200000FFF003FFF886
:100130000020080020080020080000300000000017
:100140000000000000002000003FF0007FF80000E9
:1001500018000008000008002010003FF8007FF0A1
:10016000000010000000000000002000003000002F
:100170003C00003F800023F0000078000070002366
:1001800080003C00003000002000002000003C0007
:10019000003FE00023F80000E0002700003E0000E0
:1001A0003FE00021F80001E0003E000020000000D8
:1001B00000002008002008003838003E6800278032
:1001C0000003C8002CF80038380020180020080070
:1001D0000000000000002000003003003C01003F50
:1001E000830023EC000070002380003C000020000E
:1001F000002000000000000000000000003808009F
:1002000020380020F80023E8002F88003E0800383E
:10021000080020180000700000000000000000002E
:100220000000000000000000000008000014001F93
:10023000F7FC300006200002000000000000000073
:1002400000000000000000000000000000000000AE
:10025000FFFFFF00000000000000000000000000A1
:1002600000000000000000002000023000061FF720
:10027000FC00140000080000000000000000000066
:1002800000000000000000000018000060000040B6
:1002900000004000002000001000000800000400E2
:1002A000000400000C000010000000000F0000001F
:1002B0000F000000FF0000000F0000000F00000012
:1002C0000F00000000000000800C0000007800001B
:1002D0008007000020000000200000002000000037
:1002E0000090010000000F0000F00000010305076E
:1002F000090E10121416181C1E0000040002000142
:1003000080004000200010000800040002000000EF
:100310000080004000200010000800400020001075
:100320000008000400020000B0B303080000000051
:1003300000000000000000008CB303080000000073
:100340000000000000000000B8B303080000000037
:100350000000000000000000BCB3030890B30308D5
:10036000A8B3030800000000C0B3030880B303086B
:1003700094B3030884B30308B4B30308A4B3030815
:100380009CB3030898B30308ACB303080000000053
:100390000000000000000000A400E8A1A700ECA1FC
:1003A000A800A7A1B000E3A1B100C0A1B700A4A11B
:1003B000D700C1A1E000A4A8E100A2A8E800A8A875
:1003C000E900A6A8EA00BAA8EC00ACA8ED00AAA82B
:1003D000F200B0A8F300AEA8F700C2A1F900B4A8DB
:1003E000FA00B2A8FC00B9A80101A1A81301A5A8B0
:1003F0001B01A7A82B01A9A84401BDA84801BEA8BC
:100400004D01ADA86B01B1A8CE01A3A8D001ABA846
:10041000D201AFA8D401B3A8D601B5A8D801B6A817
:10042000DA01B7A8DC01B8A85102BBA86102C0A8D4
:10043000C702A6A1C902A5A1CA0240A8CB0241A831
:10044000D90242A89103A1A69203A2A69303A3A650
:100450009403A4A69503A5A69603A6A69703A7A60C
:100460009803A8A69903A9A69A03AAA69B03ABA6DC
:100470009C03ACA69D03ADA69E03AEA69F03AFA6AC
:10048000A003B0A6A103B1A6A303B2A6A403B3A67A
:10049000A503B4A6A603B5A6A703B6A6A803B7A648
:1004A000A903B8A6B103C1A6B203C2A6B303C3A6EB
:1004B000B403C4A6B503C5A6B603C6A6B703C7A6AC
:1004C000B803C8A6B903C9A6BA03CAA6BB03CBA67C
:1004D000BC03CCA6BD03CDA6BE03CEA6BF03CFA64C
:1004E000C003D0A6C103D1A6C303D2A6C403D3A61A
:1004F000C503D4A6C603D5A6C703D6A6C803D7A6E8
:10050000C903D8A60104A7A71004A1A71104A2A794
:100510001204A3A71304A4A71404A5A71504A6A74F
:100520001604A8A71704A9A71804AAA71904ABA71B
:100530001A04ACA71B04ADA71C04AEA71D04AFA7EB
:100540001E04B0A71F04B1A72004B2A72104B3A7BB
:100550002204B4A72304B5A72404B6A72504B7A78B
:100560002604B8A72704B9A72804BAA72904BBA75B
:100570002A04BCA72B04BDA72C04BEA72D04BFA72B
:100580002E04C0A72F04C1A73004D1A73104D2A7DD
:100590003204D3A73304D4A73404D5A73504D6A78F
:1005A0003604D8A73704D9A73804DAA73904DBA75B
:1005B0003A04DCA73B04DDA73C04DEA73D04DFA72B
:1005C0003E04E0A73F04E1A74004E2A74104E3A7FB
:1005D0004204E4A74304E5A74404E6A74504E7A7CB
:1005E0004604E8A74704E9A74804EAA74904EBA79B
:1005F0004A04ECA74B04EDA74C04EEA74D04EFA76B
:100600004E04F0A74F04F1A75104D7A710205CA90E
:10061000132043A81420AAA1152044A81620ACA199
:100620001820AEA11920AFA11C20B0A11D20B1A19E
:10063000252045A82620ADA13020EBA13220E4A141
:100640003320E5A1352046A83B20F9A1AC2080004D
:100650000321E6A1052147A8092148A81621EDA1FB
:10066000212159A96021F1A26121F2A26221F3A204
:100670006321F4A26421F5A26521F6A26621F7A206
:100680006721F8A26821F9A26921FAA26A21FBA2D6
:100690006B21FCA27021A1A27121A2A27221A3A2AE
:1006A0007321A4A27421A5A27521A6A27621A7A2D6
:1006B0007721A8A27821A9A27921AAA29021FBA141
:1006C0009121FCA19221FAA19321FDA1962149A893
:1006D00097214AA898214BA899214CA80822CAA181
:1006E0000F22C7A11122C6A115224DA81A22CCA102
:1006F0001D22D8A11E22DEA11F224EA82022CFA19A
:1007000023224FA82522CEA12722C4A12822C5A199
:100710002922C9A12A22C8A12B22D2A12E22D3A1EB
:100720003422E0A13522DFA13622C3A13722CBA19A
:100730003D22D7A14822D6A14C22D5A1522250A8B1
:100740006022D9A16122D4A16422DCA16522DDA1AD
:10075000662251A8672252A86E22DAA16F22DBA17D
:10076000952292A89922D1A1A522CDA1BF2253A85A
:100770001223D0A16024D9A26124DAA26224DBA2D0
:100780006324DCA26424DDA26524DEA26624DFA249
:100790006724E0A26824E1A26924E2A27424C5A22D
:1007A0007524C6A27624C7A27724C8A27824C9A239
:1007B0007924CAA27A24CBA27B24CCA27C24CDA209
:1007C0007D24CEA27E24CFA27F24D0A28024D1A2D9
:1007D0008124D2A28224D3A28324D4A28424D5A2A9
:1007E0008524D6A28624D7A28724D8A28824B1A2A1
:1007F0008924B2A28A24B3A28B24B4A28C24B5A2E9
:100800008D24B6A28E24B7A28F24B8A29024B9A2B8
:100810009124BAA29224BBA29324BCA29424BDA288
:100820009524BEA29624BFA29724C0A29824C1A258
:100830009924C2A29A24C3A29B24C4A20025A4A9DD
:100840000125A5A90225A6A90325A7A90425A8A9CC
:100850000525A9A90625AAA90725ABA90825ACA99C
:100860000925ADA90A25AEA90B25AFA90C25B0A96C
:100870000D25B1A90E25B2A90F25B3A91025B4A93C
:100880001125B5A91225B6A91325B7A91425B8A90C
:100890001525B9A91625BAA91725BBA91825BCA9DC
:1008A0001925BDA91A25BEA91B25BFA91C25C0A9AC
:1008B0001D25C1A91E25C2A91F25C3A92025C4A97C
:1008C0002125C5A92225C6A92325C7A92425C8A94C
:1008D0002525C9A92625CAA92725CBA92825CCA91C
:1008E0002925CDA92A25CEA92B25CFA92C25D0A9EC
:1008F0002D25D1A92E25D2A92F25D3A93025D4A9BC
:100900003125D5A93225D6A93325D7A93425D8A98B
:100910003525D9A93625DAA93725DBA93825DCA95B
:100920003925DDA93A25DEA93B25DFA93C25E0A92B
:100930003D25E1A93E25E2A93F25E3A94025E4A9FB
:100940004125E5A94225E6A94325E7A94425E8A9CB
:100950004525E9A94625EAA94725EBA94825ECA99B
:100960004925EDA94A25EEA94B25EFA9502554A804
:10097000512555A8522556A8532557A8542558A89F
:10098000552559A856255AA857255BA858255CA86F
:1009900059255DA85A255EA85B255FA85C2560A83F
:1009A0005D2561A85E2562A85F2563A8602564A80F
:1009B000612565A8622566A8632567A8642568A8DF
:1009C000652569A866256AA867256BA868256CA8AF
:1009D00069256DA86A256EA86B256FA86C2570A87F
:1009E0006D2571A86E2572A86F2573A8702574A84F
:1009F000712575A8722576A8732577A8812578A812
:100A0000822579A883257AA884257BA885257CA8BA
:100A100086257DA887257EA8882580A8892581A888
:100A20008A2582A88B2583A88C2584A88D2585A856
:100A30008E2586A88F2587A8932588A8942589A820
:100A400095258AA8A025F6A1A125F5A1B225F8A192
:100A5000B325F7A1BC258BA8BD258CA8C625F4A17C
:100A6000C725F3A1CB25F0A1CE25F2A1CF25F1A179
:100A7000E2258DA8E3258EA8E4258FA8E52590A87A
:100A80000526EFA10626EEA1092691A84026E2A19F
:100A90004226E1A10030A1A10130A2A10230A3A110
:100AA0000330A8A10530A9A1063065A9073096A991
:100AB0000830B4A10930B5A10A30B6A10B30B7A1F6
:100AC0000C30B8A10D30B9A10E30BAA10F30BBA1C6
:100AD0001030BEA11130BFA1123093A81330FEA177
:100AE0001430B2A11530B3A11630BCA11730BDA18E
:100AF0001D3094A81E3095A8213040A9223041A96C
:100B0000233042A9243043A9253044A9263045A9E1
:100B1000273046A9283047A9293048A94130A1A447
:100B20004230A2A44330A3A44430A4A44530A5A4D9
:100B30004630A6A44730A7A44830A8A44930A9A4A9
:100B40004A30AAA44B30ABA44C30ACA44D30ADA479
:100B50004E30AEA44F30AFA45030B0A45130B1A449
:100B60005230B2A45330B3A45430B4A45530B5A419
:100B70005630B6A45730B7A45830B8A45930B9A4E9
:100B80005A30BAA45B30BBA45C30BCA45D30BDA4B9
:100B90005E30BEA45F30BFA46030C0A46130C1A489
:100BA0006230C2A46330C3A46430C4A46530C5A459
:100BB0006630C6A46730C7A46830C8A46930C9A429
:100BC0006A30CAA46B30CBA46C30CCA46D30CDA4F9
:100BD0006E30CEA46F30CFA47030D0A47130D1A4C9
:100BE0007230D2A47330D3A47430D4A47530D5A499
:100BF0007630D6A47730D7A47830D8A47930D9A469
:100C00007A30DAA47B30DBA47C30DCA47D30DDA438
:100C10007E30DEA47F30DFA48030E0A48130E1A408
:100C20008230E2A48330E3A48430E4A48530E5A4D8
:100C30008630E6A48730E7A48830E8A48930E9A4A8
:100C40008A30EAA48B30EBA48C30ECA48D30EDA478
:100C50008E30EEA48F30EFA49030F0A49130F1A448
:100C60009230F2A49330F3A49B3061A99C3062A926
:100C70009D3066A99E3067A9A130A1A5A230A2A58A
:100C8000A330A3A5A430A4A5A530A5A5A630A6A5EC
:100C9000A730A7A5A830A8A5A930A9A5AA30AAA5BC
:100CA000AB30ABA5AC30ACA5AD30ADA5AE30AEA58C
:100CB000AF30AFA5B030B0A5B130B1A5B230B2A55C
:100CC000B330B3A5B430B4A5B530B5A5B630B6A52C
:100CD000B730B7A5B830B8A5B930B9A5BA30BAA5FC
:100CE000BB30BBA5BC30BCA5BD30BDA5BE30BEA5CC
:100CF000BF30BFA5C030C0A5C130C1A5C230C2A59C
:100D0000C330C3A5C430C4A5C530C5A5C630C6A56B
:100D1000C730C7A5C830C8A5C930C9A5CA30CAA53B
:100D2000CB30CBA5CC30CCA5CD30CDA5CE30CEA50B
:100D3000CF30CFA5D030D0A5D130D1A5D230D2A5DB
:100D4000D330D3A5D430D4A5D530D5A5D630D6A5AB
:100D5000D730D7A5D830D8A5D930D9A5DA30DAA57B
:100D6000DB30DBA5DC30DCA5DD30DDA5DE30DEA54B
:100D7000DF30DFA5E030E0A5E130E1A5E230E2A51B
:100D8000E330E3A5E430E4A5E530E5A5E630E6A5EB
:100D9000E730E7A5E830E8A5E930E9A5EA30EAA5BB
:100DA000EB30EBA5EC30ECA5ED30EDA5EE30EEA58B
:100DB000EF30EFA5F030F0A5F130F1A5F230F2A55B
:100DC000F330F3A5F430F4A5F530F5A5F630F6A52B
:100DD000FC3060A9FD3063A9FE3064A90531C5A8C7
:100DE0000631C6A80731C7A80831C8A80931C9A863
:100DF0000A31CAA80B31CBA80C31CCA80D31CDA833
:100E00000E31CEA80F31CFA81031D0A81131D1A802
:100E10001231D2A81331D3A81431D4A81531D5A8D2
:100E20001631D6A81731D7A81831D8A81931D9A8A2
:100E30001A31DAA81B31DBA81C31DCA81D31DDA872
:100E40001E31DEA81F31DFA82031E0A82131E1A842
:100E50002231E2A82331E3A82431E4A82531E5A812
:100E60002631E6A82731E7A82831E8A82931E9A8E2
:100E70002032E5A22132E6A22232E7A22332E8A202
:100E80002432E9A22532EAA22632EBA22732ECA2D2
:100E90002832EDA22932EEA231325AA9A33249A951
:100EA0008E334AA98F334BA99C334CA99D334DA94E
:100EB0009E334EA9A1334FA9C43350A9CE3351A9B3
:100EC000D13352A9D23353A9D53354A9004EBBD242
:100ED000014EA1B6024E4081034EDFC6044E418151
:100EE000054E4281064E4381074EF2CD084EC9D5CC
:100EF000094EFDC80A4ECFC90B4EC2CF0C4EA2D828
:100F00000D4EBBB20E4EEBD30F4E4481104EA4D803
:100F1000114EF3B3124E4581134EA8D7144ED2C7CB
:100F2000154EA7D8164EC0CA174E4681184EF0C7A8
:100F3000194EFBB11A4EB5D21B4ED4B41C4EABB6F3
:100F40001D4EBFCB1E4EA9D81F4E4781204E488153
:100F5000214E4981224EAAB6234E4A81244EBDC15C
:100F6000254ECFD1264E4B81274EA5C9284EADD850
:100F7000294E4C812A4EF6B82B4EBED12C4EDCE3C6
:100F80002D4ED0D62E4E4D812F4E4E81304EE1B794
:100F9000314E4F81324EAEB4334E5081344ED9C1B2
:100FA000354E5181364EBCD8374E5281384EE8CD41
:100FB000394EA4B53A4EAACE3B4EF7D63C4E53819D
:100FC0003D4EF6C03E4ED9BE3F4EAFD8404E548146
:100FD000414E5581424E5681434ECBC4444E5781BB
:100FE000454EC3BE464E5881474EB1D8484EB4C355
:100FF000494EE5D24A4E59814B4EAED64C4EDACED2
:101000004D4EA7D54E4EF5BA4F4EA6B7504ED6C050
:10101000514E5A81524EB9C6534ED2C5544EC7C7CF
:10102000554E5B81564ED4B9574E5C81584ECBB36A
:10103000594ED2D25A4E5D815B4E5E815C4EBFD816
:101040005D4EC5BE5E4EF2C65F4EB2D2604EB0CFB0
:10105000614EE7CF624E5F81634E6081644E618175
:10106000654E6281664EE9CA674E6381684E64814F
:10107000694EC0D86A4E65816B4E66816C4E678141
:101080006D4E68816E4E69816F4E6A81704EF2C2FC
:10109000714ED2C2724E6B81734EE9C8744E6C8130
:1010A000754E6D81764E6E81774E6F81784E708170
:1010B000794E71817A4E72817B4E73817C4E748140
:1010C0007D4E75817E4EACC77F4E7681804E778196
:1010D000814E7881824E7981834E7A81844E7B81E4
:1010E000854E7C81864ECBC1874E7D81884EE8D36C
:1010F000894EF9D58A4E7E818B4EC2CA8C4EFEB681
:101100008D4EA1D88E4EDAD38F4EF7BF904E808190
:10111000914EC6D4924EA5BB934EC1D8944EE5CE07
:10112000954EAEBE964E8181974E8281984EA8D83C
:10113000994E83819A4EC7D19B4EA9D09C4E8481F3
:101140009D4E85819E4E86819F4EBDD8A04EEFD983
:10115000A14EF6CDA24EBABFA34E8781A44EBBBD11
:10116000A54EA5BAA64EE0D2A74EFAB2A84EE0BA56
:10117000A94EB6C4AA4E8881AB4EEDCFAC4EA9BEE7
:10118000AD4EA4CDAE4EC1C1AF4E8981B04E8A8165
:10119000B14E8B81B24ED7C7B34EF1D9B44E8C81CC
:1011A000B54EF4D9B64E8D81B74E8E81B84E8F8133
:1011B000B94E9081BA4ECBC8BB4EE9D8BC4E918196
:1011C000BD4E9281BE4E9381BF4EDAD2C04EB2CA9E
:1011D000C14ECAC8C24EECD8C34EEAD8C44EC6D817
:1011E000C54EF6BDC64ECDC6C74EF0B3C84E9481AF
:1011F000C94EEBD8CA4EF1BDCB4EE9BDCC4E958160
:10120000CD4ED4C8CE4ED3B4CF4E9681D04E97811A
:10121000D14ED8C2D24E9881D34ED6B2D44ED0D76A
:10122000D54ECBCAD64EFBCBD74ECCD5D84EB6B8C2
:10123000D94EC9CFDA4E9981DB4E9A81DC4E9B8123
:10124000DD4EDAD9DE4EF0D8DF4EAAC7E04E9C81E3
:10125000E14EEED8E24E9D81E34EFAB4E44EEEC18B
:10126000E54ED4D2E64E9E81E74E9F81E84EEDD802
:10127000E94EA081EA4EC7D2EB4EEFD8EC4EC7C381
:10128000ED4EA181EE4EA281EF4EA381F04EF6D13C
:10129000F14EA481F24ED9D6F34EF2D8F44EA58188
:1012A000F54EF5D8F64EFEBCF74EDBBCF84EA681E7
:1012B000F94EA781FA4EA881FB4ECEC8FC4EA981FB
:1012C000FD4EDDB7FE4EAA81FF4EC2B7004FAB8187
:1012D000014FF3C6024FAC81034FAD81044FAE8185
:1012E000054FAF81064FB081074FB181084FB281E2
:1012F000094FF8D80A4FC1D20B4FB3810C4FB481BC
:101300000D4FE9CE0E4FBFBC0F4FFCB7104FA5B726
:10131000114FDDD0124FB581134FB681144FB781F5
:10132000154FB881164FB981174FDAD6184FC5D36C
:10133000194FEFBB1A4FE1BB1B4FF1D81C4FBA81BD
:101340001D4FBB811E4FA1C91F4FB0CE204FABB464
:10135000214FBC81224FF3D8234FBD81244FCBC9ED
:10136000254FF6D8264FD7C2274FF7D8284FBE8132
:10137000294FBF812A4FB1CE2B4FF9D82C4FC081B6
:101380002D4FC1812E4FC2812F4FAEB2304FC0B909
:10139000314FC381324FA3D9334FC481344FE9B0A9
:1013A000354FC581364FE6C1374FC681384FECC93E
:1013B000394FC7813A4FC5CB3B4FC8813C4FC6CB55
:1013C0003D4FA4D93E4FC9813F4FCA81404FCB8189
:1013D000414FCC81424FCD81434FE8B5444FCE8140
:1013E000454FCF81464FABB5474FD081484FD18154
:1013F000494FD2814A4FD3814B4FD4814C4FD58135
:101400004D4FBBCE4E4FCDB54F4FA1D7504FF4D718
:10141000514FD3D3524FD681534FE5CC544FD78140
:10142000554FCEBA564FD881574FA2D9584FDCD915
:10143000594FE0D35A4FFDD85B4FF0B75C4FF7D709
:101440005D4FFED85E4FFAD85F4FA1D9604FE3C41D
:10145000614FD981624FDA81634FB6D3644FF4D8BC
:10146000654FDDD9664FDB81674FFBD8684FDC8164
:10147000694FE5C56A4FDD816B4FDE816C4FD0C08F
:101480006D4FDF816E4FE0816F4FF0D1704FDBB059
:10149000714FE181724FE281734FD1BC744FA6D975
:1014A000754FE381764FA5D9774FE481784FE58179
:1014B000794FE6817A4FE7817B4FACD97C4FAED92B
:1014C0007D4FE8817E4FABD97F4FB9CA804FE9810C
:1014D000814FEA81824FEB81834FA9D9844FB6D6E1
:1014E000854FEC81864FED81874FEE81884FDEB3CB
:1014F000894FA8D98A4FEF818B4FFDC08C4FF08167
:101500008D4FCCCA8E4FF1818F4FAAD9904FF28167
:10151000914FA7D9924FF381934FF481944FB0D953
:10152000954FF581964FF681974FB1B6984FF78159
:10153000994FF8819A4FF9819B4FA9B99C4FFA8135
:101540009D4FC0D29E4FFB819F4FFC81A04FC0CFCB
:10155000A14FFD81A24FFE81A34FC2C2A44F408282
:10156000A54FC4BDA64FECD5A74FE0B2A84FC8C742
:10157000A94FEBBFAA4FADD9AB4F4182AC4FAFD90A
:10158000AD4F4282AE4FEACEAF4FEEBAB04F43827C
:10159000B14F4482B24F4582B34F4682B44F478227
:1015A000B54FD6C7B64F4882B74F4982B84F4A8227
:1015B000B94F4B82BA4F4C82BB4F4D82BC4F4E82CB
:1015C000BD4F4F82BE4F5082BF4FE3B1C04F5182DB
:1015D000C14F5282C24F5382C34FD9B4C44FEDB6EC
:1015E000C54FB4D9C64F5482C74F5582C84F568293
:1015F000C94F5782CA4FA1BFCB4F5882CC4F598297
:10160000CD4F5A82CE4FDED9CF4FCEC7D04FFEC07E
:10161000D14FB8D9D24F5B82D34F5C82D44F5D8219
:10162000D54F5E82D64F5F82D74FD7CBD84FFDB70D
:10163000D94F6082DA4FB5D9DB4F6182DC4FB7D921
:10164000DD4FA3B1DE4FE1D3DF4FB9D9E04F628266
:10165000E14FC5D0E24F6382E34FB6D9E44F6482D5
:10166000E54F6582E64FB1D9E74F6682E84FB2D9C0
:10167000E94FA9C1EA4FB3D9EB4F6782EC4F6882BB
:10168000ED4FF3BCEE4FDED0EF4FA9B8F04F6982BB
:10169000F14FE3BEF24F6A82F34FBDD9F44F6B8234
:1016A000F54F6C82F64F6D82F74F6E82F84FBAD9C4
:1016B000F94F6F82FA4FB3B0FB4F7082FC4F7182CB
:1016C000FD4F7282FE4FC2D9FF4F73820050748269
:1016D00001507582025076820350778204507882DE
:1016E0000550798206507A8207507B8208507C82AE
:1016F00009507D820A507E820B5080820C50C4D9E2
:101700000D50B6B10E5081820F50BFD91050828259
:10171000115083821250B9B5135084821450F3BE15
:101720001550858216508682175087821850C8CC73
:101730001950F2BA1A50D0D21B5088821C50C3D90B
:101740001D5089821E508A821F50E8BD20508B8216
:101750002150ABB322508C8223508D8224508E8234
:101760002550C5D92650EBBE27508F822850C6D9A8
:101770002950BBD92A50DFC42B5090822C50BED99F
:101780002D50C1D92E50C0D92F5091823050928205
:1017900031509382325094823350958234509682E5
:1017A00035509782365098823750998238509A82B5
:1017B00039509B823A50AED53B509C823C50B5D6B6
:1017C0003D509D823E50E3C73F509E8240509F82D5
:1017D0004150A0824250A1824350C8D94450A282B5
:1017E0004550A3824650A4824750D9BC4850CAD91C
:1017F0004950A5824A50A6824B50A7824C50BCD972
:101800004D50A8824E50CBD94F50ABC65050A982F4
:101810005150AA825250AB825350AC825450AD8288
:101820005550C9D95650AE825750AF825850B082E9
:101830005950B1825A50F6D75B50B2825C50A3CD5A
:101840005D50B3825E50B4825F50B5826050B68204
:101850006150B7826250B8826350B9826450BA82D4
:101860006550A1BD6650BB826750BC826850BD8286
:101870006950BE826A50BF826B50C0826C50CCD916
:101880006D50C1826E50C2826F50C3827050C4824C
:101890007150C5827250C6827350C7827450C8821C
:1018A0007550C9827650BCC57750B5CD7850CA8284
:1018B0007950CB827A50CC827B50CDD97C50CD826E
:1018C0007D50CE827E50C7D97F50A5B38050FEBFD9
:1018D0008150CF828250D0828350D1828450D28274
:1018E0008550B5B88650D3828750D4828850FCC0CA
:1018F0008950D5828A50D6828B50D7828C50D8821C
:101900008D50F8B08E50D9828F50DA829050DB82A1
:101910009150DC829250DD829350DE829450DF82BF
:101920009550E0829650E1829750E2829850E3828F
:101930009950E4829A50E5829B50E6829C50E7825F
:101940009D50E8829E50E9829F50EA82A050EB822F
:10195000A150EC82A250ED82A350F6B4A450EE82C6
:10196000A550CED9A650EF82A750CFD9A850A2B487
:10197000A950D0D9AA50F082AB50F182AC50DFB45C
:10198000AD50F282AE50F382AF50F482B050F58287
:10199000B150F682B250C1B0B350F782B450F88261
:1019A000B550F982B650FA82B750FB82B850FC822B
:1019B000B950FD82BA50D1D9BB50B5C9BC50FE82D6
:1019C000BD504083BE504183BF504283C0504383CB
:1019D000C1504483C2504583C3504683C45047839B
:1019E000C5504883C6504983C7504A83C8504B836B
:1019F000C9504C83CA504D83CB504E83CC504F833B
:101A0000CD505083CE505183CF50F1CFD050528320
:101A1000D1505383D2505483D3505583D4505683DE
:101A2000D5505783D650D2D9D7505883D8505983E0
:101A3000D9505A83DA50C5C1DB505B83DC505C83DC
:101A4000DD505D83DE505E83DF505F83E050608356
:101A5000E1506183E2506283E3506383E450648326
:101A6000E5506583E650D6D9E750AEC9E8506683A5
:101A7000E9506783EA506883EB506983EC50D5D90D
:101A8000ED50D4D9EE50D7D9EF506A83F0506B8324
:101A9000F1506C83F2506D83F350DBCBF4506E83C6
:101AA000F550A9BDF6506F83F7507083F8507183DD
:101AB000F9507283FA507383FB50A7C6FC507483AD
:101AC000FD507583FE507683FF50778300517883F5
:101AD0000151798302517A8303517B8304517C83C2
:101AE00005517D830651D3D90751D8D908517E833A
:101AF000095180830A5181830B51D9D90C518283BA
:101B00000D5183830E5184830F5185831051868339
:101B1000115187831251E5C8135188831451898369
:101B200015518A8316518B8317518C8318518D83DD
:101B300019518E831A518F831B5190831C519183AD
:101B40001D5192831E5193831F519483205195837D
:101B50002151DCC0225196832351978324519883CD
:101B60002551998326519A8327519B8328519C8321
:101B700029519D832A519E832B519F832C51A083F1
:101B80002D51A1832E51A2832F51A3833051A483C1
:101B90003151A5833251A6833351A7833451A88391
:101BA0003551A9833651AA833751AB833851AC8361
:101BB0003951AD833A51AE833B51AF833C51B08331
:101BC0003D51B1833E51B2833F51F9B64051A3D844
:101BD0004151CAD44251B3834351AAD44451D6D0BF
:101BE0004551E4B34651D7D54751B4834851C8CF86
:101BF0004951E2B94A51B5834B51CBBF4C51B683E1
:101C00004D51E2C34E51B7834F51B8835051B98300
:101C10005151D2B65251BA835351BB835451C3CDA3
:101C20005551EED95651F0D95751BC835851BD8307
:101C30005951BE835A51B3B55B51BF835C51B5B6A0
:101C40005D51C0835E51C1835F51C2836051C383C4
:101C50006151C4836251A4BE6351C5836451C6837C
:101C60006551EBC86651C7836751C8836851ABC8DB
:101C70006951C9836A51CA836B51CBB06C51ABB9FE
:101C80006D51F9C16E51E2D96F51CB837051BCC017
:101C90007151B2B97251CC837351D8B97451CBD050
:101CA0007551F8B17651E4C67751DFBE7851E4B58D
:101CB0007951C8D77A51CD837B51F8D17C51E6BC9C
:101CC0007D51DECA7E51CE837F51CF838051BDBC12
:101CD0008151E6D98251E7D88351D0838451D18391
:101CE0008551DAC48651D2838751D3838851D4B8C1
:101CF0008951BDC88A51D4838B51D5838C51E1B2AF
:101D00008D51D9D48E51D6838F51D7839051D8839A
:101D10009151D9839251B0C39351DA839451DB83AB
:101D20009551E1C39651A2DA9751DFC89851DC83EF
:101D30009951B4D09A51DD839B51FCBE9C51A9C5E9
:101D40009D51DE839E51DF839F51E083A051DAB91C
:101D5000A151E183A251A3DAA351E283A451A9D4F2
:101D6000A551A4DAA651E383A751E483A851E583E2
:101D7000A951E683AA51E783AB51FBD9AC51ACB66C
:101D8000AD51E883AE51E983AF51EBB7B051F9B132
:101D9000B151FCD9B251E5B3B351F6BEB451EA83A7
:101DA000B551F6BFB651B1D2B751E4C0B851EB83CB
:101DB000B951EC83BA51ED83BB51B3B6BC51FED9D6
:101DC000BD51FDD9BE51EE83BF51EF83C051BBBEA3
:101DD000C151F083C251F183C351F283C451E0C6B3
:101DE000C551F383C651BCD7C751A1DAC851F4839A
:101DF000C951B9C1CA51F583CB51F2B5CC51E8C133
:101E0000CD51F683CE51F783CF51F5BCD051F88335
:101E1000D151D5B4D251F983D351FA83D451FB8334
:101E2000D551FC83D651FD83D751FE83D8514084D0
:101E3000D9514184DA514284DB51DDC1DC51438404
:101E4000DD51FDC4DE514484DF514584E051B8BC0E
:101E5000E151B2B7E2514684E3514784E451EFB710
:101E6000E5514884E6514984E7514A84E8514B845E
:101E7000E9514C84EA514D84EB51ECD9EC514E843C
:101E8000ED51BEC6EE514F84EF51ADBFF051CBBB0B
:101E9000F1515084F2515184F351CAB5F451528436
:101EA000F551C9DBF651D7D0F7515384F851B9CD6C
:101EB000F951BCB0FA51F6B3FB51F7BBFC51CADB88
:101EC000FD51AFBAFE515484FF51E4D40052B6B56F
:101ED0000152F3B50252D6D80352D0C804525584E9
:101EE000055256840652D6B70752D0C70852D7D8E3
:101EF000095257840A52AFBF0B5258840C5259846E
:101F00000D52BBDB0E52D8D80F525A8410525B844C
:101F10001152CCD01252AEBB13525C8414525D8469
:101F200015525E841652BEEB1752D0C11852F5C13D
:101F30001952F2D41A52D5B81B52B4B41C525F8451
:101F40001D52F5B31E5260841F5261842052BEC9D7
:101F50002152628422526384235264842452D0C565
:101F60002552658426526684275267842852D9C533
:101F70002952FBC02A5268842B52F0B12C5269843A
:101F80002D52D9D82E52CEB92F526A843052BDB5B7
:101F900031526B8432526C843352DAD834526D84AD
:101FA00035526E843652C6D63752A2CB3852AFC89D
:101FB0003952B2C93A52CCB43B52CCBF3C526F8476
:101FC0003D52F4B93E5270843F52DBD84052DCD8C7
:101FD0004152E7B64252C1BC4352EACC44527184EA
:101FE00045527284465273844752748448527584B1
:101FF000495276844A52F7CF4B5277844C52DDD8FF
:102000004D52B0C74E5278844F5279845052D0B955
:102010005152A3BD52527A8453527B845452DECC27
:1020200055527C845652CAC657527D8458527E847B
:10203000595280845A5281845B5282845C52E0D827
:102040005D5283845E52DED85F5284846052858400
:102050006152DFD8625286846352878464528884D6
:102060006552FEB0665289846752E7BE68528A8420
:102070006952A3CA6A52F4BC6B528B846C528C8432
:102080006D528D846E528E846F52B1B870528F84AF
:10209000715290847252EEB8735291847452928449
:1020A00075529384765294847752958478529684AC
:1020B000795297847A5298847B5299847C529A847C
:1020C0007D52E2D87E529B847F52CBBD80529C844D
:1020D0008152E4D88252E3D883529D8484529E84F4
:1020E00085529F848652A0848752A1848852FCC561
:1020F0008952A2848A52A3848B52A4848C52A584D0
:102100008D52A6848E52A7848F52A8849052E5D80F
:102110009152A9849252AA849352E6D89452AB84E5
:102120009552AC849652AD849752AE849852AF8447
:102130009952B0849A52B1849B52A6C19C52B284E7
:102140009D52B0C89E52ECB09F52A6B9A052D3BCCB
:10215000A152F1CEA252BDDBA352D3C1A452B3848B
:10216000A552B484A652B584A752B684A852AFB67D
:10217000A952FAD6AA52ACC5AB52D9BDAC52BEDBFD
:10218000AD52BFDBAE52B784AF52B884B052B984FF
:10219000B152F8C0B252A2BEB352CDC0B452BA844A
:1021A000B552BB84B652BC84B752BD84B852BE840B
:1021B000B952BF84BA52C084BB52C184BC52C284DB
:1021C000BD52C384BE52C0DBBF52C6CAC052C48413
:1021D000C152C584C252C684C352AAB2C452C78473
:1021E000C552C884C652C984C752C2D3C852CA8411
:1021F000C952E3C3CA52CB84CB52ABD1CC52CC84AC
:10220000CD52CD84CE52CE84CF52CF84D052C2DBB9
:10221000D152D084D252D5C0D352D184D452D28498
:10222000D552D384D652C3DBD752D484D852B1BF4F
:10223000D952D584DA52D684DB52D784DC52D88482
:10224000DD52D984DE52DA84DF52BCC4E052DB8432
:10225000E152DC84E252DD84E352DE84E452DAC7E8
:10226000E552DF84E652E084E752E184E852E284FA
:10227000E952E384EA52E484EB52E584EC52E684CA
:10228000ED52E784EE52E884EF52E984F052C4DB69
:10229000F152EA84F252EB84F352EC84F452ED846E
:1022A000F552EE84F652EF84F752F084F852F1843E
:1022B000F952E8D9FA52D7C9FB52F284FC52F3849E
:1022C000FD52F484FE52B4B9FF52F0CE0053C8D48C
:1022D0000153F5840253F6840353F7840453F884BE
:1022E0000553FCB00653D2B40753F9840853D9D030
:1022F0000953FA840A53FB840B53FC840C53FD846A
:102300000D53E9D90E53FE840F53CBDE1053EBD996
:10231000115340851253418513534285145343850D
:102320001553B0D81653AFBB1753B1B118534485EA
:102330001953D7B31A53CED81B5345851C53468522
:102340001D53D1D41E5347851F5348852053B3BD19
:102350002153EFBF225349852353BBCF24534A85D2
:1023600025534B852653D0D827534C8528534D856C
:1023700029534E852A53CBB72B534F852C53508569
:102380002D5351852E53D1D82F5352853053538519
:1023900031535485325355853353568534535785BD
:1023A000355358853653598537535A8538535B858D
:1023B0003953A5C63A53F8C73B53BDD23C535C854D
:1023C0003D535D853E53D2D83F53E4C440535E85B0
:1023D0004153AECA42535F854353A7C744536085F8
:1023E0004553A6D8465361854753FDC94853E7CEA8
:1023F0004953DCBB4A53EBB04B5362854C53638566
:102400004D5364854E53AABB4F53ADD05053658591
:102410005153B0B15253E4D75353BFD75453668589
:102420005553A5B55653F4C25753CFC45853678577
:10243000595368855A53A9B25B5369855C53B7B247
:102440005D536A855E53E5B15F53B2DF6053BCD51F
:102450006153A8BF6253ACC26353D5D86453B1C2B1
:1024600065536B856653D4D86753D4CE68536C8557
:102470006953E0DA6A536D856B53C0CE6C536E8539
:102480006D536F856E53B4D86F53AEC37053A1D3E1
:102490007153A3CE725370857353B4BC7453B4C8D4
:1024A0007553D1C2765371857753EDBE7853B6D04C
:1024B000795372857A53E1DA7B5373857C53748543
:1024C0007D5375857E5376857F53E4C7805377852A
:1024D000815378858253A7B3835379858453F2B6A9
:1024E0008553FCCC8653FAC087537A8588537B8505
:1024F0008953F7C08A537C858B53B9D18C53E1D172
:102500008D53C7D88E537D858F537E85905380859C
:102510009153818592538285935383859453848507
:102520009553DEB296538585975386859853E5C0BB
:10253000995387859A53F1BA9B5388859C53898513
:102540009D53C8D89E538A859F53ADD4A0538B8585
:10255000A1538C85A253E1CFA353C9D8A4538D8531
:10256000A553CAD8A653C3CFA7538E85A853F8B393
:10257000A953C7BEAA538F85AB539085AC539185A1
:10258000AD539285AE53CBD8AF539385B05394855A
:10259000B1539585B2539685B3539785B4539885B7
:1025A000B5539985B653CCDBB7539A85B8539B8501
:1025B000B9539C85BA539D85BB53A5C8BC539E8512
:1025C000BD539F85BE53A085BF53D8CFC053A185AF
:1025D000C153FEC8C253CEB2C353A285C453A38510
:1025E000C553A485C653A585C753A685C853D6D35E
:1025F000C953E6B2CA53B0BCCB53D1D3CC53ABCB47
:10260000CD53B4B7CE53A785CF53A885D053A98552
:10261000D153A2B7D253AA85D353AB85D453E5CABD
:10262000D553AC85D653A1C8D753DCCAD853E4B12F
:10263000D953F0D0DA53AD85DB53D1C5DC53AE8529
:10264000DD53AF85DE53B085DF53C5DBE053FEB508
:10265000E153B185E253B285E353DABFE453C5B920
:10266000E553E4BEE653EDC1E753B385E853B6DF67
:10267000E953B5DFEA53BBD6EB53D0BDEC53D9D504
:10268000ED53C8B0EE53A3B6EF53C9BFF053A8CC77
:10269000F153B3DFF253B7CAF353D2D3F453B48533
:1026A000F553CFD8F653B6D2F753C5BAF853BECBCD
:1026B000F953BECCFA53B585FB53B7DFFC53F0B5E5
:1026C000FD53B4DFFE53B685FF53B7850054B8857C
:1026D0000154F5D30254B9850354D4B30454F7B864
:1026E0000554BA850654BADF0754BB850854CFBADF
:1026F0000954AABC0A54F5B50B54BC850C54ACCD96
:102700000D54FBC30E54F3BA0F54F4C01054C2CD91
:102710001154F2CF1254B8DF1354C5CF1454BD85F1
:102720001554C0C21654B9DF1754F0C21854BE85F0
:102730001954BF851A54C0851B54FDBE1C54C18555
:102740001D54DFC11E54CCCD1F54F7D22054CDB739
:102750002154C1DF2254C2852354C4DF2454C385CD
:102760002554C4852654F1B72754C9B02854D6B689
:102770002954D4B72A54C5852B54ACBA2C54FDCC5B
:102780002D54D4BF2E54B1CB2F54F4C63054C6852B
:102790003154A8D63254C5DF3354C7853454E2CE01
:1027A0003554B3B33654C8853754C9853854FCCE34
:1027B0003954B5B43A54CA853B54C7CE3C54F0BAE8
:1027C0003D54CB853E54E1CE3F54CC854054BDD1E1
:1027D0004154CD854254CE854354C0DF4454CF8507
:1027E0004554D0854654F4B44754D1854854CAB3AF
:1027F0004954D2854A54E6B84B54BBDF4C54D38578
:102800004D54D4854E54D5854F54D6855054C5C4A7
:102810005154D7855254BCDF5354BDDF5454BEDFEE
:102820005554BBC55654BFDF5754C2DF5854B1D4BA
:102830005954C3DF5A54D8855B54BAC75C54D8CEB8
:102840005D54D9855E54DA855F54DB856054DC8540
:102850006154DD856254D8C46354DE856454CADF94
:102860006554DF856654CFDF6754E0856854DCD655
:102870006954E1856A54E2856B54E3856C54E485C0
:102880006D54E5856E54E6856F54E7857054E88590
:102890007154C9DF7254DADF7354B6CE7454E985CB
:1028A0007554C7BA7654CEDF7754C8DF7854DEC586
:1028B0007954EA857A54EB857B54EBC97C54F4BA9D
:1028C0007D54FCC37E54EC857F54ED858054D7BE87
:1028D0008154EE858254C6DF8354EF858454CDDF66
:1028E0008554F0858654D8C58754F1858854F2857F
:1028F0008954F3858A54F4858B54A6D58C54CDBA6B
:102900008D54F5858E54CCBE8F54BDD39054C0B831
:102910009154F6859254E4D69354F7859454C7DFC6
:102920009554BEB99654A7BF9754F8859854F98525
:102930009954FCC19A54CBDF9B54CCDF9C54FA854C
:102940009D54D0DF9E54FB859F54FC85A054FD858B
:10295000A154FE85A2544086A354DBDFA454E5DFD6
:10296000A5544186A654D7DFA754D6DFA854C9D7AB
:10297000A954E3DFAA54E4DFAB54EBE5AC54A7D28F
:10298000AD54D2DFAE544286AF54A9BFB054438693
:10299000B154DBD4B2544486B354C8BFB454D4DF6A
:1029A000B5544586B6544686B7544786B854CCCFFE
:1029B000B9544886BA544986BB54DDDFBC544A86B4
:1029C000BD54CAD1BE544B86BF54DEDFC054A7B03D
:1029D000C154B7C6C254D3DFC3544C86C454E5BAFD
:1029E000C5544D86C654DFB6C754DBCDC854FEB9B6
:1029F000C954D5D4CA544E86CB544F86CC54DFDF4D
:102A0000CD54ECCFCE54A5B0CF54E7DFD054D1DFB6
:102A1000D154C6D1D254D5DFD354D8DFD454D9DF62
:102A2000D554DCDFD6545086D754A9BBD854518630
:102A3000D954E0DFDA54E1DFDB545286DC54E2DFC4
:102A4000DD54E6DFDE54E8DFDF54B4D3E0545386D0
:102A5000E1545486E2545586E3545686E45457862E
:102A6000E554E7B8E654B6C5E754EADFE854DAC9F6
:102A7000E954A8C1EA54C4C4EB545886EC545986AE
:102A8000ED54DEBFEE54F8CFEF545A86F0545B8617
:102A9000F1545C86F254DCD5F354EEDFF4545D86D9
:102AA000F5545E86F6545F86F7546086F854618666
:102AB000F9546286FA54B8B2FB546386FC54DFBA08
:102AC000FD54ECDFFE546486FF54C1DB005565867F
:102AD0000155E4D10255668603556786045568861C
:102AE000055569860655F4CB0755BDB408556A8669
:102AF0000955A6B00A556B860B556C860C556D862C
:102B00000D556E860E556F860F55F1DF1055C6CCEC
:102B10001155F2DF12557086135571861455EDDF8D
:102B20001555728616557386175574861855758611
:102B3000195576861A5577861B55E9DF1C55788618
:102B40001D5579861E557A861F557B862055EBDFED
:102B500021557C862255EFDF2355F0DF2455BDBB80
:102B600025557D8626557E862755F3DF2855808698
:102B7000295581862A55F4DF2B5582862C55A3BB17
:102B80002D5583862E55DBCA2F55A8CE3055A7E08C
:102B90003155AAB3325584863355A6E0345585861F
:102BA00035558686365587863755A1E0385588864F
:102BB000395589863A558A863B558B863C55FEDFCA
:102BC0003D558C863E55D9CD3F55FCDF40558D8611
:102BD0004155FADF42558E864355D0BF4455C4D780
:102BE00045558F864655CCC94755908648559186A0
:102BF0004955F8DF4A55A1B04B5592864C559386FE
:102C00004D5594864E5595864F5596865055FDDF09
:102C100051559786525598865355998654559A869C
:102C20005555FBDF5655A2E057559B8658559C8657
:102C300059559D865A559E865B559F865C55A8E0E2
:102C40005D55A0865E55A1865F55A2866055A38618
:102C50006155C8B76255A4866355A5866455A1C65B
:102C60006555B6C96655B2C06755F5DF6855A68685
:102C70006955A7866A55BEC56B55A8866C55C4D8DC
:102C80006D55F9DF6E55F6C46F55A9867055AA8645
:102C90007155AB867255AC867355AD867455AE864C
:102CA0007555A3E07655A4E07755A5E07855A5D0F5
:102CB0007955AF867A55B0867B55B4E07C55E4CC27
:102CC0007D55B1867E55B1E07F55B2868055A6BF51
:102CD0008155AFE08255B9CE8355ABE08455C6C966
:102CE0008555B3868655B4868755AEC08855AEE007
:102CF0008955EDBA8A55B0BA8B55A9E08C55B58681
:102D00008D55B6868E55B7868F55F6DF9055B886A9
:102D10009155B3E09255B9869355BA869455B8E06B
:102D20009555BB869655BC869755BD869855ADB4CE
:102D30009955B9E09A55BE869B55BF869C55B2CF32
:102D40009D55C8BA9E55C0869F55B0E0A055C18616
:102D5000A155C286A255C386A355C486A455C5866F
:102D6000A555C686A655C786A755FAD0A855C886C4
:102D7000A955C986AA55CA86AB55CB86AC55CC8613
:102D8000AD55CD86AE55CE86AF55CF86B055D086E3
:102D9000B155ACE0B255D186B355FBD4B455D2860B
:102DA000B555F7DFB655D386B755E7C5B855D486C0
:102DB000B955ADE0BA55D586BB55F7D3BC55D686C7
:102DC000BD55B6E0BE55B7E0BF55D786C055D886CD
:102DD000C155D986C255DA86C355DB86C455C4E0D1
:102DE000C555E1D0C655DC86C755DD86C855DE869B
:102DF000C955BCE0CA55DF86CB55E086CC55C9E045
:102E0000CD55CAE0CE55E186CF55E286D055E38652
:102E1000D155BEE0D255AAE0D355A4C9D455C1E0DE
:102E2000D555E486D655B2E0D755E586D855E68621
:102E3000D955E786DA55E886DB55E986DC55C8CAF8
:102E4000DD55C3E0DE55EA86DF55B5E0E055EB869B
:102E5000E155CBCEE255EC86E355C3CBE455CDE04E
:102E6000E555C6E0E655C2E0E755ED86E855CBE00E
:102E7000E955EE86EA55BAE0EB55BFE0EC55C0E007
:102E8000ED55EF86EE55F086EF55C5E0F055F1862D
:102E9000F155F286F255C7E0F355C8E0F455F386D4
:102EA000F555CCE0F655F486F755BBE0F855F586B8
:102EB000F955F686FA55F786FB55F886FC55F986DE
:102EC000FD55D4CBFE55D5E0FF55FA860056D6E029
:102ED0000156D2E00256FB860356FC860456FD8658
:102EE0000556FE8606564087075641870856D0E0AD
:102EF0000956CEBC0A5642870B5643870C56D1E082
:102F00000D5644870E56C2B80F56C5D81056458781
:102F100011564687125647871356488714564987D5
:102F200015564A8716564B8717564C871856EAD0BF
:102F300019564D871A564E871B56EFC21C564F879F
:102F40001D5650871E56CFE01F56BDE020565187B4
:102F500021565287225653872356D4E02456D3E075
:102F600025565487265655872756D7E02856568724
:102F7000295657872A5658872B5659872C56DCE0F6
:102F80002D56D8E02E565A872F565B8730565C87D1
:102F90003156F6D63256B0B333565D873456ECD739
:102FA00035565E873656BBCB37565F8738566087B7
:102FB0003956DAE03A5661873B56FBCE3C5662877B
:102FC0003D5663873E5664873F56D9BA405665875B
:102FD00041566687425667874356688744566987D5
:102FE00045566A8746566B8747566C8748566D87A5
:102FF00049566E874A566F874B5670874C56E1E0AC
:103000004D56DDE04E56ADD24F5671875056728701
:103010005156738752567487535675875456E2E05B
:1030200055567687565677875756DBE05856D9E07F
:103030005956DFE05A5678875B5679875C56E0E050
:103040005D567A875E567B875F567C8760567D87A4
:1030500061567E876256DEE0635680876456E4E000
:103060006556818766568287675683876856F7C696
:103070006956ACD86A56EBD46B56E6E06C56C9CAB2
:103080006D5684876E5685876F56868770568787FC
:103090007156E5E0725688877356898774568A8719
:1030A00075568B877656C1B877568C8778568D873C
:1030B00079568E877A568F877B56E7E07C56E8E014
:1030C0007D5690877E5691877F569287805693874C
:1030D000815694878256958783569687845697871C
:1030E0008556E9E08656E3E08756988788569987A3
:1030F00089569A878A569B878B569C878C569D87C4
:103100008D569E878E56BFBA8F56E7CC90569F87B6
:103110009156A0879256A1879356EAE09456A287CB
:103120009556A3879656A4879756A5879856A6873F
:103130009956A7879A56A8879B56A9879C56AA870F
:103140009D56AB879E56AC879F56AD87A056AE87DF
:10315000A156AF87A256B087A356F9CFA456B18720
:10316000A556B287A656B387A756B487A856B58783
:10317000A956B687AA56B787AB56B887AC56B98753
:10318000AD56BA87AE56BB87AF56EBE0B056BC879C
:10319000B156BD87B256BE87B356BF87B456C087F7
:1031A000B556C187B656C287B756C2C8B856C38788
:1031B000B956C487BA56C587BB56C687BC56C0BD6C
:1031C000BD56C787BE56C887BF56C987C056CA876F
:1031D000C156CB87C256CC87C356CD87C456CE873F
:1031E000C556CF87C656D087C756D187C856D2870F
:1031F000C956D387CA56D2C4CB56D487CC56D587A6
:10320000CD56D687CE56D787CF56D887D056D987B2
:10321000D156DA87D256DB87D356DC87D456ECE01A
:10322000D556DD87D656DE87D756EDE0D856DF87F0
:10323000D956E087DA56F4C7DB56C4CBDC56E187B3
:10324000DD56EEE0DE56D8BBDF56B6D8E056F2D2F9
:10325000E156EFE0E256C5CDE356E287E456DAB632
:10326000E556E387E656E487E756E587E856E687BE
:10327000E956E787EA56E887EB56F1E0EC56E9872E
:10328000ED56B0D4EE56EA87EF56EB87F056A7C05E
:10329000F156D1B4F256EC87F356ED87F456A7CE2B
:1032A000F556F0E0F656EE87F756EF87F856F087BA
:1032B000F956F2E0FA56CCB9FB56F187FC56F28784
:1032C000FD56FAB9FE56BCCDFF56F3E00057F38722
:1032D0000157F4870257F5870357D4C60457F4E023
:1032E0000557F6870657B2D40757F7870857A6C879
:1032F0000957F6E00A57F5E00B57F8870C57F9879E
:103300000D57FA870E57FB870F57FC871057FD871D
:103310001157FE8712574088135741881457428827
:1033200015574388165744881757458818574688B5
:10333000195747881A5748881B5749881C57F7E080
:103340001D574A881E574B881F57C1CD20574C88A0
:1033500021574D8822574E882357A5CA24574F8896
:103360002557508826575188275752882857DAD42E
:103370002957D7DB2A57D9DB2B5753882C57D8DB53
:103380002D57E7B92E57DCDB2F57DDDB3057D8B58B
:1033900031575488325755883357DADB34575688BB
:1033A00035575788365758883757598838575A8865
:1033B0003957DBDB3A57A1B33B57DFDB3C575B8820
:1033C0003D575C883E57F8BB3F575D884057B7D69E
:1033D00041575E884257E0DB43575F884457608817
:1033E00045576188465762884757F9BE48576388F2
:1033F000495764884A57BBB74B5765884C57D0DB51
:103400004D57AECC4E57B2BF4F57B5BB5057F8D7FC
:103410005157D3BF525766885357678854576888A7
:103420005557698856576A885757E9BF58576B8868
:1034300059576C885A57E1BC5B57B3CC5C57DEDBFD
:103440005D57D3B05E57EBCE5F57D8B76057B9D74B
:103450006157C2C662576D8863576E886457A4C0AF
:1034600065576F886657B9CC675770886857E7DB30
:103470006957E1DB6A57BAC66B57E3DB6C57718853
:103480006D57E8DB6E5772886F57F7C570577388B2
:1034900071577488725775887357EADB745776884A
:1034A000755777887657E9DB7757C0BF78577888A4
:1034B000795779887A577A887B57E6DB7C57E5DB42
:1034C0007D577B887E577C887F577D8880577E8894
:1034D000815780888257B9B48357ACC08457A2C241
:1034E0008557E2DB8657E4DB8757818888578288D7
:1034F000895783888A5784888B57CDD08C57EDDBCA
:103500008D5785888E5786888F57878890578888EB
:10351000915789889257DDC09357F2DB94578A8878
:1035200095578B8896578C8897578D8898578E8893
:1035300099578F889A5790889B57E2B69C579188E5
:103540009D5792889E5793889F579488A057F3DB86
:10355000A157D2DBA257B8B9A357ABD4A457ECDB21
:10356000A5579588A657D1BFA757F0DBA8579688CF
:10357000A957D1DBAA579788AB57E6B5AC579888BF
:10358000AD57EBDBAE57E5BFAF579988B0579A8878
:10359000B1579B88B257EEDBB3579C88B457F1DB29
:1035A000B5579D88B6579E88B7579F88B857F9DB9F
:1035B000B957A088BA57A188BB57A288BC57A3881F
:1035C000BD57A488BE57A588BF57A688C057A788EF
:1035D000C157A888C257A1B9C357A3B0C457A98877
:1035E000C557AA88C657AB88C757AC88C857AD8897
:1035F000C957AE88CA57AF88CB57F1C2CC57B088ED
:10360000CD57B188CE57C7B3CF57EFDBD057B2886D
:10361000D157B388D257F8DBD357B488D457D2C622
:10362000D557F4DBD657B588D757B688D857F5DBCA
:10363000D957F7DBDA57F6DBDB57B788DC57B888A2
:10364000DD57FEDBDE57B988DF57F2D3E057BAB259
:10365000E157BA88E257BB88E357BC88E457FDDBE3
:10366000E557BD88E657BE88E757BF88E857C0884A
:10367000E957C188EA57C288EB57C388EC57C4881A
:10368000ED57A4DCEE57C588EF57FBDBF057C68833
:10369000F157C788F257C888F357C988F457FADB3F
:1036A000F557CA88F657CB88F757CC88F857FCDB14
:1036B000F957E0C5FA57F9BBFB57CD88FC57CE88C0
:1036C000FD57A3DCFE57CF88FF57D0880058A5DCF4
:1036D0000158D1880258C3CC0358D2880458D388E3
:1036E0000558D4880658D1B60758C0DD0858D58883
:1036F0000958D6880A58D7880B58A1DC0C58D888A6
:103700000D58A2DC0E58D9880F58DA881058DB887B
:103710001158B5C71258DC881358DD881458DE8854
:103720001558E9B61658DF881758E0881858E18808
:103730001958A7DC1A58E2881B58E3881C58E488FB
:103740001D58E5881E58A6DC1F58E6882058A9DCBD
:103750002158A4B12258E7882358E8882458CCB5CA
:103760002558E9882658EA882758EB882858EC8895
:103770002958ED882A58B0BF2B58EE882C58EF886E
:103780002D58F0882E58F1882F58F2883058DFD104
:103790003158F3883258F4883358F5883458F6880D
:1037A0003558C2B63658F7883758F8883858F988E7
:1037B0003958FA883A58FB883B58FC883C58FD88B1
:1037C0003D58FE883E5840893F58418940584289BB
:1037D0004158438942584489435845894458A8DC94
:1037E000455846894658478947584889485849891D
:1037F00049584A894A584B894B584C894C58FACBFE
:103800004D58F3EB4E584D894F584E8950584F89BB
:103810005158DCCB52585089535851895458FECBDB
:103820005558528956585389575854895858C1CCBD
:10383000595855895A5856895B5857895C58588940
:103840005D5859895E58FBC85F585A8960585B8932
:1038500061585C8962585D8963585E8964585F89E4
:103860006558AADC6658608967586189685862891A
:10387000695863896A5864896B58EECC6C58ABDC24
:103880006D5865896E5866896F5867897058688960
:103890007158698972586A8973586B8974586C8930
:1038A00075586D8976586E8977586F897858708900
:1038B000795871897A5872897B5873897C587489D0
:1038C0007D5875897E58D3DB7F5876898058AFDC68
:1038D0008158ACDC825877898358B3BE8458788984
:1038E0008558FBCA8658798987587A8988587B8990
:1038F0008958ADDC8A587C898B587D898C587E89A3
:103900008D5880898E5881898F58828990588389F3
:10391000915884899258CAC99358B9C494588589D2
:10392000955886899658878997588889985889899B
:103930009958BDC79A58AEDC9B588A899C588B8988
:103940009D588C899E58F6D49F58E6D0A0588D89F2
:10395000A1588E89A2588F89A3589089A45891891B
:10396000A5589289A6589389A7589489A858ABC49A
:10397000A958D5B6AA589589AB589689AC58978955
:10398000AD589889AE589989AF589A89B0589B8993
:10399000B1589C89B2589D89B3589E89B4589F8963
:1039A000B558A089B658A189B758A289B858A38933
:1039B000B958A489BA58A589BB58A689BC58D4DB84
:1039C000BD58A789BE58A889BF58A989C058AA89D7
:1039D000C158DAB1C258AB89C358AC89C458AD8953
:1039E000C558D5DBC658AE89C758AF89C858B08905
:1039F000C958B189CA58B289CB58B389CC58B4894F
:103A0000CD58B589CE58B689CF58B789D058B8891E
:103A1000D158D6DBD258B989D358BA89D458BB8982
:103A2000D558BEBAD658BC89D758BD89D858BE8992
:103A3000D958BF89DA58C089DB58C189DC58C28996
:103A4000DD58C389DE58C489DF58C589E058C68966
:103A5000E158C789E258C889E358C989E458C0C801
:103A6000E558CA89E658CB89E758CC89E858CD890A
:103A7000E958CE89EA58CF89EB58BFCAEC58C9C873
:103A8000ED58D089EE58B3D7EF58D189F058F9C91D
:103A9000F158D289F258D389F358C7BFF458D48962
:103AA000F558D589F658F8BAF758D689F858D7890D
:103AB000F958BCD2FA58D889FB58D989FC58DA8908
:103AC000FD58DB89FE58DC89FF58DD890059DE8905
:103AD0000159DF890259BAE20359E0890459A6B4B1
:103AE0000559E1890659E2890759B8B10859E389AE
:103AF0000959E4890A59E5890B59E6890C59E7897E
:103B00000D59B4B80E59E8890F59C4CF1059E98935
:103B10001159EA891259EB891359EC891459E7D9DB
:103B20001559A6CF1659E2CD1759ED891859EE89C6
:103B30001959EDD91A59E0B61B59EF891C59B9D258
:103B40001D59F0891E59F1891F59BBB92059F289B5
:103B50002159F3892259F4892359F5892459B9E265
:103B60002559B7E22659F6892759F3B42859F78918
:103B70002959ECCC2A59ABCC2B59F2B72C59F889DE
:103B80002D59B2D82E59EBD12F59BBBA3059F989DA
:103B90003159A7CA3259FA893359FB893459B7CDFB
:103BA0003559FC893659FD893759C4D23859E4BF93
:103BB0003959D0BC3A59E1B63B59FE893C59C5DE6A
:103BC0003D59408A3E59418A3F59428A4059438A69
:103BD0004159C6DE4259BCDB4359448A4459D9D1C4
:103BE0004559458A4659468A4759E6C64859CEC47A
:103BF0004959EEB74A59478A4B59DCB74C59488A5C
:103C00004D59498A4E59FCBF4F59E0D750594A8AFD
:103C10005159F5C652594B8A53594C8A5459BCB123
:103C20005559C8DE5659B1BD5759D7CC5859CADE77
:103C300059594D8A5A59C9DE5B594E8A5C594F8A87
:103C40005D59508A5E59518A5F59528A6059ECB564
:103C50006159538A6259DDC96359548A6459558A36
:103C60006559C2B06659568A6759578A6859588A41
:103C70006959598A6A595A8A6B595B8A6C595C8AA4
:103C80006D595D8A6E595E8A6F595F8A7059608A74
:103C90007159618A7259628A7359AEC57459ABC53C
:103CA0007559638A7659CCC47759648A7859E9BCC6
:103CB0007959FDCB7A59658A7B59668A7C59678A1E
:103CC0007D59C3BA7E59688A7F59698A80596A8A40
:103CD0008159F9E58259E7C88359FAE58459FDCD40
:103CE00085596B8A8659B1D78759BEB88859E8C2B9
:103CF00089596C8A8A59D1C88B596D8A8C596E8AB8
:103D00008D59FBE58E596F8A8F59708A9059718A47
:103D10009159728A9259CAB69359CBBC9459738AF5
:103D20009559748A9659FDD19759A1E69859758A83
:103D30009959EEC39A59768A9B59778A9C59788A01
:103D40009D59798A9E59A4E69F597A8AA0597B8AFF
:103D5000A1597C8AA2597D8AA359FEE5A459A5E6FA
:103D6000A559D7CDA6597E8AA759808AA859C1B727
:103D7000A959FCE5AA59FDE5AB59A3E6AC59818ADE
:103D8000AD59828AAE59DDC4AF59A8E6B059838ACD
:103D9000B159848AB259A7E6B359858AB459868A3B
:103DA000B559878AB659888AB759898AB8598A8A8B
:103DB000B959C3C3BA598B8ABB59DEC6BC598C8A60
:103DC000BD598D8ABE59AAE6BF598E8AC0598F8ABD
:103DD000C159908AC259918AC359928AC459938A07
:103DE000C559948AC659B7C4C759958AC859968A7D
:103DF000C959978ACA59A2E6CB59BCCACC59988AE4
:103E0000CD59998ACE599A8ACF599B8AD059E3BD08
:103E1000D159C3B9D259A6E6D359D5D0D459AFCECA
:103E2000D5599C8AD6599D8AD759A9E6D859B0E662
:103E3000D9599E8ADA59A6D2DB599F8ADC59AABD84
:103E4000DD59ADE6DE59A08ADF59A18AE059A28A80
:103E5000E159A38AE259A48AE359AFE6E459A58A55
:103E6000E559D1C0E659A68AE759A78AE859CCD2C4
:103E7000E959A88AEA59A98AEB59AA8AEC59A7BC38
:103E8000ED59AB8AEE59AC8AEF59AD8AF059AE8A3A
:103E9000F159AF8AF259B08AF359B18AF459B28A0A
:103EA000F559B38AF659B48AF759B58AF859B68ADA
:103EB000F959B1E6FA59B78AFB59F6D2FC59B88AD2
:103EC000FD59B98AFE59BA8AFF59CBD7005ABB8A25
:103ED000015AFECD025ABC8A035ADECD045AA6C24C
:103EE000055AABE6065AACE6075ABFBD085AAEE61D
:103EF000095AB3E60A5ABD8A0B5ABE8A0C5AB2E670
:103F00000D5ABF8A0E5AC08A0F5AC18A105AC28AE5
:103F1000115AB6E6125AC38A135AB8E6145AC48A1A
:103F2000155AC58A165AC68A175AC78A185AEFC42C
:103F3000195AC88A1A5AC98A1B5ACA8A1C5AC8C42A
:103F40001D5ACB8A1E5ACC8A1F5AEABE205AEFC984
:103F5000215ACD8A225ACE8A235AB7E6245ACF8ACA
:103F6000255AF0B6265AD08A275AD18A285AD28A98
:103F7000295AE4C32A5AD38A2B5AD48A2C5AD58A6E
:103F80002D5AD68A2E5AD78A2F5AD88A305AD98A89
:103F9000315AE9D3325AB4E6335ADA8A345AB5E69A
:103FA000355ADB8A365AA2C8375ADC8A385ADD8A33
:103FB000395ADE8A3A5ADF8A3B5AE08A3C5ABDE6D1
:103FC0003D5AE18A3E5AE28A3F5AE38A405AB9E6AC
:103FD000415AE48A425AE58A435AE68A445AE78AB1
:103FE000455AE88A465AC5C6475AE98A485AEA8A6B
:103FF000495AF1CD4A5ABBE64B5AEB8A4C5AEC8AE5
:104000004D5AED8A4E5AEE8A4F5AEF8A505AF08A2C
:10401000515AF18A525AF28A535AF38A545AF48AFC
:10402000555ABCE6565AF58A575AF68A585AF78AAC
:10403000595AF88A5A5AE9BB5B5AF98A5C5AFA8A81
:104040005D5AFB8A5E5AFC8A5F5AFD8A605AFE8A74
:10405000615A408B625ABEE6635A418B645A428B66
:10406000655A438B665A448B675ABAE6685A458B41
:10407000695A468B6A5AB7C06B5A478B6C5A488B41
:104080006D5A498B6E5A4A8B6F5A4B8B705A4C8BB8
:10409000715A4D8B725A4E8B735A4F8B745AA4D3EC
:1040A000755ABFE6765AF4C9775AC3E6785A508BE8
:1040B000795A518B7A5AC4E67B5A528B7C5A538B6D
:1040C0007D5A548B7E5A558B7F5AF6D0805A568B28
:1040D000815A578B825A588B835A598B845A5A8BE0
:1040E000855A5B8B865A5C8B875A5D8B885A5E8BB0
:1040F000895A5F8B8A5A608B8B5A618B8C5A628B80
:104100008D5A638B8E5A648B8F5A658B905A668B4F
:10411000915A678B925ABDC3935A688B945A698B94
:10412000955A6A8B965A6B8B975A6C8B985A6D8BF3
:10413000995A6E8B9A5AC4C39B5AC2E69C5A6F8B8B
:104140009D5A708B9E5A718B9F5A728BA05A738B9B
:10415000A15A748BA25A758BA35A768BA45A778B6B
:10416000A55A788BA65A798BA75A7A8BA85A7B8B3B
:10417000A95A7C8BAA5AC1E6AB5A7D8BAC5A7E8B6E
:10418000AD5A808BAE5A818BAF5A828BB05A838BDB
:10419000B15A848BB25AC7E6B35AB1CFB45A858BA1
:1041A000B55AF4EBB65A868BB75A878BB85ACAE61B
:1041B000B95A888BBA5A898BBB5A8A8BBC5A8B8B5B
:1041C000BD5A8C8BBE5AC5E6BF5A8D8BC05A8E8B9A
:1041D000C15ADEBCC25AA9C9C35A8F8BC45A908B2C
:1041E000C55A918BC65A928BC75A938BC85A948BD7
:1041F000C95AB5BCCA5A958BCB5A968BCC5AD3CFD9
:10420000CD5A978BCE5A988BCF5A998BD05A9A8B7E
:10421000D15A9B8BD25AC8E6D35A9C8BD45AC9E642
:10422000D55A9D8BD65ACEE6D75A9E8BD85AD0E611
:10423000D95A9F8BDA5AA08BDB5AA18BDC5AD1E674
:10424000DD5AA28BDE5AA38BDF5AA48BE05ACBE651
:10425000E15AD5B5E25AA58BE35ACCE6E45AA68BCF
:10426000E55AA78BE65ACFE6E75AA88BE85AA98BFE
:10427000E95ADBC4EA5AAA8BEB5AC6E6EC5AAB8B76
:10428000ED5AAC8BEE5AAD8BEF5AAE8BF05AAF8B2A
:10429000F15ACDE6F25AB08BF35AB18BF45AB28B85
:1042A000F55AB38BF65AB48BF75AB58BF85AB68BCE
:1042B000F95AB78BFA5AB88BFB5AB98BFC5ABA8B9E
:1042C000FD5ABB8BFE5ABC8BFF5ABD8B005BBE8B6D
:1042D000015BBF8B025BC08B035BC18B045BC28B3A
:1042E000055BC38B065BC48B075BC58B085BC68B0A
:1042F000095BD2E60A5BC78B0B5BC88B0C5BC98B77
:104300000D5BCA8B0E5BCB8B0F5BCC8B105BCD8BAD
:10431000115BCE8B125BCF8B135BD08B145BD18B7D
:10432000155BD28B165BD4E6175BD3E6185BD38B99
:10433000195BD48B1A5BD58B1B5BD68B1C5BD78B25
:104340001D5BD88B1E5BD98B1F5BDA8B205BDB8BF5
:10435000215BDC8B225BDD8B235BDE8B245BDF8BC5
:10436000255BE08B265BE18B275BE28B285BE38B95
:10437000295BE48B2A5BE58B2B5BE68B2C5BE78B65
:104380002D5BE88B2E5BE98B2F5BEA8B305BEB8B35
:10439000315BEC8B325BD5E6335BED8B345BF8D96C
:1043A000355BEE8B365BEF8B375BD6E6385BF08B9D
:1043B000395BF18B3A5BF28B3B5BF38B3C5BF48BB1
:1043C0003D5BF58B3E5BF68B3F5BF78B405BD7E647
:1043D000415BF88B425BF98B435BFA8B445BFB8B55
:1043E000455BFC8B465BFD8B475BFE8B485B408CE3
:1043F000495B418C4A5B428C4B5B438C4C5B448CED
:104400004D5B458C4E5B468C4F5B478C505BD3D7E6
:10441000515BDDE6525B488C535BDEE6545BD7BFF5
:10442000555BD0D4565B498C575BD6D7585BE6B406
:10443000595BEFCB5A5BDAE65B5BC3D85C5BCED7EC
:104440005D5BA2D05E5B4A8C5F5BCFC3605B4B8CD5
:10445000615B4C8C625BDFE6635BBEBC645BC2B9D4
:10446000655BDBE6665BA7D1675B4D8C685B4E8C5A
:10447000695BA2BA6A5BCFC26B5B4F8C6C5BABD8DB
:104480006D5B508C6E5B518C6F5B528C705BEBCABA
:10449000715BEEE5725B538C735BDCE6745B548C92
:1044A000755BF5B7765B558C775B568C785B578C74
:1044B000795B588C7A5BE6C87B5B598C7C5B5A8C49
:1044C0007D5BF5C47E5B5B8C7F5B5C8C805BB2E567
:1044D000815BFEC4825B5D8C835BFCCB845BB3E55C
:1044E000855BACD5865B5E8C875BEED3885BD8CA78
:1044F000895BB2B08A5B5F8C8B5BCECB8C5BEACD89
:104500008D5B608C8E5B618C8F5BEABA905B628C9A
:10451000915B638C925B648C935BB5E5945B658C7B
:10452000955BB4E5965B668C975BDAD7985BD9B9F7
:10453000995BE6D69A5BA8B69B5BF0CD9C5BCBD231
:104540009D5BA6B19E5BB5CA9F5B678CA05BE8B321
:10455000A15BF3C9A25BCDBFA35BFBD0A45BD2CAB6
:10456000A55BB6E5A65BC2BBA75B688CA85B698C44
:10457000A95B6A8CAA5BDCCFAB5BACB9AC5B6B8C28
:10458000AD5B6C8CAE5B6D8CAF5B6E8CB05BD7D46F
:10459000B15B6F8CB25B708CB35BA6BAB45BE7D1D6
:1045A000B55BFCCFB65BD2BCB75B718CB85BB7E5D3
:1045B000B95BDDC8BA5B728CBB5B738CBC5B748C03
:1045C000BD5BEDBFBE5BF6B1BF5BDECBC05B758C88
:1045D000C15B768CC25BC5BCC35B778CC45BC4BC5F
:1045E000C55BFAD2C65BDCC3C75BDCBFC85B788C3B
:1045F000C95B798CCA5B7A8CCB5B7B8CCC5BBBB8A0
:10460000CD5B7C8CCE5B7D8CCF5B7E8CD05BC2C364
:10461000D15B808CD25BAEBAD35BA2D4D45B818CED
:10462000D55B828CD65B838CD75B848CD85B858C86
:10463000D95B868CDA5B878CDB5B888CDC5B898C56
:10464000DD5BDEC7DE5BAFC4DF5BECB2E05B8A8CB8
:10465000E15BD1B9E25B8B8CE35B8C8CE45BBBE50B
:10466000E55BC8C1E65B8D8CE75B8E8CE85BAFD504
:10467000E95B8F8CEA5B908CEB5B918CEC5B928CB2
:10468000ED5B938CEE5BBCE5EF5B948CF05BBEE581
:10469000F15B958CF25B968CF35B978CF45B988C5A
:1046A000F55B998CF65B9A8CF75B9B8CF85BE7B4B7
:1046B000F95BD4B6FA5BC2CBFB5BB0D1FC5BBCB59B
:1046C000FD5B9C8CFE5B9D8CFF5BD9CA005C9E8C65
:1046D000015CE2B7025C9F8C035CA08C045CE4C9C3
:1046E000055CA18C065CABBD075CA28C085CA38C4E
:1046F000095CBECE0A5CF0D70B5CA48C0C5CA58C6C
:104700000D5CA68C0E5CA78C0F5CA1D0105CA88CF5
:10471000115CD9C9125CA98C135CAA8C145CFBB621
:10472000155CD8E6165CE2BC175CAB8C185CBEB3BB
:10473000195CAC8C1A5CD0C91B5CAD8C1C5CD9E6D6
:104740001D5CA2B31E5CAE8C1F5CAF8C205CB08C79
:10475000215CB18C225CCCDE235CB28C245CC8D39F
:10476000255CCDDE265CB38C275CA2D2285CB48CA1
:10477000295CB58C2A5CB68C2B5CB78C2C5CCEDEAD
:104780002D5CB88C2E5CB98C2F5CBA8C305CBB8CE9
:10479000315CCDBE325CBC8C335CBD8C345CCFDE16
:1047A000355CBE8C365CBF8C375CC08C385CACCA68
:1047B000395CFCD23A5CDFB33B5CEAE53C5CE1C4CB
:1047C0003D5CA1BE3E5CB2CE3F5CF2C4405CD6BE56
:1047D000415CA8C6425CE3B2435CC18C445CC28CC1
:1047E000455CD3BE465CC38C475CC48C485CFCC74C
:1047F000495CEBCC4A5CECBD4B5CDDCE4C5CC58CC3
:104800004D5CC68C4E5CBACA4F5CC1C6505CECE5D0
:10481000515CBCD0525CC78C535CC88C545CC98C56
:10482000555CB9D5565CCA8C575CCB8C585CCC8C2B
:10483000595CEDE55A5CCD8C5B5CCE8C5C5CCF8CBE
:104840005D5CD08C5E5CF4CA5F5CD18C605CC0CD7A
:10485000615CC5C2625CD28C635CEFE5645CD38C46
:10486000655CC4C2665CF0E5675CD48C685CD58C22
:10487000695CD68C6A5CD78C6B5CD88C6C5CD98C90
:104880006D5CDA8C6E5CF8E56F5CCDCD705CDB8CBA
:10489000715CBDC9725CDC8C735CDD8C745CDE8C1D
:1048A000755CDF8C765CE08C775CE18C785CE28C0C
:1048B000795CD9D27A5CA8E17B5CE38C7C5CE48C8B
:1048C0007D5CE58C7E5CE68C7F5CECD3805CE78C69
:1048D000815CEACB825CF1C6835CE88C845CE98C09
:1048E000855CEA8C865CEB8C875CEC8C885CACE14C
:1048F000895CED8C8A5CEE8C8B5CEF8C8C5CA7E128
:104900008D5CA9E18E5CF08C8F5CF18C905CAAE1EF
:10491000915CAFE1925CF28C935CF38C945CEDB2B1
:10492000955CF48C965CABE1975CDAB8985CADE191
:10493000995CAEE19A5CB0E19B5CBAB59C5CB1E17C
:104940009D5CF58C9E5CF68C9F5CF78CA05CF88C73
:10495000A15CF98CA25CB3E1A35CB8E1A45CFA8C25
:10496000A55CFB8CA65CFC8CA75CFD8CA85CFE8C1B
:10497000A95CD2D1AA5C408DAB5CB6E1AC5CB5E180
:10498000AD5CEBC1AE5C418DAF5C428DB05C438DE4
:10499000B15CB7E1B25C448DB35CC0D4B45C458D0E
:1049A000B55CB2E1B65C468DB75CBAE1B85CB6B056
:1049B000B95C478DBA5C488DBB5C498DBC5C4A8D47
:1049C000BD5CB4E1BE5C4B8DBF5CF9BFC05C4C8D7F
:1049D000C15CB9E1C25C4D8DC35C4E8DC45CBBE172
:1049E000C55C4F8DC65C508DC75C518DC85C528DC7
:1049F000C95C538DCA5C548DCB5CBEE1CC5C558DDB
:104A0000CD5C568DCE5C578DCF5C588DD05C598D6A
:104A1000D15C5A8DD25CBCE1D35C5B8DD45C5C8D87
:104A2000D55C5D8DD65C5E8DD75C5F8DD85C608D0E
:104A3000D95CC5D6DA5C618DDB5C628DDC5C638D34
:104A4000DD5C648DDE5C658DDF5C668DE05C678DB2
:104A5000E15CBFCFE25C688DE35C698DE45CBDE145
:104A6000E55CBFE1E65CCDC2E75C6A8DE85CEBB675
:104A7000E95C6B8DEA5CF8D3EB5C6C8DEC5C6D8D66
:104A8000ED5CCDC7EE5C6E8DEF5C6F8DF05CE5B7D5
:104A9000F15C708DF25C718DF35C728DF45C738DE2
:104AA000F55C748DF65C758DF75C768DF85C778DB2
:104AB000F95C788DFA5C798DFB5CFEBEFC5C7A8DCE
:104AC000FD5C7B8DFE5C7C8DFF5C7D8D005D7E8D55
:104AD000015D808D025DC0E1035DC1E1045D818DFA
:104AE000055D828D065DC7E1075DE7B3085D838DD7
:104AF000095D848D0A5D858D0B5D868D0C5D878DCE
:104B00000D5D888D0E5DE9C60F5D898D105D8A8D06
:104B1000115D8B8D125D8C8D135D8D8D145DDEB4FA
:104B2000155D8E8D165DC2D1175D8F8D185D908DD0
:104B3000195D918D1A5D928D1B5DC8E11C5D938D91
:104B40001D5D948D1E5DC6E11F5D958D205D968D6A
:104B5000215D978D225D988D235D998D245DC5E142
:104B6000255D9A8D265DC3E1275DC2E1285D9B8DA1
:104B7000295DC0B12A5D9C8D2B5D9D8D2C5D9E8D28
:104B80002D5DB8D52E5DC4E12F5D9F8D305DA08D6C
:104B9000315DA18D325DA28D335DA38D345DCBE19E
:104BA000355DA48D365DA58D375DA68D385DA78DED
:104BB000395DA88D3A5DA98D3B5DAA8D3C5DAB8DBD
:104BC0003D5DCCE13E5DCAE13F5DAC8D405DAD8DAC
:104BD000415DAE8D425DAF8D435DB08D445DB18D65
:104BE000455DB28D465DB38D475DFAEF485DB48D8E
:104BF000495DB58D4A5DD3E14B5DD2E14C5DB6C7F1
:104C00004D5DB68D4E5DB78D4F5DB88D505DB98DE4
:104C1000515DBA8D525DBB8D535DBC8D545DBD8DB4
:104C2000555DBE8D565DBF8D575DC08D585DC9E128
:104C3000595DC18D5A5DC28D5B5DCEE15C5DC38DFA
:104C40005D5DD0E15E5DC48D5F5DC58D605DC68DCF
:104C5000615DC78D625DC88D635DC98D645DCA8D00
:104C6000655DCB8D665DCC8D675DCD8D685DCE8DD0
:104C7000695DD4E16A5DCF8D6B5DD1E16C5DCDE1A5
:104C80006D5DD08D6E5DD18D6F5DCFE1705DD28D2C
:104C9000715DD38D725DD48D735DD58D745DD5E1FD
:104CA000755DD68D765DD78D775DD88D785DD98D24
:104CB000795DDA8D7A5DDB8D7B5DDC8D7C5DDD8DF4
:104CC0007D5DDE8D7E5DDF8D7F5DE08D805DE18DC4
:104CD000815DE28D825DD6E1835DE38D845DE48D4F
:104CE000855DE58D865DE68D875DE78D885DE88D68
:104CF000895DE98D8A5DEA8D8B5DEB8D8C5DEC8D38
:104D00008D5DED8D8E5DEE8D8F5DEF8D905DF08D07
:104D1000915DF18D925DF28D935DF38D945DF48DD7
:104D2000955DF58D965DF68D975DF78D985DF88DA7
:104D3000995DD7E19A5DF98D9B5DFA8D9C5DFB8D48
:104D40009D5DD8E19E5DFC8D9F5DFD8DA05DFE8D1E
:104D5000A15D408EA25D418EA35D428EA45D438E17
:104D6000A55D448EA65D458EA75D468EA85D478EE7
:104D7000A95D488EAA5D498EAB5D4A8EAC5D4B8EB7
:104D8000AD5D4C8EAE5D4D8EAF5D4E8EB05D4F8E87
:104D9000B15D508EB25D518EB35D528EB45D538E57
:104DA000B55D548EB65D558EB75DDAE1B85D568E51
:104DB000B95D578EBA5D588EBB5D598EBC5D5A8EFB
:104DC000BD5D5B8EBE5D5C8EBF5D5D8EC05D5E8ECB
:104DD000C15D5F8EC25D608EC35D618EC45D628E9B
:104DE000C55DDBE1C65D638EC75D648EC85D658EA3
:104DF000C95D668ECA5D678ECB5D688ECC5D698E3F
:104E0000CD5DA1CECE5D6A8ECF5D6B8ED05D6C8E9A
:104E1000D15D6D8ED25D6E8ED35D6F8ED45D708EE2
:104E2000D55D718ED65D728ED75D738ED85D748EB2
:104E3000D95D758EDA5D768EDB5DDDE7DC5D778EC4
:104E4000DD5DA8B4DE5DDDD6DF5D788EE05D798E58
:104E5000E15DB2D1E25DB2B3E35D7A8EE45D7B8E5B
:104E6000E55DA4B9E65DF3D7E75DC9C7E85DDEBEE1
:104E7000E95DAEB9EA5D7C8EEB5DD7CEEC5D7D8EF3
:104E8000ED5D7E8EEE5DEEB2EF5DCFDBF05D808E90
:104E9000F15DBABCF25DD1D2F35DC8CBF45DCDB0AB
:104EA000F55D818EF65D828EF75DEFCFF85D838EC6
:104EB000F95D848EFA5D858EFB5D868EFC5D878E46
:104EC000FD5DE3D9FE5DEDBDFF5D888E005E898EE0
:104ED000015ED2B1025ED0CA035EBCB2045E8A8EAD
:104EE000055EA7CB065EABB7075E8B8E085EA6CAD3
:104EF000095E8C8E0A5E8D8E0B5E8E8E0C5EA3CF4D
:104F00000D5E8F8E0E5E908E0F5EF8E0105ECAD53D
:104F1000115EFBE0125E918E135E928E145EFAE0DB
:104F2000155EC1C5165EFBCC175E938E185EB1C1CF
:104F3000195EF9E01A5EE3D61B5EAFB21C5EC4D602
:104F40001D5EDBB51E5E948E1F5E958E205E968E76
:104F5000215E978E225E988E235E998E245E9A8EB5
:104F6000255E9B8E265EF8B4275EA1D6285E9C8EB9
:104F7000295E9D8E2A5E9E8E2B5E9F8E2C5EA08E5D
:104F80002D5EAFCF2E5EEFB02F5EA18E305EA28E73
:104F9000315EFCE0325EA38E335EA48E345EA58E5D
:104FA000355EA68E365EA78E375EA1E1385EA3B36E
:104FB000395EA88E3A5EA98E3B5EFDE03C5EFEE067
:104FC0003D5EB1C33E5EAA8E3F5EAB8E405EAC8E50
:104FD000415EAD8E425EDDC3435EAE8E445EA2E1B5
:104FE000455EF9B7465EAF8E475EB08E485EB18EC5
:104FF000495EB28E4A5EB38E4B5EB48E4C5ECFBBC2
:105000004D5EB58E4E5EB68E4F5EB78E505EB88EDC
:10501000515EB98E525EBA8E535EBB8E545EA3E172
:10502000555EBBC4565EBC8E575EBD8E585EBE8E4E
:10503000595EBF8E5A5EC08E5B5EA4E15C5EC18E1F
:105040005D5EC28E5E5EA5E15F5EC38E605EC48EF5
:10505000615EA6E1625EB1B4635EC58E645EC68EBB
:10506000655EC78E665EC88E675EC98E685ECA8ED4
:10507000695ECB8E6A5ECC8E6B5ECD8E6C5ECE8EA4
:105080006D5ECF8E6E5ED08E6F5ED18E705ED28E74
:10509000715ED38E725EC9B8735EBDC6745EEAC4BB
:1050A000755ED48E765EA2B2775ED58E785ED2D0F3
:1050B000795ED68E7A5EDBE77B5EC3BB7C5ED7D340
:1050C0007D5EC4D37E5ED78E7F5EE3B9805ECFE225
:1050D000815ED88E825ED98E835EDA8E845EAFD793
:1050E000855EDB8E865EECC7875ED3B1885EDC8E24
:1050F000895EDD8E8A5EB2B48B5ED1E28C5EDE8E1E
:105100008D5EDF8E8E5EE08E8F5EF2D0905EAEC2E0
:10511000915ED0E2925EE18E935EE2BF945EA6D392
:10512000955ED7B5965ED2E2975EEAB5985EE28E5E
:10513000995EEDC39A5EFDB89B5EE38E9C5EAEB851
:105140009D5EE48E9E5ED3C59F5ECFB7A05ED4E227
:10515000A15EE58EA25EE68EA35EE78EA45EE88E7B
:10516000A55ED3E2A65EC8B6A75EF9D7A85EE98EB3
:10517000A95EEA8EAA5EEB8EAB5EEC8EAC5EED8E27
:10518000AD5EA5CDAE5EEE8EAF5EEF8EB05EF08E04
:10519000B15EF18EB25EF28EB35ED8E2B45EF38E93
:1051A000B55ED6E2B65EFCCAB75EB5BFB85EB9D32F
:1051B000B95ED5E2BA5EF48EBB5EF58EBC5EF68E4D
:1051C000BD5EF78EBE5ED7E2BF5EF88EC05EF98E22
:1051D000C15EFA8EC25EFB8EC35EFC8EC45EFD8E27
:1051E000C55EFE8EC65E408FC75E418FC85E428F31
:1051F000C95EAEC1CA5EC8C0CB5E438FCC5E448F71
:10520000CD5E458FCE5E468FCF5E478FD05E488F96
:10521000D15EDBE2D25EDAE2D35EAAC0D45E498F11
:10522000D55E4A8FD65ECEC1D75E4B8FD85E4C8F8F
:10523000D95E4D8FDA5E4E8FDB5EDCE2DC5E4F8F37
:10524000DD5E508FDE5E518FDF5E528FE05E538FEA
:10525000E15E548FE25E558FE35E568FE45E578FBA
:10526000E55E588FE65E598FE75E5A8FE85EDDE2B5
:10527000E95E5B8FEA5EDEE2EB5E5C8FEC5E5D8F8B
:10528000ED5E5E8FEE5E5F8FEF5E608FF05E618F32
:10529000F15E628FF25E638FF35E648FF45EC8DB53
:1052A000F55E658FF65ED3D1F75EA2CDF85E668FB0
:1052B000F95E678FFA5EA8BDFB5E688FFC5E698F42
:1052C000FD5E6A8FFE5EC3DEFF5EA5D8005FAABFEB
:1052D000015FCDDB025FECD2035FFAC6045FAAC5B3
:1052E000055F6B8F065F6C8F075F6D8F085FC4DE95
:1052F000095F6E8F0A5FD7B10B5FAEDF0C5F6F8FF8
:105300000D5F708F0E5F718F0F5FBDCA105F728F60
:10531000115FB1DF125F738F135FADB9145F748FCC
:10532000155FFDD2165F758F175FA5B8185FEBBAD2
:10533000195F768F1A5F778F1B5FDAB31C5F788FE8
:105340001D5F798F1E5F7A8F1F5FDCB5205FC5D52B
:10535000215F7B8F225F7C8F235F7D8F245F7E8F19
:10536000255FD6C3265FD2CF275FA1BB285F808F82
:10537000295FF3E52A5FF2E52B5F818F2C5F828F37
:105380002D5FF4E52E5F838F2F5FE4CD305F848F38
:10539000315FF5C8325F858F335F868F345F878FCB
:1053A000355F888F365F898F375F8A8F385F8B8F45
:1053B000395FAFB53A5FBFC73B5F8C8F3C5FF6E5A7
:1053C0003D5F8D8F3E5F8E8F3F5F8F8F405FB0EC74
:1053D000415F908F425F918F435F928F445F938FC5
:1053E000455F948F465F958F475F968F485F978F95
:1053F000495F988F4A5F998F4B5F9A8F4C5F9B8F65
:105400004D5F9C8F4E5F9D8F4F5F9E8F505FE6E597
:10541000515F9F8F525FE9B9535FB1B5545FA08F61
:10542000555FBCC2565FE8E5575FE7E5585FE9E5C1
:10543000595FA18F5A5FA28F5B5FA38F5C5FA48FC0
:105440005D5FCDD25E5FA58F5F5FA68F605FA78F28
:10545000615FEAE1625FCED0635FA88F645FAECD2B
:10546000655FA98F665FE5D1675FAA8F685FAB8FC5
:10547000695FCAB26A5FEBB16B5FAC8F6C5FF2B110
:105480006D5FEDC56E5FAD8F6F5FAE8F705FC3D523
:10549000715FB0D3725FAF8F735FDCE1745FB08F09
:1054A000755FB18F765FB28F775FDDE1785FB38F25
:1054B000795FDBD27A5FB48F7B5FB9B37C5FCBB1AE
:1054C0007D5FB58F7E5FB68F7F5FB78F805FF9CDD1
:1054D000815FF7D5825FDEE1835FB88F845FB6BE00
:1054E000855FFDB4865FB98F875FDFE1885FDCBAD7
:1054F000895FE0E18A5FB2BB8B5FC9C28C5FE1E18B
:105500008D5FBA8F8E5FBB8F8F5FBC8F905FECD04B
:10551000915FBD8F925FBDCD935FBE8F945FBF8F54
:10552000955FE2E1965FC08F975FC3B5985FC7C58F
:10553000995FE3E19A5FC18F9B5FC28F9C5FE4E15B
:105540009D5FC38F9E5FC48F9F5FC58FA05FC68F17
:10555000A15FF9D3A25FC78FA35FC88FA45FC98F74
:10556000A55FCA8FA65FCB8FA75FCC8FA85FE5E151
:10557000A95FCD8FAA5FADD1AB5FCE8FAC5FCF8F70
:10558000AD5FE6E1AE5FA2CEAF5FD08FB05FD18FEF
:10559000B15FD28FB25FD38FB35FD48FB45FD58F3B
:1055A000B55FE7E1B65FD68FB75FC2B5B85FD78F9B
:1055B000B95FD88FBA5FD98FBB5FDA8FBC5FE8E184
:1055C000BD5FD5BBBE5FDB8FBF5FDC8FC05FDD8F94
:1055D000C15FDE8FC25FDF8FC35FC4D0C45FE0E214
:1055E000C55FD8B1C65FE4D2C75FE08FC85FE18F07
:1055F000C95FE1E2CA5FE28FCB5FE38FCC5FC9BCDA
:10560000CD5FCCC8CE5FE48FCF5FE3E2D05FFEEC2E
:10561000D15FFDECD25FAFDFD35FE58FD45FE68F64
:10562000D55FE78FD65FE2E2D75FBED6D85FFCCD0D
:10563000D95FA6C3DA5FE88FDB5FE98FDC5FEA8FB3
:10564000DD5FC3E3DE5FEB8FDF5FEC8FE05FD2D621
:10565000E15FE7E2E25FED8FE35FEE8FE45FE8E2B8
:10566000E55FEF8FE65FF08FE75FC7D3E85FF18F0D
:10567000E95FF28FEA5FECE2EB5FECBFEC5FF38F88
:10568000ED5FEDE2EE5FE5E2EF5FF48FF05FF58F47
:10569000F15FC0B3F25FF68FF35FF78FF45FF88FBF
:1056A000F55FEEC4F65FF98FF75FFA8FF85FEEE211
:1056B000F95FFB8FFA5FFC8FFB5FC3D0FC5FFD8F50
:1056C000FD5FF6BAFE5FE9E2FF5FDEB70060B3BBE5
:1056D0000160ACCC0260CBCB0360E4E20460E6E2A4
:1056E0000560EAE20660EBE20760FE8F086040902A
:1056F000096041900A60F7E20B6042900C604390B1
:105700000D60F4E20E60F5D40F60F3E21060449097
:10571000116045901260ADC5136046901460FAD5D3
:105720001560C2C51660C0B21760479018604890F7
:105730001960EFE21A6049901B60F2E21C60AFC191
:105740001D60BCCB1E604A901F604B902060A1B5CD
:105750002160F9E222604C9023604D9024604E90CD
:105760002560B1BC2660F1E22760D4D02860B9D4AE
:105770002960F5E22A60D6B92B60F6E22C604F90E2
:105780002D6050902E6051902F60D3C730605290A2
:10579000316053903260549033605590346056902D
:1057A0003560F0E236605790376058903860599015
:1057B00039605A903A605B903B60DCD73C60A1ED69
:1057C0003D605C903E605D903F60F8E240605E90BE
:1057D0004160A5ED4260FEE24360D1CA44605F9043
:1057E0004560609046606190476062904860639059
:1057F000496064904A6065904B60B5C14C606690AA
:105800004D60D0BB4E6067904F6068905060D6BFCF
:10581000516069905260E3BA53606A9054606B9033
:105820005560A1CB56606C9057606D9058606E903B
:105830005960A6ED5A60A3ED5B606F905C6070905C
:105840005D60A2ED5E6071905F60729060607390C9
:10585000616074906260D6BB6360A7ED6460F4D051
:1058600065607590666076906760A4ED6860DEBAEA
:105870006960F7B66A60A1E36B60B2B66C60F1CCA8
:105880006D60A7B96E6077906F60A2CF7060A1C79E
:1058900071607890726079907360D2BF74607A9012
:1058A00075607B907660F1B677607C907860FAE204
:1058B0007960FBE27A60FDE27B60FCE27C60D5C44B
:1058C0007D60A2E37E607D907F60C1D380607E902A
:1058D00081608090826081908360A7E38460C4C708
:1058E00085608290866083908760849088608590D0
:1058F0008960A4CF8A6086908B6087908C60A9E3D2
:105900008D60B7BA8E6088908F60899090608A9021
:1059100091608B909260A8E393608C909460DABB66
:1059200095608D909660A3E397608E9098608F90BD
:10593000996090909A60A4E39B60AAE39C60919028
:105940009D60A6E39E6092909F60F2CEA060C6D359
:10595000A1609390A2609490A360BCBBA46095905A
:10596000A5609690A660C3D4A7609790A860FAC47B
:10597000A9609890AA609990AB60A8EDAC60FCD04B
:10598000AD60A5E3AE609A90AF60F5C3B0609B9048
:10599000B160ADE3B260AFB1B3609C90B460B2E30C
:1059A000B5609D90B6609E90B7609F90B860C2BC95
:1059B000B960A090BA60A190BB60ACE3BC60BFB519
:1059C000BD60A290BE60A390BF60A490C060A5908F
:1059D000C160A690C260A790C360A890C460A9905F
:1059E000C560E9C7C660B0E3C760AA90C860AB9065
:1059F000C960AC90CA60AABECB60EFCDCC60AD9060
:105A0000CD60AE90CE60AF90CF60B090D060B190DE
:105A1000D160F3BBD260B290D360B390D460B49045
:105A2000D560E8CCD660B590D760B690D860AFE3CB
:105A3000D960B790DA60B1E3DB60B890DC60A7CFE3
:105A4000DD60AEE3DE60B990DF60A9CEE060DDBB73
:105A5000E160BA90E260BB90E360BC90E460BD900E
:105A6000E560BE90E660EBB5E760E5BEE860D2B207
:105A7000E960CDB3EA60BF90EB60B9B1EC60ABE335
:105A8000ED60D1B2EE60ACB5EF60DFB9F060E8B6C2
:105A9000F160C090F260C190F360EBCFF460B7E3C7
:105AA000F560C290F660CCBBF760C390F860C4901C
:105AB000F960C7C8FA60CAD0FB60C590FC60C690A8
:105AC000FD60C790FE60C890FF60C9900061B8E3B8
:105AD0000161EEB30261CA900361CB900461CC9086
:105AE0000561CD900661A9ED0761CE900861FAD3FA
:105AF0000961E4D30A61CF900B61D0900C61D19021
:105B00000D61AAED0E61B9E30F61E2D21061D2908E
:105B10001161D3901261D4901361D5901461D69025
:105B20001561B5E31661D7901761D8901861D990C7
:105B30001961DA901A61DED31B61DB901C61DC9085
:105B40001D61DD901E61DE901F61D0B82061B3E35E
:105B50002161DF902261E0902361B6E32461DFB729
:105B60002561E1902661B4E32761A2C02861E2903B
:105B70002961E3902A61E4902B61BAE32C61E590FE
:105B80002D61E6902E61E7902F61E8903061E990F9
:105B90003161EA903261EB903361EC903461ED90C9
:105BA0003561EE903661EF903761F0903861F19099
:105BB0003961F2903A61F3903B61F4903C61F59069
:105BC0003D61F6903E61F7903F61B8D44061F89036
:105BD0004161F9904261FA904361FB904461FC900D
:105BE0004561FD904661FE90476140914861C8B4AF
:105BF000496141914A61BBE34B6142914C61C5BB34
:105C00004D6143914E61F7C94F6144915061459197
:105C10005161E5C952614691536147915461489180
:105C20005561BDC45661499157614A9158614B9184
:105C300059614C915A614D915B614E915C614F91FC
:105C40005D61ABED5E6150915F6151916061529118
:105C5000616153916261FDC26361549164615591C8
:105C600065615691666157916761DBBB6861AEBF44
:105C7000696158916A6159916B615A916C615B914C
:105C80006D615C916E615D916F615E917061BFCE7F
:105C900071615F91726160917361619174616291F0
:105CA0007561BCE3766163917761B6BF7861649199
:105CB000796165917A6166917B6167917C61689198
:105CC0007D6169917E616A917F616B9180616C9168
:105CD00081616D9182616E9183616F918461709138
:105CE0008561719186617291876173918861749108
:105CF000896175918A6176918B61EFB18C61779141
:105D00008D6178918E61F7D48F61799190617A91EC
:105D100091617B9192617C9193617D919461BEE3ED
:105D200095617E9196618091976181919861829150
:105D3000996183919A6184919B6185919C6186911F
:105D40009D61ADED9E6187919F618891A061899170
:105D5000A1618A91A2618B91A3618C91A4618D91C3
:105D6000A5618E91A6618F91A761BFE3A861A9BAD1
:105D7000A961ACEDAA619091AB619191AC61BDE379
:105D8000AD619291AE619391AF619491B061959143
:105D9000B1619691B2619791B3619891B461999113
:105DA000B5619A91B6619B91B761C0E3B8619C916E
:105DB000B9619D91BA619E91BB619F91BC61A091B7
:105DC000BD61A191BE61B6BABF61A291C061A3914C
:105DD000C161A491C261AEB6C361A591C461A6912F
:105DE000C561A791C661A891C761A991C861B8D0E2
:105DF000C961AA91CA61C3B0CB61AEEDCC61AB9170
:105E0000CD61AC91CE61AD91CF61AE91D061AF91DA
:105E1000D161AFEDD261C1C0D361B091D461C1E3B2
:105E2000D561B191D661B291D761B391D861B49186
:105E3000D961B591DA61B691DB61B791DC61B89156
:105E4000DD61B991DE61BA91DF61BB91E061BC9126
:105E5000E161BD91E261BE91E361BF91E461C091F6
:105E6000E561C191E661B3C5E761C291E861C391A3
:105E7000E961C491EA61C591EB61C691EC61C7919A
:105E8000ED61C891EE61C991EF61CA91F061CB916A
:105E9000F161CC91F261CD91F361CE91F461CF913A
:105EA000F561C2E3F661D091F761D191F861D291C9
:105EB000F961D391FA61D491FB61D591FC61D691DE
:105EC000FD61D791FE61D891FF61B2DC0062D9918A
:105ED0000162DA910262DB910362DC910462DD917E
:105EE0000562DE910662B0ED0762DF910862EAB8F2
:105EF0000962E0910A62ECCE0B62A7EA0C62E7D07D
:105F00000D62F9CA0E62D6C80F62B7CF1062C9B36C
:105F10001162D2CE1262E4BD1362E1911462E29189
:105F20001562DEE31662F2BB1762A8EA1862BDD5FD
:105F30001962E3911A62DDC61B62A9EA1C62E49150
:105F40001D62E5911E62E6911F62AAEA2062E79156
:105F50002162ACEA2262ABEA2362E8912462AEEAF3
:105F60002562ADEA2662E9912762EA912862EB9107
:105F70002962EC912A62D8BD2B62ED912C62AFEAC6
:105F80002D62EE912E62BEC22F62EF913062F091CF
:105F90003162F1913262F2913362C1B43462F7B48A
:105FA0003562F3913662F4913762A7BB3862F5919E
:105FB0003962F6913A62F7913B62F8913C62F9914D
:105FC0003D62E6EC3E62E5EC3F62BFB74062F9CB72
:105FD0004162E2B14262FA914362E7EC4462FB91B2
:105FE0004562FC914662FD914762C8C94862E8EC8F
:105FF0004962E9EC4A62FE914B62D6CA4C62D0DE3D
:106000004D62C5B24E62FAD44F62409250624192E4
:106010005162CBC65262C7B05362F2B45462D3C865
:106020005562429256624392576244925862D0CD72
:10603000596245925A6246925B62B8BF5C6247926F
:106040005D6248925E6249925F624A9260624B92E0
:1060500061624C9262624D926362DBBF64624E92F7
:1060600065624F926662A4C76762B4D66862509256
:106070006962A9C06A62D1DE6B62A8C96C62EFD1A5
:106080006D62A4C56E62E7B06F62B6B37062C5C8D8
:1060900071625192726252927362E2B07462539270
:1060A000756254927662F6B777625592786256922C
:1060B0007962FAC57A6257927B6258927C62F3B633
:1060C0007D6259927E62D2D57F62D0B38062BCBCC1
:1060D00081625A9282625B9283625C928462ADB307
:1060E00085625D9286625E9287625F92886260924C
:1060F0008962F1BE8A62D1B08B6261928C626292D7
:106100008D6263928E6264928F62659290626692F3
:106110009162D6D29262E3CA9362A5D794626792E3
:106120009562B6CD9662B6B69762B9BF9862DBD576
:10613000996268929A62A7B89B62D7C59C6269927D
:106140009D626A929E626B929F62D2DEA062D9BF0C
:10615000A162D5C2A262C0C7A3626C92A462A4BBB2
:10616000A562A8B1A6626D92A7626E92A862EAC506
:10617000A9626F92AA627092AB62FBC5AC62A7CCB7
:10618000AD627192AE627292AF627392B0627492BB
:10619000B162A7B1B2627592B3627692B46277923D
:1061A000B562D6B5B6627892B7627992B8627A92E1
:1061B000B962A8C4BA627B92BB62D3DEBC62BAD1B8
:1061C000BD62E9B3BE627C92BF62F2C3C0627D92DF
:1061D000C1627E92C262F7B7C3628092C462F4D693
:1061E000C562A3B5C662F0B2C762B4C4C862E9C4EE
:1061F000C962ADC0CA62D4DECB628192CC62E8B023
:10620000CD62C4C5CE62E0C1CF628292D062D5B900
:10621000D1628392D262DCBED362D8CDD462CEB0DA
:10622000D5628492D662CFCDD762D6DED862D0BE98
:10623000D962BED7DA62D5DEDB62D0D5DC62DDB0F2
:10624000DD628592DE628692DF62E2C4E06287925E
:10625000E1628892E262A3C2E362F0BCE4628992E6
:10626000E562B5D3E662B9C0E762A1C5E862A6B24D
:10627000E962F1D4EA628A92EB628B92EC62A8C086
:10628000ED62C3CAEE62D7DEEF62FCD5F0628C929B
:10629000F162B0B9F2628D92F362ADC8F462A9CB3B
:1062A000F5628E92F662D9DEF762BDBFF8628F9218
:1062B000F9629092FA629192FB629292FC62B4C689
:1062C000FD62A7D7FE62B0CAFF62C3C400639392A7
:1062D0000163D6B30263D2B90363949204639592C7
:1062E00005639692066397920763B8D60863FCEA43
:1062F0000963B4B00A6398920B6399920C639A9203
:106300000D639B920E63E6BF0F639C9210639D9298
:106310001163F4CC12639E9213639F921463A09254
:106320001563A1921663DACD1763A2921863A39244
:106330001963A4921A63BFD61B63CEC21C63A592D5
:106340001D63CECE1E63A2CC1F63AED02063D3C428
:106350002163B2B52263D8DE2363F5D52463B7BCCD
:106360002563D3BB2663A6922763A7922863A4B0B4
:106370002963A8922A63B2C52B63ECB42C63A9925B
:106380002D63AA922E63AB922F63F1D53063AC924A
:106390003163AD923263FDEA3363AE923463AF9200
:1063A0003563B0923663B1923763B2923863B39279
:1063B0003963DADE3A63A6CD3B63B4923C63B592AF
:1063C0003D63ECCD3E63B6923F63B7924063B892B3
:1063D0004163B9924263E6CE4363DCDE4463BA9222
:1063E0004563B1CD4663A6C04763BB924863BC9288
:1063F0004963BDD74A63BD924B63DBDE4C63C6B0D5
:106400004D63B4BA4E63D3C94F63F3C45063E8BE5F
:106410005163BE925263BF925363C0925463C19260
:106420005563B6B25663C2925763C3925863C4921F
:106430005963C5925A63C6925B63C7925C63C89204
:106440005D63C9925E63CCC05F63F0CB6063CA9248
:106450006163F1BC6263BBBB6363B7B56463CB923A
:106460006563CC926663CD926763F5C56863CE922F
:106470006963E6DE6A63CF926B63D0926C63D192FC
:106480006D63E3DE6E63DDBE6F63D2927063D392A1
:106490007163DFDE7263D4927363D5927463D692B4
:1064A0007563D7927663B7B47763DDBD7863D892AE
:1064B0007963D9927A63E0DE7B63EDC47C63DA9220
:1064C0007D63DB927E63DC927F63DD928063C6CF67
:1064D0008163DE928263E0B58363DF928463E0923E
:1064E0008563E1928663E2928763DEB68863DACAE7
:1064F0008963F4B58A63E5DE8B63E3928C63C6D56A
:106500008D63E4928E63E1DE8F63CDCC9063FEC633
:106510009163E5929263C5C59363E6929463E792B3
:106520009563E8929663B4D29763E9929863F2BE5A
:106530009963EA929A63EB929B63EC929C63ED926F
:106540009D63EE929E63EF929F63F092A063D3C22D
:10655000A163F192A263BDCCA363B8B3A463F2922A
:10656000A563D3BDA663F392A763D8BFA863C6CDC6
:10657000A963DAD1AA63EBB4AB63F492AC63E4DE53
:10658000AD63DDDEAE63E7DEAF63F592B063FEEAD6
:10659000B163F692B263F792B363B0C2B463E2DE62
:1065A000B563F892B663F992B763C0D6B863A7B57E
:1065B000B963FA92BA63F4B2BB63FB92BC63E8DEE0
:1065C000BD63FC92BE63F2DEBF63FD92C063FE92C8
:1065D000C1634093C2634193C3634293C463EDDEDE
:1065E000C5634393C663F1DEC7634493C8634593B1
:1065F000C963E0C8CA634693CB634793CC634893AF
:10660000CD63E1D7CE63EFDECF63E8C3D063E1CCE7
:10661000D1634993D263E5B2D3634A93D4634B9376
:10662000D5634C93D663BED2D7634D93D8634E9354
:10663000D9634F93DA635093DB635193DC635293D6
:10664000DD635393DE63EEDEDF635493E063EBDEE2
:10665000E163D5CEE2635593E363A7B4E463569355
:10666000E5635793E6635893E7635993E8635A9356
:10667000E963ABBFEA63BEBEEB635B93EC635C9321
:10668000ED63D2BDEE635D93EF635E93F0635F9362
:10669000F1636093F263E9DEF3636193F463AED474
:1066A000F5636293F663DEDEF7636393F863EADE15
:1066B000F9636493FA636593FB636693FC63679382
:1066C000FD63BFC0FE636893FF63ECDE0064F3B25A
:1066D0000164E9B80264A7C20364699304646A931D
:1066E0000564C1BD06646B9307646C9308646D9385
:1066F00009646E930A646F930B64F5DE0C64F8DE34
:106700000D6470930E6471930F64ABB21064A4B403
:1067100011647293126473931364EAB41464A6C987
:10672000156474931664759317647693186477935D
:10673000196478931A6479931B64F6DE1C64D1CBD8
:106740001D647A931E64E3B81F647B932064F7DEB4
:106750002164FADE22647C9323647D9324647E9317
:10676000256480932664F9DE2764819328648293EC
:10677000296483932A64C2CC2B6484932C64E1B093
:106780002D64EEB42E6485932F64869330648793D2
:10679000316488933264899333648A933464BAE5AC
:1067A00035648B9336648C9337648D9338648E9301
:1067B00039648F933A64AFD03B6490933C64919377
:1067C0003D64EBB23E6492933F64A1EB40649393CB
:1067D0004164F4DE42649493436495934464E3C952
:1067E0004564F3DE4664DAB04764A1D24864F7B189
:1067F000496496934A64AFCC4B6497934C649893E6
:106800004D6499934E649A934F649B9350649C9308
:1068100051649D935264F0DE53649E935464A4CB00
:1068200055649F935664A0935764A1935864AAD566
:106830005964A2935A64A3935B64A4935C64A59384
:106840005D64A6935E64FBDE5F64A7936064A893B7
:106850006164A9936264AA936364AB936464AC9328
:106860006564AD936664AE936764DDB46864AF93AA
:106870006964A6C46A64B0936B64B1936C64B293A8
:106880006D64FDDE6E64B3936F64B4937064B5930E
:106890007164B6937264B7937364B8937464B99374
:1068A0007564BA937664BB937764BC937864FEC3D3
:1068B0007964A1C47A64A1DF7B64BD937C64BE93D8
:1068C0007D64BF937E64C0937F64C1938064C293F0
:1068D0008164C3938264CCC18364C4938464FCDE0A
:1068E0008564EFBE8664C5938764B2C68864C69328
:1068F0008964C7938A64C8938B64C9938C64CA9370
:106900008D64CB938E64CC938F64CD939064CE933F
:106910009164C5B39264F6C89364CF939464D093A2
:106920009564BACB9664FEDE9764D1939864D29353
:106930009964A4DF9A64D3939B64D4939C64D593A5
:106940009D64D6939E64B2D79F64D793A064D89376
:10695000A164D993A264DA93A364DB93A464B7B36C
:10696000A564DC93A664DD93A764DE93A864DF933B
:10697000A964C3C1AA64E093AB64E193AC64CBC7E0
:10698000AD64A5B2AE64E9B4AF64E293B064ABD7D2
:10699000B164E393B264E493B364E593B464E693BF
:1069A000B564ECC4B664E793B764A2DFB864A3DF50
:1069B000B964E893BA64A5DFBB64E993BC64B3BA75
:1069C000BD64EA93BE64EB93BF64EC93C064A6DF3E
:1069D000C164ED93C264DEC0C364EE93C464EF93FC
:1069E000C564C3C9C664F093C764F193C864F293E5
:1069F000C964F393CA64F493CB64F593CC64F693BF
:106A0000CD64D9B2CE64E6C7CF64F793D064A7DF74
:106A1000D164F893D264DCC7D364F993D464FA9355
:106A2000D564FB93D664FC93D764A8DFD864A2EB4B
:106A3000D964FD93DA64FE93DB644094DC64419492
:106A4000DD644294DE64D3CBDF644394E064449419
:106A5000E1644594E264AADFE3644694E464A9DF58
:106A6000E5644794E664C1B2E7644894E8644994F5
:106A7000E9644A94EA644B94EB644C94EC644D945E
:106A8000ED644E94EE644F94EF645094F06451942E
:106A9000F1645294F2645394F3645494F4645594FE
:106AA000F5645694F6645794F7645894F8645994CE
:106AB000F9645A94FA645B94FB645C94FC645D949E
:106AC000FD645E94FE645F94FF6460940065CAC5D3
:106AD000016561940265629403656394046564943E
:106AE000056565940665669407656794086568940E
:106AF0000965ABDF0A6569940B656A940C656B9454
:106B00000D656C940E656D940F656E9410656F94B1
:106B1000116570941265DCD41365719414657294D8
:106B20001565739416657494176575941865C1C8D6
:106B3000196576941A6577941B6578941C65799429
:106B40001D657A941E657B941F657C9420657D94F9
:106B500021657E94226580942365819424658294C6
:106B60002565ACDF26658394276584942865859424
:106B7000296586942A6587942B65F0BE2C658894D8
:106B80002D6589942E65ADDF2F65A7D630658A9473
:106B900031658B9432658C9433658D943465B7EA96
:106BA0003565B6EB3665D5CA37658E943865FCD841
:106BB0003965C4B83A658F943B65A5B93C65909436
:106BC0003D6591943E65C5B73F65FED5406592949D
:106BD0004165939442659494436595944465969475
:106BE0004565CAB946659794476598944865A7D0A6
:106BF0004965CDF44A6599944B659A944C65D0B536
:106C00004D659B944E659C944F65F4C350659D946F
:106C10005165C8BE52659E9453659F945465A09477
:106C20005565B7EB5665BDB05765A1945865A294FC
:106C30005965CCBD5A65A3945B65B2C15C65A494EB
:106C40005D65D6B15E65A8B35F65A5946065A694E1
:106C50006165A7946265D2B86365A2C96465A894AA
:106C60006565A9946665D8B66765AA946865AB94AE
:106C70006965AC946A65AD946B65B8EB6C65B4BE40
:106C80006D65AE946E65AF946F65B0947065FDCA26
:106C90007165B1947265C3C77365B2947465FBD5B1
:106CA0007565B3947665B4947765F3B77865B594F4
:106CB0007965B6947A65B7947B65B8947C65B99428
:106CC0007D65BA947E65BB947F65BC948065BD94F8
:106CD0008165BE948265BF948365C0948465C194C8
:106CE0008565C2948665C3948765C4CE8865C4945F
:106CF0008965C5948A65C6948B65ABD58C65F3B1FF
:106D00008D65C7948E65C8948F65C9949065B3EC02
:106D10009165DFB09265CA949365B5EC9465CB94A8
:106D20009565CC949665CD949765B7B69865CE94E5
:106D30009965CFC19A65CF949B65FAF59C65B1D0F2
:106D40009D65D0949E65D1949F65E5D5A065D2944C
:106D5000A165D3CEA265D394A365D494A465EFBDF9
:106D6000A565E2B3A665D594A765ABB8A865D6942A
:106D7000A965B6D5AA65D794AB65BDEDAC65D894C9
:106D8000AD65CFB6AE65D994AF65B9CBB065C2D0AD
:106D9000B165DA94B265DB94B365DC94B465DD94D7
:106DA000B565DE94B665DF94B765E094B865E194A7
:106DB000B965BDB7BA65E294BB65E394BC65B6EC52
:106DC000BD65A9CABE65E494BF65E594C065E69457
:106DD000C165D4C5C265E794C365B9ECC465B8ECB8
:106DE000C565C3C2C665B7ECC765E894C865E994D4
:106DF000C965EA94CA65EB94CB65FDD0CC65BAEC65
:106E0000CD65EC94CE65BBECCF65E5D7D065ED9450
:106E1000D165EE94D265BCECD365EF94D465F09463
:106E2000D565F194D665BDECD765ECC6D865F2940E
:106E3000D965F394DA65F494DB65F594DC65F69432
:106E4000DD65F794DE65F894DF65F994E065DECEE4
:106E5000E165FA94E265C8BCE365FB94E465FC94E3
:106E6000E565D5C8E665A9B5E765C9BEE865BCD6E0
:106E7000E965E7D4EA65FD94EB65FE94EC65AED177
:106E8000ED65F1D0EE65B8EAEF65B9EAF065BAEA0A
:106E9000F165B5BAF2654095F3654195F4654295A3
:106EA000F5654395F665B1CAF765F5BFF865449594
:106EB000F9654595FA65FACDFB654695FC654795FC
:106EC000FD654895FE654995FF654A950066C0EAEF
:106ED00001664B950266BAB00366BEEA04664C953D
:106EE00005664D950666A5C007664E9508664F95E2
:106EF000096650950A66BBEA0B6651950C66FDB2B1
:106F00000D6652950E66F7C30F66E8BB1066539583
:106F100011665495126655951366D7D21466F4CE51
:106F20001566BFEA16665695176657951866589502
:106F30001966BCEA1A6659951B665A951C665B95DC
:106F40001D66C3EA1E665C951F66C7D02066B3D374
:106F500021665D9522665E9523665F952466609541
:106F60002566BAB4266661952766C1C32866F2D73E
:106F7000296662952A6663952B6664952C666595ED
:106F80002D66D1D52E6666952F66C7CA3066679581
:106F90003166C5EA32666895336669953466C4EA37
:106FA0003566C7EA3666C6EA37666A9538666B950F
:106FB00039666C953A666D953B666E953C66E7D68C
:106FC0003D666F953E66D4CF3F667095406671957D
:106FD0004166CBEA426672954366CEBB44667395C2
:106FE00045667495466675954766769548667795C5
:106FF000496678954A6679954B66FABD4C66CEC966
:107000004D667A954E667B954F66CCEA50667C95C8
:1070100051667D955266B9C95366FECF5466CAEA79
:107020005566CED45666CDEA5766CFEA58667E9549
:10703000596680955A66EDCD5B6681955C66829552
:107040005D6683955E6684955F66C9EA6066859530
:107050006166CEEA62668695636687956466EECE63
:10706000656688956666DEBB676689956866BFB3A8
:1070700069668A956A668B956B668C956C668D954C
:107080006D668E956E66D5C66F66B0BE7066FACEBA
:1070900071668F9572669095736691957466E7C771
:1070A000756692957666A7BE7766D0EA7866939500
:1070B000796694957A66C7D67B6695957C66969533
:1070C0007D6697957E66C0C17F6698958066999526
:1070D00081669A958266DDD483669B958466D1EA43
:1070E00085669C9586669D958766BECF88669E95CB
:1070F00089669F958A66A0958B66A1958C66D2EA73
:107100008D66A2958E66A3958F66A4959066A595CB
:107110009166EECA9266A6959366A7959466A89521
:107120009566A9959666AFC59766B5B09866AA9517
:107130009966AB959A66AC959B66AD959C66AE9547
:107140009D66D4EA9E66AF959F66B095A066B195A0
:10715000A166B295A266B395A366B495A466B595EB
:10716000A566B695A666B795A766D3EAA866DFF4C6
:10717000A966B895AA66B995AB66BA95AC66BB9593
:10718000AD66BC95AE66BAC4AF66BD95B066BE9539
:10719000B166BF95B266C095B366C195B466A9B134
:1071A000B566C295B666C395B766C495B866C5950B
:1071B000B966DFE5BA66C695BB66C795BC66C89575
:1071C000BD66C995BE66D5EABF66CA95C066CB9551
:1071D000C166CC95C266CD95C366CE95C466CF9583
:1071E000C566D095C666D195C766D295C866D39553
:1071F000C966D495CA66D595CB66D695CC66D79523
:10720000CD66D895CE66D995CF66DA95D066DB95F2
:10721000D166DC95D266DD95D366DE95D466DF95C2
:10722000D566E095D666E195D766E295D866E39592
:10723000D966EFCADA66E495DB66D6EADC66D7EA99
:10724000DD66D8C6DE66E595DF66E695E066E7951D
:10725000E166E895E266E995E366EA95E466EB9512
:10726000E566EC95E666D8EAE766ED95E866EE95A4
:10727000E966D9EAEA66EF95EB66F095EC66F1957A
:10728000ED66F295EE66F395EF66F495F066BBD485
:10729000F166F595F266FAC7F366B7D2F466FCB804
:1072A000F566F695F666F795F766C2EAF866F8951C
:1072B000F966DCB2FA66F995FB66FA95FC66FCC2E3
:1072C000FD66FB95FE66F8D4FF66E6CC0067EED758
:1072D0000167FC950267FD950367FE95046740967C
:1072E0000567419606674296076743960867C2D4CA
:1072F0000967D0D30A67C3EB0B67F3C50C674496E5
:107300000D67FEB70E6745960F6746961067D4EB7C
:107310001167479612674896136749961467B7CB6B
:107320001567DEEB16674A961767CAC018674B9653
:1073300019674C961A674D961B67FBCD1C674E96D6
:107340001D67AFB31E674F961F67DAC6206750965A
:107350002167519622675296236753962467549665
:10736000256755962667FCEB276756962867BEC4A7
:10737000296757962A67B4CE2B67A9C42C67BEB17C
:107380002D67FDD42E6758962F67F5CA306759963A
:107390003167ECD632675A9633675B963467D3C64B
:1073A0003567E4B636675C9637675D9638675E96F4
:1073B00039675F963A67FABB3B6760963C676196B0
:1073C0003D67E0D03E6762963F6763964067B1C90C
:1073D000416764964267D3D44367A8C844676596FB
:1073E000456766964667CBB8476767964867BEE8C5
:1073F0004967BCC94A6768964B6769964C67BBE8A2
:107400004D676A964E67EEC04F67D3D05067C4B2DF
:107410005167E5B452676B965367BCE854676C9646
:1074200055676D965667C8D557676E9658676F96BD
:10743000596770965A6771965B6772965C67C5B6B6
:107440005D6773965E67BDE85F67F8CA6067DCB822
:107450006167F5CC62677496636775966467769624
:107460006567B4C066677796676778966867EED198
:107470006967BFE86A67C2E86B6779966C677A9656
:107480006D67BCBA6E677B966F67ADB17067DCBD28
:1074900071677C967267BDEA7367C3E874677D960F
:1074A0007567C6E876677E967767CBE878678096DB
:1074B000796781967A6782967B6783967C67CCE84A
:1074C0007D6784967E67C9CB7F67E5B080678596C8
:1074D0008167ABBC82678696836787968467B9B9F4
:1074E00085678896866789968767C1E888678A96E0
:1074F0008967F7CD8A678B968B67CAE88C678C960D
:107500008D678D968E678E968F678F969067F6CE75
:1075100091679096926791969367929694679396E7
:107520009567EDD5966794969767D6C19867C4E836
:10753000996795969A67B6C39B6796969C67FBB9C1
:107540009D67A6D69E67C8E89F679796A06798969E
:10755000A1679996A267E0CAA367E6D4A4679A9642
:10756000A567C0E8A6679B96A767C5E8A867C7E8B0
:10757000A9679C96AA67B9C7AB67E3B7AC679D9646
:10758000AD67C9E8AE679E96AF67DDBFB067D2E86A
:10759000B1679F96B267A096B367D7E8B467A19624
:1075A000B567D5E8B667DCBCB767CFBCB867DBE8C2
:1075B000B967A296BA67A396BB67A496BC67A5965F
:1075C000BD67A696BE67A796BF67A896C067A9962F
:1075D000C167DEE8C267AA96C367DAE8C467FAB192
:1075E000C567AB96C667AC96C767AD96C867AE96DB
:1075F000C967AF96CA67B096CB67B196CC67B296AB
:10760000CD67B396CE67B496CF67D8B0D067B3C412
:10761000D167CCB8D267E2C6D367BEC8D467E1C829
:10762000D567B596D667B696D767B796D867CFE8C9
:10763000D967D4E8DA67D6E8DB67B896DC67F1B9D2
:10764000DD67D8E8DE67F5D7DF67B996E067FBC48A
:10765000E167BA96E267DCE8E367BB96E467BC964D
:10766000E567E9B2E667BD96E767BE96E867BF964D
:10767000E967D1E8EA67C096EB67C196EC67EDBCB5
:10768000ED67C296EE67C396EF67C2BFF067CDE8BD
:10769000F167F9D6F267C496F367F8C1F467F1B2FF
:1076A000F567C596F667C696F767C796F867C896F2
:1076B000F967C996FA67CA96FB67CB96FC67CC96C2
:1076C000FD67DFE8FE67CD96FF67C1CA0068D9E8AD
:1076D0000168CE960268CF960368D0960468D1966A
:1076E0000568A4D50668D2960768EAB10868BBD5D4
:1076F0000968CEE80A68D0E80B68B0B60C68D3E831
:107700000D68D3960E68DDE80F68B8C01068D4968F
:107710001168F7CA1268D5961368A8CB1468D69674
:107720001568D7961668DCC61768F5C01868D8962D
:107730001968D9961A68DA961B68DB961C68DC967D
:107740001D68E9E81E68DD961F68DE962068DF96F2
:107750002168A3D02268E0962368E1962468E29627
:107760002568E3962668E4962768E5962868E696F5
:107770002968F2E82A68EAD62B68E7962C68E8962A
:107780002D68E9962E68EA962F68EB963068EC969D
:107790003168ED963268E0E83368E1E83468EE96E7
:1077A0003568EF963668F0963768F9D13868CBBA05
:1077B0003968F9B83A68F1963B68F2963C68F1B8D6
:1077C0003D68D4D43E68EFE83F68F3964068EEE841
:1077D0004168ECE84268F0B94368D2CC4468E6E816
:1077E0004568A6CE4668F2BF4768F4964868B8B0C8
:1077F0004968F1E84A68F0E84B68F5964C68C0D7EC
:107800004D68F6964E68E4E84F68F7965068A9CD43
:107810005168A3C95268F8965368B8BB5468DBBD79
:107820005568EAE85668F9965768FA965868FB96DC
:107830005968FC965A68FD965B68FE965C684097AE
:107840005D6841975E6842975F6843976068E2E8C9
:107850006168E3E86268E5E86368B5B56468E7E82D
:107860006568C5C76668EBE86768EDE86868B0BD3D
:107870006968AED76A6844976B68F8E86C684597A2
:107880006D6846976E6847976F6848977068499724
:1078900071684A9772684B9773684C977468F5E8FB
:1078A00075684D977668B0CD7768F6E878684E973A
:1078B00079684F977A6850977B6851977C685297A0
:1078C0007D6853977E6854977F6855978068569770
:1078D0008168BAC1826857978368E8E884685897D6
:1078E0008568B7C38668F0B08768599788685A97E3
:1078F00089685B978A685C978B685D978C685E97F0
:107900008D685F978E6860978F68F4E890686197DC
:1079100091686297926863979368F7E894686497B0
:1079200095686597966866979768A3B9986867970A
:10793000996868979A6869979B686A979C686B973B
:107940009D686C979E686D979F686E97A0686F970B
:10795000A1687097A268D2C9A3687197A46872974A
:10796000A5687397A668CEC3A768E0CEA868E6C0EE
:10797000A9687497AA687597AB687697AC6877978B
:10798000AD68F3CBAE687897AF68DDCCB068B5D0A2
:10799000B1687997B2687A97B368E1CAB4687B979F
:1079A000B568F3E8B6687C97B7687D97B8687E9746
:1079B000B9688097BA688197BB688297BC688397DB
:1079C000BD688497BE688597BF688697C068ECBC21
:1079D000C1688797C268F9E8C3688897C4688997BF
:1079E000C5688A97C6688B97C7688C97C8688D9753
:1079F000C968DEC3CA688E97CB68E5C6CC688F9726
:107A0000CD68F7B9CE689097CF689197D068929774
:107A1000D1689397D268F4B0D3689497D468959757
:107A2000D568D8D7D6689697D7689797D868ACBCEA
:107A3000D9689897DA68EFC5DB689997DC689A97F8
:107A4000DD689B97DE689C97DF689D97E068C4CCF3
:107A5000E1689E97E2689F97E368A6E9E468A097CB
:107A6000E568A197E668A297E768A397E868A497F6
:107A7000E968A597EA68A697EB68A797EC68A897C6
:107A8000ED68A997EE68ADC9EF68AA97F068A2E91A
:107A9000F168E2C0F268AB97F368AC97F468AD9711
:107AA000F568C3BFF668AE97F768AF97F868B09708
:107AB000F968FEE8FA68D7B9FB68B197FC68FBE89B
:107AC000FD68B297FE68B397FF68B4970069B597F1
:107AD0000169A4E90269B6970369B7970469B89781
:107AE0000569CED20669B9970769BA970869BB9745
:107AF0000969BC970A69BD970B69A3E90C69BE9730
:107B00000D69B2D60E69B5D70F69BF971069A7E99D
:107B10001169C0971269B7BD1369C1971469C297FB
:107B20001569C3971669C4971769C5971869C697E9
:107B30001969C7971A69C8971B69C9971C69CA97B9
:107B40001D69CB971E69CC971F69FCE82069FDE889
:107B50002169CD972269CE972369CF972469A1E93E
:107B60002569D0972669D1972769D2972869D39735
:107B70002969D4972A69D5972B69D6972C69D79705
:107B80002D69D6CD2E69D8972F69D9973069ACD297
:107B90003169DA973269DB973369DC973469B2E986
:107BA0003569DD973669DE973769DF973869E09781
:107BB0003969A9E93A69E1973B69E2973C69E3973A
:107BC0003D69AAB43E69E4973F69BBB44069E59753
:107BD0004169E6974269ABE94369E7974469E897E9
:107BE0004569E9974669EA974769EB974869EC97D1
:107BF0004969ED974A69EE974B69EF974C69F097A1
:107C00004D69F1974E69F2974F69F3975069F49770
:107C10005169F5975269F6975369F7975469A8D057
:107C20005569F8975669F9975769A5E95869FA9718
:107C30005969FB975A69FEB35B69FC975C69FD97CC
:107C40005D69ACE95E69E3C05F69FE976069AAE9B6
:107C500061694098626941986369B9E964694298C9
:107C6000656943986669B8E96769449868694598A1
:107C7000696946986A6947986B69AEE96C69489882
:107C80006D6949986E69FAE86F694A9870694B980E
:107C90007169A8E972694C9873694D9874694E9836
:107CA00075694F98766950987769ACBF7869B1E982
:107CB0007969BAE97A6951987B6952987C69A5C259
:107CC0007D6953987E6954987F6955988069AFE9BA
:107CD000816956988269C5B8836957988469ADE906
:107CE000856958988669DCD38769B4E98869B5E9FC
:107CF0008969B7E98A6959988B695A988C695B9840
:107D00008D69C7E98E695C988F695D9890695E9806
:107D100091695F9892696098936961989469C6C007
:107D20009569C5E996696298976963989869B0E919
:107D3000996964989A6965989B69BBE99C69F1B0F7
:107D40009D6966989E6967989F696898A069699817
:107D5000A1696A98A2696B98A3696C98A4696D98E7
:107D6000A5696E98A6696F98A769BCE9A869A5D5A9
:107D7000A9697098AA697198AB69BEE9AC697298F3
:107D8000AD69BFE9AE697398AF697498B0697598C9
:107D9000B169C1E9B2697698B3697798B469F1C1FC
:107DA000B5697898B6697998B769B6C8B8697A98A4
:107DB000B9697B98BA697C98BB69BDE9BC697D9853
:107DC000BD697E98BE698098BF698198C0698298B4
:107DD000C169C2E9C2698398C3698498C4698598F6
:107DE000C5698698C6698798C7698898C869899857
:107DF000C9698A98CA69C3E9CB698B98CC69B3E928
:107E0000CD698C98CE69B6E9CF698D98D069B1BB40
:107E1000D1698E98D2698F98D3699098D469C0E956
:107E2000D5699198D6699298D7699398D8699498AA
:107E3000D9699598DA699698DB69F7BCDC699798F7
:107E4000DD699898DE699998DF69C4E9E069C6E957
:107E5000E1699A98E2699B98E3699C98E4699D9826
:107E6000E5699E98E6699F98E769A098E869A198F6
:107E7000E969A298EA69A398EB69A498EC69A598C6
:107E8000ED69CAE9EE69A698EF69A798F069A89824
:107E9000F169A998F269CEE9F369AA98F469AB98F7
:107EA000F569AC98F669AD98F769AE98F869AF983E
:107EB000F969B098FA69B198FB69B298FC69B3980E
:107EC000FD69DBB2FE69B498FF69C8E9006AB5983C
:107ED000016AB698026AB798036AB898046AB998B2
:107EE000056ABA98066ABB98076ABC98086ABD9882
:107EF000096ABE980A6AAEB70B6ABF980C6AC09846
:107F00000D6AC1980E6AC2980F6AC398106AC49825
:107F1000116AC598126AC698136AC798146AC898F5
:107F2000156AC998166ACA98176ACBE9186ACCE923
:107F3000196ACB981A6ACC981B6ACD981C6ACE989D
:107F40001D6ACF981E6AD0981F6AC1D5206AD19841
:107F5000216AA3C4226AD298236AD398246AD49847
:107F6000256AD598266AD698276AD798286AD8E9C4
:107F7000296AD8982A6AE1BA2B6AD9982C6ADA98C1
:107F80002D6ADB982E6ADC982F6AC9E9306ADD9881
:107F9000316AA3D3326ADE98336ADF98346AE09894
:107FA000356AD4E9366AE198376AE298386AE39824
:107FB000396AE4983A6AE5983B6AE6983C6AE79839
:107FC0003D6AD7E93E6AD0E93F6AE898406AE99895
:107FD000416AEA98426AEB98436AEC98446ACFE9AE
:107FE000456AED98466AEE98476AC1C7486AEF98B5
:107FF000496AF0984A6AF1984B6AF2984C6AF39889
:108000004D6AF4984E6AF5984F6AF698506AD2E92C
:10801000516AF798526AF898536AF998546AFA982C
:10802000556AFB98566AFC98576AFD98586AD9E9D0
:10803000596AC8B35A6AFE985B6AD3E95C6A409988
:108040005D6A41995E6A42995F6A4399606A4499A0
:10805000616AF0CF626A4599636A4699646A479992
:10806000656ACDE9666A4899676A4999686A4A9972
:10807000696A4B996A6A4C996B6A4D996C6A4E9918
:108080006D6A4F996E6A50996F6A5199706A5299E8
:10809000716AF7B3726A5399736A5499746A5599FD
:1080A000756A5699766A5799776A5899786A59998C
:1080B000796AD6E97A6A5A997B6A5B997C6ADAE9C5
:1080C0007D6A5C997E6A5D997F6A5E99806AB4CCAC
:1080D000816A5F99826A6099836A6199846AADCF87
:1080E000856A6299866A6399876A6499886A6599DC
:1080F000896A66998A6A67998B6A68998C6A6999AC
:108100008D6A6A998E6AD5E98F6A6B99906ADCE903
:10811000916ADBE9926A6C99936A6D99946A6E9997
:10812000956A6F99966A7099976ADEE9986A71996B
:10813000996A72999A6A73999B6A74999C6A7599FB
:108140009D6A76999E6A77999F6A7899A06AD1E923
:10815000A16A7999A26A7A99A36A7B99A46A7C999F
:10816000A56A7D99A66A7E99A76A8099A86A81996D
:10817000A96ADDE9AA6A8299AB6ADFE9AC6ACAC377
:10818000AD6A8399AE6A8499AF6A8599B06A869917
:10819000B16A8799B26A8899B36A8999B46A8A99E7
:1081A000B56A8B99B66A8C99B76A8D99B86A8E99B7
:1081B000B96A8F99BA6A9099BB6A9199BC6A929987
:1081C000BD6A9399BE6A9499BF6A9599C06A969957
:1081D000C16A9799C26A9899C36A9999C46A9A9927
:1081E000C56A9B99C66A9C99C76A9D99C86A9E99F7
:1081F000C96A9F99CA6AA099CB6AA199CC6AA299C7
:10820000CD6AA399CE6AA499CF6AA599D06AA69996
:10821000D16AA799D26AA899D36AA999D46AAA9966
:10822000D56AAB99D66AAC99D76AAD99D86AAE9936
:10823000D96AAF99DA6AB099DB6AB199DC6AB29906
:10824000DD6AB399DE6AB499DF6AB599E06AB699D6
:10825000E16AB799E26AB899E36AB999E46ABA99A6
:10826000E56ABB99E66ABC99E76ABD99E86ABE9976
:10827000E96ABF99EA6AC099EB6AC199EC6AC29946
:10828000ED6AC399EE6AC499EF6AC599F06AC69916
:10829000F16AC799F26AC899F36AC999F46ACA99E6
:1082A000F56ACB99F66ACC99F76ACD99F86ACE99B6
:1082B000F96ACF99FA6AD099FB6AD199FC6AD29986
:1082C000FD6AD399FE6AD499FF6AD599006BD69955
:1082D000016BD799026BD899036BD999046BDA9922
:1082E000056BDB99066BDC99076BDD99086BDE99F2
:1082F000096BDF990A6BE0990B6BE1990C6BE299C2
:108300000D6BE3990E6BE4990F6BE599106BE69991
:10831000116BE799126BE899136BE999146BEA9961
:10832000156BEB99166BEC99176BED99186BEE9931
:10833000196BEF991A6BF0991B6BF1991C6BF29901
:108340001D6BF3991E6BF4991F6BF599206BB7C7E2
:10835000216BCEB4226BB6BB236BC0D0246BA3ECD5
:10836000256BF699266BF799276BB7C5286BF8999B
:10837000296BF9992A6BFA992B6BFB992C6BFC9959
:108380002D6BFD992E6BFE992F6B409A306B419AA5
:10839000316B429A326BFBD3336B439A346B449A02
:1083A000356B459A366B469A376BA4EC386B479A17
:1083B000396BA5EC3A6BDBC63B6B489A3C6B499A30
:1083C0003D6B4A9A3E6BEEBF3F6B4B9A406B4C9AAB
:1083D000416B4D9A426B4E9A436BA6EC446B4F9A9D
:1083E000456B509A466BA7EC476BAAD0486B519AE5
:1083F000496BB8C74A6B529A4B6B539A4C6BE8B8AF
:108400004D6B549A4E6B559A4F6B569A506B579AC8
:10841000516B589A526B599A536B5A9A546B5B9A98
:10842000556B5C9A566B5D9A576B5E9A586B5F9A68
:10843000596BA8EC5A6B609A5B6B619A5C6B629AA1
:108440005D6B639A5E6B649A5F6B659A606B669A0C
:10845000616B679A626BB9D6636BFDD5646BCBB405
:10846000656BBDB2666BE4CE676BE7C6686B689AF6
:10847000696B699A6A6BE1CD6B6B6A9A6C6B6B9AEC
:108480006D6B6C9A6E6B6D9A6F6B6E9A706B6F9A68
:10849000716B709A726B719A736B729A746B739A38
:1084A000756B749A766B759A776B769A786B779A08
:1084B000796BF5B47A6B789A7B6BC0CB7C6BDFBC45
:1084C0007D6B799A7E6B7A9A7F6B7B9A806B7C9AB4
:1084D000816BE2E9826BE3E9836BEAD1846BE5E9C6
:1084E000856B7D9A866BF9B4876BE4E9886B7E9A1D
:1084F000896BB3D18A6BE2CA8B6BD0B28C6B809ADA
:108500008D6BE8E98E6B819A8F6B829A906B839A60
:10851000916B849A926BE6E9936BE7E9946B859A89
:10852000956B869A966BB3D6976B879A986B889A59
:10853000996B899A9A6BE9E99B6BEAE99C6B8A9A39
:108540009D6B8B9A9E6B8C9A9F6B8D9AA06B8E9A6B
:10855000A16BEBE9A26B8F9AA36B909AA46B919A93
:10856000A56B929AA66B939AA76B949AA86B959A0F
:10857000A96B969AAA6BECE9AB6B979AAC6B989A3D
:10858000AD6B999AAE6B9A9AAF6B9B9AB06B9C9AB3
:10859000B16B9D9AB26B9E9AB36BAFECB46BB9C5DD
:1085A000B56BCEB6B66B9F9AB76BF3D2B86BA09A89
:1085B000B96BA19ABA6BA29ABB6BA39ABC6BA49A33
:1085C000BD6BA59ABE6BA69ABF6BEEB5C06BA79AA2
:1085D000C16BD9BBC26BB1ECC36BA89AC46BA99A2F
:1085E000C56BE3D2C66BAA9AC76BAB9AC86BAC9A41
:1085F000C96BAD9ACA6BAE9ACB6BE3CECC6BAF9A1C
:10860000CD6BB8C4CE6BB09ACF6BBFC3D06BB19AF1
:10861000D16BB29AD26BBEB6D36BB9D8D46BC8B19A
:10862000D56BCFB1D66BD1B1D76BFEC5D86BB39A32
:10863000D96BD0B1DA6BB49ADB6BABC3DC6BB59A98
:10864000DD6BB69ADE6BB79ADF6BB89AE06BB99ABE
:10865000E16BB1D5E26BBA9AE36BBB9AE46BBC9A5F
:10866000E56BBD9AE66BBE9AE76BBF9AE86BC09A62
:10867000E96BC19AEA6BA4EBEB6BC1BAEC6BC29AE3
:10868000ED6BC39AEE6BC49AEF6BBACCF06BC59AE4
:10869000F16BC69AF26BC79AF36BA5EBF46BC89AB1
:1086A000F56BA7EBF66BC99AF76BCA9AF86BCB9A86
:1086B000F96BA8EBFA6BCC9AFB6BCD9AFC6BCE9A5C
:1086C000FD6BA6EBFE6BCF9AFF6BD09A006CD19A34
:1086D000016CD29A026CD39A036CD49A046CD59A2A
:1086E000056CA9EB066CABEB076CAAEB086CD69A91
:1086F000096CD79A0A6CD89A0B6CD99A0C6CDA9AD6
:108700000D6CACEB0E6CDB9A0F6CCFCA106CB5D84D
:10871000116CF1C3126CDC9A136CA5C3146CF8C60F
:10872000156CADEB166CCAC4176CDD9A186CAEEB09
:10873000196CAFEB1A6CB0EB1B6CD5B71C6CDE9AE6
:108740001D6CDF9A1E6CE09A1F6CFAB7206CE19AE0
:10875000216CB1EB226CE2C7236CE29A246CB3EB80
:10876000256CE39A266CA4BA276CF5D1286CB1B0BD
:10877000296CB2EB2A6CB4EB2B6CE49A2C6CE59A66
:108780002D6CE69A2E6CAAB52F6CC8C2306CE8C767
:10879000316CE79A326CB5EB336CE89A346CAECB43
:1087A000356CDFE3366CE99A376CEA9A386CC0D3E3
:1087B000396CEB9A3A6CEC9A3B6CED9A3C6CEE9A05
:1087C0003D6CDBD93E6CEF9A3F6CF09A406CA1CDCA
:1087D000416CADD6426CF3C7436CF19A446CF29A8B
:1087E000456CF39A466CE0D9476CE3BB486CF49A4D
:1087F000496CBABA4A6CE2E34B6CF59A4C6CF69A47
:108800004D6CF79A4E6CF89A4F6CF99A506CABCF4E
:10881000516CFA9A526CFB9A536CFC9A546CE0E3DC
:10882000556CC7C9566CFD9A576CB9BA586CFE9A0C
:10883000596C409B5A6C419B5B6CB4D15C6CE1E31E
:108840005D6CEAC85E6CAFB95F6CADBD606CD8B3EF
:10885000616CDBCE626C429B636C439B646CC0CCEE
:10886000656C449B666C459B676C469B686CE8E353
:10887000696CE9E36A6CF4CD6B6C479B6C6C489B4C
:108880006D6C499B6E6C4A9B6F6C4B9B706CADCC56
:10889000716C4C9B726CB3BC736C4D9B746CEAE353
:1088A000756C4E9B766CEBE3776C4F9B786C509BB2
:1088B000796CDAD07A6C519B7B6C529B7C6C539BAD
:1088C0007D6CFBC67E6CDAB77F6C549B806C559BCD
:1088D000816CDFC7826CCAD2836CD6CE846C569B07
:1088E000856CE4E3866CECE3876C579B886CF2C97B
:1088F000896CC1B38A6C589B8B6C599B8C6CE7E379
:108900008D6C5A9B8E6C5B9B8F6CE3C6906CE5E321
:10891000916C5C9B926C5D9B936CB3ED946CE6E305
:10892000956C5E9B966C5F9B976C609B986C619B53
:10893000996CB3C99A6C629B9B6CE6C59C6C639BFB
:108940009D6C649B9E6C659B9F6CB5B9A06C669B8F
:10895000A16CBBC3A26C679BA36CE3E3A46CBDC515
:10896000A56CA4C1A66CD9C2A76CD7B2A86C689B31
:10897000A96CEDE3AA6CA6BBAB6CADC4AC6C699BF7
:10898000AD6CF0E3AE6CDABEAF6C6A9BB06C6B9B07
:10899000B16CFBE3B26CF5E3B36CD3BAB46C6C9B13
:1089A000B56C6D9BB66C6E9BB76C6F9BB86CD0B79B
:1089B000B96CCDD3BA6C709BBB6CCED6BC6CD3D526
:1089C000BD6CC1B9BE6CB4D5BF6CD8D1C06C719B45
:1089D000C16C729BC26C739BC36C749BC46CB9D02A
:1089E000C56CF6C7C66C759BC76C769BC86C779BCD
:1089F000C96CAAC8CA6CB4B2CB6C789BCC6CDAC315
:108A0000CD6C799BCE6C7A9BCF6C7B9BD06CEEE36C
:108A1000D16C7C9BD26C7D9BD36CFCE3D46CEFE37C
:108A2000D56CA8B7D66CF7E3D76CF4E3D86C7E9B13
:108A3000D96C809BDA6C819BDB6CBAB7DC6C829B57
:108A4000DD6C839BDE6CA2C5DF6C849BE06CF6E37F
:108A5000E16CDDC5E26CA8B2E36CFCC6E46C859BFE
:108A6000E56CE0C4E66C869BE76C879BE86CA2D75C
:108A7000E96C889BEA6CE1C0EB6CF9E3EC6C899BD8
:108A8000ED6C8A9BEE6CFAE3EF6CFDE3F06CA9CC25
:108A9000F16CF3E3F26C8B9BF36CBED3F46C8C9BA8
:108AA000F56CC3B1F66CB4EDF76CF1E3F86CF2E37E
:108AB000F96C8D9BFA6CF8E3FB6CBAD0FC6CC3C606
:108AC000FD6CF3D4FE6CFEE3FF6C8E9B006D8F9B00
:108AD000016DE0BD026D909B036D919B046DA7E459
:108AE000056D929B066D939B076DA6E4086D949BA4
:108AF000096D959B0A6D969B0B6DF3D10C6DA3E4EC
:108B00000D6D979B0E6DA9E40F6D989B106D999B51
:108B1000116D9A9B126DF7C8136D9B9B146D9C9BF6
:108B2000156D9D9B166D9E9B176DB4CF186D9F9B09
:108B3000196DA8E41A6DAEE41B6DE5C21C6DA09B17
:108B40001D6DA19B1E6DB4B61F6DA29B206DA39BD6
:108B5000216DA49B226DA59B236DA69B246DA79BD5
:108B6000256DF2BD266DA89B276DA2E4286DA99BFB
:108B7000296DAA9B2A6DE9BA2B6DAAE42C6DAB9BDB
:108B80002D6DAC9B2E6DACE42F6DAD9B306DAE9B0F
:108B9000316DFDB6326DDED6336DB2E4346DAF9B10
:108BA000356DADE4366DB09B376DB19B386DB29BC2
:108BB000396DA1E43A6DB39B3B6DEEBB3C6DDDCDF1
:108BC0003D6DA2C73E6DC9C53F6DB49B406DB59B61
:108BD000416DF7C1426DB69B436DA4E4446DB79BF4
:108BE000456DB3C7466DACBD476DBDBD486DA5E4D1
:108BF000496DB89B4A6DC7D74B6DE2B24C6DB99BBE
:108C00004D6DABE44E6DC3BC4F6DAFE4506DBA9B80
:108C1000516DEBBB526DB0E4536DA8C5546DB1E41A
:108C2000556DBB9B566DBC9B576DBD9B586DBE9BD8
:108C3000596DE3D55A6DA3BF5B6DBF9B5C6DBAE404
:108C40005D6DC09B5E6DB7E45F6DC19B606DBBE405
:108C5000616DC29B626DC39B636DBDE4646DC49B1B
:108C6000656DC59B666DD6C6676DC69B686DC79BF7
:108C7000696DC6BA6A6DCBC06B6DC89B6C6DC99BC4
:108C80006D6DCA9B6E6DA1B86F6DB4E4706DCB9BBA
:108C9000716DCC9B726DCD9B736DCE9B746DA1D4A9
:108CA000756DCF9B766DD09B776DA3BA786DFEBD49
:108CB000796DD19B7A6DD29B7B6DD39B7C6DBCE42F
:108CC0007D6DD49B7E6DD59B7F6DD69B806DD79B34
:108CD000816DD89B826DBFCD836DD99B846DDA9BEE
:108CE000856DF9C4866DDB9B876DDC9B886DFBCF42
:108CF000896DE6C98A6DDD9B8B6DDE9B8C6DBFD364
:108D00008D6DDF9B8E6DD1CF8F6DE09B906DE19B64
:108D1000916DB3E4926DE29B936DB8E4946DB9E408
:108D2000956DE9CC966DE39B976DE49B986DE59B03
:108D3000996DE69B9A6DE79B9B6DCECC9C6DE89BF5
:108D40009D6DD4C09E6DB5E49F6DB0C1A06DB6E4BD
:108D5000A16DD0CEA26DE99BA36DC1BBA46DD3B5AF
:108D6000A56DEA9BA66DF3C8A76DA7BDA86DC7D575
:108D7000A96DACC9AA6DA2B8AB6DCAE4AC6DEB9B92
:108D8000AD6DEC9BAE6DCCE4AF6DC4D1B06DED9B21
:108D9000B16DEE9BB26DBAD2B36DEF9BB46DF09B2B
:108DA000B56DADBAB66DF19BB76DF29BB86DD4BA27
:108DB000B96DF39BBA6DF49BBB6DF59BBC6DF69BD7
:108DC000BD6DF79BBE6DF89BBF6DC3E4C06DEDB587
:108DD000C16DF99BC26DFA9BC36DFB9BC46DCDD772
:108DE000C56DC0E4C66DFDCFC76DBFE4C86DFC9B0B
:108DF000C96DFD9BCA6DFE9BCB6DDCC1CC6DCACC31
:108E0000CD6D409CCE6D419CCF6D429CD06D439CFE
:108E1000D16DE7CAD26D449CD36D459CD46D469C00
:108E2000D56D479CD66DD7C4D76D489CD86DD4CC32
:108E3000D96DC8E4DA6D499CDB6D4A9CDC6D4B9CB6
:108E4000DD6DC7E4DE6DC1E4DF6D4C9CE06DC4E414
:108E5000E16DADB5E26D4D9CE36D4E9CE46DD9D3F3
:108E6000E56D4F9CE66DC6E4E76D509CE86D519C46
:108E7000E96D529CEA6D539CEB6DF9D2EC6DE3B455
:108E8000ED6D549CEE6DB4BBEF6D559CF06D569C32
:108E9000F16DEEC9F26D579CF36DBEB4F46D589C44
:108EA000F56D599CF66D5A9CF76DECBBF86D5B9CAB
:108EB000F96DCDD1FA6D5C9CFB6DEDCCFC6DB5ED23
:108EC000FD6D5D9CFE6D5E9CFF6D5F9C006E609C09
:108ED000016E619C026E629C036E639C046E649CD6
:108EE000056EE5C7066E659C076E669C086E679CFE
:108EF000096E689C0A6EA8D40B6E699C0C6ECBE45C
:108F00000D6ED5D70E6EC2E40F6E6A9C106EA5BDB5
:108F1000116EC5E4126E6B9C136E6C9C146EE6D3DE
:108F2000156E6D9C166EC9E4176EF8C9186E6E9CAE
:108F3000196E6F9C1A6EBEE41B6E709C1C6E719C49
:108F40001D6EE5D31E6E729C1F6E739C206EFEC755
:108F5000216EC9B6226E749C236EFCD4246EB3B20B
:108F6000256ED7E4266E759C276E769C286E779CBE
:108F7000296EC2CE2A6E789C2B6ECDE42C6E799C25
:108F80002D6EBCCE2E6E7A9C2F6EDBB8306E7B9C25
:108F9000316E7C9C326ED6E4336E7D9C346ECABFDB
:108FA000356E7E9C366E809C376E819C386ECED33B
:108FB000396E829C3A6EECC33B6E839C3C6E849C03
:108FC0003D6E859C3E6E869C3F6E879C406E889C65
:108FD000416E899C426E8A9C436EC8C5446ED8E43B
:108FE000456E8B9C466E8C9C476E8D9C486E8E9C0D
:108FF000496E8F9C4A6E909C4B6E919C4C6E929CDD
:109000004D6EC4CD4E6ECFE44F6E939C506E949CCB
:10901000516E959C526E969C536ED4E4546ED5E47A
:10902000556E979C566EFEBA576E989C586EE6CF5A
:10903000596E999C5A6E9A9C5B6EBFD55C6E9B9CD8
:109040005D6E9C9C5E6E9D9C5F6ED2E4606E9E9C8D
:10905000616E9F9C626EA09C636EA19C646EA29CDC
:10906000656EA39C666EA49C676EA59C686EA69CAC
:10907000696EA79C6A6EA89C6B6ED0E46C6EA99C0E
:109080006D6EAA9C6E6ECEE46F6EAB9C706EAC9CE7
:10909000716EAD9C726EAE9C736EAF9C746EB09C24
:1090A000756EB19C766EB29C776EB39C786EB49CF4
:1090B000796EB59C7A6EB69C7B6EB79C7C6EB89CC4
:1090C0007D6EB99C7E6EE5CD7F6EAACA806EBA9C1D
:1090D000816EBB9C826EBC9C836EA3C0846EBD9C63
:1090E000856EA6BD866ED3E4876EBE9C886EBF9CDF
:1090F000896EC8B88A6EC09C8B6EC19C8C6EC29CF7
:109100008D6EC39C8E6EC49C8F6EE7E4906EB4D45B
:10911000916EC59C926EC69C936EC79C946EC89CC3
:10912000956EC99C966ECA9C976ECB9C986EDBE43C
:10913000996ECC9C9A6ECD9C9B6ECE9C9C6EEFC122
:109140009D6ECF9C9E6ED09C9F6EE9E4A06ED19CDC
:10915000A16ED29CA26EE7D2A36ED39CA46ED49CC7
:10916000A56EDFE4A66ED59CA76EE0E4A86ED69C43
:10917000A96ED79CAA6EAACFAB6ED89CAC6ED99CB8
:10918000AD6EDA9CAE6EDB9CAF6EDDCBB06EDC9C60
:10919000B16EDAE4B26ED1E4B36EDD9CB46EE5E498
:1091A000B56EDE9CB66EDCC8B76EE3E4B86EDF9CCD
:1091B000B96EE09CBA6EE7C4BB6EE2E4BC6EE19CA3
:1091C000BD6EE1E4BE6EE29CBF6EE39CC06EE49CAB
:1091D000C16EFCB3C26EE8E4C36EE59CC46EE69C4F
:1091E000C56EE79CC66EE89CC76EE1B5C86EE99C8B
:1091F000C96EEA9CCA6EEB9CCB6ECCD7CC6EEC9C55
:10920000CD6EED9CCE6EEE9CCF6EE6E4D06EEF9C04
:10921000D16EACBBD26EF09CD36ED2D7D46ECFCC15
:10922000D56EF8EBD66EF19CD76EE4E4D86EF29C66
:10923000D96EF39CDA6EF6B9DB6EF49CDC6EF59CAD
:10924000DD6EF69CDE6ECDD6DF6ED9E4E06EDCE43A
:10925000E16EFAC2E26EDEE4E36EF79CE46ECBC22E
:10926000E56EC4C0E66ED0C2E76EF89CE86EF5B15C
:10927000E96EB2CCEA6EF99CEB6EFA9CEC6EFB9C4C
:10928000ED6EFC9CEE6EFD9CEF6EFE9CF06E409DC4
:10929000F16E419DF26E429DF36E439DF46ECEB52C
:1092A000F56E449DF66E459DF76E469DF86E479DA2
:1092B000F96EEFE4FA6E489DFB6E499DFC6E4A9D87
:1092C000FD6E4B9DFE6E4C9DFF6E4D9D006F4E9D45
:1092D000016F4F9D026FAFC6036F509D046F519D8C
:1092E000056F529D066FE1C6076F539D086F549D31
:1092F000096FF5E40A6F559D0B6F569D0C6F579DD6
:109300000D6F589D0E6F599D0F6FA9C2106F5A9D1A
:10931000116F5B9D126F5C9D136FECC0146FDDD1FC
:10932000156FEEE4166F5D9D176F5E9D186F5F9D64
:10933000196F609D1A6F619D1B6F629D1C6F639D0D
:109340001D6F649D1E6F659D1F6F669D206FAEC46F
:10935000216F679D226F689D236F699D246FEDE4E7
:10936000256F6A9D266F6B9D276F6C9D286F6D9D85
:10937000296FF6E42A6FF4E42B6FFEC22C6F6E9D0A
:109380002D6FDDE42E6F6F9D2F6FF0E4306F709DB9
:10939000316FFECA326F719D336FC4D5346F729DC9
:1093A000356F739D366FF1E4376F749D386F759D1F
:1093B000396F769D3A6F779D3B6F789D3C6F799DB5
:1093C0003D6F7A9D3E6FFAD13F6F7B9D406F7C9DD4
:1093D000416F7D9D426F7E9D436F809D446F819D57
:1093E000456F829D466FEBE4476FECE4486F839DC9
:1093F000496F849D4A6F859D4B6FF2E44C6F869D4B
:109400004D6FABCE4E6F879D4F6F889D506F899D7E
:10941000516F8A9D526F8B9D536F8C9D546F8D9DA4
:10942000556F8E9D566F8F9D576F909D586FCBC512
:10943000596F919D5A6F929D5B6F939D5C6FB1C701
:109440005D6F949D5E6FBAC25F6F959D606F969DD4
:10945000616F979D626FEAE4636F989D646F999D59
:10946000656F9A9D666FCAC1676F9B9D686F9C9D73
:10947000696F9D9D6A6F9E9D6B6F9F9D6C6FA09D98
:109480006D6FB6CC6E6FB1B36F6FA19D706FA29D03
:10949000716FA39D726FFBE4736FA49D746FF3E40F
:1094A000756FA59D766FA69D776FA79D786FFAE47F
:1094B000796FA89D7A6FFDE47B6FA99D7C6FFCE4BA
:1094C0007D6FAA9D7E6FAB9D7F6FAC9D806FAD9DC4
:1094D000816FAE9D826FAF9D836FB09D846FCEB361
:1094E000856FB19D866FB29D876FB39D886FBAB34C
:1094F000896FF7E48A6FB49D8B6FB59D8C6FF9E42B
:109500008D6FF8E48E6FECC58F6FB69D906FB79D31
:10951000916FB89D926FB99D936FBA9D946FBB9DEB
:10952000956FBC9D966FBD9D976FBE9D986FBF9DBB
:10953000996FC09D9A6FC19D9B6FC29D9C6FBDC06E
:109540009D6FC39D9E6FC49D9F6FC59DA06FC69D5F
:10955000A16FE8D4A26FC79DA36FC89DA46FC99DDA
:10956000A56FCA9DA66FCB9DA76FA2E5A86FCC9DE6
:10957000A96FCD9DAA6FCE9DAB6FCF9DAC6FD09DD7
:10958000AD6FD19DAE6FD29DAF6FD39DB06FD49DA7
:10959000B16FD59DB26FD69DB36FC4B0B46FD79D78
:1095A000B56FD89DB66FA4E5B76FD99DB86FDA9D3A
:1095B000B96FA3E5BA6FDB9DBB6FDC9DBC6FDD9D12
:1095C000BD6FDE9DBE6FDF9DBF6FE09DC06FA4BC11
:1095D000C16FE19DC26FA5E5C36FE29DC46FE39DBE
:1095E000C56FE49DC66FE59DC76FE69DC86FE79D9B
:1095F000C96FA1E5CA6FE89DCB6FE99DCC6FEA9D6D
:10960000CD6FEB9DCE6FEC9DCF6FED9DD06FEE9D3E
:10961000D16FFEE4D26FF4B1D36FEF9DD46FF09DA4
:10962000D56FF19DD66FF29DD76FF39DD86FF49DE6
:10963000D96FF59DDA6FF69DDB6FF79DDC6FF89DB6
:10964000DD6FF99DDE6FA8E5DF6FFA9DE06FA9E59C
:10965000E16FA6E5E26FFB9DE36FFC9DE46FFD9D6E
:10966000E56FFE9DE66F409EE76F419EE86F429E6C
:10967000E96F439EEA6F449EEB6F459EEC6F469EFA
:10968000ED6F479EEE6FA7E5EF6FAAE5F06F489E7E
:10969000F16F499EF26F4A9EF36F4B9EF46F4C9EA2
:1096A000F56F4D9EF66F4E9EF76F4F9EF86F509E72
:1096B000F96F519EFA6F529EFB6F539EFC6F549E42
:1096C000FD6F559EFE6F569EFF6F579E0070589E11
:1096D0000170599E02705A9E03705B9E04705C9EDE
:1096E00005705D9E06705E9E07705F9E0870609EAE
:1096F0000970619E0A70629E0B70639E0C70649E7E
:109700000D70659E0E70669E0F70679E1070689E4D
:109710001170D9C61270699E13706A9E14706B9E88
:1097200015706C9E16706D9E17706E9E18706F9EF1
:109730001970709E1A70ABE51B70ADE51C70719EC0
:109740001D70729E1E70739E1F70749E2070759E99
:109750002170769E2270779E2370ACE52470789EEF
:109760002570799E26707A9E27707B9E28707C9E3D
:1097700029707D9E2A707E9E2B70809E2C70819E0B
:109780002D70829E2E70839E2F70849E3070859ED9
:109790003170869E3270879E3370889E3470899EA9
:1097A0003570AFE536708A9E37708B9E38708C9E10
:1097B0003970AEE53A708D9E3B708E9E3C708F9EE8
:1097C0003D70909E3E70919E3F70929E4070939E21
:1097D0004170949E4270959E4370969E4470979EF1
:1097E0004570989E4670999E47709A9E48709B9EC1
:1097F00049709C9E4A709D9E4B709E9E4C70E0B935
:109800004D709F9E4E70A09E4F70B0E55070A19E0F
:109810005170A29E5270A39E5370A49E5470A59E38
:109820005570A69E5670A79E5770A89E5870A99E08
:109830005970AA9E5A70AB9E5B70AC9E5C70AD9ED8
:109840005D70AE9E5E70B1E55F70AF9E6070B09E61
:109850006170B19E6270B29E6370B39E6470B49E7C
:109860006570B59E6670B69E6770B79E6870B89E4C
:109870006970B99E6A70BA9E6B70F0BB6C70E1EC57
:109880006D70F0C36E70BB9E6F70C6B57070D2BB4A
:109890007170BC9E7270BD9E7370BE9E7470BF9ED0
:1098A0007570E9C17670EED47770C09E7870C4BED2
:1098B0007970C19E7A70C29E7B70C39E7C70C6D741
:1098C0007D70C49E7E70D6D47F70D3B28070BEECA3
:1098D0008170C59E8270C69E8370C79E8470C89E2C
:1098E0008570C1EA8670C99E8770CA9E8870CB9EBB
:1098F0008970AFC28A70B6B48B70CC9E8C70CD9ECE
:109900008D70CE9E8E70D7D18F70CF9E9070D09E6E
:109910009170D19E9270B4B39370D29E9470B2C87D
:109920009570BBBF9670C0EC9770D39E9870D49E14
:109930009970CBD69A70D59E9B70D69E9C70BFECCA
:109940009D70C1EC9E70D79E9F70D89EA070D99ECE
:10995000A170DA9EA270DB9EA370DC9EA470DD9ED7
:10996000A570DE9EA670DF9EA770E09EA870E19EA7
:10997000A970E29EAA70E39EAB70C5ECAC70E6BE27
:10998000AD70BFCCAE70DAC5AF70BCBEB070E49E37
:10999000B170C6ECB270E59EB370FEB1B470E69ED5
:1099A000B570E79EB670E89EB770C4ECB870A8D5E5
:1099B000B970E3B5BA70E99EBB70C2ECBC70B6C1B9
:1099C000BD70E3B3BE70EA9EBF70EB9EC070C3EC87
:1099D000C170B8CBC270C3C0C370FECCC470EC9E63
:1099E000C570ED9EC670EE9EC770EF9EC870D2C166
:1099F000C970F09ECA70C8ECCB70F19ECC70F29E1C
:109A0000CD70F39ECE70F49ECF70F59ED070F69E12
:109A1000D170F79ED270F89ED370F99ED470FA9EE2
:109A2000D570FB9ED670FC9ED770FD9ED870E6BAAE
:109A3000D970D3C0DA70FE9EDB70F2D6DC70409F26
:109A4000DD70419FDE70429FDF70CCD1E070439F9C
:109A5000E170449FE270459FE370469FE470BEBF93
:109A6000E570479FE670B3B7E770D5C9E870C7ECFB
:109A7000E970E2BBEA70489FEB70CCCCEC70FDBDA6
:109A8000ED70C8C8EE70499FEF70A9CFF0704A9F83
:109A9000F1704B9FF2704C9FF3704D9FF4704E9F8E
:109AA000F5704F9FF670509FF770E9CDF870519F99
:109AB000F970EBC5FA70529FFB70539FFC70549F76
:109AC000FD70E9B7FE70559FFF70569F0071579F5C
:109AD0000171589F0271599F03715A9F04715B9FD6
:109AE00005715C9F06715D9F07715E9F08715F9FA6
:109AF0000971C9D10A71B8BA0B71609F0C71619F6D
:109B00000D71629F0E71639F0F71649F1071C9EC9C
:109B10001171659F1271669F1371CAEC1471679F72
:109B20001571C0BB1671CBEC1771689F1871E2EC10
:109B30001971BAB11A71D9B71B71699F1C716A9FEB
:109B40001D716B9F1E716C9F1F716D9F20716E9FA9
:109B500021716F9F2271709F2371719F2471729F79
:109B60002571739F2671B9BD2771749F2871759FE8
:109B70002971769F2A71779F2B71789F2C71799F1D
:109B80002D717A9F2E717B9F2F71CCEC3071E6D1B5
:109B90003171CDEC32717C9F33717D9F34717E9F2A
:109BA0003571809F3671BBC83771819F3871829F34
:109BB0003971839F3A71849F3B71859F3C71869F69
:109BC0003D71879F3E71889F3F71899F40718A9F39
:109BD00041718B9F42718C9F43718D9F44718E9F09
:109BE0004571D1EC46718F9F4771909F4871919F4D
:109BF0004971929F4A71D3EC4B71939F4C71CDBBCD
:109C00004D71949F4E71E5BC4F71959F5071969F19
:109C10005171979F5271989F5371999F54719A9F58
:109C200055719B9F56719C9F57719D9F58719E9F28
:109C300059719F9F5A71A09F5B71A19F5C71CFEC7E
:109C40005D71A29F5E71B7C95F71A39F6071A49F90
:109C50006171A59F6271A69F6371A79F6471BAC36A
:109C60006571A89F6671E3EC6771D5D56871D0EC1A
:109C70006971A99F6A71AA9F6B71AB9F6C71AC9F50
:109C80006D71AD9F6E71F3D66F71AE9F7071AF9FA6
:109C90007171B09F7271D2EC7371CEEC7471B19F1F
:109CA0007571B29F7671B39F7771B49F7871D4EC60
:109CB0007971B59F7A71D5EC7B71B69F7C71B79F36
:109CC0007D71BFC97E71B89F7F71B99F8071BA9F46
:109CD0008171BB9F8271BC9F8371BD9F8471A8CF2E
:109CE0008571BE9F8671BF9F8771C09F8871C19F1C
:109CF0008971C29F8A71DCD08B71C39F8C71C49FA4
:109D00008D71C59F8E71C69F8F71ACD19071C79FA9
:109D10009171C89F9271C99F9371CA9F9471DBC85A
:109D20009571CB9F9671CC9F9771CD9F9871D6EC12
:109D30009971F5CE9A71CE9F9B71CF9F9C71D09FE8
:109D40009D71D19F9E71D29F9F71ECCAA071DAEC78
:109D5000A171D39FA271D49FA371D59FA471D69FE7
:109D6000A571D79FA671D89FA771D99FA871D9EC6B
:109D7000A971DA9FAA71DB9FAB71DC9FAC71BEB099
:109D8000AD71DD9FAE71DE9FAF71DF9FB071E09F5F
:109D9000B171E19FB271E29FB371D7ECB471E39FEF
:109DA000B571D8ECB671E49FB771E59FB871E69FC5
:109DB000B971E4ECBA71E79FBB71E89FBC71E99F90
:109DC000BD71EA9FBE71EB9FBF71EC9FC071ED9FAB
:109DD000C171EE9FC271EF9FC371BCC8C471F09F87
:109DE000C571F19FC671F29FC771F39FC871F49F4F
:109DF000C971F59FCA71F69FCB71F79FCC71F89F1F
:109E0000CD71F99FCE71C7C1CF71FA9FD071FB9F01
:109E1000D171FC9FD271FD9FD371FE9FD471DCEC98
:109E2000D571E0D1D67140A0D77141A0D87142A0C0
:109E3000D97143A0DA7144A0DB7145A0DC7146A062
:109E4000DD7147A0DE7148A0DF7149A0E071DBEC55
:109E5000E1714AA0E2714BA0E3714CA0E4714DA006
:109E6000E571EFD4E6714EA0E771DDECE8714FA02B
:109E7000E97150A0EA7151A0EB7152A0EC7153A0AE
:109E8000ED7154A0EE71C6DBEF7155A0F07156A0D4
:109E9000F17157A0F27158A0F37159A0F4715AA052
:109EA000F5715BA0F6715CA0F7715DA0F8715EA022
:109EB000F971DEECFA715FA0FB7160A0FC7161A02A
:109EC000FD7162A0FE7163A0FF7164A0007265A0C5
:109ED000017266A0027267A0037268A0047269A092
:109EE00005726AA00672ACB107726BA008726CA012
:109EF00009726DA00A726EA00B726FA00C7270A036
:109F00000D7271A00E7272A00F7273A0107274A005
:109F1000117275A0127276A0137277A0147278A0D5
:109F2000157279A016727AA017727BA018727CA0A5
:109F300019727DA01A727EA01B7280A01C7281A073
:109F40001D72DFEC1E7282A01F7283A0207284A09B
:109F5000217285A0227286A0237287A0247288A015
:109F6000257289A026728AA027728BA02872E0EC45
:109F700029728CA02A72A6D72B728DA02C72C0C514
:109F80002D728EA02E728FA02F7290A03072BCEB1B
:109F90003172AEB0327291A0337292A0347293A03B
:109FA0003572F4BE3672B8B83772AFD23872D6B0E6
:109FB0003972F9B53A7294A03B72B3D83C7295A04D
:109FC0003D72ACCB3E7296A03F72DDE3407297A02B
:109FD000417298A0427299A043729AA044729BA0C9
:109FE00045729CA046729DA04772ACC64872E6B00E
:109FF00049729EA04A729FA04B72A0A04C72C6C527
:10A000004D72B9EB4E72A1A04F72A2A05072A3A0E4
:10A010005172A4A05272BAEB5372A5A05472A6A0BA
:10A020005572A7A05672BBEB5772A8A05872A9A090
:10A030005972C0D15A72AAA05B72A3C55C72ABA060
:10A040005D72F2EA5E72ACA05F72B2C46072ADA0E3
:10A050006172B5C46272CEC06372AEA06472AFA00A
:10A060006572B0A06672F3EA6772C1C46872B1A08B
:10A070006972EFCE6A72B2A06B72B3A06C72B4A0B8
:10A080006D72B5A06E72F0EA6F72F4EA7072B6A0EB
:10A090007172B7A07272FCC97372B8A07472B9A061
:10A0A0007572A3C77672BAA07772BBA07872BCA093
:10A0B0007972D8CC7A72FECE7B72BDA07C72BEA0C3
:10A0C0007D72BFA07E72F5EA7F72F6EA8072ACCF35
:10A0D0008172E7C08272C0A08372C1A08472F7EA65
:10A0E0008572C2A08672C3A08772C4A08872C5A000
:10A0F0008972C6A08A72BFB68B72F8EA8C72C7A04A
:10A100008D72F9EA8E72C8A08F72FAEA9072C9A0B5
:10A110009172CAA09272FBEA9372CBA09472CCA007
:10A120009572CDA09672CEA09772CFA09872D0A053
:10A130009972D1A09A72D2A09B72D3A09C72D4A023
:10A140009D72D5A09E72D6A09F72F1EAA072D7A090
:10A15000A172D8A0A272D9A0A372DAA0A472DBA0C7
:10A16000A572DCA0A672DDA0A772DEA0A872DFA097
:10A17000A972E0A0AA72E1A0AB72E2A0AC72AEC874
:10A18000AD72EBE1AE72E3A0AF72B8B7B072ECE1C2
:10A19000B172E4A0B272E5A0B372E6A0B472EDE1D0
:10A1A000B572E7A0B672B4D7B772EEE1B872EFE15C
:10A1B000B972CCD3BA72E8A0BB72E9A0BC72EAA0B3
:10A1C000BD72EBA0BE72ECA0BF72EDA0C072EEA09B
:10A1D000C172F1E1C272F1BFC372F0E1C472D2B5D3
:10A1E000C572EFA0C672F0A0C772F1A0C872B7B175
:10A1F000C972F2A0CA72F3A0CB72F4A0CC72F5A01F
:10A20000CD72F3E1CE72F2E1CF72F6A0D072FCBA59
:10A21000D172F7A0D272F4E1D372F8A0D472F9A08F
:10A22000D572FAA0D672FBA0D772B7B9D872FCA0CB
:10A23000D972D1BEDA72FDA0DB72FEA0DC7240AA38
:10A24000DD7241AADE72FCC4DF7242AAE072DDBA9E
:10A25000E172C6BDE27243AAE37244AAE47245AA5F
:10A26000E57246AAE67247AAE77248AAE872F5E1E3
:10A27000E972F7E1EA7249AAEB724AAAEC72C0B637
:10A28000ED72C1CFEE72A8CAEF72F6E1F072F8D5A6
:10A29000F172FCD3F272F8E1F372FCE1F472F9E1CD
:10A2A000F5724BAAF6724CAAF772FAE1F872EAC09C
:10A2B000F9724DAAFA72FEE1FB72A1E2FC72C7C00C
:10A2C000FD724EAAFE724FAAFF7250AA007351AAE5
:10A2D0000173FBE1027352AA0373FDE1047353AAF5
:10A2E000057354AA067355AA077356AA087357AA8A
:10A2F000097358AA0A73A5E20B7359AA0C735AAAD8
:10A300000D735BAA0E73D4C10F735CAA10735DAAA0
:10A3100011735EAA12735FAA1373A3E2147360AA87
:10A320001573A8E21673FEB21773A2E2187361AA3E
:10A33000197362AA1A7363AA1B73CDC31C73C2B2CA
:10A340001D73A7E21E73A6E21F7364AA207365AA99
:10A350002173A4E22273A9E2237366AA247367AA75
:10A360002573ABE2267368AA277369AA28736AAAC1
:10A370002973C9D02A73EDD62B73A8C32C73ACE212
:10A380002D736BAA2E73D7CF2F736CAA30736DAA5F
:10A390003173AEE232736EAA33736FAA3473EFBABD
:10A3A000357370AA367371AA3773E0E93873ADE27A
:10A3B0003973AAE23A7372AA3B7373AA3C7374AA04
:10A3C0003D7375AA3E73ABBB3F73B3D4407376AA9B
:10A3D000417377AA427378AA437379AA44737AAA1D
:10A3E00045737BAA46737CAA47737DAA48737EAAED
:10A3F000497380AA4A7381AA4B7382AA4C7383AAB9
:10A400004D73B0E24E7384AA4F7385AA5073AFE2C6
:10A41000517386AA5273E1E9537387AA547388AAC9
:10A42000557389AA56738AAA5773B1E258738BAAD7
:10A4300059738CAA5A738DAA5B738EAA5C738FAA08
:10A440005D7390AA5E7391AA5F7392AA6073B2E281
:10A45000617393AA627394AA637395AA647396AAAC
:10A46000657397AA667398AA677399AA68739AAA7C
:10A4700069739BAA6A739CAA6B739DAA6C73B3E2FF
:10A480006D73A1CC6E739EAA6F73B4E270739FAAB2
:10A490007173A0AA727340AB737341AB747342AB18
:10A4A000757343AB767344AB777345AB787346AB48
:10A4B000797347AB7A7348AB7B7349AB7C734AAB18
:10A4C0007D734BAB7E73B5E27F734CAB80734DAB4A
:10A4D00081734EAB82734FAB837350AB8473FED0EA
:10A4E000857351AB867352AB8773CAC2887353AB03
:10A4F0008973F1D38A7354AB8B73F5CD8C7355ABE1
:10A500008D7356AB8E73E0E78F7357AB907358AB78
:10A510009173E1E7927359AB93735AAB94735BAB4E
:10A5200095735CAB9673C1BE97735DAB98735EAB6E
:10A5300099735FAB9A7360AB9B73EAC29C7361AB18
:10A540009D7362AB9E7363AB9F73E4E7A07364ABD0
:10A55000A17365ABA273E3E7A37366ABA47367ABA8
:10A56000A57368ABA67369ABA7736AABA8736BAB33
:10A57000A973E6CDAA736CABAB73B5C3AC736DAB0B
:10A58000AD736EABAE73E2E7AF73B7BBB073D6CF4C
:10A59000B1736FABB273E1C1B373E9E7B47370AB7E
:10A5A000B57371ABB67372ABB773E8E7B87373ABDF
:10A5B000B97374ABBA73F4E7BB73A3B2BC7375AB76
:10A5C000BD7376ABBE7377ABBF7378ABC073EAE78E
:10A5D000C17379ABC273E6E7C3737AABC4737BAB69
:10A5E000C5737CABC6737DABC7737EABC873ECE73A
:10A5F000C973EBE7CA73BAC9CB7380ABCC7381ABB9
:10A60000CD73E4D5CE7382ABCF73E5E7D073A9B732
:10A61000D173E7E7D27383ABD37384ABD47385ABC9
:10A62000D57386ABD67387ABD77388ABD87389AB3A
:10A63000D973EEE7DA738AABDB738BABDC738CAB6D
:10A64000DD738DABDE73F3E7DF738EABE073E9D6BA
:10A65000E1738FABE27390ABE37391ABE47392ABB6
:10A66000E573EDE7E67393ABE773F2E7E87394AB5A
:10A67000E973F1E7EA7395ABEB7396ABEC7397ABC9
:10A68000ED73E0B0EE7398ABEF7399ABF0739AABE8
:10A69000F1739BABF273F5E7F3739CABF4739DAB73
:10A6A000F5739EABF6739FABF773A0ABF87340AC3A
:10A6B000F97341ACFA7342ACFB7343ACFC7344AC2A
:10A6C000FD7345ACFE7346ACFF7347AC007448ACF9
:10A6D000017449AC02744AAC0374F2C704744BAC05
:10A6E0000574C5C00674EDC007744CAC08744DAC5D
:10A6F0000974F0C10A74F0E70B744EAC0C744FACE3
:10A700000D7450AC0E7451AC0F74F6E71074F6CBA8
:10A71000117452AC127453AC137454AC147455AC21
:10A72000157456AC167457AC177458AC187459ACF1
:10A7300019745AAC1A74A2E81B74A1E81C745BACBF
:10A740001D745CAC1E745DAC1F745EAC20745FAC99
:10A75000217460AC2274C1D7237461AC247462ACE0
:10A760002574FAE72674F9E7277463AC2874FBE7CD
:10A77000297464AC2A74F7E72B7465AC2C74FEE77B
:10A780002D7466AC2E74FDE72F7467AC3074FCE753
:10A79000317468AC327469AC3374D5C13474D9C7C0
:10A7A0003574FDC53674C3C537746AAC38746BAC88
:10A7B00039746CAC3A746DAC3B746EAC3C74EDC7E0
:10A7C0003D746FAC3E7470AC3F7471AC407472AC4D
:10A7D0004174A3E8427473AC437474AC447475ACB4
:10A7E000457476AC467477AC477478AC487479ACF1
:10A7F00049747AAC4A747BAC4B747CAC4C747DACC1
:10A800004D747EAC4E7480AC4F7481AC507482AC8D
:10A81000517483AC527484AC537485AC547486AC5C
:10A820005574A6E8567487AC5774A5E8587488AC7C
:10A830005974A7E85A74F7BA5B74F8E75C74A4E833
:10A840005D7489AC5E74F0C85F74AAC960748AAC28
:10A8500061748BAC62748CAC63748DAC64748EACBC
:10A8600065748FAC667490AC677491AC687492AC8C
:10A87000697493AC6A7494AC6B7495AC6C7496AC5C
:10A880006D74A9E86E7497AC6F7498AC7074E5B988
:10A89000717499AC72749AAC73749BAC74749CAC04
:10A8A00075749DAC7674FED17774A8E878749EAC0C
:10A8B00079749FAC7A74A0AC7B7440AD7C7441AD6C
:10A8C0007D7442AD7E74AAE87F7443AD8074ADE8B8
:10A8D0008174AEE8827444AD8374A7C1847445ADBD
:10A8E000857446AD867447AD8774AFE8887448AD0B
:10A8F000897449AD8A744AAD8B74B0E88C744BADE1
:10A900008D744CAD8E74ACE88F744DAD9074B4E81A
:10A9100091744EAD92744FAD937450AD947451AD2B
:10A92000957452AD967453AD977454AD987455ADFB
:10A93000997456AD9A7457AD9B7458AD9C74ABE83E
:10A940009D7459AD9E74B1E89F745AADA0745BAD0F
:10A95000A1745CADA2745DADA3745EADA4745FAD73
:10A96000A57460ADA67461ADA774B5E8A874B2E82B
:10A97000A974B3E8AA7462ADAB7463ADAC7464AD92
:10A98000AD7465ADAE7466ADAF7467ADB07468ADEF
:10A99000B17469ADB2746AADB3746BADB4746CADBF
:10A9A000B5746DADB6746EADB7746FADB87470AD8F
:10A9B000B97471ADBA74B7E8BB7472ADBC7473ADE1
:10A9C000BD7474ADBE7475ADBF7476ADC07477AD33
:10A9D000C17478ADC27479ADC3747AADC4747BAD03
:10A9E000C5747CADC6747DADC7747EADC87480ADD2
:10A9F000C97481ADCA7482ADCB7483ADCC7484AD9F
:10AA0000CD7485ADCE7486ADCF7487ADD07488AD6E
:10AA1000D17489ADD274B6E8D3748AADD4748BADD9
:10AA2000D5748CADD6748DADD7748EADD8748FAD12
:10AA3000D97490ADDA7491ADDB7492ADDC74CFB99A
:10AA4000DD7493ADDE74ACF0DF7494ADE074ADF002
:10AA5000E17495ADE274B0C6E374EAB0E474BFC8C3
:10AA6000E57496ADE674DFCDE77497ADE87498AD04
:10AA7000E97499ADEA749AADEB749BADEC749CAD3E
:10AA8000ED749DADEE74CDCEEF74B1EAF0749EAD71
:10AA9000F1749FADF274A0ADF37440AEF474B2EAF9
:10AAA000F57441AEF674BFC6F774C9B4F87442AE1B
:10AAB000F97443AEFA7444AEFB7445AEFC7446AE12
:10AAC000FD7447AEFE7448AEFF74B3EA007549AE3C
:10AAD00001754AAE02754BAE03754CAE0475E7D5F1
:10AAE00005754DAE06754EAE07754FAE087550AE86
:10AAF000097551AE0A7552AE0B7553AE0C7554AE56
:10AB00000D75F9DD0E7555AE0F75B4EA107556AEBC
:10AB10001175B5EA127557AE1375B6EA147558AECD
:10AB2000157559AE16755AAE17755BAE1875CAB85D
:10AB30001975B0DF1A75F5C91B755CAE1C75F0CCC4
:10AB40001D755DAE1E755EAE1F75FAC920755FAED0
:10AB5000217560AE227561AE237562AE247563AE59
:10AB60002575FBC9267564AE277565AE2875C3D3F8
:10AB70002975A6CB2A7566AE2B75A6B82C75AEF0D6
:10AB80002D75C2B12E7567AE2F75B8E53075EFCC57
:10AB90003175C9D33275D7BC3375EAC9347568AE1F
:10ABA0003575E7B5367569AE3775D0C43875E9B512
:10ABB00039756AAE3A75AEEE3B75ADBB3C756BAEA2
:10ABC0003D756CAE3E75DEE73F756DAE4075AFEE20
:10ABD00041756EAE42756FAE437570AE447571AE21
:10ABE0004575A9B3467572AE477573AE4875B2EE3A
:10ABF000497574AE4A7575AE4B75B1EE4C75E7BDCF
:10AC00004D7576AE4E75B0EE4F75B7CE507577AECA
:10AC1000517578AE527579AE53757AAE5475CFC50D
:10AC200055757BAE56757CAE57757DAE58757EAE4C
:10AC30005975F4C15A75CEDB5B75B3EE5C75F3D014
:10AC40005D7580AE5E7581AE5F7582AE607583AEF8
:10AC5000617584AE627585AE637586AE647587AEC8
:10AC60006575D4C26675E8C6677588AE687589AEC5
:10AC700069758AAE6A75ACB76B758BAE6C758CAE48
:10AC80006D758DAE6E758EAE6F758FAE707590AE44
:10AC9000717591AE7275B4EE737592AE7475EBB357
:10ACA000757593AE767594AE777595AE7875FBBB7A
:10ACB0007975B5EE7A7596AE7B7597AE7C7598AE64
:10ACC0007D7599AE7E759AAE7F75DCE780759BAE1B
:10ACD00081759CAE82759DAE8375B6EE84759EAE11
:10ACE00085759FAE8675AEBD8775A0AE887540AF81
:10ACF000897541AF8A7542AF8B75E2F18C7543AFB0
:10AD00008D7544AF8E7545AF8F75E8CA907546AFA7
:10AD10009175C9D29275DAF0937547AF9475DBF0EF
:10AD2000957548AF9675DCF09775C6C1987549AFB3
:10AD30009975EDB89A75CEBE9B754AAF9C754BAFB1
:10AD40009D75DEF09E754CAF9F75B1C5A075DDF0A9
:10AD5000A175F1D1A2754DAFA375E0F0A475CCB08B
:10AD6000A575EABDA6754EAFA7754FAFA87550AFD4
:10AD7000A97551AFAA7552AFAB75DFD2AC75DFF0D4
:10AD8000AD7553AFAE75AFB4AF75E8B7B075E6F05B
:10AD9000B175E5F0B275A3C6B375E1F0B475E2F034
:10ADA000B575C3B4B67554AFB77555AFB875E3F0A4
:10ADB000B975EED5BA7556AFBB7557AFBC75DBCC60
:10ADC000BD75D2BEBE75B2BCBF7558AFC07559AFA8
:10ADD000C1755AAFC275E8F0C375E7F0C475E4F009
:10ADE000C575A1B2C6755BAFC775A2D6C875B8D315
:10ADF000C975B7BECA75ACC8CB755CAFCC755DAF55
:10AE0000CD75EAF0CE755EAFCF755FAFD07560AF30
:10AE1000D17561AFD275F7D1D37562AFD475CCD689
:10AE2000D575DBBAD675E9F0D77563AFD875BBB603
:10AE3000D97564AFDA7565AFDB75B4CDDC7566AF17
:10AE4000DD7567AFDE75A6C6DF7568AFE07569AF03
:10AE5000E1756AAFE275A1C1E375EBF0E475EEF060
:10AE6000E5756BAFE675EDF0E775F0F0E875ECF0C1
:10AE7000E9756CAFEA75BEBBEB75EFF0EC756DAFC5
:10AE8000ED756EAFEE756FAFEF7570AFF075B5CC59
:10AE9000F175F2F0F27571AFF37572AFF475D5B369
:10AEA000F57573AFF67574AFF77575AFF87576AF66
:10AEB000F975D4B1FA7577AFFB7578AFFC75F3F01F
:10AEC000FD7579AFFE757AAFFF75F4F00076F6F098
:10AED0000176E1B402767BAF0376F1F004767CAFC5
:10AEE0000576F7F006767DAF07767EAF087680AF01
:10AEF000097681AF0A76FAF00B7682AF0C76F8F01D
:10AF00000D7683AF0E7684AF0F7685AF1076F5F0B1
:10AF1000117686AF127687AF137688AF147689AF35
:10AF20001576FDF016768AAF1776F9F01876FCF0F4
:10AF30001976FEF01A768BAF1B76A1F11C768CAFDA
:10AF40001D768DAF1E768EAF1F76C1CE2076A4F112
:10AF500021768FAF2276A3F1237690AF2476F6C1C7
:10AF60002576FBF02676DDCA277691AF287692AF5C
:10AF70002976F1B42A76F1B12B76B1CC2C7693AF49
:10AF80002D76A6F12E7694AF2F7695AF3076A7F179
:10AF9000317696AF327697AF3376ACF13476CED544
:10AFA0003576A9F1367698AF377699AF3876B3C84B
:10AFB00039769AAF3A769BAF3B769CAF3C76A2F15E
:10AFC0003D769DAF3E76ABF13F76A8F14076A5F198
:10AFD00041769EAF42769FAF4376AAF14476A0AF0A
:10AFE000457640B0467641B0477642B0487643B0A9
:10AFF000497644B04A7645B04B7646B04C76A9B017
:10B000004D76ADF14E7647B04F7648B0507649B0A8
:10B0100051764AB052764BB053764CB05476AFF17D
:10B0200055764DB05676B1F157764EB058764FB052
:10B03000597650B05A7651B05B7652B05C76B0F12A
:10B040005D7653B05E76AEF15F7654B0607655B003
:10B05000617656B0627657B06376A2D1647658B006
:10B06000657659B066765AB067765BB068765CB044
:10B0700069765DB06A765EB06B76B2F16C765FB081
:10B080006D7660B06E7661B06F76B3F1707662B057
:10B09000717663B0727664B0737665B0747666B0BC
:10B0A000757667B0767668B0777669B07876EFB9FE
:10B0B00079766AB07A766BB07B76C7B57C766CB001
:10B0C0007D76D7B07E76D9B07F766DB080766EB063
:10B0D00081766FB08276EDD4837670B08476C4B515
:10B0E000857671B08676D4BD8776CABB8876A7F0A0
:10B0F000897672B08A7673B08B76DEB88C7674B04F
:10B100008D7675B08E76A8F08F7676B0907677B023
:10B110009176A8B0927678B09376A9F0947679B0CB
:10B1200095767AB09676EECD97767BB098767CB0B1
:10B130009976AAF09A767DB09B767EB09C7680B0A8
:10B140009D7681B09E7682B09F7683B0A07684B0E3
:10B15000A17685B0A27686B0A37687B0A476ABF050
:10B16000A57688B0A67689B0A7768AB0A8768BB087
:10B17000A9768CB0AA768DB0AB768EB0AC768FB057
:10B18000AD7690B0AE76A4C6AF7691B0B07692B000
:10B19000B176E5D6B276E4F1B37693B0B476E5F164
:10B1A000B57694B0B67695B0B77696B0B87697B0D7
:10B1B000B97698B0BA7699B0BB769AB0BC769BB0A7
:10B1C000BD769CB0BE769DB0BF76F3C3C0769EB010
:10B1D000C1769FB0C276DBD3C376A0B0C47640B14F
:10B1E000C576D1D6C676E8C5C77641B1C876AFD3A5
:10B1F000C97642B1CA76E6D2CB7643B1CC7644B1B9
:10B20000CD76C1EECE76BBB0CF76B5D5D076CED1E9
:10B21000D176E0BCD276D0BAD37645B1D476F8BF39
:10B22000D57646B1D676C7B8D776C1B5D876CCC56F
:10B23000D97647B1DA7648B1DB76A2CADC7649B175
:10B24000DD764AB1DE764BB1DF76CBC3E0764CB12A
:10B25000E1764DB1E2764EB1E3764FB1E47650B18E
:10B26000E576C2EEE67651B1E77652B1E87653B1B3
:10B27000E97654B1EA7655B1EB7656B1EC7657B132
:10B28000ED7658B1EE76BFC4EF76A2B6F07659B13E
:10B29000F176ECEDF276A4C3F3765AB1F476B1D63A
:10B2A000F5765BB1F6765CB1F7765DB1F876E0CF16
:10B2B000F976EFEDFA765EB1FB765FB1FC76CEC53E
:10B2C000FD7660B1FE76DCB6FF7661B1007762B1E3
:10B2D0000177A1CA027763B1037764B10477EDED1A
:10B2E000057765B1067766B10777F0ED0877F1ED80
:10B2F0000977BCC30A7767B10B77B4BF0C7768B125
:10B300000D77EEED0E7769B10F776AB110776BB1FB
:10B3100011776CB112776DB113776EB114776FB18D
:10B32000157770B1167771B1177772B1187773B15D
:10B330001977F4ED1A77F2ED1B7774B11C7775B1BC
:10B340001D7776B11E7777B11F77E6D52077DFC3FB
:10B35000217778B12277F3ED237779B124777AB129
:10B3600025777BB12677F6ED27777CB12877A3D5B3
:10B370002977A3D12A777DB12B777EB12C7780B145
:10B380002D77F5ED2E7781B12F77D0C3307782B14D
:10B39000317783B1327784B1337785B1347786B131
:10B3A0003577F7ED3677F4BF3777ECBE3877F8EDC1
:10B3B000397787B13A77F7CC3B7788B13C77DBD1E7
:10B3C0003D7789B13E778AB13F778BB14077C5D75A
:10B3D0004177F6D542778CB14377FCED44778DB158
:10B3E00045778EB146778FB14777FBED487790B1BF
:10B3F000497791B14A7792B14B7793B14C7794B139
:10B400004D7795B14E7796B14F7797B15077F9ED6B
:10B410005177FAED527798B1537799B154779AB141
:10B4200055779BB156779CB157779DB158779EB1B0
:10B4300059779FB15A77FDED5B77A6BE5C77A0B1D7
:10B440005D7740B25E7741B25F7742B2607743B2D8
:10B450006177AFCB6277A1EE6377BDB6647744B214
:10B460006577A2EE6677C0C4677745B26877FEED70
:10B47000697746B26A7747B26B77DEBD6C77C7B241
:10B480006D7748B26E7749B26F774AB270774BB238
:10B4900071774CB272774DB273774EB274774FB208
:10B4A000757750B2767751B2777752B2787753B2D8
:10B4B0007977C3B67A7754B27B7755B27C7756B238
:10B4C0007D77A5EE7E77BAD87F77A3EE8077A6EE5C
:10B4D000817757B2827758B2837759B28477E9C3BC
:10B4E0008577F2B386775AB287775BB288775CB29A
:10B4F00089775DB28A775EB28B775FB28C77A7EE81
:10B500008D77A4EE8E77B9CF8F7760B2907761B2E6
:10B510009177A8EE9277F7C2937762B2947763B28D
:10B52000957764B2967765B2977766B2987767B287
:10B53000997768B29A7769B29B776AB29C776BB257
:10B540009D776CB29E776DB29F77A9EEA077AAEE39
:10B55000A1776EB2A277ABDEA3776FB2A47770B299
:10B56000A577B3C6A67771B2A777C6C7A87772B218
:10B57000A977F5D6AA77C9B5AB7773B2AC77B2CB5A
:10B58000AD7774B2AE7775B2AF7776B2B077ABEE17
:10B59000B17777B2B27778B2B377ABCDB47779B20F
:10B5A000B577ACEEB6777AB2B7777BB2B8777CB2C4
:10B5B000B9777DB2BA777EB2BB77B0D5BC7780B2AF
:10B5C000BD77ADEEBE7781B2BF77C4F6C07782B2E9
:10B5D000C17783B2C27784B2C37785B2C47786B2AB
:10B5E000C57787B2C67788B2C77789B2C8778AB27B
:10B5F000C9778BB2CA778CB2CB778DB2CC778EB24B
:10B60000CD77C7DBCE778FB2CF7790B2D07791B2BC
:10B61000D17792B2D27793B2D37794B2D47795B2EE
:10B62000D57796B2D67797B2D777A3B4D87798B2B2
:10B63000D97799B2DA779AB2DB77ACC3DC77E6F1E7
:10B64000DD779BB2DE779CB2DF779DB2E0779EB26A
:10B65000E1779FB2E277B8CAE377D3D2E477A0B2BA
:10B66000E577AAD6E67740B3E777F2EFE87741B31C
:10B67000E977D8BEEA7742B3EB77C3BDEC77F3EF57
:10B68000ED77CCB6EE77ABB0EF7743B3F07744B35A
:10B69000F17745B3F27746B3F377AFCAF47747B3A0
:10B6A000F57748B3F677B6EDF77749B3F877B7EDA6
:10B6B000F9774AB3FA774BB3FB774CB3FC774DB3CA
:10B6C000FD77F9CEFE77AFB7FF77F3BF0078B8ED1F
:10B6D0000178EBC20278B0C903784EB304784FB357
:10B6E000057850B3067851B3077852B3087853B34E
:10B6F0000978B9ED0A7854B30B7855B30C78F6C6CF
:10B700000D78B3BF0E7856B30F7857B3107858B38F
:10B710001178BCED1278F8C5137859B31478D0D1EC
:10B7200015785AB31678A9D71778BAED1878BBED03
:10B7300019785BB31A78E2D11B785CB31C78BFED43
:10B740001D78C0ED1E785DB31F78C4ED20785EB320
:10B7500021785FB3227860B32378C8ED247861B391
:10B760002578C6ED2678CEED2778E8D5287862B31F
:10B770002978C9ED2A7863B32B7864B32C78C7EDA8
:10B780002D78BEED2E7865B32F7866B33078E9C595
:10B79000317867B3327868B3337869B33478C6C622
:10B7A00035786AB336786BB33778E9C93878D2D44C
:10B7B0003978C1ED3A78C2ED3B78C3ED3C78C5ED00
:10B7C0003D786CB33E78F9C03F786DB34078A1B452
:10B7D00041786EB342786FB3437870B3447871B3F5
:10B7E0004578E8B9467872B34778D0ED487873B3B6
:10B7F000497874B34A7875B34B7876B34C78D1ED09
:10B800004D7877B34E78CAED4F7878B35078CFED56
:10B81000517879B35278F8CE53787AB354787BB3B1
:10B820005578B6CB5678CCED5778CDED58787CB3BB
:10B8300059787DB35A787EB35B7880B35C7881B3F6
:10B840005D78F5CF5E7882B35F7883B3607884B338
:10B85000617885B3627886B3637887B3647888B398
:10B86000657889B366788AB367788BB368788CB368
:10B8700069788DB36A78D2ED6B78F2C16C78B2D307
:10B880006D78CBED6E78B7C86F788EB370788FB364
:10B89000717890B3727891B3737892B3747893B3EC
:10B8A000757894B3767895B37778EFBC787896B35B
:10B8B000797897B37A7898B37B7899B37C78F0C528
:10B8C0007D789AB37E789BB37F789CB380789DB364
:10B8D00081789EB382789FB38378A0B3847840B494
:10B8E000857841B4867842B48778D6ED887843B4B9
:10B8F0008978EFB58A7844B48B7845B48C78B5C232
:10B900008D78ADB08E78E9CB8F7846B4907847B417
:10B910009178AEB1927848B49378D4ED947849B4E4
:10B9200095784AB496784BB49778EBCD9878E2B591
:10B9300099784CB49A78D5ED9B78D3ED9C78D7ED77
:10B940009D784DB49E784EB49F78FAB5A0784FB4E8
:10B95000A178D8EDA27850B4A378D9EDA47851B4E9
:10B96000A578DCEDA67852B4A778CCB1A87853B40A
:10B97000A97854B4AA7855B4AB7856B4AC7857B417
:10B98000AD7858B4AE7859B4AF785AB4B078F6C53B
:10B99000B178EEBCB278DAEDB378BCCCB478EAB268
:10B9A000B5785BB4B6785CB4B7785DB4B8785EB49B
:10B9B000B978DBEDBA785FB4BB7860B4BC7861B4B9
:10B9C000BD7862B4BE78EBC4BF7863B4C07864B4A9
:10B9D000C178C5B4C27865B4C37866B4C47867B4B6
:10B9E000C578F5B0C67868B4C77869B4C8786AB461
:10B9F000C978DFEDCA78DAC0CB78E8B4CC786BB41C
:10BA0000CD786CB4CE786DB4CF786EB4D078CDC527
:10BA1000D1786FB4D27870B4D37871B4D478DDEDC6
:10BA2000D578C4BFD67872B4D77873B4D87874B4E4
:10BA3000D978DEEDDA7875B4DB7876B4DC7877B473
:10BA4000DD7878B4DE7879B4DF787AB4E0787BB4E6
:10BA5000E1787CB4E2787DB4E3787EB4E47880B4B5
:10BA6000E57881B4E67882B4E77883B4E878A5C451
:10BA7000E97884B4EA7885B4EB7886B4EC78E0EDC4
:10BA8000ED7887B4EE7888B4EF7889B4F0788AB42A
:10BA9000F1788BB4F278E1EDF3788CB4F478E3EDDF
:10BAA000F5788DB4F6788EB4F778D7C1F8788FB47E
:10BAB000F97890B4FA78C7BBFB7891B4FC7892B46B
:10BAC000FD7893B4FE7894B4FF7895B4007996B479
:10BAD0000179B8BD027997B4037998B4047999B41F
:10BAE0000579E2ED06799AB407799BB408799CB49C
:10BAF00009799DB40A799EB40B799FB40C79A0B4EE
:10BB00000D7940B50E7941B50F7942B5107943B53D
:10BB1000117944B5127945B51379E4ED147946B538
:10BB2000157947B5167948B5177949B518794AB5E1
:10BB300019794BB51A794CB51B794DB51C794EB5B1
:10BB40001D794FB51E79E6ED1F7950B5207951B5B5
:10BB5000217952B5227953B5237954B52479E5ED8D
:10BB6000257955B5267956B5277957B5287958B529
:10BB7000297959B52A795AB52B795BB52C795CB5F9
:10BB80002D795DB52E795EB52F795FB5307960B5C9
:10BB9000317961B5327962B5337963B53479E7EDDE
:10BBA000357964B5367965B5377966B5387967B56D
:10BBB000397968B53A79BECA3B79EAEC3C79F1C08B
:10BBC0003D7969B53E79E7C93F796AB54079EBECD3
:10BBD0004179EEC642796BB543796CB544796DB560
:10BBE00045796EB54679ECEC47796FB54879EDC685
:10BBF0004979EDEC4A7970B54B7971B54C7972B5EC
:10BC00004D7973B54E7974B54F7975B5507976B570
:10BC1000517977B5527978B55379F0EC547979B593
:10BC200055797AB55679E6D75779F3EC58797BB5DB
:10BC300059797CB55A79F1EC5B79EEEC5C79EFECF3
:10BC40005D79A3D75E79F1C95F79EECB6079F4ECC9
:10BC500061797DB56279F2EC63797EB5647980B5FE
:10BC60006579E9CF667981B56779F6EC6879B1C60F
:10BC7000697982B56A7983B56B7984B56C7985B554
:10BC80006D79C0BC6E7986B56F79F5EC707987B542
:10BC9000717988B5727989B573798AB574798BB5FC
:10BCA00075798CB576798DB57779BBB57879F6BB32
:10BCB00079798EB57A79F7EC7B798FB57C7990B507
:10BCC0007D7991B57E7992B57F7993B58079F7D9F1
:10BCD0008179FBBD827994B5837995B58479BBC2AE
:10BCE0008579F8EC867996B5877997B5887998B58E
:10BCF000897999B58A79F9EC8B799AB58C799BB564
:10BD00008D799CB58E799DB58F79A3B890799EB5C4
:10BD100091799FB59279A0B5937940B6947941B65F
:10BD2000957942B6967943B6977944B6987945B6EF
:10BD3000997946B69A79FAEC9B7947B69C7948B6D8
:10BD40009D7949B69E794AB69F794BB6A0794CB693
:10BD5000A1794DB6A2794EB6A3794FB6A47950B663
:10BD6000A57951B6A67952B6A779FBECA87953B656
:10BD7000A97954B6AA7955B6AB7956B6AC7957B607
:10BD8000AD7958B6AE7959B6AF795AB6B0795BB6D7
:10BD9000B1795CB6B2795DB6B379FCECB4795EB6D4
:10BDA000B5795FB6B67960B6B77961B6B87962B67B
:10BDB000B979EDD3BA79AED8BB79EBC0BC7963B6AB
:10BDC000BD79DDC7BE79CCBABF7964B6C079E3D09E
:10BDD000C179BDCBC27965B6C379BACDC47966B62F
:10BDE000C57967B6C679D1B8C77968B6C87969B672
:10BDF000C979FCB1CA796AB6CB79EFC7CC796BB691
:10BE0000CD79D6D6CE796CB6CF796DB6D0796EB6FF
:10BE1000D179C6BFD279EBC3D3796FB6D47970B676
:10BE2000D579F5EFD67971B6D77972B6D879D8C306
:10BE3000D97973B6DA7974B6DB7975B6DC7976B60A
:10BE4000DD7977B6DE7978B6DF79E2D7E07979B651
:10BE5000E1797AB6E2797BB6E379F7EFE479D3B3A7
:10BE6000E5797CB6E679D8C7E779EDD1E8797DB692
:10BE7000E979C8D6EA797EB6EB79F8EFEC7980B645
:10BE8000ED79F6EFEE7981B6EF79FDBBF079C6B3C7
:10BE9000F17982B6F27983B6F37984B6F47985B60E
:10BEA000F57986B6F67987B6F77988B6F879D5BD8B
:10BEB000F97989B6FA798AB6FB79C6D2FC798BB65C
:10BEC000FD79E0BBFE798CB6FF798DB6007AA1CF03
:10BED000017A8EB6027AFCEF037AFBEF047A8FB612
:10BEE000057A90B6067AF9EF077A91B6087A92B693
:10BEF000097A93B60A7A94B60B7ACCB30C7A95B6D3
:10BF00000D7AD4C90E7AB0CB0F7A96B6107A97B65E
:10BF1000117A98B6127A99B6137A9AB6147AFEEF15
:10BF2000157A9BB6167A9CB6177ADEB0187A9DB64B
:10BF3000197A9EB61A7AC9D61B7A9FB61C7AA0B611
:10BF40001D7A40B71E7AFDEF1F7A41B7207AEDB314
:10BF5000217A42B7227A43B7237AD5F6247A44B7B6
:10BF6000257A45B7267A46B7277A47B7287A48B759
:10BF7000297A49B72A7A4AB72B7A4BB72C7A4CB729
:10BF80002D7A4DB72E7A4EB72F7A4FB7307A50B7F9
:10BF9000317A51B7327A52B7337AC8CE347A53B73E
:10BFA000357A54B7367A55B7377AA2F0387A56B719
:10BFB000397AA1F03A7A57B73B7ABEB53C7ADABC07
:10BFC0003D7AFCBB3E7A58B73F7AE5B8407A59B71C
:10BFD000417A5AB7427A5BB7437A5CB7447A5DB725
:10BFE000457A5EB7467AC2C4477A5FB7487A60B787
:10BFF000497A61B74A7A62B74B7A63B74C7A64B7C9
:10C000004D7A65B74E7A66B74F7A67B7507A68B798
:10C01000517AA3F0527A69B7537A6AB7547A6BB7F8
:10C02000557A6CB7567A6DB7577AEBCB587A6EB7AC
:10C03000597A6FB75A7A70B75B7A71B75C7A72B710
:10C040005D7A73B75E7A74B75F7A75B7607A76B7E0
:10C05000617A77B7627A78B7637A79B7647A7AB7B0
:10C06000657A7BB7667A7CB7677A7DB7687A7EB780
:10C07000697A80B76A7A81B76B7A82B76C7A83B74C
:10C080006D7A84B76E7A85B76F7A86B7707AA6F0C4
:10C09000717A87B7727A88B7737A89B7747AA8D1B8
:10C0A000757A8AB7767ABFBE777AEEC7787AB6F1B4
:10C0B000797AB7F17A7AD5BF7B7A8BB77C7A8CB7ED
:10C0C0007D7A8DB77E7A8EB77F7AA9B4807AB8F1FF
:10C0D000817ABBCD827A8FB7837AD4C7847AADD583
:10C0E000857A90B7867AB9F1877A91B7887ABAF16A
:10C0F000897A92B78A7A93B78B7A94B78C7A95B704
:10C100008D7ACFC78E7A96B78F7A97B7907A98B78D
:10C11000917AA4D2927ACFD6937A99B7947A9AB731
:10C12000957ABBF1967AD1BD977AB0B4987ABDBEB4
:10C13000997A9BB79A7A9CB79B7A9DB79C7ADCB424
:10C140009D7AD1CE9E7A9EB79F7ADFBFA07ABDF14D
:10C15000A17A9FB7A27AA0B7A37A40B8A47A41B8CF
:10C16000A57AFABFA67ABCF1A77A42B8A87ABFF13D
:10C17000A97A43B8AA7A44B8AB7A45B8AC7ABEF18A
:10C18000AD7AC0F1AE7A46B8AF7A47B8B07A48B85F
:10C19000B17A49B8B27A4AB8B37AC1F1B47A4BB835
:10C1A000B57A4CB8B67A4DB8B77A4EB8B87A4FB8B7
:10C1B000B97A50B8BA7A51B8BB7A52B8BC7A53B887
:10C1C000BD7A54B8BE7A55B8BF7AFEC1C07A56B8A7
:10C1D000C17A57B8C27A58B8C37A59B8C47A5AB82B
:10C1E000C57A5BB8C67A5CB8C77A5DB8C87A5EB8FB
:10C1F000C97A5FB8CA7A60B8CB7AA2C1CC7A61B882
:10C20000CD7A62B8CE7A63B8CF7A64B8D07A65B89E
:10C21000D17A66B8D27A67B8D37A68B8D47A69B86E
:10C22000D57A6AB8D67AFACAD77A6BB8D87A6CB89F
:10C23000D97ABED5DA7A6DB8DB7A6EB8DC7A6FB8A7
:10C24000DD7A70B8DE7ABABEDF7AB9BEE07AC2D5DE
:10C25000E17A71B8E27A72B8E37AA2BFE47A73B88D
:10C26000E57AAFCDE67AB5F1E77A74B8E87A75B8D1
:10C27000E97A76B8EA7A77B8EB7A78B8EC7A79B86E
:10C28000ED7ADFBDEE7A7AB8EF7ACBB6F07A7BB88A
:10C29000F17A7CB8F27A7DB8F37A7EB8F47A80B815
:10C2A000F57A81B8F67A82B8F77A83B8F87A84B8E2
:10C2B000F97AF1D6FA7AC3F3FB7A85B8FC7A86B8B4
:10C2C000FD7AC4F3FE7A87B8FF7ACDB8007B88B8D0
:10C2D000017B89B8027B8AB8037BC6F3047BC7F372
:10C2E000057B8BB8067BCAB0077B8CB8087BC5F38F
:10C2F000097B8DB80A7BC9F30B7BF1CB0C7B8EB825
:10C300000D7B8FB80E7B90B80F7BCBF3107B91B871
:10C31000117BA6D0127B92B8137B93B8147BCAB161
:10C32000157BC8F3167B94B8177B95B8187B96B825
:10C33000197BCFF31A7B97B81B7BD1B51C7B98B8C0
:10C340001D7B99B81E7BD7F31F7B9AB8207BD2F355
:10C35000217B9BB8227B9CB8237B9DB8247BD4F3A4
:10C36000257BD3F3267BFBB7277B9EB8287BBFB109
:10C37000297B9FB82A7BCEF32B7BCAF32C7BDAB5C3
:10C380002D7BA0B82E7BD0F32F7B40B9307B41B9F9
:10C39000317BD1F3327B42B9337BD5F3347B43B964
:10C3A000357B44B9367B45B9377B46B9387BCDF30D
:10C3B000397B47B93A7BE3BC3B7B48B93C7BFDC149
:10C3C0003D7B49B93E7BD6F33F7B4AB9407B4BB9B5
:10C3D000417B4CB9427B4DB9437B4EB9447B4FB94D
:10C3E000457BDAF3467B50B9477BCCF3487B51B9A8
:10C3F000497BC8B54A7B52B94B7BEEBD4C7BDCF325
:10C400004D7B53B94E7B54B94F7BA4B7507BF0BFE3
:10C41000517BFED6527BB2CD537B55B9547BF0B4E1
:10C42000557B56B9567BDFB2577B57B9587BD8F34B
:10C43000597B58B95A7BD9F35B7BB8C95C7B59B936
:10C440005D7BDDF35E7B5AB95F7B5BB9607BDEF3BE
:10C45000617B5CB9627BE1F3637B5DB9647B5EB950
:10C46000657B5FB9667B60B9677B61B9687B62B9E0
:10C47000697B63B96A7B64B96B7B65B96C7B66B9B0
:10C480006D7B67B96E7BDFF36F7B68B9707B69B9D1
:10C49000717BE3F3727BE2F3737B6AB9747B6BB9F4
:10C4A000757BDBF3767B6CB9777BEABF787B6DB904
:10C4B000797BEFB37A7B6EB97B7BE0F37C7B6FB9E2
:10C4C0007D7B70B97E7BA9C77F7B71B9807BF2BC15
:10C4D000817B72B9827B73B9837B74B9847B75B9B4
:10C4E000857BEBF3867B76B9877B77B9887B78B9D8
:10C4F000897B79B98A7B7AB98B7B7BB98C7B7CB958
:10C500008D7BBFB98E7B7DB98F7B7EB9907BE4F349
:10C51000917B80B9927B81B9937B82B9947BADB2D8
:10C52000957BFEBB967B83B9977BE3CB987B84B9E5
:10C53000997B85B99A7B86B99B7B87B99C7BEDF308
:10C540009D7BE9F39E7B88B99F7B89B9A07B8AB9E3
:10C55000A17BDCB9A27BEEF3A37B8BB9A47B8CB966
:10C56000A57B8DB9A67BE5F3A77BE6F3A87BEAF371
:10C57000A97BE1C2AA7BECF3AB7BEFF3AC7BE8F3E6
:10C58000AD7BFDBCAE7B8EB9AF7B8FB9B07B90B974
:10C59000B17BE4CFB27B91B9B37B92B9B47BF0F3BA
:10C5A000B57B93B9B67B94B9B77B95B9B87BE7F304
:10C5B000B97B96B9BA7B97B9BB7B98B9BC7B99B963
:10C5C000BD7B9AB9BE7B9BB9BF7B9CB9C07B9DB933
:10C5D000C17BF2F3C27B9EB9C37B9FB9C47BA0B978
:10C5E000C57B40BAC67BADD7C77BAAC6C87B41BA5C
:10C5F000C97B42BACA7B43BACB7B44BACC7BF3F348
:10C60000CD7B45BACE7B46BACF7B47BAD07B48BA02
:10C61000D17BF1F3D27B49BAD37BA8C2D47B4ABA8F
:10C62000D57B4BBAD67B4CBAD77B4DBAD87B4EBAAA
:10C63000D97BDDB8DA7BF5F3DB7B4FBADC7B50BA14
:10C64000DD7BF4F3DE7B51BADF7B52BAE07B53BA79
:10C65000E17BDBB4E27B54BAE37B55BAE47B56BAA8
:10C66000E57BF6F3E67BF7F3E77B57BAE87B58BA4E
:10C67000E97B59BAEA7BF8F3EB7B5ABAEC7B5BBAFD
:10C68000ED7B5CBAEE7BBAC0EF7B5DBAF07B5EBA45
:10C69000F17BE9C0F27B5FBAF37B60BAF47B61BAED
:10C6A000F57B62BAF67B63BAF77BF1C5F87B64BAB7
:10C6B000F97B65BAFA7B66BAFB7B67BAFC7BFBF356
:10C6C000FD7B68BAFE7BFAF3FF7B69BA007C6ABA2D
:10C6D000017C6BBA027C6CBA037C6DBA047C6EBAC6
:10C6E000057C6FBA067C70BA077CD8B4087C71BA36
:10C6F000097C72BA0A7C73BA0B7CFEF30C7CF9F3EA
:10C700000D7C74BA0E7C75BA0F7CFCF3107C76BA83
:10C71000117C77BA127C78BA137C79BA147C7ABA15
:10C72000157C7BBA167CFDF3177C7CBA187C7DBA2D
:10C73000197C7EBA1A7C80BA1B7C81BA1C7C82BAB6
:10C740001D7C83BA1E7C84BA1F7CA1F4207C85BA30
:10C75000217C86BA227C87BA237C88BA247C89BA59
:10C76000257C8ABA267CA3F4277CC9BB287C8BBA9B
:10C77000297C8CBA2A7CA2F42B7C8DBA2C7C8EBAB4
:10C780002D7C8FBA2E7C90BA2F7C91BA307C92BAD5
:10C79000317C93BA327C94BA337C95BA347C96BAA5
:10C7A000357C97BA367C98BA377C99BA387CA4F431
:10C7B000397C9ABA3A7C9BBA3B7C9CBA3C7C9DBA49
:10C7C0003D7C9EBA3E7C9FBA3F7CBEB2407CA6F4C4
:10C7D000417CA5F4427CA0BA437C40BB447C41BB75
:10C7E000457C42BB467C43BB477C44BB487C45BB45
:10C7F000497C46BB4A7C47BB4B7C48BB4C7C49BB15
:10C800004D7CAEBC4E7C4ABB4F7C4BBB507C4CBB82
:10C81000517C4DBB527C4EBB537C4FBB547C50BBB8
:10C82000557C51BB567C52BB577C53BB587C54BB88
:10C83000597C55BB5A7C56BB5B7C57BB5C7C58BB58
:10C840005D7C59BB5E7C5ABB5F7C5BBB607C5CBB28
:10C85000617C5DBB627C5EBB637C5FBB647C60BBF8
:10C86000657C61BB667C62BB677C63BB687C64BBC8
:10C87000697C65BB6A7C66BB6B7C67BB6C7C68BB98
:10C880006D7C69BB6E7C6ABB6F7C6BBB707C6CBB68
:10C89000717C6DBB727C6EBB737CD7C3747CE1D939
:10C8A000757C6FBB767C70BB777C71BB787C72BB10
:10C8B000797C73BB7A7C74BB7B7CE0C07C7CCCF4E1
:10C8C0007D7CD1D77E7C75BB7F7C76BB807C77BB43
:10C8D000817C78BB827C79BB837C7ABB847C7BBB8C
:10C8E000857C7CBB867C7DBB877C7EBB887C80BB5B
:10C8F000897CDBB78A7C81BB8B7C82BB8C7C83BBD5
:10C900008D7C84BB8E7C85BB8F7C86BB907C87BBFB
:10C91000917CCEF4927CA3C1937C88BB947C89BB30
:10C92000957CC9C6967C8ABB977CD6B4987CB3D5D7
:10C93000997C8BBB9A7C8CBB9B7C8DBB9C7CD0F404
:10C940009D7CCFF49E7CD1F49F7CDACBA07C8EBB07
:10C95000A17C8FBBA27CD2F4A37C90BBA47CC1D46D
:10C96000A57CE0D6A67C91BBA77C92BBA87C93BBA0
:10C97000A97C94BBAA7CE0B7AB7C95BBAC7C96BB96
:10C98000AD7C97BBAE7CB8C1AF7C98BBB07C99BB8B
:10C99000B17CBBC1B27CD3F4B37CACBEB47C9ABBDB
:10C9A000B57C9BBBB67C9CBBB77C9DBBB87C9EBB5F
:10C9B000B97CE2B4BA7C9FBBBB7CA0BBBC7CD4F48A
:10C9C000BD7CD5F4BE7CABBEBF7C40BCC07C41BC52
:10C9D000C17CD6F4C27C42BCC37C43BCC47C44BC96
:10C9E000C57CDBF4C67C45BCC77CD7F4C87CDAF4D4
:10C9F000C97C46BCCA7CFDBACB7C47BCCC7CD8F495
:10CA0000CD7CD9F4CE7C48BCCF7C49BCD07C4ABC20
:10CA1000D17C4BBCD27C4CBCD37C4DBCD47C4EBCBA
:10CA2000D57CE2B8D67CC7CCD77CDCF4D87C4FBCB4
:10CA3000D97CDAB2DA7C50BCDB7C51BCDC7CD3C361
:10CA4000DD7C52BCDE7C53BCDF7CE3D4E07CB7BF32
:10CA5000E17C54BCE27C55BCE37C56BCE47C57BC16
:10CA6000E57C58BCE67C59BCE77C5ABCE87CDDF42C
:10CA7000E97C5BBCEA7C5CBCEB7C5DBCEC7C5EBCBA
:10CA8000ED7C5FBCEE7C60BCEF7CB4C5F07C61BC2F
:10CA9000F17C62BCF27C63BCF37C64BCF47C65BC5E
:10CAA000F57C66BCF67C67BCF77C68BCF87CE9F476
:10CAB000F97C69BCFA7C6ABCFB7CB5CFFC7C6BBCA6
:10CAC000FD7C6CBCFE7C6DBCFF7C6EBC007D6FBCD5
:10CAD000017D70BC027D71BC037D72BC047D73BCA2
:10CAE000057D74BC067D75BC077D76BC087D77BC72
:10CAF000097D78BC0A7DC9CE0B7D79BC0C7D7ABCE2
:10CB00000D7D7BBC0E7D7CBC0F7D7DBC107D7EBC15
:10CB1000117D80BC127D81BC137D82BC147D83BCE1
:10CB2000157D84BC167D85BC177D86BC187D87BCB1
:10CB3000197D88BC1A7D89BC1B7D8ABC1C7D8BBC81
:10CB40001D7D8CBC1E7D8DBC1F7D8EBC207DD8CBF9
:10CB5000217D8FBC227DF7CB237D90BC247D91BCB1
:10CB6000257D92BC267D93BC277DF4BD287D94BC99
:10CB7000297D95BC2A7D96BC2B7DCFD72C7D97BC7B
:10CB80002D7D98BC2E7D99BC2F7DDBC0307D9ABC5D
:10CB9000317D9BBC327D9CBC337D9DBC347D9EBC75
:10CBA000357D9FBC367DA0BC377D40BD387D41BD05
:10CBB000397D42BD3A7D43BD3B7D44BD3C7D45BD95
:10CBC0003D7D46BD3E7D47BD3F7D48BD407D49BD65
:10CBD000417D4ABD427D4BBD437D4CBD447D4DBD35
:10CBE000457D4EBD467D4FBD477D50BD487D51BD05
:10CBF000497D52BD4A7D53BD4B7D54BD4C7D55BDD5
:10CC00004D7D56BD4E7D57BD4F7D58BD507D59BDA4
:10CC1000517D5ABD527D5BBD537D5CBD547D5DBD74
:10CC2000557D5EBD567D5FBD577D60BD587D61BD44
:10CC3000597D62BD5A7D63BD5B7D64BD5C7D65BD14
:10CC40005D7D66BD5E7D67BD5F7D68BD607D69BDE4
:10CC5000617D6ABD627D6BBD637D6CBD647D6DBDB4
:10CC6000657D6EBD667D6FBD677D70BD687D71BD84
:10CC7000697D72BD6A7D73BD6B7D74BD6C7D75BD54
:10CC80006D7D76BD6E7DF5D06F7D77BD707D78BD95
:10CC9000717D79BD727D7ABD737D7BBD747D7CBDF8
:10CCA000757D7DBD767D7EBD777DEAF4787D80BD26
:10CCB000797D81BD7A7D82BD7B7D83BD7C7D84BD98
:10CCC0007D7D85BD7E7D86BD7F7D87BD807D88BD68
:10CCD000817D89BD827D8ABD837D8BBD847D8CBD38
:10CCE000857D8DBD867D8EBD877D8FBD887D90BD08
:10CCF000897D91BD8A7D92BD8B7D93BD8C7D94BDD8
:10CD00008D7D95BD8E7D96BD8F7D97BD907D98BDA7
:10CD1000917D99BD927D9ABD937D9BBD947D9CBD77
:10CD2000957D9DBD967D9EBD977D9FBD987DA0BD47
:10CD3000997D40BE9A7D41BE9B7D42BE9C7D43BE97
:10CD40009D7D44BE9E7D45BE9F7D46BEA07D47BE67
:10CD5000A17D48BEA27D49BEA37D4ABEA47D4BBE37
:10CD6000A57D4CBEA67DEBF4A77D4DBEA87D4EBE35
:10CD7000A97D4FBEAA7D50BEAB7D51BEAC7D52BEDB
:10CD8000AD7D53BEAE7DECF4AF7D54BEB07D55BEDF
:10CD9000B17D56BEB27D57BEB37D58BEB47D59BE7F
:10CDA000B57D5ABEB67D5BBEB77D5CBEB87D5DBE4F
:10CDB000B97D5EBEBA7D5FBEBB7D60BEBC7D61BE1F
:10CDC000BD7D62BEBE7D63BEBF7D64BEC07D65BEEF
:10CDD000C17D66BEC27D67BEC37D68BEC47D69BEBF
:10CDE000C57D6ABEC67D6BBEC77D6CBEC87D6DBE8F
:10CDF000C97D6EBECA7D6FBECB7D70BECC7D71BE5F
:10CE0000CD7D72BECE7D73BECF7D74BED07D75BE2E
:10CE1000D17D76BED27D77BED37D78BED47D79BEFE
:10CE2000D57D7ABED67D7BBED77D7CBED87D7DBECE
:10CE3000D97D7EBEDA7D80BEDB7D81BEDC7D82BE9B
:10CE4000DD7D83BEDE7D84BEDF7D85BEE07D86BE6A
:10CE5000E17D87BEE27D88BEE37D89BEE47D8ABE3A
:10CE6000E57D8BBEE67D8CBEE77D8DBEE87D8EBE0A
:10CE7000E97D8FBEEA7D90BEEB7D91BEEC7D92BEDA
:10CE8000ED7D93BEEE7D94BEEF7D95BEF07D96BEAA
:10CE9000F17D97BEF27D98BEF37D99BEF47D9ABE7A
:10CEA000F57D9BBEF67D9CBEF77D9DBEF87D9EBE4A
:10CEB000F97D9FBEFA7DA0BEFB7D40BFFC7D41BFDA
:10CEC000FD7D42BFFE7D43BFFF7D44BF007E45BF69
:10CED000017E46BF027E47BF037E48BF047E49BF36
:10CEE000057E4ABF067E4BBF077E4CBF087E4DBF06
:10CEF000097E4EBF0A7E4FBF0B7E50BF0C7E51BFD6
:10CF00000D7E52BF0E7E53BF0F7E54BF107E55BFA5
:10CF1000117E56BF127E57BF137E58BF147E59BF75
:10CF2000157E5ABF167E5BBF177E5CBF187E5DBF45
:10CF3000197E5EBF1A7E5FBF1B7E60BF1C7E61BF15
:10CF40001D7E62BF1E7E63BF1F7E64BF207E65BFE5
:10CF5000217E66BF227E67BF237E68BF247E69BFB5
:10CF6000257E6ABF267E6BBF277E6CBF287E6DBF85
:10CF7000297E6EBF2A7E6FBF2B7E70BF2C7E71BF55
:10CF80002D7E72BF2E7E73BF2F7E74BF307E75BF25
:10CF9000317E76BF327E77BF337E78BF347E79BFF5
:10CFA000357E7ABF367E7BBF377E7CBF387E7DBFC5
:10CFB000397E7EBF3A7E80BF3B7EE3F73C7E81BFF9
:10CFC0003D7E82BF3E7E83BF3F7E84BF407E85BF65
:10CFD000417EB1B7427E86BF437E87BF447E88BF15
:10CFE000457E89BF467E8ABF477EEDF4487E8BBF73
:10CFF000497E8CBF4A7E8DBF4B7E8EBF4C7E8FBFDD
:10D000004D7E90BF4E7E91BF4F7E92BF507E93BFAC
:10D01000517E94BF527E95BF537E96BF547E97BF7C
:10D02000557E98BF567E99BF577E9ABF587E9BBF4C
:10D03000597E9CBF5A7E9DBF5B7E9EBF5C7E9FBF1C
:10D040005D7EA0BF5E7E40C05F7E41C0607E42C00C
:10D05000617E43C0627E44C0637E45C0647E46C03C
:10D06000657E47C0667E48C0677E49C0687E4AC00C
:10D07000697E4BC06A7E4CC06B7E4DC06C7E4EC0DC
:10D080006D7E4FC06E7E50C06F7E51C0707E52C0AC
:10D09000717E53C0727E54C0737E55C0747E56C07C
:10D0A000757E57C0767E58C0777E59C0787E5AC04C
:10D0B000797E5BC07A7E5CC07B7E5DC07C7E5EC01C
:10D0C0007D7E5FC07E7E60C07F7E61C0807E62C0EC
:10D0D000817E63C0827EEBD7837E64C0847E65C020
:10D0E000857E66C0867E67C0877E68C0887E69C090
:10D0F000897E6AC08A7E6BC08B7E6CC08C7E6DC060
:10D100008D7E6EC08E7E6FC08F7E70C0907E71C02F
:10D11000917E72C0927E73C0937E74C0947E75C0FF
:10D12000957E76C0967E77C0977E78C0987E79C0CF
:10D13000997E7AC09A7E7BC09B7EEEF49C7E7CC0FA
:10D140009D7E7DC09E7E7EC09F7EF9E6A07EC0BE95
:10D15000A17EFAE6A27EECBAA37EFBE6A47ECBCF4C
:10D16000A57EFCE6A67EBCD4A77EB6BCA87EFDE666
:10D17000A97EFEE6AA7ECDBCAB7ED2C8AC7EB3CE85
:10D18000AD7EA1E7AE7E80C0AF7EBFB4B07EA2E729
:10D19000B17EB4C9B27ED9B8B37EC9C4B47E81C0F1
:10D1A000B57EDDD7B67EDAC2B77ED7B7B87EBDD63C
:10D1B000B97EC6CEBA7EC4B7BB7E82C0BC7E83C0F9
:10D1C000BD7EA6C5BE7EA3E7BF7EDFCFC07EA4E73F
:10D1D000C17EA5E7C27EA6E7C37EB7C1C47EE9D7FC
:10D1E000C57EF0C9C67EB8CFC77EAFD6C87ED5D6BD
:10D1F000C97EA7E7CA7EEDB0CB7EA8E7CC7EA9E7C3
:10D20000CD7EDCC9CE7EEFD2CF7EADBED07EAAE78A
:10D21000D17EF3B0D27EDEC8D37EE1BDD47EABE753
:10D22000D57EC6C8D67E84C0D77EACE7D87EE6BBA6
:10D23000D97EF8B8DA7EA4D1DB7EADE7DC7EE7C22A
:10D24000DD7EF8BEDE7ECABDDF7EB3CDE07EAEE71A
:10D25000E17EAFE7E27EEEBEE37EE5D0E47E85C010
:10D26000E57EE7CBE67ED0CCE77ECCBCE87EB0E7BF
:10D27000E97EA8BCEA7EF7D0EB7EB1E7EC7E86C003
:10D28000ED7EF8D0EE7EB2E7EF7EB3E7F07EC2B47B
:10D29000F17EB4E7F27EB5E7F37EFEC9F47EACCE54
:10D2A000F57EE0C3F67EB7E7F77EC1B1F87EF1B355
:10D2B000F97E87C0FA7EB8E7FB7EB9E7FC7EDBD754
:10D2C000FD7EC0D5FE7EBAE7FF7ECCC2007FBAD716
:10D2D000017FBBE7027FBCE7037FBDE7047FEABCB9
:10D2E000057FE5C3067FC2C0077FBEE7087FBFE7B3
:10D2F000097FA9BC0A7F88C00B7FC0E70C7FC1E70C
:10D300000D7FB6E70E7FD0B60F7FC2E7107F89C0D2
:10D31000117FC3E7127FC4E7137FBABB147FDEB56A
:10D32000157FC6C2167FE0B1177FC5E7187FB5D459
:10D33000197FC6E71A7FBFB81B7FC8E71C7FC7E706
:10D340001D7FECB71E7F8AC01F7FC9E7207FF8B220
:10D35000217FCAE7227FCBE7237FCCE7247FCDE77D
:10D36000257FCEE7267FCFE7277FD0E7287FA7D38B
:10D37000297FF5CB2A7FD1E72B7FD2E72C7FD3E71C
:10D380002D7FD4E72E7FC9C92F7FD5E7307FD6E721
:10D39000317FD7E7327FD8E7337FD9E7347FC9BD04
:10D3A000357FDAE7367FBEF3377F8BC0387FD7B85B
:10D3B000397F8CC03A7FB1C83B7F8DC03C7F8EC027
:10D3C0003D7F8FC03E7F90C03F7F91C0407F92C025
:10D3D000417F93C0427FBFF3437F94C0447FC0F33B
:10D3E000457FC1F3467F95C0477F96C0487F97C071
:10D3F000497F98C04A7F99C04B7F9AC04C7F9BC0A1
:10D400004D7F9CC04E7F9DC04F7F9EC0507FDEB938
:10D41000517FF8CD527F9FC0537FA0C0547FE8D882
:10D42000557FB1BA567F40C1577FDEC2587FB7EEF5
:10D43000597F41C15A7FA3B75B7F42C15C7F43C123
:10D440005D7F44C15E7F45C15F7FB9EE607F46C1AD
:10D45000617FB8EE627FD5B0637F47C1647F48C10A
:10D46000657F49C1667F4AC1677F4BC1687FBBEE5C
:10D47000697FD6D56A7FEFD76B7F4CC16C7F4DC17A
:10D480006D7F4EC16E7FC3D66F7F4FC1707F50C11D
:10D49000717FBDEE727FF0CA737F51C1747FBCEEA5
:10D4A000757F52C1767F53C1777F54C1787F55C154
:10D4B000797FBEEE7A7F56C17B7F57C17C7F58C192
:10D4C0007D7F59C17E7FC0EE7F7F5AC1807F5BC167
:10D4D000817FBFEE827F5CC1837F5DC1847F5EC13F
:10D4E000857F5FC1867F60C1877F61C1887F62C1A0
:10D4F000897F63C18A7FF2D18B7F64C18C7FBCC777
:10D500008D7F65C18E7FC0C38F7F66C1907F67C1ED
:10D51000917F68C1927F69C1937F6AC1947FE1B8AE
:10D52000957F6BC1967F6CC1977F6DC1987F6EC1EF
:10D53000997F6FC19A7FE7C19B7F70C19C7F71C14A
:10D540009D7FC6F49E7FDFD09F7FC7F4A07F72C10E
:10D55000A17FDBCFA27F73C1A37F74C1A47FBAC8B0
:10D56000A57F75C1A67F76C1A77FC8F4A87F77C1C4
:10D57000A97F78C1AA7F79C1AB7F7AC1AC7F7BC11B
:10D58000AD7F7CC1AE7F7DC1AF7FC9F4B07FCAF4EF
:10D59000B17F7EC1B27FCBF4B37F80C1B47F81C144
:10D5A000B57F82C1B67F83C1B77F84C1B87FFAD906
:10D5B000B97FFEB8BA7F85C1BB7F86C1BC7FF1E56C
:10D5C000BD7FF0D3BE7F87C1BF7FE0F4C07F88C13D
:10D5D000C17FCCCEC27F89C1C37F8AC1C47F8BC1CA
:10D5E000C57FE1B3C67F8CC1C77F8DC1C87F8EC1A7
:10D5F000C97F8FC1CA7FB4F1CB7F90C1CC7FEED2FF
:10D60000CD7F91C1CE7FE1F4CF7F92C1D07F93C116
:10D61000D17F94C1D27F95C1D37F96C1D47FE8CF0B
:10D62000D57FE2F4D67F97C1D77F98C1D87FCCC78A
:10D63000D97F99C1DA7F9AC1DB7F9BC1DC7F9CC116
:10D64000DD7F9DC1DE7F9EC1DF7FD4B5E07FE4B486
:10D65000E17FE4F4E27F9FC1E37FA0C1E47F40C2A9
:10D66000E57FE3F4E67FE5F4E77F41C2E87F42C26D
:10D67000E97FE6F4EA7F43C2EB7F44C2EC7F45C218
:10D68000ED7F46C2EE7FE7F4EF7F47C2F07FB2BA8C
:10D69000F17FBFB0F27F48C2F37FE8F4F47F49C264
:10D6A000F57F4AC2F67F4BC2F77F4CC2F87F4DC26E
:10D6B000F97F4EC2FA7F4FC2FB7FADB7FC7FEDD240
:10D6C000FD7F50C2FE7F51C2FF7F52C20080ABD2AD
:10D6D0000180CFC0028053C20380BCBF0480A3EB93
:10D6E0000580DFD50680C8EA078054C2088055C28D
:10D6F000098056C20A8057C20B80F3F10C80F8B63D
:10D700000D80A3CB0E8058C20F8059C21080CDC4AB
:10D7100011805AC21280E7F113805BC21480E8F1D5
:10D720001580FBB81680E9F11780C4BA1880C5D4FB
:10D730001980D2B01A805CC21B805DC21C80EAF1E5
:10D740001D805EC21E805FC21F8060C22080EBF120
:10D75000218061C22280ECF1238062C2248063C2F6
:10D760002580EDF12680EEF12780EFF12880F1F1A0
:10D770002980F0F12A80D5C52B8064C22C8065C237
:10D780002D8066C22E8067C22F8068C2308069C239
:10D790003180F2F132806AC23380FAB634806BC2D3
:10D7A0003580F4F13680AED23780C7DE3880CACB00
:10D7B00039806CC23A806DC23B80DCB33C806EC263
:10D7C0003D80A2B53E806FC23F80A2B9408070C24A
:10D7D000418071C24280F4C44380F5F1448072C23A
:10D7E000458073C24680F6F1478074C2488075C296
:10D7F000498076C24A80C4C14B80FBC14C80B0D600
:10D800004D80F7F14E8077C24F8078C2508079C248
:10D8100051807AC25280F8F153807BC25480AAC1F1
:10D8200055807CC256807DC257807EC25880B8C663
:10D83000598080C25A80DBBE5B8081C25C8082C21C
:10D840005D8083C25E8084C25F8085C2608086C244
:10D85000618087C2628088C2638089C264808AC214
:10D8600065808BC266808CC267808DC268808EC2E4
:10D870006980F9F16A80CFB46B808FC26C8090C2EE
:10D880006D8091C26E8092C26F8093C2708094C28C
:10D890007180FAF1728095C2738096C2748097C2CB
:10D8A000758098C2768099C277809AC278809BC230
:10D8B00079809CC27A809DC27B809EC27C809FC200
:10D8C0007D80A0C27E8040C37F80B2ED8080B1EDBC
:10D8D000818041C3828042C38380E0CB8480DED2DA
:10D8E000858043C38680C1CB8780D8D5888044C3D8
:10D8F0008980E2C88A8045C38B80DFC08C80A1BC50
:10D900008D8046C38E8047C38F8048C3908049C3B3
:10D9100091804AC392804BC39380C1EB94804CC3E7
:10D9200095804DC39680A4D097804EC39880E2D650
:10D9300099804FC39A80C7B69B80D8B89C80C0EBB3
:10D940009D80CEB89E8050C39F80BFEBA080A6B3C1
:10D95000A180C9B9A280ABD6A38051C3A480F4B77B
:10D96000A580CAB7A68052C3A78053C3A88054C35A
:10D97000A980E7BCAA80BEB7AB80C6EBAC8055C31C
:10D98000AD80C7EBAE80B9B0AF80CFBFB08056C31B
:10D99000B180C5EBB280FDD3B38057C3B480C8EB70
:10D9A000B58058C3B68059C3B780C9EBB8805AC395
:10D9B000B9805BC3BA80CEB7BB805CC3BC80C2EB0E
:10D9C000BD80C4EBBE80F6C9BF80D7D6C080CDD5A0
:10D9D000C180B2D0C280CFEBC380B8CEC480D0EBC0
:10D9E000C5805DC3C680A8B5C7805EC3C8805FC35D
:10D9F000C98060C3CA8061C3CB8062C3CC80B3B12D
:10DA0000CD80D2EBCE80A5CCCF8063C3D08064C361
:10DA1000D18065C3D28066C3D38067C3D48068C316
:10DA2000D58069C3D680D6C5D780D3EBD8806AC3EA
:10DA3000D980D1EBDA80DFC5DB80CEEBDC80A4CAF5
:10DA4000DD80D5EBDE80FBB0DF806BC3E0806CC394
:10DA5000E180FABAE2806DC3E3806EC3E480B7D898
:10DA6000E580E3F1E6806FC3E780CAEBE880CBEBAB
:10DA7000E980CCEBEA80CDEBEB80D6EBEC80C0E626
:10DA8000ED80D9EBEE8070C3EF80E8BFF080C8D2A4
:10DA9000F180D7EBF280DCEBF380ECB8F480D8EBCC
:10DAA000F58071C3F680BABDF78072C3F880D8D014
:10DAB000F98073C3FA80B7B0FB8074C3FC80DDEBE0
:10DAC000FD80DCC4FE8075C3FF8076C3008177C310
:10DAD000018178C30281ACD6038179C304817AC302
:10DAE00005817BC30681E0B407817CC308817DC3C7
:10DAF0000981F6C20A81B9BC0B817EC30C8180C347
:10DB00000D81DAEB0E81DBEB0F81E0D41081EAC6E8
:10DB10001181D4C41281DFEB1381A7C51481F5D91B
:10DB2000158181C31681B1B2178182C31881E4EBDC
:10DB3000198183C31A81C5BD1B8184C31C8185C320
:10DB40001D8186C31E81E2EB1F8187C3208188C3AC
:10DB5000218189C322818AC323818BC324818CC301
:10DB600025818DC326818EC327818FC3288190C3D1
:10DB7000298191C32A8192C32B8193C32C81E3EB2A
:10DB80002D8194C32E8195C32F81ACB8308196C36B
:10DB90003181D1CD3281E5EB338197C3348198C394
:10DBA000358199C33681E1EB37819AC33881B3C19E
:10DBB00039819BC33A819CC33B819DC33C819EC3F9
:10DBC0003D819FC33E81A2C63F81A0C3408140C426
:10DBD000418141C4428142C4438143C4448144C41D
:10DBE000458145C44681F3CC478146C44881E6EB74
:10DBF000498147C44A81B0C04B81B8D24C81E7EB20
:10DC00004D8148C44E8149C44F814AC45081AFB848
:10DC10005181ADB852814BC45381E8EB5481BBC7ED
:10DC20005581F3CD56814CC457814DC458814EC4A3
:10DC30005981EAEB5A81EBEB5B814FC45C8150C4A4
:10DC40005D8151C45E8152C45F8153C46081EDEB3C
:10DC5000618154C4628155C4638156C4648157C4D0
:10DC60006581C8D0668158C46781F2EB688159C468
:10DC70006981EEEB6A815AC46B815BC46C815CC4C0
:10DC80006D81F1EB6E81F9C86F815DC47081FCD14B
:10DC90007181ECEB72815EC473815FC47481E9EBC6
:10DCA000758160C4768161C4778162C4788163C400
:10DCB0007981B9B87A81D9CF7B81E5C47C81EFEBDA
:10DCC0007D81F0EB7E81DACC7F81C8CD8081F2B09E
:10DCD000818164C48281F6EB838165C4848166C4DA
:10DCE000858167C4868168C4878169C48881F5EBB2
:10DCF00089816AC48A81B2B28B816BC48C816CC405
:10DD00008D816DC48E816EC48F81E0B890816FC4A7
:10DD10009181F7EB928170C4938171C4948172C434
:10DD2000958173C4968174C4978175C49881ECB150
:10DD3000998176C49A8177C49B81C5CC9C81A4C407
:10DD40009D81A5CF9E8178C49F8179C4A0817AC42A
:10DD5000A1817BC4A2817CC4A381F9EBA4817DC491
:10DD6000A5817EC4A681A2ECA78180C4A881F2C54A
:10DD7000A98181C4AA81FAEBAB8182C4AC8183C43E
:10DD8000AD8184C4AE8185C4AF8186C4B08187C4AF
:10DD9000B18188C4B28189C4B381C5C9B4818AC440
:10DDA000B5818BC4B6818CC4B7818DC4B8818EC453
:10DDB000B9818FC4BA81DFE2BB81FEEBBC8190C424
:10DDC000BD8191C4BE8192C4BF8193C4C081CECDB8
:10DDD000C181A1ECC281DBB1C381B7D3C48194C43A
:10DDE000C58195C4C681DCD2C78196C4C88197C459
:10DDF000C98198C4CA81FDEBCB8199C4CC81FBEB6E
:10DE0000CD819AC4CE819BC4CF819CC4D0819DC456
:10DE1000D1819EC4D2819FC4D381A0C4D48140C586
:10DE2000D58141C5D68142C5D78143C5D88144C576
:10DE3000D98145C5DA8146C5DB8147C5DC8148C546
:10DE4000DD8149C5DE814AC5DF814BC5E0814CC516
:10DE5000E1814DC5E2814EC5E381BCB3E4814FC58C
:10DE6000E58150C5E68151C5E781B0EAE88152C538
:10DE7000E98153C5EA81D4D7EB8154C5EC81ABF479
:10DE8000ED81F4B3EE8155C5EF8156C5F08157C5DC
:10DE9000F18158C5F28159C5F381C1D6F481C2D64A
:10DEA000F5815AC5F6815BC5F7815CC5F8815DC512
:10DEB000F9815EC5FA815FC5FB81E9D5FC81CABEE7
:10DEC000FD8160C5FE81A7F4FF8161C50082A8D2F3
:10DED0000182A8F40282A9F4038262C50482AAF432
:10DEE0000582CBBE0682DFD3078263C5088264C584
:10DEF000098265C50A8266C50B8267C50C82E0C9C6
:10DF00000D82E1C90E8268C50F8269C51082C2F315
:10DF100011826AC51282E6CA13826BC51482F2CCE2
:10DF200015826CC516826DC517826EC518826FC5C5
:10DF3000198270C51A8271C51B82B6E21C82B4CBED
:10DF40001D8272C51E82E8CE1F82DBD6208273C579
:10DF50002182ADF42282AEF42382AFF4248274C510
:10DF6000258275C5268276C5278277C52882B2F4B8
:10DF7000298278C52A82BDBA2B82B3F42C82E3B001
:10DF80002D82B0F42E8279C52F82B1F43082A2BDE9
:10DF90003182D5B232827AC53382B6F43482B7F494
:10DFA0003582E6B63682B0B23782CFCF3882B4F44B
:10DFB0003982ACB43A827BC53B82B5F43C827CC5E5
:10DFC0003D827DC53E82B8F43F827EC5408280C5D9
:10DFD000418281C5428282C5438283C54482B9F4AD
:10DFE000458284C5468285C54782A7CD488286C5BD
:10DFF0004982BAF44A8287C54B82BBF44C8288C5F9
:10E000004D8289C54E828AC54F82BCF450828BC531
:10E0100051828CC552828DC553828EC554828FC564
:10E02000558290C5568291C5578292C55882D2CBEF
:10E03000598293C55A82BDF45B8294C55C8295C5B2
:10E040005D8296C55E8297C55F82BEF4608298C588
:10E05000618299C562829AC563829BC564829CC5B0
:10E0600065829DC566829EC567829FC56882BFF432
:10E070006982A0C56A8240C66B8241C66C8242C674
:10E080006D8243C66E82DEF46F82BCC17082E8BCD2
:10E09000718244C67282ABC97382DED17482F5E5A7
:10E0A000758245C6768246C6778247C6788248C65C
:10E0B0007982B3DC7A82D5D27B8249C67C824AC619
:10E0C0007D82B4DC7E82ACB07F82B5DC80824BC6C0
:10E0D00081824CC68282DABD83824DC68482B9DCDD
:10E0E00085824EC686824FC6878250C68882C2D835
:10E0F000898251C68A82B7DC8B82F3D38C8252C666
:10E100008D82D6C98E82BADC8F82B6DC908253C6ED
:10E110009182BBDC9282A2C3938254C6948255C67C
:10E12000958256C6968257C69782BCDC9882C5DC1B
:10E130009982BDDC9A8258C69B8259C69C82DFCEEA
:10E140009D82A5D69E825AC69F82CFDCA0825BC6E6
:10E15000A182CDDCA2825CC6A3825DC6A482D2DC91
:10E16000A582E6BDA682ABC2A7825EC6A882B8DC45
:10E17000A982CBDCAA82CEDCAB82BEDCAC82D2B779
:10E18000AD82C5B0AE82C7DCAF82BED0B082C1DC8A
:10E19000B182A8BBB2825FC6B382BCB7B482CCDC0A
:10E1A000B58260C6B68261C6B782C6DCB882BFDC03
:10E1B000B982DBC7BA8262C6BB8263C6BC8264C650
:10E1C000BD82BFD1BE82C0DCBF8265C6C08266C6CA
:10E1D000C182CADCC28267C6C38268C6C482D0DC80
:10E1E000C58269C6C6826AC6C782ADCEC882C2DC95
:10E1F000C9826BC6CA82C3DCCB82C8DCCC82C9DCD4
:10E20000CD82D4B2CE82D1DCCF82D5CBD0826CC6C7
:10E21000D182B7D4D282DBDCD382DFDCD482A6CC3D
:10E22000D582E6DCD6826DC6D782E7C3D882DCDC35
:10E23000D9826EC6DA826FC6DB82C1BFDC82D9DCCE
:10E24000DD8270C6DE82FAB0DF82B6B9E082E5DC3C
:10E25000E182D3DCE28271C6E382C4DCE482D6DCF4
:10E26000E582F4C8E682E0BFE78272C6E88273C640
:10E27000E98274C6EA8275C6EB82BBC9EC8276C6B7
:10E28000ED8277C6EE8278C6EF82BDB1F08279C6A4
:10E29000F182A2D3F2827AC6F3827BC6F482DADC00
:10E2A000F5827CC6F6827DC6F782D5DCF8827EC612
:10E2B000F982BBC6FA8280C6FB82DEDCFC8281C6A4
:10E2C000FD8282C6FE8283C6FF8284C6008385C625
:10E2D0000183C2D70283AFC30383B6B70483D1C718
:10E2E0000583A9C30683E2DC0783D8DC0883EBDC63
:10E2F0000983D4DC0A8386C60B8387C60C83DDDCE6
:10E300000D8388C60E83A5BE0F83D7DC108389C614
:10E310001183E0DC12838AC613838BC61483E3DC8B
:10E320001583E4DC16838CC61783F8DC18838DC64E
:10E3300019838EC61A83E1DC1B83A2DD1C83E7DC14
:10E340001D838FC61E8390C61F8391C6208392C6ED
:10E35000218393C6228394C6238395C6248396C6BD
:10E36000258397C6268398C62783EBBC2883C4B42D
:10E37000298399C62A839AC62B83A3C32C83E7B229
:10E380002D83FADC2E839BC62F83F2DC30839CC660
:10E390003183EFDC32839DC63383FCDC3483EEDCD7
:10E3A0003583F0D23683E8B237839EC63883D7C828
:10E3B0003983E3C83A83FBDC3B839FC63C83EDDCB7
:10E3C0003D83A0C63E8340C73F8341C74083F7DCFF
:10E3D000418342C7428343C74383F5DC448344C738
:10E3E000458345C74683A3BE4783F4DC488346C7BD
:10E3F0004983DDB24A8347C74B8348C74C8349C72B
:10E400004D834AC74E834BC74F83F3DC5083F6BC22
:10E410005183E8DC5283C4BB53834CC75483F3C09D
:10E4200055834DC756834EC757834FC7588350C730
:10E43000598351C75A83D4BC5B83E9DC5C83EADC33
:10E440005D8352C75E83F1DC5F83F6DC6083F9DCB9
:10E450006183B4B5628353C76383D9C86483E7BB60
:10E460006583FEDC6683FDDC6783ABD36883A1DD57
:10E470006983A3DD6A83A5DD6B83F1D26C83A4DDA0
:10E480006D83A6DD6E83A7DD6F83A9D2708354C729
:10E49000718355C7728356C7738357C7748358C730
:10E4A000758359C776835AC77783C9BA7883A9DD3C
:10E4B00079835BC77A835CC77B83B6DD7C83B1DD00
:10E4C0007D83B4DD7E835DC77F835EC780835FC746
:10E4D000818360C7828361C7838362C7848363C784
:10E4E0008583B0DD8683CEC6878364C7888365C78E
:10E4F0008983F2C08A8366C78B8367C78C8368C7AA
:10E500008D8369C78E83AFC98F836AC790836BC7BA
:10E5100091836CC79283ECDC9383AEDD94836DC7EB
:10E5200095836EC796836FC7978370C79883B7DD4F
:10E53000998371C79A8372C79B83F0DC9C83AFDD9C
:10E540009D8373C79E83B8DD9F8374C7A083ACDDB2
:10E55000A18375C7A28376C7A38377C7A48378C72F
:10E56000A58379C7A6837AC7A7837BC7A883B9DDAC
:10E57000A983B3DDAA83ADDDAB83AAC4AC837CC71A
:10E58000AD837DC7AE837EC7AF8380C7B083A8DD70
:10E59000B183B3C0B283ABC1B383AADDB483ABDDB7
:10E5A000B58381C7B683B2DDB783F1BBB883B5DD70
:10E5B000B983A8D3BA83BADDBB8382C7BC83BBDD72
:10E5C000BD83A7C3BE8383C7BF8384C7C083D2DD97
:10E5D000C183BCDDC28385C7C38386C7C48387C7A5
:10E5E000C583D1DDC68388C7C783BDB9C88389C742
:10E5F000C9838AC7CA83D5BECB838BC7CC83FABEF7
:10E60000CD838CC7CE838DC7CF83CABAD0838EC744
:10E61000D1838FC7D28390C7D38391C7D483CADDF8
:10E62000D58392C7D683C5DDD78393C7D883BFDD93
:10E63000D98394C7DA8395C7DB8396C7DC83CBB2D3
:10E64000DD83C3DDDE8397C7DF83CBDDE083A4B248
:10E65000E183D5DDE28398C7E38399C7E4839AC752
:10E66000E583BEDDE6839BC7E7839CC7E8839DC740
:10E67000E983D0C6EA83D0DDEB839EC7EC839FC7D6
:10E68000ED83A0C7EE8340C8EF8341C8F083D4DD9B
:10E69000F183E2C1F283C6B7F38342C8F48343C86F
:10E6A000F58344C8F68345C8F78346C8F883CEDDB2
:10E6B000F983CFDDFA8347C8FB8348C8FC8349C888
:10E6C000FD83C4DDFE834AC8FF834BC800844CC869
:10E6D0000184BDDD02844DC80384CDDD0484D1CC2A
:10E6E00005844EC80684C9DD07844FC8088450C815
:10E6F000098451C80A8452C80B84C2DD0C84C8C383
:10E700000D84BCC60E84AECE0F84CCDD108453C8FD
:10E710001184C8DD128454C8138455C8148456C8A3
:10E72000158457C8168458C8178459C81884C1DD81
:10E7300019845AC81A845BC81B845CC81C84C6DD53
:10E740001D84DCC21E845DC81F845EC820845FC82F
:10E75000218460C8228461C8238462C82484A9D328
:10E760002584AAD32684D3DD2784F4CF2884F8C84F
:10E77000298463C82A8464C82B8465C82C8466C82D
:10E780002D8467C82E8468C82F8469C830846AC8FD
:10E790003184E6DD32846BC833846CC834846DC840
:10E7A00035846EC836846FC8378470C83884C7DD36
:10E7B000398471C83A8472C83B8473C83C84E0DDF4
:10E7C0003D84E4C23E8474C83F8475C8408476C8E2
:10E7D000418477C8428478C8438479C844847AC81D
:10E7E00045847BC84684E1DD47847CC848847DC875
:10E7F00049847EC84A8480C84B8481C84C8482C8BE
:10E800004D8483C84E8484C84F8485C8508486C88C
:10E810005184D7DD528487C8538488C8548489C8FA
:10E8200055848AC856848BC85784F8D658848CC8B7
:10E830005984D9DD5A84D8DD5B84F0B85C84D6DD98
:10E840005D848DC85E848EC85F848FC8608490C8E4
:10E850006184CFC6628491C86384ADB6648492C873
:10E86000658493C8668494C8678495C8688496C88C
:10E870006984E2DD6A8497C86B84F9BA6C84E1D458
:10E880006D84E7DD6E8498C86F8499C870849AC8D7
:10E890007184D0B472849BC87384DADD74849CC89C
:10E8A0007584FBBF7684E3DD77849DC87884DFDDE3
:10E8B00079849EC87A84DDDD7B849FC87C84A0C86F
:10E8C0007D8440C97E8441C97F8442C9808443C914
:10E8D000818444C98284D9B5838445C9848446C966
:10E8E000858447C9868448C98784DBDD8884DCDD6C
:10E8F0008984DEDD8A8449C98B84AFBD8C84E4DDE4
:10E900008D844AC98E84E5DD8F844BC990844CC9BF
:10E9100091844DC992844EC993844FC9948450C93F
:10E92000958451C9968452C99784F5DD988453C95A
:10E930009984C9C39A8454C99B8455C99C84E2CBE9
:10E940009D8456C99E8457C99F8458C9A08459C9BB
:10E95000A184F2DDA2845AC9A3845BC9A4845CC9E2
:10E96000A5845DC9A6845EC9A7845FC9A88460C95F
:10E97000A98461C9AA8462C9AB8463C9AC8464C92F
:10E98000AD8465C9AE8466C9AF84E1D8B08467C977
:10E99000B18468C9B284D1C6B38469C9B484F4DDD2
:10E9A000B5846AC9B6846BC9B7846CC9B884F4D518
:10E9B000B984F3DDBA84F0DDBB846DC9BC846EC953
:10E9C000BD84ECDDBE846FC9BF84EFDDC08470C937
:10E9D000C184E8DDC28471C9C38472C9C484EED025
:10E9E000C58473C9C68474C9C78475C9C88476C907
:10E9F000C984D8C8CA84EEDDCB8477C9CC8478C9F1
:10EA0000CD84E9DDCE8479C9CF847AC9D084EADDAA
:10EA1000D184F2CBD2847BC9D384EDDDD4847CC98C
:10EA2000D5847DC9D684CDB1D7847EC9D88480C928
:10EA3000D98481C9DA8482C9DB8483C9DC8484C92E
:10EA4000DD84B6C0DE8485C9DF84BBBCE084F1DD33
:10EA5000E18486C9E28487C9E384F7DDE48488C958
:10EA6000E584F6DDE684EBDDE78489C9E8848AC9BC
:10EA7000E9848BC9EA848CC9EB848DC9EC84EEC52A
:10EA8000ED848EC9EE848FC9EF8490C9F084FBDDDC
:10EA9000F18491C9F28492C9F38493C9F48494C92E
:10EAA000F58495C9F68496C9F78497C9F88498C9FE
:10EAB000F98499C9FA849AC9FB849BC9FC84A4DEB1
:10EAC000FD849CC9FE849DC9FF84A3DE00859EC988
:10EAD00001859FC90285A0C9038540CA048541CA32
:10EAE000058542CA068543CA078544CA088545CAC2
:10EAF000098546CA0A8547CA0B8548CA0C85F8DDD0
:10EB00000D8549CA0E854ACA0F854BCA10854CCA65
:10EB10001185EFC312854DCA1385FBC214854ECAF9
:10EB200015854FCA168550CA1785E1D5188551CA73
:10EB3000198552CA1A85B5CE1B8553CA1C8554CA7D
:10EB40001D8555CA1E8556CA1F85FDDD208557CAFD
:10EB50002185CCB2228558CA238559CA24855ACA30
:10EB600025855BCA26855CCA27855DCA28855ECA5D
:10EB700029855FCA2A8560CA2B85E8C42C85DFCA2F
:10EB80002D8561CA2E8562CA2F8563CA308564CA05
:10EB9000318565CA328566CA338567CA348568CAD5
:10EBA000358569CA36856ACA3785BEC73885FADDB4
:10EBB0003985FCDD3A85FEDD3B85A2DE3C85AAB0C9
:10EBC0003D85CEB13E856BCA3F856CCA40856DCA16
:10EBD00041856ECA42856FCA4385ACDE448570CAE2
:10EBE000458571CA468572CA478573CA4885A6DEBF
:10EBF0004985B6BD4A85EFC84B8574CA4C8575CA30
:10EC00004D8576CA4E8577CA4F8578CA508579CAB0
:10EC100051857ACA52857BCA53857CCA54857DCA80
:10EC200055857ECA5685A1DE578580CA588581CA1A
:10EC30005985A5DE5A8582CA5B8583CA5C8584CAEC
:10EC40005D8585CA5E85A9DE5F8586CA608587CABF
:10EC5000618588CA628589CA63858ACA6485A8DE97
:10EC600065858BCA66858CCA67858DCA6885A7DE6F
:10EC700069858ECA6A858FCA6B8590CA6C8591CA70
:10EC80006D8592CA6E8593CA6F8594CA708595CA40
:10EC9000718596CA7285ADDE738597CA7485CCD4AA
:10ECA000758598CA768599CA77859ACA78859BCAE8
:10ECB0007985B3DE7A85AADE7B85AEDE7C859CCA4B
:10ECC0007D859DCA7E85D9C07F859ECA80859FCA65
:10ECD0008185A0CA828540CB838541CB8485A1B143
:10ECE0008585B6DE868542CB8785B1DE888543CBB8
:10ECF000898544CB8A8545CB8B8546CB8C8547CB94
:10ED00008D8548CB8E8549CB8F85B2DE90854ACBE9
:10ED100091854BCB92854CCB93854DCB94854ECB37
:10ED200095854FCB968550CB978551CB988552CB07
:10ED3000998553CB9A8554CB9B85A6D19C85B5DE0E
:10ED40009D8555CB9E8556CB9F8557CBA08558CBAF
:10ED5000A18559CBA2855ACBA3855BCBA485AFDE19
:10ED6000A5855CCBA6855DCBA7855ECBA885B0DEEF
:10ED7000A9855FCBAA85BDD0AB8560CBAC8561CBC7
:10ED8000AD8562CBAE85B4DEAF85EDCAB085B9DEA8
:10ED9000B18563CBB28564CBB38565CBB48566CBD7
:10EDA000B58567CBB68568CBB785B8DEB88569CB46
:10EDB000B985B7DEBA856ACBBB856BCBBC856CCB1E
:10EDC000BD856DCBBE856ECBBF856FCBC08570CB4F
:10EDD000C185BBDEC28571CBC38572CBC48573CBC5
:10EDE000C58574CBC68575CBC78576CBC88577CBF3
:10EDF000C985E5BDCA8578CBCB8579CBCC857ACB67
:10EE0000CD857BCBCE857CCBCF85D8B2D085EAC3F0
:10EE1000D1857DCBD2857ECBD385BADED48580CB20
:10EE2000D585BAC5D68581CBD78582CBD88583CB0E
:10EE3000D98584CBDA8585CBDB8586CBDC85BCDECA
:10EE4000DD8587CBDE8588CBDF8589CBE0858ACBE6
:10EE5000E1858BCBE2858CCBE3858DCBE485D9CC6A
:10EE6000E5858ECBE6858FCBE78590CBE88591CB8A
:10EE7000E985AAB7EA8592CBEB8593CBEC8594CB59
:10EE8000ED8595CBEE8596CBEF8597CBF08598CB2E
:10EE9000F18599CBF2859ACBF3859BCBF4859CCBFE
:10EEA000F5859DCBF6859ECBF7859FCBF885A0CBCE
:10EEB000F98540CCFA8541CCFB85E5D4FC8542CC74
:10EEC000FD8543CCFE8544CCFF85BDDE008645CC68
:10EED000018646CC028647CC038648CC048649CCC2
:10EEE0000586BFDE06864ACC07864BCC08864CCC0E
:10EEF00009864DCC0A864ECC0B864FCC0C8650CC66
:10EF00000D8651CC0E8652CC0F8653CC108654CC35
:10EF10001186A2C4128655CC138656CC148657CCC3
:10EF2000158658CC1686C1DE178659CC18865ACC61
:10EF300019865BCC1A865CCC1B865DCC1C865ECCAD
:10EF40001D865FCC1E8660CC1F8661CC208662CC7D
:10EF5000218663CC228664CC238665CC248666CC4D
:10EF6000258667CC268668CC2786BEDE288669CCB7
:10EF70002986C0DE2A866ACC2B866BCC2C866CCC8C
:10EF80002D866DCC2E866ECC2F866FCC308670CCC5
:10EF9000318671CC328672CC338673CC348674CC95
:10EFA000358675CC368676CC378677CC3886BAD51A
:10EFB000398678CC3A8679CC3B867ACC3C86C2DEE0
:10EFC0003D867BCC3E867CCC3F867DCC40867ECC0D
:10EFD000418680CC428681CC438682CC448683CCD9
:10EFE000458684CC468685CC478686CC488687CCA9
:10EFF000498688CC4A8689CC4B868ACC4C868BCC79
:10F000004D86AEF24E86A2BB4F86B2C25086B0C5C8
:10F010005186C7C252868CCC53868DCC5486AFF2B3
:10F0200055868ECC56868FCC578690CC588691CC00
:10F03000598692CC5A86E9D05B8693CC5C8694CC78
:10F040005D8695CC5E86DDD35F8696CC608697CC58
:10F05000618698CC6286BDEB638699CC64869ACC37
:10F0600065869BCC66869CCC67869DCC68869ECC4C
:10F0700069869FCC6A86A0CC6B86E6B36C86B0F2BC
:10F080006D8640CD6E86B1F26F8641CD708642CDE1
:10F090007186ADCA728643CD738644CD748645CDE4
:10F0A000758646CD768647CD778648CD788649CD1C
:10F0B0007986E7BA7A86B3F27B86B5F27C86B4F2BB
:10F0C0007D86E4CB7E86BACF7F86B2F28086B4CAD4
:10F0D0008186CFD28286ECC283864ACD84864BCD90
:10F0E00085864CCD86864DCD87864ECD88864FCD84
:10F0F000898650CD8A86C3CE8B86B8F28C86F6B0D0
:10F100008D86B7F28E8651CD8F8652CD908653CDA7
:10F11000918654CD928655CD9386BEF2948656CD77
:10F120009586CFB2968657CD978658CD988659CD7D
:10F1300099865ACD9A865BCD9B865CCD9C86C1D143
:10F140009D86BAF29E865DCD9F865ECDA0865FCD00
:10F15000A18660CDA28661CDA386BCF2A486E9D447
:10F16000A58662CDA68663CDA786BBF2A886B6F239
:10F17000A986BFF2AA86BDF2AB8664CDAC86B9F291
:10F18000AD8665CDAE8666CDAF86C7F2B086C4F2D9
:10F19000B186C6F2B28667CDB38668CDB486CAF2B0
:10F1A000B586C2F2B686C0F2B78669CDB8866ACD9A
:10F1B000B9866BCDBA86C5F2BB866CCDBC866DCDEB
:10F1C000BD866ECDBE866FCDBF8670CDC086FBD6A8
:10F1D000C18671CDC28672CDC38673CDC486C1F29D
:10F1E000C58674CDC686F9C7C786DFC9C88675CD02
:10F1F000C986C8F2CA86C6B9CB86B0B5CC8676CDEC
:10F20000CD8677CDCE86C3F2CF86C9F2D086D0F236
:10F21000D186D6F2D28678CDD38679CDD486D7BBA7
:10F22000D5867ACDD6867BCDD7867CCDD886D5F2CD
:10F23000D986DCCDDA867DCDDB86EBD6DC867ECD4D
:10F24000DD8680CDDE86D2F2DF86D4F2E08681CD07
:10F25000E18682CDE28683CDE38684CDE486F2B872
:10F26000E58685CDE68686CDE78687CDE88688CD9E
:10F27000E986CBF2EA8689CDEB868ACDEC868BCD0A
:10F28000ED86CEF2EE86F9C2EF868CCDF086DDD526
:10F29000F186CCF2F286CDF2F386CFF2F486D3F289
:10F2A000F5868DCDF6868ECDF7868FCDF886D9F290
:10F2B000F986BCD3FA8690CDFB8691CDFC8692CDA3
:10F2C000FD8693CDFE86EAB6FF8694CD0087F1CA0F
:10F2D000018795CD0287E4B70387D7F2048796CDDF
:10F2E000058797CD068798CD0787D8F20887DAF289
:10F2F0000987DDF20A87DBF20B8799CD0C879ACD5F
:10F300000D87DCF20E879BCD0F879CCD10879DCD9E
:10F3100011879ECD1287D1D11387D1F214879FCD4B
:10F320001587C9CD1687A0CD1787CFCE1887A9D648
:10F33000198740CE1A87E3F21B8741CE1C87DBC3B7
:10F340001D8742CE1E87E0F21F8743CE208744CE22
:10F350002187AFC02287ECF22387DEF2248745CED7
:10F360002587E1F2268746CE278747CE288748CED5
:10F370002987E8F22A8749CE2B874ACE2C874BCEA5
:10F380002D874CCE2E87E2F22F874DCE30874ECE82
:10F390003187E7F232874FCE338750CE3487E6F29B
:10F3A000358751CE368752CE3787E9F2388753CE2C
:10F3B000398754CE3A8755CE3B87DFF23C8756CE0D
:10F3C0003D8757CE3E87E4F23F87EAF2408758CE2A
:10F3D000418759CE42875ACE43875BCE44875CCE65
:10F3E00045875DCE46875ECE4787ACD34887E5F23A
:10F3F0004987F5B24A875FCE4B8760CE4C87F2F2E1
:10F400004D8761CE4E87ABD04F8762CE508763CE9B
:10F41000518764CE528765CE5387F5F2548766CE06
:10F42000558767CE568768CE5787C8BB588769CE41
:10F430005987F9F25A876ACE5B876BCE5C876CCEB0
:10F440005D876DCE5E876ECE5F876FCE6087F0F290
:10F45000618770CE628771CE6387F6F26487F8F2B7
:10F460006587FAF2668772CE678773CE688774CE37
:10F47000698775CE6A8776CE6B8777CE6C8778CEB4
:10F480006D8779CE6E87F3F26F877ACE7087F1F24F
:10F4900071877BCE72877CCE73877DCE7487FBBAF3
:10F4A00075877ECE7687FBB5778780CE788781CECD
:10F4B000798782CE7A8783CE7B87EFF27C87F7F2DB
:10F4C0007D87EDF27E87EEF27F8784CE808785CEC2
:10F4D000818786CE8287EBF28387A6F3848787CEE7
:10F4E0008587A3F3868788CE878789CE8887A2F30E
:10F4F00089878ACE8A878BCE8B87F4F28C878CCED5
:10F500008D87DAC88E878DCE8F878ECE90878FCEEF
:10F51000918790CE928791CE9387FBF2948792CE7B
:10F52000958793CE968794CE9787A5F3988795CEA7
:10F53000998796CE9A8797CE9B8798CE9C8799CEAF
:10F540009D879ACE9E879BCE9F87F8C3A0879CCE2F
:10F55000A1879DCEA2879ECEA3879FCEA487A0CE53
:10F56000A58740CFA68741CFA78742CFA887FDF2C6
:10F57000A98743CFAA8744CFAB87A7F3AC87A9F36A
:10F58000AD87A4F3AE8745CFAF87FCF2B08746CFF7
:10F59000B18747CFB28748CFB387ABF3B48749CFA2
:10F5A000B587AAF3B6874ACFB7874BCFB8874CCF7A
:10F5B000B9874DCFBA87DDC2BB874ECFBC874FCF4F
:10F5C000BD87AEF3BE8750CFBF8751CFC087B0F3A2
:10F5D000C18752CFC28753CFC38754CFC48755CF7B
:10F5E000C58756CFC687A1F3C78757CFC88758CFDF
:10F5F000C98759CFCA87B1F3CB87ACF3CC875ACF31
:10F60000CD875BCFCE875CCFCF875DCFD0875ECFF6
:10F61000D187AFF3D287FEF2D387ADF3D4875FCF24
:10F62000D58760CFD68761CFD78762CFD88763CFA2
:10F63000D98764CFDA8765CFDB87B2F3DC8766CF03
:10F64000DD8767CFDE8768CFDF8769CFE087B4F3D8
:10F65000E1876ACFE2876BCFE3876CCFE4876DCF1A
:10F66000E587A8F3E6876ECFE7876FCFE88770CF8F
:10F67000E98771CFEA87B3F3EB8772CFEC8773CF5B
:10F68000ED8774CFEE87B5F3EF8775CFF08776CF30
:10F69000F18777CFF28778CFF38779CFF4877ACF66
:10F6A000F5877BCFF6877CCFF7877DCFF8877ECF36
:10F6B000F987B7D0FA8780CFFB8781CFFC8782CFCD
:10F6C000FD8783CFFE87B8F3FF8784CF008885CF7F
:10F6D000018886CF028887CF0388F9D9048888CF2C
:10F6E000058889CF06888ACF07888BCF08888CCF7A
:10F6F00009888DCF0A88B9F30B888ECF0C888FCFFD
:10F700000D8890CF0E8891CF0F8892CF108893CF1D
:10F71000118894CF128895CF1388B7F3148896CFA9
:10F720001588E4C81688B6F3178897CF188898CF3D
:10F73000198899CF1A889ACF1B88BAF31C889BCF57
:10F740001D889CCF1E889DCF1F889ECF20889FCF6D
:10F750002188BBF32288C0B42388A0CF248840D05E
:10F76000258841D0268842D0278843D0288844D095
:10F77000298845D02A8846D02B8847D02C8848D065
:10F780002D8849D02E884AD02F884BD030884CD035
:10F7900031884DD03288C3EE33884ED034884FD074
:10F7A000358850D0368851D0378852D0388853D0D9
:10F7B0003988BCF33A8854D03B8855D03C88BDF397
:10F7C0003D8856D03E8857D03F8858D04088AAD12F
:10F7D000418859D042885AD043885BD04488ACF4E1
:10F7E0004588C6D046885CD047885DD048885ED0C2
:10F7F00049885FD04A8860D04B8861D04C88D0D08F
:10F800004D88DCD14E8862D04F8863D0508864D058
:10F81000518865D0528866D0538867D05488CECF3F
:10F82000558868D0568869D05788D6BD58886AD020
:10F830005988C3D15A886BD05B886CD05C886DD0F6
:10F840005D886ED05E886FD05F8870D0608871D020
:10F850006188E2BA6288E9E16388C2D26488C2F151
:10F860006588B9B2668872D0678873D06888EDB150
:10F870006988C3F16A8874D06B88C0C96C88C4B3C6
:10F880006D8875D06E88F2D96F8876D07088A5CBD8
:10F89000718877D07288C4F1738878D0748879D0F1
:10F8A00075887AD076887BD07788D4D678887CD0D3
:10F8B00079887DD07A887ED07B8880D07C8881D002
:10F8C0007D88C5F17E88C0F47F88C6F1808882D0AB
:10F8D0008188ACD48288C7F1838883D08488C0B003
:10F8E0008588C1F4868884D0878885D08888C2F4CA
:10F8F000898886D08A8887D08B88FCB48C8888D009
:10F900008D88DBC58E8889D08F888AD090888BD0EF
:10F9100091888CD09288BBCC93888DD094888ED0DF
:10F9200095888FD09688E4D0978890D0988891D089
:10F93000998892D09A8893D09B8894D09C88E0CD67
:10F940009D8895D09E8896D09F8897D0A08898D083
:10F95000A18899D0A288C8F1A3889AD0A488F3D9A5
:10F96000A5889BD0A6889CD0A7889DD0A8889ED02B
:10F97000A9889FD0AA88A0D0AB88BBB1AC8840D161
:10F98000AD88AECFAE8841D1AF8842D1B08843D1E7
:10F99000B188A4B8B28844D1B38845D1B48846D1DF
:10F9A000B58847D1B68848D1B788CAF1B88849D157
:10F9B000B9884AD1BA884BD1BB884CD1BC88CBF12D
:10F9C000BD884DD1BE884ED1BF884FD1C08850D19F
:10F9D000C188C3B2C288D1C1C38851D1C48852D1B1
:10F9E000C588B0D7C688C9F1C78853D1C88854D153
:10F9F000C988CCF1CA8855D1CB8856D1CC8857D18B
:10FA0000CD8858D1CE88CEF1CF8859D1D0885AD15F
:10FA1000D1885BD1D288F6D9D3885CD1D488E1D2A1
:10FA2000D588A3D4D6885DD1D7885ED1D888C3F4D1
:10FA3000D988B9C8DA885FD1DB8860D1DC8861D128
:10FA4000DD8862D1DE8863D1DF88C4F4E08864D1C8
:10FA5000E18865D1E288CDF1E388CFF1E488E3BFA6
:10FA6000E588D0F1E68866D1E78867D1E888D4F1E7
:10FA7000E98868D1EA8869D1EB886AD1EC886BD1D2
:10FA8000ED886CD1EE886DD1EF886ED1F088D6F11B
:10FA9000F188D1F1F2886FD1F388D1C9F488E1C53A
:10FAA000F58870D1F68871D1F78872D1F888E3C2F1
:10FAB000F988FCB9FA8873D1FB8874D1FC88D3F13A
:10FAC000FD8875D1FE88D5F1FF8876D1008977D180
:10FAD000018978D10289D3B9038979D104897AD18E
:10FAE00005897BD106897CD107897DD108897ED1A2
:10FAF000098980D10A89DBF10B8981D10C8982D1F6
:10FB00000D8983D10E8984D10F8985D11089D6BA08
:10FB1000118986D11289FDB01389D9F1148987D151
:10FB2000158988D1168989D117898AD118898BD1ED
:10FB30001989D8F11A89D2F11B89DAF11C898CD183
:10FB40001D898DD11E898ED11F898FD1208990D199
:10FB50002189D7F1228991D1238992D1248993D106
:10FB60002589ECC8268994D1278995D1288996D1F1
:10FB7000298997D12A89CACD2B89DDF12C8998D181
:10FB80002D8999D12E899AD12F899BD13089BDE5B4
:10FB900031899CD132899DD133899ED13489DCF160
:10FBA00035899FD13689DEF13789A0D1388940D295
:10FBB000398941D23A8942D23B8943D23C8944D2E5
:10FBC0003D8945D23E8946D23F8947D2408948D2B5
:10FBD0004189DFF1428949D243894AD24489E5CF3C
:10FBE00045894BD246894CD247894DD248894ED25D
:10FBF00049894FD24A8950D24B8951D24C8952D22D
:10FC00004D8953D24E8954D24F8955D2508956D2FC
:10FC1000518957D2528958D2538959D254895AD2CC
:10FC200055895BD256895CD257895DD258895ED29C
:10FC300059895FD25A8960D25B8961D25C8962D26C
:10FC40005D8963D25E89C5F45F89F3BD608964D242
:10FC5000618965D2628966D2638967D2648968D214
:10FC6000658969D26689E0F167896AD268896BD251
:10FC700069896CD26A896DD26B896ED26C896FD2B8
:10FC80006D8970D26E8971D26F8972D2708973D288
:10FC9000718974D2728975D2738976D2748977D258
:10FCA000758978D2768979D277897AD278897BD228
:10FCB00079897CD27A897DD27B89E1F17C897ED277
:10FCC0007D8980D27E8981D27F89F7CE808982D258
:10FCD0008189AAD2828983D28389FBF1848984D2E3
:10FCE000858985D28689B2B8878986D2888987D264
:10FCF000898988D28A8989D28B898AD28C898BD248
:10FD00008D898CD28E898DD28F898ED290898FD217
:10FD1000918990D2928991D2938992D2948993D2E7
:10FD2000958994D2968995D2978996D2988997D2B7
:10FD3000998998D29A8999D29B899AD29C899BD287
:10FD40009D899CD29E899DD29F899ED2A0899FD257
:10FD5000A189A0D2A28940D3A38941D3A48942D347
:10FD6000A58943D3A68944D3A78945D3A88946D377
:10FD7000A98947D3AA8948D3AB8949D3AC894AD347
:10FD8000AD894BD3AE894CD3AF894DD3B0894ED317
:10FD9000B1894FD3B28950D3B38951D3B48952D3E7
:10FDA000B58953D3B68954D3B78955D3B88956D3B7
:10FDB000B98957D3BA8958D3BB8959D3BC895AD387
:10FDC000BD895BD3BE895CD3BF895DD3C0895ED357
:10FDD000C189FBBCC289DBB9C3895FD3C489E6B9D9
:10FDE000C589D9C3C689D3CAC789E8EAC889C0C04A
:10FDF000C989F5BECA89E9EACB89EAEACC89EBEA86
:10FE0000CD8960D3CE89ECEACF89EDEAD089EEEADC
:10FE1000D189EFEAD289C7BDD38961D3D48962D3AE
:10FE2000D58963D3D689FBF5D78964D3D88965D3BF
:10FE3000D98966D3DA89FDF5DB8967D3DC89FEF5DC
:10FE4000DD8968D3DE89FCF5DF8969D3E0896AD36F
:10FE5000E1896BD3E2896CD3E389E2BDE4896DD398
:10FE6000E589A1F6E689A5B4E7896ED3E8896FD361
:10FE7000E98970D3EA8971D3EB89A2F6EC8972D350
:10FE8000ED8973D3EE8974D3EF89A3F6F08975D326
:10FE9000F18976D3F28977D3F389B2ECF48978D3F8
:10FEA000F58979D3F6897AD3F7897BD3F8897CD31E
:10FEB000F9897DD3FA897ED3FB8980D3FC8981D3EC
:10FEC000FD8982D3FE8983D3FF8984D3008AD4D16C
:10FED000018A85D3028A86D3038A87D3048A88D38A
:10FEE000058A89D3068A8AD3078AEAD9088A8BD3F6
:10FEF000098A8CD30A8A8DD30B8A8ED30C8A8FD32E
:10FF00000D8A90D30E8A91D30F8A92D3108A93D3FD
:10FF1000118A94D3128A95D3138A96D3148A97D3CD
:10FF2000158A98D3168A99D3178A9AD3188A9BD39D
:10FF3000198A9CD31A8A9DD31B8A9ED31C8A9FD36D
:10FF40001D8AA0D31E8A40D41F8A41D4208A42D45D
:10FF5000218A43D4228A44D4238A45D4248A46D48D
:10FF6000258A47D4268A48D4278A49D4288A4AD45D
:10FF7000298A4BD42A8A4CD42B8A4DD42C8A4ED42D
:10FF80002D8A4FD42E8A50D42F8A51D4308A52D4FD
:10FF9000318A53D4328A54D4338A55D4348A56D4CD
:10FFA000358A57D4368A58D4378A59D4388A5AD49D
:10FFB000398A5BD43A8A5CD43B8A5DD43C8A5ED46D
:10FFC0003D8A5FD43E8AA4F63F8A60D4408A61D4D9
:10FFD000418A62D4428A63D4438A64D4448A65D411
:10FFE000458A66D4468A67D4478A68D4488ABAEE76
:10FFF000498A69D44A8A6AD44B8A6BD44C8A6CD4B5
:020000040802F0
:100000004D8A6DD44E8A6ED44F8A6FD4508A70D484
:10001000518A71D4528A72D4538A73D4548A74D454
:10002000558A75D4568A76D4578A77D4588A78D424
:10003000598A79D45A8A7AD45B8A7BD45C8A7CD4F4
:100040005D8A7DD45E8A7ED45F8A80D4608A81D4C2
:10005000618A82D4628A83D4638A84D4648A85D490
:10006000658A86D4668A87D4678A88D4688A89D460
:10007000698A8AD46A8A8BD46B8A8CD46C8A8DD430
:100080006D8A8ED46E8A8FD46F8A90D4708A91D400
:10009000718A92D4728A93D4738A94D4748A95D4D0
:1000A000758A96D4768A97D4778A98D4788A99D4A0
:1000B000798AB2D57A8A9AD47B8A9BD47C8A9CD45A
:1000C0007D8A9DD47E8A9ED47F8A9FD4808AA0D444
:1000D000818A40D5828A41D5838A42D5848A43D594
:1000E000858A44D5868A45D5878A46D5888A47D564
:1000F000898AFED38A8ADCCC8B8A48D58C8A49D5FA
:100100008D8A4AD58E8A4BD58F8A4CD5908A4DD50B
:10011000918A4ED5928A4FD5938AC4CA948A50D573
:10012000958A51D5968A52D5978A53D5988A54D5AF
:10013000998A55D59A8A56D59B8A57D59C8A58D57F
:100140009D8A59D59E8A5AD59F8A5BD5A08A5CD54F
:10015000A18A5DD5A28A5ED5A38A5FD5A48A60D51F
:10016000A58A61D5A68A62D5A78A63D5A88A64D5EF
:10017000A98A65D5AA8A66D5AB8A67D5AC8A68D5BF
:10018000AD8A69D5AE8A6AD5AF8A6BD5B08A6CD58F
:10019000B18A6DD5B28A6ED5B38A6FD5B48A70D55F
:1001A000B58A71D5B68A72D5B78A73D5B88A74D52F
:1001B000B98A75D5BA8A76D5BB8A77D5BC8A78D5FF
:1001C000BD8A79D5BE8A7AD5BF8A7BD5C08A7CD5CF
:1001D000C18A7DD5C28A7ED5C38A80D5C48A81D59D
:1001E000C58A82D5C68A83D5C78A84D5C88A85D56B
:1001F000C98A86D5CA8A87D5CB8A88D5CC8A89D53B
:10020000CD8A8AD5CE8A8BD5CF8A8CD5D08A8DD50A
:10021000D18A8ED5D28A8FD5D38A90D5D48A91D5DA
:10022000D58A92D5D68A93D5D78A94D5D88A95D5AA
:10023000D98A96D5DA8A97D5DB8A98D5DC8A99D57A
:10024000DD8A9AD5DE8A9BD5DF8A9CD5E08A9DD54A
:10025000E18A9ED5E28A9FD5E38AA0D5E48A40D67A
:10026000E58A41D6E68A42D6E78A43D6E88A44D66A
:10027000E98A45D6EA8A46D6EB8A47D6EC8A48D63A
:10028000ED8A49D6EE8A4AD6EF8A4BD6F08A4CD60A
:10029000F18A4DD6F28A4ED6F38A4FD6F48A50D6DA
:1002A000F58A51D6F68A52D6F78A53D6F88A54D6AA
:1002B000F98A55D6FA8A56D6FB8A57D6FC8A58D67A
:1002C000FD8A59D6FE8A5AD6FF8A5BD6008B5CD649
:1002D000018B5DD6028B5ED6038B5FD6048B60D616
:1002E000058B61D6068B62D6078BC0E5088B63D67B
:1002F000098B64D60A8B65D60B8B66D60C8B67D6BA
:100300000D8B68D60E8B69D60F8B6AD6108B6BD689
:10031000118B6CD6128B6DD6138B6ED6148B6FD659
:10032000158B70D6168B71D6178B72D6188B73D629
:10033000198B74D61A8B75D61B8B76D61C8B77D6F9
:100340001D8B78D61E8B79D61F8B7AD6208B7BD6C9
:10035000218B7CD6228B7DD6238B7ED6248B80D698
:10036000258B81D6268BA5F6278B82D6288B83D624
:10037000298B84D62A8B85D62B8B86D62C8B87D639
:100380002D8B88D62E8B89D62F8B8AD6308B8BD609
:10039000318B8CD6328B8DD6338B8ED6348B8FD6D9
:1003A000358B90D6368B91D6378B92D6388B93D6A9
:1003B000398B94D63A8B95D63B8B96D63C8B97D679
:1003C0003D8B98D63E8B99D63F8B9AD6408B9BD649
:1003D000418B9CD6428B9DD6438B9ED6448B9FD619
:1003E000458BA0D6468B40D7478B41D7488B42D709
:1003F000498B43D74A8B44D74B8B45D74C8B46D739
:100400004D8B47D74E8B48D74F8B49D7508B4AD708
:10041000518B4BD7528B4CD7538B4DD7548B4ED7D8
:10042000558B4FD7568B50D7578B51D7588B52D7A8
:10043000598B53D75A8B54D75B8B55D75C8B56D778
:100440005D8B57D75E8B58D75F8B59D7608B5AD748
:10045000618B5BD7628B5CD7638B5DD7648B5ED718
:10046000658B5FD7668BAFBE678B60D7688B61D7B4
:10047000698B62D76A8B63D76B8B64D76C8BA9C689
:100480006D8B65D76E8B66D76F8B67D7708B68D790
:10049000718B69D7728B6AD7738B6BD7748B6CD760
:1004A000758B6DD7768B6ED7778B6FD7788B70D730
:1004B000798B71D77A8B72D77B8B73D77C8B74D700
:1004C0007D8B75D77E8B76D77F8B77D7808B78D7D0
:1004D000818B79D7828B7AD7838B7BD7848B7CD7A0
:1004E000858B7DD7868B7ED7878B80D7888B81D76E
:1004F000898B82D78A8B83D78B8B84D78C8B85D73C
:100500008D8B86D78E8B87D78F8B88D7908B89D70B
:10051000918B8AD7928B8BD7938B8CD7948B8DD7DB
:10052000958B8ED7968B8FD7978B90D7988B91D7AB
:10053000998B92D79A8B93D79B8B94D79C8B95D77B
:100540009D8B96D79E8B97D79F8B98D7A08BA5DA3C
:10055000A18BC6BCA28BA9B6A38BBCB8A48BCFC8F9
:10056000A58BA5BCA68BA6DAA78BA7DAA88BD6CCC1
:10057000A98BC3C8AA8BA8DAAB8BFDC6AC8B99D765
:10058000AD8BB5D1AE8BE9D2AF8BB6D1B08BC7BC3A
:10059000B18B9AD7B28BB2BDB38BE4BBB48BA9DA63
:1005A000B58BAADAB68BC8D1B78BABDAB88BEDD0E6
:1005B000B98BEFB6BA8BDBC2BB8B9BD7BC8BCFCBD7
:1005C000BD8BEDB7BE8BE8C9BF8BC3B7C08BF7BE81
:1005D000C18BA4D6C28BACDAC38BADDAC48BC0C6D8
:1005E000C58BE7D7C68BB6CAC78B9CD7C88BA9D596
:1005F000C98BDFCBCA8BEFD5CB8BAEDACC8BDFD6FA
:10060000CD8BCAB4CE8BB0DACF8BAFDAD08B9DD77F
:10061000D18BEBD2D28BB1DAD38BB2DAD48BB3DA03
:10062000D58BD4CAD68BB4DAD78BABCAD88BB5DA14
:10063000D98BB6DADA8BCFB3DB8BEFD6DC8BB7DABC
:10064000DD8BB0BBDE8BAEB5DF8BB8DAE08BB9DA11
:10065000E18BEEB9E28BAFD1E38BE8D2E48BBADA6F
:10066000E58BC3B8E68BEACFE78BEFB2E88BBBDA5A
:10067000E98BBCDAEA8B9ED7EB8BEBBDEC8BDCCE47
:10068000ED8BEFD3EE8BBDDAEF8BF3CEF08BBEDAD2
:10069000F18BD5D3F28BE5BBF38BBFDAF48BB5CB03
:1006A000F58BD0CBF68BC0DAF78BEBC7F88BEED699
:1006B000F98BC1DAFA8BB5C5FB8BC1B6FC8BC2DAFC
:1006C000FD8BCCB7FE8BCEBFFF8BC3DA008CC4DAB8
:1006D000018CADCB028CC5DA038CF7B5048CC6DA7D
:1006E000058CC2C1068CBBD7078CC7DA088CB8CC86
:1006F000098C9FD70A8CEAD20B8CB1C40C8CC8DA57
:100700000D8CFDB50E8CD1BB0F8CC9DA108CB3D01B
:10071000118CCADA128CCBDA138CBDCE148CCCDAE5
:10072000158CCDDA168CCEDA178CF7B2188CD1DA9C
:10073000198CCFDA1A8CE8D11B8CD0DA1C8CD5C37B
:100740001D8CD2DA1E8CA0D71F8CD3DA208CD4DA81
:10075000218CD5DA228CBBD0238CA5D2248CF9B085
:10076000258CD6DA268CABC7278CD7DA288CF7BD38
:10077000298CA1C32A8CD8DA2B8CD9DA2C8CFDC316
:100780002D8CB7CC2E8CDADA2F8CDBDA308CBEC015
:10079000318CD7C6328CDCDA338CDDDA348CB4C7DA
:1007A000358CDEDA368CDFDA378CC8B9388C40D835
:1007B000398C41D83A8C42D83B8C43D83C8C44D8B5
:1007C0003D8C45D83E8C46D83F8C47D8408C48D885
:1007D000418CEDBB428C49D8438C4AD8448C4BD8D1
:1007E000458C4CD8468CB9B6478CF8F4488C4DD81B
:1007F000498CF9F44A8C4ED84B8C4FD84C8CE3CDB5
:100800004D8C50D84E8C51D84F8C52D8508C53D8D8
:10081000518C54D8528C55D8538C56D8548C57D8A8
:10082000558CB9F5568C58D8578C59D8588C5AD8FD
:10083000598C5BD85A8CE0EB5B8C5CD85C8C5DD8B7
:100840005D8C5ED85E8C5FD85F8C60D8608C61D820
:10085000618CF3CF628CBFBB638C62D8648C63D82D
:10086000658C64D8668C65D8678C66D8688C67D8C8
:10087000698C68D86A8CC0BA6B8CA5D46C8C69D82A
:100880006D8C6AD86E8C6BD86F8C6CD8708C6DD870
:10089000718C6ED8728C6FD8738CD9E1748C70D8CF
:1008A000758C71D8768C72D8778C73D8788CF4F577
:1008B000798CAAB17A8CF2B27B8C74D87C8C75D886
:1008C0007D8C76D87E8C77D87F8C78D8808C79D8C0
:1008D000818C7AD8828CF5F5838C7BD8848C7CD8FB
:1008E000858CF7F5868C7DD8878C7ED8888C80D8CF
:1008F000898CD1BA8A8CF6F58B8C81D88C8CB2C35A
:100900008D8C82D88E8C83D88F8C84D8908C85D80F
:10091000918C86D8928C87D8938C88D8948CF9F552
:10092000958C89D8968C8AD8978C8BD8988CF8F52A
:10093000998C8CD89A8C8DD89B8C8ED89C8C8FD887
:100940009D8C90D89E8C91D89F8C92D8A08C93D857
:10095000A18C94D8A28C95D8A38C96D8A48C97D827
:10096000A58C98D8A68C99D8A78C9AD8A88C9BD8F7
:10097000A98C9CD8AA8C9DD8AB8C9ED8AC8C9FD8C7
:10098000AD8CA0D8AE8C40D9AF8C41D9B08C42D9B7
:10099000B18C43D9B28C44D9B38C45D9B48C46D9E7
:1009A000B58C47D9B68C48D9B78C49D9B88C4AD9B7
:1009B000B98C4BD9BA8C4CD9BB8C4DD9BC8C4ED987
:1009C000BD8C4FD9BE8C50D9BF8C51D9C08C52D957
:1009D000C18C53D9C28C54D9C38C55D9C48C56D927
:1009E000C58C57D9C68C58D9C78C59D9C88C5AD9F7
:1009F000C98C5BD9CA8C5CD9CB8C5DD9CC8C5ED9C7
:100A0000CD8C5FD9CE8C60D9CF8C61D9D08C62D996
:100A1000D18C63D9D28C64D9D38C65D9D48C66D966
:100A2000D58C67D9D68C68D9D78C69D9D88C6AD936
:100A3000D98C6BD9DA8C6CD9DB8C6DD9DC8C6ED906
:100A4000DD8C6FD9DE8C70D9DF8C71D9E08C72D9D6
:100A5000E18C73D9E28C74D9E38C75D9E48C76D9A6
:100A6000E58C77D9E68C78D9E78C79D9E88C7AD976
:100A7000E98C7BD9EA8C7CD9EB8C7DD9EC8C7ED946
:100A8000ED8C80D9EE8C81D9EF8C82D9F08C83D912
:100A9000F18C84D9F28C85D9F38C86D9F48C87D9E2
:100AA000F58C88D9F68C89D9F78C8AD9F88C8BD9B2
:100AB000F98C8CD9FA8C8DD9FB8C8ED9FC8C8FD982
:100AC000FD8C90D9FE8C91D9FF8C92D9008D93D951
:100AD000018D94D9028D95D9038D96D9048D97D91E
:100AE000058D98D9068D99D9078D9AD9088D9BD9EE
:100AF000098D9CD90A8D9DD90B8D9ED90C8D9FD9BE
:100B00000D8DA0D90E8D40DA0F8D41DA108D42DAAD
:100B1000118D43DA128D44DA138D45DA148D46DADD
:100B2000158D47DA168D48DA178D49DA188D4ADAAD
:100B3000198D4BDA1A8D4CDA1B8D4DDA1C8D4EDA7D
:100B40001D8DB4B11E8DEAD51F8DBAB8208D4FDA38
:100B5000218DB1B9228DC6B2238DF0D4248DCDCF95
:100B6000258DDCB0268DCBD5278DF5BB288DCAD63B
:100B7000298DB7B72A8DB0CC2B8DB6C62C8DE1B19F
:100B80002D8DBAB92E8DFCD62F8DE1B9308DA1B740
:100B9000318DFABC328DDAEA338DDBEA348DF9CC53
:100BA000358DF3B9368DDCEA378DFBB4388DB3C3A0
:100BB000398DD1B73A8DD8BA3B8DDDEA3C8DF4D46E
:100BC0003D8DDEEA3E8DD6BC3F8DDFBB408DDFEA3A
:100BD000418DDEC1428DB8C2438DDFD4448DCAD76A
:100BE000458DE0EA468DE1EA478DE4EA488DE2EA88
:100BF000498DE3EA4A8DDEC94B8DB3B84C8DC4B63E
:100C00004D8DE5EA4E8DEACA4F8DCDC9508DCDB4DC
:100C1000518D50DA528D51DA538DD9E2548DE2C59F
:100C2000558DE6EA568DB5C0578D52DA588DB8D736
:100C3000598DE7EA5A8DACD75B8DFCC85C8DD3D853
:100C40005D8DCDD85E8DDED45F8D53DA608DF9D4A5
:100C5000618DC4C9628DAED3638DD3B8648DE0B3AA
:100C6000658D54DA668DE2C9678DF6F4688D55DAC4
:100C7000698D56DA6A8D57DA6B8DD5BA6C8D58DA74
:100C80006D8DF7F46E8D59DA6F8D5ADA708DDFD76E
:100C9000718D5BDA728D5CDA738DF1F4748DB0B89E
:100CA000758DD4D5768DCFB8778DF0C6788D5DDA19
:100CB000798D5EDA7A8D5FDA7B8D60DA7C8D61DA30
:100CC0007D8D62DA7E8D63DA7F8D64DA808D65DA00
:100CD000818DC3B3828D66DA838D67DA848DF2F4F9
:100CE000858DACB3868D68DA878D69DA888D6ADA8E
:100CF000898D6BDA8A8DBDD48B8DF7C78C8D6CDABC
:100D00008D8D6DDA8E8D6EDA8F8D6FDA908D70DA53
:100D1000918DF4F4928D71DA938D72DA948DF3F4EF
:100D2000958D73DA968D74DA978D75DA988D76DAFB
:100D3000998D77DA9A8D78DA9B8D79DA9C8D7ADACB
:100D40009D8D7BDA9E8D7CDA9F8DCBCCA08D7DDA5C
:100D5000A18D7EDAA28D80DAA38DA4C8A48D81DA5C
:100D6000A58D82DAA68D83DAA78D84DAA88D85DA3F
:100D7000A98D86DAAA8D87DAAB8D88DAAC8D89DA0F
:100D8000AD8D8ADAAE8D8BDAAF8D8CDAB08D8DDADF
:100D9000B18DF5F4B28D8EDAB38DE3D7B48DBFC5C6
:100DA000B58DC0F5B68D8FDAB78D90DAB88DBBF5FD
:100DB000B98D91DABA8DC3F5BB8D92DABC8DC2F5CF
:100DC000BD8D93DABE8DBAD6BF8DC1F5C08D94DAD4
:100DD000C18D95DAC28D96DAC38DBED4C48DC4F5AB
:100DE000C58D97DAC68DCCF5C78D98DAC88D99DA9E
:100DF000C98D9ADACA8D9BDACB8DCFB0CC8DF8B580
:100E0000CD8D9CDACE8DC9F5CF8DCAF5D08D9DDA0A
:100E1000D18DDCC5D28D9EDAD38D9FDAD48DA0DA48
:100E2000D58D40DBD68DC5F5D78DC6F5D88D41DB88
:100E3000D98D42DBDA8DC7F5DB8DCBF5DC8D43DB5D
:100E4000DD8DE0BEDE8DC8F5DF8DFAB8E08D44DBC8
:100E5000E18D45DBE28D46DBE38DD0F5E48DD3F506
:100E6000E58D47DBE68D48DBE78D49DBE88DE7BFA5
:100E7000E98D4ADBEA8DF2B9EB8DBCF5EC8DCDF551
:100E8000ED8D4BDBEE8D4CDBEF8DB7C2F08D4DDB86
:100E9000F18D4EDBF28D4FDBF38DF8CCF48D50DB12
:100EA000F58DF9BCF68D51DBF78DCEF5F88DCFF5CC
:100EB000F98DD1F5FA8DE5B6FB8DD2F5FC8D52DBBF
:100EC000FD8DD5F5FE8D53DBFF8D54DB008E55DB9C
:100ED000018E56DB028E57DB038E58DB048E59DB06
:100EE000058EBDF5068E5ADB078E5BDB088E5CDB5C
:100EF000098ED4F50A8EBBD30B8E5DDB0C8EECB362
:100F00000D8E5EDB0E8E5FDB0F8EA4CC108E60DB51
:100F1000118E61DB128E62DB138E63DB148ED6F5CD
:100F2000158E64DB168E65DB178E66DB188E67DB2D
:100F3000198E68DB1A8E69DB1B8E6ADB1C8E6BDBFD
:100F40001D8ED7F51E8EE1BE1F8ED8F5208E6CDB70
:100F5000218E6DDB228EDFCC238EDBF5248E6EDBC3
:100F6000258E6FDB268E70DB278E71DB288E72DB81
:100F7000298EC8B22A8ED9D72B8E73DB2C8ED9F549
:100F80002D8E74DB2E8EDAF52F8EDCF5308E75DB30
:100F9000318EE2F5328E76DB338E77DB348E78DB82
:100FA000358EE0F5368E79DB378E7ADB388E7BDB5B
:100FB000398EDFF53A8EDDF53B8E7CDB3C8E7DDBBA
:100FC0003D8EE1F53E8E7EDB3F8E80DB408EDEF592
:100FD000418EE4F5428EE5F5438E81DB448EE3CC11
:100FE000458E82DB468E83DB478EBFE5488EB8B5E3
:100FF000498EE3F54A8EE8F54B8EA3CC4C8E84DB0C
:101000004D8E85DB4E8E86DB4F8E87DB508E88DBE8
:10101000518EE6F5528EE7F5538E89DB548E8ADBCE
:10102000558E8BDB568E8CDB578E8DDB588E8EDB90
:10103000598EBEF55A8E8FDB5B8E90DB5C8E91DB1A
:101040005D8E92DB5E8E93DB5F8E94DB608E95DB34
:10105000618E96DB628E97DB638E98DB648E99DB04
:10106000658E9ADB668EC4B1678E9BDB688E9CDBD7
:10107000698EBFF56A8E9DDB6B8E9EDB6C8EC5B56F
:101080006D8EE4B26E8E9FDB6F8EECF5708EE9F59F
:10109000718EA0DB728ED7B6738E40DC748EEDF548
:1010A000758E41DC768EEAF5778E42DC788E43DCF5
:1010B000798E44DC7A8E45DC7B8E46DC7C8EEBF5CB
:1010C0007D8E47DC7E8E48DC7F8EDAB4808E49DCF4
:1010D000818EEAD4828E4ADC838E4BDC848E4CDC9B
:1010E000858EEEF5868E4DDC878EF9B3888E4EDCCC
:1010F000898E4FDC8A8E50DC8B8E51DC8C8E52DCDC
:101100008D8E53DC8E8E54DC8F8EEFF5908EF1F544
:10111000918E55DC928E56DC938E57DC948EF0F5D2
:10112000958E58DC968E59DC978E5ADC988E5BDC57
:10113000998E5CDC9A8E5DDC9B8E5EDC9C8EF2F57B
:101140009D8E5FDC9E8EF3F59F8E60DCA08E61DC51
:10115000A18E62DCA28E63DCA38E64DCA48E65DCCF
:10116000A58E66DCA68E67DCA78E68DCA88E69DC9F
:10117000A98E6ADCAA8E6BDCAB8EEDC9AC8EAAB9E7
:10118000AD8E6CDCAE8E6DDCAF8EFBC7B08E6EDCD0
:10119000B18E6FDCB28EE3B6B38E70DCB48E71DCD0
:1011A000B58E72DCB68E73DCB78E74DCB88E75DCEF
:1011B000B98E76DCBA8EC9CCBB8E77DCBC8E78DC7F
:1011C000BD8E79DCBE8E7ADCBF8E7BDCC08E7CDC93
:1011D000C18E7DDCC28E7EDCC38E80DCC48E81DC61
:1011E000C58E82DCC68E83DCC78E84DCC88E85DC2F
:1011F000C98E86DCCA8E87DCCB8E88DCCC8E89DCFF
:10120000CD8E8ADCCE8EA6EACF8E8BDCD08E8CDCA7
:10121000D18E8DDCD28E8EDCD38E8FDCD48E90DCA2
:10122000D58E91DCD68E92DCD78E93DCD88E94DC72
:10123000D98E95DCDA8E96DCDB8E97DCDC8E98DC42
:10124000DD8E99DCDE8E9ADCDF8E9BDCE08E9CDC12
:10125000E18E9DDCE28E9EDCE38E9FDCE48EA0DCE2
:10126000E58E40DDE68E41DDE78E42DDE88E43DD32
:10127000E98E44DDEA8E45DDEB8E46DDEC8E47DD02
:10128000ED8E48DDEE8E49DDEF8E4ADDF08E4BDDD2
:10129000F18E4CDDF28E4DDDF38E4EDDF48E4FDDA2
:1012A000F58E50DDF68E51DDF78E52DDF88E53DD72
:1012B000F98E54DDFA8E55DDFB8E56DDFC8E57DD42
:1012C000FD8E58DDFE8E59DDFF8E5ADD008F5BDD11
:1012D000018F5CDD028F5DDD038F5EDD048F5FDDDE
:1012E000058F60DD068F61DD078F62DD088F63DDAE
:1012F000098F64DD0A8F65DD0B8F66DD0C8F67DD7E
:101300000D8F68DD0E8F69DD0F8F6ADD108F6BDD4D
:10131000118F6CDD128F6DDD138F6EDD148F6FDD1D
:10132000158F70DD168F71DD178F72DD188F73DDED
:10133000198F74DD1A8F75DD1B8F76DD1C8F77DDBD
:101340001D8F78DD1E8F79DD1F8F7ADD208F7BDD8D
:10135000218F7CDD228F7DDD238F7EDD248F80DD5C
:10136000258F81DD268F82DD278F83DD288F84DD29
:10137000298F85DD2A8F86DD2B8F87DD2C8F88DDF9
:101380002D8F89DD2E8F8ADD2F8F8BDD308F8CDDC9
:10139000318F8DDD328F8EDD338F8FDD348F90DD99
:1013A000358F91DD368F92DD378F93DD388F94DD69
:1013B000398F95DD3A8F96DD3B8F97DD3C8F98DD39
:1013C0003D8F99DD3E8F9ADD3F8F9BDD408F9CDD09
:1013D000418F9DDD428F9EDD438F9FDD448FA0DDD9
:1013E000458F40DE468F41DE478F42DE488F43DE29
:1013F000498F44DE4A8F45DE4B8F46DE4C8F47DEF9
:101400004D8F48DE4E8F49DE4F8F4ADE508F4BDEC8
:10141000518F4CDE528F4DDE538F4EDE548F4FDE98
:10142000558F50DE568F51DE578F52DE588F53DE68
:10143000598F54DE5A8F55DE5B8F56DE5C8F57DE38
:101440005D8F58DE5E8F59DE5F8F5ADE608F5BDE08
:10145000618F5CDE628F5DDE638F5EDE648F5FDED8
:10146000658F60DE668FB5B3678FFED4688FECB989
:10147000698FF9D06A8F61DE6B8FEDE96C8FAAD727
:101480006D8FEEE96E8FD6C26F8FEDC8708FE4BAA4
:10149000718FEFE9728FF0E9738FF1E9748FE1D604
:1014A000758FF2E9768FF3E9778FF5E9788FF4E9B4
:1014B000798FF6E97A8FF7E97B8FE1C77C8FF8E9BE
:1014C0007D8FD8D47E8FF9E97F8FCEBD808F62DE8D
:1014D000818FFAE9828FFBE9838FCFBD848FFCE98E
:1014E000858FA8B8868FBEC1878FFDE9888FB2B17E
:1014F000898FD4BB8A8FF5B98B8FFEE98C8F63DE21
:101500008D8FA1EA8E8FA2EA8F8FA3EA908FF8B712
:10151000918FADBC928F64DE938FE4CA948FCEE03E
:10152000958FAFD4968FBDCF978FB7D5988FA4EAFC
:10153000998FDED59A8FA5EA9B8FC1D09C8FBCB9BD
:101540009D8F65DE9E8FC7B49F8FD9B1A08F66DE59
:10155000A18F67DEA28F68DEA38FB1C0A48F69DE82
:10156000A58F6ADEA68F6BDEA78F6CDEA88FE6B133
:10157000A98FE7B1AA8F6DDEAB8FE8B1AC8F6EDEBD
:10158000AD8F6FDEAE8F70DEAF8F71DEB08FBDB30B
:10159000B18FE8C8B28F72DEB38F73DEB48F74DEA2
:1015A000B58F75DEB68FC1E5B78F76DEB88F77DE83
:1015B000B98FDFB1BA8F78DEBB8F79DEBC8F7ADE70
:1015C000BD8FC9C1BE8FEFB4BF8F7BDEC08F7CDE05
:1015D000C18FA8C7C28FD8D3C38F7DDEC48FF9C691
:1015E000C58FB8D1C68F7EDEC78FFDB9C88FF5C253
:1015F000C98F80DECA8F81DECB8F82DECC8F83DE07
:10160000CD8F84DECE8FADD3CF8F85DED08FCBD480
:10161000D18FFCBDD28F86DED38FC2E5D48FB5B714
:10162000D58FC3E5D68F87DED78F88DED88FB9BB3D
:10163000D98FE2D5DA8F89DEDB8FF8BDDC8FB6D4A7
:10164000DD8FA5CEDE8FACC1DF8FD9B3E08F8ADE10
:10165000E18F8BDEE28FF6CCE38F8CDEE48FC6E584
:10166000E58FC4E5E68FC8E5E78F8DDEE88FCAE534
:10167000E98FC7E5EA8FCFB5EB8FC8C6EC8F8EDE5A
:10168000ED8FFCB5EE8FC5E5EF8F8FDEF08FF6CADC
:10169000F18F90DEF28F91DEF38FC9E5F48F92DE49
:1016A000F58F93DEF68F94DEF78FD4C3F88FC5B134
:1016B000F98FA3BCFA8F95DEFB8F96DEFC8F97DE49
:1016C000FD8FB7D7FE8F98DEFF8F99DE0090CBCDD0
:1016D0000190CDCB0290CACA0390D3CC0490CCE544
:1016E0000590CBE50690E6C407909ADE08909BDE55
:1016F0000990A1D10A90B7D10B90CDE50C909CDE5A
:101700000D90D0E50E909DDE0F90B8CD1090F0D6E4
:101710001190CFE51290DDB513909EDE1490BECDF2
:1017200015909FDE1690D1E51790BAB61890A0DEFE
:10173000199040DF1A90A8CD1B90E4B91C9041DFAE
:101740001D90C5CA1E90D1B31F90D9CB2090ECD468
:101750002190D2E52290EAB7239042DF249043DF24
:10176000259044DF2690CEE5279045DF289046DF80
:10177000299047DF2A9048DF2B9049DF2C904ADFE1
:101780002D90D5E52E90FEB42F90D6E530904BDF0E
:1017900031904CDF32904DDF33904EDF34904FDF8D
:1017A0003590D3E53690D4E5379050DF3890DDD2D0
:1017B000399051DF3A9052DF3B90DFC23C90C6B186
:1017C0003D9053DF3E90E2D33F9054DF409055DF91
:1017D0004190DDB64290ECCB439056DF4490D7E584
:1017E000459057DF469058DF4790F6D3489059DF31
:1017F00049905ADF4A905BDF4B905CDF4C905DDF95
:101800004D90E9B14E905EDF4F90F4B65090DAE51E
:101810005190D8E55290D9E55390C0B554905FDF10
:10182000559060DF569061DF5790C5D25890DCE547
:10183000599062DF5A9063DF5B90DEE55C9064DF75
:101840005D9065DF5E9066DF5F9067DF609068DFC8
:10185000619069DF6290DDE56390B2C764906ADFF2
:101860006590A3D266906BDF67906CDF6890DBE5D4
:1018700069906DDF6A906EDF6B906FDF6C9070DF48
:101880006D90E2D46E90DAD56F9071DF709072DF58
:10189000719073DF729074DF739075DF7490E0E580
:1018A0007590F1D7769076DF779077DF789078DF54
:1018B000799079DF7A907ADF7B907BDF7C907CDF98
:1018C0007D90E1E57E907DDF7F90DCB18090FBD163
:1018D00081907EDF8290E2E58390E4E5849080DF72
:1018E000859081DF869082DF879083DF8890E3E5B3
:1018F000899084DF8A9085DF8B90E5E58C9086DF88
:101900008D9087DF8E9088DF8F9089DF90908ADFBF
:101910009190D8D292908BDF9390CBB594908CDF3E
:101920009590DFE796908DDF9790F5DA98908EDFAF
:101930009990F8DA9A908FDF9B90F6DA9C9090DF7E
:101940009D90F7DA9E9091DF9F9092DFA09093DFB9
:10195000A190FADAA290CFD0A390C7C4A49094DF4C
:10196000A59095DFA690EEB0A79096DFA89097DFA0
:10197000A99098DFAA90B0D0AB9099DFAC90F9DA3B
:10198000AD909ADFAE90CAD3AF90AABAB090A2DB66
:10199000B190F1C7B2909BDFB390FCDAB490FBDA60
:1019A000B590DBC9B690FDDAB7909CDFB890A1DBAB
:1019B000B990DED7BA90FEDABB90DAC1BC909DDF59
:1019C000BD909EDFBE90A5DBBF909FDFC090A0DFE3
:1019D000C190F4D3C29040E0C39041E0C490A7DB33
:1019E000C590A4DBC69042E0C790A8DBC89043E056
:1019F000C99044E0CA90BCBDCB9045E0CC9046E095
:101A0000CD9047E0CE90C9C0CF90A3DBD090A6DBAD
:101A1000D190A3D6D29048E0D390A9DBD49049E0EE
:101A2000D5904AE0D6904BE0D790ADDBD8904CE013
:101A3000D9904DE0DA904EE0DB90AEDBDC90ACDB91
:101A4000DD90C2BADE904FE0DF9050E0E09051E0D0
:101A5000E190A4BFE290ABDBE39052E0E49053E06E
:101A6000E59054E0E690AADBE790C7D4E890BFB2D7
:101A7000E99055E0EA9056E0EB90AFDBEC9057E050
:101A8000ED90F9B9EE9058E0EF90B0DBF09059E0AE
:101A9000F1905AE0F2905BE0F3905CE0F490BBB31D
:101AA000F5905DE0F6905EE0F7905FE0F890A6B507
:101AB000F99060E0FA9061E0FB9062E0FC9063E0F6
:101AC000FD90BCB6FE90B1DBFF9064E0009165E054
:101AD000019166E00291F5B6039167E00491B2DBF3
:101AE000059168E0069169E007916AE008916BE072
:101AF00009916CE00A916DE00B916EE00C916FE042
:101B00000D9170E00E9171E00F9172E0109173E011
:101B1000119174E0129175E0139176E0149177E0E1
:101B2000159178E0169179E017917AE018917BE0B1
:101B30001991C9B11A917CE01B917DE01C917EE066
:101B40001D9180E01E91B4DB1F9181E0209182E025
:101B5000219183E02291B3DB2391B5DB249184E0D2
:101B6000259185E0269186E0279187E0289188E0FD
:101B7000299189E02A918AE02B918BE02C918CE0CD
:101B80002D918DE02E918EE02F91B7DB30918FE07B
:101B90003191B6DB329190E0339191E0349192E053
:101BA000359193E0369194E0379195E0389196E045
:101BB0003991B8DB3A9197E03B9198E03C9199E0FC
:101BC0003D919AE03E919BE03F919CE040919DE0E9
:101BD00041919EE042919FE04391B9DB4491A0E0A6
:101BE000459140E14691BADB479141E1489142E19C
:101BF0004991CFD34A91FAF44B91F5C74C91C3D791
:101C00004D91E4C54E91FCF44F91FDF45091FBF4DD
:101C1000519143E15291C6BE539144E1549145E143
:101C2000559146E1569147E15791EFD0589148E1DF
:101C3000599149E15A91D3B75B914AE15C914BE1EB
:101C40005D91CDD45E91AACC5F914CE160914DE164
:101C50006191A2F56291A1F56391A8BA6491FEF435
:101C60006591D6CB66914EE167914FE1689150E165
:101C70006991A4F56A91D2C06B9151E16C91EAB37C
:101C80006D9152E16E91AACD6F91A5F57091A3F57A
:101C90007191B4BD7291A8F5739153E17491A9F556
:101CA0007591CDBD7691B8C37791E1BF7891E1CBC5
:101CB0007991AAF57A9154E17B9155E17C9156E1B5
:101CC0007D91A6F57E91A7F57F91F0C4809157E1B3
:101CD000819158E1829159E183915AE184915BE1CC
:101CE0008591ACF586915CE18791BCB488915DE10A
:101CF0008991EDD78A915EE18B91D7B48C91ABF548
:101D00008D91AEF58E915FE18F9160E19091ADF58F
:101D10009191AFF59291D1D0939161E1949162E16B
:101D2000959163E1969164E1979165E1989166E1FF
:101D3000999167E19A91D1C39B91A9C89C9168E15F
:101D40009D9169E19E916AE19F916BE1A0916CE1A7
:101D5000A1916DE1A291B0F5A391B1F5A4916EE1CD
:101D6000A5916FE1A69170E1A79171E1A89172E14F
:101D7000A99173E1AA91B2F5AB9174E1AC9175E1CF
:101D8000AD91B3F5AE91B4F5AF91B5F5B09176E103
:101D9000B19177E1B29178E1B39179E1B491B7F57E
:101DA000B591B6F5B6917AE1B7917BE1B8917CE156
:101DB000B9917DE1BA91B8F5BB917EE1BC9180E12A
:101DC000BD9181E1BE9182E1BF9183E1C09184E147
:101DD000C19185E1C29186E1C39187E1C49188E117
:101DE000C59189E1C6918AE1C791C9B2C8918BE1D9
:101DF000C991D4D3CA91CDCACB918CE1CC91EFC01B
:101E0000CD91D8D6CE91B0D2CF91BFC1D0918DE136
:101E1000D191F0BDD2918EE1D3918FE1D49190E137
:101E2000D59191E1D69192E1D79193E1D89194E146
:101E3000D99195E1DA9196E1DB9197E1DC91AAB82D
:101E4000DD9198E1DE9199E1DF919AE1E0919BE1EA
:101E5000E1919CE1E2919DE1E3919EE1E4919FE1BA
:101E6000E591A0E1E69140E2E79141E2E89142E2AA
:101E7000E99143E2EA9144E2EB9145E2EC9146E2DA
:101E8000ED9147E2EE9148E2EF9149E2F0914AE2AA
:101E9000F1914BE2F2914CE2F3914DE2F4914EE27A
:101EA000F5914FE2F69150E2F79151E2F89152E24A
:101EB000F99153E2FA9154E2FB9155E2FC9156E21A
:101EC000FD9157E2FE9158E2FF9159E200925AE2E9
:101ED00001925BE202925CE203925DE204925EE2B6
:101EE00005925FE2069260E2079261E2089262E286
:101EF000099263E20A9264E20B9265E20C9266E256
:101F00000D9267E20E9268E20F9269E210926AE225
:101F100011926BE212926CE213926DE214926EE2F5
:101F200015926FE2169270E2179271E2189272E2C5
:101F3000199273E21A9274E21B9275E21C9276E295
:101F40001D9277E21E9278E21F9279E220927AE265
:101F500021927BE222927CE223927DE224927EE235
:101F6000259280E2269281E2279282E2289283E201
:101F7000299284E22A9285E22B9286E22C9287E2D1
:101F80002D9288E22E9289E22F928AE230928BE2A1
:101F900031928CE232928DE233928EE234928FE271
:101FA000359290E2369291E2379292E2389293E241
:101FB000399294E23A9295E23B9296E23C9297E211
:101FC0003D9298E23E9299E23F929AE240929BE2E1
:101FD00041929CE242929DE243929EE244929FE2B1
:101FE0004592A0E2469240E3479241E3489242E3A1
:101FF000499243E34A9244E34B9245E34C9246E3D1
:102000004D9247E34E9248E34F9249E350924AE3A0
:1020100051924BE352924CE353924DE354924EE370
:1020200055924FE3569250E3579251E3589252E340
:10203000599253E35A9254E35B9255E35C9256E310
:102040005D9257E35E9258E35F9259E360925AE3E0
:1020500061925BE362925CE363925DE364925EE3B0
:1020600065925FE3669260E3679261E3689262E380
:10207000699263E36A9264E36B9265E36C9266E350
:102080006D9267E36E9268E36F9269E370926AE320
:1020900071926BE372926CE373926DE37492F8BC8D
:1020A00075926EE376926FE3779270E3789271E3C4
:1020B000799272E37A9273E37B9274E37C9275E394
:1020C0007D9276E37E9277E37F9278E3809279E364
:1020D00081927AE382927BE383927CE384927DE334
:1020E00085927EE3869280E3879281E3889282E301
:1020F000899283E38A9284E38B9285E38C9286E3D0
:102100008D9287E38E92C6F68F9288E3909289E350
:1021100091928AE392928BE393928CE394928DE373
:1021200095928EE396928FE3979290E3989291E343
:10213000999292E39A9293E39B9294E39C9295E313
:102140009D9296E39E9297E39F9298E3A09299E3E3
:10215000A1929AE3A2929BE3A3929CE3A4929DE3B3
:10216000A5929EE3A6929FE3A792A0E3A89240E4E3
:10217000A99241E4AA9242E4AB9243E4AC9244E4D3
:10218000AD9245E4AE92C7F6AF9246E4B09247E412
:10219000B19248E4B29249E4B3924AE4B4924BE477
:1021A000B5924CE4B6924DE4B7924EE4B8924FE447
:1021B000B99250E4BA9251E4BB9252E4BC9253E417
:1021C000BD9254E4BE9255E4BF9256E4C09257E4E7
:1021D000C19258E4C29259E4C3925AE4C4925BE4B7
:1021E000C5925CE4C6925DE4C7925EE4C892C8F60C
:1021F000C9925FE4CA9260E4CB9261E4CC9262E45B
:10220000CD9263E4CE9264E4CF9265E4D09266E42A
:10221000D19267E4D29268E4D39269E4D4926AE4FA
:10222000D5926BE4D6926CE4D7926DE4D8926EE4CA
:10223000D9926FE4DA9270E4DB9271E4DC9272E49A
:10224000DD9273E4DE9274E4DF9275E4E09276E46A
:10225000E19277E4E29278E4E39279E4E4927AE43A
:10226000E5927BE4E6927CE4E7927DE4E8927EE40A
:10227000E99280E4EA9281E4EB9282E4EC9283E4D6
:10228000ED9284E4EE9285E4EF9286E4F09287E4A6
:10229000F19288E4F29289E4F3928AE4F4928BE476
:1022A000F5928CE4F6928DE4F7928EE4F8928FE446
:1022B000F99290E4FA9291E4FB9292E4FC9293E416
:1022C000FD9294E4FE9295E4FF9296E4009397E4E5
:1022D000019398E4029399E403939AE404939BE4B2
:1022E00005939CE406939DE407939EE408939FE482
:1022F0000993A0E40A9340E50B9341E50C9342E572
:102300000D9343E50E9344E50F9345E5109346E5A1
:10231000119347E5129348E5139349E514934AE571
:1023200015934BE516934CE517934DE518934EE541
:1023300019934FE51A9350E51B9351E51C9352E511
:102340001D9353E51E9354E51F9355E5209356E5E1
:10235000219357E5229358E5239359E524935AE5B1
:1023600025935BE526935CE527935DE528935EE581
:1023700029935FE52A9360E52B9361E52C9362E551
:102380002D9363E52E9364E52F9365E5309366E521
:10239000319367E5329368E5339369E534936AE5F1
:1023A00035936BE536936CE537936DE538936EE5C1
:1023B00039936FE53A9370E53B9371E53C9372E591
:1023C0003D9373E53E93C9F63F9374E5409375E5FD
:1023D000419376E5429377E5439378E5449379E535
:1023E00045937AE546937BE547937CE548937DE505
:1023F00049937EE54A9380E54B9381E54C9382E5D2
:102400004D9383E54E9384E54F9385E5509386E5A0
:10241000519387E5529388E5539389E554938AE570
:1024200055938BE556938CE557938DE558938EE540
:1024300059938FE55A9390E55B9391E55C9392E510
:102440005D9393E55E9394E55F9395E5609396E5E0
:10245000619397E5629398E5639399E564939AE5B0
:1024600065939BE566939CE567939DE568939EE580
:1024700069939FE56A93CAF66B93A0E56C9340E677
:102480006D9341E66E9342E66F9343E6709344E6A4
:10249000719345E6729346E6739347E6749348E674
:1024A000759349E676934AE677934BE678934CE644
:1024B00079934DE67A934EE67B934FE67C9350E614
:1024C0007D9351E67E9352E67F9353E6809354E6E4
:1024D000819355E6829356E6839357E6849358E6B4
:1024E000859359E686935AE687935BE688935CE684
:1024F00089935DE68A935EE68B935FE68C9360E654
:102500008D9361E68E9362E68F93CCF6909363E6AB
:10251000919364E6929365E6939366E6949367E6F7
:10252000959368E6969369E697936AE698936BE6C7
:1025300099936CE69A936DE69B936EE69C936FE697
:102540009D9370E69E9371E69F9372E6A09373E667
:10255000A19374E6A29375E6A39376E6A49377E637
:10256000A59378E6A69379E6A7937AE6A8937BE607
:10257000A9937CE6AA937DE6AB937EE6AC9380E6D6
:10258000AD9381E6AE9382E6AF9383E6B09384E6A3
:10259000B19385E6B29386E6B39387E6B49388E673
:1025A000B59389E6B6938AE6B7938BE6B8938CE643
:1025B000B9938DE6BA938EE6BB938FE6BC9390E613
:1025C000BD9391E6BE9392E6BF9393E6C09394E6E3
:1025D000C19395E6C29396E6C39397E6C49398E6B3
:1025E000C59399E6C6939AE6C7939BE6C8939CE683
:1025F000C9939DE6CA93CBF6CB939EE6CC939FE618
:10260000CD93A0E6CE9340E7CF9341E7D09342E746
:10261000D19343E7D29344E7D39345E7D49346E776
:10262000D59347E7D693E9F7D79348E7D89349E797
:10263000D9934AE7DA934BE7DB934CE7DC934DE71A
:10264000DD934EE7DE934FE7DF9350E7E09351E7EA
:10265000E19352E7E29353E7E39354E7E49355E7BA
:10266000E59356E7E69357E7E79358E7E89359E78A
:10267000E9935AE7EA935BE7EB935CE7EC935DE75A
:10268000ED935EE7EE935FE7EF9360E7F09361E72A
:10269000F19362E7F29363E7F39364E7F49365E7FA
:1026A000F59366E7F69367E7F79368E7F89369E7CA
:1026B000F9936AE7FA936BE7FB936CE7FC936DE79A
:1026C000FD936EE7FE936FE7FF9370E7009471E769
:1026D000019472E7029473E7039474E7049475E736
:1026E000059476E7069477E7079478E7089479E706
:1026F00009947AE70A947BE70B947CE70C947DE7D6
:102700000D947EE70E9480E70F9481E7109482E7A2
:10271000119483E7129484E7139485E7149486E771
:10272000159487E7169488E7179489E718948AE741
:1027300019948BE71A948CE71B948DE71C948EE711
:102740001D948FE71E9490E71F9491E7209492E7E1
:10275000219493E7229494E7239495E7249496E7B1
:10276000259497E7269498E7279499E728949AE781
:1027700029949BE72A949CE72B949DE72C949EE751
:102780002D949FE72E94A0E72F9440E8309441E8E1
:10279000319442E8329443E8339444E8349445E871
:1027A000359446E8369447E8379448E8389449E841
:1027B00039944AE83A944BE83B944CE83C944DE811
:1027C0003D944EE83E94CDF63F944FE8409450E857
:1027D000419451E8429452E8439453E8449454E8B5
:1027E000459455E8469456E8479457E8489458E885
:1027F000499459E84A945AE84B945BE84C945CE855
:102800004D945DE84E945EE84F945FE8509460E824
:10281000519461E8529462E8539463E8549464E8F4
:10282000559465E8569466E8579467E8589468E8C4
:10283000599469E85A946AE85B946BE85C946CE894
:102840005D946DE85E946EE85F946FE8609470E864
:10285000619471E8629472E8639473E8649474E834
:10286000659475E8669476E8679477E8689478E804
:10287000699479E86A947AE86B94CEF66C947BE874
:102880006D947CE86E947DE86F947EE8709480E8A7
:10289000719481E8729482E8739483E8749484E874
:1028A000759485E8769486E8779487E8789488E844
:1028B000799489E87A948AE87B948BE87C948CE814
:1028C0007D948DE87E948EE87F948FE8809490E8E4
:1028D000819491E8829492E8839493E8849494E8B4
:1028E0008594C4EE8694C5EE8794C6EE8894EBD5A5
:1028F0008994A4B68A94C8EE8B94C7EE8C94C9EEE2
:102900008D94CAEE8E94A5C78F94CBEE9094CCEEA6
:10291000919495E89294B0B79394F6B59494CDEED3
:102920009594CFEE969496E89794CEEE989497E887
:102930009994C6B89A94D0EE9B94D1EE9C94D2EE22
:102940009D94DBB69E94AEB39F94D3D6A094C6C498
:10295000A194B5B1A294D6B8A394D3EEA494D4EE26
:10296000A594BFD4A694D5C7A794FBBEA894D9CEEE
:10297000A994B3B9AA94D6EEAB94D5EEAC94D8EEA4
:10298000AD94D7EEAE94A5C5AF94D9EEB094DAEE7F
:10299000B194AEC7B294DBEEB394AFC7B494DCEE9F
:1029A000B594A7B2B694DDEEB794DEEEB894DFEE40
:1029B000B994E0EEBA94E1EEBB94EAD7BC94E2EEAF
:1029C000BD94E3EEBE94D8BCBF94E4EEC094CBD3E8
:1029D000C194FACCC294ACB2C394E5C1C494E5EE00
:1029E000C594A6C7C694ADC3C79498E8C894E6EE4C
:1029F000C994E7EECA94E8EECB94E9EECC94EAEE03
:102A0000CD94EBEECE94ECEECF9499E8D094EDEE2D
:102A1000D194EEEED294EFEED3949AE8D4949BE85E
:102A2000D594F0EED694F1EED794F2EED894F4EE7D
:102A3000D994F3EEDA949CE8DB94F5EEDC94ADCD1A
:102A4000DD94C1C2DE94F6EEDF94F7EEE094F8EE8A
:102A5000E194A1D5E294F9EEE394B3CFE494FAEED5
:102A6000E594FBEEE6949DE8E794FCEEE894FDEE39
:102A7000E994A1EFEA94FEEEEB94A2EFEC94F5B8A2
:102A8000ED94FAC3EE94A3EFEF94A4EFF094C2BDDB
:102A9000F194BFD2F294F9B2F394A5EFF494A6EFB7
:102AA000F594A7EFF694F8D2F794A8EFF894FDD632
:102AB000F994A9EFFA94CCC6FB949EE8FC94AAEF93
:102AC000FD94ABEFFE94B4C1FF94ACEF0095FACF48
:102AD0000195F8CB0295AEEF0395ADEF0495FAB3EF
:102AE0000595F8B90695AFEF0795B0EF0895E2D0D8
:102AF0000995B1EF0A95B2EF0B95E6B70C95BFD0EB
:102B00000D95B3EF0E95B4EF0F95B5EF1095F1C895
:102B10001195E0CC1295B6EF1395B7EF1495B8EF79
:102B20001595B9EF1695BAEF1795E0D51895BBEF47
:102B30001995EDB41A95AAC31B95BCEF1C959FE897
:102B40001D95BDEF1E95BEEF1F95BFEF2095A0E828
:102B50002195FDCE2295C0EF2395E0C22495B8B40F
:102B60002595B6D72695F5BD279540E92895C7CF79
:102B70002995C3EF2A95C1EF2B95C2EF2C95C4EF91
:102B80002D95A7B62E95FCBC2F95E2BE3095CCC3F3
:102B90003195C5EF3295C6EF339541E93495C7EFCE
:102BA0003595CFEF3695C8EF3795C9EF3895CAEF11
:102BB0003995C2C73A95F1EF3B95CDB63C95CBEF31
:102BC0003D9542E93E95CCEF3F95CDEF4095C6B699
:102BD0004195BEC34295CEEF439543E94495D0EF6E
:102BE0004595D1EF4695D2EF4795F2D5489544E902
:102BF0004995D3EF4A95F7C44B9545E94C95D4EFE9
:102C00004D95F8C44E95D5EF4F95D6EF5095E4B855
:102C10005195F7B05295D7EF5395D8EF5495D9EF1A
:102C2000559546E95695DAEF5795DBEF5895DCEF69
:102C30005995DDEF5A9547E95B95DEEF5C95B5BE9A
:102C40005D95E1EF5E95DFEF5F95E0EF609548E918
:102C50006195E2EF6295E3EF6395CDC16495E4EF92
:102C60006595E5EF6695E6EF6795E7EF6895E8EF20
:102C70006995E9EF6A95EAEF6B95EBEF6C95ECEFF0
:102C80006D95D8C06E9549E96F95EDEF7095ADC122
:102C90007195EEEF7295EFEF7395F0EF74954AE949
:102CA00075954BE97695E2CF77954CE978954DE9A6
:102CB00079954EE97A954FE97B9550E97C9551E9F4
:102CC0007D9552E97E9553E97F95A4B3809554E9AB
:102CD000819555E9829556E9839557E9849558E998
:102CE000859559E986955AE987955BE988955CE968
:102CF00089955DE98A955EE98B955FE98C9560E938
:102D00008D9561E98E9562E98F9563E9909564E907
:102D1000919565E9929566E9939567E9949568E9D7
:102D2000959569E996956AE997956BE998956CE9A7
:102D300099956DE99A956EE99B956FE99C9570E977
:102D40009D9571E99E9572E99F9573E9A09574E947
:102D5000A19575E9A29576E9A39577E9A49578E917
:102D6000A59579E9A6957AE9A7957BE9A8957CE9E7
:102D7000A9957DE9AA957EE9AB9580E9AC9581E9B5
:102D8000AD9582E9AE9583E9AF9584E9B09585E983
:102D9000B19586E9B29587E9B39588E9B49589E953
:102DA000B5958AE9B6958BE9B7958CE9B8958DE923
:102DB000B9958EE9BA958FE9BB9590E9BC9591E9F3
:102DC000BD9592E9BE9593E9BF9594E9C09595E9C3
:102DD000C19596E9C29597E9C39598E9C49599E993
:102DE000C5959AE9C6959BE9C7959CE9C8959DE963
:102DF000C9959EE9CA959FE9CB95A0E9CC9540EA93
:102E0000CD9541EACE9542EACF9543EAD09544EA82
:102E1000D19545EAD29546EAD39547EAD49548EA52
:102E2000D59549EAD6954AEAD7954BEAD8954CEA22
:102E3000D9954DEADA954EEADB954FEADC9550EAF2
:102E4000DD9551EADE9552EADF9553EAE09554EAC2
:102E5000E19555EAE29556EAE39557EAE49558EA92
:102E6000E59559EAE6955AEAE7955BEAE895C5C320
:102E7000E995C5E3EA95C1C9EB95C6E3EC955CEA33
:102E8000ED95D5B1EE95CACEEF95B3B4F095F2C8F5
:102E9000F195C7E3F295D0CFF395C8E3F495E4BC80
:102EA000F595C9E3F695CAE3F795C6C3F895A2D59B
:102EB000F995D6C4FA95EBB9FB95C5CEFC95CBE355
:102EC000FD95F6C3FE95CCE3FF955DEA0096A7B7A6
:102ED0000196F3B80296D2BA0396CDE30496CEE3F8
:102EE0000596C4D40696CFE307965EEA0896D0E32B
:102EF0000996CBD10A96D1E30B96D2E30C96D3E395
:102F00000D96D4E30E96D6D10F96D5E31096FBB26C
:102F10001196BBC01296D6E313965FEA1496ABC027
:102F20001596D7E31696D8E31796D9E3189660EA74
:102F30001996DAE31A96DBE31B9661EA1C96B7B89A
:102F40001D96E2DA1E9662EA1F96D3B6209663EAD1
:102F50002196E4DA2296E3DA239664EA249665EA77
:102F6000259666EA269667EA279668EA289669EA29
:102F700029966AEA2A96E6DA2B966BEA2C966CEA90
:102F80002D966DEA2E96EEC82F966EEA30966FEA71
:102F90003196E5DA3296C0B73396F4D13496F5D24D
:102FA0003596F3D53696D7BD379670EA389671EADE
:102FB000399672EA3A9673EA3B96E8D73C96E8DA95
:102FC0003D96E7DA3E9674EA3F96A2B04096D3CD9E
:102FD000419675EA4296E9DA439676EA4496BDB898
:102FE0004596CABC4696BDC24796A4C24896C2B38F
:102FF0004996EADA4A9677EA4B96AAC24C96B0C44A
:103000004D96B5BD4E9678EA4F9679EA5096DECF4A
:1030100051967AEA52967BEA53967CEA5496EBDA1A
:103020005596C2C956967DEA57967EEA589680EA2A
:10303000599681EA5A9682EA5B96DDB15C9683EAFC
:103040005D9684EA5E9685EA5F96ECDA609686EA9B
:103050006196B8B66296BAD4639687EA6496FDB371
:10306000659688EA669689EA6796EDDA6896C9D425
:103070006996D5CF6A96E3C56B968AEA6C96EEDAC6
:103080006D968BEA6E968CEA6F968DEA70968EEA54
:1030900071968FEA7296EFDA739690EA7496F0DA88
:1030A0007596EAC17696D5CC7796DDCF789691EA7B
:1030B000799692EA7A9693EA7B9694EA7C9695EAD8
:1030C0007D9696EA7E9697EA7F9698EA809699EAA8
:1030D00081969AEA82969BEA83969CEA84969DEA78
:1030E0008596E7D38696A1C287969EEA8896F1DAFE
:1030F00089969FEA8A96A0EA8B96E5CB8C9640EB60
:103100008D96F2DA8E9641EB8F96E6CB9096FED2B4
:10311000919642EB929643EB939644EB9496F4B8D7
:10312000959645EB969646EB9796F3DA9896AFB060
:103130009996B6CF9A9647EB9B9648EB9C96CFD53F
:103140009D9649EB9E964AEB9F964BEBA0964CEBD7
:10315000A1964DEBA2964EEBA3964FEBA49650EBA7
:10316000A59651EBA69652EBA796EDCBA89653EBFE
:10317000A99654EBAA9655EBAB9656EBAC9657EB4B
:10318000AD9658EBAE9659EBAF965AEBB096F4DA93
:10319000B1965BEBB2965CEBB396C4E3B4965DEB91
:1031A000B5965EEBB696A5C1B7965FEBB89660EBA9
:1031B000B996BFF6BA9661EBBB9662EBBC96C0F6C9
:1031C000BD96C1F6BE96D1C4BF9663EBC096B8C893
:1031D000C196E3D1C29664EBC39665EBC496DBD08F
:1031E000C596C5D1C696AFBCC796CDB9C89666EB95
:1031F000C996F4EFCA9667EBCB9668EBCC96C6B44B
:10320000CD96BAD3CE96C2F6CF96FBB3D09669EBE5
:10321000D1966AEBD296C3F6D3966BEBD4966CEB51
:10322000D596F1B5D6966DEBD7966EEBD8966FEB3B
:10323000D99670EBDA9671EBDB9672EBDC9673EB5A
:10324000DD9674EBDE9675EBDF9676EBE096C5F6D1
:10325000E19677EBE29678EBE39679EBE4967AEBFE
:10326000E5967BEBE6967CEBE7967DEBE896EAD37A
:10327000E996A7F6EA96A9D1EB967EEBEC9680EB61
:10328000ED9681EBEE9682EBEF96A9F6F09683EB46
:10329000F19684EBF29685EBF396A8F6F49686EB1E
:1032A000F59687EBF696E3C1F796D7C0F89688EBCC
:1032B000F996A2B1FA9689EBFB968AEBFC968BEB1A
:1032C000FD968CEBFE96EDCEFF968DEB0097E8D049
:1032D0000197ABF602978EEB03978FEB0497F6CF2F
:1032E000059790EB0697AAF60797F0D50897ACF6E6
:1032F0000997B9C30A9791EB0B9792EB0C9793EB55
:103300000D97F4BB0E97AEF60F97ADF6109794EBB2
:10331000119795EB129796EB1397DEC4149797EBE2
:10332000159798EB1697D8C1179799EB18979AEBC2
:1033300019979BEB1A979CEB1B979DEB1C97AACBBD
:103340001D979EEB1E97BCCF1F979FEB2097A0EB7E
:10335000219740EC229741EC239742EC249743ECD1
:10336000259744EC269745EC279746EC289747ECA1
:10337000299748EC2A97AFF62B9749EC2C974AEC03
:103380002D97B0F62E974BEC2F974CEC3097B1F66B
:1033900031974DEC3297B6C233974EEC34974FECE1
:1033A000359750EC369751EC379752EC3897D4B0AC
:1033B0003997F9C53A9753EC3B9754EC3C9755EC49
:1033C0003D9756EC3E97B2F63F9757EC409758EC36
:1033D000419759EC42975AEC43975BEC44975CEC6D
:1033E00045975DEC46975EEC47975FEC489760EC3D
:1033F000499761EC4A9762EC4B9763EC4C9764EC0D
:103400004D9765EC4E9766EC4F9767EC509768ECDC
:10341000519769EC5297E0C75397A6F654976AEC18
:1034200055976BEC5697B8BE57976CEC58976DEC68
:103430005997B2BE5A976EEC5B97E5B55C976FEC07
:103440005D9770EC5E97C7B75F9771EC6097BFBFF1
:103450006197D2C36297E6C3639772EC649773EC8B
:103460006597CCD8669774EC679775EC689776EC9F
:103470006997EFB86A9777EC6B9778EC6C9779EC73
:103480006D977AEC6E977BEC6F977CEC70977DEC88
:1034900071977EEC729780EC7397F9BD7497A5D104
:1034A000759781EC7697D0B0779782EC789783EC1C
:1034B000799784EC7A9785EC7B9786EC7C97B0F7CC
:1034C0007D9787EC7E9788EC7F9789EC80978AECD4
:1034D00081978BEC82978CEC83978DEC84978EECA4
:1034E0008597B1F786978FEC879790EC889791EC4A
:1034F000899792EC8A9793EC8B97ACD08C9794EC4D
:103500008D97B0B08E9795EC8F9796EC909797EC3F
:103510009197B2F79297B3F7939798EC9497B4F783
:10352000959799EC96979AEC97979BEC9897CAC7C2
:1035300099979CEC9A979DEC9B979EEC9C979FEC9F
:103540009D97A0EC9E9740ED9F9741EDA097CFBE31
:10355000A19742EDA29743EDA397B7F7A49744ED47
:10356000A59745EDA69746EDA79747EDA89748ED97
:10357000A99749EDAA974AEDAB97B6F7AC974BEDF3
:10358000AD97DEB1AE974CEDAF97B5F7B0974DED77
:10359000B1974EEDB297B8F7B3974FEDB497B9F72F
:1035A000B59750EDB69751EDB79752EDB89753EDEB
:1035B000B99754EDBA9755EDBB9756EDBC9757EDBB
:1035C000BD9758EDBE9759EDBF975AEDC0975BED8B
:1035D000C1975CEDC2975DEDC3975EEDC4975FED5B
:1035E000C59760EDC69761EDC79762EDC89763ED2B
:1035F000C99764EDCA9765EDCB9766EDCC9767EDFB
:10360000CD9768EDCE9769EDCF976AEDD0976BEDCA
:10361000D1976CEDD2976DEDD3976EEDD4976FED9A
:10362000D59770EDD69771EDD79772EDD89773ED6A
:10363000D99774EDDA9775EDDB9776EDDC9777ED3A
:10364000DD9778EDDE9779EDDF977AEDE0977BED0A
:10365000E1977CEDE2977DEDE3977EEDE49780EDD9
:10366000E59781EDE697A4CEE797CDC8E89782ED80
:10367000E997ABBAEA97B8E8EB97B9E8EC97BAE8FC
:10368000ED97C2BEEE9783EDEF9784EDF09785ED51
:10369000F19786EDF29787EDF397F4D2F49788EDE2
:1036A000F597CFD4F697D8C9F79789EDF8978AEDB3
:1036B000F9978BEDFA978CEDFB978DEDFC978EEDDE
:1036C000FD978FEDFE9790EDFF9791ED009892EDAD
:1036D000019893ED029894ED039895ED049896ED7A
:1036E000059897ED069898ED079899ED08989AED4A
:1036F00009989BED0A989CED0B989DED0C989EED1A
:103700000D989FED0E98A0ED0F9840EE109841EEA9
:10371000119842EE129843EE139844EE149845EE39
:10372000159846EE169847EE179848EE189849EE09
:1037300019984AEE1A984BEE1B984CEE1C984DEED9
:103740001D984EEE1E984FEE1F9850EE209851EEA9
:10375000219852EE229853EE239854EE249855EE79
:10376000259856EE269857EE279858EE289859EE49
:1037700029985AEE2A985BEE2B985CEE2C985DEE19
:103780002D985EEE2E985FEE2F9860EE309861EEE9
:10379000319862EE329863EE339864EE349865EEB9
:1037A000359866EE369867EE379868EE389869EE89
:1037B00039986AEE3A986BEE3B986CEE3C986DEE59
:1037C0003D986EEE3E986FEE3F9870EE409871EE29
:1037D000419872EE429873EE439874EE449875EEF9
:1037E000459876EE469877EE479878EE489879EEC9
:1037F00049987AEE4A987BEE4B987CEE4C987DEE99
:103800004D987EEE4E9880EE4F9881EE509882EE65
:10381000519883EE529884EE539885EE549886EE34
:10382000559887EE569888EE579889EE58988AEE04
:1038300059988BEE5A988CEE5B988DEE5C988EEED4
:103840005D988FEE5E9890EE5F9891EE609892EEA4
:10385000619893EE629894EE639895EE649896EE74
:10386000659897EE669898EE679899EE68989AEE44
:1038700069989BEE6A989CEE6B989DEE6C989EEE14
:103880006D989FEE6E98A0EE6F9840EF709841EFA4
:10389000719842EF729843EF739844EF749845EF34
:1038A0007598B3D27698A5B67798EAC77898FCF160
:1038B0007998EECF7A98B3CB7B98EBD07C98EFE7F2
:1038C0007D98E7CD7E98CBB97F98D9B68098FDF1E9
:1038D0008198E4B08298CCCB8398FEF18498A4D4EC
:1038E0008598ADC28698ECC18798C4C68898B1BE49
:1038F0008998A1F28A98D5BC8B9846EF8C98A2F251
:103900008D98A3F28E9847EF8F98A4F29098C3D227
:103910009198B5C6929848EF9398C7CD9498A5F220
:10392000959849EF9698B1D39798C5BF9898E2CCEF
:1039300099984AEF9A98A6F29B98A7F29C98D5D1AD
:103940009D98EEB69E98A8F29F98A9F2A098DFB530
:10395000A198AAF2A298ABF2A3984BEFA498FCB25C
:10396000A598ACF2A698ADF2A798A7C8A8984CEF76
:10397000A9984DEFAA984EEFAB984FEFAC9850EF47
:10398000AD9851EFAE9852EFAF9853EFB09854EF17
:10399000B19855EFB29856EFB39857EFB49858EFE7
:1039A000B59859EFB6985AEFB7985BEFB8985CEFB7
:1039B000B9985DEFBA985EEFBB985FEFBC9860EF87
:1039C000BD9861EFBE9862EFBF9863EFC09864EF57
:1039D000C19865EFC29866EFC39867EFC49868EF27
:1039E000C59869EFC6986AEFC7986BEFC8986CEFF7
:1039F000C9986DEFCA986EEFCB986FEFCC9870EFC7
:103A0000CD9871EFCE98E7B7CF9872EFD09873EF5B
:103A1000D198A9ECD298AAECD398ABECD49874EFD7
:103A2000D598ACECD69875EFD79876EFD898AEC607
:103A3000D998ADECDA98AEECDB9877EFDC9878EFBC
:103A4000DD9879EFDE98C9B7DF98B3CAE0987AEFCE
:103A5000E1987BEFE2987CEFE3987DEFE4987EEFCE
:103A6000E59880EFE69881EFE798B8E2E898CFF71D
:103A7000E99882EFEA9883EFEB9884EFEC9885EF72
:103A8000ED9886EFEE9887EFEF9888EFF09889EF42
:103A9000F1988AEFF2988BEFF3988CEFF4988DEF12
:103AA000F5988EEFF6988FEFF79890EFF89891EFE2
:103AB000F99892EFFA9893EFFB9894EFFC9895EFB2
:103AC000FD9896EFFE9897EFFF9898EF009999EF81
:103AD00001999AEF02999BEF03999CEF04999DEF4E
:103AE00005999EEF06999FEF0799A0EF089940F07E
:103AF000099941F00A9942F00B9943F00C9944F06E
:103B00000D99D0F70E9945F00F9946F01099CDB266
:103B1000119947F0129948F0139949F014994AF015
:103B200015994BF016994CF017994DF018994EF0E5
:103B300019994FF01A9950F01B9951F01C9952F0B5
:103B40001D9953F01E9954F01F9955F0209956F085
:103B5000219957F0229958F0239959F024995AF055
:103B600025995BF026995CF027995DF028995EF025
:103B700029995FF02A9960F02B9961F02C9962F0F5
:103B80002D9963F02E99D1F72F9964F0309965F053
:103B9000319966F0329967F0339968F0349969F099
:103BA00035996AF036996BF037996CF038996DF069
:103BB00039996EF03A996FF03B9970F03C9971F039
:103BC0003D9972F03E9973F03F9974F0409975F009
:103BD000419976F0429977F0439978F0449979F0D9
:103BE00045997AF046997BF047997CF048997DF0A9
:103BF00049997EF04A9980F04B9981F04C9982F076
:103C00004D9983F04E9984F04F9985F0509986F044
:103C1000519987F0529988F0539989F05499D3F7C4
:103C20005599D2F756998AF057998BF058998CF09C
:103C300059998DF05A998EF05B998FF05C9990F0BC
:103C40005D9991F05E9992F05F9993F0609994F08C
:103C5000619995F0629996F06399BBE2649997F047
:103C60006599A2BC669998F06799BCE26899BDE233
:103C70006999BEE26A99BFE26B99C0E26C99C1E2B0
:103C80006D99B9B76E99FBD26F99A4BD7099CECAE0
:103C90007199A5B17299C7CB739999F07499C2E2E1
:103CA0007599FCB67699C4C87799C3E278999AF069
:103CB00079999BF07A99C8BD7B999CF07C99FDB16C
:103CC0007D99C4E27E999DF07F99F6B68099C5E210
:103CD0008199D9C482999EF083999FF08499C6E214
:103CE0008599DACF8699DDB98799C7E28899A1C00D
:103CF0008999A0F08A99C8E28B99F6B28C9940F123
:103D00008D99C9E28E9941F18F99F3C19099CAE2D8
:103D10009199CBE29299F8C29399CCE29499CDE231
:103D20009599CEE29699D7CA9799B8D89899E5D936
:103D30009999E3CF9A9942F19B9943F19C9944F167
:103D40009D9945F19E9946F19F9947F1A09948F1B7
:103D5000A19949F1A2994AF1A3994BF1A4994CF187
:103D6000A599A5F0A6994DF1A7994EF1A899B0DCB7
:103D7000A9994FF1AA9950F1AB9951F1AC9952F12F
:103D8000AD9953F1AE9954F1AF9955F1B09956F1FF
:103D9000B19957F1B29958F1B39959F1B4995AF1CF
:103DA000B5995BF1B6995CF1B7995DF1B8995EF19F
:103DB000B9995FF1BA9960F1BB9961F1BC9962F16F
:103DC000BD9963F1BE9964F1BF9965F1C09966F13F
:103DD000C19967F1C29968F1C39969F1C4996AF10F
:103DE000C5996BF1C6996CF1C7996DF1C8996EF1DF
:103DF000C9996FF1CA9970F1CB9971F1CC9972F1AF
:103E0000CD9973F1CE9974F1CF9975F1D09976F17E
:103E1000D19977F1D29978F1D39979F1D4997AF14E
:103E2000D5997BF1D6997CF1D7997DF1D8997EF11E
:103E3000D99980F1DA9981F1DB9982F1DC9983F1EA
:103E4000DD9984F1DE9985F1DF9986F1E09987F1BA
:103E5000E19988F1E29989F1E3998AF1E4998BF18A
:103E6000E5998CF1E6998DF1E7998EF1E8998FF15A
:103E7000E99990F1EA9991F1EB9992F1EC9993F12A
:103E8000ED9994F1EE9995F1EF9996F1F09997F1FA
:103E9000F19998F1F29999F1F3999AF1F4999BF1CA
:103EA000F5999CF1F6999DF1F7999EF1F8999FF19A
:103EB000F999A0F1FA9940F2FB9941F2FC9942F28A
:103EC000FD9943F2FE9944F2FF9945F2009A46F2B9
:103ED000019A47F2029A48F2039A49F2049A4AF286
:103EE000059A4BF2069A4CF2079A4DF2089A4EF256
:103EF000099A4FF20A9A50F20B9A51F20C9A52F226
:103F00000D9A53F20E9A54F20F9A55F2109A56F2F5
:103F1000119A57F2129A58F2139A59F2149A5AF2C5
:103F2000159A5BF2169A5CF2179A5DF2189A5EF295
:103F3000199A5FF21A9A60F21B9A61F21C9A62F265
:103F40001D9A63F21E9A64F21F9A65F2209A66F235
:103F5000219A67F2229A68F2239A69F2249A6AF205
:103F6000259A6BF2269A6CF2279A6DF2289A6EF2D5
:103F7000299A6FF22A9A70F22B9A71F22C9A72F2A5
:103F80002D9A73F22E9A74F22F9A75F2309A76F275
:103F9000319A77F2329A78F2339A79F2349A7AF245
:103FA000359A7BF2369A7CF2379A7DF2389A7EF215
:103FB000399A80F23A9A81F23B9A82F23C9A83F2E1
:103FC0003D9A84F23E9A85F23F9A86F2409A87F2B1
:103FD000419A88F2429A89F2439A8AF2449A8BF281
:103FE000459A8CF2469A8DF2479A8EF2489A8FF251
:103FF000499A90F24A9A91F24B9A92F24C9A93F221
:104000004D9A94F24E9A95F24F9A96F2509A97F2F0
:10401000519A98F2529A99F2539A9AF2549A9BF2C0
:10402000559A9CF2569A9DF2579A9EF2589A9FF290
:10403000599AA0F25A9A40F35B9A41F35C9A42F380
:104040005D9A43F35E9A44F35F9A45F3609A46F3B0
:10405000619A47F3629A48F3639A49F3649A4AF380
:10406000659A4BF3669A4CF3679A4DF3689A4EF350
:10407000699A4FF36A9A50F36B9A51F36C9AEDC2B6
:104080006D9AA6D46E9AD4CD6F9AB1D1709ADBB3E3
:10409000719AFDC7729A52F3739AB5B2749ABFC2FD
:1040A000759AE0E6769ABBCA779AE1E6789AE2E6F4
:1040B000799AD4BE7A9AE3E67B9AA4D77C9AD5CD36
:1040C0007D9AE5E67E9ADDBC7F9AE4E6809AE6E694
:1040D000819AE7E6829AEEC2839A53F3849ABEBD30
:1040E000859AE8E6869AE6C2879AA7BA889AE9E6A8
:1040F000899A54F38A9AEAE68B9AD2B38C9AE9D1D8
:104100008D9A55F38E9A56F38F9AA5BF909AEBE647
:10411000919AEFC6929AECE6939AEDE6949A57F349
:10412000959A58F3969AEEE6979AADC6989AEFE666
:10413000999A59F39A9AA7C99B9AF0E69C9AF1E644
:104140009D9AF2E69E9AB9E59F9AF3E6A09AF4E664
:10415000A19AE2C2A29AF5E6A39AF6E6A49AE8D654
:10416000A59AF7E6A69A5AF3A79AF8E6A89AC7B9C5
:10417000A99A5BF3AA9A5CF3AB9A5DF3AC9A5EF3EF
:10418000AD9A5FF3AE9A60F3AF9A61F3B09ABBF762
:10419000B19ABAF7B29A62F3B39A63F3B49A64F33A
:1041A000B59A65F3B69ABEF7B79ABCF7B89AA1BAB2
:1041B000B99A66F3BA9ABFF7BB9A67F3BC9AC0F78D
:1041C000BD9A68F3BE9A69F3BF9A6AF3C09AC2F7C0
:1041D000C19AC1F7C29AC4F7C39A6BF3C49A6CF33D
:1041E000C59AC3F7C69A6DF3C79A6EF3C89A6FF370
:1041F000C99A70F3CA9A71F3CB9AC5F7CC9AC6F7ED
:10420000CD9A72F3CE9A73F3CF9A74F3D09A75F372
:10421000D19AC7F7D29A76F3D39AE8CBD49A77F3A8
:10422000D59A78F3D69A79F3D79A7AF3D89ADFB8F1
:10423000D99A7BF3DA9A7CF3DB9A7DF3DC9A7EF3EE
:10424000DD9A80F3DE9A81F3DF9AD4F7E09A82F365
:10425000E19AD5F7E29A83F3E39A84F3E49A85F33B
:10426000E59A86F3E69AD6F7E79A87F3E89A88F311
:10427000E99A89F3EA9A8AF3EB9AD8F7EC9A8BF3E6
:10428000ED9ADAF7EE9A8CF3EF9AD7F7F09A8DF36E
:10429000F19A8EF3F29A8FF3F39A90F3F49A91F3E2
:1042A000F59A92F3F69A93F3F79A94F3F89A95F3B2
:1042B000F99ADBF7FA9A96F3FB9AD9F7FC9A97F3F7
:1042C000FD9A98F3FE9A99F3FF9A9AF3009B9BF359
:1042D000019B9CF3029B9DF3039BD7D7049B9EF30A
:1042E000059B9FF3069BA0F3079B40F4089BDCF71C
:1042F000099B41F40A9B42F40B9B43F40C9B44F44E
:104300000D9B45F40E9B46F40F9BDDF7109B47F485
:10431000119B48F4129B49F4139BDEF7149B4AF45B
:10432000159B4BF4169B4CF4179B4DF4189B4EF4C5
:10433000199B4FF41A9B50F41B9B51F41C9B52F495
:104340001D9B53F41E9B54F41F9BDFF7209B55F4D9
:10435000219B56F4229B57F4239BE0F7249B58F4AF
:10436000259B59F4269B5AF4279B5BF4289B5CF40D
:10437000299B5DF42A9B5EF42B9B5FF42C9B60F4DD
:104380002D9B61F42E9B62F42F9BCBDB309B63F45F
:10439000319B64F4329BAAD8339B65F4349B66F45A
:1043A000359B67F4369B68F4379B69F4389B6AF455
:1043B000399B6BF43A9B6CF43B9BF7E53C9BEDB966
:1043C0003D9B6DF43E9B6EF43F9B6FF4409B70F4FD
:1043D000419BFDBF429BEABB439BC9F7449BC7C6B9
:1043E000459BC8F7469B71F4479BCAF7489BCCF79F
:1043F000499BCBF74A9B72F44B9B73F44C9B74F430
:104400004D9BCDF74E9B75F44F9BBACE509B76F4E7
:10441000519BCEF7529B77F4539B78F4549BA7C4DF
:10442000559B79F4569B7AF4579B7BF4589B7CF40C
:10443000599B7DF45A9B7EF45B9B80F45C9B81F4DA
:104440005D9B82F45E9B83F45F9B84F4609B85F4A8
:10445000619B86F4629B87F4639B88F4649B89F478
:10446000659B8AF4669B8BF4679B8CF4689B8DF448
:10447000699B8EF46A9B8FF46B9B90F46C9B91F418
:104480006D9B92F46E9B93F46F9B94F4709B95F4E8
:10449000719B96F4729B97F4739B98F4749B99F4B8
:1044A000759B9AF4769B9BF4779B9CF4789B9DF488
:1044B000799B9EF47A9B9FF47B9BA0F47C9B40F5B8
:1044C0007D9B41F57E9B42F57F9B43F5809B44F5A8
:1044D000819B45F5829B46F5839B47F5849B48F578
:1044E000859B49F5869B4AF5879B4BF5889B4CF548
:1044F000899B4DF58A9B4EF58B9B4FF58C9B50F518
:104500008D9B51F58E9B52F58F9B53F5909B54F5E7
:10451000919B55F5929B56F5939B57F5949B58F5B7
:10452000959B59F5969B5AF5979B5BF5989B5CF587
:10453000999B5DF59A9B5EF59B9B5FF59C9B60F557
:104540009D9B61F59E9B62F59F9B63F5A09B64F527
:10455000A19B65F5A29B66F5A39B67F5A49B68F5F7
:10456000A59B69F5A69B6AF5A79B6BF5A89B6CF5C7
:10457000A99B6DF5AA9B6EF5AB9B6FF5AC9B70F597
:10458000AD9B71F5AE9B72F5AF9B73F5B09B74F567
:10459000B19B75F5B29B76F5B39B77F5B49B78F537
:1045A000B59B79F5B69B7AF5B79B7BF5B89B7CF507
:1045B000B99B7DF5BA9B7EF5BB9B80F5BC9B81F5D5
:1045C000BD9B82F5BE9B83F5BF9B84F5C09B85F5A3
:1045D000C19B86F5C29B87F5C39B88F5C49B89F573
:1045E000C59B8AF5C69B8BF5C79B8CF5C89B8DF543
:1045F000C99B8EF5CA9B8FF5CB9B90F5CC9B91F513
:10460000CD9B92F5CE9B93F5CF9B94F5D09B95F5E2
:10461000D19B96F5D29B97F5D39B98F5D49B99F5B2
:10462000D59B9AF5D69B9BF5D79B9CF5D89B9DF582
:10463000D99B9EF5DA9B9FF5DB9BA0F5DC9B40F6B2
:10464000DD9B41F6DE9B42F6DF9B43F6E09B44F6A2
:10465000E19B45F6E29B46F6E39B47F6E49B48F672
:10466000E59B49F6E69B4AF6E79B4BF6E89B4CF642
:10467000E99B4DF6EA9B4EF6EB9B4FF6EC9B50F612
:10468000ED9B51F6EE9B52F6EF9B53F6F09B54F6E2
:10469000F19B55F6F29B56F6F39B57F6F49B58F6B2
:1046A000F59B59F6F69B5AF6F79B5BF6F89B5CF682
:1046B000F99B5DF6FA9B5EF6FB9B5FF6FC9B60F652
:1046C000FD9B61F6FE9B62F6FF9B63F6009C64F621
:1046D000019C65F6029C66F6039C67F6049C68F6EE
:1046E000059C69F6069C6AF6079C6BF6089C6CF6BE
:1046F000099C6DF60A9C6EF60B9C6FF60C9C70F68E
:104700000D9C71F60E9C72F60F9C73F6109C74F65D
:10471000119C75F6129C76F6139C77F6149C78F62D
:10472000159C79F6169C7AF6179C7BF6189C7CF6FD
:10473000199C7DF61A9C7EF61B9C80F61C9C81F6CB
:104740001D9C82F61E9C83F61F9C84F6209C85F699
:10475000219C86F6229C87F6239C88F6249C89F669
:10476000259C8AF6269C8BF6279C8CF6289C8DF639
:10477000299C8EF62A9C8FF62B9C90F62C9C91F609
:104780002D9C92F62E9C93F62F9C94F6309C95F6D9
:10479000319C96F6329C97F6339C98F6349C99F6A9
:1047A000359C9AF6369C9BF6379C9CF6389C9DF679
:1047B000399C9EF63A9C9FF63B9CA0F63C9C40F7A9
:1047C0003D9C41F73E9C42F73F9C43F7409C44F799
:1047D000419C45F7429C46F7439C47F7449C48F769
:1047E000459C49F7469C4AF7479C4BF7489C4CF739
:1047F000499C4DF74A9C4EF74B9C4FF74C9C50F709
:104800004D9C51F74E9C52F74F9C53F7509C54F7D8
:10481000519C55F7529C56F7539C57F7549C58F7A8
:10482000559C59F7569C5AF7579C5BF7589C5CF778
:10483000599C5DF75A9C5EF75B9C5FF75C9C60F748
:104840005D9C61F75E9C62F75F9C63F7609C64F718
:10485000619C65F7629C66F7639C67F7649C68F7E8
:10486000659C69F7669C6AF7679C6BF7689C6CF7B8
:10487000699C6DF76A9C6EF76B9C6FF76C9C70F788
:104880006D9C71F76E9C72F76F9C73F7709C74F758
:10489000719C75F7729C76F7739C77F7749C78F728
:1048A000759C79F7769C7AF7779C7BF7789C7CF7F8
:1048B000799C7DF77A9C7EF77B9C80F77C9CE3D388
:1048C0007D9C81F77E9C82F77F9CCFF6809C83F74E
:1048D000819CB3C2829CD0F6839C84F7849C85F72C
:1048E000859CD1F6869CD2F6879CD3F6889CD4F61C
:1048F000899C86F78A9C87F78B9CD6F68C9C88F7D8
:104900008D9CABB18E9CD7F68F9C89F7909CD8F686
:10491000919CD9F6929CDAF6939C8AF7949CDBF6EC
:10492000959CDCF6969C8BF7979C8CF7989C8DF762
:10493000999C8EF79A9CDDF69B9CDEF69C9CCACFD8
:104940009D9C8FF79E9CDFF69F9CE0F6A09CE1F675
:10495000A19CE2F6A29CE3F6A39CE4F6A49CF0C022
:10496000A59CE5F6A69CE6F6A79CE7F6A89CE8F6CB
:10497000A99CE9F6AA9C90F7AB9CEAF6AC9C91F74F
:10498000AD9CEBF6AE9CECF6AF9C92F7B09CEDF6CE
:10499000B19CEEF6B29CEFF6B39CF0F6B49CF1F647
:1049A000B59CF2F6B69CF3F6B79CF4F6B89CA8BE9C
:1049B000B99C93F7BA9CF5F6BB9CF6F6BC9CF7F64F
:1049C000BD9CF8F6BE9C94F7BF9C95F7C09C96F7EB
:1049D000C19C97F7C29C98F7C39CFAC8C49CF9F68F
:1049E000C59CFAF6C69CFBF6C79CFCF6C89C99F7DA
:1049F000C99C9AF7CA9CFDF6CB9CFEF6CC9CA1F70D
:104A0000CD9CA2F7CE9CA3F7CF9CA4F7D09CA5F792
:104A1000D19C9BF7D29C9CF7D39CA6F7D49CA7F77C
:104A2000D59CA8F7D69CEEB1D79CA9F7D89CAAF73D
:104A3000D99CABF7DA9C9DF7DB9C9EF7DC9CACF72E
:104A4000DD9CADF7DE9CDBC1DF9CAEF7E09C9FF701
:104A5000E19CA0F7E29CAFF7E39C40F8E49C41F8AE
:104A6000E59C42F8E69C43F8E79C44F8E89C45F84E
:104A7000E99C46F8EA9C47F8EB9C48F8EC9C49F81E
:104A8000ED9C4AF8EE9C4BF8EF9C4CF8F09C4DF8EE
:104A9000F19C4EF8F29C4FF8F39C50F8F49C51F8BE
:104AA000F59C52F8F69C53F8F79C54F8F89C55F88E
:104AB000F99C56F8FA9C57F8FB9C58F8FC9C59F85E
:104AC000FD9C5AF8FE9C5BF8FF9C5CF8009D5DF82D
:104AD000019D5EF8029D5FF8039D60F8049D61F8FA
:104AE000059D62F8069D63F8079D64F8089D65F8CA
:104AF000099D66F80A9D67F80B9D68F80C9D69F89A
:104B00000D9D6AF80E9D6BF80F9D6CF8109D6DF869
:104B1000119D6EF8129D6FF8139D70F8149D71F839
:104B2000159D72F8169D73F8179D74F8189D75F809
:104B3000199D76F81A9D77F81B9D78F81C9D79F8D9
:104B40001D9D7AF81E9D7BF81F9D7CF8209D7DF8A9
:104B5000219D7EF8229D80F8239D81F8249D82F876
:104B6000259D83F8269D84F8279D85F8289D86F845
:104B7000299D87F82A9D88F82B9D89F82C9D8AF815
:104B80002D9D8BF82E9D8CF82F9D8DF8309D8EF8E5
:104B9000319D8FF8329D90F8339D91F8349D92F8B5
:104BA000359D93F8369D94F8379D95F8389D96F885
:104BB000399D97F83A9D98F83B9D99F83C9D9AF855
:104BC0003D9D9BF83E9D9CF83F9D9DF8409D9EF825
:104BD000419D9FF8429DA0F8439D40F9449D41F9B5
:104BE000459D42F9469D43F9479D44F9489D45F945
:104BF000499D46F94A9D47F94B9D48F94C9D49F915
:104C00004D9D4AF94E9D4BF94F9D4CF9509D4DF9E4
:104C1000519D4EF9529D4FF9539D50F9549D51F9B4
:104C2000559D52F9569D53F9579D54F9589D55F984
:104C3000599D56F95A9D57F95B9D58F95C9D59F954
:104C40005D9D5AF95E9D5BF95F9D5CF9609D5DF924
:104C5000619D5EF9629D5FF9639D60F9649D61F9F4
:104C6000659D62F9669D63F9679D64F9689D65F9C4
:104C7000699D66F96A9D67F96B9D68F96C9D69F994
:104C80006D9D6AF96E9D6BF96F9D6CF9709D6DF964
:104C9000719D6EF9729D6FF9739D70F9749D71F934
:104CA000759D72F9769D73F9779D74F9789D75F904
:104CB000799D76F97A9D77F97B9D78F97C9D79F9D4
:104CC0007D9D7AF97E9D7BF97F9D7CF9809D7DF9A4
:104CD000819D7EF9829D80F9839D81F9849D82F971
:104CE000859D83F9869D84F9879D85F9889D86F940
:104CF000899D87F98A9D88F98B9D89F98C9D8AF910
:104D00008D9D8BF98E9D8CF98F9D8DF9909D8EF9DF
:104D1000919D8FF9929D90F9939D91F9949D92F9AF
:104D2000959D93F9969D94F9979D95F9989D96F97F
:104D3000999D97F99A9D98F99B9D99F99C9D9AF94F
:104D40009D9D9BF99E9D9CF99F9D9DF9A09D9EF91F
:104D5000A19D9FF9A29DA0F9A39D40FAA49D41FAAF
:104D6000A59D42FAA69D43FAA79D44FAA89D45FA3F
:104D7000A99D46FAAA9D47FAAB9D48FAAC9D49FA0F
:104D8000AD9D4AFAAE9D4BFAAF9D4CFAB09D4DFADF
:104D9000B19D4EFAB29D4FFAB39D50FAB49D51FAAF
:104DA000B59D52FAB69D53FAB79D54FAB89D55FA7F
:104DB000B99D56FABA9D57FABB9D58FABC9D59FA4F
:104DC000BD9D5AFABE9D5BFABF9D5CFAC09D5DFA1F
:104DD000C19D5EFAC29D5FFAC39D60FAC49D61FAEF
:104DE000C59D62FAC69D63FAC79D64FAC89D65FABF
:104DF000C99D66FACA9D67FACB9D68FACC9D69FA8F
:104E0000CD9D6AFACE9D6BFACF9D6CFAD09D6DFA5E
:104E1000D19D6EFAD29D6FFAD39D70FAD49D71FA2E
:104E2000D59D72FAD69D73FAD79D74FAD89D75FAFE
:104E3000D99D76FADA9D77FADB9D78FADC9D79FACE
:104E4000DD9D7AFADE9D7BFADF9D7CFAE09D7DFA9E
:104E5000E19D7EFAE29D80FAE39D81FAE49D82FA6B
:104E6000E59D83FAE69D84FAE79D85FAE89D86FA3A
:104E7000E99D87FAEA9D88FAEB9D89FAEC9D8AFA0A
:104E8000ED9D8BFAEE9D8CFAEF9D8DFAF09D8EFADA
:104E9000F19D8FFAF29D90FAF39D91FAF49D92FAAA
:104EA000F59D93FAF69D94FAF79D95FAF89D96FA7A
:104EB000F99D97FAFA9D98FAFB9D99FAFC9D9AFA4A
:104EC000FD9D9BFAFE9D9CFAFF9D9DFA009E9EFA19
:104ED000019E9FFA029EA0FA039E40FB049E41FBA6
:104EE000059E42FB069E43FB079E44FB089E45FB36
:104EF000099E46FB0A9E47FB0B9E48FB0C9E49FB06
:104F00000D9E4AFB0E9E4BFB0F9E4CFB109E4DFBD5
:104F1000119E4EFB129E4FFB139E50FB149E51FBA5
:104F2000159E52FB169E53FB179E54FB189E55FB75
:104F3000199E56FB1A9E57FB1B9E58FB1C9E59FB45
:104F40001D9E5AFB1E9E5BFB1F9EF1C4209EAFF070
:104F5000219EA6BC229EB0F0239EF9C3249E5CFB3A
:104F6000259EB8C5269EBBD1279E5DFB289EB1F02D
:104F7000299EB2F02A9EB3F02B9EB4F02C9EB5F081
:104F80002D9EBCD12E9E5EFB2F9EECD1309E5FFBF2
:104F9000319EB7F0329EB6F0339EA7D4349E60FBAC
:104FA000359ED2CD369EB8F0379EBAF0389EB9F015
:104FB000399EBBF03A9EBCF03B9E61FB3C9E62FB7F
:104FC0003D9EEBB83E9EBDF03F9EE8BA409E63FB1F
:104FD000419EBEF0429EBFF0439EE9BE449EC0F09B
:104FE000459EECB6469EC1F0479EC2F0489EC3F077
:104FF000499EC4F04A9EB5C84B9EC5F04C9EC6F073
:105000004D9E64FB4E9EC7F04F9EF4C5509E65FBBF
:10501000519EC8F0529E66FB539E67FB549E68FBF0
:10502000559EC9F0569E69FB579ECAF0589EBDF723
:10503000599E6AFB5A9ECBF05B9ECCF05C9ECDF0F5
:105040005D9E6BFB5E9ECEF05F9E6CFB609E6DFB7B
:10505000619E6EFB629E6FFB639ECFF0649ED7BA2B
:10506000659E70FB669ED0F0679ED1F0689ED2F080
:10507000699ED3F06A9ED4F06B9ED5F06C9ED6F0FC
:105080006D9ED8F06E9E71FB6F9E72FB709EA5D3D5
:10509000719ED7F0729E73FB739ED9F0749E74FB61
:1050A000759E75FB769E76FB779E77FB789E78FBE8
:1050B000799E79FB7A9E7AFB7B9E7BFB7C9E7CFBB8
:1050C0007D9E7DFB7E9EBAF57F9EB9C2809E7EFB53
:1050D000819E80FB829EE4F7839E81FB849E82FBFF
:1050E000859E83FB869E84FB879EE5F7889EE6F778
:1050F000899E85FB8A9E86FB8B9EE7F78C9E87FBAD
:105100008D9E88FB8E9E89FB8F9E8AFB909E8BFBDB
:10511000919E8CFB929EE8F7939EB4C2949E8DFB69
:10512000959E8EFB969E8FFB979E90FB989E91FB83
:10513000999E92FB9A9E93FB9B9E94FB9C9E95FB53
:105140009D9EEAF79E9E96FB9F9EEBF7A09E97FB87
:10515000A19E98FBA29E99FBA39E9AFBA49E9BFBFB
:10516000A59E9CFBA69EF3C2A79E9DFBA89E9EFBB0
:10517000A99E9FFBAA9EA0FBAB9E40FCAC9E41FC5F
:10518000AD9E42FCAE9E43FCAF9E44FCB09E45FCEF
:10519000B19E46FCB29E47FCB39E48FCB49EF0F420
:1051A000B59E49FCB69E4AFCB79E4BFCB89EEFF4F8
:1051B000B99E4CFCBA9E4DFCBB9EE9C2BC9E4EFC07
:1051C000BD9EE1F7BE9EE2F7BF9E4FFCC09E50FC25
:1051D000C19E51FCC29E52FCC39E53FCC49EC6BBE2
:1051E000C59E54FCC69E55FCC79E56FCC89E57FCE7
:1051F000C99EE4D9CA9E58FCCB9E59FCCC9E5AFC51
:10520000CD9EF2CACE9EE8C0CF9EA4F0D09E5BFC9D
:10521000D19EDABAD29E5CFCD39E5DFCD49EADC713
:10522000D59E5EFCD69E5FFCD79E60FCD89EACC42B
:10523000D99E61FCDA9E62FCDB9EECF7DC9EEDF70A
:10524000DD9EEEF7DE9E63FCDF9EF0F7E09EEFF75B
:10525000E19E64FCE29EF1F7E39E65FCE49E66FC41
:10526000E59EF4F7E69E67FCE79EF3F7E89E68FC90
:10527000E99EF2F7EA9EF5F7EB9E69FCEC9E6AFC6C
:10528000ED9E6BFCEE9E6CFCEF9EF6F7F09E6DFCC7
:10529000F19E6EFCF29E6FFCF39E70FCF49E71FC1E
:1052A000F59E72FCF69E73FCF79E74FCF89E75FCEE
:1052B000F99EE9EDFA9E76FCFB9EEAEDFC9EEBED95
:1052C000FD9E77FCFE9EBCF6FF9E78FC009F79FC5D
:1052D000019F7AFC029F7BFC039F7CFC049F7DFC6A
:1052E000059F7EFC069F80FC079F81FC089F82FC37
:1052F000099F83FC0A9F84FC0B9FBDF60C9F85FCD5
:105300000D9FBEF60E9FA6B60F9F86FC109FBED8BF
:10531000119F87FC129F88FC139FC4B9149F89FCBE
:10532000159F8AFC169F8BFC179FBBD8189F8CFC7F
:10533000199FB1DC1A9F8DFC1B9F8EFC1C9F8FFC5C
:105340001D9F90FC1E9F91FC1F9F92FC209FF3CA03
:10535000219F93FC229FF7F7239F94FC249F95FCA9
:10536000259F96FC269F97FC279F98FC289F99FCD9
:10537000299F9AFC2A9F9BFC2B9F9CFC2C9FF8F753
:105380002D9F9DFC2E9F9EFC2F9FF9F7309F9FFC29
:10539000319FA0FC329F40FD339F41FD349F42FD71
:1053A000359F43FD369F44FD379FFBF7389F45FDF2
:1053B000399FFAF73A9F46FD3B9FC7B13C9F47FD97
:1053C0003D9FFCF73E9FFDF73F9F48FD409F49FDF5
:1053D000419F4AFD429F4BFD439F4CFD449FFEF77A
:1053E000459F4DFD469F4EFD479F4FFD489F50FDF9
:1053F000499F51FD4A9F52FD4B9F53FD4C9F54FDC9
:105400004D9F55FD4E9F56FD4F9F57FD509FEBC63C
:10541000519FB4EC529F58FD539F59FD549F5AFD24
:10542000559F5BFD569F5CFD579F5DFD589F5EFD40
:10543000599F5FFD5A9F60FD5B9F61FD5C9F62FD10
:105440005D9F63FD5E9F64FD5F9F65FD609F66FDE0
:10545000619F67FD629F68FD639F69FD649F6AFDB0
:10546000659F6BFD669F6CFD679F6DFD689F6EFD80
:10547000699F6FFD6A9F70FD6B9F71FD6C9F72FD50
:105480006D9F73FD6E9F74FD6F9F75FD709F76FD20
:10549000719F77FD729F78FD739F79FD749F7AFDF0
:1054A000759F7BFD769F7CFD779F7DFD789F7EFDC0
:1054B000799F80FD7A9F81FD7B9F82FD7C9F83FD8C
:1054C0007D9F84FD7E9F85FD7F9FDDB3809FB3F62A
:1054D000819F86FD829F87FD839FB4F6849FE4C1F0
:1054E000859FB5F6869FB6F6879FB7F6889FB8F674
:1054F000899FB9F68A9FBAF68B9FA3C88C9FBBF68B
:105500008D9F88FD8E9F89FD8F9F8AFD909F8BFDCB
:10551000919F8CFD929F8DFD939F8EFD949F8FFD9B
:10552000959F90FD969F91FD979F92FD989F93FD6B
:10553000999FFAC19A9FA8B99B9FE8ED9C9F94FD03
:105540009D9F95FD9E9F96FD9F9FEAB9A09FDFD9E5
:10555000A19F97FDA29F98FDA39F99FDA49F9AFDEF
:10556000A59F9BFD2CF99CFD79F99DFD95F99EFD6C
:10557000E7F99FFDF1F9A0FD0CFA40FE0DFA41FE9E
:105580000EFA42FE0FFA43FE11FA44FE13FA45FEEC
:1055900014FA46FE18FA47FE1FFA48FE20FA49FEA2
:1055A00021FA4AFE23FA4BFE24FA4CFE27FA4DFE5E
:1055B00028FA4EFE29FA4FFE30FE55A931FEF2A61A
:1055C00033FEF4A634FEF5A635FEE0A636FEE1A6CF
:1055D00037FEF0A638FEF1A639FEE2A63AFEE3A6B3
:1055E0003BFEEEA63CFEEFA63DFEE6A63EFEE7A68F
:1055F0003FFEE4A640FEE5A641FEE8A642FEE9A67F
:1056000043FEEAA644FEEBA649FE68A94AFE69A944
:105610004BFE6AA94CFE6BA94DFE6CA94EFE6DA90E
:105620004FFE6EA950FE6FA951FE70A952FE71A9DE
:1056300054FE72A955FE73A956FE74A957FE75A9AA
:1056400059FE76A95AFE77A95BFE78A95CFE79A976
:105650005DFE7AA95EFE7BA95FFE7CA960FE7DA946
:1056600061FE7EA962FE80A963FE81A964FE82A913
:1056700065FE83A966FE84A968FE85A969FE86A9E0
:105680006AFE87A96BFE88A901FFA1A302FFA2A35E
:1056900003FFA3A304FFE7A105FFA5A306FFA6A39D
:1056A00007FFA7A308FFA8A309FFA9A30AFFAAA3AE
:1056B0000BFFABA30CFFACA30DFFADA30EFFAEA37E
:1056C0000FFFAFA310FFB0A311FFB1A312FFB2A34E
:1056D00013FFB3A314FFB4A315FFB5A316FFB6A31E
:1056E00017FFB7A318FFB8A319FFB9A31AFFBAA3EE
:1056F0001BFFBBA31CFFBCA31DFFBDA31EFFBEA3BE
:105700001FFFBFA320FFC0A321FFC1A322FFC2A38D
:1057100023FFC3A324FFC4A325FFC5A326FFC6A35D
:1057200027FFC7A328FFC8A329FFC9A32AFFCAA32D
:105730002BFFCBA32CFFCCA32DFFCDA32EFFCEA3FD
:105740002FFFCFA330FFD0A331FFD1A332FFD2A3CD
:1057500033FFD3A334FFD4A335FFD5A336FFD6A39D
:1057600037FFD7A338FFD8A339FFD9A33AFFDAA36D
:105770003BFFDBA33CFFDCA33DFFDDA33EFFDEA33D
:105780003FFFDFA340FFE0A341FFE1A342FFE2A30D
:1057900043FFE3A344FFE4A345FFE5A346FFE6A3DD
:1057A00047FFE7A348FFE8A349FFE9A34AFFEAA3AD
:1057B0004BFFEBA34CFFECA34DFFEDA34EFFEEA37D
:1057C0004FFFEFA350FFF0A351FFF1A352FFF2A34D
:1057D00053FFF3A354FFF4A355FFF5A356FFF6A31D
:1057E00057FFF7A358FFF8A359FFF9A35AFFFAA3ED
:1057F0005BFFFBA35CFFFCA35DFFFDA35EFFABA112
:10580000E0FFE9A1E1FFEAA1E2FF56A9E3FFFEA361
:10581000E4FF57A9E5FFA4A3000000008000AC202E
:105820004081024E4181044E4281054E4381064E25
:1058300044810F4E4581124E4681174E47811F4EBF
:105840004881204E4981214E4A81234E4B81264E6C
:105850004C81294E4D812E4E4E812F4E4F81314E1F
:105860005081334E5181354E5281374E53813C4EDB
:105870005481404E5581414E5681424E5781444E8F
:105880005881464E59814A4E5A81514E5B81554E40
:105890005C81574E5D815A4E5E815B4E5F81624EE8
:1058A0006081634E6181644E6281654E6381674EA3
:1058B0006481684E65816A4E66816B4E67816C4E6D
:1058C00068816D4E69816E4E6A816F4E6B81724E3A
:1058D0006C81744E6D81754E6E81764E6F81774E00
:1058E0007081784E7181794E72817A4E73817B4ED0
:1058F00074817C4E75817D4E76817F4E7781804E9E
:105900007881814E7981824E7A81834E7B81844E6B
:105910007C81854E7D81874E7E818A4E8081904E2E
:105920008181964E8281974E8381994E84819C4ECF
:1059300085819D4E86819E4E8781A34E8881AA4E89
:105940008981AF4E8A81B04E8B81B14E8C81B44E2D
:105950008D81B64E8E81B74E8F81B84E9081B94EF3
:105960009181BC4E9281BD4E9381BE4E9481C84EB2
:105970009581CC4E9681CF4E9781D04E9881D24E54
:105980009981DA4E9A81DB4E9B81DC4E9C81E04E00
:105990009D81E24E9E81E64E9F81E74EA081E94EB9
:1059A000A181ED4EA281EE4EA381EF4EA481F14E76
:1059B000A581F44EA681F84EA781F94EA881FA4E32
:1059C000A981FC4EAA81FE4EAB81004FAC81024FF3
:1059D000AD81034FAE81044FAF81054FB081064FBB
:1059E000B181074FB281084FB3810B4FB4810C4F87
:1059F000B581124FB681134FB781144FB881154F3F
:105A0000B981164FBA811C4FBB811D4FBC81214FFC
:105A1000BD81234FBE81284FBF81294FC0812C4FAC
:105A2000C1812D4FC2812E4FC381314FC481334F6D
:105A3000C581354FC681374FC781394FC8813B4F2C
:105A4000C9813E4FCA813F4FCB81404FCC81414FEE
:105A5000CD81424FCE81444FCF81454FD081474FBA
:105A6000D181484FD281494FD3814A4FD4814B4F86
:105A7000D5814C4FD681524FD781544FD881564F44
:105A8000D981614FDA81624FDB81664FDC81684FDB
:105A9000DD816A4FDE816B4FDF816D4FE0816E4F9C
:105AA000E181714FE281724FE381754FE481774F5D
:105AB000E581784FE681794FE7817A4FE8817D4F24
:105AC000E981804FEA81814FEB81824FEC81854FE4
:105AD000ED81864FEE81874FEF818A4FF0818C4FA9
:105AE000F1818E4FF281904FF381924FF481934F69
:105AF000F581954FF681964FF781984FF881994F30
:105B0000F9819A4FFA819C4FFB819E4FFC819F4FF8
:105B1000FD81A14FFE81A24F4082A44F4182AB4F35
:105B20004282AD4F4382B04F4482B14F4582B24F63
:105B30004682B34F4782B44F4882B64F4982B74F2F
:105B40004A82B84F4B82B94F4C82BA4F4D82BB4FFD
:105B50004E82BC4F4F82BD4F5082BE4F5182C04FCC
:105B60005282C14F5382C24F5482C64F5582C74F93
:105B70005682C84F5782C94F5882CB4F5982CC4F5B
:105B80005A82CD4F5B82D24F5C82D34F5D82D44F1D
:105B90005E82D54F5F82D64F6082D94F6182DB4FE4
:105BA0006282E04F6382E24F6482E44F6582E54F98
:105BB0006682E74F6782EB4F6882EC4F6982F04F55
:105BC0006A82F24F6B82F44F6C82F54F6D82F64F12
:105BD0006E82F74F6F82F94F7082FB4F7182FC4FDC
:105BE0007282FD4F7382FF4F7482005075820150A4
:105BF0007682025077820350788204507982055071
:105C00007A8206507B8207507C8208507D82095040
:105C10007E820A5080820B5081820E508282105008
:105C200083821150848213508582155086821650CB
:105C30008782175088821B5089821D508A821E508D
:105C40008B8220508C8222508D8223508E82245051
:105C50008F82275090822B5091822F509282305009
:105C600093823150948232509582335096823450D0
:105C70009782355098823650998237509A823850A0
:105C80009B8239509C823B509D823D509E823F506A
:105C90009F824050A0824150A1824250A282445033
:105CA000A3824550A4824650A5824950A6824A50FC
:105CB000A7824B50A8824D50A9825050AA825150C1
:105CC000AB825250AC825350AD825450AE8256508B
:105CD000AF825750B0825850B1825950B2825B5057
:105CE000B3825D50B4825E50B5825F50B682605020
:105CF000B7826150B8826250B9826350BA826450F0
:105D0000BB826650BC826750BD826850BE826950BB
:105D1000BF826A50C0826B50C1826D50C2826E5089
:105D2000C3826F50C4827050C5827150C682725057
:105D3000C7827350C8827450C9827550CA82785025
:105D4000CB827950CC827A50CD827C50CE827D50ED
:105D5000CF828150D0828250D1828350D2828450AF
:105D6000D3828650D4828750D5828950D6828A5079
:105D7000D7828B50D8828C50D9828E50DA828F5045
:105D8000DB829050DC829150DD829250DE82935013
:105D9000DF829450E0829550E1829650E2829750E3
:105DA000E3829850E4829950E5829A50E6829B50B3
:105DB000E7829C50E8829D50E9829E50EA829F5083
:105DC000EB82A050EC82A150ED82A250EE82A45052
:105DD000EF82A650F082AA50F182AB50F282AD5011
:105DE000F382AE50F482AF50F582B050F682B150DB
:105DF000F782B350F882B450F982B550FA82B650A7
:105E0000FB82B750FC82B850FD82B950FE82BC5074
:105E10004083BD504183BE504283BF504383C05036
:105E20004483C1504583C2504683C3504783C45006
:105E30004883C5504983C6504A83C7504B83C850D6
:105E40004C83C9504D83CA504E83CB504F83CC50A6
:105E50005083CD505183CE505283D0505383D15074
:105E60005483D2505583D3505683D4505783D55042
:105E70005883D7505983D8505A83D9505B83DB500D
:105E80005C83DC505D83DD505E83DE505F83DF50DA
:105E90006083E0506183E1506283E2506383E350AA
:105EA0006483E4506583E5506683E8506783E95076
:105EB0006883EA506983EB506A83EF506B83F0503C
:105EC0006C83F1506D83F2506E83F4506F83F65003
:105ED0007083F7507183F8507283F9507383FA50CE
:105EE0007483FC507583FD507683FE507783FF509A
:105EF00078830051798301517A8302517B83035166
:105F00007C8304517D8305517E8308518083095130
:105F100081830A5182830C5183830D5184830E51F6
:105F200085830F51868310518783115188831351C4
:105F3000898314518A8315518B8316518C83175191
:105F40008D8318518E8319518F831A5190831B5161
:105F500091831C5192831D5193831E5194831F5131
:105F600095832051968322519783235198832451FE
:105F7000998325519A8326519B8327519C832851CD
:105F80009D8329519E832A519F832B51A0832C519D
:105F9000A1832D51A2832E51A3832F51A48330516D
:105FA000A5833151A6833251A7833351A88334513D
:105FB000A9833551AA833651AB833751AC8338510D
:105FC000AD833951AE833A51AF833B51B0833C51DD
:105FD000B1833D51B2833E51B3834251B4834751A3
:105FE000B5834A51B6834C51B7834E51B8834F5154
:105FF000B9835051BA835251BB835351BC8357511B
:10600000BD835851BE835951BF835B51C0835D51DD
:10601000C1835E51C2835F51C3836051C4836151A8
:10602000C5836351C6836451C7836651C883675172
:10603000C9836951CA836A51CB836F51CC83725132
:10604000CD837A51CE837E51CF837F51D0838351CC
:10605000D1838451D2838651D3838751D4838A518B
:10606000D5838B51D6838E51D7838F51D88390514E
:10607000D9839151DA839351DB839451DC83985116
:10608000DD839A51DE839D51DF839E51E0839F51D2
:10609000E183A151E283A351E383A651E483A75195
:1060A000E583A851E683A951E783AA51E883AD515E
:1060B000E983AE51EA83B451EB83B851EC83B95113
:1060C000ED83BA51EE83BE51EF83BF51F083C151CE
:1060D000F183C251F283C351F383C551F483C85194
:1060E000F583CA51F683CD51F783CE51F883D05151
:1060F000F983D251FA83D351FB83D451FC83D55118
:10610000FD83D651FE83D7514084D8514184D95163
:106110004284DA514384DC514484DE514584DF51AA
:106120004684E2514784E3514884E5514984E6516D
:106130004A84E7514B84E8514C84E9514D84EA513B
:106140004E84EC514F84EE515084F1515184F25100
:106150005284F4515384F7515484FE5155840452AF
:10616000568405525784095258840B5259840C5254
:106170005A840F525B8410525C8413525D84145213
:106180005E8415525F841C5260841E5261841F52CB
:10619000628421526384225264842352658425528E
:1061A000668426526784275268842A5269842C5256
:1061B0006A842F526B8431526C8432526D84345213
:1061C0006E8435526F843C5270843E5271844452C6
:1061D000728445527384465274844752758448527F
:1061E0007684495277844B5278844E5279844F5248
:1061F0007A8452527B8453527C8455527D84575208
:106200007E8458528084595281845A5282845B52CF
:1062100083845D5284845F52858460528684625296
:106220008784635288846452898466528A8468525F
:106230008B846B528C846C528D846D528E846E5222
:106240008F847052908471529184735292847452EC
:1062500093847552948476529584775296847852BA
:106260009784795298847A5299847B529A847C528A
:106270009B847E529C8480529D8483529E8484524F
:106280009F848552A0848652A1848752A284895219
:10629000A3848A52A4848B52A5848C52A6848D52E6
:1062A000A7848E52A8848F52A9849152AA849252B4
:1062B000AB849452AC849552AD849652AE8497527E
:1062C000AF849852B0849952B1849A52B2849C524D
:1062D000B384A452B484A552B584A652B684A752FE
:1062E000B784AE52B884AF52B984B052BA84B452B3
:1062F000BB84B552BC84B652BD84B752BE84B8527A
:10630000BF84B952C084BA52C184BB52C284BC5249
:10631000C384BD52C484C052C584C152C684C25213
:10632000C784C452C884C552C984C652CA84C852DC
:10633000CB84CA52CC84CC52CD84CD52CE84CE52A2
:10634000CF84CF52D084D152D184D352D284D4526C
:10635000D384D552D484D752D584D952D684DA5234
:10636000D784DB52D884DC52D984DD52DA84DE5201
:10637000DB84E052DC84E152DD84E252DE84E352CD
:10638000DF84E552E084E652E184E752E284E85299
:10639000E384E952E484EA52E584EB52E684EC5269
:1063A000E784ED52E884EE52E984EF52EA84F15238
:1063B000EB84F252EC84F352ED84F452EE84F55205
:1063C000EF84F652F084F752F184F852F284FB52D3
:1063D000F384FC52F484FD52F5840153F684025395
:1063E000F7840353F8840453F9840753FA84095358
:1063F000FB840A53FC840B53FD840C53FE840E5320
:1064000040851153418512534285135343851453DC
:106410004485185345851B5346851C5347851E5399
:1064200048851F53498522534A8524534B8525535C
:106430004C8527534D8528534E8529534F852B5323
:1064400050852C5351852D5352852F5353853053EE
:1064500054853153558532535685335357853453BC
:1064600058853553598536535A8537535B8538538C
:106470005C853C535D853D535E8540535F8542534B
:10648000608544536185465362854B5363854C5305
:1064900064854D53658550536685545367855853BD
:1064A0006885595369855B536A855D536B85655370
:1064B0006C8568536D856A536E856C536F856D531B
:1064C00070857253718576537285795373857B53CA
:1064D00074857C5375857D5376857E53778580538F
:1064E00078858153798583537A8587537B85885353
:1064F0007C858A537D858E537E858F53808590530E
:1065000081859153828592538385935384859453D7
:1065100085859653868597538785995388859B53A0
:1065200089859C538A859E538B85A0538C85A15366
:106530008D85A4538E85A7538F85AA539085AB5321
:106540009185AC539285AD539385AF539485B053E9
:106550009585B1539685B2539785B3539885B453B7
:106560009985B5539A85B7539B85B8539C85B95384
:106570009D85BA539E85BC539F85BD53A085BE5350
:10658000A185C053A285C353A385C453A485C55315
:10659000A585C653A685C753A785CE53A885CF53D7
:1065A000A985D053AA85D253AB85D353AC85D55397
:1065B000AD85DA53AE85DC53AF85DD53B085DE5350
:1065C000B185E153B285E253B385E753B485F45303
:1065D000B585FA53B685FE53B785FF53B885005489
:1065E000B9850254BA850554BB850754BC850B5444
:1065F000BD851454BE851854BF851954C0851A54DE
:10660000C1851C54C2852254C3852454C485255495
:10661000C5852A54C6853054C7853354C885365439
:10662000C9853754CA853A54CB853D54CC853F54EF
:10663000CD854154CE854254CF854454D0854554B0
:10664000D1854754D2854954D3854C54D4854D5473
:10665000D5854E54D6854F54D7855154D8855A5434
:10666000D9855D54DA855E54DB855F54DC856054E2
:10667000DD856154DE856354DF856554E0856754AC
:10668000E1856954E2856A54E3856B54E4856C5472
:10669000E5856D54E6856E54E7856F54E885705442
:1066A000E9857454EA857954EB857A54EC857E54F7
:1066B000ED857F54EE858154EF858354F0858554B4
:1066C000F1858754F2858854F3858954F4858A547A
:1066D000F5858D54F6859154F7859354F885975434
:1066E000F9859854FA859C54FB859E54FC859F54EB
:1066F000FD85A054FE85A1544086A2544186A55430
:106700004286AE544386B0544486B2544586B5544E
:106710004686B6544786B7544886B9544986BA5413
:106720004A86BC544B86BE544C86C3544D86C554D1
:106730004E86CA544F86CB545086D6545186D85470
:106740005286DB545386E0545486E1545586E25415
:106750005686E3545786E4545886EB545986EC54D5
:106760005A86EF545B86F0545C86F1545D86F4548F
:106770005E86F5545F86F6546086F7546186F85459
:106780006286F9546386FB546486FE546586005520
:1067900066860255678603556886045569860555E1
:1067A0006A8608556B860A556C860B556D860C55A6
:1067B0006E860D556F860E5570861255718613556F
:1067C0007286155573861655748617557586185535
:1067D0007686195577861A5578861C5579861D5503
:1067E0007A861E557B861F557C8621557D862555CC
:1067F0007E862655808628558186295582862B558A
:1068000083862D5584863255858634558686355542
:106810008786365588863855898639558A863A5509
:106820008B863B558C863D558D8640558E864255D0
:106830008F864555908647559186485592864B558B
:1068400093864C5594864D5595864E5596864F5554
:106850009786515598865255998653559A86545520
:106860009B8657559C8658559D8659559E865A55E8
:106870009F865B55A0865D55A1865E55A2865F55B5
:10688000A3866055A4866255A5866355A68668557D
:10689000A7866955A8866B55A9866F55AA86705537
:1068A000AB867155AC867255AD867355AE86745500
:1068B000AF867955B0867A55B1867D55B2867F55BB
:1068C000B3868555B4868655B5868C55B6868D5566
:1068D000B7868E55B8869055B9869255BA86935527
:1068E000BB869555BC869655BD869755BE869A55EE
:1068F000BF869B55C0869E55C186A055C286A155B0
:10690000C386A255C486A355C586A455C686A5557B
:10691000C786A655C886A855C986A955CA86AA5548
:10692000CB86AB55CC86AC55CD86AD55CE86AE5517
:10693000CF86AF55D086B055D186B255D286B455E4
:10694000D386B655D486B855D586BA55D686BC55A5
:10695000D786BF55D886C055D986C155DA86C25567
:10696000DB86C355DC86C655DD86C755DE86C85531
:10697000DF86CA55E086CB55E186CE55E286CF55F7
:10698000E386D055E486D555E586D755E686D855B5
:10699000E786D955E886DA55E986DB55EA86DE557D
:1069A000EB86E055EC86E255ED86E755EE86E95537
:1069B000EF86ED55F086EE55F186F055F286F155ED
:1069C000F386F455F486F655F586F855F686F955AE
:1069D000F786FA55F886FB55F986FC55FA86FF5579
:1069E000FB860256FC860356FD860456FE86055637
:1069F000408706564187075642870A5643870B56FB
:106A000044870D56458710564687115647871256BC
:106A100048871356498714564A8715564B8716568A
:106A20004C8717564D8719564E871A564F871C5656
:106A300050871D565187205652872156538722561C
:106A400054872556558726565687285657872956E0
:106A500058872A5659872B565A872E565B872F56AA
:106A60005C8730565D8733565E8735565F8737566D
:106A70006087385661873A5662873C5663873D5631
:106A800064873E56658740566687415667874256FB
:106A900068874356698744566A8745566B874656CA
:106AA0006C8747566D8748566E8749566F874A569A
:106AB00070874B5671874F56728750567387515661
:106AC000748752567587535676875556778756562C
:106AD00078875A5679875B567A875D567B875E56EC
:106AE0007C875F567D8760567E87615680876356B8
:106AF00081876556828766568387675684876D5679
:106B000085876E5686876F56878770568887725638
:106B1000898773568A8774568B8775568C87775604
:106B20008D8778568E8779568F877A5690877D56CF
:106B300091877E5692877F56938780569487815699
:106B40009587825696878356978784569887875667
:106B5000998788569A8789569B878A569C878B5631
:106B60009D878C569E878D569F879056A0879156FD
:106B7000A1879256A2879456A3879556A4879656C6
:106B8000A5879756A6879856A7879956A8879A5695
:106B9000A9879B56AA879C56AB879D56AC879E5665
:106BA000AD879F56AE87A056AF87A156B087A25635
:106BB000B187A456B287A556B387A656B487A75601
:106BC000B587A856B687A956B787AA56B887AB56D1
:106BD000B987AC56BA87AD56BB87AE56BC87B056A0
:106BE000BD87B156BE87B256BF87B356C087B4566D
:106BF000C187B556C287B656C387B856C487B9563B
:106C0000C587BA56C687BB56C787BD56C887BE5606
:106C1000C987BF56CA87C056CB87C156CC87C256D4
:106C2000CD87C356CE87C456CF87C556D087C656A4
:106C3000D187C756D287C856D387C956D487CB5673
:106C4000D587CC56D687CD56D787CE56D887CF5640
:106C5000D987D056DA87D156DB87D256DC87D35610
:106C6000DD87D556DE87D656DF87D856E087D956DA
:106C7000E187DC56E287E356E387E556E487E6568C
:106C8000E587E756E687E856E787E956E887EA5654
:106C9000E987EC56EA87EE56EB87EF56EC87F2561B
:106CA000ED87F356EE87F656EF87F756F087F856DE
:106CB000F187FB56F287FC56F3870057F48701579C
:106CC000F5870257F6870557F7870757F8870B5759
:106CD000F9870C57FA870D57FB870E57FC870F571C
:106CE000FD871057FE871157408812574188135768
:106CF00042881457438815574488165745881757B4
:106D0000468818574788195748881A5749881B5783
:106D10004A881D574B881E574C8820574D8821574D
:106D20004E8822574F882457508825575188265718
:106D30005288275753882B575488315755883257D4
:106D40005688345757883557588836575988375793
:106D50005A8838575B883C575C883D575D883F5759
:106D60005E8841575F88435760884457618845571C
:106D700062884657638848576488495765884B57E7
:106D8000668852576788535768885457698855579B
:106D90006A8856576B8858576C8859576D88625760
:106DA0006E8863576F8865577088675771886C570E
:106DB00072886E57738870577488715775887257C8
:106DC000768874577788755778887857798879578F
:106DD0007A887A577B887D577C887E577D887F5755
:106DE0007E88805780888157818887578288885716
:106DF0008388895784888A5785888D5786888E57D7
:106E000087888F5788889057898891578A889457A0
:106E10008B8895578C8896578D8897578E8898576A
:106E20008F88995790889A5791889C5792889D5738
:106E300093889E5794889F579588A5579688A857FA
:106E40009788AA579888AC579988AF579A88B057AF
:106E50009B88B1579C88B3579D88B5579E88B65775
:106E60009F88B757A088B957A188BA57A288BB573F
:106E7000A388BC57A488BD57A588BE57A688BF570E
:106E8000A788C057A888C157A988C457AA88C557DA
:106E9000AB88C657AC88C757AD88C857AE88C957A6
:106EA000AF88CA57B088CC57B188CD57B288D05771
:106EB000B388D157B488D357B588D657B688D75733
:106EC000B788DB57B888DC57B988DE57BA88E157EE
:106ED000BB88E257BC88E357BD88E557BE88E657B4
:106EE000BF88E757C088E857C188E957C288EA5782
:106EF000C388EB57C488EC57C588EE57C688F0574F
:106F0000C788F157C888F257C988F357CA88F55718
:106F1000CB88F657CC88F757CD88FB57CE88FC57DF
:106F2000CF88FE57D088FF57D1880158D2880358A0
:106F3000D3880458D4880558D5880858D688095865
:106F4000D7880A58D8880C58D9880E58DA880F582C
:106F5000DB881058DC881258DD881358DE881458F6
:106F6000DF881658E0881758E1881858E2881A58C0
:106F7000E3881B58E4881C58E5881D58E6881F588C
:106F8000E7882258E8882358E9882558EA8826584F
:106F9000EB882758EC882858ED882958EE882B581C
:106FA000EF882C58F0882D58F1882E58F2882F58E9
:106FB000F3883158F4883258F5883358F6883458B5
:106FC000F7883658F8883758F9883858FA88395881
:106FD000FB883A58FC883B58FD883C58FE883D5851
:106FE00040893E5841893F58428940584389415819
:106FF00044894258458943584689455847894658E7
:1070000048894758498948584A8949584B894A58B4
:107010004C894B584D894E584E894F584F8950587E
:107020005089525851895358528955585389565846
:10703000548957585589595856895A5857895B5811
:1070400058895C5859895D585A895F585B896058DE
:107050005C8961585D8962585E8963585F896458AC
:107060006089665861896758628968586389695878
:1070700064896A5865896D5866896E5867896F5842
:1070800068897058698971586A8972586B89735810
:107090006C8974586D8975586E8976586F897758E0
:1070A000708978587189795872897A5873897B58B0
:1070B00074897C5875897D5876897F58778982587C
:1070C00078898458798986587A8987587B8988583D
:1070D0007C898A587D898B587E898C5880898D5807
:1070E00081898E5882898F588389905884899158D4
:1070F000858994588689955887899658888997589C
:10710000898998588A899B588B899C588C899D5865
:107110008D89A0588E89A1588F89A2589089A3582B
:107120009189A4589289A5589389A6589489A758FB
:107130009589AA589689AB589789AC589889AD58C3
:107140009989AE589A89AF589B89B0589C89B15893
:107150009D89B2589E89B3589F89B458A089B55863
:10716000A189B658A289B758A389B858A489B95833
:10717000A589BA58A689BB58A789BD58A889BE5801
:10718000A989BF58AA89C058AB89C258AC89C358CD
:10719000AD89C458AE89C658AF89C758B089C85898
:1071A000B189C958B289CA58B389CB58B489CC5867
:1071B000B589CD58B689CE58B789CF58B889D05837
:1071C000B989D258BA89D358BB89D458BC89D65802
:1071D000BD89D758BE89D858BF89D958C089DA58CF
:1071E000C189DB58C289DC58C389DD58C489DE589F
:1071F000C589DF58C689E058C789E158C889E2586F
:10720000C989E358CA89E558CB89E658CC89E7583B
:10721000CD89E858CE89E958CF89EA58D089ED5808
:10722000D189EF58D289F158D389F258D489F458CA
:10723000D589F558D689F758D789F858D889FA5892
:10724000D989FB58DA89FC58DB89FD58DC89FE585E
:10725000DD89FF58DE890059DF890159E08903592A
:10726000E1890559E2890659E3890859E4890959F0
:10727000E5890A59E6890B59E7890C59E8890E59BD
:10728000E9891059EA891159EB891259EC89135986
:10729000ED891759EE891859EF891B59F0891D5945
:1072A000F1891E59F2892059F3892159F48922590B
:1072B000F5892359F6892659F7892859F8892C59CF
:1072C000F9893059FA893259FB893359FC89355982
:1072D000FD893659FE893B59408A3D59418A3E59BC
:1072E000428A3F59438A4059448A4359458A4559FD
:1072F000468A4659478A4A59488A4C59498A4D59BB
:107300004A8A50594B8A52594C8A53594D8A595975
:107310004E8A5B594F8A5C59508A5D59518A5E5931
:10732000528A5F59538A6159548A6359558A6459FC
:10733000568A6659578A6759588A6859598A6959C5
:107340005A8A6A595B8A6B595C8A6C595D8A6D5995
:107350005E8A6E595F8A6F59608A7059618A715965
:10736000628A7259638A7559648A7759658A7A592B
:10737000668A7B59678A7C59688A7E59698A7F59EF
:107380006A8A80596B8A85596C8A89596D8A8B59AA
:107390006E8A8C596F8A8E59708A8F59718A90596A
:1073A000728A9159738A9459748A9559758A985931
:1073B000768A9A59778A9B59788A9C59798A9D59F5
:1073C0007A8A9F597B8AA0597C8AA1597D8AA259C1
:1073D0007E8AA659808AA759818AAC59828AAD597A
:1073E000838AB059848AB159858AB359868AB45937
:1073F000878AB559888AB659898AB7598A8AB85905
:107400008B8ABA598C8ABC598D8ABD598E8ABF59CC
:107410008F8AC059908AC159918AC259928AC35998
:10742000938AC459948AC559958AC759968AC85966
:10743000978AC959988ACC59998ACD599A8ACE592E
:107440009B8ACF599C8AD5599D8AD6599E8AD959EB
:107450009F8ADB59A08ADE59A18ADF59A28AE059A6
:10746000A38AE159A48AE259A58AE459A68AE65971
:10747000A78AE759A88AE959A98AEA59AA8AEB5939
:10748000AB8AED59AC8AEE59AD8AEF59AE8AF05904
:10749000AF8AF159B08AF259B18AF359B28AF459D4
:1074A000B38AF559B48AF659B58AF759B68AF859A4
:1074B000B78AFA59B88AFC59B98AFD59BA8AFE596D
:1074C000BB8A005ABC8A025ABD8A0A5ABE8A0B5A23
:1074D000BF8A0D5AC08A0E5AC18A0F5AC28A105AE0
:1074E000C38A125AC48A145AC58A155AC68A165AA9
:1074F000C78A175AC88A195AC98A1A5ACA8A1B5A75
:10750000CB8A1D5ACC8A1E5ACD8A215ACE8A225A3B
:10751000CF8A245AD08A265AD18A275AD28A285A00
:10752000D38A2A5AD48A2B5AD58A2C5AD68A2D5ACB
:10753000D78A2E5AD88A2F5AD98A305ADA8A335A99
:10754000DB8A355ADC8A375ADD8A385ADE8A395A5C
:10755000DF8A3A5AE08A3B5AE18A3D5AE28A3E5A29
:10756000E38A3F5AE48A415AE58A425AE68A435AF4
:10757000E78A445AE88A455AE98A475AEA8A485AC1
:10758000EB8A4B5AEC8A4C5AED8A4D5AEE8A4E5A87
:10759000EF8A4F5AF08A505AF18A515AF28A525A57
:1075A000F38A535AF48A545AF58A565AF68A575A25
:1075B000F78A585AF88A595AF98A5B5AFA8A5C5AF1
:1075C000FB8A5D5AFC8A5E5AFD8A5F5AFE8A605ABF
:1075D000408B615A418B635A428B645A438B655A84
:1075E000448B665A458B685A468B695A478B6B5A4F
:1075F000488B6C5A498B6D5A4A8B6E5A4B8B6F5A1B
:107600004C8B705A4D8B715A4E8B725A4F8B735AEA
:10761000508B785A518B795A528B7B5A538B7C5AA8
:10762000548B7D5A558B7E5A568B805A578B815A74
:10763000588B825A598B835A5A8B845A5B8B855A42
:107640005C8B865A5D8B875A5E8B885A5F8B895A12
:10765000608B8A5A618B8B5A628B8C5A638B8D5AE2
:10766000648B8E5A658B8F5A668B905A678B915AB2
:10767000688B935A698B945A6A8B955A6B8B965A7E
:107680006C8B975A6D8B985A6E8B995A6F8B9C5A4C
:10769000708B9D5A718B9E5A728B9F5A738BA05A16
:1076A000748BA15A758BA25A768BA35A778BA45AE6
:1076B000788BA55A798BA65A7A8BA75A7B8BA85AB6
:1076C0007C8BA95A7D8BAB5A7E8BAC5A808BAD5A82
:1076D000818BAE5A828BAF5A838BB05A848BB15A4E
:1076E000858BB45A868BB65A878BB75A888BB95A12
:1076F000898BBA5A8A8BBB5A8B8BBC5A8C8BBD5ADE
:107700008D8BBF5A8E8BC05A8F8BC35A908BC45AA5
:10771000918BC55A928BC65A938BC75A948BC85A71
:10772000958BCA5A968BCB5A978BCD5A988BCE5A3B
:10773000998BCF5A9A8BD05A9B8BD15A9C8BD35A08
:107740009D8BD55A9E8BD75A9F8BD95AA08BDA5ACC
:10775000A18BDB5AA28BDD5AA38BDE5AA48BDF5A96
:10776000A58BE25AA68BE45AA78BE55AA88BE75A59
:10777000A98BE85AAA8BEA5AAB8BEC5AAC8BED5A20
:10778000AD8BEE5AAE8BEF5AAF8BF05AB08BF25AEC
:10779000B18BF35AB28BF45AB38BF55AB48BF65AB9
:1077A000B58BF75AB68BF85AB78BF95AB88BFA5A89
:1077B000B98BFB5ABA8BFC5ABB8BFD5ABC8BFE5A59
:1077C000BD8BFF5ABE8B005BBF8B015BC08B025B26
:1077D000C18B035BC28B045BC38B055BC48B065BF5
:1077E000C58B075BC68B085BC78B0A5BC88B0B5BC3
:1077F000C98B0C5BCA8B0D5BCB8B0E5BCC8B0F5B91
:10780000CD8B105BCE8B115BCF8B125BD08B135B60
:10781000D18B145BD28B155BD38B185BD48B195B2C
:10782000D58B1A5BD68B1B5BD78B1C5BD88B1D5BF8
:10783000D98B1E5BDA8B1F5BDB8B205BDC8B215BC8
:10784000DD8B225BDE8B235BDF8B245BE08B255B98
:10785000E18B265BE28B275BE38B285BE48B295B68
:10786000E58B2A5BE68B2B5BE78B2C5BE88B2D5B38
:10787000E98B2E5BEA8B2F5BEB8B305BEC8B315B08
:10788000ED8B335BEE8B355BEF8B365BF08B385BD0
:10789000F18B395BF28B3A5BF38B3B5BF48B3C5B9C
:1078A000F58B3D5BF68B3E5BF78B3F5BF88B415B6B
:1078B000F98B425BFA8B435BFB8B445BFC8B455B38
:1078C000FD8B465BFE8B475B408C485B418C495B84
:1078D000428C4A5B438C4B5B448C4C5B458C4D5BD0
:1078E000468C4E5B478C4F5B488C525B498C565B99
:1078F0004A8C5E5B4B8C605B4C8C615B4D8C675B38
:107900004E8C685B4F8C6B5B508C6D5B518C6E5BEF
:10791000528C6F5B538C725B548C745B558C765BB2
:10792000568C775B578C785B588C795B598C7B5B7A
:107930005A8C7C5B5B8C7E5B5C8C7F5B5D8C825B42
:107940005E8C865B5F8C8A5B608C8D5B618C8E5BF2
:10795000628C905B638C915B648C925B658C945BB6
:10796000668C965B678C9F5B688CA75B698CA85B59
:107970006A8CA95B6B8CAC5B6C8CAD5B6D8CAE5B0D
:107980006E8CAF5B6F8CB15B708CB25B718CB75BD4
:10799000728CBA5B738CBB5B748CBC5B758CC05B8C
:1079A000768CC15B778CC35B788CC85B798CC95B48
:1079B0007A8CCA5B7B8CCB5B7C8CCD5B7D8CCE5B0D
:1079C0007E8CCF5B808CD15B818CD45B828CD55BD1
:1079D000838CD65B848CD75B858CD85B868CD95B9B
:1079E000878CDA5B888CDB5B898CDC5B8A8CE05B68
:1079F0008B8CE25B8C8CE35B8D8CE65B8E8CE75B27
:107A00008F8CE95B908CEA5B918CEB5B928CEC5BEE
:107A1000938CED5B948CEF5B958CF15B968CF25BB9
:107A2000978CF35B988CF45B998CF55B9A8CF65B86
:107A30009B8CF75B9C8CFD5B9D8CFE5B9E8C005C45
:107A40009F8C025CA08C035CA18C055CA28C075C03
:107A5000A38C085CA48C0B5CA58C0C5CA68C0D5CC8
:107A6000A78C0E5CA88C105CA98C125CAA8C135C91
:107A7000AB8C175CAC8C195CAD8C1B5CAE8C1E5C4B
:107A8000AF8C1F5CB08C205CB18C215CB28C235C11
:107A9000B38C265CB48C285CB58C295CB68C2A5CD3
:107AA000B78C2B5CB88C2D5CB98C2E5CBA8C2F5C9F
:107AB000BB8C305CBC8C325CBD8C335CBE8C355C6A
:107AC000BF8C365CC08C375CC18C435CC28C445C20
:107AD000C38C465CC48C475CC58C4C5CC68C4D5CCE
:107AE000C78C525CC88C535CC98C545CCA8C565C85
:107AF000CB8C575CCC8C585CCD8C5A5CCE8C5B5C50
:107B0000CF8C5C5CD08C5D5CD18C5F5CD28C625C19
:107B1000D38C645CD48C675CD58C685CD68C695CD7
:107B2000D78C6A5CD88C6B5CD98C6C5CDA8C6D5CA5
:107B3000DB8C705CDC8C725CDD8C735CDE8C745C6A
:107B4000DF8C755CE08C765CE18C775CE28C785C39
:107B5000E38C7B5CE48C7C5CE58C7D5CE68C7E5C01
:107B6000E78C805CE88C835CE98C845CEA8C855CC7
:107B7000EB8C865CEC8C875CED8C895CEE8C8A5C93
:107B8000EF8C8B5CF08C8E5CF18C8F5CF28C925C59
:107B9000F38C935CF48C955CF58C9D5CF68C9E5C10
:107BA000F78C9F5CF88CA05CF98CA15CFA8CA45CCF
:107BB000FB8CA55CFC8CA65CFD8CA75CFE8CA85C99
:107BC000408DAA5C418DAE5C428DAF5C438DB05C54
:107BD000448DB25C458DB45C468DB65C478DB95C16
:107BE000488DBA5C498DBB5C4A8DBC5C4B8DBE5CDC
:107BF0004C8DC05C4D8DC25C4E8DC35C4F8DC55CA1
:107C0000508DC65C518DC75C528DC85C538DC95C6C
:107C1000548DCA5C558DCC5C568DCD5C578DCE5C39
:107C2000588DCF5C598DD05C5A8DD15C5B8DD35C07
:107C30005C8DD45C5D8DD55C5E8DD65C5F8DD75CD4
:107C4000608DD85C618DDA5C628DDB5C638DDC5CA1
:107C5000648DDD5C658DDE5C668DDF5C678DE05C70
:107C6000688DE25C698DE35C6A8DE75C6B8DE95C35
:107C70006C8DEB5C6D8DEC5C6E8DEE5C6F8DEF5CF6
:107C8000708DF15C718DF25C728DF35C738DF45CC0
:107C9000748DF55C758DF65C768DF75C778DF85C90
:107CA000788DF95C798DFA5C7A8DFC5C7B8DFD5C5E
:107CB0007C8DFE5C7D8DFF5C7E8D005D808D015D29
:107CC000818D045D828D055D838D085D848D095DE8
:107CD000858D0A5D868D0B5D878D0C5D888D0D5DB4
:107CE000898D0F5D8A8D105D8B8D115D8C8D125D80
:107CF0008D8D135D8E8D155D8F8D175D908D185D4B
:107D0000918D195D928D1A5D938D1C5D948D1D5D15
:107D1000958D1F5D968D205D978D215D988D225DDF
:107D2000998D235D9A8D255D9B8D285D9C8D2A5DA7
:107D30009D8D2B5D9E8D2C5D9F8D2F5DA08D305D6B
:107D4000A18D315DA28D325DA38D335DA48D355D36
:107D5000A58D365DA68D375DA78D385DA88D395D03
:107D6000A98D3A5DAA8D3B5DAB8D3C5DAC8D3F5DD1
:107D7000AD8D405DAE8D415DAF8D425DB08D435D9B
:107D8000B18D445DB28D455DB38D465DB48D485D6A
:107D9000B58D495DB68D4D5DB78D4E5DB88D4F5D2E
:107DA000B98D505DBA8D515DBB8D525DBC8D535DFB
:107DB000BD8D545DBE8D555DBF8D565DC08D575DCB
:107DC000C18D595DC28D5A5DC38D5C5DC48D5E5D94
:107DD000C58D5F5DC68D605DC78D615DC88D625D5F
:107DE000C98D635DCA8D645DCB8D655DCC8D665D2F
:107DF000CD8D675DCE8D685DCF8D6A5DD08D6D5DFB
:107E0000D18D6E5DD28D705DD38D715DD48D725DBF
:107E1000D58D735DD68D755DD78D765DD88D775D8B
:107E2000D98D785DDA8D795DDB8D7A5DDC8D7B5D5A
:107E3000DD8D7C5DDE8D7D5DDF8D7E5DE08D7F5D2A
:107E4000E18D805DE28D815DE38D835DE48D845DF8
:107E5000E58D855DE68D865DE78D875DE88D885DC6
:107E6000E98D895DEA8D8A5DEB8D8B5DEC8D8C5D96
:107E7000ED8D8D5DEE8D8E5DEF8D8F5DF08D905D66
:107E8000F18D915DF28D925DF38D935DF48D945D36
:107E9000F58D955DF68D965DF78D975DF88D985D06
:107EA000F98D9A5DFA8D9B5DFB8D9C5DFC8D9E5DD1
:107EB000FD8D9F5DFE8DA05D408EA15D418EA25D1A
:107EC000428EA35D438EA45D448EA55D458EA65D66
:107ED000468EA75D478EA85D488EA95D498EAA5D36
:107EE0004A8EAB5D4B8EAC5D4C8EAD5D4D8EAE5D06
:107EF0004E8EAF5D4F8EB05D508EB15D518EB25DD6
:107F0000528EB35D538EB45D548EB55D558EB65DA5
:107F1000568EB85D578EB95D588EBA5D598EBB5D71
:107F20005A8EBC5D5B8EBD5D5C8EBE5D5D8EBF5D41
:107F30005E8EC05D5F8EC15D608EC25D618EC35D11
:107F4000628EC45D638EC65D648EC75D658EC85DDE
:107F5000668EC95D678ECA5D688ECB5D698ECC5DAD
:107F60006A8ECE5D6B8ECF5D6C8ED05D6D8ED15D79
:107F70006E8ED25D6F8ED35D708ED45D718ED55D49
:107F8000728ED65D738ED75D748ED85D758ED95D19
:107F9000768EDA5D778EDC5D788EDF5D798EE05DE2
:107FA0007A8EE35D7B8EE45D7C8EEA5D7D8EEC5D9A
:107FB0007E8EED5D808EF05D818EF55D828EF65D4C
:107FC000838EF85D848EF95D858EFA5D868EFB5D0D
:107FD000878EFC5D888EFF5D898E005E8A8E045ED2
:107FE0008B8E075E8C8E095E8D8E0A5E8E8E0B5E8A
:107FF0008F8E0D5E908E0E5E918E125E928E135E4F
:10800000938E175E948E1E5E958E1F5E968E205EFA
:10801000978E215E988E225E998E235E9A8E245EC4
:108020009B8E255E9C8E285E9D8E295E9E8E2A5E8E
:108030009F8E2B5EA08E2C5EA18E2F5EA28E305E58
:10804000A38E325EA48E335EA58E345EA68E355E20
:10805000A78E365EA88E395EA98E3A5EAA8E3E5EE7
:10806000AB8E3F5EAC8E405EAD8E415EAE8E435EAB
:10807000AF8E465EB08E475EB18E485EB28E495E70
:10808000B38E4A5EB48E4B5EB58E4D5EB68E4E5E3E
:10809000B78E4F5EB88E505EB98E515EBA8E525E0C
:1080A000BB8E535EBC8E565EBD8E575EBE8E585ED6
:1080B000BF8E595EC08E5A5EC18E5C5EC28E5D5EA2
:1080C000C38E5F5EC48E605EC58E635EC68E645E68
:1080D000C78E655EC88E665EC98E675ECA8E685E34
:1080E000CB8E695ECC8E6A5ECD8E6B5ECE8E6C5E04
:1080F000CF8E6D5ED08E6E5ED18E6F5ED28E705ED4
:10810000D38E715ED48E755ED58E775ED68E795E97
:10811000D78E7E5ED88E815ED98E825EDA8E835E49
:10812000DB8E855EDC8E885EDD8E895EDE8E8C5E0B
:10813000DF8E8D5EE08E8E5EE18E925EE28E985EC8
:10814000E38E9B5EE48E9D5EE58EA15EE68EA25E72
:10815000E78EA35EE88EA45EE98EA85EEA8EA95E35
:10816000EB8EAA5EEC8EAB5EED8EAC5EEE8EAE5EFE
:10817000EF8EAF5EF08EB05EF18EB15EF28EB25ECB
:10818000F38EB45EF48EBA5EF58EBB5EF68EBC5E88
:10819000F78EBD5EF88EBF5EF98EC05EFA8EC15E50
:1081A000FB8EC25EFC8EC35EFD8EC45EFE8EC55E1F
:1081B000408FC65E418FC75E428FC85E438FCB5EE5
:1081C000448FCC5E458FCD5E468FCE5E478FCF5EAF
:1081D000488FD05E498FD45E4A8FD55E4B8FD75E75
:1081E0004C8FD85E4D8FD95E4E8FDA5E4F8FDC5E3E
:1081F000508FDD5E518FDE5E528FDF5E538FE05E0B
:10820000548FE15E558FE25E568FE35E578FE45EDA
:10821000588FE55E598FE65E5A8FE75E5B8FE95EA9
:108220005C8FEB5E5D8FEC5E5E8FED5E5F8FEE5E72
:10823000608FEF5E618FF05E628FF15E638FF25E42
:10824000648FF35E658FF55E668FF85E678FF95E0B
:10825000688FFB5E698FFC5E6A8FFD5E6B8F055FCA
:108260006C8F065F6D8F075F6E8F095F6F8F0C5F7E
:10827000708F0D5F718F0E5F728F105F738F125F43
:10828000748F145F758F165F768F195F778F1A5F03
:10829000788F1C5F798F1D5F7A8F1E5F7B8F215FC8
:1082A0007C8F225F7D8F235F7E8F245F808F285F8E
:1082B000818F2B5F828F2C5F838F2E5F848F305F47
:1082C000858F325F868F335F878F345F888F355F0E
:1082D000898F365F8A8F375F8B8F385F8C8F3B5FDC
:1082E0008D8F3D5F8E8F3E5F8F8F3F5F908F415FA1
:1082F000918F425F928F435F938F445F948F455F6E
:10830000958F465F968F475F978F485F988F495F3D
:10831000998F4A5F9A8F4B5F9B8F4C5F9C8F4D5F0D
:108320009D8F4E5F9E8F4F5F9F8F515FA08F545FD9
:10833000A18F595FA28F5A5FA38F5B5FA48F5C5F91
:10834000A58F5E5FA68F5F5FA78F605FA88F635F5B
:10835000A98F655FAA8F675FAB8F685FAC8F6B5F1C
:10836000AD8F6E5FAE8F6F5FAF8F725FB08F745FD8
:10837000B18F755FB28F765FB38F785FB48F7A5F9E
:10838000B58F7D5FB68F7E5FB78F7F5FB88F835F5E
:10839000B98F865FBA8F8D5FBB8F8E5FBC8F8F5F0B
:1083A000BD8F915FBE8F935FBF8F945FC08F965FCD
:1083B000C18F9A5FC28F9B5FC38F9D5FC48F9E5F8B
:1083C000C58F9F5FC68FA05FC78FA25FC88FA35F57
:1083D000C98FA45FCA8FA55FCB8FA65FCC8FA75F25
:1083E000CD8FA95FCE8FAB5FCF8FAC5FD08FAF5FEC
:1083F000D18FB05FD28FB15FD38FB25FD48FB35FB5
:10840000D58FB45FD68FB65FD78FB85FD88FB95F7F
:10841000D98FBA5FDA8FBB5FDB8FBE5FDC8FBF5F48
:10842000DD8FC05FDE8FC15FDF8FC25FE08FC75F10
:10843000E18FC85FE28FCA5FE38FCB5FE48FCE5FCF
:10844000E58FD35FE68FD45FE78FD55FE88FDA5F84
:10845000E98FDB5FEA8FDC5FEB8FDE5FEC8FDF5F46
:10846000ED8FE25FEE8FE35FEF8FE55FF08FE65F0A
:10847000F18FE85FF28FE95FF38FEC5FF48FEF5FCE
:10848000F58FF05FF68FF25FF78FF35FF88FF45F91
:10849000F98FF65FFA8FF75FFB8FF95FFC8FFA5F5A
:1084A000FD8FFC5FFE8F076040900860419009607F
:1084B00042900B6043900C604490106045901160B6
:1084C00046901360479017604890186049901A6072
:1084D0004A901E604B901F604C9022604D9023602C
:1084E0004E9024604F902C6050902D6051902E60E3
:1084F00052903060539031605490326055903360A8
:108500005690346057903660589037605990386074
:108510005A9039605B903A605C903D605D903E603F
:108520005E9040605F9044606090456061904660FE
:1085300062904760639048606490496065904A60CB
:1085400066904C6067904E6068904F606990516093
:108550006A9053606B9054606C9056606D90576059
:108560006E9058606F905B6070905C6071905E6020
:1085700072905F60739060607490616075906560E8
:108580007690666077906E60789071607990726096
:108590007A9074607B9075607C9077607D907E604F
:1085A0007E90806080908160819082608290856002
:1085B00083908660849087608590886086908A60CA
:1085C00087908B6088908E6089908F608A90906091
:1085D0008B9091608C9093608D9095608E90976059
:1085E0008F9098609090996091909C6092909E601E
:1085F0009390A1609490A2609590A4609690A560DD
:108600009790A7609890A9609990AA609A90AE60A0
:108610009B90B0609C90B3609D90B5609E90B6605A
:108620009F90B760A090B960A190BA60A290BD6021
:10863000A390BE60A490BF60A590C060A690C160EA
:10864000A790C260A890C360A990C460AA90C760B8
:10865000AB90C860AC90C960AD90CC60AE90CD607E
:10866000AF90CE60B090CF60B190D060B290D26049
:10867000B390D360B490D460B590D660B690D76014
:10868000B790D960B890DB60B990DE60BA90E160D5
:10869000BB90E260BC90E360BD90E460BE90E5609A
:1086A000BF90EA60C090F160C190F260C290F56046
:1086B000C390F760C490F860C590FB60C690FC6002
:1086C000C790FD60C890FE60C990FF60CA900261CB
:1086D000CB900361CC900461CD900561CE90076191
:1086E000CF900A61D0900B61D1900C61D290106153
:1086F000D3901161D4901261D5901361D69014611A
:10870000D7901661D8901761D9901861DA901961E5
:10871000DB901B61DC901C61DD901D61DE901E61B1
:10872000DF902161E0902261E1902561E290286173
:10873000E3902961E4902A61E5902C61E6902D6137
:10874000E7902E61E8902F61E9903061EA90316105
:10875000EB903261EC903361ED903461EE903561D5
:10876000EF903661F0903761F1903861F2903961A5
:10877000F3903A61F4903B61F5903C61F6903D6175
:10878000F7903E61F8904061F9904161FA90426142
:10879000FB904361FC904461FD904561FE90466111
:1087A000409147614191496142914B6143914D61D3
:1087B00044914F6145915061469152614791536197
:1087C00048915461499156614A9157614B91586162
:1087D0004C9159614D915A614E915B614F915C6131
:1087E00050915E6151915F615291606153916161FD
:1087F00054916361559164615691656157916661C9
:108800005891696159916A615A916B615B916C6190
:108810005C916D615D916E615E916F615F9171615F
:10882000609172616191736162917461639176612B
:10883000649178616591796166917A6167917B61F4
:1088400068917C6169917D616A917E616B917F61C4
:108850006C9180616D9181616E9182616F91836194
:108860007091846171918561729186617391876164
:10887000749188617591896176918A6177918C6133
:1088800078918D6179918F617A9190617B919161FD
:108890007C9192617D9193617E91956180919661C9
:1088A00081919761829198618391996184919A6194
:1088B00085919B6186919C6187919E6188919F6162
:1088C0008991A0618A91A1618B91A2618C91A36130
:1088D0008D91A4618E91A5618F91A6619091AA61FD
:1088E0009191AB619291AD619391AE619491AF61C1
:1088F0009591B0619691B1619791B2619891B36190
:108900009991B4619A91B5619B91B6619C91B8615E
:108910009D91B9619E91BA619F91BB61A091BC612B
:10892000A191BD61A291BF61A391C061A491C161F8
:10893000A591C361A691C461A791C561A891C661C3
:10894000A991C761AA91C961AB91CC61AC91CD618C
:10895000AD91CE61AE91CF61AF91D061B091D36155
:10896000B191D561B291D661B391D761B491D8611B
:10897000B591D961B691DA61B791DB61B891DC61EB
:10898000B991DD61BA91DE61BB91DF61BC91E061BB
:10899000BD91E161BE91E261BF91E361C091E4618B
:1089A000C191E561C291E761C391E861C491E96158
:1089B000C591EA61C691EB61C791EC61C891ED6127
:1089C000C991EE61CA91EF61CB91F061CC91F161F7
:1089D000CD91F261CE91F361CF91F461D091F661C6
:1089E000D191F761D291F861D391F961D491FA6193
:1089F000D591FB61D691FC61D791FD61D891FE6163
:108A0000D9910062DA910162DB910262DC9103622A
:108A1000DD910462DE910562DF910762E0910962F7
:108A2000E1911362E2911462E3911962E4911C6294
:108A3000E5911D62E6911E62E7912062E891236252
:108A4000E9912662EA912762EB912862EC91296212
:108A5000ED912B62EE912D62EF912F62F0913062D9
:108A6000F1913162F2913262F3913562F4913662A2
:108A7000F5913862F6913962F7913A62F8913B626A
:108A8000F9913C62FA914262FB914462FC91456229
:108A9000FD914662FE914A6240924F62419250625D
:108AA000429255624392566244925762459259628D
:108AB00046925A6247925C6248925D6249925E6257
:108AC0004A925F624B9260624C9261624D92626226
:108AD0004E9264624F9265625092686251927162E6
:108AE0005292726253927462549275625592776296
:108AF0005692786257927A6258927B6259927D625E
:108B00005A9281625B9282625C9283625D9285621C
:108B10005E9286625F9287626092886261928B62E7
:108B200062928C6263928D6264928E6265928F62B1
:108B300066929062679294626892996269929C626E
:108B40006A929D626B929E626C92A3626D92A66223
:108B50006E92A7626F92A9627092AA627192AD62E0
:108B60007292AE627392AF627492B0627592B262A8
:108B70007692B3627792B4627892B6627992B76273
:108B80007A92B8627B92BA627C92BE627D92C06237
:108B90007E92C1628092C3628192CB628292CF62E6
:108BA0008392D1628492D5628592DD628692DE6282
:108BB0008792E0628892E1628992E4628A92EA6234
:108BC0008B92EB628C92F0628D92F2628E92F562E1
:108BD0008F92F8629092F9629192FA629292FB629D
:108BE0009392006394920363959204639692056353
:108BF0009792066398920A6399920B639A920C6318
:108C00009B920D639C920F639D9210639E921263E0
:108C10009F921363A0921463A1921563A2921763AB
:108C2000A3921863A4921963A5921C63A69226636B
:108C3000A7922763A8922963A9922C63AA922D6315
:108C4000AB922E63AC923063AD923163AE923363DC
:108C5000AF923463B0923563B1923663B2923763A8
:108C6000B3923863B4923B63B5923C63B6923E6371
:108C7000B7923F63B8924063B9924163BA9244633A
:108C8000BB924763BC924863BD924A63BE925163F4
:108C9000BF925263C0925363C1925463C2925663AF
:108CA000C3925763C4925863C5925963C6925A637C
:108CB000C7925B63C8925C63C9925D63CA9260634A
:108CC000CB926463CC926563CD926663CE92686307
:108CD000CF926A63D0926B63D1926C63D2926F63CE
:108CE000D3927063D4927263D5927363D692746395
:108CF000D7927563D8927863D9927963DA927C635C
:108D0000DB927D63DC927E63DD927F63DE92816322
:108D1000DF928363E0928463E1928563E2928663EB
:108D2000E3928B63E4928D63E5929163E6929363A1
:108D3000E7929463E8929563E9929763EA92996364
:108D4000EB929A63EC929B63ED929C63EE929D632F
:108D5000EF929E63F0929F63F192A163F292A463FB
:108D6000F392A663F492AB63F592AF63F692B163AC
:108D7000F792B263F892B563F992B663FA92B96367
:108D8000FB92BB63FC92BD63FD92BF63FE92C06326
:108D90004093C1634193C2634293C3634393C563EA
:108DA0004493C7634593C8634693CA634793CB63B1
:108DB0004893CC634993D1634A93D3634B93D46371
:108DC0004C93D5634D93D7634E93D8634F93D96338
:108DD0005093DA635193DB635293DC635393DD6307
:108DE0005493DF635593E2635693E4635793E563CB
:108DF0005893E6635993E7635A93E8635B93EB6395
:108E00005C93EC635D93EE635E93EF635F93F0635B
:108E10006093F1636193F3636293F5636393F76324
:108E20006493F9636593FA636693FB636793FC63EA
:108E30006893FE63699303646A9304646B930664A6
:108E40006C9307646D9308646E9309646F930A646E
:108E500070930D6471930E64729311647393126432
:108E600074931564759316647693176477931864F6
:108E70007893196479931A647A931D647B931F64C1
:108E80007C9322647D9323647E9324648093256481
:108E900081932764829328648393296484932B6449
:108EA00085932E6486932F6487933064889331640E
:108EB000899332648A9333648B9335648C933664DC
:108EC0008D9337648E9338648F93396490933B64A9
:108ED00091933C6492933E64939340649493426470
:108EE000959343649693496497934B6498934C6429
:108EF00099934D649A934E649B934F649C935064F2
:108F00009D9351649E9353649F935564A0935664BC
:108F1000A1935764A2935964A3935A64A4935B6486
:108F2000A5935C64A6935D64A7935F64A893606453
:108F3000A9936164AA936264AB936364AC93646421
:108F4000AD936564AE936664AF936864B0936A64EE
:108F5000B1936B64B2936C64B3936E64B4936F64B7
:108F6000B5937064B6937164B7937264B893736485
:108F7000B9937464BA937564BB937664BC93776455
:108F8000BD937B64BE937C64BF937D64C0937E6419
:108F9000C1937F64C2938064C3938164C4938364E8
:108FA000C5938664C6938864C7938964C8938A64AA
:108FB000C9938B64CA938C64CB938D64CC938E6479
:108FC000CD938F64CE939064CF939364D093946445
:108FD000D1939764D2939864D3939A64D4939B6407
:108FE000D5939C64D6939D64D7939F64D893A064D3
:108FF000D993A164DA93A264DB93A364DC93A564A0
:10900000DD93A664DE93A764DF93A864E093AA646B
:10901000E193AB64E293AF64E393B164E493B2642D
:10902000E593B364E693B464E793B664E893B964F4
:10903000E993BB64EA93BD64EB93BE64EC93BF64B5
:10904000ED93C164EE93C364EF93C464F093C6647C
:10905000F193C764F293C864F393C964F493CA6448
:10906000F593CB64F693CC64F793CF64F893D16413
:10907000F993D364FA93D464FB93D564FC93D664D8
:10908000FD93D964FE93DA644094DB644194DC641C
:109090004294DD644394DF644494E0644594E16465
:1090A0004694E3644794E5644894E7644994E8642B
:1090B0004A94E9644B94EA644C94EB644D94EC64F8
:1090C0004E94ED644F94EE645094EF645194F064C8
:1090D0005294F1645394F2645494F3645594F46498
:1090E0005694F5645794F6645894F7645994F86468
:1090F0005A94F9645B94FA645C94FB645D94FC6438
:109100005E94FD645F94FE646094FF646194016505
:1091100062940265639403656494046565940565CF
:1091200066940665679407656894086569940A659E
:109130006A940B656B940C656C940D656D940E656B
:109140006E940F656F94106570941165719413653A
:109150007294146573941565749416657594176507
:109160007694196577941A6578941B6579941C65D3
:109170007A941D657B941E657C941F657D942065A3
:109180007E94216580942265819423658294246570
:10919000839426658494276585942865869429653B
:1091A00087942A6588942C6589942D658A94306506
:1091B0008B9431658C9432658D9433658E943765CC
:1091C0008F943A6590943C6591943D659294406586
:1091D000939441659494426595944365969444654F
:1091E000979446659894476599944A659A944B6517
:1091F0009B944D659C944E659D9450659E945265DC
:109200009F945365A0945465A1945765A2945865A2
:10921000A3945A65A4945C65A5945F65A694606563
:10922000A7946165A8946465A9946565AA94676527
:10923000AB946865AC946965AD946A65AE946D65F0
:10924000AF946E65B0946F65B1947165B2947365B7
:10925000B3947565B4947665B5947865B69479657C
:10926000B7947A65B8947B65B9947C65BA947D654A
:10927000BB947E65BC947F65BD948065BE9481651A
:10928000BF948265C0948365C1948465C2948565EA
:10929000C3948665C4948865C5948965C6948A65B7
:1092A000C7948D65C8948E65C9948F65CA9492657C
:1092B000CB949465CC949565CD949665CE94986541
:1092C000CF949A65D0949D65D1949E65D294A06503
:1092D000D394A265D494A365D594A665D694A865C5
:1092E000D794AA65D894AC65D994AE65DA94B16583
:1092F000DB94B265DC94B365DD94B465DE94B5654A
:10930000DF94B665E094B765E194B865E294BA6518
:10931000E394BB65E494BE65E594BF65E694C065DF
:10932000E794C265E894C765E994C865EA94C9659D
:10933000EB94CA65EC94CD65ED94D065EE94D1655F
:10934000EF94D365F094D465F194D565F294D86523
:10935000F394D965F494DA65F594DB65F694DC65ED
:10936000F794DD65F894DE65F994DF65FA94E165BC
:10937000FB94E365FC94E465FD94EA65FE94EB657B
:109380004095F2654195F3654295F4654395F56521
:109390004495F8654595F9654695FB654795FC65E7
:1093A0004895FD654995FE654A95FF654B950166B3
:1093B0004C9504664D9505664E9507664F95086673
:1093C0005095096651950B6652950D66539510663A
:1093D00054951166559512665695166657951766FB
:1093E0005895186659951A665A951B665B951C66C2
:1093F0005C951E665D9521665E9522665F95236687
:1094000060952466619526666295296663952A664D
:1094100064952B6665952C6666952E666795306615
:1094200068953266699533666A9537666B953866D6
:109430006C9539666D953A666E953B666F953D669F
:1094400070953F6671954066729542667395446665
:109450007495456675954666769547667795486630
:109460007895496679954A667A954D667B954E66FC
:109470007C9550667D9551667E95586680955966B7
:1094800081955B6682955C6683955D6684955E6674
:10949000859560668695626687956366889565663C
:1094A000899567668A9569668B956A668C956B6601
:1094B0008D956C668E956D668F95716690957266CA
:1094C000919573669295756693957866949579668D
:1094D00095957B6696957C6697957D6698957F6653
:1094E000999580669A9581669B9583669C9585661D
:1094F0009D9586669E9588669F958966A0958A66E5
:10950000A1958B66A2958D66A3958E66A4958F66B0
:10951000A5959066A6959266A7959366A89594667C
:10952000A9959566AA959866AB959966AC959A6645
:10953000AD959B66AE959C66AF959E66B0959F6611
:10954000B195A066B295A166B395A266B495A366DF
:10955000B595A466B695A566B795A666B895A966AD
:10956000B995AA66BA95AB66BB95AC66BC95AD6677
:10957000BD95AF66BE95B066BF95B166C095B26643
:10958000C195B366C295B566C395B666C495B76610
:10959000C595B866C695BA66C795BB66C895BC66DC
:1095A000C995BD66CA95BF66CB95C066CC95C166A8
:1095B000CD95C266CE95C366CF95C466D095C56677
:1095C000D195C666D295C766D395C866D495C96647
:1095D000D595CA66D695CB66D795CC66D895CD6617
:1095E000D995CE66DA95CF66DB95D066DC95D166E7
:1095F000DD95D266DE95D366DF95D466E095D566B7
:10960000E195D666E295D766E395D866E495DA6685
:10961000E595DE66E695DF66E795E066E895E16646
:10962000E995E266EA95E366EB95E466EC95E56616
:10963000ED95E766EE95E866EF95EA66F095EB66E0
:10964000F195EC66F295ED66F395EE66F495EF66AE
:10965000F595F166F695F566F795F666F895F86670
:10966000F995FA66FA95FB66FB95FD66FC95016730
:10967000FD950267FE95036740960467419605676E
:10968000429606674396076744960C6745960E67B1
:1096900046960F6747961167489612674996136773
:1096A0004A9616674B9618674C9619674D961A6737
:1096B0004E961C674F961E675096206751962167FD
:1096C00052962267539623675496246755962567CA
:1096D000569627675796296758962E67599630678A
:1096E0005A9632675B9633675C9636675D96376746
:1096F0005E9638675F96396760963B6761963C6710
:1097000062963E6763963F676496416765964467D5
:10971000669645676796476768964A6769964B6796
:109720006A964D676B9652676C9654676D9655674F
:109730006E9657676F9658677096596771965A6715
:1097400072965B6773965D677496626775966367DA
:1097500076966467779666677896676779966B679B
:109760007A966C677B966E677C9671677D96746758
:109770007E967667809678678196796782967A6713
:1097800083967B6784967D678596806786968267D9
:109790008796836788968567899686678A9688679D
:1097A0008B968A678C968C678D968D678E968E6762
:1097B0008F968F679096916791969267929693672E
:1097C00093969467949696679596996796969B67F5
:1097D00097969F679896A0679996A1679A96A467AF
:1097E0009B96A6679C96A9679D96AC679E96AE676A
:1097F0009F96B167A096B267A196B467A296B96723
:10980000A396BA67A496BB67A596BC67A696BD67E4
:10981000A796BE67A896BF67A996C067AA96C267B3
:10982000AB96C567AC96C667AD96C767AE96C86778
:10983000AF96C967B096CA67B196CB67B296CC6748
:10984000B396CD67B496CE67B596D567B696D6670C
:10985000B796D767B896DB67B996DF67BA96E167C0
:10986000BB96E367BC96E467BD96E667BE96E7677E
:10987000BF96E867C096EA67C196EB67C296ED6748
:10988000C396EE67C496F267C596F567C696F66707
:10989000C796F767C896F867C996F967CA96FA67D0
:1098A000CB96FB67CC96FC67CD96FE67CE9601689B
:1098B000CF960268D0960368D1960468D29606685F
:1098C000D3960D68D4961068D5961268D69614680B
:1098D000D7961568D8961868D9961968DA961A68CE
:1098E000DB961B68DC961C68DD961E68DE961F689A
:1098F000DF962068E0962268E1962368E296246865
:10990000E3962568E4962668E5962768E696286833
:10991000E7962B68E8962C68E9962D68EA962E68FB
:10992000EB962F68EC963068ED963168EE963468C9
:10993000EF963568F0963668F1963A68F2963B688D
:10994000F3963F68F4964768F5964B68F6964D682F
:10995000F7964F68F8965268F9965668FA965768DF
:10996000FB965868FC965968FD965A68FE965B68A7
:1099700040975C6841975D6842975E6843975F686F
:1099800044976A6845976C6846976D6847976E6814
:1099900048976F68499770684A9771684B977268E3
:1099A0004C9773684D9775684E9778684F977968AC
:1099B00050977A6851977B6852977C6853977D6877
:1099C00054977E6855977F68569780685797826846
:1099D00058978468599787685A9788685B97896809
:1099E0005C978A685D978B685E978C685F978D68D7
:1099F00060978E68619790686297916863979268A4
:109A0000649794686597956866979668679798686D
:109A10006897996869979A686A979B686B979C683A
:109A20006C979D686D979E686E979F686F97A0680A
:109A30007097A1687197A3687297A4687397A568D7
:109A40007497A9687597AA687697AB687797AC689A
:109A50007897AE687997B1687A97B2687B97B4685F
:109A60007C97B6687D97B7687E97B8688097B96825
:109A70008197BA688297BB688397BC688497BD68F2
:109A80008597BE688697BF688797C1688897C368BF
:109A90008997C4688A97C5688B97C6688C97C7688A
:109AA0008D97C8688E97CA688F97CC689097CE6854
:109AB0009197CF689297D0689397D1689497D3681D
:109AC0009597D4689697D6689797D7689897D968E6
:109AD0009997DB689A97DC689B97DD689C97DE68AE
:109AE0009D97DF689E97E1689F97E268A097E4687A
:109AF000A197E568A297E668A397E768A497E86846
:109B0000A597E968A697EA68A797EB68A897EC6815
:109B1000A997ED68AA97EF68AB97F268AC97F368DE
:109B2000AD97F468AE97F668AF97F768B097F868A6
:109B3000B197FB68B297FD68B397FE68B497FF686A
:109B4000B5970069B6970269B7970369B897046932
:109B5000B9970669BA970769BB970869BC970969FD
:109B6000BD970A69BE970C69BF970F69C0971169C5
:109B7000C1971369C2971469C3971569C497166989
:109B8000C5971769C6971869C7971969C8971A6959
:109B9000C9971B69CA971C69CB971D69CC971E6929
:109BA000CD972169CE972269CF972369D0972569F0
:109BB000D1972669D2972769D3972869D4972969BD
:109BC000D5972A69D6972B69D7972C69D8972E698C
:109BD000D9972F69DA973169DB973269DC97336956
:109BE000DD973569DE973669DF973769E097386921
:109BF000E1973A69E2973B69E3973C69E4973E69EC
:109C0000E5974069E6974169E7974369E8974469B2
:109C1000E9974569EA974669EB974769EC97486980
:109C2000ED974969EE974A69EF974B69F0974C6950
:109C3000F1974D69F2974E69F3974F69F497506920
:109C4000F5975169F6975269F7975369F8975569EF
:109C5000F9975669FA975869FB975969FC975B69B8
:109C6000FD975C69FE975F694098616941986269F8
:109C7000429864694398656944986769459868693A
:109C80004698696947986A6948986C6949986D6906
:109C90004A986F694B9870694C9872694D987369CE
:109CA0004E9874694F9875695098766951987A6999
:109CB00052987B6953987D6954987E6955987F695D
:109CC00056988169579883695898856959988A691F
:109CD0005A988B695B988C695C988E695D988F69DE
:109CE0005E9890695F9891696098926961989369AC
:109CF00062989669639897696498996965989A6972
:109D000066989D6967989E6968989F696998A06937
:109D10006A98A1696B98A2696C98A3696D98A46907
:109D20006E98A5696F98A6697098A9697198AA69D3
:109D30007298AC697398AE697498AF697598B06998
:109D40007698B2697798B3697898B5697998B66961
:109D50007A98B8697B98B9697C98BA697D98BC692A
:109D60007E98BD698098BE698198BF698298C069F4
:109D70008398C2698498C3698598C4698698C569BF
:109D80008798C6698898C7698998C8698A98C9698F
:109D90008B98CB698C98CD698D98CF698E98D16955
:109DA0008F98D2699098D3699198D5699298D6691D
:109DB0009398D7699498D8699598D9699698DA69EB
:109DC0009798DC699898DD699998DE699A98E169B5
:109DD0009B98E2699C98E3699D98E4699E98E5697F
:109DE0009F98E669A098E769A198E869A298E9694F
:109DF000A398EA69A498EB69A598EC69A698EE691E
:109E0000A798EF69A898F069A998F169AA98F369E9
:109E1000AB98F469AC98F569AD98F669AE98F769B6
:109E2000AF98F869B098F969B198FA69B298FB6986
:109E3000B398FC69B498FE69B598006AB698016A4F
:109E4000B798026AB898036AB998046ABA98056A1A
:109E5000BB98066ABC98076ABD98086ABE98096AEA
:109E6000BF980B6AC0980C6AC1980D6AC2980E6AB6
:109E7000C3980F6AC498106AC598116AC698126A86
:109E8000C798136AC898146AC998156ACA98166A56
:109E9000CB98196ACC981A6ACD981B6ACE981C6A1E
:109EA000CF981D6AD0981E6AD198206AD298226AEB
:109EB000D398236AD498246AD598256AD698266AB6
:109EC000D798276AD898296AD9982B6ADA982C6A81
:109ED000DB982D6ADC982E6ADD98306ADE98326A4B
:109EE000DF98336AE098346AE198366AE298376A14
:109EF000E398386AE498396AE5983A6AE6983B6AE2
:109F0000E7983C6AE8983F6AE998406AEA98416AAB
:109F1000EB98426AEC98436AED98456AEE98466A77
:109F2000EF98486AF098496AF1984A6AF2984B6A41
:109F3000F3984C6AF4984D6AF5984E6AF6984F6A11
:109F4000F798516AF898526AF998536AFA98546ADD
:109F5000FB98556AFC98566AFD98576AFE985A6AAB
:109F600040995C6A41995D6A42995E6A43995F6A69
:109F70004499606A4599626A4699636A4799646A36
:109F80004899666A4999676A4A99686A4B99696A01
:109F90004C996A6A4D996B6A4E996C6A4F996D6AD1
:109FA00050996E6A51996F6A5299706A5399726AA0
:109FB0005499736A5599746A5699756A5799766A6D
:109FC0005899776A5999786A5A997A6A5B997B6A3B
:109FD0005C997D6A5D997E6A5E997F6A5F99816A04
:109FE0006099826A6199836A6299856A6399866ACF
:109FF0006499876A6599886A6699896A67998A6A9D
:10A0000068998B6A69998C6A6A998D6A6B998F6A6B
:10A010006C99926A6D99936A6E99946A6F99956A30
:10A020007099966A7199986A7299996A73999A6AFD
:10A0300074999B6A75999C6A76999D6A77999E6ACC
:10A0400078999F6A7999A16A7A99A26A7B99A36A99
:10A050007C99A46A7D99A56A7E99A66A8099A76A67
:10A060008199A86A8299AA6A8399AD6A8499AE6A2D
:10A070008599AF6A8699B06A8799B16A8899B26AF8
:10A080008999B36A8A99B46A8B99B56A8C99B66AC8
:10A090008D99B76A8E99B86A8F99B96A9099BA6A98
:10A0A0009199BB6A9299BC6A9399BD6A9499BE6A68
:10A0B0009599BF6A9699C06A9799C16A9899C26A38
:10A0C0009999C36A9A99C46A9B99C56A9C99C66A08
:10A0D0009D99C76A9E99C86A9F99C96AA099CA6AD8
:10A0E000A199CB6AA299CC6AA399CD6AA499CE6AA8
:10A0F000A599CF6AA699D06AA799D16AA899D26A78
:10A10000A999D36AAA99D46AAB99D56AAC99D66A47
:10A11000AD99D76AAE99D86AAF99D96AB099DA6A17
:10A12000B199DB6AB299DC6AB399DD6AB499DE6AE7
:10A13000B599DF6AB699E06AB799E16AB899E26AB7
:10A14000B999E36ABA99E46ABB99E56ABC99E66A87
:10A15000BD99E76ABE99E86ABF99E96AC099EA6A57
:10A16000C199EB6AC299EC6AC399ED6AC499EE6A27
:10A17000C599EF6AC699F06AC799F16AC899F26AF7
:10A18000C999F36ACA99F46ACB99F56ACC99F66AC7
:10A19000CD99F76ACE99F86ACF99F96AD099FA6A97
:10A1A000D199FB6AD299FC6AD399FD6AD499FE6A67
:10A1B000D599FF6AD699006BD799016BD899026B34
:10A1C000D999036BDA99046BDB99056BDC99066B03
:10A1D000DD99076BDE99086BDF99096BE0990A6BD3
:10A1E000E1990B6BE2990C6BE3990D6BE4990E6BA3
:10A1F000E5990F6BE699106BE799116BE899126B73
:10A20000E999136BEA99146BEB99156BEC99166B42
:10A21000ED99176BEE99186BEF99196BF0991A6B12
:10A22000F1991B6BF2991C6BF3991D6BF4991E6BE2
:10A23000F5991F6BF699256BF799266BF899286BA2
:10A24000F999296BFA992A6BFB992B6BFC992C6B6A
:10A25000FD992D6BFE992E6B409A2F6B419A306BB6
:10A26000429A316B439A336B449A346B459A356BFF
:10A27000469A366B479A386B489A3B6B499A3C6BC7
:10A280004A9A3D6B4B9A3F6B4C9A406B4D9A416B8F
:10A290004E9A426B4F9A446B509A456B519A486B59
:10A2A000529A4A6B539A4B6B549A4D6B559A4E6B1C
:10A2B000569A4F6B579A506B589A516B599A526BEA
:10A2C0005A9A536B5B9A546B5C9A556B5D9A566BBA
:10A2D0005E9A576B5F9A586B609A5A6B619A5B6B88
:10A2E000629A5C6B639A5D6B649A5E6B659A5F6B56
:10A2F000669A606B679A616B689A686B699A696B1A
:10A300006A9A6B6B6B9A6C6B6C9A6D6B6D9A6E6BD9
:10A310006E9A6F6B6F9A706B709A716B719A726BA9
:10A32000729A736B739A746B749A756B759A766B79
:10A33000769A776B779A786B789A7A6B799A7D6B45
:10A340007A9A7E6B7B9A7F6B7C9A806B7D9A856B09
:10A350007E9A886B809A8C6B819A8E6B829A8F6BB7
:10A36000839A906B849A916B859A946B869A956B7D
:10A37000879A976B889A986B899A996B8A9A9C6B43
:10A380008B9A9D6B8C9A9E6B8D9A9F6B8E9AA06B0D
:10A390008F9AA26B909AA36B919AA46B929AA56BD9
:10A3A000939AA66B949AA76B959AA86B969AA96BA9
:10A3B000979AAB6B989AAC6B999AAD6B9A9AAE6B75
:10A3C0009B9AAF6B9C9AB06B9D9AB16B9E9AB26B45
:10A3D0009F9AB66BA09AB86BA19AB96BA29ABA6B06
:10A3E000A39ABB6BA49ABC6BA59ABD6BA69ABE6BD5
:10A3F000A79AC06BA89AC36BA99AC46BAA9AC66B9A
:10A40000AB9AC76BAC9AC86BAD9AC96BAE9ACA6B64
:10A41000AF9ACC6BB09ACE6BB19AD06BB29AD16B2B
:10A42000B39AD86BB49ADA6BB59ADC6BB69ADD6BDB
:10A43000B79ADE6BB89ADF6BB99AE06BBA9AE26BA7
:10A44000BB9AE36BBC9AE46BBD9AE56BBE9AE66B74
:10A45000BF9AE76BC09AE86BC19AE96BC29AEC6B42
:10A46000C39AED6BC49AEE6BC59AF06BC69AF16B0A
:10A47000C79AF26BC89AF46BC99AF66BCA9AF76BD3
:10A48000CB9AF86BCC9AFA6BCD9AFB6BCE9AFC6B9D
:10A49000CF9AFE6BD09AFF6BD19A006CD29A016C66
:10A4A000D39A026CD49A036CD59A046CD69A086C31
:10A4B000D79A096CD89A0A6CD99A0B6CDA9A0C6CF8
:10A4C000DB9A0E6CDC9A126CDD9A176CDE9A1C6CAF
:10A4D000DF9A1D6CE09A1E6CE19A206CE29A236C64
:10A4E000E39A256CE49A2B6CE59A2C6CE69A2D6C19
:10A4F000E79A316CE89A336CE99A366CEA9A376CD1
:10A50000EB9A396CEC9A3A6CED9A3B6CEE9A3C6C97
:10A51000EF9A3E6CF09A3F6CF19A436CF29A446C5D
:10A52000F39A456CF49A486CF59A4B6CF69A4C6C1D
:10A53000F79A4D6CF89A4E6CF99A4F6CFA9A516CE6
:10A54000FB9A526CFC9A536CFD9A566CFE9A586CAE
:10A55000409B596C419B5A6C429B626C439B636C61
:10A56000449B656C459B666C469B676C479B6B6C1C
:10A57000489B6C6C499B6D6C4A9B6E6C4B9B6F6CE3
:10A580004C9B716C4D9B736C4E9B756C4F9B776CA9
:10A59000509B786C519B7A6C529B7B6C539B7C6C70
:10A5A000549B7F6C559B806C569B846C579B876C2F
:10A5B000589B8A6C599B8B6C5A9B8D6C5B9B8E6CE9
:10A5C0005C9B916C5D9B926C5E9B956C5F9B966CAB
:10A5D000609B976C619B986C629B9A6C639B9C6C74
:10A5E000649B9D6C659B9E6C669BA06C679BA26C3C
:10A5F000689BA86C699BAC6C6A9BAF6C6B9BB06CE6
:10A600006C9BB46C6D9BB56C6E9BB66C6F9BB76CA2
:10A61000709BBA6C719BC06C729BC16C739BC26C5B
:10A62000749BC36C759BC66C769BC76C779BC86C20
:10A63000789BCB6C799BCD6C7A9BCE6C7B9BCF6CE3
:10A640007C9BD16C7D9BD26C7E9BD86C809BD96CA3
:10A65000819BDA6C829BDC6C839BDD6C849BDF6C62
:10A66000859BE46C869BE66C879BE76C889BE96C1A
:10A67000899BEC6C8A9BED6C8B9BF26C8C9BF46CD5
:10A680008D9BF96C8E9BFF6C8F9B006D909B026D78
:10A69000919B036D929B056D939B066D949B086D3A
:10A6A000959B096D969B0A6D979B0D6D989B0F6D01
:10A6B000999B106D9A9B116D9B9B136D9C9B146DC8
:10A6C0009D9B156D9E9B166D9F9B186DA09B1C6D91
:10A6D000A19B1D6DA29B1F6DA39B206DA49B216D53
:10A6E000A59B226DA69B236DA79B246DA89B266D21
:10A6F000A99B286DAA9B296DAB9B2C6DAC9B2D6DE6
:10A70000AD9B2F6DAE9B306DAF9B346DB09B366DA6
:10A71000B19B376DB29B386DB39B3A6DB49B3F6D67
:10A72000B59B406DB69B426DB79B446DB89B496D20
:10A73000B99B4C6DBA9B506DBB9B556DBC9B566DC8
:10A74000BD9B576DBE9B586DBF9B5B6DC09B5D6D88
:10A75000C19B5F6DC29B616DC39B626DC49B646D49
:10A76000C59B656DC69B676DC79B686DC89B6B6D10
:10A77000C99B6C6DCA9B6D6DCB9B706DCC9B716DD5
:10A78000CD9B726DCE9B736DCF9B756DD09B766D9F
:10A79000D19B796DD29B7A6DD39B7B6DD49B7D6D64
:10A7A000D59B7E6DD69B7F6DD79B806DD89B816D31
:10A7B000D99B836DDA9B846DDB9B866DDC9B876DFB
:10A7C000DD9B8A6DDE9B8B6DDF9B8D6DE09B8F6DBE
:10A7D000E19B906DE29B926DE39B966DE49B976D80
:10A7E000E59B986DE69B996DE79B9A6DE89B9C6D48
:10A7F000E99BA26DEA9BA56DEB9BAC6DEC9BAD6DEF
:10A80000ED9BB06DEE9BB16DEF9BB36DF09BB46DA6
:10A81000F19BB66DF29BB76DF39BB96DF49BBA6D6E
:10A82000F59BBB6DF69BBC6DF79BBD6DF89BBE6D3C
:10A83000F99BC16DFA9BC26DFB9BC36DFC9BC86D00
:10A84000FD9BC96DFE9BCA6D409CCD6D419CCE6D3C
:10A85000429CCF6D439CD06D449CD26D459CD36D82
:10A86000469CD46D479CD56D489CD76D499CDA6D4C
:10A870004A9CDB6D4B9CDC6D4C9CDF6D4D9CE26D0E
:10A880004E9CE36D4F9CE56D509CE76D519CE86DCF
:10A89000529CE96D539CEA6D549CED6D559CEF6D97
:10A8A000569CF06D579CF26D589CF46D599CF56D5B
:10A8B0005A9CF66D5B9CF86D5C9CFA6D5D9CFD6D21
:10A8C0005E9CFE6D5F9CFF6D609C006E619C016EE6
:10A8D000629C026E639C036E649C046E659C066EB3
:10A8E000669C076E679C086E689C096E699C0B6E7F
:10A8F0006A9C0F6E6B9C126E6C9C136E6D9C156E39
:10A900006E9C186E6F9C196E709C1B6E719C1C6EF9
:10A91000729C1E6E739C1F6E749C226E759C266EBC
:10A92000769C276E779C286E789C2A6E799C2C6E7C
:10A930007A9C2E6E7B9C306E7C9C316E7D9C336E3F
:10A940007E9C356E809C366E819C376E829C396E03
:10A95000839C3B6E849C3C6E859C3D6E869C3E6ECB
:10A96000879C3F6E889C406E899C416E8A9C426E9B
:10A970008B9C456E8C9C466E8D9C476E8E9C486E63
:10A980008F9C496E909C4A6E919C4B6E929C4C6E33
:10A99000939C4F6E949C506E959C516E969C526EFB
:10A9A000979C556E989C576E999C596E9A9C5A6EBE
:10A9B0009B9C5C6E9C9C5D6E9D9C5E6E9E9C606E86
:10A9C0009F9C616EA09C626EA19C636EA29C646E53
:10A9D000A39C656EA49C666EA59C676EA69C686E23
:10A9E000A79C696EA89C6A6EA99C6C6EAA9C6D6EF1
:10A9F000AB9C6F6EAC9C706EAD9C716EAE9C726EBB
:10AA0000AF9C736EB09C746EB19C756EB29C766E8A
:10AA1000B39C776EB49C786EB59C796EB69C7A6E5A
:10AA2000B79C7B6EB89C7C6EB99C7D6EBA9C806E28
:10AA3000BB9C816EBC9C826EBD9C846EBE9C876EEE
:10AA4000BF9C886EC09C8A6EC19C8B6EC29C8C6EB3
:10AA5000C39C8D6EC49C8E6EC59C916EC69C926E7E
:10AA6000C79C936EC89C946EC99C956ECA9C966E4A
:10AA7000CB9C976ECC9C996ECD9C9A6ECE9C9B6E17
:10AA8000CF9C9D6ED09C9E6ED19CA06ED29CA16EE0
:10AA9000D39CA36ED49CA46ED59CA66ED69CA86EA7
:10AAA000D79CA96ED89CAB6ED99CAC6EDA9CAD6E6F
:10AAB000DB9CAE6EDC9CB06EDD9CB36EDE9CB56E36
:10AAC000DF9CB86EE09CB96EE19CBC6EE29CBE6EF1
:10AAD000E39CBF6EE49CC06EE59CC36EE69CC46EB6
:10AAE000E79CC56EE89CC66EE99CC86EEA9CC96E80
:10AAF000EB9CCA6EEC9CCC6EED9CCD6EEE9CCE6E4B
:10AB0000EF9CD06EF09CD26EF19CD66EF29CD86E0B
:10AB1000F39CD96EF49CDB6EF59CDC6EF69CDD6ECE
:10AB2000F79CE36EF89CE76EF99CEA6EFA9CEB6E7C
:10AB3000FB9CEC6EFC9CED6EFD9CEE6EFE9CEF6E45
:10AB4000409DF06E419DF16E429DF26E439DF36E0D
:10AB5000449DF56E459DF66E469DF76E479DF86ED9
:10AB6000489DFA6E499DFB6E4A9DFC6E4B9DFD6EA5
:10AB70004C9DFE6E4D9DFF6E4E9D006F4F9D016F73
:10AB8000509D036F519D046F529D056F539D076F3C
:10AB9000549D086F559D0A6F569D0B6F579D0C6F06
:10ABA000589D0D6F599D0E6F5A9D106F5B9D116FD3
:10ABB0005C9D126F5D9D166F5E9D176F5F9D186F98
:10ABC000609D196F619D1A6F629D1B6F639D1C6F65
:10ABD000649D1D6F659D1E6F669D1F6F679D216F34
:10ABE000689D226F699D236F6A9D256F6B9D266FFF
:10ABF0006C9D276F6D9D286F6E9D2C6F6F9D2E6FC6
:10AC0000709D306F719D326F729D346F739D356F83
:10AC1000749D376F759D386F769D396F779D3A6F4C
:10AC2000789D3B6F799D3C6F7A9D3D6F7B9D3F6F1B
:10AC30007C9D406F7D9D416F7E9D426F809D436FE7
:10AC4000819D446F829D456F839D486F849D496FB0
:10AC5000859D4A6F869D4C6F879D4E6F889D4F6F77
:10AC6000899D506F8A9D516F8B9D526F8C9D536F44
:10AC70008D9D546F8E9D556F8F9D566F909D576F14
:10AC8000919D596F929D5A6F939D5B6F949D5D6FDF
:10AC9000959D5F6F969D606F979D616F989D636FA7
:10ACA000999D646F9A9D656F9B9D676F9C9D686F72
:10ACB0009D9D696F9E9D6A6F9F9D6B6FA09D6C6F40
:10ACC000A19D6F6FA29D706FA39D716FA49D736F07
:10ACD000A59D756FA69D766FA79D776FA89D796FCF
:10ACE000A99D7B6FAA9D7D6FAB9D7E6FAC9D7F6F95
:10ACF000AD9D806FAE9D816FAF9D826FB09D836F64
:10AD0000B19D856FB29D866FB39D876FB49D8A6F2D
:10AD1000B59D8B6FB69D8F6FB79D906FB89D916FEE
:10AD2000B99D926FBA9D936FBB9D946FBC9D956FBB
:10AD3000BD9D966FBE9D976FBF9D986FC09D996F8B
:10AD4000C19D9A6FC29D9B6FC39D9D6FC49D9E6F59
:10AD5000C59D9F6FC69DA06FC79DA26FC89DA36F25
:10AD6000C99DA46FCA9DA56FCB9DA66FCC9DA86FF2
:10AD7000CD9DA96FCE9DAA6FCF9DAB6FD09DAC6FBF
:10AD8000D19DAD6FD29DAE6FD39DAF6FD49DB06F8F
:10AD9000D59DB16FD69DB26FD79DB46FD89DB56F5D
:10ADA000D99DB76FDA9DB86FDB9DBA6FDC9DBB6F25
:10ADB000DD9DBC6FDE9DBD6FDF9DBE6FE09DBF6FF3
:10ADC000E19DC16FE29DC36FE39DC46FE49DC56FBC
:10ADD000E59DC66FE69DC76FE79DC86FE89DCA6F8A
:10ADE000E99DCB6FEA9DCC6FEB9DCD6FEC9DCE6F57
:10ADF000ED9DCF6FEE9DD06FEF9DD36FF09DD46F23
:10AE0000F19DD56FF29DD66FF39DD76FF49DD86FEE
:10AE1000F59DD96FF69DDA6FF79DDB6FF89DDC6FBE
:10AE2000F99DDD6FFA9DDF6FFB9DE26FFC9DE36F87
:10AE3000FD9DE46FFE9DE56F409EE66F419EE76FCE
:10AE4000429EE86F439EE96F449EEA6F459EEB6F1A
:10AE5000469EEC6F479EED6F489EF06F499EF16FE6
:10AE60004A9EF26F4B9EF36F4C9EF46F4D9EF56FB2
:10AE70004E9EF66F4F9EF76F509EF86F519EF96F82
:10AE8000529EFA6F539EFB6F549EFC6F559EFD6F52
:10AE9000569EFE6F579EFF6F589E0070599E017020
:10AEA0005A9E02705B9E03705C9E04705D9E0570EE
:10AEB0005E9E06705F9E0770609E0870619E0970BE
:10AEC000629E0A70639E0B70649E0C70659E0D708E
:10AED000669E0E70679E0F70689E1070699E12705D
:10AEE0006A9E13706B9E14706C9E15706D9E16702A
:10AEF0006E9E17706F9E1870709E1970719E1C70F8
:10AF0000729E1D70739E1E70749E1F70759E2070C1
:10AF1000769E2170779E2270789E2470799E25708F
:10AF20007A9E26707B9E27707C9E28707D9E29705D
:10AF30007E9E2A70809E2B70819E2C70829E2D702A
:10AF4000839E2E70849E2F70859E3070869E3170F9
:10AF5000879E3270889E3370899E34708A9E3670C8
:10AF60008B9E37708C9E38708D9E3A708E9E3B7093
:10AF70008F9E3C70909E3D70919E3E70929E3F7061
:10AF8000939E4070949E4170959E4270969E437031
:10AF9000979E4470989E4570999E46709A9E477001
:10AFA0009B9E48709C9E49709D9E4A709E9E4B70D1
:10AFB0009F9E4D70A09E4E70A19E5070A29E51709B
:10AFC000A39E5270A49E5370A59E5470A69E557069
:10AFD000A79E5670A89E5770A99E5870AA9E597039
:10AFE000AB9E5A70AC9E5B70AD9E5C70AE9E5D7009
:10AFF000AF9E5F70B09E6070B19E6170B29E6270D5
:10B00000B39E6370B49E6470B59E6570B69E6670A4
:10B01000B79E6770B89E6870B99E6970BA9E6A7074
:10B02000BB9E6E70BC9E7170BD9E7270BE9E737032
:10B03000BF9E7470C09E7770C19E7970C29E7A70F8
:10B04000C39E7B70C49E7D70C59E8170C69E8270BB
:10B05000C79E8370C89E8470C99E8670CA9E877082
:10B06000CB9E8870CC9E8B70CD9E8C70CE9E8D704A
:10B07000CF9E8F70D09E9070D19E9170D29E937013
:10B08000D39E9770D49E9870D59E9A70D69E9B70D2
:10B09000D79E9E70D89E9F70D99EA070DA9EA17098
:10B0A000DB9EA270DC9EA370DD9EA470DE9EA57068
:10B0B000DF9EA670E09EA770E19EA870E29EA97038
:10B0C000E39EAA70E49EB070E59EB270E69EB470F6
:10B0D000E79EB570E89EB670E99EBA70EA9EBE70B3
:10B0E000EB9EBF70EC9EC470ED9EC570EE9EC67068
:10B0F000EF9EC770F09EC970F19ECB70F29ECC702F
:10B10000F39ECD70F49ECE70F59ECF70F69ED070FB
:10B11000F79ED170F89ED270F99ED370FA9ED470CB
:10B12000FB9ED570FC9ED670FD9ED770FE9EDA7099
:10B13000409FDC70419FDD70429FDE70439FE07056
:10B14000449FE170459FE270469FE370479FE57022
:10B15000489FEA70499FEE704A9FF0704B9FF170D4
:10B160004C9FF2704D9FF3704E9FF4704F9FF5709F
:10B17000509FF670519FF870529FFA70539FFB706A
:10B18000549FFC70559FFE70569FFF70579F007133
:10B19000589F0171599F02715A9F03715B9F0471FF
:10B1A0005C9F05715D9F06715E9F07715F9F0871CF
:10B1B000609F0B71619F0C71629F0D71639F0E7197
:10B1C000649F0F71659F1171669F1271679F147163
:10B1D000689F1771699F1B716A9F1C716B9F1D711E
:10B1E0006C9F1E716D9F1F716E9F20716F9F2171EB
:10B1F000709F2271719F2371729F2471739F2571BB
:10B20000749F2771759F2871769F2971779F2A7186
:10B21000789F2B71799F2C717A9F2D717B9F2E7156
:10B220007C9F32717D9F33717E9F3471809F357119
:10B23000819F3771829F3871839F3971849F3A71E2
:10B24000859F3B71869F3C71879F3D71889F3E71B2
:10B25000899F3F718A9F40718B9F41718C9F427182
:10B260008D9F43718E9F44718F9F4671909F477150
:10B27000919F4871929F4971939F4B71949F4D711B
:10B28000959F4F71969F5071979F5171989F5271E2
:10B29000999F53719A9F54719B9F55719C9F5671B2
:10B2A0009D9F57719E9F58719F9F5971A09F5A7182
:10B2B000A19F5B71A29F5D71A39F5F71A49F60714D
:10B2C000A59F6171A69F6271A79F6371A89F657119
:10B2D000A99F6971AA9F6A71AB9F6B71AC9F6C71DA
:10B2E000AD9F6D71AE9F6F71AF9F7071B09F7171A7
:10B2F000B19F7471B29F7571B39F7671B49F77716E
:10B30000B59F7971B69F7B71B79F7C71B89F7E7135
:10B31000B99F7F71BA9F8071BB9F8171BC9F827101
:10B32000BD9F8371BE9F8571BF9F8671C09F8771CE
:10B33000C19F8871C29F8971C39F8B71C49F8C719B
:10B34000C59F8D71C69F8E71C79F9071C89F917167
:10B35000C99F9271CA9F9371CB9F9571CC9F967133
:10B36000CD9F9771CE9F9A71CF9F9B71D09F9C71FB
:10B37000D19F9D71D29F9E71D39FA171D49FA271C5
:10B38000D59FA371D69FA471D79FA571D89FA67191
:10B39000D99FA771DA9FA971DB9FAA71DC9FAB715E
:10B3A000DD9FAD71DE9FAE71DF9FAF71E09FB07129
:10B3B000E19FB171E29FB271E39FB471E49FB671F6
:10B3C000E59FB771E69FB871E79FBA71E89FBB71BF
:10B3D000E99FBC71EA9FBD71EB9FBE71EC9FBF718D
:10B3E000ED9FC071EE9FC171EF9FC271F09FC4715C
:10B3F000F19FC571F29FC671F39FC771F49FC87129
:10B40000F59FC971F69FCA71F79FCB71F89FCC71F8
:10B41000F99FCD71FA9FCF71FB9FD071FC9FD171C5
:10B42000FD9FD271FE9FD37140A0D67141A0D7710C
:10B4300042A0D87143A0D97144A0DA7145A0DB7154
:10B4400046A0DC7147A0DD7148A0DE7149A0DF7124
:10B450004AA0E1714BA0E2714CA0E3714DA0E471F0
:10B460004EA0E6714FA0E87150A0E97151A0EA71B9
:10B4700052A0EB7153A0EC7154A0ED7155A0EF7187
:10B4800056A0F07157A0F17158A0F27159A0F37154
:10B490005AA0F4715BA0F5715CA0F6715DA0F77124
:10B4A0005EA0F8715FA0FA7160A0FB7161A0FC71F1
:10B4B00062A0FD7163A0FE7164A0FF7165A00072BF
:10B4C00066A0017267A0027268A0037269A004728C
:10B4D0006AA005726BA007726CA008726DA0097259
:10B4E0006EA00A726FA00B7270A00C7271A00D7228
:10B4F00072A00E7273A00F7274A0107275A01172F8
:10B5000076A0127277A0137278A0147279A01572C7
:10B510007AA016727BA017727CA018727DA0197297
:10B520007EA01A7280A01B7281A01C7282A01E7263
:10B5300083A01F7284A0207285A0217286A022722F
:10B5400087A0237288A0247289A025728AA02672FF
:10B550008BA027728CA029728DA02B728EA02D72C9
:10B560008FA02E7290A02F7291A0327292A033728F
:10B5700093A0347294A03A7295A03C7296A03E7249
:10B5800097A0407298A0417299A042729AA043720B
:10B590009BA044729CA045729DA046729EA04972D9
:10B5A0009FA04A72A0A04B72A1A04E72A2A04F729F
:10B5B000A3A05072A4A05172A5A05372A6A0547269
:10B5C000A7A05572A8A05772A9A05872AAA05A7233
:10B5D000ABA05C72ACA05E72ADA06072AEA06372F4
:10B5E000AFA06472B0A06572B1A06872B2A06A72B6
:10B5F000B3A06B72B4A06C72B5A06D72B6A070727D
:10B60000B7A07172B8A07372B9A07472BAA0767242
:10B61000BBA07772BCA07872BDA07B72BEA07C720A
:10B62000BFA07D72C0A08272C1A08372C2A08572C9
:10B63000C3A08672C4A08772C5A08872C6A0897292
:10B64000C7A08C72C8A08E72C9A09072CAA0917255
:10B65000CBA09372CCA09472CDA09572CEA096721E
:10B66000CFA09772D0A09872D1A09972D2A09A72EE
:10B67000D3A09B72D4A09C72D5A09D72D6A09E72BE
:10B68000D7A0A072D8A0A172D9A0A272DAA0A3728A
:10B69000DBA0A472DCA0A572DDA0A672DEA0A7725A
:10B6A000DFA0A872E0A0A972E1A0AA72E2A0AB722A
:10B6B000E3A0AE72E4A0B172E5A0B272E6A0B372EC
:10B6C000E7A0B572E8A0BA72E9A0BB72EAA0BC72AA
:10B6D000EBA0BD72ECA0BE72EDA0BF72EEA0C07276
:10B6E000EFA0C572F0A0C672F1A0C772F2A0C97235
:10B6F000F3A0CA72F4A0CB72F5A0CC72F6A0CF7200
:10B70000F7A0D172F8A0D372F9A0D472FAA0D572C2
:10B71000FBA0D672FCA0D872FDA0DA72FEA0DB728C
:10B72000A1A10030A2A10130A3A10230A4A1B700C1
:10B73000A5A1C902A6A1C702A7A1A800A8A103307C
:10B74000A9A10530AAA11420ABA15EFFACA11620CF
:10B75000ADA12620AEA11820AFA11920B0A11C20B8
:10B76000B1A11D20B2A11430B3A11530B4A108308D
:10B77000B5A10930B6A10A30B7A10B30B8A10C3081
:10B78000B9A10D30BAA10E30BBA10F30BCA116304B
:10B79000BDA11730BEA11030BFA11130C0A1B100B2
:10B7A000C1A1D700C2A1F700C3A13622C4A127229C
:10B7B000C5A12822C6A11122C7A10F22C8A12A22F1
:10B7C000C9A12922CAA10822CBA13722CCA11A22C1
:10B7D000CDA1A522CEA12522CFA12022D0A1122326
:10B7E000D1A19922D2A12B22D3A12E22D4A16122B0
:10B7F000D5A14C22D6A14822D7A13D22D8A11D22F5
:10B80000D9A16022DAA16E22DBA16F22DCA1642221
:10B81000DDA16522DEA11E22DFA13522E0A13422B6
:10B82000E1A14226E2A14026E3A1B000E4A132203A
:10B83000E5A13320E6A10321E7A104FFE8A1A400CC
:10B84000E9A1E0FFEAA1E1FFEBA13020ECA1A70014
:10B85000EDA11621EEA10626EFA10526F0A1CB252C
:10B86000F1A1CF25F2A1CE25F3A1C725F4A1C625CC
:10B87000F5A1A125F6A1A025F7A1B325F8A1B22530
:10B88000F9A13B20FAA19221FBA19021FCA19121D9
:10B89000FDA19321FEA11330A1A27021A2A27121CA
:10B8A000A3A27221A4A27321A5A27421A6A275212C
:10B8B000A7A27621A8A27721A9A27821AAA27921FC
:10B8C000B1A28824B2A28924B3A28A24B4A28B2470
:10B8D000B5A28C24B6A28D24B7A28E24B8A28F2440
:10B8E000B9A29024BAA29124BBA29224BCA2932410
:10B8F000BDA29424BEA29524BFA29624C0A29724E0
:10B90000C1A29824C2A29924C3A29A24C4A29B24AF
:10B91000C5A27424C6A27524C7A27624C8A277241F
:10B92000C9A27824CAA27924CBA27A24CCA27B24EF
:10B93000CDA27C24CEA27D24CFA27E24D0A27F24BF
:10B94000D1A28024D2A28124D3A28224D4A283248F
:10B95000D5A28424D6A28524D7A28624D8A287245F
:10B96000D9A26024DAA26124DBA26224DCA26324CF
:10B97000DDA26424DEA26524DFA26624E0A267249F
:10B98000E1A26824E2A26924E5A22032E6A22132E3
:10B99000E7A22232E8A22332E9A22432EAA2253227
:10B9A000EBA22632ECA22732EDA22832EEA22932F7
:10B9B000F1A26021F2A26121F3A26221F4A263212B
:10B9C000F5A26421F6A26521F7A26621F8A26721FB
:10B9D000F9A26821FAA26921FBA26A21FCA26B21CB
:10B9E000A1A301FFA2A302FFA3A303FFA4A3E5FF5A
:10B9F000A5A305FFA6A306FFA7A307FFA8A308FF0B
:10BA0000A9A309FFAAA30AFFABA30BFFACA30CFFDA
:10BA1000ADA30DFFAEA30EFFAFA30FFFB0A310FFAA
:10BA2000B1A311FFB2A312FFB3A313FFB4A314FF7A
:10BA3000B5A315FFB6A316FFB7A317FFB8A318FF4A
:10BA4000B9A319FFBAA31AFFBBA31BFFBCA31CFF1A
:10BA5000BDA31DFFBEA31EFFBFA31FFFC0A320FFEA
:10BA6000C1A321FFC2A322FFC3A323FFC4A324FFBA
:10BA7000C5A325FFC6A326FFC7A327FFC8A328FF8A
:10BA8000C9A329FFCAA32AFFCBA32BFFCCA32CFF5A
:10BA9000CDA32DFFCEA32EFFCFA32FFFD0A330FF2A
:10BAA000D1A331FFD2A332FFD3A333FFD4A334FFFA
:10BAB000D5A335FFD6A336FFD7A337FFD8A338FFCA
:10BAC000D9A339FFDAA33AFFDBA33BFFDCA33CFF9A
:10BAD000DDA33DFFDEA33EFFDFA33FFFE0A340FF6A
:10BAE000E1A341FFE2A342FFE3A343FFE4A344FF3A
:10BAF000E5A345FFE6A346FFE7A347FFE8A348FF0A
:10BB0000E9A349FFEAA34AFFEBA34BFFECA34CFFD9
:10BB1000EDA34DFFEEA34EFFEFA34FFFF0A350FFA9
:10BB2000F1A351FFF2A352FFF3A353FFF4A354FF79
:10BB3000F5A355FFF6A356FFF7A357FFF8A358FF49
:10BB4000F9A359FFFAA35AFFFBA35BFFFCA35CFF19
:10BB5000FDA35DFFFEA3E3FFA1A44130A2A44230F8
:10BB6000A3A44330A4A44430A5A44530A6A44630E1
:10BB7000A7A44730A8A44830A9A44930AAA44A30B1
:10BB8000ABA44B30ACA44C30ADA44D30AEA44E3081
:10BB9000AFA44F30B0A45030B1A45130B2A4523051
:10BBA000B3A45330B4A45430B5A45530B6A4563021
:10BBB000B7A45730B8A45830B9A45930BAA45A30F1
:10BBC000BBA45B30BCA45C30BDA45D30BEA45E30C1
:10BBD000BFA45F30C0A46030C1A46130C2A4623091
:10BBE000C3A46330C4A46430C5A46530C6A4663061
:10BBF000C7A46730C8A46830C9A46930CAA46A3031
:10BC0000CBA46B30CCA46C30CDA46D30CEA46E3000
:10BC1000CFA46F30D0A47030D1A47130D2A47230D0
:10BC2000D3A47330D4A47430D5A47530D6A47630A0
:10BC3000D7A47730D8A47830D9A47930DAA47A3070
:10BC4000DBA47B30DCA47C30DDA47D30DEA47E3040
:10BC5000DFA47F30E0A48030E1A48130E2A4823010
:10BC6000E3A48330E4A48430E5A48530E6A48630E0
:10BC7000E7A48730E8A48830E9A48930EAA48A30B0
:10BC8000EBA48B30ECA48C30EDA48D30EEA48E3080
:10BC9000EFA48F30F0A49030F1A49130F2A4923050
:10BCA000F3A49330A1A5A130A2A5A230A3A5A330EF
:10BCB000A4A5A430A5A5A530A6A5A630A7A5A73004
:10BCC000A8A5A830A9A5A930AAA5AA30ABA5AB30D4
:10BCD000ACA5AC30ADA5AD30AEA5AE30AFA5AF30A4
:10BCE000B0A5B030B1A5B130B2A5B230B3A5B33074
:10BCF000B4A5B430B5A5B530B6A5B630B7A5B73044
:10BD0000B8A5B830B9A5B930BAA5BA30BBA5BB3013
:10BD1000BCA5BC30BDA5BD30BEA5BE30BFA5BF30E3
:10BD2000C0A5C030C1A5C130C2A5C230C3A5C330B3
:10BD3000C4A5C430C5A5C530C6A5C630C7A5C73083
:10BD4000C8A5C830C9A5C930CAA5CA30CBA5CB3053
:10BD5000CCA5CC30CDA5CD30CEA5CE30CFA5CF3023
:10BD6000D0A5D030D1A5D130D2A5D230D3A5D330F3
:10BD7000D4A5D430D5A5D530D6A5D630D7A5D730C3
:10BD8000D8A5D830D9A5D930DAA5DA30DBA5DB3093
:10BD9000DCA5DC30DDA5DD30DEA5DE30DFA5DF3063
:10BDA000E0A5E030E1A5E130E2A5E230E3A5E33033
:10BDB000E4A5E430E5A5E530E6A5E630E7A5E73003
:10BDC000E8A5E830E9A5E930EAA5EA30EBA5EB30D3
:10BDD000ECA5EC30EDA5ED30EEA5EE30EFA5EF30A3
:10BDE000F0A5F030F1A5F130F2A5F230F3A5F33073
:10BDF000F4A5F430F5A5F530F6A5F630A1A691032B
:10BE0000A2A69203A3A69303A4A69403A5A69503B2
:10BE1000A6A69603A7A69703A8A69803A9A6990382
:10BE2000AAA69A03ABA69B03ACA69C03ADA69D0352
:10BE3000AEA69E03AFA69F03B0A6A003B1A6A10322
:10BE4000B2A6A303B3A6A403B4A6A503B5A6A603EE
:10BE5000B6A6A703B7A6A803B8A6A903C1A6B103AF
:10BE6000C2A6B203C3A6B303C4A6B403C5A6B50352
:10BE7000C6A6B603C7A6B703C8A6B803C9A6B90322
:10BE8000CAA6BA03CBA6BB03CCA6BC03CDA6BD03F2
:10BE9000CEA6BE03CFA6BF03D0A6C003D1A6C103C2
:10BEA000D2A6C303D3A6C403D4A6C503D5A6C6038E
:10BEB000D6A6C703D7A6C803D8A6C903E0A635FEF1
:10BEC000E1A636FEE2A639FEE3A63AFEE4A63FFE70
:10BED000E5A640FEE6A63DFEE7A63EFEE8A641FE3C
:10BEE000E9A642FEEAA643FEEBA644FEEEA63BFE12
:10BEF000EFA63CFEF0A637FEF1A638FEF2A631FE14
:10BF0000F4A633FEF5A634FEA1A71004A2A71104DF
:10BF1000A3A71204A4A71304A5A71404A6A7150495
:10BF2000A7A70104A8A71604A9A71704AAA718047D
:10BF3000ABA71904ACA71A04ADA71B04AEA71C0439
:10BF4000AFA71D04B0A71E04B1A71F04B2A7200409
:10BF5000B3A72104B4A72204B5A72304B6A72404D9
:10BF6000B7A72504B8A72604B9A72704BAA72804A9
:10BF7000BBA72904BCA72A04BDA72B04BEA72C0479
:10BF8000BFA72D04C0A72E04C1A72F04D1A730043A
:10BF9000D2A73104D3A73204D4A73304D5A73404DD
:10BFA000D6A73504D7A75104D8A73604D9A7370494
:10BFB000DAA73804DBA73904DCA73A04DDA73B0481
:10BFC000DEA73C04DFA73D04E0A73E04E1A73F0451
:10BFD000E2A74004E3A74104E4A74204E5A7430421
:10BFE000E6A74404E7A74504E8A74604E9A74704F1
:10BFF000EAA74804EBA74904ECA74A04EDA74B04C1
:10C00000EEA74C04EFA74D04F0A74E04F1A74F0490
:10C0100040A8CA0241A8CB0242A8D90243A81320D3
:10C0200044A8152045A8252046A8352047A8052165
:10C0300048A8092149A896214AA897214BA89821E8
:10C040004CA899214DA815224EA81F224FA82322A3
:10C0500050A8522251A8662252A8672253A8BF2294
:10C0600054A8502555A8512556A8522557A8532500
:10C0700058A8542559A855255AA856255BA85725D0
:10C080005CA858255DA859255EA85A255FA85B25A0
:10C0900060A85C2561A85D2562A85E2563A85F2570
:10C0A00064A8602565A8612566A8622567A8632540
:10C0B00068A8642569A865256AA866256BA8672510
:10C0C0006CA868256DA869256EA86A256FA86B25E0
:10C0D00070A86C2571A86D2572A86E2573A86F25B0
:10C0E00074A8702575A8712576A8722577A8732580
:10C0F00078A8812579A882257AA883257BA884251C
:10C100007CA885257DA886257EA8872580A88825EA
:10C1100081A8892582A88A2583A88B2584A88C25B7
:10C1200085A88D2586A88E2587A88F2588A8932584
:10C1300089A894258AA895258BA8BC258CA8BD25FF
:10C140008DA8E2258EA8E3258FA8E42590A8E525F3
:10C1500091A8092692A8952293A8123094A81D3080
:10C1600095A81E30A1A80101A2A8E100A3A8CE01B4
:10C17000A4A8E000A5A81301A6A8E900A7A81B0190
:10C18000A8A8E800A9A82B01AAA8ED00ABA8D00197
:10C19000ACA8EC00ADA84D01AEA8F300AFA8D20149
:10C1A000B0A8F200B1A86B01B2A8FA00B3A8D401FC
:10C1B000B4A8F900B5A8D601B6A8D801B7A8DA0185
:10C1C000B8A8DC01B9A8FC00BAA8EA00BBA85102D3
:10C1D000BDA84401BEA84801C0A86102C5A8053198
:10C1E000C6A80631C7A80731C8A80831C9A80931AF
:10C1F000CAA80A31CBA80B31CCA80C31CDA80D317F
:10C20000CEA80E31CFA80F31D0A81031D1A811314E
:10C21000D2A81231D3A81331D4A81431D5A815311E
:10C22000D6A81631D7A81731D8A81831D9A81931EE
:10C23000DAA81A31DBA81B31DCA81C31DDA81D31BE
:10C24000DEA81E31DFA81F31E0A82031E1A821318E
:10C25000E2A82231E3A82331E4A82431E5A825315E
:10C26000E6A82631E7A82731E8A82831E9A829312E
:10C2700040A9213041A9223042A9233043A92430CA
:10C2800044A9253045A9263046A9273047A928309A
:10C2900048A9293049A9A3324AA98E334BA98F3323
:10C2A0004CA99C334DA99D334EA99E334FA9A13370
:10C2B00050A9C43351A9CE3352A9D13353A9D23393
:10C2C00054A9D53355A930FE56A9E2FF57A9E4FF7A
:10C2D00059A921215AA931325CA9102060A9FC304A
:10C2E00061A99B3062A99C3063A9FD3064A9FE302E
:10C2F00065A9063066A99D3067A99E3068A949FEE8
:10C3000069A94AFE6AA94BFE6BA94CFE6CA94DFEB9
:10C310006DA94EFE6EA94FFE6FA950FE70A951FE89
:10C3200071A952FE72A954FE73A955FE74A956FE56
:10C3300075A957FE76A959FE77A95AFE78A95BFE22
:10C3400079A95CFE7AA95DFE7BA95EFE7CA95FFEF1
:10C350007DA960FE7EA961FE80A962FE81A963FEBF
:10C3600082A964FE83A965FE84A966FE85A968FE8C
:10C3700086A969FE87A96AFE88A96BFE96A907307F
:10C38000A4A90025A5A90125A6A90225A7A90325D9
:10C39000A8A90425A9A90525AAA90625ABA90725A9
:10C3A000ACA90825ADA90925AEA90A25AFA90B2579
:10C3B000B0A90C25B1A90D25B2A90E25B3A90F2549
:10C3C000B4A91025B5A91125B6A91225B7A9132519
:10C3D000B8A91425B9A91525BAA91625BBA91725E9
:10C3E000BCA91825BDA91925BEA91A25BFA91B25B9
:10C3F000C0A91C25C1A91D25C2A91E25C3A91F2589
:10C40000C4A92025C5A92125C6A92225C7A9232558
:10C41000C8A92425C9A92525CAA92625CBA9272528
:10C42000CCA92825CDA92925CEA92A25CFA92B25F8
:10C43000D0A92C25D1A92D25D2A92E25D3A92F25C8
:10C44000D4A93025D5A93125D6A93225D7A9332598
:10C45000D8A93425D9A93525DAA93625DBA9372568
:10C46000DCA93825DDA93925DEA93A25DFA93B2538
:10C47000E0A93C25E1A93D25E2A93E25E3A93F2508
:10C48000E4A94025E5A94125E6A94225E7A94325D8
:10C49000E8A94425E9A94525EAA94625EBA94725A8
:10C4A000ECA94825EDA94925EEA94A25EFA94B2578
:10C4B00040AADC7241AADD7242AADF7243AAE2728C
:10C4C00044AAE37245AAE47246AAE57247AAE67254
:10C4D00048AAE77249AAEA724AAAEB724BAAF57215
:10C4E0004CAAF6724DAAF9724EAAFD724FAAFE72BC
:10C4F00050AAFF7251AA007352AA027353AA04737E
:10C5000054AA057355AA067356AA077357AA087347
:10C5100058AA097359AA0B735AAA0C735BAA0D7314
:10C520005CAA0F735DAA10735EAA11735FAA1273DF
:10C5300060AA147361AA187362AA197363AA1A73A2
:10C5400064AA1F7365AA207366AA237367AA24735B
:10C5500068AA267369AA27736AAA28736BAA2D731F
:10C560006CAA2F736DAA30736EAA32736FAA3373DD
:10C5700070AA357371AA367372AA3A7373AA3B73A1
:10C5800074AA3C7375AA3D7376AA407377AA417367
:10C5900078AA427379AA43737AAA44737BAA457333
:10C5A0007CAA46737DAA47737EAA487380AA497302
:10C5B00081AA4A7382AA4B7383AA4C7384AA4E73CE
:10C5C00085AA4F7386AA517387AA537388AA547396
:10C5D00089AA55738AAA56738BAA58738CAA597361
:10C5E0008DAA5A738EAA5B738FAA5C7390AA5D732F
:10C5F00091AA5E7392AA5F7393AA617394AA6273FD
:10C6000095AA637396AA647397AA657398AA6673CA
:10C6100099AA67739AAA68739BAA69739CAA6A739A
:10C620009DAA6B739EAA6E739FAA7073A0AA717362
:10C6300040AB727341AB737342AB747343AB7573AE
:10C6400044AB767345AB777346AB787347AB79737E
:10C6500048AB7A7349AB7B734AAB7C734BAB7D734E
:10C660004CAB7F734DAB80734EAB81734FAB82731A
:10C6700050AB837351AB857352AB867353AB8873E6
:10C6800054AB8A7355AB8C7356AB8D7357AB8F73AA
:10C6900058AB907359AB92735AAB93735BAB947373
:10C6A0005CAB95735DAB97735EAB98735FAB99733F
:10C6B00060AB9A7361AB9C7362AB9D7363AB9E730B
:10C6C00064ABA07365ABA17366ABA37367ABA473D4
:10C6D00068ABA57369ABA6736AABA7736BABA873A2
:10C6E0006CABAA736DABAC736EABAD736FABB17368
:10C6F00070ABB47371ABB57372ABB67373ABB87325
:10C7000074ABB97375ABBC7376ABBD7377ABBE73EB
:10C7100078ABBF7379ABC1737AABC3737BABC473B4
:10C720007CABC5737DABC6737EABC77380ABCB737D
:10C7300081ABCC7382ABCE7383ABD27384ABD37338
:10C7400085ABD47386ABD57387ABD67388ABD77301
:10C7500089ABD8738AABDA738BABDB738CABDC73CE
:10C760008DABDD738EABDF738FABE17390ABE27398
:10C7700091ABE37392ABE47393ABE67394ABE87362
:10C7800095ABEA7396ABEB7397ABEC7398ABEE7328
:10C7900099ABEF739AABF0739BABF1739CABF373F4
:10C7A0009DABF4739EABF5739FABF673A0ABF773C1
:10C7B00040ACF87341ACF97342ACFA7343ACFB7311
:10C7C00044ACFC7345ACFD7346ACFE7347ACFF73E1
:10C7D00048AC007449AC01744AAC02744BAC0474AC
:10C7E0004CAC07744DAC08744EAC0B744FAC0C746D
:10C7F00050AC0D7451AC0E7452AC117453AC127435
:10C8000054AC137455AC147456AC157457AC167400
:10C8100058AC177459AC18745AAC19745BAC1C74CE
:10C820005CAC1D745DAC1E745EAC1F745FAC207498
:10C8300060AC217461AC237462AC247463AC277463
:10C8400064AC297465AC2B7466AC2D7467AC2F7422
:10C8500068AC317469AC32746AAC37746BAC3874E0
:10C860006CAC39746DAC3A746EAC3B746FAC3D74A7
:10C8700070AC3E7471AC3F7472AC407473AC427473
:10C8800074AC437475AC447476AC457477AC467440
:10C8900078AC477479AC48747AAC49747BAC4A7410
:10C8A0007CAC4B747DAC4C747EAC4D7480AC4E74DF
:10C8B00081AC4F7482AC507483AC517484AC5274AC
:10C8C00085AC537486AC547487AC567488AC587479
:10C8D00089AC5D748AAC60748BAC61748CAC62742E
:10C8E0008DAC63748EAC64748FAC657490AC6674FC
:10C8F00091AC677492AC687493AC697494AC6A74CC
:10C9000095AC6B7496AC6C7497AC6E7498AC6F7499
:10C9100099AC71749AAC72749BAC73749CAC747463
:10C920009DAC75749EAC78749FAC7974A0AC7A742D
:10C9300040AD7B7441AD7C7442AD7D7443AD7F747A
:10C9400044AD827445AD847446AD857447AD86743C
:10C9500048AD887449AD89744AAD8A744BAD8C7406
:10C960004CAD8D744DAD8F744EAD91744FAD9274CE
:10C9700050AD937451AD947452AD957453AD96749B
:10C9800054AD977455AD987456AD997457AD9A746B
:10C9900058AD9B7459AD9D745AAD9F745BADA07436
:10C9A0005CADA1745DADA2745EADA3745FADA47403
:10C9B00060ADA57461ADA67462ADAA7463ADAB74CD
:10C9C00064ADAC7465ADAD7466ADAE7467ADAF7497
:10C9D00068ADB07469ADB1746AADB2746BADB37467
:10C9E0006CADB4746DADB5746EADB6746FADB77437
:10C9F00070ADB87471ADB97472ADBB7473ADBC7405
:10CA000074ADBD7475ADBE7476ADBF7477ADC074D2
:10CA100078ADC17479ADC2747AADC3747BADC474A2
:10CA20007CADC5747DADC6747EADC77480ADC87471
:10CA300081ADC97482ADCA7483ADCB7484ADCC743E
:10CA400085ADCD7486ADCE7487ADCF7488ADD0740E
:10CA500089ADD1748AADD3748BADD4748CADD574DB
:10CA60008DADD6748EADD7748FADD87490ADD974AA
:10CA700091ADDA7492ADDB7493ADDD7494ADDF7477
:10CA800095ADE17496ADE57497ADE77498ADE87433
:10CA900099ADE9749AADEA749BADEB749CADEC74FE
:10CAA0009DADED749EADF0749FADF174A0ADF274C8
:10CAB00040AEF37441AEF57442AEF87443AEF9740F
:10CAC00044AEFA7445AEFB7446AEFC7447AEFD74DA
:10CAD00048AEFE7449AE00754AAE01754BAE0275A4
:10CAE0004CAE03754DAE05754EAE06754FAE07756F
:10CAF00050AE087551AE097552AE0A7553AE0B753E
:10CB000054AE0C7555AE0E7556AE107557AE127507
:10CB100058AE147559AE15755AAE16755BAE1775CD
:10CB20005CAE1B755DAE1D755EAE1E755FAE20758D
:10CB300060AE217561AE227562AE237563AE247559
:10CB400064AE267565AE277566AE2A7567AE2E751E
:10CB500068AE347569AE36756AAE39756BAE3C75C4
:10CB60006CAE3D756DAE3F756EAE41756FAE427584
:10CB700070AE437571AE447572AE467573AE47754F
:10CB800074AE497575AE4A7576AE4D7577AE507513
:10CB900078AE517579AE52757AAE53757BAE5575D8
:10CBA0007CAE56757DAE57757EAE587580AE5D75A0
:10CBB00081AE5E7582AE5F7583AE607584AE617561
:10CBC00085AE627586AE637587AE647588AE67752F
:10CBD00089AE68758AAE69758BAE6B758CAE6C75F7
:10CBE0008DAE6D758EAE6E758FAE6F7590AE7075C5
:10CBF00091AE717592AE737593AE757594AE767590
:10CC000095AE777596AE7A7597AE7B7598AE7C7556
:10CC100099AE7D759AAE7E759BAE80759CAE817522
:10CC20009DAE82759EAE84759FAE8575A0AE8775EC
:10CC300040AF887541AF897542AF8A7543AF8C7537
:10CC400044AF8D7545AF8E7546AF907547AF937500
:10CC500048AF957549AF98754AAF9B754BAF9C75BA
:10CC60004CAF9E754DAFA2754EAFA6754FAFA77571
:10CC700050AFA87551AFA97552AFAA7553AFAD7536
:10CC800054AFB67555AFB77556AFBA7557AFBB75DC
:10CC900058AFBF7559AFC0755AAFC1755BAFC67598
:10CCA0005CAFCB755DAFCC755EAFCE755FAFCF754A
:10CCB00060AFD07561AFD17562AFD37563AFD77513
:10CCC00064AFD97565AFDA7566AFDC7567AFDD75D2
:10CCD00068AFDF7569AFE0756AAFE1756BAFE57599
:10CCE0006CAFE9756DAFEC756EAFED756FAFEE754E
:10CCF00070AFEF7571AFF27572AFF37573AFF57515
:10CD000074AFF67575AFF77576AFF87577AFFA75DE
:10CD100078AFFB7579AFFD757AAFFE757BAF0276A4
:10CD20007CAF04767DAF06767EAF077680AF08765F
:10CD300081AF097682AF0B7683AF0D7684AF0E7626
:10CD400085AF0F7686AF117687AF127688AF1376F0
:10CD500089AF14768AAF16768BAF1A768CAF1C76B5
:10CD60008DAF1D768EAF1E768FAF217690AF237676
:10CD700091AF277692AF287693AF2C7694AF2E762C
:10CD800095AF2F7696AF317697AF327698AF3676ED
:10CD900099AF37769AAF39769BAF3A769CAF3B76B0
:10CDA0009DAF3D769EAF41769FAF4276A0AF447671
:10CDB00040B0457641B0467642B0477643B04876BB
:10CDC00044B0497645B04A7646B04B7647B04E7689
:10CDD00048B04F7649B050764AB051764BB0527653
:10CDE0004CB053764DB055764EB057764FB058761E
:10CDF00050B0597651B05A7652B05B7653B05D76EA
:10CE000054B05F7655B0607656B0617657B06276B2
:10CE100058B0647659B065765AB066765BB067767E
:10CE20005CB068765DB069765EB06A765FB06C764D
:10CE300060B06D7661B06E7662B0707663B0717618
:10CE400064B0727665B0737666B0747667B07576E6
:10CE500068B0767669B077766AB079766BB07A76B4
:10CE60006CB07C766DB07F766EB080766FB0817678
:10CE700070B0837671B0857672B0897673B08A7639
:10CE800074B08C7675B08D7676B08F7677B09076FC
:10CE900078B0927679B094767AB095767BB09776C2
:10CEA0007CB098767DB09A767EB09B7680B09C768A
:10CEB00081B09D7682B09E7683B09F7684B0A07656
:10CEC00085B0A17686B0A27687B0A37688B0A57625
:10CED00089B0A6768AB0A7768BB0A8768CB0A976F2
:10CEE0008DB0AA768EB0AB768FB0AC7690B0AD76C2
:10CEF00091B0AF7692B0B07693B0B37694B0B57689
:10CF000095B0B67696B0B77697B0B87698B0B97651
:10CF100099B0BA769AB0BB769BB0BC769CB0BD7621
:10CF20009DB0BE769EB0C0769FB0C176A0B0C376ED
:10CF3000A1B04A55A2B03F96A3B0C357A4B028638E
:10CF4000A5B0CE54A6B00955A7B0C054A8B09176EC
:10CF5000A9B04C76AAB03C85ABB0EE77ACB07E827F
:10CF6000ADB08D78AEB03172AFB09896B0B08D974D
:10CF7000B1B0286CB2B0895BB3B0FA4FB4B00963FA
:10CF8000B5B09766B6B0B85CB7B0FA80B8B04868CC
:10CF9000B9B0AE80BAB00266BBB0CE76BCB0F951C3
:10CFA000BDB05665BEB0AC71BFB0F17FC0B0848873
:10CFB000C1B0B250C2B06559C3B0CA61C4B0B36F9A
:10CFC000C5B0AD82C6B04C63C7B05262C8B0ED53B5
:10CFD000C9B02754CAB0067BCBB06B51CCB0A47596
:10CFE000CDB0F45DCEB0D462CFB0CB8DD0B076975B
:10CFF000D1B08A62D2B01980D3B05D57D4B038971F
:10D00000D5B0627FD6B03872D7B07D76D8B0CF6752
:10D01000D9B07E76DAB04664DBB0704FDCB0258DD7
:10D02000DDB0DC62DEB0177ADFB09165E0B0ED73A1
:10D03000E1B02C64E2B07362E3B02C82E4B081987A
:10D04000E5B07F67E6B04872E7B06E62E8B0CC62E8
:10D05000E9B0344FEAB0E374EBB04A53ECB09E52FF
:10D06000EDB0CA7EEEB0A690EFB02E5EF0B086684E
:10D07000F1B09C69F2B08081F3B0D17EF4B0D26897
:10D08000F5B0C578F6B08C86F7B05195F8B08D50F4
:10D09000F9B0248CFAB0DE82FBB0DE80FCB0055320
:10D0A000FDB01289FEB0655240B1C47641B1C77679
:10D0B00042B1C97643B1CB7644B1CC7645B1D37693
:10D0C00046B1D57647B1D97648B1DA7649B1DC7642
:10D0D0004AB1DD764BB1DE764CB1E0764DB1E1760A
:10D0E0004EB1E2764FB1E37650B1E47651B1E676D7
:10D0F00052B1E77653B1E87654B1E97655B1EA76A4
:10D1000056B1EB7657B1EC7658B1ED7659B1F07671
:10D110005AB1F3765BB1F5765CB1F6765DB1F77630
:10D120005EB1FA765FB1FB7660B1FD7661B1FF76F4
:10D1300062B1007763B1027764B1037765B10577B7
:10D1400066B1067767B10A7768B10C7769B10E7777
:10D150006AB10F776BB110776CB111776DB112773F
:10D160006EB113776FB1147770B1157771B116770F
:10D1700072B1177773B1187774B11B7775B11C77DB
:10D1800076B11D7777B11E7778B1217779B12377A2
:10D190007AB124777BB125777CB127777DB12A7767
:10D1A0007EB12B7780B12C7781B12E7782B1307729
:10D1B00083B1317784B1327785B1337786B13477F3
:10D1C00087B1397788B13B7789B13D778AB13E77AE
:10D1D0008BB13F778CB142778DB144778EB1457773
:10D1E0008FB1467790B1487791B1497792B14A773C
:10D1F00093B14B7794B14C7795B14D7796B14E770B
:10D2000097B14F7798B1527799B153779AB15477D4
:10D210009BB155779CB156779DB157779EB15877A2
:10D220009FB15977A0B15C77A1B18485A2B1F9967D
:10D23000A3B1DD4FA4B12158A5B17199A6B19D5BF1
:10D24000A7B1B162A8B1A562A9B1B466AAB1798C3F
:10D25000ABB18D9CACB10672ADB16F67AEB19178D8
:10D26000AFB1B260B0B15153B1B11753B2B1888F01
:10D27000B3B1CC80B4B11D8DB5B1A194B6B10D5090
:10D28000B7B1C872B8B10759B9B1EB60BAB1197189
:10D29000BBB1AB88BCB15459BDB1EF82BEB12C67F4
:10D2A000BFB1287BC0B1295DC1B1F77EC2B12D7578
:10D2B000C3B1F56CC4B1668EC5B1F88FC6B13C90F0
:10D2C000C7B13B9FC8B1D46BC9B11991CAB1147B26
:10D2D000CBB17C5FCCB1A778CDB1D684CEB13D8542
:10D2E000CFB1D56BD0B1D96BD1B1D66BD2B1015E14
:10D2F000D3B1875ED4B1F975D5B1ED95D6B15D6581
:10D30000D7B10A5FD8B1C55FD9B19F8FDAB1C15823
:10D31000DBB1C281DCB17F90DDB15B96DEB1AD9750
:10D32000DFB1B98FE0B1167FE1B12C8DE2B141627E
:10D33000E3B1BF4FE4B1D853E5B15E53E6B1A88F76
:10D34000E7B1A98FE8B1AB8FE9B14D90EAB10768B9
:10D35000EBB16A5FECB19881EDB16888EEB1D69C13
:10D36000EFB18B61F0B12B52F1B12A76F2B16C5F63
:10D37000F3B18C65F4B1D26FF5B1E86EF6B1BE5B76
:10D38000F7B14864F8B17551F9B1B051FAB1C46759
:10D39000FBB1194EFCB1C979FDB17C99FEB1B370F6
:10D3A00040B25D7741B25E7742B25F7743B2607759
:10D3B00044B2647745B2677746B2697747B26A7715
:10D3C00048B26D7749B26E774AB26F774BB27077D9
:10D3D0004CB271774DB272774EB273774FB27477A9
:10D3E00050B2757751B2767752B2777753B2787779
:10D3F00054B27A7755B27B7756B27C7757B2817741
:10D4000058B2827759B283775AB286775BB2877700
:10D410005CB288775DB289775EB28A775FB28B77CC
:10D4200060B28F7761B2907762B2937763B294778C
:10D4300064B2957765B2967766B2977767B2987758
:10D4400068B2997769B29A776AB29B776BB29C7728
:10D450006CB29D776DB29E776EB2A1776FB2A377F3
:10D4600070B2A47771B2A67772B2A87773B2AB77B5
:10D4700074B2AD7775B2AE7776B2AF7777B2B17777
:10D4800078B2B27779B2B4777AB2B6777BB2B7773F
:10D490007CB2B8777DB2B9777EB2BA7780B2BC770A
:10D4A00081B2BE7782B2C07783B2C17784B2C277CD
:10D4B00085B2C37786B2C47787B2C57788B2C6779C
:10D4C00089B2C7778AB2C8778BB2C9778CB2CA776C
:10D4D0008DB2CB778EB2CC778FB2CE7790B2CF773A
:10D4E00091B2D07792B2D17793B2D27794B2D37708
:10D4F00095B2D47796B2D57797B2D67798B2D877D7
:10D5000099B2D9779AB2DA779BB2DD779CB2DE779F
:10D510009DB2DF779EB2E0779FB2E177A0B2E47769
:10D52000A1B2C575A2B2765EA3B2BB73A4B2E0830A
:10D53000A5B2AD64A6B2E862A7B2B594A8B2E26C97
:10D54000A9B25A53AAB2C352ABB20F64ACB2C294DE
:10D55000ADB2947BAEB22F4FAFB21B5EB0B236828B
:10D56000B1B21681B2B28A81B3B2246EB4B2CA6CBF
:10D57000B5B2739AB6B25563B7B25C53B8B2FA5447
:10D58000B9B26588BAB2E057BBB20D4EBCB2035E09
:10D59000BDB2656BBEB23F7CBFB2E890C0B2166050
:10D5A000C1B2E664C2B21C73C3B2C188C4B25067D0
:10D5B000C5B24D62C6B2228DC7B26C77C8B2298E91
:10D5C000C9B2C791CAB2695FCBB2DC83CCB2218544
:10D5D000CDB21099CEB2C253CFB29586D0B28B6B7A
:10D5E000D1B2ED60D2B2E860D3B27F70D4B2CD8256
:10D5F000D5B23182D6B2D34ED7B2A76CD8B2CF85CE
:10D60000D9B2CD64DAB2D97CDBB2FD69DCB2F9669D
:10D61000DDB24983DEB29553DFB2567BE0B2A74F4D
:10D62000E1B28C51E2B24B6DE3B2425CE4B26D8E7A
:10D63000E5B2D263E6B2C953E7B22C83E8B23683CF
:10D64000E9B2E567EAB2B478EBB23D64ECB2DF5B15
:10D65000EDB2945CEEB2EE5DEFB2E78BF0B2C66273
:10D66000F1B2F467F2B27A8CF3B20064F4B2BA6346
:10D67000F5B24987F6B28B99F7B2178CF8B2207FD2
:10D68000F9B2F294FAB2A74EFBB21096FCB2A4988B
:10D69000FDB20C66FEB2167340B3E67741B3E8778D
:10D6A00042B3EA7743B3EF7744B3F07745B3F1770A
:10D6B00046B3F27747B3F47748B3F57749B3F777D2
:10D6C0004AB3F9774BB3FA774CB3FB774DB3FC779A
:10D6D0004EB303784FB3047850B3057851B306784E
:10D6E00052B3077853B3087854B30A7855B30B781C
:10D6F00056B30E7857B30F7858B3107859B31378E0
:10D700005AB315785BB319785CB31B785DB31E7898
:10D710005EB320785FB3217860B3227861B3247858
:10D7200062B3287863B32A7864B32B7865B32E7814
:10D7300066B32F7867B3317868B3327869B33378DA
:10D740006AB335786BB336786CB33D786DB33F7898
:10D750006EB341786FB3427870B3437871B3447855
:10D7600072B3467873B3487874B3497875B34A781E
:10D7700076B34B7877B34D7878B34F7879B35178E7
:10D780007AB353787BB354787CB358787DB35978A7
:10D790007EB35A7880B35B7881B35C7882B35E786D
:10D7A00083B35F7884B3607885B3617886B3627839
:10D7B00087B3637888B3647889B365788AB3667809
:10D7C0008BB367788CB368788DB369788EB36F78D4
:10D7D0008FB3707890B3717891B3727892B3737895
:10D7E00093B3747894B3757895B3767896B3787864
:10D7F00097B3797898B37A7899B37B789AB37D7830
:10D800009BB37E789CB37F789DB380789EB38178FC
:10D810009FB38278A0B38378A1B33A57A2B31D5CBB
:10D82000A3B3385EA4B37F95A5B37F50A6B3A08001
:10D83000A7B38253A8B35E65A9B34575AAB33155A2
:10D84000ABB32150ACB3858DADB38462AEB39E94BF
:10D85000AFB31D67B0B33256B1B36E6FB2B3E25D12
:10D86000B3B33554B4B39270B5B3668FB6B36F62C9
:10D87000B7B3A464B8B3A363B9B37B5FBAB3886F1B
:10D88000BBB3F490BCB3E381BDB3B08FBEB3185C3F
:10D89000BFB36866C0B3F15FC1B3896CC2B34896C9
:10D8A000C3B3818DC4B36C88C5B39164C6B3F0793A
:10D8B000C7B3CE57C8B3596AC9B31062CAB3485484
:10D8C000CBB3584ECCB30B7ACDB3E960CEB3846FF3
:10D8D000CFB3DA8BD0B37F62D1B31E90D2B38B9A21
:10D8E000D3B3E479D4B30354D5B3F475D6B3016399
:10D8F000D7B31953D8B3606CD9B3DF8FDAB31B5FDA
:10D90000DBB3709ADCB33B80DDB37F9FDEB3884F1F
:10D91000DFB33A5CE0B3648DE1B3C57FE2B3A565E4
:10D92000E3B3BD70E4B34551E5B3B251E6B36B86E2
:10D93000E7B3075DE8B3A05BE9B3BD62EAB36C91FE
:10D94000EBB37475ECB30C8EEDB3207AEEB30161DA
:10D95000EFB3797BF0B3C74EF1B3F87EF2B38577BE
:10D96000F3B3114EF4B3ED81F5B31D52F6B3FA5192
:10D97000F7B3716AF8B3A853F9B3878EFAB3049575
:10D98000FBB3CF96FCB3C16EFDB36496FEB35A6988
:10D9900040B4847841B4857842B4867843B48878BA
:10D9A00044B48A7845B48B7846B48F7847B490787D
:10D9B00048B4927849B494784AB495784BB4967840
:10D9C0004CB499784DB49D784EB49E784FB4A078FD
:10D9D00050B4A27851B4A47852B4A67853B4A878BD
:10D9E00054B4A97855B4AA7856B4AB7857B4AC7887
:10D9F00058B4AD7859B4AE785AB4AF785BB4B57852
:10DA00005CB4B6785DB4B7785EB4B8785FB4BA7811
:10DA100060B4BB7861B4BC7862B4BD7863B4BF78DD
:10DA200064B4C07865B4C27866B4C37867B4C478A7
:10DA300068B4C67869B4C7786AB4C8786BB4CC786F
:10DA40006CB4CD786DB4CE786EB4CF786FB4D17835
:10DA500070B4D27871B4D37872B4D67873B4D778FE
:10DA600074B4D87875B4DA7876B4DB7877B4DC78C7
:10DA700078B4DD7879B4DE787AB4DF787BB4E07896
:10DA80007CB4E1787DB4E2787EB4E37880B4E47865
:10DA900081B4E57882B4E67883B4E77884B4E97831
:10DAA00085B4EA7886B4EB7887B4ED7888B4EE78FC
:10DAB00089B4EF788AB4F0788BB4F1788CB4F378C9
:10DAC0008DB4F5788EB4F6788FB4F87890B4F97890
:10DAD00091B4FB7892B4FC7893B4FD7894B4FE785A
:10DAE00095B4FF7896B4007997B4027998B4037925
:10DAF00099B404799AB406799BB407799CB40879EF
:10DB00009DB409799EB40A799FB40B79A0B40C79BD
:10DB1000A1B44078A2B4A850A3B4D777A4B4106439
:10DB2000A5B4E689A6B40459A7B4E363A8B4DD5D3F
:10DB3000A9B47F7AAAB43D69ABB4204FACB43982A2
:10DB4000ADB49855AEB4324EAFB4AE75B0B4977AAA
:10DB5000B1B4625EB2B48A5EB3B4EF95B4B41B5292
:10DB6000B5B43954B6B48A70B7B47663B8B42495F2
:10DB7000B9B48257BAB42566BBB43F69BCB48791C7
:10DB8000BDB40755BEB4F36DBFB4AF7EC0B4228838
:10DB9000C1B43362C2B4F07EC3B4B575C4B42883D3
:10DBA000C5B4C178C6B4CC96C7B49E8FC8B448611A
:10DBB000C9B4F774CAB4CD8BCBB4646BCCB43A524D
:10DBC000CDB4508DCEB4216BCFB46A80D0B4718403
:10DBD000D1B4F156D2B40653D3B4CE4ED4B41B4E06
:10DBE000D5B4D151D6B4977CD7B48B91D8B4077C37
:10DBF000D9B4C34FDAB47F8EDBB4E17BDCB49C7A5A
:10DC0000DDB46764DEB4145DDFB4AC50E0B406810B
:10DC1000E1B40176E2B4B97CE3B4EC6DE4B4E07F46
:10DC2000E5B45167E6B4585BE7B4F85BE8B4CB7889
:10DC3000E9B4AE64EAB41364EBB4AA63ECB42B6346
:10DC4000EDB41995EEB42D64EFB4BE8FF0B4547BEF
:10DC5000F1B42976F2B45362F3B42759F4B44654BC
:10DC6000F5B4796BF6B4A350F7B43462F8B4265E19
:10DC7000F9B4866BFAB4E34EFBB4378DFCB48B88F1
:10DC8000FDB4855FFEB42E9040B50D7941B50E7997
:10DC900042B50F7943B5107944B5117945B512797C
:10DCA00046B5147947B5157948B5167949B5177948
:10DCB0004AB518794BB519794CB51A794DB51B7918
:10DCC0004EB51C794FB51D7950B51F7951B52079E6
:10DCD00052B5217953B5227954B5237955B52579B3
:10DCE00056B5267957B5277958B5287959B5297980
:10DCF0005AB52A795BB52B795CB52C795DB52D7950
:10DD00005EB52E795FB52F7960B5307961B531791F
:10DD100062B5327963B5337964B5357965B53679ED
:10DD200066B5377967B5387968B5397969B53D79B8
:10DD30006AB53F796BB542796CB543796DB5447975
:10DD40006EB545796FB5477970B54A7971B54B793C
:10DD500072B54C7973B54D7974B54E7975B54F7907
:10DD600076B5507977B5517978B5527979B55479D6
:10DD70007AB555797BB558797CB559797DB5617996
:10DD80007EB5637980B5647981B5667982B5697944
:10DD900083B56A7984B56B7985B56C7986B56E790A
:10DDA00087B5707988B5717989B572798AB57379D3
:10DDB0008BB574798CB575798DB576798EB57979A1
:10DDC0008FB57B7990B57C7991B57D7992B57E7967
:10DDD00093B57F7994B5827995B5837996B586792F
:10DDE00097B5877998B5887999B589799AB58B79F6
:10DDF0009BB58C799CB58D799DB58E799EB59079C2
:10DE00009FB59179A0B59279A1B52060A2B53D806A
:10DE1000A3B5C562A4B5394EA5B55553A6B5F890BE
:10DE2000A7B5B863A8B5C680A9B5E665AAB52E6C36
:10DE3000ABB5464FACB5EE60ADB5E16DAEB5DE8BC2
:10DE4000AFB5395FB0B5CB86B1B5535FB2B521631D
:10DE5000B3B55A51B4B56183B5B56368B6B5005270
:10DE6000B7B56363B8B5488EB9B51250BAB59B5C07
:10DE7000BBB57779BCB5FC5BBDB53052BEB53B7A5E
:10DE8000BFB5BC60C0B55390C1B5D776C2B5B75F5A
:10DE9000C3B5975FC4B58476C5B56C8EC6B56F70D3
:10DEA000C7B57B76C8B5497BC9B5AA77CAB5F35162
:10DEB000CBB59390CCB52458CDB54E4FCEB5F46EBE
:10DEC000CFB5EA8FD0B54C65D1B51B7BD2B5C47246
:10DED000D3B5A46DD4B5DF7FD5B5E15AD6B5B5625B
:10DEE000D7B5955ED8B53057D9B58284DAB52C7BD5
:10DEF000DBB51D5EDCB51F5FDDB51290DEB5147FAE
:10DF0000DFB5A098E0B58263E1B5C76EE2B5987859
:10DF1000E3B5B970E4B57851E5B55B97E6B5AB57B5
:10DF2000E7B53575E8B5434FE9B53875EAB5975E9D
:10DF3000EBB5E660ECB56059EDB5C06DEEB5BF6B05
:10DF4000EFB58978F0B5FC53F1B5D596F2B5CB5164
:10DF5000F3B50152F4B58963F5B50A54F6B5939457
:10DF6000F7B5038CF8B5CC8DF9B53972FAB59F7851
:10DF7000FBB57687FCB5ED8FFDB50D8CFEB5E05396
:10DF800040B6937941B6947942B6957943B696797D
:10DF900044B6977945B6987946B6997947B69B794C
:10DFA00048B69C7949B69D794AB69E794BB69F7919
:10DFB0004CB6A0794DB6A1794EB6A2794FB6A379E9
:10DFC00050B6A47951B6A57952B6A67953B6A879B8
:10DFD00054B6A97955B6AA7956B6AB7957B6AC7985
:10DFE00058B6AD7959B6AE795AB6AF795BB6B07955
:10DFF0005CB6B1795DB6B2795EB6B4795FB6B57923
:10E0000060B6B67961B6B77962B6B87963B6BC79ED
:10E0100064B6BF7965B6C27966B6C47967B6C579A4
:10E0200068B6C77969B6C8796AB6CA796BB6CC7969
:10E030006CB6CE796DB6CF796EB6D0796FB6D3792E
:10E0400070B6D47971B6D67972B6D77973B6D979F4
:10E0500074B6DA7975B6DB7976B6DC7977B6DD79C0
:10E0600078B6DE7979B6E0797AB6E1797BB6E2798D
:10E070007CB6E5797DB6E8797EB6EA7980B6EC794A
:10E0800081B6EE7982B6F17983B6F27984B6F37906
:10E0900085B6F47986B6F57987B6F67988B6F779D4
:10E0A00089B6F9798AB6FA798BB6FC798CB6FE799D
:10E0B0008DB6FF798EB6017A8FB6047A90B6057A5E
:10E0C00091B6077A92B6087A93B6097A94B60A7A24
:10E0D00095B60C7A96B60F7A97B6107A98B6117AEA
:10E0E00099B6127A9AB6137A9BB6157A9CB6167AB6
:10E0F0009DB6187A9EB6197A9FB61B7AA0B61C7A7E
:10E10000A1B6014EA2B6EF76A3B6EE53A4B689949B
:10E11000A5B67698A6B60E9FA7B62D95A8B69A5B1B
:10E12000A9B6A28BAAB6224EABB61C4EACB6AC5169
:10E13000ADB66384AEB6C261AFB6A852B0B60B68D6
:10E14000B1B6974FB2B66B60B3B6BB51B4B61E6DE5
:10E15000B5B65C51B6B69662B7B69765B8B6619675
:10E16000B9B6468CBAB61790BBB6D875BCB6FD909A
:10E17000BDB66377BEB6D26BBFB68A72C0B6EC725C
:10E18000C1B6FB8BC2B63558C3B67977C4B64C8DD1
:10E19000C5B65C67C6B64095C7B69A80C8B6A65ED7
:10E1A000C9B6216ECAB69259CBB6EF7ACCB6ED7726
:10E1B000CDB63B95CEB6B56BCFB6AD65D0B60E7FBE
:10E1C000D1B60658D2B65151D3B61F96D4B6F95B24
:10E1D000D5B6A958D6B62854D7B6728ED8B66665C5
:10E1E000D9B67F98DAB6E456DBB69D94DCB6FE76F7
:10E1F000DDB64190DEB68763DFB6C654E0B61A5985
:10E20000E1B63A59E2B69B57E3B6B28EE4B635674B
:10E21000E5B6FA8DE6B63582E7B64152E8B6F0606B
:10E22000E9B61558EAB6FE86EBB6E85CECB6459E54
:10E23000EDB6C44FEEB69D98EFB6B98BF0B6255A41
:10E24000F1B67660F2B68453F3B67C62F4B64F90C2
:10E25000F5B60291F6B67F99F7B66960F8B60C800C
:10E26000F9B63F51FAB63380FBB6145CFCB675992B
:10E27000FDB6316DFEB68C4E40B71D7A41B71F7AA0
:10E2800042B7217A43B7227A44B7247A45B7257A30
:10E2900046B7267A47B7277A48B7287A49B7297AFE
:10E2A0004AB72A7A4BB72B7A4CB72C7A4DB72D7ACE
:10E2B0004EB72E7A4FB72F7A50B7307A51B7317A9E
:10E2C00052B7327A53B7347A54B7357A55B7367A6B
:10E2D00056B7387A57B73A7A58B73E7A59B7407A2C
:10E2E0005AB7417A5BB7427A5CB7437A5DB7447AF2
:10E2F0005EB7457A5FB7477A60B7487A61B7497ABF
:10E3000062B74A7A63B74B7A64B74C7A65B74D7A8D
:10E3100066B74E7A67B74F7A68B7507A69B7527A5C
:10E320006AB7537A6BB7547A6CB7557A6DB7567A29
:10E330006EB7587A6FB7597A70B75A7A71B75B7AF5
:10E3400072B75C7A73B75D7A74B75E7A75B75F7AC5
:10E3500076B7607A77B7617A78B7627A79B7637A95
:10E360007AB7647A7BB7657A7CB7667A7DB7677A65
:10E370007EB7687A80B7697A81B76A7A82B76B7A32
:10E3800083B76C7A84B76D7A85B76E7A86B76F7A01
:10E3900087B7717A88B7727A89B7737A8AB7757ACC
:10E3A0008BB77B7A8CB77C7A8DB77D7A8EB77E7A85
:10E3B0008FB7827A90B7857A91B7877A92B7897A40
:10E3C00093B78A7A94B78B7A95B78C7A96B78E7A08
:10E3D00097B78F7A98B7907A99B7937A9AB7947AD1
:10E3E0009BB7997A9CB79A7A9DB79B7A9EB79E7A8B
:10E3F0009FB7A17AA0B7A27AA1B7308DA2B7D153A7
:10E40000A3B75A7FA4B74F7BA5B7104FA6B74F4EFF
:10E41000A7B70096A8B7D56CA9B7D073AAB7E985F6
:10E42000ABB7065EACB76A75ADB7FB7FAEB70A6A2D
:10E43000AFB7FE77B0B79294B1B7417EB2B7E151B2
:10E44000B3B7E670B4B7CD53B5B7D48FB6B70383BF
:10E45000B7B7298DB8B7AF72B9B76D99BAB7DB6CDA
:10E46000BBB74A57BCB7B382BDB7B965BEB7AA80C0
:10E47000BFB73F62C0B73296C1B7A859C2B7FF4E07
:10E48000C3B7BF8BC4B7BA7EC5B73E65C6B7F28304
:10E49000C7B75E97C8B76155C9B7DE98CAB7A58038
:10E4A000CBB72A53CCB7FD8BCDB72054CEB7BA80AB
:10E4B000CFB79F5ED0B7B86CD1B7398DD2B7AC8229
:10E4C000D3B75A91D4B72954D5B71B6CD6B70652D7
:10E4D000D7B7B77ED8B75F57D9B71A71DAB77E6C9E
:10E4E000DBB7897CDCB74B59DDB7FD4EDEB7FF5F8C
:10E4F000DFB72461E0B7AA7CE1B7304EE2B7015C38
:10E50000E3B7AB67E4B70287E5B7F05CE6B70B9516
:10E51000E7B7CE98E8B7AF75E9B7FD70EAB72290D4
:10E52000EBB7AF51ECB71D7FEDB7BD8BEEB74959D7
:10E53000EFB7E451F0B75B4FF1B72654F2B72B5960
:10E54000F3B77765F4B7A480F5B7755BF6B7766275
:10E55000F7B7C262F8B7908FF9B7455EFAB71F6C8C
:10E56000FBB7267BFCB70F4FFDB7D84FFEB70D6743
:10E5700040B8A37A41B8A47A42B8A77A43B8A97A36
:10E5800044B8AA7A45B8AB7A46B8AE7A47B8AF7AFB
:10E5900048B8B07A49B8B17A4AB8B27A4BB8B47AC6
:10E5A0004CB8B57A4DB8B67A4EB8B77A4FB8B87A93
:10E5B00050B8B97A51B8BA7A52B8BB7A53B8BC7A63
:10E5C00054B8BD7A55B8BE7A56B8C07A57B8C17A31
:10E5D00058B8C27A59B8C37A5AB8C47A5BB8C57AFF
:10E5E0005CB8C67A5DB8C77A5EB8C87A5FB8C97ACF
:10E5F00060B8CA7A61B8CC7A62B8CD7A63B8CE7A9C
:10E6000064B8CF7A65B8D07A66B8D17A67B8D27A6A
:10E6100068B8D37A69B8D47A6AB8D57A6BB8D77A39
:10E620006CB8D87A6DB8DA7A6EB8DB7A6FB8DC7A03
:10E6300070B8DD7A71B8E17A72B8E27A73B8E47AC8
:10E6400074B8E77A75B8E87A76B8E97A77B8EA7A8A
:10E6500078B8EB7A79B8EC7A7AB8EE7A7BB8F07A57
:10E660007CB8F17A7DB8F27A7EB8F37A80B8F47A21
:10E6700081B8F57A82B8F67A83B8F77A84B8F87AEE
:10E6800085B8FB7A86B8FC7A87B8FE7A88B8007BB2
:10E6900089B8017B8AB8027B8BB8057B8CB8077B75
:10E6A0008DB8097B8EB80C7B8FB80D7B90B80E7B34
:10E6B00091B8107B92B8127B93B8137B94B8167BF9
:10E6C00095B8177B96B8187B97B81A7B98B81C7BBF
:10E6D00099B81D7B9AB81F7B9BB8217B9CB8227B85
:10E6E0009DB8237B9EB8277B9FB8297BA0B82D7B44
:10E6F000A1B86E6DA2B8AA6DA3B88F79A4B8B1887D
:10E70000A5B8175FA6B82B75A7B89A62A8B8858F69
:10E71000A9B8EF4FAAB8DC91ABB8A765ACB82F8108
:10E72000ADB85181AEB89C5EAFB85081B0B8748DB1
:10E73000B1B86F52B2B88689B3B84B8DB4B80D5921
:10E74000B5B88550B6B8D84EB7B81C96B8B83672BA
:10E75000B9B87981BAB81F8DBBB8CC5BBCB8A38BF4
:10E76000BDB84496BEB88759BFB81A7FC0B8905498
:10E77000C1B87656C2B80E56C3B8E58BC4B8396571
:10E78000C5B88269C6B89994C7B8D676C8B8896E34
:10E79000C9B8725ECAB81875CBB84667CCB8D1672D
:10E7A000CDB8FF7ACEB89D80CFB8768DD0B81F6136
:10E7B000D1B8C679D2B86265D3B8638DD4B8885160
:10E7C000D5B81A52D6B8A294D7B8387FD8B89B809B
:10E7D000D9B8B27EDAB8975CDBB82F6EDCB8606768
:10E7E000DDB8D97BDEB88B76DFB8D89AE0B88F81F8
:10E7F000E1B8947FE2B8D57CE3B81E64E4B85095E4
:10E80000E5B83F7AE6B84A54E7B8E554E8B84C6B47
:10E81000E9B80164EAB80862EBB83D9EECB8F38051
:10E82000EDB89975EEB87252EFB86997F0B85B849D
:10E83000F1B83C68F2B8E486F3B80196F4B894965F
:10E84000F5B8EC94F6B82A4EF7B80454F8B8D97E67
:10E85000F9B83968FAB8DF8DFBB81580FCB8F466F2
:10E86000FDB89A5EFEB8B97F40B92F7B41B9307BC5
:10E8700042B9327B43B9347B44B9357B45B9367BE9
:10E8800046B9377B47B9397B48B93B7B49B93D7BB2
:10E890004AB93F7B4BB9407B4CB9417B4DB9427B78
:10E8A0004EB9437B4FB9447B50B9467B51B9487B45
:10E8B00052B94A7B53B94D7B54B94E7B55B9537B02
:10E8C00056B9557B57B9577B58B9597B59B95C7BB9
:10E8D0005AB95E7B5BB95F7B5CB9617B5DB9637B79
:10E8E0005EB9647B5FB9657B60B9667B61B9677B44
:10E8F00062B9687B63B9697B64B96A7B65B96B7B14
:10E9000066B96C7B67B96D7B68B96F7B69B9707BE1
:10E910006AB9737B6BB9747B6CB9767B6DB9787BA4
:10E920006EB97A7B6FB97C7B70B97D7B71B97F7B67
:10E9300072B9817B73B9827B74B9837B75B9847B2F
:10E9400076B9867B77B9877B78B9887B79B9897BFB
:10E950007AB98A7B7BB98B7B7CB98C7B7DB98E7BCA
:10E960007EB98F7B80B9917B81B9927B82B9937B91
:10E9700083B9967B84B9987B85B9997B86B99A7B54
:10E9800087B99B7B88B99E7B89B99F7B8AB9A07B1D
:10E990008BB9A37B8CB9A47B8DB9A57B8EB9AE7BDB
:10E9A0008FB9AF7B90B9B07B91B9B27B92B9B37B91
:10E9B00093B9B57B94B9B67B95B9B77B96B9B97B5A
:10E9C00097B9BA7B98B9BB7B99B9BC7B9AB9BD7B27
:10E9D0009BB9BE7B9CB9BF7B9DB9C07B9EB9C27BF6
:10E9E0009FB9C37BA0B9C47BA1B9C257A2B93F806C
:10E9F000A3B99768A4B9E55DA5B93B65A6B99F52CF
:10EA0000A7B96D60A8B99A9FA9B99B4FAAB9AC8E56
:10EA1000ABB96C51ACB9AB5BADB9135FAEB9E95DE5
:10EA2000AFB95E6CB0B9F162B1B9218DB2B97151B3
:10EA3000B3B9A994B4B9FE52B5B99F6CB6B9DF8227
:10EA4000B7B9D772B8B9A257B9B98467BAB92D8D19
:10EA5000BBB91F59BCB99C8FBDB9C783BEB995540A
:10EA6000BFB98D7BC0B9304FC1B9BD6CC2B9645B51
:10EA7000C3B9D159C4B9139FC5B9E453C6B9CA863D
:10EA8000C7B9A89AC8B9378CC9B9A180CAB94565B0
:10EA9000CBB97E98CCB9FA56CDB9C796CEB92E521D
:10EAA000CFB9DC74D0B95052D1B9E15BD2B90263AD
:10EAB000D3B90289D4B9564ED5B9D062D6B92A6035
:10EAC000D7B9FA68D8B97351D9B9985BDAB9A051F6
:10EAD000DBB9C289DCB9A17BDDB98699DEB9507F8B
:10EAE000DFB9EF60E0B94C70E1B92F8DE2B949515F
:10EAF000E3B97F5EE4B91B90E5B97074E6B9C489E7
:10EB0000E7B92D57E8B94578E9B9525FEAB99F9F4F
:10EB1000EBB9FA95ECB9688FEDB93C9BEEB9E18B96
:10EB2000EFB97876F0B94268F1B9DC67F2B9EA8DED
:10EB3000F3B9358DF4B93D52F5B98A8FF6B9DA6E6D
:10EB4000F7B9CD68F8B90595F9B9ED90FAB9FD5660
:10EB5000FBB99C67FCB9F988FDB9C78FFEB9C854E9
:10EB600040BAC57B41BAC87B42BAC97B43BACA7BAB
:10EB700044BACB7B45BACD7B46BACE7B47BACF7B76
:10EB800048BAD07B49BAD27B4ABAD47B4BBAD57B40
:10EB90004CBAD67B4DBAD77B4EBAD87B4FBADB7B0B
:10EBA00050BADC7B51BADE7B52BADF7B53BAE07BD2
:10EBB00054BAE27B55BAE37B56BAE47B57BAE77B9B
:10EBC00058BAE87B59BAE97B5ABAEB7B5BBAEC7B63
:10EBD0005CBAED7B5DBAEF7B5EBAF07B5FBAF27B2D
:10EBE00060BAF37B61BAF47B62BAF57B63BAF67BF9
:10EBF00064BAF87B65BAF97B66BAFA7B67BAFB7BC5
:10EC000068BAFD7B69BAFF7B6ABA007C6BBA017C8B
:10EC10006CBA027C6DBA037C6EBA047C6FBA057C58
:10EC200070BA067C71BA087C72BA097C73BA0A7C25
:10EC300074BA0D7C75BA0E7C76BA107C77BA117CEA
:10EC400078BA127C79BA137C7ABA147C7BBA157CB8
:10EC50007CBA177C7DBA187C7EBA197C80BA1A7C83
:10EC600081BA1B7C82BA1C7C83BA1D7C84BA1E7C50
:10EC700085BA207C86BA217C87BA227C88BA237C1C
:10EC800089BA247C8ABA257C8BBA287C8CBA297CE8
:10EC90008DBA2B7C8EBA2C7C8FBA2D7C90BA2E7CB0
:10ECA00091BA2F7C92BA307C93BA317C94BA327C80
:10ECB00095BA337C96BA347C97BA357C98BA367C50
:10ECC00099BA377C9ABA397C9BBA3A7C9CBA3B7C1D
:10ECD0009DBA3C7C9EBA3D7C9FBA3E7CA0BA427CE9
:10ECE000A1BAB89AA2BA695BA3BA776DA4BA266C26
:10ECF000A5BAA54EA6BAB35BA7BA879AA8BA63917C
:10ED0000A9BAA861AABAAF90ABBAE997ACBA2B542A
:10ED1000ADBAB56DAEBAD25BAFBAFD51B0BA8A55D5
:10ED2000B1BA557FB2BAF07FB3BABC64B4BA4D631E
:10ED3000B5BAF165B6BABE61B7BA8D60B8BA0A7134
:10ED4000B9BA576CBABA496CBBBA2F59BCBA6D671D
:10ED5000BDBA2A82BEBAD558BFBA8E56C0BA6A8C1E
:10ED6000C1BAEB6BC2BADD90C3BA7D59C4BA178081
:10ED7000C5BAF753C6BA696DC7BA7554C8BA9D55B6
:10ED8000C9BA7783CABACF83CBBA3868CCBABE794E
:10ED9000CDBA8C54CEBA554FCFBA0854D0BAD27629
:10EDA000D1BA898CD2BA0296D3BAB36CD4BAB86D40
:10EDB000D5BA6B8DD6BA1089D7BA649ED8BA3A8DB7
:10EDC000D9BA3F56DABAD19EDBBAD575DCBA885FBC
:10EDD000DDBAE072DEBA6860DFBAFC54E0BAA84E71
:10EDE000E1BA2A6AE2BA6188E3BA5260E4BA708F83
:10EDF000E5BAC454E6BAD870E7BA7986E8BA3F9E55
:10EE0000E9BA2A6DEABA8F5BEBBA185FECBAA27E58
:10EE1000EDBA8955EEBAAF4FEFBA3473F0BA3C543D
:10EE2000F1BA9A53F2BA1950F3BA0E54F4BA7C54A8
:10EE3000F5BA4E4EF6BAFD5FF7BA5A74F8BAF658FC
:10EE4000F9BA6B84FABAE180FBBA7487FCBAD07263
:10EE5000FDBACA7CFEBA566E40BB437C41BB447CC3
:10EE600042BB457C43BB467C44BB477C45BB487C9E
:10EE700046BB497C47BB4A7C48BB4B7C49BB4C7C6E
:10EE80004ABB4E7C4BBB4F7C4CBB507C4DBB517C3A
:10EE90004EBB527C4FBB537C50BB547C51BB557C0A
:10EEA00052BB567C53BB577C54BB587C55BB597CDA
:10EEB00056BB5A7C57BB5B7C58BB5C7C59BB5D7CAA
:10EEC0005ABB5E7C5BBB5F7C5CBB607C5DBB617C7A
:10EED0005EBB627C5FBB637C60BB647C61BB657C4A
:10EEE00062BB667C63BB677C64BB687C65BB697C1A
:10EEF00066BB6A7C67BB6B7C68BB6C7C69BB6D7CEA
:10EF00006ABB6E7C6BBB6F7C6CBB707C6DBB717CB9
:10EF10006EBB727C6FBB757C70BB767C71BB777C83
:10EF200072BB787C73BB797C74BB7A7C75BB7E7C4E
:10EF300076BB7F7C77BB807C78BB817C79BB827C15
:10EF40007ABB837C7BBB847C7CBB857C7DBB867CE5
:10EF50007EBB877C80BB887C81BB8A7C82BB8B7CB0
:10EF600083BB8C7C84BB8D7C85BB8E7C86BB8F7C7D
:10EF700087BB907C88BB937C89BB947C8ABB967C46
:10EF80008BBB997C8CBB9A7C8DBB9B7C8EBBA07C05
:10EF90008FBBA17C90BBA37C91BBA67C92BBA77CC2
:10EFA00093BBA87C94BBA97C95BBAB7C96BBAC7C8B
:10EFB00097BBAD7C98BBAF7C99BBB07C9ABBB47C53
:10EFC0009BBBB57C9CBBB67C9DBBB77C9EBBB87C19
:10EFD0009FBBBA7CA0BBBB7CA1BB275FA2BB4E86FC
:10EFE000A3BB2C55A4BBA462A5BB924EA6BBAA6C26
:10EFF000A7BB3762A8BBB182A9BBD754AABB4E53EB
:10F00000ABBB3E73ACBBD16EADBB3B75AEBB12525E
:10F01000AFBB1653B0BBDD8BB1BBD069B2BB8A5F4F
:10F02000B3BB0060B4BBEE6DB5BB4F57B6BB226B34
:10F03000B7BBAF73B8BB5368B9BBD88FBABB137F2C
:10F04000BBBB6263BCBBA360BDBB2455BEBBEA7542
:10F05000BFBB628CC0BB1571C1BBA36DC2BBA65B3D
:10F06000C3BB7B5EC4BB5283C5BB4C61C6BBC49EE5
:10F07000C7BBFA78C8BB5787C9BB277CCABB877692
:10F08000CBBBF051CCBBF660CDBB4C71CEBB436665
:10F09000CFBB4C5ED0BB4D60D1BB0E8CD2BB707071
:10F0A000D3BB2563D4BB898FD5BBBD5FD6BB6260A4
:10F0B000D7BBD486D8BBDE56D9BBC16BDABB946054
:10F0C000DBBB6761DCBB4953DDBBE060DEBB666672
:10F0D000DFBB3F8DE0BBFD79E1BB1A4FE2BBE970BE
:10F0E000E3BB476CE4BBB38BE5BBF28BE6BBD87EDE
:10F0F000E7BB6483E8BB0F66E9BB5A5AEABB429B95
:10F10000EBBB516DECBBF76DEDBB418CEEBB3B6DCA
:10F11000EFBB194FF0BB6B70F1BBB783F2BB16624C
:10F12000F3BBD160F4BB0D97F5BB278DF6BB7879A7
:10F13000F7BBFB51F8BB3E57F9BBFA57FABB3A672E
:10F14000FBBB7875FCBB3D7AFDBBEF79FEBB957BC5
:10F1500040BCBF7C41BCC07C42BCC27C43BCC37CC5
:10F1600044BCC47C45BCC67C46BCC97C47BCCB7C8B
:10F1700048BCCE7C49BCCF7C4ABCD07C4BBCD17C4B
:10F180004CBCD27C4DBCD37C4EBCD47C4FBCD87C18
:10F1900050BCDA7C51BCDB7C52BCDD7C53BCDE7CD9
:10F1A00054BCE17C55BCE27C56BCE37C57BCE47C9F
:10F1B00058BCE57C59BCE67C5ABCE77C5BBCE97C6E
:10F1C0005CBCEA7C5DBCEB7C5EBCEC7C5FBCED7C3B
:10F1D00060BCEE7C61BCF07C62BCF17C63BCF27C08
:10F1E00064BCF37C65BCF47C66BCF57C67BCF67CD7
:10F1F00068BCF77C69BCF97C6ABCFA7C6BBCFC7CA3
:10F200006CBCFD7C6DBCFE7C6EBCFF7C6FBC007D6D
:10F2100070BC017D71BC027D72BC037D73BC047D3A
:10F2200074BC057D75BC067D76BC077D77BC087D0A
:10F2300078BC097D79BC0B7D7ABC0C7D7BBC0D7DD7
:10F240007CBC0E7D7DBC0F7D7EBC107D80BC117DA5
:10F2500081BC127D82BC137D83BC147D84BC157D72
:10F2600085BC167D86BC177D87BC187D88BC197D42
:10F2700089BC1A7D8ABC1B7D8BBC1C7D8CBC1D7D12
:10F280008DBC1E7D8EBC1F7D8FBC217D90BC237DDF
:10F2900091BC247D92BC257D93BC267D94BC287DA9
:10F2A00095BC297D96BC2A7D97BC2C7D98BC2D7D74
:10F2B00099BC2E7D9ABC307D9BBC317D9CBC327D3F
:10F2C0009DBC337D9EBC347D9FBC357DA0BC367D0E
:10F2D000A1BC8C80A2BC6599A3BCF98FA4BCC06FF3
:10F2E000A5BCA58BA6BC219EA7BCEC59A8BCE97EF9
:10F2F000A9BC097FAABC0954ABBC8167ACBCD86867
:10F30000ADBC918FAEBC4D7CAFBCC696B0BCCA53F1
:10F31000B1BC2560B2BCBE75B3BC726CB4BC7353D7
:10F32000B5BCC95AB6BCA77EB7BC2463B8BCE05113
:10F33000B9BC0A81BABCF15DBBBCDF84BCBC8062D5
:10F34000BDBC8051BEBC635BBFBC0E4FC0BC6D7901
:10F35000C1BC4252C2BCB860C3BC4E6DC4BCC45B2D
:10F36000C5BCC25BC6BCA18BC7BCB08BC8BCE265C8
:10F37000C9BCCC5FCABC4596CBBC9359CCBCE77E1C
:10F38000CDBCAA7ECEBC0956CFBCB767D0BC39591C
:10F39000D1BC734FD2BCB65BD3BCA052D4BC5A8391
:10F3A000D5BC8A98D6BC3E8DD7BC3275D8BCBE942D
:10F3B000D9BC4750DABC3C7ADBBCF74EDCBCB66744
:10F3C000DDBC7E9ADEBCC15ADFBC7C6BE0BCD17672
:10F3D000E1BC5A57E2BC165CE3BC3A7BE4BCF49552
:10F3E000E5BC4E71E6BC7C51E7BCA980E8BC7082EC
:10F3F000E9BC7859EABC047FEBBC2783ECBCC0684D
:10F40000EDBCEC67EEBCB178EFBC7778F0BCE362A2
:10F41000F1BC6163F2BC807BF3BCED4FF4BC6A527B
:10F42000F5BCCF51F6BC5083F7BCDB69F8BC7492D5
:10F43000F9BCF58DFABC318DFBBCC189FCBC2E95A5
:10F44000FDBCAD7BFEBCF64E40BD377D41BD387D79
:10F4500042BD397D43BD3A7D44BD3B7D45BD3C7DCC
:10F4600046BD3D7D47BD3E7D48BD3F7D49BD407D9C
:10F470004ABD417D4BBD427D4CBD437D4DBD447D6C
:10F480004EBD457D4FBD467D50BD477D51BD487D3C
:10F4900052BD497D53BD4A7D54BD4B7D55BD4C7D0C
:10F4A00056BD4D7D57BD4E7D58BD4F7D59BD507DDC
:10F4B0005ABD517D5BBD527D5CBD537D5DBD547DAC
:10F4C0005EBD557D5FBD567D60BD577D61BD587D7C
:10F4D00062BD597D63BD5A7D64BD5B7D65BD5C7D4C
:10F4E00066BD5D7D67BD5E7D68BD5F7D69BD607D1C
:10F4F0006ABD617D6BBD627D6CBD637D6DBD647DEC
:10F500006EBD657D6FBD667D70BD677D71BD687DBB
:10F5100072BD697D73BD6A7D74BD6B7D75BD6C7D8B
:10F5200076BD6D7D77BD6F7D78BD707D79BD717D58
:10F530007ABD727D7BBD737D7CBD747D7DBD757D27
:10F540007EBD767D80BD787D81BD797D82BD7A7DF1
:10F5500083BD7B7D84BD7C7D85BD7D7D86BD7E7DBF
:10F5600087BD7F7D88BD807D89BD817D8ABD827D8F
:10F570008BBD837D8CBD847D8DBD857D8EBD867D5F
:10F580008FBD877D90BD887D91BD897D92BD8A7D2F
:10F5900093BD8B7D94BD8C7D95BD8D7D96BD8E7DFF
:10F5A00097BD8F7D98BD907D99BD917D9ABD927DCF
:10F5B0009BBD937D9CBD947D9DBD957D9EBD967D9F
:10F5C0009FBD977DA0BD987DA1BD6550A2BD308235
:10F5D000A3BD5152A4BD6F99A5BD106EA6BD856E89
:10F5E000A7BDA76DA8BDFA5EA9BDF550AABDDC599F
:10F5F000ABBD065CACBD466DADBD5F6CAEBD86758A
:10F60000AFBD8B84B0BD6868B1BD5659B2BDB28B79
:10F61000B3BD2053B4BD7191B5BD4D96B6BD4985FE
:10F62000B7BD1269B8BD0179B9BD2671BABDF68002
:10F63000BBBDA44EBCBDCA90BDBD476DBEBD849AC6
:10F64000BFBD075AC0BDBC56C1BD0564C2BDF09464
:10F65000C3BDEB77C4BDA54FC5BD1A81C6BDE17260
:10F66000C7BDD289C8BD7A99C9BD347FCABDDE7E07
:10F67000CBBD7F52CCBD5965CDBD7591CEBD7F8FC1
:10F68000CFBD838FD0BDEB53D1BD967AD2BDED6394
:10F69000D3BDA563D4BD8676D5BDF879D6BD5788D0
:10F6A000D7BD3696D8BD2A62D9BDAB52DABD8282AB
:10F6B000DBBD5468DCBD7067DDBD7763DEBD6B7795
:10F6C000DFBDED7AE0BD016DE1BDD37EE2BDE38932
:10F6D000E3BDD059E4BD1262E5BDC985E6BDA58292
:10F6E000E7BD4C75E8BD1F50E9BDCB4EEABDA57521
:10F6F000EBBDEB8BECBD4A5CEDBDFE5DEEBD4B7B27
:10F70000EFBDA465F0BDD191F1BDCA4EF2BD256D2E
:10F71000F3BD5F89F4BD277DF5BD2695F6BDC54EC9
:10F72000F7BD288CF8BDDB8FF9BD7397FABD4B662A
:10F73000FBBD8179FCBDD18FFDBDEC70FEBD786D48
:10F7400040BE997D41BE9A7D42BE9B7D43BE9C7D5D
:10F7500044BE9D7D45BE9E7D46BE9F7D47BEA07D2D
:10F7600048BEA17D49BEA27D4ABEA37D4BBEA47DFD
:10F770004CBEA57D4DBEA77D4EBEA87D4FBEA97DCA
:10F7800050BEAA7D51BEAB7D52BEAC7D53BEAD7D99
:10F7900054BEAF7D55BEB07D56BEB17D57BEB27D65
:10F7A00058BEB37D59BEB47D5ABEB57D5BBEB67D35
:10F7B0005CBEB77D5DBEB87D5EBEB97D5FBEBA7D05
:10F7C00060BEBB7D61BEBC7D62BEBD7D63BEBE7DD5
:10F7D00064BEBF7D65BEC07D66BEC17D67BEC27DA5
:10F7E00068BEC37D69BEC47D6ABEC57D6BBEC67D75
:10F7F0006CBEC77D6DBEC87D6EBEC97D6FBECA7D45
:10F8000070BECB7D71BECC7D72BECD7D73BECE7D14
:10F8100074BECF7D75BED07D76BED17D77BED27DE4
:10F8200078BED37D79BED47D7ABED57D7BBED67DB4
:10F830007CBED77D7DBED87D7EBED97D80BEDA7D83
:10F8400081BEDB7D82BEDC7D83BEDD7D84BEDE7D50
:10F8500085BEDF7D86BEE07D87BEE17D88BEE27D20
:10F8600089BEE37D8ABEE47D8BBEE57D8CBEE67DF0
:10F870008DBEE77D8EBEE87D8FBEE97D90BEEA7DC0
:10F8800091BEEB7D92BEEC7D93BEED7D94BEEE7D90
:10F8900095BEEF7D96BEF07D97BEF17D98BEF27D60
:10F8A00099BEF37D9ABEF47D9BBEF57D9CBEF67D30
:10F8B0009DBEF77D9EBEF87D9FBEF97DA0BEFA7D00
:10F8C000A1BE3D5CA2BEB252A3BE4683A4BE62519D
:10F8D000A5BE0E83A6BE5B77A7BE7666A8BEB89C03
:10F8E000A9BEAC4EAABECA60ABBEBE7CACBEB37CE9
:10F8F000ADBECF7EAEBE954EAFBE668BB0BE6F6660
:10F90000B1BE8898B2BE5997B3BE8358B4BE6C6579
:10F91000B5BE5C95B6BE845FB7BEC975B8BE569716
:10F92000B9BEDF7ABABEDE7ABBBEC051BCBEAF7014
:10F93000BDBE987ABEBEEA63BFBE767AC0BEA07E68
:10F94000C1BE9673C2BEED97C3BE454EC4BE7870AD
:10F95000C5BE5D4EC6BE5291C7BEA953C8BE516555
:10F96000C9BEE765CABEFC81CBBE0582CCBE8E5443
:10F97000CDBE315CCEBE9A75CFBEA097D0BED86248
:10F98000D1BED972D2BEBD75D3BE455CD4BE799A04
:10F99000D5BECA83D6BE405CD7BE8054D8BEE977F8
:10F9A000D9BE3E4EDABEAE6CDBBE5A80DCBED26241
:10F9B000DDBE6E63DEBEE85DDFBE7751E0BEDD8D8D
:10F9C000E1BE1E8EE2BE2F95E3BEF14FE4BEE553CD
:10F9D000E5BEE760E6BEAC70E7BE6752E8BE5063C6
:10F9E000E9BE439EEABE1F5AEBBE2650ECBE3777F7
:10F9F000EDBE7753EEBEE27EEFBE8564F0BE2B65B2
:10FA0000F1BE8962F2BE9863F3BE1450F4BE357243
:10FA1000F5BEC989F6BEB351F7BEC08BF8BEDD7E18
:10FA2000F9BE4757FABECC83FBBEA794FCBE9B51E0
:10FA3000FDBE1B54FEBEFB5C40BFFB7D41BFFC7D99
:10FA400042BFFD7D43BFFE7D44BFFF7D45BF007EBD
:10FA500046BF017E47BF027E48BF037E49BF047E8A
:10FA60004ABF057E4BBF067E4CBF077E4DBF087E5A
:10FA70004EBF097E4FBF0A7E50BF0B7E51BF0C7E2A
:10FA800052BF0D7E53BF0E7E54BF0F7E55BF107EFA
:10FA900056BF117E57BF127E58BF137E59BF147ECA
:10FAA0005ABF157E5BBF167E5CBF177E5DBF187E9A
:10FAB0005EBF197E5FBF1A7E60BF1B7E61BF1C7E6A
:10FAC00062BF1D7E63BF1E7E64BF1F7E65BF207E3A
:10FAD00066BF217E67BF227E68BF237E69BF247E0A
:10FAE0006ABF257E6BBF267E6CBF277E6DBF287EDA
:10FAF0006EBF297E6FBF2A7E70BF2B7E71BF2C7EAA
:10FB000072BF2D7E73BF2E7E74BF2F7E75BF307E79
:10FB100076BF317E77BF327E78BF337E79BF347E49
:10FB20007ABF357E7BBF367E7CBF377E7DBF387E19
:10FB30007EBF397E80BF3A7E81BF3C7E82BF3D7EE4
:10FB400083BF3E7E84BF3F7E85BF407E86BF427EB0
:10FB500087BF437E88BF447E89BF457E8ABF467E7D
:10FB60008BBF487E8CBF497E8DBF4A7E8EBF4B7E49
:10FB70008FBF4C7E90BF4D7E91BF4E7E92BF4F7E19
:10FB800093BF507E94BF517E95BF527E96BF537EE9
:10FB900097BF547E98BF557E99BF567E9ABF577EB9
:10FBA0009BBF587E9CBF597E9DBF5A7E9EBF5B7E89
:10FBB0009FBF5C7EA0BF5D7EA1BFCA4FA2BFE37A9C
:10FBC000A3BF5A6DA4BFE190A5BF8F9AA6BF805571
:10FBD000A7BF9654A8BF6153A9BFAF54AABF005F87
:10FBE000ABBFE963ACBF7769ADBFEF51AEBF686132
:10FBF000AFBF0A52B0BF2A58B1BFD852B2BF4E579A
:10FC0000B3BF0D78B4BF0B77B5BFB75EB6BF776132
:10FC1000B7BFE07CB8BF5B62B9BF9762BABFA24E04
:10FC2000BBBF9570BCBF0380BDBFF762BEBFE470B1
:10FC3000BFBF6097C0BF7757C1BFDB82C2BFEF674E
:10FC4000C3BFF568C4BFD578C5BF9798C6BFD17983
:10FC5000C7BFF358C8BFB354C9BFEF53CABF346E50
:10FC6000CBBF4B51CCBF3B52CDBFA25BCEBFFE8BB7
:10FC7000CFBFAF80D0BF4355D1BFA657D2BF7360AF
:10FC8000D3BF5157D4BF2D54D5BF7A7AD6BF506059
:10FC9000D7BF545BD8BFA763D9BFA062DABFE35315
:10FCA000DBBF6362DCBFC75BDDBFAF67DEBFED54A8
:10FCB000DFBF9F7AE0BFE682E1BF7791E2BF935E4C
:10FCC000E3BFE488E4BF3859E5BFAE57E6BF0E6333
:10FCD000E7BFE88DE8BFEF80E9BF5757EABF777B02
:10FCE000EBBFA94FECBFEB5FEDBFBD5BEEBF3E6B63
:10FCF000EFBF2153F0BF507BF1BFC272F2BF466825
:10FD0000F3BFFF77F4BF3677F5BFF765F6BFB551A0
:10FD1000F7BF8F4EF8BFD476F9BFBF5CFABFA57AA4
:10FD2000FBBF7584FCBF4E59FDBF419BFEBF805099
:10FD300040C05E7E41C05F7E42C0607E43C0617E47
:10FD400044C0627E45C0637E46C0647E47C0657E17
:10FD500048C0667E49C0677E4AC0687E4BC0697EE7
:10FD60004CC06A7E4DC06B7E4EC06C7E4FC06D7EB7
:10FD700050C06E7E51C06F7E52C0707E53C0717E87
:10FD800054C0727E55C0737E56C0747E57C0757E57
:10FD900058C0767E59C0777E5AC0787E5BC0797E27
:10FDA0005CC07A7E5DC07B7E5EC07C7E5FC07D7EF7
:10FDB00060C07E7E61C07F7E62C0807E63C0817EC7
:10FDC00064C0837E65C0847E66C0857E67C0867E93
:10FDD00068C0877E69C0887E6AC0897E6BC08A7E63
:10FDE0006CC08B7E6DC08C7E6EC08D7E6FC08E7E33
:10FDF00070C08F7E71C0907E72C0917E73C0927E03
:10FE000074C0937E75C0947E76C0957E77C0967ED2
:10FE100078C0977E79C0987E7AC0997E7BC09A7EA2
:10FE20007CC09C7E7DC09D7E7EC09E7E80C0AE7E5E
:10FE300081C0B47E82C0BB7E83C0BC7E84C0D67EBF
:10FE400085C0E47E86C0EC7E87C0F97E88C00A7FCC
:10FE500089C0107F8AC01E7F8BC0377F8CC0397FDE
:10FE60008DC03B7F8EC03C7F8FC03D7F90C03E7F6A
:10FE700091C03F7F92C0407F93C0417F94C0437F39
:10FE800095C0467F96C0477F97C0487F98C0497FFE
:10FE900099C04A7F9AC04B7F9BC04C7F9CC04D7FCE
:10FEA0009DC04E7F9EC04F7F9FC0527FA0C0537F9A
:10FEB000A1C08899A2C02761A3C0836EA4C0645763
:10FEC000A5C00666A6C04663A7C0F056A8C0EC62EF
:10FED000A9C06962AAC0D35EABC01496ACC08357F8
:10FEE000ADC0C962AEC08755AFC02187B0C04A81DE
:10FEF000B1C0A38FB2C06655B3C0B183B4C065674B
:10FF0000B5C0568DB6C0DD84B7C06A5AB8C00F6898
:10FF1000B9C0E662BAC0EE7BBBC01196BCC07051DE
:10FF2000BDC09C6FBEC0308CBFC0FD63C0C0C8895F
:10FF3000C1C0D261C2C0067FC3C0C270C4C0E56E7A
:10FF4000C5C00574C6C09469C7C0FC72C8C0CA5E8B
:10FF5000C9C0CE90CAC01767CBC06A6DCCC05E6303
:10FF6000CDC0B352CEC06272CFC00180D0C06C4F42
:10FF7000D1C0E559D2C06A91D3C0D970D4C09D6DAB
:10FF8000D5C0D252D6C0504ED7C0F796D8C06D95C6
:10FF9000D9C07E85DAC0CA78DBC02F7DDCC0215194
:10FFA000DDC09257DEC0C264DFC08B80E0C07B7CC6
:10FFB000E1C0EA6CE2C0F168E3C05E69E4C0B75139
:10FFC000E5C09853E6C0A868E7C08172E8C0CE9E3D
:10FFD000E9C0F17BEAC0F872EBC0BB79ECC0136FEB
:10FFE000EDC00674EEC04E67EFC0CC91F0C0A49C8B
:10FFF000F1C03C79F2C08983F3C05483F4C00F543C
:020000040803EF
:10000000F5C01768F6C03D4EF7C08953F8C0B1522D
:10001000F9C03E78FAC08653FBC02952FCC0885014
:10002000FDC08B4FFEC0D04F40C1567F41C1597FAC
:1000300042C15B7F43C15C7F44C15D7F45C15E7F40
:1000400046C1607F47C1637F48C1647F49C1657F06
:100050004AC1667F4BC1677F4CC16B7F4DC16C7FCE
:100060004EC16D7F4FC16F7F50C1707F51C1737F93
:1000700052C1757F53C1767F54C1777F55C1787F58
:1000800056C17A7F57C17B7F58C17C7F59C17D7F24
:100090005AC17F7F5BC1807F5CC1827F5DC1837FEE
:1000A0005EC1847F5FC1857F60C1867F61C1877FBC
:1000B00062C1887F63C1897F64C18B7F65C18D7F89
:1000C00066C18F7F67C1907F68C1917F69C1927F50
:1000D0006AC1937F6BC1957F6CC1967F6DC1977F1D
:1000E0006EC1987F6FC1997F70C19B7F71C19C7FEA
:1000F00072C1A07F73C1A27F74C1A37F75C1A57FA8
:1001000076C1A67F77C1A87F78C1A97F79C1AA7F70
:100110007AC1AB7F7BC1AC7F7CC1AD7F7DC1AE7F3F
:100120007EC1B17F80C1B37F81C1B47F82C1B57F01
:1001300083C1B67F84C1B77F85C1BA7F86C1BB7FCB
:1001400087C1BE7F88C1C07F89C1C27F8AC1C37F8A
:100150008BC1C47F8CC1C67F8DC1C77F8EC1C87F54
:100160008FC1C97F90C1CB7F91C1CD7F92C1CF7F1D
:1001700093C1D07F94C1D17F95C1D27F96C1D37FE7
:1001800097C1D67F98C1D77F99C1D97F9AC1DA7FAD
:100190009BC1DB7F9CC1DC7F9DC1DD7F9EC1DE7F7B
:1001A0009FC1E27FA0C1E37FA1C1E275A2C1CB7A6A
:1001B000A3C1927CA4C1A56CA5C1B696A6C19B5251
:1001C000A7C18374A8C1E954A9C1E94FAAC1548049
:1001D000ABC1B283ACC1DE8FADC17095AEC1C95E9B
:1001E000AFC11C60B0C19F6DB1C1185EB2C15B658B
:1001F000B3C13881B4C1FE94B5C14B60B6C1BC7007
:10020000B7C1C37EB8C1AE7CB9C1C951BAC181689A
:10021000BBC1B17CBCC16F82BDC1244EBEC1868F43
:10022000BFC1CF91C0C17E66C1C1AE4EC2C1058CF7
:10023000C3C1A964C4C14A80C5C1DA50C6C197759B
:10024000C7C1CE71C8C1E55BC9C1BD8FCAC1666FE8
:10025000CBC1864ECCC18264CDC16395CEC1D65E82
:10026000CFC19965D0C11752D1C1C288D2C1C8705F
:10027000D3C1A352D4C10E73D5C13374D6C197670D
:10028000D7C1F778D8C11697D9C1344EDAC1BB901F
:10029000DBC1DE9CDCC1CB6DDDC1DB51DEC1418D3C
:1002A000DFC11D54E0C1CE62E1C1B273E2C1F1838E
:1002B000E3C1F696E4C1849FE5C1C394E6C1364F1D
:1002C000E7C19A7FE8C1CC51E9C17570EAC1759662
:1002D000EBC1AD5CECC18698EDC1E653EEC1E44ED6
:1002E000EFC19C6EF0C10974F1C1B469F2C16B78C1
:1002F000F3C18F99F4C15975F5C11852F6C124762E
:10030000F7C1416DF8C1F367F9C16D51FAC1999F09
:10031000FBC14B80FCC19954FDC13C7BFEC1BF7A3F
:1003200040C2E47F41C2E77F42C2E87F43C2EA7F26
:1003300044C2EB7F45C2EC7F46C2ED7F47C2EF7FF0
:1003400048C2F27F49C2F47F4AC2F57F4BC2F67FB2
:100350004CC2F77F4DC2F87F4EC2F97F4FC2FA7F81
:1003600050C2FD7F51C2FE7F52C2FF7F53C2028046
:1003700054C2078055C2088056C2098057C20A80FD
:1003800058C20E8059C20F805AC211805BC21380BE
:100390005CC21A805DC21B805EC21D805FC21E806F
:1003A00060C21F8061C2218062C2238063C2248038
:1003B00064C22B8065C22C8066C22D8067C22E80ED
:1003C00068C22F8069C230806AC232806BC23480BA
:1003D0006CC239806DC23A806EC23C806FC23E8072
:1003E00070C2408071C2418072C2448073C2458035
:1003F00074C2478075C2488076C2498077C24E80F9
:1004000078C24F8079C250807AC251807BC25380BB
:100410007CC255807DC256807EC2578080C2598082
:1004200081C25B8082C25C8083C25D8084C25E8048
:1004300085C25F8086C2608087C2618088C2628018
:1004400089C263808AC264808BC265808CC26680E8
:100450008DC267808EC268808FC26B8090C26C80B4
:1004600091C26D8092C26E8093C26F8094C2708080
:1004700095C2728096C2738097C2748098C275804C
:1004800099C276809AC277809BC278809CC279801C
:100490009DC27A809EC27B809FC27C80A0C27D80EC
:1004A000A1C28696A2C28457A3C2E262A4C24796A2
:1004B000A5C27C69A6C2045AA7C20264A8C2D37BA3
:1004C000A9C20F6FAAC24B96ABC2A682ACC262533E
:1004D000ADC28598AEC2905EAFC28970B0C2B36340
:1004E000B1C26453B2C24F86B3C2819CB4C2939E60
:1004F000B5C28C78B6C23297B7C2EF8DB8C2428D02
:10050000B9C27F9EBAC25E6FBBC28479BCC2555F5E
:10051000BDC24696BEC22E62BFC2749AC0C21554F6
:10052000C1C2DD94C2C2A34FC3C2C565C4C2655C6B
:10053000C5C2615CC6C2157FC7C25186C8C22F6CD6
:10054000C9C28B5FCAC28773CBC2E46ECCC2FF7EC6
:10055000CDC2E65CCEC21B63CFC26A5BD0C2E66E80
:10056000D1C27553D2C2714ED3C2A063D4C26575D5
:10057000D5C2A162D6C26E8FD7C2264FD8C2D14E85
:10058000D9C2A66CDAC2B67EDBC2BA8BDCC21D84CD
:10059000DDC2BA87DEC2577FDFC23B90E0C223953F
:1005A000E1C2A97BE2C2A19AE3C2F888E4C23D8419
:1005B000E5C21B6DE6C2869AE7C2DC7EE8C28859B6
:1005C000E9C2BB9EEAC29B73EBC20178ECC2828691
:1005D000EDC26C9AEEC2829AEFC21B56F0C217545B
:1005E000F1C2CB57F2C2704EF3C2A69EF4C256536C
:1005F000F5C2C88FF6C20981F7C29277F8C2929904
:10060000F9C2EE86FAC2E16EFBC21385FCC2FC663B
:10061000FDC26261FEC22B6F40C37E8041C38180F8
:1006200042C3828043C3858044C3888045C38A8097
:1006300046C38D8047C38E8048C38F8049C3908056
:100640004AC391804BC392804CC394804DC3958024
:100650004EC397804FC3998050C39E8051C3A380DF
:1006600052C3A68053C3A78054C3A88055C3AC808F
:1006700056C3B08057C3B38058C3B58059C3B68042
:100680005AC3B8805BC3B9805CC3BB805DC3C580FF
:100690005EC3C7805FC3C88060C3C98061C3CA80AE
:1006A00062C3CB8063C3CF8064C3D08065C3D18075
:1006B00066C3D28067C3D38068C3D48069C3D58042
:1006C0006AC3D8806BC3DF806CC3E0806DC3E280F7
:1006D0006EC3E3806FC3E68070C3EE8071C3F580A4
:1006E00072C3F78073C3F98074C3FB8075C3FE8047
:1006F00076C3FF8077C3008178C3018179C303810A
:100700007AC304817BC305817CC307817DC30881D3
:100710007EC30B8180C30C8181C3158182C3178185
:1007200083C3198184C31B8185C31C8186C31D813A
:1007300087C31F8188C3208189C321818AC3228105
:100740008BC323818CC324818DC325818EC32681D5
:100750008FC3278190C3288191C3298192C32A81A5
:1007600093C32B8194C32D8195C32E8196C3308171
:1007700097C3338198C3348199C335819AC3378134
:100780009BC339819CC33A819DC33B819EC33C81FD
:100790009FC33D81A0C33F81A1C3298CA2C3928284
:1007A000A3C32B83A4C3F276A5C3136CA6C3D95FDE
:1007B000A7C3BD83A8C32B73A9C30583AAC31A9576
:1007C000ABC3DB6BACC3DB77ADC3C694AEC36F53B7
:1007D000AFC30283B0C39251B1C33D5EB2C38C8C30
:1007E000B3C3388DB4C3484EB5C3AB73B6C39A67B1
:1007F000B7C38568B8C37691B9C30997BAC36471A2
:10080000BBC3A16CBCC30977BDC3925ABEC341959B
:10081000BFC3CF6BC0C38E7FC1C32766C2C3D05BCB
:10082000C3C3B959C4C39A5AC5C3E895C6C3F7959B
:10083000C7C3EC4EC8C30C84C9C39984CAC3AC6A8D
:10084000CBC3DF76CCC33095CDC31B73CEC3A668B4
:10085000CFC35F5BD0C32F77D1C39A91D2C36197C7
:10086000D3C3DC7CD4C3F78FD5C31C8CD6C3255F20
:10087000D7C3737CD8C3D879D9C3C589DAC3CC6C44
:10088000DBC31C87DCC3C65BDDC3425EDEC3C96855
:10089000DFC32077E0C3F57EE1C39551E2C34D513C
:1008A000E3C3C952E4C3295AE5C3057FE6C362978F
:1008B000E7C3D782E8C3CF63E9C38477EAC3D085AF
:1008C000EBC3D279ECC33A6EEDC3995EEEC399598E
:1008D000EFC31185F0C36D70F1C3116CF2C3BF6239
:1008E000F3C3BF76F4C34F65F5C3AF60F6C3FD95A0
:1008F000F7C30E66F8C39F87F9C3239EFAC3ED942E
:10090000FBC30D54FCC37D54FDC32C8CFEC3786423
:1009100040C4408141C4418142C4428143C44381B7
:1009200044C4448145C4458146C4478147C4498184
:1009300048C44D8149C44E814AC44F814BC4528141
:100940004CC456814DC457814EC458814FC45B81FD
:1009500050C45C8151C45D8152C45E8153C45F81C7
:1009600054C4618155C4628156C4638157C4648193
:1009700058C4668159C468815AC46A815BC46B815A
:100980005CC46C815DC46F815EC472815FC473811D
:1009900060C4758161C4768162C4778163C47881E3
:1009A00064C4818165C4838166C4848167C4858190
:1009B00068C4868169C487816AC489816BC48B815C
:1009C0006CC48C816DC48D816EC48E816FC4908126
:1009D00070C4928171C4938172C4948173C49581EF
:1009E00074C4968175C4978176C4998177C49A81BD
:1009F00078C49E8179C49F817AC4A0817BC4A1817F
:100A00007CC4A2817DC4A4817EC4A58180C4A78149
:100A100081C4A98182C4AB8183C4AC8184C4AD810B
:100A200085C4AE8186C4AF8187C4B08188C4B181DA
:100A300089C4B2818AC4B4818BC4B5818CC4B681A7
:100A40008DC4B7818EC4B8818FC4B98190C4BC8174
:100A500091C4BD8192C4BE8193C4BF8194C4C4813A
:100A600095C4C58196C4C78197C4C88198C4C981FB
:100A700099C4CB819AC4CD819BC4CE819CC4CF81C3
:100A80009DC4D0819EC4D1819FC4D281A0C4D38192
:100A9000A1C47964A2C41186A3C4216AA4C49C81A0
:100AA000A5C4E878A6C46964A7C4549BA8C4B96265
:100AB000A9C42B67AAC4AB83ABC4A858ACC4D89E46
:100AC000ADC4AB6CAEC4206FAFC4DE5BB0C44C969B
:100AD000B1C40B8CB2C45F72B3C4D067B4C4C76274
:100AE000B5C46172B6C4A94EB7C4C659B8C4CD6BFB
:100AF000B9C49358BAC4AE66BBC4555EBCC4DF5219
:100B0000BDC45561BEC42867BFC4EE76C0C4667755
:100B1000C1C46772C2C4467AC3C4FF62C4C4EA5483
:100B2000C5C45054C6C4A094C7C4A390C8C41C5A1A
:100B3000C9C4B37ECAC4166CCBC4434ECCC4765968
:100B4000CDC41080CEC44859CFC45753D0C43775D4
:100B5000D1C4BE96D2C4CA56D3C42063D4C41181B2
:100B6000D5C47C60D6C4F995D7C4D66DD8C46254B8
:100B7000D9C48199DAC48551DBC4E95ADCC4FD804B
:100B8000DDC4AE59DEC41397DFC42A50E0C4E56C5F
:100B9000E1C43C5CE2C4DF62E3C4604FE4C43F53A1
:100BA000E5C47B81E6C40690E7C4BA6EE8C42B8531
:100BB000E9C4C862EAC4745EEBC4BE78ECC4B56430
:100BC000EDC47B63EEC4F55FEFC4185AF0C47F91A7
:100BD000F1C41F9EF2C43F5CF3C44F63F4C442806F
:100BE000F5C47D5BF6C46E55F7C44A95F8C44D95BF
:100BF000F9C4856DFAC4A860FBC4E067FCC4DE726A
:100C0000FDC4DD51FEC4815B40C5D48141C5D581A1
:100C100042C5D68143C5D78144C5D88145C5D98150
:100C200046C5DA8147C5DB8148C5DC8149C5DD8120
:100C30004AC5DE814BC5DF814CC5E0814DC5E181F0
:100C40004EC5E2814FC5E48150C5E58151C5E681BD
:100C500052C5E88153C5E98154C5EB8155C5EE8184
:100C600056C5EF8157C5F08158C5F18159C5F2814C
:100C70005AC5F5815BC5F6815CC5F7815DC5F88114
:100C80005EC5F9815FC5FA8160C5FD8161C5FF81DF
:100C900062C5038263C5078264C5088265C509828F
:100CA00066C50A8267C50B8268C50E8269C50F8258
:100CB0006AC511826BC513826CC515826DC516821B
:100CC0006EC517826FC5188270C5198271C51A82E8
:100CD00072C51D8273C5208274C5248275C52582A4
:100CE00076C5268277C5278278C5298279C52E8266
:100CF0007AC532827BC53A827CC53C827DC53D8205
:100D00007EC53F8280C5408281C5418282C54282C4
:100D100083C5438284C5458285C5468286C548828F
:100D200087C54A8288C54C8289C54D828AC54E8254
:100D30008BC550828CC551828DC552828EC553821F
:100D40008FC5548290C5558291C5568292C55782EF
:100D500093C5598294C55B8295C55C8296C55D82B8
:100D600097C55E8298C5608299C561829AC5628284
:100D70009BC563829CC564829DC565829EC5668253
:100D80009FC56782A0C56982A1C5E762A2C5DE6C66
:100D9000A3C55B72A4C56D62A5C5AE94A6C5BD7E94
:100DA000A7C51381A8C5536DA9C59C51AAC5045FE9
:100DB000ABC57459ACC5AA52ADC51260AEC5735966
:100DC000AFC59666B0C55086B1C59F75B2C52A63DA
:100DD000B3C5E661B4C5EF7CB5C5FA8BB6C5E654BC
:100DE000B7C5276BB8C5259EB9C5B46BBAC5D5853F
:100DF000BBC55554BCC57650BDC5A46CBEC56A55AF
:100E0000BFC5B48DC0C52C72C1C5155EC2C5156005
:100E1000C3C53674C4C5CD62C5C59263C6C54C7220
:100E2000C7C5985FC8C5436EC9C53E6DCAC50065D4
:100E3000CBC5586FCCC5D876CDC5D078CEC5FC769D
:100E4000CFC55475D0C52452D1C5DB53D2C5534E3E
:100E5000D3C59E5ED4C5C165D5C52A80D6C5D6800A
:100E6000D7C59B62D8C58654D9C52852DAC5AE709D
:100E7000DBC58D88DCC5D18DDDC5E16CDEC5785460
:100E8000DFC5DA80E0C5F957E1C5F488E2C5548DC5
:100E9000E3C56A96E4C54D91E5C5694FE6C59B6C0F
:100EA000E7C5B755E8C5C676E9C53078EAC5A86292
:100EB000EBC5F970ECC58E6FEDC56D5FEEC5EC84CA
:100EC000EFC5DA68F0C57C78F1C5F77BF2C5A8817B
:100ED000F3C50B67F4C54F9EF5C56763F6C5B078DB
:100EE000F7C56F57F8C51278F9C53997FAC5796211
:100EF000FBC5AB62FCC58852FDC53574FEC5D76B1A
:100F000040C66A8241C66B8242C66C8243C66D820D
:100F100044C6718245C6758246C6768247C67782C8
:100F200048C6788249C67B824AC67C824BC680828C
:100F30004CC681824DC683824EC685824FC686824C
:100F400050C6878251C6898252C68C8253C690820F
:100F500054C6938255C6948256C6958257C69682C9
:100F600058C69A8259C69B825AC69E825BC6A08288
:100F70005CC6A2825DC6A3825EC6A7825FC6B2823D
:100F800060C6B58261C6B68262C6BA8263C6BB82DB
:100F900064C6BC8265C6BF8266C6C08267C6C2829E
:100FA00068C6C38269C6C5826AC6C6826BC6C98264
:100FB0006CC6D0826DC6D6826EC6D9826FC6DA8202
:100FC00070C6DD8271C6E28272C6E78273C6E882AD
:100FD00074C6E98275C6EA8276C6EC8277C6ED826F
:100FE00078C6EE8279C6F0827AC6F2827BC6F38238
:100FF0007CC6F5827DC6F6827EC6F88280C6FA82FD
:1010000081C6FC8282C6FD8283C6FE8284C6FF82C0
:1010100085C6008386C60A8387C60B8388C60D8370
:1010200089C610838AC612838BC613838CC6168327
:101030008DC618838EC619838FC61D8390C61E83E6
:1010400091C61F8392C6208393C6218394C62283B0
:1010500095C6238396C6248397C6258398C6268380
:1010600099C629839AC62A839BC62E839CC6308341
:101070009DC632839EC637839FC63B83A0C63D83F1
:10108000A1C66455A2C63E81A3C6B275A4C6AE76FB
:10109000A5C63953A6C6DE75A7C6FB50A8C6415CD7
:1010A000A9C66C8BAAC6C77BABC64F50ACC64772ED
:1010B000ADC6979AAEC6D898AFC6026FB0C6E274F6
:1010C000B1C66879B2C68764B3C6A577B4C6FC62F8
:1010D000B5C69198B6C62B8DB7C6C154B8C6588050
:1010E000B9C6524EBAC66A57BBC6F982BCC60D8491
:1010F000BDC6735EBEC6ED51BFC6F674C0C6C48B16
:10110000C1C64F5CC2C66157C3C6FC6CC4C68798D3
:10111000C5C6465AC6C63478C7C6449BC8C6EB8FF8
:10112000C9C6957CCAC65652CBC65162CCC6FA9483
:10113000CDC6C64ECEC68683CFC66184D0C6E983EF
:10114000D1C6B284D2C6D457D3C63467D4C60357E7
:10115000D5C66E66D6C6666DD7C6318CD8C6DD6676
:10116000D9C61170DAC61F67DBC63A6BDCC61668D3
:10117000DDC61A62DEC6BB59DFC6034EE0C6C451E7
:10118000E1C6066FE2C6D267E3C68F6CE4C676514D
:10119000E5C6CB68E6C64759E7C6676BE8C666751D
:1011A000E9C60E5DEAC61081EBC6509FECC6D76556
:1011B000EDC64879EEC64179EFC6919AF0C6778DB3
:1011C000F1C6825CF2C65E4EF3C6014FF4C62F54E0
:1011D000F5C65159F6C60C78F7C66856F8C6146CB1
:1011E000F9C6C48FFAC6035FFBC67D6CFCC6E36C10
:1011F000FDC6AB8BFEC6906340C73E8341C73F83AD
:1012000042C7418343C7428344C7448345C745839C
:1012100046C7488347C74A8348C74B8349C74C835F
:101220004AC74D834BC74E834CC753834DC7558325
:101230004EC756834FC7578350C7588351C75983EA
:1012400052C75D8353C7628354C7708355C7718388
:1012500056C7728357C7738358C7748359C775833A
:101260005AC776835BC779835CC77A835DC77E8301
:101270005EC77F835FC7808360C7818361C78283C6
:1012800062C7838363C7848364C7878365C7888392
:1012900066C78A8367C78B8368C78C8369C78D835A
:1012A0006AC78F836BC790836CC791836DC7948324
:1012B0006EC795836FC7968370C7978371C79983ED
:1012C00072C79A8373C79D8374C79F8375C7A183B1
:1012D00076C7A28377C7A38378C7A48379C7A5837A
:1012E0007AC7A6837BC7A7837CC7AC837DC7AD8342
:1012F0007EC7AE8380C7AF8381C7B58382C7BB83F8
:1013000083C7BE8384C7BF8385C7C28386C7C383A1
:1013100087C7C48388C7C68389C7C8838AC7C98368
:101320008BC7CB838CC7CD838DC7CE838EC7D0832D
:101330008FC7D18390C7D28391C7D38392C7D583F8
:1013400093C7D78394C7D98395C7DA8396C7DB83BE
:1013500097C7DE8398C7E28399C7E3839AC7E4837C
:101360009BC7E6839CC7E7839DC7E8839EC7EB8343
:101370009FC7EC83A0C7ED83A1C77060A2C73D6D76
:10138000A3C77572A4C76662A5C78E94A6C7C59485
:10139000A7C74353A8C7C18FA9C77E7BAAC7DF4E83
:1013A000ABC7268CACC77E4EADC7D49EAEC7B1943A
:1013B000AFC7B394B0C74D52B1C75C6FB2C76390AB
:1013C000B3C7456DB4C7348CB5C71158B6C74C5DAB
:1013D000B7C7206BB8C7496BB9C7AA67BAC75B5410
:1013E000BBC75481BCC78C7FBDC79958BEC7378562
:1013F000BFC73A5FC0C7A262C1C7476AC2C73995B3
:10140000C3C77265C4C78460C5C76568C6C7A77708
:10141000C7C7544EC8C7A84FC9C7E75DCAC7989782
:10142000CBC7AC64CCC7D87FCDC7ED5CCEC7CF4FA0
:10143000CFC78D7AD0C70752D1C70483D2C7144E05
:10144000D3C72F60D4C7837AD5C7A694D6C7B54F64
:10145000D7C7B24ED8C7E679D9C73474DAC7E452D1
:10146000DBC7B982DCC7D264DDC7BD79DEC7DD5B0F
:10147000DFC7816CE0C75297E1C77B8FE2C7226C60
:10148000E3C73E50E4C77F53E5C7056EE6C7CE64A9
:10149000E7C77466E8C7306CE9C7C560EAC77798E4
:1014A000EBC7F78BECC7865EEDC73C74EEC7777A67
:1014B000EFC7CB79F0C7184EF1C7B190F2C70374EC
:1014C000F3C7426CF4C7DA56F5C74B91F6C7C56C43
:1014D000F7C78B8DF8C73A53F9C7C686FAC7F266C5
:1014E000FBC7AF8EFCC7485CFDC7719AFEC7206E74
:1014F00040C8EE8341C8EF8342C8F38343C8F483F6
:1015000044C8F58345C8F68346C8F78347C8FA83BD
:1015100048C8FB8349C8FC834AC8FE834BC8FF8385
:101520004CC800844DC802844EC805844FC8078447
:1015300050C8088451C8098452C80A8453C810840A
:1015400054C8128455C8138456C8148457C81584C7
:1015500058C8168459C817845AC819845BC81A8495
:101560005CC81B845DC81E845EC81F845FC820845D
:1015700060C8218461C8228462C8238463C8298426
:1015800064C82A8465C82B8466C82C8467C82D84E7
:1015900068C82E8469C82F846AC830846BC83284B6
:1015A0006CC833846DC834846EC835846FC8368483
:1015B00070C8378471C8398472C83A8473C83B8450
:1015C00074C83E8475C83F8476C8408477C8418417
:1015D00078C8428479C843847AC844847BC84584E7
:1015E0007CC847847DC848847EC8498480C84A84B2
:1015F00081C84B8482C84C8483C84D8484C84E847F
:1016000085C84F8486C8508487C8528488C853844C
:1016100089C854848AC855848BC856848CC8588419
:101620008DC85D848EC85E848FC85F8490C86084D6
:1016300091C8628492C8648493C8658494C866849F
:1016400095C8678496C8688497C86A8498C86E8469
:1016500099C86F849AC870849BC872849CC874842B
:101660009DC877849EC879849FC87B84A0C87C84E9
:10167000A1C8D653A2C8365AA3C88B9FA4C8A38DAD
:10168000A5C8BB53A6C80857A7C8A798A8C843674A
:10169000A9C89B91AAC8C96CABC86851ACC8CA7527
:1016A000ADC8F362AEC8AC72AFC83852B0C89D5274
:1016B000B1C83A7FB2C89470B3C83876B4C874530E
:1016C000B5C84A9EB6C8B769B7C86E78B8C8C096DC
:1016D000B9C8D988BAC8A47FBBC83671BCC8C371A1
:1016E000BDC88951BEC8D367BFC8E474C0C8E45838
:1016F000C1C81865C2C8B756C3C8A98BC4C87699F3
:10170000C5C87062C6C8D57EC7C8F960C8C8ED70C4
:10171000C9C8EC58CAC8C14ECBC8BA4ECCC8CD5FF8
:10172000CDC8E797CEC8FB4ECFC8A48BD0C8035214
:10173000D1C88A59D2C8AB7ED3C85462D4C8CD4E62
:10174000D5C8E565D6C80E62D7C83883D8C8C9845D
:10175000D9C86383DAC88D87DBC89471DCC8B66EDC
:10176000DDC8B95BDEC8D27EDFC89751E0C8C96367
:10177000E1C8D467E2C88980E3C83983E4C8158822
:10178000E5C81251E6C87A5BE7C88259E8C8B18F4C
:10179000E9C8734EEAC85D6CEBC86551ECC8258991
:1017A000EDC86F8FEEC82E96EFC84A85F0C85E74FC
:1017B000F1C81095F2C8F095F3C8A66DF4C8E5829B
:1017C000F5C8315FF6C89264F7C8126DF8C828846E
:1017D000F9C86E81FAC8C39CFBC85E58FCC85B8D13
:1017E000FDC8094EFEC8C15340C97D8441C97E84ED
:1017F00042C97F8443C9808444C9818445C98384A4
:1018000046C9848447C9858448C9868449C98A846D
:101810004AC98D844BC98F844CC990844DC9918429
:101820004EC992844FC9938450C9948451C99584F8
:1018300052C9968453C9988454C99A8455C99B84C3
:1018400056C99D8457C99E8458C99F8459C9A0848C
:101850005AC9A2845BC9A3845CC9A4845DC9A58458
:101860005EC9A6845FC9A78460C9A88461C9A98428
:1018700062C9AA8463C9AB8464C9AC8465C9AD84F8
:1018800066C9AE8467C9B08468C9B18469C9B384C4
:101890006AC9B5846BC9B6846CC9B7846DC9BB8489
:1018A0006EC9BC846FC9BE8470C9C08471C9C2844A
:1018B00072C9C38473C9C58474C9C68475C9C78411
:1018C00076C9C88477C9CB8478C9CC8479C9CE84D9
:1018D0007AC9CF847BC9D2847CC9D4847DC9D5849C
:1018E0007EC9D78480C9D88481C9D98482C9DA8461
:1018F00083C9DB8484C9DC8485C9DE8486C9E1842C
:1019000087C9E28488C9E48489C9E7848AC9E884EC
:101910008BC9E9848CC9EA848DC9EB848EC9ED84B6
:101920008FC9EE8490C9EF8491C9F18492C9F28481
:1019300093C9F38494C9F48495C9F58496C9F6844F
:1019400097C9F78498C9F88499C9F9849AC9FA841F
:101950009BC9FB849CC9FD849DC9FE849EC90085EA
:101960009FC90185A0C90285A1C91E4FA2C963658F
:10197000A3C95168A4C9D355A5C9274EA6C91464E3
:10198000A7C99A9AA8C96B62A9C9C25AAAC95F74A1
:10199000ABC97282ACC9A96DADC9EE68AEC9E750DA
:1019A000AFC98E83B0C90278B1C94067B2C9395294
:1019B000B3C9996CB4C9B17EB5C9BB50B6C9655538
:1019C000B7C95E71B8C95B7BB9C95266BAC9CA7377
:1019D000BBC9EB82BCC94967BDC9715CBEC9205295
:1019E000BFC97D71C0C96B88C1C9EA95C2C9559686
:1019F000C3C9C564C4C9618DC5C9B381C6C984558D
:101A0000C7C9556CC8C94762C9C92E7FCAC992588F
:101A1000CBC9244FCCC94655CDC94F8DCEC94C66D4
:101A2000CFC90A4ED0C91A5CD1C9F388D2C9A268FD
:101A3000D3C94E63D4C90D7AD5C9E770D6C98D8292
:101A4000D7C9FA52D8C9F697D9C9115CDAC9E8548E
:101A5000DBC9B590DCC9CD7EDDC96259DEC94A8DCE
:101A6000DFC9C786E0C90C82E1C90D82E2C9668D73
:101A7000E3C94464E4C9045CE5C95161E6C9896D00
:101A8000E7C93E79E8C9BE8BE9C93778EAC9337539
:101A9000EBC97B54ECC9384FEDC9AB8EEEC9F16D83
:101AA000EFC9205AF0C9C57EF1C95E79F2C9886CC8
:101AB000F3C9A15BF4C9765AF5C91A75F6C9BE8097
:101AC000F7C94E61F8C9176EF9C9F058FAC91F7500
:101AD000FBC92575FCC97272FDC94753FEC9F37E67
:101AE00040CA038541CA048542CA058543CA0685A2
:101AF00044CA078545CA088546CA098547CA0A8572
:101B000048CA0B8549CA0D854ACA0E854BCA0F853E
:101B10004CCA10854DCA12854ECA14854FCA158508
:101B200050CA168551CA188552CA198553CA1B85D1
:101B300054CA1C8555CA1D8556CA1E8557CA20859C
:101B400058CA228559CA23855ACA24855BCA258565
:101B50005CCA26855DCA27855ECA28855FCA298535
:101B600060CA2A8561CA2D8562CA2E8563CA2F85FF
:101B700064CA308565CA318566CA328567CA3385CD
:101B800068CA348569CA35856ACA36856BCA3E8596
:101B90006CCA3F856DCA40856ECA41856FCA428551
:101BA00070CA448571CA458572CA468573CA47851D
:101BB00074CA4B8575CA4C8576CA4D8577CA4E85E1
:101BC00078CA4F8579CA50857ACA51857BCA5285B1
:101BD0007CCA53857DCA54857ECA558580CA57857F
:101BE00081CA588582CA5A8583CA5B8584CA5C8546
:101BF00085CA5D8586CA5F8587CA608588CA618512
:101C000089CA62858ACA63858BCA65858CCA6685DE
:101C10008DCA67858ECA69858FCA6A8590CA6B85A9
:101C200091CA6C8592CA6D8593CA6E8594CA6F8578
:101C300095CA708596CA718597CA738598CA758545
:101C400099CA76859ACA77859BCA78859CCA7C850D
:101C50009DCA7D859ECA7F859FCA8085A0CA8185D1
:101C6000A1CA0177A2CADB76A3CA6952A4CADC80E2
:101C7000A5CA2357A6CA085EA7CA3159A8CAEE72D8
:101C8000A9CABD65AACA7F6EABCAD78BACCA385C7D
:101C9000ADCA7186AECA4153AFCAF377B0CAFE620D
:101CA000B1CAF665B2CAC04EB3CADF98B4CA80865C
:101CB000B5CA9E5BB6CAC68BB7CAF253B8CAE2773A
:101CC000B9CA7F4FBACA4E5CBBCA769ABCCACB5956
:101CD000BDCA0F5FBECA3A79BFCAEB58C0CA164E1A
:101CE000C1CAFF67C2CA8B4EC3CAED62C4CA938A17
:101CF000C5CA1D90C6CABF52C7CA2F66C8CADC551E
:101D0000C9CA6C56CACA0290CBCAD54ECCCA8D4F2E
:101D1000CDCACA91CECA7099CFCA0F6CD0CA025E22
:101D2000D1CA4360D2CAA45BD3CAC689D4CAD58BF0
:101D3000D5CA3665D6CA4B62D7CA9699D8CA885BC7
:101D4000D9CAFF5BDACA8863DBCA2E55DCCAD7530F
:101D5000DDCA2676DECA7D51DFCA2C85E0CAA267BD
:101D6000E1CAB368E2CA8A6BE3CA9262E4CA938F9B
:101D7000E5CAD453E6CA1282E7CAD16DE8CA8F75A4
:101D8000E9CA664EEACA4E8DEBCA705BECCA9F7117
:101D9000EDCAAF85EECA9166EFCAD966F0CA727F06
:101DA000F1CA0087F2CACD9EF3CA209FF4CA5E5CD6
:101DB000F5CA2F67F6CAF08FF7CA1168F8CA5F67CD
:101DC000F9CA0D62FACAD67AFBCA8558FCCAB65E51
:101DD000FDCA7065FECA316F40CB828541CB8385D9
:101DE00042CB868543CB888544CB898545CB8A8584
:101DF00046CB8B8547CB8C8548CB8D8549CB8E8553
:101E00004ACB90854BCB91854CCB92854DCB93851E
:101E10004ECB94854FCB958550CB968551CB9785EE
:101E200052CB988553CB998554CB9A8555CB9D85BC
:101E300056CB9E8557CB9F8558CBA08559CBA18586
:101E40005ACBA2855BCBA3855CCBA5855DCBA68554
:101E50005ECBA7855FCBA98560CBAB8561CBAC851D
:101E600062CBAD8563CBB18564CBB28565CBB385E1
:101E700066CBB48567CBB58568CBB68569CBB885AD
:101E80006ACBBA856BCBBB856CCBBC856DCBBD8576
:101E90006ECBBE856FCBBF8570CBC08571CBC28545
:101EA00072CBC38573CBC48574CBC58575CBC68512
:101EB00076CBC78577CBC88578CBCA8579CBCB85E0
:101EC0007ACBCC857BCBCD857CCBCE857DCBD185AC
:101ED0007ECBD28580CBD48581CBD68582CBD7856E
:101EE00083CBD88584CBD98585CBDA8586CBDB853A
:101EF00087CBDD8588CBDE8589CBDF858ACBE08506
:101F00008BCBE1858CCBE2858DCBE3858ECBE585D4
:101F10008FCBE68590CBE78591CBE88592CBEA85A0
:101F200093CBEB8594CBEC8595CBED8596CBEE856D
:101F300097CBEF8598CBF08599CBF1859ACBF2853D
:101F40009BCBF3859CCBF4859DCBF5859ECBF6850D
:101F50009FCBF785A0CBF885A1CB5560A2CB37529C
:101F6000A3CB0D80A4CB5464A5CB7088A6CB2975D8
:101F7000A7CB055EA8CB1368A9CBF462AACB1C97AC
:101F8000ABCBCC53ACCB3D72ADCB018CAECB346C78
:101F9000AFCB6177B0CB0E7AB1CB2E54B2CBAC774E
:101FA000B3CB7A98B4CB1C82B5CBF48BB6CB557837
:101FB000B7CB1467B8CBC170B9CBAF65BACB95645A
:101FC000BBCB3656BCCB1D60BDCBC179BECBF85365
:101FD000BFCB1D4EC0CB7B6BC1CB8680C2CBFA5B27
:101FE000C3CBE355C4CBDB56C5CB3A4FC6CB3C4F36
:101FF000C7CB7299C8CBF35DC9CB7E67CACB38809B
:10200000CBCB0260CCCB8298CDCB0190CECB8B5B7F
:10201000CFCBBC8BD0CBF58BD1CB1C64D2CB588231
:10202000D3CBDE64D4CBFD55D5CBCF82D6CB659157
:10203000D7CBD74FD8CB207DD9CB1F90DACB9F7C85
:10204000DBCBF350DCCB5158DDCBAF6EDECBBF5BCF
:10205000DFCBC98BE0CB8380E1CB7891E2CB9C8452
:10206000E3CB977BE4CB7D86E5CB8B96E6CB8F9657
:10207000E7CBE57EE8CBD39AE9CB8E78EACB815CDF
:10208000EBCB577AECCB4290EDCBA796EECB5F79BA
:10209000EFCB595BF0CB5F63F1CB0B7BF2CBD18401
:1020A000F3CBAD68F4CB0655F5CB297FF6CB107496
:1020B000F7CB227DF8CB0195F9CB4062FACB4C5897
:1020C000FBCBD64EFCCB835BFDCB7959FECB545872
:1020D00040CCF98541CCFA8542CCFC8543CCFD85CA
:1020E00044CCFE8545CC008646CC018647CC028692
:1020F00048CC038649CC04864ACC06864BCC07865E
:102100004CCC08864DCC09864ECC0A864FCC0B862B
:1021100050CC0C8651CC0D8652CC0E8653CC0F86FB
:1021200054CC108655CC128656CC138657CC1486C8
:1021300058CC158659CC17865ACC18865BCC198694
:102140005CCC1A865DCC1B865ECC1C865FCC1D8663
:1021500060CC1E8661CC1F8662CC208663CC218633
:1021600064CC228665CC238666CC248667CC258603
:1021700068CC268669CC28866ACC2A866BCC2B86CE
:102180006CCC2C866DCC2D866ECC2E866FCC2F869B
:1021900070CC308671CC318672CC328673CC33866B
:1021A00074CC348675CC358676CC368677CC37863B
:1021B00078CC398679CC3A867ACC3B867BCC3D8606
:1021C0007CCC3E867DCC3F867ECC408680CC4186D2
:1021D00081CC428682CC438683CC448684CC45869F
:1021E00085CC468686CC478687CC488688CC49866F
:1021F00089CC4A868ACC4B868BCC4C868CCC52863A
:102200008DCC53868ECC55868FCC568690CC5786F7
:1022100091CC588692CC598693CC5B8694CC5C86C4
:1022200095CC5D8696CC5F8697CC608698CC61868F
:1022300099CC63869ACC64869BCC65869CCC66865A
:102240009DCC67869ECC68869FCC6986A0CC6A862A
:10225000A1CC6D73A2CC1E63A3CC4B8EA4CC0F8EED
:10226000A5CCCE80A6CCD482A7CCAC62A8CCF053AF
:10227000A9CCF06CAACC5E91ABCC2A59ACCC016055
:10228000ADCC706CAECC4D57AFCC4A64B0CC2A8D7F
:10229000B1CC2B76B2CCE96EB3CC5B57B4CC806AB0
:1022A000B5CCF075B6CC6D6FB7CC2D8CB8CC088C96
:1022B000B9CC6657BACCEF6BBBCC9288BCCCB378A8
:1022C000BDCCA263BECCF953BFCCAD70C0CC646CA6
:1022D000C1CC5858C2CC2A64C3CC0258C4CCE068E4
:1022E000C5CC9B81C6CC1055C7CCD67CC8CC185069
:1022F000C9CCBA8ECACCCC6DCBCC9F8DCCCCEB707C
:10230000CDCC8F63CECC9B6DCFCCD46ED0CCE67EC3
:10231000D1CC0484D2CC4368D3CC0390D4CCD86D38
:10232000D5CC7696D6CCA88BD7CC5759D8CC797249
:10233000D9CCE485DACC7E81DBCCBC75DCCC8A8A56
:10234000DDCCAF68DECC5452DFCC228EE0CC1195D0
:10235000E1CCD063E2CC9898E3CC448EE4CC7C55BD
:10236000E5CC534FE6CCFF66E7CC8F56E8CCD56082
:10237000E9CC956DEACC4352EBCC495CECCC2959C5
:10238000EDCCFB6DEECC6B58EFCC3075F0CC1C7502
:10239000F1CC6C60F2CC1482F3CC4681F4CC1163A6
:1023A000F5CC6167F6CCE28FF7CC3A77F8CCF38DB9
:1023B000F9CC348DFACCC194FBCC165EFCCC8553A1
:1023C000FDCC2C54FECCC37040CD6D8641CD6F86C4
:1023D00042CD708643CD728644CD738645CD7486DA
:1023E00046CD758647CD768648CD778649CD7886A9
:1023F0004ACD83864BCD84864CCD85864DCD868651
:102400004ECD87864FCD888650CD898651CD8E861C
:1024100052CD8F8653CD908654CD918655CD9286E0
:1024200056CD948657CD968658CD978659CD9886A9
:102430005ACD99865BCD9A865CCD9B865DCD9E8676
:102440005ECD9F865FCDA08660CDA18661CDA28640
:1024500062CDA58663CDA68664CDAB8665CDAD86FF
:1024600066CDAE8667CDB28668CDB38669CDB786B8
:102470006ACDB8866BCDB9866CCDBB866DCDBC867A
:102480006ECDBD866FCDBE8670CDBF8671CDC18647
:1024900072CDC28673CDC38674CDC58675CDC88610
:1024A00076CDCC8677CDCD8678CDD28679CDD386C4
:1024B0007ACDD5867BCDD6867CCDD7867DCDDA8686
:1024C0007ECDDC8680CDDD8681CDE08682CDE18645
:1024D00083CDE28684CDE38685CDE58686CDE6860E
:1024E00087CDE78688CDE88689CDEA868ACDEB86DA
:1024F0008BCDEC868CCDEF868DCDF5868ECDF68698
:102500008FCDF78690CDFA8691CDFB8692CDFC8655
:1025100093CDFD8694CDFF8695CD018796CD04871A
:1025200097CD058798CD068799CD0B879ACD0C87D7
:102530009BCD0E879CCD0F879DCD10879ECD11879B
:102540009FCD1487A0CD1687A1CD406CA2CDF75E9C
:10255000A3CD5C50A4CDAD4EA5CDAD5EA6CD3A6366
:10256000A7CD4782A8CD1A90A9CD5068AACD6E916B
:10257000ABCDB377ACCD0C54ADCDDC94AECD645FB8
:10258000AFCDE57AB0CD7668B1CD4563B2CD527BA3
:10259000B3CDDF7EB4CDDB75B5CD7750B6CD9562CA
:1025A000B7CD3459B8CD0F90B9CDF851BACDC37964
:1025B000BBCD817ABCCDFE56BDCD925FBECD149011
:1025C000BFCD826DC0CD605CC1CD1F57C2CD105450
:1025D000C3CD5451C4CD4D6EC5CDE256C6CDA86312
:1025E000C7CD9398C8CD7F81C9CD1587CACD2A891B
:1025F000CBCD0090CCCD1E54CDCD6F5CCECDC08167
:10260000CFCDD662D0CD5862D1CD3181D2CD359EDD
:10261000D3CD4096D4CD6E9AD5CD7C9AD6CD2D69AA
:10262000D7CDA559D8CDD362D9CD3E55DACD1663D5
:10263000DBCDC754DCCDD986DDCD3C6DDECD035A74
:10264000DFCDE674E0CD9C88E1CD6A6BE2CD165912
:10265000E3CD4C8CE4CD2F5FE5CD7E6EE6CDA97346
:10266000E7CD7D98E8CD384EE9CDF770EACD8C5BAB
:10267000EBCD9778ECCD3D63EDCD5A66EECD9676F9
:10268000EFCDCB60F0CD9B5BF1CD495AF2CD074E3B
:10269000F3CD5581F4CD6A6CF5CD8B73F6CDA14E9B
:1026A000F7CD8967F8CD517FF9CD805FFACDFA6516
:1026B000FBCD1B67FCCDD85FFDCD8459FECD015A03
:1026C00040CE198741CE1B8742CE1D8743CE1F8740
:1026D00044CE208745CE248746CE268747CE2787FF
:1026E00048CE288749CE2A874ACE2B874BCE2C87C7
:1026F0004CCE2D874DCE2F874ECE30874FCE328792
:1027000050CE338751CE358752CE368753CE388759
:1027100054CE398755CE3A8756CE3C8757CE3D8723
:1027200058CE408759CE41875ACE42875BCE4387E9
:102730005CCE44875DCE45875ECE46875FCE4A87B6
:1027400060CE4B8761CE4D8762CE4F8763CE508778
:1027500064CE518765CE528766CE548767CE558743
:1027600068CE568769CE58876ACE5A876BCE5B870C
:102770006CCE5C876DCE5D876ECE5E876FCE5F87D9
:1027800070CE618771CE628772CE668773CE67879F
:1027900074CE688775CE698776CE6A8777CE6B8769
:1027A00078CE6C8779CE6D877ACE6F877BCE718736
:1027B0007CCE72877DCE73877ECE758780CE7787FD
:1027C00081CE788782CE798783CE7A8784CE7F87C1
:1027D00085CE808786CE818787CE848788CE868780
:1027E00089CE87878ACE89878BCE8A878CCE8C8745
:1027F0008DCE8E878ECE8F878FCE908790CE91870D
:1028000091CE928792CE948793CE958794CE9687D9
:1028100095CE988796CE998797CE9A8798CE9B87A4
:1028200099CE9C879ACE9D879BCE9E879CCEA08773
:102830009DCEA1879ECEA2879FCEA387A0CEA48740
:10284000A1CECD5DA2CEAE5FA3CE7153A4CEE6974E
:10285000A5CEDD8FA6CE4568A7CEF456A8CE2F55BF
:10286000A9CEDF60AACE3A4EABCE4D6FACCEF47E91
:10287000ADCEC782AECE0E84AFCED459B0CE1F4FF0
:10288000B1CE2A4FB2CE3E5CB3CEAC7EB4CE2A6778
:10289000B5CE1A85B6CE7354B7CE4F75B8CEC380B9
:1028A000B9CE8255BACE4F9BBBCE4D4FBCCE2D6E0E
:1028B000BDCE138CBECE095CBFCE7061C0CE6B5353
:1028C000C1CE1F76C2CE296EC3CE8A86C4CE87659E
:1028D000C5CEFB95C6CEB97EC7CE3B54C8CE337AA3
:1028E000C9CE0A7DCACEEE95CBCEE155CCCEC17F06
:1028F000CDCEEE74CECE1D63CFCE1787D0CEA16DD8
:10290000D1CE9D7AD2CE1162D3CEA165D4CE6753FB
:10291000D5CEE163D6CE836CD7CEEB5DD8CE5C54FA
:10292000D9CEA894DACE4C4EDBCE616CDCCEEC8BEB
:10293000DDCE4B5CDECEE065DFCE9C82E0CEA768CC
:10294000E1CE3E54E2CE3454E3CECB6BE4CE666BA4
:10295000E5CE944EE6CE4263E7CE4853E8CE1E82E3
:10296000E9CE0D4FEACEAE4FEBCE5E57ECCE0A620B
:10297000EDCEFE96EECE6466EFCE6972F0CEFF52DB
:10298000F1CEA152F2CE9F60F3CEEF8BF4CE14665F
:10299000F5CE9971F6CE9067F7CE7F89F8CE527852
:1029A000F9CEFD77FACE7066FBCE3B56FCCE38549E
:1029B000FDCE2195FECE7A7240CFA58741CFA68766
:1029C00042CFA78743CFA98744CFAA8745CFAE87F9
:1029D00046CFB08747CFB18748CFB28749CFB487BA
:1029E0004ACFB6874BCFB7874CCFB8874DCFB98783
:1029F0004ECFBB874FCFBC8750CFBE8751CFBF874D
:102A000052CFC18753CFC28754CFC38755CFC48716
:102A100056CFC58757CFC78758CFC88759CFC987E3
:102A20005ACFCC875BCFCD875CCFCE875DCFCF87AA
:102A30005ECFD0875FCFD48760CFD58761CFD68771
:102A400062CFD78763CFD88764CFD98765CFDA873E
:102A500066CFDC8767CFDD8768CFDE8769CFDF870A
:102A60006ACFE1876BCFE2876CCFE3876DCFE487D6
:102A70006ECFE6876FCFE78770CFE88771CFE987A2
:102A800072CFEB8773CFEC8774CFED8775CFEF876D
:102A900076CFF08777CFF18778CFF28779CFF3873A
:102AA0007ACFF4877BCFF5877CCFF6877DCFF7870A
:102AB0007ECFF88780CFFA8781CFFB8782CFFC87D4
:102AC00083CFFD8784CFFF8785CF008886CF01889D
:102AD00087CF028888CF048889CF05888ACF068867
:102AE0008BCF07888CCF08888DCF09888ECF0B8835
:102AF0008FCF0C8890CF0D8891CF0E8892CF0F8802
:102B000093CF108894CF118895CF128896CF1488D0
:102B100097CF178898CF188899CF19889ACF1A8895
:102B20009BCF1C889CCF1D889DCF1E889ECF1F8861
:102B30009FCF2088A0CF2388A1CF007AA2CF6F603B
:102B4000A3CF0C5EA4CF8960A5CF9D81A6CF1559D8
:102B5000A7CFDC60A8CF8471A9CFEF70AACFAA6EEF
:102B6000ABCF506CACCF8072ADCF846AAECFAD88A6
:102B7000AFCF2D5EB0CF604EB1CFB35AB2CF9C5520
:102B8000B3CFE394B4CF176DB5CFFB7CB6CF999696
:102B9000B7CF0F62B8CFC67EB9CF8E77BACF7E8659
:102BA000BBCF2353BCCF1E97BDCF968FBECF8766BA
:102BB000BFCFE15CC0CFA04FC1CFED72C2CF0B4EF3
:102BC000C3CFA653C4CF0F59C5CF1354C6CF80630C
:102BD000C7CF2895C8CF4851C9CFD94ECACF9C9CE2
:102BE000CBCFA47ECCCFB854CDCF248DCECF5488BC
:102BF000CFCF3782D0CFF295D1CF8E6DD2CF265F97
:102C0000D3CFCC5AD4CF3E66D5CF6996D6CFB0734A
:102C1000D7CF2E73D8CFBF53D9CF7A81DACF85994A
:102C2000DBCFA17FDCCFAA5BDDCF7796DECF5096DE
:102C3000DFCFBF7EE0CFF876E1CFA253E2CF76952B
:102C4000E3CF9999E4CFB17BE5CF4489E6CF586EC5
:102C5000E7CF614EE8CFD47FE9CF6579EACFE68B45
:102C6000EBCFF360ECCFCD54EDCFAB4EEECF7998F8
:102C7000EFCFF75DF0CF616AF1CFCF50F2CF1154B3
:102C8000F3CF618CF4CF2784F5CF5D78F6CF04972E
:102C9000F7CF4A52F8CFEE54F9CFA356FACF0095AA
:102CA000FBCF886DFCCFB55BFDCFC66DFECF536605
:102CB00040D0248841D0258842D0268843D0278818
:102CC00044D0288845D0298846D02A8847D02B88E8
:102CD00048D02C8849D02D884AD02E884BD02F88B8
:102CE0004CD030884DD031884ED033884FD0348886
:102CF00050D0358851D0368852D0378853D0388854
:102D000054D03A8855D03B8856D03D8857D03E881D
:102D100058D03F8859D041885AD042885BD04388E8
:102D20005CD046885DD047885ED048885FD04988AF
:102D300060D04A8861D04B8862D04E8863D04F887B
:102D400064D0508865D0518866D0528867D0538847
:102D500068D0558869D056886AD058886BD05A8810
:102D60006CD05B886DD05C886ED05D886FD05E88DB
:102D700070D05F8871D0608872D0668873D06788A1
:102D800074D06A8875D06D8876D06F8877D0718856
:102D900078D0738879D074887AD075887BD076881B
:102DA0007CD078887DD079887ED07A8880D07B88E6
:102DB00081D07C8882D0808883D0838884D08688A4
:102DC00085D0878886D0898887D08A8888D08C8863
:102DD00089D08E888AD08F888BD090888CD091882B
:102DE0008DD093888ED094888FD0958890D09788F6
:102DF00091D0988892D0998893D09A8894D09B88C3
:102E000095D09D8896D09E8897D09F8898D0A0888E
:102E100099D0A1889AD0A3889BD0A5889CD0A68859
:102E20009DD0A7889ED0A8889FD0A988A0D0AA8826
:102E3000A1D00F5CA2D05D5BA3D02168A4D0968006
:102E4000A5D07855A6D0117BA7D04865A8D05469E5
:102E5000A9D09B4EAAD0476BABD04E87ACD08B97F6
:102E6000ADD04F53AED01F63AFD03A64B0D0AA906C
:102E7000B1D09C65B2D0C180B3D0108CB4D0995180
:102E8000B5D0B068B6D07853B7D0F987B8D0C8619C
:102E9000B9D0C46CBAD0FB6CBBD0228CBCD0515C16
:102EA000BDD0AA85BED0AF82BFD00C95C0D0236B59
:102EB000C1D09B8FC2D0B065C3D0FB5FC4D0C35F0D
:102EC000C5D0E14FC6D04588C7D01F66C8D0658140
:102ED000C9D02973CAD0FA60CBD07451CCD011526A
:102EE000CDD08B57CED0625FCFD0A290D0D04C88BF
:102EF000D1D09291D2D0785ED3D04F67D4D0276012
:102F0000D5D0D359D6D04451D7D0F651D8D0F880A7
:102F1000D9D00853DAD0796CDBD0C496DCD08A7172
:102F2000DDD0114FDED0EE4FDFD09E7FE0D03D6789
:102F3000E1D0C555E2D00895E3D0C079E4D09688B9
:102F4000E5D0E37EE6D09F58E7D00C62E8D000974A
:102F5000E9D05A86EAD01856EBD07B98ECD0905F37
:102F6000EDD0B88BEED0C484EFD05791F0D0D953C8
:102F7000F1D0ED65F2D08F5EF3D05C75F4D0646073
:102F8000F5D06E7DF6D07F5AF7D0EA7EF8D0ED7E90
:102F9000F9D0698FFAD0A755FBD0A35BFCD0AC6009
:102FA000FDD0CB65FED0847340D1AC8841D1AE88D2
:102FB00042D1AF8843D1B08844D1B28845D1B388DB
:102FC00046D1B48847D1B58848D1B68849D1B888A8
:102FD0004AD1B9884BD1BA884CD1BB884DD1BD8874
:102FE0004ED1BE884FD1BF8850D1C08851D1C3883F
:102FF00052D1C48853D1C78854D1C88855D1CA8802
:1030000056D1CB8857D1CC8858D1CD8859D1CF88CB
:103010005AD1D0885BD1D1885CD1D3885DD1D68894
:103020005ED1D7885FD1DA8860D1DB8861D1DC8856
:1030300062D1DD8863D1DE8864D1E08865D1E18822
:1030400066D1E68867D1E78868D1E98869D1EA88DE
:103050006AD1EB886BD1EC886CD1ED886DD1EE88AC
:103060006ED1EF886FD1F28870D1F58871D1F68872
:1030700072D1F78873D1FA8874D1FB8875D1FD8835
:1030800076D1FF8877D1008978D1018979D10389F8
:103090007AD104897BD105897CD106897DD10789C4
:1030A0007ED1088980D1098981D10B8982D10C898F
:1030B00083D10D8984D10E8985D10F8986D111895B
:1030C00087D1148988D1158989D116898AD1178920
:1030D0008BD118898CD11C898DD11D898ED11E89E7
:1030E0008FD11F8990D1208991D1228992D12389B2
:1030F00093D1248994D1268995D1278996D128897D
:1031000097D1298998D12C8999D12D899AD12E8945
:103110009BD12F899CD131899DD132899ED1338910
:103120009FD13589A0D13789A1D10990A2D16376E9
:10313000A3D12977A4D1DA7EA5D17497A6D19B8596
:10314000A7D1665BA8D1747AA9D1EA96AAD14088A2
:10315000ABD1CB52ACD18F71ADD1AA5FAED1EC6502
:10316000AFD1E28BB0D1FB5BB1D16F9AB2D1E15D4F
:10317000B3D1896BB4D15B6CB5D1AD8BB6D1AF8B0C
:10318000B7D10A90B8D1C58FB9D18B53BAD1BC622F
:10319000BBD1269EBCD12D9EBDD14054BED12B4E5D
:1031A000BFD1BD82C0D15972C1D19C86C2D1165D3A
:1031B000C3D15988C4D1AF6DC5D1C596C6D1D1543C
:1031C000C7D19A4EC8D1B68BC9D10971CAD1BD54E5
:1031D000CBD10996CCD1DF70CDD1F96DCED1D076DF
:1031E000CFD1254ED0D11478D1D11287D2D1A95CBC
:1031F000D3D1F65ED4D1008AD5D19C98D6D10E9683
:10320000D7D18E70D8D1BF6CD9D14459DAD1A96346
:10321000DBD13C77DCD14D88DDD1146FDED17382F8
:10322000DFD13058E0D1D571E1D18C53E2D11A7899
:10323000E3D1C196E4D10155E5D1665FE6D13071A5
:10324000E7D1B45BE8D11A8CE9D18C9AEAD1836BCF
:10325000EBD12E59ECD12F9EEDD1E779EED16867F5
:10326000EFD16C62F0D16F4FF1D1A175F2D18A7FAD
:10327000F3D10B6DF4D13396F5D1276CF6D1F04E26
:10328000F7D1D275F8D17B51F9D13768FAD13E6FB9
:10329000FBD18090FCD17081FDD19659FED176741E
:1032A00040D2388941D2398942D23A8943D23B89C6
:1032B00044D23C8945D23D8946D23E8947D23F8996
:1032C00048D2408949D242894AD243894BD2458962
:1032D0004CD246894DD247894ED248894FD249892E
:1032E00050D24A8951D24B8952D24C8953D24D89FE
:1032F00054D24E8955D24F8956D2508957D25189CE
:1033000058D2528959D253895AD254895BD255899D
:103310005CD256895DD257895ED258895FD259896D
:1033200060D25A8961D25B8962D25C8963D25D893D
:1033300064D2608965D2618966D2628967D2638905
:1033400068D2648969D265896AD267896BD26889D3
:103350006CD269896DD26A896ED26B896FD26C89A1
:1033600070D26D8971D26E8972D26F8973D2708971
:1033700074D2718975D2728976D2738977D2748941
:1033800078D2758979D276897AD277897BD2788911
:103390007CD279897DD27A897ED27C8980D27D89DE
:1033A00081D27E8982D2808983D2828984D28489A3
:1033B00085D2858986D2878987D2888988D289896A
:1033C00089D28A898AD28B898BD28C898CD28D8939
:1033D0008DD28E898ED28F898FD2908990D2918909
:1033E00091D2928992D2938993D2948994D29589D9
:1033F00095D2968996D2978997D2988998D29989A9
:1034000099D29A899AD29B899BD29C899CD29D8978
:103410009DD29E899ED29F899FD2A089A0D2A18948
:10342000A1D24764A2D2275CA3D26590A4D2917A9C
:10343000A5D2238CA6D2DA59A7D2AC54A8D2008246
:10344000A9D26F83AAD28189ABD20080ACD2306975
:10345000ADD24E56AED23680AFD23772B0D2CE9108
:10346000B1D2B651B2D25F4EB3D27598B4D2966390
:10347000B5D21A4EB6D2F653B7D2F366B8D24B8154
:10348000B9D21C59BAD2B26DBBD2004EBCD2F958D7
:10349000BDD23B53BED2D663BFD2F194C0D29D4FB2
:1034A000C1D20A4FC2D26388C3D29098C4D23759CE
:1034B000C5D25790C6D2FB79C7D2EA4EC8D2F080A7
:1034C000C9D29175CAD2826CCBD29C5BCCD2E8595E
:1034D000CDD25D5FCED20569CFD28186D0D21A50CF
:1034E000D1D2F25DD2D2594ED3D2E377D4D2E54EC7
:1034F000D5D27A82D6D29162D7D21366D8D29190A1
:10350000D9D2795CDAD2BF4EDBD2795FDCD2C68108
:10351000DDD23890DED28480DFD2AB75E0D2A64E09
:10352000E1D2D488E2D20F61E3D2C56BE4D2C65FA8
:10353000E5D2494EE6D2CA76E7D2A26EE8D2E38B54
:10354000E9D2AE8BEAD20A8CEBD2D18BECD2025FFD
:10355000EDD2FC7FEED2CC7FEFD2CE7EF0D235839F
:10356000F1D26B83F2D2E056F3D2B76BF4D2F39779
:10357000F5D23496F6D2FB59F7D21F54F8D2F6940E
:10358000F9D2EB6DFAD2C55BFBD26E99FCD2395CF5
:10359000FDD2155FFED2909640D3A28941D3A38974
:1035A00042D3A48943D3A58944D3A68945D3A78907
:1035B00046D3A88947D3A98948D3AA8949D3AB89D7
:1035C0004AD3AC894BD3AD894CD3AE894DD3AF89A7
:1035D0004ED3B0894FD3B18950D3B28951D3B38977
:1035E00052D3B48953D3B58954D3B68955D3B78947
:1035F00056D3B88957D3B98958D3BA8959D3BB8917
:103600005AD3BC895BD3BD895CD3BE895DD3BF89E6
:103610005ED3C0895FD3C38960D3CD8961D3D38999
:1036200062D3D48963D3D58964D3D78965D3D88944
:1036300066D3D98967D3DB8968D3DD8969D3DF890C
:103640006AD3E0896BD3E1896CD3E2896DD3E489D5
:103650006ED3E7896FD3E88970D3E98971D3EA899A
:1036600072D3EC8973D3ED8974D3EE8975D3F08965
:1036700076D3F18977D3F28978D3F48979D3F58930
:103680007AD3F6897BD3F7897CD3F8897DD3F989FE
:103690007ED3FA8980D3FB8981D3FC8982D3FD89CB
:1036A00083D3FE8984D3FF8985D3018A86D3028A96
:1036B00087D3038A88D3048A89D3058A8AD3068A62
:1036C0008BD3088A8CD3098A8DD30A8A8ED30B8A2E
:1036D0008FD30C8A90D30D8A91D30E8A92D30F8AFE
:1036E00093D3108A94D3118A95D3128A96D3138ACE
:1036F00097D3148A98D3158A99D3168A9AD3178A9E
:103700009BD3188A9CD3198A9DD31A8A9ED31B8A6D
:103710009FD31C8AA0D31D8AA1D37053A2D3F18258
:10372000A3D3316AA4D3745AA5D3709EA6D3945E52
:10373000A7D3287FA8D3B983A9D32484AAD3258467
:10374000ABD36783ACD34787ADD3CE8FAED3628D77
:10375000AFD3C876B0D3715FB1D39698B2D36C783B
:10376000B3D32066B4D3DF54B5D3E562B6D3634F89
:10377000B7D3C381B8D3C875B9D3B85EBAD3CD9621
:10378000BBD30A8EBCD3F986BDD38F54BED3F36CA2
:10379000BFD38C6DC0D3386CC1D37F60C2D3C75246
:1037A000C3D32875C4D37D5EC5D3184FC6D3A060DC
:1037B000C7D3E75FC8D3245CC9D33175CAD3AE90F1
:1037C000CBD3C094CCD3B972CDD3B96CCED3386E31
:1037D000CFD34991D0D30967D1D3CB53D2D3F353AD
:1037E000D3D3514FD4D3C991D5D3F18BD6D3C853AA
:1037F000D7D37C5ED8D3C28FD9D3E46DDAD38E4EC3
:10380000DBD3C276DCD38669DDD35E86DED31A6174
:10381000DFD30682E0D3594FE1D3DE4FE2D33E90AF
:10382000E3D37C9CE4D30961E5D31D6EE6D3146E2B
:10383000E7D38596E8D3884EE9D3315AEAD3E896A0
:10384000EBD30E4EECD37F5CEDD3B979EED3875B2F
:10385000EFD3ED8BF0D3BD7FF1D38973F2D3DF5774
:10386000F3D38B82F4D3C190F5D30154F6D34790B0
:10387000F7D3BB55F8D3EA5CF9D3A15FFAD308615B
:10388000FBD3326BFCD3F172FDD3B280FED3898AB5
:1038900040D41E8A41D41F8A42D4208A43D4218A2C
:1038A00044D4228A45D4238A46D4248A47D4258AFC
:1038B00048D4268A49D4278A4AD4288A4BD4298ACC
:1038C0004CD42A8A4DD42B8A4ED42C8A4FD42D8A9C
:1038D00050D42E8A51D42F8A52D4308A53D4318A6C
:1038E00054D4328A55D4338A56D4348A57D4358A3C
:1038F00058D4368A59D4378A5AD4388A5BD4398A0C
:103900005CD43A8A5DD43B8A5ED43C8A5FD43D8ADB
:1039100060D43F8A61D4408A62D4418A63D4428AA7
:1039200064D4438A65D4448A66D4458A67D4468A77
:1039300068D4478A69D4498A6AD44A8A6BD44B8A44
:103940006CD44C8A6DD44D8A6ED44E8A6FD44F8A13
:1039500070D4508A71D4518A72D4528A73D4538AE3
:1039600074D4548A75D4558A76D4568A77D4578AB3
:1039700078D4588A79D4598A7AD45A8A7BD45B8A83
:103980007CD45C8A7DD45D8A7ED45E8A80D45F8A52
:1039900081D4608A82D4618A83D4628A84D4638A1F
:1039A00085D4648A86D4658A87D4668A88D4678AEF
:1039B00089D4688A8AD4698A8BD46A8A8CD46B8ABF
:1039C0008DD46C8A8ED46D8A8FD46E8A90D46F8A8F
:1039D00091D4708A92D4718A93D4728A94D4738A5F
:1039E00095D4748A96D4758A97D4768A98D4778A2F
:1039F00099D4788A9AD47A8A9BD47B8A9CD47C8AFC
:103A00009DD47D8A9ED47E8A9FD47F8AA0D4808ACA
:103A1000A1D4746DA2D4D35BA3D4D588A4D4849844
:103A2000A5D46B8CA6D46D9AA7D4339EA8D40A6E65
:103A3000A9D4A451AAD44351ABD4A357ACD4818800
:103A4000ADD49F53AED4F463AFD4958FB0D4ED56BC
:103A5000B1D45854B2D40657B3D43F73B4D4906E93
:103A6000B5D4187FB6D4DC8FB7D4D182B8D43F6137
:103A7000B9D42860BAD46296BBD4F066BCD4A67E12
:103A8000BDD48A8DBED4C38DBFD4A594C0D4B35C3D
:103A9000C1D4A47CC2D40867C3D4A660C4D405969C
:103AA000C5D41880C6D4914EC7D4E790C8D400536B
:103AB000C9D46896CAD44151CBD4D08FCCD47485A4
:103AC000CDD45D91CED45566CFD4F597D0D4555B87
:103AD000D1D41D53D2D43878D3D44267D4D43D68DE
:103AE000D5D4C954D6D47E70D7D4B05BD8D47D8F0A
:103AF000D9D48D51DAD42857DBD4B154DCD4126533
:103B0000DDD48266DED45E8DDFD4438DE0D40F81B8
:103B1000E1D46C84E2D46D90E3D4DF7CE4D4FF5133
:103B2000E5D4FB85E6D4A367E7D4E965E8D4A16FC3
:103B3000E9D4A486EAD4818EEBD46A56ECD42090E2
:103B4000EDD48276EED47670EFD4E571F0D4238D87
:103B5000F1D4E962F2D41952F3D4FD6CF4D43C8D63
:103B6000F5D40E60F6D49E58F7D48E61F8D4FE6674
:103B7000F9D4608DFAD44E62FBD4B355FCD4236ED5
:103B8000FDD42D67FED4678F40D5818A41D5828AC6
:103B900042D5838A43D5848A44D5858A45D5868A89
:103BA00046D5878A47D5888A48D58B8A49D58C8A55
:103BB0004AD58D8A4BD58E8A4CD58F8A4DD5908A21
:103BC0004ED5918A4FD5928A50D5948A51D5958AEF
:103BD00052D5968A53D5978A54D5988A55D5998ABD
:103BE00056D59A8A57D59B8A58D59C8A59D59D8A8D
:103BF0005AD59E8A5BD59F8A5CD5A08A5DD5A18A5D
:103C00005ED5A28A5FD5A38A60D5A48A61D5A58A2C
:103C100062D5A68A63D5A78A64D5A88A65D5A98AFC
:103C200066D5AA8A67D5AB8A68D5AC8A69D5AD8ACC
:103C30006AD5AE8A6BD5AF8A6CD5B08A6DD5B18A9C
:103C40006ED5B28A6FD5B38A70D5B48A71D5B58A6C
:103C500072D5B68A73D5B78A74D5B88A75D5B98A3C
:103C600076D5BA8A77D5BB8A78D5BC8A79D5BD8A0C
:103C70007AD5BE8A7BD5BF8A7CD5C08A7DD5C18ADC
:103C80007ED5C28A80D5C38A81D5C48A82D5C58AA9
:103C900083D5C68A84D5C78A85D5C88A86D5C98A78
:103CA00087D5CA8A88D5CB8A89D5CC8A8AD5CD8A48
:103CB0008BD5CE8A8CD5CF8A8DD5D08A8ED5D18A18
:103CC0008FD5D28A90D5D38A91D5D48A92D5D58AE8
:103CD00093D5D68A94D5D78A95D5D88A96D5D98AB8
:103CE00097D5DA8A98D5DB8A99D5DC8A9AD5DD8A88
:103CF0009BD5DE8A9CD5DF8A9DD5E08A9ED5E18A58
:103D00009FD5E28AA0D5E38AA1D5E194A2D5F89502
:103D1000A3D52877A4D50568A5D5A869A6D58B54C1
:103D2000A7D54D4EA8D5B870A9D5C88BAAD55864CB
:103D3000ABD58B65ACD5855BADD5847AAED53A5025
:103D4000AFD5E85BB0D5BB77B1D5E16BB2D5798A99
:103D5000B3D5987CB4D5BE6CB5D5CF76B6D5A965AC
:103D6000B7D5978FB8D52D5DB9D5555CBAD53886FE
:103D7000BBD50868BCD56053BDD51862BED5D97A0D
:103D8000BFD55B6EC0D5FD7EC1D51F6AC2D5E07AB6
:103D9000C3D5705FC4D5336FC5D5205FC6D58C63DE
:103DA000C7D5A86DC8D55667C9D5084ECAD5105E07
:103DB000CBD5268DCCD5D74ECDD5C080CED53476BB
:103DC000CFD59C96D0D5DB62D1D52D66D2D57E627B
:103DD000D3D5BC6CD4D5758DD5D56771D6D5697F53
:103DE000D7D54651D8D58780D9D5EC53DAD56E9042
:103DF000DBD59862DCD5F254DDD5F086DED5998F1F
:103E0000DFD50580E0D51795E1D51785E2D5D98FA7
:103E1000E3D5596DE4D5CD73E5D59F65E6D51F771C
:103E2000E7D50475E8D52778E9D5FB81EAD51E8D5D
:103E3000EBD58894ECD5A64FEDD59567EED5B97541
:103E4000EFD5CA8BF0D50797F1D52F63F2D54795FB
:103E5000F3D53596F4D5B884F5D52363F6D54177F7
:103E6000F7D5815FF8D5F072F9D5894EFAD514608F
:103E7000FBD57465FCD5EF62FDD5636BFED53F6560
:103E800040D6E48A41D6E58A42D6E68A43D6E78A16
:103E900044D6E88A45D6E98A46D6EA8A47D6EB8AE6
:103EA00048D6EC8A49D6ED8A4AD6EE8A4BD6EF8AB6
:103EB0004CD6F08A4DD6F18A4ED6F28A4FD6F38A86
:103EC00050D6F48A51D6F58A52D6F68A53D6F78A56
:103ED00054D6F88A55D6F98A56D6FA8A57D6FB8A26
:103EE00058D6FC8A59D6FD8A5AD6FE8A5BD6FF8AF6
:103EF0005CD6008B5DD6018B5ED6028B5FD6038BC2
:103F000060D6048B61D6058B62D6068B63D6088B90
:103F100064D6098B65D60A8B66D60B8B67D60C8B5D
:103F200068D60D8B69D60E8B6AD60F8B6BD6108B2D
:103F30006CD6118B6DD6128B6ED6138B6FD6148BFD
:103F400070D6158B71D6168B72D6178B73D6188BCD
:103F500074D6198B75D61A8B76D61B8B77D61C8B9D
:103F600078D61D8B79D61E8B7AD61F8B7BD6208B6D
:103F70007CD6218B7DD6228B7ED6238B80D6248B3C
:103F800081D6258B82D6278B83D6288B84D6298B06
:103F900085D62A8B86D62B8B87D62C8B88D62D8BD5
:103FA00089D62E8B8AD62F8B8BD6308B8CD6318BA5
:103FB0008DD6328B8ED6338B8FD6348B90D6358B75
:103FC00091D6368B92D6378B93D6388B94D6398B45
:103FD00095D63A8B96D63B8B97D63C8B98D63D8B15
:103FE00099D63E8B9AD63F8B9BD6408B9CD6418BE5
:103FF0009DD6428B9ED6438B9FD6448BA0D6458BB5
:10400000A1D6275EA2D6C775A3D6D190A4D6C18B60
:10401000A5D69D82A6D69D67A7D62F65A8D6315472
:10402000A9D61887AAD6E577ABD6A280ACD60281EE
:10403000ADD6416CAED64B4EAFD6C77EB0D64C8017
:10404000B1D6F476B2D60D69B3D6966BB4D66762A4
:10405000B5D63C50B6D6844FB7D64057B8D60763CE
:10406000B9D6626BBAD6BE8DBBD6EA53BCD6E8656C
:10407000BDD6B87EBED6D75FBFD61A63C0D6B763EB
:10408000C1D6F381C2D6F481C3D66E7FC4D61C5E7E
:10409000C5D6D95CC6D63652C7D67A66C8D6E979AF
:1040A000C9D61A7ACAD6288DCBD69970CCD6D475F3
:1040B000CDD6DE6ECED6BB6CCFD6927AD0D62D4E74
:1040C000D1D6C576D2D6E05FD3D69F94D4D67788A2
:1040D000D5D6C87ED6D6CD79D7D6BF80D8D6CD9105
:1040E000D9D6F24EDAD6174FDBD61F82DCD668540B
:1040F000DDD6DE5DDED6326DDFD6CC8BE0D6A57C9C
:10410000E1D6748FE2D69880E3D61A5EE4D6925454
:10411000E5D6B176E6D6995BE7D63C66E8D6A49AB2
:10412000E9D6E073EAD62A68EBD6DB86ECD63167AF
:10413000EDD62A73EED6F88BEFD6DB8BF0D6109047
:10414000F1D6F97AF2D6DB70F3D66E71F4D6C4628A
:10415000F5D6A977F6D63156F7D63B4EF8D6578422
:10416000F9D6F167FAD6A952FBD6C086FCD62E8DB9
:10417000FDD6F894FED6517B40D7468B41D7478B6E
:1041800042D7488B43D7498B44D74A8B45D74B8B73
:1041900046D74C8B47D74D8B48D74E8B49D74F8B43
:1041A0004AD7508B4BD7518B4CD7528B4DD7538B13
:1041B0004ED7548B4FD7558B50D7568B51D7578BE3
:1041C00052D7588B53D7598B54D75A8B55D75B8BB3
:1041D00056D75C8B57D75D8B58D75E8B59D75F8B83
:1041E0005AD7608B5BD7618B5CD7628B5DD7638B53
:1041F0005ED7648B5FD7658B60D7678B61D7688B21
:1042000062D7698B63D76A8B64D76B8B65D76D8BED
:1042100066D76E8B67D76F8B68D7708B69D7718BBA
:104220006AD7728B6BD7738B6CD7748B6DD7758B8A
:104230006ED7768B6FD7778B70D7788B71D7798B5A
:1042400072D77A8B73D77B8B74D77C8B75D77D8B2A
:1042500076D77E8B77D77F8B78D7808B79D7818BFA
:104260007AD7828B7BD7838B7CD7848B7DD7858BCA
:104270007ED7868B80D7878B81D7888B82D7898B97
:1042800083D78A8B84D78B8B85D78C8B86D78D8B66
:1042900087D78E8B88D78F8B89D7908B8AD7918B36
:1042A0008BD7928B8CD7938B8DD7948B8ED7958B06
:1042B0008FD7968B90D7978B91D7988B92D7998BD6
:1042C00093D79A8B94D79B8B95D79C8B96D79D8BA6
:1042D00097D79E8B98D79F8B99D7AC8B9AD7B18B5A
:1042E0009BD7BB8B9CD7C78B9DD7D08B9ED7EA8B98
:1042F0009FD7098CA0D71E8CA1D74F4FA2D7E86CAF
:10430000A3D75D79A4D77B9AA5D79362A6D72A7243
:10431000A7D7FD62A8D7134EA9D71678AAD76C8F56
:10432000ABD7B064ACD75A8DADD7C67BAED7696872
:10433000AFD7845EB0D7C588B1D78659B2D79E644F
:10434000B3D7EE58B4D7B672B5D70E69B6D72595A0
:10435000B7D7FD8FB8D7588DB9D76057BAD7007F78
:10436000BBD7068CBCD7C651BDD74963BED7D9626F
:10437000BFD75353C0D74C68C1D72274C2D701836B
:10438000C3D74C91C4D74455C5D74077C6D77C70A6
:10439000C7D74A6DC8D77951C9D7A854CAD7448D51
:1043A000CBD7FF59CCD7CB6ECDD7C46DCED75C5B06
:1043B000CFD72B7DD0D7D44ED1D77D7CD2D7D36E5B
:1043C000D3D7505BD4D7EA81D5D70D6ED6D7575BFC
:1043D000D7D7039BD8D7D568D9D72A8EDAD7975B9A
:1043E000DBD7FC7EDCD73B60DDD7B57EDED7B9906E
:1043F000DFD7708DE0D74F59E1D7CD63E2D7DF79B2
:10440000E3D7B38DE4D75253E5D7CF65E6D75679D6
:10441000E7D7C58BE8D73B96E9D7C47EEAD7BB94EC
:10442000EBD7827EECD73456EDD78991EED7006773
:10443000EFD76A7FF0D70A5CF1D77590F2D728667C
:10444000F3D7E65DF4D7504FF5D7DE67F6D75A506D
:10445000F7D75C4FF8D75057F9D7A75E40D8388CBC
:1044600041D8398C42D83A8C43D83B8C44D83C8CC8
:1044700045D83D8C46D83E8C47D83F8C48D8408C98
:1044800049D8428C4AD8438C4BD8448C4CD8458C64
:104490004DD8488C4ED84A8C4FD84B8C50D84D8C28
:1044A00051D84E8C52D84F8C53D8508C54D8518CF4
:1044B00055D8528C56D8538C57D8548C58D8568CC3
:1044C00059D8578C5AD8588C5BD8598C5CD85B8C8F
:1044D0005DD85C8C5ED85D8C5FD85E8C60D85F8C5C
:1044E00061D8608C62D8638C63D8648C64D8658C26
:1044F00065D8668C66D8678C67D8688C68D8698CF4
:1045000069D86C8C6AD86D8C6BD86E8C6CD86F8CBB
:104510006DD8708C6ED8718C6FD8728C70D8748C8A
:1045200071D8758C72D8768C73D8778C74D87B8C54
:1045300075D87C8C76D87D8C77D87E8C78D87F8C1B
:1045400079D8808C7AD8818C7BD8838C7CD8848CE9
:104550007DD8868C7ED8878C80D8888C81D88B8CAF
:1045600082D88D8C83D88E8C84D88F8C85D8908C73
:1045700086D8918C87D8928C88D8938C89D8958C42
:104580008AD8968C8BD8978C8CD8998C8DD89A8C0D
:104590008ED89B8C8FD89C8C90D89D8C91D89E8CDB
:1045A00092D89F8C93D8A08C94D8A18C95D8A28CAB
:1045B00096D8A38C97D8A48C98D8A58C99D8A68C7B
:1045C0009AD8A78C9BD8A88C9CD8A98C9DD8AA8C4B
:1045D0009ED8AB8C9FD8AC8CA0D8AD8CA1D88D4E7A
:1045E000A2D80C4EA3D84051A4D8104EA5D8FF5E37
:1045F000A6D84553A7D8154EA8D8984EA9D81E4E70
:10460000AAD8329BABD86C5BACD86956ADD8284ED3
:10461000AED8BA79AFD83F4EB0D81553B1D8474EBF
:10462000B2D82D59B3D83B72B4D86E53B5D8106CEC
:10463000B6D8DF56B7D8E480B8D89799B9D8D36B35
:10464000BAD87E77BBD8179FBCD8364EBDD89F4E00
:10465000BED8109FBFD85C4EC0D8694EC1D8934E0B
:10466000C2D88882C3D85B5BC4D86C55C5D80F56F6
:10467000C6D8C44EC7D88D53C8D89D53C9D8A353E4
:10468000CAD8A553CBD8AE53CCD86597CDD85D8DBD
:10469000CED81A53CFD8F553D0D82653D1D82E53CD
:1046A000D2D83E53D3D85C8DD4D86653D5D8635373
:1046B000D6D80252D7D80852D8D80E52D9D82D52AF
:1046C000DAD83352DBD83F52DCD84052DDD84C52D6
:1046D000DED85E52DFD86152E0D85C52E1D8AF84B8
:1046E000E2D87D52E3D88252E4D88152E5D8905284
:1046F000E6D89352E7D88251E8D8547FE9D8BB4E28
:10470000EAD8C34EEBD8C94EECD8C24EEDD8E84E2D
:10471000EED8E14EEFD8EB4EF0D8DE4EF1D81B4F7D
:10472000F2D8F34EF3D8224FF4D8644FF5D8F54EB3
:10473000F6D8254FF7D8274FF8D8094FF9D82B4F7F
:10474000FAD85E4FFBD8674FFCD83865FDD85A4F72
:10475000FED85D4F40D9AE8C41D9AF8C42D9B08CD8
:1047600043D9B18C44D9B28C45D9B38C46D9B48CD9
:1047700047D9B58C48D9B68C49D9B78C4AD9B88CA9
:104780004BD9B98C4CD9BA8C4DD9BB8C4ED9BC8C79
:104790004FD9BD8C50D9BE8C51D9BF8C52D9C08C49
:1047A00053D9C18C54D9C28C55D9C38C56D9C48C19
:1047B00057D9C58C58D9C68C59D9C78C5AD9C88CE9
:1047C0005BD9C98C5CD9CA8C5DD9CB8C5ED9CC8CB9
:1047D0005FD9CD8C60D9CE8C61D9CF8C62D9D08C89
:1047E00063D9D18C64D9D28C65D9D38C66D9D48C59
:1047F00067D9D58C68D9D68C69D9D78C6AD9D88C29
:104800006BD9D98C6CD9DA8C6DD9DB8C6ED9DC8CF8
:104810006FD9DD8C70D9DE8C71D9DF8C72D9E08CC8
:1048200073D9E18C74D9E28C75D9E38C76D9E48C98
:1048300077D9E58C78D9E68C79D9E78C7AD9E88C68
:104840007BD9E98C7CD9EA8C7DD9EB8C7ED9EC8C38
:1048500080D9ED8C81D9EE8C82D9EF8C83D9F08C04
:1048600084D9F18C85D9F28C86D9F38C87D9F48CD4
:1048700088D9F58C89D9F68C8AD9F78C8BD9F88CA4
:104880008CD9F98C8DD9FA8C8ED9FB8C8FD9FC8C74
:1048900090D9FD8C91D9FE8C92D9FF8C93D9008D43
:1048A00094D9018D95D9028D96D9038D97D9048D10
:1048B00098D9058D99D9068D9AD9078D9BD9088DE0
:1048C0009CD9098D9DD90A8D9ED90B8D9FD90C8DB0
:1048D000A0D90D8DA1D95F4FA2D9574FA3D9324F7F
:1048E000A4D93D4FA5D9764FA6D9744FA7D9914FDA
:1048F000A8D9894FA9D9834FAAD98F4FABD97E4F59
:10490000ACD97B4FADD9AA4FAED97C4FAFD9AC4F04
:10491000B0D9944FB1D9E64FB2D9E84FB3D9EA4FE5
:10492000B4D9C54FB5D9DA4FB6D9E34FB7D9DC4FB3
:10493000B8D9D14FB9D9DF4FBAD9F84FBBD929501F
:10494000BCD94C50BDD9F34FBED92C50BFD90F5054
:10495000C0D92E50C1D92D50C2D9FE4FC3D91C5039
:10496000C4D90C50C5D92550C6D92850C7D97E50B6
:10497000C8D94350C9D95550CAD94850CBD94E503F
:10498000CCD96C50CDD97B50CED9A550CFD9A7501A
:10499000D0D9A950D1D9BA50D2D9D650D3D90651ED
:1049A000D4D9ED50D5D9EC50D6D9E650D7D9EE5060
:1049B000D8D90751D9D90B51DAD9DD4EDBD93D6CA5
:1049C000DCD9584FDDD9654FDED9CE4FDFD9A09F56
:1049D000E0D9466CE1D9747CE2D96E51E3D9FD5D32
:1049E000E4D9C99EE5D99899E6D98151E7D91459F6
:1049F000E8D9F952E9D90D53EAD9078AEBD910530E
:104A0000ECD9EB51EDD91959EED95551EFD9A04E4A
:104A1000F0D95651F1D9B34EF2D96E88F3D9A488A2
:104A2000F4D9B54EF5D91481F6D9D288F7D9807961
:104A3000F8D9345BF9D90388FAD9B87FFBD9AB51DF
:104A4000FCD9B151FDD9BD51FED9BC5140DA0E8D12
:104A500041DA0F8D42DA108D43DA118D44DA128D6E
:104A600045DA138D46DA148D47DA158D48DA168D3E
:104A700049DA178D4ADA188D4BDA198D4CDA1A8D0E
:104A80004DDA1B8D4EDA1C8D4FDA208D50DA518DA8
:104A900051DA528D52DA578D53DA5F8D54DA658DC3
:104AA00055DA688D56DA698D57DA6A8D58DA6C8D69
:104AB00059DA6E8D5ADA6F8D5BDA718D5CDA728D30
:104AC0005DDA788D5EDA798D5FDA7A8D60DA7B8DEA
:104AD00061DA7C8D62DA7D8D63DA7E8D64DA7F8DBA
:104AE00065DA808D66DA828D67DA838D68DA868D85
:104AF00069DA878D6ADA888D6BDA898D6CDA8C8D4C
:104B00006DDA8D8D6EDA8E8D6FDA8F8D70DA908D15
:104B100071DA928D72DA938D73DA958D74DA968DDF
:104B200075DA978D76DA988D77DA998D78DA9A8DAD
:104B300079DA9B8D7ADA9C8D7BDA9D8D7CDA9E8D7D
:104B40007DDAA08D7EDAA18D80DAA28D81DAA48D46
:104B500082DAA58D83DAA68D84DAA78D85DAA88D11
:104B600086DAA98D87DAAA8D88DAAB8D89DAAC8DE1
:104B70008ADAAD8D8BDAAE8D8CDAAF8D8DDAB08DB1
:104B80008EDAB28D8FDAB68D90DAB78D91DAB98D73
:104B900092DABB8D93DABD8D94DAC08D95DAC18D32
:104BA00096DAC28D97DAC58D98DAC78D99DAC88DF5
:104BB0009ADAC98D9BDACA8D9CDACD8D9DDAD08DBB
:104BC0009EDAD28D9FDAD38DA0DAD48DA1DAC751C7
:104BD000A2DA9651A3DAA251A4DAA551A5DAA08BE4
:104BE000A6DAA68BA7DAA78BA8DAAA8BA9DAB48BE8
:104BF000AADAB58BABDAB78BACDAC28BADDAC38B82
:104C0000AEDACB8BAFDACF8BB0DACE8BB1DAD28B18
:104C1000B2DAD38BB3DAD48BB4DAD68BB5DAD88BDD
:104C2000B6DAD98BB7DADC8BB8DADF8BB9DAE08B9E
:104C3000BADAE48BBBDAE88BBCDAE98BBDDAEE8B4F
:104C4000BEDAF08BBFDAF38BC0DAF68BC1DAF98B00
:104C5000C2DAFC8BC3DAFF8BC4DA008CC5DA028CB3
:104C6000C6DA048CC7DA078CC8DA0C8CC9DA0F8C68
:104C7000CADA118CCBDA128CCCDA148CCDDA158C22
:104C8000CEDA168CCFDA198CD0DA1B8CD1DA188CEC
:104C9000D2DA1D8CD3DA1F8CD4DA208CD5DA218CB1
:104CA000D6DA258CD7DA278CD8DA2A8CD9DA2B8C6D
:104CB000DADA2E8CDBDA2F8CDCDA328CDDDA338C2C
:104CC000DEDA358CDFDA368CE0DA6953E1DA7A53F2
:104CD000E2DA1D96E3DA2296E4DA2196E5DA3196F5
:104CE000E6DA2A96E7DA3D96E8DA3C96E9DA429681
:104CF000EADA4996EBDA5496ECDA5F96EDDA6796E3
:104D0000EEDA6C96EFDA7296F0DA7496F1DA88964B
:104D1000F2DA8D96F3DA9796F4DAB096F5DA9790A0
:104D2000F6DA9B90F7DA9D90F8DA9990F9DAAC9080
:104D3000FADAA190FBDAB490FCDAB390FDDAB6901F
:104D4000FEDABA9040DBD58D41DBD88D42DBD98DC0
:104D500043DBDC8D44DBE08D45DBE18D46DBE28D22
:104D600047DBE58D48DBE68D49DBE78D4ADBE98DE6
:104D70004BDBED8D4CDBEE8D4DDBF08D4EDBF18DA5
:104D80004FDBF28D50DBF48D51DBF68D52DBFC8D69
:104D900053DBFE8D54DBFF8D55DB008E56DB018E21
:104DA00057DB028E58DB038E59DB048E5ADB068EEE
:104DB0005BDB078E5CDB088E5DDB0B8E5EDB0D8EB6
:104DC0005FDB0E8E60DB108E61DB118E62DB128E7C
:104DD00063DB138E64DB158E65DB168E66DB178E48
:104DE00067DB188E68DB198E69DB1A8E6ADB1B8E17
:104DF0006BDB1C8E6CDB208E6DDB218E6EDB248EDC
:104E00006FDB258E70DB268E71DB278E72DB288EA2
:104E100073DB2B8E74DB2D8E75DB308E76DB328E62
:104E200077DB338E78DB348E79DB368E7ADB378E28
:104E30007BDB388E7CDB3B8E7DDB3C8E7EDB3E8EEF
:104E400080DB3F8E81DB438E82DB458E83DB468EAB
:104E500084DB4C8E85DB4D8E86DB4E8E87DB4F8E62
:104E600088DB508E89DB538E8ADB548E8BDB558E2C
:104E70008CDB568E8DDB578E8EDB588E8FDB5A8EF9
:104E800090DB5B8E91DB5C8E92DB5D8E93DB5E8EC6
:104E900094DB5F8E95DB608E96DB618E97DB628E96
:104EA00098DB638E99DB648E9ADB658E9BDB678E65
:104EB0009CDB688E9DDB6A8E9EDB6B8E9FDB6E8E2D
:104EC000A0DB718EA1DBB890A2DBB090A3DBCF900A
:104ED000A4DBC590A5DBBE90A6DBD090A7DBC49079
:104EE000A8DBC790A9DBD390AADBE690ABDBE2900E
:104EF000ACDBDC90ADDBD790AEDBDB90AFDBEB90D7
:104F0000B0DBEF90B1DBFE90B2DB0491B3DB22911A
:104F1000B4DB1E91B5DB2391B6DB3191B7DB2F916A
:104F2000B8DB3991B9DB4391BADB4691BBDB0D525B
:104F3000BCDB4259BDDBA252BEDBAC52BFDBAD5283
:104F4000C0DBBE52C1DBFF54C2DBD052C3DBD65242
:104F5000C4DBF052C5DBDF53C6DBEE71C7DBCD77B8
:104F6000C8DBF45EC9DBF551CADBFC51CBDB2F9B00
:104F7000CCDBB653CDDB015FCEDB5A75CFDBEF5D0B
:104F8000D0DB4C57D1DBA957D2DBA157D3DB7E58FE
:104F9000D4DBBC58D5DBC558D6DBD158D7DB295775
:104FA000D8DB2C57D9DB2A57DADB3357DBDB395711
:104FB000DCDB2E57DDDB2F57DEDB5C57DFDB3B57BF
:104FC000E0DB4257E1DB6957E2DB8557E3DB6B57F8
:104FD000E4DB8657E5DB7C57E6DB7B57E7DB68578E
:104FE000E8DB6D57E9DB7657EADB7357EBDBAD5750
:104FF000ECDBA457EDDB8C57EEDBB257EFDBCF5782
:10500000F0DBA757F1DBB457F2DB9357F3DBA05784
:10501000F4DBD557F5DBD857F6DBDA57F7DBD95792
:10502000F8DBD257F9DBB857FADBF457FBDBEF5765
:10503000FCDBF857FDDBE457FEDBDD5740DC738E0D
:1050400041DC758E42DC778E43DC788E44DC798ED1
:1050500045DC7A8E46DC7B8E47DC7D8E48DC7E8E9E
:1050600049DC808E4ADC828E4BDC838E4CDC848E65
:105070004DDC868E4EDC888E4FDC898E50DC8A8E2D
:1050800051DC8B8E52DC8C8E53DC8D8E54DC8E8EFC
:1050900055DC918E56DC928E57DC938E58DC958EC3
:1050A00059DC968E5ADC978E5BDC988E5CDC998E90
:1050B0005DDC9A8E5EDC9B8E5FDC9D8E60DC9F8E5D
:1050C00061DCA08E62DCA18E63DCA28E64DCA38E28
:1050D00065DCA48E66DCA58E67DCA68E68DCA78EF8
:1050E00069DCA88E6ADCA98E6BDCAA8E6CDCAD8EC6
:1050F0006DDCAE8E6EDCB08E6FDCB18E70DCB38E8C
:1051000071DCB48E72DCB58E73DCB68E74DCB78E57
:1051100075DCB88E76DCB98E77DCBB8E78DCBC8E25
:1051200079DCBD8E7ADCBE8E7BDCBF8E7CDCC08EF3
:105130007DDCC18E7EDCC28E80DCC38E81DCC48EC1
:1051400082DCC58E83DCC68E84DCC78E85DCC88E8F
:1051500086DCC98E87DCCA8E88DCCB8E89DCCC8E5F
:105160008ADCCD8E8BDCCF8E8CDCD08E8DDCD18E2C
:105170008EDCD28E8FDCD38E90DCD48E91DCD58EFB
:1051800092DCD68E93DCD78E94DCD88E95DCD98ECB
:1051900096DCDA8E97DCDB8E98DCDC8E99DCDD8E9B
:1051A0009ADCDE8E9BDCDF8E9CDCE08E9DDCE18E6B
:1051B0009EDCE28E9FDCE38EA0DCE48EA1DC0B584B
:1051C000A2DC0D58A3DCFD57A4DCED57A5DC00588C
:1051D000A6DC1E58A7DC1958A8DC4458A9DC2058C6
:1051E000AADC6558ABDC6C58ACDC8158ADDC895866
:1051F000AEDC9A58AFDC8058B0DCA899B1DC199FBE
:10520000B2DCFF61B3DC7982B4DC7D82B5DC7F8205
:10521000B6DC8F82B7DC8A82B8DCA882B9DC8482F3
:10522000BADC8E82BBDC9182BCDC9782BDDC9982C9
:10523000BEDCAB82BFDCB882C0DCBE82C1DCB08227
:10524000C2DCC882C3DCCA82C4DCE382C5DC9882CB
:10525000C6DCB782C7DCAE82C8DCCB82C9DCCC82BC
:10526000CADCC182CBDCA982CCDCB482CDDCA182D9
:10527000CEDCAA82CFDC9F82D0DCC482D1DCCE829D
:10528000D2DCA482D3DCE182D4DC0983D5DCF782D2
:10529000D6DCE482D7DC0F83D8DC0783D9DCDC8260
:1052A000DADCF482DBDCD282DCDCD882DDDC0C836D
:1052B000DEDCFB82DFDCD382E0DC1183E1DC1A83FD
:1052C000E2DC0683E3DC1483E4DC1583E5DCE082C6
:1052D000E6DCD582E7DC1C83E8DC5183E9DC5B8318
:1052E000EADC5C83EBDC0883ECDC9283EDDC3C8362
:1052F000EEDC3483EFDC3183F0DC9B83F1DC5E8316
:10530000F2DC2F83F3DC4F83F4DC4783F5DC43834B
:10531000F6DC5F83F7DC4083F8DC1783F9DC60831D
:10532000FADC2D83FBDC3A83FCDC3383FDDC668313
:10533000FEDC658340DDE58E41DDE68E42DDE78EF5
:1053400043DDE88E44DDE98E45DDEA8E46DDEB8EF9
:1053500047DDEC8E48DDED8E49DDEE8E4ADDEF8EC9
:105360004BDDF08E4CDDF18E4DDDF28E4EDDF38E99
:105370004FDDF48E50DDF58E51DDF68E52DDF78E69
:1053800053DDF88E54DDF98E55DDFA8E56DDFB8E39
:1053900057DDFC8E58DDFD8E59DDFE8E5ADDFF8E09
:1053A0005BDD008F5CDD018F5DDD028F5EDD038FD5
:1053B0005FDD048F60DD058F61DD068F62DD078FA5
:1053C00063DD088F64DD098F65DD0A8F66DD0B8F75
:1053D00067DD0C8F68DD0D8F69DD0E8F6ADD0F8F45
:1053E0006BDD108F6CDD118F6DDD128F6EDD138F15
:1053F0006FDD148F70DD158F71DD168F72DD178FE5
:1054000073DD188F74DD198F75DD1A8F76DD1B8FB4
:1054100077DD1C8F78DD1D8F79DD1E8F7ADD1F8F84
:105420007BDD208F7CDD218F7DDD228F7EDD238F54
:1054300080DD248F81DD258F82DD268F83DD278F20
:1054400084DD288F85DD298F86DD2A8F87DD2B8FF0
:1054500088DD2C8F89DD2D8F8ADD2E8F8BDD2F8FC0
:105460008CDD308F8DDD318F8EDD328F8FDD338F90
:1054700090DD348F91DD358F92DD368F93DD378F60
:1054800094DD388F95DD398F96DD3A8F97DD3B8F30
:1054900098DD3C8F99DD3D8F9ADD3E8F9BDD3F8F00
:1054A0009CDD408F9DDD418F9EDD428F9FDD438FD0
:1054B000A0DD448FA1DD6883A2DD1B83A3DD6983AA
:1054C000A4DD6C83A5DD6A83A6DD6D83A7DD6E8315
:1054D000A8DDB083A9DD7883AADDB383ABDDB48317
:1054E000ACDDA083ADDDAA83AEDD9383AFDD9C830D
:1054F000B0DD8583B1DD7C83B2DDB683B3DDA98306
:10550000B4DD7D83B5DDB883B6DD7B83B7DD9883FD
:10551000B8DD9E83B9DDA883BADDBA83BBDDBC8369
:10552000BCDDC183BDDD0184BEDDE583BFDDD88385
:10553000C0DD0758C1DD1884C2DD0B84C3DDDD8307
:10554000C4DDFD83C5DDD683C6DD1C84C7DD38849C
:10555000C8DD1184C9DD0684CADDD483CBDDDF83D9
:10556000CCDD0F84CDDD0384CEDDF883CFDDF98380
:10557000D0DDEA83D1DDC583D2DDC083D3DD2684CF
:10558000D4DDF083D5DDE183D6DD5C84D7DD5184C5
:10559000D8DD5A84D9DD5984DADD7384DBDD878474
:1055A000DCDD8884DDDD7A84DEDD8984DFDD7884FE
:1055B000E0DD3C84E1DD4684E2DD6984E3DD768480
:1055C000E4DD8C84E5DD8E84E6DD3184E7DD6D8409
:1055D000E8DDC184E9DDCD84EADDD084EBDDE6845D
:1055E000ECDDBD84EDDDD384EEDDCA84EFDDBF8468
:1055F000F0DDBA84F1DDE084F2DDA184F3DDB9846D
:10560000F4DDB484F5DD9784F6DDE584F7DDE3842D
:10561000F8DD0C85F9DD0D75FADD3885FBDDF084EC
:10562000FCDD3985FDDD1F85FEDD3A8540DE458FD9
:1056300041DE468F42DE478F43DE488F44DE498F8E
:1056400045DE4A8F46DE4B8F47DE4C8F48DE4D8F5E
:1056500049DE4E8F4ADE4F8F4BDE508F4CDE518F2E
:105660004DDE528F4EDE538F4FDE548F50DE558FFE
:1056700051DE568F52DE578F53DE588F54DE598FCE
:1056800055DE5A8F56DE5B8F57DE5C8F58DE5D8F9E
:1056900059DE5E8F5ADE5F8F5BDE608F5CDE618F6E
:1056A0005DDE628F5EDE638F5FDE648F60DE658F3E
:1056B00061DE6A8F62DE808F63DE8C8F64DE928FA4
:1056C00065DE9D8F66DEA08F67DEA18F68DEA28F0C
:1056D00069DEA48F6ADEA58F6BDEA68F6CDEA78FD6
:1056E0006DDEAA8F6EDEAC8F6FDEAD8F70DEAE8F9B
:1056F00071DEAF8F72DEB28F73DEB38F74DEB48F64
:1057000075DEB58F76DEB78F77DEB88F78DEBA8F2D
:1057100079DEBB8F7ADEBC8F7BDEBF8F7CDEC08FF5
:105720007DDEC38F7EDEC68F80DEC98F81DECA8FAD
:1057300082DECB8F83DECC8F84DECD8F85DECF8F74
:1057400086DED28F87DED68F88DED78F89DEDA8F2E
:105750008ADEE08F8BDEE18F8CDEE38F8DDEE78FDC
:105760008EDEEC8F8FDEEF8F90DEF18F91DEF28F89
:1057700092DEF48F93DEF58F94DEF68F95DEFA8F4E
:1057800096DEFB8F97DEFC8F98DEFE8F99DEFF8F13
:105790009ADE07909BDE08909CDE0C909DDE0E90BA
:1057A0009EDE13909FDE1590A0DE1890A1DE568538
:1057B000A2DE3B85A3DEFF84A4DEFC84A5DE598542
:1057C000A6DE4885A7DE6885A8DE6485A9DE5E853D
:1057D000AADE7A85ABDEA277ACDE4385ADDE7285CC
:1057E000AEDE7B85AFDEA485B0DEA885B1DE878521
:1057F000B2DE8F85B3DE7985B4DEAE85B5DE9C85FD
:10580000B6DE8585B7DEB985B8DEB785B9DEB08589
:10581000BADED385BBDEC185BCDEDC85BDDEFF859F
:10582000BEDE2786BFDE0586C0DE2986C1DE16867F
:10583000C2DE3C86C3DEFE5EC4DE085FC5DE3C59C8
:10584000C6DE4159C7DE3780C8DE5559C9DE5A5910
:10585000CADE5859CBDE0F53CCDE225CCDDE255C90
:10586000CEDE2C5CCFDE345CD0DE4C62D1DE6A62F0
:10587000D2DE9F62D3DEBB62D4DECA62D5DEDA62DC
:10588000D6DED762D7DEEE62D8DE2263D9DEF662DC
:10589000DADE3963DBDE4B63DCDE4363DDDEAD6322
:1058A000DEDEF663DFDE7163E0DE7A63E1DE8E6307
:1058B000E2DEB463E3DE6D63E4DEAC63E5DE8A63FF
:1058C000E6DE6963E7DEAE63E8DEBC63E9DEF26371
:1058D000EADEF863EBDEE063ECDEFF63EDDEC4637B
:1058E000EEDEDE63EFDECE63F0DE5264F1DEC66331
:1058F000F2DEBE63F3DE4564F4DE4164F5DE0B6484
:10590000F6DE1B64F7DE2064F8DE0C64F9DE266444
:10591000FADE2164FBDE5E64FCDE8464FDDE6D6421
:10592000FEDE966440DF199041DF1C9042DF239039
:1059300043DF249044DF259045DF279046DF289001
:1059400047DF299048DF2A9049DF2B904ADF2C90CF
:105950004BDF30904CDF31904DDF32904EDF339093
:105960004FDF349050DF379051DF399052DF3A905B
:1059700053DF3D9054DF3F9055DF409056DF43901A
:1059800057DF459058DF469059DF48905ADF4990DD
:105990005BDF4A905CDF4B905DDF4C905EDF4E90AA
:1059A0005FDF549060DF559061DF569062DF599061
:1059B00063DF5A9064DF5C9065DF5D9066DF5E9028
:1059C00067DF5F9068DF609069DF61906ADF6490F5
:1059D0006BDF66906CDF67906DDF69906EDF6A90B9
:1059E0006FDF6B9070DF6C9071DF6F9072DF709083
:1059F00073DF719074DF729075DF739076DF76904D
:105A000077DF779078DF789079DF79907ADF7A9016
:105A10007BDF7B907CDF7C907DDF7E907EDF8190E2
:105A200080DF849081DF859082DF869083DF87909E
:105A300084DF899085DF8A9086DF8C9087DF8D9068
:105A400088DF8E9089DF8F908ADF90908BDF929035
:105A50008CDF94908DDF96908EDF98908FDF9A90F8
:105A600090DF9C9091DF9E9092DF9F9093DFA090BB
:105A700094DFA49095DFA59096DFA79097DFA8907C
:105A800098DFA99099DFAB909ADFAD909BDFB29041
:105A90009CDFB7909DDFBC909EDFBD909FDFBF90E5
:105AA000A0DFC090A1DF7A64A2DFB764A3DFB8648F
:105AB000A4DF9964A5DFBA64A6DFC064A7DFD06461
:105AC000A8DFD764A9DFE464AADFE264ABDF09657D
:105AD000ACDF2565ADDF2E65AEDF0B5FAFDFD25FDC
:105AE000B0DF1975B1DF115FB2DF5F53B3DFF15380
:105AF000B4DFFD53B5DFE953B6DFE853B7DFFB533F
:105B0000B8DF1254B9DF1654BADF0654BBDF4B546A
:105B1000BCDF5254BDDF5354BEDF5454BFDF565474
:105B2000C0DF4354C1DF2154C2DF5754C3DF59548F
:105B3000C4DF2354C5DF3254C6DF8254C7DF945418
:105B4000C8DF7754C9DF7154CADF6454CBDF9A547D
:105B5000CCDF9B54CDDF8454CEDF7654CFDF665448
:105B6000D0DF9D54D1DFD054D2DFAD54D3DFC25447
:105B7000D4DFB454D5DFD254D6DFA754D7DFA65430
:105B8000D8DFD354D9DFD454DADF7254DBDFA35427
:105B9000DCDFD554DDDFBB54DEDFBF54DFDFCC54A8
:105BA000E0DFD954E1DFDA54E2DFDC54E3DFA9546B
:105BB000E4DFAA54E5DFA454E6DFDD54E7DFCF5489
:105BC000E8DFDE54E9DF1B55EADFE754EBDF205561
:105BD000ECDFFD54EDDF1455EEDFF354EFDF22551B
:105BE000F0DF2355F1DF0F55F2DF1155F3DF2755B5
:105BF000F4DF2A55F5DF6755F6DF8F55F7DFB5552A
:105C0000F8DF4955F9DF6D55FADF4155FBDF555592
:105C1000FCDF3F55FDDF5055FEDF3C5540E0C290B4
:105C200041E0C39042E0C69043E0C89044E0C99090
:105C300045E0CB9046E0CC9047E0CD9048E0D29054
:105C400049E0D4904AE0D5904BE0D6904CE0D89013
:105C50004DE0D9904EE0DA904FE0DE9050E0DF90DA
:105C600051E0E09052E0E39053E0E49054E0E5909E
:105C700055E0E99056E0EA9057E0EC9058E0EE905D
:105C800059E0F0905AE0F1905BE0F2905CE0F39024
:105C90005DE0F5905EE0F6905FE0F79060E0F990EF
:105CA00061E0FA9062E0FB9063E0FC9064E0FF90BA
:105CB00065E0009166E0019167E0039168E005917D
:105CC00069E006916AE007916BE008916CE0099148
:105CD0006DE00A916EE00B916FE00C9170E00D9118
:105CE00071E00E9172E00F9173E0109174E01191E8
:105CF00075E0129176E0139177E0149178E01591B8
:105D000079E016917AE017917BE018917CE01A9186
:105D10007DE01B917EE01C9180E01D9181E01F9150
:105D200082E0209183E0219184E0249185E0259117
:105D300086E0269187E0279188E0289189E02991E3
:105D40008AE02A918BE02B918CE02C918DE02D91B3
:105D50008EE02E918FE0309190E0329191E033917E
:105D600092E0349193E0359194E0369195E037914B
:105D700096E0389197E03A9198E03B9199E03C9118
:105D80009AE03D919BE03E919CE03F919DE04091E7
:105D90009EE041919FE04291A0E04491A1E03755FF
:105DA000A2E05655A3E07555A4E07655A5E07755D9
:105DB000A6E03355A7E03055A8E05C55A9E08B5527
:105DC000AAE0D255ABE08355ACE0B155ADE0B95592
:105DD000AEE08855AFE08155B0E09F55B1E07E550B
:105DE000B2E0D655B3E09155B4E07B55B5E0DF5550
:105DF000B6E0BD55B7E0BE55B8E09455B9E0995549
:105E0000BAE0EA55BBE0F755BCE0C955BDE01F5606
:105E1000BEE0D155BFE0EB55C0E0EC55C1E0D45534
:105E2000C2E0E655C3E0DD55C4E0C455C5E0EF551A
:105E3000C6E0E555C7E0F255C8E0F355C9E0CC55DA
:105E4000CAE0CD55CBE0E855CCE0F555CDE0E455C2
:105E5000CEE0948FCFE01E56D0E00856D1E00C562D
:105E6000D2E00156D3E02456D4E02356D5E0FE55C7
:105E7000D6E00056D7E02756D8E02D56D9E0585640
:105E8000DAE03956DBE05756DCE02C56DDE04D56C3
:105E9000DEE06256DFE05956E0E05C56E1E04C5649
:105EA000E2E05456E3E08656E4E06456E5E07156DD
:105EB000E6E06B56E7E07B56E8E07C56E9E0855685
:105EC000EAE09356EBE0AF56ECE0D456EDE0D7565F
:105ED000EEE0DD56EFE0E156F0E0F556F1E0EB568E
:105EE000F2E0F956F3E0FF56F4E00457F5E00A5704
:105EF000F6E00957F7E01C57F8E00F5EF9E0195E8D
:105F0000FAE0145EFBE0115EFCE0315EFDE03B5E1A
:105F1000FEE03C5E40E1459141E1479142E148911C
:105F200043E1519144E1539145E1549146E155914A
:105F300047E1569148E1589149E159914AE15B9115
:105F40004BE15C914CE15F914DE160914EE16691D6
:105F50004FE1679150E1689151E16B9152E16D9190
:105F600053E1739154E17A9155E17B9156E17C9133
:105F700057E1809158E1819159E182915AE18391F1
:105F80005BE184915CE186915DE188915EE18A91BB
:105F90005FE18E9160E18F9161E1939162E1949173
:105FA00063E1959164E1969165E1979166E198913D
:105FB00067E1999168E19C9169E19D916AE19E9107
:105FC0006BE19F916CE1A0916DE1A1916EE1A491D3
:105FD0006FE1A59170E1A69171E1A79172E1A8919D
:105FE00073E1A99174E1AB9175E1AC9176E1B09167
:105FF00077E1B19178E1B29179E1B3917AE1B6912B
:106000007BE1B7917CE1B8917DE1B9917EE1BB91F3
:1060100080E1BC9181E1BD9182E1BE9183E1BF91BC
:1060200084E1C09185E1C19186E1C29187E1C3918C
:1060300088E1C49189E1C5918AE1C6918BE1C8915B
:106040008CE1CB918DE1D0918EE1D2918FE1D39112
:1060500090E1D49191E1D59192E1D69193E1D791DC
:1060600094E1D89195E1D99196E1DA9197E1DB91AC
:1060700098E1DD9199E1DE919AE1DF919BE1E09178
:106080009CE1E1919DE1E2919EE1E3919FE1E49148
:10609000A0E1E591A1E1375EA2E1445EA3E1545E97
:1060A000A4E15B5EA5E15E5EA6E1615EA7E18C5CBA
:1060B000A8E17A5CA9E18D5CAAE1905CABE1965C19
:1060C000ACE1885CADE1985CAEE1995CAFE1915CDC
:1060D000B0E19A5CB1E19C5CB2E1B55CB3E1A25C79
:1060E000B4E1BD5CB5E1AC5CB6E1AB5CB7E1B15C21
:1060F000B8E1A35CB9E1C15CBAE1B75CBBE1C45CE7
:10610000BCE1D25CBDE1E45CBEE1CB5CBFE1E55C3F
:10611000C0E1025DC1E1035DC2E1275DC3E1265D2F
:10612000C4E12E5DC5E1245DC6E11E5DC7E1065DEB
:10613000C8E11B5DC9E1585DCAE13E5DCBE1345D5C
:10614000CCE13D5DCDE16C5DCEE15B5DCFE16F5DAE
:10615000D0E15D5DD1E16B5DD2E14B5DD3E14A5DA4
:10616000D4E1695DD5E1745DD6E1825DD7E1995DE9
:10617000D8E19D5DD9E1738CDAE1B75DDBE1C55D06
:10618000DCE1735FDDE1775FDEE1825FDFE1875FA6
:10619000E0E1895FE1E18C5FE2E1955FE3E1995F36
:1061A000E4E19C5FE5E1A85FE6E1AD5FE7E1B55FB3
:1061B000E8E1BC5FE9E16288EAE1615FEBE1AD72D1
:1061C000ECE1B072EDE1B472EEE1B772EFE1B872FA
:1061D000F0E1C372F1E1C172F2E1CE72F3E1CD728E
:1061E000F4E1D272F5E1E872F6E1EF72F7E1E972FB
:1061F000F8E1F272F9E1F472FAE1F772FBE101738E
:10620000FCE1F372FDE10373FEE1FA7240E2E69114
:1062100041E2E79142E2E89143E2E99144E2EA9106
:1062200045E2EB9146E2EC9147E2ED9148E2EE91D6
:1062300049E2EF914AE2F0914BE2F1914CE2F291A6
:106240004DE2F3914EE2F4914FE2F59150E2F69176
:1062500051E2F79152E2F89153E2F99154E2FA9146
:1062600055E2FB9156E2FC9157E2FD9158E2FE9116
:1062700059E2FF915AE200925BE201925CE20292E3
:106280005DE203925EE204925FE2059260E20692B2
:1062900061E2079262E2089263E2099264E20A9282
:1062A00065E20B9266E20C9267E20D9268E20E9252
:1062B00069E20F926AE210926BE211926CE2129222
:1062C0006DE213926EE214926FE2159270E21692F2
:1062D00071E2179272E2189273E2199274E21A92C2
:1062E00075E21B9276E21C9277E21D9278E21E9292
:1062F00079E21F927AE220927BE221927CE2229262
:106300007DE223927EE2249280E2259281E226922F
:1063100082E2279283E2289284E2299285E22A92FD
:1063200086E22B9287E22C9288E22D9289E22E92CD
:106330008AE22F928BE230928CE231928DE232929D
:106340008EE233928FE2349290E2359291E236926D
:1063500092E2379293E2389294E2399295E23A923D
:1063600096E23B9297E23C9298E23D9299E23E920D
:106370009AE23F929BE240929CE241929DE24292DD
:106380009EE243929FE24492A0E24592A1E2FB7218
:10639000A2E21773A3E21373A4E22173A5E20A73C6
:1063A000A6E21E73A7E21D73A8E21573A9E2227389
:1063B000AAE23973ABE22573ACE22C73ADE2387319
:1063C000AEE23173AFE25073B0E24D73B1E2577396
:1063D000B2E26073B3E26C73B4E26F73B5E27E73E2
:1063E000B6E21B82B7E22559B8E2E798B9E2245930
:1063F000BAE20259BBE26399BCE26799BDE26899CF
:10640000BEE26999BFE26A99C0E26B99C1E26C99F8
:10641000C2E27499C3E27799C4E27D99C5E280999A
:10642000C6E28499C7E28799C8E28A99C9E28D9940
:10643000CAE29099CBE29199CCE29399CDE29499FA
:10644000CEE29599CFE2805ED0E2915ED1E28B5EA2
:10645000D2E2965ED3E2A55ED4E2A05ED5E2B95E5A
:10646000D6E2B55ED7E2BE5ED8E2B35ED9E2538D26
:10647000DAE2D25EDBE2D15EDCE2DB5EDDE2E85E48
:10648000DEE2EA5EDFE2BA81E0E2C45FE1E2C95F38
:10649000E2E2D65FE3E2CF5FE4E20360E5E2EE5FD3
:1064A000E6E20460E7E2E15FE8E2E45FE9E2FE5F82
:1064B000EAE20560EBE20660ECE2EA5FEDE2ED5F46
:1064C000EEE2F85FEFE21960F0E23560F1E226609B
:1064D000F2E21B60F3E20F60F4E20D60F5E2296086
:1064E000F6E22B60F7E20A60F8E23F60F9E2216031
:1064F000FAE27860FBE27960FCE27B60FDE27A60C0
:10650000FEE2426040E3469241E3479242E3489212
:1065100043E3499244E34A9245E34B9246E34C926B
:1065200047E34D9248E34E9249E34F924AE350923B
:106530004BE351924CE352924DE353924EE354920B
:106540004FE3559250E3569251E3579252E35892DB
:1065500053E3599254E35A9255E35B9256E35C92AB
:1065600057E35D9258E35E9259E35F925AE360927B
:106570005BE361925CE362925DE363925EE364924B
:106580005FE3659260E3669261E3679262E368921B
:1065900063E3699264E36A9265E36B9266E36C92EB
:1065A00067E36D9268E36E9269E36F926AE37092BB
:1065B0006BE371926CE372926DE373926EE375928A
:1065C0006FE3769270E3779271E3789272E3799257
:1065D00073E37A9274E37B9275E37C9276E37D9227
:1065E00077E37E9278E37F9279E380927AE38192F7
:1065F0007BE382927CE383927DE384927EE38592C7
:1066000080E3869281E3879282E3889283E3899292
:1066100084E38A9285E38B9286E38C9287E38D9262
:1066200088E38F9289E390928AE391928BE392922E
:106630008CE393928DE394928EE395928FE39692FE
:1066400090E3979291E3989292E3999293E39A92CE
:1066500094E39B9295E39C9296E39D9297E39E929E
:1066600098E39F9299E3A0929AE3A1929BE3A2926E
:106670009CE3A3929DE3A4929EE3A5929FE3A6923E
:10668000A0E3A792A1E36A60A2E37D60A3E3966022
:10669000A4E39A60A5E3AD60A6E39D60A7E38360F1
:1066A000A8E39260A9E38C60AAE39B60ABE3EC6093
:1066B000ACE3BB60ADE3B160AEE3DD60AFE3D860F7
:1066C000B0E3C660B1E3DA60B2E3B460B3E3206183
:1066D000B4E32661B5E31561B6E32361B7E3F46083
:1066E000B8E30061B9E30E61BAE32B61BBE34A6131
:1066F000BCE37561BDE3AC61BEE39461BFE3A76138
:10670000C0E3B761C1E3D461C2E3F561C3E3DD5F18
:10671000C4E3B396C5E3E995C6E3EB95C7E3F1950A
:10672000C8E3F395C9E3F595CAE3F695CBE3FC9589
:10673000CCE3FE95CDE30396CEE30496CFE3069635
:10674000D0E30896D1E30A96D2E30B96D3E30C96F6
:10675000D4E30D96D5E30F96D6E31296D7E31596BC
:10676000D8E31696D9E31796DAE31996DBE31A967F
:10677000DCE32C4EDDE33F72DEE31562DFE3356CD4
:10678000E0E3546CE1E35C6CE2E34A6CE3E3A36CAA
:10679000E4E3856CE5E3906CE6E3946CE7E38C6CF2
:1067A000E8E3686CE9E3696CEAE3746CEBE3766C4C
:1067B000ECE3866CEDE3A96CEEE3D06CEFE3D46C14
:1067C000F0E3AD6CF1E3F76CF2E3F86CF3E3F16C3A
:1067D000F4E3D76CF5E3B26CF6E3E06CF7E3D66C68
:1067E000F8E3FA6CF9E3EB6CFAE3EE6CFBE3B16C03
:1067F000FCE3D36CFDE3EF6CFEE3FE6C40E4A89297
:1068000041E4A99242E4AA9243E4AB9244E4AC92FC
:1068100045E4AD9246E4AF9247E4B09248E4B192C9
:1068200049E4B2924AE4B3924BE4B4924CE4B59298
:106830004DE4B6924EE4B7924FE4B89250E4B99268
:1068400051E4BA9252E4BB9253E4BC9254E4BD9238
:1068500055E4BE9256E4BF9257E4C09258E4C19208
:1068600059E4C2925AE4C3925BE4C4925CE4C592D8
:106870005DE4C6925EE4C7925FE4C99260E4CA92A6
:1068800061E4CB9262E4CC9263E4CD9264E4CE9274
:1068900065E4CF9266E4D09267E4D19268E4D29244
:1068A00069E4D3926AE4D4926BE4D5926CE4D69214
:1068B0006DE4D7926EE4D8926FE4D99270E4DA92E4
:1068C00071E4DB9272E4DC9273E4DD9274E4DE92B4
:1068D00075E4DF9276E4E09277E4E19278E4E29284
:1068E00079E4E3927AE4E4927BE4E5927CE4E69254
:1068F0007DE4E7927EE4E89280E4E99281E4EA9222
:1069000082E4EB9283E4EC9284E4ED9285E4EE92EF
:1069100086E4EF9287E4F09288E4F19289E4F292BF
:106920008AE4F3928BE4F4928CE4F5928DE4F6928F
:106930008EE4F7928FE4F89290E4F99291E4FA925F
:1069400092E4FB9293E4FC9294E4FD9295E4FE922F
:1069500096E4FF9297E4009398E4019399E40293FC
:106960009AE403939BE404939CE405939DE40693CB
:106970009EE407939FE40893A0E40993A1E4396D92
:10698000A2E4276DA3E40C6DA4E4436DA5E4486D77
:10699000A6E4076DA7E4046DA8E4196DA9E40E6DE3
:1069A000AAE42B6DABE44D6DACE42E6DADE4356D1A
:1069B000AEE41A6DAFE44F6DB0E4526DB1E4546DC6
:1069C000B2E4336DB3E4916DB4E46F6DB5E49E6DE4
:1069D000B6E4A06DB7E45E6DB8E4936DB9E4946D70
:1069E000BAE45C6DBBE4606DBCE47C6DBDE4636DDA
:1069F000BEE41A6EBFE4C76DC0E4C56DC1E4DE6DD0
:106A0000C2E40E6EC3E4BF6DC4E4E06DC5E4116E74
:106A1000C6E4E66DC7E4DD6DC8E4D96DC9E4166E61
:106A2000CAE4AB6DCBE40C6ECCE4AE6DCDE42B6E62
:106A3000CEE46E6ECFE44E6ED0E46B6ED1E4B26EF7
:106A4000D2E45F6ED3E4866ED4E4536ED5E4546E24
:106A5000D6E4326ED7E4256ED8E4446ED9E4DF6E16
:106A6000DAE4B16EDBE4986EDCE4E06EDDE42D6F19
:106A7000DEE4E26EDFE4A56EE0E4A76EE1E4BD6E65
:106A8000E2E4BB6EE3E4B76EE4E4D76EE5E4B46E33
:106A9000E6E4CF6EE7E48F6EE8E4C26EE9E49F6E51
:106AA000EAE4626FEBE4466FECE4476FEDE4246FD9
:106AB000EEE4156FEFE4F96EF0E42F6FF1E4366F5A
:106AC000F2E44B6FF3E4746FF4E42A6FF5E4096FBA
:106AD000F6E4296FF7E4896FF8E48D6FF9E48C6FC1
:106AE000FAE4786FFBE4726FFCE47C6FFDE47A6F8C
:106AF000FEE4D16F40E50A9341E50B9342E50C9328
:106B000043E50D9344E50E9345E50F9346E5109359
:106B100047E5119348E5129349E513934AE5149329
:106B20004BE515934CE516934DE517934EE51893F9
:106B30004FE5199350E51A9351E51B9352E51C93C9
:106B400053E51D9354E51E9355E51F9356E5209399
:106B500057E5219358E5229359E523935AE5249369
:106B60005BE525935CE526935DE527935EE5289339
:106B70005FE5299360E52A9361E52B9362E52C9309
:106B800063E52D9364E52E9365E52F9366E53093D9
:106B900067E5319368E5329369E533936AE53493A9
:106BA0006BE535936CE536936DE537936EE5389379
:106BB0006FE5399370E53A9371E53B9372E53C9349
:106BC00073E53D9374E53F9375E5409376E5419316
:106BD00077E5429378E5439379E544937AE54593E5
:106BE0007BE546937CE547937DE548937EE54993B5
:106BF00080E54A9381E54B9382E54C9383E54D9381
:106C000084E54E9385E54F9386E5509387E5519350
:106C100088E5529389E553938AE554938BE5559320
:106C20008CE556938DE557938EE558938FE55993F0
:106C300090E55A9391E55B9392E55C9393E55D93C0
:106C400094E55E9395E55F9396E5609397E5619390
:106C500098E5629399E563939AE564939BE5659360
:106C60009CE566939DE567939EE568939FE5699330
:106C7000A0E56B93A1E5C96FA2E5A76FA3E5B96F86
:106C8000A4E5B66FA5E5C26FA6E5E16FA7E5EE6FD7
:106C9000A8E5DE6FA9E5E06FAAE5EF6FABE51A7036
:106CA000ACE52370ADE51B70AEE53970AFE535702E
:106CB000B0E54F70B1E55E70B2E5805BB3E5845B33
:106CC000B4E5955BB5E5935BB6E5A55BB7E5B85B69
:106CD000B8E52F75B9E59E9ABAE53464BBE5E45B87
:106CE000BCE5EE5BBDE53089BEE5F05BBFE5478EF8
:106CF000C0E5078BC1E5B68FC2E5D38FC3E5D58F5D
:106D0000C4E5E58FC5E5EE8FC6E5E48FC7E5E98FFD
:106D1000C8E5E68FC9E5F38FCAE5E88FCBE50590B6
:106D2000CCE50490CDE50B90CEE52690CFE5119013
:106D3000D0E50D90D1E51690D2E52190D3E53590C0
:106D4000D4E53690D5E52D90D6E52F90D7E5449043
:106D5000D8E55190D9E55290DAE55090DBE568909E
:106D6000DCE55890DDE56290DEE55B90DFE5B96635
:106D7000E0E57490E1E57D90E2E58290E3E58890BE
:106D8000E4E58390E5E58B90E6E5505FE7E5575F46
:106D9000E8E5565FE9E5585FEAE53B5CEBE5AB54B7
:106DA000ECE5505CEDE5595CEEE5715BEFE5635CAD
:106DB000F0E5665CF1E5BC7FF2E52A5FF3E5295F6B
:106DC000F4E52D5FF5E57482F6E53C5FF7E53B9B66
:106DD000F8E56E5CF9E58159FAE58359FBE58D59D3
:106DE000FCE5A959FDE5AA59FEE5A35940E66C93D7
:106DF00041E66D9342E66E9343E66F9344E67093EB
:106E000045E6719346E6729347E6739348E67493BA
:106E100049E675934AE676934BE677934CE678938A
:106E20004DE679934EE67A934FE67B9350E67C935A
:106E300051E67D9352E67E9353E67F9354E680932A
:106E400055E6819356E6829357E6839358E68493FA
:106E500059E685935AE686935BE687935CE68893CA
:106E60005DE689935EE68A935FE68B9360E68C939A
:106E700061E68D9362E68E9363E6909364E6919368
:106E800065E6929366E6939367E6949368E6959336
:106E900069E696936AE697936BE698936CE6999306
:106EA0006DE69A936EE69B936FE69C9370E69D93D6
:106EB00071E69E9372E69F9373E6A09374E6A193A6
:106EC00075E6A29376E6A39377E6A49378E6A59376
:106ED00079E6A6937AE6A7937BE6A8937CE6A99346
:106EE0007DE6AA937EE6AB9380E6AC9381E6AD9314
:106EF00082E6AE9383E6AF9384E6B09385E6B193E2
:106F000086E6B29387E6B39388E6B49389E6B593B1
:106F10008AE6B6938BE6B7938CE6B8938DE6B99381
:106F20008EE6BA938FE6BB9390E6BC9391E6BD9351
:106F300092E6BE9393E6BF9394E6C09395E6C19321
:106F400096E6C29397E6C39398E6C49399E6C593F1
:106F50009AE6C6939BE6C7939CE6C8939DE6C993C1
:106F60009EE6CB939FE6CC93A0E6CD93A1E69759FE
:106F7000A2E6CA59A3E6AB59A4E69E59A5E6A459D0
:106F8000A6E6D259A7E6B259A8E6AF59A9E6D7595D
:106F9000AAE6BE59ABE6055AACE6065AADE6DD599F
:106FA000AEE6085AAFE6E359B0E6D859B1E6F9596A
:106FB000B2E60C5AB3E6095AB4E6325AB5E6345A88
:106FC000B6E6115AB7E6235AB8E6135AB9E6405A5C
:106FD000BAE6675ABBE64A5ABCE6555ABDE63C5A81
:106FE000BEE6625ABFE6755AC0E6EC80C1E6AA5A10
:106FF000C2E69B5AC3E6775AC4E67A5AC5E6BE5A39
:10700000C6E6EB5AC7E6B25AC8E6D25AC9E6D45A1F
:10701000CAE6B85ACBE6E05ACCE6E35ACDE6F15AD6
:10702000CEE6D65ACFE6E65AD0E6D85AD1E6DC5AB2
:10703000D2E6095BD3E6175BD4E6165BD5E6325B96
:10704000D6E6375BD7E6405BD8E6155CD9E61C5C34
:10705000DAE65A5BDBE6655BDCE6735BDDE6515B3B
:10706000DEE6535BDFE6625BE0E6759AE1E6779A7F
:10707000E2E6789AE3E67A9AE4E67F9AE5E67D9A94
:10708000E6E6809AE7E6819AE8E6859AE9E6889A54
:10709000EAE68A9AEBE6909AECE6929AEDE6939A03
:1070A000EEE6969AEFE6989AF0E69B9AF1E69C9ABD
:1070B000F2E69D9AF3E69F9AF4E6A09AF5E6A29A84
:1070C000F6E6A39AF7E6A59AF8E6A79AF9E69F7E70
:1070D000FAE6A17EFBE6A37EFCE6A57EFDE6A87EA1
:1070E000FEE6A97E40E7CE9341E7CF9342E7D093F7
:1070F00043E7D19344E7D29345E7D39346E7D4934C
:1071000047E7D59348E7D79349E7D8934AE7D99318
:107110004BE7DA934CE7DB934DE7DC934EE7DD93E7
:107120004FE7DE9350E7DF9351E7E09352E7E193B7
:1071300053E7E29354E7E39355E7E49356E7E59387
:1071400057E7E69358E7E79359E7E8935AE7E99357
:107150005BE7EA935CE7EB935DE7EC935EE7ED9327
:107160005FE7EE9360E7EF9361E7F09362E7F193F7
:1071700063E7F29364E7F39365E7F49366E7F593C7
:1071800067E7F69368E7F79369E7F8936AE7F99397
:107190006BE7FA936CE7FB936DE7FC936EE7FD9367
:1071A0006FE7FE9370E7FF9371E7009472E7019435
:1071B00073E7029474E7039475E7049476E7059403
:1071C00077E7069478E7079479E708947AE70994D3
:1071D0007BE70A947CE70B947DE70C947EE70D94A3
:1071E00080E70E9481E70F9482E7109483E711946F
:1071F00084E7129485E7139486E7149487E715943F
:1072000088E7169489E717948AE718948BE719940E
:107210008CE71A948DE71B948EE71C948FE71D94DE
:1072200090E71E9491E71F9492E7209493E72194AE
:1072300094E7229495E7239496E7249497E725947E
:1072400098E7269499E727949AE728949BE729944E
:107250009CE72A949DE72B949EE72C949FE72D941E
:10726000A0E72E94A1E7AD7EA2E7B07EA3E7BE7EA5
:10727000A4E7C07EA5E7C17EA6E7C27EA7E7C97ED8
:10728000A8E7CB7EA9E7CC7EAAE7D07EABE7D47E89
:10729000ACE7D77EADE7DB7EAEE7E07EAFE7E17E31
:1072A000B0E7E87EB1E7EB7EB2E7EE7EB3E7EF7ED4
:1072B000B4E7F17EB5E7F27EB6E70D7FB7E7F67E7D
:1072C000B8E7FA7EB9E7FB7EBAE7FE7EBBE7017F4F
:1072D000BCE7027FBDE7037FBEE7077FBFE7087F0C
:1072E000C0E70B7FC1E70C7FC2E70F7FC3E7117FC9
:1072F000C4E7127FC5E7177FC6E7197FC7E71C7F82
:10730000C8E71B7FC9E71F7FCAE7217FCBE7227F42
:10731000CCE7237FCDE7247FCEE7257FCFE7267F0D
:10732000D0E7277FD1E72A7FD2E72B7FD3E72C7FD7
:10733000D4E72D7FD5E72F7FD6E7307FD7E7317FA2
:10734000D8E7327FD9E7337FDAE7357FDBE77A5E4C
:10735000DCE77F75DDE7DB5DDEE73E75DFE7959017
:10736000E0E78E73E1E79173E2E7AE73E3E7A273C0
:10737000E4E79F73E5E7CF73E6E7C273E7E7D1730E
:10738000E8E7B773E9E7B373EAE7C073EBE7C973FC
:10739000ECE7C873EDE7E573EEE7D973EFE77C98A8
:1073A000F0E70A74F1E7E973F2E7E773F3E7DE73F6
:1073B000F4E7BA73F5E7F273F6E70F74F7E72A74A8
:1073C000F8E75B74F9E72674FAE72574FBE728749D
:1073D000FCE73074FDE72E74FEE72C7440E82F9430
:1073E00041E8309442E8319443E8329444E83394DD
:1073F00045E8349446E8359447E8369448E83794AD
:1074000049E838944AE839944BE83A944CE83B947C
:107410004DE83C944EE83D944FE83F9450E840944A
:1074200051E8419452E8429453E8439454E8449418
:1074300055E8459456E8469457E8479458E84894E8
:1074400059E849945AE84A945BE84B945CE84C94B8
:107450005DE84D945EE84E945FE84F9460E8509488
:1074600061E8519462E8529463E8539464E8549458
:1074700065E8559466E8569467E8579468E8589428
:1074800069E859946AE85A946BE85B946CE85C94F8
:107490006DE85D946EE85E946FE85F9470E86094C8
:1074A00071E8619472E8629473E8639474E8649498
:1074B00075E8659476E8669477E8679478E8689468
:1074C00079E869947AE86A947BE86C947CE86D9436
:1074D0007DE86E947EE86F9480E8709481E8719402
:1074E00082E8729483E8739484E8749485E87594D0
:1074F00086E8769487E8779488E8789489E87994A0
:107500008AE87A948BE87B948CE87C948DE87D946F
:107510008EE87E948FE87F9490E8809491E881943F
:1075200092E8829493E8839494E8849495E8919403
:1075300096E8969497E8989498E8C79499E8CF9439
:107540009AE8D3949BE8D4949CE8DA949DE8E69476
:107550009EE8FB949FE81C95A0E82095A1E81B7489
:10756000A2E81A74A3E84174A4E85C74A5E857740F
:10757000A6E85574A7E85974A8E87774A9E86D746B
:10758000AAE87E74ABE89C74ACE88E74ADE88074B5
:10759000AEE88174AFE88774B0E88B74B1E89E748C
:1075A000B2E8A874B3E8A974B4E89074B5E8A77415
:1075B000B6E8D274B7E8BA74B8E8EA97B9E8EB97D6
:1075C000BAE8EC97BBE84C67BCE85367BDE85E6778
:1075D000BEE84867BFE86967C0E8A567C1E8876794
:1075E000C2E86A67C3E87367C4E89867C5E8A76735
:1075F000C6E87567C7E8A867C8E89E67C9E8AD67C9
:10760000CAE88B67CBE87767CCE87C67CDE8F067A2
:10761000CEE80968CFE8D867D0E80A68D1E8E9671A
:10762000D2E8B067D3E80C68D4E8D967D5E8B56785
:10763000D6E8DA67D7E8B367D8E8DD67D9E8006845
:10764000DAE8C367DBE8B867DCE8E267DDE80E6824
:10765000DEE8C167DFE8FD67E0E83268E1E833684B
:10766000E2E86068E3E86168E4E84E68E5E86268DB
:10767000E6E84468E7E86468E8E88368E9E81D68E4
:10768000EAE85568EBE86668ECE84168EDE86768A9
:10769000EEE84068EFE83E68F0E84A68F1E84968DB
:1076A000F2E82968F3E8B568F4E88F68F5E87468EB
:1076B000F6E87768F7E89368F8E86B68F9E8C26875
:1076C000FAE86E69FBE8FC68FCE81F69FDE82069E0
:1076D000FEE8F96840E9279541E9339542E93D958F
:1076E00043E9439544E9489545E94B9546E9559565
:1076F00047E95A9548E9609549E96E954AE97495D4
:107700004BE975954CE977954DE978954EE9799572
:107710004FE97A9550E97B9551E97C9552E97D9541
:1077200053E97E9554E9809555E9819556E982950E
:1077300057E9839558E9849559E985955AE98695DD
:107740005BE987955CE988955DE989955EE98A95AD
:107750005FE98B9560E98C9561E98D9562E98E957D
:1077600063E98F9564E9909565E9919566E992954D
:1077700067E9939568E9949569E995956AE996951D
:107780006BE997956CE998956DE999956EE99A95ED
:107790006FE99B9570E99C9571E99D9572E99E95BD
:1077A00073E99F9574E9A09575E9A19576E9A2958D
:1077B00077E9A39578E9A49579E9A5957AE9A6955D
:1077C0007BE9A7957CE9A8957DE9A9957EE9AA952D
:1077D00080E9AB9581E9AC9582E9AD9583E9AE95F9
:1077E00084E9AF9585E9B09586E9B19587E9B295C9
:1077F00088E9B39589E9B4958AE9B5958BE9B69599
:107800008CE9B7958DE9B8958EE9B9958FE9BA9568
:1078100090E9BB9591E9BC9592E9BD9593E9BE9538
:1078200094E9BF9595E9C09596E9C19597E9C29508
:1078300098E9C39599E9C4959AE9C5959BE9C695D8
:107840009CE9C7959DE9C8959EE9C9959FE9CA95A8
:10785000A0E9CB95A1E92469A2E9F068A3E90B6945
:10786000A4E90169A5E95769A6E9E368A7E91069F0
:10787000A8E97169A9E93969AAE96069ABE94269CE
:10788000ACE95D69ADE98469AEE96B69AFE980692E
:10789000B0E99869B1E97869B2E93469B3E9CC69CA
:1078A000B4E98769B5E98869B6E9CE69B7E9896954
:1078B000B8E96669B9E96369BAE97969BBE99B69BD
:1078C000BCE9A769BDE9BB69BEE9AB69BFE9AD69C0
:1078D000C0E9D469C1E9B169C2E9C169C3E9CA694A
:1078E000C4E9DF69C5E99569C6E9E069C7E98D6959
:1078F000C8E9FF69C9E92F6ACAE9ED69CBE9176AE6
:10790000CCE9186ACDE9656ACEE9F269CFE9446A43
:10791000D0E93E6AD1E9A06AD2E9506AD3E95B6A4C
:10792000D4E9356AD5E98E6AD6E9796AD7E93D6A3C
:10793000D8E9286AD9E9586ADAE97C6ADBE9916A08
:10794000DCE9906ADDE9A96ADEE9976ADFE9AB6AFA
:10795000E0E93773E1E95273E2E9816BE3E9826BB5
:10796000E4E9876BE5E9846BE6E9926BE7E9936B01
:10797000E8E98D6BE9E99A6BEAE99B6BEBE9A16BAE
:10798000ECE9AA6BEDE96B8FEEE96D8FEFE9718F92
:10799000F0E9728FF1E9738FF2E9758FF3E9768F71
:1079A000F4E9788FF5E9778FF6E9798FF7E97A8F3F
:1079B000F8E97C8FF9E97E8FFAE9818FFBE9828F04
:1079C000FCE9848FFDE9878FFEE98B8F40EACC9537
:1079D00041EACD9542EACE9543EACF9544EAD09567
:1079E00045EAD19546EAD29547EAD39548EAD49537
:1079F00049EAD5954AEAD6954BEAD7954CEAD89507
:107A00004DEAD9954EEADA954FEADB9550EADC95D6
:107A100051EADD9552EADE9553EADF9554EAE095A6
:107A200055EAE19556EAE29557EAE39558EAE49576
:107A300059EAE5955AEAE6955BEAE7955CEAEC9542
:107A40005DEAFF955EEA07965FEA139660EA18968C
:107A500061EA1B9662EA1E9663EA209664EA239620
:107A600065EA249666EA259667EA269668EA2796E6
:107A700069EA28966AEA29966BEA2B966CEA2C96B4
:107A80006DEA2D966EEA2F966FEA309670EA379679
:107A900071EA389672EA399673EA3A9674EA3E9633
:107AA00075EA419676EA439677EA4A9678EA4E96E0
:107AB00079EA4F967AEA51967BEA52967CEA539697
:107AC0007DEA56967EEA579680EA589681EA59965C
:107AD00082EA5A9683EA5C9684EA5D9685EA5E9627
:107AE00086EA609687EA639688EA659689EA6696EA
:107AF0008AEA6B968BEA6D968CEA6E968DEA6F96A3
:107B00008EEA70968FEA719690EA739691EA78966B
:107B100092EA799693EA7A9694EA7B9695EA7C962D
:107B200096EA7D9697EA7E9698EA7F9699EA8096FD
:107B30009AEA81969BEA82969CEA83969DEA8496CD
:107B40009EEA87969FEA8996A0EA8A96A1EA8D8F97
:107B5000A2EA8E8FA3EA8F8FA4EA988FA5EA9A8F64
:107B6000A6EACE8EA7EA0B62A8EA1762A9EA1B6210
:107B7000AAEA1F62ABEA2262ACEA2162ADEA2562A0
:107B8000AEEA2462AFEA2C62B0EAE781B1EAEF74B0
:107B9000B2EAF474B3EAFF74B4EA0F75B5EA11758A
:107BA000B6EA1375B7EA3465B8EAEE65B9EAEF6587
:107BB000BAEAF065BBEA0A66BCEA1966BDEA726712
:107BC000BEEA0366BFEA1566C0EA0066C1EA8570D0
:107BD000C2EAF766C3EA1D66C4EA3466C5EA3166DE
:107BE000C6EA3666C7EA3566C8EA0680C9EA5F664D
:107BF000CAEA5466CBEA4166CCEA4F66CDEA5666DD
:107C0000CEEA6166CFEA5766D0EA7766D1EA846643
:107C1000D2EA8C66D3EAA766D4EA9D66D5EABE6648
:107C2000D6EADB66D7EADC66D8EAE666D9EAE96630
:107C3000DAEA328DDBEA338DDCEA368DDDEA3B8D24
:107C4000DEEA3D8DDFEA408DE0EA458DE1EA468DD2
:107C5000E2EA488DE3EA498DE4EA478DE5EA4D8D95
:107C6000E6EA558DE7EA598DE8EAC789E9EACA8963
:107C7000EAEACB89EBEACC89ECEACE89EDEACF8956
:107C8000EEEAD089EFEAD189F0EA6E72F1EA9F72EA
:107C9000F2EA5D72F3EA6672F4EA6F72F5EA7E72F6
:107CA000F6EA7F72F7EA8472F8EA8B72F9EA8D726B
:107CB000FAEA8F72FBEA9272FCEA0863FDEA326329
:107CC000FEEAB06340EB8C9641EB8E9642EB9196C8
:107CD00043EB929644EB939645EB959646EB96963E
:107CE00047EB9A9648EB9B9649EB9D964AEB9E96FE
:107CF0004BEB9F964CEBA0964DEBA1964EEBA296CC
:107D00004FEBA39650EBA49651EBA59652EBA6969B
:107D100053EBA89654EBA99655EBAA9656EBAB9667
:107D200057EBAC9658EBAD9659EBAE965AEBAF9637
:107D30005BEBB1965CEBB2965DEBB4965EEBB59601
:107D40005FEBB79660EBB89661EBBA9662EBBB96C9
:107D500063EBBF9664EBC29665EBC39666EBC89681
:107D600067EBCA9668EBCB9669EBD0966AEBD19637
:107D70006BEBD3966CEBD4966DEBD6966EEBD796F9
:107D80006FEBD89670EBD99671EBDA9672EBDB96C7
:107D900073EBDC9674EBDD9675EBDE9676EBDF9697
:107DA00077EBE19678EBE29679EBE3967AEBE49663
:107DB0007BEBE5967CEBE6967DEBE7967EEBEB9630
:107DC00080EBEC9681EBED9682EBEE9683EBF096F2
:107DD00084EBF19685EBF29686EBF49687EBF596BD
:107DE00088EBF89689EBFA968AEBFB968BEBFC9680
:107DF0008CEBFD968DEBFF968EEB02978FEB039746
:107E000090EB059791EB0A9792EB0B9793EB0C97FE
:107E100094EB109795EB119796EB129797EB1497BD
:107E200098EB159799EB17979AEB18979BEB199787
:107E30009CEB1A979DEB1B979EEB1D979FEB1F9753
:107E4000A0EB2097A1EB3F64A2EBD864A3EB0480E6
:107E5000A4EBEA6BA5EBF36BA6EBFD6BA7EBF56B65
:107E6000A8EBF96BA9EB056CAAEB076CABEB066C06
:107E7000ACEB0D6CADEB156CAEEB186CAFEB196C9D
:107E8000B0EB1A6CB1EB216CB2EB296CB3EB246C48
:107E9000B4EB2A6CB5EB326CB6EB3565B7EB5565D8
:107EA000B8EB6B65B9EB4D72BAEB5272BBEB567225
:107EB000BCEB3072BDEB6286BEEB1652BFEB9F800F
:107EC000C0EB9C80C1EB9380C2EBBC80C3EB0A6724
:107ED000C4EBBD80C5EBB180C6EBAB80C7EBAD801A
:107EE000C8EBB480C9EBB780CAEBE780CBEBE88086
:107EF000CCEBE980CDEBEA80CEEBDB80CFEBC28030
:107F0000D0EBC480D1EBD980D2EBCD80D3EBD7803E
:107F1000D4EB1067D5EBDD80D6EBEB80D7EBF180AF
:107F2000D8EBF480D9EBED80DAEB0D81DBEB0E8141
:107F3000DCEBF280DDEBFC80DEEB1567DFEB128122
:107F4000E0EB5A8CE1EB3681E2EB1E81E3EB2C8116
:107F5000E4EB1881E5EB3281E6EB4881E7EB4C81FD
:107F6000E8EB5381E9EB7481EAEB5981EBEB5A8141
:107F7000ECEB7181EDEB6081EEEB6981EFEB7C81E5
:107F8000F0EB7D81F1EB6D81F2EB6781F3EB4D5806
:107F9000F4EBB55AF5EB8881F6EB8281F7EB918132
:107FA000F8EBD56EF9EBA381FAEBAA81FBEBCC8160
:107FB000FCEB2667FDEBCA81FEEBBB8140EC219711
:107FC00041EC229742EC239743EC249744EC25970D
:107FD00045EC269746EC279747EC289748EC2997DD
:107FE00049EC2B974AEC2C974BEC2E974CEC2F97A7
:107FF0004DEC31974EEC33974FEC349750EC35976E
:1080000051EC369752EC379753EC3A9754EC3B9738
:1080100055EC3C9756EC3D9757EC3F9758EC409702
:1080200059EC41975AEC42975BEC43975CEC4497D0
:108030005DEC45975EEC46975FEC479760EC4897A0
:1080400061EC499762EC4A9763EC4B9764EC4C9770
:1080500065EC4D9766EC4E9767EC4F9768EC509740
:1080600069EC51976AEC54976BEC55976CEC579709
:108070006DEC58976EEC5A976FEC5C9770EC5D97CF
:1080800071EC5F9772EC639773EC649774EC66978E
:1080900075EC679776EC689777EC6A9778EC6B9756
:1080A00079EC6C977AEC6D977BEC6E977CEC6F9724
:1080B0007DEC70977EEC719780EC729781EC7597F0
:1080C00082EC779783EC789784EC799785EC7A97B4
:1080D00086EC7B9787EC7D9788EC7E9789EC7F9781
:1080E0008AEC80978BEC81978CEC82978DEC839750
:1080F0008EEC84978FEC869790EC879791EC88971D
:1081000092EC899793EC8A9794EC8C9795EC8E97E8
:1081100096EC8F9797EC909798EC939799EC9597AE
:108120009AEC96979BEC97979CEC99979DEC9A9775
:108130009EEC9B979FEC9C97A0EC9D97A1ECC18136
:10814000A2ECA681A3EC246BA4EC376BA5EC396BF5
:10815000A6EC436BA7EC466BA8EC596BA9ECD19845
:10816000AAECD298ABECD398ACECD598ADECD998FE
:10817000AEECDA98AFECB36BB0EC405FB1ECC26B35
:10818000B2ECF389B3EC9065B4EC519FB5EC936518
:10819000B6ECBC65B7ECC665B8ECC465B9ECC365B4
:1081A000BAECCC65BBECCE65BCECD265BDECD6655B
:1081B000BEEC8070BFEC9C70C0EC9670C1EC9D7002
:1081C000C2ECBB70C3ECC070C4ECB770C5ECAB7054
:1081D000C6ECB170C7ECE870C8ECCA70C9EC10719D
:1081E000CAEC1371CBEC1671CCEC2F71CDEC317164
:1081F000CEEC7371CFEC5C71D0EC6871D1EC457151
:10820000D2EC7271D3EC4A71D4EC7871D5EC7A71FE
:10821000D6EC9871D7ECB371D8ECB571D9ECA871E4
:10822000DAECA071DBECE071DCECD471DDECE77131
:10823000DEECF971DFEC1D72E0EC2872E1EC6C70A1
:10824000E2EC1871E3EC6671E4ECB971E5EC3E62C6
:10825000E6EC3D62E7EC4362E8EC4862E9EC496237
:10826000EAEC3B79EBEC4079ECEC4679EDEC4979C2
:10827000EEEC5B79EFEC5C79F0EC5379F1EC5A7948
:10828000F2EC6279F3EC5779F4EC6079F5EC6F7904
:10829000F6EC6779F7EC7A79F8EC8579F9EC8A797C
:1082A000FAEC9A79FBECA779FCECB379FDECD15FA1
:1082B000FEECD05F40ED9E9741ED9F9742EDA19778
:1082C00043EDA29744EDA49745EDA59746EDA697FB
:1082D00047EDA79748EDA89749EDA9974AEDAA97CA
:1082E0004BEDAC974CEDAE974DEDB0974EEDB19791
:1082F0004FEDB39750EDB59751EDB69752EDB79757
:1083000053EDB89754EDB99755EDBA9756EDBB9725
:1083100057EDBC9758EDBD9759EDBE975AEDBF97F5
:108320005BEDC0975CEDC1975DEDC2975EEDC397C5
:108330005FEDC49760EDC59761EDC69762EDC79795
:1083400063EDC89764EDC99765EDCA9766EDCB9765
:1083500067EDCC9768EDCD9769EDCE976AEDCF9735
:108360006BEDD0976CEDD1976DEDD2976EEDD39705
:108370006FEDD49770EDD59771EDD69772EDD797D5
:1083800073EDD89774EDD99775EDDA9776EDDB97A5
:1083900077EDDC9778EDDD9779EDDE977AEDDF9775
:1083A0007BEDE0977CEDE1977DEDE2977EEDE39745
:1083B00080EDE49781EDE59782EDE89783EDEE9708
:1083C00084EDEF9785EDF09786EDF19787EDF297C5
:1083D00088EDF49789EDF7978AEDF8978BEDF9978B
:1083E0008CEDFA978DEDFB978EEDFC978FEDFD9759
:1083F00090EDFE9791EDFF9792ED009893ED019827
:1084000094ED029895ED039896ED049897ED0598F4
:1084100098ED069899ED07989AED08989BED0998C4
:108420009CED0A989DED0B989EED0C989FED0D9894
:10843000A0ED0E98A1ED3C60A2ED5D60A3ED5A6049
:10844000A4ED6760A5ED4160A6ED5960A7ED6360FE
:10845000A8EDAB60A9ED0661AAED0D61ABED5D6124
:10846000ACEDA961ADED9D61AEEDCB61AFEDD1613C
:10847000B0ED0662B1ED8080B2ED7F80B3ED936C1C
:10848000B4EDF66CB5EDFC6DB6EDF677B7EDF877BB
:10849000B8ED0078B9ED0978BAED1778BBED18782A
:1084A000BCED1178BDEDAB65BEED2D78BFED1C7850
:1084B000C0ED1D78C1ED3978C2ED3A78C3ED3B7857
:1084C000C4ED1F78C5ED3C78C6ED2578C7ED2C7856
:1084D000C8ED2378C9ED2978CAED4E78CBED6D78DB
:1084E000CCED5678CDED5778CEED2678CFED50789F
:1084F000D0ED4778D1ED4C78D2ED6A78D3ED9B780A
:10850000D4ED9378D5ED9A78D6ED8778D7ED9C7831
:10851000D8EDA178D9EDA378DAEDB278DBEDB978B2
:10852000DCEDA578DDEDD478DEEDD978DFEDC97826
:10853000E0EDEC78E1EDF278E2ED0579E3EDF47849
:10854000E4ED1379E5ED2479E6ED1E79E7ED347974
:10855000E8ED9B9FE9EDF99EEAEDFB9EEBEDFC9EBD
:10856000ECEDF176EDED0477EEED0D77EFEDF976CC
:10857000F0ED0777F1ED0877F2ED1A77F3ED22775A
:10858000F4ED1977F5ED2D77F6ED2677F7ED3577E4
:10859000F8ED3877F9ED5077FAED5177FBED477745
:1085A000FCED4377FDED5A77FEED687740EE0F98CE
:1085B00041EE109842EE119843EE129844EE139853
:1085C00045EE149846EE159847EE169848EE179823
:1085D00049EE18984AEE19984BEE1A984CEE1B98F3
:1085E0004DEE1C984EEE1D984FEE1E9850EE1F98C3
:1085F00051EE209852EE219853EE229854EE239893
:1086000055EE249856EE259857EE269858EE279862
:1086100059EE28985AEE29985BEE2A985CEE2B9832
:108620005DEE2C985EEE2D985FEE2E9860EE2F9802
:1086300061EE309862EE319863EE329864EE3398D2
:1086400065EE349866EE359867EE369868EE3798A2
:1086500069EE38986AEE39986BEE3A986CEE3B9872
:108660006DEE3C986EEE3D986FEE3E9870EE3F9842
:1086700071EE409872EE419873EE429874EE439812
:1086800075EE449876EE459877EE469878EE4798E2
:1086900079EE48987AEE49987BEE4A987CEE4B98B2
:1086A0007DEE4C987EEE4D9880EE4E9881EE4F9880
:1086B00082EE509883EE519884EE529885EE53984E
:1086C00086EE549887EE559888EE569889EE57981E
:1086D0008AEE58988BEE59988CEE5A988DEE5B98EE
:1086E0008EEE5C988FEE5D9890EE5E9891EE5F98BE
:1086F00092EE609893EE619894EE629895EE63988E
:1087000096EE649897EE659898EE669899EE67985D
:108710009AEE68989BEE69989CEE6A989DEE6B982D
:108720009EEE6C989FEE6D98A0EE6E98A1EE62772B
:10873000A2EE6577A3EE7F77A4EE8D77A5EE7D7729
:10874000A6EE8077A7EE8C77A8EE9177A9EE9F77BB
:10875000AAEEA077ABEEB077ACEEB577ADEEBD7715
:10876000AEEE3A75AFEE4075B0EE4E75B1EE4B75AC
:10877000B2EE4875B3EE5B75B4EE7275B5EE797511
:10878000B6EE8375B7EE587FB8EE617FB9EE5F7FC6
:10879000BAEE488ABBEE687FBCEE747FBDEE717F97
:1087A000BEEE797FBFEE817FC0EE7E7FC1EECD76DB
:1087B000C2EEE576C3EE3288C4EE8594C5EE8694AB
:1087C000C6EE8794C7EE8B94C8EE8A94C9EE8C945B
:1087D000CAEE8D94CBEE8F94CCEE9094CDEE949423
:1087E000CEEE9794CFEE9594D0EE9A94D1EE9B94E2
:1087F000D2EE9C94D3EEA394D4EEA494D5EEAB9495
:10880000D6EEAA94D7EEAD94D8EEAC94D9EEAF9450
:10881000DAEEB094DBEEB294DCEEB494DDEEB69416
:10882000DEEEB794DFEEB894E0EEB994E1EEBA94E0
:10883000E2EEBC94E3EEBD94E4EEBF94E5EEC494A6
:10884000E6EEC894E7EEC994E8EECA94E9EECB945C
:10885000EAEECC94EBEECD94ECEECE94EDEED0942B
:10886000EEEED194EFEED294F0EED594F1EED694F4
:10887000F2EED794F3EED994F4EED894F5EEDB94BF
:10888000F6EEDE94F7EEDF94F8EEE094F9EEE29483
:10889000FAEEE494FBEEE594FCEEE794FDEEE8944A
:1088A000FEEEEA9440EF6F9841EF709842EF7198B6
:1088B00043EF729844EF739845EF749846EF8B98A6
:1088C00047EF8E9848EF929849EF95984AEF99981C
:1088D0004BEFA3984CEFA8984DEFA9984EEFAA98AC
:1088E0004FEFAB9850EFAC9851EFAD9852EFAE9878
:1088F00053EFAF9854EFB09855EFB19856EFB29848
:1089000057EFB39858EFB49859EFB5985AEFB69817
:108910005BEFB7985CEFB8985DEFB9985EEFBA98E7
:108920005FEFBB9860EFBC9861EFBD9862EFBE98B7
:1089300063EFBF9864EFC09865EFC19866EFC29887
:1089400067EFC39868EFC49869EFC5986AEFC69857
:108950006BEFC7986CEFC8986DEFC9986EEFCA9827
:108960006FEFCB9870EFCC9871EFCD9872EFCF98F6
:1089700073EFD09874EFD49875EFD69876EFD798B8
:1089800077EFDB9878EFDC9879EFDD987AEFE09875
:108990007BEFE1987CEFE2987DEFE3987EEFE4983F
:1089A00080EFE59881EFE69882EFE99883EFEA9807
:1089B00084EFEB9885EFEC9886EFED9887EFEE98D3
:1089C00088EFEF9889EFF0988AEFF1988BEFF298A3
:1089D0008CEFF3988DEFF4988EEFF5988FEFF69873
:1089E00090EFF79891EFF89892EFF99893EFFA9843
:1089F00094EFFB9895EFFC9896EFFD9897EFFE9813
:108A000098EFFF9899EF00999AEF01999BEF0299DF
:108A10009CEF03999DEF04999EEF05999FEF0699AE
:108A2000A0EF0799A1EFE994A2EFEB94A3EFEE94E6
:108A3000A4EFEF94A5EFF394A6EFF494A7EFF594C9
:108A4000A8EFF794A9EFF994AAEFFC94ABEFFD948B
:108A5000ACEFFF94ADEF0395AEEF0295AFEF069547
:108A6000B0EF0795B1EF0995B2EF0A95B3EF0D9509
:108A7000B4EF0E95B5EF0F95B6EF1295B7EF1395CE
:108A8000B8EF1495B9EF1595BAEF1695BBEF189599
:108A9000BCEF1B95BDEF1D95BEEF1E95BFEF1F955B
:108AA000C0EF2295C1EF2A95C2EF2B95C3EF299510
:108AB000C4EF2C95C5EF3195C6EF3295C7EF3495CD
:108AC000C8EF3695C9EF3795CAEF3895CBEF3C958F
:108AD000CCEF3E95CDEF3F95CEEF4295CFEF35955C
:108AE000D0EF4495D1EF4595D2EF4695D3EF499518
:108AF000D4EF4C95D5EF4E95D6EF4F95D7EF5295D5
:108B0000D8EF5395D9EF5495DAEF5695DBEF57959B
:108B1000DCEF5895DDEF5995DEEF5B95DFEF5E9565
:108B2000E0EF5F95E1EF5D95E2EF6195E3EF629530
:108B3000E4EF6495E5EF6595E6EF6695E7EF6795F9
:108B4000E8EF6895E9EF6995EAEF6A95EBEF6B95C9
:108B5000ECEF6C95EDEF6F95EEEF7195EFEF729591
:108B6000F0EF7395F1EF3A95F2EFE777F3EFEC77EB
:108B7000F4EFC996F5EFD579F6EFED79F7EFE379F4
:108B8000F8EFEB79F9EF067AFAEF475DFBEF037A3E
:108B9000FCEF027AFDEF1E7AFEEF147A40F008999E
:108BA00041F0099942F00A9943F00B9944F00C996D
:108BB00045F00E9946F00F9947F0119948F0129937
:108BC00049F013994AF014994BF015994CF0169905
:108BD0004DF017994EF018994FF0199950F01A99D5
:108BE00051F01B9952F01C9953F01D9954F01E99A5
:108BF00055F01F9956F0209957F0219958F0229975
:108C000059F023995AF024995BF025995CF0269944
:108C10005DF027995EF028995FF0299960F02A9914
:108C200061F02B9962F02C9963F02D9964F02F99E3
:108C300065F0309966F0319967F0329968F03399B0
:108C400069F034996AF035996BF036996CF0379980
:108C50006DF038996EF039996FF03A9970F03B9950
:108C600071F03C9972F03D9973F03E9974F03F9920
:108C700075F0409976F0419977F0429978F04399F0
:108C800079F044997AF045997BF046997CF04799C0
:108C90007DF048997EF0499980F04A9981F04B998E
:108CA00082F04C9983F04D9984F04E9985F04F995C
:108CB00086F0509987F0519988F0529989F053992C
:108CC0008AF056998BF057998CF058998DF05999F4
:108CD0008EF05A998FF05B9990F05C9991F05D99C4
:108CE00092F05E9993F05F9994F0609995F0619994
:108CF00096F0629997F0649998F0669999F0739953
:108D00009AF078999BF079999CF07B999DF07E99E7
:108D10009EF082999FF08399A0F08999A1F0397A09
:108D2000A2F0377AA3F0517AA4F0CF9EA5F0A599CE
:108D3000A6F0707AA7F08876A8F08E76A9F09376E0
:108D4000AAF09976ABF0A476ACF0DE74ADF0E074E6
:108D5000AEF02C75AFF0209EB0F0229EB1F0289EB0
:108D6000B2F0299EB3F02A9EB4F02B9EB5F02C9E53
:108D7000B6F0329EB7F0319EB8F0369EB9F0389E0C
:108D8000BAF0379EBBF0399EBCF03A9EBDF03E9ED5
:108D9000BEF0419EBFF0429EC0F0449EC1F0469E90
:108DA000C2F0479EC3F0489EC4F0499EC5F04B9E5A
:108DB000C6F04C9EC7F04E9EC8F0519EC9F0559E1D
:108DC000CAF0579ECBF05A9ECCF05B9ECDF05C9ED5
:108DD000CEF05E9ECFF0639ED0F0669ED1F0679E8F
:108DE000D2F0689ED3F0699ED4F06A9ED5F06B9E57
:108DF000D6F06C9ED7F0719ED8F06D9ED9F0739E20
:108E0000DAF09275DBF09475DCF09675DDF0A07504
:108E1000DEF09D75DFF0AC75E0F0A375E1F0B375A1
:108E2000E2F0B475E3F0B875E4F0C475E5F0B1753F
:108E3000E6F0B075E7F0C375E8F0C275E9F0D675F5
:108E4000EAF0CD75EBF0E375ECF0E875EDF0E67562
:108E5000EEF0E475EFF0EB75F0F0E775F1F0037606
:108E6000F2F0F175F3F0FC75F4F0FF75F5F01076A3
:108E7000F6F00076F7F00576F8F00C76F9F0177654
:108E8000FAF00A76FBF02576FCF01876FDF0157600
:108E9000FEF0197640F18C9941F18E9942F19A9940
:108EA00043F19B9944F19C9945F19D9946F19E9916
:108EB00047F19F9948F1A09949F1A1994AF1A299E6
:108EC0004BF1A3994CF1A4994DF1A6994EF1A799B4
:108ED0004FF1A99950F1AA9951F1AB9952F1AC997E
:108EE00053F1AD9954F1AE9955F1AF9956F1B0994E
:108EF00057F1B19958F1B29959F1B3995AF1B4991E
:108F00005BF1B5995CF1B6995DF1B7995EF1B899ED
:108F10005FF1B99960F1BA9961F1BB9962F1BC99BD
:108F200063F1BD9964F1BE9965F1BF9966F1C0998D
:108F300067F1C19968F1C29969F1C3996AF1C4995D
:108F40006BF1C5996CF1C6996DF1C7996EF1C8992D
:108F50006FF1C99970F1CA9971F1CB9972F1CC99FD
:108F600073F1CD9974F1CE9975F1CF9976F1D099CD
:108F700077F1D19978F1D29979F1D3997AF1D4999D
:108F80007BF1D5997CF1D6997DF1D7997EF1D8996D
:108F900080F1D99981F1DA9982F1DB9983F1DC9939
:108FA00084F1DD9985F1DE9986F1DF9987F1E09909
:108FB00088F1E19989F1E2998AF1E3998BF1E499D9
:108FC0008CF1E5998DF1E6998EF1E7998FF1E899A9
:108FD00090F1E99991F1EA9992F1EB9993F1EC9979
:108FE00094F1ED9995F1EE9996F1EF9997F1F09949
:108FF00098F1F19999F1F2999AF1F3999BF1F49919
:109000009CF1F5999DF1F6999EF1F7999FF1F899E8
:10901000A0F1F999A1F11B76A2F13C76A3F1227699
:10902000A4F12076A5F14076A6F12D76A7F1307651
:10903000A8F13F76A9F13576AAF14376ABF13E76F9
:10904000ACF13376ADF14D76AEF15E76AFF154769C
:10905000B0F15C76B1F15676B2F16B76B3F16F7622
:10906000B4F1CA7FB5F1E67AB6F1787AB7F1797AD8
:10907000B8F1807AB9F1867ABAF1887ABBF1957A3B
:10908000BCF1A67ABDF1A07ABEF1AC7ABFF1A87AA4
:10909000C0F1AD7AC1F1B37AC2F16488C3F16988D5
:1090A000C4F17288C5F17D88C6F17F88C7F18288D6
:1090B000C8F1A288C9F1C688CAF1B788CBF1BC88CB
:1090C000CCF1C988CDF1E288CEF1CE88CFF1E3882A
:1090D000D0F1E588D1F1F188D2F11A89D3F1FC8879
:1090E000D4F1E888D5F1FE88D6F1F088D7F121894E
:1090F000D8F11989D9F11389DAF11B89DBF10A89D1
:10910000DCF13489DDF12B89DEF13689DFF141892B
:10911000E0F16689E1F17B89E2F18B75E3F1E580AD
:10912000E4F1B276E5F1B476E6F1DC77E7F11280AE
:10913000E8F11480E9F11680EAF11C80EBF120805F
:10914000ECF12280EDF12580EEF12680EFF1278011
:10915000F0F12980F1F12880F2F13180F3F10B80F8
:10916000F4F13580F5F14380F6F14680F7F14D805A
:10917000F8F15280F9F16980FAF17180FBF183898D
:10918000FCF17898FDF18098FEF1839840F2FA990D
:1091900041F2FB9942F2FC9943F2FD9944F2FE99A7
:1091A00045F2FF9946F2009A47F2019A48F2029A74
:1091B00049F2039A4AF2049A4BF2059A4CF2069A43
:1091C0004DF2079A4EF2089A4FF2099A50F20A9A13
:1091D00051F20B9A52F20C9A53F20D9A54F20E9AE3
:1091E00055F20F9A56F2109A57F2119A58F2129AB3
:1091F00059F2139A5AF2149A5BF2159A5CF2169A83
:109200005DF2179A5EF2189A5FF2199A60F21A9A52
:1092100061F21B9A62F21C9A63F21D9A64F21E9A22
:1092200065F21F9A66F2209A67F2219A68F2229AF2
:1092300069F2239A6AF2249A6BF2259A6CF2269AC2
:109240006DF2279A6EF2289A6FF2299A70F22A9A92
:1092500071F22B9A72F22C9A73F22D9A74F22E9A62
:1092600075F22F9A76F2309A77F2319A78F2329A32
:1092700079F2339A7AF2349A7BF2359A7CF2369A02
:109280007DF2379A7EF2389A80F2399A81F23A9AD0
:1092900082F23B9A83F23C9A84F23D9A85F23E9A9E
:1092A00086F23F9A87F2409A88F2419A89F2429A6E
:1092B0008AF2439A8BF2449A8CF2459A8DF2469A3E
:1092C0008EF2479A8FF2489A90F2499A91F24A9A0E
:1092D00092F24B9A93F24C9A94F24D9A95F24E9ADE
:1092E00096F24F9A97F2509A98F2519A99F2529AAE
:1092F0009AF2539A9BF2549A9CF2559A9DF2569A7E
:109300009EF2579A9FF2589AA0F2599AA1F2899820
:10931000A2F28C98A3F28D98A4F28F98A5F294985B
:10932000A6F29A98A7F29B98A8F29E98A9F29F9805
:10933000AAF2A198ABF2A298ACF2A598ADF2A698C9
:10934000AEF24D86AFF25486B0F26C86B1F26E8604
:10935000B2F27F86B3F27A86B4F27C86B5F27B866F
:10936000B6F2A886B7F28D86B8F28B86B9F2AC86D3
:10937000BAF29D86BBF2A786BCF2A386BDF2AA868E
:10938000BEF29386BFF2A986C0F2B686C1F2C48649
:10939000C2F2B586C3F2CE86C4F2B086C5F2BA86F2
:1093A000C6F2B186C7F2AF86C8F2C986C9F2CF86C7
:1093B000CAF2B486CBF2E986CCF2F186CDF2F2861F
:1093C000CEF2ED86CFF2F386D0F2D086D1F21387BB
:1093D000D2F2DE86D3F2F486D4F2DF86D5F2D886D6
:1093E000D6F2D186D7F20387D8F20787D9F2F8866A
:1093F000DAF20887DBF20A87DCF20D87DDF20987F3
:10940000DEF22387DFF23B87E0F21E87E1F2258759
:10941000E2F22E87E3F21A87E4F23E87E5F248870C
:10942000E6F23487E7F23187E8F22987E9F23787F5
:10943000EAF23F87EBF28287ECF22287EDF27D873A
:10944000EEF27E87EFF27B87F0F26087F1F27087B1
:10945000F2F24C87F3F26E87F4F28B87F5F25387C2
:10946000F6F26387F7F27C87F8F26487F9F259879E
:10947000FAF26587FBF29387FCF2AF87FDF2A887CB
:10948000FEF2D28740F35A9A41F35B9A42F35C9A18
:1094900043F35D9A44F35E9A45F35F9A46F3609A0C
:1094A00047F3619A48F3629A49F3639A4AF3649ADC
:1094B0004BF3659A4CF3669A4DF3679A4EF3689AAC
:1094C0004FF3699A50F36A9A51F36B9A52F3729A76
:1094D00053F3839A54F3899A55F38D9A56F38E9ADF
:1094E00057F3949A58F3959A59F3999A5AF3A69A7E
:1094F0005BF3A99A5CF3AA9A5DF3AB9A5EF3AC9A1C
:109500005FF3AD9A60F3AE9A61F3AF9A62F3B29AE9
:1095100063F3B39A64F3B49A65F3B59A66F3B99AB0
:1095200067F3BB9A68F3BD9A69F3BE9A6AF3BF9A70
:109530006BF3C39A6CF3C49A6DF3C69A6EF3C79A31
:109540006FF3C89A70F3C99A71F3CA9A72F3CD9AFD
:1095500073F3CE9A74F3CF9A75F3D09A76F3D29AC6
:1095600077F3D49A78F3D59A79F3D69A7AF3D79A8F
:109570007BF3D99A7CF3DA9A7DF3DB9A7EF3DC9A5B
:1095800080F3DD9A81F3DE9A82F3E09A83F3E29A24
:1095900084F3E39A85F3E49A86F3E59A87F3E79AEE
:1095A00088F3E89A89F3E99A8AF3EA9A8BF3EC9ABA
:1095B0008CF3EE9A8DF3F09A8EF3F19A8FF3F29A80
:1095C00090F3F39A91F3F49A92F3F59A93F3F69A4F
:1095D00094F3F79A95F3F89A96F3FA9A97F3FC9A1C
:1095E00098F3FD9A99F3FE9A9AF3FF9A9BF3009BE6
:1095F0009CF3019B9DF3029B9EF3049B9FF3059BB1
:10960000A0F3069BA1F3C687A2F38887A3F38587FF
:10961000A4F3AD87A5F39787A6F38387A7F3AB875A
:10962000A8F3E587A9F3AC87AAF3B587ABF3B387B3
:10963000ACF3CB87ADF3D387AEF3BD87AFF3D18760
:10964000B0F3C087B1F3CA87B2F3DB87B3F3EA871D
:10965000B4F3E087B5F3EE87B6F31688B7F3138853
:10966000B8F3FE87B9F30A88BAF31B88BBF32188E5
:10967000BCF33988BDF33C88BEF3367FBFF3427F2D
:10968000C0F3447FC1F3457FC2F31082C3F3FA7A7B
:10969000C4F3FD7AC5F3087BC6F3037BC7F3047BF1
:1096A000C8F3157BC9F30A7BCAF32B7BCBF30F7B83
:1096B000CCF3477BCDF3387BCEF32A7BCFF3197BFA
:1096C000D0F32E7BD1F3317BD2F3207BD3F3257BF8
:1096D000D4F3247BD5F3337BD6F33E7BD7F31E7BC9
:1096E000D8F3587BD9F35A7BDAF3457BDBF3757BF0
:1096F000DCF34C7BDDF35D7BDEF3607BDFF36E7BC5
:10970000E0F37B7BE1F3627BE2F3727BE3F3717B5B
:10971000E4F3907BE5F3A67BE6F3A77BE7F3B87B66
:10972000E8F3AC7BE9F39D7BEAF3A87BEBF3857B65
:10973000ECF3AA7BEDF39C7BEEF3A27BEFF3AB7B28
:10974000F0F3B47BF1F3D17BF2F3C17BF3F3CC7B89
:10975000F4F3DD7BF5F3DA7BF6F3E57BF7F3E67BF9
:10976000F8F3EA7BF9F30C7CFAF3FE7BFBF3FC7B6A
:10977000FCF30F7CFDF3167CFEF30B7C40F4079B9F
:1097800041F4099B42F40A9B43F40B9B44F40C9B69
:1097900045F40D9B46F40E9B47F4109B48F4119B37
:1097A00049F4129B4AF4149B4BF4159B4CF4169B02
:1097B0004DF4179B4EF4189B4FF4199B50F41A9BD1
:1097C00051F41B9B52F41C9B53F41D9B54F41E9BA1
:1097D00055F4209B56F4219B57F4229B58F4249B6C
:1097E00059F4259B5AF4269B5BF4279B5CF4289B39
:1097F0005DF4299B5EF42A9B5FF42B9B60F42C9B09
:1098000061F42D9B62F42E9B63F4309B64F4319BD6
:1098100065F4339B66F4349B67F4359B68F4369BA0
:1098200069F4379B6AF4389B6BF4399B6CF43A9B70
:109830006DF43D9B6EF43E9B6FF43F9B70F4409B38
:1098400071F4469B72F44A9B73F44B9B74F44C9BEB
:1098500075F44E9B76F4509B77F4529B78F4539BAF
:1098600079F4559B7AF4569B7BF4579B7CF4589B78
:109870007DF4599B7EF45A9B80F45B9B81F45C9B46
:1098800082F45D9B83F45E9B84F45F9B85F4609B14
:1098900086F4619B87F4629B88F4639B89F4649BE4
:1098A0008AF4659B8BF4669B8CF4679B8DF4689BB4
:1098B0008EF4699B8FF46A9B90F46B9B91F46C9B84
:1098C00092F46D9B93F46E9B94F46F9B95F4709B54
:1098D00096F4719B97F4729B98F4739B99F4749B24
:1098E0009AF4759B9BF4769B9CF4779B9DF4789BF4
:1098F0009EF4799B9FF47A9BA0F47B9BA1F41F7C40
:10990000A2F42A7CA3F4267CA4F4387CA5F4417C40
:10991000A6F4407CA7F4FE81A8F40182A9F4028297
:10992000AAF40482ABF4EC81ACF44488ADF4218257
:10993000AEF42282AFF42382B0F42D82B1F42F82F0
:10994000B2F42882B3F42B82B4F43882B5F43B82AB
:10995000B6F43382B7F43482B8F43E82B9F4448268
:10996000BAF44982BBF44B82BCF44F82BDF45A82F4
:10997000BEF45F82BFF46882C0F47E88C1F485883B
:10998000C2F48888C3F4D888C4F4DF88C5F45E893B
:10999000C6F49D7FC7F49F7FC8F4A77FC9F4AF7F4B
:1099A000CAF4B07FCBF4B27FCCF47C7CCDF44965B3
:1099B000CEF4917CCFF49D7CD0F49C7CD1F49E7C41
:1099C000D2F4A27CD3F4B27CD4F4BC7CD5F4BD7CBC
:1099D000D6F4C17CD7F4C77CD8F4CC7CD9F4CD7C48
:1099E000DAF4C87CDBF4C57CDCF4D77CDDF4E87CFD
:1099F000DEF46E82DFF4A866E0F4BF7FE1F4CE7F90
:109A0000E2F4D57FE3F4E57FE4F4E17FE5F4E67F7B
:109A1000E6F4E97FE7F4EE7FE8F4F37FE9F4F87C1D
:109A2000EAF4777DEBF4A67DECF4AE7DEDF4477EB1
:109A3000EEF49B7EEFF4B89EF0F4B49EF1F4738DD7
:109A4000F2F4848DF3F4948DF4F4918DF5F4B18DEA
:109A5000F6F4678DF7F46D8DF8F4478CF9F4498CC2
:109A6000FAF44A91FBF45091FCF44E91FDF44F91BD
:109A7000FEF4649140F57C9B41F57D9B42F57E9B15
:109A800043F57F9B44F5809B45F5819B46F5829B82
:109A900047F5839B48F5849B49F5859B4AF5869B52
:109AA0004BF5879B4CF5889B4DF5899B4EF58A9B22
:109AB0004FF58B9B50F58C9B51F58D9B52F58E9BF2
:109AC00053F58F9B54F5909B55F5919B56F5929BC2
:109AD00057F5939B58F5949B59F5959B5AF5969B92
:109AE0005BF5979B5CF5989B5DF5999B5EF59A9B62
:109AF0005FF59B9B60F59C9B61F59D9B62F59E9B32
:109B000063F59F9B64F5A09B65F5A19B66F5A29B01
:109B100067F5A39B68F5A49B69F5A59B6AF5A69BD1
:109B20006BF5A79B6CF5A89B6DF5A99B6EF5AA9BA1
:109B30006FF5AB9B70F5AC9B71F5AD9B72F5AE9B71
:109B400073F5AF9B74F5B09B75F5B19B76F5B29B41
:109B500077F5B39B78F5B49B79F5B59B7AF5B69B11
:109B60007BF5B79B7CF5B89B7DF5B99B7EF5BA9BE1
:109B700080F5BB9B81F5BC9B82F5BD9B83F5BE9BAD
:109B800084F5BF9B85F5C09B86F5C19B87F5C29B7D
:109B900088F5C39B89F5C49B8AF5C59B8BF5C69B4D
:109BA0008CF5C79B8DF5C89B8EF5C99B8FF5CA9B1D
:109BB00090F5CB9B91F5CC9B92F5CD9B93F5CE9BED
:109BC00094F5CF9B95F5D09B96F5D19B97F5D29BBD
:109BD00098F5D39B99F5D49B9AF5D59B9BF5D69B8D
:109BE0009CF5D79B9DF5D89B9EF5D99B9FF5DA9B5D
:109BF000A0F5DB9BA1F56291A2F56191A3F57091AF
:109C0000A4F56991A5F56F91A6F57D91A7F57E91D3
:109C1000A8F57291A9F57491AAF57991ABF58C919B
:109C2000ACF58591ADF59091AEF58D91AFF5919133
:109C3000B0F5A291B1F5A391B2F5AA91B3F5AD91AA
:109C4000B4F5AE91B5F5AF91B6F5B591B7F5B49160
:109C5000B8F5BA91B9F5558CBAF57E9EBBF5B88DBD
:109C6000BCF5EB8DBDF5058EBEF5598EBFF5698E41
:109C7000C0F5B58DC1F5BF8DC2F5BC8DC3F5BA8DEC
:109C8000C4F5C48DC5F5D68DC6F5D78DC7F5DA8D6B
:109C9000C8F5DE8DC9F5CE8DCAF5CF8DCBF5DB8D40
:109CA000CCF5C68DCDF5EC8DCEF5F78DCFF5F88DD5
:109CB000D0F5E38DD1F5F98DD2F5FB8DD3F5E48D9B
:109CC000D4F5098ED5F5FD8DD6F5148ED7F51D8EFC
:109CD000D8F51F8ED9F52C8EDAF52E8EDBF5238E76
:109CE000DCF52F8EDDF53A8EDEF5408EDFF5398E10
:109CF000E0F5358EE1F53D8EE2F5318EE3F5498EE6
:109D0000E4F5418EE5F5428EE6F5518EE7F5528E8B
:109D1000E8F54A8EE9F5708EEAF5768EEBF57C8EE5
:109D2000ECF56F8EEDF5748EEEF5858EEFF58F8E7A
:109D3000F0F5948EF1F5908EF2F59C8EF3F59E8EF3
:109D4000F4F5788CF5F5828CF6F58A8CF7F5858C30
:109D5000F8F5988CF9F5948CFAF59B65FBF5D689A6
:109D6000FCF5DE89FDF5DA89FEF5DC8940F6DC9B41
:109D700041F6DD9B42F6DE9B43F6DF9B44F6E09B1B
:109D800045F6E19B46F6E29B47F6E39B48F6E49BEB
:109D900049F6E59B4AF6E69B4BF6E79B4CF6E89BBB
:109DA0004DF6E99B4EF6EA9B4FF6EB9B50F6EC9B8B
:109DB00051F6ED9B52F6EE9B53F6EF9B54F6F09B5B
:109DC00055F6F19B56F6F29B57F6F39B58F6F49B2B
:109DD00059F6F59B5AF6F69B5BF6F79B5CF6F89BFB
:109DE0005DF6F99B5EF6FA9B5FF6FB9B60F6FC9BCB
:109DF00061F6FD9B62F6FE9B63F6FF9B64F6009C9A
:109E000065F6019C66F6029C67F6039C68F6049C66
:109E100069F6059C6AF6069C6BF6079C6CF6089C36
:109E20006DF6099C6EF60A9C6FF60B9C70F60C9C06
:109E300071F60D9C72F60E9C73F60F9C74F6109CD6
:109E400075F6119C76F6129C77F6139C78F6149CA6
:109E500079F6159C7AF6169C7BF6179C7CF6189C76
:109E60007DF6199C7EF61A9C80F61B9C81F61C9C44
:109E700082F61D9C83F61E9C84F61F9C85F6209C12
:109E800086F6219C87F6229C88F6239C89F6249CE2
:109E90008AF6259C8BF6269C8CF6279C8DF6289CB2
:109EA0008EF6299C8FF62A9C90F62B9C91F62C9C82
:109EB00092F62D9C93F62E9C94F62F9C95F6309C52
:109EC00096F6319C97F6329C98F6339C99F6349C22
:109ED0009AF6359C9BF6369C9CF6379C9DF6389CF2
:109EE0009EF6399C9FF63A9CA0F63B9CA1F6E5892C
:109EF000A2F6EB89A3F6EF89A4F63E8AA5F6268B97
:109F0000A6F65397A7F6E996A8F6F396A9F6EF9664
:109F1000AAF60697ABF60197ACF60897ADF60F9741
:109F2000AEF60E97AFF62A97B0F62D97B1F63097AA
:109F3000B2F63E97B3F6809FB4F6839FB5F6859F41
:109F4000B6F6869FB7F6879FB8F6889FB9F6899FC1
:109F5000BAF68A9FBBF68C9FBCF6FE9EBDF60B9FA1
:109F6000BEF60D9FBFF6B996C0F6BC96C1F6BD967B
:109F7000C2F6CE96C3F6D296C4F6BF77C5F6E09683
:109F8000C6F68E92C7F6AE92C8F6C892C9F63E9350
:109F9000CAF66A93CBF6CA93CCF68F93CDF63E946D
:109FA000CEF66B94CFF67F9CD0F6829CD1F6859C42
:109FB000D2F6869CD3F6879CD4F6889CD5F6237A75
:109FC000D6F68B9CD7F68E9CD8F6909CD9F6919CB1
:109FD000DAF6929CDBF6949CDCF6959CDDF69A9C76
:109FE000DEF69B9CDFF69E9CE0F69F9CE1F6A09C33
:109FF000E2F6A19CE3F6A29CE4F6A39CE5F6A59C00
:10A00000E6F6A69CE7F6A79CE8F6A89CE9F6A99CCC
:10A01000EAF6AB9CEBF6AD9CECF6AE9CEDF6B09C94
:10A02000EEF6B19CEFF6B29CF0F6B39CF1F6B49C60
:10A03000F2F6B59CF3F6B69CF4F6B79CF5F6BA9C2E
:10A04000F6F6BB9CF7F6BC9CF8F6BD9CF9F6C49CF2
:10A05000FAF6C59CFBF6C69CFCF6C79CFDF6CA9CAE
:10A06000FEF6CB9C40F73C9C41F73D9C42F73E9C62
:10A0700043F73F9C44F7409C45F7419C46F7429C80
:10A0800047F7439C48F7449C49F7459C4AF7469C50
:10A090004BF7479C4CF7489C4DF7499C4EF74A9C20
:10A0A0004FF74B9C50F74C9C51F74D9C52F74E9CF0
:10A0B00053F74F9C54F7509C55F7519C56F7529CC0
:10A0C00057F7539C58F7549C59F7559C5AF7569C90
:10A0D0005BF7579C5CF7589C5DF7599C5EF75A9C60
:10A0E0005FF75B9C60F75C9C61F75D9C62F75E9C30
:10A0F00063F75F9C64F7609C65F7619C66F7629C00
:10A1000067F7639C68F7649C69F7659C6AF7669CCF
:10A110006BF7679C6CF7689C6DF7699C6EF76A9C9F
:10A120006FF76B9C70F76C9C71F76D9C72F76E9C6F
:10A1300073F76F9C74F7709C75F7719C76F7729C3F
:10A1400077F7739C78F7749C79F7759C7AF7769C0F
:10A150007BF7779C7CF7789C7DF7799C7EF77A9CDF
:10A1600080F77B9C81F77D9C82F77E9C83F7809CA7
:10A1700084F7839C85F7849C86F7899C87F78A9C63
:10A1800088F78C9C89F78F9C8AF7939C8BF7969C19
:10A190008CF7979C8DF7989C8EF7999C8FF79D9CD8
:10A1A00090F7AA9C91F7AC9C92F7AF9C93F7B99C5F
:10A1B00094F7BE9C95F7BF9C96F7C09C97F7C19CFF
:10A1C00098F7C29C99F7C89C9AF7C99C9BF7D19CB9
:10A1D0009CF7D29C9DF7DA9C9EF7DB9C9FF7E09C56
:10A1E000A0F7E19CA1F7CC9CA2F7CD9CA3F7CE9C55
:10A1F000A4F7CF9CA5F7D09CA6F7D39CA7F7D49C37
:10A20000A8F7D59CA9F7D79CAAF7D89CABF7D99CFF
:10A21000ACF7DC9CADF7DD9CAEF7DF9CAFF7E29CC2
:10A22000B0F77C97B1F78597B2F79197B3F792970C
:10A23000B4F79497B5F7AF97B6F7AB97B7F7A3977F
:10A24000B8F7B297B9F7B497BAF7B19ABBF7B09A23
:10A25000BCF7B79ABDF7589EBEF7B69ABFF7BA9A41
:10A26000C0F7BC9AC1F7C19AC2F7C09AC3F7C59AA2
:10A27000C4F7C29AC5F7CB9AC6F7CC9AC7F7D19A5A
:10A28000C8F7459BC9F7439BCAF7479BCBF7499B48
:10A29000CCF7489BCDF74D9BCEF7519BCFF7E89875
:10A2A000D0F70D99D1F72E99D2F75599D3F7549944
:10A2B000D4F7DF9AD5F7E19AD6F7E69AD7F7EF9A6F
:10A2C000D8F7EB9AD9F7FB9ADAF7ED9ADBF7F99A18
:10A2D000DCF7089BDDF70F9BDEF7139BDFF71F9B77
:10A2E000E0F7239BE1F7BD9EE2F7BE9EE3F73B7EDE
:10A2F000E4F7829EE5F7879EE6F7889EE7F78B9E58
:10A30000E8F7929EE9F7D693EAF79D9EEBF79F9EBA
:10A31000ECF7DB9EEDF7DC9EEEF7DD9EEFF7E09EBF
:10A32000F0F7DF9EF1F7E29EF2F7E99EF3F7E79E82
:10A33000F4F7E59EF5F7EA9EF6F7EF9EF7F7229F12
:10A34000F8F72C9FF9F72F9FFAF7399FFBF7379F04
:10A35000FCF73D9FFDF73E9FFEF7449F40F8E39CCE
:10A3600041F8E49C42F8E59C43F8E69C44F8E79CFD
:10A3700045F8E89C46F8E99C47F8EA9C48F8EB9CCD
:10A3800049F8EC9C4AF8ED9C4BF8EE9C4CF8EF9C9D
:10A390004DF8F09C4EF8F19C4FF8F29C50F8F39C6D
:10A3A00051F8F49C52F8F59C53F8F69C54F8F79C3D
:10A3B00055F8F89C56F8F99C57F8FA9C58F8FB9C0D
:10A3C00059F8FC9C5AF8FD9C5BF8FE9C5CF8FF9CDD
:10A3D0005DF8009D5EF8019D5FF8029D60F8039DA9
:10A3E00061F8049D62F8059D63F8069D64F8079D79
:10A3F00065F8089D66F8099D67F80A9D68F80B9D49
:10A4000069F80C9D6AF80D9D6BF80E9D6CF80F9D18
:10A410006DF8109D6EF8119D6FF8129D70F8139DE8
:10A4200071F8149D72F8159D73F8169D74F8179DB8
:10A4300075F8189D76F8199D77F81A9D78F81B9D88
:10A4400079F81C9D7AF81D9D7BF81E9D7CF81F9D58
:10A450007DF8209D7EF8219D80F8229D81F8239D26
:10A4600082F8249D83F8259D84F8269D85F8279DF4
:10A4700086F8289D87F8299D88F82A9D89F82B9DC4
:10A480008AF82C9D8BF82D9D8CF82E9D8DF82F9D94
:10A490008EF8309D8FF8319D90F8329D91F8339D64
:10A4A00092F8349D93F8359D94F8369D95F8379D34
:10A4B00096F8389D97F8399D98F83A9D99F83B9D04
:10A4C0009AF83C9D9BF83D9D9CF83E9D9DF83F9DD4
:10A4D0009EF8409D9FF8419DA0F8429D40F9439D04
:10A4E00041F9449D42F9459D43F9469D44F9479DF4
:10A4F00045F9489D46F9499D47F94A9D48F94B9DC4
:10A5000049F94C9D4AF94D9D4BF94E9D4CF94F9D93
:10A510004DF9509D4EF9519D4FF9529D50F9539D63
:10A5200051F9549D52F9559D53F9569D54F9579D33
:10A5300055F9589D56F9599D57F95A9D58F95B9D03
:10A5400059F95C9D5AF95D9D5BF95E9D5CF95F9DD3
:10A550005DF9609D5EF9619D5FF9629D60F9639DA3
:10A5600061F9649D62F9659D63F9669D64F9679D73
:10A5700065F9689D66F9699D67F96A9D68F96B9D43
:10A5800069F96C9D6AF96D9D6BF96E9D6CF96F9D13
:10A590006DF9709D6EF9719D6FF9729D70F9739DE3
:10A5A00071F9749D72F9759D73F9769D74F9779DB3
:10A5B00075F9789D76F9799D77F97A9D78F97B9D83
:10A5C00079F97C9D7AF97D9D7BF97E9D7CF97F9D53
:10A5D0007DF9809D7EF9819D80F9829D81F9839D21
:10A5E00082F9849D83F9859D84F9869D85F9879DEF
:10A5F00086F9889D87F9899D88F98A9D89F98B9DBF
:10A600008AF98C9D8BF98D9D8CF98E9D8DF98F9D8E
:10A610008EF9909D8FF9919D90F9929D91F9939D5E
:10A6200092F9949D93F9959D94F9969D95F9979D2E
:10A6300096F9989D97F9999D98F99A9D99F99B9DFE
:10A640009AF99C9D9BF99D9D9CF99E9D9DF99F9DCE
:10A650009EF9A09D9FF9A19DA0F9A29D40FAA39DFE
:10A6600041FAA49D42FAA59D43FAA69D44FAA79DEE
:10A6700045FAA89D46FAA99D47FAAA9D48FAAB9DBE
:10A6800049FAAC9D4AFAAD9D4BFAAE9D4CFAAF9D8E
:10A690004DFAB09D4EFAB19D4FFAB29D50FAB39D5E
:10A6A00051FAB49D52FAB59D53FAB69D54FAB79D2E
:10A6B00055FAB89D56FAB99D57FABA9D58FABB9DFE
:10A6C00059FABC9D5AFABD9D5BFABE9D5CFABF9DCE
:10A6D0005DFAC09D5EFAC19D5FFAC29D60FAC39D9E
:10A6E00061FAC49D62FAC59D63FAC69D64FAC79D6E
:10A6F00065FAC89D66FAC99D67FACA9D68FACB9D3E
:10A7000069FACC9D6AFACD9D6BFACE9D6CFACF9D0D
:10A710006DFAD09D6EFAD19D6FFAD29D70FAD39DDD
:10A7200071FAD49D72FAD59D73FAD69D74FAD79DAD
:10A7300075FAD89D76FAD99D77FADA9D78FADB9D7D
:10A7400079FADC9D7AFADD9D7BFADE9D7CFADF9D4D
:10A750007DFAE09D7EFAE19D80FAE29D81FAE39D1B
:10A7600082FAE49D83FAE59D84FAE69D85FAE79DE9
:10A7700086FAE89D87FAE99D88FAEA9D89FAEB9DB9
:10A780008AFAEC9D8BFAED9D8CFAEE9D8DFAEF9D89
:10A790008EFAF09D8FFAF19D90FAF29D91FAF39D59
:10A7A00092FAF49D93FAF59D94FAF69D95FAF79D29
:10A7B00096FAF89D97FAF99D98FAFA9D99FAFB9DF9
:10A7C0009AFAFC9D9BFAFD9D9CFAFE9D9DFAFF9DC9
:10A7D0009EFA009E9FFA019EA0FA029E40FB039EF5
:10A7E00041FB049E42FB059E43FB069E44FB079EE5
:10A7F00045FB089E46FB099E47FB0A9E48FB0B9EB5
:10A8000049FB0C9E4AFB0D9E4BFB0E9E4CFB0F9E84
:10A810004DFB109E4EFB119E4FFB129E50FB139E54
:10A8200051FB149E52FB159E53FB169E54FB179E24
:10A8300055FB189E56FB199E57FB1A9E58FB1B9EF4
:10A8400059FB1C9E5AFB1D9E5BFB1E9E5CFB249EBF
:10A850005DFB279E5EFB2E9E5FFB309E60FB349E61
:10A8600061FB3B9E62FB3C9E63FB409E64FB4D9EF6
:10A8700065FB509E66FB529E67FB539E68FB549E91
:10A8800069FB569E6AFB599E6BFB5D9E6CFB5F9E4F
:10A890006DFB609E6EFB619E6FFB629E70FB659E12
:10A8A00071FB6E9E72FB6F9E73FB729E74FB749EB7
:10A8B00075FB759E76FB769E77FB779E78FB789E80
:10A8C00079FB799E7AFB7A9E7BFB7B9E7CFB7C9E50
:10A8D0007DFB7D9E7EFB809E80FB819E81FB839E17
:10A8E00082FB849E83FB859E84FB869E85FB899EDE
:10A8F00086FB8A9E87FB8C9E88FB8D9E89FB8E9EA5
:10A900008AFB8F9E8BFB909E8CFB919E8DFB949E71
:10A910008EFB959E8FFB969E90FB979E91FB989E3B
:10A9200092FB999E93FB9A9E94FB9B9E95FB9C9E0B
:10A9300096FB9E9E97FBA09E98FBA19E99FBA29ED4
:10A940009AFBA39E9BFBA49E9CFBA59E9DFBA79EA2
:10A950009EFBA89E9FFBA99EA0FBAA9E40FCAB9ECF
:10A9600041FCAC9E42FCAD9E43FCAE9E44FCAF9EBF
:10A9700045FCB09E46FCB19E47FCB29E48FCB39E8F
:10A9800049FCB59E4AFCB69E4BFCB79E4CFCB99E5A
:10A990004DFCBA9E4EFCBC9E4FFCBF9E50FCC09E20
:10A9A00051FCC19E52FCC29E53FCC39E54FCC59EEA
:10A9B00055FCC69E56FCC79E57FCC89E58FCCA9EB6
:10A9C00059FCCB9E5AFCCC9E5BFCD09E5CFCD29E7C
:10A9D0005DFCD39E5EFCD59E5FFCD69E60FCD79E40
:10A9E00061FCD99E62FCDA9E63FCDE9E64FCE19E03
:10A9F00065FCE39E66FCE49E67FCE69E68FCE89EC0
:10AA000069FCEB9E6AFCEC9E6BFCED9E6CFCEE9E82
:10AA10006DFCF09E6EFCF19E6FFCF29E70FCF39E4E
:10AA200071FCF49E72FCF59E73FCF69E74FCF79E1E
:10AA300075FCF89E76FCFA9E77FCFD9E78FCFF9EE6
:10AA400079FC009F7AFC019F7BFC029F7CFC039FAA
:10AA50007DFC049F7EFC059F80FC069F81FC079F78
:10AA600082FC089F83FC099F84FC0A9F85FC0C9F45
:10AA700086FC0F9F87FC119F88FC129F89FC149F06
:10AA80008AFC159F8BFC169F8CFC189F8DFC1A9FCF
:10AA90008EFC1B9F8FFC1C9F90FC1D9F91FC1E9F9A
:10AAA00092FC1F9F93FC219F94FC239F95FC249F65
:10AAB00096FC259F97FC269F98FC279F99FC289F32
:10AAC0009AFC299F9BFC2A9F9CFC2B9F9DFC2D9F01
:10AAD0009EFC2E9F9FFC309FA0FC319F40FD329F2B
:10AAE00041FD339F42FD349F43FD359F44FD369F1A
:10AAF00045FD389F46FD3A9F47FD3C9F48FD3F9FDF
:10AB000049FD409F4AFD419F4BFD429F4CFD439FA5
:10AB10004DFD459F4EFD469F4FFD479F50FD489F71
:10AB200051FD499F52FD4A9F53FD4B9F54FD4C9F41
:10AB300055FD4D9F56FD4E9F57FD4F9F58FD529F0F
:10AB400059FD539F5AFD549F5BFD559F5CFD569FD9
:10AB50005DFD579F5EFD589F5FFD599F60FD5A9FA9
:10AB600061FD5B9F62FD5C9F63FD5D9F64FD5E9F79
:10AB700065FD5F9F66FD609F67FD619F68FD629F49
:10AB800069FD639F6AFD649F6BFD659F6CFD669F19
:10AB90006DFD679F6EFD689F6FFD699F70FD6A9FE9
:10ABA00071FD6B9F72FD6C9F73FD6D9F74FD6E9FB9
:10ABB00075FD6F9F76FD709F77FD719F78FD729F89
:10ABC00079FD739F7AFD749F7BFD759F7CFD769F59
:10ABD0007DFD779F7EFD789F80FD799F81FD7A9F27
:10ABE00082FD7B9F83FD7C9F84FD7D9F85FD7E9FF5
:10ABF00086FD819F87FD829F88FD8D9F89FD8E9FA9
:10AC00008AFD8F9F8BFD909F8CFD919F8DFD929F64
:10AC10008EFD939F8FFD949F90FD959F91FD969F34
:10AC200092FD979F93FD989F94FD9C9F95FD9D9FFE
:10AC300096FD9E9F97FDA19F98FDA29F99FDA39FC2
:10AC40009AFDA49F9BFDA59F9CFD2CF99DFD79F984
:10AC50009EFD95F99FFDE7F9A0FDF1F940FE0CFA84
:10AC600041FE0DFA42FE0EFA43FE0FFA44FE11FABF
:10AC700045FE13FA46FE14FA47FE18FA48FE1FFA7C
:10AC800049FE20FA4AFE21FA4BFE23FA4CFE24FA32
:10AC90004DFE27FA4EFE28FA4FFE29FA000000006A
:10ACA0006100620063006400650066006700680080
:10ACB00069006A006B006C006D006E006F00700030
:10ACC00071007200730074007500760077007800E0
:10ACD00079007A00A100A200A300A500AC00AF009B
:10ACE000E000E100E200E300E400E500E600E70048
:10ACF000E800E900EA00EB00EC00ED00EE00EF00F8
:10AD0000F000F100F200F300F400F500F600F800A6
:10AD1000F900FA00FB00FC00FD00FE00FF0001014D
:10AD200003010501070109010B010D010F011101CB
:10AD300013011501170119011B011D011F0121013B
:10AD400023012501270129012B012D012F013101AB
:10AD50003301350137013A013C013E014001420116
:10AD60004401460148014B014D014F01510153017E
:10AD70005501570159015B015D015F0161016301EB
:10AD80006501670169016B016D016F01710173015B
:10AD9000750177017A017C017E019201B103B20352
:10ADA000B303B403B503B603B703B803B903BA03D7
:10ADB000BB03BC03BD03BE03BF03C003C103C30386
:10ADC000C403C503C603C703C803C903CA033004C9
:10ADD00031043204330434043504360437043804AF
:10ADE00039043A043B043C043D043E043F0440045F
:10ADF000410442044304440445044604470448040F
:10AE000049044A044B044C044D044E044F045104BD
:10AE10005204530454045504560457045804590466
:10AE20005A045B045C045E045F047021712172218A
:10AE300073217421752176217721782179217A2156
:10AE40007B217C217D217E217F2141FF42FF43FF29
:10AE500044FF45FF46FF47FF48FF49FF4AFF4BFFBE
:10AE60004CFF4DFF4EFF4FFF50FF51FF52FF53FF6E
:10AE700054FF55FF56FF57FF58FF59FF5AFF000078
:10AE8000410042004300440045004600470048009E
:10AE900049004A004B004C004D004E004F0050004E
:10AEA00051005200530054005500560057005800FE
:10AEB00059005A002100E0FFE1FFE5FFE2FFE3FF58
:10AEC000C000C100C200C300C400C500C600C70066
:10AED000C800C900CA00CB00CC00CD00CE00CF0016
:10AEE000D000D100D200D300D400D500D600D800C5
:10AEF000D900DA00DB00DC00DD00DE0078010001B3
:10AF000002010401060108010A010C010E011001F1
:10AF100012011401160118011A011C011E01200161
:10AF200022012401260128012A012C012E013001D1
:10AF300032013401360139013B013D013F0141013C
:10AF40004301450147014A014C014E0150015201A4
:10AF50005401560158015A015C015E016001620111
:10AF60006401660168016A016C016E017001720181
:10AF70007401760179017B017D01910191039203B6
:10AF800093039403950396039703980399039A03F5
:10AF90009B039C039D039E039F03A003A103A303A4
:10AFA000A403A503A603A703A803A903AA031004E7
:10AFB00011041204130414041504160417041804CD
:10AFC00019041A041B041C041D041E041F0420047D
:10AFD000210422042304240425042604270428042D
:10AFE00029042A042B042C042D042E042F0401040C
:10AFF0000204030404040504060407040804090405
:10B000000A040B040C040E040F0460216121622168
:10B0100063216421652166216721682169216A21F4
:10B020006B216C216D216E216F2121FF22FF23FFF7
:10B0300024FF25FF26FF27FF28FF29FF2AFF2BFFDC
:10B040002CFF2DFF2EFF2FFF30FF31FF32FF33FF8C
:10B0500034FF35FF36FF37FF38FF39FF3AFF000076
:10B06000303132333435363738394142434445463E
:10B070004030580030313233343536373839616238
:10B08000636465664030780004000008000000003A
:10B090000000000200010000100000003F0000005E
:10B0A000646563006964000072756E74696D6500A3
:10B0B00068656C70000000006C697374000000002B
:10B0C000686578007538206D665F707574632875E3
:10B0D00038206329000000007538206D665F7075A8
:10B0E00074732875382A6329000000007538206DB4
:10B0F000665F636C6F736528766F69642900000072
:10B10000753332206D665F73697A6528766F69647E
:10B1100029000000753332206D665F74656C6C2801
:10B12000766F696429000000766F696420573235B4
:10B130005158585F45726173655F4368697028763E
:10B140006F696429000000007538206D665F7265C4
:10B15000616464697228766F696429007538206DAE
:10B16000665F636C6F736564697228766F696429C2
:10B17000000000007538206D665F6F70656E287581
:10B18000382A706174682C7538206D6F64652900E9
:10B190007538206D665F756E6C696E6B287538202A
:10B1A0002A706E616D6529007538206D665F6D6B64
:10B1B0006469722875382A706E616D652900000017
:10B1C0007538206D665F72656E616D652875382013
:10B1D0002A6F6C646E616D652C75382A206E6577F8
:10B1E0006E616D6529000000766F6964206D665F91
:10B1F00067657473287531362073697A6529000094
:10B200007538206D665F7363616E5F66696C657328
:10B21000287538202A207061746829007538206DDF
:10B22000665F6F70656E6469722875382A20706178
:10B2300074682900766F6964206D665F6765746C59
:10B240006162656C287538202A7061746829000075
:10B25000766F6964206D665F7365746C6162656C9E
:10B26000287538202A70617468290000766F696437
:10B270002077726974655F61646472287533322067
:10B28000616464722C7533322076616C2900000091
:10B290007538206D665F7265616428753136206C83
:10B2A000656E29007538206D665F77726974652850
:10B2B00075382A6461742C753136206C656E2900EE
:10B2C00075333220726561645F616464722875331E
:10B2D0003220616464722900766F69642064656C51
:10B2E00061795F6D7328753136206E6D73290000AA
:10B2F000766F69642064656C61795F757328753356
:10B3000032206E75732900007538206D665F6C738E
:10B3100065656B28753332206F6666736574290026
:10B320007538206D665F6D6F756E742875382A20CC
:10B33000706174682C7538206D7429007538206D23
:10B34000665F666D6B66732875382A207061746855
:10B350002C7538206D6F64652C7531362061752928
:10B3600000000000753332206D665F73686F77668A
:10B37000726565287538202A6472762900000000FD
:10B380004D503300464C4143000000004C524300F6
:10B390004300000041504500474946004A50454798
:10B3A000000000004A504700480000004156490094
:10B3B00042494E00424D50004E45530054585400EF
:10B3C00057415600E4B30308000000206C0200005F
:10B3D000C4010008FCB403086C02002074C301001F
:10B3E0002002000811847A030A20090102030406DE
:10B3F00007080914FFFF017B17EF180115292E8993
:10B400003213A38F1B08D904132016322032681D73
:10B410001020A6010C130F6812F042101E9CB003FE
:10B4200008B0041AB8041AA4041AC0041AA0041A12
:10B43000A80413439D1F08C0B2030849081A6C08EA
:10B440001319631B08D8081389621B08F0081373CB
:10B450004418080828B1030831D9641DB30308450E
:10B46000081A74101A5D081AEC401A6B081A902812
:10B47000134BDA1B08A4081A8F081A1C081A9D0817
:10B480001A5C281AA7081A48081373DB120819183F
:10B490001AEB081A64481343DC1B0808081A5308FF
:10B4A0001A14201A5B081119081A63081AA8081A36
:10B4B0006F081A3C201A83081A90101A8F081AC0B5
:10B4C000081A9F081A34481AD9081A50081AFB0893
:10B4D0001AE81813B5DF1B08C4901AC7081AD80851
:10B4E0002288142099981B08BD041367991408CB6F
:0CB4F0009C23081B02DD01021660000016
:040000050800018965
:00000001FF
