:020000040800F2
:10000000E00D0020AD040008DD010008DF0100085C
:10001000E3010008E7010008EB0100080000000010
:10002000000000000000000000000000EF010008D8
:10003000F101000800000000F3010008F5010008CC
:10004000C7040008C7040008C7040008C704000864
:10005000C7040008C7040008C7040008C704000854
:10006000C7040008C7040008C7040008C704000844
:10007000C7040008C7040008C7040008C704000834
:10008000C7040008C7040008C7040008C704000824
:10009000C7040008C7040008C7040008C704000814
:1000A000C7040008C7040008C7040008C704000804
:1000B000C935000887320008B1350008C7040008B8
:1000C000C7040008C7040008C7040008C7040008E4
:1000D000C7040008C7040008C7040008B73B0008AD
:1000E000CD4A0008C7040008C704000800F002F861
:1000F00000F05FF80AA090E8000C82448344AAF163
:100100000107DA4501D100F054F8AFF2090EBAE860
:100110000F0013F0010F18BFFB1A43F0010318473B
:1001200050D7000070D700000A444FF0000C10F8C0
:10013000013B13F0070408BF10F8014B1D1108BF65
:1001400010F8015B641E05D010F8016B641E01F805
:10015000016BF9D113F0080F1EBF10F8014BAD1C55
:100160000C1B09D16D1E58BF01F801CBFAD505E073
:1001700014F8016B01F8016B6D1EF9D59142D6D3CD
:10018000704700000023002400250026103A28BFF5
:1001900078C1FBD8520728BF30C148BF0B607047F9
:1001A000642909F01B82002070471FB51FBD10B5E0
:1001B00010BD09F0E3FB1146FFF7F7FF00F00CF963
:1001C00009F001FC03B4FFF7F2FF03BC02F0D4FB1B
:1001D00030BF72B662B680F308887047704700BFC0
:1001E000FEE700BFFEE700BFFEE700BFFEE7704787
:1001F00070477047704700000CB5002001900090D8
:100200006C48006840F480306A49086000BF694863
:10021000006800F4003000900198401C01900098A4
:1002200018B90198B0F5A06FF1D16248006800F4E8
:10023000003010B10120009001E0002000900098F3
:10024000012843D15C48006840F010005A4908601A
:100250000846006820F0030008600846006840F087
:1002600002000860534840685249486008464068A8
:1002700048600846406840F480604860084640682E
:1002800020F47C1048600846406840F4E81048605C
:100290000846006840F08070086000BF454800686C
:1002A00000F000700028F9D04248406820F00300B8
:1002B000404948600846406840F00200486000BF7E
:1002C0003C48406800F00C000828F9D10CBD10B57E
:1002D000FFF792FF10BD10B53648006840F00100EE
:1002E000344908600846406834490840314948604C
:1002F00008460068324908402E49086008460068F0
:1003000020F4802008600846406820F4FE00486021
:100310004FF41F008860FFF7DAFF4FF000602949B3
:10032000086010BD10B5002100200022214B5B6841
:1003300003F00C0121B1042906D0082928D107E0D7
:10034000214B224C236027E01F4B204C236023E0ED
:10035000184B5B6803F47010164B5B6803F4803233
:10036000022303EB904022B9194B4343174C2360FF
:100370000DE0104B5B6803F4003323B1144B43438F
:10038000124C236003E0104B4343104C236003E006
:100390000D4B0E4C236000BF00BF064B5B68C3F3E0
:1003A00003130C4CE15C094B1B68CB40074C2360EA
:1003B00010BD000000100240002002400000FFF8C5
:1003C000FFFFF6FE08ED00E000127A0000000020BA
:1003D00000093D000400002000240AE0002503E09D
:1003E000022002F071F96D1C4CF250308542F7DBAF
:1003F000641C642CF2DB02F0F7F8022002F04EFAE3
:10040000012002F04BFA02F01BFB02F049FB002135
:1004100041F61F4002F0B8FF4FF4165002F0C9FA3F
:100420004FF4165003F078FB17A009F097F803F08B
:1004300003F803F04EF802F013FE03F0D9F802F0CF
:100440005AFD08F095FA08F0A7FA47214FF6FF7019
:1004500002F092FE03F078FD0EA009F07FF812E0A2
:100460000F48007810B904F031FC01E004F0C9FE37
:1004700001200C49087000200B49087000BF094892
:1004800000780028FBD1EBE7496E69742E2E2E0D03
:100490000A000000496E6974206F6B2E200D0A005F
:1004A0001B0000203D0000203C0000200948804740
:1004B00009480047FEE7FEE7FEE7FEE7FEE7FEE746
:1004C000FEE7FEE7FEE7FEE704480549054A064B5E
:1004D00070470000D7020008ED000008E007002088
:1004E000E00D0020E0090020E0090020314901432F
:1004F000314A1160704770B5002100230F22C47883
:1005000004B32D4C246804F4E064C4F5E064210ACB
:10051000C1F10403CA40447804FA03F1847814401A
:1005200021430901254C0678A155047804F01F05E4
:100530000124AC4005786D11AD0005F1E025C5F84A
:10054000004109E0047804F01F050124AC401C4D73
:100550000678761145F8264070BD1A4A0A400243D3
:10056000154B1B1F1A60704739B1134A121D1268D0
:100570000243114B1B1D1A6006E00F4A121D126840
:1005800082430D4B1B1D1A607047042808D14FF0A1
:10059000E021096941F004014FF0E022116107E018
:1005A0004FF0E021096921F004014FF0E0221161D0
:1005B000704700000000FA050CED00E000E400E0E8
:1005C00080E100E080FFFF1F10B50446FA48844236
:1005D00008D10121401500F0ABFE0021601500F0AC
:1005E000A7FE17E0F548844208D10121001500F06C
:1005F0009FFE0021201500F09BFE0BE0F048844296
:1006000008D10121C80300F093FE00214FF40040FF
:1006100000F08EFE10BD30B5024600200023506869
:10062000E84C20400D790C6844EA052420435060D2
:100630009068E54C2040D1E902542C434D7944EABE
:10064000450420439060D06A20F470000C7C641E46
:10065000E4B2234340EA0350D06230BD0021016080
:10066000017141718160C16001210174704721B144
:10067000826842F00102826003E0826822F0010297
:100680008260704721B1826842F48072826003E028
:10069000826822F480728260704710B50023CBB26A
:1006A0001AB144681C43446002E044689C434460BF
:1006B00010BD816841F0080181607047014600204B
:1006C0008A6802F008020AB1012000E000207047A9
:1006D000816841F0040181607047014600208A680A
:1006E00002F004020AB1012000E00020704721B1AD
:1006F000826842F4A002826003E0826822F4A002D1
:1007000082607047014600208A6802F480020AB1C4
:10071000012000E00020704710B50A4600210023A8
:10072000416821F46041531E41EA4331416010BDEC
:1007300021B1426842F40062426003E0426822F460
:10074000006242607047F0B504460D46002000216B
:10075000092D11DDE068A5F10A0606EB460707261C
:1007600006FA07F18843A5F10A0606EB460603FAE6
:1007700006F10843E0600CE0206905EB4507072619
:1007800006FA07F1884305EB450603FA06F108432C
:100790002061072A0FDA606B561E06EB86071F26BC
:1007A00006FA07F18843561E06EB860605FA06F19F
:1007B0000843606322E00D2A0FDA206BD61F06EB98
:1007C00086071F2606FA07F18843D61F06EB860622
:1007D00005FA06F10843206310E0E06AA2F10D0675
:1007E00006EB86071F2606FA07F18843A2F10D06DD
:1007F00006EB860605FA06F10843E062F0BD21B17A
:10080000826842F48012826003E0826822F48012DF
:10081000826070470146C86C80B2704766484C30B1
:100820000068704721B1426842F48062426003E090
:10083000426822F480624260704721B1426842F40B
:100840008052426003E0426822F480524260704766
:100850000A460021816821F4E0411143816070471C
:1008600021B1826842F40042826003E0826822F48F
:1008700000428260704721B1826842F402128260B5
:1008800003E0826822F40212826070470146002071
:100890008A6802F400120AB1012000E000207047CB
:1008A000F0B504461546002000220026092911DD76
:1008B000E068A1F10A0707EB470C072707FA0CF2DB
:1008C0009043A1F10A0707EB470703FA07F2104329
:1008D000E0600CE0206901EB410C072707FA0CF2FD
:1008E000904301EB410703FA07F210432061A06B2C
:1008F000C0F30156EF1C06F1010CA7EB0C0707EB48
:10090000870C1F2707FA0CF29043EF1C06F1010C2D
:10091000A7EB0C0707EB870701FA07F21043A06368
:10092000F0BD10B50A4600210023816B21F440116F
:10093000531E41EA0351816310BD08B500230093A3
:100940000090009B0B440093009B1A6008BD08B503
:10095000024600200090009201F12800009B1844FC
:1009600000900098006880B208BD0A4600214168E6
:10097000164B1940114341607047416282627047D3
:100980000A460021416821F01F0111434160704770
:1009900040B109490831096841F40001064A0832AA
:1009A000116007E004490831096821F40001024A96
:1009B0000832116070470000002401400028014007
:1009C000003C0140FFFEF0FFFDF7F1FFFFFD3FFFA0
:1009D0000246002013680B400BB1012000E000200C
:1009E0007047CA430260704770B50246002000237A
:1009F00000240B125568CEB205EA060415681D40A6
:100A000015B10CB1012000E0002070BD00220A12D7
:100A1000D34303607047000010B5012000F0A2FC32
:100A2000002000F09FFC10BD2A490860704729494A
:100A3000091F0860704727498431086070470146E4
:100A40000020254A10884FF67F4210400843224A72
:100A500010807047014600201F4A10884FF68072B0
:100A6000104008431C4A1080704708B500220092CD
:100A7000194A2C3A0092009A02440092009A11609E
:100A800008BD08B501460020009013482C3800909E
:100A90000098084400900098008808BD0D489C30DC
:100AA0000068C0B270470C480830008840F0010070
:100AB00009490831088070470648A0300068C0B274
:100AC000704705480830008840F0020002490831AC
:100AD0000880704704860D422C6C00400020444979
:100AE0000860091D0860091D0860091D086041486B
:100AF0003F4914310860704700213D498279002A3E
:100B00003AD00A46126803689A430B461A600A1DD7
:100B1000126803689A430B1D1A60027911440A682F
:100B200003681A430A60324A0832126803689A431B
:100B30002F4B08331A601A1D126803689A432C4B16
:100B40000C331A604279102A0ED11A1F12680368FA
:100B50001A43274B08331A601A1D126803681A4398
:100B6000234B0C331A600DE02149427911440A6885
:100B700003681A430A6005E0027911440A680368B1
:100B80009A430A6070470021016001710C21417194
:100B90000021817170471649103109680143144AD8
:100BA00010321160704701460020114A1432126859
:100BB0000A400AB1012000E0002070470C491431BE
:100BC00008607047014600200022094B1B6803EAB9
:100BD0000102074B14331B680B4013B10AB101200B
:100BE00000E000207047024914310860704700009F
:100BF00000040140FFFF0F0010B50446CC488442BA
:100C000008D10121042000F093FB0021042000F012
:100C10008FFB46E0C748844208D10121082000F03C
:100C200087FB0021082000F083FB3AE0C2488442A1
:100C300008D10121102000F07BFB0021102000F0E2
:100C400077FB2EE0BD48844208D10121202000F02E
:100C50006FFB0021202000F06BFB22E0B8488442AB
:100C600008D10121402000F063FB0021402000F06A
:100C70005FFB16E0B348844208D10121802000F0D8
:100C800057FB0021802000F053FB0AE0AE4884426D
:100C900007D10121801500F04BFB0021A01500F0C9
:100CA00047FB10BD10B50121084600F041FB0021B3
:100CB000012000F03DFB10BD2DE9F041024600256A
:100CC0000026002000230024002791F803C00CF028
:100CD0000F0591F803C00CF0100CBCF1000F03D00D
:100CE00091F802C04CEA050591F800C0BCF1000F74
:100CF00031D0146800202BE04FF0010C0CFA00F307
:100D0000B1F800C00CEA03069E4220D183004FF0E8
:100D10000F0C0CFA03F7BC4305FA03FC4CEA04047D
:100D200091F803C0BCF1280F06D14FF0010C0CFA6A
:100D300000FCC2F814C00AE091F803C0BCF1480FEF
:100D400005D14FF0010C0CFA00FCC2F810C0401C99
:100D50000828D1D31460B1F800C0BCF1FF0F34DD16
:100D6000546800202EE000F1080C4FF0010808FA4A
:100D70000CF3B1F800C00CEA03069E4221D18300B7
:100D80004FF00F0C0CFA03F7BC4305FA03FC4CEAD6
:100D9000040491F803C0BCF1280F05D100F1080C40
:100DA00008FA0CF8C2F8148091F803C0BCF1480F9F
:100DB00007D100F1080C4FF0010808FA0CF8C2F84E
:100DC0001080401C0828CED35460BDE8F0814FF657
:100DD000FF710180022181700421C17070470246B9
:100DE000002093680B400BB1012000E00020704709
:100DF0000146886880B2704702460020D3680B40E5
:100E00000BB1012000E0002070470146C86880B2A5
:100E1000704701617047416170470AB1016100E0AC
:100E200041617047C16070474FF480320A4382616C
:100E30008161826182698269704702460020434B6A
:100E400018684FF68073184040EA021008433F4B81
:100E5000186070473E49C8617047F0B50A460023E4
:100E600000240021002500F00046B6F1004F02D119
:100E7000364EF16901E0354E7168C0F3034583B227
:100E800000F44016B6F5401F08D121F070612F4ED6
:100E9000766826F070662D4F7E6012E000F48016B2
:100EA000B6F5801F06D1032606FA05F4A14341F0EA
:100EB000706106E0460D360103FA06F6B14341F0D3
:100EC000706122B1460D360103FA06F6314300F097
:100ED0000046B6F1004F02D11C4EF16101E01B4EFD
:100EE0007160F0BD30B500228B071C0F0F2303FA91
:100EF00004F2164B08338C1053F824309343134CF0
:100F000008348D1044F8253023468C1053F82430D3
:100F10008C07240F00FA04F423430C4C08348D1082
:100F200044F8253030BD0A49DC31086070470000C4
:100F300000080140000C0140001001400014014075
:100F400000180140001C0140002001400000014049
:100F50000000204210B50121080700F0F6F9002139
:100F60004FF0805000F0F1F910BD2A490862704737
:100F700028490861704701460020274A106820F080
:100F8000E0000843106070472249A03108607047B4
:100F900010B502460020204B186820F003001043D3
:100FA00018601E4B1B6843F004031C4C236001298E
:100FB00001D130BF00E020BF184B1B6823F00403B1
:100FC000164C236010BD1448006840F0040012491C
:100FD00008600846006840F0020008600F4800689A
:100FE00040F004000D49086000BF00BF30BF7047EB
:100FF00001460020084A52680A400AB1012000E078
:10100000002070470449096841EA8001024A1160E2
:101010007047000000000E420070004010ED00E03C
:10102000DF48006840F00100DD490860084640687C
:10103000DC490840DA49486008460068DA49084057
:10104000D74908600846006820F4802008600846F8
:10105000406820F4FE0048604FF41F00886070472D
:10106000CF49096821F48031CD4A116011460968E1
:1010700021F480211160B0F5803F03D0B0F5802FBE
:101080000ED106E0C649096841F48031C44A1160B6
:1010900007E0C349096841F4A021C14A116000E09A
:1010A00000BF00BF704710B501460022002300209A
:1010B0004A11012A02D1BA4C236806E0022A02D161
:1010C000B74C236A01E0B64C636A01F01F020124A9
:1010D00094401C400CB1012000E0002010BD38B548
:1010E000002000900024002500BF3120FFF7DBFF27
:1010F00005460098401C00900098B0F5A06F01D004
:10110000002DF2D03120FFF7CEFF08B1012400E01E
:101110000024204638BD01460020A14A106820F076
:10112000F80040EAC10010607047A04908607047AD
:10113000024600209A4B586820F47C1042EA0103D2
:101140001843974B586070479849086670470146A6
:101150000020934A506820F0030008435060704715
:101160008F48406800F00C007047014600208C4A10
:10117000506820F0F000084350607047014600209E
:10118000874A506820F4E060084350607047014689
:101190000020834A506820F4605040EAC10050604B
:1011A000704729B17E4A527A02437D4B5A7204E05D
:1011B0007B4A527A82437A4B5A7270477B49D831C4
:1011C0000860704701460020754A506820F440408E
:1011D0000843506070470021714A20321170704AF4
:1011E00082F82010012802D004280AD104E001214D
:1011F0006B4A2032117005E00521694A20321170D6
:1012000000E000BF00BF704769490860704764494B
:10121000096A0143624A11627047654944390860AE
:10122000704730B500210022002400235C4D6D681A
:1012300005F00C0121B1042905D0082923D105E0CE
:101240005C4D056022E05B4D05601FE0544D6D680C
:1012500005F47012524D6D6805F48034022505EBDB
:1012600092421CB9544D554305600BE04C4D6D68DE
:1012700005F400351DB1504D5543056002E04D4D5C
:101280005543056002E04B4D056000BF00BF444D73
:101290006D6805F0F0010909484D6B5C0568DD409B
:1012A00045603F4D6D6805F4E061090A434D6B5C94
:1012B0004568DD4085603A4D6D6805F46051C90AA6
:1012C0003E4D6B5C4568DD40C560354D6D6805F48D
:1012D0004041890B3A4D6B5CC568B5FBF3F5056180
:1012E00030BD29B12E4A526902432D4B5A6104E0A8
:1012F0002B4A526982432A4B5A61704729B1284AC6
:1013000092690243264B9A6104E0254A926982431E
:10131000234B9A61704729B1214AD2690243204B7D
:10132000DA6104E01E4AD26982431D4BDA617047DC
:1013300029B11B4AD2680243194BDA6004E0184A0B
:10134000D2688243164BDA60704729B1144A126999
:101350000243134B1A6104E0114A12698243104B95
:101360001A61704712494039086070470F49C864D4
:1013700070470B49C87170470948406A40F0807057
:1013800007494862704701460020054A92680A40B2
:101390000AB1012000E000207047014988727047BF
:1013A000001002400000FFF8FFFFF6FE000042427E
:1013B0008004424200127A0000093D0060000020D3
:1013C0007000002010B50446FE48844208D1012177
:1013D000C014FFF7ADFF0021E014FFF7A9FFC4E040
:1013E000B4F1804F08D101210846FFF7AEFF00217C
:1013F0000120FFF7AAFFB8E0F348844208D1012199
:101400000220FFF7A2FF00210220FFF79EFFACE0C1
:10141000EE48844208D101210420FFF796FF002105
:101420000420FFF792FFA0E0E948844208D101219F
:101430000820FFF78AFF00210820FFF786FF94E0CD
:10144000E448844208D101211020FFF77EFF0021EB
:101450001020FFF77AFF88E0DF48844208D101219D
:101460002020FFF772FF00212020FFF76EFF7CE0B5
:10147000DA48844208D101214014FFF759FF0021C6
:101480006014FFF755FF70E0D548844209D101216F
:10149000C804FFF74DFF00214FF40020FFF748FF7D
:1014A00063E0D048844209D101210805FFF740FFDD
:1014B00000214FF48010FFF73BFF56E0CA488442FA
:1014C00009D101214805FFF733FF00214FF4001037
:1014D000FFF72EFF49E0C548844208D10121402092
:1014E000FFF733FF00214020FFF72FFF3DE0C0480A
:1014F000844208D101218020FFF727FF00218020AE
:10150000FFF723FF31E0BB48844208D10121801559
:10151000FFF71BFF0021A015FFF717FF25E0B648D6
:10152000844209D101210804FFF702FF00214FF492
:101530008030FFF7FDFE18E0B048844209D1012158
:101540004804FFF7F5FE00214FF40030FFF7F0FEEE
:101550000BE0AB48844208D101218804FFF7E8FE84
:1015600000214FF48020FFF7E3FE10BD0022028827
:10157000944B98420ED0994B98420BD0B0F1804FCB
:1015800008D0914B984205D0904B984202D0904B96
:10159000984204D14FF68F731A404B881A438D4BF3
:1015A000984207D08C4B984204D04FF6FF431A4024
:1015B000CB881A4302808B8883850B880385814BF7
:1015C00098420BD0854B984208D08B4B984205D05F
:1015D0008A4B984202D08A4B984201D10B7A0386FB
:1015E00001238382704770B5002400220023058CFC
:1015F0004FF6FE7635400584028C8388048B4FF6C7
:101600008F752C40B51E2C400D882C43751E2A402A
:101610000D892A434D882A436A4DA8420BD06F4D4D
:10162000A84208D0744DA84205D0744DA84202D0FB
:10163000734DA84213D14FF6F7752A404D892A43BE
:101640004FF6FB752A408D882A434FF6FF652B40E5
:101650004FF6FF552B408D892B43CD892B4383803B
:101660000483CD888586028470BD70B50024002275
:101670000023058C4FF6EF7635400584028C838875
:10168000048B48F6FF752C404FF6FF452C400D8823
:101690004FF6FF7606EA05252C434FF6DF752A4004
:1016A0000D8906EA05152A434D8806EA05152A43E1
:1016B000444DA84202D0494DA8421DD14FF67F7536
:1016C0002A404D894FF6FF7606EA05152A434FF664
:1016D000BF752A408D8806EA05152A434FF6FF3567
:1016E0002B404FF2FF752B408D8906EA85052B4371
:1016F000CD8906EA85052B4383800483CD88058741
:10170000028470BD70B5002400220023058C4FF6C2
:10171000FF6635400584028C8388848B4FF68F7575
:101720002C404FF6FC752C400D882C434FF6FF558E
:101730002A400D894FF6FF7606EA05252A434D8893
:1017400006EA05252A431F4DA84202D0234DA84290
:101750001DD14FF2FF752A404D894FF6FF7606EAFC
:1017600005252A434FF6FF352A408D8806EA0525D0
:101770002A434EF6FF752B404DF6FF752B408D89A1
:1017800006EA05152B43CD8906EA05152B43838010
:101790008483CD888587028470BD70B500220023C4
:1017A0000024058C4EF6FF7635400584038C848832
:1017B000828B48F6FF752A404FF6FF452A400D8878
:1017C00020E00000002C0140000400400008004020
:1017D000000C0040001000400014004000340140A4
:1017E000004C0140005001400054014000180040EE
:1017F000001C004000200040004001400044014027
:10180000004801404FF6FF7606EA05252A434DF6CB
:10181000FF752B400D8906EA05352B434D8806EAF6
:1018200005352B43FA4DA84202D0FA4DA84208D103
:101830004BF6FF752C408D894FF6FF7606EA85152D
:101840002C4384808283CD88A0F84050038470BDEF
:10185000828B4FF2FF331A408283828B4FF6FF73E5
:1018600003EA01231A4382837047F0B50C461546FC
:10187000002200210026078C4EF6FF7C07EA0C07A9
:101880000784828B018C4FF6FF7707EA043640F617
:10189000FF473A404FF6FF7707EA05273A434FF6EE
:1018A000FF7707EA03373A43D94FB8420ED0D94FF2
:1018B000B8420BD0B0F1804F08D0D74FB84205D016
:1018C000D64FB84202D0D64FB84206D14DF6FF7778
:1018D000394046F48057394305E047F6FF57394011
:1018E00044F48057394382830184F0BD828B4FF6E4
:1018F000F3731A408283828B0A4382837047F0B568
:101900000C461546002200210026078C4FF6FF6C7E
:1019100007EA0C070784828B018C4FF6FF7707EAF2
:1019200004264FF60C773A404FF6FF7707EA031785
:101930002F433A43B64FB8420ED0B64FB8420BD001
:10194000B0F1804F08D0B44FB84205D0B34FB84281
:1019500002D0B34FB84206D14FF6FF57394046F494
:101960008077394305E04FF2FF57394044F48077E0
:10197000394382830184F0BD028B4FF2FF331A405A
:101980000283028B4FF6FF7303EA01231A4302839B
:101990007047F0B50C461546002200210026078C42
:1019A0004FF6EF7C07EA0C070784028B018C4FF699
:1019B000FF7707EA041640F6FF473A404FF6FF77F5
:1019C00007EA03373A434FF6FF7707EA05273A431A
:1019D0008F4FB8420ED08F4FB8420BD0B0F1804F2E
:1019E00008D08D4FB84205D08C4FB84202D08C4FF2
:1019F000B84206D14FF6DF77394046F01007394339
:101A000005E04FF65F77394044F010073943028311
:101A10000184F0BD028B4FF6F3731A400283028BF0
:101A20000A4302837047F0B50C4615460022002198
:101A3000068C4FF6FE773E400684028B018C4FF6F3
:101A40000C7632407E1C06EA03162E433243704E5B
:101A5000B0420ED06F4EB0420BD0B0F1804F08D0E4
:101A60006D4EB04205D06D4EB04202D06C4EB042C9
:101A700006D14FF6FD76314044F00106314305E0D2
:101A80004FF6F576314044F001063143028301847C
:101A9000F0BD70B505460C465D4885420ED05D48E8
:101AA00085420BD0B5F1804F08D05B48854205D008
:101AB0005A48854202D05A48854200D100E000BF12
:101AC000208850B92389A28861882846FFF7ABFF98
:101AD000E1882846FFF79EFF25E0208804280AD1E8
:101AE0002389A28861882846FFF753FFE1882846AA
:101AF000FFF742FF17E0208808280AD12389A2882F
:101B000061882846FFF7FBFEE1882846FFF7EEFED6
:101B100009E02389A28861882846FFF7A6FEE188AC
:101B20002846FFF795FE70BD2DE9F04105460C46AD
:101B300000260127608808B9022600E00026A08858
:101B4000012801D1022700E001272088A0B92389BC
:101B5000A28861882846FFF766FFE1882846FFF7DC
:101B600059FF23893A4631462846FFF712FFE1889C
:101B70002846FFF701FF13E02389A28861882846E1
:101B8000FFF707FFE1882846FFF7F6FE23893A466C
:101B900031462846FFF747FFE1882846FFF73AFF1E
:101BA000BDE8F0810A884B881A438B881A43CB889A
:101BB0001A430B891A434B891A438B891A43A0F89D
:101BC000442070474FF6FF71818000210180C18061
:101BD0004180017270470021018041808180C18075
:101BE000018141818181C181704700210180418053
:101BF000012181800021C180018170470021018085
:101C000041808180C18001814181818170470000D4
:101C1000002C014000340140000400400008004056
:101C2000000C004021B1028842F00102028004E071
:101C300002884FF6FE731A400280704731B1B0F847
:101C4000442042F40042A0F8442005E0B0F84420CB
:101C5000C2F30E02A0F8442070471AB183890B43E7
:101C6000838102E083898B4383817047818270473F
:101C700041EA0203A0F8483070471AB183890B4348
:101C8000838102E083898B438381704701894FF60A
:101C9000F8721140018170470A46002101894FF610
:101CA0008F73194011430181704730B504460D46CA
:101CB00029462046FFF7F0FF208940F007002081E9
:101CC00030BD2DE9F04104460D4616461F46602DF5
:101CD00006D13B46012231462046FFF75AFE05E079
:101CE0003B46012231462046FFF79DFE294620460D
:101CF000FFF7D2FF208940F007002081BDE8F08186
:101D000030B50C4600210189C9B24FF6FF7505EACE
:101D10000325154325432943018130BD2DE9F041B9
:101D200005460E4617469846002443463A46314635
:101D30002846FFF7E5FF2C894FF6F870044044F081
:101D400007044FF68F70044044F070042C81BDE806
:101D5000F081F0B504460D4616461F463B46324616
:101D600029462046FFF7CCFF208940F4804020819F
:101D7000F0BD0185828270470A46002101884FF636
:101D80008F731940114301807047F0B50C4615461A
:101D90001E460021002200230189028B038C4FF68E
:101DA000F877394021434FF6FC473A4040F201179B
:101DB0003A434FF6DD773B404FF6FF7707EA0617C9
:101DC0002F433B43018102830384F0BD0A46002177
:101DD000018B4FF68F7319401143018370470A46F8
:101DE0000021018B48F6FF7319404FF6FF7303EA99
:101DF00002231943018370470A460021818B4FF665
:101E00008F7319401143818370470A460021818BEB
:101E100048F6FF7319404FF6FF7303EA0223194394
:101E20008183704721B1028842F08002028004E081
:101E300002884FF67F731A400280704721B1828872
:101E400042F00402828004E082884FF6FB731A405D
:101E50008280704721B1828842F00802828004E0CB
:101E600082884FF6F7731A408280704721B18288CA
:101E700042F00102828004E082884FF6FE731A402D
:101E8000828070470A460021018B4FF6F773194094
:101E90001143018370470A460021018B4FF2FF7303
:101EA00019404FF6FF7303EA022319430183704779
:101EB0000A460021818B4FF6F77319401143818345
:101EC00070470A460021818B4FF2FF7319404FF68D
:101ED000FF7303EA02231943818370470A460021F6
:101EE000018B4FF6FB7319401143018370470A467B
:101EF0000021018B4FF6FF3319404FF6FF7303EAC1
:101F000002231943018370470A460021818B4FF653
:101F1000FB7319401143818370470A460021818B6E
:101F20004FF6FF3319404FF6FF7303EA02231943BC
:101F3000818370470A460021018B4FF67F73194059
:101F40001143018370470A460021018BC1F30E0142
:101F50004FF6FF7303EA02231943018370470A46D1
:101F60000021818B4FF67F731940114381837047A5
:101F70000A460021818BC1F30E014FF6FF7303EA7D
:101F800002231943818370470A460021018C4FF6D2
:101F9000FD7319401143018470470A460021018CEA
:101FA0004FF6F77319401143018470470A46002128
:101FB000018C4FF6DF7319404FF6FF7303EA0213EB
:101FC0001943018470470A460021018C4FF67F7344
:101FD00019404FF6FF7303EA021319430184704757
:101FE0000A460021018C4FF6FF5319404FF6FF734C
:101FF00003EA02231943018470470A460021018C39
:102000004FF2FF7319404FF6FF7303EA022319439F
:10201000018470470A460021018C4DF6FF73194078
:102020004FF6FF7303EA023319430184704730B55A
:10203000002301248C40A3B2048C9C430484048CB0
:1020400002FA01F5ADB22C43048430BD30B5002353
:1020500004248C40A3B2048C9C430484048C02FAB4
:1020600001F5ADB22C43048430BD70B503460020A9
:1020700000241846183001258D40ACB21D8CA543B4
:102080001D8409B1082909D100EB6100056825F01C
:10209000700505600568154305600EE00D1FC5F36A
:1020A0004E052844056825F4E045056005684FF6AF
:1020B000FF7606EA02263543056070BD21B102882D
:1020C00042F00202028004E002884FF6FD731A40DB
:1020D0000280704721B1028842F00402028004E0CD
:1020E00002884FF6FB731A400280704721B1828844
:1020F00042F08002828004E082884FF67F731A40AB
:102100008280704702884FF6F7731A400280028877
:102110000A430280704782884FF68F731A4082808C
:1021200082880A438280704702894FF6F8731A400A
:10213000028102890A430281704702894FF67F7348
:102140001A40028102890A430281704781847047E4
:102150008185704781867047018770478187704706
:10216000A0F84010704702884FF6FF431A400280E3
:1021700002880A43028070470146888E70470146F4
:10218000088F70470146888F70470146B1F84000BC
:1021900070470146888C70470146088D704702469B
:1021A0000020138A0B400BB1012000E00020704793
:1021B000CA430282704730B5024600200023002443
:1021C000158A05EA0103958905EA010413B10CB1EA
:1021D000012000E0002030BDCA43028270470000A9
:1021E00010B50446FB48844209D101218803FFF75A
:1021F0009FF800214FF48040FFF79AF832E0F6484C
:10220000844209D101214804FFF79FF800214FF4CF
:102210000030FFF79AF825E0F048844209D1012107
:102220008804FFF792F800214FF48020FFF78DF823
:1022300018E0EB48844209D10121C804FFF785F872
:1022400000214FF40020FFF780F80BE0E5488442BE
:1022500008D101210805FFF778F800214FF480101C
:10226000FFF773F810BD2DE9F04786B005460E461E
:102270000024A24600BFA1460027B08900B100BFDC
:102280002F462C8A4CF6FF700440F08804432C82C1
:10229000AC894EF6F3100440B08831890843718947
:1022A00008430443AC81AC8A4FF6FF400440B08938
:1022B0000443AC8201A8FEF7B4FFC648874202D1AE
:1022C000DDF810A001E0DDF80CA0A88900F40040C2
:1022D00040B10AEBCA0000EB0A1031684900B0FBBC
:1022E000F1F807E00AEBCA0000EB0A103168890038
:1022F000B0FBF1F86420B8FBF0F004012009642180
:1023000001FB1089A88900F4004040B1322000EBA5
:10231000C900B0FBF1F000F00700044308E03220F0
:1023200000EB09106421B0FBF1F000F00F00044352
:102330002C8106B0BDE8F0874FF4165101600021F2
:102340008180C18001810C21418100218181704700
:1023500010B502460020108A4FF2FF0318400B8888
:102360004C8823438C882343CC8823431843108212
:1023700010BD0021018041808180C180704721B162
:10238000828942F40052828104E082894DF6FF7313
:102390001A4082817047F0B50346002400260025CC
:1023A000002040F66A17B94200D100BF1846C1F3B9
:1023B000421401F01F06012707FA06F5012C01D18E
:1023C0000C3004E0022C01D1103000E014301AB1BE
:1023D00007682F43076002E00768AF430760F0BD5E
:1023E0001AB1838A0B43838202E0838A8B43838200
:1023F0007047028A4FF6F0731A400282028A0A433B
:102400000282704782894FF2FF731A40828182896B
:102410000A438281704721B1828942F0020282819F
:1024200004E082894FF6FD731A4082817047028A68
:102430004FF6DF731A400282028A0A430282704713
:1024400021B1028A42F48042028204E0028A4BF601
:10245000FF731A4002827047C1F3080282807047FE
:1024600001468888C0F308007047818941F0010166
:1024700081817047028BD2B20283028B42EA012231
:1024800002837047028B02F47F420283028B0A436D
:102490000283704721B1828A42F02002828204E0E6
:1024A000828A4FF6DF731A408282704721B1828A96
:1024B00042F01002828204E0828A4FF6EF731A40E3
:1024C0008282704721B1828A42F00802828204E04F
:1024D000828A4FF6F7731A408282704721B182894F
:1024E00042F40042828103E08289C2F30E028281BB
:1024F000704721B1828A42F40062828204E0828ABB
:102500004FF2FF731A4082827047828A4FF6FB7344
:102510001A408282828A0A438282704721B1828A6B
:1025200042F00202828204E0828A4FF6FD731A4072
:102530008282704702460020B1F5007F00D100BFC3
:1025400013880B400BB1012000E00020704701F41C
:102550000072B2F5007F00D100BFCA43028070470D
:1025600070B50246002400230025002040F66A16BC
:10257000B14200D100BFC1F3421501F01F03012693
:1025800006FA03F3012D02D19689334006E0022DAD
:1025900002D1168A334001E0968A33400C1201269C
:1025A00006FA04F41688344013B10CB1012000E09F
:1025B000002070BD10B50022002340F66A14A1422D
:1025C00000D100BF0A1201249440A3B2DC4304806E
:1025D00010BD0000003801400044004000480040A9
:1025E000004C00400050004010B56FF00400FDF7B3
:1025F000CCFF2E4800682E49B0FBF1F02D49087041
:102600000846007800EB4001C1EBC0104FF6FF71A7
:1026100001EAC0002849088010BD0146254A127809
:102620004A434FF0E0235A6100229A611A46126928
:1026300042F001021A6100BF4FF0E022106900F081
:1026400001021AB100F48032002AF5D04FF0E022E6
:10265000126922F001024FF0E0231A6100229A6110
:1026600070470146144A12884A434FF0E0235A61EA
:1026700000229A611A46126942F001021A6100BFF3
:102680004FF0E022106900F001021AB100F480322C
:10269000002AF5D04FF0E022126922F001024FF03B
:1026A000E0231A6100229A617047000000000020B8
:1026B00000127A007400002076000020A34A0A402D
:1026C0000243A34B1A6070470146072323EA010225
:1026D00012029F4B1B1D18684FF6FF0318409D4BBD
:1026E000184310439A4B1B1D186070472DE9F041A9
:1026F0000746884614461D462846FFF7E5FFC5F104
:10270000040007FA00F60F20284100EA08000643FB
:1027100006F00F06E21704EBD2625211920002F1AA
:10272000E022D2F800212146E31704EBD3635B11CA
:10273000A4EB431C012303FA0CF31A432046E317CE
:1027400004EBD3635B119B0003F1E023C3F800218A
:102750008148005D40EA06107F490855BDE8F081D8
:1027600070B504460B46CE1701EB9676C6F387008C
:10277000CE1701EB9676B610A1EB8606B606350E9F
:10278000764B9B6943F00103744EB3614FEAB63355
:1027900053F820300F26AE40B343714E46F8203038
:1027A000334653F8203004FA05F61E436C4B43F8C9
:1027B00020606C4B1B6801268E403343694E3360AA
:1027C00002F0010343B1674B0C331B6801268E40B6
:1027D0003343644E0C36336002F0020343B1614B65
:1027E00008331E6801238B401E435E4B08331E6076
:1027F00070BD00B5002059490861C86014204861C7
:1028000000208861C8610846006840F00100086047
:1028100008464068544908405049486008460068E6
:10282000524908404D4908600846006820F480205D
:1028300008600846406820F4FE0048600020886078
:1028400000214FF00060FFF739FF00BD10B5404890
:102850000830006840F004003D49083108603F48F6
:10286000C06940F080503D49C8614148406840F42B
:1028700080703F4948600846006840F004000860E6
:102880000846006840F002000860FDF7A1FC10BD9A
:102890003048001D2E49091D086070470146490651
:1028A0002E4A926942F001022C4B9A612C4A083A56
:1028B000526822F0E0622A4B083B5A601A4652687E
:1028C0000A435A60704730B504460025FFF791FF70
:1028D0002248006840F480302049086000BF1F484B
:1028E0000068400C0028FAD04FF480601B49486013
:1028F000A01EC4B20846406840EA844048600846CA
:10290000406840F4803048601A48006840F0320067
:10291000184908601148006840F080700F4908604D
:1029200000BF0E480068400E0028FAD00B484068EF
:1029300040F002000949486005E008484068C0F3DB
:10294000870505F00305022DF7D130BD80FFFF1F7D
:1029500008ED00E00000FA0500E400E0001002408D
:1029600008000140000401400000FFF8FFFFF6FEF0
:10297000007000400020024000BF70472C4A1278CF
:102980005AB900BF2B4A128802F04002002AF9D03F
:10299000C2B2284B1B1D1A800AE000BF264A1288CB
:1029A00002F04002002AF9D0C2B2234B1B1D1A804C
:1029B000704710B586B00446012144F20400FEF7CA
:1029C0009DFC4FF40070ADF8140003208DF8160044
:1029D00018208DF8170005A91848FEF76DF94FF477
:1029E0008060ADF8140004208DF8170005A9134885
:1029F000FEF762F901940020ADF80800ADF80A0076
:102A0000ADF80C00ADF810000C20ADF80E0001A9D7
:102A10000948FFF728FC002240F225510648FFF73D
:102A2000BAFC01210448FFF7AAFC06B010BD000063
:102A30001B00002000480040003801400008014011
:102A400008B501210420FEF759FC1020ADF8000064
:102A50008DF8030003208DF8020069460C48FEF74C
:102A60002BF908BD18B900210A4A11600FE00A4984
:102A70000968491C084A1160814208D10549096862
:102A8000C943064AC2F890110021034A11607047F9
:102A900000080140900121427C00002000002142FA
:102AA00008B501210420FEF729FC2020ADF8000024
:102AB00048208DF8030069464B48FEF7FDF808BD35
:102AC00001464A48006828B949480088401C484ADD
:102AD000108002E00020464A10804448006828B96F
:102AE0004448007810B90120424A107042480078EA
:102AF000B0B940480078012807D140480078401C10
:102B00003E4A107001203C4A10703C480078022870
:102B100006D10020394A1070394A108002207047CF
:102B200032480068012804D10020324A1070324A2D
:102B300010703248007801281CD131480088401CB0
:102B40002F4A10801046008888420ADD28480088F5
:102B5000884206DA0020294A1070294A1080012094
:102B6000DDE723480088884204DD0020234A1070F6
:102B7000234A10800020D2E72248007838B11B4851
:102B8000006820B900201F490870012070471748CD
:102B90000068012801D11B4908700020F6E71A4897
:102BA000008840B91148006828B918480088401CBE
:102BB0001649088002E00020144908801348008864
:102BC000C82807DD01201049088000200F4908802F
:102BD000012070470C480088012802D100200A49D2
:102BE00008800020F5E700000008014014012142A0
:102BF000860000208000002081000020820000204C
:102C000084000020880000208C0000208A00002022
:102C100010B50A461AB10123FE4C236002E00023DE
:102C2000FC4C2360002114E00023FB4C236000F0E7
:102C300080031BB10123241F236003E00023F64C13
:102C4000241F23600123F44C23604306180E4B1C01
:102C5000D9B20829E8DB0123EE4C236010BD30B562
:102C600000241CE004F1B001C8B20021FFF7D0FF3E
:102C700000210846FFF7CCFF00211020FFF7C8FF16
:102C8000002508E0E54901EBC501085D0121FFF7DA
:102C9000BFFF681CC5B2802DF4DB601CC4B2082CD9
:102CA000E0DB30BD00B500218D20FFF7B1FF002132
:102CB0001420FFF7ADFF0021AF20FFF7A9FF00BDF3
:102CC00000B500218D20FFF7A3FF00211020FFF7A2
:102CD0009FFF0021AE20FFF79BFF00BD30B5002411
:102CE0000CE0002506E00020CC4901EBC5010855A9
:102CF000681CC5B2802DF6DB601CC4B2082CF0DB6A
:102D0000FFF7ADFF30BDF0B5144600267F2801DC8B
:102D10003F2900DDF0BD0B46CF1701EB5777FF10C1
:102D2000C7F10707FAB2CF1701EB5777FF10A1EBF6
:102D3000C707FDB2C5F107070123BB40DEB24CB1A6
:102D4000B64B03EBC0039B5C3343B44F07EBC007A8
:102D5000BB5408E0B14B03EBC0039B5CB343AF4FE4
:102D600007EBC007BB5400BFD4E72DE9F04F804606
:102D70000C4615461E46A346A5F12000C5B2002705
:102D80003EE00C2E07D105EB4500A54901EB800084
:102D900010F8079004E0A34800EB051010F8079026
:102DA0004FF0000A26E009F0800028B12146404695
:102DB000099AFFF7A8FF09E0099808B9012000E087
:102DC0000020024621464046FFF79DFF4FEA49603A
:102DD0004FEA1069601CC4B2A4EB0B00B04205D1ED
:102DE0005C4608F1010000F0FF0806E00AF101006E
:102DF00000F0FF0ABAF1080FD5DB00BF781CC7B29C
:102E0000B742BEDBBDE8F08F10B50246012000E0FE
:102E100050430B1EA1F10104E1B2F9D110BD2DE91F
:102E2000FF4F81B0074691461E460E9D4FF0000AA7
:102E3000002439E0301B401EC1B20A20FFF7E4FF36
:102E4000B9FBF0F00A21B0FBF1F201FB1208BAF174
:102E5000000F16D1701EA04213DDB8F1000F0ED185
:102E60000120AB4605EBDB71491001FB04710090BA
:102E7000C8B22B4620220299FFF777FF12E04FF0ED
:102E8000010A0120AB4605EBDB71491001FB04711F
:102E90000090C8B208F13001CAB22B460299FFF780
:102EA00064FF00BF601CC4B2B442C3DB05B0BDE820
:102EB000F08F78B505460E46144618E07A2D03DDEE
:102EC000002506F11000C6B23A2E04DD00200546AA
:102ED0000646FFF703FF0120009022780C233146BD
:102EE0002846FFF742FF05F10800C5B2641C2078B0
:102EF0000028E3D178BD08B501210820FEF7FEF9CE
:102F00003820ADF8000010208DF8030002208DF865
:102F1000020069464448FDF7CFFE01210420FEF778
:102F2000EDF94FF40040ADF8000002208DF80200EA
:102F300010208DF8030069463C48FDF7BDFE0120D6
:102F4000FEF713F80020FEF746F90020FDF76FFDAD
:102F50000020FEF70AF800202F4908390860642095
:102F6000FFF77FFB01203249C1F88C010021AE2020
:102F7000FFF74EFE0021D520FFF74AFE002150202A
:102F8000FFF746FE0021A820FFF742FE00213F2068
:102F9000FFF73EFE0021D320FFF73AFE002108464E
:102FA000FFF736FE00214020FFF732FE00218D2082
:102FB000FFF72EFE00211420FFF72AFE002120201B
:102FC000FFF726FE00210220FFF722FE0021A120AC
:102FD000FFF71EFE0021C020FFF71AFE0021DA20B5
:102FE000FFF716FE00211220FFF712FE00218120BC
:102FF000FFF70EFE0021EF20FFF70AFE0021D92087
:10300000FFF706FE0021F120FFF702FE0021DB2082
:1030100010E00000BC0121429481214230020020D6
:103020003EBF0008B2C30008000C01400008014088
:1030300000802142FFF7ECFD00213020FFF7E8FD82
:103040000021A420FFF7E4FD0021A620FFF7E0FD0A
:103050000021AF20FFF7DCFDFFF740FE08BD0000B8
:1030600000B587B001214FF40170FEF747F94FF426
:103070000040FEF7A7F84020ADF8040000208DF8CE
:10308000070001A93648FDF717FE3648FDF79CFA00
:10309000002002908DF80C008DF80D004FF4602098
:1030A00004900020059001208DF8180002A92D48F9
:1030B000FDF7B1FA01212B48FDF7D9FA2948FDF7B0
:1030C000F8FA00BF2748FDF7F9FA0028FAD1254899
:1030D000FDF7FEFA00BF2348FDF7FFFA0028FAD1FA
:1030E00007B000BD10B504460723012221461D4844
:1030F000FDF729FB01211B48FDF7F9FA00BF02216A
:103100001848FDF765FC0028F9D01648FDF782FB4A
:1031100010BD2DE9F04F85B00620FFF7E3FF0190C9
:1031200007F08CFF4FF066320F4BCDE9020107F03C
:10313000D5FF804600220D4B07F0D0FF0646002247
:103140000B4B07F0CBFF044600220A4B07F0D8FDDB
:10315000824607F02DFF0490049805B0BDE8F08F7B
:10316000000801400024014066660A400000264035
:10317000000059400000B04030B585B005460C460F
:1031800001210220FEF7C7F801210820FEF7B6F85A
:103190000120ADF8100028208DF8130003208DF8D1
:1031A000120004A96648FDF787FD0220ADF8100063
:1031B00010208DF8130003208DF8120004A9604838
:1031C000FDF77AFDADF80850ADF804400020ADF8E9
:1031D0000A00ADF8060001A95A48FEF7C7F9082011
:1031E0005949088000204880012088800020C8803C
:1031F00008815448FEF74DFC1D208DF80000012089
:103200008DF801008DF802008DF803006846FDF787
:1032100072F9012209214B48FEF71FFD012149489F
:10322000FEF700FD05B030BD10B50120474908602C
:103230000F20FFF7F2F900204549C1F88401454805
:10324000007800F08000E8B14248007800F03F00CC
:103250004149086008460088000408600846006884
:103260003E49098808443C49086008460068AA218C
:1032700048434FF47A71B0FBF1F037490860002001
:103280003449088010BD2F49103108883149097828
:1032900001F0800100294ED100F00101D1B12D498A
:1032A000097801F04001A9B12A49097801F03F01EC
:1032B0003F290AD12749098841F08001254A118018
:1032C0004FF6FF71254A118004E022490988491C04
:1032D000204A118000F0080169B31E49097801F005
:1032E000400199B11B49098841F08001194A1180B8
:1032F00014493C310988194A118012492031098842
:1033000021F400710F4A2032118014E00021114A8B
:103310001180124A11800F49098841F040010D4A7D
:1033200011800021074A24321180111F098841F4BD
:103330000071121F11800021024A10321180704763
:10334000000C01400004004030060020848121422E
:10335000008021428E0000203800002090000020D4
:1033600008B501210820FDF7C9FF4FF47040ADF802
:10337000000010208DF8030003208DF8020069463C
:103380002A48FDF799FC08BD30B589B005460C46C2
:10339000FFF7E6FF0121C802FDF7B0FF012104207D
:1033A000FDF7ACFF4FF41060ADF8200018208DF849
:1033B000230003208DF8220008A91D48FDF77CFC9E
:1033C000ADF81850ADF814400020ADF81A00ADF873
:1033D000160005A91748FEF7C9F86020ADF80400EB
:1033E0000120ADF806000020ADF80A00ADF80C0091
:1033F00001A91048FEF7F7F801A90E48FEF7CDF92C
:1034000001210C48FEF71AFC08210A48FEF73AFD94
:1034100008210848FEF755FD01210648FEF702FD88
:1034200001210448FEF7FEFB09B030BD000C01404D
:1034300000080140002C014000B587B0012108467A
:10344000FDF769FF01210420FDF758FF0320ADF8C7
:10345000000004208DF8030069466148FDF72CFC4C
:1034600004A8FEF7AFFB0020ADF810004FF6FF7088
:10347000ADF814000020ADF81600ADF8120004A954
:103480004FF08040FEF772F800231A4603214FF0F8
:103490008040FEF77AFC01A8FEF7A7FB0A20ADF8F2
:1034A0000C0001A94007FEF7F4FA01218807FEF796
:1034B0007FFE012211469007FEF7CFFB00214FF05F
:1034C0008040FEF743FE01218807FEF7ABFB07B003
:1034D00000BD00B587B001210420FDF71CFF0121CC
:1034E0000820FDF70BFFC020ADF8000004208DF888
:1034F000030069463B48FDF7DFFB04A8FEF762FBCB
:103500000020ADF810004FF6FF70ADF81400002059
:10351000ADF81600ADF8120004A93348FEF726F8FE
:1035200000231A4603213048FEF72FFC01A8FEF7BE
:103530005CFB0A20ADF80C0001A92B48FEF7A9FAA4
:1035400001212948FEF734FE012211462648FEF7E4
:1035500084FB00212448FEF7F9FD01212248FEF7F3
:1035600061FB07B000BD0146022904D003290BD03E
:10357000042919D10FE04FF08042928C10B2002242
:103580004FF080439A8411E0184A128810B200224A
:10359000164B1A800AE0144A2432128810B2002214
:1035A000114B24331A8001E0002000BF00BF704798
:1035B0000D48103000880C481030008820F00100C1
:1035C00009491031088070474FF08040008A4FF061
:1035D0008040008A20F001004FF08041088270474F
:1035E00000080140000C0140000800402404004095
:1035F00008B501210820FDF781FE4FF44070ADF8B9
:10360000000010208DF8030003208DF802006946A9
:10361000F748FDF751FB08BD10B5F548001D0068DF
:1036200020F0F000F249091D08600846006840F0EB
:10363000300008600120EF490860EF48D0F824010D
:1036400008B9002010BD0120EA49091F0860FEF7F3
:10365000E4FF0020E849C1F8A401E648803800688A
:1036600008B10020EEE70120FEF7D7FF0020E14976
:10367000091F08600120E5E710B5DD48001D00685E
:1036800020F0F000DA49091D08600846006840F0A3
:10369000300008600020D749091F0860D649C1F8EA
:1036A000A4010120FEF7B9FF0120D249091F0860DB
:1036B000D149C1F8A401FEF7B0FF10BD10B5002438
:1036C000CB48001D006820F0F000C949091D0860C2
:1036D0000846006840F0800008600120C549086085
:1036E000FEF79BFF0120C449C1F8A001FEF795FF3A
:1036F0000AE0601CC4B2322C03DDFFF7BDFF0020DE
:1037000010BD0120FEF789FFBA4880380068002804
:10371000EFD1B849091F08600120F1E710B500207A
:10372000B449091F0860B248001D006820F0F0008D
:10373000AF49091D08600846006840F03000086085
:103740000020AD49C1F8A4010120FEF766FF012069
:10375000A849091F0860FEF760FF0020A649C1F8CC
:10376000A00110BD10B50020A249091F0860A048A3
:10377000001D006820F0F0009D49091D0860084602
:10378000006840F03000086001209B49C1F8A401A6
:10379000FEF743FF01209749091F0860FEF73DFF30
:1037A00000209549C1F8A00110BD70B504469048AD
:1037B000001D006820F0F0008D49091D08600846D2
:1037C000006840F03000086000208A49091F086046
:1037D000002516E0E009874908606006040E012014
:1037E000FEF71BFF01208449C1F8A001FEF715FF79
:1037F00000208049091F08600120FEF70EFF681CA9
:10380000C5B2082DE6DB70BD2DE9F04105460E4638
:1038100017469846FFF700FF10B90120BDE8F08178
:103820006906080EFFF7C1FFFFF748FF18B9FFF759
:1038300023FF0120F2E73046FFF7B7FFFFF73EFF17
:1038400000240BE018F80400FFF7AFFFFFF736FF86
:1038500018B9FFF711FF0020E0E7641CBC42F1DB60
:10386000FFF70AFF0020D9E770B50546002460483D
:10387000001D006820F0F0005D49091D0860084641
:10388000006840F080000860002617E000205949D9
:10389000091F08600220FEF7C0FE01205649C1F84A
:1038A000A0016006040E53488038006808B1601C0F
:1038B000C4B20220FEF7B1FE701CC6B2082EE5DBD2
:1038C00015B1FFF72BFF01E0FFF74CFF204670BD5D
:1038D0002DE9F04106460F4614461D46FFF79CFEB3
:1038E00010B90120BDE8F0817106080EFFF75DFFF9
:1038F000FFF7E4FE18B9FFF7BFFE0120F2E73846F4
:10390000FFF753FFFFF7DAFEFFF786FE012101EB19
:103910004601C8B2FFF749FFFFF7D0FE0DE0012CCA
:1039200004D10020FFF7A0FF287003E00120FFF77B
:103930009BFF28706D1C601EC4B2002CEFD1FFF7F6
:103940009BFE0020CEE770B505460E460024FFF72B
:1039500063FE2846FFF729FF641CFFF7AFFE3046E1
:10396000FFF723FF641CFFF7A9FEFFF755FE691C54
:10397000C8B2FFF71AFF641CFFF7A0FE0020FFF794
:1039800073FF0446FFF778FE204670BD2DE9F04135
:103990000746884615461E460024FFF73DFE38467A
:1039A000FFF703FFFFF78AFE4046FFF7FEFEFFF733
:1039B00085FEFFF731FE791CC8B2FFF7F6FEFFF770
:1039C0007DFE00BF0DE0681EA04204D00120FFF77D
:1039D0004BFF305503E00020FFF746FF3055601CD9
:1039E000C4B2AC42EFDBFFF747FE2046BDE8F081F2
:1039F000000C0140A4812142008021422DE9F041C8
:103A000080460D4616461F460024FFF705FE404639
:103A1000FFF7CBFEFFF752FE2846FFF7C6FEFFF783
:103A20004DFE00BF06E0385DFFF7BFFEFFF746FE24
:103A3000601CC4B2B442F6DBFFF71EFE0120BDE8F5
:103A4000F08170B505460E46144631462846FFF70C
:103A50007AFF2070012070BD37B504460D4602ABD9
:103A6000012229462046FFF7C9FF3EBD2DE9F84354
:103A70000746884614461D46089E6A464146384613
:103A8000FFF7DFFF28B3601CFF2101FA00F0C4F14B
:103A900008012944491EFF220A41104300F0FF0992
:103AA000C5F1080006FA00F0C6B2C4F107000641ED
:103AB0009DF8000000EA090000909DF800003043E6
:103AC00000909DF8002041463846FFF7C5FFBDE84D
:103AD000F8830020FBE7F8B506460F4614461D465E
:103AE0006A4639463046FFF7ACFF2DB10120A040B1
:103AF0009DF80010084305E00120A0409DF800104B
:103B000021EA0000C0B200909DF8002039463046FE
:103B1000FFF7A2FFF8BD000010B586B004460121F2
:103B20000820FDF7EBFB01218804FDF7F4FB4FF4BF
:103B30008060ADF8140003208DF8160018208DF871
:103B4000170005A9EA48FDF7B7F84FF40060ADF893
:103B5000140004208DF8170005A9E548FDF7ACF81E
:103B600027208DF8000000208DF8010001208DF83D
:103B700002008DF803006846FCF7BDFC01940020AC
:103B8000ADF80800ADF80A00ADF80C00ADF8100073
:103B90000C20ADF80E0001A9D648FEF764FB012207
:103BA00040F22551D348FEF7F6FB0121D148FEF73C
:103BB000E6FB06B010BD2DE9FF5F40F22551CD4870
:103BC000FEF7CEFC002876D0CA48FEF749FCCA4969
:103BD000086008460078C9490870C7480068592835
:103BE00002D10220C6490870C3480068582802D193
:103BF0000120C3490870C04800680A2865DDBE4836
:103C000000685A2809D10020BE490870BE490870D2
:103C1000BE490870BE49087057E0B748006841289F
:103C20000AD10120B74908700020B7490870B74988
:103C30000870B749087048E0AF48006845280BD1C4
:103C40000020B04908700120AF4908700020AF493A
:103C50000870AF49087038E0A7480068422807D0CC
:103C6000A5480068432803D0A348006844280AD127
:103C70000020A4490870A4490870A44908700120D4
:103C8000A349087021E09C480068462807D09A485C
:103C90000068472803D09848006848280CD10020C5
:103CA00098490870984908700120984908700020C8
:103CB0009749087009E002E1002092490870924992
:103CC000087092490870924908708B4800680A2869
:103CD00065DA01208A4908708748006848B90020E1
:103CE00088490870884908708849087088490870B0
:103CF00055E081480068012809D1824908700020F8
:103D000081490870814908708149087047E07A4804
:103D1000006805280BD100207A49087001207A49F3
:103D200008700020794908707949087037E07248B6
:103D30000068022807D070480068032803D06E4846
:103D4000006804280AD100206E4908706E49087086
:103D50006E49087001206E49087020E066480068CE
:103D6000062807D064480068072803D06248006826
:103D700008280BD1002063490870634908700120AE
:103D80006249087000206249087008E000205D491F
:103D900008705D4908705D4908705D4908705748B2
:103DA00000787B2802D101205A49087053480078D6
:103DB0007D2802D102205749087056480078012812
:103DC0000AD14E4800785449544A127888545348CE
:103DD0000078401C514908704E48007802286ED186
:103DE0004D48C078502803D101204D49087070E03B
:103DF0004948407823286CD04848007849490870E1
:103E000034E046490978474A1278881A07F0FFF8E3
:103E1000804642460B460020434906F071F90446AD
:103E20000D4640490978491E3B4A515CA1F13000DA
:103E300007F0EDF8064622462B4607F04FF982467A
:103E40008B463A48006807F059FC52465B46CDE97C
:103E5000000106F099FECDE9020106F063FE334948
:103E6000086030480078401E2E4908702D480078C0
:103E70000428C6DA284840783038092828D2DFE8F4
:103E800000F0050A0F14191F242526002748006892
:103E9000274908601CE0254800682649086017E0AB
:103EA000224800682449086012E02048006823493D
:103EB00008600DE01D4800682149086008E015E031
:103EC0001A4800681F49086002E001E000E000BFF6
:103ED00000BF00200F490870104908701149087090
:103EE0001249086032210C4805F0E8FBBDE8FF9F4D
:103EF000000C014000480040980000209400002081
:103F000019000020150000201600002017000020D6
:103F1000180000209C0000203A0600209D00002090
:103F20003E0000209E00002000002440A000002051
:103F3000480000204C0000205000002054000020C9
:103F4000580000205C0000201FB501210846FDF745
:103F5000D5F901210420FDF7D1F94FF48050ADF8D7
:103F60000C0048208DF80F0003A91248FCF7A4FEAE
:103F70000C210020FCF7B6FF4FF480500190002088
:103F80008DF808000C208DF8090001208DF80A003A
:103F900001A8FCF7B1FD28208DF8000002208DF863
:103FA000010001208DF802008DF803006846FCF73F
:103FB000A2FA1FBD000801400146002901DA48426B
:103FC00000E00846704700B503460A46002B07DDAF
:103FD0000120FE4908600020FD49C1F8B00106E05B
:103FE0000020FA4908600120F949C1F8B0011846DB
:103FF000FFF7E2FFF7490880002A08DD0120F349B6
:10400000083108600020F249C1F8B80107E000203B
:10401000EE49083108600120ED49C1F8B8011046A9
:10402000FFF7CAFFEB490C39088000BD70B50646A2
:104030000D46E949304607F059FD0BD3E7493046B4
:1040400007F054FE06D3E6480078012802D0B5F503
:104050007A7F0DDA01240020DC49091D0860DC4963
:10406000C1F8BC01D9490860D949C1F8B00100E0E4
:104070000024204670BD00B502460B46D8480078A3
:1040800010B90020D7490860D548007801283DD1F3
:104090000A2A3BDA1846FFF78FFFD249096808441D
:1040A000D049086008460068062808DD0846006810
:1040B000B42804DA0020CC490870CC490870C948FB
:1040C0000068B4280ADDC7480068B0F5B47F05DA97
:1040D0000120C64908700020C3490870C148006823
:1040E000B0F5B47F0ADDBF480068B0F5077F05DA98
:1040F0000020BE4908700120BB490870B94800681B
:10410000B0F5077F02DD0020B649086000BD70B53C
:1041100006460C461546B248007808B9002070BD26
:10412000B348008870B9B349304607F0DFFD09D2C3
:10413000B149304607F0DAFC04D21CB915B90120A8
:10414000AB490880AA480088012819D1AB480088EB
:10415000401C80B2A9490880322803DD0020088075
:10416000A3490880032C0BDD032D09DD282C07DA79
:10417000282D05DA00209E49088008800120CEE71E
:104180000120CCE72DE9F04107460E4614461D46B6
:104190009B480088E0B92046FFF70EFF02462846FC
:1041A000FFF70AFF10441E2805DA96480088401CD5
:1041B0009449088002E000209249088091480088D4
:1041C0000A2805DD01208E49088000208D490880DD
:1041D0008B48008801281DD18B480088401C80B284
:1041E00089490880C82803DD0020088084490880A8
:1041F0008649384607F07AFD0CD28549304607F0EB
:1042000075FD07D28349304607F070FC02D20220C8
:104210007B4908807A480088022815D17E480088AA
:10422000401C80B27C490880642803DD002008809F
:10423000734908806019FFF7BFFE462804DD00209F
:104240006F490880BDE8F0810020FBE7034618466F
:10425000884200DD0846904200DA104670472DE99A
:10426000F04705466D4806686D48007801280FD173
:104270006C48007807F026FC80466B48006880F0A8
:1042800000474146384607F0D3FA6849086013E012
:104290006748007801280CD16248007807F012FCCA
:1042A000074639466048006807F0C2FA5F4908606F
:1042B00002E000205D4908605E480078012803D0D4
:1042C0005D480078012802D15C48046800E00024C1
:1042D0002146284607F03EFC8146594907F0A8FAD6
:1042E000074631465148006807F034FC814654497E
:1042F00007F09EFA8046394607F02CFA51490860CB
:104300000846006807F08AFBBDE8F0872DE9FC5FEE
:104310000446894634480078012803D033480078A1
:10432000012803D148484949086002E04848474904
:1043300008604048007801280CD13A48007807F01E
:10434000C1FB054629464148006807F071FA41491A
:10435000086016E03848007801280FD1314800780D
:1043600007F0B0FB06463948006880F0004531464A
:10437000284607F05DFA3749086002E00020354919
:1043800008601948007801281CD133480068C82803
:1043900018D931480068B0F5FA7F13D22048007868
:1043A00001280FD02248007801280BD01D48007842
:1043B00007F088FB054629462448006807F038FACC
:1043C0002449086008480078012847E0B481214268
:1043D00000802142402C0140000020C20000204209
:1043E0001A000020E40000203F00002040000020D0
:1043F000E0000020000020C100002041E200002079
:10440000D8000020DA000020DC0000200020CB468D
:104410000000A0C10000A041DE00002058000020E4
:104420001700002019000020D4000020CC0000203C
:104430001800002015000020160000205C0000205D
:104440000000C842D00000200000F041C800002059
:1044500000004842C0000020380000201AD1FE4869
:104460000068C82816D2FD480078012812D0FC4800
:10447000007801280ED0FB48007807F023FB0646A1
:10448000F948006880F000453146284607F0D0F929
:10449000F6490860F648007801281BD1EE4800680C
:1044A000B0F5E17F16D2ED480078012812D0EC4833
:1044B000007801280ED0EB48007807F003FB064691
:1044C000E948006880F000453146284607F0B0F919
:1044D000E649086004EB0901484207F0DBFAE549C8
:1044E0000860E548006807F009F90746E34AE44B2D
:1044F00006F0F4FD054606F015FBDF490860DD48CF
:10450000006807F0FBF80546DE4ADF4B06F0E6FDE3
:1045100007468846D848006807F0F0F882463A46D1
:10452000434606F031FBCDE9000106F0FBFAD24923
:10453000086008460168D548006807F00BF9D349C0
:104540000860CA480168D148006807F003F9CF49FC
:104550000860CF49CD48006807F0C8FB02D2CC48BC
:10456000CA490860CB49C948006807F0BFFA02D2BF
:10457000C848C6490860C8480168C448006807F0D0
:10458000E9FA0746C54907F053F90546BA480068F5
:1045900080F00048C2480168404607F0DBFA074651
:1045A000BE4907F045F90646294607F0DBFBBD4941
:1045B0000860BD480168BD480068FFF737FD012865
:1045C00003D0BB480078012802D10020AF49086021
:1045D000B448006807F022FABDE8FC9F2DE9FC5FB3
:1045E00004460D460021204607F0B1FB0190294604
:1045F000002007F0B7FB0090AE480168009807F074
:10460000A9FA8246A54907F013F98046AA4800682E
:1046100080F0004BA149584607F00AF982460199FB
:1046200007F098FA8146414607F09CFB074607F0E1
:10463000F5F906463046BDE8FC9F70B53220FEF71E
:104640003FFA0546012D07D19948007808B90120A5
:1046500000E0002096490870FEF7A1FA0446012CFC
:1046600007D19648007808B9012000E0002093495E
:10467000087070BD2DE9F04F87B083468A465846D2
:1046800006F0C5FC00228E4BCDE9000106F026FDA8
:10469000064600228B4B06F033FB804600228A4BF5
:1046A00006F02EFB04460022884B06F029FBCDE9DC
:1046B000020106F037FA0590059807F01FF88046CA
:1046C000834A844B06F00AFD06460022824B06F020
:1046D00005FD044606F026FA80490860504606F0BB
:1046E00096FC0022764BCDE9000106F0F7FC8046EF
:1046F0000022744B06F004FB06460022724B06F0C3
:10470000FFFA0022714BCDE9020106F0F9FA0446E6
:1047100006F008FA0490049806F0F0FF06466C4A8A
:104720006C4B06F0DBFC044600226B4B06F0D6FC1B
:10473000804606F0F7F96A49086007B0BDE8F08FD7
:104740002DE9F04F8FB0814604F0ABFA654908605F
:10475000B9F1010F1BD104F08CF96348006853498B
:1047600008606249B1F9000007F094F960490860F7
:104770005E49B1F9040007F08DF95E4908605E49B1
:10478000B1F9040007F086F95C4908609BE1442117
:10479000D020FFF7D8F883464321D020FFF7D3F885
:1047A0000BEB0020079007F075F904464621D02056
:1047B000FFF7C9F883464521D020FFF7C4F80BEB7B
:1047C0000020079007F066F980464821D020FFF7C7
:1047D000BAF883464721D020FFF7B5F80BEB00204D
:1047E000079007F057F907463C21D020FFF7ABF8B8
:1047F00083463B21D020FFF7A6F80BEB0020079063
:1048000007F048F90A903E21D020FFF79CF8834634
:104810003D21D020FFF797F80BEB0020079007F021
:1048200039F90B904021D020FFF78DF883463F21C6
:10483000D020FFF788F80BEB0020079007F02AF94B
:1048400006464FF08E41204607F050FA5BD24FF0FB
:104850008F41204654E0000038000020170000205F
:104860001800002019000020C8000020C00000200F
:1048700040000020B8000020BC000020E17A14AE07
:1048800047E1EA3F7B14AE47E17AC43FC400002011
:1048900000401C4600401CC6540000200000C842D6
:1048A00050000020B4000020280000202C00002030
:1048B0001A0000204C000020480000201B000020AF
:1048C000000069400000104000003E4000002A4007
:1048D000F1D4C853FB21094000C05040E80000203B
:1048E000EC00002024000020B8010020A4010020DA
:1048F0003000002034000020AA01002044000020E5
:1049000007F030FA04464FF08E41404607F0EEF9CA
:1049100005D24FF08F41404607F024FA80464FF011
:104920008E41384607F0E2F905D24FF08F41384604
:1049300007F018FA07464FF08E410A9807F0D6F9AB
:1049400005D24FF08F410A9807F00CFA0A904FF009
:104950008E410B9807F0CAF905D24FF08F410B98A2
:1049600007F000FA0B904FF08E41304607F0BEF989
:1049700005D24FF08F41304607F0F4F9064684F037
:104980000040B64908600A9806F0B8FEB44AB54B34
:10499000CDE9040106F0B4F9CDE9060106F0C2F84C
:1049A0000E900B9806F0AAFEAD4AAE4BCDE904017D
:1049B00006F0A6F9CDE9060106F0B4F80D903046F0
:1049C00006F09CFEA64AA74BCDE9040106F098F933
:1049D000CDE9060106F0A6F80C90204606F08EFE02
:1049E0004FF06632A04BCDE9040106F089F9CDE91C
:1049F000060106F097F88246404606F07FFE4FF02B
:104A00006632994BCDE9040106F07AF9CDE9060149
:104A100006F088F8054695480078022837D18AF0D4
:104A2000004002460190DDE90C1004F0A2FA834632
:104A300006F064FE8E4A8F4BCDE9020106F060F964
:104A400000228D4BCDE9040106F048FBCDE90601BB
:104A500006F068F8894908602A460C990E9804F017
:104A6000D5FB834606F04AFE814A824BCDE902011E
:104A700006F046F90022804BCDE9040106F02EFB3A
:104A8000CDE9060106F04EF87D49086013E077484D
:104A9000007803280FD12146099800F0E4FD80F04A
:104AA0000040764908604146089800F059FF80F0C0
:104AB0000040734908607148006872490860724894
:104AC0000760724806600FB0BDE8F08F2DE9F04135
:104AD0006F48006800287CD14FF480506D49086011
:104AE0006D48007808B9012000E000206A4908708C
:104AF0005E480078FFF724FE0220FEF734FD4442B2
:104B00000420FEF730FD454229462046FFF7B2FD5E
:104B10006248007801280BD161480078401CC0B27F
:104B20005F4908700A2803D1002008705B490870AB
:104B300059480078012822D1FEF7EBFA594908605C
:104B400059480068401C5849086058480068554951
:104B500009680844554908605348006864280BD127
:104B600008460068642190FBF1F05149086000207C
:104B70004E4908604C4908600020BDE8F081FEF70E
:104B800053FB4C48007828B94B48007810B9642092
:104B9000FDF768FF47480078012803D046480078B1
:104BA000012802D10020FDF75DFFFFF746FD2B48ED
:104BB000016834480068FFF711FD80462946204609
:104BC000FFF7A4FB074630480068FFF748FB06469E
:104BD00000E040E008EB070030443849086008EB8B
:104BE0000700801B36490860364A51423348006846
:104BF000FFF72CFB31490860324A514230480068C7
:104C0000FFF724FB2E4908602B4622461D48016809
:104C10001E480068FFF7B6FA10B101202A49087053
:104C20002A46214617480068FFF771FA10B10020A4
:104C30002549087029462046FFF71DFA1C480168DF
:104C400010480068FFF7F2F928B91D4801681B48B1
:104C50000068FFF7B8F900208FE70000300000205F
:104C60008FC2F5285C1F9A40665E8D4014000020BC
:104C7000F1D4C853FB21094000806640B8010020F0
:104C8000B40100202C00002034000020440000204B
:104C90003001214214040140B00000203D000020FA
:104CA0003C000020A4000020A8000020AC00002050
:104CB000280000203F000020400000201C000020B1
:104CC000200000200CE5FFFF1A00002038B5FE4848
:104CD0000078012805D1FDA200210846FEF7E9F879
:104CE00012E0F9480078022805D1F9A2002108460F
:104CF000FEF7DFF808E0F4480078032804D1F6A2B4
:104D000000210846FEF7D5F8F4480078012805D1BF
:104D1000F3A200214620FEF7CCF80EE0F24800781E
:104D2000012805D1F1A200214620FEF7C2F804E0D7
:104D3000F0A200214620FEF7BCF8F0A20A210020D4
:104D4000FEF7B7F80021EF48006806F0CFFE04D266
:104D5000EDA20A213020FEF7ACF80021E9480068F6
:104D600006F0C4FF04D8E9A20A213020FEF7A1F81A
:104D7000E448006806F052FE0546FFF71DF90446B8
:104D80000C20032322460A2100903820FEF747F822
:104D9000DFA214210020FEF78CF80021DE48006815
:104DA00006F0A4FE04D2D8A214212A20FEF781F82E
:104DB0000021D948006806F099FF04D8D3A2142135
:104DC0002A20FEF776F8D448006806F027FE05464C
:104DD000FFF7F2F804460C20042322461421009029
:104DE0003220FEF71CF80C200090CC48008882B2DC
:104DF000052314215220FEF712F8C9A214217220B3
:104E0000FEF757F8C7A21E210020FEF752F8C64849
:104E10000068002811DABCA21E211020FEF749F814
:104E2000C1480068FFF7C8F804460C200423224656
:104E30001E2100901A20FDF7F2FFBB4800680028F1
:104E400011DBB2A21E211020FEF733F8B64800682D
:104E5000FFF7B2F804460C20042322461E210090DE
:104E60001A20FDF7DCFF0021B048006806F03EFE86
:104E700004D2A5A21E213C20FEF71BF80021AB485E
:104E8000006806F033FF04D8A0A21E213C20FEF7E4
:104E900010F8A648006806F0C1FD0546FFF78CF83B
:104EA00004460C20042322461E2100904420FDF7D6
:104EB000B6FF9FA21E216020FDF7FBFF9EA22821C6
:104EC0000020FDF7F6FF9D480068002811DA8EA249
:104ED00028211020FDF7EDFF98480068FFF76CF8D7
:104EE00004460C2004232246282100901A20FDF7B6
:104EF00096FF92480068002811DB84A22821102028
:104F0000FDF7D7FF8D480068FFF756F804460C20E0
:104F100004232246282100901A20FDF780FF00215B
:104F20008748006806F0E2FD04D277A228213C20E1
:104F3000FDF7BFFF00218248006806F0D7FE04D8C5
:104F400072A228213C20FDF7B4FF7D48006806F0DE
:104F500065FD0546FFF730F804460C200423224681
:104F6000282100904420FDF75AFF71A228216020DB
:104F7000FDF79FFF73A232210020FDF79AFF72A276
:104F800032211E20FDF795FF6EA232214020FDF751
:104F900090FF6E480068642190FBF1F40C2002231E
:104FA0002246322100901320FDF739FF6748006840
:104FB0000A2190FBF1F090FBF1F201FB12040C20AE
:104FC00001232246322100902A20FDF728FF5F4866
:104FD00000680A2190FBF1F201FB12040C2001236E
:104FE0002246322100900846FDF719FF5848007804
:104FF00020B158A232215F20FDF75BFF54480078B2
:1050000020B955A232215F20FDF753FFFDF727FE9F
:1050100038BD2DE9F04F87B04C480068A0F57A7094
:105020004000032190FBF1FABAF1000F01DA4FF0D2
:10503000000ABAF1640F01DD4FF0640A40480068CD
:1050400006F05CFB0546454A454B06F047F8074627
:1050500005F0AEFF8146B9F1000F01DAC9F1000990
:105060003248006806F04AFB07463C4A3C4B06F0D3
:1050700035F8054605F09CFF0446002C00DA644232
:105080003848007808B9012000E000203549087050
:1050900035480078012816D13448006806F0BEFC77
:1050A00005463348006806F0B9FC064631480068FA
:1050B00006F0B4FC07463048006806F0AFFC8046B6
:1050C0002E4800685CE074E014000020444D50005D
:1050D0004B616C6D616E0000432046003F00002074
:1050E000466F6C6C6F7700004000002041766F695E
:1050F000642000004E6F726D616C0000416E676C41
:10510000650000002C0000202D0000002B00000096
:105110004779726F780000003000002038000020CE
:105120006D6D00004C0000001C000020E800002015
:105130006D6D2F7300000000520000002000002061
:10514000EC000020560000002E0000002800002087
:105150001A0000204F4646004F4E20009A99999918
:105160009999F13FF00000203E0000205C000020F3
:105170005800002054000020500000204C00002067
:1051800006F04CFC83463B48006806F047FC06905E
:105190000020CDE90250049043465A46CDE90076FE
:1051A000059035A0069904F0D9F900203A49087015
:1051B00024E03A48007860B93948006806F02EFCCF
:1051C000054653464A462146009036A004F0C6F9EB
:1051D00014E03848006806F021FC054636480068AF
:1051E00006F01CFC06463548006806F017FC07462A
:1051F0002B463246394632A004F0B0F907B0BDE87C
:10520000F08F2DE9F0413248006806F043FC074674
:10521000304906F00DFB054601212148006800F0E9
:105220006FF82D4800680A21B0FBF1F8404606F0FF
:1052300049FC0746022100F063F80321284600F0EC
:105240005FF8032000F0ABF8064600240DE000BF35
:105250002248008800F040000028F9D02048005D76
:105260001E49091D0880601CC4B2B442EFDBBDE8D2
:10527000F0810000480000207B4325643A25643A11
:1052800025643A25643A25643A25643A25643A252A
:10529000643A25647D2400003E000020F0000020D8
:1052A0002C0000207B4125643A25643A25643A2588
:1052B000647D2400BC010020B4010020B80100205E
:1052C0007B4225643A25643A25647D240000000071
:1052D000280000200000C8423800002000380140AB
:1052E0006C06002030B503461C788C545D78541C45
:1052F0000D559D78941C0D55DD78D41C0D5530BD91
:1053000013B50C460A2C00DC04B91CBD0B2C43D28F
:10531000DFE804F042060C12181E242A30363C0046
:10532000012244496846FFF7DDFF35E00522414987
:105330006846FFF7D7FF2FE009223E496846FFF78E
:10534000D1FF29E00D223B496846FFF7CBFF23E060
:10535000112238496846FFF7C5FF1DE0152235497F
:105360006846FFF7BFFF17E0192232496846FFF78A
:10537000B9FF11E01D222F496846FFF7B3FF0BE08C
:1053800021222C496846FFF7ADFF05E02522294977
:105390006846FFF7A7FF00BF00BF00BFB5E70146A3
:1053A0000A2900DC09B9002070472420214A107026
:1053B0000B293CD2DFE801F03B060B10151A1F2425
:1053C000292F350005201B4A50710620ECE70920E3
:1053D000184A50720A20E7E70D20164A50730E2033
:1053E000E2E71120134A50741220DDE71520114A1C
:1053F00050751620D8E719200E4A50761A20D3E7A8
:105400001D200C4A50771E20CEE72120094A82F841
:1054100021002220C8E72520064A82F82500262000
:10542000C2E72920034A82F829002A20BCE700208D
:10543000BAE700006C0600202DE9F05F05460C4637
:10544000FD4EFE4F4FF07C584FF00109FC480168BB
:10545000204606F087FC8346FA480168584606F065
:1054600079FB8246F8480168504606F073F9F64920
:105470000860F6484168304606F074FC8246F348FE
:105480008168504606F06EFCF1490860EF48C0683C
:1054900080F000404860ED48C06880F000408860BF
:1054A0000846C7600868E749096806F053FB82466A
:1054B000E6480168504606F04DF9E4490860E449C1
:1054C0004868E049096806F045FB8246DF484168C4
:1054D000504606F03FF9DD494860DD498868D94902
:1054E000096806F037FB8246D8488168504606F0C6
:1054F00031F9D6498860D649C868D249096806F0AA
:1055000029FB8246D148C168504606F023F9CF49AD
:10551000C860CD480168284606F024FCCD490860E3
:10552000484606F0CFFA8246C8480168504606F061
:1055300011FBC9490860484606F0C4FA8246C348D0
:105540008168504606F006FBC4490860484606F0EC
:10555000B9FA8346C0480168584606F0FBFA82460D
:10556000414606F0F7F8BE49086008460168BA48A7
:10557000006806F05DF9BB490860B9480168B748A2
:10558000006806F055F9B8490860B3480068B749A3
:105590000860484606F096FA8246AC484168504694
:1055A00006F0D8FAB2490860B0480168AD48006812
:1055B00006F0D0FA8246A5480168504606F0C7FBBF
:1055C000A2490860AA480168A648006806F0C2FA25
:1055D00082469E484168504606F0B9FB9B494860A8
:1055E000A2480168A048006806F0B4FA82469748CD
:1055F0008168504606F0ABFB944988609C4801687E
:105600009948006806F0A6FA82469048C16850465C
:1056100006F09DFB8D49C8608E480168914800687E
:1056200006F098FA824688480168504606F092F8DB
:1056300085490860874801688B48006806F08AFA47
:1056400082467F480168504606F084F87C4908602D
:1056500008460168204606F085FB864908607A48BE
:105660000068BDE8F09F2DE9F05F05460C46824ECC
:1056700074480168204606F06DFA83467F48016849
:10568000584606F067F8804631464FF07E5006F0E7
:1056900069FB8246414606F05DFA074631462846D8
:1056A00006F058FA8146394606F054F87349086006
:1056B00008460068BDE8F09F2DE9F05F05460C46FE
:1056C0005D4E5E4F4FF07C584FF001096C48016809
:1056D000204606F047FB83465A480168584606F0C4
:1056E00039FA824667480168504606F033F8654942
:1056F000086065484168304606F034FB82466248DF
:105700008168504606F02EFB604908605E48C0681C
:1057100080F0004048605C48C06880F000408860CD
:105720000846C76008684749096806F013FA8246C8
:1057300055480168504606F00DF853490860534932
:1057400048684049096806F005FA82464E484168B3
:10575000504605F0FFFF4C4948604C49886839497C
:10576000096806F0F7F9824647488168504605F017
:10577000F1FF454988604549C8683249096806F023
:10578000E9F982464048C168504605F0E3FF3E49CA
:10579000C8603C480168284606F0E4FA3C490860C5
:1057A000484606F08FF9824637480168504606F0B1
:1057B000D1F938490860484606F084F982463248F3
:1057C0008168504606F0C6F933490860484606F03D
:1057D00079F983462F480168584606F0BBF982469E
:1057E000414605F0B7FF2D49086008460168294881
:1057F000006806F01DF82A49086028480168264814
:10580000006806F015F82749086022480068264914
:105810000860484606F056F982461B4841685046E3
:1058200006F098F9214908601F4801681C48006883
:1058300006F090F982463BE06F12833AA69B443B08
:1058400000010020F4000020FC00002024010020C2
:105850009806002004010020080100200C0100200F
:105860001001002014010020180100201C0100205C
:1058700020010020F80000200AD7A33C34010020BA
:10588000400100203C01002064010020A806002007
:1058900044010020480100204C010020500100205C
:1058A00054010020580100205C010020600100200C
:1058B00040480168504606F04AFA3E4908603E48B2
:1058C00001683E48006806F045F98246394841685B
:1058D000504606F03CFA3749486039480168394873
:1058E000006806F037F9824632488168504606F073
:1058F0002EFA30498860304801683248006806F066
:1059000029F982462B48C168504606F020FA2949F9
:10591000C8602D4801682948006806F01BF98246D6
:105920002A480168504605F015FF284908602648B6
:1059300001682448006806F00DF982462448016891
:10594000504605F007FF22490860084601682046D6
:1059500006F008FA1F4908601C480068BDE8F09F7F
:105960002DE9F05F05460C461B4E1C480168204699
:1059700006F0F0F883461A480168584605F0EAFE3A
:10598000804631464FF07E5006F0ECF982464146A3
:1059900006F0E0F807463146284606F0DBF8814677
:1059A000394605F0D7FE0E49086008460068BDE894
:1059B000F09F0000640100206001002054010020DD
:1059C0005C01002058010020440100203C0100201F
:1059D00040010020380100200AD7A33CF400002039
:1059E0007401002038B50446FB4890F82400C0B18B
:1059F00014B10220009001E000200090F64A1268E5
:105A0000D17BF54A526810786B460122FDF7FCFE07
:105A100010B14FF0FF3038BD9DF80010EE484174D2
:105A200023E0ED48807A10B94FF0FF30F3E724B15E
:105A3000E948407C08B10020EDE714B10120009056
:105A400001E000200090E44A1268D17BE24A5268EB
:105A500010786B460122FDF7D7FE10B14FF0FF30F2
:105A6000D9E79DF80010DC4841740020D3E738B531
:105A7000002419E0D8480068C07AA04204D0D64873
:105A80000068407DA04200D10CE0D3494968087805
:105A90006B4601222146FDF71BFF10B14FF0FF308E
:105AA00038BD00BF601CC4B2CB4840680079A0423A
:105AB000E0DC0020F4E770B504460D46C6480068F7
:105AC000C07AA04204D0C4480068407DA04202D100
:105AD0004FF0FF3070BDC04840680079A04202DC42
:105AE0004FF0FF30F6E7BC49496808782B460122A1
:105AF0002146FDF7EDFEEDE738B50446B64890F8CF
:105B00002300A04201D1002038BD14B13020009004
:105B100001E000200090B048807C20B19DF800009A
:105B200040F002000090AC4890F8220020B19DF8AF
:105B3000000040F080000090A74A1268117DA64A3C
:105B4000526810786B460122FDF75EFE10B14FF0EF
:105B5000FF30D9E7A04880F823400020D4E738B5CB
:105B6000044604F0700010B10120009005E014B16B
:105B70000020009001E040200090974A1268917C3C
:105B8000954A526810786B460122FDF73DFE20B120
:105B9000002191488172481E38BD9DF8000020F018
:105BA00040018D4801730020009004F0400020B9AE
:105BB0009DF8000040F00400009004F0200020B99F
:105BC0009DF8000040F00200009004F0100020B9A1
:105BD0009DF8000040F00100009004F0080020B99A
:105BE0009DF8000040F0380000907B4A1268D17C9C
:105BF000794A526810786B460122FDF705FE20B104
:105C0000002175488172481EC6E724B1082C02D0D5
:105C10000020FFF771FF7048847200210175322067
:105C2000FCF71FFD0020B7E738B504466A48807CC2
:105C3000A04201D1002038BD002C46D0664A12682F
:105C40001179654A526810786B460122FDF740FED3
:105C500010B14FF0FF30EEE79DF8000020F020007B
:105C600000905D4A126811795B4A526810786B4661
:105C70000122FDF7C9FD10B14FF0FF30DBE7032033
:105C8000FCF7EFFC02200090534890F8220020B16E
:105C90009DF8000040F0800000904F4890F82300ED
:105CA00020B19DF8000040F0300000904A4A126890
:105CB000117D494A526810786B460122FDF7A4FD18
:105CC000002851D04FF0FF30B5E7434A12681179F0
:105CD000414A526810786B460122FDF7F9FD10B178
:105CE0004FF0FF30A7E73C48807A00F0010028B170
:105CF0009DF8000040F02000009004E09DF80000B6
:105D000020F020000090344A12681179324A52681B
:105D100010786B460122FDF777FD10B14FF0FF3090
:105D200089E70320FCF79DFC2B4890F8220010B176
:105D30008020009001E000200090274890F8230088
:105D400020B19DF8000040F030000090224A126817
:105D5000117D214A526810786B460122FDF754FDEF
:105D600010B14FF0FF3066E71B488474002062E7F3
:105D700008B51948807A10B94FF0FF3008BD0020EF
:105D80000090154A1268D17B134A526810786B460E
:105D90000122FDF739FD10B14FF0FF30EEE70E4A5A
:105DA000126851790C4A526810786B460122FDF74F
:105DB0002BFD10B14FF0FF30E0E7074A1268117970
:105DC000054A526810786B460122FDF71DFD28B187
:105DD0004FF0FF30D2E7000078010020F74890F83C
:105DE0002400002850D00C200090F44A1268117949
:105DF000F24A526810786B460122FDF705FD10B19A
:105E00004FF0FF30BAE7C0200090EC48807A00F0F5
:105E1000010020B19DF8000040F020000090E74A0A
:105E200012681179E54A526810786B460122FDF735
:105E3000EBFC10B14FF0FF30A0E7E048407C10B120
:105E40000220009001E000200090DC4A1268D17B23
:105E5000DA4A526810786B460122FDF7D5FC10B182
:105E60004FF0FF308AE700200090D44A1268517941
:105E7000D24A526810786B460122FDF7C5FC002813
:105E800052D04FF0FF3079E704200090CB4A1268DF
:105E90001179CA4A526810786B460122FDF7B4FCAA
:105EA00010B14FF0FF3069E7C448807C20B9C34887
:105EB000807A00F0010010B94020009001E06020DD
:105EC0000090BE4A12681179BC4A526810786B463D
:105ED0000122FDF799FC10B14FF0FF304EE7B748B3
:105EE000407C10B10120009001E000200090B34AF6
:105EF0001268D17BB14A526810786B460122FDF7D7
:105F000083FC10B14FF0FF3038E7AC4A126851798A
:105F1000AA4A52681078A94B10330122FDF774FC8D
:105F200010B14FF0FF3029E7002027E770B5044695
:105F3000002624F00104A14890F8240008B10020B4
:105F400070BD9E48807A10B94FF0FF30F8E79B484B
:105F5000057C807A2040994908740846007CA0425C
:105F600002D04FF0FF3600E0002614B99348007DC0
:105F700018B10120FFF736FD02E00020FFF732FDE7
:105F80003CB1FFF7F5FE20B18C4805744FF0FF30AF
:105F9000D6E73046D4E738B504468848807A10B949
:105FA0004FF0FF3038BDBC2C02DB0120009015E023
:105FB000622C02DB0220009010E02A2C02DB03207E
:105FC00000900BE0142C02DB0420009006E00A2C69
:105FD00002DB0520009001E0062000907748C07A9F
:105FE0009DF80010884201D10020DBE7734A126857
:105FF0009178724A526810786B460122FDF704FCD2
:1060000010B14FF0FF30CDE79DF800106B48C17222
:106010000020C7E738B50446282C02DD4FF0FF30DA
:1060200038BDDCB90020FFF767FD00208DF80000C7
:1060300007208DF80100614A1268917C5F4A52681E
:1060400010786B460222FDF7DFFB10B14FF0FF30F6
:10605000E6E70021594801750020E1E70120FFF73C
:106060004BFD20208DF80000012C06D100208DF87A
:1060700001000520FFF78FFF17E0052C06DC01204B
:106080008DF801000520FFF786FF0EE0142C06DCDA
:1060900002208DF801000A20FFF77DFF05E00320B4
:1060A0008DF801001420FFF776FF9DF8010007210D
:1060B00001EB8010C0B28DF80100404A1268917C5B
:1060C0003E4A526810786B460222FDF79DFB10B1E4
:1060D0004FF0FF30A4E70821384881720021017396
:1060E000012101750020FFF721FF002098E738B556
:1060F00004463248807A10B94FF0FF3038BD2F483F
:1061000090F8240010B14FF0FF30F7E72B48007DE6
:1061100050B134B1282C04DCE0B2FFF77BFF002043
:10612000ECE70020FFF776FF042C01DA042404E0FA
:10613000B4F57A7F01DD4FF47A744FF47A7090FBF6
:10614000F4F0401EC0B200901C4A126851781B4AFD
:10615000526810786B460122FDF756FB10B14FF0E4
:10616000FF30CBE79DF80000401C4FF47A7191FBA3
:10617000F0F081B21148C1810146C9894810FFF78A
:106180000AFF0020BAE738B504460C48807A10B9F7
:106190004FF0FF3038BD022C06D0042C07D0082C5D
:1061A00008D0102C0FD10BE0002000900EE008204A
:1061B00000900BE01020009008E000007801002023
:1061C0001820009002E04FF0FF30E3E700BFF948ED
:1061D000407A9DF80010B0EBE10F01D10020D9E723
:1061E000F44A1268D179F34A526810786B4601225A
:1061F000FDF70AFB10B14FF0FF30CBE79DF8000030
:10620000C110EC4841720020C4E738B50446E948A3
:10621000807A10B94FF0FF3038BDFA2C09D0B4F5B0
:10622000FA7F09D0B4F57A7F09D0B4F5FA6F0CD1B2
:1062300008E0002000900BE00820009008E010200B
:10624000009005E01820009002E04FF0FF30E3E7F7
:1062500000BFD848007A9DF80010B0EBE10F01D1E3
:106260000020D9E7D34A12689179D24A526810784F
:106270006B460122FDF7C8FA10B14FF0FF30CBE7B3
:106280009DF80000C010CB4908720020C4E71CB57F
:1062900080208DF80000C74A1268917CC54A526878
:1062A00010786B460122FDF7AFFA10B14FF0FF30C6
:1062B0001CBD6420FCF7D5F900208DF80000BD4A14
:1062C0001268917CBB4A526810786B460122FDF738
:1062D0009BFA10B14FF0FF30EAE7B64A1268917DA1
:1062E000B44A526810786B460622FDF7F1FA10B1F5
:1062F0004FF0FF30DCE79DF80500C007400F9DF828
:10630000031001F0010140EA41009DF8011001F085
:10631000010140EA010494B1012C03D10121A548F7
:10632000C17431E0022C03D10021A248C1742BE0DA
:106330002146A1A003F012F94FF0FF30B8E79D4AC3
:106340001268D1789B4A526810786B460122FDF79B
:10635000BFFA10B14FF0FF30AAE79DF8000000F03F
:106360000F042CB99E4803F0F9F84FF0FF309FE777
:10637000042C06D19BA003F0F1F801218D48C174D3
:1063800002E000218B48C174FF218A488172FF20FE
:1063900088490872FF2187484172C1724FF6FF7128
:1063A000C181FF21017481740121017380F82210E1
:1063B000002180F82310417501751630016041609D
:1063C0008160163880F8241080F82510C1844FF4BD
:1063D000FA60FFF71AFF10B14FF0FF3068E70220B4
:1063E000FFF7D1FE10B14FF0FF3061E72A20FFF731
:1063F000D2FD10B14FF0FF305AE73220FFF777FEA1
:1064000010B14FF0FF3053E70020FFF78FFD10B1C0
:106410004FF0FF304CE70020FFF706FC10B14FF0C3
:10642000FF3045E70020FFF79AFB002040E7704768
:106430007CB504460D465F48807A00F0700010B9C4
:106440004FF0FF307CBD5B4A1268117B594A52689D
:1064500010786B460622FDF73BFA10B14FF0FF3083
:10646000F0E79DF801009DF8001040EA012000B21D
:1064700020809DF803009DF8021040EA012000B240
:1064800060809DF805009DF8041040EA012000B2EC
:10649000A08015B12846FFF7CAFF0020D2E77CB5DF
:1064A00004460D464348807A00F0080010B94FF0CA
:1064B000FF307CBD3F4A1268517B3E4A52681078DB
:1064C0006B460622FDF704FA10B14FF0FF30F0E7FB
:1064D0009DF801009DF8001040EA012000B22080E4
:1064E0009DF803009DF8021040EA012000B2608090
:1064F0009DF805009DF8041040EA012000B2A0803C
:1065000015B12846FFF793FF0020D2E72DE9FE4F93
:1065100005460C462748807A18B94FF0FF30BDE891
:10652000FE8F244A1268917B224A5268107802AB8F
:106530000222FDF7CDF910B14FF0FF30EFE79DF8E3
:1065400009009DF8081040EA012006B214B1204667
:10655000FFF76DFF17494968C88805F0B3FA154978
:1065600001904968B1F9080005F094FA8346304675
:1065700005F090FA5946009005F0F4FB8246019927
:1065800005F056F981461F4905F0E4F880464FF0C2
:106590008F4105F0DFFA074605F040FA2860002039
:1065A000BDE710B588B004461CB94FF0FF3008B005
:1065B00010BD29E078010020556E737570706F7200
:1065C00074656420736F6674776172652070726F92
:1065D00064756374207265762025642E0A000000BD
:1065E00020D8000848616C662073656E7369746911
:1065F00076697479207061727420666F756E642E8E
:106600000D0A000000000C42206830B9606820B913
:10661000A06810B9002008B010BDFA494968087890
:1066200006AB03221146FDF753F910B14FF0FF30CE
:10663000F1E79DF81800082101EB201000F00F0091
:10664000ADF800009DF8190001EB201000F00F00DC
:10665000ADF802009DF81A0001EB201000F00F00C9
:10666000ADF8040020684100BDF90000403091FB06
:10667000F0F000B2ADF8100060684100BDF9020012
:10668000403091FBF0F000B2ADF81200A06841007C
:10669000BDF90400403091FBF0F000B2ADF81400F9
:1066A000D8494968087806AB06221146FDF710F96B
:1066B00010B14FF0FF30AEE79DF819009DF81810AB
:1066C00040EA012000B2ADF808009DF81B009DF8DB
:1066D0001A1040EA012000B2ADF80A009DF81D0032
:1066E0009DF81C1040EA012000B2ADF80C00BDF886
:1066F0001000BDF80810084400B2ADF81000BDF855
:106700001200BDF80A10084400B2ADF81200BDF83E
:106710001400BDF80C10084400B2ADF81400BDF828
:106720001000000A8DF81800BDF81000C0B28DF8F6
:106730001900BDF81200000A8DF81A00BDF8120009
:10674000C0B28DF81B00BDF81400000A8DF81C00C3
:10675000BDF81400C0B28DF81D00AA494968087838
:1067600006AB06221146FDF74FF810B14FF0FF308F
:1067700051E700204FE70146A248007A30B10128D6
:1067800007D0022809D003280FD10AE0FA20088098
:106790000EE04FF4FA7008800AE04FF47A70088037
:1067A00006E04FF4FA60088002E00020088000BF95
:1067B00000BF0020704701469248407A30B101285E
:1067C00007D0022808D003280CD108E00220087066
:1067D0000BE00420087008E00820087005E0102095
:1067E000087002E04FF0FF30704700BF8548C07C62
:1067F00018B108784006000E08700020F4E7014642
:106800008048C07A082817D2DFE800F01704070A8A
:106810000D101318BC20088013E06220088010E0DF
:106820002A2008800DE0142008800AE00A20088051
:1068300007E00520088004E000BF00BF00200880BA
:1068400000BF00BF0020704701466E4890F824004A
:1068500010B14FF0FF3070476A48C08908800020AF
:10686000F9E7014600200880401E704701464FF0BE
:10687000FF30704701466348007A30B1012807D0E5
:10688000022808D003280CD108E05F4808600BE01C
:106890005E48086008E05E48086005E05D48086002
:1068A00002E04FF0FF30704700BF0020FBE70146D9
:1068B0005448407A30B1012808D002280AD0032871
:1068C00010D10BE04FF4804008800EE041F69C7040
:1068D00008800AE04FF48050088006E04FF4006022
:1068E000088002E04FF0FF30704700BF4548C07C91
:1068F00010B10888401008800020F5E701464148A3
:10690000007C08700020704701463E48807A10B134
:106910000120087001E0002008700020704738B5A1
:1069200004463848807A10B94FF0FF3038BD354AF8
:106930001268117C334A526810786B460222FCF7C9
:10694000C7FF10B14FF0FF30F0E79DF801009DF850
:10695000001040EA012000B220800020E6E72DE987
:10696000FE4F0746884692461D46DDF830B00026A9
:106970000024244890F8240010B1601EBDE8FE8F6A
:10698000002028701F48807A10B94FF0FF30F5E7DB
:106990001C48007C10B94FF0FF30EFE71948007C2D
:1069A00000F0400008B1B01CC6B21648007C00F0F0
:1069B000200008B1B01CC6B21248007C00F01000E4
:1069C00008B1B01CC6B20F48007C00F0080008B146
:1069D000B01DC6B20B4A1268917A0A4A5268107802
:1069E0006B460222FCF774FF10B14FF0FF30C5E791
:1069F0009DF801009DF8001040EA0129B1450BDA2D
:106A00000020BBE778010020000003430000834220
:106A10003333034233338341FC4840684088B9EB49
:106A2000600F17DDF94A1268517CF84A52681078F5
:106A30006B460122FCF74CFF10B14FF0FF309DE791
:106A40009DF8000000F0100020B1FFF791F96FF001
:106A5000010093E75046FFF7EAFCEC4A1268D17A4E
:106A6000EA4A526810786B463246FCF731FF10B1A3
:106A70004FF0FF3082E799FBF6F0401E8BF80000E4
:106A800000202870B4422AD0E048007C00F00800C2
:106A900028B3601C1DF800001DF8041040EA012016
:106AA00000B2A8F80000E01C1DF80010A01C1DF8A2
:106AB000000041EA002000B2A8F80200601D1DF8A5
:106AC0000010201D1DF8000041EA002000B2A8F8C7
:106AD0000400287840F008002870A01D84B2B44259
:106AE00013D0CA48007C00F0400070B1601C1DF853
:106AF00000001DF8041040EA012000B23880287818
:106B000040F040002870A01C84B2B44213D0BF48AB
:106B1000007C00F0200070B1601C1DF800001DF822
:106B2000041040EA012000B27880287840F020006C
:106B30002870A01C84B2B44213D0B448007C00F08A
:106B4000100070B1601C1DF800001DF8041040EA30
:106B5000012000B2B880287840F010002870A01CF6
:106B600084B200200AE7F8B504460F461646A74847
:106B700090F8240010B94FF0FF30F8BDA348807A98
:106B800010B94FF0FF30F8E7A04A1268917A9F4A97
:106B9000526810786B460222FCF79AFE10B14FF053
:106BA000FF30EAE79DF801009DF8001040EA01255A
:106BB000A54203DA00203070401EDEE793484068AB
:106BC0004088B5EB600F17DD904A1268517C8F4A00
:106BD000526810786B460122FCF77AFE10B14FF034
:106BE000FF30CAE79DF8000000F0100020B1FFF769
:106BF000BFF86FF00100C0E7E2B2844B1B68D97A9E
:106C0000824B5B6818783B46FCF762FE10B14FF090
:106C1000FF30B2E795FBF4F0401E30700020ACE787
:106C200001467A4880F82210002070477CB505465E
:106C300076494968087801AB04220D21FCF748FE2B
:106C400008B107207CBD9DF80700C0F301109DF836
:106C5000041001F0E00140EAE1008DF800009DF829
:106C60000700C0F381009DF8051001F0E00140EA43
:106C7000E1008DF801009DF8070000F003009DF889
:106C8000061001F0E00140EAE1008DF80200002466
:106C90001CE01DF8040018B9002045F8240013E09A
:106CA0005B4845F8240006E055F82400594904F0F3
:106CB00051FF45F824001DF80400401EC0B20DF835
:106CC00004000028F0D100BF601CC4B2032CE0DB3C
:106CD0000020B7E72DE9FE4F06460F46002568461F
:106CE000FFF7A4FF002442E056F8240057F82410D0
:106CF000A0EB010ABAF1000F01DB514601E0CAF135
:106D00000001084604F0C6FE83464FF08F4104F0B0
:106D10008FFD80465DF82400002104F04BFE16D064
:106D20005DF82410404604F083FD82464FF07E510A
:106D300005F018F8814629F0004A3748416A504664
:106D400004F0D4FF12D20120A04005430EE03248E7
:106D5000C169404604F0CAFE05D32F48016A404687
:106D600004F0C4FF02D20120A0400543641C032CA0
:106D7000BADB2846BDE8FE8F2DE9FC5F06460F46CC
:106D8000002522494968087801AB03220D21FCF750
:106D90009FFD10B10720BDE8FC9F9DF8040000F0A6
:106DA0001F008DF804009DF8050000F01F008DF80D
:106DB00005009DF8060000F01F008DF80600002475
:106DC00062E056F8240057F82410A0EB010BBBF149
:106DD000000F01DB594601E0CBF10001084604F049
:106DE00059FE4FF08F41009004F022FD814601A82A
:106DF000005DC0B30849086804F064FE8346594644
:106E0000064804F015FD80460FE0000078010020E0
:106E10007B14AE3E1D5A843FCCC9000800B04C45DF
:106E2000FE49404604F096FE804601A8005D401EE3
:106E3000C0B201A908550028F2D14146484604F0E5
:106E4000F7FC83464FF07E5104F08CFF82462AF017
:106E5000004BF3488169584604F048FF13D20120E3
:106E6000A04005430FE0FFE7ED480169484604F004
:106E70003DFE05D3EA484169484604F037FF02D297
:106E80000120A0400543641C032C9ADB284682E7BE
:106E90002DE9F04F87B005460C46914601208DF84C
:106EA000100000208DF81100DE4A1268917CDD4A46
:106EB0005268107804AB0222FCF7A6FC20B14FF018
:106EC000FF3007B0BDE8F08FC820FBF7CAFB0020F9
:106ED0008DF81000D34A1268D17BD24A52681078DC
:106EE00004AB0122FCF790FC10B14FF0FF30E8E753
:106EF000CC4A12685179CB4A5268107804AB01220F
:106F0000FCF782FC10B14FF0FF30DAE7C54A126897
:106F1000917CC44A5268107804AB0122FCF774FCDF
:106F200010B14FF0FF30CCE7BE4A1268D17DBD4AA8
:106F30005268107804AB0122FCF766FC10B14FF0E8
:106F4000FF30BEE7B74A12681179B64A5268107826
:106F500004AB0122FCF758FC10B14FF0FF30B0E752
:106F60000C208DF81000AF4A12681179AD4A5268B2
:106F7000107804AB0122FCF747FC10B14FF0FF3052
:106F80009FE70F20FBF76DFBA648806A407A8DF8DB
:106F90001000A44A12689178A24A5268107804AB93
:106FA0000122FCF731FC10B14FF0FF3089E79D481A
:106FB000806A007A8DF810009A4A12685178994ACE
:106FC0005268107804AB0122FCF71EFC10B14FF0A0
:106FD000FF3076E7B9F1000F07D09248806A807AD7
:106FE00040F0E0008DF8100004E08E48806A807A5E
:106FF0008DF810008B4A126891798A4A526810788D
:1070000004AB0122FCF700FC10B14FF0FF3058E751
:10701000B9F1000F07D08348806AC07A40F0E000E1
:107020008DF8100003E07E48C07A8DF810007D4A8C
:107030001268D1797B4A5268107804AB0122FCF7C0
:10704000E3FB10B14FF0FF303BE7B9F1000F02D086
:10705000C820FBF706FB40208DF81000714A12682B
:107060001179704A5268107804AB0122FCF7CCFB0E
:1070700010B14FF0FF3024E778208DF81000694AF6
:1070800012685179674A5268107804AB0122FCF704
:10709000BBFB10B14FF0FF3013E761498889FBF764
:1070A000E0FA00208DF810005E4A126851795D4ABE
:1070B0005268107804AB0122FCF7A6FB10B14FF028
:1070C000FF30FEE6574A1268917A564A52681078A5
:1070D00004AB0222FCF7FCFB10B14FF0FF30F0E6EE
:1070E0009DF811009DF8101040EA012B0C209BFB2D
:1070F000F0F0C6B20020A86068602860A060606000
:107100002060824665E0474A1268D17A454A526853
:10711000107804AB0C22FCF7DBFB10B14FF0FF3012
:10712000CFE69DF811009DF8101040EA012000B252
:10713000ADF808009DF813009DF8121040EA0120F8
:1071400000B2ADF80A009DF815009DF8141040EA51
:10715000012000B2ADF80C00BDF908102068084409
:107160002060BDF90A10606808446060BDF90C1029
:10717000A0680844A0609DF817009DF8161040EA2A
:10718000012000B2ADF800009DF819009DF818101C
:1071900040EA012000B2ADF802009DF81B009DF806
:1071A0001A1040EA012000B2ADF80400BDF9001049
:1071B000286808442860BDF90210686808446860BF
:1071C000BDF90410A8680844A8600AF1010000F0A5
:1071D000FF0AB24597DB1248D0F800C02868C117F3
:1071E000090441EA1041070462460023384602F0D0
:1071F00090F932460023CDE9020102F08AF92860B5
:107200000748D0F800C06868C117090441EA104176
:10721000070462460023384606E0000054E3853F39
:10722000CCC900087801002002F073F9324600232F
:10723000CDE9020102F06DF96860FE48D0F800C0A7
:10724000A868C117090441EA1041070462460023F7
:10725000384602F05EF932460023CDE9020102F021
:1072600058F9A860F348D0F804C02168C817000492
:1072700040EA11480F04624600233846414602F0B6
:1072800048F932460023CDE9020102F042F92060BC
:10729000E848D0F804C06068C117090441EA104109
:1072A000070462460023384602F033F932460023D1
:1072B000CDE9020102F02DF96060DE48D0F804C08B
:1072C000A068C117090441EA10410704624600237F
:1072D000384602F01EF932460023CDE9020102F0E1
:1072E00018F9A060A068002804DDA068A0F580302F
:1072F000A06003E0A06800F58030A0600020E0E519
:1073000038B50446CC4890F82400A04201D10020B2
:1073100038BD24B3C84890F8250010B94FF0FF30AD
:10732000F6E70020FEF75EFB0020FEF77DFCC24979
:10733000C88CFEF7DCFE00200090BF494968087841
:107340006B4601222321FCF75FFA0121BA4880F83D
:1073500024100120FEF746FBFEF70AFD13E0002093
:10736000FEF740FBB448007C0090B34949680878B8
:107370006B4601222321FCF747FA0021AE4880F832
:107380002410FEF7F5FC0020C2E72DE9F04F8DB088
:1073900083460F4602200C90A74890F8240020B1A5
:1073A0000020FFF7ADFF012600E0002603A8FFF74D
:1073B000E2F905A8FFF7FFF901A8FFF720FA02A8F4
:1073C000FFF742FA9C4890F80AA004A8FFF796FA43
:1073D000002407E0002239465846FFF759FD00B95E
:1073E00002E0641C022CF5DB00BF022C01D1002559
:1073F00028E0002407E0012206A909A8FFF748FDBC
:1074000000B902E0641C022CF5DB00BF022C01D1A4
:10741000002517E006A93846FFF75CFC00F0FF08DE
:1074200009A95846FFF7A8FC00F0FF090025B9F1AB
:10743000000F01D145F00105B8F1000F01D145F071
:10744000020500BFFF207C490872FF217A48417283
:10745000C1724FF6FF71C181FF2181720174012158
:107460000173BDF80C00FEF7D0FE9DF81400FEF786
:107470008AFEBDF80400FEF78EFDBDF80800FEF799
:1074800036FE5046FEF76BFB9DF81000FEF74EFDF2
:1074900016B10120FFF734FF28460DB0BDE8F08F8C
:1074A000F8B504460D46164616B94FF0FF30F8BD44
:1074B0006148807A10B94FF0FF30F8E720128DF85C
:1074C0000000E0B28DF801009DF8010028445A49FF
:1074D00049684989884202DD4FF0FF30E7E7564AA4
:1074E0001268117E544A526810786B460222FCF7EB
:1074F0008BF910B14FF0FF30D9E7EAB24E4B1B6861
:10750000597D4D4B5B6818783346FCF77DF910B117
:107510004FF0FF30CBE70020C9E7F8B504460D4631
:10752000164616B94FF0FF30F8BD4348807A10B9BF
:107530004FF0FF30F8E720128DF80000E0B28DF830
:1075400001009DF8010028443B4949684989884267
:1075500002DD4FF0FF30E7E7374A1268117E364A06
:10756000526810786B460222FCF74EF910B14FF0CA
:10757000FF30D9E7EAB2304B1B68597D2E4B5B6870
:1075800018783346FCF7A4F910B14FF0FF30CBE781
:107590000020C9E72DE9F04385B005460E46904628
:1075A0009946254890F8250020B14FF0FF3005B0EE
:1075B000BDE8F08316B94FF0FF30F8E7002423E070
:1075C000281B102801DD102000E0281B87B232198B
:1075D00039462046FFF764FF10B14FF0FF30E6E771
:1075E00001AA39462046FFF798FF10B14FF0FF304F
:1075F000DDE730193A4601A902F02CF810B16FF01E
:107600000100D4E7E01984B2AC42D9DB4FEA28206C
:107610008DF8000008F0FF008DF80100064A12689E
:10762000917E054A526810786B460222FCF7ECF80E
:1076300038B103E0CCC90008780100204FF0FF30DA
:10764000B5E701218A4880F82510A0F8269000208F
:10765000ADE70146864890F8240008700020704786
:1076600002464FF0FF30704701464FF0FF30704741
:10767000F8B505460F461446002C70D0B5F5FF5FEF
:1076800001DDFF2605E0202D01DA012601E0C5F32A
:10769000471607B90127282C02DD4FF0FF30F8BD4F
:1076A0007348407D28BB724890F8240038B1002010
:1076B000FFF726FE01216E4880F8201003E000212C
:1076C0006B4880F820106A481630FFF754F8684875
:1076D0001830FFF770F866481A30FFF790F86448E2
:1076E0001C30FFF7B1F86248817A81771F30FFF7CD
:1076F00005F90020FEF776F90020FEF78BFC00204C
:107700008DF800005A4A12689178594A52681078E8
:107710006B460122FCF778F810B14FF0FF30BEE75E
:1077200040208DF80000524A1268D17B504A5268BE
:1077300010786B460122FCF767F800B165E08DF820
:1077400000608DF801704A4A1268117A484A5268FE
:1077500010786B460222FCF757F808B155E047E075
:107760000520FAF77EFF4248407A072101EBC0006E
:10777000C0B28DF800003E4A1268D1793C4A526886
:1077800010786B460122FCF73FF800B13DE0202065
:107790008DF80000012C03D100208DF801000EE0CF
:1077A000052C03DC01208DF8010008E0142C03DC1B
:1077B00002208DF8010002E003208DF801009DF801
:1077C0000100072101EB8010C0B28DF80100284AAA
:1077D0001268917C264A526810786B460222FCF7A8
:1077E00013F800B111E0012121484175002056E74E
:1077F0001F4A1632002103E0505C00B105E0491C2D
:107800000C29F9D34FF0FF3049E7FF2018490872DF
:10781000FF2117484172C1724FF6FF71C181FF21EC
:1078200081720174012101730146887FFEF797F987
:107830000F49C88AFEF7E9FC0D49087EFEF7A3FC54
:107840000B49488BFEF7A7FB0949888BFEF74FFCD5
:107850000749C87FFEF76AFB054890F8200010B181
:107860000120FFF74DFD002101484175002016E77A
:107870007801002010B5C8234FF48062F74940F624
:10788000F630FFF787FE10BD10B586B00446F4A0B1
:1078900000680390F3A000680290F3A000680190D4
:1078A000F2A00068009004F0030003A9085C8DF8C2
:1078B000140003A8C4F3C101405C8DF8150003A8AF
:1078C000C4F38111405C8DF8160004F0030002A996
:1078D000085C8DF8100002A8C4F3C101405C8DF86B
:1078E000110002A8C4F38111405C8DF8120005AAB2
:1078F000032140F22640FFF7D3FD18B14FF0FF30CF
:1079000006B010BD04AA032140F22A40FFF7C8FDCB
:1079100010B14FF0FF30F3E7019805900098049004
:1079200004F0040058B19DF8140040F001008DF8F7
:1079300014009DF8100040F001008DF8100004F0D4
:10794000200058B19DF8150040F001008DF8150099
:107950009DF8110040F001008DF8110004F48070D2
:1079600058B19DF8160040F001008DF816009DF802
:10797000120040F001008DF8120005AA03214FF417
:107980008860FFF78DFD10B14FF0FF30B8E704AA13
:10799000032140F23140FFF783FD10B14FF0FF307B
:1079A000AEE7B34804810020AAE71FB50446B048FB
:1079B000007A00F0030054F820000190AC48007AEF
:1079C00000F0040010B1019840420190A848007AEC
:1079D000C0F3C10054F820000290A548007A00F0DE
:1079E000200010B1029840420290A148007AC0F3F2
:1079F000811054F8200003909D48008900F48070A5
:107A000010B10398404203909A49019880FB01010C
:107A1000800F40EA810001909649029880FB011096
:107A2000820042EA917002909249039880FB011013
:107A3000820042EA917003900198000E8DF80000D8
:107A40000198000C8DF801000198000A8DF80200E1
:107A50000198C0B28DF803006A4604214FF4747097
:107A6000FFF71EFD18B14FF0FF3004B010BD0298B3
:107A7000000E8DF800000298000C8DF801000298AD
:107A8000000A8DF802000298C0B28DF803006A4621
:107A900004214FF47570FFF703FD10B14FF0FF3074
:107AA000E3E70398000E8DF800000398000C8DF8B2
:107AB00001000398000A8DF802000398C0B28DF807
:107AC00003006A4604214FF47670FFF7E9FCCCE727
:107AD00070B588B0064601A8FEF7E9FEBDF80400BF
:107AE0000021C90341EA5045C4036148007A00F00F
:107AF000030056F8200005905D48007A00F004006D
:107B000010B10598404205905948007AC0F3C10071
:107B100056F8200006905648007A00F0200010B178
:107B20000698404206905248007AC0F3811056F8F9
:107B3000200007904E48008900F4807010B107982B
:107B4000404207900598C117A0FB042301FB0431B4
:107B500000FB0510810041EA927005900698C1175C
:107B6000A0FB042301FB043100FB0510810041EA66
:107B7000927006900798C117A0FB042301FB043103
:107B800000FB0510810041EA927007900598000EF5
:107B90008DF808000598000C8DF809000598000A7A
:107BA0008DF80A000598C0B28DF80B000698000EFB
:107BB0008DF80C000698000C8DF80D000698000A50
:107BC0008DF80E000698C0B28DF80F000798000ED1
:107BD0008DF810000798000C8DF811000798000A26
:107BE0008DF812000798C0B28DF8130002AA0C217C
:107BF0004FF42570FFF754FC08B070BD30B585B068
:107C000004461DA207CA02AB07C3C82C03DD4FF010
:107C1000FF3005B030BDC82090FBF4F0401E85B2A7
:107C2000280A8DF80000E8B28DF801006A460221AA
:107C300040F21620FFF734FC10B14FF0FF30E8E7B8
:107C400002AA0C2140F6C120FFF72AFC10B14FF028
:107C5000FF30DEE7064884810020DAE7F4C9000837
:107C60004CCD6C000CC92C003656760026466600BA
:107C7000B806002009E3CA02FEF2ABC4AAF1DFDFB6
:107C8000BBAFDFDF0146FC488089088000207047D9
:107C90002DE9FC4706460F4606F0070010B1B7F580
:107CA000C86F03DD4FF0FF30BDE8FC87384603F0B6
:107CB00009FF8146F14903F0BBFD80466846FEF7A7
:107CC0007AFD9DF80000022806D0042816D0082866
:107CD00026D0102848D135E04FF08D41404603F0C2
:107CE00039FF814603F0B6FE84B2E549404603F011
:107CF00031FF814603F0AEFE85B238E04FF08C4193
:107D0000404603F027FF814603F0A4FE84B2DD491C
:107D1000404603F01FFF814603F09CFE85B226E03B
:107D20004FF08B41404603F015FF814603F092FE71
:107D300084B2D549404603F00DFF814603F08AFE28
:107D400085B214E04FF08A41404603F003FF8146BC
:107D500003F080FE84B2CD49404603F0FBFE81462D
:107D600003F078FE85B202E04FF0FF309CE700BFE1
:107D700020128DF80400E0B28DF8050028128DF86D
:107D80000600E8B28DF8070006F00100A0B101AAD4
:107D900002214FF4EA70FFF783FB10B14FF0FF3080
:107DA00082E70DF1060202214FF49270FFF778FB93
:107DB00010B14FF0FF3077E706F00200A0B101AA42
:107DC00002214FF4EC70FFF76BFB10B14FF0FF3066
:107DD0006AE70DF1060202214FF49470FFF760FB91
:107DE00010B14FF0FF305FE706F00400A0B101AA28
:107DF00002214FF4EE70FFF753FB10B14FF0FF304C
:107E000052E70DF1060202214FF49670FFF748FB8E
:107E100010B14FF0FF3047E7002045E738B5044682
:107E20000020009004F0010020B19DF8000040F017
:107E30003000009004F0020020B19DF8000040F0F6
:107E40000C00009004F0040020B19DF8000040F008
:107E5000030000906A4601214FF4A470FFF720FB55
:107E600038BD38B50446012C01DA012402E0042CA7
:107E700000DD0424601EC0B200906A46012140F279
:107E80004F10FFF70DFB38BD38B50446052094FBB5
:107E9000F0F085B228128DF80000E8B28DF80100EC
:107EA0006A4602214FF4EF70FFF7FAFA38BD38B591
:107EB0000446052094FBF0F085B228128DF80000EE
:107EC000E8B28DF801006A4602214FF4ED70FFF729
:107ED000E7FA38BDF8B505460E464FF47A7095FBC3
:107EE000F0F000FB06F4200E8DF80000200C8DF859
:107EF0000100200A8DF80200E0B28DF803006A4606
:107F000004214FF4AE70FFF7CBFAF8BD38B5044644
:107F1000052094FBF0F084B220128DF80000E0B24E
:107F20008DF801006A4602214FF4AD70FFF7B8FAF0
:107F300038BD38B50446052094FBF0F084B2201219
:107F40008DF80000E0B28DF801006A4602214FF47E
:107F5000AC70FFF7A5FA38BD38B5044614B94FF038
:107F6000FF3038BD6A4604214FF45870FFF7D5FA48
:107F700010B14FF0FF30F4E79DF8000000069DF8C7
:107F8000011040EA01409DF8021040EA01209DF8EE
:107F90000310084320600020E3E738B50446200EB4
:107FA0008DF80000200C8DF80100200A8DF80200E9
:107FB000E0B28DF803006A4604214FF45870FFF7D1
:107FC0006FFA38BD38B5044614B94FF0FF3038BDEC
:107FD0006A4604214FF47170FFF79FFA10B14FF019
:107FE000FF30F4E79DF8000000069DF8011040EA1C
:107FF00001409DF8021040EA01209DF8031008435B
:1080000000EB8000800020600020E0E738B50446E7
:108010001420B4FBF0F4200E8DF80000200C8DF835
:108020000100200A8DF80200E0B28DF803006A46D4
:1080300004214FF47170FFF733FA38BD38B50446A8
:1080400064B120208DF8000028208DF80100302038
:108050008DF8020038208DF8030004E0A3220421EB
:10806000684601F023FB6A46042140F69E20FFF794
:1080700017FAFDF77DFE38BDB80600200000484322
:10808000000040460000C045000040450000C044DC
:1080900038B5044664B1C0208DF80000C2208DF8C8
:1080A0000100C4208DF80200C6208DF8030004E012
:1080B0008B220421684601F0F9FA6A46042140F651
:1080C0009820FFF7EDF9FDF753FE38BD3EB50446A5
:1080D0006CB1FDA1D1E900208968CDE900200291B1
:1080E0006A4609214FF49760FFF7DAF93EBDF9A21D
:1080F000D2E900109268CDE9010200916A46092197
:108100004FF49760FFF7CCF9F0E73EB50446022044
:108110008DF80000CA208DF80100E3208DF80200E0
:1081200009208DF803006A4604216820FFF7B8F99A
:10813000A3208DF8000004F0400048B1C0208DF865
:108140000100C8208DF80200C2208DF8030006E06F
:10815000A3208DF801008DF802008DF8030004F4CF
:10816000C07048B1C4208DF80400CC208DF8050003
:10817000C6208DF8060006E0A3208DF804008DF8D7
:1081800005008DF80600A3208DF807008DF8080083
:108190008DF809006A460A2140F6A720FFF780F90A
:1081A00004F0030018B120208DF8000002E0D82070
:1081B0008DF800006A46012140F6B620FFF770F9FD
:1081C00004F0200018B10120FFF780FF02E000203A
:1081D000FFF77CFF04F4C07008B304F4807060B152
:1081E000B2208DF800008B208DF80100B6208DF8AC
:1081F00002009B208DF803000BE0B0208DF80000FA
:1082000080208DF80100B4208DF8020090208DF8B8
:1082100003006A46042140F6A220FFF741F904F06A
:10822000010020B3F8208DF800006A4601214FF4C8
:108230000B60FFF735F9FA210720FFF729FD07202A
:10824000FFF7ECFD0120FFF70CFE6420FFF71CFE9A
:108250004FF4FA70FFF72BFEC821A148FFF73AFE52
:108260002820FFF753FE0A20FFF763FE08E0D8201E
:108270008DF800006A4601214FF40B60FFF710F9FA
:1082800004F0020018B1D9208DF8000002E0D820D7
:108290008DF800006A46012140F23D70FFF700F9B9
:1082A00004F0040018B10120FFF7F2FE02E0002004
:1082B000FFF7EEFE04F0100018B10120FFF7BEFE3C
:1082C00002E00020FFF7BAFE44F00800854948812B
:1082D000FDF74EFD00208349887304F0400018B17B
:1082E0000846807B801D887304F4C07020B17D48EF
:1082F000807B801D7B49887304F0140020B179488D
:10830000807B10307749887304F0030020B17548F2
:10831000807B001D7349887300203EBD0146714873
:1083200040890880002070472DE9F0410446E0783C
:1083300000F0C006E07800F03F05607800F0010032
:1083400098B1EF102846E91705EB5171C910A5EB5C
:10835000C101491C01F0FF086248006820B1614872
:10836000414602683846904700BF607800F0080038
:1083700030B15C48406818B1B0115A4A516888471A
:108380000020BDE8F08110B586B0044656A207CAA9
:1083900003AB07C357A207CA8DE80700012C09D019
:1083A000022C0ED103AA0B2140F68220FFF778F8A9
:1083B00006B010BD6A460B2140F68220FFF770F828
:1083C000F6E74FF0FF30F3E72DE9F04F8DB00746A9
:1083D000884615469946DDE9166B0024002030805A
:1083E0004049887B5A4605A9FEF7BDFB18B1601EBF
:1083F0000DB0BDE8F08F3B48807A00F014000028F3
:1084000061D09DF8140000069DF8151040EA014067
:108410009DF8161040EA01209DF8171008432860C7
:108420009DF8180000069DF8191040EA01409DF8DB
:108430001A1040EA01209DF81B10084368609DF85F
:108440001C0000069DF81D1040EA01409DF81E101A
:1084500040EA01209DF81F100843A8609DF8200005
:1084600000069DF8211040EA01409DF8221040EAE4
:1084700001209DF823100843E86004F11000C4B205
:10848000286800140190686800140290A86800141D
:108490000390E8680014049001984043029901FB9E
:1084A0000100039901FB0100049901FB010ABAF1E3
:1084B000706F02DBBAF1885F22DDFDF759FC002006
:1084C0003080401E94E721E0B8AAB38DB4980D35F2
:1084D0005D000000B8AAAAAAB088C3C5C700000002
:1084E00009E3CA02B8060020D8B1B9F38BA391B64C
:1084F00009B4D900DAB1B9F38BA391B6DAB4DA00D2
:10850000B6F9000040F48070308000BF3448807AB3
:1085100000F0400020B305A9601C085C095D40EA3A
:10852000012000B2A8F8000005A9E01C095C05AA1A
:10853000A01C105C41EA002000B2A8F8020005A9C6
:10854000601D095C201D105C41EA002000B2A8F803
:108550000400A01DC4B2B6F9000040F0080030804D
:108560001F48408900F4C07008B305A9601C085C6E
:10857000095D40EA012000B2388005A9E01C095CD1
:1085800005AAA01C105C41EA002000B2788005A971
:10859000601D095C201D105C41EA002000B2B8801B
:1085A000A01DC4B2B6F9000040F0700030800C4845
:1085B000807A00F0030018B105A90819FFF7B4FE8E
:1085C0004846FDF734FF002012E7014604480160E9
:1085D00000207047014602484160002070470000BB
:1085E000B8060020014691F90020002A01DD002094
:1085F0001EE091F90020002A01DA042018E091F928
:108600000120002A01DD012012E091F90120002A59
:1086100001DA05200CE091F90220002A01DD022098
:1086200006E091F90220002A01DA062000E0072086
:10863000704770B505462846FFF7D4FF0446E81C8E
:10864000FFF7D0FF44EAC00084B2A81DFFF7CAFFBD
:1086500044EA801084B2204670BD70B588B002A98B
:1086600005A8FEF792FE0446072C3CD101A8FEF7B0
:1086700001F9059803F00EFA0646019903F06AFA2B
:10868000054603F0CBF90590069803F003FA064679
:10869000019903F05FFA054603F0C0F906900798C8
:1086A00003F0F8F90646019903F054FA054603F081
:1086B000B5F9079005A8FFF778F96846FEF7F7F8CF
:1086C000BDF80010029848430290BDF800100398CE
:1086D00048430390BDF8001004984843049002A852
:1086E000FFF7F6F900BF08B070BD2DE9F04304466E
:1086F0000D46DDE907670021012041E0DFF8ECC508
:108700003CF81080A0F1010CDFF8E09529F81C80FE
:1087100009F1160C3CF81090A0F1010CDFF8CC85A3
:1087200008F1160828F81C9008F1160C3CF8109077
:10873000A0F1010C08F1160828F81C9008F1160C9D
:108740003CF81090A0F1010C08F1160828F81C90D4
:1087500008F1160C3CF81090A0F1010C08F1160875
:1087600028F81C9008F1160C3CF81090A0F1010CB0
:1087700008F1160828F81C9000F1010C0CF0FF001D
:108780000A28BBDBDFF864C5ACF81240ACF828500F
:10879000ACF83E20ACF85430ACF86A60ACF88070AD
:1087A0000021002008E0DFF844C53CF910C0614416
:1087B00000F1010C0CF0FF000A28F4DB4FF00A0C6A
:1087C00091FBFCFC0FFA8CFCDFF82085A8F814C0A4
:1087D000002100200AE0DFF814C50CF1160C3CF96A
:1087E00010C0614400F1010C0CF0FF000A28F2DB1C
:1087F0004FF00A0C91FBFCFC0FFA8CF8DFF8ECC48C
:10880000ACF82A80002100200AE0DFF8E0C40CF177
:108810002C0C3CF910C0614400F1010C0CF0FF007D
:108820000A28F2DB4FF00A0C91FBFCFC0FFA8CF8E3
:10883000DFF8B8C4ACF84080002100200AE0DFF87F
:10884000ACC40CF1420C3CF910C0614400F1010CC5
:108850000CF0FF000A28F2DB4FF00A0C91FBFCFC45
:108860000FFA8CF8DFF884C4ACF8568000210020A1
:108870000AE0DFF878C40CF1580C3CF910C06144F0
:1088800000F1010C0CF0FF000A28F2DB4FF00A0C9B
:1088900091FBFCFC0FFA8CF8DFF850C4ACF86C804C
:1088A000002100200AE0DFF844C40CF16E0C3CF912
:1088B00010C0614400F1010C0CF0FF000A28F2DB4B
:1088C0004FF00A0C91FBFCFC0FFA8CF8DFF81CC48B
:1088D000ACF88280BDE8F08338B504460323022259
:1088E0006B21D0200094FBF7C1F838BD38B50446A1
:1088F000022304221B21D0200094FBF7B7F838BDD7
:1089000038B50446022304221C21D0200094FBF732
:10891000ADF838BD10B50446234606226B21D020A1
:10892000FBF7D9F810BD10B5F14B01227521D0200D
:10893000FBF72CF8EE48007810BD10B5FFF7F3FFF9
:10894000682801D1012010BD0020FCE710B50446C5
:10895000234605226A21D020FBF7BDF810BD10B5D3
:108960000446234601223721D020FBF7B4F810BD7E
:1089700010B50220FFF7B0FF0320FFF7B7FF00207C
:10898000FFF7BEFF0020FFF7C5FF0020FFF7DEFF67
:108990000020FFF7E4FF10BD38B500200090012053
:1089A000D44908706B46012275216820FAF790FFC0
:1089B000D1A000F0D3FDD6A000F0D0FD9DF80000BE
:1089C00068280ED000BFDB48006800F4E060DA4998
:1089D0000843001DD7490860BFF34F8F00BF00BF99
:1089E000FEE7FDF754FC00283CD17820FDF7B7F8EE
:1089F00010B9C7A000F0B2FD7820FDF797FA10B9C2
:108A0000CEA000F0ABFDC820FDF771FB10B9D5A0DA
:108A100000F0A4FDFEF72EFF10B9DCA000F09EFDD3
:108A2000E748FFF706FE0446FEF72EFF10B9E5A063
:108A300000F094FD40F27310FFF767FB10B9EBA054
:108A400000F08CFDC820FFF7D9F810B9F1A000F0B4
:108A500085FDFFF702FE0120FEF752FC10B9F6A0DB
:108A600000F07CFD0020A3490870FCA000F076FD1A
:108A700038BD2DE9F04F8FB00CA8FE490DAB08AA08
:108A8000CDE90010FC49FD48FFF79EFCF94800883D
:108A900000F4807000287DD0089802F0FBFF0446A7
:108AA0004FF09D4102F0C4FEF5490860099802F0BC
:108AB000F1FF04464FF09D4102F0BAFEF149086013
:108AC0000A9802F0E7FF04464FF09D4102F0B0FE25
:108AD000ED4908600B9802F0DDFF04464FF09D4120
:108AE00002F0A6FEE9490860E54801684FF08040C1
:108AF00003F030F80690E4480168069803F02AF87D
:108B00008246E04801684FF0404003F023F80690A9
:108B1000DE480168069803F01DF88346514602F0CE
:108B200019FE079002F0EAFD804600F0E1FF0646DC
:108B30004FF06632D64B02F0D1FA044601F0F2FF54
:108B4000D4490860D04801684FF0804003F002F833
:108B50000390CD480168039802F0FCFF8246C948A3
:108B600001684FF0404002F0F5FF0390C5480168EE
:108B7000039802F0EFFF8346514603F0F3F8814675
:108B80004FF07E5102F0E6FD044602F0B7FDCDE95C
:108B9000040100E082E0BA4801684FF0804002F032
:108BA000D9FF8346B7480168584602F0D3FF814693
:108BB000B54801684FF0804002F0CCFF8346B348CF
:108BC0000168584602F0C6FF8246494602F0C2FDDF
:108BD000044602F093FD0746DDE9042301F0D0F9D5
:108BE0004FF06632AA4BCDE9060102F077FA05464E
:108BF00001F098FFA8490860A4480168006802F0E5
:108C0000A9FF0390A0480168006802F0A3FF02904A
:108C10009C480168006802F09DFF834698480168FF
:108C2000006802F097FF5946019002F093FD8246DA
:108C3000029903F097F88146039903F093F80446EC
:108C400002F05CFDCDE90401904801688C480068A1
:108C500002F080FF82468C4801688A48006802F072
:108C600079FF8346514602F075FD81464FF0804101
:108C700002F070FF044602F041FD0746DDE90423DF
:108C800001F07EF94FF06632814BCDE9060102F02A
:108C900025FA054601F046FF804908600FB0BDE89F
:108CA000F08F2DE9F05F4221D020FAF74CFE054607
:108CB0004121D020FAF747FE05EB0024204602F0C0
:108CC000E9FE82464FF08E41504603F00FF805D280
:108CD0004FF08F41504603F045F8824670495046A8
:108CE00002F0A6FD834602F009FDDBE0D606002077
:108CF000C80600201B000020444D5020696E697496
:108D0000207374617274202E2E2E2E2E2E0D0A00CA
:108D10006D70755F7365745F73656E736F722063DA
:108D20006F6D706C657465202E2E2E2E2E2E0D0A02
:108D3000000000000CED00E00000FA056D70755FAA
:108D4000636F6E6669677572655F6669666F2063DB
:108D50006F6D706C657465202E2E2E2E2E2E0D0AD2
:108D6000000000006D70755F7365745F73616D70F6
:108D70006C655F7261746520636F6D706C6574659E
:108D8000202E2E2E2E2E2E0D0A000000646D705FF8
:108D90006C6F61645F6D6F74696F6E5F647269762A
:108DA00065725F6669726D7761726520636F6D7061
:108DB0006C657465202E2E2E2E2E2E0D0A000000BE
:108DC000D0010020646D705F7365745F6F726965B8
:108DD0006E746174696F6E20636F6D706C6574651D
:108DE000202E2E2E2E2E2E0D0A000000646D705F98
:108DF000656E61626C655F6665617475726520633E
:108E00006F6D706C657465202E2E2E2E2E2E0D0A21
:108E100000000000646D705F7365745F6669666F63
:108E20005F7261746520636F6D706C657465202E70
:108E30002E2E2E2E2E0D0A006D70755F7365745FD9
:108E4000646D705F737461746520636F6D706C65C1
:108E50007465202E2E2E2E2E2E0D0A00444D5020ED
:108E6000696E6974206F6B202E2E2E2E2E2E0D0A09
:108E700000000000B0010020AA010020A401002091
:108E8000C0010020C4010020C8010020CC01002046
:108E900066A64C40B4010020B8010020BC010020AF
:108EA0000000AA438046094A094B01F06DFE0646C0
:108EB0000022084B02F012F9044601F033FE82460C
:108EC000504602F0ABFDBDE8F09F0000A4703D0AE3
:108ED000D7434240000024402DE9FF4F83B0834632
:108EE0000E461F46DDF8489002960197BA4605984F
:108EF000864238D1002433E000252EE000210AFB11
:108F000004F009EB800040F82510884622E0019A21
:108F100002FB08F2119B03EB820252F82510029A21
:108F20006243109B03EB820252F8280002F012FE0B
:108F300000900AFB04F009EB800050F8251000981F
:108F400002F008FC0AFB04F109EB810141F825005D
:108F500008F10108B045DADB6D1CBD42CEDB641CB4
:108F60005C45C9DB02E0FAA000F0F8FA07B0BDE802
:108F7000F08F2DE9F04FADB0044689469246FE4889
:108F80002B90FE49D1E90023D1E90201CDE9272345
:108F9000CDE92901CDF898A0F84B1033D3E9002191
:108FA000D3E90203CDE92403CDE92221F34920319D
:108FB00003C9CDE92001F149283103C9CDE91E01DA
:108FC000EE4B30330FCB1AAD0FC5EC484030006884
:108FD0001990EA4B4433D3E90020D3E9021316ADCC
:108FE0000BC51592E549543103C9CDE913010020A1
:108FF000119012900F9010900B900C900D900E907D
:109000000790089009900A900590069004904846B1
:1090100002F074FB0746884684F00040019002F09D
:109020006DFB3A464346CDE9020100F0A9FF054633
:1090300001F078FD834611A8D14922AA0123CDE988
:1090400000210290022211461046FFF745FF0FA8AB
:1090500026A920AA0123CDE9002102901A4619462B
:109060000220FFF739FF0F99119802F073FBC549F1
:1090700008601099129802F06DFBC24948600BA875
:10908000C14922AA0223CDE9002102901A461946BD
:109090001846FFF721FF07A815A90BAA0223CDE95F
:1090A000002102901A4619461846FFF715FF1A9933
:1090B000079802F04FFBB54908601B99089802F029
:1090C00049FBB24948601C99099802F043FBAF493B
:1090D00088601D990A9802F03DFBAC49C86005A85C
:1090E0001EAA0223CDE9002102901A46194601204A
:1090F000FFF7F2FE04A813A905AA0123CDE9002178
:109100000290022211461846FFF7E6FE19990498CC
:1091100002F020FB054629464FF07E5002F088FB06
:10912000049011A813A9994A0123CDE900210290C6
:10913000022211461046FFF7CFFE954804A911AA56
:109140000123CDE9002102901A4619460220FFF7BB
:10915000C3FE04A88B491EAA0123CDE90021029079
:10916000022211461846FFF7B7FE5846049902F04E
:10917000F9FD049011A804A9854A0123CDE9002135
:1091800002901A4619460220FFF7A6FE7D4A119961
:10919000106802F0DFFA7A4908607A4A129950683A
:1091A00002F0D8FA764948600BA81EA9784A022333
:1091B000CDE900210290012211461846FFF78CFEEE
:1091C0000B99279802F0CEFD0B900C99289802F08D
:1091D000C9FD0C900D99299802F0C4FD0D9027AAA5
:1091E0000E99D06802F0BEFD0E90674867490BAA41
:1091F0000223CDE9002102901A4619461846FFF7CE
:109200006BFE5F4800682DB0BDE8F08F2DE9F04F90
:10921000ADB004468946924657482B9057495C3179
:10922000D1E90023D1E90201CDE92723CDE92901C4
:10923000CDF898A0514B6C33D3E90021D3E9020358
:10924000CDE92403CDE922214C497C3103C9CDE984
:1092500020014A49843103C9CDE91E01474B8C33B3
:109260000FCB1AAD0FC545489C3000681990434B91
:10927000A033D3E90020D3E9021316AD0BC5159234
:109280003E49B03103C9CDE913010020119012907D
:109290000F9010900B900C900D900E9007900890EE
:1092A00009900A90059006900490484602F026FA2C
:1092B0000746884684F00040019002F01FFA3A46C3
:1092C0004346CDE9020100F05BFE054601F02AFCB1
:1092D000834611A82F4922AA0123CDE9002102903B
:1092E000022211461046FFF7F7FD0FA826A920AA73
:1092F0000123CDE9002102901A4619460220FFF70A
:10930000EBFD0F99119802F025FA23490860109996
:10931000129802F01FFA204948600BA81F4922AAA0
:109320000223CDE9002102901A4619461846FFF79C
:10933000D3FD07A815A90BAA0223CDE900210290AD
:109340001A4619461846FFF7C7FD1A99079827E0ED
:109350004572726F723A20546865206D617472694B
:1093600078206861732077726F6E672064696D651D
:109370006E73696F6E7321000AD7A33BECD50008AA
:10938000E0010020E8010020F00100205C0700203F
:109390000002002008020020100200201802002015
:1093A00002F0D8F9554908601B99089802F0D2F9E3
:1093B000524948601C99099802F0CCF94F498860DD
:1093C0001D990A9802F0C6F94C49C86005A81EAA62
:1093D0000223CDE9002102901A4619460120FFF729
:1093E0007BFD04A813A905AA0123CDE90021029061
:1093F000022211461846FFF76FFD1999049802F0F2
:10940000A9F9054629464FF07E5002F011FA049062
:1094100011A813A9394A0123CDE9002102900222A3
:1094200011461046FFF758FD354804A911AA01233B
:10943000CDE9002102901A4619460220FFF74CFDA3
:1094400004A830491EAA0123CDE90021029002227E
:1094500011461846FFF740FD5846049902F082FC79
:10946000049011A804A9264A0123CDE90021029005
:109470001A4619460220FFF72FFD224A119910685B
:1094800002F068F9204908601E4A1299506802F0FB
:1094900061F91D4948600BA81EA9194A0223CDE9AC
:1094A00000210290012211461846FFF715FD0B9985
:1094B000279802F057FC0B900C99289802F052FC68
:1094C0000C900D99299802F04DFC0D9027AA0E9949
:1094D000D06802F047FC0E900C4808490BAA022302
:1094E000CDE9002102901A4619461846FFF7F4FC10
:1094F000054800682DB0BDE8F08F00006C07002023
:10950000280200201002002008020020180200207B
:10951000704710B54C1084EA530404D54042C1F1A1
:10952000000138BF491E1B4204D55242C3F100035B
:1095300038BF5B1E00F0E8F814F0804F04D04042C2
:10954000C1F1000138BF491E14F0004F04D052424F
:10955000C3F1000338BF5B1E10BD00000FB4044907
:1095600010B503AA029800F0ABF910BC5DF814FB2B
:10957000780000202DE9F0410E46044600202062CC
:109580002046E168884730B3252805D0D4E9012179
:109590009047206A401CF2E7E16820460027884790
:1095A000050018D0A5F14100192802D820354FF444
:1095B00000673246294620462760F6F7F1FD40B1A4
:1095C000012804D0F61D26F007060836D8E7361D18
:1095D000D6E72846DAE7206ABDE8F0812DE9F041B8
:1095E0000646002410687529314616A510D0AFF341
:1095F0000080002802DA404213A507E031688A079C
:1096000001D512A502E0490704D511A5012401E006
:10961000AFF3008000210A2206F1240709E0B0FB25
:10962000F2FCB0FBF2F302FB1C0030307854184619
:10963000491C0028F3D123462A463046BDE8F041B4
:1096400000F0E4B8000000002D0000002B00000036
:109650002000000040EA010310B59B070FD1042A47
:109660000DD310C808C9121F9C42F8D020BA19BAED
:10967000884201D9012010BD4FF0FF3010BD1AB152
:10968000D30703D0521C07E0002010BD10F8013BA7
:1096900011F8014B1B1B07D110F8013B11F8014BCE
:1096A0001B1B01D1921EF1D1184610BD02F0FF0321
:1096B00043EA032242EA024200F002B84FF00002FD
:1096C0000429C0F0128010F0030C00F00D81CCF1E1
:1096D000040CBCF1020F18BF00F8012BA8BF20F842
:1096E000022BA1EB0C0100F0FFB85FEAC17C24BFA4
:1096F00000F8012B00F8012B48BF00F8012B704740
:10970000704770477047704753EA020C00F0698059
:109710002DE9F04B4FF00006002B1FBFB3FA83F585
:1097200003FA05F424FA05F65E4012BF1643B2FAB6
:1097300082F502FA05F4C5F120051EBF22FA05FCE8
:1097400044EA0C04203556EA044C4FEA144418BF8E
:10975000641C4FF000084FF00009904271EB030CBD
:1097600039D3002919BFB1FA81F701FA07F6B0FA27
:1097700080F700FA07F6C7F120071EBF20FA07FCA2
:1097800046EA0C062037B6FBF4FCA7EB0507103FB2
:1097900007F01F0BCBF120060CFA0BFB2CFA06F698
:1097A00044BFB3460026202FA4BF5E464FF0000BF7
:1097B0005BEA060C08BF4FF0010B19EB0B09ABFB82
:1097C000027C48EB0608C01B06FB02CC0BFB03CC5B
:1097D00071EB0C01C1E70B46024641464846BDE825
:1097E000F08B13B54FF000004FF00001AFF3008095
:1097F000BDE81C40704710B500F09CF8006810BD33
:1098000010B5044600F096F8046010BD2DE9F0474D
:109810000D4699469246044600F1240801688806E0
:1098200004D5E06921F01001216000E00120A84288
:1098300001DD471B00E00027A1697A1902EB09004E
:10984000081AA0612078C00602D42046AFF3008039
:10985000002608E0D4E901211AF806009047206AA2
:10986000401C761C20624E45F4DB2078C0060AD5E9
:109870002046AFF3008006E0D4E901213020904774
:10988000206A401C2062381EA7F10107F4DC07E0C3
:10989000D4E9012118F805009047206A401C206295
:1098A000281EA5F10105F3DC2046AFF300802078E7
:1098B000000602D50220BDE8F0870120FBE700008A
:1098C000074B70B50D467B4400F03DF80446284632
:1098D00000F04CF810B14FF0FF3070BD204670BD65
:1098E000B390FFFF4FF0000200B513469446964632
:1098F000203922BFA0E80C50A0E80C50B1F12001A3
:10990000BFF4F7AF090728BFA0E80C5048BF0CC050
:109910005DF804EB890028BF40F8042B08BF7047AE
:1099200048BF20F8022B11F0804F18BF00F8012B20
:1099300070470000004870477C07002001694A1CFE
:1099400002610878704700B58FB0CDE90131002180
:10995000059105497944CDE9031011466846FFF7A2
:1099600009FE0FB000BD0000E5FFFFFF007B00F027
:1099700080007047004870477C0700207546FFF75D
:10998000F9FFAE4605006946534620F007008546BC
:1099900018B020B5F6F798FDBDE820404FF000065E
:1099A0004FF000074FF000084FF0000B21F00701C7
:1099B000AC46ACE8C009ACE8C009ACE8C009ACE80A
:1099C000C0098D46704710B50446AFF300802046AD
:1099D000BDE81040F6F7F6BB490050EAC12018BFB9
:1099E00004204A0D18BF40F0010040F2FF72B2EBB4
:1099F000515F08BF40F00200012808BF05207047F2
:109A00002DE9F0414F1E00EBC7010446D1E90001EA
:109A100015461E4637F006020DD02A46334601F0A1
:109A20005DFB7F1E04EBC703D3E9002301F0ACF814
:109A300037F00602F1D1022F25D0042F13D0062FC4
:109A400018BFBDE8F0812A46334601F047FBD4E950
:109A50000A2301F099F82A46334601F03FFBD4E986
:109A6000082301F091F82A46334601F037FBD4E988
:109A7000062301F089F82A46334601F02FFBD4E98A
:109A8000042301F081F82A46334601F027FBD4E98C
:109A9000022301F079F82A46334601F01FFBD4E98E
:109AA0000023BDE8F04101F06FB80000002213462A
:109AB0001046014901F024B90000F03F012202F0F4
:109AC000F8B901F061B8002213461046114601F0C2
:109AD00017B940F2013200204FF0E04102F0E9B93D
:109AE000024A0020110702F0E4B9000001FDFFFF67
:109AF0002DE9F04D8D4F21F0004A86B005460C4609
:109B0000BA452ADBAAEB070028430AD088488245D9
:109B100001DC1AD1CDB106B02846BDE8F04DFFF703
:109B2000CDBF844A844B284601F0D8FA07460E463A
:109B3000824A834B2846214601F0D0FA06B03A46C5
:109B40003346BDE8F04D01F01FB80120FFF758FE85
:109B500006B0BDE8F04DFFF7B6BF7A48824542DA5D
:109B6000BAF1795F0BDA2846FFF736FF042808BF01
:109B7000FFF7B6FF284606B02146BDE8F08D2A461D
:109B80000B46104601F0AAFA834602466E480E467E
:109B90000B4606217844FFF733FF5A46334601F05F
:109BA0009DFA804669488A465A46334604217844DD
:109BB000FFF726FF5A46334601F090FA00223B4653
:109BC00000F0E2FF02460B464046514601F098F88D
:109BD0002A46234601F082FA06B02A462346BDE80B
:109BE000F04D00F0D1BF284624F0004100223D4650
:109BF0003B4601F0A7FB4FF0FF3202F05AF9064650
:109C0000024653480F460B4606217844FFF7F8FEFC
:109C100032463B4601F062FACDE900014D4832463A
:109C20003B4604217844FFF7EBFE32463B4601F009
:109C300055FA00222B4600F0A7FF834602913046DA
:109C4000394600F049FF804643480D46504517DC31
:109C5000DDE900015A46029B01F052F842462B46CC
:109C600001F03CFA42462B4600F08EFF012202F042
:109C700020F9304A304B01F057FC304A304B4CE071
:109C80004FF0000A52460B46404600F07DFFCDE9FA
:109C9000031052462B461046194601F01FFA324671
:109CA0003B4601F04FFBDDE9033201F029F806469F
:109CB0000F46DDE900015A46029B01F021F8834678
:109CC000009101223046394602F0F3F8194A1A4B46
:109CD00001F038FB06460F4601224046294602F0B5
:109CE000E8F85A46009B01F0F9F932463B4601F08C
:109CF0001BFC06460F4601225046294602F0D9F8C1
:109D00000E4DDFF858802A46434601F01BFB3246D1
:109D10003B4601F017FB2A46434601F013FB002C9B
:109D2000D8BF81F0004106B0BDE8F08D0000F03FE3
:109D30000000F07F075C143326A6913C182D445494
:109D4000FB21F93F0000E03F103B0000263B0000F4
:109D50009A3A0000B03A00003333EF3FFB21E93F6D
:109D60002DE9F84F04460D4621F00040009173495B
:109D7000814211DC7249884201DC06D12CB12046B7
:109D80002946BDE8F84FFFF799BE6E48002DCCBFBD
:109D90006D496E49BDE8F88F6D49814211DD6D490D
:109DA0008142D8BF4FF0FF366DDD20462946FFF7D0
:109DB00013FE042808BFFFF793FE20462946BDE89E
:109DC000F88F6549654F25F00045814233DD6449D0
:109DD000814219DD002632464FF080432046294655
:109DE00000F0D2FE80468A4601222046294602F033
:109DF00060F800223B4601F097FB4246534600F0D4
:109E00007FFF04460D463EE001260022BA463B464F
:109E10002046294600F0B8FE80460F4600225346F1
:109E20002046294601F080FB42463B4600F068FF91
:109E300004460D4627E04B4981421BDDDFF828A18F
:109E40000226002253462046294601F047F9002207
:109E50003B4600F099FE80460F46002253462046BE
:109E6000294601F061FB42463B4600F049FF0446AB
:109E70000D4608E0032622462B4600203B4900F011
:109E80003FFF04460D4622462B461046194601F078
:109E900025F98B46824602460B4601F01FF907461C
:109EA0000246334888460B4606217844FFF7A8FD52
:109EB00052465B4601F012F982462E488B463A46DE
:109EC000434605217844FFF79BFD3A46434601F09F
:109ED00005F902460B46002E504659460CDA00F0B2
:109EE00053FE22462B4601F0F9F801B022462B46DC
:109EF000BDE8F04F01F026BA00F046FE22462B46A0
:109F000001F0ECF81C4A7A4402EBC603D3E90023C3
:109F100001F00AFB22462B4601F006FB174A7A4461
:109F200002EBC603D3E9002301F00CFA009A002AE1
:109F3000B8BF81F00041BDE8F88F00000000104478
:109F40000000F07F182D4454FB21F93FFB21F9BF9D
:109F50000000DC3F0000203E0000F33F0000F03F27
:109F60000000E63F008003400000F83F0000F0BF23
:109F70003A390000F8380000963800005E380000DA
:109F80002DE9F04D9446CCF1000423F000464CEA54
:109F90000404524F46EAD4749A46884621F000429F
:109FA000BC4206D8454240EA050442EAD474BC42A9
:109FB00004D9BDE8F04D6246FFF783BDAAF14055D4
:109FC000A5F17F6555EA0C040BD0022404EAAA74BB
:109FD000434DDFF810E144EAD87452EA000B04D094
:109FE0000CE0BDE8F04DFFF7BBBE002C14BF012C08
:109FF000BDE8F08D022C30D0032C32D056EA0C0B89
:10A000000AD0BE4220D1BA4209D126F0804622F0C1
:10A0100080423346114617E000291ADB25E0DFF8BD
:10A02000C8B0FB44002C04BFDBE90001BDE8F08DA3
:10A03000012C02BFDBE9000181F00041BDE8F08D99
:10A04000022C0AD0032C0CD0BA4212D1B8F1000F66
:10A050000BDA23482549BDE8F08D28462449BDE8A0
:10A06000F08D28467146BDE8F08D1D482149BDE8B8
:10A07000F08D921B12153C2AC4BF19481D490EDCF5
:10A08000BAF1000FBEBF12F13C0F0020014606DB03
:10A09000624600F035FE21F00041FFF761FE002C22
:10A0A00008BFBDE8F08D012C04BF81F00041BDE880
:10A0B000F08D114A114B022C07D001F035FA2A46D7
:10A0C000BDE8F04D0A4B01F02FBA01F02DFA2A46F7
:10A0D000BDE8F04D064B01F035B900000000F07FFF
:10A0E000182D4454FB2109C0F2370000FB21F9BFB1
:10A0F000FB210940FB21F93F075C143326A6A13C54
:10A100002DE9F04D1D460C4698B0174621F0004150
:10A1100023F00043002814BF4FF0010C4FF0000C57
:10A120000CEB440CFE4A0CEB02064FEA620C66454F
:10A130002BD33E0018BF012606EB45061644F94A0C
:10A14000964222D3F84A53EA070C02D0944205D132
:10A1500048B918B000201146BDE8F08D002808BFAE
:10A160004FF0000C01D04FF0010C0CEB440212F543
:10A17000001F0AD8002F14BF4FF0010C4FF0000C45
:10A180000CEB450212F5001F07D918B03A462B46D2
:10A190002146BDE8F04DFFF794BC0022DFF88CA308
:10A1A000002CB8BF534526DADFF884C36345A8BF47
:10A1B000022220DADFF870C39C451CDCDFF874C390
:10A1C0000CEB235CBCF1140F08DDCCF1340627FA4C
:10A1D00006FC0CFA06F6BE420DD108E05FB9CCF1E0
:10A1E000140623FA06FC0CFA06F69E4203D10CF084
:10A1F0000102C2F1020251EA000C19D1002D17DA56
:10A20000002C18BF022A01D0012A07D00220FFF734
:10A21000F7FA18B0BDE8F04DFFF748BC0220FFF791
:10A22000EFFAFFF743FC18B081F00041BDE8F08D74
:10A23000B7F1000C6CD1534525D104F1804212F5E1
:10A24000801201BF00280020B74918B008BFBDE840
:10A25000F08DB548884207DC002DA1BF6046294635
:10A2600018B0BDE8F08D07E0281E05DA80F0004147
:10A2700018B06046BDE8F08DAF497944D1E90001DE
:10A2800018B0BDE8F08DDFF8A0C2634525D1002DE0
:10A290001FDA19B1514512D1D8B909E0002840F0B0
:10A2A000EC82A24A214618B062F31E01BDE8F08D8F
:10A2B0000020214618B060F31E01BDE8F08D08DAD9
:10A2C00018B02346BDE8F04D02460020614600F07C
:10A2D00017BD18B02146BDE8F08D514518DAB5F12B
:10A2E000804F0DD0A5F1005CBCF1FF5C10D1B4F142
:10A2F000000C0DDB18B06146BDE8F04D00F0ECBB82
:10A30000234618B00246BDE8F04D194600F0E6BEFF
:10A31000060024F0004C3BD1D9B1514533D1002C7B
:10A3200006DD002DA1BF0020514618B0BDE8F08D1C
:10A33000002C01DD002D1BDB002C13DA002D11DBBE
:10A34000012A4FF0000014BF78497C4918B0BDE8DD
:10A35000F08D022A18BF002C0AD0012A08D1002C47
:10A3600006DA0AE0002CB8BF002D11DA012A04D069
:10A37000002018B00146BDE8F08D18B000204FF065
:10A380000041BDE8F08DA1F14050B0F17F601AD0DE
:10A39000012000EBE47050EA020421D0624C521E0E
:10A3A0004FF0000B104304BF4FF0000B644C6548A6
:10A3B00083427CDD644A654893421FDD884217DB97
:10A3C000002D25DB37E0002C00DA4AB1022A0CBF51
:10A3D00001204FF0FF3018B0BDE8F04D00F017BE7F
:10A3E0000120FFF70DFA18B0BDE8F04DFFF76BBB89
:10A3F0004D4A8A4202DC002D0ADC1CE0814202DA6E
:10A40000002D18DA04E0484B994220DD002D12DDC2
:10A410000220FFF7F5F9FFF75CFB05460E46002228
:10A4200053465846214600F059FE18B066F31E0107
:10A430002846BDE8F08D0220FFF7E2F9FFF750FB58
:10A440000A46214618B062F31E01BDE8F08D0022D5
:10A450003046614601F068F880460E466FF0010212
:10A4600001F027FD4FF05532394B00F06BFF4246AB
:10A47000334600F033FE0022364B00F063FF824685
:10A480004246334604911046194600F027FE5246D4
:10A49000049B00F023FE8A4600904FF0C0422E4BF2
:10A4A0004046314600F01AFE2C4A2B4B00E027E0D4
:10A4B000CDE906015146009800F010FE8246019158
:10A4C000274A284B4046314600F008FE5246019B81
:10A4D00001F02AF882460B4602460591DDE90601A5
:10A4E00000F052FBDDE9062300268846304601F0E5
:10A4F0001BF85246059B00F025FF024600F07EB98E
:10A500000020B1F5801F07DA35223046614601F0A0
:10A51000D0FC06466FF0340000EB215024E0000030
:10A52000FFFF1F00FFFF0F000000F03F0000F07F63
:10A530000000404301FCFFFF9A3500000000F0FFDF
:10A540000000F0BF0000E0410000F043FFFFEF3FDC
:10A550005555D53F0000E03F4715F73FFE822B657C
:10A5600044DF5DF80BAE543EA0F2FF300190C1F322
:10A57000130040F07F6141F040510291FE49884252
:10A58000D8BF002004DDFD498142C8BF012001DDA4
:10A590000D9008E000200D900198401C0190029859
:10A5A000A0F5801002900299F54878440B910D991E
:10A5B00000EBC100D0E900230F9330460A920B99BB
:10A5C00000F0B2FFCDE90601DDE90A2130460F9B1C
:10A5D00000F0DAFA02460B460020EA4900F090FB50
:10A5E000059102460B460090DDE9060100F076FD7C
:10A5F0001490E5488A464FF00008784402990068B4
:10A6000012904FF0005040EA61010D980F9B01EB52
:10A61000804000F5002109910A9A129800F084FF09
:10A6200032460B9B00F08EFE4246534600F056FD2C
:10A630000646029140465146099B129A00F04EFD93
:10A64000DDE9062300F07EFE3246029B00F06CFF3F
:10A65000059B009A00F042FD0091149A0490534625
:10A660001046194600F03AFD06460246C7480B461A
:10A67000029106217844FFF7C3F9CDE90510029B4A
:10A6800032461046194600F029FDDDE9053200F09A
:10A6900025FD05910646534640461946149A00F09A
:10A6A00073FA009B049A00F019FD3246059B00F0F6
:10A6B0006BFACDE90510424653461046194600F0A4
:10A6C0000DFD0022B24B02910A9000F05DFADDE927
:10A6D000053200F059FA0E464246AD4B404600F0B6
:10A6E00023FF029B0A9A00F01FFFDDE9053200F00C
:10A6F00029FE424602910A9033461046514600F028
:10A70000EDFCCDE906015346149A02990A9800F02F
:10A71000E5FC8A460290334642460099049800F0D0
:10A72000DDFC5346029A00F02FFA82460B460246A1
:10A730000591DDE9060100F027FADDE90623002096
:10A740008846064600F0F0FE5246059B00F0FAFDF2
:10A75000824609914FF060428E4B3046414600F0F0
:10A76000BDFC049006918C4A8A4B5046099900F032
:10A77000B5FC82460291894A894B3046414600F039
:10A78000ADFC5246029B00F0FFF9864B7B440D9ACC
:10A7900003EBC203D3E9002300F0F6F90E90079112
:10A7A000019800F034FC0591DDE9061382460E9A0B
:10A7B000049800F0E9F97C4A7A440D9B02EBC3034C
:10A7C000D3E900230093029200F0DEF95246059B84
:10A7D00000F0DAF90026884652463046059B00F024
:10A7E000A3FE009B029A00F09FFE069B049A00F0D5
:10A7F0009BFE079B0E9A00F0A5FD024600200B462B
:10A8000002903846294600F069FC824601912B46A9
:10A8100038461946029A00F087FE3246434600F059
:10A820005DFC5246019B00F0AFF907468A4632466E
:10A8300043462946029800F051FC05460E463A462A
:10A84000534600F0A1F9594A8846914221DBA8EB12
:10A85000020353EA000210D12A46334600F064FE98
:10A86000CDE90401524A534B3846514600F08CF969
:10A87000DDE9042300F030FD21D20220FEF7C0FF05
:10A88000FFF727F90A46214618B062F31E01BDE81A
:10A89000F08D494B28F000429A4210D3474A08EB0A
:10A8A000020353EA00027FF4C6AD2A46334600F0A5
:10A8B0003BFE3A46534600F00FFD7FF6BCAD00224A
:10A8C000019228F000403E493E4A01EB205182426D
:10A8D00023DA481C4FF4801121FA00F040443A4A30
:10A8E000C0F30A517A44394BA1F2FF31CB4020EA40
:10A8F0000303C0F3130040F48010C1F11401C840F9
:10A9000012680190B8F1000FBCBF40420190284688
:10A91000314600F009FE05460E462A4633463846C3
:10A92000514600F031F94FF000084246284B4046AE
:10A93000059100F0D3FBCDE90601264A264B40469F
:10A94000059900F0CBFB009102902A463346404621
:10A95000059900F0E9FD3A46534600F0F3FC1F4A22
:10A960001F4B00F0BBFB009B029A00F00DF907465D
:10A97000884602460B4635E08E9803007AB60B00F7
:10A980004A3100000000F03F1A320000B0300000F1
:10A990000000084009C7EE3FFD033ADCF5015B14F7
:10A9A000E02F3EBE882F00004C2F0000000090409A
:10A9B000FE822B654715973C00CC904000346F3FDA
:10A9C00001FCFFFF0000E03F302F0000FFFF0F0001
:10A9D000432EE63F396CA80C615C20BEEF39FAFECD
:10A9E000422EE63FDDE9060100F0CEF8DDE9062360
:10A9F00005460E4600F098FD3A46434600F0A2FC9C
:10AA00000F462A46334600901046194600F066FB72
:10AA1000824602462E4888460B4605217844FEF7BA
:10AA2000EFFF5246434600F059FB2A46334600F0FA
:10AA300089FC80468A463B4628463146009A00F00B
:10AA40004DFB3B46009A00F09FF8069100900022D3
:10AA50004FF080434046514600F066FD0F460C9093
:10AA6000424653462846314600F038FB3B460C9A96
:10AA700000F046F9069B009A00F056FD2A46334640
:10AA800000F052FD0022134B00F05CFC05460198DB
:10AA90000E4601EB00510815002810DC284631460F
:10AAA000019A01F006FAFEF797FF042808BFFFF7A6
:10AAB00017F828463146019A01F0FBF905460B4686
:10AAC00018B02A4658462146BDE8F04D00F006BBB6
:10AAD000382D00000000F03F2DE9F04106460F46FA
:10AAE00000F03CFC041E0D4618BF0120284320F056
:10AAF0000040C0F17F6000F1E040C00F0ED0301C7C
:10AB000018BF0120384320F00040C0F17F6000F101
:10AB1000E040C00F04BF0120FEF772FE2046294628
:10AB2000BDE8F08121F00042A2F16052B2F5801F31
:10AB300001F0004328BFD2F17F6C0BD95FEA001C03
:10AB400043EAC20242EB507018BF704728BF20F0A2
:10AB500001007047B2F5801FBCBF184670474FEA2E
:10AB6000410C1CF5001F02D2084601F0BAB870B5BE
:10AB700000F05EFB00000089FFF7F6BF4FF00040D9
:10AB8000A0F580007047000010B591EA030F48BFA0
:10AB900083F0004300F1D084841A71EB030C05D2DA
:10ABA000121943EB0C03001B61EB0C01DFF824E1ED
:10ABB0004FEA1154A4EB135C1EEA430F18BF9EEA40
:10ABC000445F73D023EA0E03DCF1200E21EA045126
:10ABD00043F4801332D322FA0CFE10EB0E0023FA5A
:10ABE0000CFE41EB0E01CCF1200E03FA0EFE10EB31
:10ABF0000E0051F10001B1F5801FCCF1200E32D2D0
:10AC000001EB045112FA0EF2BDE8104058BF704734
:10AC1000401C38BF5FEA420218BF7047002814BFCB
:10AC200020F0010041F100014FEA410313F5001F3C
:10AC300038BF7047A1F1C04100F048BB012A43EB87
:10AC40000302ACF1200CDCF11F0E32BF4FF0000EFE
:10AC500023FA0CF310EB030041EB0451B4EB115F4A
:10AC6000D0D0A1EB045101F5801149085FEA300012
:10AC700001EB04510ED350F1000038BF12FA0EFE62
:10AC800008D1BDE81040C9E7401C38BF5FEA420266
:10AC9000CAD1C3E7BDE810404FEA410313F5001FD6
:10ACA00038BF7047A1F1C04100F010BB9EEA445F7D
:10ACB00008D011EA5E0FBDE8104004BF01F000416A
:10ACC00000207047BDE8104070B500F0B1FA00BF39
:10ACD00064FBBE3E0000E0FF02494FF0000001F0BF
:10ACE000B6B800BF0000F87F491058BFC1F140411D
:10ACF0005B1058BFC3F140438B42EFF300807047B5
:10AD00002DE9C04130B4DFF8A0C23CEA111418BFED
:10AD10003CEA131400F0EC8081EA03051CEA1114EC
:10AD200044EAD57418BF1CEA131500F0C780A4EBE1
:10AD300005044FF0004545EAC12145EAC32341EA35
:10AD4000505143EA525304F17F74994204F50034A0
:10AD50004FEAC0204FEAC22208BF904200F09C8018
:10AD60004FEA13650FF24016765D4FEA134506FB76
:10AD700005F7C7F1807706FB07F74FEAD737A7FB40
:10AD800003687642C8F58038A7FB06CE38BFA8F125
:10AD9000010807FB08E64FF0000EA6FB028CE6FB5D
:10ADA00003CEDCF1000CCEF1004E38BFAEF1010E47
:10ADB000A6FB0C584FF000074FF00005E6FB0E878E
:10ADC000A1FB08C6A0FB07CE16EB0E0645F1000559
:10ADD000E1FB076515F1E04E7EBFA4F580345FEA24
:10ADE00046066D4116F1800745F100054FEA172729
:10ADF0004FEA066647EA0567A6F1DE46B6F1805FD0
:10AE00004FEA15251FD9384624F0010C05EBC47113
:10AE1000BCF1FE6F01EB0C1102D8F0BCBDE8008163
:10AE200024425CBF01F5801E9EEAC47F02D4F0BCC0
:10AE3000BDE80081244238D4F0BCA1F1C041BDE896
:10AE4000004100F043BA4FEAD22242EA43524FEAAD
:10AE5000D323A7FB02864FEAD02040EA415007FBEC
:10AE600003661EEA0E0F4FEAD12105FB026658BFAA
:10AE7000A6EB0056B6EB00564FEA520E4EEAC37EE2
:10AE800018EB0E0E56EB530EBDD518EB02085E41C3
:10AE90007F1C55F10005B6E74FF480154FF0000711
:10AEA0004FF000064FF00008ADE7F0BC4FF0000097
:10AEB00001F1C04101F00041BDE8008111EA0C1F21
:10AEC0000CEA131500D00CE013EA0C1F00F02580EB
:10AED0004FF00000F0BC81EA030101F00041BDE841
:10AEE0000081F0BCBDE8004181EA030100F0EEB949
:10AEF000F0BCBDE8004170B500F09AF9097EFC3E57
:10AF000000F007B881EA03014FF0000001F00041B2
:10AF1000704781EA030100F0D9B9F0BCBDE80041F7
:10AF20004FF0000021497047FFFDFBF9F7F5F4F2FF
:10AF3000F0EEEDEBE9E8E6E4E3E1E0DEDDDBDAD8D4
:10AF4000D7D5D4D3D1D0CFCDCCCBCAC8C7C6C5C432
:10AF5000C2C1C0BFBEBDBCBBBAB9B8B7B6B5B4B349
:10AF6000B2B1B0AFAEADACABAAA9A8A8A7A6A5A434
:10AF7000A3A3A2A1A09F9F9E9D9C9C9B9A999998F8
:10AF80009797969595949393929191908F8F8E8E9B
:10AF90008D8C8C8B8B8A8989888887878685858428
:10AFA00084838382828181800000FF070000F87F14
:10AFB0004FEA41034FEA5353A3F58063D3F11E03D5
:10AFC000C8BFD3F1210C0CDD4FF0004242EAC12290
:10AFD00042EA505232FA03FC8CEAE17CACEBE170BD
:10AFE0007047102BC4BF0020704703F5787CBCF17C
:10AFF000FF3F04D06FF0004282EA2100704770B535
:10B0000000F016F94992248000207047F2E710F012
:10B01000004248BF4042B0FA80F310FA03F10AD070
:10B02000C3F11D0303F580634FEA415002EB035265
:10B0300002EBD12170474FF000007047B0FA80F367
:10B0400010FA03F10AD0C3F11D0303F580634FEA40
:10B0500041504FEA035202EBD12170474FF00000FC
:10B060007047000051EA030C17D41CF5801F58BF2D
:10B07000BCF5801F00F10680994218BF704708BFD9
:10B080009042704707D711F5801F58BF13F5801FF6
:10B0900019D499427047894270471CF5801F08D522
:10B0A000BCF5801FF7D58B4218BF704708BF82429E
:10B0B00070474FF4001C1CEB410F38BF1CEB430FD3
:10B0C00001D28B42704770B500F0B2F8922449006B
:10B0D0004FF000514FF08053FFF706BEDFF848C134
:10B0E00070B51CEA111E1EBF1CEA13159EEA0C0F58
:10B0F00095EA0C0F00F06F8081EA030423EA4C13F9
:10B100004EEAD47E21EA4C1141F4801143F48013BD
:10B11000AE44A1FB024CA0FB0365AEF17F7E361965
:10B1200055EB0C05A1FB034C4CF10003A0FB021CEA
:10B1300016EB0C06654153F10003094218BF46F0B7
:10B14000010613F4007F0BD14FEA03314FEA0530BB
:10B15000340341EA155140EA16506FF003020AE049
:10B160004FEAC3214FEAC520F40241EA555140EAB3
:10B1700056506FF0020202EB2E4201EB025585EAB7
:10B18000CE710AD05FEA440C18BF24F0004450F19D
:10B19000000041F1000120EAD47040F2FE7C6245DB
:10B1A00000D270BDA84214BF4FF080444FF040441D
:10B1B000002E08BF0024BEF1806FA8BFA1F1C041DE
:10B1C000BDE8704080F282804FF0000001F1C04184
:10B1D00001F0004170479EEA0C0F0CEA131518BFEE
:10B1E00095EA0C0F06D04FF0000081EA030E0EF036
:10B1F000004170BD00F01CF88900013E00F007B866
:10B2000000F009B84FEA430C5FEA5C5C08D081EAC1
:10B21000030100F05BB84FEA410C5FEA5C5CF6D1D9
:10B220004FF00000014970470000FF070000F87F61
:10B230000EF1020E2EF0030E5EF8046B364205D4BA
:10B24000012A43EB030515F5001F12D8012841EB35
:10B25000010C1CF5001F0CD80ED14FEAD17C15F55E
:10B26000001F0CEB4C0C0CF1020C08BF4CEBD37C18
:10B2700004E04FF0080C01E04FEAD37C0CEB4C05E6
:10B2800026FA05F606F00706B6F1040C06D20EEB18
:10B29000860CBDE870404CF0010C6047DFE80CF014
:10B2A000090B02024FF000414FF00000A1F5002110
:10B2B00070BD19461046012851EB010418BFD4F5A2
:10B2C000001484BF002001F0004170BD0808A0F503
:10B2D00000114FEA3101704753EA010C17D41CF5F5
:10B2E000801F58BFBCF5801F00F106808B4218BF3D
:10B2F000704708BF8242704707D713F5801F58BFB9
:10B3000011F5801F19D48B4270479B4270471CF582
:10B31000801F08D5BCF5801FF7D5994218BF70472C
:10B3200008BF904270474FF4001C1CEB430F38BF1E
:10B330001CEB410F01D2994270470FB40CBC03BC07
:10B34000FFF7C1BE91EA030F10B581F000413FF550
:10B3500023AC83F0004300F0EFB800002DE9F0418A
:10B3600001F5801CBCF5001FC0F2C3804FEA115CE0
:10B3700021EA0C510CF1FD0C41F480115FEA5C0CE8
:10B380000CF5C07C01D3400049413DA4890241EA4B
:10B39000905187028E0E0A0CA45D04FB04F602FB9A
:10B3A00006F6C6F14046A4FB0662F60D46EA4226C2
:10B3B00006FB06F4A4FB01235242C3F1404338BF0D
:10B3C0005B1EA6FB02420024E6FB0324D20B42EAEA
:10B3D0004446A6FB0623A1FB02E2A3FB07E4A41854
:10B3E0004FF0000252F10002E3FB01426442C2F15D
:10B3F000404E38BFAEF1010EA6FB04234FF0000211
:10B40000E6FB0E32A2FB03464FF00004B61954F1DE
:10B410000004E2FB0264A1FB06E6A4FB07E816EBCE
:10B4200008064FF0000858F10008E4FB0168764276
:10B43000C8F1405838BFA8F10108A2FB06E4A3FBFD
:10B4400008E52D194FF0000454F10004E2FB085404
:10B45000A1FB05E6A7FB04E818EB06084FF0000681
:10B4600056F10006E1FB048618F1200556F10006AE
:10B47000A809A8F11B08B10908F03F08B8F10A0FA4
:10B4800040EA86601CD901EB0C51BDE8F08100BF99
:10B49000FCF5EEE8E2DDD8D3CFCBC7C3C0BDB9B66B
:10B4A000B4B1AEACA9A7A5A3A19F9D9B9A98969570
:10B4B0009392908F8D8C8B898887868584838281F7
:10B4C000A0FB006800FB01F208EB4208B8EB8728FC
:10B4D00007D5341858EB0104D5D5401C51F10001B3
:10B4E000D1E7341A78EB0104CDD4401E71F100018C
:10B4F000C9E75FEA4C0C5FEA9C5C0DD105D34FF0C5
:10B50000000001F00041BDE8F081BDE8F04170B5F8
:10B51000FFF78EFE6DDBFFBEBDE8F0414FF000008F
:10B52000004970470000F87F10B591EA030F48BF4B
:10B5300083F000433FF530AB841A71EB030C07D264
:10B5400012198CF0004C43EB0C03001B61EB0C0157
:10B55000DFF8A4E14FEA1154A4EB135C1EEA430F99
:10B5600018BF9EEA445F00F0B08023EA6E035242A7
:10B5700021EA0451C3EB6E0338BF5B1EDCF1200EE1
:10B5800025D322FA0CFE10EB0E0043FA0CFE41EB21
:10B590000E01CCF1200E03FA0EFE10EB0E0051F15D
:10B5A0000001CCF1200E29D412FA0EF201EB045165
:10B5B000BDE8104058BF7047401C1CBFB2F1004F9F
:10B5C000704700280CBF491C20F00100704712EBA7
:10B5D000020E43EB030218BF4FF0010E4EEA420287
:10B5E000ACF1200CDCF11E0E54D943FA0CFE10EB2A
:10B5F0000E0051F1FF31CCF11E0ED5D50EF1010E2A
:10B6000012FA0EFE404141EB010101EB445C5FEA9E
:10B610005C5C10D910EBDE7001EB045138BFBEF159
:10B62000004FBDE8104018BF704700280CBF491CF0
:10B6300020F00100704730D24FEAD42C11F50011F0
:10B6400024F400641BD0B1FA81F20B3AA41AA41EB0
:10B65000D2F12003914030FA03F31943904001EBFB
:10B66000CC71002C01EB0451BDE81040A8BF70471D
:10B6700001F1C0414FF0000001F000417047B0FA05
:10B6800080F310FA03F100D110BDE41A173C48050D
:10B69000C90AE4E701EB045110BD491001EB045164
:10B6A000BDE810404FEA300002E04FF00001704763
:10B6B0004A0008BF0042F8D0B2F5001F28BF70470B
:10B6C00001F000414FF0000070479EEA445F07D050
:10B6D00011EA5E0FBDE8104004BF00210020704752
:10B6E000BDE8104070B5FFF7A3FD00BF40DFF63E98
:10B6F00083F00041104670470000E0FF43004FEA2E
:10B70000D30C4FEA3C0C43401FBF40070CF1605183
:10B7100013F0FE4F70471CF0006F03D100200CF0B7
:10B72000004170470CF0004343EA507010B540EA06
:10B73000CC0000F090FA00BF000000924FEA000138
:10B74000FFF7C4BD4FF000414FF00000A1F500210C
:10B750007047000090EA010F48BF81F0004100F1FE
:10B760000883421A3CBF801A89184FEAD0524FF022
:10B770007F4C1CEA410FA2EBD15318BF9CEA026F29
:10B7800000F03B804FF0004C4CEA00204CEA0121D5
:10B7900021FA03FC10EB0C0C1ED202F1FF325FEA1F
:10B7A0001C2040EBC25038BF70471CF07F0F4FEA9F
:10B7B000400C18BFBCF17F4F38BF7047C3F1200366
:10B7C000994008BF20F00100BCF17F4F38BF70479F
:10B7D000A0F1C04000F085BA4FEA3C00000A40EBFF
:10B7E000C25028BF1CF0FF0F4FEA400CE6D018BF34
:10B7F000BCF17F4F38BF7047EAE79CEA026F05D083
:10B8000010EA5C0F08BF00F00040704710B500F070
:10B8100022FA00BF64FBBE3E401058BFC0F140405A
:10B82000491058BFC1F140418142EFF30080704799
:10B830004FF47F0C1CEAD0121EBF1CEAD11392EA0F
:10B840000C0F93EA0C0F00F0858090EA010F48BFBF
:10B8500042F4807240F4000C41F400002CF07F416F
:10B8600020F07F4000B58142A2EB03020FF2081CDA
:10B87000ACEB504EC0F100009EF800E04FEA4E0ED7
:10B8800000FB0EFC38BF49004FEA2C1C02F5FA02FF
:10B890000CFB0EF34FEACE1E4FEA112C4FEAC121EA
:10B8A0000EEB635E42EB22420EFB0CFC4FEA1C5394
:10B8B00000FB03114FEA112C4FEA01310EFB0CFC87
:10B8C0004FEADC4C00FB0C11C14228BF09184CEBBD
:10B8D00003335DF804EB10EB410143EBC250B2F5CA
:10B8E0007C0F38BF704729D512F0F00F1CBF00F154
:10B8F000C04000F0004070470081828384858687C5
:10B9000088898B8C8D8E8F919293959697999A9C1E
:10B910009D9FA0A2A3A5A7A8AAACAEB0B2B3B5B78D
:10B92000B9BCBEC0C2C5C7C9CCCED1D4D7D9DCDF63
:10B93000E2E6E9ECF0F3F7FAFE0000004FEA400C13
:10B940000CF1807CBCF17E4F28BF7047B0F1C04045
:10B9500000F0C7B990EA010F0CEAD11348BF42F4D6
:10B960008072624538BF634507D213F47F0F16D04B
:10B9700080EA010000F00040704710B500F06BF95C
:10B98000097EFC3E00F005B880EA010000F00040AE
:10B99000704780EA010000F0004000F0A2B912F404
:10B9A0007F0F04BF0248704780EA010000F099B998
:10B9B0000000C07F50EA010C00F113801CF5000F5D
:10B9C00058BFBCF5000F01D48842704707D710F567
:10B9D000000F58BF11F5000F15D4884270478942F7
:10B9E00070471CF5000F04D5BCF5000FF7D5814258
:10B9F00070474FF0807C1CEB400F38BF1CEB410FB1
:10BA000001D28142704710B500F025F99224490017
:10BA10004FF000504FF08051FFF7FEBE41000B0E7B
:10BA2000D3F19E0208D950F400034FEA032323FA0E
:10BA300002F048BF4042704710B500F00CF900BF5B
:10BA400049922480002070476FF0004282EA200073
:10BA500070470000C10DD1F19E0206DB4FEA0023C2
:10BA600043F0004323FA02F07047004207D54FEA43
:10BA70004001B1F1FE4F02D24FF00000704710B507
:10BA800000F0E9F849922480002070476FEA200016
:10BA90007047000010F0004148BF4042B0FA80F308
:10BAA00010FA03F2C3F19D030BD051EAC35101EB2D
:10BAB0001220530638BF704700F1010008BF20F084
:10BAC00001007047B0FA80F310FA03F2C3F19D034E
:10BAD0000AD0D90501EB1220530638BF704700F198
:10BAE000010008BF20F001007047000050EA010C7F
:10BAF00000F113801CF5000F58BFBCF5000F01D4F6
:10BB00008842704707D710F5000F58BF11F5000F96
:10BB100015D488427047894270471CF5000F04D540
:10BB2000BCF5000FF7D5814270474FF0807C1CEBCD
:10BB3000400F38BF1CEB410F01D28142704710B556
:10BB400000F089F8922449004FF000504FF08051E6
:10BB5000FFF762BE4FF47F0C1CEAD0121EBF1CEA36
:10BB6000D11392EA0C0F93EA0C0F00F0478090EA91
:10BB7000010F48BF42F480724FF0004C4CEA0020A5
:10BB80004CEA012102EB0302A0FB0113A2F5000223
:10BB9000002918BF43F001035B0028BF4FEA3303BD
:10BBA00042EB22425FEA132C4CEBC2502EBFBCEB9F
:10BBB000436FB2F57C0F70474FEA036CBCF1004F46
:10BBC00008BF20F00100B2F57C0F38BF70470BD5DD
:10BBD00082F0FF0212F5803FC8BF704700F1C040FD
:10BBE000D8BF00F00040704700F5000C5FEA4C0C35
:10BBF00048BF7047B0F1C04000F073B890EA010F41
:10BC00000CEAD11348BF42F48072624538BF6345E5
:10BC100004D280EA010000F00040704710B500F047
:10BC20001AF800BF8900013E00F007B800F009B81B
:10BC30005FEA410C5FEA1C6C08D080EA010000F06A
:10BC400050B85FEA400C5FEA1C6CF6D14FF0004040
:10BC5000A0F5800070470EF1020E2EF0030E5EF884
:10BC6000044B244204D44FEA4102B2F17F4F11D871
:10BC70004FEA4003B3F17F4F0CD80ED14FEAD07C8E
:10BC8000B2F17F4F0CEB4C0C0CF1020C08BF4CEBEB
:10BC9000D17C04E04FF0080C01E04FEAD17C0CEBC2
:10BCA0004C0324FA03F404F00704B4F1040C06D2A4
:10BCB0000EEB840CBDE810404CF0010C6047DFE84F
:10BCC0000CF0070802024FF00040A0F5800010BD04
:10BCD0000846420018BFD2F1807288BF00F00040D1
:10BCE00010BDFF2141EAD050C005704751EA000C59
:10BCF00000F113801CF5000F58BFBCF5000F01D4F4
:10BD00008142704707D711F5000F58BF10F5000F9B
:10BD100015D481427047894270471CF5000F04D545
:10BD2000BCF5000FF7D5884270474FF0807C1CEBC4
:10BD3000410F38BF1CEB400F01D28842704780EAA8
:10BD4000010081EA000180EA0100FFF7F8BE80F0FF
:10BD5000004090EA010F7FF504AD81F0004100F052
:10BD600008B8000090EA010F48BF81F000413FF59C
:10BD7000F8AC421A04D882F00042A0EB0200114451
:10BD80004FEAD0524FF07F4C1CEA410FA2EBD15347
:10BD900018BF9CEA026F4AD04FF0004C4CEA0020DA
:10BDA0004CEA012121FA03FCB0EB0C0C0FD412F089
:10BDB000FE0F36D05FEA4C001DD5001240EBC2509A
:10BDC00038BF70471CF03F0F18BF70470BE0A2F15F
:10BDD00001025FEA1C2040EBC25038BF70471CF0E4
:10BDE0007F0F18BF7047C3F12003994014BF401E56
:10BDF00020F00100704780084FEA122308BF704707
:10BE0000B0FA80FCA2EB0C02CCF1280C60FA0CF02A
:10BE100093EA122F04BF00EBC25070474FEAC37081
:10BE20007047130A5FEADC1008BF7047F6E79CEA28
:10BE3000026F04D010EA5C0F08BF0020704710B5F5
:10BE4000FFF709FF40DFF63E81F0004070470CF03D
:10BE50000F03092B08BF082000F059800A2B0BD0D4
:10BE6000082B18BF704708BF1CF0400F0AD04FF0D6
:10BE700000004FF0000170471CF0400F18BF4FF05A
:10BE8000004070471CF0100F08D020F0704300F005
:10BE90007F4242EAD3014FEA4370704700F06040AE
:10BEA00021F07F4242EA000201F07F4040EA7270D6
:10BEB00070474FF0FF0C4CF4E06C1CEA11531CBFB0
:10BEC0009CEA030C9445C2BFDA4201EB0251704771
:10BED000002B0DD0BCF1000F0FD0002A01F0004163
:10BEE000A4BF41F0E04141F07F614FF00000704796
:10BEF00001F000414FF00000704750EA01334FF06D
:10BF00009B0C18BF4CF0806C7EF4E6AE70471CF4BE
:10BF1000801F11D01CF4E02F03D06FEACC31490010
:10BF200070474FF04050EFF3008222F0704242EA37
:10BF3000000282F3008870474FF000007047000055
:10BF400000000000000000000000000000003F4072
:10BF50000000000000000000300040003000400001
:10BF6000000009000BC03D000BC03D00090018C0D7
:10BF700024407FE0224031800000180024C01B00D4
:10BF80000D803240018003801C4027401C80074008
:10BF900000401000600000000000000000000000F1
:10BFA000000000001F802040402000004020204072
:10BFB0001F8000000000090006001F800600090025
:10BFC0000000040004003F80040004000000001092
:10BFD00000600000000000000000040004000400F5
:10BFE0000400040000000000004000000000000009
:10BFF0000000002001C006003800400000001F8043
:10C000002040204020401F800000000010403FC022
:10C0100000400000000018C0214022402440184089
:10C02000000010802040244024401B8000000200BB
:10C030000D0011003FC0014000003C80244024401E
:10C040002440238000001F8024402440344003808B
:10C0500000003000200027C03800200000001B80B6
:10C060002440244024401B8000001C0022C02240A9
:10C0700022401F8000000000000008400000000077
:10C08000000000000000046000000000000000004C
:10C0900004000A0011002080404009000900090046
:10C0A00009000900000000004040208011000A0043
:10C0B00004001800200023402400180000001F8006
:10C0C0002040274029401F400000004007C03900A1
:10C0D0000F0001C0004020403FC0244024401B808E
:10C0E00000001F8020402040204030800000204081
:10C0F0003FC0204020401F80000020403FC024401F
:10C100002E4030C0000020403FC024402E003000B0
:10C1100000000F00108020402240338002002040A9
:10C120003FC0040004003FC02040204020403FC0EA
:10C130002040204000000060202020203FC0200040
:10C14000200020403FC024400B0030C02040204051
:10C150003FC020400040004000C03FC03C0003C042
:10C160003C003FC0000020403FC00C4023003FC0C7
:10C1700020001F802040204020401F8000002040E1
:10C180003FC024402400180000001F8021402140AF
:10C1900020E01FA0000020403FC02440260019C01E
:10C1A000004018C02440244022403180000030006C
:10C1B00020403FC020403000000020003F80004071
:10C1C00000403F80200020003E0001C007003800F2
:10C1D0002000380007C03C0007C0380000002040A5
:10C1E00039C0060039C0204000002000384007C098
:10C1F000384020000000304021C02640384020C098
:10C200000000000000007FE040204020000000000F
:10C2100070000C000380004000000000402040201F
:10C220007FE000000000000020004000200000002F
:10C23000000000100010001000100010001000009E
:10C2400000004000000000000000000002800540E7
:10C25000054003C0004020003FC00440044003806C
:10C26000000000000380044004400640000000007D
:10C270000380044024403FC000400000038005408C
:10C28000054003400000000004401FC0244024403B
:10C290002000000002E00550055006500420204018
:10C2A0003FC00440040003C000400000044027C019
:10C2B00000400000000000100010041027E0000003
:10C2C000000020403FC00140070004C0044020405F
:10C2D00020403FC000400040000007C0040007C0ED
:10C2E000040003C00000044007C00440040003C071
:10C2F000004000000380044004400380000004105C
:10C3000007F0045004400380000000000380044054
:10C31000045007F00010044007C00240040004006D
:10C320000000000006400540054004C00000000079
:10C3300004001F800440004000000400078000400B
:10C34000044007C000400400070004C0018006004C
:10C350000400060001C0070001C006000000044000
:10C3600006C0010006C0044000000410071004E0ED
:10C370000180060004000000044005C0064004409F
:10C3800000000000000004007BE0402000000000EE
:10C3900000000000FFF000000000000040207BE0F3
:10C3A0000400000000004000800040002000200049
:10C3B000400000000000000000000000000000003D
:10C3C00000000000000000001FCC000C0000000076
:10C3D000000000000800300060000800300060002D
:10C3E0000000022003FC1E20022003FC1E2002206D
:10C3F000000000000E1811043FFF10840C780000AC
:10C4000000000F0010840F3800C0077818840078EF
:10C41000000000780F8410C411240E9800E40084FA
:10C420000008080068007000000000000000000024
:10C43000000000000000000007E01818200440027F
:10C440000000000040022004181807E0000000006F
:10C4500000000240024001800FF0018002400240D3
:10C4600000000080008000800FF8008000800080C5
:10C4700000000001000D000E0000000000000000A0
:10C4800000000000008000800080008000800080AC
:10C4900000800000000C000C000000000000000004
:10C4A000000000000006001800600180060018006F
:10C4B0002000000007F0080810041004080807F026
:10C4C00000000000080408041FFC00040004000031
:10C4D000000000000E0C10141024104411840E0CE7
:10C4E000000000000C1810041104110412880C70D4
:10C4F0000000000000E00320042408241FFC0024A6
:10C50000000000001F98108411041104108810709E
:10C510000000000007F0088811041104188800705A
:10C52000000000001C00100010FC13001C00100094
:10C53000000000000E3811441084108411440E389D
:10C54000000000000700088C10441044088807F021
:10C550000000000000000000030C030C00000000BD
:10C5600000000000000000010106000000000000C3
:10C5700000000000008001400220041008081004A0
:10C5800000000220022002200220022002200220BD
:10C590000000000010040808041002200140008080
:10C5A000000000000E001200100C106C10800F0034
:10C5B000000003E00C1813E4142417C4082807D063
:10C5C00000000004003C03C41C40074000E4001CC1
:10C5D000000410041FFC1104110411040E880070E3
:10C5E000000003E00C1810041004100410081C10C4
:10C5F000000010041FFC100410041004080807F0C9
:10C60000000010041FFC1104110417C410040818C2
:10C61000000010041FFC1104110017C010000800D6
:10C62000000003E00C181004100410441C780040B3
:10C63000000010041FFC10840080008010841FFC88
:10C6400010040000100410041FFC1004100400006B
:10C65000000000030001100110011FFE1000100077
:10C66000000010041FFC110403801464181C100443
:10C67000000010041FFC1004000400040004000C5F
:10C68000000010041FFC1F0000FC1F001FFC100412
:10C69000000010041FFC0C04030000E010181FFC35
:10C6A000100007F00808100410041004080807F030
:10C6B000000010041FFC10841080108010800F00F8
:10C6C000000007F0081810241024101C080A07F2B4
:10C6D000000010041FFC1104110011C011300E0CD9
:10C6E000000400000E1C11041084108410441C3837
:10C6F00000001800100010041FFC100410001800A7
:10C70000000010001FF810040004000410041FF8BB
:10C71000100010001E0011E0001C007013801C00AF
:10C7200010001FC0103C00E01F0000E0103C1FC0C4
:10C7300000001004180C163401C001C01634180C87
:10C74000100410001C00130400FC13041C00100053
:10C7500000000804101C1064108413041C0410183A
:10C7600000000000000000007FFE40024002400286
:10C770000000000030000C0003800060001C00037B
:10C78000000000004002400240027FFE0000000066
:10C790000000000000002000400040004000200099
:10C7A0000000000100010001000100010001000182
:10C7B00000010000400040002000000000000000D8
:10C7C000000000000098012401440144014400FCE1
:10C7D000000410001FFC00880104010400880070A0
:10C7E00000000000007000880104010401040088BA
:10C7F00000000000007000880104010411081FFC03
:10C800000004000000F8014401440144014400C850
:10C8100000000000010401040FFC110411041100C8
:10C820001800000000D601290129012901C90106CB
:10C83000000010041FFC008401000100010400FC42
:10C84000000400000104190419FC000400040000A5
:10C8500000000000000300010101190119FE0000A1
:10C86000000010041FFC0024004001B4010C01046E
:10C8700000000000100410041FFC0004000400006D
:10C880000000010401FC0104010001FC010401009D
:10C8900000FC010401FC008401000100010400FC13
:10C8A0000004000000F8010401040104010400F880
:10C8B0000000010101FF00850104010400880070EF
:10C8C000000000000070008801040104010501FF60
:10C8D00000010104010401FC008401040100018045
:10C8E0000000000000CC012401240124012401984F
:10C8F000000000000100010007F80104010400002D
:10C900000000010001F8000400040004010801FC1B
:10C910000004010001800170000C00100160018022
:10C92000010001F0010C003001C00030010C01F0E9
:10C93000010000000104018C00740170018C0104ED
:10C940000000010101810171000E001801600180E9
:10C95000010000000184010C013401440184010C38
:10C960000000000000000000000001003EFC40024A
:10C9700040020000000000000000FFFF0000000077
:10C9800000000000400240023EFC010000000000E8
:10C990000000000060008000800040004000200097
:10C9A000200000006800000476005401F7FD00013B
:10C9B00075191A0C6A231B1C1F207274433B4138E3
:10C9C000393A6B6C376F06246D6E7000830000007F
:10C9D000000800000001001832000500000020419E
:10C9E0000000D242295C0F3E9A99993E3333733F3F
:10C9F000295C0F3E000070000000002400000002CF
:10CA00000003000000650054FFEF0000FA80000BF7
:10CA100012820001030C30C30E8C8CE914D5400245
:10CA200013710F8E3883F8833000F883258EF883D6
:10CA30003000F883FFFFFFFF0FFEA9D6240004009B
:10CA40001A8279A10000003CFFFF000000100000E6
:10CA500038836FA2003E03304000000002CAE309A1
:10CA60003E800000200000000000000040000000A8
:10CA700060000000000C0000000C186E0000069220
:10CA80000A16C0DFFFFF0256FD8CD377FFE1C49684
:10CA9000E0C5BEAA00000000FFFF0B2B00001657E8
:10CAA000000003594000000000001DFA00026C1D48
:10CAB000000000003FFFDFEB003EB3B6000D227820
:10CAC00000002F3C00000000001942B5000039A210
:10CAD0000000B365D90E9FC91DCF4C343000000053
:10CAE000500000003BB67AE80064000000C8000077
:10CAF00000000000100000001000FA921000225EFA
:10CB0000000D229F0001000000320000FF460000DF
:10CB100063D400001000000004D6000004CC000024
:10CB200004CC000000001072000000400000000073
:10CB300000000000000600020005000700000000E1
:10CB40000064000000000000000000050005006413
:10CB50000020000000000000000000000000400075
:10CB60000000030000000032F8980000FF6500009C
:10CB7000830F0000FF9BFC0000000000000000008D
:10CB800000000000000000000000000000000000A5
:10CB90000000000000000000000000000000000095
:10CBA0000000100040000000000000060000B26A13
:10CBB000000200000001FB830068000000D9FC00B7
:10CBC0007CF1FF830000000000650000006403E8C2
:10CBD00000640028000000250000000016A00000EE
:10CBE0000000100000001000002F0000000001F401
:10CBF0000000100000280000FFFF4581FFFFFA72CF
:10CC00000000000000000000004400050005BAC656
:10CC1000004778A2000000010000000000000600AC
:10CC2000000000140000254D002F706D000005AEBF
:10CC3000000C02D000000000000000000000000016
:10CC400000000000001B00000000000000000000C9
:10CC50000000000000640000000800000000000068
:10CC600000000000000000000000000000000000C4
:10CC700000000000000000000000000000000000B4
:10CC800000000000000000000000000000000000A4
:10CC90000000000000000000000000000000000094
:10CCA0000000000000000000000000000000000084
:10CCB00000000000001B0000000000000000000059
:10CCC000000E000E00000AC7000400000000003241
:10CCD000FFFFFF9C00000B2B000000020000000182
:10CCE00000000064FFE500000000000000000000FC
:10CCF0000000000000000001000000000001000032
:10CD000000000000000180000001800000018000A0
:10CD1000002426D3000000000000000000060010E0
:10CD20000096003C00000000000000000000000031
:10CD3000000000000C0A4E68CDCF770950166759E5
:10CD4000C619CE82000000000000000000000000B4
:10CD500000000000000000000000000017D7840061
:10CD6000030000000000000000000000C7938F9D3A
:10CD70001E1B1C1900000000000000000000000045
:10CD80000000000000000000000000000203188501
:10CD9000000040000000000300000003000000004D
:10CDA0000000000040000000000000000000000043
:10CDB0000000000000000000000000000000000073
:10CDC0000000000000000000000000000000000063
:10CDD0000000000000000000677DDF7E72902E558D
:10CDE0004CF6E68800000000000000000000000093
:10CDF00000000000D8DCB4B8B0D8B9ABF3F8FAB38F
:10CE0000B7BB8E9EAEF132F51BF1B4B8B08097F18E
:10CE1000A9DFDFDFAADFDFDFF2AAC5CDC7A90CC912
:10CE20002C97F1A989264666B28999A92D557DB01E
:10CE3000B08AA896365676F1BAA3B4B280C0B8A824
:10CE40009711B28398BAA3F0240844106418B2B9B9
:10CE5000B49883F1A329557DBAB5B1A38393F000AB
:10CE60002850F5B2B6AA839328547CF1B9A38293D3
:10CE700061BAA2DADEDFDB819AB9AEF5606870F1E3
:10CE8000DABAA2DFD9BAA2FAB9A38292DB31BAA286
:10CE9000D9BAA2F8DF85A4D0C1BBAD83C2C5C7B8DB
:10CEA000A2DFDFDFBAA0DFDFDFD8D8F1B8AAB38D09
:10CEB000B4980D355DB2B6BAAF8C96198F9FA70E98
:10CEC000161EB49AB8AA872C547CBAA4B08AB6911C
:10CED000325676B28494A4C808CDD8B8B4B0F199CB
:10CEE00082A82D557D98A80E161EA22C547C92A4C3
:10CEF000F02C5078F184A898C4CDFCD80DDBA8FCA8
:10CF00002DF3D9BAA6F8DABAA6DED8BAB2B68696A2
:10CF1000A6D0F3C841DAA6C8F8D8B0B4B882A892AF
:10CF2000F52C548898F135D9F418D8F1A2D0F8F935
:10CF3000A884D9C7DFF8F883C5DADF69DF83C1D8F1
:10CF4000F40114F1A8824EA884F311D182F5D9928C
:10CF5000289788F109F41C1CD884A8F3C0F9D1D90A
:10CF60009782F129F40DD8F3F9F9D1D982F4C203EB
:10CF7000D8DEDF1AD8F1A2FAF9A88498D9C7DFF869
:10CF8000F8F883C7DADF69DFF883C3D8F40114F156
:10CF900098A8822EA884F311D182F5D9925097884F
:10CFA000F109F41CD884A8F3C0F8F9D1D99782F11B
:10CFB00049F40DD8F3F9F9D1D982F4C403D8DEDFEE
:10CFC000D8F1AD8898CCA809F9D98292A8F57CF15E
:10CFD000883ACF944A6E98DB6931DAADF2DEF9D83F
:10CFE0008795A8F221D1DAA5F9F417D9F1AE8ED040
:10CFF000C0C3AE82C684C3A88595C8A588F2C0F117
:10D00000F4010EF18E9EA8C63E56F554F18872F4D6
:10D010000115F19845856EF58E9E0488F142985A67
:10D020008E9E068869F4011CF1981E1108D0F50443
:10D03000F11E970202983625DBF9D985A5F3C1DAEE
:10D0400085A5F3DFD88595A8F309DAA5FAD88292E9
:10D05000A8F578F1881A849F26889821DAF41DF3C0
:10D06000D8879F39D1AFD9DFDFFBF9F40CF3D8FAB9
:10D07000D0F8DAF9F9D0DFD9F9D8F40BD8F3879FD3
:10D0800039D1AFD9DFDFF41DF3D8FAFCA869F9F97B
:10D09000AFD0DADEFAD9F88F9FA8F1CCF398DB4550
:10D0A000D9AFDFD0F8D8F18F9FA8CAF38809DAAFDB
:10D0B0008FCBF8D8F2AD978D0CD9A5DFF9BAA6F3CE
:10D0C000FAF412F2D8950DD1D9BAA6F3FADAA5F28C
:10D0D000C1BAA6F3DFD8F1BAB2B68696A6D0CAF323
:10D0E00049DAA6CBF8D8B0B4B8D8AD84F2C0DFF135
:10D0F0008FCBC3A8B2B68696C8C1CBC3F3B0B488F1
:10D1000098A821DB718D9D71859521D9ADF2FAD852
:10D110008597A828D9F408D8F28D29DAF405D9F230
:10D1200085A4C2F2D8A88D9401D1D9F411F2D88780
:10D1300021D8F40AD8F28498A8C801D1D9F411D81A
:10D14000F3A4C8BBAFD0F2DEF8F8F8F8F8F8F8F8B6
:10D15000D8F1B8F6B5B9B08A95A3DE3CA3D9F8D812
:10D160005CA3D9F8D87CA3D9F8D8F8F9D1A5D9DF30
:10D17000DAFAD8B18530F7D9DED8F830ADDADED8B2
:10D18000F2B48C99A32D557DA083DFDFDFB591A08C
:10D19000F629D9FBD8A0FC29D9FAD8A0D051D9F8C2
:10D1A000D8FC51D9F9D879D9FBD8A0D0FC79D9FAD3
:10D1B000D8A1F9F9F9F9F9A0DADFDFDFD8A1F8F899
:10D1C000F8F8F8ACDEF8ADDE8393AC2C547CF1A813
:10D1D000DFDFDFF69D2CDAA0DFD9FADB2DF8D8A847
:10D1E00050DAA0D0DED9D0F8F8F8DB55F8D8A87816
:10D1F000DAA0D0DFD9D0FAF8F8F8F8DB7DF8D89CBF
:10D20000A88CF530DB38D9D0DEDFA0D0DEDFD8A89F
:10D2100048DB58D9DFD0DEA0DFD0DED8A868DB70CD
:10D22000D9DFDFA0DFDFD8F1A888902C547C98A844
:10D23000D05C38D1DAF2AE8CDFF9D8B087A8C1C1A2
:10D24000B188A8C6F9F9DA36D8A8F9DA36D8A8F933
:10D25000DA36D8A8F9DA36D8A8F9DA36D8F78D9DB3
:10D26000ADF818DAF2AEDFD8F7ADFA30D9A4DEF9AE
:10D27000D8F2AEDEFAF983A7D9C3C5C7F1889BA758
:10D280007AADF7DEDFA4F8849408A797F300AEF236
:10D290009819A488C6A39488F632DFF28393DB0939
:10D2A000D9F2AADFD8D8AEF8F9D1DAF3A4DEA7F123
:10D2B000889B7AD8F38494AE19F9DAAAF1DFD8A85A
:10D2C00081C0C3C5C7A39283F628ADDED9F8D8A321
:10D2D00050ADD9F8D8A378ADD9F8D8F8F9D1A1DAFA
:10D2E000DEC3C5C7D8A18194F818F2B089ACC3C514
:10D2F000C7F1D8B8B4B09786A8319B069907AB9709
:10D3000028889BF00C201440B0B4B8F0A88A9A2862
:10D310005078B79BA82951792470594469386448DA
:10D3200031F1BBAB88002C547CF0B38BB8A8042837
:10D330005078F1B088B49726A85998BBABB38B024C
:10D34000264666B0B8F08A9CA82951798B29517974
:10D350008A2470598B2058718A4469388B39406807
:10D360008A6448318B30496088F1AC002C547CF0E1
:10D370008CA804285078F1889726A85998AC8C027C
:10D38000264666F0899CA829517924705944693849
:10D39000644831A98809205970AB11384069A8192F
:10D3A0003148608CA83C415C207C00F1879819864C
:10D3B000A86E767EA999882D557DD8B1B5B9A3DF21
:10D3C000DFDFAED0DFAAD0DEF2ABF8F9D9B087C488
:10D3D000AAF1DFDFBBAFDFDFB9D8B1F1A3978E6071
:10D3E000DFB084F2C8F8F9D9DED89385F14AB18369
:10D3F000A308B5839A0810B79F10D8F1B0BAAEB0A1
:10D400008AC2B2B68E9EF1FBD9F41DD8F9D90CF1BF
:10D41000D8F8F8AD61D9AEFBD8F40CF1D8F8F8AD76
:10D4200019D9AEFBDFD8F416F1D8F8AD8D61D9F477
:10D43000F4ACF59C9C8DDF2BBAB6AEFAF8F40BD8A1
:10D44000F1AED0F8AD51DAAEFAF8F1D8B9B1B6A371
:10D45000839C08B9B1839AB5AAC0FD3083B79F10E9
:10D46000B58B93F20202D1ABDADED8F1B080BAAB61
:10D47000C0C3B284C1C3D8B1B9F38BA391B609B408
:10D48000D9ABDEB0879CB9A3DDF1B38B8B8B8B8BD3
:10D49000B087A3A3A3A3B28BB69BF2A3A3A3A3A31A
:10D4A000A3A3A3A3A3F1B087B59AA3F39BA3A3DC83
:10D4B000BAACDFB9A3A3A3A3A3A3A3A3A3A3A3A3CA
:10D4C000A3A3A3A3D8D8D8BBB3B7F1AAF9DAFFD9DD
:10D4D000809AAA28B48098A720B79787A86688F072
:10D4E0007951F1902C870CA781976293F07171604C
:10D4F00085940129517990A5F1284C6C870C9518D9
:10D500008578A38390284C6C886CD8F3A28200F2B3
:10D5100010A8921980A2F2D926D8F188A84DD9482E
:10D52000D896A83980D93CD89580A839A68698D9AC
:10D530002CDA87A72CD8A8899519A980D938D8A81A
:10D540008939A980DA3CD8A82EA83990D90CD8A856
:10D55000953198D90CD8A809D9FFD801DAFFD89508
:10D5600039A9DA26FFD890A80D8999A810809821AA
:10D57000DA2ED88999A83180DA2ED8A886963180FB
:10D58000DA2ED8A8873180DA2ED8A88292F341808B
:10D59000F1D92ED8A882F31980F1D92ED882ACF314
:10D5A000C0A28022F1A62EA72EA92298A829DAAC23
:10D5B000DEFFD8A2F22AF1A92E8292A8F23180A62B
:10D5C00096F1D900AC8C9C0C30ACDED0DEFFD88C50
:10D5D0009CACD010ACDE8092A2F24C82A8F1CAF2D0
:10D5E00035F19688A6D900D8F1FF00000000803FF1
:10D5F00000000000000000000000803F0000803FAD
:10D600000AD7A3BB000000000000803F0AD7A33B5D
:10D61000000000000000803F00000000FFE6DB2E5D
:10D620000000000000000000FFE6DB2E17B7D13835
:10D630000000803F000000000AD7A3BB0000803F2D
:10D640000000803F000000000000803F000000005C
:10D65000000000000000803F0000803F0AD7A3BB0D
:10D66000000000000000803F0AD7A33B000000003C
:10D670000000803F00000000FFE6DB2E00000000FD
:10D6800000000000FFE6DB2E17B7D1380000803F16
:10D69000000000000AD7A3BB0000803F0000803FCD
:10D6A0000000000000000000555555555555C53F78
:10D6B0007D6FEB0312D6D4BF5544880E55C1C93FC8
:10D6C0003B8F68B52882A4BF88B20175E0EF493F5F
:10D6D00009F7FD0DE13D023F4B2D8A1C273A03C09F
:10D6E000C88A599CE52A004059018D1B6C06E6BF8B
:10D6F00082922EB1C5B8B33F000000000000F03F99
:10D70000000000000000F83F0000000000000000E2
:10D710000000004003B8E23F0000000000000000ED
:10D7200006D0CF43EBFD4C3E033333333333E33F7B
:10D73000FFAB6FDBB66DDB3F4D268F515555D53FA7
:10D7400001411DA96074D13F65DBC9934A86CD3F75
:10D75000EF4E454A287ECA3F3E5555555555C53F63
:10D7600093BDBE166CC166BF2CDE25AF6A56113F55
:10D77000F16BD2C541BDBBBED0A4BE726937663E57
:10D780004FBB610567ACDD3F182D4454FB21E93FD9
:10D790009BF681D20B73EF3F182D4454FB21F93FC8
:10D7A000E2652F227F2B7A3C075C143326A6813C4E
:10D7B000BDCBF07A8807703C075C143326A6913CF9
:10D7C000C4EB98999999C9BF711623FEC671BCBF65
:10D7D0006D9A74AFF2B0B3BF9AFDDE522DDEADBFCD
:10D7E0002F6C6A2C44B4A2BF0D5555555555D53FE5
:10D7F000FF8300922449C23F6E204CC5CD45B73F00
:10D80000513DD0A0660DB13FEB0D76244B7BA93F77
:10D8100011DA22E33AAD903F000000000000000062
:10D8200050726F647563742049442072656164208E
:10D830006173203020696E6469636174657320646C
:10D84000657669636520697320656974686572200F
:10D85000696E636F6D70617469626C65206F7220B0
:10D86000616E204D5055333035302E0D0A000000CA
:10D8700090D80008000000203002000028010008B5
:10D88000F0D8000830020020B00B0000840100082E
:10D890001184A24A04400A0102030406070809028F
:10D8A000032E020124AC0A4723E642237A4613B42E
:10D8B00042AC40834558795C0414040608092D6E77
:10D8C000011F1A5888011A052E0AD7A33B0B148092
:10D8D0003F0C09384013B0C91B08A40401200A1FDB
:10D8E000CC24C9905AFF040A3F01CC091428000037
:04000005080000ED02
:00000001FF
