:020000040800F2
:1000000000CE01208540000855060008570600086C
:100010005B0600085F060008630600080000000099
:10002000000000000000000000000000670600085B
:1000300069060008000000006B0600086D06000855
:100040009F4000089F4000089F4000089F40000814
:100050009F4000089F4000089F4000089F40000804
:100060009F4000089F4000089F4000089F400008F4
:100070009F4000089F4000089F4000089F400008E4
:100080009F4000089F4000089F4000089F400008D4
:100090009F4000089F4000089F4000089F400008C4
:1000A0009F4000089F4000089F4000089F400008B4
:1000B0009F4000089F400008316E00089F400008E4
:1000C0009F4000089F4000089F4000089F40000894
:1000D0009F400008FB3F00089F4000089F40000829
:1000E0009F4000089F4000089F4000089F40000874
:1000F0009F4000089F4000089F4000089F40000864
:100100009F400008C12800089F4000089F40000849
:100110009F4000089F4000089F4000089F40000843
:100120009F4000089F4000089F4000089F40000833
:100130009F4000089F4000089F4000089F40000823
:100140009F4000089F4000089F4000089F40000813
:100150009F4000089F4000089F4000089F40000803
:100160009F4000089F4000089F4000089F400008F3
:100170009F4000089F4000089F4000089F400008E3
:100180009F4000089F40000800F002F800F06DF862
:100190000AA090E8000C82448344AAF10107DA45E2
:1001A00001D100F062F8AFF2090EBAE80F0013F0C7
:1001B000010F18BFFB1A43F001031847287403000E
:1001C000487403000A444FF0000C10F8013B13F090
:1001D000070408BF10F8014B1D1108BF10F8015BA0
:1001E000641E05D010F8016B641E01F8016BF9D193
:1001F00013F0080F1EBF10F8014BAD1C0C1B09D1EA
:100200006D1E58BF01F801CBFAD505E014F8016B5B
:1002100001F8016B6D1EF9D59142D6D370470000ED
:100220000023002400250026103A28BF78C1FBD8FF
:10023000520728BF30C148BF0B60704764290BF0DC
:10024000D98275290BF0D68278290BF00F836329A8
:100250000BF0BF8573290BF0C485002070471FB5D4
:100260000BF045FE1FBD10B510BD0BF007FE11468B
:10027000FFF7F5FF00F010F80BF025FE03B4FFF7D1
:10028000F2FF03BC03F05AFE30BF72B6704762B68D
:10029000704780F308887047ADF5107D00244FF457
:1002A000A06003F00FFFA82003F0C6FD4FF4E1307B
:1002B00003F051FE03F097FC03F08DFB8148416889
:1002C0005420884700F088FB03F0F6F9002006F080
:1002D00076F9022006F073F90BE07BA00BF01AFA16
:1002E0007DA20121084603F0C2FB4FF4C87003F061
:1002F00005FE03F07EFD0028EFD108E07BA201217E
:10030000032003F0B4FB4FF4FA7003F0F7FD01F0A3
:10031000ABFA0028F2D10AF04DFD784901220868B5
:1003200077A108F0DFFE044664B176A20121072020
:1003300003F09DFB214677A00BF0ECF94FF4FA7027
:1003400003F0DCFD6D490122086878A108F0CAFEBF
:10035000044664B176A20121072003F088FB214600
:1003600078A00BF0D7F94FF4FA7003F0C7FD2146DF
:100370007BA00BF0CFF90D2C29D180A20121072001
:1003800003F075FB4FF4FA7003F0B8FD0A2280A168
:10039000684608F0D2FE044664B969467FA00AF0B8
:1003A00092FB684609F0B6F980A20121072003F00C
:1003B0005EFB08E081A20121072003F058FB2146E3
:1003C00082A00BF0A7F94FF47A7003F097FD012299
:1003D0006FA1684608F0B1FE04465CB985A2012110
:1003E000072003F044FB84A00BF094F9684609F061
:1003F00091F907E051A20121072003F038FB80A00A
:100400000BF088F94FF47A7003F078FD07E07FA2D3
:100410000121032003F02BFBC82003F06FFD8EAAFF
:100420008FA97CA00AF062FD0028F0D17AA20121F8
:10043000032003F01CFB79A20121042003F017FB29
:100440000423052103208F9A03F02FFB04230521A9
:1004500018468E9A03F029FB32E002F0E2FE8CA9E6
:100460008DA803F09AFC9DF834126EA00BF052F99F
:100470009DF830126EA00BF04DF99DF8342270A15A
:100480008BA80BF053F99DF830226DA18AA80BF0D0
:100490004DF96CA20121084603F0E9FA6BA2012193
:1004A000022003F0E4FA8BAA0521012003F0DFFA11
:1004B0008AAA0521022003F0DAFAC82003F01EFD03
:1004C000CBE70000AC010020444854313120457294
:1004D000726F720D0A000000444854313120496E99
:1004E0006974204572726F72000000005344204905
:1004F0006E6974204572726F720000004CC7012053
:10050000303A00005344204D6F756E742046616987
:100510006C6564005344204D6F756E7420466169AC
:100520006C65643A2025640D0A000000313A000031
:10053000466C617368204D6F756E74204661696CFE
:1005400065640000466C617368204D6F756E7420A1
:100550004661696C65643A2025640D0A000000005C
:10056000665F6D6F756E7428303A292072657475F8
:10057000726E3A2025640D0A000000004E6F20467E
:10058000532C205472792043726561746500000019
:10059000313A746573742E747874000048656C6C1D
:1005A0006F2C2057323551585821000046696C6530
:1005B00020437265617465640000000043726561E8
:1005C0007465204661696C656400000046696C656D
:1005D000206372656174696F6E206661696C656421
:1005E0002C206572726F7220636F64653A202564F7
:1005F0000D0A00004F4B00004F4B0D0A0000000099
:100600004661696C65640D0A000000004572726FF6
:10061000723200003000000053554D00467265658F
:100620000000000054656D703A256420430D0A00F7
:1006300048756D693A25642025250D0A00000000E3
:100640002532640054656D703A00000048756D698C
:100650003A000000704700BFFEE700BFFEE700BFA2
:10066000FEE700BFFEE77047704770477047000025
:100670000CB50020019000907648006840F480306E
:100680007449086000BF7348006800F400300090AF
:100690000198401C0190009818B90198B0F5A04F3E
:1006A000F1D16C48006800F4003010B101200090D6
:1006B00001E0002000900098012846D165484030B4
:1006C000006840F08050634940310860624800682B
:1006D00040F44040604908605E48083000685D4969
:1006E000083108600846006840F400400860084689
:1006F000006840F4A05008605848091F0860081FAF
:10070000006840F08070091F086000BF5148006811
:1007100000F000700028F9D040F2057050490860E0
:100720004C480830006820F003004A49083108604E
:100730000846006840F00200086000BF45480830E5
:10074000006800F00C000828F8D10CBD10B5454831
:10075000006840F47000434908603E48006840F07B
:1007600001003C49086000203A49083108603948D6
:1007700000683D490840374908603C48091D086049
:10078000081F006820F48020091F086000203149FC
:100790000C310860FFF76CFF4FF000603149803981
:1007A000086010BD70B50020002202230024022141
:1007B000284D08352D6805F00C0020B1042806D01E
:1007C000082834D107E02A4D2A4E356033E02A4DFF
:1007D000284E35602FE01F4D2D1D2D68C5F3805428
:1007E0001C4D2D1D2D6805F03F0154B1224DB5FB68
:1007F000F1F5184E361D3668C6F3881605FB06F26D
:1008000009E01B4DB5FBF1F5124E361D3668C6F3F7
:10081000881605FB06F20F4D2D1D2D68C5F3014509
:100820006D1C6B00B2FBF3F5124E356003E0104D0A
:10083000104E356000BF00BF064D08352D68C5F36A
:1008400003150E4E705D0B4D2D68C540094E356089
:1008500070BD00000038024000700040085440079E
:10086000003C024088ED00E0FFFFF6FE103000245F
:100870000024F4000000002000127A000400002090
:1008800010B5044600BF0221414805F051FE002882
:10089000F9D021463E4805F002FE00BF01213C4848
:1008A00005F046FE0028F9D0394805F0F5FDC0B244
:1008B00010BD00B587B00121084604F085F801217C
:1008C000080304F0DBF83820059002208DF81800AA
:1008D00000208DF81A0003208DF8190001208DF8F2
:1008E0001B0005A92B4803F0E3FC0522032129483E
:1008F00003F069FD05220421264803F064FD05226A
:100900001146244803F05FFD0121080304F00BF9B0
:1009100000214FF4805004F006F90020ADF80000EB
:100920004FF48270ADF802000020ADF80400022000
:10093000ADF806000120ADF808004002ADF80A004D
:100940003820ADF80C000020ADF80E000720ADF8FF
:10095000100069460E4805F027FC01210C4805F0FF
:100960001DFDFF20FFF78CFF07B000BD10B504464A
:10097000074800884FF6C7710840054908800846B7
:100980000088204308800121014805F007FD10BDC3
:10099000003001400004024010B500240020D84976
:1009A00008609020FFF76CFF0020FFF769FF002030
:1009B000FFF766FF0020FFF763FFFF20FFF760FFF0
:1009C00044EA0024FF20FFF75BFF04430120CD49E8
:1009D000C1F8B802204610BD1CB50121022003F069
:1009E000F3FF0121402003F0EFFF4FF4804000901F
:1009F00001208DF8040000208DF8060003208DF8FA
:100A0000050001208DF807006946BF4803F050FC3F
:100A1000802000906946BD4803F04AFC8021BB4815
:100A200003F0C2FC0120B6490860FFF742FF08202E
:100A3000FFF79CFFFFF7B0FFB54908801CBD10B55C
:100A400000240020AE4908600520FFF719FFFF20B1
:100A5000FFF716FF04460120AA49C1F8B802204654
:100A600010BD10B504460020A54908600120FFF71D
:100A700007FF2046FFF704FF0120A249C1F8B80292
:100A800010BD10B500209E4908600620FFF7F8FE53
:100A900001209C49C1F8B80210BD10B5002098494A
:100AA00008600420FFF7ECFE01209649C1F8B80267
:100AB00010BD2DE9F04106460C461746002090492E
:100AC00008600320FFF7DCFEC4F30740FFF7D8FE01
:100AD000C4F30720FFF7D4FEE0B2FFF7D1FE0025F4
:100AE00005E0FF20FFF7CCFE7055681C85B2BD42C3
:100AF000F7DB012082490860BDE8F08110B500BF36
:100B0000FFF79DFF00F001000028F9D110BD2DE98D
:100B1000F04106460C461746FFF7B3FF0020784920
:100B200008600220FFF7ACFEC4F30740FFF7A8FE01
:100B3000C4F30720FFF7A4FEE0B2FFF7A1FE0025F3
:100B400004E0705DFFF79CFE681C85B2BD42F8DBD7
:100B500001206B490860FFF7D1FFBDE8F0812DE966
:100B6000F04107460E461446F0B2C0F58075AC421F
:100B700000DC254612E02A4631463846FFF7C7FF1B
:100B8000AC4200D10BE02F442E44601B84B2B4F57C
:100B9000807F02DD4FF4807500E02546EBE700BF63
:100BA000BDE8F08110B5044621465AA00AF0B2FD16
:100BB0002403FFF766FFFFF7A1FF002050490860FC
:100BC0002020FFF75DFEC4F30740FFF759FEC4F392
:100BD0000720FFF755FEE0B2FFF752FE012049491A
:100BE000C1F8B802FFF78AFF10BD2DE9F05F81461A
:100BF0000F461646DFF824B14FEA1738C7F30B0A41
:100C0000CAF58054A64200DC344644E04FEA08317D
:100C10004FF480525846FFF74CFF002508E00AEBDE
:100C200005001BF80000FF2800D003E0681C85B217
:100C3000A542F4DB00BFA54216DA4046FFF7B2FF3B
:100C4000002507E019F8050005EB0A010BF8010083
:100C5000681C85B2A542F5DB4FEA08314FF480529B
:100C60005846FFF77CFF04E0224639464846FFF726
:100C700076FFA64200D10FE008F101084FF0000A0C
:100C8000A1442744301B86B2B6F5805F02DD4FF4E5
:100C9000805400E03446B9E700BFBDE8F09F10B5CE
:100CA000FFF7EFFEFFF72AFF002015490860C72075
:100CB000FFF7E6FD01201349C1F8B802FFF71EFF58
:100CC00010BD10B500200E490860B920FFF7D8FD0F
:100CD00001200C49C1F8B802032003F0C7F810BD89
:100CE00010B5002006490860AB20FFF7C9FD0120C0
:100CF0000449C1F8B802032003F0B8F810BD0000A1
:100D0000B882404200804042000402400018024085
:100D10001400002066653A25780D0A00B80200200C
:100D20000020FE490860091D0860091D0860091DB2
:100D30000860FA4924310860091D0860091D08602F
:100D4000F748F649383108600020091D08607047EF
:100D500001460020012900D011B9F24B197000E0C2
:100D6000262070470146ED4A121D106820F0FF0052
:100D700008431060704770B5044606E0E748343019
:100D8000056805F0450000B100E0F7E700BF04206A
:100D900003F01AFC20B1042003F021FC032070BDF5
:100DA000012003F011FC20B1012003F018FC012008
:100DB000F5E7DA4810300068A04201D01020EEE7D5
:100DC00040F2FF5003F00BFCD448143000680821B7
:100DD0000840C0B2E3E72DE9FC4107460D46002676
:100DE00000240020009001900820CF4908601020C6
:100DF0004860402088600020C8604FF4806008612F
:100E0000084603F04EFB1020FFF7B5FF044614B16F
:100E10002046BDE8FC81C54800880004C24908603E
:100E200037204860402088600020C8604FF4806010
:100E30000861084603F035FB3720FFF79CFF0446A6
:100E40000CB12046E5E74FF0FF30B94908600820B3
:100E50004860302088600220C860002008610120BE
:100E60004861084603F049FB0020AF490860332081
:100E70004860402088600020C8604FF480600861AE
:100E8000084603F00EFB3320FFF775FF04460CB154
:100E90002046BEE70DE04FF4001003F095FB40B193
:100EA0009E48803000684DF82600761C022E00D344
:100EB00007E09A483430006840F22A610840002870
:100EC000E9D000BF082003F07FFB20B1082003F029
:100ED00086FB04209DE7022003F076FB20B1022070
:100EE00003F07DFB022094E7202003F06DFB20B18E
:100EF000202003F074FB06208BE74FF4007003F012
:100F000063FB28B14FF4007003F069FB072080E712
:100F100040F2FF5003F063FB00980006009901F4D3
:100F20007F4140EA0120009901F47F0140EA11204D
:100F3000009940EA1160686001980006019901F487
:100F40007F4140EA0120019901F47F0140EA11202C
:100F5000019940EA1160286020465AE77CB50546B1
:100F6000002400200090019000260DB1022600E030
:100F700000266A481430006800F0007008B10E20A6
:100F80007CBD6A49098888B26946FFF724FF044698
:100F90000CB12046F4E7019800F4802060B3634868
:100FA000008800046049086037204860402088605D
:100FB0000020C8604FF480600861084603F071FAB1
:100FC0003720FFF7D8FE04460CB12046D8E7564834
:100FD0000660062054494860402088600020C860B0
:100FE0004FF480600861084603F05BFA0620FFF7C3
:100FF000C2FE04462046C3E72520C1E770B504467B
:1010000000254C480078032802D12725284670BDCA
:101010004848007838B147480078012803D045484F
:101020000078022819D1B4F5805F02D1272528461F
:10103000EDE7E0B2FFF792FF054675B93748001DAE
:10104000006820F4C0503549091D08600846006852
:10105000204308600846006808602846D7E710B5B6
:1010600004463148046007202F49486040208860CA
:101070000020C8604FF480600861084603F011FA50
:101080000720FFF778FE10BDF0B5014600200022D2
:10109000284B1B7881F85630244B1B88A1F854301C
:1010A000254B1B681A0E93090B70C2F383034B7018
:1010B00002F003038B70204B1B68C3F30742CA7016
:1010C0001D4B1B88C3F307220A711B4B1A784A7108
:1010D0005B681A0E1301CB80174B5B68C3F30742A2
:1010E000CB8843EA1213CB8002F00F030B72124B32
:1010F0009B88C3F30722D3094B72C2F380138B7210
:10110000C2F34013CB72C2F300130B7300234B7373
:10111000084B1B78C3B1074B1B780FE0002C014034
:10112000FF07C00020000020D01200201C0000207B
:10113000E412002018000020FC120020012B03D034
:10114000FE4B1B78032B4FD193071B0D0B61FC4B00
:101150001A790B6943EA82030B61F94B9B681A0EFB
:101160000B6943EA92130B61C2F3C2030B7502F0E1
:1011700007034B75F24B9B68C3F3074253098B750A
:10118000C2F38203CB7593075B0F0B76EC4B1B8985
:10119000C3F307220B7E43EAD2130B760B695B1C69
:1011A0000024C1E912340B7E9B1C012404FA03F3D2
:1011B000DC17D1E91256A5FB037C06FB03C305FB34
:1011C0000433C1E912730C7A0123A3400B65002498
:1011D000D1E912650B6DA6FB037C05FB03C306FB7F
:1011E0000433C1E912732EE0D44B1B78022B2AD1B1
:1011F000D34B1A7993069B0A0B61D14B9B681A0E4D
:101200000B6943EA02230B61CD4B9B68C3F3074292
:101210000B6913430B61CA4B1B89C3F307220B698C
:101220005B1C4FF40074A3FB04464FF4806300255D
:10123000A4FB037C06FB03C304FB0533C1E9127363
:101240004FF400730B65C2F3801301F8193F930646
:101250005B0E4B70BA4B1A7A4B7843EAD2134B7041
:1012600002F07F038B70B64BDB681A0ED309CB708C
:10127000C2F341130B71C2F382034B7193071B0F2F
:101280008B71AF4BDB68C3F307428B7943EA921350
:101290008B71C2F34013CB7100230B7202F0010378
:1012A0004B72A74B9B89C3F30722D3098B72C2F3FE
:1012B0008013CB72C2F340130B73C2F300134B7352
:1012C000C2F381038B7302F00303CB739C4B1A7B35
:1012D00053080B7401234B749A4B1B681A0ECA7483
:1012E0001939984B1B68C3F307421402CC85954B00
:1012F0001B88C3F30722CB8D1343CB85914B1A7800
:1013000014060C635B681A0E0B6B43EA02440C6311
:101310008C4B5B68C3F307420B6B43EA02240C63FC
:10132000884B9B88C3F307220B6B13430B63854BDE
:101330001A7934235A54834B9B681A0E35235A5416
:10134000804B9B68C3F3074214068C637D4B1B895B
:10135000C3F307228B6B43EA02448C63794B1A7AFE
:101360008B6B43EA02248C63764BDB681A0E8B6B23
:1013700013438B63734BDB68C3F307423C235B5C13
:1013800043EA12143C235C5413071C0DCC876D4BAD
:101390009B89C3F30722CB8F1343CB87694B1A7BFF
:1013A000540840235C54012441235C54F0BD70B5C3
:1013B00000264FF4803505E06348046804F04500DA
:1013C00000B103E0281EA5F10105F5D100BF15B15C
:1013D00004F0040028B10326042003F000F930468D
:1013E00070BD012003F0F0F818B10126012003F0D0
:1013F000F6F840F2FF5003F0F2F83046F0E72DE93E
:10140000F04105460E464FF0000805E04E480768DB
:1014100007F0450000B100E0F8E700BF042003F04A
:10142000D3F828B1042003F0DAF80320BDE8F081F6
:10143000012003F0C9F820B1012003F0D0F8012009
:10144000F4E7414824380068A84201D01020EDE7B5
:1014500040F2FF5003F0C3F83B482038046804F41E
:10146000604018B9200C30804046DFE704F400509B
:1014700008B11320DAE704F4804008B11020D5E762
:1014800004F4004008B10F20D0E74046CEE738B55D
:1014900000240120009002F0FEFF10B92524204610
:1014A00038BD26480078042825D000202749086048
:1014B00002204860C02088600020C8604FF480602F
:1014C0000861084602F0EDFFFFF771FF04460CB11A
:1014D0002046E5E71C48203800681A4908601A4889
:1014E0001C3800684860184818380068886016483A
:1014F00014380068C8601148007858B10F48007867
:10150000012807D00D480078062803D00B48007842
:10151000022821D100200D490860032048604020A6
:1015200088600020C8604FF480600861084602F0BF
:10153000B8FF69460320FFF762FF09E018000020AA
:10154000FC1200200C130020342C0140D01200208B
:1015500004460CB12046A3E7FE480078032816D1C4
:10156000BDF800000004FC490860032048604020EA
:1015700088600020C8604FF480600861084602F06F
:1015800090FFFFF714FF04460CB1204688E7F148AE
:10159000007804282AD0BDF80000F0490860BDF8A2
:1015A00000000004EC49086009204860C020886001
:1015B0000020C8604FF480600861084602F071FFA7
:1015C000FFF7F5FE04460CB1204669E7E4480068E1
:1015D000E4490860E248001D00684860E0480830BF
:1015E00000688860DE480C300068C860002057E75B
:1015F00010B506E0DA482030046804F0450000B178
:1016000000E0F7E700BF042002F0DEFF20B1042075
:1016100002F0E5FF032010BD40F2FF5002F0DFFFB3
:101620000020F8E770B500264FF4803506E0CC487E
:101630002030046804F0450000B103E0281EA5F145
:101640000105F4D100BF15B104F0040028B1032650
:10165000042002F0C4FF304670BD04F0400018B111
:101660000026402002F0BBFF3046F5E770B50025AC
:101670004FF4803404E0802002F0A6FF00B103E0C4
:10168000201EA4F10104F6D100BF0CB9032070BDE7
:1016900040F2FF5002F0A3FF2846F8E72DE9F0479B
:1016A0000027002400260025A046A1467620AE494A
:1016B00008750020086048608860C86008610846B6
:1016C00002F0C5FE032002F0E2FEA54810380068D3
:1016D00040F48070A2491039086000BF12E0002079
:1016E0009D49086048608860C8604FF48060086168
:1016F000084602F0D6FEFFF7B9FF044604B903E03E
:10170000781CC7B24A2FEADB00BF14B12046BDE8FF
:10171000F0874FF4D5709049086008204860402059
:1017200088600020C8604FF480600861084602F0BD
:10173000B8FEFFF777FF044624B9012085490870F9
:101740004FF08049002084490860372048604020DD
:1017500088600020C8604FF480600861084602F08D
:10176000A0FE3720FFF707FB0446002C4BD134E0E6
:1017700000207949086037204860402088600020B8
:10178000C8604FF480600861084602F08AFE372086
:10179000FFF7F1FA04460CB12046B8E7734849EA6E
:1017A00000006D49086029204860402088600020C2
:1017B000C8604FF480600861084602F072FEFFF7CF
:1017C00017FF04460CB12046A1E7654806680120D2
:1017D00080EAD67080F001086D1CB8F1000F03D1CB
:1017E0004FF6FF708542C3D34FF6FF70854202D398
:1017F0001B2420468BE706F08040061E32D00220D4
:10180000544908702EE01CE05948534908600120F3
:101810004860402088600020C8604FF48060086104
:10182000084602F03EFEFFF7E3FE04460CB12046F8
:101830006DE74B480668012080EAD67080F0010809
:101840006D1CB8F1000F03D14FF6FF708542DBD35A
:101850004FF6FF70854202D31B24204657E7032032
:101860003C490870204652E73EB50024002501217E
:10187000404803F0A9F80121C80203F0FFF8012154
:10188000C80203F050F94FF4F850019002208DF88F
:1018900008008DF8090000208DF80A0001208DF85D
:1018A0000B0001A9344802F003FD0420019001A9B6
:1018B000324802F0FDFC0C2208212F4802F083FD83
:1018C0000C2209212C4802F07EFD0C220A212A4814
:1018D00002F079FD0C220B21274802F074FD0C2246
:1018E0001146254802F06FFD0C220221234802F028
:1018F0006AFD00214FF4006003F015F9FFF710FABC
:1019000031208DF8000000208DF801008DF80200D4
:1019100001208DF80300684602F0D9FBFFF7BEFEF8
:10192000044614B9FFF7B3FD04461CB91448FFF789
:10193000ABFB044634B91249B1F854100804FFF760
:101940008EFB044624B94FF40060FFF757FB0446B2
:10195000E4B117E018000020D01200201C00002085
:10196000142C0140FC120020B8120020000010804E
:101970000080FF800C00400000080240000C024084
:1019800020130020FE480078032812D1FD4890F86B
:10199000560020B1FB4890F85600012801D10225DD
:1019A00000E000252846FFF7DDF90020FFF7D0F919
:1019B000044620463EBD10B5002002F068FD002020
:1019C00010BD70B590B004460E46154600BFEE48F7
:1019D00003F0A1FC0028FAD1EB4803F073FB4FF0B1
:1019E00000600190E948029003940495002005905E
:1019F00006904FF480600790800008908000099066
:101A000000200A904FF440300B9004200C900320EB
:101A10000D904FF400000E9080100F9001A9DA484D
:101A200003F0F2FB2021D84803F03EFC0121D64808
:101A300003F024FC10B070BD0146002002E0491004
:101A4000421CD0B20129FAD170472DE9F84F8146E6
:101A5000174698460A9C4FF0000AD3464D464FF071
:101A6000FF36B9F1000F02D12620BDE8F88F002023
:101A7000C64954390860C2480078022805D10402DA
:101A8000780A40EAC8574FEA68280020C0498860B1
:101A90004860401E0860012048610020C86008615D
:101AA000084602F02AFDB9486C38006800F0007062
:101AB00008B10E20D9E7002C21DDB4F5006F1EDC43
:101AC000601E2040D8B92046FFF7B6FF0090B1480D
:101AD00004601020AF494860402088600020C86042
:101AE0004FF480600861084602F0DBFC1020FFF72D
:101AF00042F98246BAF1000F03D05046B5E72620DE
:101B0000B3E700980001A2498860084644604FF09E
:101B1000FF300860012048610220C8600020086191
:101B2000084602F0EAFC9B4807601120994948608A
:101B3000402088600020C8604FF48060086108463B
:101B400002F0AFFC1120FFF716F98246BAF1000F40
:101B500001D0504689E79048007800285AD1FEF716
:101B600094FB17E04FF4004002F02EFD70B14FF0EF
:101B7000000B05E08548006845F82B000BF1010BD0
:101B8000BBF1080FF6D32035844E03E00EB90420D4
:101B90006BE7761E7D484C38006840F22A610840A9
:101BA0000028DFD0082002F00FFD20B1082002F04D
:101BB00016FD042059E7022002F006FD20B10220A4
:101BC00002F00DFD022050E7202002F0FDFC20B1C4
:101BD000202002F004FD062047E74FF4007002F0D9
:101BE000F3FC28B14FF4007002F0F9FC07203CE749
:101BF00003E06648006828602D1D4FF4001002F0D5
:101C0000E3FC0028F5D1FEF742FB40F2FF5002F062
:101C1000E6FC39E060480078012835D100206049B1
:101C20000870604908706049087058484438006876
:101C300040F22A3108435549443908605348543822
:101C4000006840F0080051495439086000222146DC
:101C50004846FFF7B6FE00E0761E4B48583800684D
:101C600000F0006038B95048007820B94C4800783E
:101C700008B9002EF0D10EB90420F6E648480078E5
:101C800010B1474890F800A05046EEE62DE9FF5FFE
:101C900017469846DDE90E464FF00009CA464FF058
:101CA000FF354249009808600020384954390860DF
:101CB00033480078022805D10402780A40EAC85760
:101CC0004FEA68280020324988604860401E08605A
:101CD000012048610020C8600861084602F00DFC40
:101CE0002A486C38006800F0007018B10E2004B06B
:101CF000BDE8F09F002C21DDB4F5006F1EDC601EF6
:101D00002040D8B92046FFF797FE8346214804605B
:101D1000102020494860402088600020C8604FF4AF
:101D200080600861084602F0BCFB1020FFF723F832
:101D30008146B9F1000F03D04846D8E72620D6E700
:101D4000012E6ED906FB04F0B0F1007F01D32620EE
:101D5000CDE74FEA0B100E49886006FB04F048609F
:101D60004FF0FF300860012048610220C860002069
:101D70000861084602F0C1FB06480760122017E020
:101D8000180000202013002058640240802C0140DD
:101D9000E4120020D012002020000020FFFF7F006E
:101DA0002200002021000020230000202400002029
:101DB000F9494860402088600020C8604FF4806086
:101DC0000861084602F06DFB1220FEF7D4FF814641
:101DD000B9F1000F01D0484689E7F04800780028A3
:101DE0007ED1FEF752FA1EE04FF4004002F0ECFB09
:101DF000A0B14FF0000A07E0E9480068E949096826
:101E000041F82A000AF1010ABAF1080FF4D3E548B3
:101E100000682030E3490860E34D04E015B9042070
:101E200065E7AEE06D1EDE484C38006840F22A31AE
:101E300008400028D8D0082002F0C6FB20B10820B6
:101E400002F0CDFB042052E7022002F0BDFB20B1DE
:101E5000022002F0C4FB022049E7202002F0B4FB7C
:101E600020B1202002F0BBFB062040E74FF40070B9
:101E700002F0AAFB28B14FF4007002F0B0FB07207B
:101E800035E709E0C6480068C64909680860C548E2
:101E90000068001DC34908604FF4001002F094FB75
:101EA0000028EFD14FF4807002F08EFB20B3BF48C2
:101EB000007838B1BD480078012803D0BB480078CD
:101EC000022819D10020B44908600C204860402045
:101ED00088600020C8604FF480600861084600E018
:101EE00011E002F0DEFA0C20FEF745FF8146B9F161
:101EF000000F01D04846FAE6FEF7C9F940F2FF505C
:101F000002F06DFB3DE0A5480078012839D10020A2
:101F1000A74908700120A74908700020A649087049
:101F20009F484438006840F22A3108439C494439AC
:101F300008609B485438006840F0080098495439BC
:101F4000086006FB04F100220098FFF73AFD00E06C
:101F50006D1E9A48006800F0006008B9002DF7D1A6
:101F60000DB90420C3E600BF9348007818B9904823
:101F700000780028F8D08E48007810B18C4890F88E
:101F800000904846B3E61CB504460020019000903E
:101F90008B4800880004804908600D20486040207C
:101FA00088600020C8604FF480600861084602F035
:101FB00078FA7B484C380068009003E078484C3849
:101FC00000680090009800F045000028F6D001203D
:101FD00002F0FAFA20B1012002F001FB01201CBD41
:101FE000042002F0F1FA20B1042002F0F8FA0320F4
:101FF000F5E76B48703800680D2801D01020EEE737
:1020000040F2FF5002F0EBFA65486C38006801902E
:102010000198C0F3432020700020E0E72DE9FF5F26
:1020200086B017469846149D00260020059004901F
:10203000002481460390824602900195DDF818B095
:10204000DDF818B0BBF1000F03D126200AB0BDE8BF
:10205000F09F00205249543908605A49886048600E
:10206000401E0860012048610020C86008610846E1
:1020700002F043FA4A486C38006800F0007008B17A
:102080000E20E3E749480078022805D10502780AC6
:1020900040EAC8574FEA6828002D1FDDB5F5006FEC
:1020A0001CDC681E2840C8B92846FFF7C5FC05900F
:1020B0003948056010203849486040208860002079
:1020C000C8604FF480600861084602F0EAF9102009
:1020D000FEF751FE06461EB13046B7E72620B5E7AB
:1020E0003748008800042C4908600D2048604020D3
:1020F00088600020C8604FF480600861084602F0E4
:10210000D0F90D20FEF737FE06460EB130469DE7AA
:1021100023486C38006803904FF0FF341CE0641EC5
:102120002748008800041C4908600D2048604020B2
:1021300088600020C8604FF480600861084602F0A3
:10214000B0F90D20FEF717FE06460EB130467DE7CA
:1021500013486C3800680390039800F4807008B945
:10216000002CDCD10CB9292070E70B48076018203F
:1021700009494860402088600020C8604FF48060B2
:102180000861084602F08DF91820FEF7F4FD0646B6
:10219000D6B130465AE70000D012002020000020BF
:1021A000802C014024000020FFFF7F001800002049
:1021B00022000020210000202300002000640240B3
:1021C0001C000020E41200200020F8490870059847
:1021D0000001F7498860084645604FF0FF3008600D
:1021E000012048610020C8600861084602F085F9B6
:1021F0004FF0FF34EF48007800287CD1FEF745F817
:1022000043E04FF4804002F0DFF9C8B30198A0EB3F
:102210000900202821D20198A0EB090000F003005A
:1022200020B90198A0EB0900800804E00198A0EB18
:1022300009008008401C02904FF0000A09E0DE49C6
:10224000DBF8000008600AF1010A0BF1040B09F148
:10225000040902988245F2D30FE04FF0000A05E02E
:102260005BF82A00D44908600AF1010ABAF1080FA4
:10227000F6D30BF1200B09F120096FF0404404E084
:10228000FFE70CB90420E1E6641ECB484C38006837
:1022900040F21A6108400028B3D0082002F094F9F7
:1022A00020B1082002F09BF90420CFE6022002F0C2
:1022B0008BF920B1022002F092F90220C6E610202C
:1022C00002F082F920B1102002F089F90520BDE664
:1022D0004FF4007002F078F930B14FF4007002F062
:1022E0007EF90720B2E606E0FDF7D1FF40F2FF508D
:1022F00002F075F943E0AF48007801283FD1002093
:10230000AE490870A9490870AD490870AA48443818
:10231000006840F21A310843A74944390860402256
:1023200029460698FFF74DFBA3485438006840F053
:102330000800A1495439086000E0641EA148006803
:1023400000F0006008B9002CF7D11CB9FFF78CFA37
:1023500004207BE64FF0FF3400E0641E98480078CC
:1023600020B99648007808B9002CF6D10CB90420A1
:102370006CE69248007810B19048007866E640F22A
:10238000FF5002F02CF904A8FFF7FDFD064603E01C
:1023900004A8FFF7F8FD06463EB99DF8100007288F
:1023A000F6D09DF810000628F2D030464EE62DE912
:1023B000FF5F84B0DDE91247002600200390029001
:1023C000002580468146019007FB04FBDDF810A044
:1023D000DDF810A0BAF1000F03D1262008B0BDE847
:1023E000F09F002074495439086071498860486042
:1023F000401E0860012048610020C860086108464E
:1024000002F07BF86C486C38006800F0007008B18E
:102410000E20E3E76C480078022808D10402DDE9C9
:102420000601400A40EAC1504912CDE90601002CDC
:102430001FDDB4F5006F1CDC601E2040C8B92046CB
:10244000FFF7FAFA03906148046010205F49486082
:10245000402088600020C8604FF480600861084612
:1024600002F01FF81020FEF786FC06461EB130462B
:10247000B4E72620B2E7012F6FD907FB04F0B0F1D3
:10248000007F01D32620A9E74F48007838B14E4895
:102490000078012803D04C48007802282DD14C4800
:1024A000008800044949086037204860402088605F
:1024B0000020C8604FF480600861084601F0F1FF19
:1024C0003720FEF758FC06460EB1304686E73F48F7
:1024D000076017203D494860402088600020C860A0
:1024E0004FF480600861084601F0DBFF1720FEF71B
:1024F00042FC06460EB1304670E734490698086043
:1025000019204860402088600020C8604FF4806037
:102510000861084601F0C5FF1920FEF72CFC0646AD
:102520000EB130465AE7039800012149886007FB45
:1025300004F048604FF0FF3008600120486100203F
:10254000C8600861084601F0D8FF1A4800780028E2
:1025500072D1451EFDF799FE54E0F8E04FF480403B
:1025600002F032F8B0B3ABEB0800202833D2ABEB6B
:10257000080000F0030018B9ABEB0800800803E086
:10258000ABEB08008008401C01904FF0000909E007
:102590000949DAF80000086009F101090AF1040AA2
:1025A00008F1040801988145F2D324E021000020BD
:1025B000E412002020000020802C01402200002096
:1025C000230000200064024018000020D0120020E8
:1025D0001C00002012E04FF0000905E05AF8290025
:1025E000F749086009F10109B9F1080FF6D30AF1BA
:1025F000200A08F120086FF0404503E00DB90420DF
:10260000ECE66D1EEE484C38006840F21A31084086
:102610000028A3D0082001F0D7FF20B1082001F046
:10262000DEFF0420DAE6022001F0CEFF28B102200E
:1026300001F0D5FF0220D1E640E0102001F0C4FFF8
:1026400020B1102001F0CBFF0520C7E64FF4007049
:1026500001F0BAFF28B14FF4007001F0C0FF07206D
:10266000BCE64FF4807001F0AFFF00B3D5480078AE
:1026700038B1D4480078012803D0D2480078022825
:1026800015D10020D04908600C20486040208860A7
:102690000020C8604FF480600861084601F001FF27
:1026A0000C20FEF768FB06460EB1304696E6FDF7B5
:1026B000EEFD40F2FF5001F092FF48E0C348007881
:1026C000012844D10020C24908700120C149087086
:1026D0000020C1490870BA484438006840F21A31F5
:1026E0000843B7494439086007FB04F140220498C5
:1026F000FFF767F9B2485438006840F00800B04965
:10270000543908604FF0FF3500E06D1EB348006893
:1027100000F0006008B9002DF7D11DB9FFF7A4F84B
:1027200004205BE64FF0FF3500E06D1EAA480078FC
:1027300020B9A748007808B9002DF6D10DB90420BA
:102740004CE6A348007810B1A148007846E640F274
:10275000FF5001F044FF02A8FFF715FC064603E016
:1027600002A8FFF710FC06463EB99DF808000728AE
:10277000F6D09DF808000628F2D030462EE610B5B7
:102780004FF4807001F020FF88B392480078012850
:1027900014D100208C4908600C20486040208860DB
:1027A0000020C8604FF480600861084601F079FE9F
:1027B0000C20FEF7E0FA8649087002E00020844908
:1027C00008707F484838006840F480707C49483978
:1027D0000860081D00684CF23A3188437849443952
:1027E000086001207C4908707948007810BDFFE737
:1027F000022001F0E9FE78B1022001F0F0FE7048FD
:10280000443800684CF23A3188436D4944390860D5
:1028100002206F490870E9E7082001F0D5FE78B181
:10282000082001F0DCFE6648443800684CF23A317A
:102830008843634944390860042065490870D5E736
:10284000202001F0C1FE78B1202001F0C8FE5C48D4
:10285000443800684CF23A31884359494439086099
:1028600006205B490870C1E7102001F0ADFE78B189
:10287000102001F0B4FE5248443800684CF23A315E
:1028800088434F4944390860052051490870ADE735
:102890004FF4007001F098FE80B14FF4007001F029
:1028A0009EFE4748443800684CF23A318843444918
:1028B0004439086007204649087097E7002095E7EB
:1028C00010B5FFF75CFF10BD70B50446002514B9C4
:1028D0002625284670BD4248008800043A49086011
:1028E0000D204860402088600020C8604FF4806060
:1028F0000861084601F0D5FD0D20FEF73CFA0546BB
:102900000DB12846E6E72E486C380068206028465E
:10291000E0E708B5002000906846FFF7D5FF08B152
:10292000FF2008BD0098C0F34320FAE72DE9FE4FD1
:1029300083460C46914600200290002625462C46F0
:10294000700240EAD5566D020BF00300F0B14FF073
:10295000000A18E04FF4007000904FEA4A2047192F
:1029600046EBE0733A461F48FFF76FF802904FF4CA
:1029700000721C49584609F0ACF80BF5007B0AF1CF
:10298000010000F0FF0ACA45E4DB16E0B9F1010FCF
:1029900009D14FF400702A46334600905846FFF79D
:1029A00054F8029009E04FF400702A463346CDE90E
:1029B00000095846FFF76AF902900298BDE8FE8FB9
:1029C000802C014018000020D012002020000020A0
:1029D000220000202100002023000020006402408B
:1029E0001C000020781300202DE9FE4F81460C4684
:1029F000924600200290002625462C46700240EAAE
:102A0000D5566D0209F00300F0B14FF0000B18E04D
:102A10004FF400724946194809F05BF84FF4007012
:102A200000904FEA4B20471946EBE0733A461348B3
:102A3000FFF7F4FA029009F500790BF1010000F0BC
:102A4000FF0BD345E4DB16E0BAF1010F09D14FF4D7
:102A500000702A46334600904846FFF7DFFA02909E
:102A600009E04FF400702A463346CDE9000A484693
:102A7000FFF79DFC02900298BDE8FE8F78130020BE
:102A800070B50446002520E004F0800020B1042148
:102A9000F74801F089FC03E00421F54801F086FCC9
:102AA000142001F0E3F90221F14801F07FFC142029
:102AB00001F0DCF90221EE4801F076FC142001F06F
:102AC000D5F96006040E681CC5B2082DDCDB70BDAC
:102AD00070B504460D467E2000EA44060121E44814
:102AE00001F064FC3046FFF7CBFF2846FFF7C8FF34
:102AF0000121DF4801F058FC70BD70B500251CE0D5
:102B00006006040E0221DA4801F050FC142001F0A6
:102B1000ADF90821D64801F02DFC012801D144F07F
:102B20000104142001F0A2F90221D14801F03CFC7B
:102B3000142001F09BF9681CC5B2082DE0DB20468B
:102B400070BD70B504467E2000EA440040F0800568
:102B50000121C74801F02AFC2846FFF791FFFFF743
:102B6000CCFF06460121C24801F01EFC304670BD74
:102B700070B505460C462846FFF7E3FF064646EAD1
:102B800004012846FFF7A4FF70BD70B505460C464A
:102B90002846FFF7D6FF064626EA04012846FFF737
:102BA00097FF70BD2DE9FE4F0646884691469A462E
:102BB000DDF830B0022002900020019000900C2E31
:102BC00006D00E2E09D1122001901020009005E0B1
:102BD000772001903020009000E000BF00BF0198F6
:102BE00040F080010220FFF773FF80210420FFF7EF
:102BF000CCFF00210120FFF76BFF80210A20FFF7A7
:102C0000B7FF002505E018F805100920FFF760FF61
:102C10006D1C4D45F7D331460120FFF759FF0C2EAF
:102C200003D180210D20FFF7A3FF4FF47A7500BF79
:102C30000420FFF786FF04466D1E35B104F0010045
:102C400018B9009820400028F2D080210D20FFF70D
:102C50009CFF95B30620FFF774FF00F01B0068BBD4
:102C6000002002900198204000F0010008B10120EE
:102C700002900C2E24D10A20FFF763FF04460C209B
:102C8000FFF75FFF00F007072FB1601E07EBC000E2
:102C9000CBF8000002E0E000CBF8000004B901240A
:102CA000122C00DD1224002505E00920FFF749FF62
:102CB0000AF805006D1CA542F7D301E0022002903E
:102CC00080210C20FFF754FF00210120FFF700FFB7
:102CD0000298BDE8FE8F2DE9F0410746884615466B
:102CE00004210520FFF751FF00210120FFF7F0FE2E
:102CF00080210A20FFF73CFF002405E0395D092010
:102D0000FFF7E6FE601CC4B24445F7DB0321012057
:102D1000FFF7DEFEFF2400BF0520FFF712FF064687
:102D2000601EC4B21CB106F004000028F4D02220BA
:102D3000FFF707FF28702120FFF703FF6870BDE849
:102D4000F081F0B587B005460E4630208DF80800BA
:102D50008DF809500DF10A02022102A8FFF7BBFF0E
:102D600001A802AB042202A900900C20FFF71AFF71
:102D7000074667B90198902809D1002404E002A809
:102D8000005D3055601CC4B2102CF8DB00E0022757
:102D9000384607B0F0BD2DE9F04387B006460F4630
:102DA000904699468DF808608DF80970002406E079
:102DB00018F8041002AAA01C1154601CC4B2062CFE
:102DC000F6DB002407E019F8041002AA04F1080059
:102DD0001154601CC4B2062CF5DB01A802AB0C2216
:102DE00002A900900E20FFF7DDFE05462DB9082050
:102DF000FFF7A7FE00F0080000B90225284607B03B
:102E0000BDE8F08370B588B0054693208DF80C00BE
:102E100070208DF80D0000208DF8120000240BE0CA
:102E2000295D03AAA01C11549DF81200295D484099
:102E30008DF81200601CC4B2042CF1DB0DF11302FA
:102E4000072103A8FFF747FF08210846FFF79DFE6B
:102E500002A803AB092203A900900C20FFF7A2FEF1
:102E600006463EB90298182804D1002603E0000067
:102E7000001402400226304608B070BDF0B587B09D
:102E80000546002708210846FFF77FFE00210D2098
:102E9000FFF71EFE80210E20FFF777FE93208DF8AE
:102EA000080020208DF8090001A802AB022202A927
:102EB00000900C20FFF776FE064686B9002407E056
:102EC00002A8005D285502A8005D4740601CC4B2FE
:102ED000042CF5DB02A8005DB84200D00226802158
:102EE0000E20FFF745FE304607B0F0BD70B588B044
:102EF00005460C4608210846FFF747FE07210D202E
:102F0000FFF7E6FD03211420FFF732FE8DF80C5089
:102F100002A803AB012203A900900C20FFF742FE98
:102F200006464EB90298102806D19DF80C00207074
:102F30009DF80D00607000E00226304608B070BDBC
:102F400030B58DB004460025FD495220FFF7CEFF75
:102F5000FC49087008460078002825D10220087036
:102F6000F948FFF78BFFF7490870F5484378027876
:102F7000F6A108A808F0DAFBF248007878B9022038
:102F8000F0490870F048C078EF498978CDE9001021
:102F9000ED4843780278F2A103A808F0C7FBEA489D
:102FA000FFF730FFE7490870002505E0E648405D7F
:102FB00004F8010B681CC5B2042DF7DBE14800786A
:102FC00050B90220DF490870DF4BEE4A092160202A
:102FD000FFF7E1FEDB490870DA48007848B90220C3
:102FE000D8490870E849E9480078FFF7AAFED549B2
:102FF0000870D448007828B90220D24908706420AB
:1030000000F07CFFD048002101600DB030BD08B554
:10301000002000906846FFF793FF684608F03AFDED
:10302000A8B39DF80000DA490978884211D19DF8CB
:103030000100D749497888420BD19DF80200D44954
:103040008978884205D19DF80300D149C978884222
:1030500017D09DF80000CF490978884217D19DF814
:103060000100CC494978884211D19DF80200C94934
:10307000897888420BD19DF80300C649C9788842F7
:1030800005D1002000904FF4FA7000F037FF08BD22
:1030900070B50546002400BF0BE004EBC401BE4A36
:1030A0008818294608F05AFD08B9012070BD601C37
:1030B000C4B2BA4800788442EFDB0020F6E770B56E
:1030C00004462046FFF7E4FF20B12146B4A008F0F3
:1030D00021FB70BD0222BAA1BD4806F02EF8BD4901
:1030E000087008460078042806D10622B4A1B84822
:1030F00006F023F8B7490870B6480078002831D1A7
:10310000B348C16806F018FB204608F0C3FC05462A
:10311000B14B2A462146AE4806F0AFF9AE4B01222C
:10312000AEA1AB4806F0A9F9A94806F0F3FA9B480E
:10313000007864280EDA9949097801EBC101964AB2
:103140008818214608F082FC94480078401C934976
:10315000087002E0A2A008F0DDFA2146ACA008F059
:10316000D9FA04E09B480178ADA008F0D3FA00BF7B
:10317000AFE73EB50546002446E0285DC11700EBE9
:10318000117109110DF814101DF81400092806DD3D
:103190001DF814003730C0B20DF8140005E01DF81A
:1031A00014003030C0B20DF81400285DC11700EBD8
:1031B00011710911A0EB0111C9B2012202EB440205
:1031C0000DF80210012000EB44001DF80000092852
:1031D0000CDD012000EB44001DF800003730C0B2C8
:1031E000012101EB44010DF801000BE0012000EB8F
:1031F00044001DF800003030C0B2012101EB440151
:103200000DF80100601CC4B2042CB6DB00208DF860
:10321000080069468BA008F07DFA6846FFF74FFF6B
:103220003EBD10B546495220FFF760FE4549087083
:103230000846007830B9022008704348FFF71EFEA8
:10324000404908703F480078002877D102203D4966
:1032500008703D48FFF78DFF3B4800787C490978AE
:10326000884217D13848407879494978884211D145
:10327000354880787649897888420BD13248C078C1
:103280007349C978884205D101207249087072A03B
:1032900008F040FA2C48007875490978884217D11F
:1032A0002948407872494978884211D12648807867
:1032B0006F49897888420BD12348C0786C49C97816
:1032C000884205D101206B4908706BA008F022FAF2
:1032D0001D4800786E490978884217D11A4840780D
:1032E0006B494978884211D11748807868498978B4
:1032F00088420BD11448C0786549C978884205D105
:1033000001206449087064A008F004FA0E480078AF
:1033100067490978884212D10B4840786449497856
:1033200088420CD10848807861498978884206D162
:103330000548C0785E49C9788842BBE0E4E0C0E057
:1033400028000020640000202A00002063617264CD
:103350005F747970653A2025303258253032580034
:1033600054686520436172642049442069733A209F
:1033700025303258253032582530325825303258D1
:1033800000000000480000207815002065000020A3
:10339000660000206A000020E0190020750000206F
:1033A0004475706C69636174652049443A202573E3
:1033B0002C206E6F742073617665642E0D0A0000F8
:1033C000303A2F69645F6C6F672E74787400000068
:1033D000B817002074000020700000200A000000D0
:1033E00049442063616368652069732066756C6C6D
:1033F0002C206E6577204944732077696C6C206EB1
:103400006F74206265206361636865642E0D0A0035
:1034100049442073617665643A2025730D0A0000E3
:103420004661696C656420746F206F70656E206FF3
:1034300072206372656174652066696C653A202547
:10344000640D0A0049443E3E3E25730D0A0000000B
:10345000340000202E0000200D0A546865205573AA
:1034600065722069733A636172645F300D0A00000F
:10347000380000202F0000200D0A54686520557385
:1034800065722069733A636172645F310D0A0000EE
:103490003C000020300000200D0A54686520557360
:1034A00065722069733A636172645F320D0A0000CD
:1034B0004000002005D10120D0490870D0A008F0BC
:1034C00029F9D5480078D5490978884217D1D248DA
:1034D0004078D2494978884211D1CF488078CF4985
:1034E000897888420BD1CC48C078CC49C9788842C9
:1034F00005D10120CA490870CAA008F00BF9C648D6
:10350000FFF780FCCD490870CC48007850B9022004
:10351000CA490870C04BCA4A09216020FFF73BFC2A
:10352000C6490870C548007848B90220C3490870E8
:10353000C449C5480078FFF704FCC0490870BF487B
:10354000007828B90220BD490870642000F0D6FC3C
:1035500010BD10B51420FFF7F4FA044604F0030080
:1035600018B903211420FFF703FB10BD10B5044662
:10357000412C24D108210846FFF707FB3D211120EB
:10358000FFF7A6FA86211720FFF7A2FA7F2126204F
:10359000FFF79EFA1E212D20FFF79AFA00212C201A
:1035A000FFF796FA8D212A20FFF792FA3E212B2071
:1035B000FFF78EFA022000F059FCFFF7CAFF10BD9A
:1035C00010B51021A14800F0EFFE012000F04EFCE4
:1035D00010219E4800F0EAFE012000F047FC102177
:1035E0009A4800F0E1FE012000F040FC0F2101208C
:1035F000FFF76EFA00BF0120FFF7A3FA00F01000FA
:103600000028F8D1012000F031FC3D211120FFF706
:103610005FFA1E212D20FFF75BFA00212C20FFF717
:1036200057FA8D212A20FFF753FA3E212B20FFF76E
:103630004FFA40211520FFF74BFA10BD1CB50121B0
:10364000202001F0C1F91020009001208DF8040025
:1036500003208DF8050069467C4800F029FE022011
:10366000009001208DF8040003208DF805006946C4
:10367000764800F01DFE0820009000208DF8040020
:103680006946724800F014FE0420009001208DF875
:10369000040003208DF8050069466C4800F008FE20
:1036A000012000908DF8040003208DF80500694684
:1036B000664800F0FDFD1CBD10B5FFF7BFFF1021EF
:1036C000624800F071FE0121604800F06DFEFFF7D6
:1036D00077FF4120FFF74AFF10BD10B503211420EA
:1036E000FFF753FA10BDF0B587B006460F46A0208D
:1036F0008DF808008DF809600DF10A02022102A878
:10370000FFF7E9FA01A802AB042202A900900C20FD
:10371000FFF748FA054645B90198042805D19DF8F8
:10372000080000F00F000A2800D0022535BB102247
:10373000394602A808F0CDF9002404E0385D02A95A
:103740000855601CC4B2102CF8DB06AA102102A890
:10375000FFF7C1FA01A802AB122202A900900C20C7
:10376000FFF720FA054645B90198042805D19DF8D0
:10377000080000F00F000A2800D00225284607B0F4
:10378000F0BD00B587B050208DF8080000208DF8FE
:1037900009000DF10A02022102A8FFF79CFA01A814
:1037A00002AB042202A900900C20FFF7FBF90020D5
:1037B00007B000BDF8B504460D4617461E4600206A
:1037C000009069465220FFF791FB6846FFF756FBD1
:1037D0002046FFF717FB23462A4610216020FFF7FB
:1037E000DAFA27B131461020FFF7ABFA03E0314691
:1037F0001020FFF778FFFFF7C4FFF8BD310000206D
:103800000D0A54686520557365722069733A6361C7
:1038100072645F330D0A00002A000020440000207B
:10382000320000200D0A54686520557365722069C6
:10383000733A636172645F340D0A00006400002013
:103840004800002078150020650000200014024088
:103850001CB50121022001F0B7F84FF44070009030
:1038600001208DF804008DF8060003208DF8050076
:1038700001208DF807006946FE4800F019FD01227D
:103880001102FC4800F094FD01225102F94800F0B9
:103890008FFD1CBD10B501225102F64800F088FDD5
:1038A000022000F0E3FA01221102F24800F080FD4C
:1038B000022000F0DBFA00224FF40071ED4800F026
:1038C00077FD022000F0D2FA00224FF48071E9481F
:1038D00000F06EFD10BD10B500224FF40071E548F8
:1038E00000F066FD022000F0C1FA01221102E14859
:1038F00000F05EFD022000F0B9FA01225102DD481D
:1039000000F056FD10BD70B5054600241BE0802078
:10391000204100EA05024FF40071D64800F048FD4E
:10392000022000F0A3FA01221102D24800F040FD6B
:10393000022000F09BFA00224FF48071CD4800F085
:1039400037FD601CC4B2082CE1DB022000F08EFAC7
:1039500001221102C74800F02BFD022000F086FA78
:1039600000224FF48071C34800F022FD022000F0D5
:103970007DFA70BD10B50446FFF78CFF7820FFF785
:10398000C2FF0020FFF7BFFF2046FFF7BCFFFFF795
:10399000A2FF10BD10B50446FFF77CFF7820FFF7AB
:1039A000B2FF4020FFF7AFFF2046FFF7ACFFFFF765
:1039B00092FF10BD70B505460C4645F0B000FFF70C
:1039C000D9FF102141EA1410FFF7D4FF04F00F00D3
:1039D000FFF7D0FF70BD70B500240EE00021204637
:1039E000FFF7E8FF002504E00020FFF7D3FF681C85
:1039F000C5B2802DF8DB601CC4B2082CEEDB70BDB4
:103A00002DE9F04105460E461746721ED206110EEC
:103A10006A1E5206100EFFF7CDFF002409E0A7F141
:103A20002001954A02EB0111085DFFF7B3FF601C0E
:103A3000C4B2082CF3DB721ED206110E6A1E0123DB
:103A400003EB4202D0B2FFF7B5FF00240BE0A7F171
:103A50002001894A02EB011204F10801505CFFF7D2
:103A600099FF601CC4B2082CF1DBBDE8F0812DE9A0
:103A7000F04107460E461546002407E02A5D30193E
:103A8000C1B23846FFF7BCFF601CC4B2285D0028F5
:103A9000F4D1BDE8F08110B50246012000E05043AA
:103AA0000B1EA1F10101FAD110BD2DE9F0478046AE
:103AB0000E4617461D46002415E0281B411E0A200D
:103AC000FFF7E9FFB7FBF0F00A21B0FBF1F201FBD1
:103AD000120000F130093019C1B24A464046FFF7E2
:103AE0008FFF601CC4B2AC42E7DBBDE8F0872DE974
:103AF000F0478146884615461E46002D06DB2B22E0
:103B000041464846FFF77CFF2F4605E02D224146FF
:103B10004846FFF775FF6F42002417E0301B411E37
:103B20000A20FFF7B8FFB7FBF0F00A21B0FBF1F273
:103B300001FB120000F1300A08EB0400401CC1B286
:103B400052464846FFF75CFF601CC4B2B442E5DB56
:103B5000BDE8F0872DE9F04781460E4690461F46A6
:103B600000241DE0381B411E1020FFF794FFB8FB16
:103B7000F0F000F00F050A2D08DA05F13000C2B2AE
:103B80003019C1B24846FFF73BFF07E005F13700A7
:103B9000C2B23019C1B24846FFF732FF601CC4B24E
:103BA000BC42DFDBBDE8F0872DE9F04780460E46DA
:103BB00017461D46002412E0281B411E0220FFF775
:103BC0006AFFB7FBF0F000F0010000F13009301996
:103BD000C1B24A464046FFF713FF601CC4B2AC4274
:103BE000EADBBDE8F08770B5002406E0002500E0C0
:103BF0006D1CB5F57A7FFBD3641CB4F57A7FF5D3E1
:103C0000FFF726FEAE20FFF7B5FED520FFF7B2FE88
:103C10008020FFF7AFFEA820FFF7ACFE3F20FFF7A4
:103C2000A9FED320FFF7A6FE0020FFF7A3FE402049
:103C3000FFF7A0FEA120FFF79DFEC820FFF79AFE28
:103C4000DA20FFF797FE1220FFF794FE8120FFF79E
:103C500091FECF20FFF78EFED920FFF78BFEF120DB
:103C6000FFF788FEDB20FFF785FE3020FFF782FE9E
:103C7000A42003E000040240F8BE0008FFF77AFE2B
:103C8000A620FFF777FE8D20FFF774FE1420FFF7C4
:103C900071FEAF20FFF76EFEFFF79DFE70BD0000C6
:103CA00010B56248006820F440206049086008466A
:103CB000006840F48020086000205D4908601420FE
:103CC00000F01CF901205B49C1F8A4021E2000F09D
:103CD000CDF810BD10B500245448006820F44020F1
:103CE0005249086008460068086004E0601CC4B2DD
:103CF000012000F0BBF84E488038006808B1642C01
:103D0000F4DB642C01DB012010BD002404E0601C06
:103D1000C4B2012000F0AAF845488038006808B90C
:103D2000642CF4DB642C01DB0120EDE70020EBE7E1
:103D300010B5002404E0601CC4B2012000F096F825
:103D40003B488038006808B1642CF4DB002404E0B0
:103D5000601CC4B2012000F089F835488038006842
:103D600008B9642CF4DB282000F080F83048803853
:103D7000006808B1012010BD0020FCE770B50024E8
:103D8000002506E06006040EFFF7D2FF0443681C1E
:103D9000C5B2082DF6DB204670BD7CB505460E4643
:103DA000FFF77EFFFFF796FFF8B9002405E0FFF765
:103DB000E5FF0DF80400601CC4B2052CF7DB9DF88C
:103DC00000009DF8011008449DF8021008449DF879
:103DD000031008449DF80410884208D19DF80000A3
:103DE00030709DF80200287001E001207CBD0020A9
:103DF000FCE71CB50121402000F0E6FD4FF4007007
:103E0000009001208DF8040000208DF806000220AB
:103E10008DF8050001208DF807006946034800F081
:103E200047FAFFF73DFFFFF755FF1CBD00180240A2
:103E3000A40243420000434210B504466FF0040060
:103E400000F092F9E11704EB5171C1F3C701394A4F
:103E500011701046007800EB4001C1EBC0104FF626
:103E6000FF7101EAC0003449088010BD0146314AA3
:103E700012784A434FF0E0235A6100229A611A46B1
:103E8000126942F001021A6100BF4FF0E02210698E
:103E900000F001021AB100F48032002AF5D04FF090
:103EA000E022126922F001024FF0E0231A610022A1
:103EB0009A6170470146204A12884A434FF0E02336
:103EC0005A6100229A611A46126942F001021A618F
:103ED00000BF4FF0E022106900F001021AB100F4B7
:103EE0008032002AF5D04FF0E022126922F0010260
:103EF0004FF0E0231A6100229A61704770B50446C2
:103F00004FF4077094FBF0F0C6B24FF4077094FBC7
:103F1000F0F100FB114085B205E04FF40770FFF7A8
:103F2000C9FF701EC6B2002EF7D115B12846FFF7A3
:103F3000C1FF70BD760000207800002000BF7047F0
:103F400000BF4C4A128802F04002002AF9D0C2B2E7
:103F5000484B9A80704710B588B004460121084646
:103F600000F032FD0121102000F088FD0722092118
:103F7000414800F028FA07220A213F4800F023FABE
:103F80004FF4C060069002208DF81C008DF81D00D3
:103F900000208DF81E0001208DF81F0006A936486C
:103FA00000F086F902940020ADF80C00ADF80E0088
:103FB000ADF81000ADF814000C20ADF8120002A905
:103FC0002C4800F0BCFE01212A4800F040FF0122ED
:103FD00040F22551274800F0F0FF25208DF804001D
:103FE00003208DF805008DF8060001208DF80700EC
:103FF00001A800F06CF808B010BD10B540F22551D2
:104000001C4801F015F810B31A4800F04FFFC4B275
:104010001A48008800F40040C8B91848008800F425
:10402000804060B10A2C03D000201449088020E0B1
:104030001248008840F400401049088019E00D2C17
:1040400006D10E48008840F480400C49088010E0FA
:104050000A480088C0F30D0009490C54074800883D
:10406000401C0649088008460088C72801DD00205A
:10407000088010BD001001400000024080000020B8
:10408000641D00200948804709480047FEE7FEE715
:10409000FEE7FEE7FEE7FEE7FEE7FEE7FEE7FEE7F8
:1040A00004480549054A064B704700004D070008C3
:1040B0008901000800C8012000CE012000CA0120AB
:1040C00000CA012032490143324A1160704770B57D
:1040D000002100230F22C4781CB32E4C246804F462
:1040E000E064C4F5E064C4F30721C1F10404E3B261
:1040F0000A4144789C40E1B28478144021430C0783
:10410000210E254C05786155047804F01F05012423
:10411000AC4005786D11AD0005F1E025C5F8004112
:1041200009E0047804F01F050124AC401B4D06781B
:10413000761145F8264070BD194A0A400243154BD6
:104140001B1F1A60704739B1124A121D12680243D0
:10415000104B1B1D1A6006E00E4A121D12688243A6
:104160000C4B1B1D1A607047042808D14FF0E0214A
:10417000096941F004014FF0E022116107E04FF0BE
:10418000E021096921F004014FF0E022116170473C
:104190000000FA050CED00E000E400E080E100E042
:1041A00080FFFF1F10B504469848844208D10121C2
:1041B000084600F074FC0021012000F070FC76E05D
:1041C0009348844208D10121022000F068FC0021BC
:1041D000022000F064FC6AE08E48844208D101218C
:1041E000042000F05CFC0021042000F058FC5EE09C
:1041F0008948844208D10121082000F050FC0021A8
:10420000082000F04CFC52E08448844208D101218F
:10421000102000F044FC0021102000F040FC46E09B
:104220007F48844208D10121202000F038FC002181
:10423000202000F034FC3AE07A48844208D1012181
:10424000402000F02CFC0021402000F028FC2EE053
:104250007548844208D10121802000F020FC002113
:10426000802000F01CFC22E07048844208D101212B
:10427000801500F014FC0021A01500F010FC16E0E1
:104280006B48844208D10121401500F008FC002150
:10429000601500F004FC0AE06648844207D1012161
:1042A000001500F0FCFB0021201500F0F8FB10BD0C
:1042B000F0B50A4600210023002400BF3DE001259F
:1042C00005FA01F3156805EA03049C4234D1056838
:1042D0004F000326BE40B543056015794E00B5403A
:1042E0000668354305601579012D02D01579022D38
:1042F00016D185684F000326BE40B54385605579C9
:104300004E00B540866835438560456801268E407D
:10431000B5434560456896798E40B6B235434560F1
:10432000C5684F000326BE40B543C560D5794E0031
:10433000B540C6683543C560491C1029BFD3F0BDE0
:104340004FF6FF7101600021017141718171C171EE
:10435000704708B54FF480320092009A0A430092E9
:10436000009AC261C161009AC261C2690092C269C9
:10437000009208BD0246002013690B400BB10120DA
:1043800000E0002070470146086980B2704702468D
:10439000002053690B400BB1012000E00020704762
:1043A0000146486980B27047018370474183704776
:1043B0000AB1018300E0418370474161704742695F
:1043C0004A4042617047F0B5002300244D07ED0ECE
:1043D00002FA05F3CE1000F1200555F826504E07DD
:1043E000F70E0F26BE40B543CF1000F1200646F869
:1043F0002750CE1000F1200555F8265045EA030459
:10440000CE1000F1200545F82640F0BD0000024026
:104410000004024000080240000C0240001002406C
:104420000014024000180240001C0240002002401C
:10443000002402400028024010B50121C80200F00B
:1044400072FB00214FF4006000F06DFB10BD0021F5
:104450006C4A116847F6FF629143027D83681A43F4
:1044600043681A43C3681A4303681A4303691A432B
:104470001143644A11607047002101750160416079
:104480008160C160016170475F49086070475D49A4
:10449000091F086070475B48001F006800F00300B8
:1044A00070470021574B1B1D02681A601A1D1168C6
:1044B0006FF30A01D0E901231A43C3681A43036961
:1044C0001A4311434F4A08321160704700210160BE
:1044D00041608160C160016170474A480C300068EA
:1044E000C0B2704708B50146002000904548103022
:1044F000084400900098006808BD0021414B20331B
:1045000002681A601B1D42681A601A1D116821F0AA
:10451000F701D0E902231A4303691A4343691A4396
:104520001143384A2832116070474FF0FF31016063
:10453000002141608160C160016141617047314883
:104540002C30006870472F487C30006870472D4938
:104550007C31086070472B484430006870472B4915
:10456000086070472949091D0860704727490831CC
:104570000860704725490C3108607047244908607D
:1045800070472349091D0860704701218143204A73
:104590000832116070471E490C31086070471B4992
:1045A00014390860704739B1164A3832126802432C
:1045B000144B38331A6006E0124A383212688243CC
:1045C000104B38331A607047014600200D4A3032D4
:1045D00012680A400AB1012000E000207047094932
:1045E00034310860704701460020064A30321268B4
:1045F0000A400AB1012000E000207047014934312F
:1046000008607047042C0140A0802542A085254207
:10461000AC812542F948006840F00100F749086084
:104620000020F64908310860F4480068F449084061
:10463000F2490860F348091D0860F348EF498431E6
:104640000860F0481038091D0860EC48006820F444
:104650008020EA4908600020E8490C310860E749F9
:104660008C31086070470021E44A921C1170114699
:104670000870704710B501460022002300204A113F
:10468000012A02D1DD4C236808E0022A03D1DB4C69
:104690007034236802E0D94C7434236801F01F029F
:1046A000012494401C400CB1012000E0002010BD0A
:1046B00038B5002000900024002500BF3120FFF70E
:1046C000D9FF05460098401C00900098B0F5A04F17
:1046D00001D0002DF2D03120FFF7CCFF08B101242A
:1046E00000E00024204638BD01460020C34A10687F
:1046F00020F0F80040EAC10010607047C34908602C
:1047000070470021BD4A703211701170012802D02B
:1047100004280AD104E00121B84A7032117005E082
:104720000521B64A7032117000E000BF00BF70472B
:10473000B7490860704770B5049C41EA82150126AC
:10474000C6EB530645EA0645054345EA0465AB4E0C
:10475000361D356070BDAD4908667047820142EA7A
:104760000172A64B84331A607047A8498866704767
:1047700010B5830143EA016343EA02739F4C883416
:10478000236010BDA14908677047A049C8647047FD
:1047900002460020994B0833186820F0EC6042EA8A
:1047A00001031843954B08331860704702460020F8
:1047B000924B0833186820F0784042EA010318430E
:1047C0008E4B083318607047014600208B4A083230
:1047D000106820F0030008431060704787480830D5
:1047E000006800F00C00704701460020834A083240
:1047F000106820F0F0000843106070470146002068
:104800007E4A0832106820F4E05008431060704778
:1048100001460020794A0832106820F4604040EADE
:10482000C10010607047F0B500210022002402256D
:1048300000260223714F08373F6807F00C0121B1B1
:10484000042905D0082937D105E0724F076036E00A
:10485000714F076033E0694F3F1D3F68C7F38056D3
:10486000664F3F1D3F6807F03F036EB16A4FB7FBCD
:10487000F3F7DFF888C10CF1040CDCF800C0CCF3CE
:10488000881C07FB0CF40CE0624FB7FBF3F7DFF872
:104890006CC10CF1040CDCF800C0CCF3881C07FBE5
:1048A0000CF4564F3F1D3F68C7F301477F1C7D0046
:1048B000B4FBF5F7076002E0564F076000BF00BF8A
:1048C0004E4F08373F6807F0F0010909534F7A5CF3
:1048D0000768D7404760494F08373F6807F4E05101
:1048E000890A4E4F7A5C4768D7408760434F083744
:1048F0003F6807F46041490B484F7A5C4768D740EE
:10490000C760F0BD002100F44072B2F5407F0AD1CB
:104910003A4A0832116821F4F811414A0240114321
:10492000364A08321160354A70321268C0F30B0300
:104930001A43324B70331A60704735494439086066
:1049400070473349403908607047364908607047FE
:1049500001460020294A8C32106820F01F004A1EB0
:104960001043264A8C321060704701460020234ACB
:104970008C32106820F4F8504A1E40EA02201F4A88
:104980008C3210607047014600201C4A8C3210683F
:1049900020F4401008431060704701460020174A79
:1049A0008C32106820F440000843106070470146C4
:1049B0000020124A8C32106820F440300843106006
:1049C000704719490860704739B10C4A3032126893
:1049D00002430A4B30331A6006E0084A303212684C
:1049E0008243064B30331A607047F9B1034A3432C0
:1049F00012680243014B34331A601CE00038024055
:104A0000FFFFF6EA1030002400300020000047428B
:104A1000800E47420024F40000127A008200002039
:104A2000FFFCFF0F5C014742E01147428F4A1268CA
:104A300082438E4B1A60704739B18C4A121D12683E
:104A400002438A4B1B1D1A6006E0884A121D126839
:104A50008243864B1B1D1A60704739B1834A0C3262
:104A600012680243814B0C331A6006E07F4A0C3215
:104A7000126882437D4B0C331A60704739B17B4A10
:104A8000103212680243794B10331A6006E0774AFD
:104A9000103212688243754B10331A60704739B177
:104AA000724A243A12680243704B243B1A6006E0B3
:104AB0006E4A243A126882436C4B243B1A6070475A
:104AC00039B16A4A203A12680243684B203B1A60A7
:104AD00006E0664A203A12688243644B203B1A6023
:104AE000704739B1614A1C3A126802435F4B1C3B64
:104AF0001A6006E05D4A1C3A126882435B4B1C3B1D
:104B00001A60704739B1594A143A12680243574B38
:104B1000143B1A6006E0554A143A12688243534B1C
:104B2000143B1A60704739B1504A103A1268024378
:104B30004E4B103B1A6006E04C4A103A1268824312
:104B40004A4B103B1A60704739B1484A1C32126810
:104B50000243464B1C331A6006E0444A1C3212687A
:104B60008243424B1C331A60704739B13F4A2032AE
:104B7000126802433D4B20331A6006E03B4A203264
:104B800012688243394B20331A60704739B1374A73
:104B9000243212680243354B24331A6006E0334A4C
:104BA000243212688243314B24331A60704739B182
:104BB0002E4A2C32126802432C4B2C331A6006E02A
:104BC0002A4A2C3212688243284B2C331A607047D1
:104BD00039B1264A303212680243244B30331A600E
:104BE00006E0224A303212688243204B30331A608A
:104BF0007047012808D11D493C31096841F008017E
:104C00001A4A3C32116007E018493C31096821F02A
:104C10000801164A3C321160704739B1134A273AED
:104C200012780243114B273B1A7006E00F4A273ACD
:104C3000127882430D4B273B1A7070470B48403067
:104C4000006840F0807009494031086070470146B3
:104C50000020064A283A12680A400AB1012000E002
:104C600000207047014926390870704734380240E7
:104C700010B50446FA48844208D101211020FFF7FC
:104C800052FF00211020FFF74EFF57E0F548844205
:104C900009D101214804FFF735FF00214FF400300E
:104CA000FFF730FF4AE0F048844209D1012188042F
:104CB000FFF728FF00214FF48020FFF723FF3DE09E
:104CC000EA48844209D10121C804FFF71BFF0021F3
:104CD0004FF40020FFF716FF30E0E548844209D189
:104CE00001210805FFF70EFF00214FF48010FFF7A8
:104CF00009FF23E0DF48844208D101212020FFF78B
:104D000012FF00212020FFF70EFF17E0DA4884424F
:104D100009D101218807FFF7F5FE00214FF08040FF
:104D2000FFF7F0FE0AE0D548844207D10121400593
:104D3000FFF7E8FE00216005FFF7E4FE10BD2DE956
:104D4000FF4705460E460024A14600BFA046B08995
:104D500000B100BF2C8A24F44054F08804432C8214
:104D6000AC8941F20C608443B08831890843718971
:104D700008430443AC81AC8A24F44074B0890443F2
:104D8000AC826846FFF74FFDB548854202D0B9486E
:104D9000854202D1DDF80C9001E0DDF80890A88989
:104DA00000F4004040B109EBC90000EB0910316884
:104DB0004900B0FBF1F707E009EBC90000EB09106F
:104DC00031688900B0FBF1F76420B7FBF0F0040113
:104DD0002009642101FB1078A88900F4004040B14B
:104DE000322000EBC800B0FBF1F000F007000443F4
:104DF00008E0322000EB08106421B0FBF1F000F075
:104E00000F0004432C81BDE8FF874FF41651016069
:104E100000218180C18001810C214181002181819B
:104E2000704710B502460020108A20F470600B888D
:104E30004C8823438C882343CC8823431843108217
:104E400010BD0021018041808180C180704721B167
:104E5000828942F40052828104E082894DF6FF7318
:104E60001A4082817047028B02F47F420283028BD8
:104E70000A430283704721B1828942F40042828151
:104E800003E08289C2F30E028281704721B1828AD7
:104E900042F40062828204E0828A4FF2FF731A4079
:104EA00082827047C1F30802828070470146888879
:104EB000C0F308007047028A4FF6F0731A4002826E
:104EC000028A0A430282704721B1828942F00202BB
:104ED000828104E082894FF6FD731A408281704717
:104EE00082894FF2FF731A40828182890A4382814C
:104EF0007047028A4FF6DF731A400282028A0A4321
:104F00000282704721B1028A42F48042028204E0A8
:104F1000028A4BF6FF731A4002827047818941F082
:104F200001018181704721B1828A42F008028282A8
:104F300004E0828A4FF6F7731A4082827047028B30
:104F4000D2B20283028B42EA01220283704721B16E
:104F5000828A42F02002828204E0828A4FF6DF7366
:104F60001A408282704721B1828A42F01002828206
:104F700004E0828A4FF6EF731A4082827047828A79
:104F80004FF6FB731A408282828A0A4382827047FC
:104F900021B1828A42F00202828204E0828A4FF6C4
:104FA000FD731A40828270471AB1838A0B43838251
:104FB00002E0838A8B4383827047F0B50346002466
:104FC00000260025002040F66A17B94200D100BF34
:104FD0001846C1F3421401F01F06012707FA06F52F
:104FE000012C01D10C3004E0022C01D1103000E082
:104FF00014301AB107682F43076002E00768AF4317
:105000000760F0BD02460020B1F5007F00D100BF6F
:1050100013880B400BB1012000E00020704701F421
:105020000072B2F5007F00D100BFCA430280704712
:1050300070B50246002400230025002040F66A16C1
:10504000B14200D100BFC1F3421501F01F03012698
:1050500006FA03F3012D13D19689334017E00000BF
:10506000001001400044004000480040004C004057
:10507000005000400014014000780040007C0040D7
:10508000022D02D1168A334001E0968A33400C1279
:10509000012606FA04F41688344013B10CB101203D
:1050A00000E0002070BD10B50022002340F66A1415
:1050B000A14200D100BF0A1201249440A3B2DC43F4
:1050C000048010BD016821F0010101600021016030
:1050D00041608160C160016121214161DB498842F9
:1050E00004D13D21D94A103A91608CE0D74918315A
:1050F000884205D14FF47461D44A103A916082E03D
:10510000D2493031884205D14FF47411CF4A103A58
:10511000916078E0CD494831884205D14FF0746103
:10512000CA4A103A91606EE0C8496031884204D1A1
:10513000C749C64A103AD16065E0C449783188420F
:1051400004D1C449C14A103AD1605CE0BF499031F2
:10515000884204D1C049BD4A103AD16053E0BB49EE
:10516000A831884205D14FF03D51B84A103AD1607C
:1051700049E0BA49884204D13D21B84A083A116051
:1051800041E0B6491831884205D14FF47461B34A01
:10519000083A116037E0B1493031884205D14FF407
:1051A0007411AE4A083A11602DE0AC49483188428A
:1051B00005D14FF07461A94A083A116023E0A7496C
:1051C0006031884204D1A249A44A121F11601AE03A
:1051D000A2497831884204D19E49A04A121F116029
:1051E00011E09E499031884204D19B499B4A121F8D
:1051F000116008E09949A831884204D14FF03D512F
:10520000964A121F1160704710B500220268944B35
:105210001A40CC680B6823434C6923438C692343B1
:10522000CC6923430C6A23434C6A23438C6A23438F
:105230004C6B23438C6B23431A430260426922F078
:105240000702D1E90B3423431A4342610B694360DF
:105250004B6883608B68C36010BD002101604160B2
:105260008160C160016141618161C161016241622E
:105270008162C162016341638163704721B1026849
:1052800042F00102026003E0026822F001020260C3
:10529000704721B1026842F40042026003E00268F4
:1052A00022F400420260704721B1026842F02002FD
:1052B000026003E0026822F0200202607047416051
:1052C00070470146486880B2704722B1036843F4D2
:1052D0000023036003E0036823F4002303600161FB
:1052E000704721B1026842F48022026003E0026844
:1052F00022F48022026070470AB1016100E0C160BF
:105300007047014600200A6802F400220AB1012019
:1053100000E000207047014600200A6802F0010208
:105320000AB1012000E000207047014600204A69D0
:1053300002F03800704730B503460A4600200024CA
:10534000464DAB4202D24149103901E04349103980
:1053500002F000550DB14C6800E00C68414D2C4046
:1053600004EA02050DB1012000E0002030BD024634
:105370003A4B9A4202D23548103801E0374810388B
:1053800001F000531BB1374B0B40C36002E0354BBB
:105390000B408360704710B501F080034BB122B120
:1053A000436943F08003436103E0436923F08003D2
:1053B000436180290BD02AB1036801F01E04234306
:1053C000036004E0036801F01E04A343036010BD02
:1053D00070B50246002000240025204EB24202D2C1
:1053E0001A4B103B01E01D4B103B1F4E0E4036B1D7
:1053F0001E2606EAD124166806EA040502E056696C
:1054000006F0800501F000560EB15C6800E01C68F3
:10541000144E344004EA010616B10DB1012000E03B
:10542000002070BD02460D4B9A4202D20748103848
:1054300001E00A48103801F000531BB1094B0B4042
:10544000C36002E0074B0B4083607047106002406E
:105450003D000020400F002000003D20106402406D
:105460003F801CF07D0F7D0F3C0F3C0F10B50446B4
:10547000FE48844208D101210846FFF754FB002171
:105480000120FFF750FB9DE0B4F1804F08D10121CE
:105490000846FFF737FB00210120FFF733FB91E0BF
:1054A000F348844208D101210220FFF72BFB0021A1
:1054B0000220FFF727FB85E0EE48844208D1012156
:1054C0000420FFF71FFB00210420FFF71BFB79E0FE
:1054D000E948844208D101210820FFF713FB00218D
:1054E0000820FFF70FFB6DE0E448844208D101215A
:1054F0001020FFF707FB00211020FFF703FB61E0FE
:10550000DF48844208D101212020FFF7FBFA002167
:105510002020FFF7F7FA55E0DA48844208D101214C
:105520000220FFF700FB00210220FFF7FCFA49E010
:10553000D548844209D101210804FFF7F4FA00217B
:105540004FF48030FFF7EFFA3CE0D048844209D1B5
:1055500001214804FFF7E7FA00214FF40030FFF77C
:10556000E2FA2FE0CA48844209D101218804FFF7FA
:10557000DAFA00214FF48020FFF7D5FA22E0C5487F
:10558000844208D101214020FFF7BCFA00214020CD
:10559000FFF7B8FA16E0C048844208D10121802004
:1055A000FFF7B0FA00218020FFF7ACFA0AE0BB4811
:1055B000844207D101218015FFF7A4FA0021A0152C
:1055C000FFF7A0FA10BD00220288A84B98420ED027
:1055D000AC4B98420BD0B0F1804F08D0A44B98420E
:1055E00005D0A44B984202D0A34B984204D14FF669
:1055F0008F731A404B881A43A04B984207D0A04B98
:10560000984204D04FF6FF431A400B891A43028098
:105610004B68C3620B880385944B984202D0994B28
:10562000984201D18B7A03860123838270474FF021
:10563000FF3141600021018001814180817270470A
:105640000185828270470A46002101884FF68F73D8
:10565000194011430180704741627047C162704731
:105660000146486A70470146088D704721B102889B
:1056700042F00202028004E002884FF6FD731A40F5
:105680000280704721B1028842F00402028004E0E7
:1056900002884FF6FB731A400280704721B10288DE
:1056A00042F08002028004E002884FF67F731A40C5
:1056B0000280704702884FF6F7731A400280028812
:1056C0000A430280704702884FF6FF431A40028067
:1056D00002880A430280704721B1028842F0010229
:1056E000028004E002884FF6FE731A400280704781
:1056F00070B5002400220023058C4FF6FE7635405D
:105700000584028C8388048B4FF68F752C40B51E60
:105710002C400D882C43751E2A408D892A434D88C4
:105720002A43524DA84202D0564DA84213D14FF6FB
:10573000F7752A40CD892A434FF6FB752A408D889C
:105740002A434FF6FF652B404FF6FF552B400D8A3D
:105750002B434D8A2B43838004838D6845630284E9
:1057600070BD70B5002400220023058C4FF6EF7643
:1057700035400584028C8388048B48F6FF752C40E5
:105780004FF6FF452C400D884FF6FF7606EA0525BB
:105790002C434FF6DF752A408D8906EA05152A430A
:1057A0004D8806EA05152A43304DA84202D0354DF2
:1057B000A8421DD14FF67F752A40CD894FF6FF765E
:1057C00006EA05152A434FF6BF752A408D8806EA7A
:1057D00005152A434FF6FF352B404FF2FF752B403E
:1057E0000D8A06EA85052B434D8A06EA85052B437B
:1057F000838004838D688563028470BD70B5002446
:1058000000220023058C4FF6FF6635400584028C8C
:105810008388848B4FF68F752C404FF6FC752C4097
:105820000D882C434FF6FF552A408D894FF6FF76A1
:1058300006EA05252A434D8806EA05252A430B4D2D
:10584000A84202D00F4DA84238D14FF2FF752A402E
:10585000CD894FF6FF7606EA05252A434FF6FF3538
:105860002A408D8806EA05252A4319E000000140F8
:105870000004004000080040000C00400010004000
:105880000014004000040140004001400044014079
:105890000048014000180040001C0040002000406B
:1058A0004EF6FF752B404DF6FF752B400D8A06EA2C
:1058B00005152B434D8A06EA05152B438380848307
:1058C0008D68C563028470BD70B50022002300247A
:1058D000058C4EF6FF7635400584038C8488828BD8
:1058E00048F6FF752A404FF6FF452A400D884FF6CF
:1058F000FF7606EA05252A434DF6FF752B408D8974
:1059000006EA05352B434D8806EA05352B43FE4D47
:10591000A84202D0FD4DA84208D14BF6FF752C409D
:105920000D8A4FF6FF7606EA85152C438480828324
:105930008D680564038470BD0021018041808180F1
:1059400081608181C18101824182704770B50346C7
:10595000002000241846183001258D40ACB21D8C63
:10596000A5431D8409B108290AD100EB610005682F
:105970004FF68F76354005600568154305600FE0EA
:105980000D1FC5F34E052844056848F6FF763540DF
:10599000056005684FF6FF7606EA02263543056086
:1059A00070BD4163704781637047C1637047016494
:1059B00070470A460021018B4FF68F73194011433F
:1059C000018370470A460021018B48F6FF73194096
:1059D0004FF6FF7303EA02231943018370470A4617
:1059E0000021818B4FF68F731940114381837047DB
:1059F0000A460021818B48F6FF7319404FF6FF736A
:105A000003EA02231943818370470A460021018B70
:105A10004FF6F77319401143018370470A4600217E
:105A2000018B4FF2FF7319404FF6FF7303EA022315
:105A30001943018370470A460021818B4FF6F773A3
:105A400019401143818370470A460021818B4FF230
:105A5000FF7319404FF6FF7303EA02231943818352
:105A600070470A460021018B4FF6FB731940114322
:105A7000018370470A460021018B4FF6FF3319401E
:105A80004FF6FF7303EA02231943018370470A4666
:105A90000021818B4FF6FB731940114381837047BE
:105AA0000A460021818B4FF6FF3319404FF6FF73F2
:105AB00003EA02231943818370470A460021018BC0
:105AC0004FF67F7319401143018370470A46002146
:105AD000018BC1F30E014FF6FF7303EA0223194352
:105AE000018370470A460021818B4FF67F7319406E
:105AF0001143818370470A460021818BC1F30E0157
:105B00004FF6FF7303EA02231943818370470A4665
:105B10000021018C4FF6FD73194011430184704739
:105B20000A460021018C4FF6F77319401143018496
:105B300070470A460021018C4FF6DF7319404FF67B
:105B4000FF7303EA02131943018470470A460021D8
:105B5000018C4FF67F7319404FF6FF7303EA02136F
:105B60001943018470470A460021018C4FF6FF5308
:105B700019404FF6FF7303EA02231943018470476B
:105B80000A460021018C4FF2FF7319404FF6FF7354
:105B900003EA02231943018470470A460021018C5D
:105BA0004DF6FF7319404FF6FF7303EA02331943B2
:105BB0000184704730B5002301248C40A3B2048CCB
:105BC0009C430484048C02FA01F5ADB22C43048496
:105BD00030BD30B5002304248C40A3B2048C9C4318
:105BE0000484048C02FA01F5ADB22C43048430BD68
:105BF000828B4FF2FF331A408283828B4FF6FF7302
:105C000003EA01231A4382837047F0B50C46154618
:105C1000002100220026078C4EF6FF7C07EA0C07C5
:105C20000784818B028C4FF6FF7707EA043640F633
:105C3000FF4739404FF6FF7707EA052739434FF60C
:105C4000FF7707EA0337394345F6FF773A4046F4D2
:105C500080573A4381830284F0BD828B4FF6F37301
:105C60001A408283828B0A4382837047F0B50C46C8
:105C70001546002100220026078C4FF6FF6C07EA2C
:105C80000C070784818B028C4FF6FF7707EA042606
:105C90004FF60C7739404FF6FF7707EA03172F438B
:105CA00039434FF2FF573A4046F480773A438183B5
:105CB0000284F0BD028B4FF2FF331A400283028B45
:105CC0004FF6FF7303EA01231A4302837047F0B5CE
:105CD0000C461546002100220026078C4FF6EF7C6B
:105CE00007EA0C070784018B028C4FF6FF7707EA5F
:105CF000041640F6FF4739404FF6FF7707EA0337AF
:105D000039434FF6FF7703E00000014000040140F3
:105D100007EA052739434FF65F773A4046F0100708
:105D20003A4301830284F0BD028B4FF6F3731A40AD
:105D30000283028B0A4302837047F0B50C46154676
:105D400000210022068C4FF6FE773E400684018B30
:105D5000028C4FF60C7631407E1C06EA03162E4369
:105D600031434FF6F576324044F001063243018369
:105D70000284F0BD70B505460C46208850B92389D1
:105D8000A28861882846FFF7D8FFE1882846FFF7F8
:105D9000CBFF25E0208804280AD12389A2886188C6
:105DA0002846FFF794FFE1882846FFF783FF17E0B6
:105DB000208808280AD12389A28861882846FFF70D
:105DC00055FFE1882846FFF748FF09E02389A288AC
:105DD00061882846FFF719FFE1882846FFF708FF8A
:105DE00070BD002101804180012181800021C1809E
:105DF000018170472DE9F04105460C460026012738
:105E0000608808B9022600E00026A088012801D198
:105E1000022700E001272088A0B92389A288618891
:105E20002846FFF78AFFE1882846FFF77DFF238990
:105E30003A4631462846FFF74AFFE1882846FFF7F1
:105E400039FF13E02389A28861882846FFF73FFFC6
:105E5000E1882846FFF72EFF23893A463146284637
:105E6000FFF76BFFE1882846FFF75EFFBDE8F08192
:105E70000146486B70470146886B70470146C86B06
:105E800070470146086C70470A884B881A438B8814
:105E90001A43CB881A430B891A434B891A438B89BF
:105EA0001A43A0F84420704700210180418081807E
:105EB000C180018141818181704731B1B0F84420B6
:105EC00042F40042A0F8442005E0B0F84420C2F3B8
:105ED0000E02A0F84420704721B1828842F00402EB
:105EE000828004E082884FF6FB731A4082807047FC
:105EF00021B1828842F00102828004E082884FF65C
:105F0000FE731A40828070471AB183890B438381E4
:105F100002E083898B438381704781827047024608
:105F20000020138A0B400BB1012000E000207047D5
:105F3000CA430282704730B5024600200023002485
:105F4000158A05EA0103958905EA010413B10CB12C
:105F5000012000E0002030BDCA430282704741EAC0
:105F60000203A0F8483070471AB183890B4383813C
:105F700002E083898B438381704721B1828842F09C
:105F80000802828004E082884FF6F7731A4082800C
:105F9000704701894FF6F8721140018170470A4637
:105FA000002101894FF68F73194011430181704719
:105FB00030B504460D4629462046FFF7F0FF2089FC
:105FC00040F00700208130BD2DE9F04104460D4628
:105FD00016461F46602D06D13B460122314620461B
:105FE000FFF775FE05E03B46012231462046FFF7EC
:105FF000A4FE29462046FFF7D2FF208940F0070083
:106000002081BDE8F08130B50C4600210189C9B27C
:106010004FF6FF7505EA0325154325432943018102
:1060200030BD2DE9F04105460E461746984600243E
:1060300043463A4631462846FFF7E5FF2C894FF69E
:10604000F870044044F007044FF68F70044044F0A9
:1060500070042C81BDE8F081F0B504460D4616466B
:106060001F463B46324629462046FFF7CCFF208993
:1060700040F480402081F0BD82884FF68F731A4033
:10608000828082880A438280704702894FF6F873C3
:106090001A40028102890A430281704702894FF641
:1060A0007F731A40028102890A4302817047F0B56A
:1060B0000C4615461E460021002200230189028B52
:1060C000038C4FF6F877394021434FF6FC473A40AE
:1060D00040F201173A434FF6DD773B404FF6FF772A
:1060E00007EA06172F433B43018102830384F0BD77
:1060F00021B1828842F08002828004E082884FF6DB
:106100007F731A4082807047A0F8501070470000DB
:1061100010B50446FB48844208D101218014FEF7E3
:1061200002FD0021A014FEF7FEFC3CE0F64884428C
:1061300008D101210014FEF7E5FC00212014FEF730
:10614000E1FC30E0F148844208D10121C013FEF7A0
:10615000D9FC0021E013FEF7D5FC24E0EC48844292
:1061600008D101214014FEF7DEFC00216014FEF787
:10617000DAFC18E0E748844209D101210805FEF75E
:10618000D2FC00214FF48010FEF7CDFC0BE0E2487A
:10619000844208D101214805FEF7C5FC00214FF4D7
:1061A0000010FEF7C0FC10BD10B50022028802F4FA
:1061B00041520B884C8823438C882343CC8823434B
:1061C0000C8923434C8923438C892343CC89234363
:1061D0001A430280838B4FF2FF74234083830B8A20
:1061E000038210BD2DE9F04F0025022300244FF05B
:1061F000010900220026002794469046B0F81CA012
:106200004FF2400B0AEA0B0AA0F81CA04FF0020A5A
:10621000A0F820A0858BD1F808A0BAF1020F01D117
:1062200000BF82E0B1F804A0BAF1000F02D14FF034
:10623000010901E04FF00209DFF8E0A2DAF800A05E
:106240000AF4000ABAF1000F09D0DFF8D0A2DAF898
:1062500000A02AF4000ADFF8C4B2CBF800A0DFF8EF
:10626000BCA20AF17C0ADAF800A0CAF3881CDFF8A5
:10627000ACA20AF17C0ADAF800A0CAF30278DFF8CF
:106280009CA2AAF1040ADAF800A00AF03F07DFF89E
:106290008CA2AAF1040ADAF800A00AF4800ABAF57E
:1062A000800F08D1DFF878A2BAFBF7FA0AFB0CFAE4
:1062B000BAFBF8F607E0DFF86CA2BAFBF7FA0AFBC4
:1062C0000CFABAFBF8F6B1F806A0BAF5007F0ED1C9
:1062D0004FEA162A0AEB8A0A4FEA4A0AD1F808B0AE
:1062E000BAFBFBFA0AF1050A1FFA8AF20FE04FEA3D
:1062F000491AB6FBFAFA0AEB8A0A4FEA4A0AD1F8B7
:1063000008B0BAFBFBFA0AF1050A1FFA8AF24FF04D
:106310000A0AB2FBFAF202F00104A2EB040ACAF381
:106320004F034FF6FF7A0AEA0424022B01DBFF2B0E
:1063300001DD02230024B1F806A04AEA040A4AEA71
:10634000030AA0F820A0B1F804A0B1F80CB04AEA02
:106350000B0AB1F802B04AEA0B0AB1F800B04AEAF7
:106360000B0A4AF4006A4AEA05058583BDE8F08F06
:106370000021018041808180C18001814181818132
:10638000C181072101827047002101804180818005
:10639000C1800221816000218181704721B1028882
:1063A00042F04002028004E002884FF6BF731A40B8
:1063B0000280704721B1828B42F48062828304E0C4
:1063C000828B4FF6FF331A408283704702884FF268
:1063D000FF731A40028002880A4302807047B1F5B9
:1063E000804F04D1028842F48042028004E0028897
:1063F0004BF6FF731A40028070474FF6FF629142DE
:1064000004D0028842F48072028004E002884FF6D1
:10641000FF631A400280704721B1828842F0040273
:10642000828004E082884FF6FB731A4082807047B6
:1064300021B1828842F01002828004E082884FF607
:10644000EF731A408280704730B500220023848B9E
:106450004FF240052C40848302240484828B0C88F4
:10646000B4F5007F01D00C8814B94FF4807308E0B4
:106470000C88B4F5407F03D00C88B4F5807F00D140
:1064800000238C888D892C434D882C431C4344F475
:1064900000642243828330BD014688897047818130
:1064A000704721B1028842F40052028004E0028861
:1064B0004DF6FF731A4002807047018841F4805105
:1064C0000180704702460020012901D0108B00E0B6
:1064D000908A70470146088A70471AB183880B4337
:1064E000838002E083888B438380704730B500242B
:1064F00000230C110125A540ABB2AAB185881D432C
:10650000858014E00030014000380040003C00402D
:10651000003401400050014000540140083802405E
:1065200000127A000024F40085889D43858030BDE8
:106530000246002013890B400BB1012000E000202F
:106540007047CA4302817047F0B50246002000241C
:106550000023002501F00F070126BE40B4B20B1145
:1065600001269E40B3B2968806EA030516892640A6
:1065700016B10DB1012000E00020F0BD10B50022E1
:1065800001F00F040123A3409AB2D343038110BD4D
:1065900070B503460C4603E014F8015B03F8015B99
:1065A000151EA2F10102F7D170BD30B5034601E01E
:1065B00003F8011B141EA2F10102F9D130BD10B580
:1065C00004467A4951F824104A00794951F82400C8
:1065D0000021FFF7EAFF774951F8242074490C396C
:1065E00051F824000021FFF7E0FF012170480C3032
:1065F000015510BD10B501460023002207E06C488C
:1066000050F8210030F8120000B15B1C521C6748A2
:1066100050F821009042F2D864205843634C54F85B
:106620002140B0FBF4F0C0B210BD2DE9F0470446A4
:106630000F460025A9465E480C30005D20B95C4835
:1066400014380168204688471FB94FF0FF30BDE875
:10665000F087594850F82400B7FBF0F6564850F838
:106660002400B7FBF0F100FB117000B1761C4F481D
:1066700050F82400451E20E04D4850F8240030F822
:10668000150010B909F1010901E04FF00009B14509
:1066900012D14FF0000808E0454850F8240005EBFF
:1066A000080220F8126008F10108B045F4D342480E
:1066B00050F824006843CAE76D1E002DDCDA4FF065
:1066C000FF30C4E72DE9F04104460E4638480C304F
:1066D000005D38B9364814380168204688470120E3
:1066E000BDE8F081334850F82400B04217D9324851
:1066F00050F82400B6FBF0F12D4850F8240030F893
:106700001120002507E00023294850F824004F19E4
:1067100020F817306D1C9542F5DB0020E0E70220E1
:10672000DEE770B505460C4604B970BD20480C384C
:1067300050F82500261A31462846FFF7C3FF00BF50
:10674000F3E770B504460E4631462046FFF76DFF6D
:106750000546681C08B9002070BD15480C3850F873
:1067600024002844F8E72DE9F04104460F46164678
:1067700031462046FFF759FF0546681C10B9002036
:10678000BDE8F0810A490C3951F824104819324605
:106790003946FFF7FDFE39462046FFF7C2FF0448A1
:1067A0000C3850F824002844EAE70000E8C4000848
:1067B000A800002000C50008F4C4000810B58CB083
:1067C00004461E230BAA03A9204600F0A9FE009050
:1067D000009810B101200CB010BD9DF82C000444AD
:1067E00000200B900EE040489DF82C2050F822101D
:1067F00003A800F0FDFD00B908E09DF82C00401C46
:10680000C0B20B909DF82C000728ECD300BF9DF878
:106810002C00072863D2DFE800F004053C5E6564C5
:10682000630000BF31A004F075FF31A004F072FFD7
:106830003FA004F06FFF4EA004F06CFF5CA004F0DA
:1068400069FF6BA004F066FF79A004F063FF86A0E7
:1068500004F060FF8BA004F05DFF90A004F05AFFED
:1068600094A004F057FF99A004F054FF9EA004F0F8
:1068700051FFA4A004F04EFFB0A004F04BFFBDA058
:1068800004F048FFC8A004F045FFD4A004F042FF84
:106890009AE216A004F03EFFE0A004F03BFF0020C7
:1068A0000B900EE0ED4800689DF82C2000EBC20034
:1068B0004168EBA004F02EFF9DF82C00401CC0B2F4
:1068C0000B90E648007D9DF82C108842EADC07A07A
:1068D00004F020FF78E205A004F01CFFC4E171E29F
:1068E00045E219E2ECE10000B80000200D0A0000CA
:1068F0002D2D2D2D2D2D2D2D2D2D2D2D2D2D2D2DC8
:106900002D2D2D2D2D2D2D2D55534D4152542056CD
:10691000332E312D2D2D2D2D2D2D2D2D2D2D2D2D9C
:106920002D2D2D2D2D2D2D2D2D2D2D200D0A000041
:106930002020202055534D415254CAC7D3C9414C41
:1069400049454E54454BBFAAB7A2B5C4D2BBB8F611
:10695000C1E9C7C9B5C4B4AEBFDAB5F7CAD4BBA5DF
:10696000BDBBD7E9BCFE2CCDA8B9FD200D0A0000A7
:10697000CBFC2CC4E3BFC9D2D4CDA8B9FDB4AEBF03
:10698000DAD6FACAD6B5F7D3C3B3CCD0F2C0EFC3C8
:10699000E6B5C4C8CEBACEBAAFCAFD2CB2A2D6B440
:1069A000D0D02ED2F2B4CB2CC4E3BFC90D0A000064
:1069B000D2D4CBE6D2E2B8FCB8C4BAAFCAFDB5C4F3
:1069C000CAE4C8EBB2CECAFD28D6A7B3D6CAFDD753
:1069D000D62831302F3136BDF8D6C629A1A2D7D658
:1069E000B7FBB4AEA1A2BAAFCAFDC8EB0D0A000056
:1069F000BFDAB5D8D6B7B5C8D7F7CEAAB2CECAFDDA
:106A0000292CB5A5B8F6BAAFCAFDD7EEB6E0D6A721
:106A1000B3D63130B8F6CAE4C8EBB2CECAFD2CB258
:106A2000A2D6A7B3D6BAAFCAFDB7B5200D0A0000EB
:106A3000BBD8D6B5CFD4CABE2ED0C2D4F6B2CECA39
:106A4000FDCFD4CABEBDF8D6C6C9E8D6C3B9A6C460
:106A5000DC2CD0C2D4F6BDF8D6C6D7AABBBBB9A62B
:106A6000C4DC2E0D0A000000BCBCCAF5D6A7B3D604
:106A70003A7777772E6F70656E6564762E636F6DEB
:106A80000D0A000055534D415254D3D037B8F6CFBC
:106A9000B5CDB3C3FCC1EE3A0D0A00003F3A202049
:106AA00020202020BBF1C8A1B0EFD6FAD0C5CFA2DC
:106AB0000D0A000068656C703A202020BBF1C8A167
:106AC000B0EFD6FAD0C5CFA20D0A00006C6973747E
:106AD0003A202020BFC9D3C3B5C4BAAFCAFDC1D0C4
:106AE000B1ED0D0A0A00000069643A202020202040
:106AF000BFC9D3C3BAAFCAFDB5C44944C1D0B1ED13
:106B00000D0A0A006865783A20202020B2CECAFD1E
:106B10003136BDF8D6C6CFD4CABE2CBAF3B8FABF48
:106B2000D5B8F12BCAFDD7D6BCB4D6B4D0D0BDF8F9
:106B3000D6C6D7AABBBB0D0A0A0000006465633A3B
:106B400020202020B2CECAFD3130BDF8D6C6CFD429
:106B5000CABE2CBAF3B8FABFD5B8F12BCAFDD7D646
:106B6000BCB4D6B4D0D0BDF8D6C6D7AABBBB0D0A2C
:106B70000A00000072756E74696D653A312CBFAA07
:106B8000C6F4BAAFCAFDD4CBD0D0BCC6CAB13B3074
:106B90002CB9D8B1D5BAAFCAFDD4CBD0D0BCC6CAF7
:106BA000B13B0D0A0A000000C7EBB0B4D5D5B3CC99
:106BB000D0F2B1E0D0B4B8F1CABDCAE4C8EBBAAF04
:106BC000CAFDC3FBBCB0B2CECAFDB2A2D2D4BBD800
:106BD000B3B5BCFCBDE1CAF82E0D0A002D2D2D2D3C
:106BE0002D2D2D2D2D2D2D2D2D2D2D2D2D2D2D2DD5
:106BF0002D2D2D2D2D2D414C49454E54454B2D2DE0
:106C00002D2D2D2D2D2D2D2D2D2D2D2D2D2D2D2DB4
:106C10002D2D2D2D2D2D2D200D0A00002D2D2D2D4E
:106C20002D2D2D2D2D2D2D2D2D2D2D2D2D2D2D2D94
:106C30002D2D2D2D2DBAAFCAFDC7E5B5A52D2D2DB6
:106C40002D2D2D2D2D2D2D2D2D2D2D2D2D2D2D2D74
:106C50002D2D2D2D2D2D2D2D200D0A00AC010020C8
:106C600025730D0A00000000EEA004F053FD002083
:106C70000B901AE0FB4909689DF82C2001EBC2013A
:106C800001AB02AA486803A900F070FCF54800684F
:106C90009DF82C1050F8312003A9F3A004F03AFD20
:106CA0009DF82C00401CC0B20B90EE48007D9DF872
:106CB0002C108842DEDCAFF2CC3004F02BFD83E0F8
:106CC000AFF2D83004F026FD0BAA03A9204600F04D
:106CD00029FD9DF82C00C8B9694603A800F0BBFB4C
:106CE0000B909DF82C0020B9E4A0009904F012FD4F
:106CF0000EE09DF82C00042801D002206BE5E2A0F4
:106D000004F008FD0120D749C87501E0022062E5C2
:106D1000DCA004F0FFFC57E0DAA004F0FBFC0BAAB7
:106D200003A9204600F0FEFC9DF82C00C8B9694676
:106D300003A800F090FB0B909DF82C0020B9D7A081
:106D4000009904F0E7FC0EE09DF82C00042801D027
:106D5000022040E5D4A004F0DDFC0020C149C87544
:106D600001E0022037E5C7A004F0D4FC2CE0C5A068
:106D700004F0D0FC0BAA03A9204600F0D3FC9DF838
:106D80002C00C8B9694603A800F065FB0B909DF87C
:106D90002C0078B9B349009881F8EC00084690F8C7
:106DA000EC0018B1C5A004F0B5FC07E0CAA004F0DF
:106DB000B1FC03E002200EE502200CE5B1A004F0D6
:106DC000A9FC01E0012006E500BF002003E510B5A5
:106DD0000121C848FFF7ACF84FF6FF71C548FEF730
:106DE0003DFC0021C348FEF737FC00209D49C1F857
:106DF000F00010BD10B50121BE48FFF790F8012842
:106E000008D19848D0F8F0004FF6FF710844954932
:106E1000C1F8F000B748FEF723FC9249D1F8F01012
:106E200008449049C1F8F0000846D0F8F00010BDC1
:106E300010B50121AF48FFF77EF801280AD1894932
:106E4000086980470021AB48FEF706FC6421A94889
:106E5000FEF704FC0121A748FFF77EF810BD7FB5BF
:106E600004460D4601210420FDF7F7FDADF8005062
:106E70000020ADF802000194ADF8080069469D4875
:106E8000FEF7A1FB012211469A48FFF73DF80121C8
:106E90009848FEF721FC1E208DF80C0003208DF889
:106EA0000D008DF80E0001208DF80F0003A8FDF7EE
:106EB0000EF97FBD10B5044604EBC40000EB0410CE
:106EC0000122C2EB800081B24FF47A70FFF7C7FF56
:106ED00001206449C87510BD30B595B0054613ABA7
:106EE00012AA09A9284600F041FB044614B1204625
:106EF00015B030BD0020149026E05A4909689DF86D
:106F0000502001EBC20113AB11AA486801A900F09F
:106F10002DFB04460CB12046EAE709A901A800F0C0
:106F200067FA60B99DF844009DF84810884201DD79
:106F30000220DDE79DF850004A4988750AE09DF877
:106F40005000401CC0B214904648007D9DF850107F
:106F50008842D2DC00BF4348007D9DF85010884233
:106F600001D10420C4E714A9284600F04CFC0446D3
:106F70000CB12046BCE79DF850003A494875002006
:106F8000B6E72DE9F0419AB03648847D007DA042F5
:106F900002DC1AB0BDE8F0813249096801EBC40196
:106FA00006AB07AA486808A900F0E0FA08A952A0B1
:106FB00004F0B0FB0026B9E02A48008B0121B14063
:106FC0000840D8B122214EA004F0A4FB304600F0C6
:106FD0000DFC24492431471839464AA004F09AFB95
:106FE000222147A004F096FB304600F0FFFB1D492C
:106FF0002431084410A941F826008DE0304600F005
:10700000F5FB18492431085810A941F82600154805
:10701000C07D30B910A850F826103BA004F07AFBD0
:107020007AE073E02D2D2D2D2D2D2D2D2D2D2D2D97
:107030002D2D2D2D2D2D2D2D2D2D2D2D2DBAAFCAD4
:10704000FD204944202D2D2D2D2D2D2D2D2D2D2D87
:107050002D2D2D2D2D2D2D2D2D2D2D2D2D2D2D2D60
:10706000200D0A00AC01002025732069642069739B
:107070003A0D0A3058253038580D0A004845583A1C
:10708000305825580D0A00003136BDF8D6C6B2CEAC
:10709000CAFDCFD4CABE210D0A0000004445433AC0
:1070A000256C750D0A0000003130BDF8D6C6B2CE91
:1070B000CAFDCFD4CABE210D0A00000052756E2051
:1070C00054696D652043616C63756C6174696F6EA2
:1070D000204F4E0D0A00000052756E2054696D65F8
:1070E0002043616C63756C6174696F6E204F464616
:1070F0000D0A0000000800400D0A2573280000005A
:107100002563000025730000256C750010A850F859
:10711000261095A004F0FEFA9DF81C00401EB04217
:1071200002D093A004F0F6FA701CC6B29DF81C00C1
:107130008642FFF641AF8FA004F0ECFAFFF747FE5E
:107140008D48407D0B280DD2DFE800F0060D151E9E
:1071500027323F4E5F7287008749096851F8340033
:107160008047054690E0844A126852F8341010981F
:107170008847054688E0804B1B6853F83420DDE9DA
:107180001001904705467FE07B4F3F6857F8343049
:1071900010A807C89847054676E0DFF8DCC1DCF8A0
:1071A00000C05CF8347010A80FC8B84705466BE003
:1071B0001498DFF8C4C10090DCF800C05CF83470AB
:1071C00010A80FC8B84705465EE0DDE91401DFF8F6
:1071D000A8C1CDE90001DCF800C05CF8347010A84B
:1071E0000FC8B84705464FE0DDE914121698DFF8DE
:1071F00088C1CDE900120290DCF800C05CF8347060
:1072000010A80FC8B84705463EE0DDE91423DDE9C4
:107210001610DFF864C1CDE90023CDE90210DCF8D7
:1072200000C05CF8347010A80FC8B84705462BE0C2
:10723000DDE91523DDE91710CDE90123CDE90310C0
:107240001498DFF834C10090DCF800C05CF83470AA
:1072500010A80FC8B847054616E0DDE91623DDE99A
:107260001810CDE90223CDE90410DDE91401DFF89F
:1072700008C1CDE90001DCF800C05CF8347010A84A
:107280000FC8B847054600BF00BFFFF7B3FD9DF824
:10729000180001280CD13848C07D20B9294637A0F4
:1072A00004F038FA07E0294636A004F033FA02E089
:1072B00033A004F02FFA304890F8EC0088B12E4843
:1072C000D0F8F0000A21B0FBF1F201FB12072A48C6
:1072D000D0F8F000B0FBF1F83A4641462CA004F09B
:1072E00019FA00BF55E670B53148008800F4004037
:1072F000002833D02E48057800202E4948551E48D6
:1073000081682C48884704461CB91B49C8688047D7
:1073100021E02848FFF752FA0546012D00D02C46FF
:10732000CCB1012C06D0022C08D0032C0AD0042C9E
:1073300010D10BE020A004F0EDF90BE021A004F047
:10734000E9F907E022A004F0E5F903E023A004F046
:10735000E1F900BF00BF00201549088070BD01465B
:1073600008687047016070473058255800000000D9
:107370002C00000029000000AC0100203D256C75A8
:107380003B0D0A003D305825583B0D0A0000000017
:1073900046756E6374696F6E2052756E2054696D08
:1073A000653A25642E2531646D730D0A00000000D6
:1073B00080000020641D0020BAAFCAFDB4EDCEF3FA
:1073C000210D0A00B2CECAFDB4EDCEF3210D0A00A4
:1073D000B2CECAFDCCABB6E0210D0A00CEB4D5D2F8
:1073E000B5BDC6A5C5E4B5C4BAAFCAFD210D0A0036
:1073F00002460AE010780B78984201D001207047CD
:10740000107800B902E0521C491CF3E700BF0020CD
:10741000F5E706E002780A70027802B902E0401C43
:10742000491CF7E700BF70470146002005E00A78D5
:1074300002B903E0421CD0B2491CF8E700BF704714
:1074400010B50246012000E050430B1EA1F10104DB
:10745000E1B2F9D110BD2DE9F04307460E460025F3
:107460004FF00A083C46002030601FE020783928A1
:1074700002DC207830280ADA2078462802DC2078DE
:10748000412804DA2078582809D1012D07D1207825
:10749000412801DB4FF01008681CC5B205E02078D8
:1074A00000B904E00120BDE8F083641CDEE700BF02
:1074B0003C46B8F1100F0FD1032D01DA0220F2E79C
:1074C0002078302806D16078582803D1A41CA81E43
:1074D000C5B204E00320E6E70DB90420E3E71BE0B2
:1074E0000DB1681EC5B22078392806DC2078302816
:1074F00003DB2078A0F1300902E02078A0F1370901
:1075000029464046FFF79CFF316809FB00103060B8
:10751000641C207800B900E0E2E700BF0020C2E769
:1075200010B50446002010700BE020780870641C31
:10753000491C1078401C10701078984201DB012023
:1075400010BD2078202802D020780028EDD100201E
:10755000087000BFF4E70146491C00E0491C0878A8
:10756000202801D10029F9D1087870472DE9FF4F73
:1075700085B08046894600270020049003900120B2
:1075800002904FF0000B002544461DE02078202893
:1075900016D005F07F00052812DA0DB945F08005F8
:1075A00005F07F00042803D120782A2800D00EE0BF
:1075B000207805F07F010DF80100681CC5B202E0DB
:1075C000852D00D103E0641C20780028DED100BFA7
:1075D0008DB1002005F07F010DF80100CBA16846B8
:1075E000FFF706FF18B900210898017002E0012199
:1075F0000898017000254FF0000A444614E0641C0E
:107600000AF1010000F0FF0A2078202802D020783B
:107610002A2809D12046FFF79EFF0646282E03D0D0
:107620002A2E01D0CDF810A02078282802D020786A
:107630000028E4D14446049810B10498401C044446
:107640004FF0000A002654E0207810B94FF0010AEC
:1076500050E02078282803D116B9781CC7B213E06F
:107660002078292808D13EB917B1781EC7B201E0A9
:107670004FF0010A47B93DE02078222804D10EB925
:10768000012000E00020064647B9207820282FD0AE
:10769000207889F8000009F1010929E020782C28D8
:1076A00004D101200290681CC5B214E02078202883
:1076B00011D0207828280ED04DB9BBF1050F06DA7D
:1076C00020780DF80B000BF1010000F0FF0B029881
:1076D000401CC0B20290012F0AD10298022807D1A3
:1076E0000298401CC0B202900398401CC0B20390A4
:1076F000641CA9E700BF0398012809D100200DF8F8
:107700000B0082A16846FFF773FE08B900200390C2
:10771000079903980870002089F80000504609B0C6
:10772000BDE8F08FF0B50346154600200022002684
:10773000002455E01F782C2F01D104B901221F78B5
:10774000292F01D01F780FB904B94AE0002E34D197
:107750001F78302F02DB1F78392F11DD1F78612F42
:1077600002DB1F78662F0BDD1F78412F02DB1F78AD
:10777000462F05DD1F78582F02D01F78782F0CD1A7
:1077800002B12EE01F78612F03DB1F78203F0F70BE
:1077900001E01F780F70491C1FE01F78222F04D1D1
:1077A00002B11EE00126012417E01F78202F14D01B
:1077B0001F782C2F11D0FF2613E01F78222F00D125
:1077C000002402B10DE044B11F785C2F02D15B1C94
:1077D000471CF8B21F780F70491C471CF8B25B1C9D
:1077E000A8E700BF00270F702E70F0BD02460020F2
:1077F000002105E0474B5B5C0344D8B24B1CD9B277
:107800009142F7DB70472DE9F043B5B005460F46CE
:107810000024002604E000213E488155701CC6B2B9
:107820000A2EF8DB06E06D1C287818B9012035B067
:10783000BDE8F08328782828F5D16D1C61E034AAD2
:1078400069462846FFF76EFF064635449DF8D0008E
:1078500020B1012827D0FF284CD149E09DF8000035
:1078600000B333A96846FFF7F6FD06460EB10220C5
:10787000DDE72046FFF7BAFF26490A31339A0A505E
:10788000A1F12400008B0121A140884321491A392C
:10789000088304211F480155601CC4B20A2C01DD75
:1078A0000320C4E726E06846FFF7BEFD401C00F059
:1078B000FF082046FFF79AFF16490A3100EB01093D
:1078C00049466846FFF7A5FD12481A38018B01208A
:1078D000A040014388B20F491A3908830D4800F8C7
:1078E0000480601CC4B20A2C01DD03209FE701E084
:1078F00002209CE700BF2878292801D0287800B909
:1079000000E09CE700BF3C70002090E7766F696460
:1079100000000000C601002070B50446002514B127
:10792000012C0BD103E0F9F79FFF054608E0F9F7BA
:1079300053F84FF4C0407649088001E0012500BFAC
:1079400000BF0DB1012070BD0020FCE70146002002
:1079500070472DE9F04107460E4615461C464FF08C
:10796000000814B90420BDE8F08117B1012F22D11D
:1079700012E0E2B229463046FAF7D8FF804607E027
:10798000F9F772FFE2B229463046FAF7CFFF804698
:10799000B8F1000FF4D111E009E069024FF4007270
:1079A0003046F9F786F86D1C06F50076641E002C4B
:1079B000F3D1A04602E04FF0010800BF00BFB8F1CC
:1079C000000F01D10020CEE70120CCE72DE9F041E6
:1079D00007460E4615461C464FF0000814B9042011
:1079E000BDE8F08117B1012F22D112E0E2B22946A1
:1079F0003046FAF7F9FF804607E0F9F735FFE2B2C3
:107A000029463046FAF7F0FF8046B8F1000FF4D16E
:107A100011E009E069024FF400723046F9F7E5F829
:107A20006D1C06F50076641E002CF3D1A04602E022
:107A30004FF0010800BF00BFB8F1000F01D10020D6
:107A4000CEE70120CCE72DE9F047064689461546EA
:107A500046BBB9F1000F09D0B9F1010F13D0B9F14C
:107A6000020F05D0B9F1030F19D106E0002418E088
:107A70004FF400702860002413E02648B0F850004E
:107A8000288000240DE023484FF400720023D0E941
:107A90001271384603F019FE2860002401E0042426
:107AA00000BF22E0012E1FD1B9F1000F09D0B9F1BA
:107AB000010F11D0B9F1020F05D0B9F1030F10D1A8
:107AC00006E000240FE04FF40070288000240AE054
:107AD00008202880002406E00D4800882860002443
:107AE00001E0042400BF00E001242046BDE8F08747
:107AF0000020704710B5044621460020FEF721FE05
:107B000010BD10B5044621460020FEF70AFE10BD48
:107B1000A00200202013002070B503460C4603E0AD
:107B200014F8015B03F8015B151EA2F10102F7D105
:107B300070BD30B5034601E003F8011B141EA2F12D
:107B40000102F9D130BDF0B503461C460D460020B8
:107B500000BF161EA2F1010207D014F8017B15F830
:107B600001CBA7EB0C06301EF3D0F0BD024600E0BF
:107B7000521C107810B110788842F9D110787047F3
:107B800070B504462079F8B1E56A607801232A4689
:107B900004F13001FFF71AFF08B1012070BD002089
:107BA0002071206A281AA16988420DD2E67809E07E
:107BB000A0690544607801232A4604F13001FFF7EB
:107BC00005FF761E022EF3D20020E7E770B50446CB
:107BD0000D46E06AA84210D02046FFF7D1FF08B159
:107BE000012070BD607801232A4604F13001FFF7BF
:107BF000B0FE08B10120F4E7E5620020F1E770B5BE
:107C000004462046FFF7BCFF0546002D59D12078D9
:107C100003284FD1607901284CD14202002104F1A0
:107C20003000FFF786FF552184F82E12AA2184F830
:107C30002F12522084F83000522131200155612149
:107C400032200155412133200155722184F814124C
:107C500084F81512412184F81612612184F8171254
:107C6000217C84F81812208A010A84F819122069EC
:107C7000010C84F81A122069010E84F81B12217B72
:107C800084F81C12A089010A84F81D12E068010C16
:107C900084F81E12E068010E84F81F12E069401C8F
:107CA000E0626078012304F13001E26AFFF78EFEA2
:107CB00000206071607800221146FFF7C4FE00B119
:107CC0000125284670BD0246891E5069801E8842E3
:107CD00001D8002070479378906A01FB0300F9E710
:107CE0002DE9F04105460C46022C02D36869A042FA
:107CF00002D80120BDE8F0812878012804D00228AC
:107D00002CD003285AD13DE0274607EB5707286AB5
:107D100000EB57212846FFF759FF00B150E0C7F3A9
:107D2000080105F1300010F801807F1C286A00EB83
:107D300057212846FFF74AFF00B141E0C7F3080189
:107D400005F13000405C48EA002804F0010010B161
:107D50004FEA1810CEE7C8F30B00CBE7286A00EB18
:107D600014212846FFF732FF00B129E040F2FF104E
:107D700000EA440105F130000E183078717840EACD
:107D80000120B7E7286A00EBD4112846FFF71EFF51
:107D900000B115E040F2FF1000EA840105F1300067
:107DA0000E18F0780006B17840EA0140717840EA98
:107DB00001203178084320F070409BE7012099E7CB
:107DC00000BF4FF0FF3095E72DE9F04705460E461E
:107DD0001746022E02D36869B04202D84FF002085B
:107DE0008AE02878012804D0022841D003287DD1D8
:107DF00054E0B14609EB5909286A00EB592128469D
:107E0000FFF7E4FE8046B8F1000F00D071E0C9F33F
:107E1000080105F130000C1806F0010020B1F9B29C
:107E2000207861F31F1000E03846207009F1010945
:107E300001202871286A00EB59212846FFF7C6FE69
:107E40008046B8F1000F00D053E0C9F3080105F1F6
:107E500030000C1806F0010010B1C7F3071005E060
:107E6000207800F0F000C7F303210843207040E0C1
:107E7000286A00EB16212846FFF7A8FE8046B8F1D5
:107E8000000F00D035E040F2FF1000EA460105F196
:107E900030000C182770380A60702AE0286A00EB5E
:107EA000D6112846FFF792FE8046B8F1000F00D0A9
:107EB0001FE040F2FF1000EA860105F130000C18C7
:107EC000E0780006A17840EA0140617840EA0120AC
:107ED0002178084300F0704007432770380A60702B
:107EE000380CA070380EE07003E0FFE74FF0020896
:107EF00000BF00BF012028714046BDE8F0872DE992
:107F0000F04104460E46022E02D36069B04201D809
:107F1000022727E0002721E031462046FFF7E0FE58
:107F2000054605B91DE0012D01D1022719E0681CA5
:107F300008B9012715E0002231462046FFF744FF2B
:107F4000074607B10DE02069401C30B12069401C94
:107F50002061607940F0010060712E466069B04296
:107F6000DAD800BF3846BDE8F0812DE9F047044675
:107F70008946B9F1000F06D1E76817B16069B842C8
:107F800015D8012713E049462046FFF7A9FE06460B
:107F9000022E02D20120BDE8F087701C08B93046DD
:107FA000F9E76069B04201D93046F4E74F463D46F3
:107FB00000BF6D1C6069A84204D80225BD4201D9EA
:107FC0000020E8E729462046FFF78AFE064606B964
:107FD00009E0701C08B1012E01D13046DBE7BD423B
:107FE000E7D10020D7E700BF6FF070422946204656
:107FF000FFF7EAFE8046B8F1000F08D1B9F1000F93
:1080000005D02A4649462046FFF7DEFE8046B8F1F5
:10801000000F0BD1E5602069401C78B12069401E3B
:108020002061607940F00100607107E0B8F1010F54
:1080300002D14FF0FF3000E0012005462846AAE7B4
:1080400070B503460D46586A021D680A1E68B67868
:10805000B0FBF6F400BF02CA09B9002070BD8C4223
:1080600000D202E0641A121DF5E700BF1068204438
:10807000F4E72DE9F04104460E46E680A568012D9F
:1080800003D020684069A84202D80220BDE8F081F0
:108090002DB920680078032801D12068456A45B9C8
:1080A00020680089B04201D80220EFE72068476AC3
:1080B0001EE0206880784FEA001812E02946206808
:1080C000FFF70EFE0546681C08B90120DEE7022D09
:1080D00003D320684069A84201D80220D6E7A6EB66
:1080E00008064645EAD229462068FFF7ECFD074618
:1080F000E5600FB90220C9E707EB16102061206880
:10810000303006F00F0100EB411060610020BDE748
:108110002DE9F04104468846E088461CB0B208B11B
:10812000206910B90420BDE8F08106F00F00002896
:108130006CD12069401C2061E06828B92068008962
:10814000B04263D80420EEE720688078401E00EA41
:10815000161000285AD1E1682068FFF7C1FD0546D6
:10816000012D01D80220DEE7681C08B90120DAE7FA
:1081700020684069A84243D8B8F1000F01D104201B
:10818000D1E7E1682068FFF7F0FE05460DB907204A
:10819000C9E7012D01D10220C5E7681C08B90120FB
:1081A000C1E72068FFF7ECFC08B10120BBE72168BC
:1081B00001F130004FF400720021FFF7BAFC2946AC
:1081C0002068FFF780FD2168C86200270EE00120CB
:1081D000216808712068FFF7D3FC08B10120A2E7ED
:1081E0002068C06A401C2168C8627F1C20688078B3
:1081F000B842ECD82068C06AC01B2168C86200BFC2
:10820000E56029462068FFF75EFD2061E680206872
:10821000303006F00F0100EB41106061002082E772
:108220002DE9F04104460E4600212046FFF721FFCC
:108230000546EDB9002700BF21692068FFF7C6FC9D
:10824000054605B113E060690078E52802D0606951
:10825000007820B9781C0746B04201D107E000271A
:1082600001212046FFF754FF0546002DE4D000BF52
:10827000042D00D107252846BDE8F08110B502463F
:108280008C7ECB7E44EA03201378032B05D10C7D32
:108290004B7D44EA032340EA034010BD81760B0A7C
:1082A000C3760A0C02750B0E437570472DE9F04733
:1082B00005460C46207820F04000401E00EB80016F
:1082C00001EBC00600274FF0010800BFF848C05D71
:1082D000205CF749C95D2144497840EA0129B8F199
:1082E000000F10D0484603F0CFF98046FF2E07D28A
:1082F0003146761C35F8110003F0C6F9404508D028
:108300000020BDE8F0874FF6FF70814501D00020C6
:10831000F7E7781C07460D28D8D3207800F04000F6
:1083200038B1B8F1000F04D035F8160008B10020BC
:10833000E7E70120E5E7F0B50346087800F03F00E5
:10834000401E00EB800707EBC0020025012600BF9E
:10835000D748405D085CD64F7F5D0F447F7840EA88
:1083600007244EB1FF2A01D30020F0BD2646104657
:10837000521C23F8104005E04FF6FF70844201D0F4
:108380000020F2E7681C05460D28E1D3087800F0CC
:10839000400030B1FF2A01D30020E6E7002023F897
:1083A00012000120E1E7F0B504461D464D730F278A
:1083B000CF7200270F738F76BC4681F81BC0571E03
:1083C00007EB870C0CEBC706002738463B4600BF7F
:1083D0004FF6FF77B84203D03746761C34F81700C3
:1083E000DFF8CCC21CF803C001F80C000712DFF85C
:1083F000C0C21CF803C08C448CF8017008B94FF659
:10840000FF705F1C3B460D2FE2D34FF6FF77B8425B
:1084100002D034F816700FB942F040020A70F0BD75
:108420002DE9FC4707468A4690461E460B225146D8
:108430003846FFF771FB052E18D9304610E038F8A2
:10844000021B00250AE00A4660F35F02104649104D
:1084500000F480320AB1974A50406D1C102DF2D3BF
:10846000B8F80020002AEAD1064600BF072500BF61
:1084700006F00F0000F13009B9F1390F03DD09F101
:10848000070000F0FF0928466D1E0DF80090360920
:10849000002EEDD17E200DF8050000240BE0385DA4
:1084A000812807DB385DFE2804DC681EA04200D16D
:1084B00006E0641C641CAC4202D2385D2028EED178
:1084C00000BF00BF082D04D228466D1C1DF8001007
:1084D00000E020212046641C3954082CF2D3BDE86A
:1084E000FC8730B5014600200B2200BF431003EB90
:1084F000C01411F8015B6319D8B2531E1A1EF5D1CE
:1085000030BD2DE9F047044600212046FFF7B1FDBC
:10851000074617B13846BDE8F0874FF0FF09CA4655
:108520004FF6FF70208400BF21692068FFF74EFBE3
:10853000074607B157E065692E780EB9042752E067
:10854000E87A00F03F08E52E05D008F0080040B1B9
:10855000B8F10F0F05D04FF0FF094FF6FF702084E0
:108560003AE0B8F10F0F1CD1E06978B306F0400093
:1085700030B195F80DA026F04006B146E088208481
:108580004E450AD1687B504507D12946E069FFF77F
:108590008DFE10B1A9F1010000E0FF2000F0FF09FD
:1085A0001AE0B9F1000F05D12846FFF79AFF5045B0
:1085B00000D118E0A069C07A00F0010038B90B22A0
:1085C0002846A169FFF7BFFA08B90CE004E04FF0B4
:1085D000FF094FF6FF70208400212046FFF798FD29
:1085E0000746002FA0D000BF384694E72DE9F05F82
:1085F00004468A464FF0FF09CB4604274EE0216926
:108600002068FFF7E3FA074607B14AE06669357864
:108610000DB9042745E0F07A00F03F08E52D09D0B8
:108620002E2D07D0B8F1080F01D1012000E0002065
:10863000504502D04FF0FF0929E0B8F10F0F1AD1D1
:1086400005F0400030B196F80DB025F04005A94680
:10865000E08820844D450AD1707B584507D13146CA
:10866000E069FFF768FE10B1A9F1010000E0FF200A
:1086700000F0FF090BE0B9F1000F04D13046FFF71D
:1086800030FF584502D04FF6FF70208409E00021EA
:108690002046FFF73DFD074607B102E020690028AC
:1086A000ADD100BF0FB1002020613846BDE8F09F7A
:1086B0000CC50008211001002DE9FE4F0446D4F836
:1086C0001880D4F81C900C2241466846FFF724FA23
:1086D00000BF9DF80B0000F0010020B3002088F8D7
:1086E0000B00E06101260CE033464A4669464046ED
:1086F000FFF796FE2046FFF704FF054605B102E0AE
:10870000761C642EF0D300BF642E02D10720BDE892
:10871000FE8F042D01D02846F9E79DF80B0088F85C
:108720000B00C4F81C909DF80B0000F0020060B133
:10873000002600E0761C39F816000028FAD106F170
:1087400019000D21B0FBF1F700E001273946204662
:10875000FFF766FD054645BB781E071E25D0E0885D
:10876000C11B2046FFF785FC0546F5B9A069FFF758
:10877000B8FE824600BF21692068FFF727FA054648
:1087800005B111E0FAB253466169E069FFF70BFEEB
:1087900001202168087100212046FFF7B9FC054639
:1087A00015B9781E071EE6D100BFC5B9216920683A
:1087B000FFF70CFA054695B9202200216069FFF702
:1087C000B8F90B22D4E90501FFF7A6F9A069C07A30
:1087D00000F01800616908730120216808712846BB
:1087E00095E770B50446E688208C4FF6FF729042FC
:1087F00001D1304600E0208C01462046FFF739FCCD
:1088000005460DBB00BF21692068FFF7DFF905466B
:1088100005B115E0202200216069FFF78AF9E52003
:1088200061690870012021680871E088B04200D3B6
:1088300006E000212046FFF76BFC0546002DE2D044
:1088400000BF042D00D10225284670BD2DE9F04758
:1088500007460C4604F109063869002843D07869B8
:10886000002526E029466D1C10F80180B8F1200F84
:1088700000D11EE0B8F1050F01D14FF0E508092D38
:1088800002D12E2106F8011BB8F1410F0EDBB8F121
:108890005A0F0BDC017B092D01D3102200E00822C6
:1088A000114019B108F1200101F0FF0806F8018B11
:1088B00000BF0B2DD6D3C17A2172C17F0A06817FFA
:1088C00042EA0142417F42EA0121027F11432160D5
:1088D000027E417E42EA0121A180827DC17D42EA81
:1088E0000121E18000BF00203070A06990B3002515
:1088F000A669386958B3E06948B3388C4FF6FF7100
:10890000884224D0D7F81CA01BE00021484602F082
:1089100081FE8146B9F1000F01D1002516E0B9F1C1
:10892000FF0F04DD4FEA292228466D1C3254E0690E
:10893000401EA84201D8002508E028466D1C06F814
:1089400000903AF8021BB1F10009DED100BF00200F
:10895000705500BFBDE8F0872DE9F34F83B0814625
:1089600004980068019002E00198401C0190019871
:1089700000782F28F8D0019800785C28F4D0D9F836
:108980001CA000252F4600BF38467F1C01990C5CB7
:10899000202C03DB2F2C01D05C2C00D132E0FF2DEA
:1089A00003D3062005B0BDE8F08FE4B2812C13DBC1
:1089B000E0B2FE2810DC38467F1C01990E5C402E88
:1089C00001DB7E2E05DD802E01DBFE2E01DD062083
:1089D000E8E706EB042084B20121204602F01AFEEB
:1089E00004460CB90620DDE7802C06DA2146F9A002
:1089F000FFF7BCF808B10620D4E728466D1C2AF81A
:108A00001040C1E700BF0198C11904980160202CF3
:108A100001DA042000E00020804608E0681E3AF8F1
:108A20001040202C02D02E2C00D002E06D1E002D14
:108A3000F4D100BF0DB90620B4E700202AF81500D4
:108A40000B222021D9F81800FFF773F8002700E067
:108A50007F1C3AF817002028FAD03AF817002E2881
:108A6000F6D00FB148F0030800E06D1E25B1681E76
:108A70003AF810002E28F8D10020064602904FF058
:108A8000080B00BF38467F1C3AF8104004B963E079
:108A9000202C03D02E2C04D1AF4202D048F0030882
:108AA000F0E70298584501D2AF4214D1BBF10B0F49
:108AB00002D148F003084FE0AF4201D048F003086C
:108AC000AF4200D948E02F46082002904FF00B0B30
:108AD000B006060ED6E7802C09DB204602F0D4FD56
:108AE0000021009002F096FD044648F00208FF2C99
:108AF00011DDABF101000299884204D848F0030867
:108B0000CDF808B0BEE72212D9F818300298411CFF
:108B100002911A5419E024B12146B1A0FFF726F8BA
:108B200018B15F2448F003080FE0412C04DB5A2CF5
:108B300002DC46F0020608E0612C06DB7A2C04DC3D
:108B400046F00106A4F1200084B2D9F8183002984A
:108B5000411C02911C5495E700BFD9F81800007819
:108B6000E52803D10520D9F818100870BBF1080FCB
:108B700001D1B006060E06F00C000C2803D006F05A
:108B80000300032801D148F0020808F0020058B998
:108B900006F00300012801D148F0100806F00C008F
:108BA000042801D148F00808D9F8180080F80B8093
:108BB0000020F7E62DE9F3410446019800782F28BC
:108BC00003D0019800785C2802D10198401C0190E4
:108BD0000020A06001980078202807D200212046BC
:108BE000FFF747FA05460020606128E000BF01A9B1
:108BF0002046FFF7B1FE054605B11FE02046FFF70E
:108C000080FC0546A069C67A3DB1042D04D100BFA1
:108C100006F0040000B9052510E006F0040000B1DC
:108C20000CE06769F87A00F0100008B9052505E046
:108C300039462068FFF722FBA060D8E700BF28462E
:108C4000BDE8FC8170B502464FF0FF301568E5B114
:108C5000116800E0491C0D78202D02D30D783A2DC3
:108C6000F8D10D783A2D0FD1146814F8015BA5F1F5
:108C700030030A2B07D28C4205D1032B03D21846AE
:108C80004D1C2946156070BD002000BFFBE770B584
:108C900004460D4600202071401EE0622946204611
:108CA000FEF794FF08B1032070BD94F82E1294F8DB
:108CB0002F0241EA00204AF65521884201D00220C5
:108CC000F2E794F86900010694F8680041EA00416F
:108CD00094F8670041EA002094F86610084320F0F9
:108CE0007F404149884201D10020DDE794F88500AA
:108CF000010694F8840041EA004194F8830041EAB7
:108D0000002094F88210084320F07F4036498842C2
:108D100001D10020C8E70120C6E72DE9F74F88B050
:108D20000021089801600998FFF78CFF07900798C9
:108D3000002803DA0B200BB0BDE8F08F2B49079811
:108D400051F820400CB90C20F5E708980460207811
:108D500078B16078FEF7FAFD804608F0010040B96E
:108D60000A9820B108F0040008B10A20E3E70020C7
:108D7000E1E700202070079860706078FEF7CCFD76
:108D8000804608F0010008B10320D4E70A9820B11A
:108D900008F0040008B10A20CDE700273946204634
:108DA000FFF775FF0546012D01D09DBB3BE0002676
:108DB00022E004F5F77101EB06100179C1B1C17A27
:108DC0000A06817A42EA0142417A42EA0121027AA4
:108DD00011430EE0222A3A3C3E3F7C7F0000000017
:108DE0002B2C3B3D5B5D00004641540040C70120F9
:108DF00000214DF82610761C042EDAD3002606B189
:108E0000761E00BF5DF826702FB139462046FFF769
:108E10003EFF01E007E0022005461DB1701C06463A
:108E20000428EFD300BF032D01D1012083E70DB14A
:108E30000D2080E73B20015D94F83C0041EA0020D2
:108E4000B0F5007F01D00D2075E74620015D94F854
:108E5000470041EA0029B9F1000F0ED194F85700FC
:108E6000010694F8560041EA004194F8550041EAA1
:108E7000002094F8541040EA0109C4F818904020EA
:108E8000005DE070E078012804D0E078022801D08D
:108E90000D2050E7E07809FB00F93D20005DA0704F
:108EA000A07818B1A078411E084008B10D2042E713
:108EB0004120015D94F8420041EA00202081207A9F
:108EC00000F00F0008B10D2035E74320015D94F854
:108ED000440041EA002BBBF1000F0ED194F853007F
:108EE000010694F8520041EA004194F8510041EA29
:108EF000002094F8501040EA010B3E20015D94F8E8
:108F00003F0041EA00200490049808B90D2012E7C0
:108F100004984844218900EB111006900698834577
:108F200001D20D2007E70698ABEB0000A178B0FB5B
:108F3000F1FABAF1000F01D10D20FCE6012540F64F
:108F4000F670824500D302254FF6F670824500D3B5
:108F500003250AF102006061E76104983844206249
:108F600006983844A062032D16D1208908B10D203F
:108F7000E1E694F85F00010694F85E0041EA0041E2
:108F800094F85D0041EA002094F85C1008436062A8
:108F900060698000059014E0208908B90D20CAE6B8
:108FA000206A48446062022D02D16069400007E0F7
:108FB000207D00F00100616901EB410100EB5100EF
:108FC0000590A169059800F2FF10B1EB502F01D276
:108FD0000D20B0E64FF0FF302061E060802060712E
:108FE000032D5AD194F8601094F8610041EA0020F2
:108FF000012852D1791C2046FEF7E8FDE8BB00208D
:10900000607194F82E1294F82F0241EA00204AF67B
:109010005521884241D13320005D01063220005D98
:1090200041EA00413120005D41EA002094F830100F
:109030000843FC49884230D194F81702010694F89D
:10904000160241EA004194F8150241EA002094F822
:1090500014120843F44988421FD194F81B020106F8
:1090600094F81A0241EA004194F8190241EA0020FA
:1090700094F818120843206100E00EE094F81F02F3
:10908000010694F81E0241EA004194F81D0241EAEB
:10909000002094F81C120843E0602570E348008823
:1090A000401C80B2E1490880E080002043E670B5B2
:1090B00005462C464CB1206838B12068007820B1B4
:1090C0002068C088A188884201D0092070BD21682D
:1090D0004878FEF73BFC00F0010008B10320F5E7FB
:1090E0000020F3E7F7B582B016460398019001A877
:1090F000FFF7A8FD0546002D02DA0B2005B0F0BDF4
:10910000CB4850F825400CB100202070029810B1D7
:10911000002002990870C649029841F8250002987B
:1091200008B1012E01D00020E8E7002203A902A81F
:10913000FFF7F3FD07463846E0E72DE9F7478DB026
:10914000054616461DB9092010B0BDE8F08700207D
:10915000286006F01F0626F001020EA904A8FFF7FA
:10916000DCFD0746002F73D14FF40070FEF7C2FC00
:109170008146B9F1000F01D11120E5E7CDF82C901F
:1091800001A80A9004A80E99FFF714FD0746099C50
:109190000FB904B9062706F01C00002851D04FB1C2
:1091A000042F03D104A8FFF787FA074646F0080604
:1091B000099C09E0E07A00F0110008B1072703E0FC
:1091C00006F0040000B10827002F39D106F008008E
:1091D000002835D0FEF78CFC804684F80E804FEADC
:1091E0001821E1734FEA184121744FEA1861617444
:1091F0000020E072207700216177A177E177214696
:109200000498FFF73BF8824600212046FFF746F816
:10921000012004990871BAF1000F11D00498D0F818
:109220002C8051460498FEF76AFE074647B9AAF11A
:1092300001000499C86041460498FEF7C7FC074640
:109240000FE077B9E07A00F0100010B1042708E0D1
:1092500031E006F0020020B1E07A00F0010000B138
:10926000072747B906F0080008B146F02006049821
:10927000C06AE8612C624846FEF743FCDFB9AE7174
:109280000020E87121460498FEF7F8FF2861E07F8E
:109290000106A07F41EA0041607F41EA0020217F72
:1092A0000843E8600020A860A8616862049828600C
:1092B0002868C088A880384646E72DE9FF4F83B06C
:1092C000044615469A46DDF810B00020CAF80000A2
:1092D0002046FFF7ECFE0290029818B1029807B002
:1092E000BDE8F08FE07908B1E079F8E7A07900F007
:1092F000010008B90720F2E7D4E90210401A0090F3
:109300000098854200D9009DB2E02089C0F3080092
:10931000002876D120688078401EA16800EA51209C
:1093200000F0FF09B9F1000F1FD1A06810B9206942
:1093300001900CE0606A28B12046A168FEF780FE2B
:10934000019004E061692068FEF7CAFC0190019871
:10935000022802D20220E071C1E70198401C10B936
:109360000120E071BBE70198606161692068FEF748
:10937000AAFC064616B90220E071B0E74E444FEA57
:109380005528B8F1000F29D009EB08002168897829
:10939000884203D920688078A0EB090821684878C2
:1093A000434632465946FEF7D4FA10B10120E07127
:1093B00095E7A07900F0400068B1A069801B4045A6
:1093C00009D2A169891B0BEB41204FF4007204F113
:1093D0002801FEF7A1FB4FEA48273FE0A069B04211
:1093E00028D0A07900F0400080B12168487801239E
:1093F00004F12801A269FEF7E9FA18B10120E07131
:109400006DE718E0A07920F04000A071216848784D
:109410000123324604F12801FEF79BFA50B10120E6
:10942000E0715CE75252614172724161A202002018
:1094300040C70120A6612089C0F30800C0F500776D
:10944000AF4200D92F462089C0F3080204F128005A
:1094500011183A465846FEF75FFB00BFBB44A068B0
:109460003844A060DAF800003844CAF80000ED1B68
:10947000002D7FF44AAF002031E72DE9FF4F83B084
:10948000044615469B46049801900020CBF8000046
:109490002046FFF70CFE0290029818B1029807B020
:1094A000BDE8F08FE07908B1E079F8E7A07900F045
:1094B000020008B90720F2E7A0682844A1688842A2
:1094C00000D20025BEE02089C0F3080000287DD12D
:1094D00020688078401EA16800EA512000F0FF0A51
:1094E000BAF1000F26D1A06838B9276997B90021D1
:1094F0002068FEF73AFD07460CE0606A28B1204676
:10950000A168FEF79DFD074604E061692068FEF74B
:109510002CFD074607B998E0012F02D10220E07127
:10952000BDE7781C10B90120E071B8E767612069D8
:1095300000B92761A07900F0400078B1216848782F
:10954000012304F12801A269FEF740FA10B10120BD
:10955000E071A4E7A07920F04000A0716169206863
:10956000FEF7B1FB064616B90220E07197E75644B4
:109570004FEA5529B9F1000F2CD00AEB09002168F8
:109580008978884203D920688078A0EB0A0921688D
:1095900048784B4632460199FEF718FA10B101207F
:1095A000E0717CE7A069801B48450ED2A069801B52
:1095B000019A02EB40214FF4007204F12800FEF7FB
:1095C000ABFAA07920F04000A07100E016E04FEA6D
:1095D00049282AE0A069B0420FD0D4E902018842AC
:1095E0000BD2216848780123324604F12801FEF7A6
:1095F000B0F910B10120E07151E7A6612089C0F3F4
:109600000800C0F50078A84500D9A8462189C1F313
:10961000080204F12801501842460199FEF77CFA2D
:10962000A07940F04000A07100BF01984044019033
:10963000A0684044A060DBF800004044CBF8000084
:10964000A5EB0805002D7FF43EAF00BFD4E9020171
:10965000884201D9A068E060A07940F02000A071A4
:1096600000201CE72DE9F04104462046FFF71FFDCE
:109670000746002F4CD1A07900F02000002847D0E9
:10968000A07900F0400078B121684878012304F106
:109690002801A269FEF79AF910B10120BDE8F08116
:1096A000A07920F04000A071E1692068FEF78EFAF1
:1096B0000746002F2CD1256AE87A40F02000E87296
:1096C000207B2877A089010A6977E068010CA977D7
:1096D000E068010EE97728462169FEF7DFFDFEF715
:1096E00007FA0646AE75310AE975310C2976310E56
:1096F00069760020A8740021E974A07920F0200088
:10970000A0710120216808712068FEF778FA0746E9
:109710003846C3E770B505462846FFF7A3FF044661
:1097200044B92846FFF7C3FC04460CB90020286062
:10973000204670BD2046FCE72DE9FE4F04460D464D
:109740002046FFF7B4FC0290029810B10298BDE8E1
:10975000FE8FE07908B1E079F9E7606A002871D0FE
:10976000681C00283BD1D4F8248058F804AB4FF093
:10977000020926693EB300BF00964FF0000B09F1C5
:10978000020900BF01960BF1010B31462068FEF77C
:10979000A7FA0646012E02D80220E071D7E7701C16
:1097A00010B90120E071D2E70198401C8642E9D04F
:1097B000D14504D848F804BB009848F8040B206849
:1097C0004069B042D8D8606AC0F80090D14503D84B
:1097D0000020C8F8000047E01120029044E0E06853
:1097E000A84200D2E568A560002D3DD0691E204644
:1097F000FEF726FC606161692068FEF764FA07469F
:1098000017B90220E071A2E720688078401E691E27
:1098100000EA512007442089C0F3080020B3A06962
:10982000B84221D0A07900F0400080B1216848788A
:10983000012304F12801A269FEF7C8F818B101203C
:10984000E07184E711E0A07920F04000A071216868
:10985000487801233A4604F12801FEF77AF810B15E
:109860000120E07173E7A761ABE0E068A84204D291
:10987000A07900F0020000B9E568D4F808904FF034
:109880000008C4F80880002D67D02068807847025F
:10989000B9F1000F11D0681EB0FBF7F1A9F101007A
:1098A000B0FBF7F0814208D3A9F10100791E88438B
:1098B000A060A0682D1A666912E026697EB90021B1
:1098C0002068FEF752FB0646012E02D10220E0710D
:1098D0003DE7701C10B90120E07138E72661666130
:1098E000C6B323E0A07900F0020038B13146206809
:1098F000FEF73BFB064636B93D4619E03146206887
:10990000FEF7EEF90646701C10B90120E0711EE763
:10991000012E03D920684069B04202D80220E071CC
:1099200015E76661A0683844A060ED1BBD42D9D838
:1099300000BFA0682844A060C5F3080050B13146BC
:109940002068FEF7C0F98046B8F1000F03D102206D
:10995000E071FCE601E008EB55282089C0F308001F
:1099600020B3A069404521D0A07900F0400078B133
:1099700021684878012304F12801A269FEF726F83E
:1099800010B10120E071E2E6A07920F04000A07162
:10999000216848780123424604F12801FDF7D9FFE8
:1099A00010B10120E071D2E6C4F81880D4E90201B8
:1099B000884205D9A068E060A07940F02000A0713D
:1099C00000BF0298C3E673B584B0044614B90920F9
:1099D00006B070BD002205A903A8FFF79EF9054651
:1099E000002D2FD1039820604FF40070FEF782F80D
:1099F00006460EB91120EBE7E661C4F818D0204600
:109A00000599FFF7D7F805463046FEF77AF8B5B95D
:109A1000606958B16069C07A00F0100028B16169CE
:109A20000398FEF72BFCA06000E005253DB90398E4
:109A3000C088A08000212046FEF71BFB0546042DB0
:109A400000D105250DB1002020602846C0E770B583
:109A500004462046FFF72BFB05460DB90020206089
:109A6000284670BDFEB504460F462046FFF71FFB93
:109A70000546002D2DD12FB900212046FEF7F9FA19
:109A8000054626E04FF40070FEF734F806460EB99E
:109A90001120FEBDE661C4F818D000212046FEF773
:109AA000A5FD0546042D02D10020206100256DB9D9
:109AB00039462046FEF7CAFE00212046FEF728FB65
:109AC0000546042D02D10020206100253046FEF716
:109AD00018F82846DDE773B58CB00E4600220CA9B5
:109AE00003A8FFF71AF90546EDB94FF40070FEF729
:109AF00001F8044614B911200EB070BD0A94CDF8D7
:109B000024D003A80C99FFF755F8054645B90898E5
:109B100028B12EB1314603A8FEF798FE00E00625D5
:109B20002046FDF7EEFF2846E6E72DE9F74F82B025
:109B30008A46002202A90498FFF7EFF801900498E2
:109B40000468019800286DD1D4E90410801E814278
:109B500003D82069CAF8000064E094F800B0002639
:109B6000BBF1010F1CD1022700BF39462046FEF78A
:109B7000B7F8804608F1010010B9012001900EE00D
:109B8000B8F1010F02D10220019008E0B8F1000FF6
:109B900000D1761C781C074661698842E5D33AE01B
:109BA0006769206A00904FF00009002500BFB9F1F5
:109BB000000F0ED10098421C014620460092FEF78D
:109BC00005F80190019800B124E004F130054FF44C
:109BD0000079BBF1020F09D12878697840EA0120A9
:109BE00000B9761CAD1CA9F1020910E0E878000666
:109BF000A97840EA0140697840EA012029780843C1
:109C000020F0704000B9761C2D1DA9F10409781EC2
:109C1000071ECCD100BF2661607940F00100607161
:109C2000CAF80060019805B0BDE8F08F70B5044631
:109C30002046FFF73CFA054645B9E07908B1E579D9
:109C400004E0A07900F0020000B90725002D47D1FB
:109C5000D4E90210884241D9A068E060A07940F0C0
:109C60002000A071A06838B921692068FEF747F983
:109C70000546002020611DE061692068FEF730F88C
:109C800006460025701C00B90125012E00D10225D1
:109C900085B920684069B0420CD96FF070426169A3
:109CA0002068FEF791F8054625B931462068FEF791
:109CB00026F9054695B9A07900F0400070B12168F9
:109CC0004878012304F12801A269FDF77FFE08B15D
:109CD000012503E0A07920F04000A07105B1E571F5
:109CE000284670BDF1B596B0012216A90DA8FFF760
:109CF00014F80446002C54D14FF40070FDF7FAFE1E
:109D0000074617B9112017B0F0BD149701A813909A
:109D10000DA81699FEF74EFF044600BF002C3DD15A
:109D2000129E0EB9062404E0F07A00F0010000B1A2
:109D3000072431460D98FEF7A1FA0546ECB9F07AF2
:109D400000F01000C8B1022D01D2022415E0242237
:109D50000DA904A8FDF7E0FE0695022104A8FEF770
:109D600088F904464CB9002104A8FEF73FFC0446DC
:109D700004B90724042C00D100247CB90DA8FEF7F7
:109D800030FD044654B925B129460D98FEF7B7F8C1
:109D900004461CB90D98FDF732FF04463846FDF71E
:109DA000B0FE2046AFE72DE9F14F8CB0FDF7A0FEE5
:109DB000064601220CA903A8FEF7AFFF0546002DB9
:109DC0007BD14FF40070FDF795FE8046B8F1000F8F
:109DD00003D111200DB0BDE8F08FCDF82880CDF86B
:109DE00024D003A80C99FEF7E5FE054605B9082521
:109DF00000BF042D7AD100210398FEF7B6F807467C
:109E0000002507B90725012F00D10225781C00B9CC
:109E100001251DB90398FDF7B3FE0546002D5BD162
:109E200039460398FDF74FFF8246039800F130044E
:109E30004FF4007200212046FDF77BFE0B2220210B
:109E40002046FDF776FE2E2020701020E072A675C9
:109E5000310AE175310C2176310E617639462046A2
:109E6000FEF71CFA2022214604F12000FDF754FEE3
:109E70002E2084F82100DDF814B003980078032820
:109E800004D10398406A584500D1AB46594604F1C5
:109E90002000FEF703FA039890F8029018E0039868
:109EA000C0F82CA00AF1010A012003990871039857
:109EB000FDF766FE05460DB10DE030E04FF400728F
:109EC00000212046FDF735FEA9F1010000F0FF0951
:109ED000B9F1000FE3D100BF1DB903A8FEF7ECFBF9
:109EE000054625B139460398FEF709F814E0089CA9
:109EF0001020E072A675310AE175310C2176310E21
:109F0000617639462046FEF7C9F9012003990871A8
:109F10000398FDF774FE05464046FDF7F2FD28461E
:109F200058E72DE9F7418DB08846144601220DA966
:109F300004A8FEF7F2FE07464FBB4FF40070FDF792
:109F4000D9FD06461EB9112010B0BDE8F0810B9670
:109F500001A80A9004A80D99FEF72CFE074630468A
:109F6000FDF7CFFD00BF97B9099D0DB906270EE09B
:109F700004F0270408EA0400E97AA1430843E872E0
:109F80000120049908710498FDF739FE0746384608
:109F9000DAE7F3B58DB00D4601220DA904A8FEF74E
:109FA000BCFE074657BB4FF40070FDF7A3FD064605
:109FB00016B911200FB0F0BD0B9601A80A9004A8A5
:109FC0000D99FEF7F7FD07463046FDF79AFD00BFF5
:109FD000A7B9099C0CB9062710E0A879A075E888F4
:109FE0000112E17528792076A88801126176012096
:109FF000049908710498FDF702FE07463846D9E730
:10A000002DE9F3419CB001221CA913A8FEF785FE9F
:10A010000446002C78D113980A904FF40070FDF795
:10A0200069FD07461FB911201EB0BDE8F0811A97DF
:10A0300001A8199013A81C99FEF7BCFD044600BFA7
:10A04000002C75D1189808B9042471E0189800F113
:10A050000B01152204A8FDF75FFD242213A90AA80D
:10A06000FDF75AFD1DA8FEF7EDFD002805DB0AA847
:10A070001D99FEF79FFD044600E00B2404B9082457
:10A08000042C55D10AA8FEF717FB0446002C4FD12B
:10A090000F9D13220DF1120105F10D00FDF73CFD9E
:10A0A0009DF8100040F02000E8720120139908711B
:10A0B0000C991598884231D0E87A00F0100068B306
:10A0C00029461398FEF7DAF8804641461398FDF7C3
:10A0D000FAFD06460EB9022420E031461398FDF73A
:10A0E00075FD0446139800F15005BCB968782E2818
:10A0F00014D113980078032807D113990C98496A52
:10A10000884202D1002001E015E00C980646314655
:10A110002846FEF7C3F801201399087144B913A823
:10A12000FEF75FFB04461CB91398FDF768FD044673
:10A130003846FDF7E6FC204676E72DE9F74189B081
:10A140000D469046002209A96846FEF7E6FD044642
:10A1500024BB1DB30020029000216846FDF789FF53
:10A160000446DCB901216846FEF740FA044684B98A
:10A170000B2228460599FDF7CFFC0B2700BF0020D6
:10A18000E85507B904E0781E0746285C2028F6D079
:10A1900000BF042C02D100202870002444BBB8F179
:10A1A000000F25D0009A1046D169FDF70FFD044637
:10A1B000F4B900980078032801D1432000E027205B
:10A1C0000646009830303044C078010600983030A0
:10A1D0003044807841EA0041009830303044407883
:10A1E00041EA002000993031895D0843C8F8000039
:10A1F00020460CB0BDE8F0812DE9F14F8CB0012272
:10A200000CA903A8FEF789FD8146B9F1000F03D020
:10A2100048460DB0BDE8F08F00208DF80000002703
:10A2200000E07F1C0C98C05D0028FAD100E07F1E82
:10A2300027B1781E0C99085C2028F8D0002F5ED03A
:10A240000026B04600BF3046761C0C990C5C812C71
:10A2500020DBE0B2FE281DDCB8F10A0F18D2BE42A6
:10A2600016D20C98805D402803DB0C98805D7E2818
:10A2700007DD0C98805D80280ADB0C98805DFE2845
:10A2800006DC3046761C0C99085C40EA042000E0AD
:10A29000002084B20121204601F0BCF9834601F080
:10A2A000F3F98246002101F0B5F904465CB121467C
:10A2B000FEA0FDF75BFC30B9FF2C01DD0A2000E0B9
:10A2C0000B20404501D80620A3E7FF2C05DD221214
:10A2D000404608F101080DF80020E2B2404608F1BE
:10A2E00001080DF80020BE42ADD305E02022404613
:10A2F00008F101080DF80020B8F10B0FF6D300208B
:10A300000590002103A8FDF7B4FE8146B9F1000FC6
:10A310005BD1012103A8FEF769F98146B9F1000F6D
:10A3200021D19DF8000098B10B2269460898FDF7ED
:10A33000F3FBFDF7DDFB054608998D75290A0898A2
:10A34000C175290C08980176290E0898417602E01B
:10A35000E520089908700120039908710398FDF71A
:10A360004EFC814631E0B9F1040F2ED14FF00009C7
:10A370009DF8000048B3012103A8FDF751FF814675
:10A38000B9F1000F21D1202200210898FDF7D1FB5F
:10A390000B2269460898FDF7BFFB08200899C87290
:10A3A000FDF7A6FB054608998D75290A0898C17521
:10A3B000290C08980176290E089841760120039906
:10A3C00008710398FDF71BFC8146484621E72DE9FB
:10A3D000F74F90B0914610A8FEF734FC0F900F98FD
:10A3E000002803DA0B2013B0BDE8F08F1198012884
:10A3F00001DD1320F7E7A9F1010000EA090008B127
:10A400001320F0E7AD490F9851F820B0BBF1000FD1
:10A4100001D10C20E7E700208BF800000F98C0B2B4
:10A420000C9000200B900C98FDF776FA01900198A3
:10A4300000F0010008B10320D5E7019800F0040006
:10A4400008B10A20CFE700BF04AA01210C98FDF74C
:10A45000FAFA10B90498802801D20120C3E71198B4
:10A4600008B1002000E03F2080460498A0EB0800DF
:10A470000490B9F1000F13D14FF4FA610498B0FBC6
:10A48000F1F00A904FF0000A01E00AF1010A8C484D
:10A4900030F81A100A988142F7D88A4830F81A9092
:10A4A0004FEA5929B9F1000F01D14FF00109B9F173
:10A4B000800F01D94FF080090498B0FBF9F701250E
:10A4C00040F6F670874200D302254FF6F6708742B9
:10A4D00000D30325032D0AD1082000EB870000F2EA
:10A4E000FF10460A202003900020029011E0012D69
:10A4F00005D107EB4700401C4008C01C01E0780074
:10A50000001D064606F2FF10460A01200390202097
:10A5100002900398404407900798304406900299AF
:10A5200006980844059005984844A0EB0800049953
:10A53000884201D90E2056E709AA03210C98FDF79D
:10A5400082FA28B9099818B10998B0F5004F01D9D5
:10A5500001200990099905980844401E491E884326
:10A56000099009990598081A0990032D08D10999AD
:10A57000039808440390099907980844079001E05C
:10A5800009980644DDE90301081A811B0298081A9C
:10A59000B0FBF9F7022D03D140F6F670874205D3E0
:10A5A000032D05D14FF6F670874201D20E201AE72F
:10A5B000032D02D10C200D9010E0012D06D104983E
:10A5C000B0F5803F02D201200D9007E00498B0F56D
:10A5D000803F01D2042000E006200D9000BF1198BA
:10A5E00010B1F0200E9044E04FF4007200210BF106
:10A5F0003000FDF79EFA0BF5F77401206070A07033
:10A600000020E0700D982071FE2060710498404495
:10A610003F21B0FBF1F0FF21B0FBF1F009903F21A9
:10A62000099841EA9000A0710998E0713F202072DA
:10A6300000216172A172E172049820730498010AEA
:10A6400061730498010CA1730498010EE173552104
:10A650008BF82E12AA218BF82F12012300220BF166
:10A6600030010C98FDF7B2F908B10120BBE6F820E3
:10A670000E900BF130044FF4007200212046FDF7DC
:10A6800058FA0B2210A12046FDF746FA4FF4007A43
:10A6900084F80BA04FEA1A21217384F80D900398D7
:10A6A000A0730398010AE173012013E0222A2B2CE6
:10A6B0002E3A3B3C3D3E3F5B5D7C7F0040C7012026
:10A6C0001AC5000830C50008EBFE904D53444F53A7
:10A6D000352E30002074032D01D1002001E04FF40D
:10A6E0000070824684F811A04FEA1A21A1740498E0
:10A6F000B0F5803F05D20498E0740498010A2175F2
:10A7000010E0049884F820000498C0F30721212069
:10A7100001550498C0F30741222001550498010E09
:10A72000232001550E9860753F2020760021617628
:10A73000FF20A076E17684F81C804FEA182161772B
:10A740004FEA1841A1774FEA1861E177FDF7D0F998
:10A750000990032D3ED1099884F843000998C0F36D
:10A760000721442001550998C0F3074145200155B0
:10A770000998010E4620015584F82460C6F307218C
:10A7800025200155C6F3074126200155310E27200B
:10A790000155022084F82C0000212D2001552E2087
:10A7A00001552F200155012084F83000312001553A
:10A7B000062084F8320033200155802084F84000C0
:10A7C000292084F842001322FEA104F14700FDF77E
:10A7D000A3F91FE0099884F827000998C0F307211E
:10A7E000282001550998C0F30741292001550998EF
:10A7F000010E2A200155A675310AE175802084F8E2
:10A800002400292084F826001322F3A104F12B0050
:10A81000FDF782F9552084F8FE01AA2140F2FF10CD
:10A8200001550123424621460C98FDF7CFF808B1A7
:10A830000120D8E5032D06D1012308F106022146A7
:10A840000C98FDF7C3F8079808904FF0000A61E0F4
:10A850004FF4007200212046FDF76BF90E98099025
:10A86000032D14D0012D01D1E04801E06FF0FF006D
:10A87000099908430990099820700998000A6070A6
:10A880000998000CA0700998000EE07019E0099872
:10A8900060F0FF000990099820700998000A607024
:10A8A0000998000CA0700998000EE070FF2020713C
:10A8B000FF216171A171E17120726172A1720F219A
:10A8C000E1720898411C02460123089121460C9828
:10A8D000FDF77CF808B1012085E54FF400720021F6
:10A8E0002046FDF726F9012009900EE00898411C4A
:10A8F00002460123089121460C98FDF767F808B13C
:10A90000012070E50998401C09900998B042EDD3E8
:10A910000AF1010ABAF1000F9AD0032D01D148467D
:10A9200000E00298824600BF0898411C02460123BD
:10A93000089121460C98FDF749F808B1012052E52D
:10A94000AAF10100B0F1000AEED1032D46D1522048
:10A95000207060706120A0704120E070722084F847
:10A96000E401722140F2E51001554121401C0155DE
:10A970006121401C0155781E84F8E801C0F30721CD
:10A9800040F2E9100155781EC0F307414FF4F5700D
:10A990000155781E010E40F2EB100155022084F89B
:10A9A000EC01002140F2ED100155401C0155401C06
:10A9B0000155552084F8FE01AA2140F2FF100155EF
:10A9C000012308F1010221460C98FCF7FFFF012347
:10A9D00008F1070221460C98FCF7F8FF0022114607
:10A9E0000C98FDF730F808B10120FCE40020FAE4EF
:10A9F0002DE9FC4707468846914600243E4613E071
:10AA00006B46012201A94846FEF757FC0098012831
:10AA100000D00DE09DF8045000BF06F8015B641CF7
:10AA20000A2D00D104E000BFA8F10100A042E7DC3C
:10AA300000BF0020307014B13846BDE8FC8700200C
:10AA4000FBE7F8B504460E4600BF6568002D00DA46
:10AA5000F8BD28466D1C04F10C010E543D2D0CDB95
:10AA60006B462A462068FEF708FD0098A84201D1EF
:10AA7000002001E04FF0FF3005466560A068401CF3
:10AA8000A06000BFE4E730B595B004460D460295DE
:10AA9000002003900490214602A8FFF7D2FF0398FC
:10AAA00000280DDB01AB05A9DDE90202FEF7E5FC9C
:10AAB00030B901990398884202D1049815B030BD8D
:10AAC0004FF0FF30FAE730B595B004460D460295D9
:10AAD00000200390049004E014F8011B02A8FFF783
:10AAE000B0FF20780028F7D1039800280DDB01ABD8
:10AAF00005A9DDE90202FEF7C0FC30B9019903980F
:10AB0000884202D1049815B030BD4FF0FF30FAE70B
:10AB10000FB42DE9F04F9BB02498019000200290D3
:10AB2000039026A81A9000BF259810F8014B259095
:10AB300004B924E1252C04D0214601A8FFF781FFA8
:10AB4000F2E7002006468146259810F8014B259033
:10AB5000302C05D10126259810F8014B259006E0F0
:10AB60002D2C04D10226259810F8014B259009E0E0
:10AB700009EB890004EB4000A0F13009259810F89A
:10AB8000014B2590302C01DB392CF1DD6C2C01D0F0
:10AB90004C2C05D146F00406259810F8014B259061
:10ABA00004B9ECE02546612D04DB7A2D02DCA5F129
:10ABB0002000C5B24F2D60D01DDC422D5AD0432D50
:10ABC0004FD015E04E4F204E414D452020202046CD
:10ABD00041543332202020004E4F204E414D45201D
:10ABE00020202046415420202020200000FFFF008C
:10ABF000442D4CD144E0532D04D0552D41D0582D37
:10AC000045D141E01A9850F804BB1A904FF0000863
:10AC100001E008F101081BF808000028F9D106F04E
:10AC2000020048B903E0202101A8FFF70AFF4046CF
:10AC300008F101084845F6D304E01BF8011B01A800
:10AC4000FFF7FFFE9BF800000028F6D103E020216B
:10AC500001A8FFF7F6FE404608F101084845F6D383
:10AC600062E71A9810F8042BD1B21A9001A8FFF7E6
:10AC7000E8FE59E7022019900EE0082019900BE039
:10AC800000BF0A20199007E01020199004E0214627
:10AC900001A8FFF7D6FE47E700BF06F0040028B181
:10ACA0001A9800681A99091D1A910CE0442D05D1D3
:10ACB0001A9800681A99091D1A9104E01A980068F8
:10ACC0001A99091D1A918246442D06D10AF00040B6
:10ACD00018B1CAF1000A46F00806002700BF19980B
:10ACE000BAFBF0F100FB11A0C5B21998BAFBF0FA5B
:10ACF000092D06DD782C01D1272000E0072028440B
:10AD0000C5B205F13000C2B238467F1C14A90A54FE
:10AD1000BAF1000F01D0102FE1D306F0080020B1E6
:10AD20002D2238467F1C14A90A54B84606F00100AB
:10AD300008B1302000E02020054603E0294601A8A4
:10AD4000FFF77FFE06F0020020B9404608F1010837
:10AD50004845F3D300BF781E074614AA115C01A82A
:10AD6000FFF76FFE002FF6D103E0294601A8FFF799
:10AD700068FE404608F101084845F6D3D4E600BF16
:10AD800000201A900298002810DB18AB04A9DDE916
:10AD90000102FEF772FB48B918990298884205D162
:10ADA00003981BB0BDE8F00F5DF814FB4FF0FF30C7
:10ADB000F7E7000010B500240EE04FF40C710020FE
:10ADC000FBF7BFFC5C4941F82400084650F824001A
:10ADD00000B903E0601CC4B2032CEEDB00BF4FF4EB
:10ADE0000A710020FBF7ADFC544908604FF40A716A
:10ADF0000020FBF7A6FC524908604FF400710020C8
:10AE0000FBF79FFC4F490860032C0AD14B480068B0
:10AE100038B14B48006820B10846006808B10020EE
:10AE200010BD0120FCE70146412901DA08467047C0
:10AE3000612903DBA1F12000C0B2F8E70846F6E77C
:10AE40002DE9FC4105460027002405E0601CC4B242
:10AE5000287800B902E06D1CFA2CF7DB00BFFA2C51
:10AE600002D1FF20BDE8FC81002408E06D1E287897
:10AE70002E2802D16D1C2F4603E0601CC4B2052CA5
:10AE8000F4DB00BF3946684600F0E0FD002407E02F
:10AE90001DF80400FFF7C7FF0DF80400601CC4B2E2
:10AEA000042CF5DB00241DE0002616E0264800EB0C
:10AEB000041050F82600007800B910E0224901EB98
:10AEC000041151F82600694600F048FE18B946EA18
:10AED0000410C0B2C6E7701CC6B2042EE6DB00BF89
:10AEE000601CC4B2072CDFDBFF20BBE72DE9FC4769
:10AEF00007460C461546002000908046814601AA70
:10AF000069463846FEF711FE06468EB9019840693B
:10AF1000801E0199897800FB01F9019880780099D9
:10AF200000FB01F84FEA590020604FEA5800286002
:10AF30003046BDE8FC8700004CC70120A402002079
:10AF4000A8020020B402002048C5000870B50446DD
:10AF50000D46F8492A4688682146FEF7C3F870BDB9
:10AF600070B504460D462A462146F3480068FEF7B0
:10AF7000E4F80646304670BD10B5EF480068FEF7AD
:10AF8000C9FB002010BD2DE9F0470446002600272C
:10AF9000EAA000F0BFFBB14625E0EE4B4FF4007293
:10AFA000ED480168E4480068FEF787F9064626B1D7
:10AFB0003146EAA000F0AEFB1BE0E64800883844CA
:10AFC00087B2002507E0E4480068415DE7A000F093
:10AFD000A1FB681C85B2DF4800688542F3D309F104
:10AFE00001001FFA80F9E11704EBD151B9EB612F91
:10AFF000D3DB00BFE11704EBD1514912A4EB41218F
:10B0000031B3A046E01704EBD0504012A4EB40222D
:10B01000D04BD1480168C8480068FEF74EF9064693
:10B0200026B13146D2A000F075FB11E0C948008876
:10B03000384487B2002507E0C7480068415DCBA0CF
:10B0400000F068FB681C85B2C24800688542F3D3F3
:10B050001FB13946CBA000F05DFBD0A000F05AFB39
:10B060003046BDE8F08770B505460E46D0A000F02A
:10B0700051FB3146D4A000F04DFBD84B3246294657
:10B08000AD480068FEF7F9F9044624B12146D4A082
:10B0900000F040FB04E0D1480168D6A000F03AFB84
:10B0A000DAA000F037FB204670BD10B504462146FB
:10B0B000DB48FEF788FC10BD10B5D948FEF7C7FC89
:10B0C00010BD70B540F2FF10D649C8610846C1698D
:10B0D0000020FBF736FBD3498861D148FEF7C2FC5C
:10B0E000044614B9CF48407A30B9CE48816900206F
:10B0F000FBF717FB204670BDCA488069007810B185
:10B10000C848806901E0C74809300546C6A000F07C
:10B1100001FBC3488188C8A000F0FCFAC048C18880
:10B12000C8A000F0F7FABE488168CAA000F0F2FAA1
:10B13000BB48C168CBA000F0EDFAB9480169CDA0C9
:10B1400000F0E8FA82A000F0E5FA2946CDA000F070
:10B15000E1FAB4480168D0A000F0DCFAB148818877
:10B16000D2A000F0D7FAAF48C188D5A000F0D2FA3B
:10B17000AC48017AD7A000F0CDFA75A000F0CAFA69
:10B18000A84881690020FBF7CCFA0020B3E770B52E
:10B19000054640F2FF10A349C8610846C169002076
:10B1A000FBF7CFFA9F49886129469D48FEF70BFCC3
:10B1B00004460CBB66A000F0ADFA1BE09949984824
:10B1C000FEF750FC044614B99648407A00B912E0E4
:10B1D00094488069007810B19248806901E09148F4
:10B1E000093006462946C0A000F094FA3146BFA0B7
:10B1F00000F090FAE2E700BF8A4881690020FBF77F
:10B2000090FA204670BD2DE9FC41064600200090D2
:10B210000024002501AA69463046FEF786FC074651
:10B22000002F19D101984069801E0199897800FB8F
:10B2300001F501988078009900FB01F4B5F5A04F65
:10B2400005D262086908ABA000F064FA04E0E20AE3
:10B25000E90AB2A000F05EFA2046BDE8FC8110B514
:10B260000446214634480068FEF766FA10BD3248AD
:10B2700000688068704730480068C068704710B543
:10B2800004462046FEF78FFD10BD70B504460D46FE
:10B290001646324629462046FFF799F870BD10B58C
:10B2A00004462046FEF71EFD10BD70B504460D464F
:10B2B00029462046FEF7A4FE70BD30B587B004468F
:10B2C0000020019001AA02A92046FEF736FF05469C
:10B2D00055B902AA21469BA000F01CFA21469FA066
:10B2E000019A00F017FA03E02946A2A000F012FA32
:10B2F00007B030BD70B504462046FEF77DFF054619
:10B3000025B92146A1A000F005FA03E02946A5A031
:10B3100000F000FA70BD70B5044607482146026887
:10B320000D480068FFF764FB0546287800B970BD3A
:10B3300048E100004CC70120A40200200D0A52651C
:10B3400061642066696C6520646174612069733A88
:10B350000D0A0000AC020020B402002052656164B6
:10B36000204572726F723A25640D0A002563000051
:10B370000D0A52656164204572726F723A25640D40
:10B380000A0000000D0A52656164656420646174FE
:10B3900061206C656E3A25640D0A00005265616497
:10B3A0002064617461206F7665720D0A00000000F0
:10B3B0000D0A426567696E20577269746520666977
:10B3C0006C652E2E2E0D0A0057726974652064611B
:10B3D0007461206C656E3A25640D0A00B00200208D
:10B3E0005772697465204572726F723A25640D0A4E
:10B3F0000000000057726974656420646174612004
:10B400006C656E3A25640D0A00000000577269747D
:10B41000652064617461206F7665722E0D0A0000EC
:10B4200078C7012058C701200D0A204449522069DD
:10B430006E666F3A0D0A00006469722E69643A25DF
:10B44000640D0A006469722E696E6465783A256439
:10B450000D0A00006469722E73636C7573743A256B
:10B46000640D0A006469722E636C7573743A256406
:10B470000D0A00006469722E736563743A25640DC9
:10B480000A00000046696C65204E616D6520697395
:10B490003A25730D0A00000046696C652053697AED
:10B4A000652069733A25640D0A00000046696C65E1
:10B4B00020646174612069733A25640D0A000000FC
:10B4C00046696C652074696D652069733A25640D61
:10B4D0000A00000046696C6520417474722069732B
:10B4E0003A25640D0A00000025732F0025730D0A0C
:10B4F000000000000D0AB4C5C5CCD7DCC8DDC1BF53
:10B500003A2564204B420D0ABFC9D3C3BFD5BCE462
:10B510003A2564204B420D0A000000000D0AB4C514
:10B52000C5CCD7DCC8DDC1BF3A2564204D420D0A29
:10B53000BFC9D3C3BFD5BCE43A2564204D420D0A30
:10B54000000000000D0AB4C5C5CC257320B5C4C5E4
:10B55000CCB7FBCEAA3A25730D0A0000B4C5C5CC02
:10B56000257320B5C4D0F2C1D0BAC53A25580D0A0A
:10B570000D0A00000D0ABBF1C8A1CAA7B0DCA3AC3C
:10B58000B4EDCEF3C2EB3A25580D0A000D0AB4C54E
:10B59000C5CCC5CCB7FBC9E8D6C3B3C9B9A63A2553
:10B5A000730D0A000D0AB4C5C5CCC5CCB7FBC9E8FC
:10B5B000D6C3CAA7B0DCA3ACB4EDCEF3C2EB3A2538
:10B5C000580D0A0029460BA000F0A4F800BF70BD7A
:10B5D00010B504460E4801682046FFF754FAC0B281
:10B5E00010BD10B504460A4801682046FFF76BFA03
:10B5F000C0B210BD0D0A54686520537472696E673D
:10B60000205265616465642049733A25730D0A0010
:10B61000A40200202DE9F04102460F46802A01DAFB
:10B6200010462FE01FB1244B45F2205602E0234B79
:10B6300045F220560025102416E0A6EB050C0CEB75
:10B64000DC7805EB68014FEA410C33F81CC09445E7
:10B6500000D10BE04FEA410C33F81CC0944501DAED
:10B660000D4600E00E46641E002CE6D100BF34B14A
:10B670004FF0010C0CEB410C33F81CC001E04FF013
:10B68000000C6046BDE8F0810246002100E0491C44
:10B690000B4830F8110020B1094830F811009042F1
:10B6A000F5D1074830F8110018B1064830F81100FC
:10B6B00070471046FCE700003C1A0208B8C50008B5
:10B6C000C06E0308A0700308704710B54C1084EAE0
:10B6D000530404D54042C1F1000138BF491E1B424A
:10B6E00004D55242C3F1000338BF5B1E00F07AFA62
:10B6F00014F0804F04D04042C1F1000138BF491E10
:10B7000014F0004F04D05242C3F1000338BF5B1E57
:10B7100010BD00000FB4044910B503AA029800F050
:10B7200065FB10BC5DF814FB7C0000200FB41CB559
:10B73000074B06AA7B4469460090059800F027FB5A
:10B740000020694600F036FB1CBC5DF814FB0000CD
:10B750007D06000070B5044685690068C10601D504
:10B76000302600E02026C00707D070BDD4E90121B3
:10B7700030469047206A401C20626D1EF6D570BD91
:10B7800070B5044685690078C00707D170BDD4E95B
:10B79000012120209047206A401C20626D1EF6D5B2
:10B7A00070BD70B50C460546012A05D02878800684
:10B7B00000D5EA69002302E0012305E05B1C934207
:10B7C00002D2E05C0028F9D1A869E618C01AA86185
:10B7D000286A184428622846FFF7BCFF04E0D5E930
:10B7E000012114F8010B9047B442F8D32846FFF723
:10B7F000C7FF70BD2DE9F041064600241068752989
:10B80000314616A510D0AFF30080002802DA40427E
:10B8100013A507E031688A0701D512A502E04907A0
:10B8200004D511A5012401E0AFF3008000210A2214
:10B8300006F1240709E0B0FBF2FCB0FBF2F302FBD7
:10B840001C00303078541846491C0028F3D1234698
:10B850002A463046BDE8F04100F03BBA0000000047
:10B860002D0000002B0000002000000070B50446F1
:10B870000D4621461068AFF300802188090502D5E6
:10B880000F4A7A4402E00E4A7A440E32002104F153
:10B89000240305E000F00F060009965D5E54491C84
:10B8A0000028F7D120780023000704D5702D02D09E
:10B8B00009B1022311322046BDE8704000F009BAF8
:10B8C000FAB902002DE9F05F894604464FF0000AFC
:10B8D000DFF874B1FB44C0F820A02046E168884737
:10B8E000002874D0252806D0D4E901219047206A89
:10B8F000401C2062F1E700265F462046E168884749
:10B900002028054607DB312D05D2781910F8200CC8
:10B9100008B10643F1E7B00701D526F00406C4F8E4
:10B920001CA00027C4F818A02A2D09D0284600F032
:10B93000D7FA38B304EB8708303DC8F8185019E03F
:10B9400059F8041B204604EB87029161E16888479F
:10B95000012F054618D1E069002820DA26F02006DC
:10B960001DE0D8F8180000EB800005EB40003038EF
:10B97000C8F818002046E1688847054600F0B0FA8C
:10B980000028EED1012F0AD02E2D08D12046E168E3
:10B9900088477F1C0546022F46F02006C4DBA069BD
:10B9A000002803DA404246F00106A061F00701D00A
:10B9B00026F010066C2D0BD0682D09D04C2D39D0F7
:10B9C0006A2D35D0742D35D07A2D33D016E038E07D
:10B9D000E1682F4620468847B842054609D16C2FBA
:10B9E00026D04FF48060E16806432046884705462C
:10B9F00004E06C2F1AD04FF4807006430DB3A5F10C
:10BA00004100192802D8203546F400664A462946E6
:10BA1000204626604E46F4F711FC80B101280BD079
:10BA2000F61D26F0070000F1080956E74020E4E77C
:10BA30008020D8E70020D6E706F104094DE7284624
:10BA400052E7206ABDE8F09FD0B9020040EA010346
:10BA5000024630B59B0710D14FF0013400E008C218
:10BA600008C91D1B9D4315EAC41FF8D013F0FF0140
:10BA700002F8011B0DD01B0AF8E711F8013B002B5F
:10BA800002F8013B05D011F8013B002B02F8013B05
:10BA9000F3D130BD10B5431C02E010F8011B71B1A9
:10BAA0008107FAD14FF0013202C88C1A8C4314EA94
:10BAB000C211F9D0C01A0A0603D0C01E10BDC01AA8
:10BAC00010BD0A0401D0801E10BD0902FCD0401E2A
:10BAD00010BD032A40F2308010F0030C00F01580F6
:10BAE00011F8013BBCF1020F624498BF11F801CB81
:10BAF00000F8013B38BF11F8013BA2F1040298BFE6
:10BB000000F801CB38BF00F8013B11F0030300F04F
:10BB10007F81083AC0F0088051F8043B083A51F898
:10BB200004CBA0E80810F5E7121D5CBF51F8043BF8
:10BB300040F8043BAFF30080D20724BF11F8013B6B
:10BB400011F801CB48BF11F8012B24BF00F8013BCD
:10BB500000F801CB48BF00F8012B70474FF0013CC3
:10BB600050F8042B51F8043B9A4221D1A2EB0C036C
:10BB7000934313EACC1317D150F8042B51F8043B2C
:10BB80009A4215D1A2EB0C03934313EACC130BD1C9
:10BB900050F8042B51F8043B9A4209D1A2EB0C0354
:10BBA000934313EACC13DBD04FF00000704700BF83
:10BBB000D01A01BAB1FA81F101F0180122FA01F0AC
:10BBC000CB40C1F12001DBB2C0B2C01A2CFA01F3A4
:10BBD000D11A914311EAC311E6D1704770477047FB
:10BBE0007047704753EA020C00F069802DE9F04B72
:10BBF0004FF00006002B1FBFB3FA83F503FA05F4DC
:10BC000024FA05F65E4012BF1643B2FA82F502FA34
:10BC100005F4C5F120051EBF22FA05FC44EA0C0418
:10BC2000203556EA044C4FEA144418BF641C4FF008
:10BC300000084FF00009904271EB030C39D3002942
:10BC400019BFB1FA81F701FA07F6B0FA80F700FAE6
:10BC500007F6C7F120071EBF20FA07FC46EA0C06CC
:10BC60002037B6FBF4FCA7EB0507103F07F01F0BCE
:10BC7000CBF120060CFA0BFB2CFA06F644BFB346B8
:10BC80000026202FA4BF5E464FF0000B5BEA060C97
:10BC900008BF4FF0010B19EB0B09ABFB027C48EB23
:10BCA0000608C01B06FB02CC0BFB03CC71EB0C019E
:10BCB000C1E70B46024641464846BDE8F08B13B546
:10BCC0004FF000004FF00001AFF30080BDE81C40D2
:10BCD00070472DE9F0470D4699469246044600F11B
:10BCE00024080168880604D5E06921F0100121606C
:10BCF00000E00120A84201DD471B00E00027A16908
:10BD00007A1902EB0900081AA0612078C00602D453
:10BD10002046FFF71FFD002608E0D4E901211AF8AC
:10BD200006009047206A401C761C20624E45F4DBDA
:10BD30002078C0060AD52046FFF70CFD06E0D4E9BE
:10BD4000012130209047206A401C2062381EA7F154
:10BD50000107F4DC07E0D4E9012118F80500904759
:10BD6000206A401C2062281EA5F10105F3DC204654
:10BD7000FFF706FD2078000602D50220BDE8F08717
:10BD80000120FBE701694A1C02610878704700B591
:10BD90008FB0CDE901310021059105497944CDE904
:10BDA000031011466846FFF78DFD0FB000BD00007F
:10BDB000E5FFFFFF0A6802F8010B0A60704710B543
:10BDC000436913B1AFF3008001E0FFF7EAFC012003
:10BDD00010BD127800F124010A7000224A7001227D
:10BDE000EDE711684FF0FF32E9E70000074B70B54F
:10BDF0000D467B44FFF7CBFF0446284600F03AF897
:10BE000010B14FF0FF3070BD204670BD4B81FFFF79
:10BE100010B5203AC0F00B80B1E81850203AA0E8E5
:10BE20001850B1E81850A0E81850BFF4F5AF5FEA19
:10BE3000027C24BFB1E81850A0E8185044BF18C9CC
:10BE400018C0BDE810405FEA827C24BF51F8043B73
:10BE500040F8043B08BF7047D20728BF31F8023BC7
:10BE600048BF11F8012B28BF20F8023B48BF00F85B
:10BE7000012B7047007B00F080007047754600F092
:10BE80002BF8AE4605006946534620F0070085466C
:10BE900018B020B5F8F704F9BDE820404FF00006CF
:10BEA0004FF000074FF000084FF0000B21F00701A2
:10BEB000AC46ACE8C009ACE8C009ACE8C009ACE8E5
:10BEC000C0098D46704710B50446AFF30080204688
:10BED000BDE81040F4F7D2B9004870479CC7012074
:10BEE00030380A2801D201207047002070474FF0F7
:10BEF0004070E1EE100A70470000000000000000F2
:10BF00000000000000000000000000F80000000039
:10BF1000000000333000000000100C06100C06007A
:10BF2000000000000000000040C07840C0784000E1
:10BF3000043F04043F040400007088FC0830000043
:10BF4000001820FF211E0000F008F000E01800009B
:10BF500000211C031E211E0000F008887000000054
:10BF60001E2123241927211010160E0000000000A6
:10BF70000000000000000000000000E018040200C3
:10BF8000000000071820400000020418E000000034
:10BF90000040201807000000404080F08040400032
:10BFA0000202010F01020200000000F00000000088
:10BFB0000101011F0101010000000000000000005C
:10BFC00080B07000000000000000000000000000D1
:10BFD000000101010101010100000000000000005A
:10BFE00000303000000000000000000080601804F5
:10BFF000006018060100000000E010080810E000D2
:10C00000000F102020100F00001010F8000000009A
:10C010000020203F202000000070080808887000E1
:10C020000030282422213000003008888848300061
:10C030000018202020110E000000C02010F8000081
:10C0400000070424243F240000F80888880808001A
:10C050000019212020110E0000E01088881800002F
:10C06000000F112020110E0000380808C838080001
:10C070000000003F00000000007088080888700081
:10C08000001C222121221C0000E010080810E00002
:10C090000000312222110F00000000C0C00000008B
:10C0A00000000030300000000000008000000000B0
:10C0B00000008060000000000000804020100800A8
:10C0C0000001020408102000404040404040400071
:10C0D000040404040404040000081020408000004C
:10C0E0000020100804020100007048080808F00051
:10C0F0000000003036010000C030C828E810E00021
:10C100000718272423140B000000C038E0000000AB
:10C11000203C23020227382008F888888870000015
:10C12000203F202020110E00C030080808083800E9
:10C13000071820202010080008F808080810E00060
:10C14000203F202020100F0008F88888E808100001
:10C15000203F20202320180008F88888E8081000D5
:10C16000203F200003000000C0300808083800000D
:10C1700007182020221E020008F808000008F8080E
:10C18000203F210101213F20000808F80808000095
:10C190000020203F2020000000000808F8080800C8
:10C1A000C08080807F00000008F888C02818080040
:10C1B000203F20012638200008F808000000000079
:10C1C000203F20202020300008F8F800F8F8080070
:10C1D000203F003F003F200008F830C00008F8086A
:10C1E000203F200007183F00E01008080810E0007A
:10C1F0000F10202020100F0008F808080808F00091
:10C20000203F210101010000E01008080810E000B3
:10C210000F18242438504F0008F888888888700048
:10C22000203F2000030C30200070880808083800E8
:10C230000038202121221C00180808F808081800DE
:10C240000000203F2000000008F808000008F8085F
:10C25000001F202020201F000878880000C8380810
:10C26000000007380E010000F80800F80008F80088
:10C27000033C0700073C0300081868808068180822
:10C2800020302C03032C30200838C800C8380800A0
:10C290000000203F2000000010080808C8380800EF
:10C2A0002038262120201800000000FE0202020093
:10C2B0000000007F40404000000C30C00000000043
:10C2C000000000010638C00000020202FE0000006B
:10C2D000004040407F000000000004020202040011
:10C2E000000000000000000000000000000000004E
:10C2F0008080808080808080000202040000000036
:10C30000000000000000000000008080808000002D
:10C310000019242222223F2008F80080800000001B
:10C32000003F112020110E000000008080800000DE
:10C33000000E112020201100000000808088F800ED
:10C34000000E112020103F2000008080808000001F
:10C35000001F222222221300008080F08888881883
:10C360000020203F2020000000008080808080008E
:10C37000006B94949493600008F800808080000023
:10C38000203F210000203F200080989800000000FE
:10C390000020203F2020000000000080989800002E
:10C3A00000C08080807F000008F80000808080004E
:10C3B000203F24022D302000000808F80000000073
:10C3C0000020203F2020000080808080808080002E
:10C3D000203F20003F20003F8080008080800000C0
:10C3E000203F210000203F2000008080808000004E
:10C3F000001F202020201F0080800080800000007F
:10C4000080FFA12020110E000000008080808000AD
:10C41000000E112020A0FF8080808000808080009E
:10C4200020203F21200001000000808080808000CB
:10C430000033242424241900008080E08080000040
:10C440000000001F2020000080800000008080008D
:10C45000001F202020103F208080800000808080EE
:10C4600000010E300806010080800080008080807E
:10C470000F300C030C300F000080800080808000A3
:10C480000020312E0E3120008080800000808080CE
:10C4900080818E701806010000808080808080007E
:10C4A0000021302C2221300000000000807C02029C
:10C4B00000000000003F404000000000FF000000BE
:10C4C00000000000FF0000000002027C800000006D
:10C4D0000040403F00000000000601010202040489
:10C4E0000000000000000000800C00000078000048
:10C4F0008007000020000000200000002000000055
:10C500000090010000000F0000F00000010305078B
:10C51000090E10121416181C1E000004000200015F
:10C52000800040002000100008000400020000000D
:10C530000080004000200010000800400020001093
:10C540000008000400020000D0750308000000008D
:10C550000000000000000000AC75030800000000AF
:10C560000000000000000000D87503080000000073
:10C570000000000000000000DC750308B07503082F
:10C58000C875030800000000E0750308A0750308E3
:10C59000B4750308A4750308D4750308C4750308AB
:10C5A000BC750308B8750308CC75030800000000CB
:10C5B0000000000000000000A400E8A1A700ECA11A
:10C5C000A800A7A1B000E3A1B100C0A1B700A4A139
:10C5D000D700C1A1E000A4A8E100A2A8E800A8A893
:10C5E000E900A6A8EA00BAA8EC00ACA8ED00AAA849
:10C5F000F200B0A8F300AEA8F700C2A1F900B4A8F9
:10C60000FA00B2A8FC00B9A80101A1A81301A5A8CD
:10C610001B01A7A82B01A9A84401BDA84801BEA8D9
:10C620004D01ADA86B01B1A8CE01A3A8D001ABA864
:10C63000D201AFA8D401B3A8D601B5A8D801B6A835
:10C64000DA01B7A8DC01B8A85102BBA86102C0A8F2
:10C65000C702A6A1C902A5A1CA0240A8CB0241A84F
:10C66000D90242A89103A1A69203A2A69303A3A66E
:10C670009403A4A69503A5A69603A6A69703A7A62A
:10C680009803A8A69903A9A69A03AAA69B03ABA6FA
:10C690009C03ACA69D03ADA69E03AEA69F03AFA6CA
:10C6A000A003B0A6A103B1A6A303B2A6A403B3A698
:10C6B000A503B4A6A603B5A6A703B6A6A803B7A666
:10C6C000A903B8A6B103C1A6B203C2A6B303C3A609
:10C6D000B403C4A6B503C5A6B603C6A6B703C7A6CA
:10C6E000B803C8A6B903C9A6BA03CAA6BB03CBA69A
:10C6F000BC03CCA6BD03CDA6BE03CEA6BF03CFA66A
:10C70000C003D0A6C103D1A6C303D2A6C403D3A637
:10C71000C503D4A6C603D5A6C703D6A6C803D7A605
:10C72000C903D8A60104A7A71004A1A71104A2A7B2
:10C730001204A3A71304A4A71404A5A71504A6A76D
:10C740001604A8A71704A9A71804AAA71904ABA739
:10C750001A04ACA71B04ADA71C04AEA71D04AFA709
:10C760001E04B0A71F04B1A72004B2A72104B3A7D9
:10C770002204B4A72304B5A72404B6A72504B7A7A9
:10C780002604B8A72704B9A72804BAA72904BBA779
:10C790002A04BCA72B04BDA72C04BEA72D04BFA749
:10C7A0002E04C0A72F04C1A73004D1A73104D2A7FB
:10C7B0003204D3A73304D4A73404D5A73504D6A7AD
:10C7C0003604D8A73704D9A73804DAA73904DBA779
:10C7D0003A04DCA73B04DDA73C04DEA73D04DFA749
:10C7E0003E04E0A73F04E1A74004E2A74104E3A719
:10C7F0004204E4A74304E5A74404E6A74504E7A7E9
:10C800004604E8A74704E9A74804EAA74904EBA7B8
:10C810004A04ECA74B04EDA74C04EEA74D04EFA788
:10C820004E04F0A74F04F1A75104D7A710205CA92C
:10C83000132043A81420AAA1152044A81620ACA1B7
:10C840001820AEA11920AFA11C20B0A11D20B1A1BC
:10C85000252045A82620ADA13020EBA13220E4A15F
:10C860003320E5A1352046A83B20F9A1AC2080006B
:10C870000321E6A1052147A8092148A81621EDA119
:10C88000212159A96021F1A26121F2A26221F3A222
:10C890006321F4A26421F5A26521F6A26621F7A224
:10C8A0006721F8A26821F9A26921FAA26A21FBA2F4
:10C8B0006B21FCA27021A1A27121A2A27221A3A2CC
:10C8C0007321A4A27421A5A27521A6A27621A7A2F4
:10C8D0007721A8A27821A9A27921AAA29021FBA15F
:10C8E0009121FCA19221FAA19321FDA1962149A8B1
:10C8F00097214AA898214BA899214CA80822CAA19F
:10C900000F22C7A11122C6A115224DA81A22CCA11F
:10C910001D22D8A11E22DEA11F224EA82022CFA1B7
:10C9200023224FA82522CEA12722C4A12822C5A1B7
:10C930002922C9A12A22C8A12B22D2A12E22D3A109
:10C940003422E0A13522DFA13622C3A13722CBA1B8
:10C950003D22D7A14822D6A14C22D5A1522250A8CF
:10C960006022D9A16122D4A16422DCA16522DDA1CB
:10C97000662251A8672252A86E22DAA16F22DBA19B
:10C98000952292A89922D1A1A522CDA1BF2253A878
:10C990001223D0A16024D9A26124DAA26224DBA2EE
:10C9A0006324DCA26424DDA26524DEA26624DFA267
:10C9B0006724E0A26824E1A26924E2A27424C5A24B
:10C9C0007524C6A27624C7A27724C8A27824C9A257
:10C9D0007924CAA27A24CBA27B24CCA27C24CDA227
:10C9E0007D24CEA27E24CFA27F24D0A28024D1A2F7
:10C9F0008124D2A28224D3A28324D4A28424D5A2C7
:10CA00008524D6A28624D7A28724D8A28824B1A2BE
:10CA10008924B2A28A24B3A28B24B4A28C24B5A206
:10CA20008D24B6A28E24B7A28F24B8A29024B9A2D6
:10CA30009124BAA29224BBA29324BCA29424BDA2A6
:10CA40009524BEA29624BFA29724C0A29824C1A276
:10CA50009924C2A29A24C3A29B24C4A20025A4A9FB
:10CA60000125A5A90225A6A90325A7A90425A8A9EA
:10CA70000525A9A90625AAA90725ABA90825ACA9BA
:10CA80000925ADA90A25AEA90B25AFA90C25B0A98A
:10CA90000D25B1A90E25B2A90F25B3A91025B4A95A
:10CAA0001125B5A91225B6A91325B7A91425B8A92A
:10CAB0001525B9A91625BAA91725BBA91825BCA9FA
:10CAC0001925BDA91A25BEA91B25BFA91C25C0A9CA
:10CAD0001D25C1A91E25C2A91F25C3A92025C4A99A
:10CAE0002125C5A92225C6A92325C7A92425C8A96A
:10CAF0002525C9A92625CAA92725CBA92825CCA93A
:10CB00002925CDA92A25CEA92B25CFA92C25D0A909
:10CB10002D25D1A92E25D2A92F25D3A93025D4A9D9
:10CB20003125D5A93225D6A93325D7A93425D8A9A9
:10CB30003525D9A93625DAA93725DBA93825DCA979
:10CB40003925DDA93A25DEA93B25DFA93C25E0A949
:10CB50003D25E1A93E25E2A93F25E3A94025E4A919
:10CB60004125E5A94225E6A94325E7A94425E8A9E9
:10CB70004525E9A94625EAA94725EBA94825ECA9B9
:10CB80004925EDA94A25EEA94B25EFA9502554A822
:10CB9000512555A8522556A8532557A8542558A8BD
:10CBA000552559A856255AA857255BA858255CA88D
:10CBB00059255DA85A255EA85B255FA85C2560A85D
:10CBC0005D2561A85E2562A85F2563A8602564A82D
:10CBD000612565A8622566A8632567A8642568A8FD
:10CBE000652569A866256AA867256BA868256CA8CD
:10CBF00069256DA86A256EA86B256FA86C2570A89D
:10CC00006D2571A86E2572A86F2573A8702574A86C
:10CC1000712575A8722576A8732577A8812578A82F
:10CC2000822579A883257AA884257BA885257CA8D8
:10CC300086257DA887257EA8882580A8892581A8A6
:10CC40008A2582A88B2583A88C2584A88D2585A874
:10CC50008E2586A88F2587A8932588A8942589A83E
:10CC600095258AA8A025F6A1A125F5A1B225F8A1B0
:10CC7000B325F7A1BC258BA8BD258CA8C625F4A19A
:10CC8000C725F3A1CB25F0A1CE25F2A1CF25F1A197
:10CC9000E2258DA8E3258EA8E4258FA8E52590A898
:10CCA0000526EFA10626EEA1092691A84026E2A1BD
:10CCB0004226E1A10030A1A10130A2A10230A3A12E
:10CCC0000330A8A10530A9A1063065A9073096A9AF
:10CCD0000830B4A10930B5A10A30B6A10B30B7A114
:10CCE0000C30B8A10D30B9A10E30BAA10F30BBA1E4
:10CCF0001030BEA11130BFA1123093A81330FEA195
:10CD00001430B2A11530B3A11630BCA11730BDA1AB
:10CD10001D3094A81E3095A8213040A9223041A989
:10CD2000233042A9243043A9253044A9263045A9FF
:10CD3000273046A9283047A9293048A94130A1A465
:10CD40004230A2A44330A3A44430A4A44530A5A4F7
:10CD50004630A6A44730A7A44830A8A44930A9A4C7
:10CD60004A30AAA44B30ABA44C30ACA44D30ADA497
:10CD70004E30AEA44F30AFA45030B0A45130B1A467
:10CD80005230B2A45330B3A45430B4A45530B5A437
:10CD90005630B6A45730B7A45830B8A45930B9A407
:10CDA0005A30BAA45B30BBA45C30BCA45D30BDA4D7
:10CDB0005E30BEA45F30BFA46030C0A46130C1A4A7
:10CDC0006230C2A46330C3A46430C4A46530C5A477
:10CDD0006630C6A46730C7A46830C8A46930C9A447
:10CDE0006A30CAA46B30CBA46C30CCA46D30CDA417
:10CDF0006E30CEA46F30CFA47030D0A47130D1A4E7
:10CE00007230D2A47330D3A47430D4A47530D5A4B6
:10CE10007630D6A47730D7A47830D8A47930D9A486
:10CE20007A30DAA47B30DBA47C30DCA47D30DDA456
:10CE30007E30DEA47F30DFA48030E0A48130E1A426
:10CE40008230E2A48330E3A48430E4A48530E5A4F6
:10CE50008630E6A48730E7A48830E8A48930E9A4C6
:10CE60008A30EAA48B30EBA48C30ECA48D30EDA496
:10CE70008E30EEA48F30EFA49030F0A49130F1A466
:10CE80009230F2A49330F3A49B3061A99C3062A944
:10CE90009D3066A99E3067A9A130A1A5A230A2A5A8
:10CEA000A330A3A5A430A4A5A530A5A5A630A6A50A
:10CEB000A730A7A5A830A8A5A930A9A5AA30AAA5DA
:10CEC000AB30ABA5AC30ACA5AD30ADA5AE30AEA5AA
:10CED000AF30AFA5B030B0A5B130B1A5B230B2A57A
:10CEE000B330B3A5B430B4A5B530B5A5B630B6A54A
:10CEF000B730B7A5B830B8A5B930B9A5BA30BAA51A
:10CF0000BB30BBA5BC30BCA5BD30BDA5BE30BEA5E9
:10CF1000BF30BFA5C030C0A5C130C1A5C230C2A5B9
:10CF2000C330C3A5C430C4A5C530C5A5C630C6A589
:10CF3000C730C7A5C830C8A5C930C9A5CA30CAA559
:10CF4000CB30CBA5CC30CCA5CD30CDA5CE30CEA529
:10CF5000CF30CFA5D030D0A5D130D1A5D230D2A5F9
:10CF6000D330D3A5D430D4A5D530D5A5D630D6A5C9
:10CF7000D730D7A5D830D8A5D930D9A5DA30DAA599
:10CF8000DB30DBA5DC30DCA5DD30DDA5DE30DEA569
:10CF9000DF30DFA5E030E0A5E130E1A5E230E2A539
:10CFA000E330E3A5E430E4A5E530E5A5E630E6A509
:10CFB000E730E7A5E830E8A5E930E9A5EA30EAA5D9
:10CFC000EB30EBA5EC30ECA5ED30EDA5EE30EEA5A9
:10CFD000EF30EFA5F030F0A5F130F1A5F230F2A579
:10CFE000F330F3A5F430F4A5F530F5A5F630F6A549
:10CFF000FC3060A9FD3063A9FE3064A90531C5A8E5
:10D000000631C6A80731C7A80831C8A80931C9A880
:10D010000A31CAA80B31CBA80C31CCA80D31CDA850
:10D020000E31CEA80F31CFA81031D0A81131D1A820
:10D030001231D2A81331D3A81431D4A81531D5A8F0
:10D040001631D6A81731D7A81831D8A81931D9A8C0
:10D050001A31DAA81B31DBA81C31DCA81D31DDA890
:10D060001E31DEA81F31DFA82031E0A82131E1A860
:10D070002231E2A82331E3A82431E4A82531E5A830
:10D080002631E6A82731E7A82831E8A82931E9A800
:10D090002032E5A22132E6A22232E7A22332E8A220
:10D0A0002432E9A22532EAA22632EBA22732ECA2F0
:10D0B0002832EDA22932EEA231325AA9A33249A96F
:10D0C0008E334AA98F334BA99C334CA99D334DA96C
:10D0D0009E334EA9A1334FA9C43350A9CE3351A9D1
:10D0E000D13352A9D23353A9D53354A9004EBBD260
:10D0F000014EA1B6024E4081034EDFC6044E41816F
:10D10000054E4281064E4381074EF2CD084EC9D5E9
:10D11000094EFDC80A4ECFC90B4EC2CF0C4EA2D845
:10D120000D4EBBB20E4EEBD30F4E4481104EA4D821
:10D13000114EF3B3124E4581134EA8D7144ED2C7E9
:10D14000154EA7D8164EC0CA174E4681184EF0C7C6
:10D15000194EFBB11A4EB5D21B4ED4B41C4EABB611
:10D160001D4EBFCB1E4EA9D81F4E4781204E488171
:10D17000214E4981224EAAB6234E4A81244EBDC17A
:10D18000254ECFD1264E4B81274EA5C9284EADD86E
:10D19000294E4C812A4EF6B82B4EBED12C4EDCE3E4
:10D1A0002D4ED0D62E4E4D812F4E4E81304EE1B7B2
:10D1B000314E4F81324EAEB4334E5081344ED9C1D0
:10D1C000354E5181364EBCD8374E5281384EE8CD5F
:10D1D000394EA4B53A4EAACE3B4EF7D63C4E5381BB
:10D1E0003D4EF6C03E4ED9BE3F4EAFD8404E548164
:10D1F000414E5581424E5681434ECBC4444E5781D9
:10D20000454EC3BE464E5881474EB1D8484EB4C372
:10D21000494EE5D24A4E59814B4EAED64C4EDACEEF
:10D220004D4EA7D54E4EF5BA4F4EA6B7504ED6C06E
:10D23000514E5A81524EB9C6534ED2C5544EC7C7ED
:10D24000554E5B81564ED4B9574E5C81584ECBB388
:10D25000594ED2D25A4E5D815B4E5E815C4EBFD834
:10D260005D4EC5BE5E4EF2C65F4EB2D2604EB0CFCE
:10D27000614EE7CF624E5F81634E6081644E618193
:10D28000654E6281664EE9CA674E6381684E64816D
:10D29000694EC0D86A4E65816B4E66816C4E67815F
:10D2A0006D4E68816E4E69816F4E6A81704EF2C21A
:10D2B000714ED2C2724E6B81734EE9C8744E6C814E
:10D2C000754E6D81764E6E81774E6F81784E70818E
:10D2D000794E71817A4E72817B4E73817C4E74815E
:10D2E0007D4E75817E4EACC77F4E7681804E7781B4
:10D2F000814E7881824E7981834E7A81844E7B8102
:10D30000854E7C81864ECBC1874E7D81884EE8D389
:10D31000894EF9D58A4E7E818B4EC2CA8C4EFEB69E
:10D320008D4EA1D88E4EDAD38F4EF7BF904E8081AE
:10D33000914EC6D4924EA5BB934EC1D8944EE5CE25
:10D34000954EAEBE964E8181974E8281984EA8D85A
:10D35000994E83819A4EC7D19B4EA9D09C4E848111
:10D360009D4E85819E4E86819F4EBDD8A04EEFD9A1
:10D37000A14EF6CDA24EBABFA34E8781A44EBBBD2F
:10D38000A54EA5BAA64EE0D2A74EFAB2A84EE0BA74
:10D39000A94EB6C4AA4E8881AB4EEDCFAC4EA9BE05
:10D3A000AD4EA4CDAE4EC1C1AF4E8981B04E8A8183
:10D3B000B14E8B81B24ED7C7B34EF1D9B44E8C81EA
:10D3C000B54EF4D9B64E8D81B74E8E81B84E8F8151
:10D3D000B94E9081BA4ECBC8BB4EE9D8BC4E9181B4
:10D3E000BD4E9281BE4E9381BF4EDAD2C04EB2CABC
:10D3F000C14ECAC8C24EECD8C34EEAD8C44EC6D835
:10D40000C54EF6BDC64ECDC6C74EF0B3C84E9481CC
:10D41000C94EEBD8CA4EF1BDCB4EE9BDCC4E95817D
:10D42000CD4ED4C8CE4ED3B4CF4E9681D04E978138
:10D43000D14ED8C2D24E9881D34ED6B2D44ED0D788
:10D44000D54ECBCAD64EFBCBD74ECCD5D84EB6B8E0
:10D45000D94EC9CFDA4E9981DB4E9A81DC4E9B8141
:10D46000DD4EDAD9DE4EF0D8DF4EAAC7E04E9C8101
:10D47000E14EEED8E24E9D81E34EFAB4E44EEEC1A9
:10D48000E54ED4D2E64E9E81E74E9F81E84EEDD820
:10D49000E94EA081EA4EC7D2EB4EEFD8EC4EC7C39F
:10D4A000ED4EA181EE4EA281EF4EA381F04EF6D15A
:10D4B000F14EA481F24ED9D6F34EF2D8F44EA581A6
:10D4C000F54EF5D8F64EFEBCF74EDBBCF84EA68105
:10D4D000F94EA781FA4EA881FB4ECEC8FC4EA98119
:10D4E000FD4EDDB7FE4EAA81FF4EC2B7004FAB81A5
:10D4F000014FF3C6024FAC81034FAD81044FAE81A3
:10D50000054FAF81064FB081074FB181084FB281FF
:10D51000094FF8D80A4FC1D20B4FB3810C4FB481D9
:10D520000D4FE9CE0E4FBFBC0F4FFCB7104FA5B744
:10D53000114FDDD0124FB581134FB681144FB78113
:10D54000154FB881164FB981174FDAD6184FC5D38A
:10D55000194FEFBB1A4FE1BB1B4FF1D81C4FBA81DB
:10D560001D4FBB811E4FA1C91F4FB0CE204FABB482
:10D57000214FBC81224FF3D8234FBD81244FCBC90B
:10D58000254FF6D8264FD7C2274FF7D8284FBE8150
:10D59000294FBF812A4FB1CE2B4FF9D82C4FC081D4
:10D5A0002D4FC1812E4FC2812F4FAEB2304FC0B927
:10D5B000314FC381324FA3D9334FC481344FE9B0C7
:10D5C000354FC581364FE6C1374FC681384FECC95C
:10D5D000394FC7813A4FC5CB3B4FC8813C4FC6CB73
:10D5E0003D4FA4D93E4FC9813F4FCA81404FCB81A7
:10D5F000414FCC81424FCD81434FE8B5444FCE815E
:10D60000454FCF81464FABB5474FD081484FD18171
:10D61000494FD2814A4FD3814B4FD4814C4FD58152
:10D620004D4FBBCE4E4FCDB54F4FA1D7504FF4D736
:10D63000514FD3D3524FD681534FE5CC544FD7815E
:10D64000554FCEBA564FD881574FA2D9584FDCD933
:10D65000594FE0D35A4FFDD85B4FF0B75C4FF7D727
:10D660005D4FFED85E4FFAD85F4FA1D9604FE3C43B
:10D67000614FD981624FDA81634FB6D3644FF4D8DA
:10D68000654FDDD9664FDB81674FFBD8684FDC8182
:10D69000694FE5C56A4FDD816B4FDE816C4FD0C0AD
:10D6A0006D4FDF816E4FE0816F4FF0D1704FDBB077
:10D6B000714FE181724FE281734FD1BC744FA6D993
:10D6C000754FE381764FA5D9774FE481784FE58197
:10D6D000794FE6817A4FE7817B4FACD97C4FAED949
:10D6E0007D4FE8817E4FABD97F4FB9CA804FE9812A
:10D6F000814FEA81824FEB81834FA9D9844FB6D6FF
:10D70000854FEC81864FED81874FEE81884FDEB3E8
:10D71000894FA8D98A4FEF818B4FFDC08C4FF08184
:10D720008D4FCCCA8E4FF1818F4FAAD9904FF28185
:10D73000914FA7D9924FF381934FF481944FB0D971
:10D74000954FF581964FF681974FB1B6984FF78177
:10D75000994FF8819A4FF9819B4FA9B99C4FFA8153
:10D760009D4FC0D29E4FFB819F4FFC81A04FC0CFE9
:10D77000A14FFD81A24FFE81A34FC2C2A44F4082A0
:10D78000A54FC4BDA64FECD5A74FE0B2A84FC8C760
:10D79000A94FEBBFAA4FADD9AB4F4182AC4FAFD928
:10D7A000AD4F4282AE4FEACEAF4FEEBAB04F43829A
:10D7B000B14F4482B24F4582B34F4682B44F478245
:10D7C000B54FD6C7B64F4882B74F4982B84F4A8245
:10D7D000B94F4B82BA4F4C82BB4F4D82BC4F4E82E9
:10D7E000BD4F4F82BE4F5082BF4FE3B1C04F5182F9
:10D7F000C14F5282C24F5382C34FD9B4C44FEDB60A
:10D80000C54FB4D9C64F5482C74F5582C84F5682B0
:10D81000C94F5782CA4FA1BFCB4F5882CC4F5982B4
:10D82000CD4F5A82CE4FDED9CF4FCEC7D04FFEC09C
:10D83000D14FB8D9D24F5B82D34F5C82D44F5D8237
:10D84000D54F5E82D64F5F82D74FD7CBD84FFDB72B
:10D85000D94F6082DA4FB5D9DB4F6182DC4FB7D93F
:10D86000DD4FA3B1DE4FE1D3DF4FB9D9E04F628284
:10D87000E14FC5D0E24F6382E34FB6D9E44F6482F3
:10D88000E54F6582E64FB1D9E74F6682E84FB2D9DE
:10D89000E94FA9C1EA4FB3D9EB4F6782EC4F6882D9
:10D8A000ED4FF3BCEE4FDED0EF4FA9B8F04F6982D9
:10D8B000F14FE3BEF24F6A82F34FBDD9F44F6B8252
:10D8C000F54F6C82F64F6D82F74F6E82F84FBAD9E2
:10D8D000F94F6F82FA4FB3B0FB4F7082FC4F7182E9
:10D8E000FD4F7282FE4FC2D9FF4F73820050748287
:10D8F00001507582025076820350778204507882FC
:10D900000550798206507A8207507B8208507C82CB
:10D9100009507D820A507E820B5080820C50C4D9FF
:10D920000D50B6B10E5081820F50BFD91050828277
:10D93000115083821250B9B5135084821450F3BE33
:10D940001550858216508682175087821850C8CC91
:10D950001950F2BA1A50D0D21B5088821C50C3D929
:10D960001D5089821E508A821F50E8BD20508B8234
:10D970002150ABB322508C8223508D8224508E8252
:10D980002550C5D92650EBBE27508F822850C6D9C6
:10D990002950BBD92A50DFC42B5090822C50BED9BD
:10D9A0002D50C1D92E50C0D92F5091823050928223
:10D9B0003150938232509482335095823450968203
:10D9C00035509782365098823750998238509A82D3
:10D9D00039509B823A50AED53B509C823C50B5D6D4
:10D9E0003D509D823E50E3C73F509E8240509F82F3
:10D9F0004150A0824250A1824350C8D94450A282D3
:10DA00004550A3824650A4824750D9BC4850CAD939
:10DA10004950A5824A50A6824B50A7824C50BCD98F
:10DA20004D50A8824E50CBD94F50ABC65050A98212
:10DA30005150AA825250AB825350AC825450AD82A6
:10DA40005550C9D95650AE825750AF825850B08207
:10DA50005950B1825A50F6D75B50B2825C50A3CD78
:10DA60005D50B3825E50B4825F50B5826050B68222
:10DA70006150B7826250B8826350B9826450BA82F2
:10DA80006550A1BD6650BB826750BC826850BD82A4
:10DA90006950BE826A50BF826B50C0826C50CCD934
:10DAA0006D50C1826E50C2826F50C3827050C4826A
:10DAB0007150C5827250C6827350C7827450C8823A
:10DAC0007550C9827650BCC57750B5CD7850CA82A2
:10DAD0007950CB827A50CC827B50CDD97C50CD828C
:10DAE0007D50CE827E50C7D97F50A5B38050FEBFF7
:10DAF0008150CF828250D0828350D1828450D28292
:10DB00008550B5B88650D3828750D4828850FCC0E7
:10DB10008950D5828A50D6828B50D7828C50D88239
:10DB20008D50F8B08E50D9828F50DA829050DB82BF
:10DB30009150DC829250DD829350DE829450DF82DD
:10DB40009550E0829650E1829750E2829850E382AD
:10DB50009950E4829A50E5829B50E6829C50E7827D
:10DB60009D50E8829E50E9829F50EA82A050EB824D
:10DB7000A150EC82A250ED82A350F6B4A450EE82E4
:10DB8000A550CED9A650EF82A750CFD9A850A2B4A5
:10DB9000A950D0D9AA50F082AB50F182AC50DFB47A
:10DBA000AD50F282AE50F382AF50F482B050F582A5
:10DBB000B150F682B250C1B0B350F782B450F8827F
:10DBC000B550F982B650FA82B750FB82B850FC8249
:10DBD000B950FD82BA50D1D9BB50B5C9BC50FE82F4
:10DBE000BD504083BE504183BF504283C0504383E9
:10DBF000C1504483C2504583C3504683C4504783B9
:10DC0000C5504883C6504983C7504A83C8504B8388
:10DC1000C9504C83CA504D83CB504E83CC504F8358
:10DC2000CD505083CE505183CF50F1CFD05052833E
:10DC3000D1505383D2505483D3505583D4505683FC
:10DC4000D5505783D650D2D9D7505883D8505983FE
:10DC5000D9505A83DA50C5C1DB505B83DC505C83FA
:10DC6000DD505D83DE505E83DF505F83E050608374
:10DC7000E1506183E2506283E3506383E450648344
:10DC8000E5506583E650D6D9E750AEC9E8506683C3
:10DC9000E9506783EA506883EB506983EC50D5D92B
:10DCA000ED50D4D9EE50D7D9EF506A83F0506B8342
:10DCB000F1506C83F2506D83F350DBCBF4506E83E4
:10DCC000F550A9BDF6506F83F7507083F8507183FB
:10DCD000F9507283FA507383FB50A7C6FC507483CB
:10DCE000FD507583FE507683FF5077830051788313
:10DCF0000151798302517A8303517B8304517C83E0
:10DD000005517D830651D3D90751D8D908517E8357
:10DD1000095180830A5181830B51D9D90C518283D7
:10DD20000D5183830E5184830F5185831051868357
:10DD3000115187831251E5C8135188831451898387
:10DD400015518A8316518B8317518C8318518D83FB
:10DD500019518E831A518F831B5190831C519183CB
:10DD60001D5192831E5193831F519483205195839B
:10DD70002151DCC0225196832351978324519883EB
:10DD80002551998326519A8327519B8328519C833F
:10DD900029519D832A519E832B519F832C51A0830F
:10DDA0002D51A1832E51A2832F51A3833051A483DF
:10DDB0003151A5833251A6833351A7833451A883AF
:10DDC0003551A9833651AA833751AB833851AC837F
:10DDD0003951AD833A51AE833B51AF833C51B0834F
:10DDE0003D51B1833E51B2833F51F9B64051A3D862
:10DDF0004151CAD44251B3834351AAD44451D6D0DD
:10DE00004551E4B34651D7D54751B4834851C8CFA3
:10DE10004951E2B94A51B5834B51CBBF4C51B683FE
:10DE20004D51E2C34E51B7834F51B8835051B9831E
:10DE30005151D2B65251BA835351BB835451C3CDC1
:10DE40005551EED95651F0D95751BC835851BD8325
:10DE50005951BE835A51B3B55B51BF835C51B5B6BE
:10DE60005D51C0835E51C1835F51C2836051C383E2
:10DE70006151C4836251A4BE6351C5836451C6839A
:10DE80006551EBC86651C7836751C8836851ABC8F9
:10DE90006951C9836A51CA836B51CBB06C51ABB91C
:10DEA0006D51F9C16E51E2D96F51CB837051BCC035
:10DEB0007151B2B97251CC837351D8B97451CBD06E
:10DEC0007551F8B17651E4C67751DFBE7851E4B5AB
:10DED0007951C8D77A51CD837B51F8D17C51E6BCBA
:10DEE0007D51DECA7E51CE837F51CF838051BDBC30
:10DEF0008151E6D98251E7D88351D0838451D183AF
:10DF00008551DAC48651D2838751D3838851D4B8DE
:10DF10008951BDC88A51D4838B51D5838C51E1B2CC
:10DF20008D51D9D48E51D6838F51D7839051D883B8
:10DF30009151D9839251B0C39351DA839451DB83C9
:10DF40009551E1C39651A2DA9751DFC89851DC830D
:10DF50009951B4D09A51DD839B51FCBE9C51A9C507
:10DF60009D51DE839E51DF839F51E083A051DAB93A
:10DF7000A151E183A251A3DAA351E283A451A9D410
:10DF8000A551A4DAA651E383A751E483A851E58300
:10DF9000A951E683AA51E783AB51FBD9AC51ACB68A
:10DFA000AD51E883AE51E983AF51EBB7B051F9B150
:10DFB000B151FCD9B251E5B3B351F6BEB451EA83C5
:10DFC000B551F6BFB651B1D2B751E4C0B851EB83E9
:10DFD000B951EC83BA51ED83BB51B3B6BC51FED9F4
:10DFE000BD51FDD9BE51EE83BF51EF83C051BBBEC1
:10DFF000C151F083C251F183C351F283C451E0C6D1
:10E00000C551F383C651BCD7C751A1DAC851F483B7
:10E01000C951B9C1CA51F583CB51F2B5CC51E8C150
:10E02000CD51F683CE51F783CF51F5BCD051F88353
:10E03000D151D5B4D251F983D351FA83D451FB8352
:10E04000D551FC83D651FD83D751FE83D8514084EE
:10E05000D9514184DA514284DB51DDC1DC51438422
:10E06000DD51FDC4DE514484DF514584E051B8BC2C
:10E07000E151B2B7E2514684E3514784E451EFB72E
:10E08000E5514884E6514984E7514A84E8514B847C
:10E09000E9514C84EA514D84EB51ECD9EC514E845A
:10E0A000ED51BEC6EE514F84EF51ADBFF051CBBB29
:10E0B000F1515084F2515184F351CAB5F451528454
:10E0C000F551C9DBF651D7D0F7515384F851B9CD8A
:10E0D000F951BCB0FA51F6B3FB51F7BBFC51CADBA6
:10E0E000FD51AFBAFE515484FF51E4D40052B6B58D
:10E0F0000152F3B50252D6D80352D0C80452558407
:10E10000055256840652D6B70752D0C70852D7D800
:10E11000095257840A52AFBF0B5258840C5259848B
:10E120000D52BBDB0E52D8D80F525A8410525B846A
:10E130001152CCD01252AEBB13525C8414525D8487
:10E1400015525E841652BEEB1752D0C11852F5C15B
:10E150001952F2D41A52D5B81B52B4B41C525F846F
:10E160001D52F5B31E5260841F5261842052BEC9F5
:10E170002152628422526384235264842452D0C583
:10E180002552658426526684275267842852D9C551
:10E190002952FBC02A5268842B52F0B12C52698458
:10E1A0002D52D9D82E52CEB92F526A843052BDB5D5
:10E1B00031526B8432526C843352DAD834526D84CB
:10E1C00035526E843652C6D63752A2CB3852AFC8BB
:10E1D0003952B2C93A52CCB43B52CCBF3C526F8494
:10E1E0003D52F4B93E5270843F52DBD84052DCD8E5
:10E1F0004152E7B64252C1BC4352EACC4452718408
:10E2000045527284465273844752748448527584CE
:10E21000495276844A52F7CF4B5277844C52DDD81C
:10E220004D52B0C74E5278844F5279845052D0B973
:10E230005152A3BD52527A8453527B845452DECC45
:10E2400055527C845652CAC657527D8458527E8499
:10E25000595280845A5281845B5282845C52E0D845
:10E260005D5283845E52DED85F528484605285841E
:10E270006152DFD8625286846352878464528884F4
:10E280006552FEB0665289846752E7BE68528A843E
:10E290006952A3CA6A52F4BC6B528B846C528C8450
:10E2A0006D528D846E528E846F52B1B870528F84CD
:10E2B000715290847252EEB8735291847452928467
:10E2C00075529384765294847752958478529684CA
:10E2D000795297847A5298847B5299847C529A849A
:10E2E0007D52E2D87E529B847F52CBBD80529C846B
:10E2F0008152E4D88252E3D883529D8484529E8412
:10E3000085529F848652A0848752A1848852FCC57E
:10E310008952A2848A52A3848B52A4848C52A584ED
:10E320008D52A6848E52A7848F52A8849052E5D82D
:10E330009152A9849252AA849352E6D89452AB8403
:10E340009552AC849652AD849752AE849852AF8465
:10E350009952B0849A52B1849B52A6C19C52B28405
:10E360009D52B0C89E52ECB09F52A6B9A052D3BCE9
:10E37000A152F1CEA252BDDBA352D3C1A452B384A9
:10E38000A552B484A652B584A752B684A852AFB69B
:10E39000A952FAD6AA52ACC5AB52D9BDAC52BEDB1B
:10E3A000AD52BFDBAE52B784AF52B884B052B9841D
:10E3B000B152F8C0B252A2BEB352CDC0B452BA8468
:10E3C000B552BB84B652BC84B752BD84B852BE8429
:10E3D000B952BF84BA52C084BB52C184BC52C284F9
:10E3E000BD52C384BE52C0DBBF52C6CAC052C48431
:10E3F000C152C584C252C684C352AAB2C452C78491
:10E40000C552C884C652C984C752C2D3C852CA842E
:10E41000C952E3C3CA52CB84CB52ABD1CC52CC84C9
:10E42000CD52CD84CE52CE84CF52CF84D052C2DBD7
:10E43000D152D084D252D5C0D352D184D452D284B6
:10E44000D552D384D652C3DBD752D484D852B1BF6D
:10E45000D952D584DA52D684DB52D784DC52D884A0
:10E46000DD52D984DE52DA84DF52BCC4E052DB8450
:10E47000E152DC84E252DD84E352DE84E452DAC706
:10E48000E552DF84E652E084E752E184E852E28418
:10E49000E952E384EA52E484EB52E584EC52E684E8
:10E4A000ED52E784EE52E884EF52E984F052C4DB87
:10E4B000F152EA84F252EB84F352EC84F452ED848C
:10E4C000F552EE84F652EF84F752F084F852F1845C
:10E4D000F952E8D9FA52D7C9FB52F284FC52F384BC
:10E4E000FD52F484FE52B4B9FF52F0CE0053C8D4AA
:10E4F0000153F5840253F6840353F7840453F884DC
:10E500000553FCB00653D2B40753F9840853D9D04D
:10E510000953FA840A53FB840B53FC840C53FD8487
:10E520000D53E9D90E53FE840F53CBDE1053EBD9B4
:10E53000115340851253418513534285145343852B
:10E540001553B0D81653AFBB1753B1B11853448508
:10E550001953D7B31A53CED81B5345851C53468540
:10E560001D53D1D41E5347851F5348852053B3BD37
:10E570002153EFBF225349852353BBCF24534A85F0
:10E5800025534B852653D0D827534C8528534D858A
:10E5900029534E852A53CBB72B534F852C53508587
:10E5A0002D5351852E53D1D82F5352853053538537
:10E5B00031535485325355853353568534535785DB
:10E5C000355358853653598537535A8538535B85AB
:10E5D0003953A5C63A53F8C73B53BDD23C535C856B
:10E5E0003D535D853E53D2D83F53E4C440535E85CE
:10E5F0004153AECA42535F854353A7C74453608516
:10E600004553A6D8465361854753FDC94853E7CEC5
:10E610004953DCBB4A53EBB04B5362854C53638583
:10E620004D5364854E53AABB4F53ADD050536585AF
:10E630005153B0B15253E4D75353BFD754536685A7
:10E640005553A5B55653F4C25753CFC45853678595
:10E65000595368855A53A9B25B5369855C53B7B265
:10E660005D536A855E53E5B15F53B2DF6053BCD53D
:10E670006153A8BF6253ACC26353D5D86453B1C2CF
:10E6800065536B856653D4D86753D4CE68536C8575
:10E690006953E0DA6A536D856B53C0CE6C536E8557
:10E6A0006D536F856E53B4D86F53AEC37053A1D3FF
:10E6B0007153A3CE725370857353B4BC7453B4C8F2
:10E6C0007553D1C2765371857753EDBE7853B6D06A
:10E6D000795372857A53E1DA7B5373857C53748561
:10E6E0007D5375857E5376857F53E4C78053778548
:10E6F000815378858253A7B3835379858453F2B6C7
:10E700008553FCCC8653FAC087537A8588537B8522
:10E710008953F7C08A537C858B53B9D18C53E1D18F
:10E720008D53C7D88E537D858F537E8590538085BA
:10E730009153818592538285935383859453848525
:10E740009553DEB296538585975386859853E5C0D9
:10E75000995387859A53F1BA9B5388859C53898531
:10E760009D53C8D89E538A859F53ADD4A0538B85A3
:10E77000A1538C85A253E1CFA353C9D8A4538D854F
:10E78000A553CAD8A653C3CFA7538E85A853F8B3B1
:10E79000A953C7BEAA538F85AB539085AC539185BF
:10E7A000AD539285AE53CBD8AF539385B053948578
:10E7B000B1539585B2539685B3539785B4539885D5
:10E7C000B5539985B653CCDBB7539A85B8539B851F
:10E7D000B9539C85BA539D85BB53A5C8BC539E8530
:10E7E000BD539F85BE53A085BF53D8CFC053A185CD
:10E7F000C153FEC8C253CEB2C353A285C453A3852E
:10E80000C553A485C653A585C753A685C853D6D37B
:10E81000C953E6B2CA53B0BCCB53D1D3CC53ABCB64
:10E82000CD53B4B7CE53A785CF53A885D053A98570
:10E83000D153A2B7D253AA85D353AB85D453E5CADB
:10E84000D553AC85D653A1C8D753DCCAD853E4B14D
:10E85000D953F0D0DA53AD85DB53D1C5DC53AE8547
:10E86000DD53AF85DE53B085DF53C5DBE053FEB526
:10E87000E153B185E253B285E353DABFE453C5B93E
:10E88000E553E4BEE653EDC1E753B385E853B6DF85
:10E89000E953B5DFEA53BBD6EB53D0BDEC53D9D522
:10E8A000ED53C8B0EE53A3B6EF53C9BFF053A8CC95
:10E8B000F153B3DFF253B7CAF353D2D3F453B48551
:10E8C000F553CFD8F653B6D2F753C5BAF853BECBEB
:10E8D000F953BECCFA53B585FB53B7DFFC53F0B503
:10E8E000FD53B4DFFE53B685FF53B7850054B8859A
:10E8F0000154F5D30254B9850354D4B30454F7B882
:10E900000554BA850654BADF0754BB850854CFBAFC
:10E910000954AABC0A54F5B50B54BC850C54ACCDB3
:10E920000D54FBC30E54F3BA0F54F4C01054C2CDAF
:10E930001154F2CF1254B8DF1354C5CF1454BD850F
:10E940001554C0C21654B9DF1754F0C21854BE850E
:10E950001954BF851A54C0851B54FDBE1C54C18573
:10E960001D54DFC11E54CCCD1F54F7D22054CDB757
:10E970002154C1DF2254C2852354C4DF2454C385EB
:10E980002554C4852654F1B72754C9B02854D6B6A7
:10E990002954D4B72A54C5852B54ACBA2C54FDCC79
:10E9A0002D54D4BF2E54B1CB2F54F4C63054C68549
:10E9B0003154A8D63254C5DF3354C7853454E2CE1F
:10E9C0003554B3B33654C8853754C9853854FCCE52
:10E9D0003954B5B43A54CA853B54C7CE3C54F0BA06
:10E9E0003D54CB853E54E1CE3F54CC854054BDD1FF
:10E9F0004154CD854254CE854354C0DF4454CF8525
:10EA00004554D0854654F4B44754D1854854CAB3CC
:10EA10004954D2854A54E6B84B54BBDF4C54D38595
:10EA20004D54D4854E54D5854F54D6855054C5C4C5
:10EA30005154D7855254BCDF5354BDDF5454BEDF0C
:10EA40005554BBC55654BFDF5754C2DF5854B1D4D8
:10EA50005954C3DF5A54D8855B54BAC75C54D8CED6
:10EA60005D54D9855E54DA855F54DB856054DC855E
:10EA70006154DD856254D8C46354DE856454CADFB2
:10EA80006554DF856654CFDF6754E0856854DCD673
:10EA90006954E1856A54E2856B54E3856C54E485DE
:10EAA0006D54E5856E54E6856F54E7857054E885AE
:10EAB0007154C9DF7254DADF7354B6CE7454E985E9
:10EAC0007554C7BA7654CEDF7754C8DF7854DEC5A4
:10EAD0007954EA857A54EB857B54EBC97C54F4BABB
:10EAE0007D54FCC37E54EC857F54ED858054D7BEA5
:10EAF0008154EE858254C6DF8354EF858454CDDF84
:10EB00008554F0858654D8C58754F1858854F2859C
:10EB10008954F3858A54F4858B54A6D58C54CDBA88
:10EB20008D54F5858E54CCBE8F54BDD39054C0B84F
:10EB30009154F6859254E4D69354F7859454C7DFE4
:10EB40009554BEB99654A7BF9754F8859854F98543
:10EB50009954FCC19A54CBDF9B54CCDF9C54FA856A
:10EB60009D54D0DF9E54FB859F54FC85A054FD85A9
:10EB7000A154FE85A2544086A354DBDFA454E5DFF4
:10EB8000A5544186A654D7DFA754D6DFA854C9D7C9
:10EB9000A954E3DFAA54E4DFAB54EBE5AC54A7D2AD
:10EBA000AD54D2DFAE544286AF54A9BFB0544386B1
:10EBB000B154DBD4B2544486B354C8BFB454D4DF88
:10EBC000B5544586B6544686B7544786B854CCCF1C
:10EBD000B9544886BA544986BB54DDDFBC544A86D2
:10EBE000BD54CAD1BE544B86BF54DEDFC054A7B05B
:10EBF000C154B7C6C254D3DFC3544C86C454E5BA1B
:10EC0000C5544D86C654DFB6C754DBCDC854FEB9D3
:10EC1000C954D5D4CA544E86CB544F86CC54DFDF6A
:10EC2000CD54ECCFCE54A5B0CF54E7DFD054D1DFD4
:10EC3000D154C6D1D254D5DFD354D8DFD454D9DF80
:10EC4000D554DCDFD6545086D754A9BBD85451864E
:10EC5000D954E0DFDA54E1DFDB545286DC54E2DFE2
:10EC6000DD54E6DFDE54E8DFDF54B4D3E0545386EE
:10EC7000E1545486E2545586E3545686E45457864C
:10EC8000E554E7B8E654B6C5E754EADFE854DAC914
:10EC9000E954A8C1EA54C4C4EB545886EC545986CC
:10ECA000ED54DEBFEE54F8CFEF545A86F0545B8635
:10ECB000F1545C86F254DCD5F354EEDFF4545D86F7
:10ECC000F5545E86F6545F86F7546086F854618684
:10ECD000F9546286FA54B8B2FB546386FC54DFBA26
:10ECE000FD54ECDFFE546486FF54C1DB005565869D
:10ECF0000155E4D10255668603556786045568863A
:10ED0000055569860655F4CB0755BDB408556A8686
:10ED10000955A6B00A556B860B556C860C556D8649
:10ED20000D556E860E556F860F55F1DF1055C6CC0A
:10ED30001155F2DF12557086135571861455EDDFAB
:10ED4000155572861655738617557486185575862F
:10ED5000195576861A5577861B55E9DF1C55788636
:10ED60001D5579861E557A861F557B862055EBDF0B
:10ED700021557C862255EFDF2355F0DF2455BDBB9E
:10ED800025557D8626557E862755F3DF28558086B6
:10ED9000295581862A55F4DF2B5582862C55A3BB35
:10EDA0002D5583862E55DBCA2F55A8CE3055A7E0AA
:10EDB0003155AAB3325584863355A6E0345585863D
:10EDC00035558686365587863755A1E0385588866D
:10EDD000395589863A558A863B558B863C55FEDFE8
:10EDE0003D558C863E55D9CD3F55FCDF40558D862F
:10EDF0004155FADF42558E864355D0BF4455C4D79E
:10EE000045558F864655CCC94755908648559186BD
:10EE10004955F8DF4A55A1B04B5592864C5593861B
:10EE20004D5594864E5595864F5596865055FDDF27
:10EE300051559786525598865355998654559A86BA
:10EE40005555FBDF5655A2E057559B8658559C8675
:10EE500059559D865A559E865B559F865C55A8E000
:10EE60005D55A0865E55A1865F55A2866055A38636
:10EE70006155C8B76255A4866355A5866455A1C679
:10EE80006555B6C96655B2C06755F5DF6855A686A3
:10EE90006955A7866A55BEC56B55A8866C55C4D8FA
:10EEA0006D55F9DF6E55F6C46F55A9867055AA8663
:10EEB0007155AB867255AC867355AD867455AE866A
:10EEC0007555A3E07655A4E07755A5E07855A5D013
:10EED0007955AF867A55B0867B55B4E07C55E4CC45
:10EEE0007D55B1867E55B1E07F55B2868055A6BF6F
:10EEF0008155AFE08255B9CE8355ABE08455C6C984
:10EF00008555B3868655B4868755AEC08855AEE024
:10EF10008955EDBA8A55B0BA8B55A9E08C55B5869E
:10EF20008D55B6868E55B7868F55F6DF9055B886C7
:10EF30009155B3E09255B9869355BA869455B8E089
:10EF40009555BB869655BC869755BD869855ADB4EC
:10EF50009955B9E09A55BE869B55BF869C55B2CF50
:10EF60009D55C8BA9E55C0869F55B0E0A055C18634
:10EF7000A155C286A255C386A355C486A455C5868D
:10EF8000A555C686A655C786A755FAD0A855C886E2
:10EF9000A955C986AA55CA86AB55CB86AC55CC8631
:10EFA000AD55CD86AE55CE86AF55CF86B055D08601
:10EFB000B155ACE0B255D186B355FBD4B455D28629
:10EFC000B555F7DFB655D386B755E7C5B855D486DE
:10EFD000B955ADE0BA55D586BB55F7D3BC55D686E5
:10EFE000BD55B6E0BE55B7E0BF55D786C055D886EB
:10EFF000C155D986C255DA86C355DB86C455C4E0EF
:10F00000C555E1D0C655DC86C755DD86C855DE86B8
:10F01000C955BCE0CA55DF86CB55E086CC55C9E062
:10F02000CD55CAE0CE55E186CF55E286D055E38670
:10F03000D155BEE0D255AAE0D355A4C9D455C1E0FC
:10F04000D555E486D655B2E0D755E586D855E6863F
:10F05000D955E786DA55E886DB55E986DC55C8CA16
:10F06000DD55C3E0DE55EA86DF55B5E0E055EB86B9
:10F07000E155CBCEE255EC86E355C3CBE455CDE06C
:10F08000E555C6E0E655C2E0E755ED86E855CBE02C
:10F09000E955EE86EA55BAE0EB55BFE0EC55C0E025
:10F0A000ED55EF86EE55F086EF55C5E0F055F1864B
:10F0B000F155F286F255C7E0F355C8E0F455F386F2
:10F0C000F555CCE0F655F486F755BBE0F855F586D6
:10F0D000F955F686FA55F786FB55F886FC55F986FC
:10F0E000FD55D4CBFE55D5E0FF55FA860056D6E047
:10F0F0000156D2E00256FB860356FC860456FD8676
:10F100000556FE8606564087075641870856D0E0CA
:10F110000956CEBC0A5642870B5643870C56D1E09F
:10F120000D5644870E56C2B80F56C5D8105645879F
:10F1300011564687125647871356488714564987F3
:10F1400015564A8716564B8717564C871856EAD0DD
:10F1500019564D871A564E871B56EFC21C564F87BD
:10F160001D5650871E56CFE01F56BDE020565187D2
:10F1700021565287225653872356D4E02456D3E093
:10F1800025565487265655872756D7E02856568742
:10F19000295657872A5658872B5659872C56DCE014
:10F1A0002D56D8E02E565A872F565B8730565C87EF
:10F1B0003156F6D63256B0B333565D873456ECD757
:10F1C00035565E873656BBCB37565F8738566087D5
:10F1D0003956DAE03A5661873B56FBCE3C56628799
:10F1E0003D5663873E5664873F56D9BA4056658779
:10F1F00041566687425667874356688744566987F3
:10F2000045566A8746566B8747566C8748566D87C2
:10F2100049566E874A566F874B5670874C56E1E0C9
:10F220004D56DDE04E56ADD24F567187505672871F
:10F230005156738752567487535675875456E2E079
:10F2400055567687565677875756DBE05856D9E09D
:10F250005956DFE05A5678875B5679875C56E0E06E
:10F260005D567A875E567B875F567C8760567D87C2
:10F2700061567E876256DEE0635680876456E4E01E
:10F280006556818766568287675683876856F7C6B4
:10F290006956ACD86A56EBD46B56E6E06C56C9CAD0
:10F2A0006D5684876E5685876F568687705687871A
:10F2B0007156E5E0725688877356898774568A8737
:10F2C00075568B877656C1B877568C8778568D875A
:10F2D00079568E877A568F877B56E7E07C56E8E032
:10F2E0007D5690877E5691877F569287805693876A
:10F2F000815694878256958783569687845697873A
:10F300008556E9E08656E3E08756988788569987C0
:10F3100089569A878A569B878B569C878C569D87E1
:10F320008D569E878E56BFBA8F56E7CC90569F87D4
:10F330009156A0879256A1879356EAE09456A287E9
:10F340009556A3879656A4879756A5879856A6875D
:10F350009956A7879A56A8879B56A9879C56AA872D
:10F360009D56AB879E56AC879F56AD87A056AE87FD
:10F37000A156AF87A256B087A356F9CFA456B1873E
:10F38000A556B287A656B387A756B487A856B587A1
:10F39000A956B687AA56B787AB56B887AC56B98771
:10F3A000AD56BA87AE56BB87AF56EBE0B056BC87BA
:10F3B000B156BD87B256BE87B356BF87B456C08715
:10F3C000B556C187B656C287B756C2C8B856C387A6
:10F3D000B956C487BA56C587BB56C687BC56C0BD8A
:10F3E000BD56C787BE56C887BF56C987C056CA878D
:10F3F000C156CB87C256CC87C356CD87C456CE875D
:10F40000C556CF87C656D087C756D187C856D2872C
:10F41000C956D387CA56D2C4CB56D487CC56D587C3
:10F42000CD56D687CE56D787CF56D887D056D987D0
:10F43000D156DA87D256DB87D356DC87D456ECE038
:10F44000D556DD87D656DE87D756EDE0D856DF870E
:10F45000D956E087DA56F4C7DB56C4CBDC56E187D1
:10F46000DD56EEE0DE56D8BBDF56B6D8E056F2D217
:10F47000E156EFE0E256C5CDE356E287E456DAB650
:10F48000E556E387E656E487E756E587E856E687DC
:10F49000E956E787EA56E887EB56F1E0EC56E9874C
:10F4A000ED56B0D4EE56EA87EF56EB87F056A7C07C
:10F4B000F156D1B4F256EC87F356ED87F456A7CE49
:10F4C000F556F0E0F656EE87F756EF87F856F087D8
:10F4D000F956F2E0FA56CCB9FB56F187FC56F287A2
:10F4E000FD56FAB9FE56BCCDFF56F3E00057F38740
:10F4F0000157F4870257F5870357D4C60457F4E041
:10F500000557F6870657B2D40757F7870857A6C896
:10F510000957F6E00A57F5E00B57F8870C57F987BB
:10F520000D57FA870E57FB870F57FC871057FD873B
:10F530001157FE8712574088135741881457428845
:10F5400015574388165744881757458818574688D3
:10F55000195747881A5748881B5749881C57F7E09E
:10F560001D574A881E574B881F57C1CD20574C88BE
:10F5700021574D8822574E882357A5CA24574F88B4
:10F580002557508826575188275752882857DAD44C
:10F590002957D7DB2A57D9DB2B5753882C57D8DB71
:10F5A0002D57E7B92E57DCDB2F57DDDB3057D8B5A9
:10F5B00031575488325755883357DADB34575688D9
:10F5C00035575788365758883757598838575A8883
:10F5D0003957DBDB3A57A1B33B57DFDB3C575B883E
:10F5E0003D575C883E57F8BB3F575D884057B7D6BC
:10F5F00041575E884257E0DB43575F884457608835
:10F6000045576188465762884757F9BE485763880F
:10F61000495764884A57BBB74B5765884C57D0DB6E
:10F620004D57AECC4E57B2BF4F57B5BB5057F8D71A
:10F630005157D3BF525766885357678854576888C5
:10F640005557698856576A885757E9BF58576B8886
:10F6500059576C885A57E1BC5B57B3CC5C57DEDB1B
:10F660005D57D3B05E57EBCE5F57D8B76057B9D769
:10F670006157C2C662576D8863576E886457A4C0CD
:10F6800065576F886657B9CC675770886857E7DB4E
:10F690006957E1DB6A57BAC66B57E3DB6C57718871
:10F6A0006D57E8DB6E5772886F57F7C570577388D0
:10F6B00071577488725775887357EADB7457768868
:10F6C000755777887657E9DB7757C0BF78577888C2
:10F6D000795779887A577A887B57E6DB7C57E5DB60
:10F6E0007D577B887E577C887F577D8880577E88B2
:10F6F000815780888257B9B48357ACC08457A2C25F
:10F700008557E2DB8657E4DB8757818888578288F4
:10F71000895783888A5784888B57CDD08C57EDDBE7
:10F720008D5785888E5786888F5787889057888809
:10F73000915789889257DDC09357F2DB94578A8896
:10F7400095578B8896578C8897578D8898578E88B1
:10F7500099578F889A5790889B57E2B69C57918803
:10F760009D5792889E5793889F579488A057F3DBA4
:10F77000A157D2DBA257B8B9A357ABD4A457ECDB3F
:10F78000A5579588A657D1BFA757F0DBA8579688ED
:10F79000A957D1DBAA579788AB57E6B5AC579888DD
:10F7A000AD57EBDBAE57E5BFAF579988B0579A8896
:10F7B000B1579B88B257EEDBB3579C88B457F1DB47
:10F7C000B5579D88B6579E88B7579F88B857F9DBBD
:10F7D000B957A088BA57A188BB57A288BC57A3883D
:10F7E000BD57A488BE57A588BF57A688C057A7880D
:10F7F000C157A888C257A1B9C357A3B0C457A98895
:10F80000C557AA88C657AB88C757AC88C857AD88B4
:10F81000C957AE88CA57AF88CB57F1C2CC57B0880A
:10F82000CD57B188CE57C7B3CF57EFDBD057B2888B
:10F83000D157B388D257F8DBD357B488D457D2C640
:10F84000D557F4DBD657B588D757B688D857F5DBE8
:10F85000D957F7DBDA57F6DBDB57B788DC57B888C0
:10F86000DD57FEDBDE57B988DF57F2D3E057BAB277
:10F87000E157BA88E257BB88E357BC88E457FDDB01
:10F88000E557BD88E657BE88E757BF88E857C08868
:10F89000E957C188EA57C288EB57C388EC57C48838
:10F8A000ED57A4DCEE57C588EF57FBDBF057C68851
:10F8B000F157C788F257C888F357C988F457FADB5D
:10F8C000F557CA88F657CB88F757CC88F857FCDB32
:10F8D000F957E0C5FA57F9BBFB57CD88FC57CE88DE
:10F8E000FD57A3DCFE57CF88FF57D0880058A5DC12
:10F8F0000158D1880258C3CC0358D2880458D38801
:10F900000558D4880658D1B60758C0DD0858D588A0
:10F910000958D6880A58D7880B58A1DC0C58D888C3
:10F920000D58A2DC0E58D9880F58DA881058DB8899
:10F930001158B5C71258DC881358DD881458DE8872
:10F940001558E9B61658DF881758E0881858E18826
:10F950001958A7DC1A58E2881B58E3881C58E48819
:10F960001D58E5881E58A6DC1F58E6882058A9DCDB
:10F970002158A4B12258E7882358E8882458CCB5E8
:10F980002558E9882658EA882758EB882858EC88B3
:10F990002958ED882A58B0BF2B58EE882C58EF888C
:10F9A0002D58F0882E58F1882F58F2883058DFD122
:10F9B0003158F3883258F4883358F5883458F6882B
:10F9C0003558C2B63658F7883758F8883858F98805
:10F9D0003958FA883A58FB883B58FC883C58FD88CF
:10F9E0003D58FE883E5840893F58418940584289D9
:10F9F0004158438942584489435845894458A8DCB2
:10FA0000455846894658478947584889485849893A
:10FA100049584A894A584B894B584C894C58FACB1B
:10FA20004D58F3EB4E584D894F584E8950584F89D9
:10FA30005158DCCB52585089535851895458FECBF9
:10FA40005558528956585389575854895858C1CCDB
:10FA5000595855895A5856895B5857895C5858895E
:10FA60005D5859895E58FBC85F585A8960585B8950
:10FA700061585C8962585D8963585E8964585F8902
:10FA80006558AADC66586089675861896858628938
:10FA9000695863896A5864896B58EECC6C58ABDC42
:10FAA0006D5865896E5866896F586789705868897E
:10FAB0007158698972586A8973586B8974586C894E
:10FAC00075586D8976586E8977586F89785870891E
:10FAD000795871897A5872897B5873897C587489EE
:10FAE0007D5875897E58D3DB7F5876898058AFDC86
:10FAF0008158ACDC825877898358B3BE84587889A2
:10FB00008558FBCA8658798987587A8988587B89AD
:10FB10008958ADDC8A587C898B587D898C587E89C0
:10FB20008D5880898E5881898F5882899058838911
:10FB3000915884899258CAC99358B9C494588589F0
:10FB400095588689965887899758888998588989B9
:10FB50009958BDC79A58AEDC9B588A899C588B89A6
:10FB60009D588C899E58F6D49F58E6D0A0588D8910
:10FB7000A1588E89A2588F89A3589089A458918939
:10FB8000A5589289A6589389A7589489A858ABC4B8
:10FB9000A958D5B6AA589589AB589689AC58978973
:10FBA000AD589889AE589989AF589A89B0589B89B1
:10FBB000B1589C89B2589D89B3589E89B4589F8981
:10FBC000B558A089B658A189B758A289B858A38951
:10FBD000B958A489BA58A589BB58A689BC58D4DBA2
:10FBE000BD58A789BE58A889BF58A989C058AA89F5
:10FBF000C158DAB1C258AB89C358AC89C458AD8971
:10FC0000C558D5DBC658AE89C758AF89C858B08922
:10FC1000C958B189CA58B289CB58B389CC58B4896C
:10FC2000CD58B589CE58B689CF58B789D058B8893C
:10FC3000D158D6DBD258B989D358BA89D458BB89A0
:10FC4000D558BEBAD658BC89D758BD89D858BE89B0
:10FC5000D958BF89DA58C089DB58C189DC58C289B4
:10FC6000DD58C389DE58C489DF58C589E058C68984
:10FC7000E158C789E258C889E358C989E458C0C81F
:10FC8000E558CA89E658CB89E758CC89E858CD8928
:10FC9000E958CE89EA58CF89EB58BFCAEC58C9C891
:10FCA000ED58D089EE58B3D7EF58D189F058F9C93B
:10FCB000F158D289F258D389F358C7BFF458D48980
:10FCC000F558D589F658F8BAF758D689F858D7892B
:10FCD000F958BCD2FA58D889FB58D989FC58DA8926
:10FCE000FD58DB89FE58DC89FF58DD890059DE8923
:10FCF0000159DF890259BAE20359E0890459A6B4CF
:10FD00000559E1890659E2890759B8B10859E389CB
:10FD10000959E4890A59E5890B59E6890C59E7899B
:10FD20000D59B4B80E59E8890F59C4CF1059E98953
:10FD30001159EA891259EB891359EC891459E7D9F9
:10FD40001559A6CF1659E2CD1759ED891859EE89E4
:10FD50001959EDD91A59E0B61B59EF891C59B9D276
:10FD60001D59F0891E59F1891F59BBB92059F289D3
:10FD70002159F3892259F4892359F5892459B9E283
:10FD80002559B7E22659F6892759F3B42859F78936
:10FD90002959ECCC2A59ABCC2B59F2B72C59F889FC
:10FDA0002D59B2D82E59EBD12F59BBBA3059F989F8
:10FDB0003159A7CA3259FA893359FB893459B7CD19
:10FDC0003559FC893659FD893759C4D23859E4BFB1
:10FDD0003959D0BC3A59E1B63B59FE893C59C5DE88
:10FDE0003D59408A3E59418A3F59428A4059438A87
:10FDF0004159C6DE4259BCDB4359448A4459D9D1E2
:10FE00004559458A4659468A4759E6C64859CEC497
:10FE10004959EEB74A59478A4B59DCB74C59488A79
:10FE20004D59498A4E59FCBF4F59E0D750594A8A1B
:10FE30005159F5C652594B8A53594C8A5459BCB141
:10FE40005559C8DE5659B1BD5759D7CC5859CADE95
:10FE500059594D8A5A59C9DE5B594E8A5C594F8AA5
:10FE60005D59508A5E59518A5F59528A6059ECB582
:10FE70006159538A6259DDC96359548A6459558A54
:10FE80006559C2B06659568A6759578A6859588A5F
:10FE90006959598A6A595A8A6B595B8A6C595C8AC2
:10FEA0006D595D8A6E595E8A6F595F8A7059608A92
:10FEB0007159618A7259628A7359AEC57459ABC55A
:10FEC0007559638A7659CCC47759648A7859E9BCE4
:10FED0007959FDCB7A59658A7B59668A7C59678A3C
:10FEE0007D59C3BA7E59688A7F59698A80596A8A5E
:10FEF0008159F9E58259E7C88359FAE58459FDCD5E
:10FF000085596B8A8659B1D78759BEB88859E8C2D6
:10FF100089596C8A8A59D1C88B596D8A8C596E8AD5
:10FF20008D59FBE58E596F8A8F59708A9059718A65
:10FF30009159728A9259CAB69359CBBC9459738A13
:10FF40009559748A9659FDD19759A1E69859758AA1
:10FF50009959EEC39A59768A9B59778A9C59788A1F
:10FF60009D59798A9E59A4E69F597A8AA0597B8A1D
:10FF7000A1597C8AA2597D8AA359FEE5A459A5E618
:10FF8000A559D7CDA6597E8AA759808AA859C1B745
:10FF9000A959FCE5AA59FDE5AB59A3E6AC59818AFC
:10FFA000AD59828AAE59DDC4AF59A8E6B059838AEB
:10FFB000B159848AB259A7E6B359858AB459868A59
:10FFC000B559878AB659888AB759898AB8598A8AA9
:10FFD000B959C3C3BA598B8ABB59DEC6BC598C8A7E
:10FFE000BD598D8ABE59AAE6BF598E8AC0598F8ADB
:10FFF000C159908AC259918AC359928AC459938A25
:020000040801F1
:10000000C559948AC659B7C4C759958AC859968A9A
:10001000C959978ACA59A2E6CB59BCCACC59988A01
:10002000CD59998ACE599A8ACF599B8AD059E3BD26
:10003000D159C3B9D259A6E6D359D5D0D459AFCEE8
:10004000D5599C8AD6599D8AD759A9E6D859B0E680
:10005000D9599E8ADA59A6D2DB599F8ADC59AABDA2
:10006000DD59ADE6DE59A08ADF59A18AE059A28A9E
:10007000E159A38AE259A48AE359AFE6E459A58A73
:10008000E559D1C0E659A68AE759A78AE859CCD2E2
:10009000E959A88AEA59A98AEB59AA8AEC59A7BC56
:1000A000ED59AB8AEE59AC8AEF59AD8AF059AE8A58
:1000B000F159AF8AF259B08AF359B18AF459B28A28
:1000C000F559B38AF659B48AF759B58AF859B68AF8
:1000D000F959B1E6FA59B78AFB59F6D2FC59B88AF0
:1000E000FD59B98AFE59BA8AFF59CBD7005ABB8A43
:1000F000015AFECD025ABC8A035ADECD045AA6C26A
:10010000055AABE6065AACE6075ABFBD085AAEE63A
:10011000095AB3E60A5ABD8A0B5ABE8A0C5AB2E68D
:100120000D5ABF8A0E5AC08A0F5AC18A105AC28A03
:10013000115AB6E6125AC38A135AB8E6145AC48A38
:10014000155AC58A165AC68A175AC78A185AEFC44A
:10015000195AC88A1A5AC98A1B5ACA8A1C5AC8C448
:100160001D5ACB8A1E5ACC8A1F5AEABE205AEFC9A2
:10017000215ACD8A225ACE8A235AB7E6245ACF8AE8
:10018000255AF0B6265AD08A275AD18A285AD28AB6
:10019000295AE4C32A5AD38A2B5AD48A2C5AD58A8C
:1001A0002D5AD68A2E5AD78A2F5AD88A305AD98AA7
:1001B000315AE9D3325AB4E6335ADA8A345AB5E6B8
:1001C000355ADB8A365AA2C8375ADC8A385ADD8A51
:1001D000395ADE8A3A5ADF8A3B5AE08A3C5ABDE6EF
:1001E0003D5AE18A3E5AE28A3F5AE38A405AB9E6CA
:1001F000415AE48A425AE58A435AE68A445AE78ACF
:10020000455AE88A465AC5C6475AE98A485AEA8A88
:10021000495AF1CD4A5ABBE64B5AEB8A4C5AEC8A02
:100220004D5AED8A4E5AEE8A4F5AEF8A505AF08A4A
:10023000515AF18A525AF28A535AF38A545AF48A1A
:10024000555ABCE6565AF58A575AF68A585AF78ACA
:10025000595AF88A5A5AE9BB5B5AF98A5C5AFA8A9F
:100260005D5AFB8A5E5AFC8A5F5AFD8A605AFE8A92
:10027000615A408B625ABEE6635A418B645A428B84
:10028000655A438B665A448B675ABAE6685A458B5F
:10029000695A468B6A5AB7C06B5A478B6C5A488B5F
:1002A0006D5A498B6E5A4A8B6F5A4B8B705A4C8BD6
:1002B000715A4D8B725A4E8B735A4F8B745AA4D30A
:1002C000755ABFE6765AF4C9775AC3E6785A508B06
:1002D000795A518B7A5AC4E67B5A528B7C5A538B8B
:1002E0007D5A548B7E5A558B7F5AF6D0805A568B46
:1002F000815A578B825A588B835A598B845A5A8BFE
:10030000855A5B8B865A5C8B875A5D8B885A5E8BCD
:10031000895A5F8B8A5A608B8B5A618B8C5A628B9D
:100320008D5A638B8E5A648B8F5A658B905A668B6D
:10033000915A678B925ABDC3935A688B945A698BB2
:10034000955A6A8B965A6B8B975A6C8B985A6D8B11
:10035000995A6E8B9A5AC4C39B5AC2E69C5A6F8BA9
:100360009D5A708B9E5A718B9F5A728BA05A738BB9
:10037000A15A748BA25A758BA35A768BA45A778B89
:10038000A55A788BA65A798BA75A7A8BA85A7B8B59
:10039000A95A7C8BAA5AC1E6AB5A7D8BAC5A7E8B8C
:1003A000AD5A808BAE5A818BAF5A828BB05A838BF9
:1003B000B15A848BB25AC7E6B35AB1CFB45A858BBF
:1003C000B55AF4EBB65A868BB75A878BB85ACAE639
:1003D000B95A888BBA5A898BBB5A8A8BBC5A8B8B79
:1003E000BD5A8C8BBE5AC5E6BF5A8D8BC05A8E8BB8
:1003F000C15ADEBCC25AA9C9C35A8F8BC45A908B4A
:10040000C55A918BC65A928BC75A938BC85A948BF4
:10041000C95AB5BCCA5A958BCB5A968BCC5AD3CFF6
:10042000CD5A978BCE5A988BCF5A998BD05A9A8B9C
:10043000D15A9B8BD25AC8E6D35A9C8BD45AC9E660
:10044000D55A9D8BD65ACEE6D75A9E8BD85AD0E62F
:10045000D95A9F8BDA5AA08BDB5AA18BDC5AD1E692
:10046000DD5AA28BDE5AA38BDF5AA48BE05ACBE66F
:10047000E15AD5B5E25AA58BE35ACCE6E45AA68BED
:10048000E55AA78BE65ACFE6E75AA88BE85AA98B1C
:10049000E95ADBC4EA5AAA8BEB5AC6E6EC5AAB8B94
:1004A000ED5AAC8BEE5AAD8BEF5AAE8BF05AAF8B48
:1004B000F15ACDE6F25AB08BF35AB18BF45AB28BA3
:1004C000F55AB38BF65AB48BF75AB58BF85AB68BEC
:1004D000F95AB78BFA5AB88BFB5AB98BFC5ABA8BBC
:1004E000FD5ABB8BFE5ABC8BFF5ABD8B005BBE8B8B
:1004F000015BBF8B025BC08B035BC18B045BC28B58
:10050000055BC38B065BC48B075BC58B085BC68B27
:10051000095BD2E60A5BC78B0B5BC88B0C5BC98B94
:100520000D5BCA8B0E5BCB8B0F5BCC8B105BCD8BCB
:10053000115BCE8B125BCF8B135BD08B145BD18B9B
:10054000155BD28B165BD4E6175BD3E6185BD38BB7
:10055000195BD48B1A5BD58B1B5BD68B1C5BD78B43
:100560001D5BD88B1E5BD98B1F5BDA8B205BDB8B13
:10057000215BDC8B225BDD8B235BDE8B245BDF8BE3
:10058000255BE08B265BE18B275BE28B285BE38BB3
:10059000295BE48B2A5BE58B2B5BE68B2C5BE78B83
:1005A0002D5BE88B2E5BE98B2F5BEA8B305BEB8B53
:1005B000315BEC8B325BD5E6335BED8B345BF8D98A
:1005C000355BEE8B365BEF8B375BD6E6385BF08BBB
:1005D000395BF18B3A5BF28B3B5BF38B3C5BF48BCF
:1005E0003D5BF58B3E5BF68B3F5BF78B405BD7E665
:1005F000415BF88B425BF98B435BFA8B445BFB8B73
:10060000455BFC8B465BFD8B475BFE8B485B408C00
:10061000495B418C4A5B428C4B5B438C4C5B448C0A
:100620004D5B458C4E5B468C4F5B478C505BD3D704
:10063000515BDDE6525B488C535BDEE6545BD7BF13
:10064000555BD0D4565B498C575BD6D7585BE6B424
:10065000595BEFCB5A5BDAE65B5BC3D85C5BCED70A
:100660005D5BA2D05E5B4A8C5F5BCFC3605B4B8CF3
:10067000615B4C8C625BDFE6635BBEBC645BC2B9F2
:10068000655BDBE6665BA7D1675B4D8C685B4E8C78
:10069000695BA2BA6A5BCFC26B5B4F8C6C5BABD8F9
:1006A0006D5B508C6E5B518C6F5B528C705BEBCAD8
:1006B000715BEEE5725B538C735BDCE6745B548CB0
:1006C000755BF5B7765B558C775B568C785B578C92
:1006D000795B588C7A5BE6C87B5B598C7C5B5A8C67
:1006E0007D5BF5C47E5B5B8C7F5B5C8C805BB2E585
:1006F000815BFEC4825B5D8C835BFCCB845BB3E57A
:10070000855BACD5865B5E8C875BEED3885BD8CA95
:10071000895BB2B08A5B5F8C8B5BCECB8C5BEACDA6
:100720008D5B608C8E5B618C8F5BEABA905B628CB8
:10073000915B638C925B648C935BB5E5945B658C99
:10074000955BB4E5965B668C975BDAD7985BD9B915
:10075000995BE6D69A5BA8B69B5BF0CD9C5BCBD24F
:100760009D5BA6B19E5BB5CA9F5B678CA05BE8B33F
:10077000A15BF3C9A25BCDBFA35BFBD0A45BD2CAD4
:10078000A55BB6E5A65BC2BBA75B688CA85B698C62
:10079000A95B6A8CAA5BDCCFAB5BACB9AC5B6B8C46
:1007A000AD5B6C8CAE5B6D8CAF5B6E8CB05BD7D48D
:1007B000B15B6F8CB25B708CB35BA6BAB45BE7D1F4
:1007C000B55BFCCFB65BD2BCB75B718CB85BB7E5F1
:1007D000B95BDDC8BA5B728CBB5B738CBC5B748C21
:1007E000BD5BEDBFBE5BF6B1BF5BDECBC05B758CA6
:1007F000C15B768CC25BC5BCC35B778CC45BC4BC7D
:10080000C55BFAD2C65BDCC3C75BDCBFC85B788C58
:10081000C95B798CCA5B7A8CCB5B7B8CCC5BBBB8BD
:10082000CD5B7C8CCE5B7D8CCF5B7E8CD05BC2C382
:10083000D15B808CD25BAEBAD35BA2D4D45B818C0B
:10084000D55B828CD65B838CD75B848CD85B858CA4
:10085000D95B868CDA5B878CDB5B888CDC5B898C74
:10086000DD5BDEC7DE5BAFC4DF5BECB2E05B8A8CD6
:10087000E15BD1B9E25B8B8CE35B8C8CE45BBBE529
:10088000E55BC8C1E65B8D8CE75B8E8CE85BAFD522
:10089000E95B8F8CEA5B908CEB5B918CEC5B928CD0
:1008A000ED5B938CEE5BBCE5EF5B948CF05BBEE59F
:1008B000F15B958CF25B968CF35B978CF45B988C78
:1008C000F55B998CF65B9A8CF75B9B8CF85BE7B4D5
:1008D000F95BD4B6FA5BC2CBFB5BB0D1FC5BBCB5B9
:1008E000FD5B9C8CFE5B9D8CFF5BD9CA005C9E8C83
:1008F000015CE2B7025C9F8C035CA08C045CE4C9E1
:10090000055CA18C065CABBD075CA28C085CA38C6B
:10091000095CBECE0A5CF0D70B5CA48C0C5CA58C89
:100920000D5CA68C0E5CA78C0F5CA1D0105CA88C13
:10093000115CD9C9125CA98C135CAA8C145CFBB63F
:10094000155CD8E6165CE2BC175CAB8C185CBEB3D9
:10095000195CAC8C1A5CD0C91B5CAD8C1C5CD9E6F4
:100960001D5CA2B31E5CAE8C1F5CAF8C205CB08C97
:10097000215CB18C225CCCDE235CB28C245CC8D3BD
:10098000255CCDDE265CB38C275CA2D2285CB48CBF
:10099000295CB58C2A5CB68C2B5CB78C2C5CCEDECB
:1009A0002D5CB88C2E5CB98C2F5CBA8C305CBB8C07
:1009B000315CCDBE325CBC8C335CBD8C345CCFDE34
:1009C000355CBE8C365CBF8C375CC08C385CACCA86
:1009D000395CFCD23A5CDFB33B5CEAE53C5CE1C4E9
:1009E0003D5CA1BE3E5CB2CE3F5CF2C4405CD6BE74
:1009F000415CA8C6425CE3B2435CC18C445CC28CDF
:100A0000455CD3BE465CC38C475CC48C485CFCC769
:100A1000495CEBCC4A5CECBD4B5CDDCE4C5CC58CE0
:100A20004D5CC68C4E5CBACA4F5CC1C6505CECE5EE
:100A3000515CBCD0525CC78C535CC88C545CC98C74
:100A4000555CB9D5565CCA8C575CCB8C585CCC8C49
:100A5000595CEDE55A5CCD8C5B5CCE8C5C5CCF8CDC
:100A60005D5CD08C5E5CF4CA5F5CD18C605CC0CD98
:100A7000615CC5C2625CD28C635CEFE5645CD38C64
:100A8000655CC4C2665CF0E5675CD48C685CD58C40
:100A9000695CD68C6A5CD78C6B5CD88C6C5CD98CAE
:100AA0006D5CDA8C6E5CF8E56F5CCDCD705CDB8CD8
:100AB000715CBDC9725CDC8C735CDD8C745CDE8C3B
:100AC000755CDF8C765CE08C775CE18C785CE28C2A
:100AD000795CD9D27A5CA8E17B5CE38C7C5CE48CA9
:100AE0007D5CE58C7E5CE68C7F5CECD3805CE78C87
:100AF000815CEACB825CF1C6835CE88C845CE98C27
:100B0000855CEA8C865CEB8C875CEC8C885CACE169
:100B1000895CED8C8A5CEE8C8B5CEF8C8C5CA7E145
:100B20008D5CA9E18E5CF08C8F5CF18C905CAAE10D
:100B3000915CAFE1925CF28C935CF38C945CEDB2CF
:100B4000955CF48C965CABE1975CDAB8985CADE1AF
:100B5000995CAEE19A5CB0E19B5CBAB59C5CB1E19A
:100B60009D5CF58C9E5CF68C9F5CF78CA05CF88C91
:100B7000A15CF98CA25CB3E1A35CB8E1A45CFA8C43
:100B8000A55CFB8CA65CFC8CA75CFD8CA85CFE8C39
:100B9000A95CD2D1AA5C408DAB5CB6E1AC5CB5E19E
:100BA000AD5CEBC1AE5C418DAF5C428DB05C438D02
:100BB000B15CB7E1B25C448DB35CC0D4B45C458D2C
:100BC000B55CB2E1B65C468DB75CBAE1B85CB6B074
:100BD000B95C478DBA5C488DBB5C498DBC5C4A8D65
:100BE000BD5CB4E1BE5C4B8DBF5CF9BFC05C4C8D9D
:100BF000C15CB9E1C25C4D8DC35C4E8DC45CBBE190
:100C0000C55C4F8DC65C508DC75C518DC85C528DE4
:100C1000C95C538DCA5C548DCB5CBEE1CC5C558DF8
:100C2000CD5C568DCE5C578DCF5C588DD05C598D88
:100C3000D15C5A8DD25CBCE1D35C5B8DD45C5C8DA5
:100C4000D55C5D8DD65C5E8DD75C5F8DD85C608D2C
:100C5000D95CC5D6DA5C618DDB5C628DDC5C638D52
:100C6000DD5C648DDE5C658DDF5C668DE05C678DD0
:100C7000E15CBFCFE25C688DE35C698DE45CBDE163
:100C8000E55CBFE1E65CCDC2E75C6A8DE85CEBB693
:100C9000E95C6B8DEA5CF8D3EB5C6C8DEC5C6D8D84
:100CA000ED5CCDC7EE5C6E8DEF5C6F8DF05CE5B7F3
:100CB000F15C708DF25C718DF35C728DF45C738D00
:100CC000F55C748DF65C758DF75C768DF85C778DD0
:100CD000F95C788DFA5C798DFB5CFEBEFC5C7A8DEC
:100CE000FD5C7B8DFE5C7C8DFF5C7D8D005D7E8D73
:100CF000015D808D025DC0E1035DC1E1045D818D18
:100D0000055D828D065DC7E1075DE7B3085D838DF4
:100D1000095D848D0A5D858D0B5D868D0C5D878DEB
:100D20000D5D888D0E5DE9C60F5D898D105D8A8D24
:100D3000115D8B8D125D8C8D135D8D8D145DDEB418
:100D4000155D8E8D165DC2D1175D8F8D185D908DEE
:100D5000195D918D1A5D928D1B5DC8E11C5D938DAF
:100D60001D5D948D1E5DC6E11F5D958D205D968D88
:100D7000215D978D225D988D235D998D245DC5E160
:100D8000255D9A8D265DC3E1275DC2E1285D9B8DBF
:100D9000295DC0B12A5D9C8D2B5D9D8D2C5D9E8D46
:100DA0002D5DB8D52E5DC4E12F5D9F8D305DA08D8A
:100DB000315DA18D325DA28D335DA38D345DCBE1BC
:100DC000355DA48D365DA58D375DA68D385DA78D0B
:100DD000395DA88D3A5DA98D3B5DAA8D3C5DAB8DDB
:100DE0003D5DCCE13E5DCAE13F5DAC8D405DAD8DCA
:100DF000415DAE8D425DAF8D435DB08D445DB18D83
:100E0000455DB28D465DB38D475DFAEF485DB48DAB
:100E1000495DB58D4A5DD3E14B5DD2E14C5DB6C70E
:100E20004D5DB68D4E5DB78D4F5DB88D505DB98D02
:100E3000515DBA8D525DBB8D535DBC8D545DBD8DD2
:100E4000555DBE8D565DBF8D575DC08D585DC9E146
:100E5000595DC18D5A5DC28D5B5DCEE15C5DC38D18
:100E60005D5DD0E15E5DC48D5F5DC58D605DC68DED
:100E7000615DC78D625DC88D635DC98D645DCA8D1E
:100E8000655DCB8D665DCC8D675DCD8D685DCE8DEE
:100E9000695DD4E16A5DCF8D6B5DD1E16C5DCDE1C3
:100EA0006D5DD08D6E5DD18D6F5DCFE1705DD28D4A
:100EB000715DD38D725DD48D735DD58D745DD5E11B
:100EC000755DD68D765DD78D775DD88D785DD98D42
:100ED000795DDA8D7A5DDB8D7B5DDC8D7C5DDD8D12
:100EE0007D5DDE8D7E5DDF8D7F5DE08D805DE18DE2
:100EF000815DE28D825DD6E1835DE38D845DE48D6D
:100F0000855DE58D865DE68D875DE78D885DE88D85
:100F1000895DE98D8A5DEA8D8B5DEB8D8C5DEC8D55
:100F20008D5DED8D8E5DEE8D8F5DEF8D905DF08D25
:100F3000915DF18D925DF28D935DF38D945DF48DF5
:100F4000955DF58D965DF68D975DF78D985DF88DC5
:100F5000995DD7E19A5DF98D9B5DFA8D9C5DFB8D66
:100F60009D5DD8E19E5DFC8D9F5DFD8DA05DFE8D3C
:100F7000A15D408EA25D418EA35D428EA45D438E35
:100F8000A55D448EA65D458EA75D468EA85D478E05
:100F9000A95D488EAA5D498EAB5D4A8EAC5D4B8ED5
:100FA000AD5D4C8EAE5D4D8EAF5D4E8EB05D4F8EA5
:100FB000B15D508EB25D518EB35D528EB45D538E75
:100FC000B55D548EB65D558EB75DDAE1B85D568E6F
:100FD000B95D578EBA5D588EBB5D598EBC5D5A8E19
:100FE000BD5D5B8EBE5D5C8EBF5D5D8EC05D5E8EE9
:100FF000C15D5F8EC25D608EC35D618EC45D628EB9
:10100000C55DDBE1C65D638EC75D648EC85D658EC0
:10101000C95D668ECA5D678ECB5D688ECC5D698E5C
:10102000CD5DA1CECE5D6A8ECF5D6B8ED05D6C8EB8
:10103000D15D6D8ED25D6E8ED35D6F8ED45D708E00
:10104000D55D718ED65D728ED75D738ED85D748ED0
:10105000D95D758EDA5D768EDB5DDDE7DC5D778EE2
:10106000DD5DA8B4DE5DDDD6DF5D788EE05D798E76
:10107000E15DB2D1E25DB2B3E35D7A8EE45D7B8E79
:10108000E55DA4B9E65DF3D7E75DC9C7E85DDEBEFF
:10109000E95DAEB9EA5D7C8EEB5DD7CEEC5D7D8E11
:1010A000ED5D7E8EEE5DEEB2EF5DCFDBF05D808EAE
:1010B000F15DBABCF25DD1D2F35DC8CBF45DCDB0C9
:1010C000F55D818EF65D828EF75DEFCFF85D838EE4
:1010D000F95D848EFA5D858EFB5D868EFC5D878E64
:1010E000FD5DE3D9FE5DEDBDFF5D888E005E898EFE
:1010F000015ED2B1025ED0CA035EBCB2045E8A8ECB
:10110000055EA7CB065EABB7075E8B8E085EA6CAF0
:10111000095E8C8E0A5E8D8E0B5E8E8E0C5EA3CF6A
:101120000D5E8F8E0E5E908E0F5EF8E0105ECAD55B
:10113000115EFBE0125E918E135E928E145EFAE0F9
:10114000155EC1C5165EFBCC175E938E185EB1C1ED
:10115000195EF9E01A5EE3D61B5EAFB21C5EC4D620
:101160001D5EDBB51E5E948E1F5E958E205E968E94
:10117000215E978E225E988E235E998E245E9A8ED3
:10118000255E9B8E265EF8B4275EA1D6285E9C8ED7
:10119000295E9D8E2A5E9E8E2B5E9F8E2C5EA08E7B
:1011A0002D5EAFCF2E5EEFB02F5EA18E305EA28E91
:1011B000315EFCE0325EA38E335EA48E345EA58E7B
:1011C000355EA68E365EA78E375EA1E1385EA3B38C
:1011D000395EA88E3A5EA98E3B5EFDE03C5EFEE085
:1011E0003D5EB1C33E5EAA8E3F5EAB8E405EAC8E6E
:1011F000415EAD8E425EDDC3435EAE8E445EA2E1D3
:10120000455EF9B7465EAF8E475EB08E485EB18EE2
:10121000495EB28E4A5EB38E4B5EB48E4C5ECFBBDF
:101220004D5EB58E4E5EB68E4F5EB78E505EB88EFA
:10123000515EB98E525EBA8E535EBB8E545EA3E190
:10124000555EBBC4565EBC8E575EBD8E585EBE8E6C
:10125000595EBF8E5A5EC08E5B5EA4E15C5EC18E3D
:101260005D5EC28E5E5EA5E15F5EC38E605EC48E13
:10127000615EA6E1625EB1B4635EC58E645EC68ED9
:10128000655EC78E665EC88E675EC98E685ECA8EF2
:10129000695ECB8E6A5ECC8E6B5ECD8E6C5ECE8EC2
:1012A0006D5ECF8E6E5ED08E6F5ED18E705ED28E92
:1012B000715ED38E725EC9B8735EBDC6745EEAC4D9
:1012C000755ED48E765EA2B2775ED58E785ED2D011
:1012D000795ED68E7A5EDBE77B5EC3BB7C5ED7D35E
:1012E0007D5EC4D37E5ED78E7F5EE3B9805ECFE243
:1012F000815ED88E825ED98E835EDA8E845EAFD7B1
:10130000855EDB8E865EECC7875ED3B1885EDC8E41
:10131000895EDD8E8A5EB2B48B5ED1E28C5EDE8E3B
:101320008D5EDF8E8E5EE08E8F5EF2D0905EAEC2FE
:10133000915ED0E2925EE18E935EE2BF945EA6D3B0
:10134000955ED7B5965ED2E2975EEAB5985EE28E7C
:10135000995EEDC39A5EFDB89B5EE38E9C5EAEB86F
:101360009D5EE48E9E5ED3C59F5ECFB7A05ED4E245
:10137000A15EE58EA25EE68EA35EE78EA45EE88E99
:10138000A55ED3E2A65EC8B6A75EF9D7A85EE98ED1
:10139000A95EEA8EAA5EEB8EAB5EEC8EAC5EED8E45
:1013A000AD5EA5CDAE5EEE8EAF5EEF8EB05EF08E22
:1013B000B15EF18EB25EF28EB35ED8E2B45EF38EB1
:1013C000B55ED6E2B65EFCCAB75EB5BFB85EB9D34D
:1013D000B95ED5E2BA5EF48EBB5EF58EBC5EF68E6B
:1013E000BD5EF78EBE5ED7E2BF5EF88EC05EF98E40
:1013F000C15EFA8EC25EFB8EC35EFC8EC45EFD8E45
:10140000C55EFE8EC65E408FC75E418FC85E428F4E
:10141000C95EAEC1CA5EC8C0CB5E438FCC5E448F8E
:10142000CD5E458FCE5E468FCF5E478FD05E488FB4
:10143000D15EDBE2D25EDAE2D35EAAC0D45E498F2F
:10144000D55E4A8FD65ECEC1D75E4B8FD85E4C8FAD
:10145000D95E4D8FDA5E4E8FDB5EDCE2DC5E4F8F55
:10146000DD5E508FDE5E518FDF5E528FE05E538F08
:10147000E15E548FE25E558FE35E568FE45E578FD8
:10148000E55E588FE65E598FE75E5A8FE85EDDE2D3
:10149000E95E5B8FEA5EDEE2EB5E5C8FEC5E5D8FA9
:1014A000ED5E5E8FEE5E5F8FEF5E608FF05E618F50
:1014B000F15E628FF25E638FF35E648FF45EC8DB71
:1014C000F55E658FF65ED3D1F75EA2CDF85E668FCE
:1014D000F95E678FFA5EA8BDFB5E688FFC5E698F60
:1014E000FD5E6A8FFE5EC3DEFF5EA5D8005FAABF09
:1014F000015FCDDB025FECD2035FFAC6045FAAC5D1
:10150000055F6B8F065F6C8F075F6D8F085FC4DEB2
:10151000095F6E8F0A5FD7B10B5FAEDF0C5F6F8F15
:101520000D5F708F0E5F718F0F5FBDCA105F728F7E
:10153000115FB1DF125F738F135FADB9145F748FEA
:10154000155FFDD2165F758F175FA5B8185FEBBAF0
:10155000195F768F1A5F778F1B5FDAB31C5F788F06
:101560001D5F798F1E5F7A8F1F5FDCB5205FC5D549
:10157000215F7B8F225F7C8F235F7D8F245F7E8F37
:10158000255FD6C3265FD2CF275FA1BB285F808FA0
:10159000295FF3E52A5FF2E52B5F818F2C5F828F55
:1015A0002D5FF4E52E5F838F2F5FE4CD305F848F56
:1015B000315FF5C8325F858F335F868F345F878FE9
:1015C000355F888F365F898F375F8A8F385F8B8F63
:1015D000395FAFB53A5FBFC73B5F8C8F3C5FF6E5C5
:1015E0003D5F8D8F3E5F8E8F3F5F8F8F405FB0EC92
:1015F000415F908F425F918F435F928F445F938FE3
:10160000455F948F465F958F475F968F485F978FB2
:10161000495F988F4A5F998F4B5F9A8F4C5F9B8F82
:101620004D5F9C8F4E5F9D8F4F5F9E8F505FE6E5B5
:10163000515F9F8F525FE9B9535FB1B5545FA08F7F
:10164000555FBCC2565FE8E5575FE7E5585FE9E5DF
:10165000595FA18F5A5FA28F5B5FA38F5C5FA48FDE
:101660005D5FCDD25E5FA58F5F5FA68F605FA78F46
:10167000615FEAE1625FCED0635FA88F645FAECD49
:10168000655FA98F665FE5D1675FAA8F685FAB8FE3
:10169000695FCAB26A5FEBB16B5FAC8F6C5FF2B12E
:1016A0006D5FEDC56E5FAD8F6F5FAE8F705FC3D541
:1016B000715FB0D3725FAF8F735FDCE1745FB08F27
:1016C000755FB18F765FB28F775FDDE1785FB38F43
:1016D000795FDBD27A5FB48F7B5FB9B37C5FCBB1CC
:1016E0007D5FB58F7E5FB68F7F5FB78F805FF9CDEF
:1016F000815FF7D5825FDEE1835FB88F845FB6BE1E
:10170000855FFDB4865FB98F875FDFE1885FDCBAF4
:10171000895FE0E18A5FB2BB8B5FC9C28C5FE1E1A8
:101720008D5FBA8F8E5FBB8F8F5FBC8F905FECD069
:10173000915FBD8F925FBDCD935FBE8F945FBF8F72
:10174000955FE2E1965FC08F975FC3B5985FC7C5AD
:10175000995FE3E19A5FC18F9B5FC28F9C5FE4E179
:101760009D5FC38F9E5FC48F9F5FC58FA05FC68F35
:10177000A15FF9D3A25FC78FA35FC88FA45FC98F92
:10178000A55FCA8FA65FCB8FA75FCC8FA85FE5E16F
:10179000A95FCD8FAA5FADD1AB5FCE8FAC5FCF8F8E
:1017A000AD5FE6E1AE5FA2CEAF5FD08FB05FD18F0D
:1017B000B15FD28FB25FD38FB35FD48FB45FD58F59
:1017C000B55FE7E1B65FD68FB75FC2B5B85FD78FB9
:1017D000B95FD88FBA5FD98FBB5FDA8FBC5FE8E1A2
:1017E000BD5FD5BBBE5FDB8FBF5FDC8FC05FDD8FB2
:1017F000C15FDE8FC25FDF8FC35FC4D0C45FE0E232
:10180000C55FD8B1C65FE4D2C75FE08FC85FE18F24
:10181000C95FE1E2CA5FE28FCB5FE38FCC5FC9BCF7
:10182000CD5FCCC8CE5FE48FCF5FE3E2D05FFEEC4C
:10183000D15FFDECD25FAFDFD35FE58FD45FE68F82
:10184000D55FE78FD65FE2E2D75FBED6D85FFCCD2B
:10185000D95FA6C3DA5FE88FDB5FE98FDC5FEA8FD1
:10186000DD5FC3E3DE5FEB8FDF5FEC8FE05FD2D63F
:10187000E15FE7E2E25FED8FE35FEE8FE45FE8E2D6
:10188000E55FEF8FE65FF08FE75FC7D3E85FF18F2B
:10189000E95FF28FEA5FECE2EB5FECBFEC5FF38FA6
:1018A000ED5FEDE2EE5FE5E2EF5FF48FF05FF58F65
:1018B000F15FC0B3F25FF68FF35FF78FF45FF88FDD
:1018C000F55FEEC4F65FF98FF75FFA8FF85FEEE22F
:1018D000F95FFB8FFA5FFC8FFB5FC3D0FC5FFD8F6E
:1018E000FD5FF6BAFE5FE9E2FF5FDEB70060B3BB03
:1018F0000160ACCC0260CBCB0360E4E20460E6E2C2
:101900000560EAE20660EBE20760FE8F0860409047
:10191000096041900A60F7E20B6042900C604390CE
:101920000D60F4E20E60F5D40F60F3E210604490B5
:10193000116045901260ADC5136046901460FAD5F1
:101940001560C2C51660C0B2176047901860489015
:101950001960EFE21A6049901B60F2E21C60AFC1AF
:101960001D60BCCB1E604A901F604B902060A1B5EB
:101970002160F9E222604C9023604D9024604E90EB
:101980002560B1BC2660F1E22760D4D02860B9D4CC
:101990002960F5E22A60D6B92B60F6E22C604F9000
:1019A0002D6050902E6051902F60D3C730605290C0
:1019B000316053903260549033605590346056904B
:1019C0003560F0E236605790376058903860599033
:1019D00039605A903A605B903B60DCD73C60A1ED87
:1019E0003D605C903E605D903F60F8E240605E90DC
:1019F0004160A5ED4260FEE24360D1CA44605F9061
:101A00004560609046606190476062904860639076
:101A1000496064904A6065904B60B5C14C606690C7
:101A20004D60D0BB4E6067904F6068905060D6BFED
:101A3000516069905260E3BA53606A9054606B9051
:101A40005560A1CB56606C9057606D9058606E9059
:101A50005960A6ED5A60A3ED5B606F905C6070907A
:101A60005D60A2ED5E6071905F60729060607390E7
:101A7000616074906260D6BB6360A7ED6460F4D06F
:101A800065607590666076906760A4ED6860DEBA08
:101A90006960F7B66A60A1E36B60B2B66C60F1CCC6
:101AA0006D60A7B96E6077906F60A2CF7060A1C7BC
:101AB00071607890726079907360D2BF74607A9030
:101AC00075607B907660F1B677607C907860FAE222
:101AD0007960FBE27A60FDE27B60FCE27C60D5C469
:101AE0007D60A2E37E607D907F60C1D380607E9048
:101AF00081608090826081908360A7E38460C4C726
:101B000085608290866083908760849088608590ED
:101B10008960A4CF8A6086908B6087908C60A9E3EF
:101B20008D60B7BA8E6088908F60899090608A903F
:101B300091608B909260A8E393608C909460DABB84
:101B400095608D909660A3E397608E9098608F90DB
:101B5000996090909A60A4E39B60AAE39C60919046
:101B60009D60A6E39E6092909F60F2CEA060C6D377
:101B7000A1609390A2609490A360BCBBA460959078
:101B8000A5609690A660C3D4A7609790A860FAC499
:101B9000A9609890AA609990AB60A8EDAC60FCD069
:101BA000AD60A5E3AE609A90AF60F5C3B0609B9066
:101BB000B160ADE3B260AFB1B3609C90B460B2E32A
:101BC000B5609D90B6609E90B7609F90B860C2BCB3
:101BD000B960A090BA60A190BB60ACE3BC60BFB537
:101BE000BD60A290BE60A390BF60A490C060A590AD
:101BF000C160A690C260A790C360A890C460A9907D
:101C0000C560E9C7C660B0E3C760AA90C860AB9082
:101C1000C960AC90CA60AABECB60EFCDCC60AD907D
:101C2000CD60AE90CE60AF90CF60B090D060B190FC
:101C3000D160F3BBD260B290D360B390D460B49063
:101C4000D560E8CCD660B590D760B690D860AFE3E9
:101C5000D960B790DA60B1E3DB60B890DC60A7CF01
:101C6000DD60AEE3DE60B990DF60A9CEE060DDBB91
:101C7000E160BA90E260BB90E360BC90E460BD902C
:101C8000E560BE90E660EBB5E760E5BEE860D2B225
:101C9000E960CDB3EA60BF90EB60B9B1EC60ABE353
:101CA000ED60D1B2EE60ACB5EF60DFB9F060E8B6E0
:101CB000F160C090F260C190F360EBCFF460B7E3E5
:101CC000F560C290F660CCBBF760C390F860C4903A
:101CD000F960C7C8FA60CAD0FB60C590FC60C690C6
:101CE000FD60C790FE60C890FF60C9900061B8E3D6
:101CF0000161EEB30261CA900361CB900461CC90A4
:101D00000561CD900661A9ED0761CE900861FAD317
:101D10000961E4D30A61CF900B61D0900C61D1903E
:101D20000D61AAED0E61B9E30F61E2D21061D290AC
:101D30001161D3901261D4901361D5901461D69043
:101D40001561B5E31661D7901761D8901861D990E5
:101D50001961DA901A61DED31B61DB901C61DC90A3
:101D60001D61DD901E61DE901F61D0B82061B3E37C
:101D70002161DF902261E0902361B6E32461DFB747
:101D80002561E1902661B4E32761A2C02861E29059
:101D90002961E3902A61E4902B61BAE32C61E5901C
:101DA0002D61E6902E61E7902F61E8903061E99017
:101DB0003161EA903261EB903361EC903461ED90E7
:101DC0003561EE903661EF903761F0903861F190B7
:101DD0003961F2903A61F3903B61F4903C61F59087
:101DE0003D61F6903E61F7903F61B8D44061F89054
:101DF0004161F9904261FA904361FB904461FC902B
:101E00004561FD904661FE90476140914861C8B4CC
:101E1000496141914A61BBE34B6142914C61C5BB51
:101E20004D6143914E61F7C94F61449150614591B5
:101E30005161E5C95261469153614791546148919E
:101E40005561BDC45661499157614A9158614B91A2
:101E500059614C915A614D915B614E915C614F911A
:101E60005D61ABED5E6150915F6151916061529136
:101E7000616153916261FDC26361549164615591E6
:101E800065615691666157916761DBBB6861AEBF62
:101E9000696158916A6159916B615A916C615B916A
:101EA0006D615C916E615D916F615E917061BFCE9D
:101EB00071615F917261609173616191746162910E
:101EC0007561BCE3766163917761B6BF78616491B7
:101ED000796165917A6166917B6167917C616891B6
:101EE0007D6169917E616A917F616B9180616C9186
:101EF00081616D9182616E9183616F918461709156
:101F00008561719186617291876173918861749125
:101F1000896175918A6176918B61EFB18C6177915E
:101F20008D6178918E61F7D48F61799190617A910A
:101F300091617B9192617C9193617D919461BEE30B
:101F400095617E919661809197618191986182916E
:101F5000996183919A6184919B6185919C6186913D
:101F60009D61ADED9E6187919F618891A06189918E
:101F7000A1618A91A2618B91A3618C91A4618D91E1
:101F8000A5618E91A6618F91A761BFE3A861A9BAEF
:101F9000A961ACEDAA619091AB619191AC61BDE397
:101FA000AD619291AE619391AF619491B061959161
:101FB000B1619691B2619791B3619891B461999131
:101FC000B5619A91B6619B91B761C0E3B8619C918C
:101FD000B9619D91BA619E91BB619F91BC61A091D5
:101FE000BD61A191BE61B6BABF61A291C061A3916A
:101FF000C161A491C261AEB6C361A591C461A6914D
:10200000C561A791C661A891C761A991C861B8D0FF
:10201000C961AA91CA61C3B0CB61AEEDCC61AB918D
:10202000CD61AC91CE61AD91CF61AE91D061AF91F8
:10203000D161AFEDD261C1C0D361B091D461C1E3D0
:10204000D561B191D661B291D761B391D861B491A4
:10205000D961B591DA61B691DB61B791DC61B89174
:10206000DD61B991DE61BA91DF61BB91E061BC9144
:10207000E161BD91E261BE91E361BF91E461C09114
:10208000E561C191E661B3C5E761C291E861C391C1
:10209000E961C491EA61C591EB61C691EC61C791B8
:1020A000ED61C891EE61C991EF61CA91F061CB9188
:1020B000F161CC91F261CD91F361CE91F461CF9158
:1020C000F561C2E3F661D091F761D191F861D291E7
:1020D000F961D391FA61D491FB61D591FC61D691FC
:1020E000FD61D791FE61D891FF61B2DC0062D991A8
:1020F0000162DA910262DB910362DC910462DD919C
:102100000562DE910662B0ED0762DF910862EAB80F
:102110000962E0910A62ECCE0B62A7EA0C62E7D09A
:102120000D62F9CA0E62D6C80F62B7CF1062C9B38A
:102130001162D2CE1262E4BD1362E1911462E291A7
:102140001562DEE31662F2BB1762A8EA1862BDD51B
:102150001962E3911A62DDC61B62A9EA1C62E4916E
:102160001D62E5911E62E6911F62AAEA2062E79174
:102170002162ACEA2262ABEA2362E8912462AEEA11
:102180002562ADEA2662E9912762EA912862EB9125
:102190002962EC912A62D8BD2B62ED912C62AFEAE4
:1021A0002D62EE912E62BEC22F62EF913062F091ED
:1021B0003162F1913262F2913362C1B43462F7B4A8
:1021C0003562F3913662F4913762A7BB3862F591BC
:1021D0003962F6913A62F7913B62F8913C62F9916B
:1021E0003D62E6EC3E62E5EC3F62BFB74062F9CB90
:1021F0004162E2B14262FA914362E7EC4462FB91D0
:102200004562FC914662FD914762C8C94862E8ECAC
:102210004962E9EC4A62FE914B62D6CA4C62D0DE5A
:102220004D62C5B24E62FAD44F6240925062419202
:102230005162CBC65262C7B05362F2B45462D3C883
:102240005562429256624392576244925862D0CD90
:10225000596245925A6246925B62B8BF5C6247928D
:102260005D6248925E6249925F624A9260624B92FE
:1022700061624C9262624D926362DBBF64624E9215
:1022800065624F926662A4C76762B4D66862509274
:102290006962A9C06A62D1DE6B62A8C96C62EFD1C3
:1022A0006D62A4C56E62E7B06F62B6B37062C5C8F6
:1022B00071625192726252927362E2B0746253928E
:1022C000756254927662F6B777625592786256924A
:1022D0007962FAC57A6257927B6258927C62F3B651
:1022E0007D6259927E62D2D57F62D0B38062BCBCDF
:1022F00081625A9282625B9283625C928462ADB325
:1023000085625D9286625E9287625F928862609269
:102310008962F1BE8A62D1B08B6261928C626292F4
:102320008D6263928E6264928F6265929062669211
:102330009162D6D29262E3CA9362A5D79462679201
:102340009562B6CD9662B6B69762B9BF9862DBD594
:10235000996268929A62A7B89B62D7C59C6269929B
:102360009D626A929E626B929F62D2DEA062D9BF2A
:10237000A162D5C2A262C0C7A3626C92A462A4BBD0
:10238000A562A8B1A6626D92A7626E92A862EAC524
:10239000A9626F92AA627092AB62FBC5AC62A7CCD5
:1023A000AD627192AE627292AF627392B0627492D9
:1023B000B162A7B1B2627592B3627692B46277925B
:1023C000B562D6B5B6627892B7627992B8627A92FF
:1023D000B962A8C4BA627B92BB62D3DEBC62BAD1D6
:1023E000BD62E9B3BE627C92BF62F2C3C0627D92FD
:1023F000C1627E92C262F7B7C3628092C462F4D6B1
:10240000C562A3B5C662F0B2C762B4C4C862E9C40B
:10241000C962ADC0CA62D4DECB628192CC62E8B040
:10242000CD62C4C5CE62E0C1CF628292D062D5B91E
:10243000D1628392D262DCBED362D8CDD462CEB0F8
:10244000D5628492D662CFCDD762D6DED862D0BEB6
:10245000D962BED7DA62D5DEDB62D0D5DC62DDB010
:10246000DD628592DE628692DF62E2C4E06287927C
:10247000E1628892E262A3C2E362F0BCE462899204
:10248000E562B5D3E662B9C0E762A1C5E862A6B26B
:10249000E962F1D4EA628A92EB628B92EC62A8C0A4
:1024A000ED62C3CAEE62D7DEEF62FCD5F0628C92B9
:1024B000F162B0B9F2628D92F362ADC8F462A9CB59
:1024C000F5628E92F662D9DEF762BDBFF8628F9236
:1024D000F9629092FA629192FB629292FC62B4C6A7
:1024E000FD62A7D7FE62B0CAFF62C3C400639392C5
:1024F0000163D6B30263D2B90363949204639592E5
:1025000005639692066397920763B8D60863FCEA60
:102510000963B4B00A6398920B6399920C639A9220
:102520000D639B920E63E6BF0F639C9210639D92B6
:102530001163F4CC12639E9213639F921463A09272
:102540001563A1921663DACD1763A2921863A39262
:102550001963A4921A63BFD61B63CEC21C63A592F3
:102560001D63CECE1E63A2CC1F63AED02063D3C446
:102570002163B2B52263D8DE2363F5D52463B7BCEB
:102580002563D3BB2663A6922763A7922863A4B0D2
:102590002963A8922A63B2C52B63ECB42C63A99279
:1025A0002D63AA922E63AB922F63F1D53063AC9268
:1025B0003163AD923263FDEA3363AE923463AF921E
:1025C0003563B0923663B1923763B2923863B39297
:1025D0003963DADE3A63A6CD3B63B4923C63B592CD
:1025E0003D63ECCD3E63B6923F63B7924063B892D1
:1025F0004163B9924263E6CE4363DCDE4463BA9240
:102600004563B1CD4663A6C04763BB924863BC92A5
:102610004963BDD74A63BD924B63DBDE4C63C6B0F2
:102620004D63B4BA4E63D3C94F63F3C45063E8BE7D
:102630005163BE925263BF925363C0925463C1927E
:102640005563B6B25663C2925763C3925863C4923D
:102650005963C5925A63C6925B63C7925C63C89222
:102660005D63C9925E63CCC05F63F0CB6063CA9266
:102670006163F1BC6263BBBB6363B7B56463CB9258
:102680006563CC926663CD926763F5C56863CE924D
:102690006963E6DE6A63CF926B63D0926C63D1921A
:1026A0006D63E3DE6E63DDBE6F63D2927063D392BF
:1026B0007163DFDE7263D4927363D5927463D692D2
:1026C0007563D7927663B7B47763DDBD7863D892CC
:1026D0007963D9927A63E0DE7B63EDC47C63DA923E
:1026E0007D63DB927E63DC927F63DD928063C6CF85
:1026F0008163DE928263E0B58363DF928463E0925C
:102700008563E1928663E2928763DEB68863DACA04
:102710008963F4B58A63E5DE8B63E3928C63C6D587
:102720008D63E4928E63E1DE8F63CDCC9063FEC651
:102730009163E5929263C5C59363E6929463E792D1
:102740009563E8929663B4D29763E9929863F2BE78
:102750009963EA929A63EB929B63EC929C63ED928D
:102760009D63EE929E63EF929F63F092A063D3C24B
:10277000A163F192A263BDCCA363B8B3A463F29248
:10278000A563D3BDA663F392A763D8BFA863C6CDE4
:10279000A963DAD1AA63EBB4AB63F492AC63E4DE71
:1027A000AD63DDDEAE63E7DEAF63F592B063FEEAF4
:1027B000B163F692B263F792B363B0C2B463E2DE80
:1027C000B563F892B663F992B763C0D6B863A7B59C
:1027D000B963FA92BA63F4B2BB63FB92BC63E8DEFE
:1027E000BD63FC92BE63F2DEBF63FD92C063FE92E6
:1027F000C1634093C2634193C3634293C463EDDEFC
:10280000C5634393C663F1DEC7634493C8634593CE
:10281000C963E0C8CA634693CB634793CC634893CC
:10282000CD63E1D7CE63EFDECF63E8C3D063E1CC05
:10283000D1634993D263E5B2D3634A93D4634B9394
:10284000D5634C93D663BED2D7634D93D8634E9372
:10285000D9634F93DA635093DB635193DC635293F4
:10286000DD635393DE63EEDEDF635493E063EBDE00
:10287000E163D5CEE2635593E363A7B4E463569373
:10288000E5635793E6635893E7635993E8635A9374
:10289000E963ABBFEA63BEBEEB635B93EC635C933F
:1028A000ED63D2BDEE635D93EF635E93F0635F9380
:1028B000F1636093F263E9DEF3636193F463AED492
:1028C000F5636293F663DEDEF7636393F863EADE33
:1028D000F9636493FA636593FB636693FC636793A0
:1028E000FD63BFC0FE636893FF63ECDE0064F3B278
:1028F0000164E9B80264A7C20364699304646A933B
:102900000564C1BD06646B9307646C9308646D93A2
:1029100009646E930A646F930B64F5DE0C64F8DE51
:102920000D6470930E6471930F64ABB21064A4B421
:1029300011647293126473931364EAB41464A6C9A5
:10294000156474931664759317647693186477937B
:10295000196478931A6479931B64F6DE1C64D1CBF6
:102960001D647A931E64E3B81F647B932064F7DED2
:102970002164FADE22647C9323647D9324647E9335
:10298000256480932664F9DE27648193286482930A
:10299000296483932A64C2CC2B6484932C64E1B0B1
:1029A0002D64EEB42E6485932F64869330648793F0
:1029B000316488933264899333648A933464BAE5CA
:1029C00035648B9336648C9337648D9338648E931F
:1029D00039648F933A64AFD03B6490933C64919395
:1029E0003D64EBB23E6492933F64A1EB40649393E9
:1029F0004164F4DE42649493436495934464E3C970
:102A00004564F3DE4664DAB04764A1D24864F7B1A6
:102A1000496496934A64AFCC4B6497934C64989303
:102A20004D6499934E649A934F649B9350649C9326
:102A300051649D935264F0DE53649E935464A4CB1E
:102A400055649F935664A0935764A1935864AAD584
:102A50005964A2935A64A3935B64A4935C64A593A2
:102A60005D64A6935E64FBDE5F64A7936064A893D5
:102A70006164A9936264AA936364AB936464AC9346
:102A80006564AD936664AE936764DDB46864AF93C8
:102A90006964A6C46A64B0936B64B1936C64B293C6
:102AA0006D64FDDE6E64B3936F64B4937064B5932C
:102AB0007164B6937264B7937364B8937464B99392
:102AC0007564BA937664BB937764BC937864FEC3F1
:102AD0007964A1C47A64A1DF7B64BD937C64BE93F6
:102AE0007D64BF937E64C0937F64C1938064C2930E
:102AF0008164C3938264CCC18364C4938464FCDE28
:102B00008564EFBE8664C5938764B2C68864C69345
:102B10008964C7938A64C8938B64C9938C64CA938D
:102B20008D64CB938E64CC938F64CD939064CE935D
:102B30009164C5B39264F6C89364CF939464D093C0
:102B40009564BACB9664FEDE9764D1939864D29371
:102B50009964A4DF9A64D3939B64D4939C64D593C3
:102B60009D64D6939E64B2D79F64D793A064D89394
:102B7000A164D993A264DA93A364DB93A464B7B38A
:102B8000A564DC93A664DD93A764DE93A864DF9359
:102B9000A964C3C1AA64E093AB64E193AC64CBC7FE
:102BA000AD64A5B2AE64E9B4AF64E293B064ABD7F0
:102BB000B164E393B264E493B364E593B464E693DD
:102BC000B564ECC4B664E793B764A2DFB864A3DF6E
:102BD000B964E893BA64A5DFBB64E993BC64B3BA93
:102BE000BD64EA93BE64EB93BF64EC93C064A6DF5C
:102BF000C164ED93C264DEC0C364EE93C464EF931A
:102C0000C564C3C9C664F093C764F193C864F29302
:102C1000C964F393CA64F493CB64F593CC64F693DC
:102C2000CD64D9B2CE64E6C7CF64F793D064A7DF92
:102C3000D164F893D264DCC7D364F993D464FA9373
:102C4000D564FB93D664FC93D764A8DFD864A2EB69
:102C5000D964FD93DA64FE93DB644094DC644194B0
:102C6000DD644294DE64D3CBDF644394E064449437
:102C7000E1644594E264AADFE3644694E464A9DF76
:102C8000E5644794E664C1B2E7644894E864499413
:102C9000E9644A94EA644B94EB644C94EC644D947C
:102CA000ED644E94EE644F94EF645094F06451944C
:102CB000F1645294F2645394F3645494F46455941C
:102CC000F5645694F6645794F7645894F8645994EC
:102CD000F9645A94FA645B94FB645C94FC645D94BC
:102CE000FD645E94FE645F94FF6460940065CAC5F1
:102CF000016561940265629403656394046564945C
:102D0000056565940665669407656794086568942B
:102D10000965ABDF0A6569940B656A940C656B9471
:102D20000D656C940E656D940F656E9410656F94CF
:102D3000116570941265DCD41365719414657294F6
:102D40001565739416657494176575941865C1C8F4
:102D5000196576941A6577941B6578941C65799447
:102D60001D657A941E657B941F657C9420657D9417
:102D700021657E94226580942365819424658294E4
:102D80002565ACDF26658394276584942865859442
:102D9000296586942A6587942B65F0BE2C658894F6
:102DA0002D6589942E65ADDF2F65A7D630658A9491
:102DB00031658B9432658C9433658D943465B7EAB4
:102DC0003565B6EB3665D5CA37658E943865FCD85F
:102DD0003965C4B83A658F943B65A5B93C65909454
:102DE0003D6591943E65C5B73F65FED540659294BB
:102DF0004165939442659494436595944465969493
:102E00004565CAB946659794476598944865A7D0C3
:102E10004965CDF44A6599944B659A944C65D0B553
:102E20004D659B944E659C944F65F4C350659D948D
:102E30005165C8BE52659E9453659F945465A09495
:102E40005565B7EB5665BDB05765A1945865A2941A
:102E50005965CCBD5A65A3945B65B2C15C65A49409
:102E60005D65D6B15E65A8B35F65A5946065A694FF
:102E70006165A7946265D2B86365A2C96465A894C8
:102E80006565A9946665D8B66765AA946865AB94CC
:102E90006965AC946A65AD946B65B8EB6C65B4BE5E
:102EA0006D65AE946E65AF946F65B0947065FDCA44
:102EB0007165B1947265C3C77365B2947465FBD5CF
:102EC0007565B3947665B4947765F3B77865B59412
:102ED0007965B6947A65B7947B65B8947C65B99446
:102EE0007D65BA947E65BB947F65BC948065BD9416
:102EF0008165BE948265BF948365C0948465C194E6
:102F00008565C2948665C3948765C4CE8865C4947C
:102F10008965C5948A65C6948B65ABD58C65F3B11C
:102F20008D65C7948E65C8948F65C9949065B3EC20
:102F30009165DFB09265CA949365B5EC9465CB94C6
:102F40009565CC949665CD949765B7B69865CE9403
:102F50009965CFC19A65CF949B65FAF59C65B1D010
:102F60009D65D0949E65D1949F65E5D5A065D2946A
:102F7000A165D3CEA265D394A365D494A465EFBD17
:102F8000A565E2B3A665D594A765ABB8A865D69448
:102F9000A965B6D5AA65D794AB65BDEDAC65D894E7
:102FA000AD65CFB6AE65D994AF65B9CBB065C2D0CB
:102FB000B165DA94B265DB94B365DC94B465DD94F5
:102FC000B565DE94B665DF94B765E094B865E194C5
:102FD000B965BDB7BA65E294BB65E394BC65B6EC70
:102FE000BD65A9CABE65E494BF65E594C065E69475
:102FF000C165D4C5C265E794C365B9ECC465B8ECD6
:10300000C565C3C2C665B7ECC765E894C865E994F1
:10301000C965EA94CA65EB94CB65FDD0CC65BAEC82
:10302000CD65EC94CE65BBECCF65E5D7D065ED946E
:10303000D165EE94D265BCECD365EF94D465F09481
:10304000D565F194D665BDECD765ECC6D865F2942C
:10305000D965F394DA65F494DB65F594DC65F69450
:10306000DD65F794DE65F894DF65F994E065DECE02
:10307000E165FA94E265C8BCE365FB94E465FC9401
:10308000E565D5C8E665A9B5E765C9BEE865BCD6FE
:10309000E965E7D4EA65FD94EB65FE94EC65AED195
:1030A000ED65F1D0EE65B8EAEF65B9EAF065BAEA28
:1030B000F165B5BAF2654095F3654195F4654295C1
:1030C000F5654395F665B1CAF765F5BFF8654495B2
:1030D000F9654595FA65FACDFB654695FC6547951A
:1030E000FD654895FE654995FF654A950066C0EA0D
:1030F00001664B950266BAB00366BEEA04664C955B
:1031000005664D950666A5C007664E9508664F95FF
:10311000096650950A66BBEA0B6651950C66FDB2CE
:103120000D6652950E66F7C30F66E8BB10665395A1
:1031300011665495126655951366D7D21466F4CE6F
:103140001566BFEA16665695176657951866589520
:103150001966BCEA1A6659951B665A951C665B95FA
:103160001D66C3EA1E665C951F66C7D02066B3D392
:1031700021665D9522665E9523665F95246660955F
:103180002566BAB4266661952766C1C32866F2D75C
:10319000296662952A6663952B6664952C6665950B
:1031A0002D66D1D52E6666952F66C7CA306667959F
:1031B0003166C5EA32666895336669953466C4EA55
:1031C0003566C7EA3666C6EA37666A9538666B952D
:1031D00039666C953A666D953B666E953C66E7D6AA
:1031E0003D666F953E66D4CF3F667095406671959B
:1031F0004166CBEA426672954366CEBB44667395E0
:1032000045667495466675954766769548667795E2
:10321000496678954A6679954B66FABD4C66CEC983
:103220004D667A954E667B954F66CCEA50667C95E6
:1032300051667D955266B9C95366FECF5466CAEA97
:103240005566CED45666CDEA5766CFEA58667E9567
:10325000596680955A66EDCD5B6681955C66829570
:103260005D6683955E6684955F66C9EA606685954E
:103270006166CEEA62668695636687956466EECE81
:10328000656688956666DEBB676689956866BFB3C6
:1032900069668A956A668B956B668C956C668D956A
:1032A0006D668E956E66D5C66F66B0BE7066FACED8
:1032B00071668F9572669095736691957466E7C78F
:1032C000756692957666A7BE7766D0EA786693951E
:1032D000796694957A66C7D67B6695957C66969551
:1032E0007D6697957E66C0C17F6698958066999544
:1032F00081669A958266DDD483669B958466D1EA61
:1033000085669C9586669D958766BECF88669E95E8
:1033100089669F958A66A0958B66A1958C66D2EA90
:103320008D66A2958E66A3958F66A4959066A595E9
:103330009166EECA9266A6959366A7959466A8953F
:103340009566A9959666AFC59766B5B09866AA9535
:103350009966AB959A66AC959B66AD959C66AE9565
:103360009D66D4EA9E66AF959F66B095A066B195BE
:10337000A166B295A266B395A366B495A466B59509
:10338000A566B695A666B795A766D3EAA866DFF4E4
:10339000A966B895AA66B995AB66BA95AC66BB95B1
:1033A000AD66BC95AE66BAC4AF66BD95B066BE9557
:1033B000B166BF95B266C095B366C195B466A9B152
:1033C000B566C295B666C395B766C495B866C59529
:1033D000B966DFE5BA66C695BB66C795BC66C89593
:1033E000BD66C995BE66D5EABF66CA95C066CB956F
:1033F000C166CC95C266CD95C366CE95C466CF95A1
:10340000C566D095C666D195C766D295C866D39570
:10341000C966D495CA66D595CB66D695CC66D79540
:10342000CD66D895CE66D995CF66DA95D066DB9510
:10343000D166DC95D266DD95D366DE95D466DF95E0
:10344000D566E095D666E195D766E295D866E395B0
:10345000D966EFCADA66E495DB66D6EADC66D7EAB7
:10346000DD66D8C6DE66E595DF66E695E066E7953B
:10347000E166E895E266E995E366EA95E466EB9530
:10348000E566EC95E666D8EAE766ED95E866EE95C2
:10349000E966D9EAEA66EF95EB66F095EC66F19598
:1034A000ED66F295EE66F395EF66F495F066BBD4A3
:1034B000F166F595F266FAC7F366B7D2F466FCB822
:1034C000F566F695F666F795F766C2EAF866F8953A
:1034D000F966DCB2FA66F995FB66FA95FC66FCC201
:1034E000FD66FB95FE66F8D4FF66E6CC0067EED776
:1034F0000167FC950267FD950367FE95046740969A
:103500000567419606674296076743960867C2D4E7
:103510000967D0D30A67C3EB0B67F3C50C67449602
:103520000D67FEB70E6745960F6746961067D4EB9A
:103530001167479612674896136749961467B7CB89
:103540001567DEEB16674A961767CAC018674B9671
:1035500019674C961A674D961B67FBCD1C674E96F4
:103560001D67AFB31E674F961F67DAC62067509678
:103570002167519622675296236753962467549683
:10358000256755962667FCEB276756962867BEC4C5
:10359000296757962A67B4CE2B67A9C42C67BEB19A
:1035A0002D67FDD42E6758962F67F5CA3067599658
:1035B0003167ECD632675A9633675B963467D3C669
:1035C0003567E4B636675C9637675D9638675E9612
:1035D00039675F963A67FABB3B6760963C676196CE
:1035E0003D67E0D03E6762963F6763964067B1C92A
:1035F000416764964267D3D44367A8C84467659619
:10360000456766964667CBB8476767964867BEE8E2
:103610004967BCC94A6768964B6769964C67BBE8BF
:103620004D676A964E67EEC04F67D3D05067C4B2FD
:103630005167E5B452676B965367BCE854676C9664
:1036400055676D965667C8D557676E9658676F96DB
:10365000596770965A6771965B6772965C67C5B6D4
:103660005D6773965E67BDE85F67F8CA6067DCB840
:103670006167F5CC62677496636775966467769642
:103680006567B4C066677796676778966867EED1B6
:103690006967BFE86A67C2E86B6779966C677A9674
:1036A0006D67BCBA6E677B966F67ADB17067DCBD46
:1036B00071677C967267BDEA7367C3E874677D962D
:1036C0007567C6E876677E967767CBE878678096F9
:1036D000796781967A6782967B6783967C67CCE868
:1036E0007D6784967E67C9CB7F67E5B080678596E6
:1036F0008167ABBC82678696836787968467B9B912
:1037000085678896866789968767C1E888678A96FD
:103710008967F7CD8A678B968B67CAE88C678C962A
:103720008D678D968E678E968F678F969067F6CE93
:103730009167909692679196936792969467939605
:103740009567EDD5966794969767D6C19867C4E854
:10375000996795969A67B6C39B6796969C67FBB9DF
:103760009D67A6D69E67C8E89F679796A0679896BC
:10377000A1679996A267E0CAA367E6D4A4679A9660
:10378000A567C0E8A6679B96A767C5E8A867C7E8CE
:10379000A9679C96AA67B9C7AB67E3B7AC679D9664
:1037A000AD67C9E8AE679E96AF67DDBFB067D2E888
:1037B000B1679F96B267A096B367D7E8B467A19642
:1037C000B567D5E8B667DCBCB767CFBCB867DBE8E0
:1037D000B967A296BA67A396BB67A496BC67A5967D
:1037E000BD67A696BE67A796BF67A896C067A9964D
:1037F000C167DEE8C267AA96C367DAE8C467FAB1B0
:10380000C567AB96C667AC96C767AD96C867AE96F8
:10381000C967AF96CA67B096CB67B196CC67B296C8
:10382000CD67B396CE67B496CF67D8B0D067B3C430
:10383000D167CCB8D267E2C6D367BEC8D467E1C847
:10384000D567B596D667B696D767B796D867CFE8E7
:10385000D967D4E8DA67D6E8DB67B896DC67F1B9F0
:10386000DD67D8E8DE67F5D7DF67B996E067FBC4A8
:10387000E167BA96E267DCE8E367BB96E467BC966B
:10388000E567E9B2E667BD96E767BE96E867BF966B
:10389000E967D1E8EA67C096EB67C196EC67EDBCD3
:1038A000ED67C296EE67C396EF67C2BFF067CDE8DB
:1038B000F167F9D6F267C496F367F8C1F467F1B21D
:1038C000F567C596F667C696F767C796F867C89610
:1038D000F967C996FA67CA96FB67CB96FC67CC96E0
:1038E000FD67DFE8FE67CD96FF67C1CA0068D9E8CB
:1038F0000168CE960268CF960368D0960468D19688
:103900000568A4D50668D2960768EAB10868BBD5F1
:103910000968CEE80A68D0E80B68B0B60C68D3E84E
:103920000D68D3960E68DDE80F68B8C01068D496AD
:103930001168F7CA1268D5961368A8CB1468D69692
:103940001568D7961668DCC61768F5C01868D8964B
:103950001968D9961A68DA961B68DB961C68DC969B
:103960001D68E9E81E68DD961F68DE962068DF9610
:103970002168A3D02268E0962368E1962468E29645
:103980002568E3962668E4962768E5962868E69613
:103990002968F2E82A68EAD62B68E7962C68E89648
:1039A0002D68E9962E68EA962F68EB963068EC96BB
:1039B0003168ED963268E0E83368E1E83468EE9605
:1039C0003568EF963668F0963768F9D13868CBBA23
:1039D0003968F9B83A68F1963B68F2963C68F1B8F4
:1039E0003D68D4D43E68EFE83F68F3964068EEE85F
:1039F0004168ECE84268F0B94368D2CC4468E6E834
:103A00004568A6CE4668F2BF4768F4964868B8B0E5
:103A10004968F1E84A68F0E84B68F5964C68C0D709
:103A20004D68F6964E68E4E84F68F7965068A9CD61
:103A30005168A3C95268F8965368B8BB5468DBBD97
:103A40005568EAE85668F9965768FA965868FB96FA
:103A50005968FC965A68FD965B68FE965C684097CC
:103A60005D6841975E6842975F6843976068E2E8E7
:103A70006168E3E86268E5E86368B5B56468E7E84B
:103A80006568C5C76668EBE86768EDE86868B0BD5B
:103A90006968AED76A6844976B68F8E86C684597C0
:103AA0006D6846976E6847976F6848977068499742
:103AB00071684A9772684B9773684C977468F5E819
:103AC00075684D977668B0CD7768F6E878684E9758
:103AD00079684F977A6850977B6851977C685297BE
:103AE0007D6853977E6854977F685597806856978E
:103AF0008168BAC1826857978368E8E884685897F4
:103B00008568B7C38668F0B08768599788685A9700
:103B100089685B978A685C978B685D978C685E970D
:103B20008D685F978E6860978F68F4E890686197FA
:103B300091686297926863979368F7E894686497CE
:103B400095686597966866979768A3B99868679728
:103B5000996868979A6869979B686A979C686B9759
:103B60009D686C979E686D979F686E97A0686F9729
:103B7000A1687097A268D2C9A3687197A468729768
:103B8000A5687397A668CEC3A768E0CEA868E6C00C
:103B9000A9687497AA687597AB687697AC687797A9
:103BA000AD68F3CBAE687897AF68DDCCB068B5D0C0
:103BB000B1687997B2687A97B368E1CAB4687B97BD
:103BC000B568F3E8B6687C97B7687D97B8687E9764
:103BD000B9688097BA688197BB688297BC688397F9
:103BE000BD688497BE688597BF688697C068ECBC3F
:103BF000C1688797C268F9E8C3688897C4688997DD
:103C0000C5688A97C6688B97C7688C97C8688D9770
:103C1000C968DEC3CA688E97CB68E5C6CC688F9743
:103C2000CD68F7B9CE689097CF689197D068929792
:103C3000D1689397D268F4B0D3689497D468959775
:103C4000D568D8D7D6689697D7689797D868ACBC08
:103C5000D9689897DA68EFC5DB689997DC689A9716
:103C6000DD689B97DE689C97DF689D97E068C4CC11
:103C7000E1689E97E2689F97E368A6E9E468A097E9
:103C8000E568A197E668A297E768A397E868A49714
:103C9000E968A597EA68A697EB68A797EC68A897E4
:103CA000ED68A997EE68ADC9EF68AA97F068A2E938
:103CB000F168E2C0F268AB97F368AC97F468AD972F
:103CC000F568C3BFF668AE97F768AF97F868B09726
:103CD000F968FEE8FA68D7B9FB68B197FC68FBE8B9
:103CE000FD68B297FE68B397FF68B4970069B5970F
:103CF0000169A4E90269B6970369B7970469B8979F
:103D00000569CED20669B9970769BA970869BB9762
:103D10000969BC970A69BD970B69A3E90C69BE974D
:103D20000D69B2D60E69B5D70F69BF971069A7E9BB
:103D30001169C0971269B7BD1369C1971469C29719
:103D40001569C3971669C4971769C5971869C69707
:103D50001969C7971A69C8971B69C9971C69CA97D7
:103D60001D69CB971E69CC971F69FCE82069FDE8A7
:103D70002169CD972269CE972369CF972469A1E95C
:103D80002569D0972669D1972769D2972869D39753
:103D90002969D4972A69D5972B69D6972C69D79723
:103DA0002D69D6CD2E69D8972F69D9973069ACD2B5
:103DB0003169DA973269DB973369DC973469B2E9A4
:103DC0003569DD973669DE973769DF973869E0979F
:103DD0003969A9E93A69E1973B69E2973C69E39758
:103DE0003D69AAB43E69E4973F69BBB44069E59771
:103DF0004169E6974269ABE94369E7974469E89707
:103E00004569E9974669EA974769EB974869EC97EE
:103E10004969ED974A69EE974B69EF974C69F097BE
:103E20004D69F1974E69F2974F69F3975069F4978E
:103E30005169F5975269F6975369F7975469A8D075
:103E40005569F8975669F9975769A5E95869FA9736
:103E50005969FB975A69FEB35B69FC975C69FD97EA
:103E60005D69ACE95E69E3C05F69FE976069AAE9D4
:103E700061694098626941986369B9E964694298E7
:103E8000656943986669B8E96769449868694598BF
:103E9000696946986A6947986B69AEE96C694898A0
:103EA0006D6949986E69FAE86F694A9870694B982C
:103EB0007169A8E972694C9873694D9874694E9854
:103EC00075694F98766950987769ACBF7869B1E9A0
:103ED0007969BAE97A6951987B6952987C69A5C277
:103EE0007D6953987E6954987F6955988069AFE9D8
:103EF000816956988269C5B8836957988469ADE924
:103F0000856958988669DCD38769B4E98869B5E919
:103F10008969B7E98A6959988B695A988C695B985D
:103F20008D69C7E98E695C988F695D9890695E9824
:103F300091695F9892696098936961989469C6C025
:103F40009569C5E996696298976963989869B0E937
:103F5000996964989A6965989B69BBE99C69F1B015
:103F60009D6966989E6967989F696898A069699835
:103F7000A1696A98A2696B98A3696C98A4696D9805
:103F8000A5696E98A6696F98A769BCE9A869A5D5C7
:103F9000A9697098AA697198AB69BEE9AC69729811
:103FA000AD69BFE9AE697398AF697498B0697598E7
:103FB000B169C1E9B2697698B3697798B469F1C11A
:103FC000B5697898B6697998B769B6C8B8697A98C2
:103FD000B9697B98BA697C98BB69BDE9BC697D9871
:103FE000BD697E98BE698098BF698198C0698298D2
:103FF000C169C2E9C2698398C3698498C469859814
:10400000C5698698C6698798C7698898C869899874
:10401000C9698A98CA69C3E9CB698B98CC69B3E945
:10402000CD698C98CE69B6E9CF698D98D069B1BB5E
:10403000D1698E98D2698F98D3699098D469C0E974
:10404000D5699198D6699298D7699398D8699498C8
:10405000D9699598DA699698DB69F7BCDC69979815
:10406000DD699898DE699998DF69C4E9E069C6E975
:10407000E1699A98E2699B98E3699C98E4699D9844
:10408000E5699E98E6699F98E769A098E869A19814
:10409000E969A298EA69A398EB69A498EC69A598E4
:1040A000ED69CAE9EE69A698EF69A798F069A89842
:1040B000F169A998F269CEE9F369AA98F469AB9815
:1040C000F569AC98F669AD98F769AE98F869AF985C
:1040D000F969B098FA69B198FB69B298FC69B3982C
:1040E000FD69DBB2FE69B498FF69C8E9006AB5985A
:1040F000016AB698026AB798036AB898046AB998D0
:10410000056ABA98066ABB98076ABC98086ABD989F
:10411000096ABE980A6AAEB70B6ABF980C6AC09863
:104120000D6AC1980E6AC2980F6AC398106AC49843
:10413000116AC598126AC698136AC798146AC89813
:10414000156AC998166ACA98176ACBE9186ACCE941
:10415000196ACB981A6ACC981B6ACD981C6ACE98BB
:104160001D6ACF981E6AD0981F6AC1D5206AD1985F
:10417000216AA3C4226AD298236AD398246AD49865
:10418000256AD598266AD698276AD798286AD8E9E2
:10419000296AD8982A6AE1BA2B6AD9982C6ADA98DF
:1041A0002D6ADB982E6ADC982F6AC9E9306ADD989F
:1041B000316AA3D3326ADE98336ADF98346AE098B2
:1041C000356AD4E9366AE198376AE298386AE39842
:1041D000396AE4983A6AE5983B6AE6983C6AE79857
:1041E0003D6AD7E93E6AD0E93F6AE898406AE998B3
:1041F000416AEA98426AEB98436AEC98446ACFE9CC
:10420000456AED98466AEE98476AC1C7486AEF98D2
:10421000496AF0984A6AF1984B6AF2984C6AF398A6
:104220004D6AF4984E6AF5984F6AF698506AD2E94A
:10423000516AF798526AF898536AF998546AFA984A
:10424000556AFB98566AFC98576AFD98586AD9E9EE
:10425000596AC8B35A6AFE985B6AD3E95C6A4099A6
:104260005D6A41995E6A42995F6A4399606A4499BE
:10427000616AF0CF626A4599636A4699646A4799B0
:10428000656ACDE9666A4899676A4999686A4A9990
:10429000696A4B996A6A4C996B6A4D996C6A4E9936
:1042A0006D6A4F996E6A50996F6A5199706A529906
:1042B000716AF7B3726A5399736A5499746A55991B
:1042C000756A5699766A5799776A5899786A5999AA
:1042D000796AD6E97A6A5A997B6A5B997C6ADAE9E3
:1042E0007D6A5C997E6A5D997F6A5E99806AB4CCCA
:1042F000816A5F99826A6099836A6199846AADCFA5
:10430000856A6299866A6399876A6499886A6599F9
:10431000896A66998A6A67998B6A68998C6A6999C9
:104320008D6A6A998E6AD5E98F6A6B99906ADCE921
:10433000916ADBE9926A6C99936A6D99946A6E99B5
:10434000956A6F99966A7099976ADEE9986A719989
:10435000996A72999A6A73999B6A74999C6A759919
:104360009D6A76999E6A77999F6A7899A06AD1E941
:10437000A16A7999A26A7A99A36A7B99A46A7C99BD
:10438000A56A7D99A66A7E99A76A8099A86A81998B
:10439000A96ADDE9AA6A8299AB6ADFE9AC6ACAC395
:1043A000AD6A8399AE6A8499AF6A8599B06A869935
:1043B000B16A8799B26A8899B36A8999B46A8A9905
:1043C000B56A8B99B66A8C99B76A8D99B86A8E99D5
:1043D000B96A8F99BA6A9099BB6A9199BC6A9299A5
:1043E000BD6A9399BE6A9499BF6A9599C06A969975
:1043F000C16A9799C26A9899C36A9999C46A9A9945
:10440000C56A9B99C66A9C99C76A9D99C86A9E9914
:10441000C96A9F99CA6AA099CB6AA199CC6AA299E4
:10442000CD6AA399CE6AA499CF6AA599D06AA699B4
:10443000D16AA799D26AA899D36AA999D46AAA9984
:10444000D56AAB99D66AAC99D76AAD99D86AAE9954
:10445000D96AAF99DA6AB099DB6AB199DC6AB29924
:10446000DD6AB399DE6AB499DF6AB599E06AB699F4
:10447000E16AB799E26AB899E36AB999E46ABA99C4
:10448000E56ABB99E66ABC99E76ABD99E86ABE9994
:10449000E96ABF99EA6AC099EB6AC199EC6AC29964
:1044A000ED6AC399EE6AC499EF6AC599F06AC69934
:1044B000F16AC799F26AC899F36AC999F46ACA9904
:1044C000F56ACB99F66ACC99F76ACD99F86ACE99D4
:1044D000F96ACF99FA6AD099FB6AD199FC6AD299A4
:1044E000FD6AD399FE6AD499FF6AD599006BD69973
:1044F000016BD799026BD899036BD999046BDA9940
:10450000056BDB99066BDC99076BDD99086BDE990F
:10451000096BDF990A6BE0990B6BE1990C6BE299DF
:104520000D6BE3990E6BE4990F6BE599106BE699AF
:10453000116BE799126BE899136BE999146BEA997F
:10454000156BEB99166BEC99176BED99186BEE994F
:10455000196BEF991A6BF0991B6BF1991C6BF2991F
:104560001D6BF3991E6BF4991F6BF599206BB7C700
:10457000216BCEB4226BB6BB236BC0D0246BA3ECF3
:10458000256BF699266BF799276BB7C5286BF899B9
:10459000296BF9992A6BFA992B6BFB992C6BFC9977
:1045A0002D6BFD992E6BFE992F6B409A306B419AC3
:1045B000316B429A326BFBD3336B439A346B449A20
:1045C000356B459A366B469A376BA4EC386B479A35
:1045D000396BA5EC3A6BDBC63B6B489A3C6B499A4E
:1045E0003D6B4A9A3E6BEEBF3F6B4B9A406B4C9AC9
:1045F000416B4D9A426B4E9A436BA6EC446B4F9ABB
:10460000456B509A466BA7EC476BAAD0486B519A02
:10461000496BB8C74A6B529A4B6B539A4C6BE8B8CC
:104620004D6B549A4E6B559A4F6B569A506B579AE6
:10463000516B589A526B599A536B5A9A546B5B9AB6
:10464000556B5C9A566B5D9A576B5E9A586B5F9A86
:10465000596BA8EC5A6B609A5B6B619A5C6B629ABF
:104660005D6B639A5E6B649A5F6B659A606B669A2A
:10467000616B679A626BB9D6636BFDD5646BCBB423
:10468000656BBDB2666BE4CE676BE7C6686B689A14
:10469000696B699A6A6BE1CD6B6B6A9A6C6B6B9A0A
:1046A0006D6B6C9A6E6B6D9A6F6B6E9A706B6F9A86
:1046B000716B709A726B719A736B729A746B739A56
:1046C000756B749A766B759A776B769A786B779A26
:1046D000796BF5B47A6B789A7B6BC0CB7C6BDFBC63
:1046E0007D6B799A7E6B7A9A7F6B7B9A806B7C9AD2
:1046F000816BE2E9826BE3E9836BEAD1846BE5E9E4
:10470000856B7D9A866BF9B4876BE4E9886B7E9A3A
:10471000896BB3D18A6BE2CA8B6BD0B28C6B809AF7
:104720008D6BE8E98E6B819A8F6B829A906B839A7E
:10473000916B849A926BE6E9936BE7E9946B859AA7
:10474000956B869A966BB3D6976B879A986B889A77
:10475000996B899A9A6BE9E99B6BEAE99C6B8A9A57
:104760009D6B8B9A9E6B8C9A9F6B8D9AA06B8E9A89
:10477000A16BEBE9A26B8F9AA36B909AA46B919AB1
:10478000A56B929AA66B939AA76B949AA86B959A2D
:10479000A96B969AAA6BECE9AB6B979AAC6B989A5B
:1047A000AD6B999AAE6B9A9AAF6B9B9AB06B9C9AD1
:1047B000B16B9D9AB26B9E9AB36BAFECB46BB9C5FB
:1047C000B56BCEB6B66B9F9AB76BF3D2B86BA09AA7
:1047D000B96BA19ABA6BA29ABB6BA39ABC6BA49A51
:1047E000BD6BA59ABE6BA69ABF6BEEB5C06BA79AC0
:1047F000C16BD9BBC26BB1ECC36BA89AC46BA99A4D
:10480000C56BE3D2C66BAA9AC76BAB9AC86BAC9A5E
:10481000C96BAD9ACA6BAE9ACB6BE3CECC6BAF9A39
:10482000CD6BB8C4CE6BB09ACF6BBFC3D06BB19A0F
:10483000D16BB29AD26BBEB6D36BB9D8D46BC8B1B8
:10484000D56BCFB1D66BD1B1D76BFEC5D86BB39A50
:10485000D96BD0B1DA6BB49ADB6BABC3DC6BB59AB6
:10486000DD6BB69ADE6BB79ADF6BB89AE06BB99ADC
:10487000E16BB1D5E26BBA9AE36BBB9AE46BBC9A7D
:10488000E56BBD9AE66BBE9AE76BBF9AE86BC09A80
:10489000E96BC19AEA6BA4EBEB6BC1BAEC6BC29A01
:1048A000ED6BC39AEE6BC49AEF6BBACCF06BC59A02
:1048B000F16BC69AF26BC79AF36BA5EBF46BC89ACF
:1048C000F56BA7EBF66BC99AF76BCA9AF86BCB9AA4
:1048D000F96BA8EBFA6BCC9AFB6BCD9AFC6BCE9A7A
:1048E000FD6BA6EBFE6BCF9AFF6BD09A006CD19A52
:1048F000016CD29A026CD39A036CD49A046CD59A48
:10490000056CA9EB066CABEB076CAAEB086CD69AAE
:10491000096CD79A0A6CD89A0B6CD99A0C6CDA9AF3
:104920000D6CACEB0E6CDB9A0F6CCFCA106CB5D86B
:10493000116CF1C3126CDC9A136CA5C3146CF8C62D
:10494000156CADEB166CCAC4176CDD9A186CAEEB27
:10495000196CAFEB1A6CB0EB1B6CD5B71C6CDE9A04
:104960001D6CDF9A1E6CE09A1F6CFAB7206CE19AFE
:10497000216CB1EB226CE2C7236CE29A246CB3EB9E
:10498000256CE39A266CA4BA276CF5D1286CB1B0DB
:10499000296CB2EB2A6CB4EB2B6CE49A2C6CE59A84
:1049A0002D6CE69A2E6CAAB52F6CC8C2306CE8C785
:1049B000316CE79A326CB5EB336CE89A346CAECB61
:1049C000356CDFE3366CE99A376CEA9A386CC0D301
:1049D000396CEB9A3A6CEC9A3B6CED9A3C6CEE9A23
:1049E0003D6CDBD93E6CEF9A3F6CF09A406CA1CDE8
:1049F000416CADD6426CF3C7436CF19A446CF29AA9
:104A0000456CF39A466CE0D9476CE3BB486CF49A6A
:104A1000496CBABA4A6CE2E34B6CF59A4C6CF69A64
:104A20004D6CF79A4E6CF89A4F6CF99A506CABCF6C
:104A3000516CFA9A526CFB9A536CFC9A546CE0E3FA
:104A4000556CC7C9566CFD9A576CB9BA586CFE9A2A
:104A5000596C409B5A6C419B5B6CB4D15C6CE1E33C
:104A60005D6CEAC85E6CAFB95F6CADBD606CD8B30D
:104A7000616CDBCE626C429B636C439B646CC0CC0C
:104A8000656C449B666C459B676C469B686CE8E371
:104A9000696CE9E36A6CF4CD6B6C479B6C6C489B6A
:104AA0006D6C499B6E6C4A9B6F6C4B9B706CADCC74
:104AB000716C4C9B726CB3BC736C4D9B746CEAE371
:104AC000756C4E9B766CEBE3776C4F9B786C509BD0
:104AD000796CDAD07A6C519B7B6C529B7C6C539BCB
:104AE0007D6CFBC67E6CDAB77F6C549B806C559BEB
:104AF000816CDFC7826CCAD2836CD6CE846C569B25
:104B0000856CE4E3866CECE3876C579B886CF2C998
:104B1000896CC1B38A6C589B8B6C599B8C6CE7E396
:104B20008D6C5A9B8E6C5B9B8F6CE3C6906CE5E33F
:104B3000916C5C9B926C5D9B936CB3ED946CE6E323
:104B4000956C5E9B966C5F9B976C609B986C619B71
:104B5000996CB3C99A6C629B9B6CE6C59C6C639B19
:104B60009D6C649B9E6C659B9F6CB5B9A06C669BAD
:104B7000A16CBBC3A26C679BA36CE3E3A46CBDC533
:104B8000A56CA4C1A66CD9C2A76CD7B2A86C689B4F
:104B9000A96CEDE3AA6CA6BBAB6CADC4AC6C699B15
:104BA000AD6CF0E3AE6CDABEAF6C6A9BB06C6B9B25
:104BB000B16CFBE3B26CF5E3B36CD3BAB46C6C9B31
:104BC000B56C6D9BB66C6E9BB76C6F9BB86CD0B7B9
:104BD000B96CCDD3BA6C709BBB6CCED6BC6CD3D544
:104BE000BD6CC1B9BE6CB4D5BF6CD8D1C06C719B63
:104BF000C16C729BC26C739BC36C749BC46CB9D048
:104C0000C56CF6C7C66C759BC76C769BC86C779BEA
:104C1000C96CAAC8CA6CB4B2CB6C789BCC6CDAC332
:104C2000CD6C799BCE6C7A9BCF6C7B9BD06CEEE38A
:104C3000D16C7C9BD26C7D9BD36CFCE3D46CEFE39A
:104C4000D56CA8B7D66CF7E3D76CF4E3D86C7E9B31
:104C5000D96C809BDA6C819BDB6CBAB7DC6C829B75
:104C6000DD6C839BDE6CA2C5DF6C849BE06CF6E39D
:104C7000E16CDDC5E26CA8B2E36CFCC6E46C859B1C
:104C8000E56CE0C4E66C869BE76C879BE86CA2D77A
:104C9000E96C889BEA6CE1C0EB6CF9E3EC6C899BF6
:104CA000ED6C8A9BEE6CFAE3EF6CFDE3F06CA9CC43
:104CB000F16CF3E3F26C8B9BF36CBED3F46C8C9BC6
:104CC000F56CC3B1F66CB4EDF76CF1E3F86CF2E39C
:104CD000F96C8D9BFA6CF8E3FB6CBAD0FC6CC3C624
:104CE000FD6CF3D4FE6CFEE3FF6C8E9B006D8F9B1E
:104CF000016DE0BD026D909B036D919B046DA7E477
:104D0000056D929B066D939B076DA6E4086D949BC1
:104D1000096D959B0A6D969B0B6DF3D10C6DA3E409
:104D20000D6D979B0E6DA9E40F6D989B106D999B6F
:104D3000116D9A9B126DF7C8136D9B9B146D9C9B14
:104D4000156D9D9B166D9E9B176DB4CF186D9F9B27
:104D5000196DA8E41A6DAEE41B6DE5C21C6DA09B35
:104D60001D6DA19B1E6DB4B61F6DA29B206DA39BF4
:104D7000216DA49B226DA59B236DA69B246DA79BF3
:104D8000256DF2BD266DA89B276DA2E4286DA99B19
:104D9000296DAA9B2A6DE9BA2B6DAAE42C6DAB9BF9
:104DA0002D6DAC9B2E6DACE42F6DAD9B306DAE9B2D
:104DB000316DFDB6326DDED6336DB2E4346DAF9B2E
:104DC000356DADE4366DB09B376DB19B386DB29BE0
:104DD000396DA1E43A6DB39B3B6DEEBB3C6DDDCD0F
:104DE0003D6DA2C73E6DC9C53F6DB49B406DB59B7F
:104DF000416DF7C1426DB69B436DA4E4446DB79B12
:104E0000456DB3C7466DACBD476DBDBD486DA5E4EE
:104E1000496DB89B4A6DC7D74B6DE2B24C6DB99BDB
:104E20004D6DABE44E6DC3BC4F6DAFE4506DBA9B9E
:104E3000516DEBBB526DB0E4536DA8C5546DB1E438
:104E4000556DBB9B566DBC9B576DBD9B586DBE9BF6
:104E5000596DE3D55A6DA3BF5B6DBF9B5C6DBAE422
:104E60005D6DC09B5E6DB7E45F6DC19B606DBBE423
:104E7000616DC29B626DC39B636DBDE4646DC49B39
:104E8000656DC59B666DD6C6676DC69B686DC79B15
:104E9000696DC6BA6A6DCBC06B6DC89B6C6DC99BE2
:104EA0006D6DCA9B6E6DA1B86F6DB4E4706DCB9BD8
:104EB000716DCC9B726DCD9B736DCE9B746DA1D4C7
:104EC000756DCF9B766DD09B776DA3BA786DFEBD67
:104ED000796DD19B7A6DD29B7B6DD39B7C6DBCE44D
:104EE0007D6DD49B7E6DD59B7F6DD69B806DD79B52
:104EF000816DD89B826DBFCD836DD99B846DDA9B0C
:104F0000856DF9C4866DDB9B876DDC9B886DFBCF5F
:104F1000896DE6C98A6DDD9B8B6DDE9B8C6DBFD381
:104F20008D6DDF9B8E6DD1CF8F6DE09B906DE19B82
:104F3000916DB3E4926DE29B936DB8E4946DB9E426
:104F4000956DE9CC966DE39B976DE49B986DE59B21
:104F5000996DE69B9A6DE79B9B6DCECC9C6DE89B13
:104F60009D6DD4C09E6DB5E49F6DB0C1A06DB6E4DB
:104F7000A16DD0CEA26DE99BA36DC1BBA46DD3B5CD
:104F8000A56DEA9BA66DF3C8A76DA7BDA86DC7D593
:104F9000A96DACC9AA6DA2B8AB6DCAE4AC6DEB9BB0
:104FA000AD6DEC9BAE6DCCE4AF6DC4D1B06DED9B3F
:104FB000B16DEE9BB26DBAD2B36DEF9BB46DF09B49
:104FC000B56DADBAB66DF19BB76DF29BB86DD4BA45
:104FD000B96DF39BBA6DF49BBB6DF59BBC6DF69BF5
:104FE000BD6DF79BBE6DF89BBF6DC3E4C06DEDB5A5
:104FF000C16DF99BC26DFA9BC36DFB9BC46DCDD790
:10500000C56DC0E4C66DFDCFC76DBFE4C86DFC9B28
:10501000C96DFD9BCA6DFE9BCB6DDCC1CC6DCACC4E
:10502000CD6D409CCE6D419CCF6D429CD06D439C1C
:10503000D16DE7CAD26D449CD36D459CD46D469C1E
:10504000D56D479CD66DD7C4D76D489CD86DD4CC50
:10505000D96DC8E4DA6D499CDB6D4A9CDC6D4B9CD4
:10506000DD6DC7E4DE6DC1E4DF6D4C9CE06DC4E432
:10507000E16DADB5E26D4D9CE36D4E9CE46DD9D311
:10508000E56D4F9CE66DC6E4E76D509CE86D519C64
:10509000E96D529CEA6D539CEB6DF9D2EC6DE3B473
:1050A000ED6D549CEE6DB4BBEF6D559CF06D569C50
:1050B000F16DEEC9F26D579CF36DBEB4F46D589C62
:1050C000F56D599CF66D5A9CF76DECBBF86D5B9CC9
:1050D000F96DCDD1FA6D5C9CFB6DEDCCFC6DB5ED41
:1050E000FD6D5D9CFE6D5E9CFF6D5F9C006E609C27
:1050F000016E619C026E629C036E639C046E649CF4
:10510000056EE5C7066E659C076E669C086E679C1B
:10511000096E689C0A6EA8D40B6E699C0C6ECBE479
:105120000D6ED5D70E6EC2E40F6E6A9C106EA5BDD3
:10513000116EC5E4126E6B9C136E6C9C146EE6D3FC
:10514000156E6D9C166EC9E4176EF8C9186E6E9CCC
:10515000196E6F9C1A6EBEE41B6E709C1C6E719C67
:105160001D6EE5D31E6E729C1F6E739C206EFEC773
:10517000216EC9B6226E749C236EFCD4246EB3B229
:10518000256ED7E4266E759C276E769C286E779CDC
:10519000296EC2CE2A6E789C2B6ECDE42C6E799C43
:1051A0002D6EBCCE2E6E7A9C2F6EDBB8306E7B9C43
:1051B000316E7C9C326ED6E4336E7D9C346ECABFF9
:1051C000356E7E9C366E809C376E819C386ECED359
:1051D000396E829C3A6EECC33B6E839C3C6E849C21
:1051E0003D6E859C3E6E869C3F6E879C406E889C83
:1051F000416E899C426E8A9C436EC8C5446ED8E459
:10520000456E8B9C466E8C9C476E8D9C486E8E9C2A
:10521000496E8F9C4A6E909C4B6E919C4C6E929CFA
:105220004D6EC4CD4E6ECFE44F6E939C506E949CE9
:10523000516E959C526E969C536ED4E4546ED5E498
:10524000556E979C566EFEBA576E989C586EE6CF78
:10525000596E999C5A6E9A9C5B6EBFD55C6E9B9CF6
:105260005D6E9C9C5E6E9D9C5F6ED2E4606E9E9CAB
:10527000616E9F9C626EA09C636EA19C646EA29CFA
:10528000656EA39C666EA49C676EA59C686EA69CCA
:10529000696EA79C6A6EA89C6B6ED0E46C6EA99C2C
:1052A0006D6EAA9C6E6ECEE46F6EAB9C706EAC9C05
:1052B000716EAD9C726EAE9C736EAF9C746EB09C42
:1052C000756EB19C766EB29C776EB39C786EB49C12
:1052D000796EB59C7A6EB69C7B6EB79C7C6EB89CE2
:1052E0007D6EB99C7E6EE5CD7F6EAACA806EBA9C3B
:1052F000816EBB9C826EBC9C836EA3C0846EBD9C81
:10530000856EA6BD866ED3E4876EBE9C886EBF9CFC
:10531000896EC8B88A6EC09C8B6EC19C8C6EC29C14
:105320008D6EC39C8E6EC49C8F6EE7E4906EB4D479
:10533000916EC59C926EC69C936EC79C946EC89CE1
:10534000956EC99C966ECA9C976ECB9C986EDBE45A
:10535000996ECC9C9A6ECD9C9B6ECE9C9C6EEFC140
:105360009D6ECF9C9E6ED09C9F6EE9E4A06ED19CFA
:10537000A16ED29CA26EE7D2A36ED39CA46ED49CE5
:10538000A56EDFE4A66ED59CA76EE0E4A86ED69C61
:10539000A96ED79CAA6EAACFAB6ED89CAC6ED99CD6
:1053A000AD6EDA9CAE6EDB9CAF6EDDCBB06EDC9C7E
:1053B000B16EDAE4B26ED1E4B36EDD9CB46EE5E4B6
:1053C000B56EDE9CB66EDCC8B76EE3E4B86EDF9CEB
:1053D000B96EE09CBA6EE7C4BB6EE2E4BC6EE19CC1
:1053E000BD6EE1E4BE6EE29CBF6EE39CC06EE49CC9
:1053F000C16EFCB3C26EE8E4C36EE59CC46EE69C6D
:10540000C56EE79CC66EE89CC76EE1B5C86EE99CA8
:10541000C96EEA9CCA6EEB9CCB6ECCD7CC6EEC9C72
:10542000CD6EED9CCE6EEE9CCF6EE6E4D06EEF9C22
:10543000D16EACBBD26EF09CD36ED2D7D46ECFCC33
:10544000D56EF8EBD66EF19CD76EE4E4D86EF29C84
:10545000D96EF39CDA6EF6B9DB6EF49CDC6EF59CCB
:10546000DD6EF69CDE6ECDD6DF6ED9E4E06EDCE458
:10547000E16EFAC2E26EDEE4E36EF79CE46ECBC24C
:10548000E56EC4C0E66ED0C2E76EF89CE86EF5B17A
:10549000E96EB2CCEA6EF99CEB6EFA9CEC6EFB9C6A
:1054A000ED6EFC9CEE6EFD9CEF6EFE9CF06E409DE2
:1054B000F16E419DF26E429DF36E439DF46ECEB54A
:1054C000F56E449DF66E459DF76E469DF86E479DC0
:1054D000F96EEFE4FA6E489DFB6E499DFC6E4A9DA5
:1054E000FD6E4B9DFE6E4C9DFF6E4D9D006F4E9D63
:1054F000016F4F9D026FAFC6036F509D046F519DAA
:10550000056F529D066FE1C6076F539D086F549D4E
:10551000096FF5E40A6F559D0B6F569D0C6F579DF3
:105520000D6F589D0E6F599D0F6FA9C2106F5A9D38
:10553000116F5B9D126F5C9D136FECC0146FDDD11A
:10554000156FEEE4166F5D9D176F5E9D186F5F9D82
:10555000196F609D1A6F619D1B6F629D1C6F639D2B
:105560001D6F649D1E6F659D1F6F669D206FAEC48D
:10557000216F679D226F689D236F699D246FEDE405
:10558000256F6A9D266F6B9D276F6C9D286F6D9DA3
:10559000296FF6E42A6FF4E42B6FFEC22C6F6E9D28
:1055A0002D6FDDE42E6F6F9D2F6FF0E4306F709DD7
:1055B000316FFECA326F719D336FC4D5346F729DE7
:1055C000356F739D366FF1E4376F749D386F759D3D
:1055D000396F769D3A6F779D3B6F789D3C6F799DD3
:1055E0003D6F7A9D3E6FFAD13F6F7B9D406F7C9DF2
:1055F000416F7D9D426F7E9D436F809D446F819D75
:10560000456F829D466FEBE4476FECE4486F839DE6
:10561000496F849D4A6F859D4B6FF2E44C6F869D68
:105620004D6FABCE4E6F879D4F6F889D506F899D9C
:10563000516F8A9D526F8B9D536F8C9D546F8D9DC2
:10564000556F8E9D566F8F9D576F909D586FCBC530
:10565000596F919D5A6F929D5B6F939D5C6FB1C71F
:105660005D6F949D5E6FBAC25F6F959D606F969DF2
:10567000616F979D626FEAE4636F989D646F999D77
:10568000656F9A9D666FCAC1676F9B9D686F9C9D91
:10569000696F9D9D6A6F9E9D6B6F9F9D6C6FA09DB6
:1056A0006D6FB6CC6E6FB1B36F6FA19D706FA29D21
:1056B000716FA39D726FFBE4736FA49D746FF3E42D
:1056C000756FA59D766FA69D776FA79D786FFAE49D
:1056D000796FA89D7A6FFDE47B6FA99D7C6FFCE4D8
:1056E0007D6FAA9D7E6FAB9D7F6FAC9D806FAD9DE2
:1056F000816FAE9D826FAF9D836FB09D846FCEB37F
:10570000856FB19D866FB29D876FB39D886FBAB369
:10571000896FF7E48A6FB49D8B6FB59D8C6FF9E448
:105720008D6FF8E48E6FECC58F6FB69D906FB79D4F
:10573000916FB89D926FB99D936FBA9D946FBB9D09
:10574000956FBC9D966FBD9D976FBE9D986FBF9DD9
:10575000996FC09D9A6FC19D9B6FC29D9C6FBDC08C
:105760009D6FC39D9E6FC49D9F6FC59DA06FC69D7D
:10577000A16FE8D4A26FC79DA36FC89DA46FC99DF8
:10578000A56FCA9DA66FCB9DA76FA2E5A86FCC9D04
:10579000A96FCD9DAA6FCE9DAB6FCF9DAC6FD09DF5
:1057A000AD6FD19DAE6FD29DAF6FD39DB06FD49DC5
:1057B000B16FD59DB26FD69DB36FC4B0B46FD79D96
:1057C000B56FD89DB66FA4E5B76FD99DB86FDA9D58
:1057D000B96FA3E5BA6FDB9DBB6FDC9DBC6FDD9D30
:1057E000BD6FDE9DBE6FDF9DBF6FE09DC06FA4BC2F
:1057F000C16FE19DC26FA5E5C36FE29DC46FE39DDC
:10580000C56FE49DC66FE59DC76FE69DC86FE79DB8
:10581000C96FA1E5CA6FE89DCB6FE99DCC6FEA9D8A
:10582000CD6FEB9DCE6FEC9DCF6FED9DD06FEE9D5C
:10583000D16FFEE4D26FF4B1D36FEF9DD46FF09DC2
:10584000D56FF19DD66FF29DD76FF39DD86FF49D04
:10585000D96FF59DDA6FF69DDB6FF79DDC6FF89DD4
:10586000DD6FF99DDE6FA8E5DF6FFA9DE06FA9E5BA
:10587000E16FA6E5E26FFB9DE36FFC9DE46FFD9D8C
:10588000E56FFE9DE66F409EE76F419EE86F429E8A
:10589000E96F439EEA6F449EEB6F459EEC6F469E18
:1058A000ED6F479EEE6FA7E5EF6FAAE5F06F489E9C
:1058B000F16F499EF26F4A9EF36F4B9EF46F4C9EC0
:1058C000F56F4D9EF66F4E9EF76F4F9EF86F509E90
:1058D000F96F519EFA6F529EFB6F539EFC6F549E60
:1058E000FD6F559EFE6F569EFF6F579E0070589E2F
:1058F0000170599E02705A9E03705B9E04705C9EFC
:1059000005705D9E06705E9E07705F9E0870609ECB
:105910000970619E0A70629E0B70639E0C70649E9B
:105920000D70659E0E70669E0F70679E1070689E6B
:105930001170D9C61270699E13706A9E14706B9EA6
:1059400015706C9E16706D9E17706E9E18706F9E0F
:105950001970709E1A70ABE51B70ADE51C70719EDE
:105960001D70729E1E70739E1F70749E2070759EB7
:105970002170769E2270779E2370ACE52470789E0D
:105980002570799E26707A9E27707B9E28707C9E5B
:1059900029707D9E2A707E9E2B70809E2C70819E29
:1059A0002D70829E2E70839E2F70849E3070859EF7
:1059B0003170869E3270879E3370889E3470899EC7
:1059C0003570AFE536708A9E37708B9E38708C9E2E
:1059D0003970AEE53A708D9E3B708E9E3C708F9E06
:1059E0003D70909E3E70919E3F70929E4070939E3F
:1059F0004170949E4270959E4370969E4470979E0F
:105A00004570989E4670999E47709A9E48709B9EDE
:105A100049709C9E4A709D9E4B709E9E4C70E0B952
:105A20004D709F9E4E70A09E4F70B0E55070A19E2D
:105A30005170A29E5270A39E5370A49E5470A59E56
:105A40005570A69E5670A79E5770A89E5870A99E26
:105A50005970AA9E5A70AB9E5B70AC9E5C70AD9EF6
:105A60005D70AE9E5E70B1E55F70AF9E6070B09E7F
:105A70006170B19E6270B29E6370B39E6470B49E9A
:105A80006570B59E6670B69E6770B79E6870B89E6A
:105A90006970B99E6A70BA9E6B70F0BB6C70E1EC75
:105AA0006D70F0C36E70BB9E6F70C6B57070D2BB68
:105AB0007170BC9E7270BD9E7370BE9E7470BF9EEE
:105AC0007570E9C17670EED47770C09E7870C4BEF0
:105AD0007970C19E7A70C29E7B70C39E7C70C6D75F
:105AE0007D70C49E7E70D6D47F70D3B28070BEECC1
:105AF0008170C59E8270C69E8370C79E8470C89E4A
:105B00008570C1EA8670C99E8770CA9E8870CB9ED8
:105B10008970AFC28A70B6B48B70CC9E8C70CD9EEB
:105B20008D70CE9E8E70D7D18F70CF9E9070D09E8C
:105B30009170D19E9270B4B39370D29E9470B2C89B
:105B40009570BBBF9670C0EC9770D39E9870D49E32
:105B50009970CBD69A70D59E9B70D69E9C70BFECE8
:105B60009D70C1EC9E70D79E9F70D89EA070D99EEC
:105B7000A170DA9EA270DB9EA370DC9EA470DD9EF5
:105B8000A570DE9EA670DF9EA770E09EA870E19EC5
:105B9000A970E29EAA70E39EAB70C5ECAC70E6BE45
:105BA000AD70BFCCAE70DAC5AF70BCBEB070E49E55
:105BB000B170C6ECB270E59EB370FEB1B470E69EF3
:105BC000B570E79EB670E89EB770C4ECB870A8D503
:105BD000B970E3B5BA70E99EBB70C2ECBC70B6C1D7
:105BE000BD70E3B3BE70EA9EBF70EB9EC070C3ECA5
:105BF000C170B8CBC270C3C0C370FECCC470EC9E81
:105C0000C570ED9EC670EE9EC770EF9EC870D2C183
:105C1000C970F09ECA70C8ECCB70F19ECC70F29E39
:105C2000CD70F39ECE70F49ECF70F59ED070F69E30
:105C3000D170F79ED270F89ED370F99ED470FA9E00
:105C4000D570FB9ED670FC9ED770FD9ED870E6BACC
:105C5000D970D3C0DA70FE9EDB70F2D6DC70409F44
:105C6000DD70419FDE70429FDF70CCD1E070439FBA
:105C7000E170449FE270459FE370469FE470BEBFB1
:105C8000E570479FE670B3B7E770D5C9E870C7EC19
:105C9000E970E2BBEA70489FEB70CCCCEC70FDBDC4
:105CA000ED70C8C8EE70499FEF70A9CFF0704A9FA1
:105CB000F1704B9FF2704C9FF3704D9FF4704E9FAC
:105CC000F5704F9FF670509FF770E9CDF870519FB7
:105CD000F970EBC5FA70529FFB70539FFC70549F94
:105CE000FD70E9B7FE70559FFF70569F0071579F7A
:105CF0000171589F0271599F03715A9F04715B9FF4
:105D000005715C9F06715D9F07715E9F08715F9FC3
:105D10000971C9D10A71B8BA0B71609F0C71619F8A
:105D20000D71629F0E71639F0F71649F1071C9ECBA
:105D30001171659F1271669F1371CAEC1471679F90
:105D40001571C0BB1671CBEC1771689F1871E2EC2E
:105D50001971BAB11A71D9B71B71699F1C716A9F09
:105D60001D716B9F1E716C9F1F716D9F20716E9FC7
:105D700021716F9F2271709F2371719F2471729F97
:105D80002571739F2671B9BD2771749F2871759F06
:105D90002971769F2A71779F2B71789F2C71799F3B
:105DA0002D717A9F2E717B9F2F71CCEC3071E6D1D3
:105DB0003171CDEC32717C9F33717D9F34717E9F48
:105DC0003571809F3671BBC83771819F3871829F52
:105DD0003971839F3A71849F3B71859F3C71869F87
:105DE0003D71879F3E71889F3F71899F40718A9F57
:105DF00041718B9F42718C9F43718D9F44718E9F27
:105E00004571D1EC46718F9F4771909F4871919F6A
:105E10004971929F4A71D3EC4B71939F4C71CDBBEA
:105E20004D71949F4E71E5BC4F71959F5071969F37
:105E30005171979F5271989F5371999F54719A9F76
:105E400055719B9F56719C9F57719D9F58719E9F46
:105E500059719F9F5A71A09F5B71A19F5C71CFEC9C
:105E60005D71A29F5E71B7C95F71A39F6071A49FAE
:105E70006171A59F6271A69F6371A79F6471BAC388
:105E80006571A89F6671E3EC6771D5D56871D0EC38
:105E90006971A99F6A71AA9F6B71AB9F6C71AC9F6E
:105EA0006D71AD9F6E71F3D66F71AE9F7071AF9FC4
:105EB0007171B09F7271D2EC7371CEEC7471B19F3D
:105EC0007571B29F7671B39F7771B49F7871D4EC7E
:105ED0007971B59F7A71D5EC7B71B69F7C71B79F54
:105EE0007D71BFC97E71B89F7F71B99F8071BA9F64
:105EF0008171BB9F8271BC9F8371BD9F8471A8CF4C
:105F00008571BE9F8671BF9F8771C09F8871C19F39
:105F10008971C29F8A71DCD08B71C39F8C71C49FC1
:105F20008D71C59F8E71C69F8F71ACD19071C79FC7
:105F30009171C89F9271C99F9371CA9F9471DBC878
:105F40009571CB9F9671CC9F9771CD9F9871D6EC30
:105F50009971F5CE9A71CE9F9B71CF9F9C71D09F06
:105F60009D71D19F9E71D29F9F71ECCAA071DAEC96
:105F7000A171D39FA271D49FA371D59FA471D69F05
:105F8000A571D79FA671D89FA771D99FA871D9EC89
:105F9000A971DA9FAA71DB9FAB71DC9FAC71BEB0B7
:105FA000AD71DD9FAE71DE9FAF71DF9FB071E09F7D
:105FB000B171E19FB271E29FB371D7ECB471E39F0D
:105FC000B571D8ECB671E49FB771E59FB871E69FE3
:105FD000B971E4ECBA71E79FBB71E89FBC71E99FAE
:105FE000BD71EA9FBE71EB9FBF71EC9FC071ED9FC9
:105FF000C171EE9FC271EF9FC371BCC8C471F09FA5
:10600000C571F19FC671F29FC771F39FC871F49F6C
:10601000C971F59FCA71F69FCB71F79FCC71F89F3C
:10602000CD71F99FCE71C7C1CF71FA9FD071FB9F1F
:10603000D171FC9FD271FD9FD371FE9FD471DCECB6
:10604000D571E0D1D67140A0D77141A0D87142A0DE
:10605000D97143A0DA7144A0DB7145A0DC7146A080
:10606000DD7147A0DE7148A0DF7149A0E071DBEC73
:10607000E1714AA0E2714BA0E3714CA0E4714DA024
:10608000E571EFD4E6714EA0E771DDECE8714FA049
:10609000E97150A0EA7151A0EB7152A0EC7153A0CC
:1060A000ED7154A0EE71C6DBEF7155A0F07156A0F2
:1060B000F17157A0F27158A0F37159A0F4715AA070
:1060C000F5715BA0F6715CA0F7715DA0F8715EA040
:1060D000F971DEECFA715FA0FB7160A0FC7161A048
:1060E000FD7162A0FE7163A0FF7164A0007265A0E3
:1060F000017266A0027267A0037268A0047269A0B0
:1061000005726AA00672ACB107726BA008726CA02F
:1061100009726DA00A726EA00B726FA00C7270A053
:106120000D7271A00E7272A00F7273A0107274A023
:10613000117275A0127276A0137277A0147278A0F3
:10614000157279A016727AA017727BA018727CA0C3
:1061500019727DA01A727EA01B7280A01C7281A091
:106160001D72DFEC1E7282A01F7283A0207284A0B9
:10617000217285A0227286A0237287A0247288A033
:10618000257289A026728AA027728BA02872E0EC63
:1061900029728CA02A72A6D72B728DA02C72C0C532
:1061A0002D728EA02E728FA02F7290A03072BCEB39
:1061B0003172AEB0327291A0337292A0347293A059
:1061C0003572F4BE3672B8B83772AFD23872D6B004
:1061D0003972F9B53A7294A03B72B3D83C7295A06B
:1061E0003D72ACCB3E7296A03F72DDE3407297A049
:1061F000417298A0427299A043729AA044729BA0E7
:1062000045729CA046729DA04772ACC64872E6B02B
:1062100049729EA04A729FA04B72A0A04C72C6C544
:106220004D72B9EB4E72A1A04F72A2A05072A3A002
:106230005172A4A05272BAEB5372A5A05472A6A0D8
:106240005572A7A05672BBEB5772A8A05872A9A0AE
:106250005972C0D15A72AAA05B72A3C55C72ABA07E
:106260005D72F2EA5E72ACA05F72B2C46072ADA001
:106270006172B5C46272CEC06372AEA06472AFA028
:106280006572B0A06672F3EA6772C1C46872B1A0A9
:106290006972EFCE6A72B2A06B72B3A06C72B4A0D6
:1062A0006D72B5A06E72F0EA6F72F4EA7072B6A009
:1062B0007172B7A07272FCC97372B8A07472B9A07F
:1062C0007572A3C77672BAA07772BBA07872BCA0B1
:1062D0007972D8CC7A72FECE7B72BDA07C72BEA0E1
:1062E0007D72BFA07E72F5EA7F72F6EA8072ACCF53
:1062F0008172E7C08272C0A08372C1A08472F7EA83
:106300008572C2A08672C3A08772C4A08872C5A01D
:106310008972C6A08A72BFB68B72F8EA8C72C7A067
:106320008D72F9EA8E72C8A08F72FAEA9072C9A0D3
:106330009172CAA09272FBEA9372CBA09472CCA025
:106340009572CDA09672CEA09772CFA09872D0A071
:106350009972D1A09A72D2A09B72D3A09C72D4A041
:106360009D72D5A09E72D6A09F72F1EAA072D7A0AE
:10637000A172D8A0A272D9A0A372DAA0A472DBA0E5
:10638000A572DCA0A672DDA0A772DEA0A872DFA0B5
:10639000A972E0A0AA72E1A0AB72E2A0AC72AEC892
:1063A000AD72EBE1AE72E3A0AF72B8B7B072ECE1E0
:1063B000B172E4A0B272E5A0B372E6A0B472EDE1EE
:1063C000B572E7A0B672B4D7B772EEE1B872EFE17A
:1063D000B972CCD3BA72E8A0BB72E9A0BC72EAA0D1
:1063E000BD72EBA0BE72ECA0BF72EDA0C072EEA0B9
:1063F000C172F1E1C272F1BFC372F0E1C472D2B5F1
:10640000C572EFA0C672F0A0C772F1A0C872B7B192
:10641000C972F2A0CA72F3A0CB72F4A0CC72F5A03C
:10642000CD72F3E1CE72F2E1CF72F6A0D072FCBA77
:10643000D172F7A0D272F4E1D372F8A0D472F9A0AD
:10644000D572FAA0D672FBA0D772B7B9D872FCA0E9
:10645000D972D1BEDA72FDA0DB72FEA0DC7240AA56
:10646000DD7241AADE72FCC4DF7242AAE072DDBABC
:10647000E172C6BDE27243AAE37244AAE47245AA7D
:10648000E57246AAE67247AAE77248AAE872F5E101
:10649000E972F7E1EA7249AAEB724AAAEC72C0B655
:1064A000ED72C1CFEE72A8CAEF72F6E1F072F8D5C4
:1064B000F172FCD3F272F8E1F372FCE1F472F9E1EB
:1064C000F5724BAAF6724CAAF772FAE1F872EAC0BA
:1064D000F9724DAAFA72FEE1FB72A1E2FC72C7C02A
:1064E000FD724EAAFE724FAAFF7250AA007351AA03
:1064F0000173FBE1027352AA0373FDE1047353AA13
:10650000057354AA067355AA077356AA087357AAA7
:10651000097358AA0A73A5E20B7359AA0C735AAAF5
:106520000D735BAA0E73D4C10F735CAA10735DAABE
:1065300011735EAA12735FAA1373A3E2147360AAA5
:106540001573A8E21673FEB21773A2E2187361AA5C
:10655000197362AA1A7363AA1B73CDC31C73C2B2E8
:106560001D73A7E21E73A6E21F7364AA207365AAB7
:106570002173A4E22273A9E2237366AA247367AA93
:106580002573ABE2267368AA277369AA28736AAADF
:106590002973C9D02A73EDD62B73A8C32C73ACE230
:1065A0002D736BAA2E73D7CF2F736CAA30736DAA7D
:1065B0003173AEE232736EAA33736FAA3473EFBADB
:1065C000357370AA367371AA3773E0E93873ADE298
:1065D0003973AAE23A7372AA3B7373AA3C7374AA22
:1065E0003D7375AA3E73ABBB3F73B3D4407376AAB9
:1065F000417377AA427378AA437379AA44737AAA3B
:1066000045737BAA46737CAA47737DAA48737EAA0A
:10661000497380AA4A7381AA4B7382AA4C7383AAD6
:106620004D73B0E24E7384AA4F7385AA5073AFE2E4
:10663000517386AA5273E1E9537387AA547388AAE7
:10664000557389AA56738AAA5773B1E258738BAAF5
:1066500059738CAA5A738DAA5B738EAA5C738FAA26
:106660005D7390AA5E7391AA5F7392AA6073B2E29F
:10667000617393AA627394AA637395AA647396AACA
:10668000657397AA667398AA677399AA68739AAA9A
:1066900069739BAA6A739CAA6B739DAA6C73B3E21D
:1066A0006D73A1CC6E739EAA6F73B4E270739FAAD0
:1066B0007173A0AA727340AB737341AB747342AB36
:1066C000757343AB767344AB777345AB787346AB66
:1066D000797347AB7A7348AB7B7349AB7C734AAB36
:1066E0007D734BAB7E73B5E27F734CAB80734DAB68
:1066F00081734EAB82734FAB837350AB8473FED008
:10670000857351AB867352AB8773CAC2887353AB20
:106710008973F1D38A7354AB8B73F5CD8C7355ABFE
:106720008D7356AB8E73E0E78F7357AB907358AB96
:106730009173E1E7927359AB93735AAB94735BAB6C
:1067400095735CAB9673C1BE97735DAB98735EAB8C
:1067500099735FAB9A7360AB9B73EAC29C7361AB36
:106760009D7362AB9E7363AB9F73E4E7A07364ABEE
:10677000A17365ABA273E3E7A37366ABA47367ABC6
:10678000A57368ABA67369ABA7736AABA8736BAB51
:10679000A973E6CDAA736CABAB73B5C3AC736DAB29
:1067A000AD736EABAE73E2E7AF73B7BBB073D6CF6A
:1067B000B1736FABB273E1C1B373E9E7B47370AB9C
:1067C000B57371ABB67372ABB773E8E7B87373ABFD
:1067D000B97374ABBA73F4E7BB73A3B2BC7375AB94
:1067E000BD7376ABBE7377ABBF7378ABC073EAE7AC
:1067F000C17379ABC273E6E7C3737AABC4737BAB87
:10680000C5737CABC6737DABC7737EABC873ECE757
:10681000C973EBE7CA73BAC9CB7380ABCC7381ABD6
:10682000CD73E4D5CE7382ABCF73E5E7D073A9B750
:10683000D173E7E7D27383ABD37384ABD47385ABE7
:10684000D57386ABD67387ABD77388ABD87389AB58
:10685000D973EEE7DA738AABDB738BABDC738CAB8B
:10686000DD738DABDE73F3E7DF738EABE073E9D6D8
:10687000E1738FABE27390ABE37391ABE47392ABD4
:10688000E573EDE7E67393ABE773F2E7E87394AB78
:10689000E973F1E7EA7395ABEB7396ABEC7397ABE7
:1068A000ED73E0B0EE7398ABEF7399ABF0739AAB06
:1068B000F1739BABF273F5E7F3739CABF4739DAB91
:1068C000F5739EABF6739FABF773A0ABF87340AC58
:1068D000F97341ACFA7342ACFB7343ACFC7344AC48
:1068E000FD7345ACFE7346ACFF7347AC007448AC17
:1068F000017449AC02744AAC0374F2C704744BAC23
:106900000574C5C00674EDC007744CAC08744DAC7A
:106910000974F0C10A74F0E70B744EAC0C744FAC00
:106920000D7450AC0E7451AC0F74F6E71074F6CBC6
:10693000117452AC127453AC137454AC147455AC3F
:10694000157456AC167457AC177458AC187459AC0F
:1069500019745AAC1A74A2E81B74A1E81C745BACDD
:106960001D745CAC1E745DAC1F745EAC20745FACB7
:10697000217460AC2274C1D7237461AC247462ACFE
:106980002574FAE72674F9E7277463AC2874FBE7EB
:10699000297464AC2A74F7E72B7465AC2C74FEE799
:1069A0002D7466AC2E74FDE72F7467AC3074FCE771
:1069B000317468AC327469AC3374D5C13474D9C7DE
:1069C0003574FDC53674C3C537746AAC38746BACA6
:1069D00039746CAC3A746DAC3B746EAC3C74EDC7FE
:1069E0003D746FAC3E7470AC3F7471AC407472AC6B
:1069F0004174A3E8427473AC437474AC447475ACD2
:106A0000457476AC467477AC477478AC487479AC0E
:106A100049747AAC4A747BAC4B747CAC4C747DACDE
:106A20004D747EAC4E7480AC4F7481AC507482ACAB
:106A3000517483AC527484AC537485AC547486AC7A
:106A40005574A6E8567487AC5774A5E8587488AC9A
:106A50005974A7E85A74F7BA5B74F8E75C74A4E851
:106A60005D7489AC5E74F0C85F74AAC960748AAC46
:106A700061748BAC62748CAC63748DAC64748EACDA
:106A800065748FAC667490AC677491AC687492ACAA
:106A9000697493AC6A7494AC6B7495AC6C7496AC7A
:106AA0006D74A9E86E7497AC6F7498AC7074E5B9A6
:106AB000717499AC72749AAC73749BAC74749CAC22
:106AC00075749DAC7674FED17774A8E878749EAC2A
:106AD00079749FAC7A74A0AC7B7440AD7C7441AD8A
:106AE0007D7442AD7E74AAE87F7443AD8074ADE8D6
:106AF0008174AEE8827444AD8374A7C1847445ADDB
:106B0000857446AD867447AD8774AFE8887448AD28
:106B1000897449AD8A744AAD8B74B0E88C744BADFE
:106B20008D744CAD8E74ACE88F744DAD9074B4E838
:106B300091744EAD92744FAD937450AD947451AD49
:106B4000957452AD967453AD977454AD987455AD19
:106B5000997456AD9A7457AD9B7458AD9C74ABE85C
:106B60009D7459AD9E74B1E89F745AADA0745BAD2D
:106B7000A1745CADA2745DADA3745EADA4745FAD91
:106B8000A57460ADA67461ADA774B5E8A874B2E849
:106B9000A974B3E8AA7462ADAB7463ADAC7464ADB0
:106BA000AD7465ADAE7466ADAF7467ADB07468AD0D
:106BB000B17469ADB2746AADB3746BADB4746CADDD
:106BC000B5746DADB6746EADB7746FADB87470ADAD
:106BD000B97471ADBA74B7E8BB7472ADBC7473ADFF
:106BE000BD7474ADBE7475ADBF7476ADC07477AD51
:106BF000C17478ADC27479ADC3747AADC4747BAD21
:106C0000C5747CADC6747DADC7747EADC87480ADEF
:106C1000C97481ADCA7482ADCB7483ADCC7484ADBC
:106C2000CD7485ADCE7486ADCF7487ADD07488AD8C
:106C3000D17489ADD274B6E8D3748AADD4748BADF7
:106C4000D5748CADD6748DADD7748EADD8748FAD30
:106C5000D97490ADDA7491ADDB7492ADDC74CFB9B8
:106C6000DD7493ADDE74ACF0DF7494ADE074ADF020
:106C7000E17495ADE274B0C6E374EAB0E474BFC8E1
:106C8000E57496ADE674DFCDE77497ADE87498AD22
:106C9000E97499ADEA749AADEB749BADEC749CAD5C
:106CA000ED749DADEE74CDCEEF74B1EAF0749EAD8F
:106CB000F1749FADF274A0ADF37440AEF474B2EA17
:106CC000F57441AEF674BFC6F774C9B4F87442AE39
:106CD000F97443AEFA7444AEFB7445AEFC7446AE30
:106CE000FD7447AEFE7448AEFF74B3EA007549AE5A
:106CF00001754AAE02754BAE03754CAE0475E7D50F
:106D000005754DAE06754EAE07754FAE087550AEA3
:106D1000097551AE0A7552AE0B7553AE0C7554AE73
:106D20000D75F9DD0E7555AE0F75B4EA107556AEDA
:106D30001175B5EA127557AE1375B6EA147558AEEB
:106D4000157559AE16755AAE17755BAE1875CAB87B
:106D50001975B0DF1A75F5C91B755CAE1C75F0CCE2
:106D60001D755DAE1E755EAE1F75FAC920755FAEEE
:106D7000217560AE227561AE237562AE247563AE77
:106D80002575FBC9267564AE277565AE2875C3D316
:106D90002975A6CB2A7566AE2B75A6B82C75AEF0F4
:106DA0002D75C2B12E7567AE2F75B8E53075EFCC75
:106DB0003175C9D33275D7BC3375EAC9347568AE3D
:106DC0003575E7B5367569AE3775D0C43875E9B530
:106DD00039756AAE3A75AEEE3B75ADBB3C756BAEC0
:106DE0003D756CAE3E75DEE73F756DAE4075AFEE3E
:106DF00041756EAE42756FAE437570AE447571AE3F
:106E00004575A9B3467572AE477573AE4875B2EE57
:106E1000497574AE4A7575AE4B75B1EE4C75E7BDEC
:106E20004D7576AE4E75B0EE4F75B7CE507577AEE8
:106E3000517578AE527579AE53757AAE5475CFC52B
:106E400055757BAE56757CAE57757DAE58757EAE6A
:106E50005975F4C15A75CEDB5B75B3EE5C75F3D032
:106E60005D7580AE5E7581AE5F7582AE607583AE16
:106E7000617584AE627585AE637586AE647587AEE6
:106E80006575D4C26675E8C6677588AE687589AEE3
:106E900069758AAE6A75ACB76B758BAE6C758CAE66
:106EA0006D758DAE6E758EAE6F758FAE707590AE62
:106EB000717591AE7275B4EE737592AE7475EBB375
:106EC000757593AE767594AE777595AE7875FBBB98
:106ED0007975B5EE7A7596AE7B7597AE7C7598AE82
:106EE0007D7599AE7E759AAE7F75DCE780759BAE39
:106EF00081759CAE82759DAE8375B6EE84759EAE2F
:106F000085759FAE8675AEBD8775A0AE887540AF9E
:106F1000897541AF8A7542AF8B75E2F18C7543AFCD
:106F20008D7544AF8E7545AF8F75E8CA907546AFC5
:106F30009175C9D29275DAF0937547AF9475DBF00D
:106F4000957548AF9675DCF09775C6C1987549AFD1
:106F50009975EDB89A75CEBE9B754AAF9C754BAFCF
:106F60009D75DEF09E754CAF9F75B1C5A075DDF0C7
:106F7000A175F1D1A2754DAFA375E0F0A475CCB0A9
:106F8000A575EABDA6754EAFA7754FAFA87550AFF2
:106F9000A97551AFAA7552AFAB75DFD2AC75DFF0F2
:106FA000AD7553AFAE75AFB4AF75E8B7B075E6F079
:106FB000B175E5F0B275A3C6B375E1F0B475E2F052
:106FC000B575C3B4B67554AFB77555AFB875E3F0C2
:106FD000B975EED5BA7556AFBB7557AFBC75DBCC7E
:106FE000BD75D2BEBE75B2BCBF7558AFC07559AFC6
:106FF000C1755AAFC275E8F0C375E7F0C475E4F027
:10700000C575A1B2C6755BAFC775A2D6C875B8D332
:10701000C975B7BECA75ACC8CB755CAFCC755DAF72
:10702000CD75EAF0CE755EAFCF755FAFD07560AF4E
:10703000D17561AFD275F7D1D37562AFD475CCD6A7
:10704000D575DBBAD675E9F0D77563AFD875BBB621
:10705000D97564AFDA7565AFDB75B4CDDC7566AF35
:10706000DD7567AFDE75A6C6DF7568AFE07569AF21
:10707000E1756AAFE275A1C1E375EBF0E475EEF07E
:10708000E5756BAFE675EDF0E775F0F0E875ECF0DF
:10709000E9756CAFEA75BEBBEB75EFF0EC756DAFE3
:1070A000ED756EAFEE756FAFEF7570AFF075B5CC77
:1070B000F175F2F0F27571AFF37572AFF475D5B387
:1070C000F57573AFF67574AFF77575AFF87576AF84
:1070D000F975D4B1FA7577AFFB7578AFFC75F3F03D
:1070E000FD7579AFFE757AAFFF75F4F00076F6F0B6
:1070F0000176E1B402767BAF0376F1F004767CAFE3
:107100000576F7F006767DAF07767EAF087680AF1E
:10711000097681AF0A76FAF00B7682AF0C76F8F03A
:107120000D7683AF0E7684AF0F7685AF1076F5F0CF
:10713000117686AF127687AF137688AF147689AF53
:107140001576FDF016768AAF1776F9F01876FCF012
:107150001976FEF01A768BAF1B76A1F11C768CAFF8
:107160001D768DAF1E768EAF1F76C1CE2076A4F130
:1071700021768FAF2276A3F1237690AF2476F6C1E5
:107180002576FBF02676DDCA277691AF287692AF7A
:107190002976F1B42A76F1B12B76B1CC2C7693AF67
:1071A0002D76A6F12E7694AF2F7695AF3076A7F197
:1071B000317696AF327697AF3376ACF13476CED562
:1071C0003576A9F1367698AF377699AF3876B3C869
:1071D00039769AAF3A769BAF3B769CAF3C76A2F17C
:1071E0003D769DAF3E76ABF13F76A8F14076A5F1B6
:1071F00041769EAF42769FAF4376AAF14476A0AF28
:10720000457640B0467641B0477642B0487643B0C6
:10721000497644B04A7645B04B7646B04C76A9B034
:107220004D76ADF14E7647B04F7648B0507649B0C6
:1072300051764AB052764BB053764CB05476AFF19B
:1072400055764DB05676B1F157764EB058764FB070
:10725000597650B05A7651B05B7652B05C76B0F148
:107260005D7653B05E76AEF15F7654B0607655B021
:10727000617656B0627657B06376A2D1647658B024
:10728000657659B066765AB067765BB068765CB062
:1072900069765DB06A765EB06B76B2F16C765FB09F
:1072A0006D7660B06E7661B06F76B3F1707662B075
:1072B000717663B0727664B0737665B0747666B0DA
:1072C000757667B0767668B0777669B07876EFB91C
:1072D00079766AB07A766BB07B76C7B57C766CB01F
:1072E0007D76D7B07E76D9B07F766DB080766EB081
:1072F00081766FB08276EDD4837670B08476C4B533
:10730000857671B08676D4BD8776CABB8876A7F0BD
:10731000897672B08A7673B08B76DEB88C7674B06C
:107320008D7675B08E76A8F08F7676B0907677B041
:107330009176A8B0927678B09376A9F0947679B0E9
:1073400095767AB09676EECD97767BB098767CB0CF
:107350009976AAF09A767DB09B767EB09C7680B0C6
:107360009D7681B09E7682B09F7683B0A07684B001
:10737000A17685B0A27686B0A37687B0A476ABF06E
:10738000A57688B0A67689B0A7768AB0A8768BB0A5
:10739000A9768CB0AA768DB0AB768EB0AC768FB075
:1073A000AD7690B0AE76A4C6AF7691B0B07692B01E
:1073B000B176E5D6B276E4F1B37693B0B476E5F182
:1073C000B57694B0B67695B0B77696B0B87697B0F5
:1073D000B97698B0BA7699B0BB769AB0BC769BB0C5
:1073E000BD769CB0BE769DB0BF76F3C3C0769EB02E
:1073F000C1769FB0C276DBD3C376A0B0C47640B16D
:10740000C576D1D6C676E8C5C77641B1C876AFD3C2
:10741000C97642B1CA76E6D2CB7643B1CC7644B1D6
:10742000CD76C1EECE76BBB0CF76B5D5D076CED107
:10743000D176E0BCD276D0BAD37645B1D476F8BF57
:10744000D57646B1D676C7B8D776C1B5D876CCC58D
:10745000D97647B1DA7648B1DB76A2CADC7649B193
:10746000DD764AB1DE764BB1DF76CBC3E0764CB148
:10747000E1764DB1E2764EB1E3764FB1E47650B1AC
:10748000E576C2EEE67651B1E77652B1E87653B1D1
:10749000E97654B1EA7655B1EB7656B1EC7657B150
:1074A000ED7658B1EE76BFC4EF76A2B6F07659B15C
:1074B000F176ECEDF276A4C3F3765AB1F476B1D658
:1074C000F5765BB1F6765CB1F7765DB1F876E0CF34
:1074D000F976EFEDFA765EB1FB765FB1FC76CEC55C
:1074E000FD7660B1FE76DCB6FF7661B1007762B101
:1074F0000177A1CA027763B1037764B10477EDED38
:10750000057765B1067766B10777F0ED0877F1ED9D
:107510000977BCC30A7767B10B77B4BF0C7768B142
:107520000D77EEED0E7769B10F776AB110776BB119
:1075300011776CB112776DB113776EB114776FB1AB
:10754000157770B1167771B1177772B1187773B17B
:107550001977F4ED1A77F2ED1B7774B11C7775B1DA
:107560001D7776B11E7777B11F77E6D52077DFC319
:10757000217778B12277F3ED237779B124777AB147
:1075800025777BB12677F6ED27777CB12877A3D5D1
:107590002977A3D12A777DB12B777EB12C7780B163
:1075A0002D77F5ED2E7781B12F77D0C3307782B16B
:1075B000317783B1327784B1337785B1347786B14F
:1075C0003577F7ED3677F4BF3777ECBE3877F8EDDF
:1075D000397787B13A77F7CC3B7788B13C77DBD105
:1075E0003D7789B13E778AB13F778BB14077C5D778
:1075F0004177F6D542778CB14377FCED44778DB176
:1076000045778EB146778FB14777FBED487790B1DC
:10761000497791B14A7792B14B7793B14C7794B156
:107620004D7795B14E7796B14F7797B15077F9ED89
:107630005177FAED527798B1537799B154779AB15F
:1076400055779BB156779CB157779DB158779EB1CE
:1076500059779FB15A77FDED5B77A6BE5C77A0B1F5
:107660005D7740B25E7741B25F7742B2607743B2F6
:107670006177AFCB6277A1EE6377BDB6647744B232
:107680006577A2EE6677C0C4677745B26877FEED8E
:10769000697746B26A7747B26B77DEBD6C77C7B25F
:1076A0006D7748B26E7749B26F774AB270774BB256
:1076B00071774CB272774DB273774EB274774FB226
:1076C000757750B2767751B2777752B2787753B2F6
:1076D0007977C3B67A7754B27B7755B27C7756B256
:1076E0007D77A5EE7E77BAD87F77A3EE8077A6EE7A
:1076F000817757B2827758B2837759B28477E9C3DA
:107700008577F2B386775AB287775BB288775CB2B7
:1077100089775DB28A775EB28B775FB28C77A7EE9E
:107720008D77A4EE8E77B9CF8F7760B2907761B204
:107730009177A8EE9277F7C2937762B2947763B2AB
:10774000957764B2967765B2977766B2987767B2A5
:10775000997768B29A7769B29B776AB29C776BB275
:107760009D776CB29E776DB29F77A9EEA077AAEE57
:10777000A1776EB2A277ABDEA3776FB2A47770B2B7
:10778000A577B3C6A67771B2A777C6C7A87772B236
:10779000A977F5D6AA77C9B5AB7773B2AC77B2CB78
:1077A000AD7774B2AE7775B2AF7776B2B077ABEE35
:1077B000B17777B2B27778B2B377ABCDB47779B22D
:1077C000B577ACEEB6777AB2B7777BB2B8777CB2E2
:1077D000B9777DB2BA777EB2BB77B0D5BC7780B2CD
:1077E000BD77ADEEBE7781B2BF77C4F6C07782B207
:1077F000C17783B2C27784B2C37785B2C47786B2C9
:10780000C57787B2C67788B2C77789B2C8778AB298
:10781000C9778BB2CA778CB2CB778DB2CC778EB268
:10782000CD77C7DBCE778FB2CF7790B2D07791B2DA
:10783000D17792B2D27793B2D37794B2D47795B20C
:10784000D57796B2D67797B2D777A3B4D87798B2D0
:10785000D97799B2DA779AB2DB77ACC3DC77E6F105
:10786000DD779BB2DE779CB2DF779DB2E0779EB288
:10787000E1779FB2E277B8CAE377D3D2E477A0B2D8
:10788000E577AAD6E67740B3E777F2EFE87741B33A
:10789000E977D8BEEA7742B3EB77C3BDEC77F3EF75
:1078A000ED77CCB6EE77ABB0EF7743B3F07744B378
:1078B000F17745B3F27746B3F377AFCAF47747B3BE
:1078C000F57748B3F677B6EDF77749B3F877B7EDC4
:1078D000F9774AB3FA774BB3FB774CB3FC774DB3E8
:1078E000FD77F9CEFE77AFB7FF77F3BF0078B8ED3D
:1078F0000178EBC20278B0C903784EB304784FB375
:10790000057850B3067851B3077852B3087853B36B
:107910000978B9ED0A7854B30B7855B30C78F6C6EC
:107920000D78B3BF0E7856B30F7857B3107858B3AD
:107930001178BCED1278F8C5137859B31478D0D10A
:1079400015785AB31678A9D71778BAED1878BBED21
:1079500019785BB31A78E2D11B785CB31C78BFED61
:107960001D78C0ED1E785DB31F78C4ED20785EB33E
:1079700021785FB3227860B32378C8ED247861B3AF
:107980002578C6ED2678CEED2778E8D5287862B33D
:107990002978C9ED2A7863B32B7864B32C78C7EDC6
:1079A0002D78BEED2E7865B32F7866B33078E9C5B3
:1079B000317867B3327868B3337869B33478C6C640
:1079C00035786AB336786BB33778E9C93878D2D46A
:1079D0003978C1ED3A78C2ED3B78C3ED3C78C5ED1E
:1079E0003D786CB33E78F9C03F786DB34078A1B470
:1079F00041786EB342786FB3437870B3447871B313
:107A00004578E8B9467872B34778D0ED487873B3D3
:107A1000497874B34A7875B34B7876B34C78D1ED26
:107A20004D7877B34E78CAED4F7878B35078CFED74
:107A3000517879B35278F8CE53787AB354787BB3CF
:107A40005578B6CB5678CCED5778CDED58787CB3D9
:107A500059787DB35A787EB35B7880B35C7881B314
:107A60005D78F5CF5E7882B35F7883B3607884B356
:107A7000617885B3627886B3637887B3647888B3B6
:107A8000657889B366788AB367788BB368788CB386
:107A900069788DB36A78D2ED6B78F2C16C78B2D325
:107AA0006D78CBED6E78B7C86F788EB370788FB382
:107AB000717890B3727891B3737892B3747893B30A
:107AC000757894B3767895B37778EFBC787896B379
:107AD000797897B37A7898B37B7899B37C78F0C546
:107AE0007D789AB37E789BB37F789CB380789DB382
:107AF00081789EB382789FB38378A0B3847840B4B2
:107B0000857841B4867842B48778D6ED887843B4D6
:107B10008978EFB58A7844B48B7845B48C78B5C24F
:107B20008D78ADB08E78E9CB8F7846B4907847B435
:107B30009178AEB1927848B49378D4ED947849B402
:107B400095784AB496784BB49778EBCD9878E2B5AF
:107B500099784CB49A78D5ED9B78D3ED9C78D7ED95
:107B60009D784DB49E784EB49F78FAB5A0784FB406
:107B7000A178D8EDA27850B4A378D9EDA47851B407
:107B8000A578DCEDA67852B4A778CCB1A87853B428
:107B9000A97854B4AA7855B4AB7856B4AC7857B435
:107BA000AD7858B4AE7859B4AF785AB4B078F6C559
:107BB000B178EEBCB278DAEDB378BCCCB478EAB286
:107BC000B5785BB4B6785CB4B7785DB4B8785EB4B9
:107BD000B978DBEDBA785FB4BB7860B4BC7861B4D7
:107BE000BD7862B4BE78EBC4BF7863B4C07864B4C7
:107BF000C178C5B4C27865B4C37866B4C47867B4D4
:107C0000C578F5B0C67868B4C77869B4C8786AB47E
:107C1000C978DFEDCA78DAC0CB78E8B4CC786BB439
:107C2000CD786CB4CE786DB4CF786EB4D078CDC545
:107C3000D1786FB4D27870B4D37871B4D478DDEDE4
:107C4000D578C4BFD67872B4D77873B4D87874B402
:107C5000D978DEEDDA7875B4DB7876B4DC7877B491
:107C6000DD7878B4DE7879B4DF787AB4E0787BB404
:107C7000E1787CB4E2787DB4E3787EB4E47880B4D3
:107C8000E57881B4E67882B4E77883B4E878A5C46F
:107C9000E97884B4EA7885B4EB7886B4EC78E0EDE2
:107CA000ED7887B4EE7888B4EF7889B4F0788AB448
:107CB000F1788BB4F278E1EDF3788CB4F478E3EDFD
:107CC000F5788DB4F6788EB4F778D7C1F8788FB49C
:107CD000F97890B4FA78C7BBFB7891B4FC7892B489
:107CE000FD7893B4FE7894B4FF7895B4007996B497
:107CF0000179B8BD027997B4037998B4047999B43D
:107D00000579E2ED06799AB407799BB408799CB4B9
:107D100009799DB40A799EB40B799FB40C79A0B40B
:107D20000D7940B50E7941B50F7942B5107943B55B
:107D3000117944B5127945B51379E4ED147946B556
:107D4000157947B5167948B5177949B518794AB5FF
:107D500019794BB51A794CB51B794DB51C794EB5CF
:107D60001D794FB51E79E6ED1F7950B5207951B5D3
:107D7000217952B5227953B5237954B52479E5EDAB
:107D8000257955B5267956B5277957B5287958B547
:107D9000297959B52A795AB52B795BB52C795CB517
:107DA0002D795DB52E795EB52F795FB5307960B5E7
:107DB000317961B5327962B5337963B53479E7EDFC
:107DC000357964B5367965B5377966B5387967B58B
:107DD000397968B53A79BECA3B79EAEC3C79F1C0A9
:107DE0003D7969B53E79E7C93F796AB54079EBECF1
:107DF0004179EEC642796BB543796CB544796DB57E
:107E000045796EB54679ECEC47796FB54879EDC6A2
:107E10004979EDEC4A7970B54B7971B54C7972B509
:107E20004D7973B54E7974B54F7975B5507976B58E
:107E3000517977B5527978B55379F0EC547979B5B1
:107E400055797AB55679E6D75779F3EC58797BB5F9
:107E500059797CB55A79F1EC5B79EEEC5C79EFEC11
:107E60005D79A3D75E79F1C95F79EECB6079F4ECE7
:107E700061797DB56279F2EC63797EB5647980B51C
:107E80006579E9CF667981B56779F6EC6879B1C62D
:107E9000697982B56A7983B56B7984B56C7985B572
:107EA0006D79C0BC6E7986B56F79F5EC707987B560
:107EB000717988B5727989B573798AB574798BB51A
:107EC00075798CB576798DB57779BBB57879F6BB50
:107ED00079798EB57A79F7EC7B798FB57C7990B525
:107EE0007D7991B57E7992B57F7993B58079F7D90F
:107EF0008179FBBD827994B5837995B58479BBC2CC
:107F00008579F8EC867996B5877997B5887998B5AB
:107F1000897999B58A79F9EC8B799AB58C799BB581
:107F20008D799CB58E799DB58F79A3B890799EB5E2
:107F300091799FB59279A0B5937940B6947941B67D
:107F4000957942B6967943B6977944B6987945B60D
:107F5000997946B69A79FAEC9B7947B69C7948B6F6
:107F60009D7949B69E794AB69F794BB6A0794CB6B1
:107F7000A1794DB6A2794EB6A3794FB6A47950B681
:107F8000A57951B6A67952B6A779FBECA87953B674
:107F9000A97954B6AA7955B6AB7956B6AC7957B625
:107FA000AD7958B6AE7959B6AF795AB6B0795BB6F5
:107FB000B1795CB6B2795DB6B379FCECB4795EB6F2
:107FC000B5795FB6B67960B6B77961B6B87962B699
:107FD000B979EDD3BA79AED8BB79EBC0BC7963B6C9
:107FE000BD79DDC7BE79CCBABF7964B6C079E3D0BC
:107FF000C179BDCBC27965B6C379BACDC47966B64D
:10800000C57967B6C679D1B8C77968B6C87969B68F
:10801000C979FCB1CA796AB6CB79EFC7CC796BB6AE
:10802000CD79D6D6CE796CB6CF796DB6D0796EB61D
:10803000D179C6BFD279EBC3D3796FB6D47970B694
:10804000D579F5EFD67971B6D77972B6D879D8C324
:10805000D97973B6DA7974B6DB7975B6DC7976B628
:10806000DD7977B6DE7978B6DF79E2D7E07979B66F
:10807000E1797AB6E2797BB6E379F7EFE479D3B3C5
:10808000E5797CB6E679D8C7E779EDD1E8797DB6B0
:10809000E979C8D6EA797EB6EB79F8EFEC7980B663
:1080A000ED79F6EFEE7981B6EF79FDBBF079C6B3E5
:1080B000F17982B6F27983B6F37984B6F47985B62C
:1080C000F57986B6F67987B6F77988B6F879D5BDA9
:1080D000F97989B6FA798AB6FB79C6D2FC798BB67A
:1080E000FD79E0BBFE798CB6FF798DB6007AA1CF21
:1080F000017A8EB6027AFCEF037AFBEF047A8FB630
:10810000057A90B6067AF9EF077A91B6087A92B6B0
:10811000097A93B60A7A94B60B7ACCB30C7A95B6F0
:108120000D7AD4C90E7AB0CB0F7A96B6107A97B67C
:10813000117A98B6127A99B6137A9AB6147AFEEF33
:10814000157A9BB6167A9CB6177ADEB0187A9DB669
:10815000197A9EB61A7AC9D61B7A9FB61C7AA0B62F
:108160001D7A40B71E7AFDEF1F7A41B7207AEDB332
:10817000217A42B7227A43B7237AD5F6247A44B7D4
:10818000257A45B7267A46B7277A47B7287A48B777
:10819000297A49B72A7A4AB72B7A4BB72C7A4CB747
:1081A0002D7A4DB72E7A4EB72F7A4FB7307A50B717
:1081B000317A51B7327A52B7337AC8CE347A53B75C
:1081C000357A54B7367A55B7377AA2F0387A56B737
:1081D000397AA1F03A7A57B73B7ABEB53C7ADABC25
:1081E0003D7AFCBB3E7A58B73F7AE5B8407A59B73A
:1081F000417A5AB7427A5BB7437A5CB7447A5DB743
:10820000457A5EB7467AC2C4477A5FB7487A60B7A4
:10821000497A61B74A7A62B74B7A63B74C7A64B7E6
:108220004D7A65B74E7A66B74F7A67B7507A68B7B6
:10823000517AA3F0527A69B7537A6AB7547A6BB716
:10824000557A6CB7567A6DB7577AEBCB587A6EB7CA
:10825000597A6FB75A7A70B75B7A71B75C7A72B72E
:108260005D7A73B75E7A74B75F7A75B7607A76B7FE
:10827000617A77B7627A78B7637A79B7647A7AB7CE
:10828000657A7BB7667A7CB7677A7DB7687A7EB79E
:10829000697A80B76A7A81B76B7A82B76C7A83B76A
:1082A0006D7A84B76E7A85B76F7A86B7707AA6F0E2
:1082B000717A87B7727A88B7737A89B7747AA8D1D6
:1082C000757A8AB7767ABFBE777AEEC7787AB6F1D2
:1082D000797AB7F17A7AD5BF7B7A8BB77C7A8CB70B
:1082E0007D7A8DB77E7A8EB77F7AA9B4807AB8F11D
:1082F000817ABBCD827A8FB7837AD4C7847AADD5A1
:10830000857A90B7867AB9F1877A91B7887ABAF187
:10831000897A92B78A7A93B78B7A94B78C7A95B721
:108320008D7ACFC78E7A96B78F7A97B7907A98B7AB
:10833000917AA4D2927ACFD6937A99B7947A9AB74F
:10834000957ABBF1967AD1BD977AB0B4987ABDBED2
:10835000997A9BB79A7A9CB79B7A9DB79C7ADCB442
:108360009D7AD1CE9E7A9EB79F7ADFBFA07ABDF16B
:10837000A17A9FB7A27AA0B7A37A40B8A47A41B8ED
:10838000A57AFABFA67ABCF1A77A42B8A87ABFF15B
:10839000A97A43B8AA7A44B8AB7A45B8AC7ABEF1A8
:1083A000AD7AC0F1AE7A46B8AF7A47B8B07A48B87D
:1083B000B17A49B8B27A4AB8B37AC1F1B47A4BB853
:1083C000B57A4CB8B67A4DB8B77A4EB8B87A4FB8D5
:1083D000B97A50B8BA7A51B8BB7A52B8BC7A53B8A5
:1083E000BD7A54B8BE7A55B8BF7AFEC1C07A56B8C5
:1083F000C17A57B8C27A58B8C37A59B8C47A5AB849
:10840000C57A5BB8C67A5CB8C77A5DB8C87A5EB818
:10841000C97A5FB8CA7A60B8CB7AA2C1CC7A61B89F
:10842000CD7A62B8CE7A63B8CF7A64B8D07A65B8BC
:10843000D17A66B8D27A67B8D37A68B8D47A69B88C
:10844000D57A6AB8D67AFACAD77A6BB8D87A6CB8BD
:10845000D97ABED5DA7A6DB8DB7A6EB8DC7A6FB8C5
:10846000DD7A70B8DE7ABABEDF7AB9BEE07AC2D5FC
:10847000E17A71B8E27A72B8E37AA2BFE47A73B8AB
:10848000E57AAFCDE67AB5F1E77A74B8E87A75B8EF
:10849000E97A76B8EA7A77B8EB7A78B8EC7A79B88C
:1084A000ED7ADFBDEE7A7AB8EF7ACBB6F07A7BB8A8
:1084B000F17A7CB8F27A7DB8F37A7EB8F47A80B833
:1084C000F57A81B8F67A82B8F77A83B8F87A84B800
:1084D000F97AF1D6FA7AC3F3FB7A85B8FC7A86B8D2
:1084E000FD7AC4F3FE7A87B8FF7ACDB8007B88B8EE
:1084F000017B89B8027B8AB8037BC6F3047BC7F390
:10850000057B8BB8067BCAB0077B8CB8087BC5F3AC
:10851000097B8DB80A7BC9F30B7BF1CB0C7B8EB842
:108520000D7B8FB80E7B90B80F7BCBF3107B91B88F
:10853000117BA6D0127B92B8137B93B8147BCAB17F
:10854000157BC8F3167B94B8177B95B8187B96B843
:10855000197BCFF31A7B97B81B7BD1B51C7B98B8DE
:108560001D7B99B81E7BD7F31F7B9AB8207BD2F373
:10857000217B9BB8227B9CB8237B9DB8247BD4F3C2
:10858000257BD3F3267BFBB7277B9EB8287BBFB127
:10859000297B9FB82A7BCEF32B7BCAF32C7BDAB5E1
:1085A0002D7BA0B82E7BD0F32F7B40B9307B41B917
:1085B000317BD1F3327B42B9337BD5F3347B43B982
:1085C000357B44B9367B45B9377B46B9387BCDF32B
:1085D000397B47B93A7BE3BC3B7B48B93C7BFDC167
:1085E0003D7B49B93E7BD6F33F7B4AB9407B4BB9D3
:1085F000417B4CB9427B4DB9437B4EB9447B4FB96B
:10860000457BDAF3467B50B9477BCCF3487B51B9C5
:10861000497BC8B54A7B52B94B7BEEBD4C7BDCF342
:108620004D7B53B94E7B54B94F7BA4B7507BF0BF01
:10863000517BFED6527BB2CD537B55B9547BF0B4FF
:10864000557B56B9567BDFB2577B57B9587BD8F369
:10865000597B58B95A7BD9F35B7BB8C95C7B59B954
:108660005D7BDDF35E7B5AB95F7B5BB9607BDEF3DC
:10867000617B5CB9627BE1F3637B5DB9647B5EB96E
:10868000657B5FB9667B60B9677B61B9687B62B9FE
:10869000697B63B96A7B64B96B7B65B96C7B66B9CE
:1086A0006D7B67B96E7BDFF36F7B68B9707B69B9EF
:1086B000717BE3F3727BE2F3737B6AB9747B6BB912
:1086C000757BDBF3767B6CB9777BEABF787B6DB922
:1086D000797BEFB37A7B6EB97B7BE0F37C7B6FB900
:1086E0007D7B70B97E7BA9C77F7B71B9807BF2BC33
:1086F000817B72B9827B73B9837B74B9847B75B9D2
:10870000857BEBF3867B76B9877B77B9887B78B9F5
:10871000897B79B98A7B7AB98B7B7BB98C7B7CB975
:108720008D7BBFB98E7B7DB98F7B7EB9907BE4F367
:10873000917B80B9927B81B9937B82B9947BADB2F6
:10874000957BFEBB967B83B9977BE3CB987B84B903
:10875000997B85B99A7B86B99B7B87B99C7BEDF326
:108760009D7BE9F39E7B88B99F7B89B9A07B8AB901
:10877000A17BDCB9A27BEEF3A37B8BB9A47B8CB984
:10878000A57B8DB9A67BE5F3A77BE6F3A87BEAF38F
:10879000A97BE1C2AA7BECF3AB7BEFF3AC7BE8F304
:1087A000AD7BFDBCAE7B8EB9AF7B8FB9B07B90B992
:1087B000B17BE4CFB27B91B9B37B92B9B47BF0F3D8
:1087C000B57B93B9B67B94B9B77B95B9B87BE7F322
:1087D000B97B96B9BA7B97B9BB7B98B9BC7B99B981
:1087E000BD7B9AB9BE7B9BB9BF7B9CB9C07B9DB951
:1087F000C17BF2F3C27B9EB9C37B9FB9C47BA0B996
:10880000C57B40BAC67BADD7C77BAAC6C87B41BA79
:10881000C97B42BACA7B43BACB7B44BACC7BF3F365
:10882000CD7B45BACE7B46BACF7B47BAD07B48BA20
:10883000D17BF1F3D27B49BAD37BA8C2D47B4ABAAD
:10884000D57B4BBAD67B4CBAD77B4DBAD87B4EBAC8
:10885000D97BDDB8DA7BF5F3DB7B4FBADC7B50BA32
:10886000DD7BF4F3DE7B51BADF7B52BAE07B53BA97
:10887000E17BDBB4E27B54BAE37B55BAE47B56BAC6
:10888000E57BF6F3E67BF7F3E77B57BAE87B58BA6C
:10889000E97B59BAEA7BF8F3EB7B5ABAEC7B5BBA1B
:1088A000ED7B5CBAEE7BBAC0EF7B5DBAF07B5EBA63
:1088B000F17BE9C0F27B5FBAF37B60BAF47B61BA0B
:1088C000F57B62BAF67B63BAF77BF1C5F87B64BAD5
:1088D000F97B65BAFA7B66BAFB7B67BAFC7BFBF374
:1088E000FD7B68BAFE7BFAF3FF7B69BA007C6ABA4B
:1088F000017C6BBA027C6CBA037C6DBA047C6EBAE4
:10890000057C6FBA067C70BA077CD8B4087C71BA53
:10891000097C72BA0A7C73BA0B7CFEF30C7CF9F307
:108920000D7C74BA0E7C75BA0F7CFCF3107C76BAA1
:10893000117C77BA127C78BA137C79BA147C7ABA33
:10894000157C7BBA167CFDF3177C7CBA187C7DBA4B
:10895000197C7EBA1A7C80BA1B7C81BA1C7C82BAD4
:108960001D7C83BA1E7C84BA1F7CA1F4207C85BA4E
:10897000217C86BA227C87BA237C88BA247C89BA77
:10898000257C8ABA267CA3F4277CC9BB287C8BBAB9
:10899000297C8CBA2A7CA2F42B7C8DBA2C7C8EBAD2
:1089A0002D7C8FBA2E7C90BA2F7C91BA307C92BAF3
:1089B000317C93BA327C94BA337C95BA347C96BAC3
:1089C000357C97BA367C98BA377C99BA387CA4F44F
:1089D000397C9ABA3A7C9BBA3B7C9CBA3C7C9DBA67
:1089E0003D7C9EBA3E7C9FBA3F7CBEB2407CA6F4E2
:1089F000417CA5F4427CA0BA437C40BB447C41BB93
:108A0000457C42BB467C43BB477C44BB487C45BB62
:108A1000497C46BB4A7C47BB4B7C48BB4C7C49BB32
:108A20004D7CAEBC4E7C4ABB4F7C4BBB507C4CBBA0
:108A3000517C4DBB527C4EBB537C4FBB547C50BBD6
:108A4000557C51BB567C52BB577C53BB587C54BBA6
:108A5000597C55BB5A7C56BB5B7C57BB5C7C58BB76
:108A60005D7C59BB5E7C5ABB5F7C5BBB607C5CBB46
:108A7000617C5DBB627C5EBB637C5FBB647C60BB16
:108A8000657C61BB667C62BB677C63BB687C64BBE6
:108A9000697C65BB6A7C66BB6B7C67BB6C7C68BBB6
:108AA0006D7C69BB6E7C6ABB6F7C6BBB707C6CBB86
:108AB000717C6DBB727C6EBB737CD7C3747CE1D957
:108AC000757C6FBB767C70BB777C71BB787C72BB2E
:108AD000797C73BB7A7C74BB7B7CE0C07C7CCCF4FF
:108AE0007D7CD1D77E7C75BB7F7C76BB807C77BB61
:108AF000817C78BB827C79BB837C7ABB847C7BBBAA
:108B0000857C7CBB867C7DBB877C7EBB887C80BB78
:108B1000897CDBB78A7C81BB8B7C82BB8C7C83BBF2
:108B20008D7C84BB8E7C85BB8F7C86BB907C87BB19
:108B3000917CCEF4927CA3C1937C88BB947C89BB4E
:108B4000957CC9C6967C8ABB977CD6B4987CB3D5F5
:108B5000997C8BBB9A7C8CBB9B7C8DBB9C7CD0F422
:108B60009D7CCFF49E7CD1F49F7CDACBA07C8EBB25
:108B7000A17C8FBBA27CD2F4A37C90BBA47CC1D48B
:108B8000A57CE0D6A67C91BBA77C92BBA87C93BBBE
:108B9000A97C94BBAA7CE0B7AB7C95BBAC7C96BBB4
:108BA000AD7C97BBAE7CB8C1AF7C98BBB07C99BBA9
:108BB000B17CBBC1B27CD3F4B37CACBEB47C9ABBF9
:108BC000B57C9BBBB67C9CBBB77C9DBBB87C9EBB7D
:108BD000B97CE2B4BA7C9FBBBB7CA0BBBC7CD4F4A8
:108BE000BD7CD5F4BE7CABBEBF7C40BCC07C41BC70
:108BF000C17CD6F4C27C42BCC37C43BCC47C44BCB4
:108C0000C57CDBF4C67C45BCC77CD7F4C87CDAF4F1
:108C1000C97C46BCCA7CFDBACB7C47BCCC7CD8F4B2
:108C2000CD7CD9F4CE7C48BCCF7C49BCD07C4ABC3E
:108C3000D17C4BBCD27C4CBCD37C4DBCD47C4EBCD8
:108C4000D57CE2B8D67CC7CCD77CDCF4D87C4FBCD2
:108C5000D97CDAB2DA7C50BCDB7C51BCDC7CD3C37F
:108C6000DD7C52BCDE7C53BCDF7CE3D4E07CB7BF50
:108C7000E17C54BCE27C55BCE37C56BCE47C57BC34
:108C8000E57C58BCE67C59BCE77C5ABCE87CDDF44A
:108C9000E97C5BBCEA7C5CBCEB7C5DBCEC7C5EBCD8
:108CA000ED7C5FBCEE7C60BCEF7CB4C5F07C61BC4D
:108CB000F17C62BCF27C63BCF37C64BCF47C65BC7C
:108CC000F57C66BCF67C67BCF77C68BCF87CE9F494
:108CD000F97C69BCFA7C6ABCFB7CB5CFFC7C6BBCC4
:108CE000FD7C6CBCFE7C6DBCFF7C6EBC007D6FBCF3
:108CF000017D70BC027D71BC037D72BC047D73BCC0
:108D0000057D74BC067D75BC077D76BC087D77BC8F
:108D1000097D78BC0A7DC9CE0B7D79BC0C7D7ABCFF
:108D20000D7D7BBC0E7D7CBC0F7D7DBC107D7EBC33
:108D3000117D80BC127D81BC137D82BC147D83BCFF
:108D4000157D84BC167D85BC177D86BC187D87BCCF
:108D5000197D88BC1A7D89BC1B7D8ABC1C7D8BBC9F
:108D60001D7D8CBC1E7D8DBC1F7D8EBC207DD8CB17
:108D7000217D8FBC227DF7CB237D90BC247D91BCCF
:108D8000257D92BC267D93BC277DF4BD287D94BCB7
:108D9000297D95BC2A7D96BC2B7DCFD72C7D97BC99
:108DA0002D7D98BC2E7D99BC2F7DDBC0307D9ABC7B
:108DB000317D9BBC327D9CBC337D9DBC347D9EBC93
:108DC000357D9FBC367DA0BC377D40BD387D41BD23
:108DD000397D42BD3A7D43BD3B7D44BD3C7D45BDB3
:108DE0003D7D46BD3E7D47BD3F7D48BD407D49BD83
:108DF000417D4ABD427D4BBD437D4CBD447D4DBD53
:108E0000457D4EBD467D4FBD477D50BD487D51BD22
:108E1000497D52BD4A7D53BD4B7D54BD4C7D55BDF2
:108E20004D7D56BD4E7D57BD4F7D58BD507D59BDC2
:108E3000517D5ABD527D5BBD537D5CBD547D5DBD92
:108E4000557D5EBD567D5FBD577D60BD587D61BD62
:108E5000597D62BD5A7D63BD5B7D64BD5C7D65BD32
:108E60005D7D66BD5E7D67BD5F7D68BD607D69BD02
:108E7000617D6ABD627D6BBD637D6CBD647D6DBDD2
:108E8000657D6EBD667D6FBD677D70BD687D71BDA2
:108E9000697D72BD6A7D73BD6B7D74BD6C7D75BD72
:108EA0006D7D76BD6E7DF5D06F7D77BD707D78BDB3
:108EB000717D79BD727D7ABD737D7BBD747D7CBD16
:108EC000757D7DBD767D7EBD777DEAF4787D80BD44
:108ED000797D81BD7A7D82BD7B7D83BD7C7D84BDB6
:108EE0007D7D85BD7E7D86BD7F7D87BD807D88BD86
:108EF000817D89BD827D8ABD837D8BBD847D8CBD56
:108F0000857D8DBD867D8EBD877D8FBD887D90BD25
:108F1000897D91BD8A7D92BD8B7D93BD8C7D94BDF5
:108F20008D7D95BD8E7D96BD8F7D97BD907D98BDC5
:108F3000917D99BD927D9ABD937D9BBD947D9CBD95
:108F4000957D9DBD967D9EBD977D9FBD987DA0BD65
:108F5000997D40BE9A7D41BE9B7D42BE9C7D43BEB5
:108F60009D7D44BE9E7D45BE9F7D46BEA07D47BE85
:108F7000A17D48BEA27D49BEA37D4ABEA47D4BBE55
:108F8000A57D4CBEA67DEBF4A77D4DBEA87D4EBE53
:108F9000A97D4FBEAA7D50BEAB7D51BEAC7D52BEF9
:108FA000AD7D53BEAE7DECF4AF7D54BEB07D55BEFD
:108FB000B17D56BEB27D57BEB37D58BEB47D59BE9D
:108FC000B57D5ABEB67D5BBEB77D5CBEB87D5DBE6D
:108FD000B97D5EBEBA7D5FBEBB7D60BEBC7D61BE3D
:108FE000BD7D62BEBE7D63BEBF7D64BEC07D65BE0D
:108FF000C17D66BEC27D67BEC37D68BEC47D69BEDD
:10900000C57D6ABEC67D6BBEC77D6CBEC87D6DBEAC
:10901000C97D6EBECA7D6FBECB7D70BECC7D71BE7C
:10902000CD7D72BECE7D73BECF7D74BED07D75BE4C
:10903000D17D76BED27D77BED37D78BED47D79BE1C
:10904000D57D7ABED67D7BBED77D7CBED87D7DBEEC
:10905000D97D7EBEDA7D80BEDB7D81BEDC7D82BEB9
:10906000DD7D83BEDE7D84BEDF7D85BEE07D86BE88
:10907000E17D87BEE27D88BEE37D89BEE47D8ABE58
:10908000E57D8BBEE67D8CBEE77D8DBEE87D8EBE28
:10909000E97D8FBEEA7D90BEEB7D91BEEC7D92BEF8
:1090A000ED7D93BEEE7D94BEEF7D95BEF07D96BEC8
:1090B000F17D97BEF27D98BEF37D99BEF47D9ABE98
:1090C000F57D9BBEF67D9CBEF77D9DBEF87D9EBE68
:1090D000F97D9FBEFA7DA0BEFB7D40BFFC7D41BFF8
:1090E000FD7D42BFFE7D43BFFF7D44BF007E45BF87
:1090F000017E46BF027E47BF037E48BF047E49BF54
:10910000057E4ABF067E4BBF077E4CBF087E4DBF23
:10911000097E4EBF0A7E4FBF0B7E50BF0C7E51BFF3
:109120000D7E52BF0E7E53BF0F7E54BF107E55BFC3
:10913000117E56BF127E57BF137E58BF147E59BF93
:10914000157E5ABF167E5BBF177E5CBF187E5DBF63
:10915000197E5EBF1A7E5FBF1B7E60BF1C7E61BF33
:109160001D7E62BF1E7E63BF1F7E64BF207E65BF03
:10917000217E66BF227E67BF237E68BF247E69BFD3
:10918000257E6ABF267E6BBF277E6CBF287E6DBFA3
:10919000297E6EBF2A7E6FBF2B7E70BF2C7E71BF73
:1091A0002D7E72BF2E7E73BF2F7E74BF307E75BF43
:1091B000317E76BF327E77BF337E78BF347E79BF13
:1091C000357E7ABF367E7BBF377E7CBF387E7DBFE3
:1091D000397E7EBF3A7E80BF3B7EE3F73C7E81BF17
:1091E0003D7E82BF3E7E83BF3F7E84BF407E85BF83
:1091F000417EB1B7427E86BF437E87BF447E88BF33
:10920000457E89BF467E8ABF477EEDF4487E8BBF90
:10921000497E8CBF4A7E8DBF4B7E8EBF4C7E8FBFFA
:109220004D7E90BF4E7E91BF4F7E92BF507E93BFCA
:10923000517E94BF527E95BF537E96BF547E97BF9A
:10924000557E98BF567E99BF577E9ABF587E9BBF6A
:10925000597E9CBF5A7E9DBF5B7E9EBF5C7E9FBF3A
:109260005D7EA0BF5E7E40C05F7E41C0607E42C02A
:10927000617E43C0627E44C0637E45C0647E46C05A
:10928000657E47C0667E48C0677E49C0687E4AC02A
:10929000697E4BC06A7E4CC06B7E4DC06C7E4EC0FA
:1092A0006D7E4FC06E7E50C06F7E51C0707E52C0CA
:1092B000717E53C0727E54C0737E55C0747E56C09A
:1092C000757E57C0767E58C0777E59C0787E5AC06A
:1092D000797E5BC07A7E5CC07B7E5DC07C7E5EC03A
:1092E0007D7E5FC07E7E60C07F7E61C0807E62C00A
:1092F000817E63C0827EEBD7837E64C0847E65C03E
:10930000857E66C0867E67C0877E68C0887E69C0AD
:10931000897E6AC08A7E6BC08B7E6CC08C7E6DC07D
:109320008D7E6EC08E7E6FC08F7E70C0907E71C04D
:10933000917E72C0927E73C0937E74C0947E75C01D
:10934000957E76C0967E77C0977E78C0987E79C0ED
:10935000997E7AC09A7E7BC09B7EEEF49C7E7CC018
:109360009D7E7DC09E7E7EC09F7EF9E6A07EC0BEB3
:10937000A17EFAE6A27EECBAA37EFBE6A47ECBCF6A
:10938000A57EFCE6A67EBCD4A77EB6BCA87EFDE684
:10939000A97EFEE6AA7ECDBCAB7ED2C8AC7EB3CEA3
:1093A000AD7EA1E7AE7E80C0AF7EBFB4B07EA2E747
:1093B000B17EB4C9B27ED9B8B37EC9C4B47E81C00F
:1093C000B57EDDD7B67EDAC2B77ED7B7B87EBDD65A
:1093D000B97EC6CEBA7EC4B7BB7E82C0BC7E83C017
:1093E000BD7EA6C5BE7EA3E7BF7EDFCFC07EA4E75D
:1093F000C17EA5E7C27EA6E7C37EB7C1C47EE9D71A
:10940000C57EF0C9C67EB8CFC77EAFD6C87ED5D6DA
:10941000C97EA7E7CA7EEDB0CB7EA8E7CC7EA9E7E0
:10942000CD7EDCC9CE7EEFD2CF7EADBED07EAAE7A8
:10943000D17EF3B0D27EDEC8D37EE1BDD47EABE771
:10944000D57EC6C8D67E84C0D77EACE7D87EE6BBC4
:10945000D97EF8B8DA7EA4D1DB7EADE7DC7EE7C248
:10946000DD7EF8BEDE7ECABDDF7EB3CDE07EAEE738
:10947000E17EAFE7E27EEEBEE37EE5D0E47E85C02E
:10948000E57EE7CBE67ED0CCE77ECCBCE87EB0E7DD
:10949000E97EA8BCEA7EF7D0EB7EB1E7EC7E86C021
:1094A000ED7EF8D0EE7EB2E7EF7EB3E7F07EC2B499
:1094B000F17EB4E7F27EB5E7F37EFEC9F47EACCE72
:1094C000F57EE0C3F67EB7E7F77EC1B1F87EF1B373
:1094D000F97E87C0FA7EB8E7FB7EB9E7FC7EDBD772
:1094E000FD7EC0D5FE7EBAE7FF7ECCC2007FBAD734
:1094F000017FBBE7027FBCE7037FBDE7047FEABCD7
:10950000057FE5C3067FC2C0077FBEE7087FBFE7D0
:10951000097FA9BC0A7F88C00B7FC0E70C7FC1E729
:109520000D7FB6E70E7FD0B60F7FC2E7107F89C0F0
:10953000117FC3E7127FC4E7137FBABB147FDEB588
:10954000157FC6C2167FE0B1177FC5E7187FB5D477
:10955000197FC6E71A7FBFB81B7FC8E71C7FC7E724
:109560001D7FECB71E7F8AC01F7FC9E7207FF8B23E
:10957000217FCAE7227FCBE7237FCCE7247FCDE79B
:10958000257FCEE7267FCFE7277FD0E7287FA7D3A9
:10959000297FF5CB2A7FD1E72B7FD2E72C7FD3E73A
:1095A0002D7FD4E72E7FC9C92F7FD5E7307FD6E73F
:1095B000317FD7E7327FD8E7337FD9E7347FC9BD22
:1095C000357FDAE7367FBEF3377F8BC0387FD7B879
:1095D000397F8CC03A7FB1C83B7F8DC03C7F8EC045
:1095E0003D7F8FC03E7F90C03F7F91C0407F92C043
:1095F000417F93C0427FBFF3437F94C0447FC0F359
:10960000457FC1F3467F95C0477F96C0487F97C08E
:10961000497F98C04A7F99C04B7F9AC04C7F9BC0BE
:109620004D7F9CC04E7F9DC04F7F9EC0507FDEB956
:10963000517FF8CD527F9FC0537FA0C0547FE8D8A0
:10964000557FB1BA567F40C1577FDEC2587FB7EE13
:10965000597F41C15A7FA3B75B7F42C15C7F43C141
:109660005D7F44C15E7F45C15F7FB9EE607F46C1CB
:10967000617FB8EE627FD5B0637F47C1647F48C128
:10968000657F49C1667F4AC1677F4BC1687FBBEE7A
:10969000697FD6D56A7FEFD76B7F4CC16C7F4DC198
:1096A0006D7F4EC16E7FC3D66F7F4FC1707F50C13B
:1096B000717FBDEE727FF0CA737F51C1747FBCEEC3
:1096C000757F52C1767F53C1777F54C1787F55C172
:1096D000797FBEEE7A7F56C17B7F57C17C7F58C1B0
:1096E0007D7F59C17E7FC0EE7F7F5AC1807F5BC185
:1096F000817FBFEE827F5CC1837F5DC1847F5EC15D
:10970000857F5FC1867F60C1877F61C1887F62C1BD
:10971000897F63C18A7FF2D18B7F64C18C7FBCC794
:109720008D7F65C18E7FC0C38F7F66C1907F67C10B
:10973000917F68C1927F69C1937F6AC1947FE1B8CC
:10974000957F6BC1967F6CC1977F6DC1987F6EC10D
:10975000997F6FC19A7FE7C19B7F70C19C7F71C168
:109760009D7FC6F49E7FDFD09F7FC7F4A07F72C12C
:10977000A17FDBCFA27F73C1A37F74C1A47FBAC8CE
:10978000A57F75C1A67F76C1A77FC8F4A87F77C1E2
:10979000A97F78C1AA7F79C1AB7F7AC1AC7F7BC139
:1097A000AD7F7CC1AE7F7DC1AF7FC9F4B07FCAF40D
:1097B000B17F7EC1B27FCBF4B37F80C1B47F81C162
:1097C000B57F82C1B67F83C1B77F84C1B87FFAD924
:1097D000B97FFEB8BA7F85C1BB7F86C1BC7FF1E58A
:1097E000BD7FF0D3BE7F87C1BF7FE0F4C07F88C15B
:1097F000C17FCCCEC27F89C1C37F8AC1C47F8BC1E8
:10980000C57FE1B3C67F8CC1C77F8DC1C87F8EC1C4
:10981000C97F8FC1CA7FB4F1CB7F90C1CC7FEED21C
:10982000CD7F91C1CE7FE1F4CF7F92C1D07F93C134
:10983000D17F94C1D27F95C1D37F96C1D47FE8CF29
:10984000D57FE2F4D67F97C1D77F98C1D87FCCC7A8
:10985000D97F99C1DA7F9AC1DB7F9BC1DC7F9CC134
:10986000DD7F9DC1DE7F9EC1DF7FD4B5E07FE4B4A4
:10987000E17FE4F4E27F9FC1E37FA0C1E47F40C2C7
:10988000E57FE3F4E67FE5F4E77F41C2E87F42C28B
:10989000E97FE6F4EA7F43C2EB7F44C2EC7F45C236
:1098A000ED7F46C2EE7FE7F4EF7F47C2F07FB2BAAA
:1098B000F17FBFB0F27F48C2F37FE8F4F47F49C282
:1098C000F57F4AC2F67F4BC2F77F4CC2F87F4DC28C
:1098D000F97F4EC2FA7F4FC2FB7FADB7FC7FEDD25E
:1098E000FD7F50C2FE7F51C2FF7F52C20080ABD2CB
:1098F0000180CFC0028053C20380BCBF0480A3EBB1
:109900000580DFD50680C8EA078054C2088055C2AA
:10991000098056C20A8057C20B80F3F10C80F8B65A
:109920000D80A3CB0E8058C20F8059C21080CDC4C9
:1099300011805AC21280E7F113805BC21480E8F1F3
:109940001580FBB81680E9F11780C4BA1880C5D419
:109950001980D2B01A805CC21B805DC21C80EAF103
:109960001D805EC21E805FC21F8060C22080EBF13E
:10997000218061C22280ECF1238062C2248063C214
:109980002580EDF12680EEF12780EFF12880F1F1BE
:109990002980F0F12A80D5C52B8064C22C8065C255
:1099A0002D8066C22E8067C22F8068C2308069C257
:1099B0003180F2F132806AC23380FAB634806BC2F1
:1099C0003580F4F13680AED23780C7DE3880CACB1E
:1099D00039806CC23A806DC23B80DCB33C806EC281
:1099E0003D80A2B53E806FC23F80A2B9408070C268
:1099F000418071C24280F4C44380F5F1448072C258
:109A0000458073C24680F6F1478074C2488075C2B3
:109A1000498076C24A80C4C14B80FBC14C80B0D61D
:109A20004D80F7F14E8077C24F8078C2508079C266
:109A300051807AC25280F8F153807BC25480AAC10F
:109A400055807CC256807DC257807EC25880B8C681
:109A5000598080C25A80DBBE5B8081C25C8082C23A
:109A60005D8083C25E8084C25F8085C2608086C262
:109A7000618087C2628088C2638089C264808AC232
:109A800065808BC266808CC267808DC268808EC202
:109A90006980F9F16A80CFB46B808FC26C8090C20C
:109AA0006D8091C26E8092C26F8093C2708094C2AA
:109AB0007180FAF1728095C2738096C2748097C2E9
:109AC000758098C2768099C277809AC278809BC24E
:109AD00079809CC27A809DC27B809EC27C809FC21E
:109AE0007D80A0C27E8040C37F80B2ED8080B1EDDA
:109AF000818041C3828042C38380E0CB8480DED2F8
:109B0000858043C38680C1CB8780D8D5888044C3F5
:109B10008980E2C88A8045C38B80DFC08C80A1BC6D
:109B20008D8046C38E8047C38F8048C3908049C3D1
:109B300091804AC392804BC39380C1EB94804CC305
:109B400095804DC39680A4D097804EC39880E2D66E
:109B500099804FC39A80C7B69B80D8B89C80C0EBD1
:109B60009D80CEB89E8050C39F80BFEBA080A6B3DF
:109B7000A180C9B9A280ABD6A38051C3A480F4B799
:109B8000A580CAB7A68052C3A78053C3A88054C378
:109B9000A980E7BCAA80BEB7AB80C6EBAC8055C33A
:109BA000AD80C7EBAE80B9B0AF80CFBFB08056C339
:109BB000B180C5EBB280FDD3B38057C3B480C8EB8E
:109BC000B58058C3B68059C3B780C9EBB8805AC3B3
:109BD000B9805BC3BA80CEB7BB805CC3BC80C2EB2C
:109BE000BD80C4EBBE80F6C9BF80D7D6C080CDD5BE
:109BF000C180B2D0C280CFEBC380B8CEC480D0EBDE
:109C0000C5805DC3C680A8B5C7805EC3C8805FC37A
:109C1000C98060C3CA8061C3CB8062C3CC80B3B14A
:109C2000CD80D2EBCE80A5CCCF8063C3D08064C37F
:109C3000D18065C3D28066C3D38067C3D48068C334
:109C4000D58069C3D680D6C5D780D3EBD8806AC308
:109C5000D980D1EBDA80DFC5DB80CEEBDC80A4CA13
:109C6000DD80D5EBDE80FBB0DF806BC3E0806CC3B2
:109C7000E180FABAE2806DC3E3806EC3E480B7D8B6
:109C8000E580E3F1E6806FC3E780CAEBE880CBEBC9
:109C9000E980CCEBEA80CDEBEB80D6EBEC80C0E644
:109CA000ED80D9EBEE8070C3EF80E8BFF080C8D2C2
:109CB000F180D7EBF280DCEBF380ECB8F480D8EBEA
:109CC000F58071C3F680BABDF78072C3F880D8D032
:109CD000F98073C3FA80B7B0FB8074C3FC80DDEBFE
:109CE000FD80DCC4FE8075C3FF8076C3008177C32E
:109CF000018178C30281ACD6038179C304817AC320
:109D000005817BC30681E0B407817CC308817DC3E4
:109D10000981F6C20A81B9BC0B817EC30C8180C364
:109D20000D81DAEB0E81DBEB0F81E0D41081EAC606
:109D30001181D4C41281DFEB1381A7C51481F5D939
:109D4000158181C31681B1B2178182C31881E4EBFA
:109D5000198183C31A81C5BD1B8184C31C8185C33E
:109D60001D8186C31E81E2EB1F8187C3208188C3CA
:109D7000218189C322818AC323818BC324818CC31F
:109D800025818DC326818EC327818FC3288190C3EF
:109D9000298191C32A8192C32B8193C32C81E3EB48
:109DA0002D8194C32E8195C32F81ACB8308196C389
:109DB0003181D1CD3281E5EB338197C3348198C3B2
:109DC000358199C33681E1EB37819AC33881B3C1BC
:109DD00039819BC33A819CC33B819DC33C819EC317
:109DE0003D819FC33E81A2C63F81A0C3408140C444
:109DF000418141C4428142C4438143C4448144C43B
:109E0000458145C44681F3CC478146C44881E6EB91
:109E1000498147C44A81B0C04B81B8D24C81E7EB3D
:109E20004D8148C44E8149C44F814AC45081AFB866
:109E30005181ADB852814BC45381E8EB5481BBC70B
:109E40005581F3CD56814CC457814DC458814EC4C1
:109E50005981EAEB5A81EBEB5B814FC45C8150C4C2
:109E60005D8151C45E8152C45F8153C46081EDEB5A
:109E7000618154C4628155C4638156C4648157C4EE
:109E80006581C8D0668158C46781F2EB688159C486
:109E90006981EEEB6A815AC46B815BC46C815CC4DE
:109EA0006D81F1EB6E81F9C86F815DC47081FCD169
:109EB0007181ECEB72815EC473815FC47481E9EBE4
:109EC000758160C4768161C4778162C4788163C41E
:109ED0007981B9B87A81D9CF7B81E5C47C81EFEBF8
:109EE0007D81F0EB7E81DACC7F81C8CD8081F2B0BC
:109EF000818164C48281F6EB838165C4848166C4F8
:109F0000858167C4868168C4878169C48881F5EBCF
:109F100089816AC48A81B2B28B816BC48C816CC422
:109F20008D816DC48E816EC48F81E0B890816FC4C5
:109F30009181F7EB928170C4938171C4948172C452
:109F4000958173C4968174C4978175C49881ECB16E
:109F5000998176C49A8177C49B81C5CC9C81A4C425
:109F60009D81A5CF9E8178C49F8179C4A0817AC448
:109F7000A1817BC4A2817CC4A381F9EBA4817DC4AF
:109F8000A5817EC4A681A2ECA78180C4A881F2C568
:109F9000A98181C4AA81FAEBAB8182C4AC8183C45C
:109FA000AD8184C4AE8185C4AF8186C4B08187C4CD
:109FB000B18188C4B28189C4B381C5C9B4818AC45E
:109FC000B5818BC4B6818CC4B7818DC4B8818EC471
:109FD000B9818FC4BA81DFE2BB81FEEBBC8190C442
:109FE000BD8191C4BE8192C4BF8193C4C081CECDD6
:109FF000C181A1ECC281DBB1C381B7D3C48194C458
:10A00000C58195C4C681DCD2C78196C4C88197C476
:10A01000C98198C4CA81FDEBCB8199C4CC81FBEB8B
:10A02000CD819AC4CE819BC4CF819CC4D0819DC474
:10A03000D1819EC4D2819FC4D381A0C4D48140C5A4
:10A04000D58141C5D68142C5D78143C5D88144C594
:10A05000D98145C5DA8146C5DB8147C5DC8148C564
:10A06000DD8149C5DE814AC5DF814BC5E0814CC534
:10A07000E1814DC5E2814EC5E381BCB3E4814FC5AA
:10A08000E58150C5E68151C5E781B0EAE88152C556
:10A09000E98153C5EA81D4D7EB8154C5EC81ABF497
:10A0A000ED81F4B3EE8155C5EF8156C5F08157C5FA
:10A0B000F18158C5F28159C5F381C1D6F481C2D668
:10A0C000F5815AC5F6815BC5F7815CC5F8815DC530
:10A0D000F9815EC5FA815FC5FB81E9D5FC81CABE05
:10A0E000FD8160C5FE81A7F4FF8161C50082A8D211
:10A0F0000182A8F40282A9F4038262C50482AAF450
:10A100000582CBBE0682DFD3078263C5088264C5A1
:10A11000098265C50A8266C50B8267C50C82E0C9E3
:10A120000D82E1C90E8268C50F8269C51082C2F333
:10A1300011826AC51282E6CA13826BC51482F2CC00
:10A1400015826CC516826DC517826EC518826FC5E3
:10A15000198270C51A8271C51B82B6E21C82B4CB0B
:10A160001D8272C51E82E8CE1F82DBD6208273C597
:10A170002182ADF42282AEF42382AFF4248274C52E
:10A18000258275C5268276C5278277C52882B2F4D6
:10A19000298278C52A82BDBA2B82B3F42C82E3B01F
:10A1A0002D82B0F42E8279C52F82B1F43082A2BD07
:10A1B0003182D5B232827AC53382B6F43482B7F4B2
:10A1C0003582E6B63682B0B23782CFCF3882B4F469
:10A1D0003982ACB43A827BC53B82B5F43C827CC503
:10A1E0003D827DC53E82B8F43F827EC5408280C5F7
:10A1F000418281C5428282C5438283C54482B9F4CB
:10A20000458284C5468285C54782A7CD488286C5DA
:10A210004982BAF44A8287C54B82BBF44C8288C516
:10A220004D8289C54E828AC54F82BCF450828BC54F
:10A2300051828CC552828DC553828EC554828FC582
:10A24000558290C5568291C5578292C55882D2CB0D
:10A25000598293C55A82BDF45B8294C55C8295C5D0
:10A260005D8296C55E8297C55F82BEF4608298C5A6
:10A27000618299C562829AC563829BC564829CC5CE
:10A2800065829DC566829EC567829FC56882BFF450
:10A290006982A0C56A8240C66B8241C66C8242C692
:10A2A0006D8243C66E82DEF46F82BCC17082E8BCF0
:10A2B000718244C67282ABC97382DED17482F5E5C5
:10A2C000758245C6768246C6778247C6788248C67A
:10A2D0007982B3DC7A82D5D27B8249C67C824AC637
:10A2E0007D82B4DC7E82ACB07F82B5DC80824BC6DE
:10A2F00081824CC68282DABD83824DC68482B9DCFB
:10A3000085824EC686824FC6878250C68882C2D852
:10A31000898251C68A82B7DC8B82F3D38C8252C683
:10A320008D82D6C98E82BADC8F82B6DC908253C60B
:10A330009182BBDC9282A2C3938254C6948255C69A
:10A34000958256C6968257C69782BCDC9882C5DC39
:10A350009982BDDC9A8258C69B8259C69C82DFCE08
:10A360009D82A5D69E825AC69F82CFDCA0825BC604
:10A37000A182CDDCA2825CC6A3825DC6A482D2DCAF
:10A38000A582E6BDA682ABC2A7825EC6A882B8DC63
:10A39000A982CBDCAA82CEDCAB82BEDCAC82D2B797
:10A3A000AD82C5B0AE82C7DCAF82BED0B082C1DCA8
:10A3B000B182A8BBB2825FC6B382BCB7B482CCDC28
:10A3C000B58260C6B68261C6B782C6DCB882BFDC21
:10A3D000B982DBC7BA8262C6BB8263C6BC8264C66E
:10A3E000BD82BFD1BE82C0DCBF8265C6C08266C6E8
:10A3F000C182CADCC28267C6C38268C6C482D0DC9E
:10A40000C58269C6C6826AC6C782ADCEC882C2DCB2
:10A41000C9826BC6CA82C3DCCB82C8DCCC82C9DCF1
:10A42000CD82D4B2CE82D1DCCF82D5CBD0826CC6E5
:10A43000D182B7D4D282DBDCD382DFDCD482A6CC5B
:10A44000D582E6DCD6826DC6D782E7C3D882DCDC53
:10A45000D9826EC6DA826FC6DB82C1BFDC82D9DCEC
:10A46000DD8270C6DE82FAB0DF82B6B9E082E5DC5A
:10A47000E182D3DCE28271C6E382C4DCE482D6DC12
:10A48000E582F4C8E682E0BFE78272C6E88273C65E
:10A49000E98274C6EA8275C6EB82BBC9EC8276C6D5
:10A4A000ED8277C6EE8278C6EF82BDB1F08279C6C2
:10A4B000F182A2D3F2827AC6F3827BC6F482DADC1E
:10A4C000F5827CC6F6827DC6F782D5DCF8827EC630
:10A4D000F982BBC6FA8280C6FB82DEDCFC8281C6C2
:10A4E000FD8282C6FE8283C6FF8284C6008385C643
:10A4F0000183C2D70283AFC30383B6B70483D1C736
:10A500000583A9C30683E2DC0783D8DC0883EBDC80
:10A510000983D4DC0A8386C60B8387C60C83DDDC03
:10A520000D8388C60E83A5BE0F83D7DC108389C632
:10A530001183E0DC12838AC613838BC61483E3DCA9
:10A540001583E4DC16838CC61783F8DC18838DC66C
:10A5500019838EC61A83E1DC1B83A2DD1C83E7DC32
:10A560001D838FC61E8390C61F8391C6208392C60B
:10A57000218393C6228394C6238395C6248396C6DB
:10A58000258397C6268398C62783EBBC2883C4B44B
:10A59000298399C62A839AC62B83A3C32C83E7B247
:10A5A0002D83FADC2E839BC62F83F2DC30839CC67E
:10A5B0003183EFDC32839DC63383FCDC3483EEDCF5
:10A5C0003583F0D23683E8B237839EC63883D7C846
:10A5D0003983E3C83A83FBDC3B839FC63C83EDDCD5
:10A5E0003D83A0C63E8340C73F8341C74083F7DC1D
:10A5F000418342C7428343C74383F5DC448344C756
:10A60000458345C74683A3BE4783F4DC488346C7DA
:10A610004983DDB24A8347C74B8348C74C8349C748
:10A620004D834AC74E834BC74F83F3DC5083F6BC40
:10A630005183E8DC5283C4BB53834CC75483F3C0BB
:10A6400055834DC756834EC757834FC7588350C74E
:10A65000598351C75A83D4BC5B83E9DC5C83EADC51
:10A660005D8352C75E83F1DC5F83F6DC6083F9DCD7
:10A670006183B4B5628353C76383D9C86483E7BB7E
:10A680006583FEDC6683FDDC6783ABD36883A1DD75
:10A690006983A3DD6A83A5DD6B83F1D26C83A4DDBE
:10A6A0006D83A6DD6E83A7DD6F83A9D2708354C747
:10A6B000718355C7728356C7738357C7748358C74E
:10A6C000758359C776835AC77783C9BA7883A9DD5A
:10A6D00079835BC77A835CC77B83B6DD7C83B1DD1E
:10A6E0007D83B4DD7E835DC77F835EC780835FC764
:10A6F000818360C7828361C7838362C7848363C7A2
:10A700008583B0DD8683CEC6878364C7888365C7AB
:10A710008983F2C08A8366C78B8367C78C8368C7C7
:10A720008D8369C78E83AFC98F836AC790836BC7D8
:10A7300091836CC79283ECDC9383AEDD94836DC709
:10A7400095836EC796836FC7978370C79883B7DD6D
:10A75000998371C79A8372C79B83F0DC9C83AFDDBA
:10A760009D8373C79E83B8DD9F8374C7A083ACDDD0
:10A77000A18375C7A28376C7A38377C7A48378C74D
:10A78000A58379C7A6837AC7A7837BC7A883B9DDCA
:10A79000A983B3DDAA83ADDDAB83AAC4AC837CC738
:10A7A000AD837DC7AE837EC7AF8380C7B083A8DD8E
:10A7B000B183B3C0B283ABC1B383AADDB483ABDDD5
:10A7C000B58381C7B683B2DDB783F1BBB883B5DD8E
:10A7D000B983A8D3BA83BADDBB8382C7BC83BBDD90
:10A7E000BD83A7C3BE8383C7BF8384C7C083D2DDB5
:10A7F000C183BCDDC28385C7C38386C7C48387C7C3
:10A80000C583D1DDC68388C7C783BDB9C88389C75F
:10A81000C9838AC7CA83D5BECB838BC7CC83FABE14
:10A82000CD838CC7CE838DC7CF83CABAD0838EC762
:10A83000D1838FC7D28390C7D38391C7D483CADD16
:10A84000D58392C7D683C5DDD78393C7D883BFDDB1
:10A85000D98394C7DA8395C7DB8396C7DC83CBB2F1
:10A86000DD83C3DDDE8397C7DF83CBDDE083A4B266
:10A87000E183D5DDE28398C7E38399C7E4839AC770
:10A88000E583BEDDE6839BC7E7839CC7E8839DC75E
:10A89000E983D0C6EA83D0DDEB839EC7EC839FC7F4
:10A8A000ED83A0C7EE8340C8EF8341C8F083D4DDB9
:10A8B000F183E2C1F283C6B7F38342C8F48343C88D
:10A8C000F58344C8F68345C8F78346C8F883CEDDD0
:10A8D000F983CFDDFA8347C8FB8348C8FC8349C8A6
:10A8E000FD83C4DDFE834AC8FF834BC800844CC887
:10A8F0000184BDDD02844DC80384CDDD0484D1CC48
:10A9000005844EC80684C9DD07844FC8088450C832
:10A91000098451C80A8452C80B84C2DD0C84C8C3A0
:10A920000D84BCC60E84AECE0F84CCDD108453C81B
:10A930001184C8DD128454C8138455C8148456C8C1
:10A94000158457C8168458C8178459C81884C1DD9F
:10A9500019845AC81A845BC81B845CC81C84C6DD71
:10A960001D84DCC21E845DC81F845EC820845FC84D
:10A97000218460C8228461C8238462C82484A9D346
:10A980002584AAD32684D3DD2784F4CF2884F8C86D
:10A99000298463C82A8464C82B8465C82C8466C84B
:10A9A0002D8467C82E8468C82F8469C830846AC81B
:10A9B0003184E6DD32846BC833846CC834846DC85E
:10A9C00035846EC836846FC8378470C83884C7DD54
:10A9D000398471C83A8472C83B8473C83C84E0DD12
:10A9E0003D84E4C23E8474C83F8475C8408476C800
:10A9F000418477C8428478C8438479C844847AC83B
:10AA000045847BC84684E1DD47847CC848847DC892
:10AA100049847EC84A8480C84B8481C84C8482C8DB
:10AA20004D8483C84E8484C84F8485C8508486C8AA
:10AA30005184D7DD528487C8538488C8548489C818
:10AA400055848AC856848BC85784F8D658848CC8D5
:10AA50005984D9DD5A84D8DD5B84F0B85C84D6DDB6
:10AA60005D848DC85E848EC85F848FC8608490C802
:10AA70006184CFC6628491C86384ADB6648492C891
:10AA8000658493C8668494C8678495C8688496C8AA
:10AA90006984E2DD6A8497C86B84F9BA6C84E1D476
:10AAA0006D84E7DD6E8498C86F8499C870849AC8F5
:10AAB0007184D0B472849BC87384DADD74849CC8BA
:10AAC0007584FBBF7684E3DD77849DC87884DFDD01
:10AAD00079849EC87A84DDDD7B849FC87C84A0C88D
:10AAE0007D8440C97E8441C97F8442C9808443C932
:10AAF000818444C98284D9B5838445C9848446C984
:10AB0000858447C9868448C98784DBDD8884DCDD89
:10AB10008984DEDD8A8449C98B84AFBD8C84E4DD01
:10AB20008D844AC98E84E5DD8F844BC990844CC9DD
:10AB300091844DC992844EC993844FC9948450C95D
:10AB4000958451C9968452C99784F5DD988453C978
:10AB50009984C9C39A8454C99B8455C99C84E2CB07
:10AB60009D8456C99E8457C99F8458C9A08459C9D9
:10AB7000A184F2DDA2845AC9A3845BC9A4845CC900
:10AB8000A5845DC9A6845EC9A7845FC9A88460C97D
:10AB9000A98461C9AA8462C9AB8463C9AC8464C94D
:10ABA000AD8465C9AE8466C9AF84E1D8B08467C995
:10ABB000B18468C9B284D1C6B38469C9B484F4DDF0
:10ABC000B5846AC9B6846BC9B7846CC9B884F4D536
:10ABD000B984F3DDBA84F0DDBB846DC9BC846EC971
:10ABE000BD84ECDDBE846FC9BF84EFDDC08470C955
:10ABF000C184E8DDC28471C9C38472C9C484EED043
:10AC0000C58473C9C68474C9C78475C9C88476C924
:10AC1000C984D8C8CA84EEDDCB8477C9CC8478C90E
:10AC2000CD84E9DDCE8479C9CF847AC9D084EADDC8
:10AC3000D184F2CBD2847BC9D384EDDDD4847CC9AA
:10AC4000D5847DC9D684CDB1D7847EC9D88480C946
:10AC5000D98481C9DA8482C9DB8483C9DC8484C94C
:10AC6000DD84B6C0DE8485C9DF84BBBCE084F1DD51
:10AC7000E18486C9E28487C9E384F7DDE48488C976
:10AC8000E584F6DDE684EBDDE78489C9E8848AC9DA
:10AC9000E9848BC9EA848CC9EB848DC9EC84EEC548
:10ACA000ED848EC9EE848FC9EF8490C9F084FBDDFA
:10ACB000F18491C9F28492C9F38493C9F48494C94C
:10ACC000F58495C9F68496C9F78497C9F88498C91C
:10ACD000F98499C9FA849AC9FB849BC9FC84A4DECF
:10ACE000FD849CC9FE849DC9FF84A3DE00859EC9A6
:10ACF00001859FC90285A0C9038540CA048541CA50
:10AD0000058542CA068543CA078544CA088545CADF
:10AD1000098546CA0A8547CA0B8548CA0C85F8DDED
:10AD20000D8549CA0E854ACA0F854BCA10854CCA83
:10AD30001185EFC312854DCA1385FBC214854ECA17
:10AD400015854FCA168550CA1785E1D5188551CA91
:10AD5000198552CA1A85B5CE1B8553CA1C8554CA9B
:10AD60001D8555CA1E8556CA1F85FDDD208557CA1B
:10AD70002185CCB2228558CA238559CA24855ACA4E
:10AD800025855BCA26855CCA27855DCA28855ECA7B
:10AD900029855FCA2A8560CA2B85E8C42C85DFCA4D
:10ADA0002D8561CA2E8562CA2F8563CA308564CA23
:10ADB000318565CA328566CA338567CA348568CAF3
:10ADC000358569CA36856ACA3785BEC73885FADDD2
:10ADD0003985FCDD3A85FEDD3B85A2DE3C85AAB0E7
:10ADE0003D85CEB13E856BCA3F856CCA40856DCA34
:10ADF00041856ECA42856FCA4385ACDE448570CA00
:10AE0000458571CA468572CA478573CA4885A6DEDC
:10AE10004985B6BD4A85EFC84B8574CA4C8575CA4D
:10AE20004D8576CA4E8577CA4F8578CA508579CACE
:10AE300051857ACA52857BCA53857CCA54857DCA9E
:10AE400055857ECA5685A1DE578580CA588581CA38
:10AE50005985A5DE5A8582CA5B8583CA5C8584CA0A
:10AE60005D8585CA5E85A9DE5F8586CA608587CADD
:10AE7000618588CA628589CA63858ACA6485A8DEB5
:10AE800065858BCA66858CCA67858DCA6885A7DE8D
:10AE900069858ECA6A858FCA6B8590CA6C8591CA8E
:10AEA0006D8592CA6E8593CA6F8594CA708595CA5E
:10AEB000718596CA7285ADDE738597CA7485CCD4C8
:10AEC000758598CA768599CA77859ACA78859BCA06
:10AED0007985B3DE7A85AADE7B85AEDE7C859CCA69
:10AEE0007D859DCA7E85D9C07F859ECA80859FCA83
:10AEF0008185A0CA828540CB838541CB8485A1B161
:10AF00008585B6DE868542CB8785B1DE888543CBD5
:10AF1000898544CB8A8545CB8B8546CB8C8547CBB1
:10AF20008D8548CB8E8549CB8F85B2DE90854ACB07
:10AF300091854BCB92854CCB93854DCB94854ECB55
:10AF400095854FCB968550CB978551CB988552CB25
:10AF5000998553CB9A8554CB9B85A6D19C85B5DE2C
:10AF60009D8555CB9E8556CB9F8557CBA08558CBCD
:10AF7000A18559CBA2855ACBA3855BCBA485AFDE37
:10AF8000A5855CCBA6855DCBA7855ECBA885B0DE0D
:10AF9000A9855FCBAA85BDD0AB8560CBAC8561CBE5
:10AFA000AD8562CBAE85B4DEAF85EDCAB085B9DEC6
:10AFB000B18563CBB28564CBB38565CBB48566CBF5
:10AFC000B58567CBB68568CBB785B8DEB88569CB64
:10AFD000B985B7DEBA856ACBBB856BCBBC856CCB3C
:10AFE000BD856DCBBE856ECBBF856FCBC08570CB6D
:10AFF000C185BBDEC28571CBC38572CBC48573CBE3
:10B00000C58574CBC68575CBC78576CBC88577CB10
:10B01000C985E5BDCA8578CBCB8579CBCC857ACB84
:10B02000CD857BCBCE857CCBCF85D8B2D085EAC30E
:10B03000D1857DCBD2857ECBD385BADED48580CB3E
:10B04000D585BAC5D68581CBD78582CBD88583CB2C
:10B05000D98584CBDA8585CBDB8586CBDC85BCDEE8
:10B06000DD8587CBDE8588CBDF8589CBE0858ACB04
:10B07000E1858BCBE2858CCBE3858DCBE485D9CC88
:10B08000E5858ECBE6858FCBE78590CBE88591CBA8
:10B09000E985AAB7EA8592CBEB8593CBEC8594CB77
:10B0A000ED8595CBEE8596CBEF8597CBF08598CB4C
:10B0B000F18599CBF2859ACBF3859BCBF4859CCB1C
:10B0C000F5859DCBF6859ECBF7859FCBF885A0CBEC
:10B0D000F98540CCFA8541CCFB85E5D4FC8542CC92
:10B0E000FD8543CCFE8544CCFF85BDDE008645CC86
:10B0F000018646CC028647CC038648CC048649CCE0
:10B100000586BFDE06864ACC07864BCC08864CCC2B
:10B1100009864DCC0A864ECC0B864FCC0C8650CC83
:10B120000D8651CC0E8652CC0F8653CC108654CC53
:10B130001186A2C4128655CC138656CC148657CCE1
:10B14000158658CC1686C1DE178659CC18865ACC7F
:10B1500019865BCC1A865CCC1B865DCC1C865ECCCB
:10B160001D865FCC1E8660CC1F8661CC208662CC9B
:10B17000218663CC228664CC238665CC248666CC6B
:10B18000258667CC268668CC2786BEDE288669CCD5
:10B190002986C0DE2A866ACC2B866BCC2C866CCCAA
:10B1A0002D866DCC2E866ECC2F866FCC308670CCE3
:10B1B000318671CC328672CC338673CC348674CCB3
:10B1C000358675CC368676CC378677CC3886BAD538
:10B1D000398678CC3A8679CC3B867ACC3C86C2DEFE
:10B1E0003D867BCC3E867CCC3F867DCC40867ECC2B
:10B1F000418680CC428681CC438682CC448683CCF7
:10B20000458684CC468685CC478686CC488687CCC6
:10B21000498688CC4A8689CC4B868ACC4C868BCC96
:10B220004D86AEF24E86A2BB4F86B2C25086B0C5E6
:10B230005186C7C252868CCC53868DCC5486AFF2D1
:10B2400055868ECC56868FCC578690CC588691CC1E
:10B25000598692CC5A86E9D05B8693CC5C8694CC96
:10B260005D8695CC5E86DDD35F8696CC608697CC76
:10B27000618698CC6286BDEB638699CC64869ACC55
:10B2800065869BCC66869CCC67869DCC68869ECC6A
:10B2900069869FCC6A86A0CC6B86E6B36C86B0F2DA
:10B2A0006D8640CD6E86B1F26F8641CD708642CDFF
:10B2B0007186ADCA728643CD738644CD748645CD02
:10B2C000758646CD768647CD778648CD788649CD3A
:10B2D0007986E7BA7A86B3F27B86B5F27C86B4F2D9
:10B2E0007D86E4CB7E86BACF7F86B2F28086B4CAF2
:10B2F0008186CFD28286ECC283864ACD84864BCDAE
:10B3000085864CCD86864DCD87864ECD88864FCDA1
:10B31000898650CD8A86C3CE8B86B8F28C86F6B0ED
:10B320008D86B7F28E8651CD8F8652CD908653CDC5
:10B33000918654CD928655CD9386BEF2948656CD95
:10B340009586CFB2968657CD978658CD988659CD9B
:10B3500099865ACD9A865BCD9B865CCD9C86C1D161
:10B360009D86BAF29E865DCD9F865ECDA0865FCD1E
:10B37000A18660CDA28661CDA386BCF2A486E9D465
:10B38000A58662CDA68663CDA786BBF2A886B6F257
:10B39000A986BFF2AA86BDF2AB8664CDAC86B9F2AF
:10B3A000AD8665CDAE8666CDAF86C7F2B086C4F2F7
:10B3B000B186C6F2B28667CDB38668CDB486CAF2CE
:10B3C000B586C2F2B686C0F2B78669CDB8866ACDB8
:10B3D000B9866BCDBA86C5F2BB866CCDBC866DCD09
:10B3E000BD866ECDBE866FCDBF8670CDC086FBD6C6
:10B3F000C18671CDC28672CDC38673CDC486C1F2BB
:10B40000C58674CDC686F9C7C786DFC9C88675CD1F
:10B41000C986C8F2CA86C6B9CB86B0B5CC8676CD09
:10B42000CD8677CDCE86C3F2CF86C9F2D086D0F254
:10B43000D186D6F2D28678CDD38679CDD486D7BBC5
:10B44000D5867ACDD6867BCDD7867CCDD886D5F2EB
:10B45000D986DCCDDA867DCDDB86EBD6DC867ECD6B
:10B46000DD8680CDDE86D2F2DF86D4F2E08681CD25
:10B47000E18682CDE28683CDE38684CDE486F2B890
:10B48000E58685CDE68686CDE78687CDE88688CDBC
:10B49000E986CBF2EA8689CDEB868ACDEC868BCD28
:10B4A000ED86CEF2EE86F9C2EF868CCDF086DDD544
:10B4B000F186CCF2F286CDF2F386CFF2F486D3F2A7
:10B4C000F5868DCDF6868ECDF7868FCDF886D9F2AE
:10B4D000F986BCD3FA8690CDFB8691CDFC8692CDC1
:10B4E000FD8693CDFE86EAB6FF8694CD0087F1CA2D
:10B4F000018795CD0287E4B70387D7F2048796CDFD
:10B50000058797CD068798CD0787D8F20887DAF2A6
:10B510000987DDF20A87DBF20B8799CD0C879ACD7C
:10B520000D87DCF20E879BCD0F879CCD10879DCDBC
:10B5300011879ECD1287D1D11387D1F214879FCD69
:10B540001587C9CD1687A0CD1787CFCE1887A9D666
:10B55000198740CE1A87E3F21B8741CE1C87DBC3D5
:10B560001D8742CE1E87E0F21F8743CE208744CE40
:10B570002187AFC02287ECF22387DEF2248745CEF5
:10B580002587E1F2268746CE278747CE288748CEF3
:10B590002987E8F22A8749CE2B874ACE2C874BCEC3
:10B5A0002D874CCE2E87E2F22F874DCE30874ECEA0
:10B5B0003187E7F232874FCE338750CE3487E6F2B9
:10B5C000358751CE368752CE3787E9F2388753CE4A
:10B5D000398754CE3A8755CE3B87DFF23C8756CE2B
:10B5E0003D8757CE3E87E4F23F87EAF2408758CE48
:10B5F000418759CE42875ACE43875BCE44875CCE83
:10B6000045875DCE46875ECE4787ACD34887E5F257
:10B610004987F5B24A875FCE4B8760CE4C87F2F2FE
:10B620004D8761CE4E87ABD04F8762CE508763CEB9
:10B63000518764CE528765CE5387F5F2548766CE24
:10B64000558767CE568768CE5787C8BB588769CE5F
:10B650005987F9F25A876ACE5B876BCE5C876CCECE
:10B660005D876DCE5E876ECE5F876FCE6087F0F2AE
:10B67000618770CE628771CE6387F6F26487F8F2D5
:10B680006587FAF2668772CE678773CE688774CE55
:10B69000698775CE6A8776CE6B8777CE6C8778CED2
:10B6A0006D8779CE6E87F3F26F877ACE7087F1F26D
:10B6B00071877BCE72877CCE73877DCE7487FBBA11
:10B6C00075877ECE7687FBB5778780CE788781CEEB
:10B6D000798782CE7A8783CE7B87EFF27C87F7F2F9
:10B6E0007D87EDF27E87EEF27F8784CE808785CEE0
:10B6F000818786CE8287EBF28387A6F3848787CE05
:10B700008587A3F3868788CE878789CE8887A2F32B
:10B7100089878ACE8A878BCE8B87F4F28C878CCEF2
:10B720008D87DAC88E878DCE8F878ECE90878FCE0D
:10B73000918790CE928791CE9387FBF2948792CE99
:10B74000958793CE968794CE9787A5F3988795CEC5
:10B75000998796CE9A8797CE9B8798CE9C8799CECD
:10B760009D879ACE9E879BCE9F87F8C3A0879CCE4D
:10B77000A1879DCEA2879ECEA3879FCEA487A0CE71
:10B78000A58740CFA68741CFA78742CFA887FDF2E4
:10B79000A98743CFAA8744CFAB87A7F3AC87A9F388
:10B7A000AD87A4F3AE8745CFAF87FCF2B08746CF15
:10B7B000B18747CFB28748CFB387ABF3B48749CFC0
:10B7C000B587AAF3B6874ACFB7874BCFB8874CCF98
:10B7D000B9874DCFBA87DDC2BB874ECFBC874FCF6D
:10B7E000BD87AEF3BE8750CFBF8751CFC087B0F3C0
:10B7F000C18752CFC28753CFC38754CFC48755CF99
:10B80000C58756CFC687A1F3C78757CFC88758CFFC
:10B81000C98759CFCA87B1F3CB87ACF3CC875ACF4E
:10B82000CD875BCFCE875CCFCF875DCFD0875ECF14
:10B83000D187AFF3D287FEF2D387ADF3D4875FCF42
:10B84000D58760CFD68761CFD78762CFD88763CFC0
:10B85000D98764CFDA8765CFDB87B2F3DC8766CF21
:10B86000DD8767CFDE8768CFDF8769CFE087B4F3F6
:10B87000E1876ACFE2876BCFE3876CCFE4876DCF38
:10B88000E587A8F3E6876ECFE7876FCFE88770CFAD
:10B89000E98771CFEA87B3F3EB8772CFEC8773CF79
:10B8A000ED8774CFEE87B5F3EF8775CFF08776CF4E
:10B8B000F18777CFF28778CFF38779CFF4877ACF84
:10B8C000F5877BCFF6877CCFF7877DCFF8877ECF54
:10B8D000F987B7D0FA8780CFFB8781CFFC8782CFEB
:10B8E000FD8783CFFE87B8F3FF8784CF008885CF9D
:10B8F000018886CF028887CF0388F9D9048888CF4A
:10B90000058889CF06888ACF07888BCF08888CCF97
:10B9100009888DCF0A88B9F30B888ECF0C888FCF1A
:10B920000D8890CF0E8891CF0F8892CF108893CF3B
:10B93000118894CF128895CF1388B7F3148896CFC7
:10B940001588E4C81688B6F3178897CF188898CF5B
:10B95000198899CF1A889ACF1B88BAF31C889BCF75
:10B960001D889CCF1E889DCF1F889ECF20889FCF8B
:10B970002188BBF32288C0B42388A0CF248840D07C
:10B98000258841D0268842D0278843D0288844D0B3
:10B99000298845D02A8846D02B8847D02C8848D083
:10B9A0002D8849D02E884AD02F884BD030884CD053
:10B9B00031884DD03288C3EE33884ED034884FD092
:10B9C000358850D0368851D0378852D0388853D0F7
:10B9D0003988BCF33A8854D03B8855D03C88BDF3B5
:10B9E0003D8856D03E8857D03F8858D04088AAD14D
:10B9F000418859D042885AD043885BD04488ACF4FF
:10BA00004588C6D046885CD047885DD048885ED0DF
:10BA100049885FD04A8860D04B8861D04C88D0D0AC
:10BA20004D88DCD14E8862D04F8863D0508864D076
:10BA3000518865D0528866D0538867D05488CECF5D
:10BA4000558868D0568869D05788D6BD58886AD03E
:10BA50005988C3D15A886BD05B886CD05C886DD014
:10BA60005D886ED05E886FD05F8870D0608871D03E
:10BA70006188E2BA6288E9E16388C2D26488C2F16F
:10BA80006588B9B2668872D0678873D06888EDB16E
:10BA90006988C3F16A8874D06B88C0C96C88C4B3E4
:10BAA0006D8875D06E88F2D96F8876D07088A5CBF6
:10BAB000718877D07288C4F1738878D0748879D00F
:10BAC00075887AD076887BD07788D4D678887CD0F1
:10BAD00079887DD07A887ED07B8880D07C8881D020
:10BAE0007D88C5F17E88C0F47F88C6F1808882D0C9
:10BAF0008188ACD48288C7F1838883D08488C0B021
:10BB00008588C1F4868884D0878885D08888C2F4E7
:10BB1000898886D08A8887D08B88FCB48C8888D026
:10BB20008D88DBC58E8889D08F888AD090888BD00D
:10BB300091888CD09288BBCC93888DD094888ED0FD
:10BB400095888FD09688E4D0978890D0988891D0A7
:10BB5000998892D09A8893D09B8894D09C88E0CD85
:10BB60009D8895D09E8896D09F8897D0A08898D0A1
:10BB7000A18899D0A288C8F1A3889AD0A488F3D9C3
:10BB8000A5889BD0A6889CD0A7889DD0A8889ED049
:10BB9000A9889FD0AA88A0D0AB88BBB1AC8840D17F
:10BBA000AD88AECFAE8841D1AF8842D1B08843D105
:10BBB000B188A4B8B28844D1B38845D1B48846D1FD
:10BBC000B58847D1B68848D1B788CAF1B88849D175
:10BBD000B9884AD1BA884BD1BB884CD1BC88CBF14B
:10BBE000BD884DD1BE884ED1BF884FD1C08850D1BD
:10BBF000C188C3B2C288D1C1C38851D1C48852D1CF
:10BC0000C588B0D7C688C9F1C78853D1C88854D170
:10BC1000C988CCF1CA8855D1CB8856D1CC8857D1A8
:10BC2000CD8858D1CE88CEF1CF8859D1D0885AD17D
:10BC3000D1885BD1D288F6D9D3885CD1D488E1D2BF
:10BC4000D588A3D4D6885DD1D7885ED1D888C3F4EF
:10BC5000D988B9C8DA885FD1DB8860D1DC8861D146
:10BC6000DD8862D1DE8863D1DF88C4F4E08864D1E6
:10BC7000E18865D1E288CDF1E388CFF1E488E3BFC4
:10BC8000E588D0F1E68866D1E78867D1E888D4F105
:10BC9000E98868D1EA8869D1EB886AD1EC886BD1F0
:10BCA000ED886CD1EE886DD1EF886ED1F088D6F139
:10BCB000F188D1F1F2886FD1F388D1C9F488E1C558
:10BCC000F58870D1F68871D1F78872D1F888E3C20F
:10BCD000F988FCB9FA8873D1FB8874D1FC88D3F158
:10BCE000FD8875D1FE88D5F1FF8876D1008977D19E
:10BCF000018978D10289D3B9038979D104897AD1AC
:10BD000005897BD106897CD107897DD108897ED1BF
:10BD1000098980D10A89DBF10B8981D10C8982D113
:10BD20000D8983D10E8984D10F8985D11089D6BA26
:10BD3000118986D11289FDB01389D9F1148987D16F
:10BD4000158988D1168989D117898AD118898BD10B
:10BD50001989D8F11A89D2F11B89DAF11C898CD1A1
:10BD60001D898DD11E898ED11F898FD1208990D1B7
:10BD70002189D7F1228991D1238992D1248993D124
:10BD80002589ECC8268994D1278995D1288996D10F
:10BD9000298997D12A89CACD2B89DDF12C8998D19F
:10BDA0002D8999D12E899AD12F899BD13089BDE5D2
:10BDB00031899CD132899DD133899ED13489DCF17E
:10BDC00035899FD13689DEF13789A0D1388940D2B3
:10BDD000398941D23A8942D23B8943D23C8944D203
:10BDE0003D8945D23E8946D23F8947D2408948D2D3
:10BDF0004189DFF1428949D243894AD24489E5CF5A
:10BE000045894BD246894CD247894DD248894ED27A
:10BE100049894FD24A8950D24B8951D24C8952D24A
:10BE20004D8953D24E8954D24F8955D2508956D21A
:10BE3000518957D2528958D2538959D254895AD2EA
:10BE400055895BD256895CD257895DD258895ED2BA
:10BE500059895FD25A8960D25B8961D25C8962D28A
:10BE60005D8963D25E89C5F45F89F3BD608964D260
:10BE7000618965D2628966D2638967D2648968D232
:10BE8000658969D26689E0F167896AD268896BD26F
:10BE900069896CD26A896DD26B896ED26C896FD2D6
:10BEA0006D8970D26E8971D26F8972D2708973D2A6
:10BEB000718974D2728975D2738976D2748977D276
:10BEC000758978D2768979D277897AD278897BD246
:10BED00079897CD27A897DD27B89E1F17C897ED295
:10BEE0007D8980D27E8981D27F89F7CE808982D276
:10BEF0008189AAD2828983D28389FBF1848984D201
:10BF0000858985D28689B2B8878986D2888987D281
:10BF1000898988D28A8989D28B898AD28C898BD265
:10BF20008D898CD28E898DD28F898ED290898FD235
:10BF3000918990D2928991D2938992D2948993D205
:10BF4000958994D2968995D2978996D2988997D2D5
:10BF5000998998D29A8999D29B899AD29C899BD2A5
:10BF60009D899CD29E899DD29F899ED2A0899FD275
:10BF7000A189A0D2A28940D3A38941D3A48942D365
:10BF8000A58943D3A68944D3A78945D3A88946D395
:10BF9000A98947D3AA8948D3AB8949D3AC894AD365
:10BFA000AD894BD3AE894CD3AF894DD3B0894ED335
:10BFB000B1894FD3B28950D3B38951D3B48952D305
:10BFC000B58953D3B68954D3B78955D3B88956D3D5
:10BFD000B98957D3BA8958D3BB8959D3BC895AD3A5
:10BFE000BD895BD3BE895CD3BF895DD3C0895ED375
:10BFF000C189FBBCC289DBB9C3895FD3C489E6B9F7
:10C00000C589D9C3C689D3CAC789E8EAC889C0C067
:10C01000C989F5BECA89E9EACB89EAEACC89EBEAA3
:10C02000CD8960D3CE89ECEACF89EDEAD089EEEAFA
:10C03000D189EFEAD289C7BDD38961D3D48962D3CC
:10C04000D58963D3D689FBF5D78964D3D88965D3DD
:10C05000D98966D3DA89FDF5DB8967D3DC89FEF5FA
:10C06000DD8968D3DE89FCF5DF8969D3E0896AD38D
:10C07000E1896BD3E2896CD3E389E2BDE4896DD3B6
:10C08000E589A1F6E689A5B4E7896ED3E8896FD37F
:10C09000E98970D3EA8971D3EB89A2F6EC8972D36E
:10C0A000ED8973D3EE8974D3EF89A3F6F08975D344
:10C0B000F18976D3F28977D3F389B2ECF48978D316
:10C0C000F58979D3F6897AD3F7897BD3F8897CD33C
:10C0D000F9897DD3FA897ED3FB8980D3FC8981D30A
:10C0E000FD8982D3FE8983D3FF8984D3008AD4D18A
:10C0F000018A85D3028A86D3038A87D3048A88D3A8
:10C10000058A89D3068A8AD3078AEAD9088A8BD313
:10C11000098A8CD30A8A8DD30B8A8ED30C8A8FD34B
:10C120000D8A90D30E8A91D30F8A92D3108A93D31B
:10C13000118A94D3128A95D3138A96D3148A97D3EB
:10C14000158A98D3168A99D3178A9AD3188A9BD3BB
:10C15000198A9CD31A8A9DD31B8A9ED31C8A9FD38B
:10C160001D8AA0D31E8A40D41F8A41D4208A42D47B
:10C17000218A43D4228A44D4238A45D4248A46D4AB
:10C18000258A47D4268A48D4278A49D4288A4AD47B
:10C19000298A4BD42A8A4CD42B8A4DD42C8A4ED44B
:10C1A0002D8A4FD42E8A50D42F8A51D4308A52D41B
:10C1B000318A53D4328A54D4338A55D4348A56D4EB
:10C1C000358A57D4368A58D4378A59D4388A5AD4BB
:10C1D000398A5BD43A8A5CD43B8A5DD43C8A5ED48B
:10C1E0003D8A5FD43E8AA4F63F8A60D4408A61D4F7
:10C1F000418A62D4428A63D4438A64D4448A65D42F
:10C20000458A66D4468A67D4478A68D4488ABAEE93
:10C21000498A69D44A8A6AD44B8A6BD44C8A6CD4D2
:10C220004D8A6DD44E8A6ED44F8A6FD4508A70D4A2
:10C23000518A71D4528A72D4538A73D4548A74D472
:10C24000558A75D4568A76D4578A77D4588A78D442
:10C25000598A79D45A8A7AD45B8A7BD45C8A7CD412
:10C260005D8A7DD45E8A7ED45F8A80D4608A81D4E0
:10C27000618A82D4628A83D4638A84D4648A85D4AE
:10C28000658A86D4668A87D4678A88D4688A89D47E
:10C29000698A8AD46A8A8BD46B8A8CD46C8A8DD44E
:10C2A0006D8A8ED46E8A8FD46F8A90D4708A91D41E
:10C2B000718A92D4728A93D4738A94D4748A95D4EE
:10C2C000758A96D4768A97D4778A98D4788A99D4BE
:10C2D000798AB2D57A8A9AD47B8A9BD47C8A9CD478
:10C2E0007D8A9DD47E8A9ED47F8A9FD4808AA0D462
:10C2F000818A40D5828A41D5838A42D5848A43D5B2
:10C30000858A44D5868A45D5878A46D5888A47D581
:10C31000898AFED38A8ADCCC8B8A48D58C8A49D517
:10C320008D8A4AD58E8A4BD58F8A4CD5908A4DD529
:10C33000918A4ED5928A4FD5938AC4CA948A50D591
:10C34000958A51D5968A52D5978A53D5988A54D5CD
:10C35000998A55D59A8A56D59B8A57D59C8A58D59D
:10C360009D8A59D59E8A5AD59F8A5BD5A08A5CD56D
:10C37000A18A5DD5A28A5ED5A38A5FD5A48A60D53D
:10C38000A58A61D5A68A62D5A78A63D5A88A64D50D
:10C39000A98A65D5AA8A66D5AB8A67D5AC8A68D5DD
:10C3A000AD8A69D5AE8A6AD5AF8A6BD5B08A6CD5AD
:10C3B000B18A6DD5B28A6ED5B38A6FD5B48A70D57D
:10C3C000B58A71D5B68A72D5B78A73D5B88A74D54D
:10C3D000B98A75D5BA8A76D5BB8A77D5BC8A78D51D
:10C3E000BD8A79D5BE8A7AD5BF8A7BD5C08A7CD5ED
:10C3F000C18A7DD5C28A7ED5C38A80D5C48A81D5BB
:10C40000C58A82D5C68A83D5C78A84D5C88A85D588
:10C41000C98A86D5CA8A87D5CB8A88D5CC8A89D558
:10C42000CD8A8AD5CE8A8BD5CF8A8CD5D08A8DD528
:10C43000D18A8ED5D28A8FD5D38A90D5D48A91D5F8
:10C44000D58A92D5D68A93D5D78A94D5D88A95D5C8
:10C45000D98A96D5DA8A97D5DB8A98D5DC8A99D598
:10C46000DD8A9AD5DE8A9BD5DF8A9CD5E08A9DD568
:10C47000E18A9ED5E28A9FD5E38AA0D5E48A40D698
:10C48000E58A41D6E68A42D6E78A43D6E88A44D688
:10C49000E98A45D6EA8A46D6EB8A47D6EC8A48D658
:10C4A000ED8A49D6EE8A4AD6EF8A4BD6F08A4CD628
:10C4B000F18A4DD6F28A4ED6F38A4FD6F48A50D6F8
:10C4C000F58A51D6F68A52D6F78A53D6F88A54D6C8
:10C4D000F98A55D6FA8A56D6FB8A57D6FC8A58D698
:10C4E000FD8A59D6FE8A5AD6FF8A5BD6008B5CD667
:10C4F000018B5DD6028B5ED6038B5FD6048B60D634
:10C50000058B61D6068B62D6078BC0E5088B63D698
:10C51000098B64D60A8B65D60B8B66D60C8B67D6D7
:10C520000D8B68D60E8B69D60F8B6AD6108B6BD6A7
:10C53000118B6CD6128B6DD6138B6ED6148B6FD677
:10C54000158B70D6168B71D6178B72D6188B73D647
:10C55000198B74D61A8B75D61B8B76D61C8B77D617
:10C560001D8B78D61E8B79D61F8B7AD6208B7BD6E7
:10C57000218B7CD6228B7DD6238B7ED6248B80D6B6
:10C58000258B81D6268BA5F6278B82D6288B83D642
:10C59000298B84D62A8B85D62B8B86D62C8B87D657
:10C5A0002D8B88D62E8B89D62F8B8AD6308B8BD627
:10C5B000318B8CD6328B8DD6338B8ED6348B8FD6F7
:10C5C000358B90D6368B91D6378B92D6388B93D6C7
:10C5D000398B94D63A8B95D63B8B96D63C8B97D697
:10C5E0003D8B98D63E8B99D63F8B9AD6408B9BD667
:10C5F000418B9CD6428B9DD6438B9ED6448B9FD637
:10C60000458BA0D6468B40D7478B41D7488B42D726
:10C61000498B43D74A8B44D74B8B45D74C8B46D756
:10C620004D8B47D74E8B48D74F8B49D7508B4AD726
:10C63000518B4BD7528B4CD7538B4DD7548B4ED7F6
:10C64000558B4FD7568B50D7578B51D7588B52D7C6
:10C65000598B53D75A8B54D75B8B55D75C8B56D796
:10C660005D8B57D75E8B58D75F8B59D7608B5AD766
:10C67000618B5BD7628B5CD7638B5DD7648B5ED736
:10C68000658B5FD7668BAFBE678B60D7688B61D7D2
:10C69000698B62D76A8B63D76B8B64D76C8BA9C6A7
:10C6A0006D8B65D76E8B66D76F8B67D7708B68D7AE
:10C6B000718B69D7728B6AD7738B6BD7748B6CD77E
:10C6C000758B6DD7768B6ED7778B6FD7788B70D74E
:10C6D000798B71D77A8B72D77B8B73D77C8B74D71E
:10C6E0007D8B75D77E8B76D77F8B77D7808B78D7EE
:10C6F000818B79D7828B7AD7838B7BD7848B7CD7BE
:10C70000858B7DD7868B7ED7878B80D7888B81D78B
:10C71000898B82D78A8B83D78B8B84D78C8B85D759
:10C720008D8B86D78E8B87D78F8B88D7908B89D729
:10C73000918B8AD7928B8BD7938B8CD7948B8DD7F9
:10C74000958B8ED7968B8FD7978B90D7988B91D7C9
:10C75000998B92D79A8B93D79B8B94D79C8B95D799
:10C760009D8B96D79E8B97D79F8B98D7A08BA5DA5A
:10C77000A18BC6BCA28BA9B6A38BBCB8A48BCFC817
:10C78000A58BA5BCA68BA6DAA78BA7DAA88BD6CCDF
:10C79000A98BC3C8AA8BA8DAAB8BFDC6AC8B99D783
:10C7A000AD8BB5D1AE8BE9D2AF8BB6D1B08BC7BC58
:10C7B000B18B9AD7B28BB2BDB38BE4BBB48BA9DA81
:10C7C000B58BAADAB68BC8D1B78BABDAB88BEDD004
:10C7D000B98BEFB6BA8BDBC2BB8B9BD7BC8BCFCBF5
:10C7E000BD8BEDB7BE8BE8C9BF8BC3B7C08BF7BE9F
:10C7F000C18BA4D6C28BACDAC38BADDAC48BC0C6F6
:10C80000C58BE7D7C68BB6CAC78B9CD7C88BA9D5B3
:10C81000C98BDFCBCA8BEFD5CB8BAEDACC8BDFD617
:10C82000CD8BCAB4CE8BB0DACF8BAFDAD08B9DD79D
:10C83000D18BEBD2D28BB1DAD38BB2DAD48BB3DA21
:10C84000D58BD4CAD68BB4DAD78BABCAD88BB5DA32
:10C85000D98BB6DADA8BCFB3DB8BEFD6DC8BB7DADA
:10C86000DD8BB0BBDE8BAEB5DF8BB8DAE08BB9DA2F
:10C87000E18BEEB9E28BAFD1E38BE8D2E48BBADA8D
:10C88000E58BC3B8E68BEACFE78BEFB2E88BBBDA78
:10C89000E98BBCDAEA8B9ED7EB8BEBBDEC8BDCCE65
:10C8A000ED8BEFD3EE8BBDDAEF8BF3CEF08BBEDAF0
:10C8B000F18BD5D3F28BE5BBF38BBFDAF48BB5CB21
:10C8C000F58BD0CBF68BC0DAF78BEBC7F88BEED6B7
:10C8D000F98BC1DAFA8BB5C5FB8BC1B6FC8BC2DA1A
:10C8E000FD8BCCB7FE8BCEBFFF8BC3DA008CC4DAD6
:10C8F000018CADCB028CC5DA038CF7B5048CC6DA9B
:10C90000058CC2C1068CBBD7078CC7DA088CB8CCA3
:10C91000098C9FD70A8CEAD20B8CB1C40C8CC8DA74
:10C920000D8CFDB50E8CD1BB0F8CC9DA108CB3D039
:10C93000118CCADA128CCBDA138CBDCE148CCCDA03
:10C94000158CCDDA168CCEDA178CF7B2188CD1DABA
:10C95000198CCFDA1A8CE8D11B8CD0DA1C8CD5C399
:10C960001D8CD2DA1E8CA0D71F8CD3DA208CD4DA9F
:10C97000218CD5DA228CBBD0238CA5D2248CF9B0A3
:10C98000258CD6DA268CABC7278CD7DA288CF7BD56
:10C99000298CA1C32A8CD8DA2B8CD9DA2C8CFDC334
:10C9A0002D8CB7CC2E8CDADA2F8CDBDA308CBEC033
:10C9B000318CD7C6328CDCDA338CDDDA348CB4C7F8
:10C9C000358CDEDA368CDFDA378CC8B9388C40D853
:10C9D000398C41D83A8C42D83B8C43D83C8C44D8D3
:10C9E0003D8C45D83E8C46D83F8C47D8408C48D8A3
:10C9F000418CEDBB428C49D8438C4AD8448C4BD8EF
:10CA0000458C4CD8468CB9B6478CF8F4488C4DD838
:10CA1000498CF9F44A8C4ED84B8C4FD84C8CE3CDD2
:10CA20004D8C50D84E8C51D84F8C52D8508C53D8F6
:10CA3000518C54D8528C55D8538C56D8548C57D8C6
:10CA4000558CB9F5568C58D8578C59D8588C5AD81B
:10CA5000598C5BD85A8CE0EB5B8C5CD85C8C5DD8D5
:10CA60005D8C5ED85E8C5FD85F8C60D8608C61D83E
:10CA7000618CF3CF628CBFBB638C62D8648C63D84B
:10CA8000658C64D8668C65D8678C66D8688C67D8E6
:10CA9000698C68D86A8CC0BA6B8CA5D46C8C69D848
:10CAA0006D8C6AD86E8C6BD86F8C6CD8708C6DD88E
:10CAB000718C6ED8728C6FD8738CD9E1748C70D8ED
:10CAC000758C71D8768C72D8778C73D8788CF4F595
:10CAD000798CAAB17A8CF2B27B8C74D87C8C75D8A4
:10CAE0007D8C76D87E8C77D87F8C78D8808C79D8DE
:10CAF000818C7AD8828CF5F5838C7BD8848C7CD819
:10CB0000858CF7F5868C7DD8878C7ED8888C80D8EC
:10CB1000898CD1BA8A8CF6F58B8C81D88C8CB2C377
:10CB20008D8C82D88E8C83D88F8C84D8908C85D82D
:10CB3000918C86D8928C87D8938C88D8948CF9F570
:10CB4000958C89D8968C8AD8978C8BD8988CF8F548
:10CB5000998C8CD89A8C8DD89B8C8ED89C8C8FD8A5
:10CB60009D8C90D89E8C91D89F8C92D8A08C93D875
:10CB7000A18C94D8A28C95D8A38C96D8A48C97D845
:10CB8000A58C98D8A68C99D8A78C9AD8A88C9BD815
:10CB9000A98C9CD8AA8C9DD8AB8C9ED8AC8C9FD8E5
:10CBA000AD8CA0D8AE8C40D9AF8C41D9B08C42D9D5
:10CBB000B18C43D9B28C44D9B38C45D9B48C46D905
:10CBC000B58C47D9B68C48D9B78C49D9B88C4AD9D5
:10CBD000B98C4BD9BA8C4CD9BB8C4DD9BC8C4ED9A5
:10CBE000BD8C4FD9BE8C50D9BF8C51D9C08C52D975
:10CBF000C18C53D9C28C54D9C38C55D9C48C56D945
:10CC0000C58C57D9C68C58D9C78C59D9C88C5AD914
:10CC1000C98C5BD9CA8C5CD9CB8C5DD9CC8C5ED9E4
:10CC2000CD8C5FD9CE8C60D9CF8C61D9D08C62D9B4
:10CC3000D18C63D9D28C64D9D38C65D9D48C66D984
:10CC4000D58C67D9D68C68D9D78C69D9D88C6AD954
:10CC5000D98C6BD9DA8C6CD9DB8C6DD9DC8C6ED924
:10CC6000DD8C6FD9DE8C70D9DF8C71D9E08C72D9F4
:10CC7000E18C73D9E28C74D9E38C75D9E48C76D9C4
:10CC8000E58C77D9E68C78D9E78C79D9E88C7AD994
:10CC9000E98C7BD9EA8C7CD9EB8C7DD9EC8C7ED964
:10CCA000ED8C80D9EE8C81D9EF8C82D9F08C83D930
:10CCB000F18C84D9F28C85D9F38C86D9F48C87D900
:10CCC000F58C88D9F68C89D9F78C8AD9F88C8BD9D0
:10CCD000F98C8CD9FA8C8DD9FB8C8ED9FC8C8FD9A0
:10CCE000FD8C90D9FE8C91D9FF8C92D9008D93D96F
:10CCF000018D94D9028D95D9038D96D9048D97D93C
:10CD0000058D98D9068D99D9078D9AD9088D9BD90B
:10CD1000098D9CD90A8D9DD90B8D9ED90C8D9FD9DB
:10CD20000D8DA0D90E8D40DA0F8D41DA108D42DACB
:10CD3000118D43DA128D44DA138D45DA148D46DAFB
:10CD4000158D47DA168D48DA178D49DA188D4ADACB
:10CD5000198D4BDA1A8D4CDA1B8D4DDA1C8D4EDA9B
:10CD60001D8DB4B11E8DEAD51F8DBAB8208D4FDA56
:10CD7000218DB1B9228DC6B2238DF0D4248DCDCFB3
:10CD8000258DDCB0268DCBD5278DF5BB288DCAD659
:10CD9000298DB7B72A8DB0CC2B8DB6C62C8DE1B1BD
:10CDA0002D8DBAB92E8DFCD62F8DE1B9308DA1B75E
:10CDB000318DFABC328DDAEA338DDBEA348DF9CC71
:10CDC000358DF3B9368DDCEA378DFBB4388DB3C3BE
:10CDD000398DD1B73A8DD8BA3B8DDDEA3C8DF4D48C
:10CDE0003D8DDEEA3E8DD6BC3F8DDFBB408DDFEA58
:10CDF000418DDEC1428DB8C2438DDFD4448DCAD788
:10CE0000458DE0EA468DE1EA478DE4EA488DE2EAA5
:10CE1000498DE3EA4A8DDEC94B8DB3B84C8DC4B65B
:10CE20004D8DE5EA4E8DEACA4F8DCDC9508DCDB4FA
:10CE3000518D50DA528D51DA538DD9E2548DE2C5BD
:10CE4000558DE6EA568DB5C0578D52DA588DB8D754
:10CE5000598DE7EA5A8DACD75B8DFCC85C8DD3D871
:10CE60005D8DCDD85E8DDED45F8D53DA608DF9D4C3
:10CE7000618DC4C9628DAED3638DD3B8648DE0B3C8
:10CE8000658D54DA668DE2C9678DF6F4688D55DAE2
:10CE9000698D56DA6A8D57DA6B8DD5BA6C8D58DA92
:10CEA0006D8DF7F46E8D59DA6F8D5ADA708DDFD78C
:10CEB000718D5BDA728D5CDA738DF1F4748DB0B8BC
:10CEC000758DD4D5768DCFB8778DF0C6788D5DDA37
:10CED000798D5EDA7A8D5FDA7B8D60DA7C8D61DA4E
:10CEE0007D8D62DA7E8D63DA7F8D64DA808D65DA1E
:10CEF000818DC3B3828D66DA838D67DA848DF2F417
:10CF0000858DACB3868D68DA878D69DA888D6ADAAB
:10CF1000898D6BDA8A8DBDD48B8DF7C78C8D6CDAD9
:10CF20008D8D6DDA8E8D6EDA8F8D6FDA908D70DA71
:10CF3000918DF4F4928D71DA938D72DA948DF3F40D
:10CF4000958D73DA968D74DA978D75DA988D76DA19
:10CF5000998D77DA9A8D78DA9B8D79DA9C8D7ADAE9
:10CF60009D8D7BDA9E8D7CDA9F8DCBCCA08D7DDA7A
:10CF7000A18D7EDAA28D80DAA38DA4C8A48D81DA7A
:10CF8000A58D82DAA68D83DAA78D84DAA88D85DA5D
:10CF9000A98D86DAAA8D87DAAB8D88DAAC8D89DA2D
:10CFA000AD8D8ADAAE8D8BDAAF8D8CDAB08D8DDAFD
:10CFB000B18DF5F4B28D8EDAB38DE3D7B48DBFC5E4
:10CFC000B58DC0F5B68D8FDAB78D90DAB88DBBF51B
:10CFD000B98D91DABA8DC3F5BB8D92DABC8DC2F5ED
:10CFE000BD8D93DABE8DBAD6BF8DC1F5C08D94DAF2
:10CFF000C18D95DAC28D96DAC38DBED4C48DC4F5C9
:10D00000C58D97DAC68DCCF5C78D98DAC88D99DABB
:10D01000C98D9ADACA8D9BDACB8DCFB0CC8DF8B59D
:10D02000CD8D9CDACE8DC9F5CF8DCAF5D08D9DDA28
:10D03000D18DDCC5D28D9EDAD38D9FDAD48DA0DA66
:10D04000D58D40DBD68DC5F5D78DC6F5D88D41DBA6
:10D05000D98D42DBDA8DC7F5DB8DCBF5DC8D43DB7B
:10D06000DD8DE0BEDE8DC8F5DF8DFAB8E08D44DBE6
:10D07000E18D45DBE28D46DBE38DD0F5E48DD3F524
:10D08000E58D47DBE68D48DBE78D49DBE88DE7BFC3
:10D09000E98D4ADBEA8DF2B9EB8DBCF5EC8DCDF56F
:10D0A000ED8D4BDBEE8D4CDBEF8DB7C2F08D4DDBA4
:10D0B000F18D4EDBF28D4FDBF38DF8CCF48D50DB30
:10D0C000F58DF9BCF68D51DBF78DCEF5F88DCFF5EA
:10D0D000F98DD1F5FA8DE5B6FB8DD2F5FC8D52DBDD
:10D0E000FD8DD5F5FE8D53DBFF8D54DB008E55DBBA
:10D0F000018E56DB028E57DB038E58DB048E59DB24
:10D10000058EBDF5068E5ADB078E5BDB088E5CDB79
:10D11000098ED4F50A8EBBD30B8E5DDB0C8EECB37F
:10D120000D8E5EDB0E8E5FDB0F8EA4CC108E60DB6F
:10D13000118E61DB128E62DB138E63DB148ED6F5EB
:10D14000158E64DB168E65DB178E66DB188E67DB4B
:10D15000198E68DB1A8E69DB1B8E6ADB1C8E6BDB1B
:10D160001D8ED7F51E8EE1BE1F8ED8F5208E6CDB8E
:10D17000218E6DDB228EDFCC238EDBF5248E6EDBE1
:10D18000258E6FDB268E70DB278E71DB288E72DB9F
:10D19000298EC8B22A8ED9D72B8E73DB2C8ED9F567
:10D1A0002D8E74DB2E8EDAF52F8EDCF5308E75DB4E
:10D1B000318EE2F5328E76DB338E77DB348E78DBA0
:10D1C000358EE0F5368E79DB378E7ADB388E7BDB79
:10D1D000398EDFF53A8EDDF53B8E7CDB3C8E7DDBD8
:10D1E0003D8EE1F53E8E7EDB3F8E80DB408EDEF5B0
:10D1F000418EE4F5428EE5F5438E81DB448EE3CC2F
:10D20000458E82DB468E83DB478EBFE5488EB8B500
:10D21000498EE3F54A8EE8F54B8EA3CC4C8E84DB29
:10D220004D8E85DB4E8E86DB4F8E87DB508E88DB06
:10D23000518EE6F5528EE7F5538E89DB548E8ADBEC
:10D24000558E8BDB568E8CDB578E8DDB588E8EDBAE
:10D25000598EBEF55A8E8FDB5B8E90DB5C8E91DB38
:10D260005D8E92DB5E8E93DB5F8E94DB608E95DB52
:10D27000618E96DB628E97DB638E98DB648E99DB22
:10D28000658E9ADB668EC4B1678E9BDB688E9CDBF5
:10D29000698EBFF56A8E9DDB6B8E9EDB6C8EC5B58D
:10D2A0006D8EE4B26E8E9FDB6F8EECF5708EE9F5BD
:10D2B000718EA0DB728ED7B6738E40DC748EEDF566
:10D2C000758E41DC768EEAF5778E42DC788E43DC13
:10D2D000798E44DC7A8E45DC7B8E46DC7C8EEBF5E9
:10D2E0007D8E47DC7E8E48DC7F8EDAB4808E49DC12
:10D2F000818EEAD4828E4ADC838E4BDC848E4CDCB9
:10D30000858EEEF5868E4DDC878EF9B3888E4EDCE9
:10D31000898E4FDC8A8E50DC8B8E51DC8C8E52DCF9
:10D320008D8E53DC8E8E54DC8F8EEFF5908EF1F562
:10D33000918E55DC928E56DC938E57DC948EF0F5F0
:10D34000958E58DC968E59DC978E5ADC988E5BDC75
:10D35000998E5CDC9A8E5DDC9B8E5EDC9C8EF2F599
:10D360009D8E5FDC9E8EF3F59F8E60DCA08E61DC6F
:10D37000A18E62DCA28E63DCA38E64DCA48E65DCED
:10D38000A58E66DCA68E67DCA78E68DCA88E69DCBD
:10D39000A98E6ADCAA8E6BDCAB8EEDC9AC8EAAB905
:10D3A000AD8E6CDCAE8E6DDCAF8EFBC7B08E6EDCEE
:10D3B000B18E6FDCB28EE3B6B38E70DCB48E71DCEE
:10D3C000B58E72DCB68E73DCB78E74DCB88E75DC0D
:10D3D000B98E76DCBA8EC9CCBB8E77DCBC8E78DC9D
:10D3E000BD8E79DCBE8E7ADCBF8E7BDCC08E7CDCB1
:10D3F000C18E7DDCC28E7EDCC38E80DCC48E81DC7F
:10D40000C58E82DCC68E83DCC78E84DCC88E85DC4C
:10D41000C98E86DCCA8E87DCCB8E88DCCC8E89DC1C
:10D42000CD8E8ADCCE8EA6EACF8E8BDCD08E8CDCC5
:10D43000D18E8DDCD28E8EDCD38E8FDCD48E90DCC0
:10D44000D58E91DCD68E92DCD78E93DCD88E94DC90
:10D45000D98E95DCDA8E96DCDB8E97DCDC8E98DC60
:10D46000DD8E99DCDE8E9ADCDF8E9BDCE08E9CDC30
:10D47000E18E9DDCE28E9EDCE38E9FDCE48EA0DC00
:10D48000E58E40DDE68E41DDE78E42DDE88E43DD50
:10D49000E98E44DDEA8E45DDEB8E46DDEC8E47DD20
:10D4A000ED8E48DDEE8E49DDEF8E4ADDF08E4BDDF0
:10D4B000F18E4CDDF28E4DDDF38E4EDDF48E4FDDC0
:10D4C000F58E50DDF68E51DDF78E52DDF88E53DD90
:10D4D000F98E54DDFA8E55DDFB8E56DDFC8E57DD60
:10D4E000FD8E58DDFE8E59DDFF8E5ADD008F5BDD2F
:10D4F000018F5CDD028F5DDD038F5EDD048F5FDDFC
:10D50000058F60DD068F61DD078F62DD088F63DDCB
:10D51000098F64DD0A8F65DD0B8F66DD0C8F67DD9B
:10D520000D8F68DD0E8F69DD0F8F6ADD108F6BDD6B
:10D53000118F6CDD128F6DDD138F6EDD148F6FDD3B
:10D54000158F70DD168F71DD178F72DD188F73DD0B
:10D55000198F74DD1A8F75DD1B8F76DD1C8F77DDDB
:10D560001D8F78DD1E8F79DD1F8F7ADD208F7BDDAB
:10D57000218F7CDD228F7DDD238F7EDD248F80DD7A
:10D58000258F81DD268F82DD278F83DD288F84DD47
:10D59000298F85DD2A8F86DD2B8F87DD2C8F88DD17
:10D5A0002D8F89DD2E8F8ADD2F8F8BDD308F8CDDE7
:10D5B000318F8DDD328F8EDD338F8FDD348F90DDB7
:10D5C000358F91DD368F92DD378F93DD388F94DD87
:10D5D000398F95DD3A8F96DD3B8F97DD3C8F98DD57
:10D5E0003D8F99DD3E8F9ADD3F8F9BDD408F9CDD27
:10D5F000418F9DDD428F9EDD438F9FDD448FA0DDF7
:10D60000458F40DE468F41DE478F42DE488F43DE46
:10D61000498F44DE4A8F45DE4B8F46DE4C8F47DE16
:10D620004D8F48DE4E8F49DE4F8F4ADE508F4BDEE6
:10D63000518F4CDE528F4DDE538F4EDE548F4FDEB6
:10D64000558F50DE568F51DE578F52DE588F53DE86
:10D65000598F54DE5A8F55DE5B8F56DE5C8F57DE56
:10D660005D8F58DE5E8F59DE5F8F5ADE608F5BDE26
:10D67000618F5CDE628F5DDE638F5EDE648F5FDEF6
:10D68000658F60DE668FB5B3678FFED4688FECB9A7
:10D69000698FF9D06A8F61DE6B8FEDE96C8FAAD745
:10D6A0006D8FEEE96E8FD6C26F8FEDC8708FE4BAC2
:10D6B000718FEFE9728FF0E9738FF1E9748FE1D622
:10D6C000758FF2E9768FF3E9778FF5E9788FF4E9D2
:10D6D000798FF6E97A8FF7E97B8FE1C77C8FF8E9DC
:10D6E0007D8FD8D47E8FF9E97F8FCEBD808F62DEAB
:10D6F000818FFAE9828FFBE9838FCFBD848FFCE9AC
:10D70000858FA8B8868FBEC1878FFDE9888FB2B19B
:10D71000898FD4BB8A8FF5B98B8FFEE98C8F63DE3E
:10D720008D8FA1EA8E8FA2EA8F8FA3EA908FF8B730
:10D73000918FADBC928F64DE938FE4CA948FCEE05C
:10D74000958FAFD4968FBDCF978FB7D5988FA4EA1A
:10D75000998FDED59A8FA5EA9B8FC1D09C8FBCB9DB
:10D760009D8F65DE9E8FC7B49F8FD9B1A08F66DE77
:10D77000A18F67DEA28F68DEA38FB1C0A48F69DEA0
:10D78000A58F6ADEA68F6BDEA78F6CDEA88FE6B151
:10D79000A98FE7B1AA8F6DDEAB8FE8B1AC8F6EDEDB
:10D7A000AD8F6FDEAE8F70DEAF8F71DEB08FBDB329
:10D7B000B18FE8C8B28F72DEB38F73DEB48F74DEC0
:10D7C000B58F75DEB68FC1E5B78F76DEB88F77DEA1
:10D7D000B98FDFB1BA8F78DEBB8F79DEBC8F7ADE8E
:10D7E000BD8FC9C1BE8FEFB4BF8F7BDEC08F7CDE23
:10D7F000C18FA8C7C28FD8D3C38F7DDEC48FF9C6AF
:10D80000C58FB8D1C68F7EDEC78FFDB9C88FF5C270
:10D81000C98F80DECA8F81DECB8F82DECC8F83DE24
:10D82000CD8F84DECE8FADD3CF8F85DED08FCBD49E
:10D83000D18FFCBDD28F86DED38FC2E5D48FB5B732
:10D84000D58FC3E5D68F87DED78F88DED88FB9BB5B
:10D85000D98FE2D5DA8F89DEDB8FF8BDDC8FB6D4C5
:10D86000DD8FA5CEDE8FACC1DF8FD9B3E08F8ADE2E
:10D87000E18F8BDEE28FF6CCE38F8CDEE48FC6E5A2
:10D88000E58FC4E5E68FC8E5E78F8DDEE88FCAE552
:10D89000E98FC7E5EA8FCFB5EB8FC8C6EC8F8EDE78
:10D8A000ED8FFCB5EE8FC5E5EF8F8FDEF08FF6CAFA
:10D8B000F18F90DEF28F91DEF38FC9E5F48F92DE67
:10D8C000F58F93DEF68F94DEF78FD4C3F88FC5B152
:10D8D000F98FA3BCFA8F95DEFB8F96DEFC8F97DE67
:10D8E000FD8FB7D7FE8F98DEFF8F99DE0090CBCDEE
:10D8F0000190CDCB0290CACA0390D3CC0490CCE562
:10D900000590CBE50690E6C407909ADE08909BDE72
:10D910000990A1D10A90B7D10B90CDE50C909CDE77
:10D920000D90D0E50E909DDE0F90B8CD1090F0D602
:10D930001190CFE51290DDB513909EDE1490BECD10
:10D9400015909FDE1690D1E51790BAB61890A0DE1C
:10D95000199040DF1A90A8CD1B90E4B91C9041DFCC
:10D960001D90C5CA1E90D1B31F90D9CB2090ECD486
:10D970002190D2E52290EAB7239042DF249043DF42
:10D98000259044DF2690CEE5279045DF289046DF9E
:10D99000299047DF2A9048DF2B9049DF2C904ADFFF
:10D9A0002D90D5E52E90FEB42F90D6E530904BDF2C
:10D9B00031904CDF32904DDF33904EDF34904FDFAB
:10D9C0003590D3E53690D4E5379050DF3890DDD2EE
:10D9D000399051DF3A9052DF3B90DFC23C90C6B1A4
:10D9E0003D9053DF3E90E2D33F9054DF409055DFAF
:10D9F0004190DDB64290ECCB439056DF4490D7E5A2
:10DA0000459057DF469058DF4790F6D3489059DF4E
:10DA100049905ADF4A905BDF4B905CDF4C905DDFB2
:10DA20004D90E9B14E905EDF4F90F4B65090DAE53C
:10DA30005190D8E55290D9E55390C0B554905FDF2E
:10DA4000559060DF569061DF5790C5D25890DCE565
:10DA5000599062DF5A9063DF5B90DEE55C9064DF93
:10DA60005D9065DF5E9066DF5F9067DF609068DFE6
:10DA7000619069DF6290DDE56390B2C764906ADF10
:10DA80006590A3D266906BDF67906CDF6890DBE5F2
:10DA900069906DDF6A906EDF6B906FDF6C9070DF66
:10DAA0006D90E2D46E90DAD56F9071DF709072DF76
:10DAB000719073DF729074DF739075DF7490E0E59E
:10DAC0007590F1D7769076DF779077DF789078DF72
:10DAD000799079DF7A907ADF7B907BDF7C907CDFB6
:10DAE0007D90E1E57E907DDF7F90DCB18090FBD181
:10DAF00081907EDF8290E2E58390E4E5849080DF90
:10DB0000859081DF869082DF879083DF8890E3E5D0
:10DB1000899084DF8A9085DF8B90E5E58C9086DFA5
:10DB20008D9087DF8E9088DF8F9089DF90908ADFDD
:10DB30009190D8D292908BDF9390CBB594908CDF5C
:10DB40009590DFE796908DDF9790F5DA98908EDFCD
:10DB50009990F8DA9A908FDF9B90F6DA9C9090DF9C
:10DB60009D90F7DA9E9091DF9F9092DFA09093DFD7
:10DB7000A190FADAA290CFD0A390C7C4A49094DF6A
:10DB8000A59095DFA690EEB0A79096DFA89097DFBE
:10DB9000A99098DFAA90B0D0AB9099DFAC90F9DA59
:10DBA000AD909ADFAE90CAD3AF90AABAB090A2DB84
:10DBB000B190F1C7B2909BDFB390FCDAB490FBDA7E
:10DBC000B590DBC9B690FDDAB7909CDFB890A1DBC9
:10DBD000B990DED7BA90FEDABB90DAC1BC909DDF77
:10DBE000BD909EDFBE90A5DBBF909FDFC090A0DF01
:10DBF000C190F4D3C29040E0C39041E0C490A7DB51
:10DC0000C590A4DBC69042E0C790A8DBC89043E073
:10DC1000C99044E0CA90BCBDCB9045E0CC9046E0B2
:10DC2000CD9047E0CE90C9C0CF90A3DBD090A6DBCB
:10DC3000D190A3D6D29048E0D390A9DBD49049E00C
:10DC4000D5904AE0D6904BE0D790ADDBD8904CE031
:10DC5000D9904DE0DA904EE0DB90AEDBDC90ACDBAF
:10DC6000DD90C2BADE904FE0DF9050E0E09051E0EE
:10DC7000E190A4BFE290ABDBE39052E0E49053E08C
:10DC8000E59054E0E690AADBE790C7D4E890BFB2F5
:10DC9000E99055E0EA9056E0EB90AFDBEC9057E06E
:10DCA000ED90F9B9EE9058E0EF90B0DBF09059E0CC
:10DCB000F1905AE0F2905BE0F3905CE0F490BBB33B
:10DCC000F5905DE0F6905EE0F7905FE0F890A6B525
:10DCD000F99060E0FA9061E0FB9062E0FC9063E014
:10DCE000FD90BCB6FE90B1DBFF9064E0009165E072
:10DCF000019166E00291F5B6039167E00491B2DB11
:10DD0000059168E0069169E007916AE008916BE08F
:10DD100009916CE00A916DE00B916EE00C916FE05F
:10DD20000D9170E00E9171E00F9172E0109173E02F
:10DD3000119174E0129175E0139176E0149177E0FF
:10DD4000159178E0169179E017917AE018917BE0CF
:10DD50001991C9B11A917CE01B917DE01C917EE084
:10DD60001D9180E01E91B4DB1F9181E0209182E043
:10DD7000219183E02291B3DB2391B5DB249184E0F0
:10DD8000259185E0269186E0279187E0289188E01B
:10DD9000299189E02A918AE02B918BE02C918CE0EB
:10DDA0002D918DE02E918EE02F91B7DB30918FE099
:10DDB0003191B6DB329190E0339191E0349192E071
:10DDC000359193E0369194E0379195E0389196E063
:10DDD0003991B8DB3A9197E03B9198E03C9199E01A
:10DDE0003D919AE03E919BE03F919CE040919DE007
:10DDF00041919EE042919FE04391B9DB4491A0E0C4
:10DE0000459140E14691BADB479141E1489142E1B9
:10DE10004991CFD34A91FAF44B91F5C74C91C3D7AE
:10DE20004D91E4C54E91FCF44F91FDF45091FBF4FB
:10DE3000519143E15291C6BE539144E1549145E161
:10DE4000559146E1569147E15791EFD0589148E1FD
:10DE5000599149E15A91D3B75B914AE15C914BE109
:10DE60005D91CDD45E91AACC5F914CE160914DE182
:10DE70006191A2F56291A1F56391A8BA6491FEF453
:10DE80006591D6CB66914EE167914FE1689150E183
:10DE90006991A4F56A91D2C06B9151E16C91EAB39A
:10DEA0006D9152E16E91AACD6F91A5F57091A3F598
:10DEB0007191B4BD7291A8F5739153E17491A9F574
:10DEC0007591CDBD7691B8C37791E1BF7891E1CBE3
:10DED0007991AAF57A9154E17B9155E17C9156E1D3
:10DEE0007D91A6F57E91A7F57F91F0C4809157E1D1
:10DEF000819158E1829159E183915AE184915BE1EA
:10DF00008591ACF586915CE18791BCB488915DE127
:10DF10008991EDD78A915EE18B91D7B48C91ABF565
:10DF20008D91AEF58E915FE18F9160E19091ADF5AD
:10DF30009191AFF59291D1D0939161E1949162E189
:10DF4000959163E1969164E1979165E1989166E11D
:10DF5000999167E19A91D1C39B91A9C89C9168E17D
:10DF60009D9169E19E916AE19F916BE1A0916CE1C5
:10DF7000A1916DE1A291B0F5A391B1F5A4916EE1EB
:10DF8000A5916FE1A69170E1A79171E1A89172E16D
:10DF9000A99173E1AA91B2F5AB9174E1AC9175E1ED
:10DFA000AD91B3F5AE91B4F5AF91B5F5B09176E121
:10DFB000B19177E1B29178E1B39179E1B491B7F59C
:10DFC000B591B6F5B6917AE1B7917BE1B8917CE174
:10DFD000B9917DE1BA91B8F5BB917EE1BC9180E148
:10DFE000BD9181E1BE9182E1BF9183E1C09184E165
:10DFF000C19185E1C29186E1C39187E1C49188E135
:10E00000C59189E1C6918AE1C791C9B2C8918BE1F6
:10E01000C991D4D3CA91CDCACB918CE1CC91EFC038
:10E02000CD91D8D6CE91B0D2CF91BFC1D0918DE154
:10E03000D191F0BDD2918EE1D3918FE1D49190E155
:10E04000D59191E1D69192E1D79193E1D89194E164
:10E05000D99195E1DA9196E1DB9197E1DC91AAB84B
:10E06000DD9198E1DE9199E1DF919AE1E0919BE108
:10E07000E1919CE1E2919DE1E3919EE1E4919FE1D8
:10E08000E591A0E1E69140E2E79141E2E89142E2C8
:10E09000E99143E2EA9144E2EB9145E2EC9146E2F8
:10E0A000ED9147E2EE9148E2EF9149E2F0914AE2C8
:10E0B000F1914BE2F2914CE2F3914DE2F4914EE298
:10E0C000F5914FE2F69150E2F79151E2F89152E268
:10E0D000F99153E2FA9154E2FB9155E2FC9156E238
:10E0E000FD9157E2FE9158E2FF9159E200925AE207
:10E0F00001925BE202925CE203925DE204925EE2D4
:10E1000005925FE2069260E2079261E2089262E2A3
:10E11000099263E20A9264E20B9265E20C9266E273
:10E120000D9267E20E9268E20F9269E210926AE243
:10E1300011926BE212926CE213926DE214926EE213
:10E1400015926FE2169270E2179271E2189272E2E3
:10E15000199273E21A9274E21B9275E21C9276E2B3
:10E160001D9277E21E9278E21F9279E220927AE283
:10E1700021927BE222927CE223927DE224927EE253
:10E18000259280E2269281E2279282E2289283E21F
:10E19000299284E22A9285E22B9286E22C9287E2EF
:10E1A0002D9288E22E9289E22F928AE230928BE2BF
:10E1B00031928CE232928DE233928EE234928FE28F
:10E1C000359290E2369291E2379292E2389293E25F
:10E1D000399294E23A9295E23B9296E23C9297E22F
:10E1E0003D9298E23E9299E23F929AE240929BE2FF
:10E1F00041929CE242929DE243929EE244929FE2CF
:10E200004592A0E2469240E3479241E3489242E3BE
:10E21000499243E34A9244E34B9245E34C9246E3EE
:10E220004D9247E34E9248E34F9249E350924AE3BE
:10E2300051924BE352924CE353924DE354924EE38E
:10E2400055924FE3569250E3579251E3589252E35E
:10E25000599253E35A9254E35B9255E35C9256E32E
:10E260005D9257E35E9258E35F9259E360925AE3FE
:10E2700061925BE362925CE363925DE364925EE3CE
:10E2800065925FE3669260E3679261E3689262E39E
:10E29000699263E36A9264E36B9265E36C9266E36E
:10E2A0006D9267E36E9268E36F9269E370926AE33E
:10E2B00071926BE372926CE373926DE37492F8BCAB
:10E2C00075926EE376926FE3779270E3789271E3E2
:10E2D000799272E37A9273E37B9274E37C9275E3B2
:10E2E0007D9276E37E9277E37F9278E3809279E382
:10E2F00081927AE382927BE383927CE384927DE352
:10E3000085927EE3869280E3879281E3889282E31E
:10E31000899283E38A9284E38B9285E38C9286E3ED
:10E320008D9287E38E92C6F68F9288E3909289E36E
:10E3300091928AE392928BE393928CE394928DE391
:10E3400095928EE396928FE3979290E3989291E361
:10E35000999292E39A9293E39B9294E39C9295E331
:10E360009D9296E39E9297E39F9298E3A09299E301
:10E37000A1929AE3A2929BE3A3929CE3A4929DE3D1
:10E38000A5929EE3A6929FE3A792A0E3A89240E401
:10E39000A99241E4AA9242E4AB9243E4AC9244E4F1
:10E3A000AD9245E4AE92C7F6AF9246E4B09247E430
:10E3B000B19248E4B29249E4B3924AE4B4924BE495
:10E3C000B5924CE4B6924DE4B7924EE4B8924FE465
:10E3D000B99250E4BA9251E4BB9252E4BC9253E435
:10E3E000BD9254E4BE9255E4BF9256E4C09257E405
:10E3F000C19258E4C29259E4C3925AE4C4925BE4D5
:10E40000C5925CE4C6925DE4C7925EE4C892C8F629
:10E41000C9925FE4CA9260E4CB9261E4CC9262E478
:10E42000CD9263E4CE9264E4CF9265E4D09266E448
:10E43000D19267E4D29268E4D39269E4D4926AE418
:10E44000D5926BE4D6926CE4D7926DE4D8926EE4E8
:10E45000D9926FE4DA9270E4DB9271E4DC9272E4B8
:10E46000DD9273E4DE9274E4DF9275E4E09276E488
:10E47000E19277E4E29278E4E39279E4E4927AE458
:10E48000E5927BE4E6927CE4E7927DE4E8927EE428
:10E49000E99280E4EA9281E4EB9282E4EC9283E4F4
:10E4A000ED9284E4EE9285E4EF9286E4F09287E4C4
:10E4B000F19288E4F29289E4F3928AE4F4928BE494
:10E4C000F5928CE4F6928DE4F7928EE4F8928FE464
:10E4D000F99290E4FA9291E4FB9292E4FC9293E434
:10E4E000FD9294E4FE9295E4FF9296E4009397E403
:10E4F000019398E4029399E403939AE404939BE4D0
:10E5000005939CE406939DE407939EE408939FE49F
:10E510000993A0E40A9340E50B9341E50C9342E58F
:10E520000D9343E50E9344E50F9345E5109346E5BF
:10E53000119347E5129348E5139349E514934AE58F
:10E5400015934BE516934CE517934DE518934EE55F
:10E5500019934FE51A9350E51B9351E51C9352E52F
:10E560001D9353E51E9354E51F9355E5209356E5FF
:10E57000219357E5229358E5239359E524935AE5CF
:10E5800025935BE526935CE527935DE528935EE59F
:10E5900029935FE52A9360E52B9361E52C9362E56F
:10E5A0002D9363E52E9364E52F9365E5309366E53F
:10E5B000319367E5329368E5339369E534936AE50F
:10E5C00035936BE536936CE537936DE538936EE5DF
:10E5D00039936FE53A9370E53B9371E53C9372E5AF
:10E5E0003D9373E53E93C9F63F9374E5409375E51B
:10E5F000419376E5429377E5439378E5449379E553
:10E6000045937AE546937BE547937CE548937DE522
:10E6100049937EE54A9380E54B9381E54C9382E5EF
:10E620004D9383E54E9384E54F9385E5509386E5BE
:10E63000519387E5529388E5539389E554938AE58E
:10E6400055938BE556938CE557938DE558938EE55E
:10E6500059938FE55A9390E55B9391E55C9392E52E
:10E660005D9393E55E9394E55F9395E5609396E5FE
:10E67000619397E5629398E5639399E564939AE5CE
:10E6800065939BE566939CE567939DE568939EE59E
:10E6900069939FE56A93CAF66B93A0E56C9340E695
:10E6A0006D9341E66E9342E66F9343E6709344E6C2
:10E6B000719345E6729346E6739347E6749348E692
:10E6C000759349E676934AE677934BE678934CE662
:10E6D00079934DE67A934EE67B934FE67C9350E632
:10E6E0007D9351E67E9352E67F9353E6809354E602
:10E6F000819355E6829356E6839357E6849358E6D2
:10E70000859359E686935AE687935BE688935CE6A1
:10E7100089935DE68A935EE68B935FE68C9360E671
:10E720008D9361E68E9362E68F93CCF6909363E6C9
:10E73000919364E6929365E6939366E6949367E615
:10E74000959368E6969369E697936AE698936BE6E5
:10E7500099936CE69A936DE69B936EE69C936FE6B5
:10E760009D9370E69E9371E69F9372E6A09373E685
:10E77000A19374E6A29375E6A39376E6A49377E655
:10E78000A59378E6A69379E6A7937AE6A8937BE625
:10E79000A9937CE6AA937DE6AB937EE6AC9380E6F4
:10E7A000AD9381E6AE9382E6AF9383E6B09384E6C1
:10E7B000B19385E6B29386E6B39387E6B49388E691
:10E7C000B59389E6B6938AE6B7938BE6B8938CE661
:10E7D000B9938DE6BA938EE6BB938FE6BC9390E631
:10E7E000BD9391E6BE9392E6BF9393E6C09394E601
:10E7F000C19395E6C29396E6C39397E6C49398E6D1
:10E80000C59399E6C6939AE6C7939BE6C8939CE6A0
:10E81000C9939DE6CA93CBF6CB939EE6CC939FE635
:10E82000CD93A0E6CE9340E7CF9341E7D09342E764
:10E83000D19343E7D29344E7D39345E7D49346E794
:10E84000D59347E7D693E9F7D79348E7D89349E7B5
:10E85000D9934AE7DA934BE7DB934CE7DC934DE738
:10E86000DD934EE7DE934FE7DF9350E7E09351E708
:10E87000E19352E7E29353E7E39354E7E49355E7D8
:10E88000E59356E7E69357E7E79358E7E89359E7A8
:10E89000E9935AE7EA935BE7EB935CE7EC935DE778
:10E8A000ED935EE7EE935FE7EF9360E7F09361E748
:10E8B000F19362E7F29363E7F39364E7F49365E718
:10E8C000F59366E7F69367E7F79368E7F89369E7E8
:10E8D000F9936AE7FA936BE7FB936CE7FC936DE7B8
:10E8E000FD936EE7FE936FE7FF9370E7009471E787
:10E8F000019472E7029473E7039474E7049475E754
:10E90000059476E7069477E7079478E7089479E723
:10E9100009947AE70A947BE70B947CE70C947DE7F3
:10E920000D947EE70E9480E70F9481E7109482E7C0
:10E93000119483E7129484E7139485E7149486E78F
:10E94000159487E7169488E7179489E718948AE75F
:10E9500019948BE71A948CE71B948DE71C948EE72F
:10E960001D948FE71E9490E71F9491E7209492E7FF
:10E97000219493E7229494E7239495E7249496E7CF
:10E98000259497E7269498E7279499E728949AE79F
:10E9900029949BE72A949CE72B949DE72C949EE76F
:10E9A0002D949FE72E94A0E72F9440E8309441E8FF
:10E9B000319442E8329443E8339444E8349445E88F
:10E9C000359446E8369447E8379448E8389449E85F
:10E9D00039944AE83A944BE83B944CE83C944DE82F
:10E9E0003D944EE83E94CDF63F944FE8409450E875
:10E9F000419451E8429452E8439453E8449454E8D3
:10EA0000459455E8469456E8479457E8489458E8A2
:10EA1000499459E84A945AE84B945BE84C945CE872
:10EA20004D945DE84E945EE84F945FE8509460E842
:10EA3000519461E8529462E8539463E8549464E812
:10EA4000559465E8569466E8579467E8589468E8E2
:10EA5000599469E85A946AE85B946BE85C946CE8B2
:10EA60005D946DE85E946EE85F946FE8609470E882
:10EA7000619471E8629472E8639473E8649474E852
:10EA8000659475E8669476E8679477E8689478E822
:10EA9000699479E86A947AE86B94CEF66C947BE892
:10EAA0006D947CE86E947DE86F947EE8709480E8C5
:10EAB000719481E8729482E8739483E8749484E892
:10EAC000759485E8769486E8779487E8789488E862
:10EAD000799489E87A948AE87B948BE87C948CE832
:10EAE0007D948DE87E948EE87F948FE8809490E802
:10EAF000819491E8829492E8839493E8849494E8D2
:10EB00008594C4EE8694C5EE8794C6EE8894EBD5C2
:10EB10008994A4B68A94C8EE8B94C7EE8C94C9EEFF
:10EB20008D94CAEE8E94A5C78F94CBEE9094CCEEC4
:10EB3000919495E89294B0B79394F6B59494CDEEF1
:10EB40009594CFEE969496E89794CEEE989497E8A5
:10EB50009994C6B89A94D0EE9B94D1EE9C94D2EE40
:10EB60009D94DBB69E94AEB39F94D3D6A094C6C4B6
:10EB7000A194B5B1A294D6B8A394D3EEA494D4EE44
:10EB8000A594BFD4A694D5C7A794FBBEA894D9CE0C
:10EB9000A994B3B9AA94D6EEAB94D5EEAC94D8EEC2
:10EBA000AD94D7EEAE94A5C5AF94D9EEB094DAEE9D
:10EBB000B194AEC7B294DBEEB394AFC7B494DCEEBD
:10EBC000B594A7B2B694DDEEB794DEEEB894DFEE5E
:10EBD000B994E0EEBA94E1EEBB94EAD7BC94E2EECD
:10EBE000BD94E3EEBE94D8BCBF94E4EEC094CBD306
:10EBF000C194FACCC294ACB2C394E5C1C494E5EE1E
:10EC0000C594A6C7C694ADC3C79498E8C894E6EE69
:10EC1000C994E7EECA94E8EECB94E9EECC94EAEE20
:10EC2000CD94EBEECE94ECEECF9499E8D094EDEE4B
:10EC3000D194EEEED294EFEED3949AE8D4949BE87C
:10EC4000D594F0EED694F1EED794F2EED894F4EE9B
:10EC5000D994F3EEDA949CE8DB94F5EEDC94ADCD38
:10EC6000DD94C1C2DE94F6EEDF94F7EEE094F8EEA8
:10EC7000E194A1D5E294F9EEE394B3CFE494FAEEF3
:10EC8000E594FBEEE6949DE8E794FCEEE894FDEE57
:10EC9000E994A1EFEA94FEEEEB94A2EFEC94F5B8C0
:10ECA000ED94FAC3EE94A3EFEF94A4EFF094C2BDF9
:10ECB000F194BFD2F294F9B2F394A5EFF494A6EFD5
:10ECC000F594A7EFF694F8D2F794A8EFF894FDD650
:10ECD000F994A9EFFA94CCC6FB949EE8FC94AAEFB1
:10ECE000FD94ABEFFE94B4C1FF94ACEF0095FACF66
:10ECF0000195F8CB0295AEEF0395ADEF0495FAB30D
:10ED00000595F8B90695AFEF0795B0EF0895E2D0F5
:10ED10000995B1EF0A95B2EF0B95E6B70C95BFD008
:10ED20000D95B3EF0E95B4EF0F95B5EF1095F1C8B3
:10ED30001195E0CC1295B6EF1395B7EF1495B8EF97
:10ED40001595B9EF1695BAEF1795E0D51895BBEF65
:10ED50001995EDB41A95AAC31B95BCEF1C959FE8B5
:10ED60001D95BDEF1E95BEEF1F95BFEF2095A0E846
:10ED70002195FDCE2295C0EF2395E0C22495B8B42D
:10ED80002595B6D72695F5BD279540E92895C7CF97
:10ED90002995C3EF2A95C1EF2B95C2EF2C95C4EFAF
:10EDA0002D95A7B62E95FCBC2F95E2BE3095CCC311
:10EDB0003195C5EF3295C6EF339541E93495C7EFEC
:10EDC0003595CFEF3695C8EF3795C9EF3895CAEF2F
:10EDD0003995C2C73A95F1EF3B95CDB63C95CBEF4F
:10EDE0003D9542E93E95CCEF3F95CDEF4095C6B6B7
:10EDF0004195BEC34295CEEF439543E94495D0EF8C
:10EE00004595D1EF4695D2EF4795F2D5489544E91F
:10EE10004995D3EF4A95F7C44B9545E94C95D4EF06
:10EE20004D95F8C44E95D5EF4F95D6EF5095E4B873
:10EE30005195F7B05295D7EF5395D8EF5495D9EF38
:10EE4000559546E95695DAEF5795DBEF5895DCEF87
:10EE50005995DDEF5A9547E95B95DEEF5C95B5BEB8
:10EE60005D95E1EF5E95DFEF5F95E0EF609548E936
:10EE70006195E2EF6295E3EF6395CDC16495E4EFB0
:10EE80006595E5EF6695E6EF6795E7EF6895E8EF3E
:10EE90006995E9EF6A95EAEF6B95EBEF6C95ECEF0E
:10EEA0006D95D8C06E9549E96F95EDEF7095ADC140
:10EEB0007195EEEF7295EFEF7395F0EF74954AE967
:10EEC00075954BE97695E2CF77954CE978954DE9C4
:10EED00079954EE97A954FE97B9550E97C9551E912
:10EEE0007D9552E97E9553E97F95A4B3809554E9C9
:10EEF000819555E9829556E9839557E9849558E9B6
:10EF0000859559E986955AE987955BE988955CE985
:10EF100089955DE98A955EE98B955FE98C9560E955
:10EF20008D9561E98E9562E98F9563E9909564E925
:10EF3000919565E9929566E9939567E9949568E9F5
:10EF4000959569E996956AE997956BE998956CE9C5
:10EF500099956DE99A956EE99B956FE99C9570E995
:10EF60009D9571E99E9572E99F9573E9A09574E965
:10EF7000A19575E9A29576E9A39577E9A49578E935
:10EF8000A59579E9A6957AE9A7957BE9A8957CE905
:10EF9000A9957DE9AA957EE9AB9580E9AC9581E9D3
:10EFA000AD9582E9AE9583E9AF9584E9B09585E9A1
:10EFB000B19586E9B29587E9B39588E9B49589E971
:10EFC000B5958AE9B6958BE9B7958CE9B8958DE941
:10EFD000B9958EE9BA958FE9BB9590E9BC9591E911
:10EFE000BD9592E9BE9593E9BF9594E9C09595E9E1
:10EFF000C19596E9C29597E9C39598E9C49599E9B1
:10F00000C5959AE9C6959BE9C7959CE9C8959DE980
:10F01000C9959EE9CA959FE9CB95A0E9CC9540EAB0
:10F02000CD9541EACE9542EACF9543EAD09544EAA0
:10F03000D19545EAD29546EAD39547EAD49548EA70
:10F04000D59549EAD6954AEAD7954BEAD8954CEA40
:10F05000D9954DEADA954EEADB954FEADC9550EA10
:10F06000DD9551EADE9552EADF9553EAE09554EAE0
:10F07000E19555EAE29556EAE39557EAE49558EAB0
:10F08000E59559EAE6955AEAE7955BEAE895C5C33E
:10F09000E995C5E3EA95C1C9EB95C6E3EC955CEA51
:10F0A000ED95D5B1EE95CACEEF95B3B4F095F2C813
:10F0B000F195C7E3F295D0CFF395C8E3F495E4BC9E
:10F0C000F595C9E3F695CAE3F795C6C3F895A2D5B9
:10F0D000F995D6C4FA95EBB9FB95C5CEFC95CBE373
:10F0E000FD95F6C3FE95CCE3FF955DEA0096A7B7C4
:10F0F0000196F3B80296D2BA0396CDE30496CEE316
:10F100000596C4D40696CFE307965EEA0896D0E348
:10F110000996CBD10A96D1E30B96D2E30C96D3E3B2
:10F120000D96D4E30E96D6D10F96D5E31096FBB28A
:10F130001196BBC01296D6E313965FEA1496ABC045
:10F140001596D7E31696D8E31796D9E3189660EA92
:10F150001996DAE31A96DBE31B9661EA1C96B7B8B8
:10F160001D96E2DA1E9662EA1F96D3B6209663EAEF
:10F170002196E4DA2296E3DA239664EA249665EA95
:10F18000259666EA269667EA279668EA289669EA47
:10F1900029966AEA2A96E6DA2B966BEA2C966CEAAE
:10F1A0002D966DEA2E96EEC82F966EEA30966FEA8F
:10F1B0003196E5DA3296C0B73396F4D13496F5D26B
:10F1C0003596F3D53696D7BD379670EA389671EAFC
:10F1D000399672EA3A9673EA3B96E8D73C96E8DAB3
:10F1E0003D96E7DA3E9674EA3F96A2B04096D3CDBC
:10F1F000419675EA4296E9DA439676EA4496BDB8B6
:10F200004596CABC4696BDC24796A4C24896C2B3AC
:10F210004996EADA4A9677EA4B96AAC24C96B0C467
:10F220004D96B5BD4E9678EA4F9679EA5096DECF68
:10F2300051967AEA52967BEA53967CEA5496EBDA38
:10F240005596C2C956967DEA57967EEA589680EA48
:10F25000599681EA5A9682EA5B96DDB15C9683EA1A
:10F260005D9684EA5E9685EA5F96ECDA609686EAB9
:10F270006196B8B66296BAD4639687EA6496FDB38F
:10F28000659688EA669689EA6796EDDA6896C9D443
:10F290006996D5CF6A96E3C56B968AEA6C96EEDAE4
:10F2A0006D968BEA6E968CEA6F968DEA70968EEA72
:10F2B00071968FEA7296EFDA739690EA7496F0DAA6
:10F2C0007596EAC17696D5CC7796DDCF789691EA99
:10F2D000799692EA7A9693EA7B9694EA7C9695EAF6
:10F2E0007D9696EA7E9697EA7F9698EA809699EAC6
:10F2F00081969AEA82969BEA83969CEA84969DEA96
:10F300008596E7D38696A1C287969EEA8896F1DA1B
:10F3100089969FEA8A96A0EA8B96E5CB8C9640EB7D
:10F320008D96F2DA8E9641EB8F96E6CB9096FED2D2
:10F33000919642EB929643EB939644EB9496F4B8F5
:10F34000959645EB969646EB9796F3DA9896AFB07E
:10F350009996B6CF9A9647EB9B9648EB9C96CFD55D
:10F360009D9649EB9E964AEB9F964BEBA0964CEBF5
:10F37000A1964DEBA2964EEBA3964FEBA49650EBC5
:10F38000A59651EBA69652EBA796EDCBA89653EB1C
:10F39000A99654EBAA9655EBAB9656EBAC9657EB69
:10F3A000AD9658EBAE9659EBAF965AEBB096F4DAB1
:10F3B000B1965BEBB2965CEBB396C4E3B4965DEBAF
:10F3C000B5965EEBB696A5C1B7965FEBB89660EBC7
:10F3D000B996BFF6BA9661EBBB9662EBBC96C0F6E7
:10F3E000BD96C1F6BE96D1C4BF9663EBC096B8C8B1
:10F3F000C196E3D1C29664EBC39665EBC496DBD0AD
:10F40000C596C5D1C696AFBCC796CDB9C89666EBB2
:10F41000C996F4EFCA9667EBCB9668EBCC96C6B468
:10F42000CD96BAD3CE96C2F6CF96FBB3D09669EB03
:10F43000D1966AEBD296C3F6D3966BEBD4966CEB6F
:10F44000D596F1B5D6966DEBD7966EEBD8966FEB59
:10F45000D99670EBDA9671EBDB9672EBDC9673EB78
:10F46000DD9674EBDE9675EBDF9676EBE096C5F6EF
:10F47000E19677EBE29678EBE39679EBE4967AEB1C
:10F48000E5967BEBE6967CEBE7967DEBE896EAD398
:10F49000E996A7F6EA96A9D1EB967EEBEC9680EB7F
:10F4A000ED9681EBEE9682EBEF96A9F6F09683EB64
:10F4B000F19684EBF29685EBF396A8F6F49686EB3C
:10F4C000F59687EBF696E3C1F796D7C0F89688EBEA
:10F4D000F996A2B1FA9689EBFB968AEBFC968BEB38
:10F4E000FD968CEBFE96EDCEFF968DEB0097E8D067
:10F4F0000197ABF602978EEB03978FEB0497F6CF4D
:10F50000059790EB0697AAF60797F0D50897ACF603
:10F510000997B9C30A9791EB0B9792EB0C9793EB72
:10F520000D97F4BB0E97AEF60F97ADF6109794EBD0
:10F53000119795EB129796EB1397DEC4149797EB00
:10F54000159798EB1697D8C1179799EB18979AEBE0
:10F5500019979BEB1A979CEB1B979DEB1C97AACBDB
:10F560001D979EEB1E97BCCF1F979FEB2097A0EB9C
:10F57000219740EC229741EC239742EC249743ECEF
:10F58000259744EC269745EC279746EC289747ECBF
:10F59000299748EC2A97AFF62B9749EC2C974AEC21
:10F5A0002D97B0F62E974BEC2F974CEC3097B1F689
:10F5B00031974DEC3297B6C233974EEC34974FECFF
:10F5C000359750EC369751EC379752EC3897D4B0CA
:10F5D0003997F9C53A9753EC3B9754EC3C9755EC67
:10F5E0003D9756EC3E97B2F63F9757EC409758EC54
:10F5F000419759EC42975AEC43975BEC44975CEC8B
:10F6000045975DEC46975EEC47975FEC489760EC5A
:10F61000499761EC4A9762EC4B9763EC4C9764EC2A
:10F620004D9765EC4E9766EC4F9767EC509768ECFA
:10F63000519769EC5297E0C75397A6F654976AEC36
:10F6400055976BEC5697B8BE57976CEC58976DEC86
:10F650005997B2BE5A976EEC5B97E5B55C976FEC25
:10F660005D9770EC5E97C7B75F9771EC6097BFBF0F
:10F670006197D2C36297E6C3639772EC649773ECA9
:10F680006597CCD8669774EC679775EC689776ECBD
:10F690006997EFB86A9777EC6B9778EC6C9779EC91
:10F6A0006D977AEC6E977BEC6F977CEC70977DECA6
:10F6B00071977EEC729780EC7397F9BD7497A5D122
:10F6C000759781EC7697D0B0779782EC789783EC3A
:10F6D000799784EC7A9785EC7B9786EC7C97B0F7EA
:10F6E0007D9787EC7E9788EC7F9789EC80978AECF2
:10F6F00081978BEC82978CEC83978DEC84978EECC2
:10F700008597B1F786978FEC879790EC889791EC67
:10F71000899792EC8A9793EC8B97ACD08C9794EC6A
:10F720008D97B0B08E9795EC8F9796EC909797EC5D
:10F730009197B2F79297B3F7939798EC9497B4F7A1
:10F74000959799EC96979AEC97979BEC9897CAC7E0
:10F7500099979CEC9A979DEC9B979EEC9C979FECBD
:10F760009D97A0EC9E9740ED9F9741EDA097CFBE4F
:10F77000A19742EDA29743EDA397B7F7A49744ED65
:10F78000A59745EDA69746EDA79747EDA89748EDB5
:10F79000A99749EDAA974AEDAB97B6F7AC974BED11
:10F7A000AD97DEB1AE974CEDAF97B5F7B0974DED95
:10F7B000B1974EEDB297B8F7B3974FEDB497B9F74D
:10F7C000B59750EDB69751EDB79752EDB89753ED09
:10F7D000B99754EDBA9755EDBB9756EDBC9757EDD9
:10F7E000BD9758EDBE9759EDBF975AEDC0975BEDA9
:10F7F000C1975CEDC2975DEDC3975EEDC4975FED79
:10F80000C59760EDC69761EDC79762EDC89763ED48
:10F81000C99764EDCA9765EDCB9766EDCC9767ED18
:10F82000CD9768EDCE9769EDCF976AEDD0976BEDE8
:10F83000D1976CEDD2976DEDD3976EEDD4976FEDB8
:10F84000D59770EDD69771EDD79772EDD89773ED88
:10F85000D99774EDDA9775EDDB9776EDDC9777ED58
:10F86000DD9778EDDE9779EDDF977AEDE0977BED28
:10F87000E1977CEDE2977DEDE3977EEDE49780EDF7
:10F88000E59781EDE697A4CEE797CDC8E89782ED9E
:10F89000E997ABBAEA97B8E8EB97B9E8EC97BAE81A
:10F8A000ED97C2BEEE9783EDEF9784EDF09785ED6F
:10F8B000F19786EDF29787EDF397F4D2F49788ED00
:10F8C000F597CFD4F697D8C9F79789EDF8978AEDD1
:10F8D000F9978BEDFA978CEDFB978DEDFC978EEDFC
:10F8E000FD978FEDFE9790EDFF9791ED009892EDCB
:10F8F000019893ED029894ED039895ED049896ED98
:10F90000059897ED069898ED079899ED08989AED67
:10F9100009989BED0A989CED0B989DED0C989EED37
:10F920000D989FED0E98A0ED0F9840EE109841EEC7
:10F93000119842EE129843EE139844EE149845EE57
:10F94000159846EE169847EE179848EE189849EE27
:10F9500019984AEE1A984BEE1B984CEE1C984DEEF7
:10F960001D984EEE1E984FEE1F9850EE209851EEC7
:10F97000219852EE229853EE239854EE249855EE97
:10F98000259856EE269857EE279858EE289859EE67
:10F9900029985AEE2A985BEE2B985CEE2C985DEE37
:10F9A0002D985EEE2E985FEE2F9860EE309861EE07
:10F9B000319862EE329863EE339864EE349865EED7
:10F9C000359866EE369867EE379868EE389869EEA7
:10F9D00039986AEE3A986BEE3B986CEE3C986DEE77
:10F9E0003D986EEE3E986FEE3F9870EE409871EE47
:10F9F000419872EE429873EE439874EE449875EE17
:10FA0000459876EE469877EE479878EE489879EEE6
:10FA100049987AEE4A987BEE4B987CEE4C987DEEB6
:10FA20004D987EEE4E9880EE4F9881EE509882EE83
:10FA3000519883EE529884EE539885EE549886EE52
:10FA4000559887EE569888EE579889EE58988AEE22
:10FA500059988BEE5A988CEE5B988DEE5C988EEEF2
:10FA60005D988FEE5E9890EE5F9891EE609892EEC2
:10FA7000619893EE629894EE639895EE649896EE92
:10FA8000659897EE669898EE679899EE68989AEE62
:10FA900069989BEE6A989CEE6B989DEE6C989EEE32
:10FAA0006D989FEE6E98A0EE6F9840EF709841EFC2
:10FAB000719842EF729843EF739844EF749845EF52
:10FAC0007598B3D27698A5B67798EAC77898FCF17E
:10FAD0007998EECF7A98B3CB7B98EBD07C98EFE710
:10FAE0007D98E7CD7E98CBB97F98D9B68098FDF107
:10FAF0008198E4B08298CCCB8398FEF18498A4D40A
:10FB00008598ADC28698ECC18798C4C68898B1BE66
:10FB10008998A1F28A98D5BC8B9846EF8C98A2F26E
:10FB20008D98A3F28E9847EF8F98A4F29098C3D245
:10FB30009198B5C6929848EF9398C7CD9498A5F23E
:10FB4000959849EF9698B1D39798C5BF9898E2CC0D
:10FB500099984AEF9A98A6F29B98A7F29C98D5D1CB
:10FB60009D98EEB69E98A8F29F98A9F2A098DFB54E
:10FB7000A198AAF2A298ABF2A3984BEFA498FCB27A
:10FB8000A598ACF2A698ADF2A798A7C8A8984CEF94
:10FB9000A9984DEFAA984EEFAB984FEFAC9850EF65
:10FBA000AD9851EFAE9852EFAF9853EFB09854EF35
:10FBB000B19855EFB29856EFB39857EFB49858EF05
:10FBC000B59859EFB6985AEFB7985BEFB8985CEFD5
:10FBD000B9985DEFBA985EEFBB985FEFBC9860EFA5
:10FBE000BD9861EFBE9862EFBF9863EFC09864EF75
:10FBF000C19865EFC29866EFC39867EFC49868EF45
:10FC0000C59869EFC6986AEFC7986BEFC8986CEF14
:10FC1000C9986DEFCA986EEFCB986FEFCC9870EFE4
:10FC2000CD9871EFCE98E7B7CF9872EFD09873EF79
:10FC3000D198A9ECD298AAECD398ABECD49874EFF5
:10FC4000D598ACECD69875EFD79876EFD898AEC625
:10FC5000D998ADECDA98AEECDB9877EFDC9878EFDA
:10FC6000DD9879EFDE98C9B7DF98B3CAE0987AEFEC
:10FC7000E1987BEFE2987CEFE3987DEFE4987EEFEC
:10FC8000E59880EFE69881EFE798B8E2E898CFF73B
:10FC9000E99882EFEA9883EFEB9884EFEC9885EF90
:10FCA000ED9886EFEE9887EFEF9888EFF09889EF60
:10FCB000F1988AEFF2988BEFF3988CEFF4988DEF30
:10FCC000F5988EEFF6988FEFF79890EFF89891EF00
:10FCD000F99892EFFA9893EFFB9894EFFC9895EFD0
:10FCE000FD9896EFFE9897EFFF9898EF009999EF9F
:10FCF00001999AEF02999BEF03999CEF04999DEF6C
:10FD000005999EEF06999FEF0799A0EF089940F09B
:10FD1000099941F00A9942F00B9943F00C9944F08B
:10FD20000D99D0F70E9945F00F9946F01099CDB284
:10FD3000119947F0129948F0139949F014994AF033
:10FD400015994BF016994CF017994DF018994EF003
:10FD500019994FF01A9950F01B9951F01C9952F0D3
:10FD60001D9953F01E9954F01F9955F0209956F0A3
:10FD7000219957F0229958F0239959F024995AF073
:10FD800025995BF026995CF027995DF028995EF043
:10FD900029995FF02A9960F02B9961F02C9962F013
:10FDA0002D9963F02E99D1F72F9964F0309965F071
:10FDB000319966F0329967F0339968F0349969F0B7
:10FDC00035996AF036996BF037996CF038996DF087
:10FDD00039996EF03A996FF03B9970F03C9971F057
:10FDE0003D9972F03E9973F03F9974F0409975F027
:10FDF000419976F0429977F0439978F0449979F0F7
:10FE000045997AF046997BF047997CF048997DF0C6
:10FE100049997EF04A9980F04B9981F04C9982F093
:10FE20004D9983F04E9984F04F9985F0509986F062
:10FE3000519987F0529988F0539989F05499D3F7E2
:10FE40005599D2F756998AF057998BF058998CF0BA
:10FE500059998DF05A998EF05B998FF05C9990F0DA
:10FE60005D9991F05E9992F05F9993F0609994F0AA
:10FE7000619995F0629996F06399BBE2649997F065
:10FE80006599A2BC669998F06799BCE26899BDE251
:10FE90006999BEE26A99BFE26B99C0E26C99C1E2CE
:10FEA0006D99B9B76E99FBD26F99A4BD7099CECAFE
:10FEB0007199A5B17299C7CB739999F07499C2E2FF
:10FEC0007599FCB67699C4C87799C3E278999AF087
:10FED00079999BF07A99C8BD7B999CF07C99FDB18A
:10FEE0007D99C4E27E999DF07F99F6B68099C5E22E
:10FEF0008199D9C482999EF083999FF08499C6E232
:10FF00008599DACF8699DDB98799C7E28899A1C02A
:10FF10008999A0F08A99C8E28B99F6B28C9940F140
:10FF20008D99C9E28E9941F18F99F3C19099CAE2F6
:10FF30009199CBE29299F8C29399CCE29499CDE24F
:10FF40009599CEE29699D7CA9799B8D89899E5D954
:10FF50009999E3CF9A9942F19B9943F19C9944F185
:10FF60009D9945F19E9946F19F9947F1A09948F1D5
:10FF7000A19949F1A2994AF1A3994BF1A4994CF1A5
:10FF8000A599A5F0A6994DF1A7994EF1A899B0DCD5
:10FF9000A9994FF1AA9950F1AB9951F1AC9952F14D
:10FFA000AD9953F1AE9954F1AF9955F1B09956F11D
:10FFB000B19957F1B29958F1B39959F1B4995AF1ED
:10FFC000B5995BF1B6995CF1B7995DF1B8995EF1BD
:10FFD000B9995FF1BA9960F1BB9961F1BC9962F18D
:10FFE000BD9963F1BE9964F1BF9965F1C09966F15D
:10FFF000C19967F1C29968F1C39969F1C4996AF12D
:020000040802F0
:10000000C5996BF1C6996CF1C7996DF1C8996EF1FC
:10001000C9996FF1CA9970F1CB9971F1CC9972F1CC
:10002000CD9973F1CE9974F1CF9975F1D09976F19C
:10003000D19977F1D29978F1D39979F1D4997AF16C
:10004000D5997BF1D6997CF1D7997DF1D8997EF13C
:10005000D99980F1DA9981F1DB9982F1DC9983F108
:10006000DD9984F1DE9985F1DF9986F1E09987F1D8
:10007000E19988F1E29989F1E3998AF1E4998BF1A8
:10008000E5998CF1E6998DF1E7998EF1E8998FF178
:10009000E99990F1EA9991F1EB9992F1EC9993F148
:1000A000ED9994F1EE9995F1EF9996F1F09997F118
:1000B000F19998F1F29999F1F3999AF1F4999BF1E8
:1000C000F5999CF1F6999DF1F7999EF1F8999FF1B8
:1000D000F999A0F1FA9940F2FB9941F2FC9942F2A8
:1000E000FD9943F2FE9944F2FF9945F2009A46F2D7
:1000F000019A47F2029A48F2039A49F2049A4AF2A4
:10010000059A4BF2069A4CF2079A4DF2089A4EF273
:10011000099A4FF20A9A50F20B9A51F20C9A52F243
:100120000D9A53F20E9A54F20F9A55F2109A56F213
:10013000119A57F2129A58F2139A59F2149A5AF2E3
:10014000159A5BF2169A5CF2179A5DF2189A5EF2B3
:10015000199A5FF21A9A60F21B9A61F21C9A62F283
:100160001D9A63F21E9A64F21F9A65F2209A66F253
:10017000219A67F2229A68F2239A69F2249A6AF223
:10018000259A6BF2269A6CF2279A6DF2289A6EF2F3
:10019000299A6FF22A9A70F22B9A71F22C9A72F2C3
:1001A0002D9A73F22E9A74F22F9A75F2309A76F293
:1001B000319A77F2329A78F2339A79F2349A7AF263
:1001C000359A7BF2369A7CF2379A7DF2389A7EF233
:1001D000399A80F23A9A81F23B9A82F23C9A83F2FF
:1001E0003D9A84F23E9A85F23F9A86F2409A87F2CF
:1001F000419A88F2429A89F2439A8AF2449A8BF29F
:10020000459A8CF2469A8DF2479A8EF2489A8FF26E
:10021000499A90F24A9A91F24B9A92F24C9A93F23E
:100220004D9A94F24E9A95F24F9A96F2509A97F20E
:10023000519A98F2529A99F2539A9AF2549A9BF2DE
:10024000559A9CF2569A9DF2579A9EF2589A9FF2AE
:10025000599AA0F25A9A40F35B9A41F35C9A42F39E
:100260005D9A43F35E9A44F35F9A45F3609A46F3CE
:10027000619A47F3629A48F3639A49F3649A4AF39E
:10028000659A4BF3669A4CF3679A4DF3689A4EF36E
:10029000699A4FF36A9A50F36B9A51F36C9AEDC2D4
:1002A0006D9AA6D46E9AD4CD6F9AB1D1709ADBB301
:1002B000719AFDC7729A52F3739AB5B2749ABFC21B
:1002C000759AE0E6769ABBCA779AE1E6789AE2E612
:1002D000799AD4BE7A9AE3E67B9AA4D77C9AD5CD54
:1002E0007D9AE5E67E9ADDBC7F9AE4E6809AE6E6B2
:1002F000819AE7E6829AEEC2839A53F3849ABEBD4E
:10030000859AE8E6869AE6C2879AA7BA889AE9E6C5
:10031000899A54F38A9AEAE68B9AD2B38C9AE9D1F5
:100320008D9A55F38E9A56F38F9AA5BF909AEBE665
:10033000919AEFC6929AECE6939AEDE6949A57F367
:10034000959A58F3969AEEE6979AADC6989AEFE684
:10035000999A59F39A9AA7C99B9AF0E69C9AF1E662
:100360009D9AF2E69E9AB9E59F9AF3E6A09AF4E682
:10037000A19AE2C2A29AF5E6A39AF6E6A49AE8D672
:10038000A59AF7E6A69A5AF3A79AF8E6A89AC7B9E3
:10039000A99A5BF3AA9A5CF3AB9A5DF3AC9A5EF30D
:1003A000AD9A5FF3AE9A60F3AF9A61F3B09ABBF780
:1003B000B19ABAF7B29A62F3B39A63F3B49A64F358
:1003C000B59A65F3B69ABEF7B79ABCF7B89AA1BAD0
:1003D000B99A66F3BA9ABFF7BB9A67F3BC9AC0F7AB
:1003E000BD9A68F3BE9A69F3BF9A6AF3C09AC2F7DE
:1003F000C19AC1F7C29AC4F7C39A6BF3C49A6CF35B
:10040000C59AC3F7C69A6DF3C79A6EF3C89A6FF38D
:10041000C99A70F3CA9A71F3CB9AC5F7CC9AC6F70A
:10042000CD9A72F3CE9A73F3CF9A74F3D09A75F390
:10043000D19AC7F7D29A76F3D39AE8CBD49A77F3C6
:10044000D59A78F3D69A79F3D79A7AF3D89ADFB80F
:10045000D99A7BF3DA9A7CF3DB9A7DF3DC9A7EF30C
:10046000DD9A80F3DE9A81F3DF9AD4F7E09A82F383
:10047000E19AD5F7E29A83F3E39A84F3E49A85F359
:10048000E59A86F3E69AD6F7E79A87F3E89A88F32F
:10049000E99A89F3EA9A8AF3EB9AD8F7EC9A8BF304
:1004A000ED9ADAF7EE9A8CF3EF9AD7F7F09A8DF38C
:1004B000F19A8EF3F29A8FF3F39A90F3F49A91F300
:1004C000F59A92F3F69A93F3F79A94F3F89A95F3D0
:1004D000F99ADBF7FA9A96F3FB9AD9F7FC9A97F315
:1004E000FD9A98F3FE9A99F3FF9A9AF3009B9BF377
:1004F000019B9CF3029B9DF3039BD7D7049B9EF328
:10050000059B9FF3069BA0F3079B40F4089BDCF739
:10051000099B41F40A9B42F40B9B43F40C9B44F46B
:100520000D9B45F40E9B46F40F9BDDF7109B47F4A3
:10053000119B48F4129B49F4139BDEF7149B4AF479
:10054000159B4BF4169B4CF4179B4DF4189B4EF4E3
:10055000199B4FF41A9B50F41B9B51F41C9B52F4B3
:100560001D9B53F41E9B54F41F9BDFF7209B55F4F7
:10057000219B56F4229B57F4239BE0F7249B58F4CD
:10058000259B59F4269B5AF4279B5BF4289B5CF42B
:10059000299B5DF42A9B5EF42B9B5FF42C9B60F4FB
:1005A0002D9B61F42E9B62F42F9BCBDB309B63F47D
:1005B000319B64F4329BAAD8339B65F4349B66F478
:1005C000359B67F4369B68F4379B69F4389B6AF473
:1005D000399B6BF43A9B6CF43B9BF7E53C9BEDB984
:1005E0003D9B6DF43E9B6EF43F9B6FF4409B70F41B
:1005F000419BFDBF429BEABB439BC9F7449BC7C6D7
:10060000459BC8F7469B71F4479BCAF7489BCCF7BC
:10061000499BCBF74A9B72F44B9B73F44C9B74F44D
:100620004D9BCDF74E9B75F44F9BBACE509B76F405
:10063000519BCEF7529B77F4539B78F4549BA7C4FD
:10064000559B79F4569B7AF4579B7BF4589B7CF42A
:10065000599B7DF45A9B7EF45B9B80F45C9B81F4F8
:100660005D9B82F45E9B83F45F9B84F4609B85F4C6
:10067000619B86F4629B87F4639B88F4649B89F496
:10068000659B8AF4669B8BF4679B8CF4689B8DF466
:10069000699B8EF46A9B8FF46B9B90F46C9B91F436
:1006A0006D9B92F46E9B93F46F9B94F4709B95F406
:1006B000719B96F4729B97F4739B98F4749B99F4D6
:1006C000759B9AF4769B9BF4779B9CF4789B9DF4A6
:1006D000799B9EF47A9B9FF47B9BA0F47C9B40F5D6
:1006E0007D9B41F57E9B42F57F9B43F5809B44F5C6
:1006F000819B45F5829B46F5839B47F5849B48F596
:10070000859B49F5869B4AF5879B4BF5889B4CF565
:10071000899B4DF58A9B4EF58B9B4FF58C9B50F535
:100720008D9B51F58E9B52F58F9B53F5909B54F505
:10073000919B55F5929B56F5939B57F5949B58F5D5
:10074000959B59F5969B5AF5979B5BF5989B5CF5A5
:10075000999B5DF59A9B5EF59B9B5FF59C9B60F575
:100760009D9B61F59E9B62F59F9B63F5A09B64F545
:10077000A19B65F5A29B66F5A39B67F5A49B68F515
:10078000A59B69F5A69B6AF5A79B6BF5A89B6CF5E5
:10079000A99B6DF5AA9B6EF5AB9B6FF5AC9B70F5B5
:1007A000AD9B71F5AE9B72F5AF9B73F5B09B74F585
:1007B000B19B75F5B29B76F5B39B77F5B49B78F555
:1007C000B59B79F5B69B7AF5B79B7BF5B89B7CF525
:1007D000B99B7DF5BA9B7EF5BB9B80F5BC9B81F5F3
:1007E000BD9B82F5BE9B83F5BF9B84F5C09B85F5C1
:1007F000C19B86F5C29B87F5C39B88F5C49B89F591
:10080000C59B8AF5C69B8BF5C79B8CF5C89B8DF560
:10081000C99B8EF5CA9B8FF5CB9B90F5CC9B91F530
:10082000CD9B92F5CE9B93F5CF9B94F5D09B95F500
:10083000D19B96F5D29B97F5D39B98F5D49B99F5D0
:10084000D59B9AF5D69B9BF5D79B9CF5D89B9DF5A0
:10085000D99B9EF5DA9B9FF5DB9BA0F5DC9B40F6D0
:10086000DD9B41F6DE9B42F6DF9B43F6E09B44F6C0
:10087000E19B45F6E29B46F6E39B47F6E49B48F690
:10088000E59B49F6E69B4AF6E79B4BF6E89B4CF660
:10089000E99B4DF6EA9B4EF6EB9B4FF6EC9B50F630
:1008A000ED9B51F6EE9B52F6EF9B53F6F09B54F600
:1008B000F19B55F6F29B56F6F39B57F6F49B58F6D0
:1008C000F59B59F6F69B5AF6F79B5BF6F89B5CF6A0
:1008D000F99B5DF6FA9B5EF6FB9B5FF6FC9B60F670
:1008E000FD9B61F6FE9B62F6FF9B63F6009C64F63F
:1008F000019C65F6029C66F6039C67F6049C68F60C
:10090000059C69F6069C6AF6079C6BF6089C6CF6DB
:10091000099C6DF60A9C6EF60B9C6FF60C9C70F6AB
:100920000D9C71F60E9C72F60F9C73F6109C74F67B
:10093000119C75F6129C76F6139C77F6149C78F64B
:10094000159C79F6169C7AF6179C7BF6189C7CF61B
:10095000199C7DF61A9C7EF61B9C80F61C9C81F6E9
:100960001D9C82F61E9C83F61F9C84F6209C85F6B7
:10097000219C86F6229C87F6239C88F6249C89F687
:10098000259C8AF6269C8BF6279C8CF6289C8DF657
:10099000299C8EF62A9C8FF62B9C90F62C9C91F627
:1009A0002D9C92F62E9C93F62F9C94F6309C95F6F7
:1009B000319C96F6329C97F6339C98F6349C99F6C7
:1009C000359C9AF6369C9BF6379C9CF6389C9DF697
:1009D000399C9EF63A9C9FF63B9CA0F63C9C40F7C7
:1009E0003D9C41F73E9C42F73F9C43F7409C44F7B7
:1009F000419C45F7429C46F7439C47F7449C48F787
:100A0000459C49F7469C4AF7479C4BF7489C4CF756
:100A1000499C4DF74A9C4EF74B9C4FF74C9C50F726
:100A20004D9C51F74E9C52F74F9C53F7509C54F7F6
:100A3000519C55F7529C56F7539C57F7549C58F7C6
:100A4000559C59F7569C5AF7579C5BF7589C5CF796
:100A5000599C5DF75A9C5EF75B9C5FF75C9C60F766
:100A60005D9C61F75E9C62F75F9C63F7609C64F736
:100A7000619C65F7629C66F7639C67F7649C68F706
:100A8000659C69F7669C6AF7679C6BF7689C6CF7D6
:100A9000699C6DF76A9C6EF76B9C6FF76C9C70F7A6
:100AA0006D9C71F76E9C72F76F9C73F7709C74F776
:100AB000719C75F7729C76F7739C77F7749C78F746
:100AC000759C79F7769C7AF7779C7BF7789C7CF716
:100AD000799C7DF77A9C7EF77B9C80F77C9CE3D3A6
:100AE0007D9C81F77E9C82F77F9CCFF6809C83F76C
:100AF000819CB3C2829CD0F6839C84F7849C85F74A
:100B0000859CD1F6869CD2F6879CD3F6889CD4F639
:100B1000899C86F78A9C87F78B9CD6F68C9C88F7F5
:100B20008D9CABB18E9CD7F68F9C89F7909CD8F6A4
:100B3000919CD9F6929CDAF6939C8AF7949CDBF60A
:100B4000959CDCF6969C8BF7979C8CF7989C8DF780
:100B5000999C8EF79A9CDDF69B9CDEF69C9CCACFF6
:100B60009D9C8FF79E9CDFF69F9CE0F6A09CE1F693
:100B7000A19CE2F6A29CE3F6A39CE4F6A49CF0C040
:100B8000A59CE5F6A69CE6F6A79CE7F6A89CE8F6E9
:100B9000A99CE9F6AA9C90F7AB9CEAF6AC9C91F76D
:100BA000AD9CEBF6AE9CECF6AF9C92F7B09CEDF6EC
:100BB000B19CEEF6B29CEFF6B39CF0F6B49CF1F665
:100BC000B59CF2F6B69CF3F6B79CF4F6B89CA8BEBA
:100BD000B99C93F7BA9CF5F6BB9CF6F6BC9CF7F66D
:100BE000BD9CF8F6BE9C94F7BF9C95F7C09C96F709
:100BF000C19C97F7C29C98F7C39CFAC8C49CF9F6AD
:100C0000C59CFAF6C69CFBF6C79CFCF6C89C99F7F7
:100C1000C99C9AF7CA9CFDF6CB9CFEF6CC9CA1F72A
:100C2000CD9CA2F7CE9CA3F7CF9CA4F7D09CA5F7B0
:100C3000D19C9BF7D29C9CF7D39CA6F7D49CA7F79A
:100C4000D59CA8F7D69CEEB1D79CA9F7D89CAAF75B
:100C5000D99CABF7DA9C9DF7DB9C9EF7DC9CACF74C
:100C6000DD9CADF7DE9CDBC1DF9CAEF7E09C9FF71F
:100C7000E19CA0F7E29CAFF7E39C40F8E49C41F8CC
:100C8000E59C42F8E69C43F8E79C44F8E89C45F86C
:100C9000E99C46F8EA9C47F8EB9C48F8EC9C49F83C
:100CA000ED9C4AF8EE9C4BF8EF9C4CF8F09C4DF80C
:100CB000F19C4EF8F29C4FF8F39C50F8F49C51F8DC
:100CC000F59C52F8F69C53F8F79C54F8F89C55F8AC
:100CD000F99C56F8FA9C57F8FB9C58F8FC9C59F87C
:100CE000FD9C5AF8FE9C5BF8FF9C5CF8009D5DF84B
:100CF000019D5EF8029D5FF8039D60F8049D61F818
:100D0000059D62F8069D63F8079D64F8089D65F8E7
:100D1000099D66F80A9D67F80B9D68F80C9D69F8B7
:100D20000D9D6AF80E9D6BF80F9D6CF8109D6DF887
:100D3000119D6EF8129D6FF8139D70F8149D71F857
:100D4000159D72F8169D73F8179D74F8189D75F827
:100D5000199D76F81A9D77F81B9D78F81C9D79F8F7
:100D60001D9D7AF81E9D7BF81F9D7CF8209D7DF8C7
:100D7000219D7EF8229D80F8239D81F8249D82F894
:100D8000259D83F8269D84F8279D85F8289D86F863
:100D9000299D87F82A9D88F82B9D89F82C9D8AF833
:100DA0002D9D8BF82E9D8CF82F9D8DF8309D8EF803
:100DB000319D8FF8329D90F8339D91F8349D92F8D3
:100DC000359D93F8369D94F8379D95F8389D96F8A3
:100DD000399D97F83A9D98F83B9D99F83C9D9AF873
:100DE0003D9D9BF83E9D9CF83F9D9DF8409D9EF843
:100DF000419D9FF8429DA0F8439D40F9449D41F9D3
:100E0000459D42F9469D43F9479D44F9489D45F962
:100E1000499D46F94A9D47F94B9D48F94C9D49F932
:100E20004D9D4AF94E9D4BF94F9D4CF9509D4DF902
:100E3000519D4EF9529D4FF9539D50F9549D51F9D2
:100E4000559D52F9569D53F9579D54F9589D55F9A2
:100E5000599D56F95A9D57F95B9D58F95C9D59F972
:100E60005D9D5AF95E9D5BF95F9D5CF9609D5DF942
:100E7000619D5EF9629D5FF9639D60F9649D61F912
:100E8000659D62F9669D63F9679D64F9689D65F9E2
:100E9000699D66F96A9D67F96B9D68F96C9D69F9B2
:100EA0006D9D6AF96E9D6BF96F9D6CF9709D6DF982
:100EB000719D6EF9729D6FF9739D70F9749D71F952
:100EC000759D72F9769D73F9779D74F9789D75F922
:100ED000799D76F97A9D77F97B9D78F97C9D79F9F2
:100EE0007D9D7AF97E9D7BF97F9D7CF9809D7DF9C2
:100EF000819D7EF9829D80F9839D81F9849D82F98F
:100F0000859D83F9869D84F9879D85F9889D86F95D
:100F1000899D87F98A9D88F98B9D89F98C9D8AF92D
:100F20008D9D8BF98E9D8CF98F9D8DF9909D8EF9FD
:100F3000919D8FF9929D90F9939D91F9949D92F9CD
:100F4000959D93F9969D94F9979D95F9989D96F99D
:100F5000999D97F99A9D98F99B9D99F99C9D9AF96D
:100F60009D9D9BF99E9D9CF99F9D9DF9A09D9EF93D
:100F7000A19D9FF9A29DA0F9A39D40FAA49D41FACD
:100F8000A59D42FAA69D43FAA79D44FAA89D45FA5D
:100F9000A99D46FAAA9D47FAAB9D48FAAC9D49FA2D
:100FA000AD9D4AFAAE9D4BFAAF9D4CFAB09D4DFAFD
:100FB000B19D4EFAB29D4FFAB39D50FAB49D51FACD
:100FC000B59D52FAB69D53FAB79D54FAB89D55FA9D
:100FD000B99D56FABA9D57FABB9D58FABC9D59FA6D
:100FE000BD9D5AFABE9D5BFABF9D5CFAC09D5DFA3D
:100FF000C19D5EFAC29D5FFAC39D60FAC49D61FA0D
:10100000C59D62FAC69D63FAC79D64FAC89D65FADC
:10101000C99D66FACA9D67FACB9D68FACC9D69FAAC
:10102000CD9D6AFACE9D6BFACF9D6CFAD09D6DFA7C
:10103000D19D6EFAD29D6FFAD39D70FAD49D71FA4C
:10104000D59D72FAD69D73FAD79D74FAD89D75FA1C
:10105000D99D76FADA9D77FADB9D78FADC9D79FAEC
:10106000DD9D7AFADE9D7BFADF9D7CFAE09D7DFABC
:10107000E19D7EFAE29D80FAE39D81FAE49D82FA89
:10108000E59D83FAE69D84FAE79D85FAE89D86FA58
:10109000E99D87FAEA9D88FAEB9D89FAEC9D8AFA28
:1010A000ED9D8BFAEE9D8CFAEF9D8DFAF09D8EFAF8
:1010B000F19D8FFAF29D90FAF39D91FAF49D92FAC8
:1010C000F59D93FAF69D94FAF79D95FAF89D96FA98
:1010D000F99D97FAFA9D98FAFB9D99FAFC9D9AFA68
:1010E000FD9D9BFAFE9D9CFAFF9D9DFA009E9EFA37
:1010F000019E9FFA029EA0FA039E40FB049E41FBC4
:10110000059E42FB069E43FB079E44FB089E45FB53
:10111000099E46FB0A9E47FB0B9E48FB0C9E49FB23
:101120000D9E4AFB0E9E4BFB0F9E4CFB109E4DFBF3
:10113000119E4EFB129E4FFB139E50FB149E51FBC3
:10114000159E52FB169E53FB179E54FB189E55FB93
:10115000199E56FB1A9E57FB1B9E58FB1C9E59FB63
:101160001D9E5AFB1E9E5BFB1F9EF1C4209EAFF08E
:10117000219EA6BC229EB0F0239EF9C3249E5CFB58
:10118000259EB8C5269EBBD1279E5DFB289EB1F04B
:10119000299EB2F02A9EB3F02B9EB4F02C9EB5F09F
:1011A0002D9EBCD12E9E5EFB2F9EECD1309E5FFB10
:1011B000319EB7F0329EB6F0339EA7D4349E60FBCA
:1011C000359ED2CD369EB8F0379EBAF0389EB9F033
:1011D000399EBBF03A9EBCF03B9E61FB3C9E62FB9D
:1011E0003D9EEBB83E9EBDF03F9EE8BA409E63FB3D
:1011F000419EBEF0429EBFF0439EE9BE449EC0F0B9
:10120000459EECB6469EC1F0479EC2F0489EC3F094
:10121000499EC4F04A9EB5C84B9EC5F04C9EC6F090
:101220004D9E64FB4E9EC7F04F9EF4C5509E65FBDD
:10123000519EC8F0529E66FB539E67FB549E68FB0E
:10124000559EC9F0569E69FB579ECAF0589EBDF741
:10125000599E6AFB5A9ECBF05B9ECCF05C9ECDF013
:101260005D9E6BFB5E9ECEF05F9E6CFB609E6DFB99
:10127000619E6EFB629E6FFB639ECFF0649ED7BA49
:10128000659E70FB669ED0F0679ED1F0689ED2F09E
:10129000699ED3F06A9ED4F06B9ED5F06C9ED6F01A
:1012A0006D9ED8F06E9E71FB6F9E72FB709EA5D3F3
:1012B000719ED7F0729E73FB739ED9F0749E74FB7F
:1012C000759E75FB769E76FB779E77FB789E78FB06
:1012D000799E79FB7A9E7AFB7B9E7BFB7C9E7CFBD6
:1012E0007D9E7DFB7E9EBAF57F9EB9C2809E7EFB71
:1012F000819E80FB829EE4F7839E81FB849E82FB1D
:10130000859E83FB869E84FB879EE5F7889EE6F795
:10131000899E85FB8A9E86FB8B9EE7F78C9E87FBCA
:101320008D9E88FB8E9E89FB8F9E8AFB909E8BFBF9
:10133000919E8CFB929EE8F7939EB4C2949E8DFB87
:10134000959E8EFB969E8FFB979E90FB989E91FBA1
:10135000999E92FB9A9E93FB9B9E94FB9C9E95FB71
:101360009D9EEAF79E9E96FB9F9EEBF7A09E97FBA5
:10137000A19E98FBA29E99FBA39E9AFBA49E9BFB19
:10138000A59E9CFBA69EF3C2A79E9DFBA89E9EFBCE
:10139000A99E9FFBAA9EA0FBAB9E40FCAC9E41FC7D
:1013A000AD9E42FCAE9E43FCAF9E44FCB09E45FC0D
:1013B000B19E46FCB29E47FCB39E48FCB49EF0F43E
:1013C000B59E49FCB69E4AFCB79E4BFCB89EEFF416
:1013D000B99E4CFCBA9E4DFCBB9EE9C2BC9E4EFC25
:1013E000BD9EE1F7BE9EE2F7BF9E4FFCC09E50FC43
:1013F000C19E51FCC29E52FCC39E53FCC49EC6BB00
:10140000C59E54FCC69E55FCC79E56FCC89E57FC04
:10141000C99EE4D9CA9E58FCCB9E59FCCC9E5AFC6E
:10142000CD9EF2CACE9EE8C0CF9EA4F0D09E5BFCBB
:10143000D19EDABAD29E5CFCD39E5DFCD49EADC731
:10144000D59E5EFCD69E5FFCD79E60FCD89EACC449
:10145000D99E61FCDA9E62FCDB9EECF7DC9EEDF728
:10146000DD9EEEF7DE9E63FCDF9EF0F7E09EEFF779
:10147000E19E64FCE29EF1F7E39E65FCE49E66FC5F
:10148000E59EF4F7E69E67FCE79EF3F7E89E68FCAE
:10149000E99EF2F7EA9EF5F7EB9E69FCEC9E6AFC8A
:1014A000ED9E6BFCEE9E6CFCEF9EF6F7F09E6DFCE5
:1014B000F19E6EFCF29E6FFCF39E70FCF49E71FC3C
:1014C000F59E72FCF69E73FCF79E74FCF89E75FC0C
:1014D000F99EE9EDFA9E76FCFB9EEAEDFC9EEBEDB3
:1014E000FD9E77FCFE9EBCF6FF9E78FC009F79FC7B
:1014F000019F7AFC029F7BFC039F7CFC049F7DFC88
:10150000059F7EFC069F80FC079F81FC089F82FC54
:10151000099F83FC0A9F84FC0B9FBDF60C9F85FCF2
:101520000D9FBEF60E9FA6B60F9F86FC109FBED8DD
:10153000119F87FC129F88FC139FC4B9149F89FCDC
:10154000159F8AFC169F8BFC179FBBD8189F8CFC9D
:10155000199FB1DC1A9F8DFC1B9F8EFC1C9F8FFC7A
:101560001D9F90FC1E9F91FC1F9F92FC209FF3CA21
:10157000219F93FC229FF7F7239F94FC249F95FCC7
:10158000259F96FC269F97FC279F98FC289F99FCF7
:10159000299F9AFC2A9F9BFC2B9F9CFC2C9FF8F771
:1015A0002D9F9DFC2E9F9EFC2F9FF9F7309F9FFC47
:1015B000319FA0FC329F40FD339F41FD349F42FD8F
:1015C000359F43FD369F44FD379FFBF7389F45FD10
:1015D000399FFAF73A9F46FD3B9FC7B13C9F47FDB5
:1015E0003D9FFCF73E9FFDF73F9F48FD409F49FD13
:1015F000419F4AFD429F4BFD439F4CFD449FFEF798
:10160000459F4DFD469F4EFD479F4FFD489F50FD16
:10161000499F51FD4A9F52FD4B9F53FD4C9F54FDE6
:101620004D9F55FD4E9F56FD4F9F57FD509FEBC65A
:10163000519FB4EC529F58FD539F59FD549F5AFD42
:10164000559F5BFD569F5CFD579F5DFD589F5EFD5E
:10165000599F5FFD5A9F60FD5B9F61FD5C9F62FD2E
:101660005D9F63FD5E9F64FD5F9F65FD609F66FDFE
:10167000619F67FD629F68FD639F69FD649F6AFDCE
:10168000659F6BFD669F6CFD679F6DFD689F6EFD9E
:10169000699F6FFD6A9F70FD6B9F71FD6C9F72FD6E
:1016A0006D9F73FD6E9F74FD6F9F75FD709F76FD3E
:1016B000719F77FD729F78FD739F79FD749F7AFD0E
:1016C000759F7BFD769F7CFD779F7DFD789F7EFDDE
:1016D000799F80FD7A9F81FD7B9F82FD7C9F83FDAA
:1016E0007D9F84FD7E9F85FD7F9FDDB3809FB3F648
:1016F000819F86FD829F87FD839FB4F6849FE4C10E
:10170000859FB5F6869FB6F6879FB7F6889FB8F691
:10171000899FB9F68A9FBAF68B9FA3C88C9FBBF6A8
:101720008D9F88FD8E9F89FD8F9F8AFD909F8BFDE9
:10173000919F8CFD929F8DFD939F8EFD949F8FFDB9
:10174000959F90FD969F91FD979F92FD989F93FD89
:10175000999FFAC19A9FA8B99B9FE8ED9C9F94FD21
:101760009D9F95FD9E9F96FD9F9FEAB9A09FDFD903
:10177000A19F97FDA29F98FDA39F99FDA49F9AFD0D
:10178000A59F9BFD2CF99CFD79F99DFD95F99EFD8A
:10179000E7F99FFDF1F9A0FD0CFA40FE0DFA41FEBC
:1017A0000EFA42FE0FFA43FE11FA44FE13FA45FE0A
:1017B00014FA46FE18FA47FE1FFA48FE20FA49FEC0
:1017C00021FA4AFE23FA4BFE24FA4CFE27FA4DFE7C
:1017D00028FA4EFE29FA4FFE30FE55A931FEF2A638
:1017E00033FEF4A634FEF5A635FEE0A636FEE1A6ED
:1017F00037FEF0A638FEF1A639FEE2A63AFEE3A6D1
:101800003BFEEEA63CFEEFA63DFEE6A63EFEE7A6AC
:101810003FFEE4A640FEE5A641FEE8A642FEE9A69C
:1018200043FEEAA644FEEBA649FE68A94AFE69A962
:101830004BFE6AA94CFE6BA94DFE6CA94EFE6DA92C
:101840004FFE6EA950FE6FA951FE70A952FE71A9FC
:1018500054FE72A955FE73A956FE74A957FE75A9C8
:1018600059FE76A95AFE77A95BFE78A95CFE79A994
:101870005DFE7AA95EFE7BA95FFE7CA960FE7DA964
:1018800061FE7EA962FE80A963FE81A964FE82A931
:1018900065FE83A966FE84A968FE85A969FE86A9FE
:1018A0006AFE87A96BFE88A901FFA1A302FFA2A37C
:1018B00003FFA3A304FFE7A105FFA5A306FFA6A3BB
:1018C00007FFA7A308FFA8A309FFA9A30AFFAAA3CC
:1018D0000BFFABA30CFFACA30DFFADA30EFFAEA39C
:1018E0000FFFAFA310FFB0A311FFB1A312FFB2A36C
:1018F00013FFB3A314FFB4A315FFB5A316FFB6A33C
:1019000017FFB7A318FFB8A319FFB9A31AFFBAA30B
:101910001BFFBBA31CFFBCA31DFFBDA31EFFBEA3DB
:101920001FFFBFA320FFC0A321FFC1A322FFC2A3AB
:1019300023FFC3A324FFC4A325FFC5A326FFC6A37B
:1019400027FFC7A328FFC8A329FFC9A32AFFCAA34B
:101950002BFFCBA32CFFCCA32DFFCDA32EFFCEA31B
:101960002FFFCFA330FFD0A331FFD1A332FFD2A3EB
:1019700033FFD3A334FFD4A335FFD5A336FFD6A3BB
:1019800037FFD7A338FFD8A339FFD9A33AFFDAA38B
:101990003BFFDBA33CFFDCA33DFFDDA33EFFDEA35B
:1019A0003FFFDFA340FFE0A341FFE1A342FFE2A32B
:1019B00043FFE3A344FFE4A345FFE5A346FFE6A3FB
:1019C00047FFE7A348FFE8A349FFE9A34AFFEAA3CB
:1019D0004BFFEBA34CFFECA34DFFEDA34EFFEEA39B
:1019E0004FFFEFA350FFF0A351FFF1A352FFF2A36B
:1019F00053FFF3A354FFF4A355FFF5A356FFF6A33B
:101A000057FFF7A358FFF8A359FFF9A35AFFFAA30A
:101A10005BFFFBA35CFFFCA35DFFFDA35EFFABA12F
:101A2000E0FFE9A1E1FFEAA1E2FF56A9E3FFFEA37F
:101A3000E4FF57A9E5FFA4A3000000008000AC204C
:101A40004081024E4181044E4281054E4381064E43
:101A500044810F4E4581124E4681174E47811F4EDD
:101A60004881204E4981214E4A81234E4B81264E8A
:101A70004C81294E4D812E4E4E812F4E4F81314E3D
:101A80005081334E5181354E5281374E53813C4EF9
:101A90005481404E5581414E5681424E5781444EAD
:101AA0005881464E59814A4E5A81514E5B81554E5E
:101AB0005C81574E5D815A4E5E815B4E5F81624E06
:101AC0006081634E6181644E6281654E6381674EC1
:101AD0006481684E65816A4E66816B4E67816C4E8B
:101AE00068816D4E69816E4E6A816F4E6B81724E58
:101AF0006C81744E6D81754E6E81764E6F81774E1E
:101B00007081784E7181794E72817A4E73817B4EED
:101B100074817C4E75817D4E76817F4E7781804EBB
:101B20007881814E7981824E7A81834E7B81844E89
:101B30007C81854E7D81874E7E818A4E8081904E4C
:101B40008181964E8281974E8381994E84819C4EED
:101B500085819D4E86819E4E8781A34E8881AA4EA7
:101B60008981AF4E8A81B04E8B81B14E8C81B44E4B
:101B70008D81B64E8E81B74E8F81B84E9081B94E11
:101B80009181BC4E9281BD4E9381BE4E9481C84ED0
:101B90009581CC4E9681CF4E9781D04E9881D24E72
:101BA0009981DA4E9A81DB4E9B81DC4E9C81E04E1E
:101BB0009D81E24E9E81E64E9F81E74EA081E94ED7
:101BC000A181ED4EA281EE4EA381EF4EA481F14E94
:101BD000A581F44EA681F84EA781F94EA881FA4E50
:101BE000A981FC4EAA81FE4EAB81004FAC81024F11
:101BF000AD81034FAE81044FAF81054FB081064FD9
:101C0000B181074FB281084FB3810B4FB4810C4FA4
:101C1000B581124FB681134FB781144FB881154F5C
:101C2000B981164FBA811C4FBB811D4FBC81214F1A
:101C3000BD81234FBE81284FBF81294FC0812C4FCA
:101C4000C1812D4FC2812E4FC381314FC481334F8B
:101C5000C581354FC681374FC781394FC8813B4F4A
:101C6000C9813E4FCA813F4FCB81404FCC81414F0C
:101C7000CD81424FCE81444FCF81454FD081474FD8
:101C8000D181484FD281494FD3814A4FD4814B4FA4
:101C9000D5814C4FD681524FD781544FD881564F62
:101CA000D981614FDA81624FDB81664FDC81684FF9
:101CB000DD816A4FDE816B4FDF816D4FE0816E4FBA
:101CC000E181714FE281724FE381754FE481774F7B
:101CD000E581784FE681794FE7817A4FE8817D4F42
:101CE000E981804FEA81814FEB81824FEC81854F02
:101CF000ED81864FEE81874FEF818A4FF0818C4FC7
:101D0000F1818E4FF281904FF381924FF481934F86
:101D1000F581954FF681964FF781984FF881994F4D
:101D2000F9819A4FFA819C4FFB819E4FFC819F4F16
:101D3000FD81A14FFE81A24F4082A44F4182AB4F53
:101D40004282AD4F4382B04F4482B14F4582B24F81
:101D50004682B34F4782B44F4882B64F4982B74F4D
:101D60004A82B84F4B82B94F4C82BA4F4D82BB4F1B
:101D70004E82BC4F4F82BD4F5082BE4F5182C04FEA
:101D80005282C14F5382C24F5482C64F5582C74FB1
:101D90005682C84F5782C94F5882CB4F5982CC4F79
:101DA0005A82CD4F5B82D24F5C82D34F5D82D44F3B
:101DB0005E82D54F5F82D64F6082D94F6182DB4F02
:101DC0006282E04F6382E24F6482E44F6582E54FB6
:101DD0006682E74F6782EB4F6882EC4F6982F04F73
:101DE0006A82F24F6B82F44F6C82F54F6D82F64F30
:101DF0006E82F74F6F82F94F7082FB4F7182FC4FFA
:101E00007282FD4F7382FF4F7482005075820150C1
:101E1000768202507782035078820450798205508E
:101E20007A8206507B8207507C8208507D8209505E
:101E30007E820A5080820B5081820E508282105026
:101E400083821150848213508582155086821650E9
:101E50008782175088821B5089821D508A821E50AB
:101E60008B8220508C8222508D8223508E8224506F
:101E70008F82275090822B5091822F509282305027
:101E800093823150948232509582335096823450EE
:101E90009782355098823650998237509A823850BE
:101EA0009B8239509C823B509D823D509E823F5088
:101EB0009F824050A0824150A1824250A282445051
:101EC000A3824550A4824650A5824950A6824A501A
:101ED000A7824B50A8824D50A9825050AA825150DF
:101EE000AB825250AC825350AD825450AE825650A9
:101EF000AF825750B0825850B1825950B2825B5075
:101F0000B3825D50B4825E50B5825F50B68260503D
:101F1000B7826150B8826250B9826350BA8264500D
:101F2000BB826650BC826750BD826850BE826950D9
:101F3000BF826A50C0826B50C1826D50C2826E50A7
:101F4000C3826F50C4827050C5827150C682725075
:101F5000C7827350C8827450C9827550CA82785043
:101F6000CB827950CC827A50CD827C50CE827D500B
:101F7000CF828150D0828250D1828350D2828450CD
:101F8000D3828650D4828750D5828950D6828A5097
:101F9000D7828B50D8828C50D9828E50DA828F5063
:101FA000DB829050DC829150DD829250DE82935031
:101FB000DF829450E0829550E1829650E282975001
:101FC000E3829850E4829950E5829A50E6829B50D1
:101FD000E7829C50E8829D50E9829E50EA829F50A1
:101FE000EB82A050EC82A150ED82A250EE82A45070
:101FF000EF82A650F082AA50F182AB50F282AD502F
:10200000F382AE50F482AF50F582B050F682B150F8
:10201000F782B350F882B450F982B550FA82B650C4
:10202000FB82B750FC82B850FD82B950FE82BC5092
:102030004083BD504183BE504283BF504383C05054
:102040004483C1504583C2504683C3504783C45024
:102050004883C5504983C6504A83C7504B83C850F4
:102060004C83C9504D83CA504E83CB504F83CC50C4
:102070005083CD505183CE505283D0505383D15092
:102080005483D2505583D3505683D4505783D55060
:102090005883D7505983D8505A83D9505B83DB502B
:1020A0005C83DC505D83DD505E83DE505F83DF50F8
:1020B0006083E0506183E1506283E2506383E350C8
:1020C0006483E4506583E5506683E8506783E95094
:1020D0006883EA506983EB506A83EF506B83F0505A
:1020E0006C83F1506D83F2506E83F4506F83F65021
:1020F0007083F7507183F8507283F9507383FA50EC
:102100007483FC507583FD507683FE507783FF50B7
:1021100078830051798301517A8302517B83035183
:102120007C8304517D8305517E830851808309514E
:1021300081830A5182830C5183830D5184830E5114
:1021400085830F51868310518783115188831351E2
:10215000898314518A8315518B8316518C831751AF
:102160008D8318518E8319518F831A5190831B517F
:1021700091831C5192831D5193831E5194831F514F
:10218000958320519683225197832351988324511C
:10219000998325519A8326519B8327519C832851EB
:1021A0009D8329519E832A519F832B51A0832C51BB
:1021B000A1832D51A2832E51A3832F51A48330518B
:1021C000A5833151A6833251A7833351A88334515B
:1021D000A9833551AA833651AB833751AC8338512B
:1021E000AD833951AE833A51AF833B51B0833C51FB
:1021F000B1833D51B2833E51B3834251B4834751C1
:10220000B5834A51B6834C51B7834E51B8834F5171
:10221000B9835051BA835251BB835351BC83575138
:10222000BD835851BE835951BF835B51C0835D51FB
:10223000C1835E51C2835F51C3836051C4836151C6
:10224000C5836351C6836451C7836651C883675190
:10225000C9836951CA836A51CB836F51CC83725150
:10226000CD837A51CE837E51CF837F51D0838351EA
:10227000D1838451D2838651D3838751D4838A51A9
:10228000D5838B51D6838E51D7838F51D88390516C
:10229000D9839151DA839351DB839451DC83985134
:1022A000DD839A51DE839D51DF839E51E0839F51F0
:1022B000E183A151E283A351E383A651E483A751B3
:1022C000E583A851E683A951E783AA51E883AD517C
:1022D000E983AE51EA83B451EB83B851EC83B95131
:1022E000ED83BA51EE83BE51EF83BF51F083C151EC
:1022F000F183C251F283C351F383C551F483C851B2
:10230000F583CA51F683CD51F783CE51F883D0516E
:10231000F983D251FA83D351FB83D451FC83D55135
:10232000FD83D651FE83D7514084D8514184D95181
:102330004284DA514384DC514484DE514584DF51C8
:102340004684E2514784E3514884E5514984E6518B
:102350004A84E7514B84E8514C84E9514D84EA5159
:102360004E84EC514F84EE515084F1515184F2511E
:102370005284F4515384F7515484FE5155840452CD
:10238000568405525784095258840B5259840C5272
:102390005A840F525B8410525C8413525D84145231
:1023A0005E8415525F841C5260841E5261841F52E9
:1023B00062842152638422526484235265842552AC
:1023C000668426526784275268842A5269842C5274
:1023D0006A842F526B8431526C8432526D84345231
:1023E0006E8435526F843C5270843E5271844452E4
:1023F000728445527384465274844752758448529D
:102400007684495277844B5278844E5279844F5265
:102410007A8452527B8453527C8455527D84575225
:102420007E8458528084595281845A5282845B52ED
:1024300083845D5284845F528584605286846252B4
:102440008784635288846452898466528A8468527D
:102450008B846B528C846C528D846D528E846E5240
:102460008F8470529084715291847352928474520A
:1024700093847552948476529584775296847852D8
:102480009784795298847A5299847B529A847C52A8
:102490009B847E529C8480529D8483529E8484526D
:1024A0009F848552A0848652A1848752A284895237
:1024B000A3848A52A4848B52A5848C52A6848D5204
:1024C000A7848E52A8848F52A9849152AA849252D2
:1024D000AB849452AC849552AD849652AE8497529C
:1024E000AF849852B0849952B1849A52B2849C526B
:1024F000B384A452B484A552B584A652B684A7521C
:10250000B784AE52B884AF52B984B052BA84B452D0
:10251000BB84B552BC84B652BD84B752BE84B85297
:10252000BF84B952C084BA52C184BB52C284BC5267
:10253000C384BD52C484C052C584C152C684C25231
:10254000C784C452C884C552C984C652CA84C852FA
:10255000CB84CA52CC84CC52CD84CD52CE84CE52C0
:10256000CF84CF52D084D152D184D352D284D4528A
:10257000D384D552D484D752D584D952D684DA5252
:10258000D784DB52D884DC52D984DD52DA84DE521F
:10259000DB84E052DC84E152DD84E252DE84E352EB
:1025A000DF84E552E084E652E184E752E284E852B7
:1025B000E384E952E484EA52E584EB52E684EC5287
:1025C000E784ED52E884EE52E984EF52EA84F15256
:1025D000EB84F252EC84F352ED84F452EE84F55223
:1025E000EF84F652F084F752F184F852F284FB52F1
:1025F000F384FC52F484FD52F5840153F6840253B3
:10260000F7840353F8840453F9840753FA84095375
:10261000FB840A53FC840B53FD840C53FE840E533D
:1026200040851153418512534285135343851453FA
:102630004485185345851B5346851C5347851E53B7
:1026400048851F53498522534A8524534B8525537A
:102650004C8527534D8528534E8529534F852B5341
:1026600050852C5351852D5352852F53538530530C
:1026700054853153558532535685335357853453DA
:1026800058853553598536535A8537535B853853AA
:102690005C853C535D853D535E8540535F85425369
:1026A000608544536185465362854B5363854C5323
:1026B00064854D53658550536685545367855853DB
:1026C0006885595369855B536A855D536B8565538E
:1026D0006C8568536D856A536E856C536F856D5339
:1026E00070857253718576537285795373857B53E8
:1026F00074857C5375857D5376857E5377858053AD
:1027000078858153798583537A8587537B85885370
:102710007C858A537D858E537E858F53808590532B
:1027200081859153828592538385935384859453F5
:1027300085859653868597538785995388859B53BE
:1027400089859C538A859E538B85A0538C85A15384
:102750008D85A4538E85A7538F85AA539085AB533F
:102760009185AC539285AD539385AF539485B05307
:102770009585B1539685B2539785B3539885B453D5
:102780009985B5539A85B7539B85B8539C85B953A2
:102790009D85BA539E85BC539F85BD53A085BE536E
:1027A000A185C053A285C353A385C453A485C55333
:1027B000A585C653A685C753A785CE53A885CF53F5
:1027C000A985D053AA85D253AB85D353AC85D553B5
:1027D000AD85DA53AE85DC53AF85DD53B085DE536E
:1027E000B185E153B285E253B385E753B485F45321
:1027F000B585FA53B685FE53B785FF53B8850054A7
:10280000B9850254BA850554BB850754BC850B5461
:10281000BD851454BE851854BF851954C0851A54FB
:10282000C1851C54C2852254C3852454C4852554B3
:10283000C5852A54C6853054C7853354C885365457
:10284000C9853754CA853A54CB853D54CC853F540D
:10285000CD854154CE854254CF854454D0854554CE
:10286000D1854754D2854954D3854C54D4854D5491
:10287000D5854E54D6854F54D7855154D8855A5452
:10288000D9855D54DA855E54DB855F54DC85605400
:10289000DD856154DE856354DF856554E0856754CA
:1028A000E1856954E2856A54E3856B54E4856C5490
:1028B000E5856D54E6856E54E7856F54E885705460
:1028C000E9857454EA857954EB857A54EC857E5415
:1028D000ED857F54EE858154EF858354F0858554D2
:1028E000F1858754F2858854F3858954F4858A5498
:1028F000F5858D54F6859154F7859354F885975452
:10290000F9859854FA859C54FB859E54FC859F5408
:10291000FD85A054FE85A1544086A2544186A5544D
:102920004286AE544386B0544486B2544586B5546C
:102930004686B6544786B7544886B9544986BA5431
:102940004A86BC544B86BE544C86C3544D86C554EF
:102950004E86CA544F86CB545086D6545186D8548E
:102960005286DB545386E0545486E1545586E25433
:102970005686E3545786E4545886EB545986EC54F3
:102980005A86EF545B86F0545C86F1545D86F454AD
:102990005E86F5545F86F6546086F7546186F85477
:1029A0006286F9546386FB546486FE54658600553E
:1029B00066860255678603556886045569860555FF
:1029C0006A8608556B860A556C860B556D860C55C4
:1029D0006E860D556F860E5570861255718613558D
:1029E0007286155573861655748617557586185553
:1029F0007686195577861A5578861C5579861D5521
:102A00007A861E557B861F557C8621557D862555E9
:102A10007E862655808628558186295582862B55A7
:102A200083862D5584863255858634558686355560
:102A30008786365588863855898639558A863A5527
:102A40008B863B558C863D558D8640558E864255EE
:102A50008F864555908647559186485592864B55A9
:102A600093864C5594864D5595864E5596864F5572
:102A70009786515598865255998653559A8654553E
:102A80009B8657559C8658559D8659559E865A5506
:102A90009F865B55A0865D55A1865E55A2865F55D3
:102AA000A3866055A4866255A5866355A68668559B
:102AB000A7866955A8866B55A9866F55AA86705555
:102AC000AB867155AC867255AD867355AE8674551E
:102AD000AF867955B0867A55B1867D55B2867F55D9
:102AE000B3868555B4868655B5868C55B6868D5584
:102AF000B7868E55B8869055B9869255BA86935545
:102B0000BB869555BC869655BD869755BE869A550B
:102B1000BF869B55C0869E55C186A055C286A155CD
:102B2000C386A255C486A355C586A455C686A55599
:102B3000C786A655C886A855C986A955CA86AA5566
:102B4000CB86AB55CC86AC55CD86AD55CE86AE5535
:102B5000CF86AF55D086B055D186B255D286B45502
:102B6000D386B655D486B855D586BA55D686BC55C3
:102B7000D786BF55D886C055D986C155DA86C25585
:102B8000DB86C355DC86C655DD86C755DE86C8554F
:102B9000DF86CA55E086CB55E186CE55E286CF5515
:102BA000E386D055E486D555E586D755E686D855D3
:102BB000E786D955E886DA55E986DB55EA86DE559B
:102BC000EB86E055EC86E255ED86E755EE86E95555
:102BD000EF86ED55F086EE55F186F055F286F1550B
:102BE000F386F455F486F655F586F855F686F955CC
:102BF000F786FA55F886FB55F986FC55FA86FF5597
:102C0000FB860256FC860356FD860456FE86055654
:102C1000408706564187075642870A5643870B5618
:102C200044870D56458710564687115647871256DA
:102C300048871356498714564A8715564B871656A8
:102C40004C8717564D8719564E871A564F871C5674
:102C500050871D565187205652872156538722563A
:102C600054872556558726565687285657872956FE
:102C700058872A5659872B565A872E565B872F56C8
:102C80005C8730565D8733565E8735565F8737568B
:102C90006087385661873A5662873C5663873D564F
:102CA00064873E5665874056668741566787425619
:102CB00068874356698744566A8745566B874656E8
:102CC0006C8747566D8748566E8749566F874A56B8
:102CD00070874B5671874F5672875056738751567F
:102CE000748752567587535676875556778756564A
:102CF00078875A5679875B567A875D567B875E560A
:102D00007C875F567D8760567E87615680876356D5
:102D100081876556828766568387675684876D5696
:102D200085876E5686876F56878770568887725656
:102D3000898773568A8774568B8775568C87775622
:102D40008D8778568E8779568F877A5690877D56ED
:102D500091877E5692877F569387805694878156B7
:102D60009587825696878356978784569887875685
:102D7000998788569A8789569B878A569C878B564F
:102D80009D878C569E878D569F879056A08791561B
:102D9000A1879256A2879456A3879556A4879656E4
:102DA000A5879756A6879856A7879956A8879A56B3
:102DB000A9879B56AA879C56AB879D56AC879E5683
:102DC000AD879F56AE87A056AF87A156B087A25653
:102DD000B187A456B287A556B387A656B487A7561F
:102DE000B587A856B687A956B787AA56B887AB56EF
:102DF000B987AC56BA87AD56BB87AE56BC87B056BE
:102E0000BD87B156BE87B256BF87B356C087B4568A
:102E1000C187B556C287B656C387B856C487B95658
:102E2000C587BA56C687BB56C787BD56C887BE5624
:102E3000C987BF56CA87C056CB87C156CC87C256F2
:102E4000CD87C356CE87C456CF87C556D087C656C2
:102E5000D187C756D287C856D387C956D487CB5691
:102E6000D587CC56D687CD56D787CE56D887CF565E
:102E7000D987D056DA87D156DB87D256DC87D3562E
:102E8000DD87D556DE87D656DF87D856E087D956F8
:102E9000E187DC56E287E356E387E556E487E656AA
:102EA000E587E756E687E856E787E956E887EA5672
:102EB000E987EC56EA87EE56EB87EF56EC87F25639
:102EC000ED87F356EE87F656EF87F756F087F856FC
:102ED000F187FB56F287FC56F3870057F4870157BA
:102EE000F5870257F6870557F7870757F8870B5777
:102EF000F9870C57FA870D57FB870E57FC870F573A
:102F0000FD871057FE871157408812574188135785
:102F100042881457438815574488165745881757D1
:102F2000468818574788195748881A5749881B57A1
:102F30004A881D574B881E574C8820574D8821576B
:102F40004E8822574F882457508825575188265736
:102F50005288275753882B575488315755883257F2
:102F600056883457578835575888365759883757B1
:102F70005A8838575B883C575C883D575D883F5777
:102F80005E8841575F88435760884457618845573A
:102F900062884657638848576488495765884B5705
:102FA00066885257678853576888545769885557B9
:102FB0006A8856576B8858576C8859576D8862577E
:102FC0006E8863576F8865577088675771886C572C
:102FD00072886E57738870577488715775887257E6
:102FE00076887457778875577888785779887957AD
:102FF0007A887A577B887D577C887E577D887F5773
:103000007E88805780888157818887578288885733
:103010008388895784888A5785888D5786888E57F4
:1030200087888F5788889057898891578A889457BE
:103030008B8895578C8896578D8897578E88985788
:103040008F88995790889A5791889C5792889D5756
:1030500093889E5794889F579588A5579688A85718
:103060009788AA579888AC579988AF579A88B057CD
:103070009B88B1579C88B3579D88B5579E88B65793
:103080009F88B757A088B957A188BA57A288BB575D
:10309000A388BC57A488BD57A588BE57A688BF572C
:1030A000A788C057A888C157A988C457AA88C557F8
:1030B000AB88C657AC88C757AD88C857AE88C957C4
:1030C000AF88CA57B088CC57B188CD57B288D0578F
:1030D000B388D157B488D357B588D657B688D75751
:1030E000B788DB57B888DC57B988DE57BA88E1570C
:1030F000BB88E257BC88E357BD88E557BE88E657D2
:10310000BF88E757C088E857C188E957C288EA579F
:10311000C388EB57C488EC57C588EE57C688F0576C
:10312000C788F157C888F257C988F357CA88F55736
:10313000CB88F657CC88F757CD88FB57CE88FC57FD
:10314000CF88FE57D088FF57D1880158D2880358BE
:10315000D3880458D4880558D5880858D688095883
:10316000D7880A58D8880C58D9880E58DA880F584A
:10317000DB881058DC881258DD881358DE88145814
:10318000DF881658E0881758E1881858E2881A58DE
:10319000E3881B58E4881C58E5881D58E6881F58AA
:1031A000E7882258E8882358E9882558EA8826586D
:1031B000EB882758EC882858ED882958EE882B583A
:1031C000EF882C58F0882D58F1882E58F2882F5807
:1031D000F3883158F4883258F5883358F6883458D3
:1031E000F7883658F8883758F9883858FA8839589F
:1031F000FB883A58FC883B58FD883C58FE883D586F
:1032000040893E5841893F58428940584389415836
:103210004489425845894358468945584789465804
:1032200048894758498948584A8949584B894A58D2
:103230004C894B584D894E584E894F584F8950589C
:103240005089525851895358528955585389565864
:10325000548957585589595856895A5857895B582F
:1032600058895C5859895D585A895F585B896058FC
:103270005C8961585D8962585E8963585F896458CA
:103280006089665861896758628968586389695896
:1032900064896A5865896D5866896E5867896F5860
:1032A00068897058698971586A8972586B8973582E
:1032B0006C8974586D8975586E8976586F897758FE
:1032C000708978587189795872897A5873897B58CE
:1032D00074897C5875897D5876897F58778982589A
:1032E00078898458798986587A8987587B8988585B
:1032F0007C898A587D898B587E898C5880898D5825
:1033000081898E5882898F588389905884899158F1
:1033100085899458868995588789965888899758B9
:10332000898998588A899B588B899C588C899D5883
:103330008D89A0588E89A1588F89A2589089A35849
:103340009189A4589289A5589389A6589489A75819
:103350009589AA589689AB589789AC589889AD58E1
:103360009989AE589A89AF589B89B0589C89B158B1
:103370009D89B2589E89B3589F89B458A089B55881
:10338000A189B658A289B758A389B858A489B95851
:10339000A589BA58A689BB58A789BD58A889BE581F
:1033A000A989BF58AA89C058AB89C258AC89C358EB
:1033B000AD89C458AE89C658AF89C758B089C858B6
:1033C000B189C958B289CA58B389CB58B489CC5885
:1033D000B589CD58B689CE58B789CF58B889D05855
:1033E000B989D258BA89D358BB89D458BC89D65820
:1033F000BD89D758BE89D858BF89D958C089DA58ED
:10340000C189DB58C289DC58C389DD58C489DE58BC
:10341000C589DF58C689E058C789E158C889E2588C
:10342000C989E358CA89E558CB89E658CC89E75859
:10343000CD89E858CE89E958CF89EA58D089ED5826
:10344000D189EF58D289F158D389F258D489F458E8
:10345000D589F558D689F758D789F858D889FA58B0
:10346000D989FB58DA89FC58DB89FD58DC89FE587C
:10347000DD89FF58DE890059DF890159E089035948
:10348000E1890559E2890659E3890859E48909590E
:10349000E5890A59E6890B59E7890C59E8890E59DB
:1034A000E9891059EA891159EB891259EC891359A4
:1034B000ED891759EE891859EF891B59F0891D5963
:1034C000F1891E59F2892059F3892159F489225929
:1034D000F5892359F6892659F7892859F8892C59ED
:1034E000F9893059FA893259FB893359FC893559A0
:1034F000FD893659FE893B59408A3D59418A3E59DA
:10350000428A3F59438A4059448A4359458A45591A
:10351000468A4659478A4A59488A4C59498A4D59D8
:103520004A8A50594B8A52594C8A53594D8A595993
:103530004E8A5B594F8A5C59508A5D59518A5E594F
:10354000528A5F59538A6159548A6359558A64591A
:10355000568A6659578A6759588A6859598A6959E3
:103560005A8A6A595B8A6B595C8A6C595D8A6D59B3
:103570005E8A6E595F8A6F59608A7059618A715983
:10358000628A7259638A7559648A7759658A7A5949
:10359000668A7B59678A7C59688A7E59698A7F590D
:1035A0006A8A80596B8A85596C8A89596D8A8B59C8
:1035B0006E8A8C596F8A8E59708A8F59718A905988
:1035C000728A9159738A9459748A9559758A98594F
:1035D000768A9A59778A9B59788A9C59798A9D5913
:1035E0007A8A9F597B8AA0597C8AA1597D8AA259DF
:1035F0007E8AA659808AA759818AAC59828AAD5998
:10360000838AB059848AB159858AB359868AB45954
:10361000878AB559888AB659898AB7598A8AB85922
:103620008B8ABA598C8ABC598D8ABD598E8ABF59EA
:103630008F8AC059908AC159918AC259928AC359B6
:10364000938AC459948AC559958AC759968AC85984
:10365000978AC959988ACC59998ACD599A8ACE594C
:103660009B8ACF599C8AD5599D8AD6599E8AD95909
:103670009F8ADB59A08ADE59A18ADF59A28AE059C4
:10368000A38AE159A48AE259A58AE459A68AE6598F
:10369000A78AE759A88AE959A98AEA59AA8AEB5957
:1036A000AB8AED59AC8AEE59AD8AEF59AE8AF05922
:1036B000AF8AF159B08AF259B18AF359B28AF459F2
:1036C000B38AF559B48AF659B58AF759B68AF859C2
:1036D000B78AFA59B88AFC59B98AFD59BA8AFE598B
:1036E000BB8A005ABC8A025ABD8A0A5ABE8A0B5A41
:1036F000BF8A0D5AC08A0E5AC18A0F5AC28A105AFE
:10370000C38A125AC48A145AC58A155AC68A165AC6
:10371000C78A175AC88A195AC98A1A5ACA8A1B5A92
:10372000CB8A1D5ACC8A1E5ACD8A215ACE8A225A59
:10373000CF8A245AD08A265AD18A275AD28A285A1E
:10374000D38A2A5AD48A2B5AD58A2C5AD68A2D5AE9
:10375000D78A2E5AD88A2F5AD98A305ADA8A335AB7
:10376000DB8A355ADC8A375ADD8A385ADE8A395A7A
:10377000DF8A3A5AE08A3B5AE18A3D5AE28A3E5A47
:10378000E38A3F5AE48A415AE58A425AE68A435A12
:10379000E78A445AE88A455AE98A475AEA8A485ADF
:1037A000EB8A4B5AEC8A4C5AED8A4D5AEE8A4E5AA5
:1037B000EF8A4F5AF08A505AF18A515AF28A525A75
:1037C000F38A535AF48A545AF58A565AF68A575A43
:1037D000F78A585AF88A595AF98A5B5AFA8A5C5A0F
:1037E000FB8A5D5AFC8A5E5AFD8A5F5AFE8A605ADD
:1037F000408B615A418B635A428B645A438B655AA2
:10380000448B665A458B685A468B695A478B6B5A6C
:10381000488B6C5A498B6D5A4A8B6E5A4B8B6F5A38
:103820004C8B705A4D8B715A4E8B725A4F8B735A08
:10383000508B785A518B795A528B7B5A538B7C5AC6
:10384000548B7D5A558B7E5A568B805A578B815A92
:10385000588B825A598B835A5A8B845A5B8B855A60
:103860005C8B865A5D8B875A5E8B885A5F8B895A30
:10387000608B8A5A618B8B5A628B8C5A638B8D5A00
:10388000648B8E5A658B8F5A668B905A678B915AD0
:10389000688B935A698B945A6A8B955A6B8B965A9C
:1038A0006C8B975A6D8B985A6E8B995A6F8B9C5A6A
:1038B000708B9D5A718B9E5A728B9F5A738BA05A34
:1038C000748BA15A758BA25A768BA35A778BA45A04
:1038D000788BA55A798BA65A7A8BA75A7B8BA85AD4
:1038E0007C8BA95A7D8BAB5A7E8BAC5A808BAD5AA0
:1038F000818BAE5A828BAF5A838BB05A848BB15A6C
:10390000858BB45A868BB65A878BB75A888BB95A2F
:10391000898BBA5A8A8BBB5A8B8BBC5A8C8BBD5AFB
:103920008D8BBF5A8E8BC05A8F8BC35A908BC45AC3
:10393000918BC55A928BC65A938BC75A948BC85A8F
:10394000958BCA5A968BCB5A978BCD5A988BCE5A59
:10395000998BCF5A9A8BD05A9B8BD15A9C8BD35A26
:103960009D8BD55A9E8BD75A9F8BD95AA08BDA5AEA
:10397000A18BDB5AA28BDD5AA38BDE5AA48BDF5AB4
:10398000A58BE25AA68BE45AA78BE55AA88BE75A77
:10399000A98BE85AAA8BEA5AAB8BEC5AAC8BED5A3E
:1039A000AD8BEE5AAE8BEF5AAF8BF05AB08BF25A0A
:1039B000B18BF35AB28BF45AB38BF55AB48BF65AD7
:1039C000B58BF75AB68BF85AB78BF95AB88BFA5AA7
:1039D000B98BFB5ABA8BFC5ABB8BFD5ABC8BFE5A77
:1039E000BD8BFF5ABE8B005BBF8B015BC08B025B44
:1039F000C18B035BC28B045BC38B055BC48B065B13
:103A0000C58B075BC68B085BC78B0A5BC88B0B5BE0
:103A1000C98B0C5BCA8B0D5BCB8B0E5BCC8B0F5BAE
:103A2000CD8B105BCE8B115BCF8B125BD08B135B7E
:103A3000D18B145BD28B155BD38B185BD48B195B4A
:103A4000D58B1A5BD68B1B5BD78B1C5BD88B1D5B16
:103A5000D98B1E5BDA8B1F5BDB8B205BDC8B215BE6
:103A6000DD8B225BDE8B235BDF8B245BE08B255BB6
:103A7000E18B265BE28B275BE38B285BE48B295B86
:103A8000E58B2A5BE68B2B5BE78B2C5BE88B2D5B56
:103A9000E98B2E5BEA8B2F5BEB8B305BEC8B315B26
:103AA000ED8B335BEE8B355BEF8B365BF08B385BEE
:103AB000F18B395BF28B3A5BF38B3B5BF48B3C5BBA
:103AC000F58B3D5BF68B3E5BF78B3F5BF88B415B89
:103AD000F98B425BFA8B435BFB8B445BFC8B455B56
:103AE000FD8B465BFE8B475B408C485B418C495BA2
:103AF000428C4A5B438C4B5B448C4C5B458C4D5BEE
:103B0000468C4E5B478C4F5B488C525B498C565BB6
:103B10004A8C5E5B4B8C605B4C8C615B4D8C675B55
:103B20004E8C685B4F8C6B5B508C6D5B518C6E5B0D
:103B3000528C6F5B538C725B548C745B558C765BD0
:103B4000568C775B578C785B588C795B598C7B5B98
:103B50005A8C7C5B5B8C7E5B5C8C7F5B5D8C825B60
:103B60005E8C865B5F8C8A5B608C8D5B618C8E5B10
:103B7000628C905B638C915B648C925B658C945BD4
:103B8000668C965B678C9F5B688CA75B698CA85B77
:103B90006A8CA95B6B8CAC5B6C8CAD5B6D8CAE5B2B
:103BA0006E8CAF5B6F8CB15B708CB25B718CB75BF2
:103BB000728CBA5B738CBB5B748CBC5B758CC05BAA
:103BC000768CC15B778CC35B788CC85B798CC95B66
:103BD0007A8CCA5B7B8CCB5B7C8CCD5B7D8CCE5B2B
:103BE0007E8CCF5B808CD15B818CD45B828CD55BEF
:103BF000838CD65B848CD75B858CD85B868CD95BB9
:103C0000878CDA5B888CDB5B898CDC5B8A8CE05B85
:103C10008B8CE25B8C8CE35B8D8CE65B8E8CE75B44
:103C20008F8CE95B908CEA5B918CEB5B928CEC5B0C
:103C3000938CED5B948CEF5B958CF15B968CF25BD7
:103C4000978CF35B988CF45B998CF55B9A8CF65BA4
:103C50009B8CF75B9C8CFD5B9D8CFE5B9E8C005C63
:103C60009F8C025CA08C035CA18C055CA28C075C21
:103C7000A38C085CA48C0B5CA58C0C5CA68C0D5CE6
:103C8000A78C0E5CA88C105CA98C125CAA8C135CAF
:103C9000AB8C175CAC8C195CAD8C1B5CAE8C1E5C69
:103CA000AF8C1F5CB08C205CB18C215CB28C235C2F
:103CB000B38C265CB48C285CB58C295CB68C2A5CF1
:103CC000B78C2B5CB88C2D5CB98C2E5CBA8C2F5CBD
:103CD000BB8C305CBC8C325CBD8C335CBE8C355C88
:103CE000BF8C365CC08C375CC18C435CC28C445C3E
:103CF000C38C465CC48C475CC58C4C5CC68C4D5CEC
:103D0000C78C525CC88C535CC98C545CCA8C565CA2
:103D1000CB8C575CCC8C585CCD8C5A5CCE8C5B5C6D
:103D2000CF8C5C5CD08C5D5CD18C5F5CD28C625C37
:103D3000D38C645CD48C675CD58C685CD68C695CF5
:103D4000D78C6A5CD88C6B5CD98C6C5CDA8C6D5CC3
:103D5000DB8C705CDC8C725CDD8C735CDE8C745C88
:103D6000DF8C755CE08C765CE18C775CE28C785C57
:103D7000E38C7B5CE48C7C5CE58C7D5CE68C7E5C1F
:103D8000E78C805CE88C835CE98C845CEA8C855CE5
:103D9000EB8C865CEC8C875CED8C895CEE8C8A5CB1
:103DA000EF8C8B5CF08C8E5CF18C8F5CF28C925C77
:103DB000F38C935CF48C955CF58C9D5CF68C9E5C2E
:103DC000F78C9F5CF88CA05CF98CA15CFA8CA45CED
:103DD000FB8CA55CFC8CA65CFD8CA75CFE8CA85CB7
:103DE000408DAA5C418DAE5C428DAF5C438DB05C72
:103DF000448DB25C458DB45C468DB65C478DB95C34
:103E0000488DBA5C498DBB5C4A8DBC5C4B8DBE5CF9
:103E10004C8DC05C4D8DC25C4E8DC35C4F8DC55CBE
:103E2000508DC65C518DC75C528DC85C538DC95C8A
:103E3000548DCA5C558DCC5C568DCD5C578DCE5C57
:103E4000588DCF5C598DD05C5A8DD15C5B8DD35C25
:103E50005C8DD45C5D8DD55C5E8DD65C5F8DD75CF2
:103E6000608DD85C618DDA5C628DDB5C638DDC5CBF
:103E7000648DDD5C658DDE5C668DDF5C678DE05C8E
:103E8000688DE25C698DE35C6A8DE75C6B8DE95C53
:103E90006C8DEB5C6D8DEC5C6E8DEE5C6F8DEF5C14
:103EA000708DF15C718DF25C728DF35C738DF45CDE
:103EB000748DF55C758DF65C768DF75C778DF85CAE
:103EC000788DF95C798DFA5C7A8DFC5C7B8DFD5C7C
:103ED0007C8DFE5C7D8DFF5C7E8D005D808D015D47
:103EE000818D045D828D055D838D085D848D095D06
:103EF000858D0A5D868D0B5D878D0C5D888D0D5DD2
:103F0000898D0F5D8A8D105D8B8D115D8C8D125D9D
:103F10008D8D135D8E8D155D8F8D175D908D185D68
:103F2000918D195D928D1A5D938D1C5D948D1D5D33
:103F3000958D1F5D968D205D978D215D988D225DFD
:103F4000998D235D9A8D255D9B8D285D9C8D2A5DC5
:103F50009D8D2B5D9E8D2C5D9F8D2F5DA08D305D89
:103F6000A18D315DA28D325DA38D335DA48D355D54
:103F7000A58D365DA68D375DA78D385DA88D395D21
:103F8000A98D3A5DAA8D3B5DAB8D3C5DAC8D3F5DEF
:103F9000AD8D405DAE8D415DAF8D425DB08D435DB9
:103FA000B18D445DB28D455DB38D465DB48D485D88
:103FB000B58D495DB68D4D5DB78D4E5DB88D4F5D4C
:103FC000B98D505DBA8D515DBB8D525DBC8D535D19
:103FD000BD8D545DBE8D555DBF8D565DC08D575DE9
:103FE000C18D595DC28D5A5DC38D5C5DC48D5E5DB2
:103FF000C58D5F5DC68D605DC78D615DC88D625D7D
:10400000C98D635DCA8D645DCB8D655DCC8D665D4C
:10401000CD8D675DCE8D685DCF8D6A5DD08D6D5D18
:10402000D18D6E5DD28D705DD38D715DD48D725DDD
:10403000D58D735DD68D755DD78D765DD88D775DA9
:10404000D98D785DDA8D795DDB8D7A5DDC8D7B5D78
:10405000DD8D7C5DDE8D7D5DDF8D7E5DE08D7F5D48
:10406000E18D805DE28D815DE38D835DE48D845D16
:10407000E58D855DE68D865DE78D875DE88D885DE4
:10408000E98D895DEA8D8A5DEB8D8B5DEC8D8C5DB4
:10409000ED8D8D5DEE8D8E5DEF8D8F5DF08D905D84
:1040A000F18D915DF28D925DF38D935DF48D945D54
:1040B000F58D955DF68D965DF78D975DF88D985D24
:1040C000F98D9A5DFA8D9B5DFB8D9C5DFC8D9E5DEF
:1040D000FD8D9F5DFE8DA05D408EA15D418EA25D38
:1040E000428EA35D438EA45D448EA55D458EA65D84
:1040F000468EA75D478EA85D488EA95D498EAA5D54
:104100004A8EAB5D4B8EAC5D4C8EAD5D4D8EAE5D23
:104110004E8EAF5D4F8EB05D508EB15D518EB25DF3
:10412000528EB35D538EB45D548EB55D558EB65DC3
:10413000568EB85D578EB95D588EBA5D598EBB5D8F
:104140005A8EBC5D5B8EBD5D5C8EBE5D5D8EBF5D5F
:104150005E8EC05D5F8EC15D608EC25D618EC35D2F
:10416000628EC45D638EC65D648EC75D658EC85DFC
:10417000668EC95D678ECA5D688ECB5D698ECC5DCB
:104180006A8ECE5D6B8ECF5D6C8ED05D6D8ED15D97
:104190006E8ED25D6F8ED35D708ED45D718ED55D67
:1041A000728ED65D738ED75D748ED85D758ED95D37
:1041B000768EDA5D778EDC5D788EDF5D798EE05D00
:1041C0007A8EE35D7B8EE45D7C8EEA5D7D8EEC5DB8
:1041D0007E8EED5D808EF05D818EF55D828EF65D6A
:1041E000838EF85D848EF95D858EFA5D868EFB5D2B
:1041F000878EFC5D888EFF5D898E005E8A8E045EF0
:104200008B8E075E8C8E095E8D8E0A5E8E8E0B5EA7
:104210008F8E0D5E908E0E5E918E125E928E135E6C
:10422000938E175E948E1E5E958E1F5E968E205E18
:10423000978E215E988E225E998E235E9A8E245EE2
:104240009B8E255E9C8E285E9D8E295E9E8E2A5EAC
:104250009F8E2B5EA08E2C5EA18E2F5EA28E305E76
:10426000A38E325EA48E335EA58E345EA68E355E3E
:10427000A78E365EA88E395EA98E3A5EAA8E3E5E05
:10428000AB8E3F5EAC8E405EAD8E415EAE8E435EC9
:10429000AF8E465EB08E475EB18E485EB28E495E8E
:1042A000B38E4A5EB48E4B5EB58E4D5EB68E4E5E5C
:1042B000B78E4F5EB88E505EB98E515EBA8E525E2A
:1042C000BB8E535EBC8E565EBD8E575EBE8E585EF4
:1042D000BF8E595EC08E5A5EC18E5C5EC28E5D5EC0
:1042E000C38E5F5EC48E605EC58E635EC68E645E86
:1042F000C78E655EC88E665EC98E675ECA8E685E52
:10430000CB8E695ECC8E6A5ECD8E6B5ECE8E6C5E21
:10431000CF8E6D5ED08E6E5ED18E6F5ED28E705EF1
:10432000D38E715ED48E755ED58E775ED68E795EB5
:10433000D78E7E5ED88E815ED98E825EDA8E835E67
:10434000DB8E855EDC8E885EDD8E895EDE8E8C5E29
:10435000DF8E8D5EE08E8E5EE18E925EE28E985EE6
:10436000E38E9B5EE48E9D5EE58EA15EE68EA25E90
:10437000E78EA35EE88EA45EE98EA85EEA8EA95E53
:10438000EB8EAA5EEC8EAB5EED8EAC5EEE8EAE5E1C
:10439000EF8EAF5EF08EB05EF18EB15EF28EB25EE9
:1043A000F38EB45EF48EBA5EF58EBB5EF68EBC5EA6
:1043B000F78EBD5EF88EBF5EF98EC05EFA8EC15E6E
:1043C000FB8EC25EFC8EC35EFD8EC45EFE8EC55E3D
:1043D000408FC65E418FC75E428FC85E438FCB5E03
:1043E000448FCC5E458FCD5E468FCE5E478FCF5ECD
:1043F000488FD05E498FD45E4A8FD55E4B8FD75E93
:104400004C8FD85E4D8FD95E4E8FDA5E4F8FDC5E5B
:10441000508FDD5E518FDE5E528FDF5E538FE05E28
:10442000548FE15E558FE25E568FE35E578FE45EF8
:10443000588FE55E598FE65E5A8FE75E5B8FE95EC7
:104440005C8FEB5E5D8FEC5E5E8FED5E5F8FEE5E90
:10445000608FEF5E618FF05E628FF15E638FF25E60
:10446000648FF35E658FF55E668FF85E678FF95E29
:10447000688FFB5E698FFC5E6A8FFD5E6B8F055FE8
:104480006C8F065F6D8F075F6E8F095F6F8F0C5F9C
:10449000708F0D5F718F0E5F728F105F738F125F61
:1044A000748F145F758F165F768F195F778F1A5F21
:1044B000788F1C5F798F1D5F7A8F1E5F7B8F215FE6
:1044C0007C8F225F7D8F235F7E8F245F808F285FAC
:1044D000818F2B5F828F2C5F838F2E5F848F305F65
:1044E000858F325F868F335F878F345F888F355F2C
:1044F000898F365F8A8F375F8B8F385F8C8F3B5FFA
:104500008D8F3D5F8E8F3E5F8F8F3F5F908F415FBE
:10451000918F425F928F435F938F445F948F455F8B
:10452000958F465F968F475F978F485F988F495F5B
:10453000998F4A5F9A8F4B5F9B8F4C5F9C8F4D5F2B
:104540009D8F4E5F9E8F4F5F9F8F515FA08F545FF7
:10455000A18F595FA28F5A5FA38F5B5FA48F5C5FAF
:10456000A58F5E5FA68F5F5FA78F605FA88F635F79
:10457000A98F655FAA8F675FAB8F685FAC8F6B5F3A
:10458000AD8F6E5FAE8F6F5FAF8F725FB08F745FF6
:10459000B18F755FB28F765FB38F785FB48F7A5FBC
:1045A000B58F7D5FB68F7E5FB78F7F5FB88F835F7C
:1045B000B98F865FBA8F8D5FBB8F8E5FBC8F8F5F29
:1045C000BD8F915FBE8F935FBF8F945FC08F965FEB
:1045D000C18F9A5FC28F9B5FC38F9D5FC48F9E5FA9
:1045E000C58F9F5FC68FA05FC78FA25FC88FA35F75
:1045F000C98FA45FCA8FA55FCB8FA65FCC8FA75F43
:10460000CD8FA95FCE8FAB5FCF8FAC5FD08FAF5F09
:10461000D18FB05FD28FB15FD38FB25FD48FB35FD2
:10462000D58FB45FD68FB65FD78FB85FD88FB95F9D
:10463000D98FBA5FDA8FBB5FDB8FBE5FDC8FBF5F66
:10464000DD8FC05FDE8FC15FDF8FC25FE08FC75F2E
:10465000E18FC85FE28FCA5FE38FCB5FE48FCE5FED
:10466000E58FD35FE68FD45FE78FD55FE88FDA5FA2
:10467000E98FDB5FEA8FDC5FEB8FDE5FEC8FDF5F64
:10468000ED8FE25FEE8FE35FEF8FE55FF08FE65F28
:10469000F18FE85FF28FE95FF38FEC5FF48FEF5FEC
:1046A000F58FF05FF68FF25FF78FF35FF88FF45FAF
:1046B000F98FF65FFA8FF75FFB8FF95FFC8FFA5F78
:1046C000FD8FFC5FFE8F076040900860419009609D
:1046D00042900B6043900C604490106045901160D4
:1046E00046901360479017604890186049901A6090
:1046F0004A901E604B901F604C9022604D9023604A
:104700004E9024604F902C6050902D6051902E6000
:1047100052903060539031605490326055903360C5
:104720005690346057903660589037605990386092
:104730005A9039605B903A605C903D605D903E605D
:104740005E9040605F90446060904560619046601C
:1047500062904760639048606490496065904A60E9
:1047600066904C6067904E6068904F6069905160B1
:104770006A9053606B9054606C9056606D90576077
:104780006E9058606F905B6070905C6071905E603E
:1047900072905F6073906060749061607590656006
:1047A0007690666077906E607890716079907260B4
:1047B0007A9074607B9075607C9077607D907E606D
:1047C0007E90806080908160819082608290856020
:1047D00083908660849087608590886086908A60E8
:1047E00087908B6088908E6089908F608A909060AF
:1047F0008B9091608C9093608D9095608E90976077
:104800008F9098609090996091909C6092909E603B
:104810009390A1609490A2609590A4609690A560FA
:104820009790A7609890A9609990AA609A90AE60BE
:104830009B90B0609C90B3609D90B5609E90B66078
:104840009F90B760A090B960A190BA60A290BD603F
:10485000A390BE60A490BF60A590C060A690C16008
:10486000A790C260A890C360A990C460AA90C760D6
:10487000AB90C860AC90C960AD90CC60AE90CD609C
:10488000AF90CE60B090CF60B190D060B290D26067
:10489000B390D360B490D460B590D660B690D76032
:1048A000B790D960B890DB60B990DE60BA90E160F3
:1048B000BB90E260BC90E360BD90E460BE90E560B8
:1048C000BF90EA60C090F160C190F260C290F56064
:1048D000C390F760C490F860C590FB60C690FC6020
:1048E000C790FD60C890FE60C990FF60CA900261E9
:1048F000CB900361CC900461CD900561CE900761AF
:10490000CF900A61D0900B61D1900C61D290106170
:10491000D3901161D4901261D5901361D690146137
:10492000D7901661D8901761D9901861DA90196103
:10493000DB901B61DC901C61DD901D61DE901E61CF
:10494000DF902161E0902261E1902561E290286191
:10495000E3902961E4902A61E5902C61E6902D6155
:10496000E7902E61E8902F61E9903061EA90316123
:10497000EB903261EC903361ED903461EE903561F3
:10498000EF903661F0903761F1903861F2903961C3
:10499000F3903A61F4903B61F5903C61F6903D6193
:1049A000F7903E61F8904061F9904161FA90426160
:1049B000FB904361FC904461FD904561FE9046612F
:1049C000409147614191496142914B6143914D61F1
:1049D00044914F61459150614691526147915361B5
:1049E00048915461499156614A9157614B91586180
:1049F0004C9159614D915A614E915B614F915C614F
:104A000050915E6151915F6152916061539161611A
:104A100054916361559164615691656157916661E6
:104A20005891696159916A615A916B615B916C61AE
:104A30005C916D615D916E615E916F615F9171617D
:104A40006091726161917361629174616391766149
:104A5000649178616591796166917A6167917B6112
:104A600068917C6169917D616A917E616B917F61E2
:104A70006C9180616D9181616E9182616F918361B2
:104A80007091846171918561729186617391876182
:104A9000749188617591896176918A6177918C6151
:104AA00078918D6179918F617A9190617B9191611B
:104AB0007C9192617D9193617E91956180919661E7
:104AC00081919761829198618391996184919A61B2
:104AD00085919B6186919C6187919E6188919F6180
:104AE0008991A0618A91A1618B91A2618C91A3614E
:104AF0008D91A4618E91A5618F91A6619091AA611B
:104B00009191AB619291AD619391AE619491AF61DE
:104B10009591B0619691B1619791B2619891B361AD
:104B20009991B4619A91B5619B91B6619C91B8617C
:104B30009D91B9619E91BA619F91BB61A091BC6149
:104B4000A191BD61A291BF61A391C061A491C16116
:104B5000A591C361A691C461A791C561A891C661E1
:104B6000A991C761AA91C961AB91CC61AC91CD61AA
:104B7000AD91CE61AE91CF61AF91D061B091D36173
:104B8000B191D561B291D661B391D761B491D86139
:104B9000B591D961B691DA61B791DB61B891DC6109
:104BA000B991DD61BA91DE61BB91DF61BC91E061D9
:104BB000BD91E161BE91E261BF91E361C091E461A9
:104BC000C191E561C291E761C391E861C491E96176
:104BD000C591EA61C691EB61C791EC61C891ED6145
:104BE000C991EE61CA91EF61CB91F061CC91F16115
:104BF000CD91F261CE91F361CF91F461D091F661E4
:104C0000D191F761D291F861D391F961D491FA61B0
:104C1000D591FB61D691FC61D791FD61D891FE6180
:104C2000D9910062DA910162DB910262DC91036248
:104C3000DD910462DE910562DF910762E091096215
:104C4000E1911362E2911462E3911962E4911C62B2
:104C5000E5911D62E6911E62E7912062E891236270
:104C6000E9912662EA912762EB912862EC91296230
:104C7000ED912B62EE912D62EF912F62F0913062F7
:104C8000F1913162F2913262F3913562F4913662C0
:104C9000F5913862F6913962F7913A62F8913B6288
:104CA000F9913C62FA914262FB914462FC91456247
:104CB000FD914662FE914A6240924F62419250627B
:104CC00042925562439256624492576245925962AB
:104CD00046925A6247925C6248925D6249925E6275
:104CE0004A925F624B9260624C9261624D92626244
:104CF0004E9264624F926562509268625192716204
:104D000052927262539274625492756255927762B3
:104D10005692786257927A6258927B6259927D627B
:104D20005A9281625B9282625C9283625D9285623A
:104D30005E9286625F9287626092886261928B6205
:104D400062928C6263928D6264928E6265928F62CF
:104D500066929062679294626892996269929C628C
:104D60006A929D626B929E626C92A3626D92A66241
:104D70006E92A7626F92A9627092AA627192AD62FE
:104D80007292AE627392AF627492B0627592B262C6
:104D90007692B3627792B4627892B6627992B76291
:104DA0007A92B8627B92BA627C92BE627D92C06255
:104DB0007E92C1628092C3628192CB628292CF6204
:104DC0008392D1628492D5628592DD628692DE62A0
:104DD0008792E0628892E1628992E4628A92EA6252
:104DE0008B92EB628C92F0628D92F2628E92F562FF
:104DF0008F92F8629092F9629192FA629292FB62BB
:104E00009392006394920363959204639692056370
:104E10009792066398920A6399920B639A920C6335
:104E20009B920D639C920F639D9210639E921263FE
:104E30009F921363A0921463A1921563A2921763C9
:104E4000A3921863A4921963A5921C63A692266389
:104E5000A7922763A8922963A9922C63AA922D6333
:104E6000AB922E63AC923063AD923163AE923363FA
:104E7000AF923463B0923563B1923663B2923763C6
:104E8000B3923863B4923B63B5923C63B6923E638F
:104E9000B7923F63B8924063B9924163BA92446358
:104EA000BB924763BC924863BD924A63BE92516312
:104EB000BF925263C0925363C1925463C2925663CD
:104EC000C3925763C4925863C5925963C6925A639A
:104ED000C7925B63C8925C63C9925D63CA92606368
:104EE000CB926463CC926563CD926663CE92686325
:104EF000CF926A63D0926B63D1926C63D2926F63EC
:104F0000D3927063D4927263D5927363D6927463B2
:104F1000D7927563D8927863D9927963DA927C6379
:104F2000DB927D63DC927E63DD927F63DE92816340
:104F3000DF928363E0928463E1928563E292866309
:104F4000E3928B63E4928D63E5929163E6929363BF
:104F5000E7929463E8929563E9929763EA92996382
:104F6000EB929A63EC929B63ED929C63EE929D634D
:104F7000EF929E63F0929F63F192A163F292A46319
:104F8000F392A663F492AB63F592AF63F692B163CA
:104F9000F792B263F892B563F992B663FA92B96385
:104FA000FB92BB63FC92BD63FD92BF63FE92C06344
:104FB0004093C1634193C2634293C3634393C56308
:104FC0004493C7634593C8634693CA634793CB63CF
:104FD0004893CC634993D1634A93D3634B93D4638F
:104FE0004C93D5634D93D7634E93D8634F93D96356
:104FF0005093DA635193DB635293DC635393DD6325
:105000005493DF635593E2635693E4635793E563E8
:105010005893E6635993E7635A93E8635B93EB63B2
:105020005C93EC635D93EE635E93EF635F93F06379
:105030006093F1636193F3636293F5636393F76342
:105040006493F9636593FA636693FB636793FC6308
:105050006893FE63699303646A9304646B930664C4
:105060006C9307646D9308646E9309646F930A648C
:1050700070930D6471930E64729311647393126450
:105080007493156475931664769317647793186414
:105090007893196479931A647A931D647B931F64DF
:1050A0007C9322647D9323647E932464809325649F
:1050B00081932764829328648393296484932B6467
:1050C00085932E6486932F6487933064889331642C
:1050D000899332648A9333648B9335648C933664FA
:1050E0008D9337648E9338648F93396490933B64C7
:1050F00091933C6492933E6493934064949342648E
:10510000959343649693496497934B6498934C6446
:1051100099934D649A934E649B934F649C9350640F
:105120009D9351649E9353649F935564A0935664DA
:10513000A1935764A2935964A3935A64A4935B64A4
:10514000A5935C64A6935D64A7935F64A893606471
:10515000A9936164AA936264AB936364AC9364643F
:10516000AD936564AE936664AF936864B0936A640C
:10517000B1936B64B2936C64B3936E64B4936F64D5
:10518000B5937064B6937164B7937264B8937364A3
:10519000B9937464BA937564BB937664BC93776473
:1051A000BD937B64BE937C64BF937D64C0937E6437
:1051B000C1937F64C2938064C3938164C493836406
:1051C000C5938664C6938864C7938964C8938A64C8
:1051D000C9938B64CA938C64CB938D64CC938E6497
:1051E000CD938F64CE939064CF939364D093946463
:1051F000D1939764D2939864D3939A64D4939B6425
:10520000D5939C64D6939D64D7939F64D893A064F0
:10521000D993A164DA93A264DB93A364DC93A564BD
:10522000DD93A664DE93A764DF93A864E093AA6489
:10523000E193AB64E293AF64E393B164E493B2644B
:10524000E593B364E693B464E793B664E893B96412
:10525000E993BB64EA93BD64EB93BE64EC93BF64D3
:10526000ED93C164EE93C364EF93C464F093C6649A
:10527000F193C764F293C864F393C964F493CA6466
:10528000F593CB64F693CC64F793CF64F893D16431
:10529000F993D364FA93D464FB93D564FC93D664F6
:1052A000FD93D964FE93DA644094DB644194DC643A
:1052B0004294DD644394DF644494E0644594E16483
:1052C0004694E3644794E5644894E7644994E86449
:1052D0004A94E9644B94EA644C94EB644D94EC6416
:1052E0004E94ED644F94EE645094EF645194F064E6
:1052F0005294F1645394F2645494F3645594F464B6
:105300005694F5645794F6645894F7645994F86485
:105310005A94F9645B94FA645C94FB645D94FC6455
:105320005E94FD645F94FE646094FF646194016523
:1053300062940265639403656494046565940565ED
:1053400066940665679407656894086569940A65BC
:105350006A940B656B940C656C940D656D940E6589
:105360006E940F656F941065709411657194136558
:105370007294146573941565749416657594176525
:105380007694196577941A6578941B6579941C65F1
:105390007A941D657B941E657C941F657D942065C1
:1053A0007E9421658094226581942365829424658E
:1053B0008394266584942765859428658694296559
:1053C00087942A6588942C6589942D658A94306524
:1053D0008B9431658C9432658D9433658E943765EA
:1053E0008F943A6590943C6591943D6592944065A4
:1053F000939441659494426595944365969444656D
:10540000979446659894476599944A659A944B6534
:105410009B944D659C944E659D9450659E945265F9
:105420009F945365A0945465A1945765A2945865C0
:10543000A3945A65A4945C65A5945F65A694606581
:10544000A7946165A8946465A9946565AA94676545
:10545000AB946865AC946965AD946A65AE946D650E
:10546000AF946E65B0946F65B1947165B2947365D5
:10547000B3947565B4947665B5947865B69479659A
:10548000B7947A65B8947B65B9947C65BA947D6568
:10549000BB947E65BC947F65BD948065BE94816538
:1054A000BF948265C0948365C1948465C294856508
:1054B000C3948665C4948865C5948965C6948A65D5
:1054C000C7948D65C8948E65C9948F65CA9492659A
:1054D000CB949465CC949565CD949665CE9498655F
:1054E000CF949A65D0949D65D1949E65D294A06521
:1054F000D394A265D494A365D594A665D694A865E3
:10550000D794AA65D894AC65D994AE65DA94B165A0
:10551000DB94B265DC94B365DD94B465DE94B56567
:10552000DF94B665E094B765E194B865E294BA6536
:10553000E394BB65E494BE65E594BF65E694C065FD
:10554000E794C265E894C765E994C865EA94C965BB
:10555000EB94CA65EC94CD65ED94D065EE94D1657D
:10556000EF94D365F094D465F194D565F294D86541
:10557000F394D965F494DA65F594DB65F694DC650B
:10558000F794DD65F894DE65F994DF65FA94E165DA
:10559000FB94E365FC94E465FD94EA65FE94EB6599
:1055A0004095F2654195F3654295F4654395F5653F
:1055B0004495F8654595F9654695FB654795FC6505
:1055C0004895FD654995FE654A95FF654B950166D1
:1055D0004C9504664D9505664E9507664F95086691
:1055E0005095096651950B6652950D665395106658
:1055F0005495116655951266569516665795176619
:105600005895186659951A665A951B665B951C66DF
:105610005C951E665D9521665E9522665F952366A4
:1056200060952466619526666295296663952A666B
:1056300064952B6665952C6666952E666795306633
:1056400068953266699533666A9537666B953866F4
:105650006C9539666D953A666E953B666F953D66BD
:1056600070953F6671954066729542667395446683
:10567000749545667595466676954766779548664E
:105680007895496679954A667A954D667B954E661A
:105690007C9550667D9551667E95586680955966D5
:1056A00081955B6682955C6683955D6684955E6692
:1056B000859560668695626687956366889565665A
:1056C000899567668A9569668B956A668C956B661F
:1056D0008D956C668E956D668F95716690957266E8
:1056E00091957366929575669395786694957966AB
:1056F00095957B6696957C6697957D6698957F6671
:10570000999580669A9581669B9583669C9585663A
:105710009D9586669E9588669F958966A0958A6602
:10572000A1958B66A2958D66A3958E66A4958F66CE
:10573000A5959066A6959266A7959366A89594669A
:10574000A9959566AA959866AB959966AC959A6663
:10575000AD959B66AE959C66AF959E66B0959F662F
:10576000B195A066B295A166B395A266B495A366FD
:10577000B595A466B695A566B795A666B895A966CB
:10578000B995AA66BA95AB66BB95AC66BC95AD6695
:10579000BD95AF66BE95B066BF95B166C095B26661
:1057A000C195B366C295B566C395B666C495B7662E
:1057B000C595B866C695BA66C795BB66C895BC66FA
:1057C000C995BD66CA95BF66CB95C066CC95C166C6
:1057D000CD95C266CE95C366CF95C466D095C56695
:1057E000D195C666D295C766D395C866D495C96665
:1057F000D595CA66D695CB66D795CC66D895CD6635
:10580000D995CE66DA95CF66DB95D066DC95D16604
:10581000DD95D266DE95D366DF95D466E095D566D4
:10582000E195D666E295D766E395D866E495DA66A3
:10583000E595DE66E695DF66E795E066E895E16664
:10584000E995E266EA95E366EB95E466EC95E56634
:10585000ED95E766EE95E866EF95EA66F095EB66FE
:10586000F195EC66F295ED66F395EE66F495EF66CC
:10587000F595F166F695F566F795F666F895F8668E
:10588000F995FA66FA95FB66FB95FD66FC9501674E
:10589000FD950267FE95036740960467419605678C
:1058A000429606674396076744960C6745960E67CF
:1058B00046960F6747961167489612674996136791
:1058C0004A9616674B9618674C9619674D961A6755
:1058D0004E961C674F961E6750962067519621671B
:1058E00052962267539623675496246755962567E8
:1058F000569627675796296758962E6759963067A8
:105900005A9632675B9633675C9636675D96376763
:105910005E9638675F96396760963B6761963C672D
:1059200062963E6763963F676496416765964467F3
:10593000669645676796476768964A6769964B67B4
:105940006A964D676B9652676C9654676D9655676D
:105950006E9657676F9658677096596771965A6733
:1059600072965B6773965D677496626775966367F8
:1059700076966467779666677896676779966B67B9
:105980007A966C677B966E677C9671677D96746776
:105990007E967667809678678196796782967A6731
:1059A00083967B6784967D678596806786968267F7
:1059B0008796836788968567899686678A968867BB
:1059C0008B968A678C968C678D968D678E968E6780
:1059D0008F968F679096916791969267929693674C
:1059E00093969467949696679596996796969B6713
:1059F00097969F679896A0679996A1679A96A467CD
:105A00009B96A6679C96A9679D96AC679E96AE6787
:105A10009F96B167A096B267A196B467A296B96740
:105A2000A396BA67A496BB67A596BC67A696BD6702
:105A3000A796BE67A896BF67A996C067AA96C267D1
:105A4000AB96C567AC96C667AD96C767AE96C86796
:105A5000AF96C967B096CA67B196CB67B296CC6766
:105A6000B396CD67B496CE67B596D567B696D6672A
:105A7000B796D767B896DB67B996DF67BA96E167DE
:105A8000BB96E367BC96E467BD96E667BE96E7679C
:105A9000BF96E867C096EA67C196EB67C296ED6766
:105AA000C396EE67C496F267C596F567C696F66725
:105AB000C796F767C896F867C996F967CA96FA67EE
:105AC000CB96FB67CC96FC67CD96FE67CE960168B9
:105AD000CF960268D0960368D1960468D29606687D
:105AE000D3960D68D4961068D5961268D696146829
:105AF000D7961568D8961868D9961968DA961A68EC
:105B0000DB961B68DC961C68DD961E68DE961F68B7
:105B1000DF962068E0962268E1962368E296246882
:105B2000E3962568E4962668E5962768E696286851
:105B3000E7962B68E8962C68E9962D68EA962E6819
:105B4000EB962F68EC963068ED963168EE963468E7
:105B5000EF963568F0963668F1963A68F2963B68AB
:105B6000F3963F68F4964768F5964B68F6964D684D
:105B7000F7964F68F8965268F9965668FA965768FD
:105B8000FB965868FC965968FD965A68FE965B68C5
:105B900040975C6841975D6842975E6843975F688D
:105BA00044976A6845976C6846976D6847976E6832
:105BB00048976F68499770684A9771684B97726801
:105BC0004C9773684D9775684E9778684F977968CA
:105BD00050977A6851977B6852977C6853977D6895
:105BE00054977E6855977F68569780685797826864
:105BF00058978468599787685A9788685B97896827
:105C00005C978A685D978B685E978C685F978D68F4
:105C100060978E68619790686297916863979268C1
:105C2000649794686597956866979668679798688B
:105C30006897996869979A686A979B686B979C6858
:105C40006C979D686D979E686E979F686F97A06828
:105C50007097A1687197A3687297A4687397A568F5
:105C60007497A9687597AA687697AB687797AC68B8
:105C70007897AE687997B1687A97B2687B97B4687D
:105C80007C97B6687D97B7687E97B8688097B96843
:105C90008197BA688297BB688397BC688497BD6810
:105CA0008597BE688697BF688797C1688897C368DD
:105CB0008997C4688A97C5688B97C6688C97C768A8
:105CC0008D97C8688E97CA688F97CC689097CE6872
:105CD0009197CF689297D0689397D1689497D3683B
:105CE0009597D4689697D6689797D7689897D96804
:105CF0009997DB689A97DC689B97DD689C97DE68CC
:105D00009D97DF689E97E1689F97E268A097E46897
:105D1000A197E568A297E668A397E768A497E86863
:105D2000A597E968A697EA68A797EB68A897EC6833
:105D3000A997ED68AA97EF68AB97F268AC97F368FC
:105D4000AD97F468AE97F668AF97F768B097F868C4
:105D5000B197FB68B297FD68B397FE68B497FF6888
:105D6000B5970069B6970269B7970369B897046950
:105D7000B9970669BA970769BB970869BC9709691B
:105D8000BD970A69BE970C69BF970F69C0971169E3
:105D9000C1971369C2971469C3971569C4971669A7
:105DA000C5971769C6971869C7971969C8971A6977
:105DB000C9971B69CA971C69CB971D69CC971E6947
:105DC000CD972169CE972269CF972369D09725690E
:105DD000D1972669D2972769D3972869D4972969DB
:105DE000D5972A69D6972B69D7972C69D8972E69AA
:105DF000D9972F69DA973169DB973269DC97336974
:105E0000DD973569DE973669DF973769E09738693E
:105E1000E1973A69E2973B69E3973C69E4973E6909
:105E2000E5974069E6974169E7974369E8974469D0
:105E3000E9974569EA974669EB974769EC9748699E
:105E4000ED974969EE974A69EF974B69F0974C696E
:105E5000F1974D69F2974E69F3974F69F49750693E
:105E6000F5975169F6975269F7975369F89755690D
:105E7000F9975669FA975869FB975969FC975B69D6
:105E8000FD975C69FE975F69409861694198626916
:105E90004298646943986569449867694598686958
:105EA0004698696947986A6948986C6949986D6924
:105EB0004A986F694B9870694C9872694D987369EC
:105EC0004E9874694F9875695098766951987A69B7
:105ED00052987B6953987D6954987E6955987F697B
:105EE00056988169579883695898856959988A693D
:105EF0005A988B695B988C695C988E695D988F69FC
:105F00005E9890695F9891696098926961989369C9
:105F100062989669639897696498996965989A698F
:105F200066989D6967989E6968989F696998A06955
:105F30006A98A1696B98A2696C98A3696D98A46925
:105F40006E98A5696F98A6697098A9697198AA69F1
:105F50007298AC697398AE697498AF697598B069B6
:105F60007698B2697798B3697898B5697998B6697F
:105F70007A98B8697B98B9697C98BA697D98BC6948
:105F80007E98BD698098BE698198BF698298C06912
:105F90008398C2698498C3698598C4698698C569DD
:105FA0008798C6698898C7698998C8698A98C969AD
:105FB0008B98CB698C98CD698D98CF698E98D16973
:105FC0008F98D2699098D3699198D5699298D6693B
:105FD0009398D7699498D8699598D9699698DA6909
:105FE0009798DC699898DD699998DE699A98E169D3
:105FF0009B98E2699C98E3699D98E4699E98E5699D
:106000009F98E669A098E769A198E869A298E9696C
:10601000A398EA69A498EB69A598EC69A698EE693B
:10602000A798EF69A898F069A998F169AA98F36907
:10603000AB98F469AC98F569AD98F669AE98F769D4
:10604000AF98F869B098F969B198FA69B298FB69A4
:10605000B398FC69B498FE69B598006AB698016A6D
:10606000B798026AB898036AB998046ABA98056A38
:10607000BB98066ABC98076ABD98086ABE98096A08
:10608000BF980B6AC0980C6AC1980D6AC2980E6AD4
:10609000C3980F6AC498106AC598116AC698126AA4
:1060A000C798136AC898146AC998156ACA98166A74
:1060B000CB98196ACC981A6ACD981B6ACE981C6A3C
:1060C000CF981D6AD0981E6AD198206AD298226A09
:1060D000D398236AD498246AD598256AD698266AD4
:1060E000D798276AD898296AD9982B6ADA982C6A9F
:1060F000DB982D6ADC982E6ADD98306ADE98326A69
:10610000DF98336AE098346AE198366AE298376A31
:10611000E398386AE498396AE5983A6AE6983B6AFF
:10612000E7983C6AE8983F6AE998406AEA98416AC9
:10613000EB98426AEC98436AED98456AEE98466A95
:10614000EF98486AF098496AF1984A6AF2984B6A5F
:10615000F3984C6AF4984D6AF5984E6AF6984F6A2F
:10616000F798516AF898526AF998536AFA98546AFB
:10617000FB98556AFC98566AFD98576AFE985A6AC9
:1061800040995C6A41995D6A42995E6A43995F6A87
:106190004499606A4599626A4699636A4799646A54
:1061A0004899666A4999676A4A99686A4B99696A1F
:1061B0004C996A6A4D996B6A4E996C6A4F996D6AEF
:1061C00050996E6A51996F6A5299706A5399726ABE
:1061D0005499736A5599746A5699756A5799766A8B
:1061E0005899776A5999786A5A997A6A5B997B6A59
:1061F0005C997D6A5D997E6A5E997F6A5F99816A22
:106200006099826A6199836A6299856A6399866AEC
:106210006499876A6599886A6699896A67998A6ABA
:1062200068998B6A69998C6A6A998D6A6B998F6A89
:106230006C99926A6D99936A6E99946A6F99956A4E
:106240007099966A7199986A7299996A73999A6A1B
:1062500074999B6A75999C6A76999D6A77999E6AEA
:1062600078999F6A7999A16A7A99A26A7B99A36AB7
:106270007C99A46A7D99A56A7E99A66A8099A76A85
:106280008199A86A8299AA6A8399AD6A8499AE6A4B
:106290008599AF6A8699B06A8799B16A8899B26A16
:1062A0008999B36A8A99B46A8B99B56A8C99B66AE6
:1062B0008D99B76A8E99B86A8F99B96A9099BA6AB6
:1062C0009199BB6A9299BC6A9399BD6A9499BE6A86
:1062D0009599BF6A9699C06A9799C16A9899C26A56
:1062E0009999C36A9A99C46A9B99C56A9C99C66A26
:1062F0009D99C76A9E99C86A9F99C96AA099CA6AF6
:10630000A199CB6AA299CC6AA399CD6AA499CE6AC5
:10631000A599CF6AA699D06AA799D16AA899D26A95
:10632000A999D36AAA99D46AAB99D56AAC99D66A65
:10633000AD99D76AAE99D86AAF99D96AB099DA6A35
:10634000B199DB6AB299DC6AB399DD6AB499DE6A05
:10635000B599DF6AB699E06AB799E16AB899E26AD5
:10636000B999E36ABA99E46ABB99E56ABC99E66AA5
:10637000BD99E76ABE99E86ABF99E96AC099EA6A75
:10638000C199EB6AC299EC6AC399ED6AC499EE6A45
:10639000C599EF6AC699F06AC799F16AC899F26A15
:1063A000C999F36ACA99F46ACB99F56ACC99F66AE5
:1063B000CD99F76ACE99F86ACF99F96AD099FA6AB5
:1063C000D199FB6AD299FC6AD399FD6AD499FE6A85
:1063D000D599FF6AD699006BD799016BD899026B52
:1063E000D999036BDA99046BDB99056BDC99066B21
:1063F000DD99076BDE99086BDF99096BE0990A6BF1
:10640000E1990B6BE2990C6BE3990D6BE4990E6BC0
:10641000E5990F6BE699106BE799116BE899126B90
:10642000E999136BEA99146BEB99156BEC99166B60
:10643000ED99176BEE99186BEF99196BF0991A6B30
:10644000F1991B6BF2991C6BF3991D6BF4991E6B00
:10645000F5991F6BF699256BF799266BF899286BC0
:10646000F999296BFA992A6BFB992B6BFC992C6B88
:10647000FD992D6BFE992E6B409A2F6B419A306BD4
:10648000429A316B439A336B449A346B459A356B1D
:10649000469A366B479A386B489A3B6B499A3C6BE5
:1064A0004A9A3D6B4B9A3F6B4C9A406B4D9A416BAD
:1064B0004E9A426B4F9A446B509A456B519A486B77
:1064C000529A4A6B539A4B6B549A4D6B559A4E6B3A
:1064D000569A4F6B579A506B589A516B599A526B08
:1064E0005A9A536B5B9A546B5C9A556B5D9A566BD8
:1064F0005E9A576B5F9A586B609A5A6B619A5B6BA6
:10650000629A5C6B639A5D6B649A5E6B659A5F6B73
:10651000669A606B679A616B689A686B699A696B37
:106520006A9A6B6B6B9A6C6B6C9A6D6B6D9A6E6BF7
:106530006E9A6F6B6F9A706B709A716B719A726BC7
:10654000729A736B739A746B749A756B759A766B97
:10655000769A776B779A786B789A7A6B799A7D6B63
:106560007A9A7E6B7B9A7F6B7C9A806B7D9A856B27
:106570007E9A886B809A8C6B819A8E6B829A8F6BD5
:10658000839A906B849A916B859A946B869A956B9B
:10659000879A976B889A986B899A996B8A9A9C6B61
:1065A0008B9A9D6B8C9A9E6B8D9A9F6B8E9AA06B2B
:1065B0008F9AA26B909AA36B919AA46B929AA56BF7
:1065C000939AA66B949AA76B959AA86B969AA96BC7
:1065D000979AAB6B989AAC6B999AAD6B9A9AAE6B93
:1065E0009B9AAF6B9C9AB06B9D9AB16B9E9AB26B63
:1065F0009F9AB66BA09AB86BA19AB96BA29ABA6B24
:10660000A39ABB6BA49ABC6BA59ABD6BA69ABE6BF2
:10661000A79AC06BA89AC36BA99AC46BAA9AC66BB7
:10662000AB9AC76BAC9AC86BAD9AC96BAE9ACA6B82
:10663000AF9ACC6BB09ACE6BB19AD06BB29AD16B49
:10664000B39AD86BB49ADA6BB59ADC6BB69ADD6BF9
:10665000B79ADE6BB89ADF6BB99AE06BBA9AE26BC5
:10666000BB9AE36BBC9AE46BBD9AE56BBE9AE66B92
:10667000BF9AE76BC09AE86BC19AE96BC29AEC6B60
:10668000C39AED6BC49AEE6BC59AF06BC69AF16B28
:10669000C79AF26BC89AF46BC99AF66BCA9AF76BF1
:1066A000CB9AF86BCC9AFA6BCD9AFB6BCE9AFC6BBB
:1066B000CF9AFE6BD09AFF6BD19A006CD29A016C84
:1066C000D39A026CD49A036CD59A046CD69A086C4F
:1066D000D79A096CD89A0A6CD99A0B6CDA9A0C6C16
:1066E000DB9A0E6CDC9A126CDD9A176CDE9A1C6CCD
:1066F000DF9A1D6CE09A1E6CE19A206CE29A236C82
:10670000E39A256CE49A2B6CE59A2C6CE69A2D6C36
:10671000E79A316CE89A336CE99A366CEA9A376CEE
:10672000EB9A396CEC9A3A6CED9A3B6CEE9A3C6CB5
:10673000EF9A3E6CF09A3F6CF19A436CF29A446C7B
:10674000F39A456CF49A486CF59A4B6CF69A4C6C3B
:10675000F79A4D6CF89A4E6CF99A4F6CFA9A516C04
:10676000FB9A526CFC9A536CFD9A566CFE9A586CCC
:10677000409B596C419B5A6C429B626C439B636C7F
:10678000449B656C459B666C469B676C479B6B6C3A
:10679000489B6C6C499B6D6C4A9B6E6C4B9B6F6C01
:1067A0004C9B716C4D9B736C4E9B756C4F9B776CC7
:1067B000509B786C519B7A6C529B7B6C539B7C6C8E
:1067C000549B7F6C559B806C569B846C579B876C4D
:1067D000589B8A6C599B8B6C5A9B8D6C5B9B8E6C07
:1067E0005C9B916C5D9B926C5E9B956C5F9B966CC9
:1067F000609B976C619B986C629B9A6C639B9C6C92
:10680000649B9D6C659B9E6C669BA06C679BA26C59
:10681000689BA86C699BAC6C6A9BAF6C6B9BB06C03
:106820006C9BB46C6D9BB56C6E9BB66C6F9BB76CC0
:10683000709BBA6C719BC06C729BC16C739BC26C79
:10684000749BC36C759BC66C769BC76C779BC86C3E
:10685000789BCB6C799BCD6C7A9BCE6C7B9BCF6C01
:106860007C9BD16C7D9BD26C7E9BD86C809BD96CC1
:10687000819BDA6C829BDC6C839BDD6C849BDF6C80
:10688000859BE46C869BE66C879BE76C889BE96C38
:10689000899BEC6C8A9BED6C8B9BF26C8C9BF46CF3
:1068A0008D9BF96C8E9BFF6C8F9B006D909B026D96
:1068B000919B036D929B056D939B066D949B086D58
:1068C000959B096D969B0A6D979B0D6D989B0F6D1F
:1068D000999B106D9A9B116D9B9B136D9C9B146DE6
:1068E0009D9B156D9E9B166D9F9B186DA09B1C6DAF
:1068F000A19B1D6DA29B1F6DA39B206DA49B216D71
:10690000A59B226DA69B236DA79B246DA89B266D3E
:10691000A99B286DAA9B296DAB9B2C6DAC9B2D6D03
:10692000AD9B2F6DAE9B306DAF9B346DB09B366DC4
:10693000B19B376DB29B386DB39B3A6DB49B3F6D85
:10694000B59B406DB69B426DB79B446DB89B496D3E
:10695000B99B4C6DBA9B506DBB9B556DBC9B566DE6
:10696000BD9B576DBE9B586DBF9B5B6DC09B5D6DA6
:10697000C19B5F6DC29B616DC39B626DC49B646D67
:10698000C59B656DC69B676DC79B686DC89B6B6D2E
:10699000C99B6C6DCA9B6D6DCB9B706DCC9B716DF3
:1069A000CD9B726DCE9B736DCF9B756DD09B766DBD
:1069B000D19B796DD29B7A6DD39B7B6DD49B7D6D82
:1069C000D59B7E6DD69B7F6DD79B806DD89B816D4F
:1069D000D99B836DDA9B846DDB9B866DDC9B876D19
:1069E000DD9B8A6DDE9B8B6DDF9B8D6DE09B8F6DDC
:1069F000E19B906DE29B926DE39B966DE49B976D9E
:106A0000E59B986DE69B996DE79B9A6DE89B9C6D65
:106A1000E99BA26DEA9BA56DEB9BAC6DEC9BAD6D0C
:106A2000ED9BB06DEE9BB16DEF9BB36DF09BB46DC4
:106A3000F19BB66DF29BB76DF39BB96DF49BBA6D8C
:106A4000F59BBB6DF69BBC6DF79BBD6DF89BBE6D5A
:106A5000F99BC16DFA9BC26DFB9BC36DFC9BC86D1E
:106A6000FD9BC96DFE9BCA6D409CCD6D419CCE6D5A
:106A7000429CCF6D439CD06D449CD26D459CD36DA0
:106A8000469CD46D479CD56D489CD76D499CDA6D6A
:106A90004A9CDB6D4B9CDC6D4C9CDF6D4D9CE26D2C
:106AA0004E9CE36D4F9CE56D509CE76D519CE86DED
:106AB000529CE96D539CEA6D549CED6D559CEF6DB5
:106AC000569CF06D579CF26D589CF46D599CF56D79
:106AD0005A9CF66D5B9CF86D5C9CFA6D5D9CFD6D3F
:106AE0005E9CFE6D5F9CFF6D609C006E619C016E04
:106AF000629C026E639C036E649C046E659C066ED1
:106B0000669C076E679C086E689C096E699C0B6E9C
:106B10006A9C0F6E6B9C126E6C9C136E6D9C156E56
:106B20006E9C186E6F9C196E709C1B6E719C1C6E17
:106B3000729C1E6E739C1F6E749C226E759C266EDA
:106B4000769C276E779C286E789C2A6E799C2C6E9A
:106B50007A9C2E6E7B9C306E7C9C316E7D9C336E5D
:106B60007E9C356E809C366E819C376E829C396E21
:106B7000839C3B6E849C3C6E859C3D6E869C3E6EE9
:106B8000879C3F6E889C406E899C416E8A9C426EB9
:106B90008B9C456E8C9C466E8D9C476E8E9C486E81
:106BA0008F9C496E909C4A6E919C4B6E929C4C6E51
:106BB000939C4F6E949C506E959C516E969C526E19
:106BC000979C556E989C576E999C596E9A9C5A6EDC
:106BD0009B9C5C6E9C9C5D6E9D9C5E6E9E9C606EA4
:106BE0009F9C616EA09C626EA19C636EA29C646E71
:106BF000A39C656EA49C666EA59C676EA69C686E41
:106C0000A79C696EA89C6A6EA99C6C6EAA9C6D6E0E
:106C1000AB9C6F6EAC9C706EAD9C716EAE9C726ED8
:106C2000AF9C736EB09C746EB19C756EB29C766EA8
:106C3000B39C776EB49C786EB59C796EB69C7A6E78
:106C4000B79C7B6EB89C7C6EB99C7D6EBA9C806E46
:106C5000BB9C816EBC9C826EBD9C846EBE9C876E0C
:106C6000BF9C886EC09C8A6EC19C8B6EC29C8C6ED1
:106C7000C39C8D6EC49C8E6EC59C916EC69C926E9C
:106C8000C79C936EC89C946EC99C956ECA9C966E68
:106C9000CB9C976ECC9C996ECD9C9A6ECE9C9B6E35
:106CA000CF9C9D6ED09C9E6ED19CA06ED29CA16EFE
:106CB000D39CA36ED49CA46ED59CA66ED69CA86EC5
:106CC000D79CA96ED89CAB6ED99CAC6EDA9CAD6E8D
:106CD000DB9CAE6EDC9CB06EDD9CB36EDE9CB56E54
:106CE000DF9CB86EE09CB96EE19CBC6EE29CBE6E0F
:106CF000E39CBF6EE49CC06EE59CC36EE69CC46ED4
:106D0000E79CC56EE89CC66EE99CC86EEA9CC96E9D
:106D1000EB9CCA6EEC9CCC6EED9CCD6EEE9CCE6E68
:106D2000EF9CD06EF09CD26EF19CD66EF29CD86E29
:106D3000F39CD96EF49CDB6EF59CDC6EF69CDD6EEC
:106D4000F79CE36EF89CE76EF99CEA6EFA9CEB6E9A
:106D5000FB9CEC6EFC9CED6EFD9CEE6EFE9CEF6E63
:106D6000409DF06E419DF16E429DF26E439DF36E2B
:106D7000449DF56E459DF66E469DF76E479DF86EF7
:106D8000489DFA6E499DFB6E4A9DFC6E4B9DFD6EC3
:106D90004C9DFE6E4D9DFF6E4E9D006F4F9D016F91
:106DA000509D036F519D046F529D056F539D076F5A
:106DB000549D086F559D0A6F569D0B6F579D0C6F24
:106DC000589D0D6F599D0E6F5A9D106F5B9D116FF1
:106DD0005C9D126F5D9D166F5E9D176F5F9D186FB6
:106DE000609D196F619D1A6F629D1B6F639D1C6F83
:106DF000649D1D6F659D1E6F669D1F6F679D216F52
:106E0000689D226F699D236F6A9D256F6B9D266F1C
:106E10006C9D276F6D9D286F6E9D2C6F6F9D2E6FE3
:106E2000709D306F719D326F729D346F739D356FA1
:106E3000749D376F759D386F769D396F779D3A6F6A
:106E4000789D3B6F799D3C6F7A9D3D6F7B9D3F6F39
:106E50007C9D406F7D9D416F7E9D426F809D436F05
:106E6000819D446F829D456F839D486F849D496FCE
:106E7000859D4A6F869D4C6F879D4E6F889D4F6F95
:106E8000899D506F8A9D516F8B9D526F8C9D536F62
:106E90008D9D546F8E9D556F8F9D566F909D576F32
:106EA000919D596F929D5A6F939D5B6F949D5D6FFD
:106EB000959D5F6F969D606F979D616F989D636FC5
:106EC000999D646F9A9D656F9B9D676F9C9D686F90
:106ED0009D9D696F9E9D6A6F9F9D6B6FA09D6C6F5E
:106EE000A19D6F6FA29D706FA39D716FA49D736F25
:106EF000A59D756FA69D766FA79D776FA89D796FED
:106F0000A99D7B6FAA9D7D6FAB9D7E6FAC9D7F6FB2
:106F1000AD9D806FAE9D816FAF9D826FB09D836F81
:106F2000B19D856FB29D866FB39D876FB49D8A6F4B
:106F3000B59D8B6FB69D8F6FB79D906FB89D916F0C
:106F4000B99D926FBA9D936FBB9D946FBC9D956FD9
:106F5000BD9D966FBE9D976FBF9D986FC09D996FA9
:106F6000C19D9A6FC29D9B6FC39D9D6FC49D9E6F77
:106F7000C59D9F6FC69DA06FC79DA26FC89DA36F43
:106F8000C99DA46FCA9DA56FCB9DA66FCC9DA86F10
:106F9000CD9DA96FCE9DAA6FCF9DAB6FD09DAC6FDD
:106FA000D19DAD6FD29DAE6FD39DAF6FD49DB06FAD
:106FB000D59DB16FD69DB26FD79DB46FD89DB56F7B
:106FC000D99DB76FDA9DB86FDB9DBA6FDC9DBB6F43
:106FD000DD9DBC6FDE9DBD6FDF9DBE6FE09DBF6F11
:106FE000E19DC16FE29DC36FE39DC46FE49DC56FDA
:106FF000E59DC66FE69DC76FE79DC86FE89DCA6FA8
:10700000E99DCB6FEA9DCC6FEB9DCD6FEC9DCE6F74
:10701000ED9DCF6FEE9DD06FEF9DD36FF09DD46F40
:10702000F19DD56FF29DD66FF39DD76FF49DD86F0C
:10703000F59DD96FF69DDA6FF79DDB6FF89DDC6FDC
:10704000F99DDD6FFA9DDF6FFB9DE26FFC9DE36FA5
:10705000FD9DE46FFE9DE56F409EE66F419EE76FEC
:10706000429EE86F439EE96F449EEA6F459EEB6F38
:10707000469EEC6F479EED6F489EF06F499EF16F04
:107080004A9EF26F4B9EF36F4C9EF46F4D9EF56FD0
:107090004E9EF66F4F9EF76F509EF86F519EF96FA0
:1070A000529EFA6F539EFB6F549EFC6F559EFD6F70
:1070B000569EFE6F579EFF6F589E0070599E01703E
:1070C0005A9E02705B9E03705C9E04705D9E05700C
:1070D0005E9E06705F9E0770609E0870619E0970DC
:1070E000629E0A70639E0B70649E0C70659E0D70AC
:1070F000669E0E70679E0F70689E1070699E12707B
:107100006A9E13706B9E14706C9E15706D9E167047
:107110006E9E17706F9E1870709E1970719E1C7015
:10712000729E1D70739E1E70749E1F70759E2070DF
:10713000769E2170779E2270789E2470799E2570AD
:107140007A9E26707B9E27707C9E28707D9E29707B
:107150007E9E2A70809E2B70819E2C70829E2D7048
:10716000839E2E70849E2F70859E3070869E317017
:10717000879E3270889E3370899E34708A9E3670E6
:107180008B9E37708C9E38708D9E3A708E9E3B70B1
:107190008F9E3C70909E3D70919E3E70929E3F707F
:1071A000939E4070949E4170959E4270969E43704F
:1071B000979E4470989E4570999E46709A9E47701F
:1071C0009B9E48709C9E49709D9E4A709E9E4B70EF
:1071D0009F9E4D70A09E4E70A19E5070A29E5170B9
:1071E000A39E5270A49E5370A59E5470A69E557087
:1071F000A79E5670A89E5770A99E5870AA9E597057
:10720000AB9E5A70AC9E5B70AD9E5C70AE9E5D7026
:10721000AF9E5F70B09E6070B19E6170B29E6270F2
:10722000B39E6370B49E6470B59E6570B69E6670C2
:10723000B79E6770B89E6870B99E6970BA9E6A7092
:10724000BB9E6E70BC9E7170BD9E7270BE9E737050
:10725000BF9E7470C09E7770C19E7970C29E7A7016
:10726000C39E7B70C49E7D70C59E8170C69E8270D9
:10727000C79E8370C89E8470C99E8670CA9E8770A0
:10728000CB9E8870CC9E8B70CD9E8C70CE9E8D7068
:10729000CF9E8F70D09E9070D19E9170D29E937031
:1072A000D39E9770D49E9870D59E9A70D69E9B70F0
:1072B000D79E9E70D89E9F70D99EA070DA9EA170B6
:1072C000DB9EA270DC9EA370DD9EA470DE9EA57086
:1072D000DF9EA670E09EA770E19EA870E29EA97056
:1072E000E39EAA70E49EB070E59EB270E69EB47014
:1072F000E79EB570E89EB670E99EBA70EA9EBE70D1
:10730000EB9EBF70EC9EC470ED9EC570EE9EC67085
:10731000EF9EC770F09EC970F19ECB70F29ECC704C
:10732000F39ECD70F49ECE70F59ECF70F69ED07019
:10733000F79ED170F89ED270F99ED370FA9ED470E9
:10734000FB9ED570FC9ED670FD9ED770FE9EDA70B7
:10735000409FDC70419FDD70429FDE70439FE07074
:10736000449FE170459FE270469FE370479FE57040
:10737000489FEA70499FEE704A9FF0704B9FF170F2
:107380004C9FF2704D9FF3704E9FF4704F9FF570BD
:10739000509FF670519FF870529FFA70539FFB7088
:1073A000549FFC70559FFE70569FFF70579F007151
:1073B000589F0171599F02715A9F03715B9F04711D
:1073C0005C9F05715D9F06715E9F07715F9F0871ED
:1073D000609F0B71619F0C71629F0D71639F0E71B5
:1073E000649F0F71659F1171669F1271679F147181
:1073F000689F1771699F1B716A9F1C716B9F1D713C
:107400006C9F1E716D9F1F716E9F20716F9F217108
:10741000709F2271719F2371729F2471739F2571D8
:10742000749F2771759F2871769F2971779F2A71A4
:10743000789F2B71799F2C717A9F2D717B9F2E7174
:107440007C9F32717D9F33717E9F3471809F357137
:10745000819F3771829F3871839F3971849F3A7100
:10746000859F3B71869F3C71879F3D71889F3E71D0
:10747000899F3F718A9F40718B9F41718C9F4271A0
:107480008D9F43718E9F44718F9F4671909F47716E
:10749000919F4871929F4971939F4B71949F4D7139
:1074A000959F4F71969F5071979F5171989F527100
:1074B000999F53719A9F54719B9F55719C9F5671D0
:1074C0009D9F57719E9F58719F9F5971A09F5A71A0
:1074D000A19F5B71A29F5D71A39F5F71A49F60716B
:1074E000A59F6171A69F6271A79F6371A89F657137
:1074F000A99F6971AA9F6A71AB9F6B71AC9F6C71F8
:10750000AD9F6D71AE9F6F71AF9F7071B09F7171C4
:10751000B19F7471B29F7571B39F7671B49F77718B
:10752000B59F7971B69F7B71B79F7C71B89F7E7153
:10753000B99F7F71BA9F8071BB9F8171BC9F82711F
:10754000BD9F8371BE9F8571BF9F8671C09F8771EC
:10755000C19F8871C29F8971C39F8B71C49F8C71B9
:10756000C59F8D71C69F8E71C79F9071C89F917185
:10757000C99F9271CA9F9371CB9F9571CC9F967151
:10758000CD9F9771CE9F9A71CF9F9B71D09F9C7119
:10759000D19F9D71D29F9E71D39FA171D49FA271E3
:1075A000D59FA371D69FA471D79FA571D89FA671AF
:1075B000D99FA771DA9FA971DB9FAA71DC9FAB717C
:1075C000DD9FAD71DE9FAE71DF9FAF71E09FB07147
:1075D000E19FB171E29FB271E39FB471E49FB67114
:1075E000E59FB771E69FB871E79FBA71E89FBB71DD
:1075F000E99FBC71EA9FBD71EB9FBE71EC9FBF71AB
:10760000ED9FC071EE9FC171EF9FC271F09FC47179
:10761000F19FC571F29FC671F39FC771F49FC87146
:10762000F59FC971F69FCA71F79FCB71F89FCC7116
:10763000F99FCD71FA9FCF71FB9FD071FC9FD171E3
:10764000FD9FD271FE9FD37140A0D67141A0D7712A
:1076500042A0D87143A0D97144A0DA7145A0DB7172
:1076600046A0DC7147A0DD7148A0DE7149A0DF7142
:107670004AA0E1714BA0E2714CA0E3714DA0E4710E
:107680004EA0E6714FA0E87150A0E97151A0EA71D7
:1076900052A0EB7153A0EC7154A0ED7155A0EF71A5
:1076A00056A0F07157A0F17158A0F27159A0F37172
:1076B0005AA0F4715BA0F5715CA0F6715DA0F77142
:1076C0005EA0F8715FA0FA7160A0FB7161A0FC710F
:1076D00062A0FD7163A0FE7164A0FF7165A00072DD
:1076E00066A0017267A0027268A0037269A00472AA
:1076F0006AA005726BA007726CA008726DA0097277
:107700006EA00A726FA00B7270A00C7271A00D7245
:1077100072A00E7273A00F7274A0107275A0117215
:1077200076A0127277A0137278A0147279A01572E5
:107730007AA016727BA017727CA018727DA01972B5
:107740007EA01A7280A01B7281A01C7282A01E7281
:1077500083A01F7284A0207285A0217286A022724D
:1077600087A0237288A0247289A025728AA026721D
:107770008BA027728CA029728DA02B728EA02D72E7
:107780008FA02E7290A02F7291A0327292A03372AD
:1077900093A0347294A03A7295A03C7296A03E7267
:1077A00097A0407298A0417299A042729AA0437229
:1077B0009BA044729CA045729DA046729EA04972F7
:1077C0009FA04A72A0A04B72A1A04E72A2A04F72BD
:1077D000A3A05072A4A05172A5A05372A6A0547287
:1077E000A7A05572A8A05772A9A05872AAA05A7251
:1077F000ABA05C72ACA05E72ADA06072AEA0637212
:10780000AFA06472B0A06572B1A06872B2A06A72D3
:10781000B3A06B72B4A06C72B5A06D72B6A070729A
:10782000B7A07172B8A07372B9A07472BAA0767260
:10783000BBA07772BCA07872BDA07B72BEA07C7228
:10784000BFA07D72C0A08272C1A08372C2A08572E7
:10785000C3A08672C4A08772C5A08872C6A08972B0
:10786000C7A08C72C8A08E72C9A09072CAA0917273
:10787000CBA09372CCA09472CDA09572CEA096723C
:10788000CFA09772D0A09872D1A09972D2A09A720C
:10789000D3A09B72D4A09C72D5A09D72D6A09E72DC
:1078A000D7A0A072D8A0A172D9A0A272DAA0A372A8
:1078B000DBA0A472DCA0A572DDA0A672DEA0A77278
:1078C000DFA0A872E0A0A972E1A0AA72E2A0AB7248
:1078D000E3A0AE72E4A0B172E5A0B272E6A0B3720A
:1078E000E7A0B572E8A0BA72E9A0BB72EAA0BC72C8
:1078F000EBA0BD72ECA0BE72EDA0BF72EEA0C07294
:10790000EFA0C572F0A0C672F1A0C772F2A0C97252
:10791000F3A0CA72F4A0CB72F5A0CC72F6A0CF721D
:10792000F7A0D172F8A0D372F9A0D472FAA0D572E0
:10793000FBA0D672FCA0D872FDA0DA72FEA0DB72AA
:10794000A1A10030A2A10130A3A10230A4A1B700DF
:10795000A5A1C902A6A1C702A7A1A800A8A103309A
:10796000A9A10530AAA11420ABA15EFFACA11620ED
:10797000ADA12620AEA11820AFA11920B0A11C20D6
:10798000B1A11D20B2A11430B3A11530B4A10830AB
:10799000B5A10930B6A10A30B7A10B30B8A10C309F
:1079A000B9A10D30BAA10E30BBA10F30BCA1163069
:1079B000BDA11730BEA11030BFA11130C0A1B100D0
:1079C000C1A1D700C2A1F700C3A13622C4A12722BA
:1079D000C5A12822C6A11122C7A10F22C8A12A220F
:1079E000C9A12922CAA10822CBA13722CCA11A22DF
:1079F000CDA1A522CEA12522CFA12022D0A1122344
:107A0000D1A19922D2A12B22D3A12E22D4A16122CD
:107A1000D5A14C22D6A14822D7A13D22D8A11D2212
:107A2000D9A16022DAA16E22DBA16F22DCA164223F
:107A3000DDA16522DEA11E22DFA13522E0A13422D4
:107A4000E1A14226E2A14026E3A1B000E4A1322058
:107A5000E5A13320E6A10321E7A104FFE8A1A400EA
:107A6000E9A1E0FFEAA1E1FFEBA13020ECA1A70032
:107A7000EDA11621EEA10626EFA10526F0A1CB254A
:107A8000F1A1CF25F2A1CE25F3A1C725F4A1C625EA
:107A9000F5A1A125F6A1A025F7A1B325F8A1B2254E
:107AA000F9A13B20FAA19221FBA19021FCA19121F7
:107AB000FDA19321FEA11330A1A27021A2A27121E8
:107AC000A3A27221A4A27321A5A27421A6A275214A
:107AD000A7A27621A8A27721A9A27821AAA279211A
:107AE000B1A28824B2A28924B3A28A24B4A28B248E
:107AF000B5A28C24B6A28D24B7A28E24B8A28F245E
:107B0000B9A29024BAA29124BBA29224BCA293242D
:107B1000BDA29424BEA29524BFA29624C0A29724FD
:107B2000C1A29824C2A29924C3A29A24C4A29B24CD
:107B3000C5A27424C6A27524C7A27624C8A277243D
:107B4000C9A27824CAA27924CBA27A24CCA27B240D
:107B5000CDA27C24CEA27D24CFA27E24D0A27F24DD
:107B6000D1A28024D2A28124D3A28224D4A28324AD
:107B7000D5A28424D6A28524D7A28624D8A287247D
:107B8000D9A26024DAA26124DBA26224DCA26324ED
:107B9000DDA26424DEA26524DFA26624E0A26724BD
:107BA000E1A26824E2A26924E5A22032E6A2213201
:107BB000E7A22232E8A22332E9A22432EAA2253245
:107BC000EBA22632ECA22732EDA22832EEA2293215
:107BD000F1A26021F2A26121F3A26221F4A2632149
:107BE000F5A26421F6A26521F7A26621F8A2672119
:107BF000F9A26821FAA26921FBA26A21FCA26B21E9
:107C0000A1A301FFA2A302FFA3A303FFA4A3E5FF77
:107C1000A5A305FFA6A306FFA7A307FFA8A308FF28
:107C2000A9A309FFAAA30AFFABA30BFFACA30CFFF8
:107C3000ADA30DFFAEA30EFFAFA30FFFB0A310FFC8
:107C4000B1A311FFB2A312FFB3A313FFB4A314FF98
:107C5000B5A315FFB6A316FFB7A317FFB8A318FF68
:107C6000B9A319FFBAA31AFFBBA31BFFBCA31CFF38
:107C7000BDA31DFFBEA31EFFBFA31FFFC0A320FF08
:107C8000C1A321FFC2A322FFC3A323FFC4A324FFD8
:107C9000C5A325FFC6A326FFC7A327FFC8A328FFA8
:107CA000C9A329FFCAA32AFFCBA32BFFCCA32CFF78
:107CB000CDA32DFFCEA32EFFCFA32FFFD0A330FF48
:107CC000D1A331FFD2A332FFD3A333FFD4A334FF18
:107CD000D5A335FFD6A336FFD7A337FFD8A338FFE8
:107CE000D9A339FFDAA33AFFDBA33BFFDCA33CFFB8
:107CF000DDA33DFFDEA33EFFDFA33FFFE0A340FF88
:107D0000E1A341FFE2A342FFE3A343FFE4A344FF57
:107D1000E5A345FFE6A346FFE7A347FFE8A348FF27
:107D2000E9A349FFEAA34AFFEBA34BFFECA34CFFF7
:107D3000EDA34DFFEEA34EFFEFA34FFFF0A350FFC7
:107D4000F1A351FFF2A352FFF3A353FFF4A354FF97
:107D5000F5A355FFF6A356FFF7A357FFF8A358FF67
:107D6000F9A359FFFAA35AFFFBA35BFFFCA35CFF37
:107D7000FDA35DFFFEA3E3FFA1A44130A2A4423016
:107D8000A3A44330A4A44430A5A44530A6A44630FF
:107D9000A7A44730A8A44830A9A44930AAA44A30CF
:107DA000ABA44B30ACA44C30ADA44D30AEA44E309F
:107DB000AFA44F30B0A45030B1A45130B2A452306F
:107DC000B3A45330B4A45430B5A45530B6A456303F
:107DD000B7A45730B8A45830B9A45930BAA45A300F
:107DE000BBA45B30BCA45C30BDA45D30BEA45E30DF
:107DF000BFA45F30C0A46030C1A46130C2A46230AF
:107E0000C3A46330C4A46430C5A46530C6A466307E
:107E1000C7A46730C8A46830C9A46930CAA46A304E
:107E2000CBA46B30CCA46C30CDA46D30CEA46E301E
:107E3000CFA46F30D0A47030D1A47130D2A47230EE
:107E4000D3A47330D4A47430D5A47530D6A47630BE
:107E5000D7A47730D8A47830D9A47930DAA47A308E
:107E6000DBA47B30DCA47C30DDA47D30DEA47E305E
:107E7000DFA47F30E0A48030E1A48130E2A482302E
:107E8000E3A48330E4A48430E5A48530E6A48630FE
:107E9000E7A48730E8A48830E9A48930EAA48A30CE
:107EA000EBA48B30ECA48C30EDA48D30EEA48E309E
:107EB000EFA48F30F0A49030F1A49130F2A492306E
:107EC000F3A49330A1A5A130A2A5A230A3A5A3300D
:107ED000A4A5A430A5A5A530A6A5A630A7A5A73022
:107EE000A8A5A830A9A5A930AAA5AA30ABA5AB30F2
:107EF000ACA5AC30ADA5AD30AEA5AE30AFA5AF30C2
:107F0000B0A5B030B1A5B130B2A5B230B3A5B33091
:107F1000B4A5B430B5A5B530B6A5B630B7A5B73061
:107F2000B8A5B830B9A5B930BAA5BA30BBA5BB3031
:107F3000BCA5BC30BDA5BD30BEA5BE30BFA5BF3001
:107F4000C0A5C030C1A5C130C2A5C230C3A5C330D1
:107F5000C4A5C430C5A5C530C6A5C630C7A5C730A1
:107F6000C8A5C830C9A5C930CAA5CA30CBA5CB3071
:107F7000CCA5CC30CDA5CD30CEA5CE30CFA5CF3041
:107F8000D0A5D030D1A5D130D2A5D230D3A5D33011
:107F9000D4A5D430D5A5D530D6A5D630D7A5D730E1
:107FA000D8A5D830D9A5D930DAA5DA30DBA5DB30B1
:107FB000DCA5DC30DDA5DD30DEA5DE30DFA5DF3081
:107FC000E0A5E030E1A5E130E2A5E230E3A5E33051
:107FD000E4A5E430E5A5E530E6A5E630E7A5E73021
:107FE000E8A5E830E9A5E930EAA5EA30EBA5EB30F1
:107FF000ECA5EC30EDA5ED30EEA5EE30EFA5EF30C1
:10800000F0A5F030F1A5F130F2A5F230F3A5F33090
:10801000F4A5F430F5A5F530F6A5F630A1A6910348
:10802000A2A69203A3A69303A4A69403A5A69503D0
:10803000A6A69603A7A69703A8A69803A9A69903A0
:10804000AAA69A03ABA69B03ACA69C03ADA69D0370
:10805000AEA69E03AFA69F03B0A6A003B1A6A10340
:10806000B2A6A303B3A6A403B4A6A503B5A6A6030C
:10807000B6A6A703B7A6A803B8A6A903C1A6B103CD
:10808000C2A6B203C3A6B303C4A6B403C5A6B50370
:10809000C6A6B603C7A6B703C8A6B803C9A6B90340
:1080A000CAA6BA03CBA6BB03CCA6BC03CDA6BD0310
:1080B000CEA6BE03CFA6BF03D0A6C003D1A6C103E0
:1080C000D2A6C303D3A6C403D4A6C503D5A6C603AC
:1080D000D6A6C703D7A6C803D8A6C903E0A635FE0F
:1080E000E1A636FEE2A639FEE3A63AFEE4A63FFE8E
:1080F000E5A640FEE6A63DFEE7A63EFEE8A641FE5A
:10810000E9A642FEEAA643FEEBA644FEEEA63BFE2F
:10811000EFA63CFEF0A637FEF1A638FEF2A631FE31
:10812000F4A633FEF5A634FEA1A71004A2A71104FD
:10813000A3A71204A4A71304A5A71404A6A71504B3
:10814000A7A70104A8A71604A9A71704AAA718049B
:10815000ABA71904ACA71A04ADA71B04AEA71C0457
:10816000AFA71D04B0A71E04B1A71F04B2A7200427
:10817000B3A72104B4A72204B5A72304B6A72404F7
:10818000B7A72504B8A72604B9A72704BAA72804C7
:10819000BBA72904BCA72A04BDA72B04BEA72C0497
:1081A000BFA72D04C0A72E04C1A72F04D1A7300458
:1081B000D2A73104D3A73204D4A73304D5A73404FB
:1081C000D6A73504D7A75104D8A73604D9A73704B2
:1081D000DAA73804DBA73904DCA73A04DDA73B049F
:1081E000DEA73C04DFA73D04E0A73E04E1A73F046F
:1081F000E2A74004E3A74104E4A74204E5A743043F
:10820000E6A74404E7A74504E8A74604E9A747040E
:10821000EAA74804EBA74904ECA74A04EDA74B04DE
:10822000EEA74C04EFA74D04F0A74E04F1A74F04AE
:1082300040A8CA0241A8CB0242A8D90243A81320F1
:1082400044A8152045A8252046A8352047A8052183
:1082500048A8092149A896214AA897214BA8982106
:108260004CA899214DA815224EA81F224FA82322C1
:1082700050A8522251A8662252A8672253A8BF22B2
:1082800054A8502555A8512556A8522557A853251E
:1082900058A8542559A855255AA856255BA85725EE
:1082A0005CA858255DA859255EA85A255FA85B25BE
:1082B00060A85C2561A85D2562A85E2563A85F258E
:1082C00064A8602565A8612566A8622567A863255E
:1082D00068A8642569A865256AA866256BA867252E
:1082E0006CA868256DA869256EA86A256FA86B25FE
:1082F00070A86C2571A86D2572A86E2573A86F25CE
:1083000074A8702575A8712576A8722577A873259D
:1083100078A8812579A882257AA883257BA8842539
:108320007CA885257DA886257EA8872580A8882508
:1083300081A8892582A88A2583A88B2584A88C25D5
:1083400085A88D2586A88E2587A88F2588A89325A2
:1083500089A894258AA895258BA8BC258CA8BD251D
:108360008DA8E2258EA8E3258FA8E42590A8E52511
:1083700091A8092692A8952293A8123094A81D309E
:1083800095A81E30A1A80101A2A8E100A3A8CE01D2
:10839000A4A8E000A5A81301A6A8E900A7A81B01AE
:1083A000A8A8E800A9A82B01AAA8ED00ABA8D001B5
:1083B000ACA8EC00ADA84D01AEA8F300AFA8D20167
:1083C000B0A8F200B1A86B01B2A8FA00B3A8D4011A
:1083D000B4A8F900B5A8D601B6A8D801B7A8DA01A3
:1083E000B8A8DC01B9A8FC00BAA8EA00BBA85102F1
:1083F000BDA84401BEA84801C0A86102C5A80531B6
:10840000C6A80631C7A80731C8A80831C9A80931CC
:10841000CAA80A31CBA80B31CCA80C31CDA80D319C
:10842000CEA80E31CFA80F31D0A81031D1A811316C
:10843000D2A81231D3A81331D4A81431D5A815313C
:10844000D6A81631D7A81731D8A81831D9A819310C
:10845000DAA81A31DBA81B31DCA81C31DDA81D31DC
:10846000DEA81E31DFA81F31E0A82031E1A82131AC
:10847000E2A82231E3A82331E4A82431E5A825317C
:10848000E6A82631E7A82731E8A82831E9A829314C
:1084900040A9213041A9223042A9233043A92430E8
:1084A00044A9253045A9263046A9273047A92830B8
:1084B00048A9293049A9A3324AA98E334BA98F3341
:1084C0004CA99C334DA99D334EA99E334FA9A1338E
:1084D00050A9C43351A9CE3352A9D13353A9D233B1
:1084E00054A9D53355A930FE56A9E2FF57A9E4FF98
:1084F00059A921215AA931325CA9102060A9FC3068
:1085000061A99B3062A99C3063A9FD3064A9FE304B
:1085100065A9063066A99D3067A99E3068A949FE05
:1085200069A94AFE6AA94BFE6BA94CFE6CA94DFED7
:108530006DA94EFE6EA94FFE6FA950FE70A951FEA7
:1085400071A952FE72A954FE73A955FE74A956FE74
:1085500075A957FE76A959FE77A95AFE78A95BFE40
:1085600079A95CFE7AA95DFE7BA95EFE7CA95FFE0F
:108570007DA960FE7EA961FE80A962FE81A963FEDD
:1085800082A964FE83A965FE84A966FE85A968FEAA
:1085900086A969FE87A96AFE88A96BFE96A907309D
:1085A000A4A90025A5A90125A6A90225A7A90325F7
:1085B000A8A90425A9A90525AAA90625ABA90725C7
:1085C000ACA90825ADA90925AEA90A25AFA90B2597
:1085D000B0A90C25B1A90D25B2A90E25B3A90F2567
:1085E000B4A91025B5A91125B6A91225B7A9132537
:1085F000B8A91425B9A91525BAA91625BBA9172507
:10860000BCA91825BDA91925BEA91A25BFA91B25D6
:10861000C0A91C25C1A91D25C2A91E25C3A91F25A6
:10862000C4A92025C5A92125C6A92225C7A9232576
:10863000C8A92425C9A92525CAA92625CBA9272546
:10864000CCA92825CDA92925CEA92A25CFA92B2516
:10865000D0A92C25D1A92D25D2A92E25D3A92F25E6
:10866000D4A93025D5A93125D6A93225D7A93325B6
:10867000D8A93425D9A93525DAA93625DBA9372586
:10868000DCA93825DDA93925DEA93A25DFA93B2556
:10869000E0A93C25E1A93D25E2A93E25E3A93F2526
:1086A000E4A94025E5A94125E6A94225E7A94325F6
:1086B000E8A94425E9A94525EAA94625EBA94725C6
:1086C000ECA94825EDA94925EEA94A25EFA94B2596
:1086D00040AADC7241AADD7242AADF7243AAE272AA
:1086E00044AAE37245AAE47246AAE57247AAE67272
:1086F00048AAE77249AAEA724AAAEB724BAAF57233
:108700004CAAF6724DAAF9724EAAFD724FAAFE72D9
:1087100050AAFF7251AA007352AA027353AA04739B
:1087200054AA057355AA067356AA077357AA087365
:1087300058AA097359AA0B735AAA0C735BAA0D7332
:108740005CAA0F735DAA10735EAA11735FAA1273FD
:1087500060AA147361AA187362AA197363AA1A73C0
:1087600064AA1F7365AA207366AA237367AA247379
:1087700068AA267369AA27736AAA28736BAA2D733D
:108780006CAA2F736DAA30736EAA32736FAA3373FB
:1087900070AA357371AA367372AA3A7373AA3B73BF
:1087A00074AA3C7375AA3D7376AA407377AA417385
:1087B00078AA427379AA43737AAA44737BAA457351
:1087C0007CAA46737DAA47737EAA487380AA497320
:1087D00081AA4A7382AA4B7383AA4C7384AA4E73EC
:1087E00085AA4F7386AA517387AA537388AA5473B4
:1087F00089AA55738AAA56738BAA58738CAA59737F
:108800008DAA5A738EAA5B738FAA5C7390AA5D734C
:1088100091AA5E7392AA5F7393AA617394AA62731A
:1088200095AA637396AA647397AA657398AA6673E8
:1088300099AA67739AAA68739BAA69739CAA6A73B8
:108840009DAA6B739EAA6E739FAA7073A0AA717380
:1088500040AB727341AB737342AB747343AB7573CC
:1088600044AB767345AB777346AB787347AB79739C
:1088700048AB7A7349AB7B734AAB7C734BAB7D736C
:108880004CAB7F734DAB80734EAB81734FAB827338
:1088900050AB837351AB857352AB867353AB887304
:1088A00054AB8A7355AB8C7356AB8D7357AB8F73C8
:1088B00058AB907359AB92735AAB93735BAB947391
:1088C0005CAB95735DAB97735EAB98735FAB99735D
:1088D00060AB9A7361AB9C7362AB9D7363AB9E7329
:1088E00064ABA07365ABA17366ABA37367ABA473F2
:1088F00068ABA57369ABA6736AABA7736BABA873C0
:108900006CABAA736DABAC736EABAD736FABB17385
:1089100070ABB47371ABB57372ABB67373ABB87342
:1089200074ABB97375ABBC7376ABBD7377ABBE7309
:1089300078ABBF7379ABC1737AABC3737BABC473D2
:108940007CABC5737DABC6737EABC77380ABCB739B
:1089500081ABCC7382ABCE7383ABD27384ABD37356
:1089600085ABD47386ABD57387ABD67388ABD7731F
:1089700089ABD8738AABDA738BABDB738CABDC73EC
:108980008DABDD738EABDF738FABE17390ABE273B6
:1089900091ABE37392ABE47393ABE67394ABE87380
:1089A00095ABEA7396ABEB7397ABEC7398ABEE7346
:1089B00099ABEF739AABF0739BABF1739CABF37312
:1089C0009DABF4739EABF5739FABF673A0ABF773DF
:1089D00040ACF87341ACF97342ACFA7343ACFB732F
:1089E00044ACFC7345ACFD7346ACFE7347ACFF73FF
:1089F00048AC007449AC01744AAC02744BAC0474CA
:108A00004CAC07744DAC08744EAC0B744FAC0C748A
:108A100050AC0D7451AC0E7452AC117453AC127452
:108A200054AC137455AC147456AC157457AC16741E
:108A300058AC177459AC18745AAC19745BAC1C74EC
:108A40005CAC1D745DAC1E745EAC1F745FAC2074B6
:108A500060AC217461AC237462AC247463AC277481
:108A600064AC297465AC2B7466AC2D7467AC2F7440
:108A700068AC317469AC32746AAC37746BAC3874FE
:108A80006CAC39746DAC3A746EAC3B746FAC3D74C5
:108A900070AC3E7471AC3F7472AC407473AC427491
:108AA00074AC437475AC447476AC457477AC46745E
:108AB00078AC477479AC48747AAC49747BAC4A742E
:108AC0007CAC4B747DAC4C747EAC4D7480AC4E74FD
:108AD00081AC4F7482AC507483AC517484AC5274CA
:108AE00085AC537486AC547487AC567488AC587497
:108AF00089AC5D748AAC60748BAC61748CAC62744C
:108B00008DAC63748EAC64748FAC657490AC667419
:108B100091AC677492AC687493AC697494AC6A74E9
:108B200095AC6B7496AC6C7497AC6E7498AC6F74B7
:108B300099AC71749AAC72749BAC73749CAC747481
:108B40009DAC75749EAC78749FAC7974A0AC7A744B
:108B500040AD7B7441AD7C7442AD7D7443AD7F7498
:108B600044AD827445AD847446AD857447AD86745A
:108B700048AD887449AD89744AAD8A744BAD8C7424
:108B80004CAD8D744DAD8F744EAD91744FAD9274EC
:108B900050AD937451AD947452AD957453AD9674B9
:108BA00054AD977455AD987456AD997457AD9A7489
:108BB00058AD9B7459AD9D745AAD9F745BADA07454
:108BC0005CADA1745DADA2745EADA3745FADA47421
:108BD00060ADA57461ADA67462ADAA7463ADAB74EB
:108BE00064ADAC7465ADAD7466ADAE7467ADAF74B5
:108BF00068ADB07469ADB1746AADB2746BADB37485
:108C00006CADB4746DADB5746EADB6746FADB77454
:108C100070ADB87471ADB97472ADBB7473ADBC7422
:108C200074ADBD7475ADBE7476ADBF7477ADC074F0
:108C300078ADC17479ADC2747AADC3747BADC474C0
:108C40007CADC5747DADC6747EADC77480ADC8748F
:108C500081ADC97482ADCA7483ADCB7484ADCC745C
:108C600085ADCD7486ADCE7487ADCF7488ADD0742C
:108C700089ADD1748AADD3748BADD4748CADD574F9
:108C80008DADD6748EADD7748FADD87490ADD974C8
:108C900091ADDA7492ADDB7493ADDD7494ADDF7495
:108CA00095ADE17496ADE57497ADE77498ADE87451
:108CB00099ADE9749AADEA749BADEB749CADEC741C
:108CC0009DADED749EADF0749FADF174A0ADF274E6
:108CD00040AEF37441AEF57442AEF87443AEF9742D
:108CE00044AEFA7445AEFB7446AEFC7447AEFD74F8
:108CF00048AEFE7449AE00754AAE01754BAE0275C2
:108D00004CAE03754DAE05754EAE06754FAE07758C
:108D100050AE087551AE097552AE0A7553AE0B755B
:108D200054AE0C7555AE0E7556AE107557AE127525
:108D300058AE147559AE15755AAE16755BAE1775EB
:108D40005CAE1B755DAE1D755EAE1E755FAE2075AB
:108D500060AE217561AE227562AE237563AE247577
:108D600064AE267565AE277566AE2A7567AE2E753C
:108D700068AE347569AE36756AAE39756BAE3C75E2
:108D80006CAE3D756DAE3F756EAE41756FAE4275A2
:108D900070AE437571AE447572AE467573AE47756D
:108DA00074AE497575AE4A7576AE4D7577AE507531
:108DB00078AE517579AE52757AAE53757BAE5575F6
:108DC0007CAE56757DAE57757EAE587580AE5D75BE
:108DD00081AE5E7582AE5F7583AE607584AE61757F
:108DE00085AE627586AE637587AE647588AE67754D
:108DF00089AE68758AAE69758BAE6B758CAE6C7515
:108E00008DAE6D758EAE6E758FAE6F7590AE7075E2
:108E100091AE717592AE737593AE757594AE7675AD
:108E200095AE777596AE7A7597AE7B7598AE7C7574
:108E300099AE7D759AAE7E759BAE80759CAE817540
:108E40009DAE82759EAE84759FAE8575A0AE87750A
:108E500040AF887541AF897542AF8A7543AF8C7555
:108E600044AF8D7545AF8E7546AF907547AF93751E
:108E700048AF957549AF98754AAF9B754BAF9C75D8
:108E80004CAF9E754DAFA2754EAFA6754FAFA7758F
:108E900050AFA87551AFA97552AFAA7553AFAD7554
:108EA00054AFB67555AFB77556AFBA7557AFBB75FA
:108EB00058AFBF7559AFC0755AAFC1755BAFC675B6
:108EC0005CAFCB755DAFCC755EAFCE755FAFCF7568
:108ED00060AFD07561AFD17562AFD37563AFD77531
:108EE00064AFD97565AFDA7566AFDC7567AFDD75F0
:108EF00068AFDF7569AFE0756AAFE1756BAFE575B7
:108F00006CAFE9756DAFEC756EAFED756FAFEE756B
:108F100070AFEF7571AFF27572AFF37573AFF57532
:108F200074AFF67575AFF77576AFF87577AFFA75FC
:108F300078AFFB7579AFFD757AAFFE757BAF0276C2
:108F40007CAF04767DAF06767EAF077680AF08767D
:108F500081AF097682AF0B7683AF0D7684AF0E7644
:108F600085AF0F7686AF117687AF127688AF13760E
:108F700089AF14768AAF16768BAF1A768CAF1C76D3
:108F80008DAF1D768EAF1E768FAF217690AF237694
:108F900091AF277692AF287693AF2C7694AF2E764A
:108FA00095AF2F7696AF317697AF327698AF36760B
:108FB00099AF37769AAF39769BAF3A769CAF3B76CE
:108FC0009DAF3D769EAF41769FAF4276A0AF44768F
:108FD00040B0457641B0467642B0477643B04876D9
:108FE00044B0497645B04A7646B04B7647B04E76A7
:108FF00048B04F7649B050764AB051764BB0527671
:109000004CB053764DB055764EB057764FB058763B
:1090100050B0597651B05A7652B05B7653B05D7607
:1090200054B05F7655B0607656B0617657B06276D0
:1090300058B0647659B065765AB066765BB067769C
:109040005CB068765DB069765EB06A765FB06C766B
:1090500060B06D7661B06E7662B0707663B0717636
:1090600064B0727665B0737666B0747667B0757604
:1090700068B0767669B077766AB079766BB07A76D2
:109080006CB07C766DB07F766EB080766FB0817696
:1090900070B0837671B0857672B0897673B08A7657
:1090A00074B08C7675B08D7676B08F7677B090761A
:1090B00078B0927679B094767AB095767BB09776E0
:1090C0007CB098767DB09A767EB09B7680B09C76A8
:1090D00081B09D7682B09E7683B09F7684B0A07674
:1090E00085B0A17686B0A27687B0A37688B0A57643
:1090F00089B0A6768AB0A7768BB0A8768CB0A97610
:109100008DB0AA768EB0AB768FB0AC7690B0AD76DF
:1091100091B0AF7692B0B07693B0B37694B0B576A6
:1091200095B0B67696B0B77697B0B87698B0B9766F
:1091300099B0BA769AB0BB769BB0BC769CB0BD763F
:109140009DB0BE769EB0C0769FB0C176A0B0C3760B
:10915000A1B04A55A2B03F96A3B0C357A4B02863AC
:10916000A5B0CE54A6B00955A7B0C054A8B091760A
:10917000A9B04C76AAB03C85ABB0EE77ACB07E829D
:10918000ADB08D78AEB03172AFB09896B0B08D976B
:10919000B1B0286CB2B0895BB3B0FA4FB4B0096318
:1091A000B5B09766B6B0B85CB7B0FA80B8B04868EA
:1091B000B9B0AE80BAB00266BBB0CE76BCB0F951E1
:1091C000BDB05665BEB0AC71BFB0F17FC0B0848891
:1091D000C1B0B250C2B06559C3B0CA61C4B0B36FB8
:1091E000C5B0AD82C6B04C63C7B05262C8B0ED53D3
:1091F000C9B02754CAB0067BCBB06B51CCB0A475B4
:10920000CDB0F45DCEB0D462CFB0CB8DD0B0769778
:10921000D1B08A62D2B01980D3B05D57D4B038973C
:10922000D5B0627FD6B03872D7B07D76D8B0CF6770
:10923000D9B07E76DAB04664DBB0704FDCB0258DF5
:10924000DDB0DC62DEB0177ADFB09165E0B0ED73BF
:10925000E1B02C64E2B07362E3B02C82E4B0819898
:10926000E5B07F67E6B04872E7B06E62E8B0CC6206
:10927000E9B0344FEAB0E374EBB04A53ECB09E521D
:10928000EDB0CA7EEEB0A690EFB02E5EF0B086686C
:10929000F1B09C69F2B08081F3B0D17EF4B0D268B5
:1092A000F5B0C578F6B08C86F7B05195F8B08D5012
:1092B000F9B0248CFAB0DE82FBB0DE80FCB005533E
:1092C000FDB01289FEB0655240B1C47641B1C77697
:1092D00042B1C97643B1CB7644B1CC7645B1D376B1
:1092E00046B1D57647B1D97648B1DA7649B1DC7660
:1092F0004AB1DD764BB1DE764CB1E0764DB1E17628
:109300004EB1E2764FB1E37650B1E47651B1E676F4
:1093100052B1E77653B1E87654B1E97655B1EA76C1
:1093200056B1EB7657B1EC7658B1ED7659B1F0768F
:109330005AB1F3765BB1F5765CB1F6765DB1F7764E
:109340005EB1FA765FB1FB7660B1FD7661B1FF7612
:1093500062B1007763B1027764B1037765B10577D5
:1093600066B1067767B10A7768B10C7769B10E7795
:109370006AB10F776BB110776CB111776DB112775D
:109380006EB113776FB1147770B1157771B116772D
:1093900072B1177773B1187774B11B7775B11C77F9
:1093A00076B11D7777B11E7778B1217779B12377C0
:1093B0007AB124777BB125777CB127777DB12A7785
:1093C0007EB12B7780B12C7781B12E7782B1307747
:1093D00083B1317784B1327785B1337786B1347711
:1093E00087B1397788B13B7789B13D778AB13E77CC
:1093F0008BB13F778CB142778DB144778EB1457791
:109400008FB1467790B1487791B1497792B14A7759
:1094100093B14B7794B14C7795B14D7796B14E7728
:1094200097B14F7798B1527799B153779AB15477F2
:109430009BB155779CB156779DB157779EB15877C0
:109440009FB15977A0B15C77A1B18485A2B1F9969B
:10945000A3B1DD4FA4B12158A5B17199A6B19D5B0F
:10946000A7B1B162A8B1A562A9B1B466AAB1798C5D
:10947000ABB18D9CACB10672ADB16F67AEB19178F6
:10948000AFB1B260B0B15153B1B11753B2B1888F1F
:10949000B3B1CC80B4B11D8DB5B1A194B6B10D50AE
:1094A000B7B1C872B8B10759B9B1EB60BAB11971A7
:1094B000BBB1AB88BCB15459BDB1EF82BEB12C6712
:1094C000BFB1287BC0B1295DC1B1F77EC2B12D7596
:1094D000C3B1F56CC4B1668EC5B1F88FC6B13C900E
:1094E000C7B13B9FC8B1D46BC9B11991CAB1147B44
:1094F000CBB17C5FCCB1A778CDB1D684CEB13D8560
:10950000CFB1D56BD0B1D96BD1B1D66BD2B1015E31
:10951000D3B1875ED4B1F975D5B1ED95D6B15D659E
:10952000D7B10A5FD8B1C55FD9B19F8FDAB1C15841
:10953000DBB1C281DCB17F90DDB15B96DEB1AD976E
:10954000DFB1B98FE0B1167FE1B12C8DE2B141629C
:10955000E3B1BF4FE4B1D853E5B15E53E6B1A88F94
:10956000E7B1A98FE8B1AB8FE9B14D90EAB10768D7
:10957000EBB16A5FECB19881EDB16888EEB1D69C31
:10958000EFB18B61F0B12B52F1B12A76F2B16C5F81
:10959000F3B18C65F4B1D26FF5B1E86EF6B1BE5B94
:1095A000F7B14864F8B17551F9B1B051FAB1C46777
:1095B000FBB1194EFCB1C979FDB17C99FEB1B37014
:1095C00040B25D7741B25E7742B25F7743B2607777
:1095D00044B2647745B2677746B2697747B26A7733
:1095E00048B26D7749B26E774AB26F774BB27077F7
:1095F0004CB271774DB272774EB273774FB27477C7
:1096000050B2757751B2767752B2777753B2787796
:1096100054B27A7755B27B7756B27C7757B281775E
:1096200058B2827759B283775AB286775BB287771E
:109630005CB288775DB289775EB28A775FB28B77EA
:1096400060B28F7761B2907762B2937763B29477AA
:1096500064B2957765B2967766B2977767B2987776
:1096600068B2997769B29A776AB29B776BB29C7746
:109670006CB29D776DB29E776EB2A1776FB2A37711
:1096800070B2A47771B2A67772B2A87773B2AB77D3
:1096900074B2AD7775B2AE7776B2AF7777B2B17795
:1096A00078B2B27779B2B4777AB2B6777BB2B7775D
:1096B0007CB2B8777DB2B9777EB2BA7780B2BC7728
:1096C00081B2BE7782B2C07783B2C17784B2C277EB
:1096D00085B2C37786B2C47787B2C57788B2C677BA
:1096E00089B2C7778AB2C8778BB2C9778CB2CA778A
:1096F0008DB2CB778EB2CC778FB2CE7790B2CF7758
:1097000091B2D07792B2D17793B2D27794B2D37725
:1097100095B2D47796B2D57797B2D67798B2D877F4
:1097200099B2D9779AB2DA779BB2DD779CB2DE77BD
:109730009DB2DF779EB2E0779FB2E177A0B2E47787
:10974000A1B2C575A2B2765EA3B2BB73A4B2E08328
:10975000A5B2AD64A6B2E862A7B2B594A8B2E26CB5
:10976000A9B25A53AAB2C352ABB20F64ACB2C294FC
:10977000ADB2947BAEB22F4FAFB21B5EB0B23682A9
:10978000B1B21681B2B28A81B3B2246EB4B2CA6CDD
:10979000B5B2739AB6B25563B7B25C53B8B2FA5465
:1097A000B9B26588BAB2E057BBB20D4EBCB2035E27
:1097B000BDB2656BBEB23F7CBFB2E890C0B216606E
:1097C000C1B2E664C2B21C73C3B2C188C4B25067EE
:1097D000C5B24D62C6B2228DC7B26C77C8B2298EAF
:1097E000C9B2C791CAB2695FCBB2DC83CCB2218562
:1097F000CDB21099CEB2C253CFB29586D0B28B6B98
:10980000D1B2ED60D2B2E860D3B27F70D4B2CD8273
:10981000D5B23182D6B2D34ED7B2A76CD8B2CF85EB
:10982000D9B2CD64DAB2D97CDBB2FD69DCB2F966BB
:10983000DDB24983DEB29553DFB2567BE0B2A74F6B
:10984000E1B28C51E2B24B6DE3B2425CE4B26D8E98
:10985000E5B2D263E6B2C953E7B22C83E8B23683ED
:10986000E9B2E567EAB2B478EBB23D64ECB2DF5B33
:10987000EDB2945CEEB2EE5DEFB2E78BF0B2C66291
:10988000F1B2F467F2B27A8CF3B20064F4B2BA6364
:10989000F5B24987F6B28B99F7B2178CF8B2207FF0
:1098A000F9B2F294FAB2A74EFBB21096FCB2A498A9
:1098B000FDB20C66FEB2167340B3E67741B3E877AB
:1098C00042B3EA7743B3EF7744B3F07745B3F17728
:1098D00046B3F27747B3F47748B3F57749B3F777F0
:1098E0004AB3F9774BB3FA774CB3FB774DB3FC77B8
:1098F0004EB303784FB3047850B3057851B306786C
:1099000052B3077853B3087854B30A7855B30B7839
:1099100056B30E7857B30F7858B3107859B31378FD
:109920005AB315785BB319785CB31B785DB31E78B6
:109930005EB320785FB3217860B3227861B3247876
:1099400062B3287863B32A7864B32B7865B32E7832
:1099500066B32F7867B3317868B3327869B33378F8
:109960006AB335786BB336786CB33D786DB33F78B6
:109970006EB341786FB3427870B3437871B3447873
:1099800072B3467873B3487874B3497875B34A783C
:1099900076B34B7877B34D7878B34F7879B3517805
:1099A0007AB353787BB354787CB358787DB35978C5
:1099B0007EB35A7880B35B7881B35C7882B35E788B
:1099C00083B35F7884B3607885B3617886B3627857
:1099D00087B3637888B3647889B365788AB3667827
:1099E0008BB367788CB368788DB369788EB36F78F2
:1099F0008FB3707890B3717891B3727892B37378B3
:109A000093B3747894B3757895B3767896B3787881
:109A100097B3797898B37A7899B37B789AB37D784D
:109A20009BB37E789CB37F789DB380789EB381781A
:109A30009FB38278A0B38378A1B33A57A2B31D5CD9
:109A4000A3B3385EA4B37F95A5B37F50A6B3A0801F
:109A5000A7B38253A8B35E65A9B34575AAB33155C0
:109A6000ABB32150ACB3858DADB38462AEB39E94DD
:109A7000AFB31D67B0B33256B1B36E6FB2B3E25D30
:109A8000B3B33554B4B39270B5B3668FB6B36F62E7
:109A9000B7B3A464B8B3A363B9B37B5FBAB3886F39
:109AA000BBB3F490BCB3E381BDB3B08FBEB3185C5D
:109AB000BFB36866C0B3F15FC1B3896CC2B34896E7
:109AC000C3B3818DC4B36C88C5B39164C6B3F07958
:109AD000C7B3CE57C8B3596AC9B31062CAB34854A2
:109AE000CBB3584ECCB30B7ACDB3E960CEB3846F11
:109AF000CFB3DA8BD0B37F62D1B31E90D2B38B9A3F
:109B0000D3B3E479D4B30354D5B3F475D6B30163B6
:109B1000D7B31953D8B3606CD9B3DF8FDAB31B5FF7
:109B2000DBB3709ADCB33B80DDB37F9FDEB3884F3D
:109B3000DFB33A5CE0B3648DE1B3C57FE2B3A56502
:109B4000E3B3BD70E4B34551E5B3B251E6B36B8600
:109B5000E7B3075DE8B3A05BE9B3BD62EAB36C911C
:109B6000EBB37475ECB30C8EEDB3207AEEB30161F8
:109B7000EFB3797BF0B3C74EF1B3F87EF2B38577DC
:109B8000F3B3114EF4B3ED81F5B31D52F6B3FA51B0
:109B9000F7B3716AF8B3A853F9B3878EFAB3049593
:109BA000FBB3CF96FCB3C16EFDB36496FEB35A69A6
:109BB00040B4847841B4857842B4867843B48878D8
:109BC00044B48A7845B48B7846B48F7847B490789B
:109BD00048B4927849B494784AB495784BB496785E
:109BE0004CB499784DB49D784EB49E784FB4A0781B
:109BF00050B4A27851B4A47852B4A67853B4A878DB
:109C000054B4A97855B4AA7856B4AB7857B4AC78A4
:109C100058B4AD7859B4AE785AB4AF785BB4B5786F
:109C20005CB4B6785DB4B7785EB4B8785FB4BA782F
:109C300060B4BB7861B4BC7862B4BD7863B4BF78FB
:109C400064B4C07865B4C27866B4C37867B4C478C5
:109C500068B4C67869B4C7786AB4C8786BB4CC788D
:109C60006CB4CD786DB4CE786EB4CF786FB4D17853
:109C700070B4D27871B4D37872B4D67873B4D7781C
:109C800074B4D87875B4DA7876B4DB7877B4DC78E5
:109C900078B4DD7879B4DE787AB4DF787BB4E078B4
:109CA0007CB4E1787DB4E2787EB4E37880B4E47883
:109CB00081B4E57882B4E67883B4E77884B4E9784F
:109CC00085B4EA7886B4EB7887B4ED7888B4EE781A
:109CD00089B4EF788AB4F0788BB4F1788CB4F378E7
:109CE0008DB4F5788EB4F6788FB4F87890B4F978AE
:109CF00091B4FB7892B4FC7893B4FD7894B4FE7878
:109D000095B4FF7896B4007997B4027998B4037942
:109D100099B404799AB406799BB407799CB408790C
:109D20009DB409799EB40A799FB40B79A0B40C79DB
:109D3000A1B44078A2B4A850A3B4D777A4B4106457
:109D4000A5B4E689A6B40459A7B4E363A8B4DD5D5D
:109D5000A9B47F7AAAB43D69ABB4204FACB43982C0
:109D6000ADB49855AEB4324EAFB4AE75B0B4977AC8
:109D7000B1B4625EB2B48A5EB3B4EF95B4B41B52B0
:109D8000B5B43954B6B48A70B7B47663B8B4249510
:109D9000B9B48257BAB42566BBB43F69BCB48791E5
:109DA000BDB40755BEB4F36DBFB4AF7EC0B4228856
:109DB000C1B43362C2B4F07EC3B4B575C4B42883F1
:109DC000C5B4C178C6B4CC96C7B49E8FC8B4486138
:109DD000C9B4F774CAB4CD8BCBB4646BCCB43A526B
:109DE000CDB4508DCEB4216BCFB46A80D0B4718421
:109DF000D1B4F156D2B40653D3B4CE4ED4B41B4E24
:109E0000D5B4D151D6B4977CD7B48B91D8B4077C54
:109E1000D9B4C34FDAB47F8EDBB4E17BDCB49C7A77
:109E2000DDB46764DEB4145DDFB4AC50E0B4068129
:109E3000E1B40176E2B4B97CE3B4EC6DE4B4E07F64
:109E4000E5B45167E6B4585BE7B4F85BE8B4CB78A7
:109E5000E9B4AE64EAB41364EBB4AA63ECB42B6364
:109E6000EDB41995EEB42D64EFB4BE8FF0B4547B0D
:109E7000F1B42976F2B45362F3B42759F4B44654DA
:109E8000F5B4796BF6B4A350F7B43462F8B4265E37
:109E9000F9B4866BFAB4E34EFBB4378DFCB48B880F
:109EA000FDB4855FFEB42E9040B50D7941B50E79B5
:109EB00042B50F7943B5107944B5117945B512799A
:109EC00046B5147947B5157948B5167949B5177966
:109ED0004AB518794BB519794CB51A794DB51B7936
:109EE0004EB51C794FB51D7950B51F7951B5207904
:109EF00052B5217953B5227954B5237955B52579D1
:109F000056B5267957B5277958B5287959B529799D
:109F10005AB52A795BB52B795CB52C795DB52D796D
:109F20005EB52E795FB52F7960B5307961B531793D
:109F300062B5327963B5337964B5357965B536790B
:109F400066B5377967B5387968B5397969B53D79D6
:109F50006AB53F796BB542796CB543796DB5447993
:109F60006EB545796FB5477970B54A7971B54B795A
:109F700072B54C7973B54D7974B54E7975B54F7925
:109F800076B5507977B5517978B5527979B55479F4
:109F90007AB555797BB558797CB559797DB56179B4
:109FA0007EB5637980B5647981B5667982B5697962
:109FB00083B56A7984B56B7985B56C7986B56E7928
:109FC00087B5707988B5717989B572798AB57379F1
:109FD0008BB574798CB575798DB576798EB57979BF
:109FE0008FB57B7990B57C7991B57D7992B57E7985
:109FF00093B57F7994B5827995B5837996B586794D
:10A0000097B5877998B5887999B589799AB58B7913
:10A010009BB58C799CB58D799DB58E799EB59079DF
:10A020009FB59179A0B59279A1B52060A2B53D8088
:10A03000A3B5C562A4B5394EA5B55553A6B5F890DC
:10A04000A7B5B863A8B5C680A9B5E665AAB52E6C54
:10A05000ABB5464FACB5EE60ADB5E16DAEB5DE8BE0
:10A06000AFB5395FB0B5CB86B1B5535FB2B521633B
:10A07000B3B55A51B4B56183B5B56368B6B500528E
:10A08000B7B56363B8B5488EB9B51250BAB59B5C25
:10A09000BBB57779BCB5FC5BBDB53052BEB53B7A7C
:10A0A000BFB5BC60C0B55390C1B5D776C2B5B75F78
:10A0B000C3B5975FC4B58476C5B56C8EC6B56F70F1
:10A0C000C7B57B76C8B5497BC9B5AA77CAB5F35180
:10A0D000CBB59390CCB52458CDB54E4FCEB5F46EDC
:10A0E000CFB5EA8FD0B54C65D1B51B7BD2B5C47264
:10A0F000D3B5A46DD4B5DF7FD5B5E15AD6B5B56279
:10A10000D7B5955ED8B53057D9B58284DAB52C7BF2
:10A11000DBB51D5EDCB51F5FDDB51290DEB5147FCB
:10A12000DFB5A098E0B58263E1B5C76EE2B5987877
:10A13000E3B5B970E4B57851E5B55B97E6B5AB57D3
:10A14000E7B53575E8B5434FE9B53875EAB5975EBB
:10A15000EBB5E660ECB56059EDB5C06DEEB5BF6B23
:10A16000EFB58978F0B5FC53F1B5D596F2B5CB5182
:10A17000F3B50152F4B58963F5B50A54F6B5939475
:10A18000F7B5038CF8B5CC8DF9B53972FAB59F786F
:10A19000FBB57687FCB5ED8FFDB50D8CFEB5E053B4
:10A1A00040B6937941B6947942B6957943B696799B
:10A1B00044B6977945B6987946B6997947B69B796A
:10A1C00048B69C7949B69D794AB69E794BB69F7937
:10A1D0004CB6A0794DB6A1794EB6A2794FB6A37907
:10A1E00050B6A47951B6A57952B6A67953B6A879D6
:10A1F00054B6A97955B6AA7956B6AB7957B6AC79A3
:10A2000058B6AD7959B6AE795AB6AF795BB6B07972
:10A210005CB6B1795DB6B2795EB6B4795FB6B57940
:10A2200060B6B67961B6B77962B6B87963B6BC790B
:10A2300064B6BF7965B6C27966B6C47967B6C579C2
:10A2400068B6C77969B6C8796AB6CA796BB6CC7987
:10A250006CB6CE796DB6CF796EB6D0796FB6D3794C
:10A2600070B6D47971B6D67972B6D77973B6D97912
:10A2700074B6DA7975B6DB7976B6DC7977B6DD79DE
:10A2800078B6DE7979B6E0797AB6E1797BB6E279AB
:10A290007CB6E5797DB6E8797EB6EA7980B6EC7968
:10A2A00081B6EE7982B6F17983B6F27984B6F37924
:10A2B00085B6F47986B6F57987B6F67988B6F779F2
:10A2C00089B6F9798AB6FA798BB6FC798CB6FE79BB
:10A2D0008DB6FF798EB6017A8FB6047A90B6057A7C
:10A2E00091B6077A92B6087A93B6097A94B60A7A42
:10A2F00095B60C7A96B60F7A97B6107A98B6117A08
:10A3000099B6127A9AB6137A9BB6157A9CB6167AD3
:10A310009DB6187A9EB6197A9FB61B7AA0B61C7A9B
:10A32000A1B6014EA2B6EF76A3B6EE53A4B68994B9
:10A33000A5B67698A6B60E9FA7B62D95A8B69A5B39
:10A34000A9B6A28BAAB6224EABB61C4EACB6AC5187
:10A35000ADB66384AEB6C261AFB6A852B0B60B68F4
:10A36000B1B6974FB2B66B60B3B6BB51B4B61E6D03
:10A37000B5B65C51B6B69662B7B69765B8B6619693
:10A38000B9B6468CBAB61790BBB6D875BCB6FD90B8
:10A39000BDB66377BEB6D26BBFB68A72C0B6EC727A
:10A3A000C1B6FB8BC2B63558C3B67977C4B64C8DEF
:10A3B000C5B65C67C6B64095C7B69A80C8B6A65EF5
:10A3C000C9B6216ECAB69259CBB6EF7ACCB6ED7744
:10A3D000CDB63B95CEB6B56BCFB6AD65D0B60E7FDC
:10A3E000D1B60658D2B65151D3B61F96D4B6F95B42
:10A3F000D5B6A958D6B62854D7B6728ED8B66665E3
:10A40000D9B67F98DAB6E456DBB69D94DCB6FE7614
:10A41000DDB64190DEB68763DFB6C654E0B61A59A2
:10A42000E1B63A59E2B69B57E3B6B28EE4B6356769
:10A43000E5B6FA8DE6B63582E7B64152E8B6F06089
:10A44000E9B61558EAB6FE86EBB6E85CECB6459E72
:10A45000EDB6C44FEEB69D98EFB6B98BF0B6255A5F
:10A46000F1B67660F2B68453F3B67C62F4B64F90E0
:10A47000F5B60291F6B67F99F7B66960F8B60C802A
:10A48000F9B63F51FAB63380FBB6145CFCB6759949
:10A49000FDB6316DFEB68C4E40B71D7A41B71F7ABE
:10A4A00042B7217A43B7227A44B7247A45B7257A4E
:10A4B00046B7267A47B7277A48B7287A49B7297A1C
:10A4C0004AB72A7A4BB72B7A4CB72C7A4DB72D7AEC
:10A4D0004EB72E7A4FB72F7A50B7307A51B7317ABC
:10A4E00052B7327A53B7347A54B7357A55B7367A89
:10A4F00056B7387A57B73A7A58B73E7A59B7407A4A
:10A500005AB7417A5BB7427A5CB7437A5DB7447A0F
:10A510005EB7457A5FB7477A60B7487A61B7497ADC
:10A5200062B74A7A63B74B7A64B74C7A65B74D7AAB
:10A5300066B74E7A67B74F7A68B7507A69B7527A7A
:10A540006AB7537A6BB7547A6CB7557A6DB7567A47
:10A550006EB7587A6FB7597A70B75A7A71B75B7A13
:10A5600072B75C7A73B75D7A74B75E7A75B75F7AE3
:10A5700076B7607A77B7617A78B7627A79B7637AB3
:10A580007AB7647A7BB7657A7CB7667A7DB7677A83
:10A590007EB7687A80B7697A81B76A7A82B76B7A50
:10A5A00083B76C7A84B76D7A85B76E7A86B76F7A1F
:10A5B00087B7717A88B7727A89B7737A8AB7757AEA
:10A5C0008BB77B7A8CB77C7A8DB77D7A8EB77E7AA3
:10A5D0008FB7827A90B7857A91B7877A92B7897A5E
:10A5E00093B78A7A94B78B7A95B78C7A96B78E7A26
:10A5F00097B78F7A98B7907A99B7937A9AB7947AEF
:10A600009BB7997A9CB79A7A9DB79B7A9EB79E7AA8
:10A610009FB7A17AA0B7A27AA1B7308DA2B7D153C4
:10A62000A3B75A7FA4B74F7BA5B7104FA6B74F4E1D
:10A63000A7B70096A8B7D56CA9B7D073AAB7E98514
:10A64000ABB7065EACB76A75ADB7FB7FAEB70A6A4B
:10A65000AFB7FE77B0B79294B1B7417EB2B7E151D0
:10A66000B3B7E670B4B7CD53B5B7D48FB6B70383DD
:10A67000B7B7298DB8B7AF72B9B76D99BAB7DB6CF8
:10A68000BBB74A57BCB7B382BDB7B965BEB7AA80DE
:10A69000BFB73F62C0B73296C1B7A859C2B7FF4E25
:10A6A000C3B7BF8BC4B7BA7EC5B73E65C6B7F28322
:10A6B000C7B75E97C8B76155C9B7DE98CAB7A58056
:10A6C000CBB72A53CCB7FD8BCDB72054CEB7BA80C9
:10A6D000CFB79F5ED0B7B86CD1B7398DD2B7AC8247
:10A6E000D3B75A91D4B72954D5B71B6CD6B70652F5
:10A6F000D7B7B77ED8B75F57D9B71A71DAB77E6CBC
:10A70000DBB7897CDCB74B59DDB7FD4EDEB7FF5FA9
:10A71000DFB72461E0B7AA7CE1B7304EE2B7015C55
:10A72000E3B7AB67E4B70287E5B7F05CE6B70B9534
:10A73000E7B7CE98E8B7AF75E9B7FD70EAB72290F2
:10A74000EBB7AF51ECB71D7FEDB7BD8BEEB74959F5
:10A75000EFB7E451F0B75B4FF1B72654F2B72B597E
:10A76000F3B77765F4B7A480F5B7755BF6B7766293
:10A77000F7B7C262F8B7908FF9B7455EFAB71F6CAA
:10A78000FBB7267BFCB70F4FFDB7D84FFEB70D6761
:10A7900040B8A37A41B8A47A42B8A77A43B8A97A54
:10A7A00044B8AA7A45B8AB7A46B8AE7A47B8AF7A19
:10A7B00048B8B07A49B8B17A4AB8B27A4BB8B47AE4
:10A7C0004CB8B57A4DB8B67A4EB8B77A4FB8B87AB1
:10A7D00050B8B97A51B8BA7A52B8BB7A53B8BC7A81
:10A7E00054B8BD7A55B8BE7A56B8C07A57B8C17A4F
:10A7F00058B8C27A59B8C37A5AB8C47A5BB8C57A1D
:10A800005CB8C67A5DB8C77A5EB8C87A5FB8C97AEC
:10A8100060B8CA7A61B8CC7A62B8CD7A63B8CE7AB9
:10A8200064B8CF7A65B8D07A66B8D17A67B8D27A88
:10A8300068B8D37A69B8D47A6AB8D57A6BB8D77A57
:10A840006CB8D87A6DB8DA7A6EB8DB7A6FB8DC7A21
:10A8500070B8DD7A71B8E17A72B8E27A73B8E47AE6
:10A8600074B8E77A75B8E87A76B8E97A77B8EA7AA8
:10A8700078B8EB7A79B8EC7A7AB8EE7A7BB8F07A75
:10A880007CB8F17A7DB8F27A7EB8F37A80B8F47A3F
:10A8900081B8F57A82B8F67A83B8F77A84B8F87A0C
:10A8A00085B8FB7A86B8FC7A87B8FE7A88B8007BD0
:10A8B00089B8017B8AB8027B8BB8057B8CB8077B93
:10A8C0008DB8097B8EB80C7B8FB80D7B90B80E7B52
:10A8D00091B8107B92B8127B93B8137B94B8167B17
:10A8E00095B8177B96B8187B97B81A7B98B81C7BDD
:10A8F00099B81D7B9AB81F7B9BB8217B9CB8227BA3
:10A900009DB8237B9EB8277B9FB8297BA0B82D7B61
:10A91000A1B86E6DA2B8AA6DA3B88F79A4B8B1889A
:10A92000A5B8175FA6B82B75A7B89A62A8B8858F87
:10A93000A9B8EF4FAAB8DC91ABB8A765ACB82F8126
:10A94000ADB85181AEB89C5EAFB85081B0B8748DCF
:10A95000B1B86F52B2B88689B3B84B8DB4B80D593F
:10A96000B5B88550B6B8D84EB7B81C96B8B83672D8
:10A97000B9B87981BAB81F8DBBB8CC5BBCB8A38B12
:10A98000BDB84496BEB88759BFB81A7FC0B89054B6
:10A99000C1B87656C2B80E56C3B8E58BC4B839658F
:10A9A000C5B88269C6B89994C7B8D676C8B8896E52
:10A9B000C9B8725ECAB81875CBB84667CCB8D1674B
:10A9C000CDB8FF7ACEB89D80CFB8768DD0B81F6154
:10A9D000D1B8C679D2B86265D3B8638DD4B888517E
:10A9E000D5B81A52D6B8A294D7B8387FD8B89B80B9
:10A9F000D9B8B27EDAB8975CDBB82F6EDCB8606786
:10AA0000DDB8D97BDEB88B76DFB8D89AE0B88F8115
:10AA1000E1B8947FE2B8D57CE3B81E64E4B8509501
:10AA2000E5B83F7AE6B84A54E7B8E554E8B84C6B65
:10AA3000E9B80164EAB80862EBB83D9EECB8F3806F
:10AA4000EDB89975EEB87252EFB86997F0B85B84BB
:10AA5000F1B83C68F2B8E486F3B80196F4B894967D
:10AA6000F5B8EC94F6B82A4EF7B80454F8B8D97E85
:10AA7000F9B83968FAB8DF8DFBB81580FCB8F46610
:10AA8000FDB89A5EFEB8B97F40B92F7B41B9307BE3
:10AA900042B9327B43B9347B44B9357B45B9367B07
:10AAA00046B9377B47B9397B48B93B7B49B93D7BD0
:10AAB0004AB93F7B4BB9407B4CB9417B4DB9427B96
:10AAC0004EB9437B4FB9447B50B9467B51B9487B63
:10AAD00052B94A7B53B94D7B54B94E7B55B9537B20
:10AAE00056B9557B57B9577B58B9597B59B95C7BD7
:10AAF0005AB95E7B5BB95F7B5CB9617B5DB9637B97
:10AB00005EB9647B5FB9657B60B9667B61B9677B61
:10AB100062B9687B63B9697B64B96A7B65B96B7B31
:10AB200066B96C7B67B96D7B68B96F7B69B9707BFF
:10AB30006AB9737B6BB9747B6CB9767B6DB9787BC2
:10AB40006EB97A7B6FB97C7B70B97D7B71B97F7B85
:10AB500072B9817B73B9827B74B9837B75B9847B4D
:10AB600076B9867B77B9877B78B9887B79B9897B19
:10AB70007AB98A7B7BB98B7B7CB98C7B7DB98E7BE8
:10AB80007EB98F7B80B9917B81B9927B82B9937BAF
:10AB900083B9967B84B9987B85B9997B86B99A7B72
:10ABA00087B99B7B88B99E7B89B99F7B8AB9A07B3B
:10ABB0008BB9A37B8CB9A47B8DB9A57B8EB9AE7BF9
:10ABC0008FB9AF7B90B9B07B91B9B27B92B9B37BAF
:10ABD00093B9B57B94B9B67B95B9B77B96B9B97B78
:10ABE00097B9BA7B98B9BB7B99B9BC7B9AB9BD7B45
:10ABF0009BB9BE7B9CB9BF7B9DB9C07B9EB9C27B14
:10AC00009FB9C37BA0B9C47BA1B9C257A2B93F8089
:10AC1000A3B99768A4B9E55DA5B93B65A6B99F52EC
:10AC2000A7B96D60A8B99A9FA9B99B4FAAB9AC8E74
:10AC3000ABB96C51ACB9AB5BADB9135FAEB9E95D03
:10AC4000AFB95E6CB0B9F162B1B9218DB2B97151D1
:10AC5000B3B9A994B4B9FE52B5B99F6CB6B9DF8245
:10AC6000B7B9D772B8B9A257B9B98467BAB92D8D37
:10AC7000BBB91F59BCB99C8FBDB9C783BEB9955428
:10AC8000BFB98D7BC0B9304FC1B9BD6CC2B9645B6F
:10AC9000C3B9D159C4B9139FC5B9E453C6B9CA865B
:10ACA000C7B9A89AC8B9378CC9B9A180CAB94565CE
:10ACB000CBB97E98CCB9FA56CDB9C796CEB92E523B
:10ACC000CFB9DC74D0B95052D1B9E15BD2B90263CB
:10ACD000D3B90289D4B9564ED5B9D062D6B92A6053
:10ACE000D7B9FA68D8B97351D9B9985BDAB9A05114
:10ACF000DBB9C289DCB9A17BDDB98699DEB9507FA9
:10AD0000DFB9EF60E0B94C70E1B92F8DE2B949517C
:10AD1000E3B97F5EE4B91B90E5B97074E6B9C48904
:10AD2000E7B92D57E8B94578E9B9525FEAB99F9F6D
:10AD3000EBB9FA95ECB9688FEDB93C9BEEB9E18BB4
:10AD4000EFB97876F0B94268F1B9DC67F2B9EA8D0B
:10AD5000F3B9358DF4B93D52F5B98A8FF6B9DA6E8B
:10AD6000F7B9CD68F8B90595F9B9ED90FAB9FD567E
:10AD7000FBB99C67FCB9F988FDB9C78FFEB9C85407
:10AD800040BAC57B41BAC87B42BAC97B43BACA7BC9
:10AD900044BACB7B45BACD7B46BACE7B47BACF7B94
:10ADA00048BAD07B49BAD27B4ABAD47B4BBAD57B5E
:10ADB0004CBAD67B4DBAD77B4EBAD87B4FBADB7B29
:10ADC00050BADC7B51BADE7B52BADF7B53BAE07BF0
:10ADD00054BAE27B55BAE37B56BAE47B57BAE77BB9
:10ADE00058BAE87B59BAE97B5ABAEB7B5BBAEC7B81
:10ADF0005CBAED7B5DBAEF7B5EBAF07B5FBAF27B4B
:10AE000060BAF37B61BAF47B62BAF57B63BAF67B16
:10AE100064BAF87B65BAF97B66BAFA7B67BAFB7BE2
:10AE200068BAFD7B69BAFF7B6ABA007C6BBA017CA9
:10AE30006CBA027C6DBA037C6EBA047C6FBA057C76
:10AE400070BA067C71BA087C72BA097C73BA0A7C43
:10AE500074BA0D7C75BA0E7C76BA107C77BA117C08
:10AE600078BA127C79BA137C7ABA147C7BBA157CD6
:10AE70007CBA177C7DBA187C7EBA197C80BA1A7CA1
:10AE800081BA1B7C82BA1C7C83BA1D7C84BA1E7C6E
:10AE900085BA207C86BA217C87BA227C88BA237C3A
:10AEA00089BA247C8ABA257C8BBA287C8CBA297C06
:10AEB0008DBA2B7C8EBA2C7C8FBA2D7C90BA2E7CCE
:10AEC00091BA2F7C92BA307C93BA317C94BA327C9E
:10AED00095BA337C96BA347C97BA357C98BA367C6E
:10AEE00099BA377C9ABA397C9BBA3A7C9CBA3B7C3B
:10AEF0009DBA3C7C9EBA3D7C9FBA3E7CA0BA427C07
:10AF0000A1BAB89AA2BA695BA3BA776DA4BA266C43
:10AF1000A5BAA54EA6BAB35BA7BA879AA8BA639199
:10AF2000A9BAA861AABAAF90ABBAE997ACBA2B5448
:10AF3000ADBAB56DAEBAD25BAFBAFD51B0BA8A55F3
:10AF4000B1BA557FB2BAF07FB3BABC64B4BA4D633C
:10AF5000B5BAF165B6BABE61B7BA8D60B8BA0A7152
:10AF6000B9BA576CBABA496CBBBA2F59BCBA6D673B
:10AF7000BDBA2A82BEBAD558BFBA8E56C0BA6A8C3C
:10AF8000C1BAEB6BC2BADD90C3BA7D59C4BA17809F
:10AF9000C5BAF753C6BA696DC7BA7554C8BA9D55D4
:10AFA000C9BA7783CABACF83CBBA3868CCBABE796C
:10AFB000CDBA8C54CEBA554FCFBA0854D0BAD27647
:10AFC000D1BA898CD2BA0296D3BAB36CD4BAB86D5E
:10AFD000D5BA6B8DD6BA1089D7BA649ED8BA3A8DD5
:10AFE000D9BA3F56DABAD19EDBBAD575DCBA885FDA
:10AFF000DDBAE072DEBA6860DFBAFC54E0BAA84E8F
:10B00000E1BA2A6AE2BA6188E3BA5260E4BA708FA0
:10B01000E5BAC454E6BAD870E7BA7986E8BA3F9E72
:10B02000E9BA2A6DEABA8F5BEBBA185FECBAA27E76
:10B03000EDBA8955EEBAAF4FEFBA3473F0BA3C545B
:10B04000F1BA9A53F2BA1950F3BA0E54F4BA7C54C6
:10B05000F5BA4E4EF6BAFD5FF7BA5A74F8BAF6581A
:10B06000F9BA6B84FABAE180FBBA7487FCBAD07281
:10B07000FDBACA7CFEBA566E40BB437C41BB447CE1
:10B0800042BB457C43BB467C44BB477C45BB487CBC
:10B0900046BB497C47BB4A7C48BB4B7C49BB4C7C8C
:10B0A0004ABB4E7C4BBB4F7C4CBB507C4DBB517C58
:10B0B0004EBB527C4FBB537C50BB547C51BB557C28
:10B0C00052BB567C53BB577C54BB587C55BB597CF8
:10B0D00056BB5A7C57BB5B7C58BB5C7C59BB5D7CC8
:10B0E0005ABB5E7C5BBB5F7C5CBB607C5DBB617C98
:10B0F0005EBB627C5FBB637C60BB647C61BB657C68
:10B1000062BB667C63BB677C64BB687C65BB697C37
:10B1100066BB6A7C67BB6B7C68BB6C7C69BB6D7C07
:10B120006ABB6E7C6BBB6F7C6CBB707C6DBB717CD7
:10B130006EBB727C6FBB757C70BB767C71BB777CA1
:10B1400072BB787C73BB797C74BB7A7C75BB7E7C6C
:10B1500076BB7F7C77BB807C78BB817C79BB827C33
:10B160007ABB837C7BBB847C7CBB857C7DBB867C03
:10B170007EBB877C80BB887C81BB8A7C82BB8B7CCE
:10B1800083BB8C7C84BB8D7C85BB8E7C86BB8F7C9B
:10B1900087BB907C88BB937C89BB947C8ABB967C64
:10B1A0008BBB997C8CBB9A7C8DBB9B7C8EBBA07C23
:10B1B0008FBBA17C90BBA37C91BBA67C92BBA77CE0
:10B1C00093BBA87C94BBA97C95BBAB7C96BBAC7CA9
:10B1D00097BBAD7C98BBAF7C99BBB07C9ABBB47C71
:10B1E0009BBBB57C9CBBB67C9DBBB77C9EBBB87C37
:10B1F0009FBBBA7CA0BBBB7CA1BB275FA2BB4E861A
:10B20000A3BB2C55A4BBA462A5BB924EA6BBAA6C43
:10B21000A7BB3762A8BBB182A9BBD754AABB4E5308
:10B22000ABBB3E73ACBBD16EADBB3B75AEBB12527C
:10B23000AFBB1653B0BBDD8BB1BBD069B2BB8A5F6D
:10B24000B3BB0060B4BBEE6DB5BB4F57B6BB226B52
:10B25000B7BBAF73B8BB5368B9BBD88FBABB137F4A
:10B26000BBBB6263BCBBA360BDBB2455BEBBEA7560
:10B27000BFBB628CC0BB1571C1BBA36DC2BBA65B5B
:10B28000C3BB7B5EC4BB5283C5BB4C61C6BBC49E03
:10B29000C7BBFA78C8BB5787C9BB277CCABB8776B0
:10B2A000CBBBF051CCBBF660CDBB4C71CEBB436683
:10B2B000CFBB4C5ED0BB4D60D1BB0E8CD2BB70708F
:10B2C000D3BB2563D4BB898FD5BBBD5FD6BB6260C2
:10B2D000D7BBD486D8BBDE56D9BBC16BDABB946072
:10B2E000DBBB6761DCBB4953DDBBE060DEBB666690
:10B2F000DFBB3F8DE0BBFD79E1BB1A4FE2BBE970DC
:10B30000E3BB476CE4BBB38BE5BBF28BE6BBD87EFB
:10B31000E7BB6483E8BB0F66E9BB5A5AEABB429BB2
:10B32000EBBB516DECBBF76DEDBB418CEEBB3B6DE8
:10B33000EFBB194FF0BB6B70F1BBB783F2BB16626A
:10B34000F3BBD160F4BB0D97F5BB278DF6BB7879C5
:10B35000F7BBFB51F8BB3E57F9BBFA57FABB3A674C
:10B36000FBBB7875FCBB3D7AFDBBEF79FEBB957BE3
:10B3700040BCBF7C41BCC07C42BCC27C43BCC37CE3
:10B3800044BCC47C45BCC67C46BCC97C47BCCB7CA9
:10B3900048BCCE7C49BCCF7C4ABCD07C4BBCD17C69
:10B3A0004CBCD27C4DBCD37C4EBCD47C4FBCD87C36
:10B3B00050BCDA7C51BCDB7C52BCDD7C53BCDE7CF7
:10B3C00054BCE17C55BCE27C56BCE37C57BCE47CBD
:10B3D00058BCE57C59BCE67C5ABCE77C5BBCE97C8C
:10B3E0005CBCEA7C5DBCEB7C5EBCEC7C5FBCED7C59
:10B3F00060BCEE7C61BCF07C62BCF17C63BCF27C26
:10B4000064BCF37C65BCF47C66BCF57C67BCF67CF4
:10B4100068BCF77C69BCF97C6ABCFA7C6BBCFC7CC0
:10B420006CBCFD7C6DBCFE7C6EBCFF7C6FBC007D8B
:10B4300070BC017D71BC027D72BC037D73BC047D58
:10B4400074BC057D75BC067D76BC077D77BC087D28
:10B4500078BC097D79BC0B7D7ABC0C7D7BBC0D7DF5
:10B460007CBC0E7D7DBC0F7D7EBC107D80BC117DC3
:10B4700081BC127D82BC137D83BC147D84BC157D90
:10B4800085BC167D86BC177D87BC187D88BC197D60
:10B4900089BC1A7D8ABC1B7D8BBC1C7D8CBC1D7D30
:10B4A0008DBC1E7D8EBC1F7D8FBC217D90BC237DFD
:10B4B00091BC247D92BC257D93BC267D94BC287DC7
:10B4C00095BC297D96BC2A7D97BC2C7D98BC2D7D92
:10B4D00099BC2E7D9ABC307D9BBC317D9CBC327D5D
:10B4E0009DBC337D9EBC347D9FBC357DA0BC367D2C
:10B4F000A1BC8C80A2BC6599A3BCF98FA4BCC06F11
:10B50000A5BCA58BA6BC219EA7BCEC59A8BCE97E16
:10B51000A9BC097FAABC0954ABBC8167ACBCD86884
:10B52000ADBC918FAEBC4D7CAFBCC696B0BCCA530F
:10B53000B1BC2560B2BCBE75B3BC726CB4BC7353F5
:10B54000B5BCC95AB6BCA77EB7BC2463B8BCE05131
:10B55000B9BC0A81BABCF15DBBBCDF84BCBC8062F3
:10B56000BDBC8051BEBC635BBFBC0E4FC0BC6D791F
:10B57000C1BC4252C2BCB860C3BC4E6DC4BCC45B4B
:10B58000C5BCC25BC6BCA18BC7BCB08BC8BCE265E6
:10B59000C9BCCC5FCABC4596CBBC9359CCBCE77E3A
:10B5A000CDBCAA7ECEBC0956CFBCB767D0BC39593A
:10B5B000D1BC734FD2BCB65BD3BCA052D4BC5A83AF
:10B5C000D5BC8A98D6BC3E8DD7BC3275D8BCBE944B
:10B5D000D9BC4750DABC3C7ADBBCF74EDCBCB66762
:10B5E000DDBC7E9ADEBCC15ADFBC7C6BE0BCD17690
:10B5F000E1BC5A57E2BC165CE3BC3A7BE4BCF49570
:10B60000E5BC4E71E6BC7C51E7BCA980E8BC708209
:10B61000E9BC7859EABC047FEBBC2783ECBCC0686A
:10B62000EDBCEC67EEBCB178EFBC7778F0BCE362C0
:10B63000F1BC6163F2BC807BF3BCED4FF4BC6A5299
:10B64000F5BCCF51F6BC5083F7BCDB69F8BC7492F3
:10B65000F9BCF58DFABC318DFBBCC189FCBC2E95C3
:10B66000FDBCAD7BFEBCF64E40BD377D41BD387D97
:10B6700042BD397D43BD3A7D44BD3B7D45BD3C7DEA
:10B6800046BD3D7D47BD3E7D48BD3F7D49BD407DBA
:10B690004ABD417D4BBD427D4CBD437D4DBD447D8A
:10B6A0004EBD457D4FBD467D50BD477D51BD487D5A
:10B6B00052BD497D53BD4A7D54BD4B7D55BD4C7D2A
:10B6C00056BD4D7D57BD4E7D58BD4F7D59BD507DFA
:10B6D0005ABD517D5BBD527D5CBD537D5DBD547DCA
:10B6E0005EBD557D5FBD567D60BD577D61BD587D9A
:10B6F00062BD597D63BD5A7D64BD5B7D65BD5C7D6A
:10B7000066BD5D7D67BD5E7D68BD5F7D69BD607D39
:10B710006ABD617D6BBD627D6CBD637D6DBD647D09
:10B720006EBD657D6FBD667D70BD677D71BD687DD9
:10B7300072BD697D73BD6A7D74BD6B7D75BD6C7DA9
:10B7400076BD6D7D77BD6F7D78BD707D79BD717D76
:10B750007ABD727D7BBD737D7CBD747D7DBD757D45
:10B760007EBD767D80BD787D81BD797D82BD7A7D0F
:10B7700083BD7B7D84BD7C7D85BD7D7D86BD7E7DDD
:10B7800087BD7F7D88BD807D89BD817D8ABD827DAD
:10B790008BBD837D8CBD847D8DBD857D8EBD867D7D
:10B7A0008FBD877D90BD887D91BD897D92BD8A7D4D
:10B7B00093BD8B7D94BD8C7D95BD8D7D96BD8E7D1D
:10B7C00097BD8F7D98BD907D99BD917D9ABD927DED
:10B7D0009BBD937D9CBD947D9DBD957D9EBD967DBD
:10B7E0009FBD977DA0BD987DA1BD6550A2BD308253
:10B7F000A3BD5152A4BD6F99A5BD106EA6BD856EA7
:10B80000A7BDA76DA8BDFA5EA9BDF550AABDDC59BC
:10B81000ABBD065CACBD466DADBD5F6CAEBD8675A7
:10B82000AFBD8B84B0BD6868B1BD5659B2BDB28B97
:10B83000B3BD2053B4BD7191B5BD4D96B6BD49851C
:10B84000B7BD1269B8BD0179B9BD2671BABDF68020
:10B85000BBBDA44EBCBDCA90BDBD476DBEBD849AE4
:10B86000BFBD075AC0BDBC56C1BD0564C2BDF09482
:10B87000C3BDEB77C4BDA54FC5BD1A81C6BDE1727E
:10B88000C7BDD289C8BD7A99C9BD347FCABDDE7E25
:10B89000CBBD7F52CCBD5965CDBD7591CEBD7F8FDF
:10B8A000CFBD838FD0BDEB53D1BD967AD2BDED63B2
:10B8B000D3BDA563D4BD8676D5BDF879D6BD5788EE
:10B8C000D7BD3696D8BD2A62D9BDAB52DABD8282C9
:10B8D000DBBD5468DCBD7067DDBD7763DEBD6B77B3
:10B8E000DFBDED7AE0BD016DE1BDD37EE2BDE38950
:10B8F000E3BDD059E4BD1262E5BDC985E6BDA582B0
:10B90000E7BD4C75E8BD1F50E9BDCB4EEABDA5753E
:10B91000EBBDEB8BECBD4A5CEDBDFE5DEEBD4B7B44
:10B92000EFBDA465F0BDD191F1BDCA4EF2BD256D4C
:10B93000F3BD5F89F4BD277DF5BD2695F6BDC54EE7
:10B94000F7BD288CF8BDDB8FF9BD7397FABD4B6648
:10B95000FBBD8179FCBDD18FFDBDEC70FEBD786D66
:10B9600040BE997D41BE9A7D42BE9B7D43BE9C7D7B
:10B9700044BE9D7D45BE9E7D46BE9F7D47BEA07D4B
:10B9800048BEA17D49BEA27D4ABEA37D4BBEA47D1B
:10B990004CBEA57D4DBEA77D4EBEA87D4FBEA97DE8
:10B9A00050BEAA7D51BEAB7D52BEAC7D53BEAD7DB7
:10B9B00054BEAF7D55BEB07D56BEB17D57BEB27D83
:10B9C00058BEB37D59BEB47D5ABEB57D5BBEB67D53
:10B9D0005CBEB77D5DBEB87D5EBEB97D5FBEBA7D23
:10B9E00060BEBB7D61BEBC7D62BEBD7D63BEBE7DF3
:10B9F00064BEBF7D65BEC07D66BEC17D67BEC27DC3
:10BA000068BEC37D69BEC47D6ABEC57D6BBEC67D92
:10BA10006CBEC77D6DBEC87D6EBEC97D6FBECA7D62
:10BA200070BECB7D71BECC7D72BECD7D73BECE7D32
:10BA300074BECF7D75BED07D76BED17D77BED27D02
:10BA400078BED37D79BED47D7ABED57D7BBED67DD2
:10BA50007CBED77D7DBED87D7EBED97D80BEDA7DA1
:10BA600081BEDB7D82BEDC7D83BEDD7D84BEDE7D6E
:10BA700085BEDF7D86BEE07D87BEE17D88BEE27D3E
:10BA800089BEE37D8ABEE47D8BBEE57D8CBEE67D0E
:10BA90008DBEE77D8EBEE87D8FBEE97D90BEEA7DDE
:10BAA00091BEEB7D92BEEC7D93BEED7D94BEEE7DAE
:10BAB00095BEEF7D96BEF07D97BEF17D98BEF27D7E
:10BAC00099BEF37D9ABEF47D9BBEF57D9CBEF67D4E
:10BAD0009DBEF77D9EBEF87D9FBEF97DA0BEFA7D1E
:10BAE000A1BE3D5CA2BEB252A3BE4683A4BE6251BB
:10BAF000A5BE0E83A6BE5B77A7BE7666A8BEB89C21
:10BB0000A9BEAC4EAABECA60ABBEBE7CACBEB37C06
:10BB1000ADBECF7EAEBE954EAFBE668BB0BE6F667D
:10BB2000B1BE8898B2BE5997B3BE8358B4BE6C6597
:10BB3000B5BE5C95B6BE845FB7BEC975B8BE569734
:10BB4000B9BEDF7ABABEDE7ABBBEC051BCBEAF7032
:10BB5000BDBE987ABEBEEA63BFBE767AC0BEA07E86
:10BB6000C1BE9673C2BEED97C3BE454EC4BE7870CB
:10BB7000C5BE5D4EC6BE5291C7BEA953C8BE516573
:10BB8000C9BEE765CABEFC81CBBE0582CCBE8E5461
:10BB9000CDBE315CCEBE9A75CFBEA097D0BED86266
:10BBA000D1BED972D2BEBD75D3BE455CD4BE799A22
:10BBB000D5BECA83D6BE405CD7BE8054D8BEE97716
:10BBC000D9BE3E4EDABEAE6CDBBE5A80DCBED2625F
:10BBD000DDBE6E63DEBEE85DDFBE7751E0BEDD8DAB
:10BBE000E1BE1E8EE2BE2F95E3BEF14FE4BEE553EB
:10BBF000E5BEE760E6BEAC70E7BE6752E8BE5063E4
:10BC0000E9BE439EEABE1F5AEBBE2650ECBE377714
:10BC1000EDBE7753EEBEE27EEFBE8564F0BE2B65CF
:10BC2000F1BE8962F2BE9863F3BE1450F4BE357261
:10BC3000F5BEC989F6BEB351F7BEC08BF8BEDD7E36
:10BC4000F9BE4757FABECC83FBBEA794FCBE9B51FE
:10BC5000FDBE1B54FEBEFB5C40BFFB7D41BFFC7DB7
:10BC600042BFFD7D43BFFE7D44BFFF7D45BF007EDB
:10BC700046BF017E47BF027E48BF037E49BF047EA8
:10BC80004ABF057E4BBF067E4CBF077E4DBF087E78
:10BC90004EBF097E4FBF0A7E50BF0B7E51BF0C7E48
:10BCA00052BF0D7E53BF0E7E54BF0F7E55BF107E18
:10BCB00056BF117E57BF127E58BF137E59BF147EE8
:10BCC0005ABF157E5BBF167E5CBF177E5DBF187EB8
:10BCD0005EBF197E5FBF1A7E60BF1B7E61BF1C7E88
:10BCE00062BF1D7E63BF1E7E64BF1F7E65BF207E58
:10BCF00066BF217E67BF227E68BF237E69BF247E28
:10BD00006ABF257E6BBF267E6CBF277E6DBF287EF7
:10BD10006EBF297E6FBF2A7E70BF2B7E71BF2C7EC7
:10BD200072BF2D7E73BF2E7E74BF2F7E75BF307E97
:10BD300076BF317E77BF327E78BF337E79BF347E67
:10BD40007ABF357E7BBF367E7CBF377E7DBF387E37
:10BD50007EBF397E80BF3A7E81BF3C7E82BF3D7E02
:10BD600083BF3E7E84BF3F7E85BF407E86BF427ECE
:10BD700087BF437E88BF447E89BF457E8ABF467E9B
:10BD80008BBF487E8CBF497E8DBF4A7E8EBF4B7E67
:10BD90008FBF4C7E90BF4D7E91BF4E7E92BF4F7E37
:10BDA00093BF507E94BF517E95BF527E96BF537E07
:10BDB00097BF547E98BF557E99BF567E9ABF577ED7
:10BDC0009BBF587E9CBF597E9DBF5A7E9EBF5B7EA7
:10BDD0009FBF5C7EA0BF5D7EA1BFCA4FA2BFE37ABA
:10BDE000A3BF5A6DA4BFE190A5BF8F9AA6BF80558F
:10BDF000A7BF9654A8BF6153A9BFAF54AABF005FA5
:10BE0000ABBFE963ACBF7769ADBFEF51AEBF68614F
:10BE1000AFBF0A52B0BF2A58B1BFD852B2BF4E57B7
:10BE2000B3BF0D78B4BF0B77B5BFB75EB6BF776150
:10BE3000B7BFE07CB8BF5B62B9BF9762BABFA24E22
:10BE4000BBBF9570BCBF0380BDBFF762BEBFE470CF
:10BE5000BFBF6097C0BF7757C1BFDB82C2BFEF676C
:10BE6000C3BFF568C4BFD578C5BF9798C6BFD179A1
:10BE7000C7BFF358C8BFB354C9BFEF53CABF346E6E
:10BE8000CBBF4B51CCBF3B52CDBFA25BCEBFFE8BD5
:10BE9000CFBFAF80D0BF4355D1BFA657D2BF7360CD
:10BEA000D3BF5157D4BF2D54D5BF7A7AD6BF506077
:10BEB000D7BF545BD8BFA763D9BFA062DABFE35333
:10BEC000DBBF6362DCBFC75BDDBFAF67DEBFED54C6
:10BED000DFBF9F7AE0BFE682E1BF7791E2BF935E6A
:10BEE000E3BFE488E4BF3859E5BFAE57E6BF0E6351
:10BEF000E7BFE88DE8BFEF80E9BF5757EABF777B20
:10BF0000EBBFA94FECBFEB5FEDBFBD5BEEBF3E6B80
:10BF1000EFBF2153F0BF507BF1BFC272F2BF466842
:10BF2000F3BFFF77F4BF3677F5BFF765F6BFB551BE
:10BF3000F7BF8F4EF8BFD476F9BFBF5CFABFA57AC2
:10BF4000FBBF7584FCBF4E59FDBF419BFEBF8050B7
:10BF500040C05E7E41C05F7E42C0607E43C0617E65
:10BF600044C0627E45C0637E46C0647E47C0657E35
:10BF700048C0667E49C0677E4AC0687E4BC0697E05
:10BF80004CC06A7E4DC06B7E4EC06C7E4FC06D7ED5
:10BF900050C06E7E51C06F7E52C0707E53C0717EA5
:10BFA00054C0727E55C0737E56C0747E57C0757E75
:10BFB00058C0767E59C0777E5AC0787E5BC0797E45
:10BFC0005CC07A7E5DC07B7E5EC07C7E5FC07D7E15
:10BFD00060C07E7E61C07F7E62C0807E63C0817EE5
:10BFE00064C0837E65C0847E66C0857E67C0867EB1
:10BFF00068C0877E69C0887E6AC0897E6BC08A7E81
:10C000006CC08B7E6DC08C7E6EC08D7E6FC08E7E50
:10C0100070C08F7E71C0907E72C0917E73C0927E20
:10C0200074C0937E75C0947E76C0957E77C0967EF0
:10C0300078C0977E79C0987E7AC0997E7BC09A7EC0
:10C040007CC09C7E7DC09D7E7EC09E7E80C0AE7E7C
:10C0500081C0B47E82C0BB7E83C0BC7E84C0D67EDD
:10C0600085C0E47E86C0EC7E87C0F97E88C00A7FEA
:10C0700089C0107F8AC01E7F8BC0377F8CC0397FFC
:10C080008DC03B7F8EC03C7F8FC03D7F90C03E7F88
:10C0900091C03F7F92C0407F93C0417F94C0437F57
:10C0A00095C0467F96C0477F97C0487F98C0497F1C
:10C0B00099C04A7F9AC04B7F9BC04C7F9CC04D7FEC
:10C0C0009DC04E7F9EC04F7F9FC0527FA0C0537FB8
:10C0D000A1C08899A2C02761A3C0836EA4C0645781
:10C0E000A5C00666A6C04663A7C0F056A8C0EC620D
:10C0F000A9C06962AAC0D35EABC01496ACC0835716
:10C10000ADC0C962AEC08755AFC02187B0C04A81FB
:10C11000B1C0A38FB2C06655B3C0B183B4C0656768
:10C12000B5C0568DB6C0DD84B7C06A5AB8C00F68B6
:10C13000B9C0E662BAC0EE7BBBC01196BCC07051FC
:10C14000BDC09C6FBEC0308CBFC0FD63C0C0C8897D
:10C15000C1C0D261C2C0067FC3C0C270C4C0E56E98
:10C16000C5C00574C6C09469C7C0FC72C8C0CA5EA9
:10C17000C9C0CE90CAC01767CBC06A6DCCC05E6321
:10C18000CDC0B352CEC06272CFC00180D0C06C4F60
:10C19000D1C0E559D2C06A91D3C0D970D4C09D6DC9
:10C1A000D5C0D252D6C0504ED7C0F796D8C06D95E4
:10C1B000D9C07E85DAC0CA78DBC02F7DDCC02151B2
:10C1C000DDC09257DEC0C264DFC08B80E0C07B7CE4
:10C1D000E1C0EA6CE2C0F168E3C05E69E4C0B75157
:10C1E000E5C09853E6C0A868E7C08172E8C0CE9E5B
:10C1F000E9C0F17BEAC0F872EBC0BB79ECC0136F09
:10C20000EDC00674EEC04E67EFC0CC91F0C0A49CA8
:10C21000F1C03C79F2C08983F3C05483F4C00F5459
:10C22000F5C01768F6C03D4EF7C08953F8C0B1524B
:10C23000F9C03E78FAC08653FBC02952FCC0885032
:10C24000FDC08B4FFEC0D04F40C1567F41C1597FCA
:10C2500042C15B7F43C15C7F44C15D7F45C15E7F5E
:10C2600046C1607F47C1637F48C1647F49C1657F24
:10C270004AC1667F4BC1677F4CC16B7F4DC16C7FEC
:10C280004EC16D7F4FC16F7F50C1707F51C1737FB1
:10C2900052C1757F53C1767F54C1777F55C1787F76
:10C2A00056C17A7F57C17B7F58C17C7F59C17D7F42
:10C2B0005AC17F7F5BC1807F5CC1827F5DC1837F0C
:10C2C0005EC1847F5FC1857F60C1867F61C1877FDA
:10C2D00062C1887F63C1897F64C18B7F65C18D7FA7
:10C2E00066C18F7F67C1907F68C1917F69C1927F6E
:10C2F0006AC1937F6BC1957F6CC1967F6DC1977F3B
:10C300006EC1987F6FC1997F70C19B7F71C19C7F07
:10C3100072C1A07F73C1A27F74C1A37F75C1A57FC5
:10C3200076C1A67F77C1A87F78C1A97F79C1AA7F8E
:10C330007AC1AB7F7BC1AC7F7CC1AD7F7DC1AE7F5D
:10C340007EC1B17F80C1B37F81C1B47F82C1B57F1F
:10C3500083C1B67F84C1B77F85C1BA7F86C1BB7FE9
:10C3600087C1BE7F88C1C07F89C1C27F8AC1C37FA8
:10C370008BC1C47F8CC1C67F8DC1C77F8EC1C87F72
:10C380008FC1C97F90C1CB7F91C1CD7F92C1CF7F3B
:10C3900093C1D07F94C1D17F95C1D27F96C1D37F05
:10C3A00097C1D67F98C1D77F99C1D97F9AC1DA7FCB
:10C3B0009BC1DB7F9CC1DC7F9DC1DD7F9EC1DE7F99
:10C3C0009FC1E27FA0C1E37FA1C1E275A2C1CB7A88
:10C3D000A3C1927CA4C1A56CA5C1B696A6C19B526F
:10C3E000A7C18374A8C1E954A9C1E94FAAC1548067
:10C3F000ABC1B283ACC1DE8FADC17095AEC1C95EB9
:10C40000AFC11C60B0C19F6DB1C1185EB2C15B65A8
:10C41000B3C13881B4C1FE94B5C14B60B6C1BC7024
:10C42000B7C1C37EB8C1AE7CB9C1C951BAC18168B8
:10C43000BBC1B17CBCC16F82BDC1244EBEC1868F61
:10C44000BFC1CF91C0C17E66C1C1AE4EC2C1058C15
:10C45000C3C1A964C4C14A80C5C1DA50C6C19775B9
:10C46000C7C1CE71C8C1E55BC9C1BD8FCAC1666F06
:10C47000CBC1864ECCC18264CDC16395CEC1D65EA0
:10C48000CFC19965D0C11752D1C1C288D2C1C8707D
:10C49000D3C1A352D4C10E73D5C13374D6C197672B
:10C4A000D7C1F778D8C11697D9C1344EDAC1BB903D
:10C4B000DBC1DE9CDCC1CB6DDDC1DB51DEC1418D5A
:10C4C000DFC11D54E0C1CE62E1C1B273E2C1F183AC
:10C4D000E3C1F696E4C1849FE5C1C394E6C1364F3B
:10C4E000E7C19A7FE8C1CC51E9C17570EAC1759680
:10C4F000EBC1AD5CECC18698EDC1E653EEC1E44EF4
:10C50000EFC19C6EF0C10974F1C1B469F2C16B78DE
:10C51000F3C18F99F4C15975F5C11852F6C124764B
:10C52000F7C1416DF8C1F367F9C16D51FAC1999F27
:10C53000FBC14B80FCC19954FDC13C7BFEC1BF7A5D
:10C5400040C2E47F41C2E77F42C2E87F43C2EA7F44
:10C5500044C2EB7F45C2EC7F46C2ED7F47C2EF7F0E
:10C5600048C2F27F49C2F47F4AC2F57F4BC2F67FD0
:10C570004CC2F77F4DC2F87F4EC2F97F4FC2FA7F9F
:10C5800050C2FD7F51C2FE7F52C2FF7F53C2028064
:10C5900054C2078055C2088056C2098057C20A801B
:10C5A00058C20E8059C20F805AC211805BC21380DC
:10C5B0005CC21A805DC21B805EC21D805FC21E808D
:10C5C00060C21F8061C2218062C2238063C2248056
:10C5D00064C22B8065C22C8066C22D8067C22E800B
:10C5E00068C22F8069C230806AC232806BC23480D8
:10C5F0006CC239806DC23A806EC23C806FC23E8090
:10C6000070C2408071C2418072C2448073C2458052
:10C6100074C2478075C2488076C2498077C24E8016
:10C6200078C24F8079C250807AC251807BC25380D9
:10C630007CC255807DC256807EC2578080C25980A0
:10C6400081C25B8082C25C8083C25D8084C25E8066
:10C6500085C25F8086C2608087C2618088C2628036
:10C6600089C263808AC264808BC265808CC2668006
:10C670008DC267808EC268808FC26B8090C26C80D2
:10C6800091C26D8092C26E8093C26F8094C270809E
:10C6900095C2728096C2738097C2748098C275806A
:10C6A00099C276809AC277809BC278809CC279803A
:10C6B0009DC27A809EC27B809FC27C80A0C27D800A
:10C6C000A1C28696A2C28457A3C2E262A4C24796C0
:10C6D000A5C27C69A6C2045AA7C20264A8C2D37BC1
:10C6E000A9C20F6FAAC24B96ABC2A682ACC262535C
:10C6F000ADC28598AEC2905EAFC28970B0C2B3635E
:10C70000B1C26453B2C24F86B3C2819CB4C2939E7D
:10C71000B5C28C78B6C23297B7C2EF8DB8C2428D1F
:10C72000B9C27F9EBAC25E6FBBC28479BCC2555F7C
:10C73000BDC24696BEC22E62BFC2749AC0C2155414
:10C74000C1C2DD94C2C2A34FC3C2C565C4C2655C89
:10C75000C5C2615CC6C2157FC7C25186C8C22F6CF4
:10C76000C9C28B5FCAC28773CBC2E46ECCC2FF7EE4
:10C77000CDC2E65CCEC21B63CFC26A5BD0C2E66E9E
:10C78000D1C27553D2C2714ED3C2A063D4C26575F3
:10C79000D5C2A162D6C26E8FD7C2264FD8C2D14EA3
:10C7A000D9C2A66CDAC2B67EDBC2BA8BDCC21D84EB
:10C7B000DDC2BA87DEC2577FDFC23B90E0C223955D
:10C7C000E1C2A97BE2C2A19AE3C2F888E4C23D8437
:10C7D000E5C21B6DE6C2869AE7C2DC7EE8C28859D4
:10C7E000E9C2BB9EEAC29B73EBC20178ECC28286AF
:10C7F000EDC26C9AEEC2829AEFC21B56F0C2175479
:10C80000F1C2CB57F2C2704EF3C2A69EF4C2565389
:10C81000F5C2C88FF6C20981F7C29277F8C2929921
:10C82000F9C2EE86FAC2E16EFBC21385FCC2FC6659
:10C83000FDC26261FEC22B6F40C37E8041C3818016
:10C8400042C3828043C3858044C3888045C38A80B5
:10C8500046C38D8047C38E8048C38F8049C3908074
:10C860004AC391804BC392804CC394804DC3958042
:10C870004EC397804FC3998050C39E8051C3A380FD
:10C8800052C3A68053C3A78054C3A88055C3AC80AD
:10C8900056C3B08057C3B38058C3B58059C3B68060
:10C8A0005AC3B8805BC3B9805CC3BB805DC3C5801D
:10C8B0005EC3C7805FC3C88060C3C98061C3CA80CC
:10C8C00062C3CB8063C3CF8064C3D08065C3D18093
:10C8D00066C3D28067C3D38068C3D48069C3D58060
:10C8E0006AC3D8806BC3DF806CC3E0806DC3E28015
:10C8F0006EC3E3806FC3E68070C3EE8071C3F580C2
:10C9000072C3F78073C3F98074C3FB8075C3FE8064
:10C9100076C3FF8077C3008178C3018179C3038127
:10C920007AC304817BC305817CC307817DC30881F1
:10C930007EC30B8180C30C8181C3158182C31781A3
:10C9400083C3198184C31B8185C31C8186C31D8158
:10C9500087C31F8188C3208189C321818AC3228123
:10C960008BC323818CC324818DC325818EC32681F3
:10C970008FC3278190C3288191C3298192C32A81C3
:10C9800093C32B8194C32D8195C32E8196C330818F
:10C9900097C3338198C3348199C335819AC3378152
:10C9A0009BC339819CC33A819DC33B819EC33C811B
:10C9B0009FC33D81A0C33F81A1C3298CA2C39282A2
:10C9C000A3C32B83A4C3F276A5C3136CA6C3D95FFC
:10C9D000A7C3BD83A8C32B73A9C30583AAC31A9594
:10C9E000ABC3DB6BACC3DB77ADC3C694AEC36F53D5
:10C9F000AFC30283B0C39251B1C33D5EB2C38C8C4E
:10CA0000B3C3388DB4C3484EB5C3AB73B6C39A67CE
:10CA1000B7C38568B8C37691B9C30997BAC36471BF
:10CA2000BBC3A16CBCC30977BDC3925ABEC34195B9
:10CA3000BFC3CF6BC0C38E7FC1C32766C2C3D05BE9
:10CA4000C3C3B959C4C39A5AC5C3E895C6C3F795B9
:10CA5000C7C3EC4EC8C30C84C9C39984CAC3AC6AAB
:10CA6000CBC3DF76CCC33095CDC31B73CEC3A668D2
:10CA7000CFC35F5BD0C32F77D1C39A91D2C36197E5
:10CA8000D3C3DC7CD4C3F78FD5C31C8CD6C3255F3E
:10CA9000D7C3737CD8C3D879D9C3C589DAC3CC6C62
:10CAA000DBC31C87DCC3C65BDDC3425EDEC3C96873
:10CAB000DFC32077E0C3F57EE1C39551E2C34D515A
:10CAC000E3C3C952E4C3295AE5C3057FE6C36297AD
:10CAD000E7C3D782E8C3CF63E9C38477EAC3D085CD
:10CAE000EBC3D279ECC33A6EEDC3995EEEC39959AC
:10CAF000EFC31185F0C36D70F1C3116CF2C3BF6257
:10CB0000F3C3BF76F4C34F65F5C3AF60F6C3FD95BD
:10CB1000F7C30E66F8C39F87F9C3239EFAC3ED944B
:10CB2000FBC30D54FCC37D54FDC32C8CFEC3786441
:10CB300040C4408141C4418142C4428143C44381D5
:10CB400044C4448145C4458146C4478147C44981A2
:10CB500048C44D8149C44E814AC44F814BC452815F
:10CB60004CC456814DC457814EC458814FC45B811B
:10CB700050C45C8151C45D8152C45E8153C45F81E5
:10CB800054C4618155C4628156C4638157C46481B1
:10CB900058C4668159C468815AC46A815BC46B8178
:10CBA0005CC46C815DC46F815EC472815FC473813B
:10CBB00060C4758161C4768162C4778163C4788101
:10CBC00064C4818165C4838166C4848167C48581AE
:10CBD00068C4868169C487816AC489816BC48B817A
:10CBE0006CC48C816DC48D816EC48E816FC4908144
:10CBF00070C4928171C4938172C4948173C495810D
:10CC000074C4968175C4978176C4998177C49A81DA
:10CC100078C49E8179C49F817AC4A0817BC4A1819C
:10CC20007CC4A2817DC4A4817EC4A58180C4A78167
:10CC300081C4A98182C4AB8183C4AC8184C4AD8129
:10CC400085C4AE8186C4AF8187C4B08188C4B181F8
:10CC500089C4B2818AC4B4818BC4B5818CC4B681C5
:10CC60008DC4B7818EC4B8818FC4B98190C4BC8192
:10CC700091C4BD8192C4BE8193C4BF8194C4C48158
:10CC800095C4C58196C4C78197C4C88198C4C98119
:10CC900099C4CB819AC4CD819BC4CE819CC4CF81E1
:10CCA0009DC4D0819EC4D1819FC4D281A0C4D381B0
:10CCB000A1C47964A2C41186A3C4216AA4C49C81BE
:10CCC000A5C4E878A6C46964A7C4549BA8C4B96283
:10CCD000A9C42B67AAC4AB83ABC4A858ACC4D89E64
:10CCE000ADC4AB6CAEC4206FAFC4DE5BB0C44C96B9
:10CCF000B1C40B8CB2C45F72B3C4D067B4C4C76292
:10CD0000B5C46172B6C4A94EB7C4C659B8C4CD6B18
:10CD1000B9C49358BAC4AE66BBC4555EBCC4DF5236
:10CD2000BDC45561BEC42867BFC4EE76C0C4667773
:10CD3000C1C46772C2C4467AC3C4FF62C4C4EA54A1
:10CD4000C5C45054C6C4A094C7C4A390C8C41C5A38
:10CD5000C9C4B37ECAC4166CCBC4434ECCC4765986
:10CD6000CDC41080CEC44859CFC45753D0C43775F2
:10CD7000D1C4BE96D2C4CA56D3C42063D4C41181D0
:10CD8000D5C47C60D6C4F995D7C4D66DD8C46254D6
:10CD9000D9C48199DAC48551DBC4E95ADCC4FD8069
:10CDA000DDC4AE59DEC41397DFC42A50E0C4E56C7D
:10CDB000E1C43C5CE2C4DF62E3C4604FE4C43F53BF
:10CDC000E5C47B81E6C40690E7C4BA6EE8C42B854F
:10CDD000E9C4C862EAC4745EEBC4BE78ECC4B5644E
:10CDE000EDC47B63EEC4F55FEFC4185AF0C47F91C5
:10CDF000F1C41F9EF2C43F5CF3C44F63F4C442808D
:10CE0000F5C47D5BF6C46E55F7C44A95F8C44D95DC
:10CE1000F9C4856DFAC4A860FBC4E067FCC4DE7287
:10CE2000FDC4DD51FEC4815B40C5D48141C5D581BF
:10CE300042C5D68143C5D78144C5D88145C5D9816E
:10CE400046C5DA8147C5DB8148C5DC8149C5DD813E
:10CE50004AC5DE814BC5DF814CC5E0814DC5E1810E
:10CE60004EC5E2814FC5E48150C5E58151C5E681DB
:10CE700052C5E88153C5E98154C5EB8155C5EE81A2
:10CE800056C5EF8157C5F08158C5F18159C5F2816A
:10CE90005AC5F5815BC5F6815CC5F7815DC5F88132
:10CEA0005EC5F9815FC5FA8160C5FD8161C5FF81FD
:10CEB00062C5038263C5078264C5088265C50982AD
:10CEC00066C50A8267C50B8268C50E8269C50F8276
:10CED0006AC511826BC513826CC515826DC5168239
:10CEE0006EC517826FC5188270C5198271C51A8206
:10CEF00072C51D8273C5208274C5248275C52582C2
:10CF000076C5268277C5278278C5298279C52E8283
:10CF10007AC532827BC53A827CC53C827DC53D8222
:10CF20007EC53F8280C5408281C5418282C54282E2
:10CF300083C5438284C5458285C5468286C54882AD
:10CF400087C54A8288C54C8289C54D828AC54E8272
:10CF50008BC550828CC551828DC552828EC553823D
:10CF60008FC5548290C5558291C5568292C557820D
:10CF700093C5598294C55B8295C55C8296C55D82D6
:10CF800097C55E8298C5608299C561829AC56282A2
:10CF90009BC563829CC564829DC565829EC5668271
:10CFA0009FC56782A0C56982A1C5E762A2C5DE6C84
:10CFB000A3C55B72A4C56D62A5C5AE94A6C5BD7EB2
:10CFC000A7C51381A8C5536DA9C59C51AAC5045F07
:10CFD000ABC57459ACC5AA52ADC51260AEC5735984
:10CFE000AFC59666B0C55086B1C59F75B2C52A63F8
:10CFF000B3C5E661B4C5EF7CB5C5FA8BB6C5E654DA
:10D00000B7C5276BB8C5259EB9C5B46BBAC5D5855C
:10D01000BBC55554BCC57650BDC5A46CBEC56A55CC
:10D02000BFC5B48DC0C52C72C1C5155EC2C5156023
:10D03000C3C53674C4C5CD62C5C59263C6C54C723E
:10D04000C7C5985FC8C5436EC9C53E6DCAC50065F2
:10D05000CBC5586FCCC5D876CDC5D078CEC5FC76BB
:10D06000CFC55475D0C52452D1C5DB53D2C5534E5C
:10D07000D3C59E5ED4C5C165D5C52A80D6C5D68028
:10D08000D7C59B62D8C58654D9C52852DAC5AE70BB
:10D09000DBC58D88DCC5D18DDDC5E16CDEC578547E
:10D0A000DFC5DA80E0C5F957E1C5F488E2C5548DE3
:10D0B000E3C56A96E4C54D91E5C5694FE6C59B6C2D
:10D0C000E7C5B755E8C5C676E9C53078EAC5A862B0
:10D0D000EBC5F970ECC58E6FEDC56D5FEEC5EC84E8
:10D0E000EFC5DA68F0C57C78F1C5F77BF2C5A88199
:10D0F000F3C50B67F4C54F9EF5C56763F6C5B078F9
:10D10000F7C56F57F8C51278F9C53997FAC579622E
:10D11000FBC5AB62FCC58852FDC53574FEC5D76B37
:10D1200040C66A8241C66B8242C66C8243C66D822B
:10D1300044C6718245C6758246C6768247C67782E6
:10D1400048C6788249C67B824AC67C824BC68082AA
:10D150004CC681824DC683824EC685824FC686826A
:10D1600050C6878251C6898252C68C8253C690822D
:10D1700054C6938255C6948256C6958257C69682E7
:10D1800058C69A8259C69B825AC69E825BC6A082A6
:10D190005CC6A2825DC6A3825EC6A7825FC6B2825B
:10D1A00060C6B58261C6B68262C6BA8263C6BB82F9
:10D1B00064C6BC8265C6BF8266C6C08267C6C282BC
:10D1C00068C6C38269C6C5826AC6C6826BC6C98282
:10D1D0006CC6D0826DC6D6826EC6D9826FC6DA8220
:10D1E00070C6DD8271C6E28272C6E78273C6E882CB
:10D1F00074C6E98275C6EA8276C6EC8277C6ED828D
:10D2000078C6EE8279C6F0827AC6F2827BC6F38255
:10D210007CC6F5827DC6F6827EC6F88280C6FA821A
:10D2200081C6FC8282C6FD8283C6FE8284C6FF82DE
:10D2300085C6008386C60A8387C60B8388C60D838E
:10D2400089C610838AC612838BC613838CC6168345
:10D250008DC618838EC619838FC61D8390C61E8304
:10D2600091C61F8392C6208393C6218394C62283CE
:10D2700095C6238396C6248397C6258398C626839E
:10D2800099C629839AC62A839BC62E839CC630835F
:10D290009DC632839EC637839FC63B83A0C63D830F
:10D2A000A1C66455A2C63E81A3C6B275A4C6AE7619
:10D2B000A5C63953A6C6DE75A7C6FB50A8C6415CF5
:10D2C000A9C66C8BAAC6C77BABC64F50ACC647720B
:10D2D000ADC6979AAEC6D898AFC6026FB0C6E27414
:10D2E000B1C66879B2C68764B3C6A577B4C6FC6216
:10D2F000B5C69198B6C62B8DB7C6C154B8C658806E
:10D30000B9C6524EBAC66A57BBC6F982BCC60D84AE
:10D31000BDC6735EBEC6ED51BFC6F674C0C6C48B33
:10D32000C1C64F5CC2C66157C3C6FC6CC4C68798F1
:10D33000C5C6465AC6C63478C7C6449BC8C6EB8F16
:10D34000C9C6957CCAC65652CBC65162CCC6FA94A1
:10D35000CDC6C64ECEC68683CFC66184D0C6E9830D
:10D36000D1C6B284D2C6D457D3C63467D4C6035705
:10D37000D5C66E66D6C6666DD7C6318CD8C6DD6694
:10D38000D9C61170DAC61F67DBC63A6BDCC61668F1
:10D39000DDC61A62DEC6BB59DFC6034EE0C6C45105
:10D3A000E1C6066FE2C6D267E3C68F6CE4C676516B
:10D3B000E5C6CB68E6C64759E7C6676BE8C666753B
:10D3C000E9C60E5DEAC61081EBC6509FECC6D76574
:10D3D000EDC64879EEC64179EFC6919AF0C6778DD1
:10D3E000F1C6825CF2C65E4EF3C6014FF4C62F54FE
:10D3F000F5C65159F6C60C78F7C66856F8C6146CCF
:10D40000F9C6C48FFAC6035FFBC67D6CFCC6E36C2D
:10D41000FDC6AB8BFEC6906340C73E8341C73F83CA
:10D4200042C7418343C7428344C7448345C74583BA
:10D4300046C7488347C74A8348C74B8349C74C837D
:10D440004AC74D834BC74E834CC753834DC7558343
:10D450004EC756834FC7578350C7588351C7598308
:10D4600052C75D8353C7628354C7708355C77183A6
:10D4700056C7728357C7738358C7748359C7758358
:10D480005AC776835BC779835CC77A835DC77E831F
:10D490005EC77F835FC7808360C7818361C78283E4
:10D4A00062C7838363C7848364C7878365C78883B0
:10D4B00066C78A8367C78B8368C78C8369C78D8378
:10D4C0006AC78F836BC790836CC791836DC7948342
:10D4D0006EC795836FC7968370C7978371C799830B
:10D4E00072C79A8373C79D8374C79F8375C7A183CF
:10D4F00076C7A28377C7A38378C7A48379C7A58398
:10D500007AC7A6837BC7A7837CC7AC837DC7AD835F
:10D510007EC7AE8380C7AF8381C7B58382C7BB8315
:10D5200083C7BE8384C7BF8385C7C28386C7C383BF
:10D5300087C7C48388C7C68389C7C8838AC7C98386
:10D540008BC7CB838CC7CD838DC7CE838EC7D0834B
:10D550008FC7D18390C7D28391C7D38392C7D58316
:10D5600093C7D78394C7D98395C7DA8396C7DB83DC
:10D5700097C7DE8398C7E28399C7E3839AC7E4839A
:10D580009BC7E6839CC7E7839DC7E8839EC7EB8361
:10D590009FC7EC83A0C7ED83A1C77060A2C73D6D94
:10D5A000A3C77572A4C76662A5C78E94A6C7C594A3
:10D5B000A7C74353A8C7C18FA9C77E7BAAC7DF4EA1
:10D5C000ABC7268CACC77E4EADC7D49EAEC7B19458
:10D5D000AFC7B394B0C74D52B1C75C6FB2C76390C9
:10D5E000B3C7456DB4C7348CB5C71158B6C74C5DC9
:10D5F000B7C7206BB8C7496BB9C7AA67BAC75B542E
:10D60000BBC75481BCC78C7FBDC79958BEC737857F
:10D61000BFC73A5FC0C7A262C1C7476AC2C73995D0
:10D62000C3C77265C4C78460C5C76568C6C7A77726
:10D63000C7C7544EC8C7A84FC9C7E75DCAC79897A0
:10D64000CBC7AC64CCC7D87FCDC7ED5CCEC7CF4FBE
:10D65000CFC78D7AD0C70752D1C70483D2C7144E23
:10D66000D3C72F60D4C7837AD5C7A694D6C7B54F82
:10D67000D7C7B24ED8C7E679D9C73474DAC7E452EF
:10D68000DBC7B982DCC7D264DDC7BD79DEC7DD5B2D
:10D69000DFC7816CE0C75297E1C77B8FE2C7226C7E
:10D6A000E3C73E50E4C77F53E5C7056EE6C7CE64C7
:10D6B000E7C77466E8C7306CE9C7C560EAC7779802
:10D6C000EBC7F78BECC7865EEDC73C74EEC7777A85
:10D6D000EFC7CB79F0C7184EF1C7B190F2C703740A
:10D6E000F3C7426CF4C7DA56F5C74B91F6C7C56C61
:10D6F000F7C78B8DF8C73A53F9C7C686FAC7F266E3
:10D70000FBC7AF8EFCC7485CFDC7719AFEC7206E91
:10D7100040C8EE8341C8EF8342C8F38343C8F48313
:10D7200044C8F58345C8F68346C8F78347C8FA83DB
:10D7300048C8FB8349C8FC834AC8FE834BC8FF83A3
:10D740004CC800844DC802844EC805844FC8078465
:10D7500050C8088451C8098452C80A8453C8108428
:10D7600054C8128455C8138456C8148457C81584E5
:10D7700058C8168459C817845AC819845BC81A84B3
:10D780005CC81B845DC81E845EC81F845FC820847B
:10D7900060C8218461C8228462C8238463C8298444
:10D7A00064C82A8465C82B8466C82C8467C82D8405
:10D7B00068C82E8469C82F846AC830846BC83284D4
:10D7C0006CC833846DC834846EC835846FC83684A1
:10D7D00070C8378471C8398472C83A8473C83B846E
:10D7E00074C83E8475C83F8476C8408477C8418435
:10D7F00078C8428479C843847AC844847BC8458405
:10D800007CC847847DC848847EC8498480C84A84CF
:10D8100081C84B8482C84C8483C84D8484C84E849C
:10D8200085C84F8486C8508487C8528488C853846A
:10D8300089C854848AC855848BC856848CC8588437
:10D840008DC85D848EC85E848FC85F8490C86084F4
:10D8500091C8628492C8648493C8658494C86684BD
:10D8600095C8678496C8688497C86A8498C86E8487
:10D8700099C86F849AC870849BC872849CC8748449
:10D880009DC877849EC879849FC87B84A0C87C8407
:10D89000A1C8D653A2C8365AA3C88B9FA4C8A38DCB
:10D8A000A5C8BB53A6C80857A7C8A798A8C8436768
:10D8B000A9C89B91AAC8C96CABC86851ACC8CA7545
:10D8C000ADC8F362AEC8AC72AFC83852B0C89D5292
:10D8D000B1C83A7FB2C89470B3C83876B4C874532C
:10D8E000B5C84A9EB6C8B769B7C86E78B8C8C096FA
:10D8F000B9C8D988BAC8A47FBBC83671BCC8C371BF
:10D90000BDC88951BEC8D367BFC8E474C0C8E45855
:10D91000C1C81865C2C8B756C3C8A98BC4C8769910
:10D92000C5C87062C6C8D57EC7C8F960C8C8ED70E2
:10D93000C9C8EC58CAC8C14ECBC8BA4ECCC8CD5F16
:10D94000CDC8E797CEC8FB4ECFC8A48BD0C8035232
:10D95000D1C88A59D2C8AB7ED3C85462D4C8CD4E80
:10D96000D5C8E565D6C80E62D7C83883D8C8C9847B
:10D97000D9C86383DAC88D87DBC89471DCC8B66EFA
:10D98000DDC8B95BDEC8D27EDFC89751E0C8C96385
:10D99000E1C8D467E2C88980E3C83983E4C8158840
:10D9A000E5C81251E6C87A5BE7C88259E8C8B18F6A
:10D9B000E9C8734EEAC85D6CEBC86551ECC82589AF
:10D9C000EDC86F8FEEC82E96EFC84A85F0C85E741A
:10D9D000F1C81095F2C8F095F3C8A66DF4C8E582B9
:10D9E000F5C8315FF6C89264F7C8126DF8C828848C
:10D9F000F9C86E81FAC8C39CFBC85E58FCC85B8D31
:10DA0000FDC8094EFEC8C15340C97D8441C97E840A
:10DA100042C97F8443C9808444C9818445C98384C1
:10DA200046C9848447C9858448C9868449C98A848B
:10DA30004AC98D844BC98F844CC990844DC9918447
:10DA40004EC992844FC9938450C9948451C9958416
:10DA500052C9968453C9988454C99A8455C99B84E1
:10DA600056C99D8457C99E8458C99F8459C9A084AA
:10DA70005AC9A2845BC9A3845CC9A4845DC9A58476
:10DA80005EC9A6845FC9A78460C9A88461C9A98446
:10DA900062C9AA8463C9AB8464C9AC8465C9AD8416
:10DAA00066C9AE8467C9B08468C9B18469C9B384E2
:10DAB0006AC9B5846BC9B6846CC9B7846DC9BB84A7
:10DAC0006EC9BC846FC9BE8470C9C08471C9C28468
:10DAD00072C9C38473C9C58474C9C68475C9C7842F
:10DAE00076C9C88477C9CB8478C9CC8479C9CE84F7
:10DAF0007AC9CF847BC9D2847CC9D4847DC9D584BA
:10DB00007EC9D78480C9D88481C9D98482C9DA847E
:10DB100083C9DB8484C9DC8485C9DE8486C9E18449
:10DB200087C9E28488C9E48489C9E7848AC9E8840A
:10DB30008BC9E9848CC9EA848DC9EB848EC9ED84D4
:10DB40008FC9EE8490C9EF8491C9F18492C9F2849F
:10DB500093C9F38494C9F48495C9F58496C9F6846D
:10DB600097C9F78498C9F88499C9F9849AC9FA843D
:10DB70009BC9FB849CC9FD849DC9FE849EC9008508
:10DB80009FC90185A0C90285A1C91E4FA2C96365AD
:10DB9000A3C95168A4C9D355A5C9274EA6C9146401
:10DBA000A7C99A9AA8C96B62A9C9C25AAAC95F74BF
:10DBB000ABC97282ACC9A96DADC9EE68AEC9E750F8
:10DBC000AFC98E83B0C90278B1C94067B2C93952B2
:10DBD000B3C9996CB4C9B17EB5C9BB50B6C9655556
:10DBE000B7C95E71B8C95B7BB9C95266BAC9CA7395
:10DBF000BBC9EB82BCC94967BDC9715CBEC92052B3
:10DC0000BFC97D71C0C96B88C1C9EA95C2C95596A3
:10DC1000C3C9C564C4C9618DC5C9B381C6C98455AA
:10DC2000C7C9556CC8C94762C9C92E7FCAC99258AD
:10DC3000CBC9244FCCC94655CDC94F8DCEC94C66F2
:10DC4000CFC90A4ED0C91A5CD1C9F388D2C9A2681B
:10DC5000D3C94E63D4C90D7AD5C9E770D6C98D82B0
:10DC6000D7C9FA52D8C9F697D9C9115CDAC9E854AC
:10DC7000DBC9B590DCC9CD7EDDC96259DEC94A8DEC
:10DC8000DFC9C786E0C90C82E1C90D82E2C9668D91
:10DC9000E3C94464E4C9045CE5C95161E6C9896D1E
:10DCA000E7C93E79E8C9BE8BE9C93778EAC9337557
:10DCB000EBC97B54ECC9384FEDC9AB8EEEC9F16DA1
:10DCC000EFC9205AF0C9C57EF1C95E79F2C9886CE6
:10DCD000F3C9A15BF4C9765AF5C91A75F6C9BE80B5
:10DCE000F7C94E61F8C9176EF9C9F058FAC91F751E
:10DCF000FBC92575FCC97272FDC94753FEC9F37E85
:10DD000040CA038541CA048542CA058543CA0685BF
:10DD100044CA078545CA088546CA098547CA0A858F
:10DD200048CA0B8549CA0D854ACA0E854BCA0F855C
:10DD30004CCA10854DCA12854ECA14854FCA158526
:10DD400050CA168551CA188552CA198553CA1B85EF
:10DD500054CA1C8555CA1D8556CA1E8557CA2085BA
:10DD600058CA228559CA23855ACA24855BCA258583
:10DD70005CCA26855DCA27855ECA28855FCA298553
:10DD800060CA2A8561CA2D8562CA2E8563CA2F851D
:10DD900064CA308565CA318566CA328567CA3385EB
:10DDA00068CA348569CA35856ACA36856BCA3E85B4
:10DDB0006CCA3F856DCA40856ECA41856FCA42856F
:10DDC00070CA448571CA458572CA468573CA47853B
:10DDD00074CA4B8575CA4C8576CA4D8577CA4E85FF
:10DDE00078CA4F8579CA50857ACA51857BCA5285CF
:10DDF0007CCA53857DCA54857ECA558580CA57859D
:10DE000081CA588582CA5A8583CA5B8584CA5C8563
:10DE100085CA5D8586CA5F8587CA608588CA61852F
:10DE200089CA62858ACA63858BCA65858CCA6685FC
:10DE30008DCA67858ECA69858FCA6A8590CA6B85C7
:10DE400091CA6C8592CA6D8593CA6E8594CA6F8596
:10DE500095CA708596CA718597CA738598CA758563
:10DE600099CA76859ACA77859BCA78859CCA7C852B
:10DE70009DCA7D859ECA7F859FCA8085A0CA8185EF
:10DE8000A1CA0177A2CADB76A3CA6952A4CADC8000
:10DE9000A5CA2357A6CA085EA7CA3159A8CAEE72F6
:10DEA000A9CABD65AACA7F6EABCAD78BACCA385C9B
:10DEB000ADCA7186AECA4153AFCAF377B0CAFE622B
:10DEC000B1CAF665B2CAC04EB3CADF98B4CA80867A
:10DED000B5CA9E5BB6CAC68BB7CAF253B8CAE27758
:10DEE000B9CA7F4FBACA4E5CBBCA769ABCCACB5974
:10DEF000BDCA0F5FBECA3A79BFCAEB58C0CA164E38
:10DF0000C1CAFF67C2CA8B4EC3CAED62C4CA938A34
:10DF1000C5CA1D90C6CABF52C7CA2F66C8CADC553B
:10DF2000C9CA6C56CACA0290CBCAD54ECCCA8D4F4C
:10DF3000CDCACA91CECA7099CFCA0F6CD0CA025E40
:10DF4000D1CA4360D2CAA45BD3CAC689D4CAD58B0E
:10DF5000D5CA3665D6CA4B62D7CA9699D8CA885BE5
:10DF6000D9CAFF5BDACA8863DBCA2E55DCCAD7532D
:10DF7000DDCA2676DECA7D51DFCA2C85E0CAA267DB
:10DF8000E1CAB368E2CA8A6BE3CA9262E4CA938FB9
:10DF9000E5CAD453E6CA1282E7CAD16DE8CA8F75C2
:10DFA000E9CA664EEACA4E8DEBCA705BECCA9F7135
:10DFB000EDCAAF85EECA9166EFCAD966F0CA727F24
:10DFC000F1CA0087F2CACD9EF3CA209FF4CA5E5CF4
:10DFD000F5CA2F67F6CAF08FF7CA1168F8CA5F67EB
:10DFE000F9CA0D62FACAD67AFBCA8558FCCAB65E6F
:10DFF000FDCA7065FECA316F40CB828541CB8385F7
:10E0000042CB868543CB888544CB898545CB8A85A1
:10E0100046CB8B8547CB8C8548CB8D8549CB8E8570
:10E020004ACB90854BCB91854CCB92854DCB93853C
:10E030004ECB94854FCB958550CB968551CB97850C
:10E0400052CB988553CB998554CB9A8555CB9D85DA
:10E0500056CB9E8557CB9F8558CBA08559CBA185A4
:10E060005ACBA2855BCBA3855CCBA5855DCBA68572
:10E070005ECBA7855FCBA98560CBAB8561CBAC853B
:10E0800062CBAD8563CBB18564CBB28565CBB385FF
:10E0900066CBB48567CBB58568CBB68569CBB885CB
:10E0A0006ACBBA856BCBBB856CCBBC856DCBBD8594
:10E0B0006ECBBE856FCBBF8570CBC08571CBC28563
:10E0C00072CBC38573CBC48574CBC58575CBC68530
:10E0D00076CBC78577CBC88578CBCA8579CBCB85FE
:10E0E0007ACBCC857BCBCD857CCBCE857DCBD185CA
:10E0F0007ECBD28580CBD48581CBD68582CBD7858C
:10E1000083CBD88584CBD98585CBDA8586CBDB8557
:10E1100087CBDD8588CBDE8589CBDF858ACBE08523
:10E120008BCBE1858CCBE2858DCBE3858ECBE585F2
:10E130008FCBE68590CBE78591CBE88592CBEA85BE
:10E1400093CBEB8594CBEC8595CBED8596CBEE858B
:10E1500097CBEF8598CBF08599CBF1859ACBF2855B
:10E160009BCBF3859CCBF4859DCBF5859ECBF6852B
:10E170009FCBF785A0CBF885A1CB5560A2CB3752BA
:10E18000A3CB0D80A4CB5464A5CB7088A6CB2975F6
:10E19000A7CB055EA8CB1368A9CBF462AACB1C97CA
:10E1A000ABCBCC53ACCB3D72ADCB018CAECB346C96
:10E1B000AFCB6177B0CB0E7AB1CB2E54B2CBAC776C
:10E1C000B3CB7A98B4CB1C82B5CBF48BB6CB557855
:10E1D000B7CB1467B8CBC170B9CBAF65BACB956478
:10E1E000BBCB3656BCCB1D60BDCBC179BECBF85383
:10E1F000BFCB1D4EC0CB7B6BC1CB8680C2CBFA5B45
:10E20000C3CBE355C4CBDB56C5CB3A4FC6CB3C4F53
:10E21000C7CB7299C8CBF35DC9CB7E67CACB3880B8
:10E22000CBCB0260CCCB8298CDCB0190CECB8B5B9D
:10E23000CFCBBC8BD0CBF58BD1CB1C64D2CB58824F
:10E24000D3CBDE64D4CBFD55D5CBCF82D6CB659175
:10E25000D7CBD74FD8CB207DD9CB1F90DACB9F7CA3
:10E26000DBCBF350DCCB5158DDCBAF6EDECBBF5BED
:10E27000DFCBC98BE0CB8380E1CB7891E2CB9C8470
:10E28000E3CB977BE4CB7D86E5CB8B96E6CB8F9675
:10E29000E7CBE57EE8CBD39AE9CB8E78EACB815CFD
:10E2A000EBCB577AECCB4290EDCBA796EECB5F79D8
:10E2B000EFCB595BF0CB5F63F1CB0B7BF2CBD1841F
:10E2C000F3CBAD68F4CB0655F5CB297FF6CB1074B4
:10E2D000F7CB227DF8CB0195F9CB4062FACB4C58B5
:10E2E000FBCBD64EFCCB835BFDCB7959FECB545890
:10E2F00040CCF98541CCFA8542CCFC8543CCFD85E8
:10E3000044CCFE8545CC008646CC018647CC0286AF
:10E3100048CC038649CC04864ACC06864BCC07867B
:10E320004CCC08864DCC09864ECC0A864FCC0B8649
:10E3300050CC0C8651CC0D8652CC0E8653CC0F8619
:10E3400054CC108655CC128656CC138657CC1486E6
:10E3500058CC158659CC17865ACC18865BCC1986B2
:10E360005CCC1A865DCC1B865ECC1C865FCC1D8681
:10E3700060CC1E8661CC1F8662CC208663CC218651
:10E3800064CC228665CC238666CC248667CC258621
:10E3900068CC268669CC28866ACC2A866BCC2B86EC
:10E3A0006CCC2C866DCC2D866ECC2E866FCC2F86B9
:10E3B00070CC308671CC318672CC328673CC338689
:10E3C00074CC348675CC358676CC368677CC378659
:10E3D00078CC398679CC3A867ACC3B867BCC3D8624
:10E3E0007CCC3E867DCC3F867ECC408680CC4186F0
:10E3F00081CC428682CC438683CC448684CC4586BD
:10E4000085CC468686CC478687CC488688CC49868C
:10E4100089CC4A868ACC4B868BCC4C868CCC528657
:10E420008DCC53868ECC55868FCC568690CC578615
:10E4300091CC588692CC598693CC5B8694CC5C86E2
:10E4400095CC5D8696CC5F8697CC608698CC6186AD
:10E4500099CC63869ACC64869BCC65869CCC668678
:10E460009DCC67869ECC68869FCC6986A0CC6A8648
:10E47000A1CC6D73A2CC1E63A3CC4B8EA4CC0F8E0B
:10E48000A5CCCE80A6CCD482A7CCAC62A8CCF053CD
:10E49000A9CCF06CAACC5E91ABCC2A59ACCC016073
:10E4A000ADCC706CAECC4D57AFCC4A64B0CC2A8D9D
:10E4B000B1CC2B76B2CCE96EB3CC5B57B4CC806ACE
:10E4C000B5CCF075B6CC6D6FB7CC2D8CB8CC088CB4
:10E4D000B9CC6657BACCEF6BBBCC9288BCCCB378C6
:10E4E000BDCCA263BECCF953BFCCAD70C0CC646CC4
:10E4F000C1CC5858C2CC2A64C3CC0258C4CCE06802
:10E50000C5CC9B81C6CC1055C7CCD67CC8CC185086
:10E51000C9CCBA8ECACCCC6DCBCC9F8DCCCCEB7099
:10E52000CDCC8F63CECC9B6DCFCCD46ED0CCE67EE1
:10E53000D1CC0484D2CC4368D3CC0390D4CCD86D56
:10E54000D5CC7696D6CCA88BD7CC5759D8CC797267
:10E55000D9CCE485DACC7E81DBCCBC75DCCC8A8A74
:10E56000DDCCAF68DECC5452DFCC228EE0CC1195EE
:10E57000E1CCD063E2CC9898E3CC448EE4CC7C55DB
:10E58000E5CC534FE6CCFF66E7CC8F56E8CCD560A0
:10E59000E9CC956DEACC4352EBCC495CECCC2959E3
:10E5A000EDCCFB6DEECC6B58EFCC3075F0CC1C7520
:10E5B000F1CC6C60F2CC1482F3CC4681F4CC1163C4
:10E5C000F5CC6167F6CCE28FF7CC3A77F8CCF38DD7
:10E5D000F9CC348DFACCC194FBCC165EFCCC8553BF
:10E5E000FDCC2C54FECCC37040CD6D8641CD6F86E2
:10E5F00042CD708643CD728644CD738645CD7486F8
:10E6000046CD758647CD768648CD778649CD7886C6
:10E610004ACD83864BCD84864CCD85864DCD86866E
:10E620004ECD87864FCD888650CD898651CD8E863A
:10E6300052CD8F8653CD908654CD918655CD9286FE
:10E6400056CD948657CD968658CD978659CD9886C7
:10E650005ACD99865BCD9A865CCD9B865DCD9E8694
:10E660005ECD9F865FCDA08660CDA18661CDA2865E
:10E6700062CDA58663CDA68664CDAB8665CDAD861D
:10E6800066CDAE8667CDB28668CDB38669CDB786D6
:10E690006ACDB8866BCDB9866CCDBB866DCDBC8698
:10E6A0006ECDBD866FCDBE8670CDBF8671CDC18665
:10E6B00072CDC28673CDC38674CDC58675CDC8862E
:10E6C00076CDCC8677CDCD8678CDD28679CDD386E2
:10E6D0007ACDD5867BCDD6867CCDD7867DCDDA86A4
:10E6E0007ECDDC8680CDDD8681CDE08682CDE18663
:10E6F00083CDE28684CDE38685CDE58686CDE6862C
:10E7000087CDE78688CDE88689CDEA868ACDEB86F7
:10E710008BCDEC868CCDEF868DCDF5868ECDF686B5
:10E720008FCDF78690CDFA8691CDFB8692CDFC8673
:10E7300093CDFD8694CDFF8695CD018796CD048738
:10E7400097CD058798CD068799CD0B879ACD0C87F5
:10E750009BCD0E879CCD0F879DCD10879ECD1187B9
:10E760009FCD1487A0CD1687A1CD406CA2CDF75EBA
:10E77000A3CD5C50A4CDAD4EA5CDAD5EA6CD3A6384
:10E78000A7CD4782A8CD1A90A9CD5068AACD6E9189
:10E79000ABCDB377ACCD0C54ADCDDC94AECD645FD6
:10E7A000AFCDE57AB0CD7668B1CD4563B2CD527BC1
:10E7B000B3CDDF7EB4CDDB75B5CD7750B6CD9562E8
:10E7C000B7CD3459B8CD0F90B9CDF851BACDC37982
:10E7D000BBCD817ABCCDFE56BDCD925FBECD14902F
:10E7E000BFCD826DC0CD605CC1CD1F57C2CD10546E
:10E7F000C3CD5451C4CD4D6EC5CDE256C6CDA86330
:10E80000C7CD9398C8CD7F81C9CD1587CACD2A8938
:10E81000CBCD0090CCCD1E54CDCD6F5CCECDC08184
:10E82000CFCDD662D0CD5862D1CD3181D2CD359EFB
:10E83000D3CD4096D4CD6E9AD5CD7C9AD6CD2D69C8
:10E84000D7CDA559D8CDD362D9CD3E55DACD1663F3
:10E85000DBCDC754DCCDD986DDCD3C6DDECD035A92
:10E86000DFCDE674E0CD9C88E1CD6A6BE2CD165930
:10E87000E3CD4C8CE4CD2F5FE5CD7E6EE6CDA97364
:10E88000E7CD7D98E8CD384EE9CDF770EACD8C5BC9
:10E89000EBCD9778ECCD3D63EDCD5A66EECD967617
:10E8A000EFCDCB60F0CD9B5BF1CD495AF2CD074E59
:10E8B000F3CD5581F4CD6A6CF5CD8B73F6CDA14EB9
:10E8C000F7CD8967F8CD517FF9CD805FFACDFA6534
:10E8D000FBCD1B67FCCDD85FFDCD8459FECD015A21
:10E8E00040CE198741CE1B8742CE1D8743CE1F875E
:10E8F00044CE208745CE248746CE268747CE27871D
:10E9000048CE288749CE2A874ACE2B874BCE2C87E4
:10E910004CCE2D874DCE2F874ECE30874FCE3287AF
:10E9200050CE338751CE358752CE368753CE388777
:10E9300054CE398755CE3A8756CE3C8757CE3D8741
:10E9400058CE408759CE41875ACE42875BCE438707
:10E950005CCE44875DCE45875ECE46875FCE4A87D4
:10E9600060CE4B8761CE4D8762CE4F8763CE508796
:10E9700064CE518765CE528766CE548767CE558761
:10E9800068CE568769CE58876ACE5A876BCE5B872A
:10E990006CCE5C876DCE5D876ECE5E876FCE5F87F7
:10E9A00070CE618771CE628772CE668773CE6787BD
:10E9B00074CE688775CE698776CE6A8777CE6B8787
:10E9C00078CE6C8779CE6D877ACE6F877BCE718754
:10E9D0007CCE72877DCE73877ECE758780CE77871B
:10E9E00081CE788782CE798783CE7A8784CE7F87DF
:10E9F00085CE808786CE818787CE848788CE86879E
:10EA000089CE87878ACE89878BCE8A878CCE8C8762
:10EA10008DCE8E878ECE8F878FCE908790CE91872A
:10EA200091CE928792CE948793CE958794CE9687F7
:10EA300095CE988796CE998797CE9A8798CE9B87C2
:10EA400099CE9C879ACE9D879BCE9E879CCEA08791
:10EA50009DCEA1879ECEA2879FCEA387A0CEA4875E
:10EA6000A1CECD5DA2CEAE5FA3CE7153A4CEE6976C
:10EA7000A5CEDD8FA6CE4568A7CEF456A8CE2F55DD
:10EA8000A9CEDF60AACE3A4EABCE4D6FACCEF47EAF
:10EA9000ADCEC782AECE0E84AFCED459B0CE1F4F0E
:10EAA000B1CE2A4FB2CE3E5CB3CEAC7EB4CE2A6796
:10EAB000B5CE1A85B6CE7354B7CE4F75B8CEC380D7
:10EAC000B9CE8255BACE4F9BBBCE4D4FBCCE2D6E2C
:10EAD000BDCE138CBECE095CBFCE7061C0CE6B5371
:10EAE000C1CE1F76C2CE296EC3CE8A86C4CE8765BC
:10EAF000C5CEFB95C6CEB97EC7CE3B54C8CE337AC1
:10EB0000C9CE0A7DCACEEE95CBCEE155CCCEC17F23
:10EB1000CDCEEE74CECE1D63CFCE1787D0CEA16DF5
:10EB2000D1CE9D7AD2CE1162D3CEA165D4CE675319
:10EB3000D5CEE163D6CE836CD7CEEB5DD8CE5C5418
:10EB4000D9CEA894DACE4C4EDBCE616CDCCEEC8B09
:10EB5000DDCE4B5CDECEE065DFCE9C82E0CEA768EA
:10EB6000E1CE3E54E2CE3454E3CECB6BE4CE666BC2
:10EB7000E5CE944EE6CE4263E7CE4853E8CE1E8201
:10EB8000E9CE0D4FEACEAE4FEBCE5E57ECCE0A6229
:10EB9000EDCEFE96EECE6466EFCE6972F0CEFF52F9
:10EBA000F1CEA152F2CE9F60F3CEEF8BF4CE14667D
:10EBB000F5CE9971F6CE9067F7CE7F89F8CE527870
:10EBC000F9CEFD77FACE7066FBCE3B56FCCE3854BC
:10EBD000FDCE2195FECE7A7240CFA58741CFA68784
:10EBE00042CFA78743CFA98744CFAA8745CFAE8717
:10EBF00046CFB08747CFB18748CFB28749CFB487D8
:10EC00004ACFB6874BCFB7874CCFB8874DCFB987A0
:10EC10004ECFBB874FCFBC8750CFBE8751CFBF876A
:10EC200052CFC18753CFC28754CFC38755CFC48734
:10EC300056CFC58757CFC78758CFC88759CFC98701
:10EC40005ACFCC875BCFCD875CCFCE875DCFCF87C8
:10EC50005ECFD0875FCFD48760CFD58761CFD6878F
:10EC600062CFD78763CFD88764CFD98765CFDA875C
:10EC700066CFDC8767CFDD8768CFDE8769CFDF8728
:10EC80006ACFE1876BCFE2876CCFE3876DCFE487F4
:10EC90006ECFE6876FCFE78770CFE88771CFE987C0
:10ECA00072CFEB8773CFEC8774CFED8775CFEF878B
:10ECB00076CFF08777CFF18778CFF28779CFF38758
:10ECC0007ACFF4877BCFF5877CCFF6877DCFF78728
:10ECD0007ECFF88780CFFA8781CFFB8782CFFC87F2
:10ECE00083CFFD8784CFFF8785CF008886CF0188BB
:10ECF00087CF028888CF048889CF05888ACF068885
:10ED00008BCF07888CCF08888DCF09888ECF0B8852
:10ED10008FCF0C8890CF0D8891CF0E8892CF0F881F
:10ED200093CF108894CF118895CF128896CF1488EE
:10ED300097CF178898CF188899CF19889ACF1A88B3
:10ED40009BCF1C889CCF1D889DCF1E889ECF1F887F
:10ED50009FCF2088A0CF2388A1CF007AA2CF6F6059
:10ED6000A3CF0C5EA4CF8960A5CF9D81A6CF1559F6
:10ED7000A7CFDC60A8CF8471A9CFEF70AACFAA6E0D
:10ED8000ABCF506CACCF8072ADCF846AAECFAD88C4
:10ED9000AFCF2D5EB0CF604EB1CFB35AB2CF9C553E
:10EDA000B3CFE394B4CF176DB5CFFB7CB6CF9996B4
:10EDB000B7CF0F62B8CFC67EB9CF8E77BACF7E8677
:10EDC000BBCF2353BCCF1E97BDCF968FBECF8766D8
:10EDD000BFCFE15CC0CFA04FC1CFED72C2CF0B4E11
:10EDE000C3CFA653C4CF0F59C5CF1354C6CF80632A
:10EDF000C7CF2895C8CF4851C9CFD94ECACF9C9C00
:10EE0000CBCFA47ECCCFB854CDCF248DCECF5488D9
:10EE1000CFCF3782D0CFF295D1CF8E6DD2CF265FB4
:10EE2000D3CFCC5AD4CF3E66D5CF6996D6CFB07368
:10EE3000D7CF2E73D8CFBF53D9CF7A81DACF859968
:10EE4000DBCFA17FDCCFAA5BDDCF7796DECF5096FC
:10EE5000DFCFBF7EE0CFF876E1CFA253E2CF769549
:10EE6000E3CF9999E4CFB17BE5CF4489E6CF586EE3
:10EE7000E7CF614EE8CFD47FE9CF6579EACFE68B63
:10EE8000EBCFF360ECCFCD54EDCFAB4EEECF799816
:10EE9000EFCFF75DF0CF616AF1CFCF50F2CF1154D1
:10EEA000F3CF618CF4CF2784F5CF5D78F6CF04974C
:10EEB000F7CF4A52F8CFEE54F9CFA356FACF0095C8
:10EEC000FBCF886DFCCFB55BFDCFC66DFECF536623
:10EED00040D0248841D0258842D0268843D0278836
:10EEE00044D0288845D0298846D02A8847D02B8806
:10EEF00048D02C8849D02D884AD02E884BD02F88D6
:10EF00004CD030884DD031884ED033884FD03488A3
:10EF100050D0358851D0368852D0378853D0388871
:10EF200054D03A8855D03B8856D03D8857D03E883B
:10EF300058D03F8859D041885AD042885BD0438806
:10EF40005CD046885DD047885ED048885FD04988CD
:10EF500060D04A8861D04B8862D04E8863D04F8899
:10EF600064D0508865D0518866D0528867D0538865
:10EF700068D0558869D056886AD058886BD05A882E
:10EF80006CD05B886DD05C886ED05D886FD05E88F9
:10EF900070D05F8871D0608872D0668873D06788BF
:10EFA00074D06A8875D06D8876D06F8877D0718874
:10EFB00078D0738879D074887AD075887BD0768839
:10EFC0007CD078887DD079887ED07A8880D07B8804
:10EFD00081D07C8882D0808883D0838884D08688C2
:10EFE00085D0878886D0898887D08A8888D08C8881
:10EFF00089D08E888AD08F888BD090888CD0918849
:10F000008DD093888ED094888FD0958890D0978813
:10F0100091D0988892D0998893D09A8894D09B88E0
:10F0200095D09D8896D09E8897D09F8898D0A088AC
:10F0300099D0A1889AD0A3889BD0A5889CD0A68877
:10F040009DD0A7889ED0A8889FD0A988A0D0AA8844
:10F05000A1D00F5CA2D05D5BA3D02168A4D0968024
:10F06000A5D07855A6D0117BA7D04865A8D0546903
:10F07000A9D09B4EAAD0476BABD04E87ACD08B9714
:10F08000ADD04F53AED01F63AFD03A64B0D0AA908A
:10F09000B1D09C65B2D0C180B3D0108CB4D099519E
:10F0A000B5D0B068B6D07853B7D0F987B8D0C861BA
:10F0B000B9D0C46CBAD0FB6CBBD0228CBCD0515C34
:10F0C000BDD0AA85BED0AF82BFD00C95C0D0236B77
:10F0D000C1D09B8FC2D0B065C3D0FB5FC4D0C35F2B
:10F0E000C5D0E14FC6D04588C7D01F66C8D065815E
:10F0F000C9D02973CAD0FA60CBD07451CCD0115288
:10F10000CDD08B57CED0625FCFD0A290D0D04C88DC
:10F11000D1D09291D2D0785ED3D04F67D4D027602F
:10F12000D5D0D359D6D04451D7D0F651D8D0F880C5
:10F13000D9D00853DAD0796CDBD0C496DCD08A7190
:10F14000DDD0114FDED0EE4FDFD09E7FE0D03D67A7
:10F15000E1D0C555E2D00895E3D0C079E4D09688D7
:10F16000E5D0E37EE6D09F58E7D00C62E8D0009768
:10F17000E9D05A86EAD01856EBD07B98ECD0905F55
:10F18000EDD0B88BEED0C484EFD05791F0D0D953E6
:10F19000F1D0ED65F2D08F5EF3D05C75F4D0646091
:10F1A000F5D06E7DF6D07F5AF7D0EA7EF8D0ED7EAE
:10F1B000F9D0698FFAD0A755FBD0A35BFCD0AC6027
:10F1C000FDD0CB65FED0847340D1AC8841D1AE88F0
:10F1D00042D1AF8843D1B08844D1B28845D1B388F9
:10F1E00046D1B48847D1B58848D1B68849D1B888C6
:10F1F0004AD1B9884BD1BA884CD1BB884DD1BD8892
:10F200004ED1BE884FD1BF8850D1C08851D1C3885C
:10F2100052D1C48853D1C78854D1C88855D1CA881F
:10F2200056D1CB8857D1CC8858D1CD8859D1CF88E9
:10F230005AD1D0885BD1D1885CD1D3885DD1D688B2
:10F240005ED1D7885FD1DA8860D1DB8861D1DC8874
:10F2500062D1DD8863D1DE8864D1E08865D1E18840
:10F2600066D1E68867D1E78868D1E98869D1EA88FC
:10F270006AD1EB886BD1EC886CD1ED886DD1EE88CA
:10F280006ED1EF886FD1F28870D1F58871D1F68890
:10F2900072D1F78873D1FA8874D1FB8875D1FD8853
:10F2A00076D1FF8877D1008978D1018979D1038916
:10F2B0007AD104897BD105897CD106897DD10789E2
:10F2C0007ED1088980D1098981D10B8982D10C89AD
:10F2D00083D10D8984D10E8985D10F8986D1118979
:10F2E00087D1148988D1158989D116898AD117893E
:10F2F0008BD118898CD11C898DD11D898ED11E8905
:10F300008FD11F8990D1208991D1228992D12389CF
:10F3100093D1248994D1268995D1278996D128899A
:10F3200097D1298998D12C8999D12D899AD12E8963
:10F330009BD12F899CD131899DD132899ED133892E
:10F340009FD13589A0D13789A1D10990A2D1637607
:10F35000A3D12977A4D1DA7EA5D17497A6D19B85B4
:10F36000A7D1665BA8D1747AA9D1EA96AAD14088C0
:10F37000ABD1CB52ACD18F71ADD1AA5FAED1EC6520
:10F38000AFD1E28BB0D1FB5BB1D16F9AB2D1E15D6D
:10F39000B3D1896BB4D15B6CB5D1AD8BB6D1AF8B2A
:10F3A000B7D10A90B8D1C58FB9D18B53BAD1BC624D
:10F3B000BBD1269EBCD12D9EBDD14054BED12B4E7B
:10F3C000BFD1BD82C0D15972C1D19C86C2D1165D58
:10F3D000C3D15988C4D1AF6DC5D1C596C6D1D1545A
:10F3E000C7D19A4EC8D1B68BC9D10971CAD1BD5403
:10F3F000CBD10996CCD1DF70CDD1F96DCED1D076FD
:10F40000CFD1254ED0D11478D1D11287D2D1A95CD9
:10F41000D3D1F65ED4D1008AD5D19C98D6D10E96A0
:10F42000D7D18E70D8D1BF6CD9D14459DAD1A96364
:10F43000DBD13C77DCD14D88DDD1146FDED1738216
:10F44000DFD13058E0D1D571E1D18C53E2D11A78B7
:10F45000E3D1C196E4D10155E5D1665FE6D13071C3
:10F46000E7D1B45BE8D11A8CE9D18C9AEAD1836BED
:10F47000EBD12E59ECD12F9EEDD1E779EED1686713
:10F48000EFD16C62F0D16F4FF1D1A175F2D18A7FCB
:10F49000F3D10B6DF4D13396F5D1276CF6D1F04E44
:10F4A000F7D1D275F8D17B51F9D13768FAD13E6FD7
:10F4B000FBD18090FCD17081FDD19659FED176743C
:10F4C00040D2388941D2398942D23A8943D23B89E4
:10F4D00044D23C8945D23D8946D23E8947D23F89B4
:10F4E00048D2408949D242894AD243894BD2458980
:10F4F0004CD246894DD247894ED248894FD249894C
:10F5000050D24A8951D24B8952D24C8953D24D891B
:10F5100054D24E8955D24F8956D2508957D25189EB
:10F5200058D2528959D253895AD254895BD25589BB
:10F530005CD256895DD257895ED258895FD259898B
:10F5400060D25A8961D25B8962D25C8963D25D895B
:10F5500064D2608965D2618966D2628967D2638923
:10F5600068D2648969D265896AD267896BD26889F1
:10F570006CD269896DD26A896ED26B896FD26C89BF
:10F5800070D26D8971D26E8972D26F8973D270898F
:10F5900074D2718975D2728976D2738977D274895F
:10F5A00078D2758979D276897AD277897BD278892F
:10F5B0007CD279897DD27A897ED27C8980D27D89FC
:10F5C00081D27E8982D2808983D2828984D28489C1
:10F5D00085D2858986D2878987D2888988D2898988
:10F5E00089D28A898AD28B898BD28C898CD28D8957
:10F5F0008DD28E898ED28F898FD2908990D2918927
:10F6000091D2928992D2938993D2948994D29589F6
:10F6100095D2968996D2978997D2988998D29989C6
:10F6200099D29A899AD29B899BD29C899CD29D8996
:10F630009DD29E899ED29F899FD2A089A0D2A18966
:10F64000A1D24764A2D2275CA3D26590A4D2917ABA
:10F65000A5D2238CA6D2DA59A7D2AC54A8D2008264
:10F66000A9D26F83AAD28189ABD20080ACD2306993
:10F67000ADD24E56AED23680AFD23772B0D2CE9126
:10F68000B1D2B651B2D25F4EB3D27598B4D29663AE
:10F69000B5D21A4EB6D2F653B7D2F366B8D24B8172
:10F6A000B9D21C59BAD2B26DBBD2004EBCD2F958F5
:10F6B000BDD23B53BED2D663BFD2F194C0D29D4FD0
:10F6C000C1D20A4FC2D26388C3D29098C4D23759EC
:10F6D000C5D25790C6D2FB79C7D2EA4EC8D2F080C5
:10F6E000C9D29175CAD2826CCBD29C5BCCD2E8597C
:10F6F000CDD25D5FCED20569CFD28186D0D21A50ED
:10F70000D1D2F25DD2D2594ED3D2E377D4D2E54EE4
:10F71000D5D27A82D6D29162D7D21366D8D29190BE
:10F72000D9D2795CDAD2BF4EDBD2795FDCD2C68126
:10F73000DDD23890DED28480DFD2AB75E0D2A64E27
:10F74000E1D2D488E2D20F61E3D2C56BE4D2C65FC6
:10F75000E5D2494EE6D2CA76E7D2A26EE8D2E38B72
:10F76000E9D2AE8BEAD20A8CEBD2D18BECD2025F1B
:10F77000EDD2FC7FEED2CC7FEFD2CE7EF0D23583BD
:10F78000F1D26B83F2D2E056F3D2B76BF4D2F39797
:10F79000F5D23496F6D2FB59F7D21F54F8D2F6942C
:10F7A000F9D2EB6DFAD2C55BFBD26E99FCD2395C13
:10F7B000FDD2155FFED2909640D3A28941D3A38992
:10F7C00042D3A48943D3A58944D3A68945D3A78925
:10F7D00046D3A88947D3A98948D3AA8949D3AB89F5
:10F7E0004AD3AC894BD3AD894CD3AE894DD3AF89C5
:10F7F0004ED3B0894FD3B18950D3B28951D3B38995
:10F8000052D3B48953D3B58954D3B68955D3B78964
:10F8100056D3B88957D3B98958D3BA8959D3BB8934
:10F820005AD3BC895BD3BD895CD3BE895DD3BF8904
:10F830005ED3C0895FD3C38960D3CD8961D3D389B7
:10F8400062D3D48963D3D58964D3D78965D3D88962
:10F8500066D3D98967D3DB8968D3DD8969D3DF892A
:10F860006AD3E0896BD3E1896CD3E2896DD3E489F3
:10F870006ED3E7896FD3E88970D3E98971D3EA89B8
:10F8800072D3EC8973D3ED8974D3EE8975D3F08983
:10F8900076D3F18977D3F28978D3F48979D3F5894E
:10F8A0007AD3F6897BD3F7897CD3F8897DD3F9891C
:10F8B0007ED3FA8980D3FB8981D3FC8982D3FD89E9
:10F8C00083D3FE8984D3FF8985D3018A86D3028AB4
:10F8D00087D3038A88D3048A89D3058A8AD3068A80
:10F8E0008BD3088A8CD3098A8DD30A8A8ED30B8A4C
:10F8F0008FD30C8A90D30D8A91D30E8A92D30F8A1C
:10F9000093D3108A94D3118A95D3128A96D3138AEB
:10F9100097D3148A98D3158A99D3168A9AD3178ABB
:10F920009BD3188A9CD3198A9DD31A8A9ED31B8A8B
:10F930009FD31C8AA0D31D8AA1D37053A2D3F18276
:10F94000A3D3316AA4D3745AA5D3709EA6D3945E70
:10F95000A7D3287FA8D3B983A9D32484AAD3258485
:10F96000ABD36783ACD34787ADD3CE8FAED3628D95
:10F97000AFD3C876B0D3715FB1D39698B2D36C7859
:10F98000B3D32066B4D3DF54B5D3E562B6D3634FA7
:10F99000B7D3C381B8D3C875B9D3B85EBAD3CD963F
:10F9A000BBD30A8EBCD3F986BDD38F54BED3F36CC0
:10F9B000BFD38C6DC0D3386CC1D37F60C2D3C75264
:10F9C000C3D32875C4D37D5EC5D3184FC6D3A060FA
:10F9D000C7D3E75FC8D3245CC9D33175CAD3AE900F
:10F9E000CBD3C094CCD3B972CDD3B96CCED3386E4F
:10F9F000CFD34991D0D30967D1D3CB53D2D3F353CB
:10FA0000D3D3514FD4D3C991D5D3F18BD6D3C853C7
:10FA1000D7D37C5ED8D3C28FD9D3E46DDAD38E4EE0
:10FA2000DBD3C276DCD38669DDD35E86DED31A6192
:10FA3000DFD30682E0D3594FE1D3DE4FE2D33E90CD
:10FA4000E3D37C9CE4D30961E5D31D6EE6D3146E49
:10FA5000E7D38596E8D3884EE9D3315AEAD3E896BE
:10FA6000EBD30E4EECD37F5CEDD3B979EED3875B4D
:10FA7000EFD3ED8BF0D3BD7FF1D38973F2D3DF5792
:10FA8000F3D38B82F4D3C190F5D30154F6D34790CE
:10FA9000F7D3BB55F8D3EA5CF9D3A15FFAD3086179
:10FAA000FBD3326BFCD3F172FDD3B280FED3898AD3
:10FAB00040D41E8A41D41F8A42D4208A43D4218A4A
:10FAC00044D4228A45D4238A46D4248A47D4258A1A
:10FAD00048D4268A49D4278A4AD4288A4BD4298AEA
:10FAE0004CD42A8A4DD42B8A4ED42C8A4FD42D8ABA
:10FAF00050D42E8A51D42F8A52D4308A53D4318A8A
:10FB000054D4328A55D4338A56D4348A57D4358A59
:10FB100058D4368A59D4378A5AD4388A5BD4398A29
:10FB20005CD43A8A5DD43B8A5ED43C8A5FD43D8AF9
:10FB300060D43F8A61D4408A62D4418A63D4428AC5
:10FB400064D4438A65D4448A66D4458A67D4468A95
:10FB500068D4478A69D4498A6AD44A8A6BD44B8A62
:10FB60006CD44C8A6DD44D8A6ED44E8A6FD44F8A31
:10FB700070D4508A71D4518A72D4528A73D4538A01
:10FB800074D4548A75D4558A76D4568A77D4578AD1
:10FB900078D4588A79D4598A7AD45A8A7BD45B8AA1
:10FBA0007CD45C8A7DD45D8A7ED45E8A80D45F8A70
:10FBB00081D4608A82D4618A83D4628A84D4638A3D
:10FBC00085D4648A86D4658A87D4668A88D4678A0D
:10FBD00089D4688A8AD4698A8BD46A8A8CD46B8ADD
:10FBE0008DD46C8A8ED46D8A8FD46E8A90D46F8AAD
:10FBF00091D4708A92D4718A93D4728A94D4738A7D
:10FC000095D4748A96D4758A97D4768A98D4778A4C
:10FC100099D4788A9AD47A8A9BD47B8A9CD47C8A19
:10FC20009DD47D8A9ED47E8A9FD47F8AA0D4808AE8
:10FC3000A1D4746DA2D4D35BA3D4D588A4D4849862
:10FC4000A5D46B8CA6D46D9AA7D4339EA8D40A6E83
:10FC5000A9D4A451AAD44351ABD4A357ACD481881E
:10FC6000ADD49F53AED4F463AFD4958FB0D4ED56DA
:10FC7000B1D45854B2D40657B3D43F73B4D4906EB1
:10FC8000B5D4187FB6D4DC8FB7D4D182B8D43F6155
:10FC9000B9D42860BAD46296BBD4F066BCD4A67E30
:10FCA000BDD48A8DBED4C38DBFD4A594C0D4B35C5B
:10FCB000C1D4A47CC2D40867C3D4A660C4D40596BA
:10FCC000C5D41880C6D4914EC7D4E790C8D4005389
:10FCD000C9D46896CAD44151CBD4D08FCCD47485C2
:10FCE000CDD45D91CED45566CFD4F597D0D4555BA5
:10FCF000D1D41D53D2D43878D3D44267D4D43D68FC
:10FD0000D5D4C954D6D47E70D7D4B05BD8D47D8F27
:10FD1000D9D48D51DAD42857DBD4B154DCD4126550
:10FD2000DDD48266DED45E8DDFD4438DE0D40F81D6
:10FD3000E1D46C84E2D46D90E3D4DF7CE4D4FF5151
:10FD4000E5D4FB85E6D4A367E7D4E965E8D4A16FE1
:10FD5000E9D4A486EAD4818EEBD46A56ECD4209000
:10FD6000EDD48276EED47670EFD4E571F0D4238DA5
:10FD7000F1D4E962F2D41952F3D4FD6CF4D43C8D81
:10FD8000F5D40E60F6D49E58F7D48E61F8D4FE6692
:10FD9000F9D4608DFAD44E62FBD4B355FCD4236EF3
:10FDA000FDD42D67FED4678F40D5818A41D5828AE4
:10FDB00042D5838A43D5848A44D5858A45D5868AA7
:10FDC00046D5878A47D5888A48D58B8A49D58C8A73
:10FDD0004AD58D8A4BD58E8A4CD58F8A4DD5908A3F
:10FDE0004ED5918A4FD5928A50D5948A51D5958A0D
:10FDF00052D5968A53D5978A54D5988A55D5998ADB
:10FE000056D59A8A57D59B8A58D59C8A59D59D8AAA
:10FE10005AD59E8A5BD59F8A5CD5A08A5DD5A18A7A
:10FE20005ED5A28A5FD5A38A60D5A48A61D5A58A4A
:10FE300062D5A68A63D5A78A64D5A88A65D5A98A1A
:10FE400066D5AA8A67D5AB8A68D5AC8A69D5AD8AEA
:10FE50006AD5AE8A6BD5AF8A6CD5B08A6DD5B18ABA
:10FE60006ED5B28A6FD5B38A70D5B48A71D5B58A8A
:10FE700072D5B68A73D5B78A74D5B88A75D5B98A5A
:10FE800076D5BA8A77D5BB8A78D5BC8A79D5BD8A2A
:10FE90007AD5BE8A7BD5BF8A7CD5C08A7DD5C18AFA
:10FEA0007ED5C28A80D5C38A81D5C48A82D5C58AC7
:10FEB00083D5C68A84D5C78A85D5C88A86D5C98A96
:10FEC00087D5CA8A88D5CB8A89D5CC8A8AD5CD8A66
:10FED0008BD5CE8A8CD5CF8A8DD5D08A8ED5D18A36
:10FEE0008FD5D28A90D5D38A91D5D48A92D5D58A06
:10FEF00093D5D68A94D5D78A95D5D88A96D5D98AD6
:10FF000097D5DA8A98D5DB8A99D5DC8A9AD5DD8AA5
:10FF10009BD5DE8A9CD5DF8A9DD5E08A9ED5E18A75
:10FF20009FD5E28AA0D5E38AA1D5E194A2D5F89520
:10FF3000A3D52877A4D50568A5D5A869A6D58B54DF
:10FF4000A7D54D4EA8D5B870A9D5C88BAAD55864E9
:10FF5000ABD58B65ACD5855BADD5847AAED53A5043
:10FF6000AFD5E85BB0D5BB77B1D5E16BB2D5798AB7
:10FF7000B3D5987CB4D5BE6CB5D5CF76B6D5A965CA
:10FF8000B7D5978FB8D52D5DB9D5555CBAD538861C
:10FF9000BBD50868BCD56053BDD51862BED5D97A2B
:10FFA000BFD55B6EC0D5FD7EC1D51F6AC2D5E07AD4
:10FFB000C3D5705FC4D5336FC5D5205FC6D58C63FC
:10FFC000C7D5A86DC8D55667C9D5084ECAD5105E25
:10FFD000CBD5268DCCD5D74ECDD5C080CED53476D9
:10FFE000CFD59C96D0D5DB62D1D52D66D2D57E6299
:10FFF000D3D5BC6CD4D5758DD5D56771D6D5697F71
:020000040803EF
:10000000D7D54651D8D58780D9D5EC53DAD56E905F
:10001000DBD59862DCD5F254DDD5F086DED5998F3C
:10002000DFD50580E0D51795E1D51785E2D5D98FC5
:10003000E3D5596DE4D5CD73E5D59F65E6D51F773A
:10004000E7D50475E8D52778E9D5FB81EAD51E8D7B
:10005000EBD58894ECD5A64FEDD59567EED5B9755F
:10006000EFD5CA8BF0D50797F1D52F63F2D5479519
:10007000F3D53596F4D5B884F5D52363F6D5417715
:10008000F7D5815FF8D5F072F9D5894EFAD51460AD
:10009000FBD57465FCD5EF62FDD5636BFED53F657E
:1000A00040D6E48A41D6E58A42D6E68A43D6E78A34
:1000B00044D6E88A45D6E98A46D6EA8A47D6EB8A04
:1000C00048D6EC8A49D6ED8A4AD6EE8A4BD6EF8AD4
:1000D0004CD6F08A4DD6F18A4ED6F28A4FD6F38AA4
:1000E00050D6F48A51D6F58A52D6F68A53D6F78A74
:1000F00054D6F88A55D6F98A56D6FA8A57D6FB8A44
:1001000058D6FC8A59D6FD8A5AD6FE8A5BD6FF8A13
:100110005CD6008B5DD6018B5ED6028B5FD6038BDF
:1001200060D6048B61D6058B62D6068B63D6088BAE
:1001300064D6098B65D60A8B66D60B8B67D60C8B7B
:1001400068D60D8B69D60E8B6AD60F8B6BD6108B4B
:100150006CD6118B6DD6128B6ED6138B6FD6148B1B
:1001600070D6158B71D6168B72D6178B73D6188BEB
:1001700074D6198B75D61A8B76D61B8B77D61C8BBB
:1001800078D61D8B79D61E8B7AD61F8B7BD6208B8B
:100190007CD6218B7DD6228B7ED6238B80D6248B5A
:1001A00081D6258B82D6278B83D6288B84D6298B24
:1001B00085D62A8B86D62B8B87D62C8B88D62D8BF3
:1001C00089D62E8B8AD62F8B8BD6308B8CD6318BC3
:1001D0008DD6328B8ED6338B8FD6348B90D6358B93
:1001E00091D6368B92D6378B93D6388B94D6398B63
:1001F00095D63A8B96D63B8B97D63C8B98D63D8B33
:1002000099D63E8B9AD63F8B9BD6408B9CD6418B02
:100210009DD6428B9ED6438B9FD6448BA0D6458BD2
:10022000A1D6275EA2D6C775A3D6D190A4D6C18B7E
:10023000A5D69D82A6D69D67A7D62F65A8D6315490
:10024000A9D61887AAD6E577ABD6A280ACD602810C
:10025000ADD6416CAED64B4EAFD6C77EB0D64C8035
:10026000B1D6F476B2D60D69B3D6966BB4D66762C2
:10027000B5D63C50B6D6844FB7D64057B8D60763EC
:10028000B9D6626BBAD6BE8DBBD6EA53BCD6E8658A
:10029000BDD6B87EBED6D75FBFD61A63C0D6B76309
:1002A000C1D6F381C2D6F481C3D66E7FC4D61C5E9C
:1002B000C5D6D95CC6D63652C7D67A66C8D6E979CD
:1002C000C9D61A7ACAD6288DCBD69970CCD6D47511
:1002D000CDD6DE6ECED6BB6CCFD6927AD0D62D4E92
:1002E000D1D6C576D2D6E05FD3D69F94D4D67788C0
:1002F000D5D6C87ED6D6CD79D7D6BF80D8D6CD9123
:10030000D9D6F24EDAD6174FDBD61F82DCD6685428
:10031000DDD6DE5DDED6326DDFD6CC8BE0D6A57CB9
:10032000E1D6748FE2D69880E3D61A5EE4D6925472
:10033000E5D6B176E6D6995BE7D63C66E8D6A49AD0
:10034000E9D6E073EAD62A68EBD6DB86ECD63167CD
:10035000EDD62A73EED6F88BEFD6DB8BF0D6109065
:10036000F1D6F97AF2D6DB70F3D66E71F4D6C462A8
:10037000F5D6A977F6D63156F7D63B4EF8D6578440
:10038000F9D6F167FAD6A952FBD6C086FCD62E8DD7
:10039000FDD6F894FED6517B40D7468B41D7478B8C
:1003A00042D7488B43D7498B44D74A8B45D74B8B91
:1003B00046D74C8B47D74D8B48D74E8B49D74F8B61
:1003C0004AD7508B4BD7518B4CD7528B4DD7538B31
:1003D0004ED7548B4FD7558B50D7568B51D7578B01
:1003E00052D7588B53D7598B54D75A8B55D75B8BD1
:1003F00056D75C8B57D75D8B58D75E8B59D75F8BA1
:100400005AD7608B5BD7618B5CD7628B5DD7638B70
:100410005ED7648B5FD7658B60D7678B61D7688B3E
:1004200062D7698B63D76A8B64D76B8B65D76D8B0B
:1004300066D76E8B67D76F8B68D7708B69D7718BD8
:100440006AD7728B6BD7738B6CD7748B6DD7758BA8
:100450006ED7768B6FD7778B70D7788B71D7798B78
:1004600072D77A8B73D77B8B74D77C8B75D77D8B48
:1004700076D77E8B77D77F8B78D7808B79D7818B18
:100480007AD7828B7BD7838B7CD7848B7DD7858BE8
:100490007ED7868B80D7878B81D7888B82D7898BB5
:1004A00083D78A8B84D78B8B85D78C8B86D78D8B84
:1004B00087D78E8B88D78F8B89D7908B8AD7918B54
:1004C0008BD7928B8CD7938B8DD7948B8ED7958B24
:1004D0008FD7968B90D7978B91D7988B92D7998BF4
:1004E00093D79A8B94D79B8B95D79C8B96D79D8BC4
:1004F00097D79E8B98D79F8B99D7AC8B9AD7B18B78
:100500009BD7BB8B9CD7C78B9DD7D08B9ED7EA8BB5
:100510009FD7098CA0D71E8CA1D74F4FA2D7E86CCC
:10052000A3D75D79A4D77B9AA5D79362A6D72A7261
:10053000A7D7FD62A8D7134EA9D71678AAD76C8F74
:10054000ABD7B064ACD75A8DADD7C67BAED7696890
:10055000AFD7845EB0D7C588B1D78659B2D79E646D
:10056000B3D7EE58B4D7B672B5D70E69B6D72595BE
:10057000B7D7FD8FB8D7588DB9D76057BAD7007F96
:10058000BBD7068CBCD7C651BDD74963BED7D9628D
:10059000BFD75353C0D74C68C1D72274C2D7018389
:1005A000C3D74C91C4D74455C5D74077C6D77C70C4
:1005B000C7D74A6DC8D77951C9D7A854CAD7448D6F
:1005C000CBD7FF59CCD7CB6ECDD7C46DCED75C5B24
:1005D000CFD72B7DD0D7D44ED1D77D7CD2D7D36E79
:1005E000D3D7505BD4D7EA81D5D70D6ED6D7575B1A
:1005F000D7D7039BD8D7D568D9D72A8EDAD7975BB8
:10060000DBD7FC7EDCD73B60DDD7B57EDED7B9908B
:10061000DFD7708DE0D74F59E1D7CD63E2D7DF79CF
:10062000E3D7B38DE4D75253E5D7CF65E6D75679F4
:10063000E7D7C58BE8D73B96E9D7C47EEAD7BB940A
:10064000EBD7827EECD73456EDD78991EED7006791
:10065000EFD76A7FF0D70A5CF1D77590F2D728669A
:10066000F3D7E65DF4D7504FF5D7DE67F6D75A508B
:10067000F7D75C4FF8D75057F9D7A75E40D8388CDA
:1006800041D8398C42D83A8C43D83B8C44D83C8CE6
:1006900045D83D8C46D83E8C47D83F8C48D8408CB6
:1006A00049D8428C4AD8438C4BD8448C4CD8458C82
:1006B0004DD8488C4ED84A8C4FD84B8C50D84D8C46
:1006C00051D84E8C52D84F8C53D8508C54D8518C12
:1006D00055D8528C56D8538C57D8548C58D8568CE1
:1006E00059D8578C5AD8588C5BD8598C5CD85B8CAD
:1006F0005DD85C8C5ED85D8C5FD85E8C60D85F8C7A
:1007000061D8608C62D8638C63D8648C64D8658C43
:1007100065D8668C66D8678C67D8688C68D8698C11
:1007200069D86C8C6AD86D8C6BD86E8C6CD86F8CD9
:100730006DD8708C6ED8718C6FD8728C70D8748CA8
:1007400071D8758C72D8768C73D8778C74D87B8C72
:1007500075D87C8C76D87D8C77D87E8C78D87F8C39
:1007600079D8808C7AD8818C7BD8838C7CD8848C07
:100770007DD8868C7ED8878C80D8888C81D88B8CCD
:1007800082D88D8C83D88E8C84D88F8C85D8908C91
:1007900086D8918C87D8928C88D8938C89D8958C60
:1007A0008AD8968C8BD8978C8CD8998C8DD89A8C2B
:1007B0008ED89B8C8FD89C8C90D89D8C91D89E8CF9
:1007C00092D89F8C93D8A08C94D8A18C95D8A28CC9
:1007D00096D8A38C97D8A48C98D8A58C99D8A68C99
:1007E0009AD8A78C9BD8A88C9CD8A98C9DD8AA8C69
:1007F0009ED8AB8C9FD8AC8CA0D8AD8CA1D88D4E98
:10080000A2D80C4EA3D84051A4D8104EA5D8FF5E54
:10081000A6D84553A7D8154EA8D8984EA9D81E4E8D
:10082000AAD8329BABD86C5BACD86956ADD8284EF1
:10083000AED8BA79AFD83F4EB0D81553B1D8474EDD
:10084000B2D82D59B3D83B72B4D86E53B5D8106C0A
:10085000B6D8DF56B7D8E480B8D89799B9D8D36B53
:10086000BAD87E77BBD8179FBCD8364EBDD89F4E1E
:10087000BED8109FBFD85C4EC0D8694EC1D8934E29
:10088000C2D88882C3D85B5BC4D86C55C5D80F5614
:10089000C6D8C44EC7D88D53C8D89D53C9D8A35302
:1008A000CAD8A553CBD8AE53CCD86597CDD85D8DDB
:1008B000CED81A53CFD8F553D0D82653D1D82E53EB
:1008C000D2D83E53D3D85C8DD4D86653D5D8635391
:1008D000D6D80252D7D80852D8D80E52D9D82D52CD
:1008E000DAD83352DBD83F52DCD84052DDD84C52F4
:1008F000DED85E52DFD86152E0D85C52E1D8AF84D6
:10090000E2D87D52E3D88252E4D88152E5D89052A1
:10091000E6D89352E7D88251E8D8547FE9D8BB4E45
:10092000EAD8C34EEBD8C94EECD8C24EEDD8E84E4B
:10093000EED8E14EEFD8EB4EF0D8DE4EF1D81B4F9B
:10094000F2D8F34EF3D8224FF4D8644FF5D8F54ED1
:10095000F6D8254FF7D8274FF8D8094FF9D82B4F9D
:10096000FAD85E4FFBD8674FFCD83865FDD85A4F90
:10097000FED85D4F40D9AE8C41D9AF8C42D9B08CF6
:1009800043D9B18C44D9B28C45D9B38C46D9B48CF7
:1009900047D9B58C48D9B68C49D9B78C4AD9B88CC7
:1009A0004BD9B98C4CD9BA8C4DD9BB8C4ED9BC8C97
:1009B0004FD9BD8C50D9BE8C51D9BF8C52D9C08C67
:1009C00053D9C18C54D9C28C55D9C38C56D9C48C37
:1009D00057D9C58C58D9C68C59D9C78C5AD9C88C07
:1009E0005BD9C98C5CD9CA8C5DD9CB8C5ED9CC8CD7
:1009F0005FD9CD8C60D9CE8C61D9CF8C62D9D08CA7
:100A000063D9D18C64D9D28C65D9D38C66D9D48C76
:100A100067D9D58C68D9D68C69D9D78C6AD9D88C46
:100A20006BD9D98C6CD9DA8C6DD9DB8C6ED9DC8C16
:100A30006FD9DD8C70D9DE8C71D9DF8C72D9E08CE6
:100A400073D9E18C74D9E28C75D9E38C76D9E48CB6
:100A500077D9E58C78D9E68C79D9E78C7AD9E88C86
:100A60007BD9E98C7CD9EA8C7DD9EB8C7ED9EC8C56
:100A700080D9ED8C81D9EE8C82D9EF8C83D9F08C22
:100A800084D9F18C85D9F28C86D9F38C87D9F48CF2
:100A900088D9F58C89D9F68C8AD9F78C8BD9F88CC2
:100AA0008CD9F98C8DD9FA8C8ED9FB8C8FD9FC8C92
:100AB00090D9FD8C91D9FE8C92D9FF8C93D9008D61
:100AC00094D9018D95D9028D96D9038D97D9048D2E
:100AD00098D9058D99D9068D9AD9078D9BD9088DFE
:100AE0009CD9098D9DD90A8D9ED90B8D9FD90C8DCE
:100AF000A0D90D8DA1D95F4FA2D9574FA3D9324F9D
:100B0000A4D93D4FA5D9764FA6D9744FA7D9914FF7
:100B1000A8D9894FA9D9834FAAD98F4FABD97E4F76
:100B2000ACD97B4FADD9AA4FAED97C4FAFD9AC4F22
:100B3000B0D9944FB1D9E64FB2D9E84FB3D9EA4F03
:100B4000B4D9C54FB5D9DA4FB6D9E34FB7D9DC4FD1
:100B5000B8D9D14FB9D9DF4FBAD9F84FBBD929503D
:100B6000BCD94C50BDD9F34FBED92C50BFD90F5072
:100B7000C0D92E50C1D92D50C2D9FE4FC3D91C5057
:100B8000C4D90C50C5D92550C6D92850C7D97E50D4
:100B9000C8D94350C9D95550CAD94850CBD94E505D
:100BA000CCD96C50CDD97B50CED9A550CFD9A75038
:100BB000D0D9A950D1D9BA50D2D9D650D3D906510B
:100BC000D4D9ED50D5D9EC50D6D9E650D7D9EE507E
:100BD000D8D90751D9D90B51DAD9DD4EDBD93D6CC3
:100BE000DCD9584FDDD9654FDED9CE4FDFD9A09F74
:100BF000E0D9466CE1D9747CE2D96E51E3D9FD5D50
:100C0000E4D9C99EE5D99899E6D98151E7D9145913
:100C1000E8D9F952E9D90D53EAD9078AEBD910532B
:100C2000ECD9EB51EDD91959EED95551EFD9A04E68
:100C3000F0D95651F1D9B34EF2D96E88F3D9A488C0
:100C4000F4D9B54EF5D91481F6D9D288F7D980797F
:100C5000F8D9345BF9D90388FAD9B87FFBD9AB51FD
:100C6000FCD9B151FDD9BD51FED9BC5140DA0E8D30
:100C700041DA0F8D42DA108D43DA118D44DA128D8C
:100C800045DA138D46DA148D47DA158D48DA168D5C
:100C900049DA178D4ADA188D4BDA198D4CDA1A8D2C
:100CA0004DDA1B8D4EDA1C8D4FDA208D50DA518DC6
:100CB00051DA528D52DA578D53DA5F8D54DA658DE1
:100CC00055DA688D56DA698D57DA6A8D58DA6C8D87
:100CD00059DA6E8D5ADA6F8D5BDA718D5CDA728D4E
:100CE0005DDA788D5EDA798D5FDA7A8D60DA7B8D08
:100CF00061DA7C8D62DA7D8D63DA7E8D64DA7F8DD8
:100D000065DA808D66DA828D67DA838D68DA868DA2
:100D100069DA878D6ADA888D6BDA898D6CDA8C8D69
:100D20006DDA8D8D6EDA8E8D6FDA8F8D70DA908D33
:100D300071DA928D72DA938D73DA958D74DA968DFD
:100D400075DA978D76DA988D77DA998D78DA9A8DCB
:100D500079DA9B8D7ADA9C8D7BDA9D8D7CDA9E8D9B
:100D60007DDAA08D7EDAA18D80DAA28D81DAA48D64
:100D700082DAA58D83DAA68D84DAA78D85DAA88D2F
:100D800086DAA98D87DAAA8D88DAAB8D89DAAC8DFF
:100D90008ADAAD8D8BDAAE8D8CDAAF8D8DDAB08DCF
:100DA0008EDAB28D8FDAB68D90DAB78D91DAB98D91
:100DB00092DABB8D93DABD8D94DAC08D95DAC18D50
:100DC00096DAC28D97DAC58D98DAC78D99DAC88D13
:100DD0009ADAC98D9BDACA8D9CDACD8D9DDAD08DD9
:100DE0009EDAD28D9FDAD38DA0DAD48DA1DAC751E5
:100DF000A2DA9651A3DAA251A4DAA551A5DAA08B02
:100E0000A6DAA68BA7DAA78BA8DAAA8BA9DAB48B05
:100E1000AADAB58BABDAB78BACDAC28BADDAC38B9F
:100E2000AEDACB8BAFDACF8BB0DACE8BB1DAD28B36
:100E3000B2DAD38BB3DAD48BB4DAD68BB5DAD88BFB
:100E4000B6DAD98BB7DADC8BB8DADF8BB9DAE08BBC
:100E5000BADAE48BBBDAE88BBCDAE98BBDDAEE8B6D
:100E6000BEDAF08BBFDAF38BC0DAF68BC1DAF98B1E
:100E7000C2DAFC8BC3DAFF8BC4DA008CC5DA028CD1
:100E8000C6DA048CC7DA078CC8DA0C8CC9DA0F8C86
:100E9000CADA118CCBDA128CCCDA148CCDDA158C40
:100EA000CEDA168CCFDA198CD0DA1B8CD1DA188C0A
:100EB000D2DA1D8CD3DA1F8CD4DA208CD5DA218CCF
:100EC000D6DA258CD7DA278CD8DA2A8CD9DA2B8C8B
:100ED000DADA2E8CDBDA2F8CDCDA328CDDDA338C4A
:100EE000DEDA358CDFDA368CE0DA6953E1DA7A5310
:100EF000E2DA1D96E3DA2296E4DA2196E5DA319613
:100F0000E6DA2A96E7DA3D96E8DA3C96E9DA42969E
:100F1000EADA4996EBDA5496ECDA5F96EDDA679600
:100F2000EEDA6C96EFDA7296F0DA7496F1DA889669
:100F3000F2DA8D96F3DA9796F4DAB096F5DA9790BE
:100F4000F6DA9B90F7DA9D90F8DA9990F9DAAC909E
:100F5000FADAA190FBDAB490FCDAB390FDDAB6903D
:100F6000FEDABA9040DBD58D41DBD88D42DBD98DDE
:100F700043DBDC8D44DBE08D45DBE18D46DBE28D40
:100F800047DBE58D48DBE68D49DBE78D4ADBE98D04
:100F90004BDBED8D4CDBEE8D4DDBF08D4EDBF18DC3
:100FA0004FDBF28D50DBF48D51DBF68D52DBFC8D87
:100FB00053DBFE8D54DBFF8D55DB008E56DB018E3F
:100FC00057DB028E58DB038E59DB048E5ADB068E0C
:100FD0005BDB078E5CDB088E5DDB0B8E5EDB0D8ED4
:100FE0005FDB0E8E60DB108E61DB118E62DB128E9A
:100FF00063DB138E64DB158E65DB168E66DB178E66
:1010000067DB188E68DB198E69DB1A8E6ADB1B8E34
:101010006BDB1C8E6CDB208E6DDB218E6EDB248EF9
:101020006FDB258E70DB268E71DB278E72DB288EC0
:1010300073DB2B8E74DB2D8E75DB308E76DB328E80
:1010400077DB338E78DB348E79DB368E7ADB378E46
:101050007BDB388E7CDB3B8E7DDB3C8E7EDB3E8E0D
:1010600080DB3F8E81DB438E82DB458E83DB468EC9
:1010700084DB4C8E85DB4D8E86DB4E8E87DB4F8E80
:1010800088DB508E89DB538E8ADB548E8BDB558E4A
:101090008CDB568E8DDB578E8EDB588E8FDB5A8E17
:1010A00090DB5B8E91DB5C8E92DB5D8E93DB5E8EE4
:1010B00094DB5F8E95DB608E96DB618E97DB628EB4
:1010C00098DB638E99DB648E9ADB658E9BDB678E83
:1010D0009CDB688E9DDB6A8E9EDB6B8E9FDB6E8E4B
:1010E000A0DB718EA1DBB890A2DBB090A3DBCF9028
:1010F000A4DBC590A5DBBE90A6DBD090A7DBC49097
:10110000A8DBC790A9DBD390AADBE690ABDBE2902B
:10111000ACDBDC90ADDBD790AEDBDB90AFDBEB90F4
:10112000B0DBEF90B1DBFE90B2DB0491B3DB229138
:10113000B4DB1E91B5DB2391B6DB3191B7DB2F9188
:10114000B8DB3991B9DB4391BADB4691BBDB0D5279
:10115000BCDB4259BDDBA252BEDBAC52BFDBAD52A1
:10116000C0DBBE52C1DBFF54C2DBD052C3DBD65260
:10117000C4DBF052C5DBDF53C6DBEE71C7DBCD77D6
:10118000C8DBF45EC9DBF551CADBFC51CBDB2F9B1E
:10119000CCDBB653CDDB015FCEDB5A75CFDBEF5D29
:1011A000D0DB4C57D1DBA957D2DBA157D3DB7E581C
:1011B000D4DBBC58D5DBC558D6DBD158D7DB295793
:1011C000D8DB2C57D9DB2A57DADB3357DBDB39572F
:1011D000DCDB2E57DDDB2F57DEDB5C57DFDB3B57DD
:1011E000E0DB4257E1DB6957E2DB8557E3DB6B5716
:1011F000E4DB8657E5DB7C57E6DB7B57E7DB6857AC
:10120000E8DB6D57E9DB7657EADB7357EBDBAD576D
:10121000ECDBA457EDDB8C57EEDBB257EFDBCF579F
:10122000F0DBA757F1DBB457F2DB9357F3DBA057A2
:10123000F4DBD557F5DBD857F6DBDA57F7DBD957B0
:10124000F8DBD257F9DBB857FADBF457FBDBEF5783
:10125000FCDBF857FDDBE457FEDBDD5740DC738E2B
:1012600041DC758E42DC778E43DC788E44DC798EEF
:1012700045DC7A8E46DC7B8E47DC7D8E48DC7E8EBC
:1012800049DC808E4ADC828E4BDC838E4CDC848E83
:101290004DDC868E4EDC888E4FDC898E50DC8A8E4B
:1012A00051DC8B8E52DC8C8E53DC8D8E54DC8E8E1A
:1012B00055DC918E56DC928E57DC938E58DC958EE1
:1012C00059DC968E5ADC978E5BDC988E5CDC998EAE
:1012D0005DDC9A8E5EDC9B8E5FDC9D8E60DC9F8E7B
:1012E00061DCA08E62DCA18E63DCA28E64DCA38E46
:1012F00065DCA48E66DCA58E67DCA68E68DCA78E16
:1013000069DCA88E6ADCA98E6BDCAA8E6CDCAD8EE3
:101310006DDCAE8E6EDCB08E6FDCB18E70DCB38EA9
:1013200071DCB48E72DCB58E73DCB68E74DCB78E75
:1013300075DCB88E76DCB98E77DCBB8E78DCBC8E43
:1013400079DCBD8E7ADCBE8E7BDCBF8E7CDCC08E11
:101350007DDCC18E7EDCC28E80DCC38E81DCC48EDF
:1013600082DCC58E83DCC68E84DCC78E85DCC88EAD
:1013700086DCC98E87DCCA8E88DCCB8E89DCCC8E7D
:101380008ADCCD8E8BDCCF8E8CDCD08E8DDCD18E4A
:101390008EDCD28E8FDCD38E90DCD48E91DCD58E19
:1013A00092DCD68E93DCD78E94DCD88E95DCD98EE9
:1013B00096DCDA8E97DCDB8E98DCDC8E99DCDD8EB9
:1013C0009ADCDE8E9BDCDF8E9CDCE08E9DDCE18E89
:1013D0009EDCE28E9FDCE38EA0DCE48EA1DC0B5869
:1013E000A2DC0D58A3DCFD57A4DCED57A5DC0058AA
:1013F000A6DC1E58A7DC1958A8DC4458A9DC2058E4
:10140000AADC6558ABDC6C58ACDC8158ADDC895883
:10141000AEDC9A58AFDC8058B0DCA899B1DC199FDB
:10142000B2DCFF61B3DC7982B4DC7D82B5DC7F8223
:10143000B6DC8F82B7DC8A82B8DCA882B9DC848211
:10144000BADC8E82BBDC9182BCDC9782BDDC9982E7
:10145000BEDCAB82BFDCB882C0DCBE82C1DCB08245
:10146000C2DCC882C3DCCA82C4DCE382C5DC9882E9
:10147000C6DCB782C7DCAE82C8DCCB82C9DCCC82DA
:10148000CADCC182CBDCA982CCDCB482CDDCA182F7
:10149000CEDCAA82CFDC9F82D0DCC482D1DCCE82BB
:1014A000D2DCA482D3DCE182D4DC0983D5DCF782F0
:1014B000D6DCE482D7DC0F83D8DC0783D9DCDC827E
:1014C000DADCF482DBDCD282DCDCD882DDDC0C838B
:1014D000DEDCFB82DFDCD382E0DC1183E1DC1A831B
:1014E000E2DC0683E3DC1483E4DC1583E5DCE082E4
:1014F000E6DCD582E7DC1C83E8DC5183E9DC5B8336
:10150000EADC5C83EBDC0883ECDC9283EDDC3C837F
:10151000EEDC3483EFDC3183F0DC9B83F1DC5E8333
:10152000F2DC2F83F3DC4F83F4DC4783F5DC438369
:10153000F6DC5F83F7DC4083F8DC1783F9DC60833B
:10154000FADC2D83FBDC3A83FCDC3383FDDC668331
:10155000FEDC658340DDE58E41DDE68E42DDE78E13
:1015600043DDE88E44DDE98E45DDEA8E46DDEB8E17
:1015700047DDEC8E48DDED8E49DDEE8E4ADDEF8EE7
:101580004BDDF08E4CDDF18E4DDDF28E4EDDF38EB7
:101590004FDDF48E50DDF58E51DDF68E52DDF78E87
:1015A00053DDF88E54DDF98E55DDFA8E56DDFB8E57
:1015B00057DDFC8E58DDFD8E59DDFE8E5ADDFF8E27
:1015C0005BDD008F5CDD018F5DDD028F5EDD038FF3
:1015D0005FDD048F60DD058F61DD068F62DD078FC3
:1015E00063DD088F64DD098F65DD0A8F66DD0B8F93
:1015F00067DD0C8F68DD0D8F69DD0E8F6ADD0F8F63
:101600006BDD108F6CDD118F6DDD128F6EDD138F32
:101610006FDD148F70DD158F71DD168F72DD178F02
:1016200073DD188F74DD198F75DD1A8F76DD1B8FD2
:1016300077DD1C8F78DD1D8F79DD1E8F7ADD1F8FA2
:101640007BDD208F7CDD218F7DDD228F7EDD238F72
:1016500080DD248F81DD258F82DD268F83DD278F3E
:1016600084DD288F85DD298F86DD2A8F87DD2B8F0E
:1016700088DD2C8F89DD2D8F8ADD2E8F8BDD2F8FDE
:101680008CDD308F8DDD318F8EDD328F8FDD338FAE
:1016900090DD348F91DD358F92DD368F93DD378F7E
:1016A00094DD388F95DD398F96DD3A8F97DD3B8F4E
:1016B00098DD3C8F99DD3D8F9ADD3E8F9BDD3F8F1E
:1016C0009CDD408F9DDD418F9EDD428F9FDD438FEE
:1016D000A0DD448FA1DD6883A2DD1B83A3DD6983C8
:1016E000A4DD6C83A5DD6A83A6DD6D83A7DD6E8333
:1016F000A8DDB083A9DD7883AADDB383ABDDB48335
:10170000ACDDA083ADDDAA83AEDD9383AFDD9C832A
:10171000B0DD8583B1DD7C83B2DDB683B3DDA98323
:10172000B4DD7D83B5DDB883B6DD7B83B7DD98831B
:10173000B8DD9E83B9DDA883BADDBA83BBDDBC8387
:10174000BCDDC183BDDD0184BEDDE583BFDDD883A3
:10175000C0DD0758C1DD1884C2DD0B84C3DDDD8325
:10176000C4DDFD83C5DDD683C6DD1C84C7DD3884BA
:10177000C8DD1184C9DD0684CADDD483CBDDDF83F7
:10178000CCDD0F84CDDD0384CEDDF883CFDDF9839E
:10179000D0DDEA83D1DDC583D2DDC083D3DD2684ED
:1017A000D4DDF083D5DDE183D6DD5C84D7DD5184E3
:1017B000D8DD5A84D9DD5984DADD7384DBDD878492
:1017C000DCDD8884DDDD7A84DEDD8984DFDD78841C
:1017D000E0DD3C84E1DD4684E2DD6984E3DD76849E
:1017E000E4DD8C84E5DD8E84E6DD3184E7DD6D8427
:1017F000E8DDC184E9DDCD84EADDD084EBDDE6847B
:10180000ECDDBD84EDDDD384EEDDCA84EFDDBF8485
:10181000F0DDBA84F1DDE084F2DDA184F3DDB9848A
:10182000F4DDB484F5DD9784F6DDE584F7DDE3844B
:10183000F8DD0C85F9DD0D75FADD3885FBDDF0840A
:10184000FCDD3985FDDD1F85FEDD3A8540DE458FF7
:1018500041DE468F42DE478F43DE488F44DE498FAC
:1018600045DE4A8F46DE4B8F47DE4C8F48DE4D8F7C
:1018700049DE4E8F4ADE4F8F4BDE508F4CDE518F4C
:101880004DDE528F4EDE538F4FDE548F50DE558F1C
:1018900051DE568F52DE578F53DE588F54DE598FEC
:1018A00055DE5A8F56DE5B8F57DE5C8F58DE5D8FBC
:1018B00059DE5E8F5ADE5F8F5BDE608F5CDE618F8C
:1018C0005DDE628F5EDE638F5FDE648F60DE658F5C
:1018D00061DE6A8F62DE808F63DE8C8F64DE928FC2
:1018E00065DE9D8F66DEA08F67DEA18F68DEA28F2A
:1018F00069DEA48F6ADEA58F6BDEA68F6CDEA78FF4
:101900006DDEAA8F6EDEAC8F6FDEAD8F70DEAE8FB8
:1019100071DEAF8F72DEB28F73DEB38F74DEB48F81
:1019200075DEB58F76DEB78F77DEB88F78DEBA8F4B
:1019300079DEBB8F7ADEBC8F7BDEBF8F7CDEC08F13
:101940007DDEC38F7EDEC68F80DEC98F81DECA8FCB
:1019500082DECB8F83DECC8F84DECD8F85DECF8F92
:1019600086DED28F87DED68F88DED78F89DEDA8F4C
:101970008ADEE08F8BDEE18F8CDEE38F8DDEE78FFA
:101980008EDEEC8F8FDEEF8F90DEF18F91DEF28FA7
:1019900092DEF48F93DEF58F94DEF68F95DEFA8F6C
:1019A00096DEFB8F97DEFC8F98DEFE8F99DEFF8F31
:1019B0009ADE07909BDE08909CDE0C909DDE0E90D8
:1019C0009EDE13909FDE1590A0DE1890A1DE568556
:1019D000A2DE3B85A3DEFF84A4DEFC84A5DE598560
:1019E000A6DE4885A7DE6885A8DE6485A9DE5E855B
:1019F000AADE7A85ABDEA277ACDE4385ADDE7285EA
:101A0000AEDE7B85AFDEA485B0DEA885B1DE87853E
:101A1000B2DE8F85B3DE7985B4DEAE85B5DE9C851A
:101A2000B6DE8585B7DEB985B8DEB785B9DEB085A7
:101A3000BADED385BBDEC185BCDEDC85BDDEFF85BD
:101A4000BEDE2786BFDE0586C0DE2986C1DE16869D
:101A5000C2DE3C86C3DEFE5EC4DE085FC5DE3C59E6
:101A6000C6DE4159C7DE3780C8DE5559C9DE5A592E
:101A7000CADE5859CBDE0F53CCDE225CCDDE255CAE
:101A8000CEDE2C5CCFDE345CD0DE4C62D1DE6A620E
:101A9000D2DE9F62D3DEBB62D4DECA62D5DEDA62FA
:101AA000D6DED762D7DEEE62D8DE2263D9DEF662FA
:101AB000DADE3963DBDE4B63DCDE4363DDDEAD6340
:101AC000DEDEF663DFDE7163E0DE7A63E1DE8E6325
:101AD000E2DEB463E3DE6D63E4DEAC63E5DE8A631D
:101AE000E6DE6963E7DEAE63E8DEBC63E9DEF2638F
:101AF000EADEF863EBDEE063ECDEFF63EDDEC46399
:101B0000EEDEDE63EFDECE63F0DE5264F1DEC6634E
:101B1000F2DEBE63F3DE4564F4DE4164F5DE0B64A1
:101B2000F6DE1B64F7DE2064F8DE0C64F9DE266462
:101B3000FADE2164FBDE5E64FCDE8464FDDE6D643F
:101B4000FEDE966440DF199041DF1C9042DF239057
:101B500043DF249044DF259045DF279046DF28901F
:101B600047DF299048DF2A9049DF2B904ADF2C90ED
:101B70004BDF30904CDF31904DDF32904EDF3390B1
:101B80004FDF349050DF379051DF399052DF3A9079
:101B900053DF3D9054DF3F9055DF409056DF439038
:101BA00057DF459058DF469059DF48905ADF4990FB
:101BB0005BDF4A905CDF4B905DDF4C905EDF4E90C8
:101BC0005FDF549060DF559061DF569062DF59907F
:101BD00063DF5A9064DF5C9065DF5D9066DF5E9046
:101BE00067DF5F9068DF609069DF61906ADF649013
:101BF0006BDF66906CDF67906DDF69906EDF6A90D7
:101C00006FDF6B9070DF6C9071DF6F9072DF7090A0
:101C100073DF719074DF729075DF739076DF76906A
:101C200077DF779078DF789079DF79907ADF7A9034
:101C30007BDF7B907CDF7C907DDF7E907EDF819000
:101C400080DF849081DF859082DF869083DF8790BC
:101C500084DF899085DF8A9086DF8C9087DF8D9086
:101C600088DF8E9089DF8F908ADF90908BDF929053
:101C70008CDF94908DDF96908EDF98908FDF9A9016
:101C800090DF9C9091DF9E9092DF9F9093DFA090D9
:101C900094DFA49095DFA59096DFA79097DFA8909A
:101CA00098DFA99099DFAB909ADFAD909BDFB2905F
:101CB0009CDFB7909DDFBC909EDFBD909FDFBF9003
:101CC000A0DFC090A1DF7A64A2DFB764A3DFB864AD
:101CD000A4DF9964A5DFBA64A6DFC064A7DFD0647F
:101CE000A8DFD764A9DFE464AADFE264ABDF09659B
:101CF000ACDF2565ADDF2E65AEDF0B5FAFDFD25FFA
:101D0000B0DF1975B1DF115FB2DF5F53B3DFF1539D
:101D1000B4DFFD53B5DFE953B6DFE853B7DFFB535C
:101D2000B8DF1254B9DF1654BADF0654BBDF4B5488
:101D3000BCDF5254BDDF5354BEDF5454BFDF565492
:101D4000C0DF4354C1DF2154C2DF5754C3DF5954AD
:101D5000C4DF2354C5DF3254C6DF8254C7DF945436
:101D6000C8DF7754C9DF7154CADF6454CBDF9A549B
:101D7000CCDF9B54CDDF8454CEDF7654CFDF665466
:101D8000D0DF9D54D1DFD054D2DFAD54D3DFC25465
:101D9000D4DFB454D5DFD254D6DFA754D7DFA6544E
:101DA000D8DFD354D9DFD454DADF7254DBDFA35445
:101DB000DCDFD554DDDFBB54DEDFBF54DFDFCC54C6
:101DC000E0DFD954E1DFDA54E2DFDC54E3DFA95489
:101DD000E4DFAA54E5DFA454E6DFDD54E7DFCF54A7
:101DE000E8DFDE54E9DF1B55EADFE754EBDF20557F
:101DF000ECDFFD54EDDF1455EEDFF354EFDF225539
:101E0000F0DF2355F1DF0F55F2DF1155F3DF2755D2
:101E1000F4DF2A55F5DF6755F6DF8F55F7DFB55547
:101E2000F8DF4955F9DF6D55FADF4155FBDF5555B0
:101E3000FCDF3F55FDDF5055FEDF3C5540E0C290D2
:101E400041E0C39042E0C69043E0C89044E0C990AE
:101E500045E0CB9046E0CC9047E0CD9048E0D29072
:101E600049E0D4904AE0D5904BE0D6904CE0D89031
:101E70004DE0D9904EE0DA904FE0DE9050E0DF90F8
:101E800051E0E09052E0E39053E0E49054E0E590BC
:101E900055E0E99056E0EA9057E0EC9058E0EE907B
:101EA00059E0F0905AE0F1905BE0F2905CE0F39042
:101EB0005DE0F5905EE0F6905FE0F79060E0F9900D
:101EC00061E0FA9062E0FB9063E0FC9064E0FF90D8
:101ED00065E0009166E0019167E0039168E005919B
:101EE00069E006916AE007916BE008916CE0099166
:101EF0006DE00A916EE00B916FE00C9170E00D9136
:101F000071E00E9172E00F9173E0109174E0119105
:101F100075E0129176E0139177E0149178E01591D5
:101F200079E016917AE017917BE018917CE01A91A4
:101F30007DE01B917EE01C9180E01D9181E01F916E
:101F400082E0209183E0219184E0249185E0259135
:101F500086E0269187E0279188E0289189E0299101
:101F60008AE02A918BE02B918CE02C918DE02D91D1
:101F70008EE02E918FE0309190E0329191E033919C
:101F800092E0349193E0359194E0369195E0379169
:101F900096E0389197E03A9198E03B9199E03C9136
:101FA0009AE03D919BE03E919CE03F919DE0409105
:101FB0009EE041919FE04291A0E04491A1E037551D
:101FC000A2E05655A3E07555A4E07655A5E07755F7
:101FD000A6E03355A7E03055A8E05C55A9E08B5545
:101FE000AAE0D255ABE08355ACE0B155ADE0B955B0
:101FF000AEE08855AFE08155B0E09F55B1E07E5529
:10200000B2E0D655B3E09155B4E07B55B5E0DF556D
:10201000B6E0BD55B7E0BE55B8E09455B9E0995566
:10202000BAE0EA55BBE0F755BCE0C955BDE01F5624
:10203000BEE0D155BFE0EB55C0E0EC55C1E0D45552
:10204000C2E0E655C3E0DD55C4E0C455C5E0EF5538
:10205000C6E0E555C7E0F255C8E0F355C9E0CC55F8
:10206000CAE0CD55CBE0E855CCE0F555CDE0E455E0
:10207000CEE0948FCFE01E56D0E00856D1E00C564B
:10208000D2E00156D3E02456D4E02356D5E0FE55E5
:10209000D6E00056D7E02756D8E02D56D9E058565E
:1020A000DAE03956DBE05756DCE02C56DDE04D56E1
:1020B000DEE06256DFE05956E0E05C56E1E04C5667
:1020C000E2E05456E3E08656E4E06456E5E07156FB
:1020D000E6E06B56E7E07B56E8E07C56E9E08556A3
:1020E000EAE09356EBE0AF56ECE0D456EDE0D7567D
:1020F000EEE0DD56EFE0E156F0E0F556F1E0EB56AC
:10210000F2E0F956F3E0FF56F4E00457F5E00A5721
:10211000F6E00957F7E01C57F8E00F5EF9E0195EAA
:10212000FAE0145EFBE0115EFCE0315EFDE03B5E38
:10213000FEE03C5E40E1459141E1479142E148913A
:1021400043E1519144E1539145E1549146E1559168
:1021500047E1569148E1589149E159914AE15B9133
:102160004BE15C914CE15F914DE160914EE16691F4
:102170004FE1679150E1689151E16B9152E16D91AE
:1021800053E1739154E17A9155E17B9156E17C9151
:1021900057E1809158E1819159E182915AE183910F
:1021A0005BE184915CE186915DE188915EE18A91D9
:1021B0005FE18E9160E18F9161E1939162E1949191
:1021C00063E1959164E1969165E1979166E198915B
:1021D00067E1999168E19C9169E19D916AE19E9125
:1021E0006BE19F916CE1A0916DE1A1916EE1A491F1
:1021F0006FE1A59170E1A69171E1A79172E1A891BB
:1022000073E1A99174E1AB9175E1AC9176E1B09184
:1022100077E1B19178E1B29179E1B3917AE1B69148
:102220007BE1B7917CE1B8917DE1B9917EE1BB9111
:1022300080E1BC9181E1BD9182E1BE9183E1BF91DA
:1022400084E1C09185E1C19186E1C29187E1C391AA
:1022500088E1C49189E1C5918AE1C6918BE1C89179
:102260008CE1CB918DE1D0918EE1D2918FE1D39130
:1022700090E1D49191E1D59192E1D69193E1D791FA
:1022800094E1D89195E1D99196E1DA9197E1DB91CA
:1022900098E1DD9199E1DE919AE1DF919BE1E09196
:1022A0009CE1E1919DE1E2919EE1E3919FE1E49166
:1022B000A0E1E591A1E1375EA2E1445EA3E1545EB5
:1022C000A4E15B5EA5E15E5EA6E1615EA7E18C5CD8
:1022D000A8E17A5CA9E18D5CAAE1905CABE1965C37
:1022E000ACE1885CADE1985CAEE1995CAFE1915CFA
:1022F000B0E19A5CB1E19C5CB2E1B55CB3E1A25C97
:10230000B4E1BD5CB5E1AC5CB6E1AB5CB7E1B15C3E
:10231000B8E1A35CB9E1C15CBAE1B75CBBE1C45C04
:10232000BCE1D25CBDE1E45CBEE1CB5CBFE1E55C5D
:10233000C0E1025DC1E1035DC2E1275DC3E1265D4D
:10234000C4E12E5DC5E1245DC6E11E5DC7E1065D09
:10235000C8E11B5DC9E1585DCAE13E5DCBE1345D7A
:10236000CCE13D5DCDE16C5DCEE15B5DCFE16F5DCC
:10237000D0E15D5DD1E16B5DD2E14B5DD3E14A5DC2
:10238000D4E1695DD5E1745DD6E1825DD7E1995D07
:10239000D8E19D5DD9E1738CDAE1B75DDBE1C55D24
:1023A000DCE1735FDDE1775FDEE1825FDFE1875FC4
:1023B000E0E1895FE1E18C5FE2E1955FE3E1995F54
:1023C000E4E19C5FE5E1A85FE6E1AD5FE7E1B55FD1
:1023D000E8E1BC5FE9E16288EAE1615FEBE1AD72EF
:1023E000ECE1B072EDE1B472EEE1B772EFE1B87218
:1023F000F0E1C372F1E1C172F2E1CE72F3E1CD72AC
:10240000F4E1D272F5E1E872F6E1EF72F7E1E97218
:10241000F8E1F272F9E1F472FAE1F772FBE10173AB
:10242000FCE1F372FDE10373FEE1FA7240E2E69132
:1024300041E2E79142E2E89143E2E99144E2EA9124
:1024400045E2EB9146E2EC9147E2ED9148E2EE91F4
:1024500049E2EF914AE2F0914BE2F1914CE2F291C4
:102460004DE2F3914EE2F4914FE2F59150E2F69194
:1024700051E2F79152E2F89153E2F99154E2FA9164
:1024800055E2FB9156E2FC9157E2FD9158E2FE9134
:1024900059E2FF915AE200925BE201925CE2029201
:1024A0005DE203925EE204925FE2059260E20692D0
:1024B00061E2079262E2089263E2099264E20A92A0
:1024C00065E20B9266E20C9267E20D9268E20E9270
:1024D00069E20F926AE210926BE211926CE2129240
:1024E0006DE213926EE214926FE2159270E2169210
:1024F00071E2179272E2189273E2199274E21A92E0
:1025000075E21B9276E21C9277E21D9278E21E92AF
:1025100079E21F927AE220927BE221927CE222927F
:102520007DE223927EE2249280E2259281E226924D
:1025300082E2279283E2289284E2299285E22A921B
:1025400086E22B9287E22C9288E22D9289E22E92EB
:102550008AE22F928BE230928CE231928DE23292BB
:102560008EE233928FE2349290E2359291E236928B
:1025700092E2379293E2389294E2399295E23A925B
:1025800096E23B9297E23C9298E23D9299E23E922B
:102590009AE23F929BE240929CE241929DE24292FB
:1025A0009EE243929FE24492A0E24592A1E2FB7236
:1025B000A2E21773A3E21373A4E22173A5E20A73E4
:1025C000A6E21E73A7E21D73A8E21573A9E22273A7
:1025D000AAE23973ABE22573ACE22C73ADE2387337
:1025E000AEE23173AFE25073B0E24D73B1E25773B4
:1025F000B2E26073B3E26C73B4E26F73B5E27E7300
:10260000B6E21B82B7E22559B8E2E798B9E224594D
:10261000BAE20259BBE26399BCE26799BDE26899EC
:10262000BEE26999BFE26A99C0E26B99C1E26C9916
:10263000C2E27499C3E27799C4E27D99C5E28099B8
:10264000C6E28499C7E28799C8E28A99C9E28D995E
:10265000CAE29099CBE29199CCE29399CDE2949918
:10266000CEE29599CFE2805ED0E2915ED1E28B5EC0
:10267000D2E2965ED3E2A55ED4E2A05ED5E2B95E78
:10268000D6E2B55ED7E2BE5ED8E2B35ED9E2538D44
:10269000DAE2D25EDBE2D15EDCE2DB5EDDE2E85E66
:1026A000DEE2EA5EDFE2BA81E0E2C45FE1E2C95F56
:1026B000E2E2D65FE3E2CF5FE4E20360E5E2EE5FF1
:1026C000E6E20460E7E2E15FE8E2E45FE9E2FE5FA0
:1026D000EAE20560EBE20660ECE2EA5FEDE2ED5F64
:1026E000EEE2F85FEFE21960F0E23560F1E22660B9
:1026F000F2E21B60F3E20F60F4E20D60F5E22960A4
:10270000F6E22B60F7E20A60F8E23F60F9E221604E
:10271000FAE27860FBE27960FCE27B60FDE27A60DD
:10272000FEE2426040E3469241E3479242E3489230
:1027300043E3499244E34A9245E34B9246E34C9289
:1027400047E34D9248E34E9249E34F924AE3509259
:102750004BE351924CE352924DE353924EE3549229
:102760004FE3559250E3569251E3579252E35892F9
:1027700053E3599254E35A9255E35B9256E35C92C9
:1027800057E35D9258E35E9259E35F925AE3609299
:102790005BE361925CE362925DE363925EE3649269
:1027A0005FE3659260E3669261E3679262E3689239
:1027B00063E3699264E36A9265E36B9266E36C9209
:1027C00067E36D9268E36E9269E36F926AE37092D9
:1027D0006BE371926CE372926DE373926EE37592A8
:1027E0006FE3769270E3779271E3789272E3799275
:1027F00073E37A9274E37B9275E37C9276E37D9245
:1028000077E37E9278E37F9279E380927AE3819214
:102810007BE382927CE383927DE384927EE38592E4
:1028200080E3869281E3879282E3889283E38992B0
:1028300084E38A9285E38B9286E38C9287E38D9280
:1028400088E38F9289E390928AE391928BE392924C
:102850008CE393928DE394928EE395928FE396921C
:1028600090E3979291E3989292E3999293E39A92EC
:1028700094E39B9295E39C9296E39D9297E39E92BC
:1028800098E39F9299E3A0929AE3A1929BE3A2928C
:102890009CE3A3929DE3A4929EE3A5929FE3A6925C
:1028A000A0E3A792A1E36A60A2E37D60A3E3966040
:1028B000A4E39A60A5E3AD60A6E39D60A7E383600F
:1028C000A8E39260A9E38C60AAE39B60ABE3EC60B1
:1028D000ACE3BB60ADE3B160AEE3DD60AFE3D86015
:1028E000B0E3C660B1E3DA60B2E3B460B3E32061A1
:1028F000B4E32661B5E31561B6E32361B7E3F460A1
:10290000B8E30061B9E30E61BAE32B61BBE34A614E
:10291000BCE37561BDE3AC61BEE39461BFE3A76155
:10292000C0E3B761C1E3D461C2E3F561C3E3DD5F36
:10293000C4E3B396C5E3E995C6E3EB95C7E3F19528
:10294000C8E3F395C9E3F595CAE3F695CBE3FC95A7
:10295000CCE3FE95CDE30396CEE30496CFE3069653
:10296000D0E30896D1E30A96D2E30B96D3E30C9614
:10297000D4E30D96D5E30F96D6E31296D7E31596DA
:10298000D8E31696D9E31796DAE31996DBE31A969D
:10299000DCE32C4EDDE33F72DEE31562DFE3356CF2
:1029A000E0E3546CE1E35C6CE2E34A6CE3E3A36CC8
:1029B000E4E3856CE5E3906CE6E3946CE7E38C6C10
:1029C000E8E3686CE9E3696CEAE3746CEBE3766C6A
:1029D000ECE3866CEDE3A96CEEE3D06CEFE3D46C32
:1029E000F0E3AD6CF1E3F76CF2E3F86CF3E3F16C58
:1029F000F4E3D76CF5E3B26CF6E3E06CF7E3D66C86
:102A0000F8E3FA6CF9E3EB6CFAE3EE6CFBE3B16C20
:102A1000FCE3D36CFDE3EF6CFEE3FE6C40E4A892B4
:102A200041E4A99242E4AA9243E4AB9244E4AC921A
:102A300045E4AD9246E4AF9247E4B09248E4B192E7
:102A400049E4B2924AE4B3924BE4B4924CE4B592B6
:102A50004DE4B6924EE4B7924FE4B89250E4B99286
:102A600051E4BA9252E4BB9253E4BC9254E4BD9256
:102A700055E4BE9256E4BF9257E4C09258E4C19226
:102A800059E4C2925AE4C3925BE4C4925CE4C592F6
:102A90005DE4C6925EE4C7925FE4C99260E4CA92C4
:102AA00061E4CB9262E4CC9263E4CD9264E4CE9292
:102AB00065E4CF9266E4D09267E4D19268E4D29262
:102AC00069E4D3926AE4D4926BE4D5926CE4D69232
:102AD0006DE4D7926EE4D8926FE4D99270E4DA9202
:102AE00071E4DB9272E4DC9273E4DD9274E4DE92D2
:102AF00075E4DF9276E4E09277E4E19278E4E292A2
:102B000079E4E3927AE4E4927BE4E5927CE4E69271
:102B10007DE4E7927EE4E89280E4E99281E4EA923F
:102B200082E4EB9283E4EC9284E4ED9285E4EE920D
:102B300086E4EF9287E4F09288E4F19289E4F292DD
:102B40008AE4F3928BE4F4928CE4F5928DE4F692AD
:102B50008EE4F7928FE4F89290E4F99291E4FA927D
:102B600092E4FB9293E4FC9294E4FD9295E4FE924D
:102B700096E4FF9297E4009398E4019399E402931A
:102B80009AE403939BE404939CE405939DE40693E9
:102B90009EE407939FE40893A0E40993A1E4396DB0
:102BA000A2E4276DA3E40C6DA4E4436DA5E4486D95
:102BB000A6E4076DA7E4046DA8E4196DA9E40E6D01
:102BC000AAE42B6DABE44D6DACE42E6DADE4356D38
:102BD000AEE41A6DAFE44F6DB0E4526DB1E4546DE4
:102BE000B2E4336DB3E4916DB4E46F6DB5E49E6D02
:102BF000B6E4A06DB7E45E6DB8E4936DB9E4946D8E
:102C0000BAE45C6DBBE4606DBCE47C6DBDE4636DF7
:102C1000BEE41A6EBFE4C76DC0E4C56DC1E4DE6DED
:102C2000C2E40E6EC3E4BF6DC4E4E06DC5E4116E92
:102C3000C6E4E66DC7E4DD6DC8E4D96DC9E4166E7F
:102C4000CAE4AB6DCBE40C6ECCE4AE6DCDE42B6E80
:102C5000CEE46E6ECFE44E6ED0E46B6ED1E4B26E15
:102C6000D2E45F6ED3E4866ED4E4536ED5E4546E42
:102C7000D6E4326ED7E4256ED8E4446ED9E4DF6E34
:102C8000DAE4B16EDBE4986EDCE4E06EDDE42D6F37
:102C9000DEE4E26EDFE4A56EE0E4A76EE1E4BD6E83
:102CA000E2E4BB6EE3E4B76EE4E4D76EE5E4B46E51
:102CB000E6E4CF6EE7E48F6EE8E4C26EE9E49F6E6F
:102CC000EAE4626FEBE4466FECE4476FEDE4246FF7
:102CD000EEE4156FEFE4F96EF0E42F6FF1E4366F78
:102CE000F2E44B6FF3E4746FF4E42A6FF5E4096FD8
:102CF000F6E4296FF7E4896FF8E48D6FF9E48C6FDF
:102D0000FAE4786FFBE4726FFCE47C6FFDE47A6FA9
:102D1000FEE4D16F40E50A9341E50B9342E50C9345
:102D200043E50D9344E50E9345E50F9346E5109377
:102D300047E5119348E5129349E513934AE5149347
:102D40004BE515934CE516934DE517934EE5189317
:102D50004FE5199350E51A9351E51B9352E51C93E7
:102D600053E51D9354E51E9355E51F9356E52093B7
:102D700057E5219358E5229359E523935AE5249387
:102D80005BE525935CE526935DE527935EE5289357
:102D90005FE5299360E52A9361E52B9362E52C9327
:102DA00063E52D9364E52E9365E52F9366E53093F7
:102DB00067E5319368E5329369E533936AE53493C7
:102DC0006BE535936CE536936DE537936EE5389397
:102DD0006FE5399370E53A9371E53B9372E53C9367
:102DE00073E53D9374E53F9375E5409376E5419334
:102DF00077E5429378E5439379E544937AE5459303
:102E00007BE546937CE547937DE548937EE54993D2
:102E100080E54A9381E54B9382E54C9383E54D939E
:102E200084E54E9385E54F9386E5509387E551936E
:102E300088E5529389E553938AE554938BE555933E
:102E40008CE556938DE557938EE558938FE559930E
:102E500090E55A9391E55B9392E55C9393E55D93DE
:102E600094E55E9395E55F9396E5609397E56193AE
:102E700098E5629399E563939AE564939BE565937E
:102E80009CE566939DE567939EE568939FE569934E
:102E9000A0E56B93A1E5C96FA2E5A76FA3E5B96FA4
:102EA000A4E5B66FA5E5C26FA6E5E16FA7E5EE6FF5
:102EB000A8E5DE6FA9E5E06FAAE5EF6FABE51A7054
:102EC000ACE52370ADE51B70AEE53970AFE535704C
:102ED000B0E54F70B1E55E70B2E5805BB3E5845B51
:102EE000B4E5955BB5E5935BB6E5A55BB7E5B85B87
:102EF000B8E52F75B9E59E9ABAE53464BBE5E45BA5
:102F0000BCE5EE5BBDE53089BEE5F05BBFE5478E15
:102F1000C0E5078BC1E5B68FC2E5D38FC3E5D58F7A
:102F2000C4E5E58FC5E5EE8FC6E5E48FC7E5E98F1B
:102F3000C8E5E68FC9E5F38FCAE5E88FCBE50590D4
:102F4000CCE50490CDE50B90CEE52690CFE5119031
:102F5000D0E50D90D1E51690D2E52190D3E53590DE
:102F6000D4E53690D5E52D90D6E52F90D7E5449061
:102F7000D8E55190D9E55290DAE55090DBE56890BC
:102F8000DCE55890DDE56290DEE55B90DFE5B96653
:102F9000E0E57490E1E57D90E2E58290E3E58890DC
:102FA000E4E58390E5E58B90E6E5505FE7E5575F64
:102FB000E8E5565FE9E5585FEAE53B5CEBE5AB54D5
:102FC000ECE5505CEDE5595CEEE5715BEFE5635CCB
:102FD000F0E5665CF1E5BC7FF2E52A5FF3E5295F89
:102FE000F4E52D5FF5E57482F6E53C5FF7E53B9B84
:102FF000F8E56E5CF9E58159FAE58359FBE58D59F1
:10300000FCE5A959FDE5AA59FEE5A35940E66C93F4
:1030100041E66D9342E66E9343E66F9344E6709308
:1030200045E6719346E6729347E6739348E67493D8
:1030300049E675934AE676934BE677934CE67893A8
:103040004DE679934EE67A934FE67B9350E67C9378
:1030500051E67D9352E67E9353E67F9354E6809348
:1030600055E6819356E6829357E6839358E6849318
:1030700059E685935AE686935BE687935CE68893E8
:103080005DE689935EE68A935FE68B9360E68C93B8
:1030900061E68D9362E68E9363E6909364E6919386
:1030A00065E6929366E6939367E6949368E6959354
:1030B00069E696936AE697936BE698936CE6999324
:1030C0006DE69A936EE69B936FE69C9370E69D93F4
:1030D00071E69E9372E69F9373E6A09374E6A193C4
:1030E00075E6A29376E6A39377E6A49378E6A59394
:1030F00079E6A6937AE6A7937BE6A8937CE6A99364
:103100007DE6AA937EE6AB9380E6AC9381E6AD9331
:1031100082E6AE9383E6AF9384E6B09385E6B193FF
:1031200086E6B29387E6B39388E6B49389E6B593CF
:103130008AE6B6938BE6B7938CE6B8938DE6B9939F
:103140008EE6BA938FE6BB9390E6BC9391E6BD936F
:1031500092E6BE9393E6BF9394E6C09395E6C1933F
:1031600096E6C29397E6C39398E6C49399E6C5930F
:103170009AE6C6939BE6C7939CE6C8939DE6C993DF
:103180009EE6CB939FE6CC93A0E6CD93A1E697591C
:10319000A2E6CA59A3E6AB59A4E69E59A5E6A459EE
:1031A000A6E6D259A7E6B259A8E6AF59A9E6D7597B
:1031B000AAE6BE59ABE6055AACE6065AADE6DD59BD
:1031C000AEE6085AAFE6E359B0E6D859B1E6F95988
:1031D000B2E60C5AB3E6095AB4E6325AB5E6345AA6
:1031E000B6E6115AB7E6235AB8E6135AB9E6405A7A
:1031F000BAE6675ABBE64A5ABCE6555ABDE63C5A9F
:10320000BEE6625ABFE6755AC0E6EC80C1E6AA5A2D
:10321000C2E69B5AC3E6775AC4E67A5AC5E6BE5A56
:10322000C6E6EB5AC7E6B25AC8E6D25AC9E6D45A3D
:10323000CAE6B85ACBE6E05ACCE6E35ACDE6F15AF4
:10324000CEE6D65ACFE6E65AD0E6D85AD1E6DC5AD0
:10325000D2E6095BD3E6175BD4E6165BD5E6325BB4
:10326000D6E6375BD7E6405BD8E6155CD9E61C5C52
:10327000DAE65A5BDBE6655BDCE6735BDDE6515B59
:10328000DEE6535BDFE6625BE0E6759AE1E6779A9D
:10329000E2E6789AE3E67A9AE4E67F9AE5E67D9AB2
:1032A000E6E6809AE7E6819AE8E6859AE9E6889A72
:1032B000EAE68A9AEBE6909AECE6929AEDE6939A21
:1032C000EEE6969AEFE6989AF0E69B9AF1E69C9ADB
:1032D000F2E69D9AF3E69F9AF4E6A09AF5E6A29AA2
:1032E000F6E6A39AF7E6A59AF8E6A79AF9E69F7E8E
:1032F000FAE6A17EFBE6A37EFCE6A57EFDE6A87EBF
:10330000FEE6A97E40E7CE9341E7CF9342E7D09314
:1033100043E7D19344E7D29345E7D39346E7D49369
:1033200047E7D59348E7D79349E7D8934AE7D99336
:103330004BE7DA934CE7DB934DE7DC934EE7DD9305
:103340004FE7DE9350E7DF9351E7E09352E7E193D5
:1033500053E7E29354E7E39355E7E49356E7E593A5
:1033600057E7E69358E7E79359E7E8935AE7E99375
:103370005BE7EA935CE7EB935DE7EC935EE7ED9345
:103380005FE7EE9360E7EF9361E7F09362E7F19315
:1033900063E7F29364E7F39365E7F49366E7F593E5
:1033A00067E7F69368E7F79369E7F8936AE7F993B5
:1033B0006BE7FA936CE7FB936DE7FC936EE7FD9385
:1033C0006FE7FE9370E7FF9371E7009472E7019453
:1033D00073E7029474E7039475E7049476E7059421
:1033E00077E7069478E7079479E708947AE70994F1
:1033F0007BE70A947CE70B947DE70C947EE70D94C1
:1034000080E70E9481E70F9482E7109483E711948C
:1034100084E7129485E7139486E7149487E715945C
:1034200088E7169489E717948AE718948BE719942C
:103430008CE71A948DE71B948EE71C948FE71D94FC
:1034400090E71E9491E71F9492E7209493E72194CC
:1034500094E7229495E7239496E7249497E725949C
:1034600098E7269499E727949AE728949BE729946C
:103470009CE72A949DE72B949EE72C949FE72D943C
:10348000A0E72E94A1E7AD7EA2E7B07EA3E7BE7EC3
:10349000A4E7C07EA5E7C17EA6E7C27EA7E7C97EF6
:1034A000A8E7CB7EA9E7CC7EAAE7D07EABE7D47EA7
:1034B000ACE7D77EADE7DB7EAEE7E07EAFE7E17E4F
:1034C000B0E7E87EB1E7EB7EB2E7EE7EB3E7EF7EF2
:1034D000B4E7F17EB5E7F27EB6E70D7FB7E7F67E9B
:1034E000B8E7FA7EB9E7FB7EBAE7FE7EBBE7017F6D
:1034F000BCE7027FBDE7037FBEE7077FBFE7087F2A
:10350000C0E70B7FC1E70C7FC2E70F7FC3E7117FE6
:10351000C4E7127FC5E7177FC6E7197FC7E71C7F9F
:10352000C8E71B7FC9E71F7FCAE7217FCBE7227F60
:10353000CCE7237FCDE7247FCEE7257FCFE7267F2B
:10354000D0E7277FD1E72A7FD2E72B7FD3E72C7FF5
:10355000D4E72D7FD5E72F7FD6E7307FD7E7317FC0
:10356000D8E7327FD9E7337FDAE7357FDBE77A5E6A
:10357000DCE77F75DDE7DB5DDEE73E75DFE7959035
:10358000E0E78E73E1E79173E2E7AE73E3E7A273DE
:10359000E4E79F73E5E7CF73E6E7C273E7E7D1732C
:1035A000E8E7B773E9E7B373EAE7C073EBE7C9731A
:1035B000ECE7C873EDE7E573EEE7D973EFE77C98C6
:1035C000F0E70A74F1E7E973F2E7E773F3E7DE7314
:1035D000F4E7BA73F5E7F273F6E70F74F7E72A74C6
:1035E000F8E75B74F9E72674FAE72574FBE72874BB
:1035F000FCE73074FDE72E74FEE72C7440E82F944E
:1036000041E8309442E8319443E8329444E83394FA
:1036100045E8349446E8359447E8369448E83794CA
:1036200049E838944AE839944BE83A944CE83B949A
:103630004DE83C944EE83D944FE83F9450E8409468
:1036400051E8419452E8429453E8439454E8449436
:1036500055E8459456E8469457E8479458E8489406
:1036600059E849945AE84A945BE84B945CE84C94D6
:103670005DE84D945EE84E945FE84F9460E85094A6
:1036800061E8519462E8529463E8539464E8549476
:1036900065E8559466E8569467E8579468E8589446
:1036A00069E859946AE85A946BE85B946CE85C9416
:1036B0006DE85D946EE85E946FE85F9470E86094E6
:1036C00071E8619472E8629473E8639474E86494B6
:1036D00075E8659476E8669477E8679478E8689486
:1036E00079E869947AE86A947BE86C947CE86D9454
:1036F0007DE86E947EE86F9480E8709481E8719420
:1037000082E8729483E8739484E8749485E87594ED
:1037100086E8769487E8779488E8789489E87994BD
:103720008AE87A948BE87B948CE87C948DE87D948D
:103730008EE87E948FE87F9490E8809491E881945D
:1037400092E8829493E8839494E8849495E8919421
:1037500096E8969497E8989498E8C79499E8CF9457
:103760009AE8D3949BE8D4949CE8DA949DE8E69494
:103770009EE8FB949FE81C95A0E82095A1E81B74A7
:10378000A2E81A74A3E84174A4E85C74A5E857742D
:10379000A6E85574A7E85974A8E87774A9E86D7489
:1037A000AAE87E74ABE89C74ACE88E74ADE88074D3
:1037B000AEE88174AFE88774B0E88B74B1E89E74AA
:1037C000B2E8A874B3E8A974B4E89074B5E8A77433
:1037D000B6E8D274B7E8BA74B8E8EA97B9E8EB97F4
:1037E000BAE8EC97BBE84C67BCE85367BDE85E6796
:1037F000BEE84867BFE86967C0E8A567C1E88767B2
:10380000C2E86A67C3E87367C4E89867C5E8A76752
:10381000C6E87567C7E8A867C8E89E67C9E8AD67E6
:10382000CAE88B67CBE87767CCE87C67CDE8F067C0
:10383000CEE80968CFE8D867D0E80A68D1E8E96738
:10384000D2E8B067D3E80C68D4E8D967D5E8B567A3
:10385000D6E8DA67D7E8B367D8E8DD67D9E8006863
:10386000DAE8C367DBE8B867DCE8E267DDE80E6842
:10387000DEE8C167DFE8FD67E0E83268E1E8336869
:10388000E2E86068E3E86168E4E84E68E5E86268F9
:10389000E6E84468E7E86468E8E88368E9E81D6802
:1038A000EAE85568EBE86668ECE84168EDE86768C7
:1038B000EEE84068EFE83E68F0E84A68F1E84968F9
:1038C000F2E82968F3E8B568F4E88F68F5E8746809
:1038D000F6E87768F7E89368F8E86B68F9E8C26893
:1038E000FAE86E69FBE8FC68FCE81F69FDE82069FE
:1038F000FEE8F96840E9279541E9339542E93D95AD
:1039000043E9439544E9489545E94B9546E9559582
:1039100047E95A9548E9609549E96E954AE97495F1
:103920004BE975954CE977954DE978954EE9799590
:103930004FE97A9550E97B9551E97C9552E97D955F
:1039400053E97E9554E9809555E9819556E982952C
:1039500057E9839558E9849559E985955AE98695FB
:103960005BE987955CE988955DE989955EE98A95CB
:103970005FE98B9560E98C9561E98D9562E98E959B
:1039800063E98F9564E9909565E9919566E992956B
:1039900067E9939568E9949569E995956AE996953B
:1039A0006BE997956CE998956DE999956EE99A950B
:1039B0006FE99B9570E99C9571E99D9572E99E95DB
:1039C00073E99F9574E9A09575E9A19576E9A295AB
:1039D00077E9A39578E9A49579E9A5957AE9A6957B
:1039E0007BE9A7957CE9A8957DE9A9957EE9AA954B
:1039F00080E9AB9581E9AC9582E9AD9583E9AE9517
:103A000084E9AF9585E9B09586E9B19587E9B295E6
:103A100088E9B39589E9B4958AE9B5958BE9B695B6
:103A20008CE9B7958DE9B8958EE9B9958FE9BA9586
:103A300090E9BB9591E9BC9592E9BD9593E9BE9556
:103A400094E9BF9595E9C09596E9C19597E9C29526
:103A500098E9C39599E9C4959AE9C5959BE9C695F6
:103A60009CE9C7959DE9C8959EE9C9959FE9CA95C6
:103A7000A0E9CB95A1E92469A2E9F068A3E90B6963
:103A8000A4E90169A5E95769A6E9E368A7E910690E
:103A9000A8E97169A9E93969AAE96069ABE94269EC
:103AA000ACE95D69ADE98469AEE96B69AFE980694C
:103AB000B0E99869B1E97869B2E93469B3E9CC69E8
:103AC000B4E98769B5E98869B6E9CE69B7E9896972
:103AD000B8E96669B9E96369BAE97969BBE99B69DB
:103AE000BCE9A769BDE9BB69BEE9AB69BFE9AD69DE
:103AF000C0E9D469C1E9B169C2E9C169C3E9CA6968
:103B0000C4E9DF69C5E99569C6E9E069C7E98D6976
:103B1000C8E9FF69C9E92F6ACAE9ED69CBE9176A03
:103B2000CCE9186ACDE9656ACEE9F269CFE9446A61
:103B3000D0E93E6AD1E9A06AD2E9506AD3E95B6A6A
:103B4000D4E9356AD5E98E6AD6E9796AD7E93D6A5A
:103B5000D8E9286AD9E9586ADAE97C6ADBE9916A26
:103B6000DCE9906ADDE9A96ADEE9976ADFE9AB6A18
:103B7000E0E93773E1E95273E2E9816BE3E9826BD3
:103B8000E4E9876BE5E9846BE6E9926BE7E9936B1F
:103B9000E8E98D6BE9E99A6BEAE99B6BEBE9A16BCC
:103BA000ECE9AA6BEDE96B8FEEE96D8FEFE9718FB0
:103BB000F0E9728FF1E9738FF2E9758FF3E9768F8F
:103BC000F4E9788FF5E9778FF6E9798FF7E97A8F5D
:103BD000F8E97C8FF9E97E8FFAE9818FFBE9828F22
:103BE000FCE9848FFDE9878FFEE98B8F40EACC9555
:103BF00041EACD9542EACE9543EACF9544EAD09585
:103C000045EAD19546EAD29547EAD39548EAD49554
:103C100049EAD5954AEAD6954BEAD7954CEAD89524
:103C20004DEAD9954EEADA954FEADB9550EADC95F4
:103C300051EADD9552EADE9553EADF9554EAE095C4
:103C400055EAE19556EAE29557EAE39558EAE49594
:103C500059EAE5955AEAE6955BEAE7955CEAEC9560
:103C60005DEAFF955EEA07965FEA139660EA1896AA
:103C700061EA1B9662EA1E9663EA209664EA23963E
:103C800065EA249666EA259667EA269668EA279604
:103C900069EA28966AEA29966BEA2B966CEA2C96D2
:103CA0006DEA2D966EEA2F966FEA309670EA379697
:103CB00071EA389672EA399673EA3A9674EA3E9651
:103CC00075EA419676EA439677EA4A9678EA4E96FE
:103CD00079EA4F967AEA51967BEA52967CEA5396B5
:103CE0007DEA56967EEA579680EA589681EA59967A
:103CF00082EA5A9683EA5C9684EA5D9685EA5E9645
:103D000086EA609687EA639688EA659689EA669607
:103D10008AEA6B968BEA6D968CEA6E968DEA6F96C0
:103D20008EEA70968FEA719690EA739691EA789689
:103D300092EA799693EA7A9694EA7B9695EA7C964B
:103D400096EA7D9697EA7E9698EA7F9699EA80961B
:103D50009AEA81969BEA82969CEA83969DEA8496EB
:103D60009EEA87969FEA8996A0EA8A96A1EA8D8FB5
:103D7000A2EA8E8FA3EA8F8FA4EA988FA5EA9A8F82
:103D8000A6EACE8EA7EA0B62A8EA1762A9EA1B622E
:103D9000AAEA1F62ABEA2262ACEA2162ADEA2562BE
:103DA000AEEA2462AFEA2C62B0EAE781B1EAEF74CE
:103DB000B2EAF474B3EAFF74B4EA0F75B5EA1175A8
:103DC000B6EA1375B7EA3465B8EAEE65B9EAEF65A5
:103DD000BAEAF065BBEA0A66BCEA1966BDEA726730
:103DE000BEEA0366BFEA1566C0EA0066C1EA8570EE
:103DF000C2EAF766C3EA1D66C4EA3466C5EA3166FC
:103E0000C6EA3666C7EA3566C8EA0680C9EA5F666A
:103E1000CAEA5466CBEA4166CCEA4F66CDEA5666FA
:103E2000CEEA6166CFEA5766D0EA7766D1EA846661
:103E3000D2EA8C66D3EAA766D4EA9D66D5EABE6666
:103E4000D6EADB66D7EADC66D8EAE666D9EAE9664E
:103E5000DAEA328DDBEA338DDCEA368DDDEA3B8D42
:103E6000DEEA3D8DDFEA408DE0EA458DE1EA468DF0
:103E7000E2EA488DE3EA498DE4EA478DE5EA4D8DB3
:103E8000E6EA558DE7EA598DE8EAC789E9EACA8981
:103E9000EAEACB89EBEACC89ECEACE89EDEACF8974
:103EA000EEEAD089EFEAD189F0EA6E72F1EA9F7208
:103EB000F2EA5D72F3EA6672F4EA6F72F5EA7E7214
:103EC000F6EA7F72F7EA8472F8EA8B72F9EA8D7289
:103ED000FAEA8F72FBEA9272FCEA0863FDEA326347
:103EE000FEEAB06340EB8C9641EB8E9642EB9196E6
:103EF00043EB929644EB939645EB959646EB96965C
:103F000047EB9A9648EB9B9649EB9D964AEB9E961B
:103F10004BEB9F964CEBA0964DEBA1964EEBA296E9
:103F20004FEBA39650EBA49651EBA59652EBA696B9
:103F300053EBA89654EBA99655EBAA9656EBAB9685
:103F400057EBAC9658EBAD9659EBAE965AEBAF9655
:103F50005BEBB1965CEBB2965DEBB4965EEBB5961F
:103F60005FEBB79660EBB89661EBBA9662EBBB96E7
:103F700063EBBF9664EBC29665EBC39666EBC8969F
:103F800067EBCA9668EBCB9669EBD0966AEBD19655
:103F90006BEBD3966CEBD4966DEBD6966EEBD79617
:103FA0006FEBD89670EBD99671EBDA9672EBDB96E5
:103FB00073EBDC9674EBDD9675EBDE9676EBDF96B5
:103FC00077EBE19678EBE29679EBE3967AEBE49681
:103FD0007BEBE5967CEBE6967DEBE7967EEBEB964E
:103FE00080EBEC9681EBED9682EBEE9683EBF09610
:103FF00084EBF19685EBF29686EBF49687EBF596DB
:1040000088EBF89689EBFA968AEBFB968BEBFC969D
:104010008CEBFD968DEBFF968EEB02978FEB039763
:1040200090EB059791EB0A9792EB0B9793EB0C971C
:1040300094EB109795EB119796EB129797EB1497DB
:1040400098EB159799EB17979AEB18979BEB1997A5
:104050009CEB1A979DEB1B979EEB1D979FEB1F9771
:10406000A0EB2097A1EB3F64A2EBD864A3EB048004
:10407000A4EBEA6BA5EBF36BA6EBFD6BA7EBF56B83
:10408000A8EBF96BA9EB056CAAEB076CABEB066C24
:10409000ACEB0D6CADEB156CAEEB186CAFEB196CBB
:1040A000B0EB1A6CB1EB216CB2EB296CB3EB246C66
:1040B000B4EB2A6CB5EB326CB6EB3565B7EB5565F6
:1040C000B8EB6B65B9EB4D72BAEB5272BBEB567243
:1040D000BCEB3072BDEB6286BEEB1652BFEB9F802D
:1040E000C0EB9C80C1EB9380C2EBBC80C3EB0A6742
:1040F000C4EBBD80C5EBB180C6EBAB80C7EBAD8038
:10410000C8EBB480C9EBB780CAEBE780CBEBE880A3
:10411000CCEBE980CDEBEA80CEEBDB80CFEBC2804D
:10412000D0EBC480D1EBD980D2EBCD80D3EBD7805C
:10413000D4EB1067D5EBDD80D6EBEB80D7EBF180CD
:10414000D8EBF480D9EBED80DAEB0D81DBEB0E815F
:10415000DCEBF280DDEBFC80DEEB1567DFEB128140
:10416000E0EB5A8CE1EB3681E2EB1E81E3EB2C8134
:10417000E4EB1881E5EB3281E6EB4881E7EB4C811B
:10418000E8EB5381E9EB7481EAEB5981EBEB5A815F
:10419000ECEB7181EDEB6081EEEB6981EFEB7C8103
:1041A000F0EB7D81F1EB6D81F2EB6781F3EB4D5824
:1041B000F4EBB55AF5EB8881F6EB8281F7EB918150
:1041C000F8EBD56EF9EBA381FAEBAA81FBEBCC817E
:1041D000FCEB2667FDEBCA81FEEBBB8140EC21972F
:1041E00041EC229742EC239743EC249744EC25972B
:1041F00045EC269746EC279747EC289748EC2997FB
:1042000049EC2B974AEC2C974BEC2E974CEC2F97C4
:104210004DEC31974EEC33974FEC349750EC35978B
:1042200051EC369752EC379753EC3A9754EC3B9756
:1042300055EC3C9756EC3D9757EC3F9758EC409720
:1042400059EC41975AEC42975BEC43975CEC4497EE
:104250005DEC45975EEC46975FEC479760EC4897BE
:1042600061EC499762EC4A9763EC4B9764EC4C978E
:1042700065EC4D9766EC4E9767EC4F9768EC50975E
:1042800069EC51976AEC54976BEC55976CEC579727
:104290006DEC58976EEC5A976FEC5C9770EC5D97ED
:1042A00071EC5F9772EC639773EC649774EC6697AC
:1042B00075EC679776EC689777EC6A9778EC6B9774
:1042C00079EC6C977AEC6D977BEC6E977CEC6F9742
:1042D0007DEC70977EEC719780EC729781EC75970E
:1042E00082EC779783EC789784EC799785EC7A97D2
:1042F00086EC7B9787EC7D9788EC7E9789EC7F979F
:104300008AEC80978BEC81978CEC82978DEC83976D
:104310008EEC84978FEC869790EC879791EC88973A
:1043200092EC899793EC8A9794EC8C9795EC8E9706
:1043300096EC8F9797EC909798EC939799EC9597CC
:104340009AEC96979BEC97979CEC99979DEC9A9793
:104350009EEC9B979FEC9C97A0EC9D97A1ECC18154
:10436000A2ECA681A3EC246BA4EC376BA5EC396B13
:10437000A6EC436BA7EC466BA8EC596BA9ECD19863
:10438000AAECD298ABECD398ACECD598ADECD9981C
:10439000AEECDA98AFECB36BB0EC405FB1ECC26B53
:1043A000B2ECF389B3EC9065B4EC519FB5EC936536
:1043B000B6ECBC65B7ECC665B8ECC465B9ECC365D2
:1043C000BAECCC65BBECCE65BCECD265BDECD66579
:1043D000BEEC8070BFEC9C70C0EC9670C1EC9D7020
:1043E000C2ECBB70C3ECC070C4ECB770C5ECAB7072
:1043F000C6ECB170C7ECE870C8ECCA70C9EC1071BB
:10440000CAEC1371CBEC1671CCEC2F71CDEC317181
:10441000CEEC7371CFEC5C71D0EC6871D1EC45716E
:10442000D2EC7271D3EC4A71D4EC7871D5EC7A711C
:10443000D6EC9871D7ECB371D8ECB571D9ECA87102
:10444000DAECA071DBECE071DCECD471DDECE7714F
:10445000DEECF971DFEC1D72E0EC2872E1EC6C70BF
:10446000E2EC1871E3EC6671E4ECB971E5EC3E62E4
:10447000E6EC3D62E7EC4362E8EC4862E9EC496255
:10448000EAEC3B79EBEC4079ECEC4679EDEC4979E0
:10449000EEEC5B79EFEC5C79F0EC5379F1EC5A7966
:1044A000F2EC6279F3EC5779F4EC6079F5EC6F7922
:1044B000F6EC6779F7EC7A79F8EC8579F9EC8A799A
:1044C000FAEC9A79FBECA779FCECB379FDECD15FBF
:1044D000FEECD05F40ED9E9741ED9F9742EDA19796
:1044E00043EDA29744EDA49745EDA59746EDA69719
:1044F00047EDA79748EDA89749EDA9974AEDAA97E8
:104500004BEDAC974CEDAE974DEDB0974EEDB197AE
:104510004FEDB39750EDB59751EDB69752EDB79774
:1045200053EDB89754EDB99755EDBA9756EDBB9743
:1045300057EDBC9758EDBD9759EDBE975AEDBF9713
:104540005BEDC0975CEDC1975DEDC2975EEDC397E3
:104550005FEDC49760EDC59761EDC69762EDC797B3
:1045600063EDC89764EDC99765EDCA9766EDCB9783
:1045700067EDCC9768EDCD9769EDCE976AEDCF9753
:104580006BEDD0976CEDD1976DEDD2976EEDD39723
:104590006FEDD49770EDD59771EDD69772EDD797F3
:1045A00073EDD89774EDD99775EDDA9776EDDB97C3
:1045B00077EDDC9778EDDD9779EDDE977AEDDF9793
:1045C0007BEDE0977CEDE1977DEDE2977EEDE39763
:1045D00080EDE49781EDE59782EDE89783EDEE9726
:1045E00084EDEF9785EDF09786EDF19787EDF297E3
:1045F00088EDF49789EDF7978AEDF8978BEDF997A9
:104600008CEDFA978DEDFB978EEDFC978FEDFD9776
:1046100090EDFE9791EDFF9792ED009893ED019844
:1046200094ED029895ED039896ED049897ED059812
:1046300098ED069899ED07989AED08989BED0998E2
:104640009CED0A989DED0B989EED0C989FED0D98B2
:10465000A0ED0E98A1ED3C60A2ED5D60A3ED5A6067
:10466000A4ED6760A5ED4160A6ED5960A7ED63601C
:10467000A8EDAB60A9ED0661AAED0D61ABED5D6142
:10468000ACEDA961ADED9D61AEEDCB61AFEDD1615A
:10469000B0ED0662B1ED8080B2ED7F80B3ED936C3A
:1046A000B4EDF66CB5EDFC6DB6EDF677B7EDF877D9
:1046B000B8ED0078B9ED0978BAED1778BBED187848
:1046C000BCED1178BDEDAB65BEED2D78BFED1C786E
:1046D000C0ED1D78C1ED3978C2ED3A78C3ED3B7875
:1046E000C4ED1F78C5ED3C78C6ED2578C7ED2C7874
:1046F000C8ED2378C9ED2978CAED4E78CBED6D78F9
:10470000CCED5678CDED5778CEED2678CFED5078BC
:10471000D0ED4778D1ED4C78D2ED6A78D3ED9B7827
:10472000D4ED9378D5ED9A78D6ED8778D7ED9C784F
:10473000D8EDA178D9EDA378DAEDB278DBEDB978D0
:10474000DCEDA578DDEDD478DEEDD978DFEDC97844
:10475000E0EDEC78E1EDF278E2ED0579E3EDF47867
:10476000E4ED1379E5ED2479E6ED1E79E7ED347992
:10477000E8ED9B9FE9EDF99EEAEDFB9EEBEDFC9EDB
:10478000ECEDF176EDED0477EEED0D77EFEDF976EA
:10479000F0ED0777F1ED0877F2ED1A77F3ED227778
:1047A000F4ED1977F5ED2D77F6ED2677F7ED357702
:1047B000F8ED3877F9ED5077FAED5177FBED477763
:1047C000FCED4377FDED5A77FEED687740EE0F98EC
:1047D00041EE109842EE119843EE129844EE139871
:1047E00045EE149846EE159847EE169848EE179841
:1047F00049EE18984AEE19984BEE1A984CEE1B9811
:104800004DEE1C984EEE1D984FEE1E9850EE1F98E0
:1048100051EE209852EE219853EE229854EE2398B0
:1048200055EE249856EE259857EE269858EE279880
:1048300059EE28985AEE29985BEE2A985CEE2B9850
:104840005DEE2C985EEE2D985FEE2E9860EE2F9820
:1048500061EE309862EE319863EE329864EE3398F0
:1048600065EE349866EE359867EE369868EE3798C0
:1048700069EE38986AEE39986BEE3A986CEE3B9890
:104880006DEE3C986EEE3D986FEE3E9870EE3F9860
:1048900071EE409872EE419873EE429874EE439830
:1048A00075EE449876EE459877EE469878EE479800
:1048B00079EE48987AEE49987BEE4A987CEE4B98D0
:1048C0007DEE4C987EEE4D9880EE4E9881EE4F989E
:1048D00082EE509883EE519884EE529885EE53986C
:1048E00086EE549887EE559888EE569889EE57983C
:1048F0008AEE58988BEE59988CEE5A988DEE5B980C
:104900008EEE5C988FEE5D9890EE5E9891EE5F98DB
:1049100092EE609893EE619894EE629895EE6398AB
:1049200096EE649897EE659898EE669899EE67987B
:104930009AEE68989BEE69989CEE6A989DEE6B984B
:104940009EEE6C989FEE6D98A0EE6E98A1EE627749
:10495000A2EE6577A3EE7F77A4EE8D77A5EE7D7747
:10496000A6EE8077A7EE8C77A8EE9177A9EE9F77D9
:10497000AAEEA077ABEEB077ACEEB577ADEEBD7733
:10498000AEEE3A75AFEE4075B0EE4E75B1EE4B75CA
:10499000B2EE4875B3EE5B75B4EE7275B5EE79752F
:1049A000B6EE8375B7EE587FB8EE617FB9EE5F7FE4
:1049B000BAEE488ABBEE687FBCEE747FBDEE717FB5
:1049C000BEEE797FBFEE817FC0EE7E7FC1EECD76F9
:1049D000C2EEE576C3EE3288C4EE8594C5EE8694C9
:1049E000C6EE8794C7EE8B94C8EE8A94C9EE8C9479
:1049F000CAEE8D94CBEE8F94CCEE9094CDEE949441
:104A0000CEEE9794CFEE9594D0EE9A94D1EE9B94FF
:104A1000D2EE9C94D3EEA394D4EEA494D5EEAB94B2
:104A2000D6EEAA94D7EEAD94D8EEAC94D9EEAF946E
:104A3000DAEEB094DBEEB294DCEEB494DDEEB69434
:104A4000DEEEB794DFEEB894E0EEB994E1EEBA94FE
:104A5000E2EEBC94E3EEBD94E4EEBF94E5EEC494C4
:104A6000E6EEC894E7EEC994E8EECA94E9EECB947A
:104A7000EAEECC94EBEECD94ECEECE94EDEED09449
:104A8000EEEED194EFEED294F0EED594F1EED69412
:104A9000F2EED794F3EED994F4EED894F5EEDB94DD
:104AA000F6EEDE94F7EEDF94F8EEE094F9EEE294A1
:104AB000FAEEE494FBEEE594FCEEE794FDEEE89468
:104AC000FEEEEA9440EF6F9841EF709842EF7198D4
:104AD00043EF729844EF739845EF749846EF8B98C4
:104AE00047EF8E9848EF929849EF95984AEF99983A
:104AF0004BEFA3984CEFA8984DEFA9984EEFAA98CA
:104B00004FEFAB9850EFAC9851EFAD9852EFAE9895
:104B100053EFAF9854EFB09855EFB19856EFB29865
:104B200057EFB39858EFB49859EFB5985AEFB69835
:104B30005BEFB7985CEFB8985DEFB9985EEFBA9805
:104B40005FEFBB9860EFBC9861EFBD9862EFBE98D5
:104B500063EFBF9864EFC09865EFC19866EFC298A5
:104B600067EFC39868EFC49869EFC5986AEFC69875
:104B70006BEFC7986CEFC8986DEFC9986EEFCA9845
:104B80006FEFCB9870EFCC9871EFCD9872EFCF9814
:104B900073EFD09874EFD49875EFD69876EFD798D6
:104BA00077EFDB9878EFDC9879EFDD987AEFE09893
:104BB0007BEFE1987CEFE2987DEFE3987EEFE4985D
:104BC00080EFE59881EFE69882EFE99883EFEA9825
:104BD00084EFEB9885EFEC9886EFED9887EFEE98F1
:104BE00088EFEF9889EFF0988AEFF1988BEFF298C1
:104BF0008CEFF3988DEFF4988EEFF5988FEFF69891
:104C000090EFF79891EFF89892EFF99893EFFA9860
:104C100094EFFB9895EFFC9896EFFD9897EFFE9830
:104C200098EFFF9899EF00999AEF01999BEF0299FD
:104C30009CEF03999DEF04999EEF05999FEF0699CC
:104C4000A0EF0799A1EFE994A2EFEB94A3EFEE9404
:104C5000A4EFEF94A5EFF394A6EFF494A7EFF594E7
:104C6000A8EFF794A9EFF994AAEFFC94ABEFFD94A9
:104C7000ACEFFF94ADEF0395AEEF0295AFEF069565
:104C8000B0EF0795B1EF0995B2EF0A95B3EF0D9527
:104C9000B4EF0E95B5EF0F95B6EF1295B7EF1395EC
:104CA000B8EF1495B9EF1595BAEF1695BBEF1895B7
:104CB000BCEF1B95BDEF1D95BEEF1E95BFEF1F9579
:104CC000C0EF2295C1EF2A95C2EF2B95C3EF29952E
:104CD000C4EF2C95C5EF3195C6EF3295C7EF3495EB
:104CE000C8EF3695C9EF3795CAEF3895CBEF3C95AD
:104CF000CCEF3E95CDEF3F95CEEF4295CFEF35957A
:104D0000D0EF4495D1EF4595D2EF4695D3EF499535
:104D1000D4EF4C95D5EF4E95D6EF4F95D7EF5295F2
:104D2000D8EF5395D9EF5495DAEF5695DBEF5795B9
:104D3000DCEF5895DDEF5995DEEF5B95DFEF5E9583
:104D4000E0EF5F95E1EF5D95E2EF6195E3EF62954E
:104D5000E4EF6495E5EF6595E6EF6695E7EF679517
:104D6000E8EF6895E9EF6995EAEF6A95EBEF6B95E7
:104D7000ECEF6C95EDEF6F95EEEF7195EFEF7295AF
:104D8000F0EF7395F1EF3A95F2EFE777F3EFEC7709
:104D9000F4EFC996F5EFD579F6EFED79F7EFE37912
:104DA000F8EFEB79F9EF067AFAEF475DFBEF037A5C
:104DB000FCEF027AFDEF1E7AFEEF147A40F00899BC
:104DC00041F0099942F00A9943F00B9944F00C998B
:104DD00045F00E9946F00F9947F0119948F0129955
:104DE00049F013994AF014994BF015994CF0169923
:104DF0004DF017994EF018994FF0199950F01A99F3
:104E000051F01B9952F01C9953F01D9954F01E99C2
:104E100055F01F9956F0209957F0219958F0229992
:104E200059F023995AF024995BF025995CF0269962
:104E30005DF027995EF028995FF0299960F02A9932
:104E400061F02B9962F02C9963F02D9964F02F9901
:104E500065F0309966F0319967F0329968F03399CE
:104E600069F034996AF035996BF036996CF037999E
:104E70006DF038996EF039996FF03A9970F03B996E
:104E800071F03C9972F03D9973F03E9974F03F993E
:104E900075F0409976F0419977F0429978F043990E
:104EA00079F044997AF045997BF046997CF04799DE
:104EB0007DF048997EF0499980F04A9981F04B99AC
:104EC00082F04C9983F04D9984F04E9985F04F997A
:104ED00086F0509987F0519988F0529989F053994A
:104EE0008AF056998BF057998CF058998DF0599912
:104EF0008EF05A998FF05B9990F05C9991F05D99E2
:104F000092F05E9993F05F9994F0609995F06199B1
:104F100096F0629997F0649998F0669999F0739970
:104F20009AF078999BF079999CF07B999DF07E9905
:104F30009EF082999FF08399A0F08999A1F0397A27
:104F4000A2F0377AA3F0517AA4F0CF9EA5F0A599EC
:104F5000A6F0707AA7F08876A8F08E76A9F09376FE
:104F6000AAF09976ABF0A476ACF0DE74ADF0E07404
:104F7000AEF02C75AFF0209EB0F0229EB1F0289ECE
:104F8000B2F0299EB3F02A9EB4F02B9EB5F02C9E71
:104F9000B6F0329EB7F0319EB8F0369EB9F0389E2A
:104FA000BAF0379EBBF0399EBCF03A9EBDF03E9EF3
:104FB000BEF0419EBFF0429EC0F0449EC1F0469EAE
:104FC000C2F0479EC3F0489EC4F0499EC5F04B9E78
:104FD000C6F04C9EC7F04E9EC8F0519EC9F0559E3B
:104FE000CAF0579ECBF05A9ECCF05B9ECDF05C9EF3
:104FF000CEF05E9ECFF0639ED0F0669ED1F0679EAD
:10500000D2F0689ED3F0699ED4F06A9ED5F06B9E74
:10501000D6F06C9ED7F0719ED8F06D9ED9F0739E3D
:10502000DAF09275DBF09475DCF09675DDF0A07522
:10503000DEF09D75DFF0AC75E0F0A375E1F0B375BF
:10504000E2F0B475E3F0B875E4F0C475E5F0B1755D
:10505000E6F0B075E7F0C375E8F0C275E9F0D67513
:10506000EAF0CD75EBF0E375ECF0E875EDF0E67580
:10507000EEF0E475EFF0EB75F0F0E775F1F0037624
:10508000F2F0F175F3F0FC75F4F0FF75F5F01076C1
:10509000F6F00076F7F00576F8F00C76F9F0177672
:1050A000FAF00A76FBF02576FCF01876FDF015761E
:1050B000FEF0197640F18C9941F18E9942F19A995E
:1050C00043F19B9944F19C9945F19D9946F19E9934
:1050D00047F19F9948F1A09949F1A1994AF1A29904
:1050E0004BF1A3994CF1A4994DF1A6994EF1A799D2
:1050F0004FF1A99950F1AA9951F1AB9952F1AC999C
:1051000053F1AD9954F1AE9955F1AF9956F1B0996B
:1051100057F1B19958F1B29959F1B3995AF1B4993B
:105120005BF1B5995CF1B6995DF1B7995EF1B8990B
:105130005FF1B99960F1BA9961F1BB9962F1BC99DB
:1051400063F1BD9964F1BE9965F1BF9966F1C099AB
:1051500067F1C19968F1C29969F1C3996AF1C4997B
:105160006BF1C5996CF1C6996DF1C7996EF1C8994B
:105170006FF1C99970F1CA9971F1CB9972F1CC991B
:1051800073F1CD9974F1CE9975F1CF9976F1D099EB
:1051900077F1D19978F1D29979F1D3997AF1D499BB
:1051A0007BF1D5997CF1D6997DF1D7997EF1D8998B
:1051B00080F1D99981F1DA9982F1DB9983F1DC9957
:1051C00084F1DD9985F1DE9986F1DF9987F1E09927
:1051D00088F1E19989F1E2998AF1E3998BF1E499F7
:1051E0008CF1E5998DF1E6998EF1E7998FF1E899C7
:1051F00090F1E99991F1EA9992F1EB9993F1EC9997
:1052000094F1ED9995F1EE9996F1EF9997F1F09966
:1052100098F1F19999F1F2999AF1F3999BF1F49936
:105220009CF1F5999DF1F6999EF1F7999FF1F89906
:10523000A0F1F999A1F11B76A2F13C76A3F12276B7
:10524000A4F12076A5F14076A6F12D76A7F130766F
:10525000A8F13F76A9F13576AAF14376ABF13E7617
:10526000ACF13376ADF14D76AEF15E76AFF15476BA
:10527000B0F15C76B1F15676B2F16B76B3F16F7640
:10528000B4F1CA7FB5F1E67AB6F1787AB7F1797AF6
:10529000B8F1807AB9F1867ABAF1887ABBF1957A59
:1052A000BCF1A67ABDF1A07ABEF1AC7ABFF1A87AC2
:1052B000C0F1AD7AC1F1B37AC2F16488C3F16988F3
:1052C000C4F17288C5F17D88C6F17F88C7F18288F4
:1052D000C8F1A288C9F1C688CAF1B788CBF1BC88E9
:1052E000CCF1C988CDF1E288CEF1CE88CFF1E38848
:1052F000D0F1E588D1F1F188D2F11A89D3F1FC8897
:10530000D4F1E888D5F1FE88D6F1F088D7F121896B
:10531000D8F11989D9F11389DAF11B89DBF10A89EE
:10532000DCF13489DDF12B89DEF13689DFF1418949
:10533000E0F16689E1F17B89E2F18B75E3F1E580CB
:10534000E4F1B276E5F1B476E6F1DC77E7F11280CC
:10535000E8F11480E9F11680EAF11C80EBF120807D
:10536000ECF12280EDF12580EEF12680EFF127802F
:10537000F0F12980F1F12880F2F13180F3F10B8016
:10538000F4F13580F5F14380F6F14680F7F14D8078
:10539000F8F15280F9F16980FAF17180FBF18389AB
:1053A000FCF17898FDF18098FEF1839840F2FA992B
:1053B00041F2FB9942F2FC9943F2FD9944F2FE99C5
:1053C00045F2FF9946F2009A47F2019A48F2029A92
:1053D00049F2039A4AF2049A4BF2059A4CF2069A61
:1053E0004DF2079A4EF2089A4FF2099A50F20A9A31
:1053F00051F20B9A52F20C9A53F20D9A54F20E9A01
:1054000055F20F9A56F2109A57F2119A58F2129AD0
:1054100059F2139A5AF2149A5BF2159A5CF2169AA0
:105420005DF2179A5EF2189A5FF2199A60F21A9A70
:1054300061F21B9A62F21C9A63F21D9A64F21E9A40
:1054400065F21F9A66F2209A67F2219A68F2229A10
:1054500069F2239A6AF2249A6BF2259A6CF2269AE0
:105460006DF2279A6EF2289A6FF2299A70F22A9AB0
:1054700071F22B9A72F22C9A73F22D9A74F22E9A80
:1054800075F22F9A76F2309A77F2319A78F2329A50
:1054900079F2339A7AF2349A7BF2359A7CF2369A20
:1054A0007DF2379A7EF2389A80F2399A81F23A9AEE
:1054B00082F23B9A83F23C9A84F23D9A85F23E9ABC
:1054C00086F23F9A87F2409A88F2419A89F2429A8C
:1054D0008AF2439A8BF2449A8CF2459A8DF2469A5C
:1054E0008EF2479A8FF2489A90F2499A91F24A9A2C
:1054F00092F24B9A93F24C9A94F24D9A95F24E9AFC
:1055000096F24F9A97F2509A98F2519A99F2529ACB
:105510009AF2539A9BF2549A9CF2559A9DF2569A9B
:105520009EF2579A9FF2589AA0F2599AA1F289983E
:10553000A2F28C98A3F28D98A4F28F98A5F2949879
:10554000A6F29A98A7F29B98A8F29E98A9F29F9823
:10555000AAF2A198ABF2A298ACF2A598ADF2A698E7
:10556000AEF24D86AFF25486B0F26C86B1F26E8622
:10557000B2F27F86B3F27A86B4F27C86B5F27B868D
:10558000B6F2A886B7F28D86B8F28B86B9F2AC86F1
:10559000BAF29D86BBF2A786BCF2A386BDF2AA86AC
:1055A000BEF29386BFF2A986C0F2B686C1F2C48667
:1055B000C2F2B586C3F2CE86C4F2B086C5F2BA8610
:1055C000C6F2B186C7F2AF86C8F2C986C9F2CF86E5
:1055D000CAF2B486CBF2E986CCF2F186CDF2F2863D
:1055E000CEF2ED86CFF2F386D0F2D086D1F21387D9
:1055F000D2F2DE86D3F2F486D4F2DF86D5F2D886F4
:10560000D6F2D186D7F20387D8F20787D9F2F88687
:10561000DAF20887DBF20A87DCF20D87DDF2098710
:10562000DEF22387DFF23B87E0F21E87E1F2258777
:10563000E2F22E87E3F21A87E4F23E87E5F248872A
:10564000E6F23487E7F23187E8F22987E9F2378713
:10565000EAF23F87EBF28287ECF22287EDF27D8758
:10566000EEF27E87EFF27B87F0F26087F1F27087CF
:10567000F2F24C87F3F26E87F4F28B87F5F25387E0
:10568000F6F26387F7F27C87F8F26487F9F25987BC
:10569000FAF26587FBF29387FCF2AF87FDF2A887E9
:1056A000FEF2D28740F35A9A41F35B9A42F35C9A36
:1056B00043F35D9A44F35E9A45F35F9A46F3609A2A
:1056C00047F3619A48F3629A49F3639A4AF3649AFA
:1056D0004BF3659A4CF3669A4DF3679A4EF3689ACA
:1056E0004FF3699A50F36A9A51F36B9A52F3729A94
:1056F00053F3839A54F3899A55F38D9A56F38E9AFD
:1057000057F3949A58F3959A59F3999A5AF3A69A9B
:105710005BF3A99A5CF3AA9A5DF3AB9A5EF3AC9A39
:105720005FF3AD9A60F3AE9A61F3AF9A62F3B29A07
:1057300063F3B39A64F3B49A65F3B59A66F3B99ACE
:1057400067F3BB9A68F3BD9A69F3BE9A6AF3BF9A8E
:105750006BF3C39A6CF3C49A6DF3C69A6EF3C79A4F
:105760006FF3C89A70F3C99A71F3CA9A72F3CD9A1B
:1057700073F3CE9A74F3CF9A75F3D09A76F3D29AE4
:1057800077F3D49A78F3D59A79F3D69A7AF3D79AAD
:105790007BF3D99A7CF3DA9A7DF3DB9A7EF3DC9A79
:1057A00080F3DD9A81F3DE9A82F3E09A83F3E29A42
:1057B00084F3E39A85F3E49A86F3E59A87F3E79A0C
:1057C00088F3E89A89F3E99A8AF3EA9A8BF3EC9AD8
:1057D0008CF3EE9A8DF3F09A8EF3F19A8FF3F29A9E
:1057E00090F3F39A91F3F49A92F3F59A93F3F69A6D
:1057F00094F3F79A95F3F89A96F3FA9A97F3FC9A3A
:1058000098F3FD9A99F3FE9A9AF3FF9A9BF3009B03
:105810009CF3019B9DF3029B9EF3049B9FF3059BCE
:10582000A0F3069BA1F3C687A2F38887A3F385871D
:10583000A4F3AD87A5F39787A6F38387A7F3AB8778
:10584000A8F3E587A9F3AC87AAF3B587ABF3B387D1
:10585000ACF3CB87ADF3D387AEF3BD87AFF3D1877E
:10586000B0F3C087B1F3CA87B2F3DB87B3F3EA873B
:10587000B4F3E087B5F3EE87B6F31688B7F3138871
:10588000B8F3FE87B9F30A88BAF31B88BBF3218803
:10589000BCF33988BDF33C88BEF3367FBFF3427F4B
:1058A000C0F3447FC1F3457FC2F31082C3F3FA7A99
:1058B000C4F3FD7AC5F3087BC6F3037BC7F3047B0F
:1058C000C8F3157BC9F30A7BCAF32B7BCBF30F7BA1
:1058D000CCF3477BCDF3387BCEF32A7BCFF3197B18
:1058E000D0F32E7BD1F3317BD2F3207BD3F3257B16
:1058F000D4F3247BD5F3337BD6F33E7BD7F31E7BE7
:10590000D8F3587BD9F35A7BDAF3457BDBF3757B0D
:10591000DCF34C7BDDF35D7BDEF3607BDFF36E7BE2
:10592000E0F37B7BE1F3627BE2F3727BE3F3717B79
:10593000E4F3907BE5F3A67BE6F3A77BE7F3B87B84
:10594000E8F3AC7BE9F39D7BEAF3A87BEBF3857B83
:10595000ECF3AA7BEDF39C7BEEF3A27BEFF3AB7B46
:10596000F0F3B47BF1F3D17BF2F3C17BF3F3CC7BA7
:10597000F4F3DD7BF5F3DA7BF6F3E57BF7F3E67B17
:10598000F8F3EA7BF9F30C7CFAF3FE7BFBF3FC7B88
:10599000FCF30F7CFDF3167CFEF30B7C40F4079BBD
:1059A00041F4099B42F40A9B43F40B9B44F40C9B87
:1059B00045F40D9B46F40E9B47F4109B48F4119B55
:1059C00049F4129B4AF4149B4BF4159B4CF4169B20
:1059D0004DF4179B4EF4189B4FF4199B50F41A9BEF
:1059E00051F41B9B52F41C9B53F41D9B54F41E9BBF
:1059F00055F4209B56F4219B57F4229B58F4249B8A
:105A000059F4259B5AF4269B5BF4279B5CF4289B56
:105A10005DF4299B5EF42A9B5FF42B9B60F42C9B26
:105A200061F42D9B62F42E9B63F4309B64F4319BF4
:105A300065F4339B66F4349B67F4359B68F4369BBE
:105A400069F4379B6AF4389B6BF4399B6CF43A9B8E
:105A50006DF43D9B6EF43E9B6FF43F9B70F4409B56
:105A600071F4469B72F44A9B73F44B9B74F44C9B09
:105A700075F44E9B76F4509B77F4529B78F4539BCD
:105A800079F4559B7AF4569B7BF4579B7CF4589B96
:105A90007DF4599B7EF45A9B80F45B9B81F45C9B64
:105AA00082F45D9B83F45E9B84F45F9B85F4609B32
:105AB00086F4619B87F4629B88F4639B89F4649B02
:105AC0008AF4659B8BF4669B8CF4679B8DF4689BD2
:105AD0008EF4699B8FF46A9B90F46B9B91F46C9BA2
:105AE00092F46D9B93F46E9B94F46F9B95F4709B72
:105AF00096F4719B97F4729B98F4739B99F4749B42
:105B00009AF4759B9BF4769B9CF4779B9DF4789B11
:105B10009EF4799B9FF47A9BA0F47B9BA1F41F7C5D
:105B2000A2F42A7CA3F4267CA4F4387CA5F4417C5E
:105B3000A6F4407CA7F4FE81A8F40182A9F40282B5
:105B4000AAF40482ABF4EC81ACF44488ADF4218275
:105B5000AEF42282AFF42382B0F42D82B1F42F820E
:105B6000B2F42882B3F42B82B4F43882B5F43B82C9
:105B7000B6F43382B7F43482B8F43E82B9F4448286
:105B8000BAF44982BBF44B82BCF44F82BDF45A8212
:105B9000BEF45F82BFF46882C0F47E88C1F4858859
:105BA000C2F48888C3F4D888C4F4DF88C5F45E8959
:105BB000C6F49D7FC7F49F7FC8F4A77FC9F4AF7F69
:105BC000CAF4B07FCBF4B27FCCF47C7CCDF44965D1
:105BD000CEF4917CCFF49D7CD0F49C7CD1F49E7C5F
:105BE000D2F4A27CD3F4B27CD4F4BC7CD5F4BD7CDA
:105BF000D6F4C17CD7F4C77CD8F4CC7CD9F4CD7C66
:105C0000DAF4C87CDBF4C57CDCF4D77CDDF4E87C1A
:105C1000DEF46E82DFF4A866E0F4BF7FE1F4CE7FAD
:105C2000E2F4D57FE3F4E57FE4F4E17FE5F4E67F99
:105C3000E6F4E97FE7F4EE7FE8F4F37FE9F4F87C3B
:105C4000EAF4777DEBF4A67DECF4AE7DEDF4477ECF
:105C5000EEF49B7EEFF4B89EF0F4B49EF1F4738DF5
:105C6000F2F4848DF3F4948DF4F4918DF5F4B18D08
:105C7000F6F4678DF7F46D8DF8F4478CF9F4498CE0
:105C8000FAF44A91FBF45091FCF44E91FDF44F91DB
:105C9000FEF4649140F57C9B41F57D9B42F57E9B33
:105CA00043F57F9B44F5809B45F5819B46F5829BA0
:105CB00047F5839B48F5849B49F5859B4AF5869B70
:105CC0004BF5879B4CF5889B4DF5899B4EF58A9B40
:105CD0004FF58B9B50F58C9B51F58D9B52F58E9B10
:105CE00053F58F9B54F5909B55F5919B56F5929BE0
:105CF00057F5939B58F5949B59F5959B5AF5969BB0
:105D00005BF5979B5CF5989B5DF5999B5EF59A9B7F
:105D10005FF59B9B60F59C9B61F59D9B62F59E9B4F
:105D200063F59F9B64F5A09B65F5A19B66F5A29B1F
:105D300067F5A39B68F5A49B69F5A59B6AF5A69BEF
:105D40006BF5A79B6CF5A89B6DF5A99B6EF5AA9BBF
:105D50006FF5AB9B70F5AC9B71F5AD9B72F5AE9B8F
:105D600073F5AF9B74F5B09B75F5B19B76F5B29B5F
:105D700077F5B39B78F5B49B79F5B59B7AF5B69B2F
:105D80007BF5B79B7CF5B89B7DF5B99B7EF5BA9BFF
:105D900080F5BB9B81F5BC9B82F5BD9B83F5BE9BCB
:105DA00084F5BF9B85F5C09B86F5C19B87F5C29B9B
:105DB00088F5C39B89F5C49B8AF5C59B8BF5C69B6B
:105DC0008CF5C79B8DF5C89B8EF5C99B8FF5CA9B3B
:105DD00090F5CB9B91F5CC9B92F5CD9B93F5CE9B0B
:105DE00094F5CF9B95F5D09B96F5D19B97F5D29BDB
:105DF00098F5D39B99F5D49B9AF5D59B9BF5D69BAB
:105E00009CF5D79B9DF5D89B9EF5D99B9FF5DA9B7A
:105E1000A0F5DB9BA1F56291A2F56191A3F57091CC
:105E2000A4F56991A5F56F91A6F57D91A7F57E91F1
:105E3000A8F57291A9F57491AAF57991ABF58C91B9
:105E4000ACF58591ADF59091AEF58D91AFF5919151
:105E5000B0F5A291B1F5A391B2F5AA91B3F5AD91C8
:105E6000B4F5AE91B5F5AF91B6F5B591B7F5B4917E
:105E7000B8F5BA91B9F5558CBAF57E9EBBF5B88DDB
:105E8000BCF5EB8DBDF5058EBEF5598EBFF5698E5F
:105E9000C0F5B58DC1F5BF8DC2F5BC8DC3F5BA8D0A
:105EA000C4F5C48DC5F5D68DC6F5D78DC7F5DA8D89
:105EB000C8F5DE8DC9F5CE8DCAF5CF8DCBF5DB8D5E
:105EC000CCF5C68DCDF5EC8DCEF5F78DCFF5F88DF3
:105ED000D0F5E38DD1F5F98DD2F5FB8DD3F5E48DB9
:105EE000D4F5098ED5F5FD8DD6F5148ED7F51D8E1A
:105EF000D8F51F8ED9F52C8EDAF52E8EDBF5238E94
:105F0000DCF52F8EDDF53A8EDEF5408EDFF5398E2D
:105F1000E0F5358EE1F53D8EE2F5318EE3F5498E03
:105F2000E4F5418EE5F5428EE6F5518EE7F5528EA9
:105F3000E8F54A8EE9F5708EEAF5768EEBF57C8E03
:105F4000ECF56F8EEDF5748EEEF5858EEFF58F8E98
:105F5000F0F5948EF1F5908EF2F59C8EF3F59E8E11
:105F6000F4F5788CF5F5828CF6F58A8CF7F5858C4E
:105F7000F8F5988CF9F5948CFAF59B65FBF5D689C4
:105F8000FCF5DE89FDF5DA89FEF5DC8940F6DC9B5F
:105F900041F6DD9B42F6DE9B43F6DF9B44F6E09B39
:105FA00045F6E19B46F6E29B47F6E39B48F6E49B09
:105FB00049F6E59B4AF6E69B4BF6E79B4CF6E89BD9
:105FC0004DF6E99B4EF6EA9B4FF6EB9B50F6EC9BA9
:105FD00051F6ED9B52F6EE9B53F6EF9B54F6F09B79
:105FE00055F6F19B56F6F29B57F6F39B58F6F49B49
:105FF00059F6F59B5AF6F69B5BF6F79B5CF6F89B19
:106000005DF6F99B5EF6FA9B5FF6FB9B60F6FC9BE8
:1060100061F6FD9B62F6FE9B63F6FF9B64F6009CB7
:1060200065F6019C66F6029C67F6039C68F6049C84
:1060300069F6059C6AF6069C6BF6079C6CF6089C54
:106040006DF6099C6EF60A9C6FF60B9C70F60C9C24
:1060500071F60D9C72F60E9C73F60F9C74F6109CF4
:1060600075F6119C76F6129C77F6139C78F6149CC4
:1060700079F6159C7AF6169C7BF6179C7CF6189C94
:106080007DF6199C7EF61A9C80F61B9C81F61C9C62
:1060900082F61D9C83F61E9C84F61F9C85F6209C30
:1060A00086F6219C87F6229C88F6239C89F6249C00
:1060B0008AF6259C8BF6269C8CF6279C8DF6289CD0
:1060C0008EF6299C8FF62A9C90F62B9C91F62C9CA0
:1060D00092F62D9C93F62E9C94F62F9C95F6309C70
:1060E00096F6319C97F6329C98F6339C99F6349C40
:1060F0009AF6359C9BF6369C9CF6379C9DF6389C10
:106100009EF6399C9FF63A9CA0F63B9CA1F6E58949
:10611000A2F6EB89A3F6EF89A4F63E8AA5F6268BB4
:10612000A6F65397A7F6E996A8F6F396A9F6EF9682
:10613000AAF60697ABF60197ACF60897ADF60F975F
:10614000AEF60E97AFF62A97B0F62D97B1F63097C8
:10615000B2F63E97B3F6809FB4F6839FB5F6859F5F
:10616000B6F6869FB7F6879FB8F6889FB9F6899FDF
:10617000BAF68A9FBBF68C9FBCF6FE9EBDF60B9FBF
:10618000BEF60D9FBFF6B996C0F6BC96C1F6BD9699
:10619000C2F6CE96C3F6D296C4F6BF77C5F6E096A1
:1061A000C6F68E92C7F6AE92C8F6C892C9F63E936E
:1061B000CAF66A93CBF6CA93CCF68F93CDF63E948B
:1061C000CEF66B94CFF67F9CD0F6829CD1F6859C60
:1061D000D2F6869CD3F6879CD4F6889CD5F6237A93
:1061E000D6F68B9CD7F68E9CD8F6909CD9F6919CCF
:1061F000DAF6929CDBF6949CDCF6959CDDF69A9C94
:10620000DEF69B9CDFF69E9CE0F69F9CE1F6A09C50
:10621000E2F6A19CE3F6A29CE4F6A39CE5F6A59C1D
:10622000E6F6A69CE7F6A79CE8F6A89CE9F6A99CEA
:10623000EAF6AB9CEBF6AD9CECF6AE9CEDF6B09CB2
:10624000EEF6B19CEFF6B29CF0F6B39CF1F6B49C7E
:10625000F2F6B59CF3F6B69CF4F6B79CF5F6BA9C4C
:10626000F6F6BB9CF7F6BC9CF8F6BD9CF9F6C49C10
:10627000FAF6C59CFBF6C69CFCF6C79CFDF6CA9CCC
:10628000FEF6CB9C40F73C9C41F73D9C42F73E9C80
:1062900043F73F9C44F7409C45F7419C46F7429C9E
:1062A00047F7439C48F7449C49F7459C4AF7469C6E
:1062B0004BF7479C4CF7489C4DF7499C4EF74A9C3E
:1062C0004FF74B9C50F74C9C51F74D9C52F74E9C0E
:1062D00053F74F9C54F7509C55F7519C56F7529CDE
:1062E00057F7539C58F7549C59F7559C5AF7569CAE
:1062F0005BF7579C5CF7589C5DF7599C5EF75A9C7E
:106300005FF75B9C60F75C9C61F75D9C62F75E9C4D
:1063100063F75F9C64F7609C65F7619C66F7629C1D
:1063200067F7639C68F7649C69F7659C6AF7669CED
:106330006BF7679C6CF7689C6DF7699C6EF76A9CBD
:106340006FF76B9C70F76C9C71F76D9C72F76E9C8D
:1063500073F76F9C74F7709C75F7719C76F7729C5D
:1063600077F7739C78F7749C79F7759C7AF7769C2D
:106370007BF7779C7CF7789C7DF7799C7EF77A9CFD
:1063800080F77B9C81F77D9C82F77E9C83F7809CC5
:1063900084F7839C85F7849C86F7899C87F78A9C81
:1063A00088F78C9C89F78F9C8AF7939C8BF7969C37
:1063B0008CF7979C8DF7989C8EF7999C8FF79D9CF6
:1063C00090F7AA9C91F7AC9C92F7AF9C93F7B99C7D
:1063D00094F7BE9C95F7BF9C96F7C09C97F7C19C1D
:1063E00098F7C29C99F7C89C9AF7C99C9BF7D19CD7
:1063F0009CF7D29C9DF7DA9C9EF7DB9C9FF7E09C74
:10640000A0F7E19CA1F7CC9CA2F7CD9CA3F7CE9C72
:10641000A4F7CF9CA5F7D09CA6F7D39CA7F7D49C54
:10642000A8F7D59CA9F7D79CAAF7D89CABF7D99C1D
:10643000ACF7DC9CADF7DD9CAEF7DF9CAFF7E29CE0
:10644000B0F77C97B1F78597B2F79197B3F792972A
:10645000B4F79497B5F7AF97B6F7AB97B7F7A3979D
:10646000B8F7B297B9F7B497BAF7B19ABBF7B09A41
:10647000BCF7B79ABDF7589EBEF7B69ABFF7BA9A5F
:10648000C0F7BC9AC1F7C19AC2F7C09AC3F7C59AC0
:10649000C4F7C29AC5F7CB9AC6F7CC9AC7F7D19A78
:1064A000C8F7459BC9F7439BCAF7479BCBF7499B66
:1064B000CCF7489BCDF74D9BCEF7519BCFF7E89893
:1064C000D0F70D99D1F72E99D2F75599D3F7549962
:1064D000D4F7DF9AD5F7E19AD6F7E69AD7F7EF9A8D
:1064E000D8F7EB9AD9F7FB9ADAF7ED9ADBF7F99A36
:1064F000DCF7089BDDF70F9BDEF7139BDFF71F9B95
:10650000E0F7239BE1F7BD9EE2F7BE9EE3F73B7EFB
:10651000E4F7829EE5F7879EE6F7889EE7F78B9E75
:10652000E8F7929EE9F7D693EAF79D9EEBF79F9ED8
:10653000ECF7DB9EEDF7DC9EEEF7DD9EEFF7E09EDD
:10654000F0F7DF9EF1F7E29EF2F7E99EF3F7E79EA0
:10655000F4F7E59EF5F7EA9EF6F7EF9EF7F7229F30
:10656000F8F72C9FF9F72F9FFAF7399FFBF7379F22
:10657000FCF73D9FFDF73E9FFEF7449F40F8E39CEC
:1065800041F8E49C42F8E59C43F8E69C44F8E79C1B
:1065900045F8E89C46F8E99C47F8EA9C48F8EB9CEB
:1065A00049F8EC9C4AF8ED9C4BF8EE9C4CF8EF9CBB
:1065B0004DF8F09C4EF8F19C4FF8F29C50F8F39C8B
:1065C00051F8F49C52F8F59C53F8F69C54F8F79C5B
:1065D00055F8F89C56F8F99C57F8FA9C58F8FB9C2B
:1065E00059F8FC9C5AF8FD9C5BF8FE9C5CF8FF9CFB
:1065F0005DF8009D5EF8019D5FF8029D60F8039DC7
:1066000061F8049D62F8059D63F8069D64F8079D96
:1066100065F8089D66F8099D67F80A9D68F80B9D66
:1066200069F80C9D6AF80D9D6BF80E9D6CF80F9D36
:106630006DF8109D6EF8119D6FF8129D70F8139D06
:1066400071F8149D72F8159D73F8169D74F8179DD6
:1066500075F8189D76F8199D77F81A9D78F81B9DA6
:1066600079F81C9D7AF81D9D7BF81E9D7CF81F9D76
:106670007DF8209D7EF8219D80F8229D81F8239D44
:1066800082F8249D83F8259D84F8269D85F8279D12
:1066900086F8289D87F8299D88F82A9D89F82B9DE2
:1066A0008AF82C9D8BF82D9D8CF82E9D8DF82F9DB2
:1066B0008EF8309D8FF8319D90F8329D91F8339D82
:1066C00092F8349D93F8359D94F8369D95F8379D52
:1066D00096F8389D97F8399D98F83A9D99F83B9D22
:1066E0009AF83C9D9BF83D9D9CF83E9D9DF83F9DF2
:1066F0009EF8409D9FF8419DA0F8429D40F9439D22
:1067000041F9449D42F9459D43F9469D44F9479D11
:1067100045F9489D46F9499D47F94A9D48F94B9DE1
:1067200049F94C9D4AF94D9D4BF94E9D4CF94F9DB1
:106730004DF9509D4EF9519D4FF9529D50F9539D81
:1067400051F9549D52F9559D53F9569D54F9579D51
:1067500055F9589D56F9599D57F95A9D58F95B9D21
:1067600059F95C9D5AF95D9D5BF95E9D5CF95F9DF1
:106770005DF9609D5EF9619D5FF9629D60F9639DC1
:1067800061F9649D62F9659D63F9669D64F9679D91
:1067900065F9689D66F9699D67F96A9D68F96B9D61
:1067A00069F96C9D6AF96D9D6BF96E9D6CF96F9D31
:1067B0006DF9709D6EF9719D6FF9729D70F9739D01
:1067C00071F9749D72F9759D73F9769D74F9779DD1
:1067D00075F9789D76F9799D77F97A9D78F97B9DA1
:1067E00079F97C9D7AF97D9D7BF97E9D7CF97F9D71
:1067F0007DF9809D7EF9819D80F9829D81F9839D3F
:1068000082F9849D83F9859D84F9869D85F9879D0C
:1068100086F9889D87F9899D88F98A9D89F98B9DDC
:106820008AF98C9D8BF98D9D8CF98E9D8DF98F9DAC
:106830008EF9909D8FF9919D90F9929D91F9939D7C
:1068400092F9949D93F9959D94F9969D95F9979D4C
:1068500096F9989D97F9999D98F99A9D99F99B9D1C
:106860009AF99C9D9BF99D9D9CF99E9D9DF99F9DEC
:106870009EF9A09D9FF9A19DA0F9A29D40FAA39D1C
:1068800041FAA49D42FAA59D43FAA69D44FAA79D0C
:1068900045FAA89D46FAA99D47FAAA9D48FAAB9DDC
:1068A00049FAAC9D4AFAAD9D4BFAAE9D4CFAAF9DAC
:1068B0004DFAB09D4EFAB19D4FFAB29D50FAB39D7C
:1068C00051FAB49D52FAB59D53FAB69D54FAB79D4C
:1068D00055FAB89D56FAB99D57FABA9D58FABB9D1C
:1068E00059FABC9D5AFABD9D5BFABE9D5CFABF9DEC
:1068F0005DFAC09D5EFAC19D5FFAC29D60FAC39DBC
:1069000061FAC49D62FAC59D63FAC69D64FAC79D8B
:1069100065FAC89D66FAC99D67FACA9D68FACB9D5B
:1069200069FACC9D6AFACD9D6BFACE9D6CFACF9D2B
:106930006DFAD09D6EFAD19D6FFAD29D70FAD39DFB
:1069400071FAD49D72FAD59D73FAD69D74FAD79DCB
:1069500075FAD89D76FAD99D77FADA9D78FADB9D9B
:1069600079FADC9D7AFADD9D7BFADE9D7CFADF9D6B
:106970007DFAE09D7EFAE19D80FAE29D81FAE39D39
:1069800082FAE49D83FAE59D84FAE69D85FAE79D07
:1069900086FAE89D87FAE99D88FAEA9D89FAEB9DD7
:1069A0008AFAEC9D8BFAED9D8CFAEE9D8DFAEF9DA7
:1069B0008EFAF09D8FFAF19D90FAF29D91FAF39D77
:1069C00092FAF49D93FAF59D94FAF69D95FAF79D47
:1069D00096FAF89D97FAF99D98FAFA9D99FAFB9D17
:1069E0009AFAFC9D9BFAFD9D9CFAFE9D9DFAFF9DE7
:1069F0009EFA009E9FFA019EA0FA029E40FB039E13
:106A000041FB049E42FB059E43FB069E44FB079E02
:106A100045FB089E46FB099E47FB0A9E48FB0B9ED2
:106A200049FB0C9E4AFB0D9E4BFB0E9E4CFB0F9EA2
:106A30004DFB109E4EFB119E4FFB129E50FB139E72
:106A400051FB149E52FB159E53FB169E54FB179E42
:106A500055FB189E56FB199E57FB1A9E58FB1B9E12
:106A600059FB1C9E5AFB1D9E5BFB1E9E5CFB249EDD
:106A70005DFB279E5EFB2E9E5FFB309E60FB349E7F
:106A800061FB3B9E62FB3C9E63FB409E64FB4D9E14
:106A900065FB509E66FB529E67FB539E68FB549EAF
:106AA00069FB569E6AFB599E6BFB5D9E6CFB5F9E6D
:106AB0006DFB609E6EFB619E6FFB629E70FB659E30
:106AC00071FB6E9E72FB6F9E73FB729E74FB749ED5
:106AD00075FB759E76FB769E77FB779E78FB789E9E
:106AE00079FB799E7AFB7A9E7BFB7B9E7CFB7C9E6E
:106AF0007DFB7D9E7EFB809E80FB819E81FB839E35
:106B000082FB849E83FB859E84FB869E85FB899EFB
:106B100086FB8A9E87FB8C9E88FB8D9E89FB8E9EC2
:106B20008AFB8F9E8BFB909E8CFB919E8DFB949E8F
:106B30008EFB959E8FFB969E90FB979E91FB989E59
:106B400092FB999E93FB9A9E94FB9B9E95FB9C9E29
:106B500096FB9E9E97FBA09E98FBA19E99FBA29EF2
:106B60009AFBA39E9BFBA49E9CFBA59E9DFBA79EC0
:106B70009EFBA89E9FFBA99EA0FBAA9E40FCAB9EED
:106B800041FCAC9E42FCAD9E43FCAE9E44FCAF9EDD
:106B900045FCB09E46FCB19E47FCB29E48FCB39EAD
:106BA00049FCB59E4AFCB69E4BFCB79E4CFCB99E78
:106BB0004DFCBA9E4EFCBC9E4FFCBF9E50FCC09E3E
:106BC00051FCC19E52FCC29E53FCC39E54FCC59E08
:106BD00055FCC69E56FCC79E57FCC89E58FCCA9ED4
:106BE00059FCCB9E5AFCCC9E5BFCD09E5CFCD29E9A
:106BF0005DFCD39E5EFCD59E5FFCD69E60FCD79E5E
:106C000061FCD99E62FCDA9E63FCDE9E64FCE19E20
:106C100065FCE39E66FCE49E67FCE69E68FCE89EDD
:106C200069FCEB9E6AFCEC9E6BFCED9E6CFCEE9EA0
:106C30006DFCF09E6EFCF19E6FFCF29E70FCF39E6C
:106C400071FCF49E72FCF59E73FCF69E74FCF79E3C
:106C500075FCF89E76FCFA9E77FCFD9E78FCFF9E04
:106C600079FC009F7AFC019F7BFC029F7CFC039FC8
:106C70007DFC049F7EFC059F80FC069F81FC079F96
:106C800082FC089F83FC099F84FC0A9F85FC0C9F63
:106C900086FC0F9F87FC119F88FC129F89FC149F24
:106CA0008AFC159F8BFC169F8CFC189F8DFC1A9FED
:106CB0008EFC1B9F8FFC1C9F90FC1D9F91FC1E9FB8
:106CC00092FC1F9F93FC219F94FC239F95FC249F83
:106CD00096FC259F97FC269F98FC279F99FC289F50
:106CE0009AFC299F9BFC2A9F9CFC2B9F9DFC2D9F1F
:106CF0009EFC2E9F9FFC309FA0FC319F40FD329F49
:106D000041FD339F42FD349F43FD359F44FD369F37
:106D100045FD389F46FD3A9F47FD3C9F48FD3F9FFC
:106D200049FD409F4AFD419F4BFD429F4CFD439FC3
:106D30004DFD459F4EFD469F4FFD479F50FD489F8F
:106D400051FD499F52FD4A9F53FD4B9F54FD4C9F5F
:106D500055FD4D9F56FD4E9F57FD4F9F58FD529F2D
:106D600059FD539F5AFD549F5BFD559F5CFD569FF7
:106D70005DFD579F5EFD589F5FFD599F60FD5A9FC7
:106D800061FD5B9F62FD5C9F63FD5D9F64FD5E9F97
:106D900065FD5F9F66FD609F67FD619F68FD629F67
:106DA00069FD639F6AFD649F6BFD659F6CFD669F37
:106DB0006DFD679F6EFD689F6FFD699F70FD6A9F07
:106DC00071FD6B9F72FD6C9F73FD6D9F74FD6E9FD7
:106DD00075FD6F9F76FD709F77FD719F78FD729FA7
:106DE00079FD739F7AFD749F7BFD759F7CFD769F77
:106DF0007DFD779F7EFD789F80FD799F81FD7A9F45
:106E000082FD7B9F83FD7C9F84FD7D9F85FD7E9F12
:106E100086FD819F87FD829F88FD8D9F89FD8E9FC6
:106E20008AFD8F9F8BFD909F8CFD919F8DFD929F82
:106E30008EFD939F8FFD949F90FD959F91FD969F52
:106E400092FD979F93FD989F94FD9C9F95FD9D9F1C
:106E500096FD9E9F97FDA19F98FDA29F99FDA39FE0
:106E60009AFDA49F9BFDA59F9CFD2CF99DFD79F9A2
:106E70009EFD95F99FFDE7F9A0FDF1F940FE0CFAA2
:106E800041FE0DFA42FE0EFA43FE0FFA44FE11FADD
:106E900045FE13FA46FE14FA47FE18FA48FE1FFA9A
:106EA00049FE20FA4AFE21FA4BFE23FA4CFE24FA50
:106EB0004DFE27FA4EFE28FA4FFE29FA0000000088
:106EC000610062006300640065006600670068009E
:106ED00069006A006B006C006D006E006F0070004E
:106EE00071007200730074007500760077007800FE
:106EF00079007A00A100A200A300A500AC00AF00B9
:106F0000E000E100E200E300E400E500E600E70065
:106F1000E800E900EA00EB00EC00ED00EE00EF0015
:106F2000F000F100F200F300F400F500F600F800C4
:106F3000F900FA00FB00FC00FD00FE00FF0001016B
:106F400003010501070109010B010D010F011101E9
:106F500013011501170119011B011D011F01210159
:106F600023012501270129012B012D012F013101C9
:106F70003301350137013A013C013E014001420134
:106F80004401460148014B014D014F01510153019C
:106F90005501570159015B015D015F016101630109
:106FA0006501670169016B016D016F017101730179
:106FB000750177017A017C017E019201B103B20370
:106FC000B303B403B503B603B703B803B903BA03F5
:106FD000BB03BC03BD03BE03BF03C003C103C303A4
:106FE000C403C503C603C703C803C903CA033004E7
:106FF00031043204330434043504360437043804CD
:1070000039043A043B043C043D043E043F0440047C
:10701000410442044304440445044604470448042C
:1070200049044A044B044C044D044E044F045104DB
:107030005204530454045504560457045804590484
:107040005A045B045C045E045F04702171217221A8
:1070500073217421752176217721782179217A2174
:107060007B217C217D217E217F2141FF42FF43FF47
:1070700044FF45FF46FF47FF48FF49FF4AFF4BFFDC
:107080004CFF4DFF4EFF4FFF50FF51FF52FF53FF8C
:1070900054FF55FF56FF57FF58FF59FF5AFF000096
:1070A00041004200430044004500460047004800BC
:1070B00049004A004B004C004D004E004F0050006C
:1070C000510052005300540055005600570058001C
:1070D00059005A002100E0FFE1FFE5FFE2FFE3FF76
:1070E000C000C100C200C300C400C500C600C70084
:1070F000C800C900CA00CB00CC00CD00CE00CF0034
:10710000D000D100D200D300D400D500D600D800E2
:10711000D900DA00DB00DC00DD00DE0078010001D0
:1071200002010401060108010A010C010E0110010F
:1071300012011401160118011A011C011E0120017F
:1071400022012401260128012A012C012E013001EF
:1071500032013401360139013B013D013F0141015A
:107160004301450147014A014C014E0150015201C2
:107170005401560158015A015C015E01600162012F
:107180006401660168016A016C016E01700172019F
:107190007401760179017B017D01910191039203D4
:1071A00093039403950396039703980399039A0313
:1071B0009B039C039D039E039F03A003A103A303C2
:1071C000A403A503A603A703A803A903AA03100405
:1071D00011041204130414041504160417041804EB
:1071E00019041A041B041C041D041E041F0420049B
:1071F000210422042304240425042604270428044B
:1072000029042A042B042C042D042E042F04010429
:107210000204030404040504060407040804090422
:107220000A040B040C040E040F0460216121622186
:1072300063216421652166216721682169216A2112
:107240006B216C216D216E216F2121FF22FF23FF15
:1072500024FF25FF26FF27FF28FF29FF2AFF2BFFFA
:107260002CFF2DFF2EFF2FFF30FF31FF32FF33FFAA
:1072700034FF35FF36FF37FF38FF39FF3AFF000094
:10728000303132333435363738394142434445465C
:107290004030580030313233343536373839616256
:1072A0006364656640307800040000080000000058
:1072B0000000000200010000100000003F0000007C
:1072C000646563006964000072756E74696D6500C1
:1072D00068656C70000000006C6973740000000049
:1072E000686578007538206D665F70757463287501
:1072F00038206329000000007538206D665F7075C6
:1073000074732875382A6329000000007538206DD1
:10731000665F636C6F736528766F6964290000008F
:10732000753332206D665F73697A6528766F69649C
:1073300029000000753332206D665F74656C6C281F
:10734000766F696429000000766F696420573235D2
:107350005158585F45726173655F4368697028765C
:107360006F696429000000007538206D665F7265E2
:10737000616464697228766F696429007538206DCC
:10738000665F636C6F736564697228766F696429E0
:10739000000000007538206D665F6F70656E28759F
:1073A000382A706174682C7538206D6F6465290007
:1073B0007538206D665F756E6C696E6B2875382048
:1073C0002A706E616D6529007538206D665F6D6B82
:1073D0006469722875382A706E616D652900000035
:1073E0007538206D665F72656E616D652875382031
:1073F0002A6F6C646E616D652C75382A206E657716
:107400006E616D6529000000766F6964206D665FAE
:1074100067657473287531362073697A65290000B1
:107420007538206D665F7363616E5F66696C657346
:10743000287538202A207061746829007538206DFD
:10744000665F6F70656E6469722875382A20706196
:1074500074682900766F6964206D665F6765746C77
:107460006162656C287538202A7061746829000093
:10747000766F6964206D665F7365746C6162656CBC
:10748000287538202A70617468290000766F696455
:107490002077726974655F61646472287533322085
:1074A000616464722C7533322076616C29000000AF
:1074B0007538206D665F7265616428753136206CA1
:1074C000656E29007538206D665F7772697465286E
:1074D00075382A6461742C753136206C656E29000C
:1074E00075333220726561645F616464722875333C
:1074F0003220616464722900766F69642064656C6F
:1075000061795F6D7328753136206E6D73290000C7
:10751000766F69642064656C61795F757328753373
:1075200032206E75732900007538206D665F6C73AC
:1075300065656B28753332206F6666736574290044
:107540007538206D665F6D6F756E742875382A20EA
:10755000706174682C7538206D7429007538206D41
:10756000665F666D6B66732875382A207061746873
:107570002C7538206D6F64652C7531362061752946
:1075800000000000753332206D665F73686F7766A8
:10759000726565287538202A64727629000000001B
:1075A0004D503300464C4143000000004C52430014
:1075B0004300000041504500474946004A504547B6
:1075C000000000004A5047004800000041564900B2
:1075D00042494E00424D50004E455300545854000D
:1075E000574156000476030800000020B80200004E
:1075F000C401000840770308B802002048CB01000E
:107600002002000811847A030AA00B010203040679
:1076100007080917EF0213013816EB152C8316091A
:1076200097F3D0791F39B0B18FA5059E0A88FF0165
:1076300014AA07026309BC4DFF07802916116A08C6
:10764000320118297A697E2113BF651B08F50413DE
:10765000401E322032681D1040AE010C130F68121C
:10766000F042101EBC720308D0041AD8041AC404D5
:107670001AE0041AC0041AC804135F731F08E074E8
:10768000030865081A8C0813FD3E1B08F8081A6DDC
:107690000817107503089F0C180808487303084D55
:1076A000AF6419101A61081A94101A79081A0C0894
:1076B0001A87081AB0301367B01B08C4081AAB0841
:1076C0001A3C081AB9081A7C201AC3081A68081349
:1076D0008FB11B0820181307B21B0884481A5F08D3
:1076E0001A28081A6F081A34201A77081A20081A5C
:1076F0007F081AC8081A8B082A5C8019081AB0106B
:107700001AAB081AE0081ABB081A54481AF5081AE6
:1077100070081317B31B08080813D1B51B08E4D071
:107720001AE3081AF80822D41420B56E1B08D904ED
:1077300013836F1408E77223081B02DD0102166031
:040000050800018965
:00000001FF
