:020000040800F2
:1000000028C60120A9020008D74E00085721000881
:10001000D54E0008E5090008C56200080000000090
:10002000000000000000000000000000855C0008E7
:10003000E709000800000000D94E00081D5D000817
:10004000C3020008C3020008C3020008C30200087C
:10005000C3020008C3020008C3020008C30200086C
:10006000C3020008C3020008C3020008C30200085C
:10007000C3020008C3020008C3020008C30200084C
:10008000C3020008C3020008C3020008C30200083C
:10009000C3020008C3020008C3020008C30200082C
:1000A000C3020008C3020008C3020008C30200081C
:1000B000C3020008C3020008755D0008C3020008FF
:1000C000C3020008C3020008C3020008C3020008FC
:1000D000C302000899620008C3020008C3020008B6
:1000E000C3020008C3020008C3020008C3020008DC
:1000F000C3020008C3020008C3020008C3020008CC
:10010000C3020008C3020008C3020008C3020008BB
:10011000C3020008C3020008C3020008C3020008AB
:10012000C3020008C3020008C3020008C30200089B
:10013000C3020008C3020008C3020008C30200088B
:10014000C3020008C3020008C3020008C30200087B
:10015000C3020008C3020008C3020008C30200086B
:10016000C3020008C3020008C3020008C30200085B
:10017000C3020008C3020008C30200080000000018
:10018000C3020008C302000800F002F800F075F88E
:100190000AA090E8000C82448344AAF10107DA45E2
:1001A00001D100F06AF8AFF2090EBAE80F0013F0BF
:1001B000010F18BFFB1A43F001031847D0B5030025
:1001C000F0B503000A444FF0000C10F8013B13F0A7
:1001D000070408BF10F8014B1D1108BF10F8015BA0
:1001E000641E05D010F8016B641E01F8016BF9D193
:1001F00013F0080F1EBF10F8014BAD1C0C1B09D1EA
:100200006D1E58BF01F801CBFAD505E014F8016B5B
:1002100001F8016B6D1EF9D59142D6D370470000ED
:100220000023002400250026103A28BF78C1FBD8FF
:10023000520728BF30C148BF0B60704703681B0AD4
:1002400028BF41F08001642900F02281752900F067
:100250001F81782900F09681E42900F055816329F7
:1002600000F05383732900F05883002070471FB5B6
:100270000BF050FF1FBD10B510BD00F081FB114603
:10028000FFF7F5FF09F09EFB00F09FFB03B4FFF7BB
:10029000F2FF03BC06F0FFF930BF72B6704762B6DA
:1002A000704780F30888704709488047094800472D
:1002B000FEE7FEE7FEE7FEE7FEE7FEE7FEE7FEE716
:1002C000FEE7FEE704480549054A064B7047000073
:1002D000215D00088901000828C0012028C60120EE
:1002E00028C2012028C20120704753EA020C00F006
:1002F00069802DE9F04B4FF00006002B1FBFB3FAC9
:1003000083F503FA05F424FA05F65E4012BF16439E
:10031000B2FA82F502FA05F4C5F120051EBF22FAF1
:1003200005FC44EA0C04203556EA044C4FEA144418
:1003300018BF641C4FF000084FF00009904271EBA9
:10034000030C39D3002919BFB1FA81F701FA07F676
:10035000B0FA80F700FA07F6C7F120071EBF20FAAF
:1003600007FC46EA0C062037B6FBF4FCA7EB0507B2
:10037000103F07F01F0BCBF120060CFA0BFB2CFAF9
:1003800006F644BFB3460026202FA4BF5E464FF0BA
:10039000000B5BEA060C08BF4FF0010B19EB0B09D1
:1003A000ABFB027C48EB0608C01B06FB02CC0BFB38
:1003B00003CC71EB0C01C1E70B46024641464846AF
:1003C000BDE8F08B13B54FF000004FF00001AFF324
:1003D0000080BDE81C4070470FB4044910B503AA63
:1003E000029800F09FFA10BC5DF814FB1800002082
:1003F00070B5044685690068C10601D5302600E065
:100400002026C00707D070BDD4E9012130469047AF
:10041000206A401C20626D1EF6D570BD70B5044682
:1004200085690078C00707D170BDD4E9012120207B
:100430009047206A401C20626D1EF6D570BD70B5D5
:100440000C460546012A05D02878800600D5EA69C1
:10045000002302E0012305E05B1C934202D2E05C32
:100460000028F9D1A869E618C01AA861286A1844BA
:1004700028622846FFF7BCFF04E0D5E9012114F803
:10048000010B9047B442F8D32846FFF7C7FF70BD71
:100490002DE9F0410646002410687529314616A55D
:1004A00010D0AFF30080002802DA404213A507E025
:1004B00031688A0701D512A502E0490704D511A5C4
:1004C000012401E0AFF3008000210A2206F1240795
:1004D00009E0B0FBF2FCB0FBF2F302FB1C00303091
:1004E00078541846491C0028F3D123462A46304642
:1004F000BDE8F04100F0A6B9000000002D000000AA
:100500002B000000200000002DE9F0418046D21DA4
:1005100022F007020025D2E90002F52915A614D021
:10052000011E72F1000106DA0023D0EB030063EB39
:10053000020211A608E0D8F800108B0701D50FA61B
:1005400002E0490701D50EA601251146002408F155
:10055000240704E000F031F930323A55641C50EAC7
:100560000102F7D12B46324621464046BDE8F04114
:1005700000F068B9000000002D0000002B00000012
:100580002000000070B504460D4621461068AFF308
:1005900000802188090502D50F4A7A4402E00E4AFC
:1005A0007A440E32002104F1240305E000F00F0626
:1005B0000009965D5E54491C0028F7D1207800237D
:1005C000000704D5702D02D009B102231132204654
:1005D000BDE8704000F036B9FEAE03002DE9F05FD3
:1005E000894604464FF0000ADFF874B1FB44C0F8B6
:1005F00020A02046E1688847002874D0252806D02E
:10060000D4E901219047206A401C2062F1E70026CE
:100610005F462046E16888472028054607DB312DE4
:1006200005D2781910F8200C08B10643F1E7B0079D
:1006300001D526F00406C4F81CA00027C4F818A0B1
:100640002A2D09D0284606F01FF838B304EB870896
:10065000303DC8F8185019E059F8041B204604EB47
:1006600087029161E1688847012F054618D1E0694A
:10067000002820DA26F020061DE0D8F8180000EB4C
:10068000800005EB40003038C8F818002046E168CB
:100690008847054605F0F8FF0028EED1012F0AD063
:1006A0002E2D08D12046E16888477F1C0546022F81
:1006B00046F02006C4DBA069002803DA404246F079
:1006C0000106A061F00701D026F010066C2D0BD0BA
:1006D000682D09D04C2D39D06A2D35D0742D35D0E8
:1006E0007A2D33D016E038E0E1682F46204688475F
:1006F000B842054609D16C2F26D04FF48060E168DE
:10070000064320468847054604E06C2F1AD04FF474
:10071000807006430DB3A5F14100192802D8203599
:1007200046F400664A462946204626604E46FFF7B4
:1007300085FD80B101280BD0F61D26F0070000F1E1
:10074000080956E74020E4E78020D8E70020D6E7F4
:1007500006F104094DE7284652E7206ABDE8F09FFC
:10076000D4AE03004FF0000200B5134694469646FF
:10077000203922BFA0E80C50A0E80C50B1F12001B4
:10078000BFF4F7AF090728BFA0E80C5048BF0CC062
:100790005DF804EB890028BF40F8042B08BF7047C0
:1007A00048BF20F8022B11F0804F18BF00F8012B32
:1007B0007047704770477047704730B5B0F10A0214
:1007C0004FEA900E71F100034EEA817EB0EB0E000D
:1007D00061EB91014FEA101E4EEA017E10EB0E0014
:1007E00041EB11114FEA102E4EEA016E10EB0E0094
:1007F00041EB11214FEA104E4EEA014E10EB0E0074
:1008000041EB1141401841F100014FEAD00040EAAC
:1008100041704FEAD10110EB80054FEA810444EAB0
:10082000907444EB01046D1944EB0404521BA34182
:100830004FF0000348BF0A3200D530BD401C41F1E3
:10084000000130BD2DE9F0470D4699469246044619
:1008500000F124080168880604D5E06921F0100140
:10086000216000E00120A84201DD471B00E00027D5
:10087000A1697A1902EB0900081AA0612078C00664
:1008800002D42046FFF7B4FD002608E0D4E9012198
:100890001AF806009047206A401C761C20624E45DC
:1008A000F4DB2078C0060AD52046FFF7A1FD06E05C
:1008B000D4E9012130209047206A401C2062381E74
:1008C000A7F10107F4DC07E0D4E9012118F80500DD
:1008D0009047206A401C2062281EA5F10105F3DC28
:1008E0002046FFF79BFD2078000602D50220BDE8D8
:1008F000F0870120FBE710B5436913B1AFF3008027
:1009000001E0FFF79CFD012010BD127800F12401E9
:100910000A7000224A700122EDE711684FF0FF32A1
:10092000E9E70000074B70B50D467B4400F011F875
:100930000446284600F020F810B14FF0FF3070BD9B
:10094000204670BD838B000001694A1C0261087853
:10095000704700B58FB0CDE90131002105910549FF
:100960007944CDE9031011466846FFF737FE0FB012
:1009700000BD0000E5FFFFFF007B00F08000704736
:10098000754600F02BF8AE4605006946534620F048
:100990000700854618B020B5FFF794FCBDE820405D
:1009A0004FF000064FF000074FF000084FF0000B2B
:1009B00021F00701AC46ACE8C009ACE8C009ACE8DE
:1009C000C009ACE8C0098D46704710B50446AFF3C6
:1009D00000802046BDE81040FFF758BC0048704733
:1009E000C8BF0120FEE7704770B5B3F5804F05D052
:1009F0006FF0704140F82210002070BD50F8223096
:100A0000084C2340D1E9004544EA05148D688E89DD
:100A10002D0245EA064589692C430C431C4340F8E6
:100A20002240E9E70000F0CFF0B50C6850F8245000
:100A3000114A1540D1E90123D1E903671A433E4326
:100A400032434E6932438E693243CE6932430E6A75
:100A500032434E6A32438E6A3243CE6A3243CE6BA1
:100A6000096B32430A432A43082B01D142F040026A
:100A700040F824200020F0BD8000F0FF30B500EBEE
:100A800082004268D1E9003443EA04138C688D89FE
:100A9000240244EA054423430C8A084D02F04042F4
:100AA00005EB045423430C7D6D0105EB0464896957
:100AB00023430B4313434360002030BD0000F0FF8D
:100AC00090F83510022903D080214165012070473C
:100AD000052180F835100068016821F001010160EE
:100AE0000020704770B5044600F0FAF80546601C17
:100AF00002D004480078044400F0F2F8401BA04201
:100B0000FAD370BD040000202DE9F84FDFF88C9176
:100B1000002209F1040A0AF1040B4FF00F080BF14F
:100B2000040E01260B6896403340B34271D14C68E5
:100B3000022C01D0122C11D1D40800EB84073D6A9D
:100B40005407E40E08FA04FC25EA0C05D1F810C09D
:100B50000CFA04FC4CEA050CC7F820C007685400E6
:100B6000032591F804C0A5400CF0030CAF430CFA28
:100B700004FC4CEA070CC0F800C04F68012F05D0F8
:100B8000022F03D0112F01D0122F11D18768D1F875
:100B90000CC0AF430CFA04FC4CEA070CC0F808C0C8
:100BA0004768B7430E79C6F3001696403E43466049
:100BB000C668AE438D68A5403543C5604C68E40007
:100BC00065D5374C256845F480452560246822F0BA
:100BD000030504F480440094324C2E19D6F80878AA
:100BE0009407250F08FA05F4A7432F4CA04201D122
:100BF000002424E02D4CA04201D101241FE02C4C04
:100C0000A04201D102241AE02A4CA04202D10324BE
:100C100015E03CE0284CA04201D104240FE0274C11
:100C2000A04201D105240AE0254CA04201D10624AE
:100C300005E0244CA04201D1072400E00824AC4088
:100C40003C43C6F80848D9F800404D464E689C43DE
:100C5000F60300D51C432C60DAF8004055464E6878
:100C60009C43B60300D51C432C60DBF800405D4676
:100C70004E689C43F60200D51C432C60DEF8004011
:100C800075464E689C43B60200D51C432C60521C2E
:100C9000102AFFF446AFBDE8F88F0000003C014089
:100CA000443802400030014000000240000402408D
:100CB00000080240000C02400010024000140240F4
:100CC00000180240001C02400AB18161704709040B
:100CD000FBE7000001480068000C7047002004E0BA
:100CE00001488068704700000400002002488168C5
:100CF000027811448160704704000020094810B553
:100D0000016841F400710160016841F48061016093
:100D1000052000F057F80F2000F006F800F024F846
:100D2000002010BD003C024070B50D4D04464FF44C
:100D30007A712878B1FBF0F00A490968B1FBF0F04C
:100D400001F072F848B9102C07D200222146501E3B
:100D500000F018F800206C6070BD012070BD00002C
:100D600004000020000000207047002809DB00F08C
:100D70001F02012191404009800000F1E020C0F8ED
:100D800000117047F0B40E4B1B68C3F30223C3F18C
:100D90000704042C00D904241D1D072D01D20023B3
:100DA00000E0DB1E012606FA04F56D1E0D409D4095
:100DB0009E40761E164045EA0601F0BC05F054BC84
:100DC0000CED00E0064A00F0070110684FF6FF0343
:100DD000184040EA012003490843106070470000B2
:100DE0000CED00E00000FA052DE9F0470D46040087
:100DF00065D0DFF81491D9F80000EFB200F00F00D1
:100E0000A84207D289F80070D9F8000000F00F005E
:100E1000A84254D120683D4E810712D5400703D522
:100E2000306840F4E05030602078000703D5306827
:100E300040F4604030603068A16820F0F000084362
:100E400030602078C0072DD030496068083901280B
:100E500012D0022813D0032811D00968890700296D
:100E60002DDA316821F0030101433160FFF738FFCB
:100E7000804641F2883A0EE009688903EFE7096885
:100E80008901ECE7FFF72CFFA0EB0801514502D9DF
:100E90000320BDE8F0873068616800F00C00B0EB1B
:100EA000810FEFD1D9F80010484601F00F01A94297
:100EB00007D90770006800F00F00A84201D0012098
:100EC000E7E72078400705D53068E16820F4E05076
:100ED000084330602078000706D53068216920F487
:100EE000604040EAC100306000F036F83168084ADE
:100EF000C1F30311515CC840064908600F20FFF799
:100F000013FF0020C5E70000003C02400838024003
:100F10001EC1000800000020044805490068096857
:100F2000044AC1F38221515CC84070470000002090
:100F3000083802402EC100080448054900680968C5
:100F4000044AC1F34231515CC840704700000020A0
:100F5000083802402EC10008154810B5006810F08E
:100F60000C01144813D0431004290FD008290ED1C6
:100F70000F4C241F216801F03F022168490207D568
:100F80002068C0F38810A0FB030106E0184610BDDE
:100F90002168C1F38811A1FB00010023FFF7A5F927
:100FA0002168C1F30141491C4900B0FBF1F010BDBB
:100FB000083802400024F4002DE9F84F040073D0F3
:100FC0002078BD4DC00748D0BB4808300168C1F348
:100FD0008101012908D00068C0F3810002280AD1EC
:100FE000281D0068400206D52868800335D5606852
:100FF0000028E4D031E06068B0F5803F10D0B0F553
:10100000A02F286810D020F480302860286820F4B1
:10101000802028606068A0B1FFF762FE06460CE001
:10102000286840F48030F4E740F480202860F7E737
:10103000FFF756FE801B642872D828688003F7D516
:101040000BE0FFF74DFE064604E0FFF749FE801B6C
:101050006428F1D828688003F7D42078DFF85C9200
:1010600080074FF0000A3ED593480830016811F020
:101070000C0F09D00068C0F3810002280BD18E4804
:10108000001D0068400206D42868800715D5E06876
:10109000012809D111E0E068B8B10120C9F80000C9
:1010A000FFF71EFE064605E003E1FFF719FE801B71
:1010B0000228C1D828688007F7D52868216920F060
:1010C000F80040EAC10028600DE0C9F800A0FFF771
:1010D00007FE064604E0FFF703FE801B02281FD828
:1010E00028688007F7D42078000722D5724F74490A
:1010F0006069743770B101200860FFF7F1FD0646A2
:1011000004E0FFF7EDFD801B022809D8386880074E
:10111000F7D50EE0C1F800A0FFF7E2FD064605E0B6
:1011200081E0FFF7DDFD801B02287CD8386880074E
:10113000F7D42078400769D5DFF87CB14FF000087C
:101140000BF1400BDBF80000C0000CD4DBF8001002
:1011500041F08051CBF80010DBF800004FF001089F
:1011600000F080500090574F3868C0050FD43868A1
:1011700040F480703860FFF7B3FD064604E0FFF7E7
:10118000AFFD801B02284ED83868C005F7D54A4FFE
:10119000A068703701280FD00528386810D020F0DB
:1011A00001003860386820F004003860A068B0B1F1
:1011B000FFF796FD06460EE0386840F00100F4E7C0
:1011C00040F004003860F7E7FFF78AFD811B41F229
:1011D0008830814265D838688007F5D50DE0FFF783
:1011E0007FFD064606E0FFF77BFD811B41F288305C
:1011F000814256D838688007F5D4B8F1000F05D081
:10120000DBF8001021F08051CBF80010A069C8B3C2
:10121000294908310968C1F38101022949D002280E
:10122000504607D000E03CE0C9F86000FFF758FDE9
:10123000044639E04F46C9F86000FFF751FD064605
:1012400004E0FFF74DFD801B02282AD828688001A2
:10125000F7D4D4E907010843A16A1B4A490802EB05
:101260000141626A41EA8211084394F82C1040EA75
:1012700001611148001D016001203866FFF730FD53
:10128000044605E013E0FFF72BFD001B022808D8F9
:1012900028688001F7D50AE0FFF722FD001B02282D
:1012A00002D90320BDE8F88F28688001F4D400201B
:1012B000F8E70120F6E7000000380240000047424E
:1012C000800E4742007000400000FFFFFEB504465C
:1012D00003200D4684F83400606C032820D0B5F557
:1012E000805F1DD0B5F5006F05D045B1A06B40F013
:1012F0000060A06309E0204604F0BBFA02E020464B
:1013000004F090FAA16B0143A163A06B012658B1D0
:10131000216840F2FF50886384F834600120FEBDEC
:10132000A06B40F08050E4E7211DD4E905070EC909
:10133000CDE900500297206803F0EBFD84F834609B
:101340000020FEBDF0B5426E120E93090B70C2F381
:1013500083034B7002F003028A70426E120CCA7053
:10136000B0F86420120A0A7190F864204A71826E03
:101370004FF6FF73120E03EA0212CA80826ECB8808
:10138000C2F3074243EA1213CB8002F00F020A7243
:10139000B0F86820C2F30722D3094B72C2F380135E
:1013A0008B72C2F34013CB72C2F300130B73002491
:1013B0004C73456C4FF4007601236DB1012D43D081
:1013C000026840F2FF519163816B41F0805181636B
:1013D00080F834300120F0BD9207120D0A6190F8B8
:1013E00068200D6945EA82020A61C26E0D69120E1B
:1013F00045EA92150D61C2F3C2050D7502F00702B0
:101400004A75C26EC2F3074255098D75C2F3820553
:10141000CD759207520F0A76B0F86C200D7EC2F39C
:10142000072245EAD2150D760D696D1C45650F7EC4
:10143000BF1CBD4045650F7A03FA07F787657F0A31
:101440007D43C0E917561CE090F868209206920A86
:101450000A61C26E0D69120E45EA02220A61C26E6D
:101460000D69C2F3074215430D61B0F86C200D6998
:10147000C2F307226D1C4FEA85254565C0E9166554
:101480000666C2F3801501F8195F4FEA82624FEADF
:1014900052624A7010F86C2F4D7845EAD2154D70A3
:1014A00002F07F028A7042684FEA12624FEAD21558
:1014B000CD70C2F341150D71C2F382054D714FEA33
:1014C00082724FEA12728A7142688D79C2F30742C2
:1014D00045EA92158D71C2F34015CD710C7202F080
:1014E00001024A728288C2F307224FEAD2148C7238
:1014F000C2F38014CC72C2F340140C73C2F3001414
:101500004C73C2F381048C7302F00302CA73007936
:101510004FEA500008744B744FF00000F0BD426C6D
:101520000A60826C4A60C26C8A60026DCA60426D59
:101530000A61826D4A61C26D8A61006EC8610020D5
:10154000704738B5002504460095B0F850000104F6
:10155000206803F057FE28B90021206803F0D3FC6F
:101560000090284610B1A16B0143A1630098C0F31D
:10157000432038BD70B5040004D094F83400002531
:1015800010B105E0012070BD2577204600F038F845
:10159000032084F83400204600F008F8A563256392
:1015A000012084F83400002070BD0000FEB5002545
:1015B000044676200095CDE901502B462A4629465F
:1015C000206803F0A6FC0D4E46F8A05F206803F0EB
:1015D000B2FC012535600220FFF784FA204604F0B2
:1015E000B0F820B9204604F039F8002805D084F876
:1015F0003450A16B0143A1630120FEBD0080254250
:101600001D4800B5016887B041F4006101600068C1
:1016100000F40060059018481438016841F4800116
:101620000160016801F480010591016841F0040145
:101630000160016801F004010591016841F00801B1
:1016400001600068694600F0080005904FF4F8500A
:1016500000900220019001200290032003900C20B2
:1016600004900648FFF750FA0420009069460448A9
:10167000FFF74AFA07B000BD4438024000080240B4
:10168000000C02402DE9F04F87B09B4616460D46F0
:101690000446109FFFF724FB81463DB194F83400C7
:1016A000012807D0A06B40F000500DE0A06B40F087
:1016B000006009E00020A063E26D06EB0B0191429F
:1016C00004D9A06B40F00070A06384E0032184F88B
:1016D000341021688046C862606C012800D0760210
:1016E0004FF40071206803F075FC40F2FF5A0121AD
:1016F00040B12368C3F838A0A26B0243A26384F808
:10170000341068E04FF0FF3000904FEA4B2001901A
:10171000902002900220CDE9030805918846694691
:10172000206803F0DAFBBBF1010F06D90220206329
:101730003146206803F0DAFC05E0C4F83080314619
:10174000206803F0EBFC38B32268C2F838A0A16B24
:101750000143A1633DE0406B000409D500262068E9
:1017600003F0EDFB45F82600761C082EF7D3203554
:101770002FB1FFF7B5FAA0EB0900B8420CD32168EE
:10178000C1F838A0A06B40F00040A06384F834801A
:10179000032007B0BDE8F08F2068416B40F22A3289
:1017A0001142D8D0416BC90509D5BBF1010F06D94B
:1017B000616C032903D003F055FD0028C4D12068D3
:1017C000416B090709D5C0F838A0A06B40F00800AC
:1017D00025E084F834800120DBE7416B890705D5DB
:1017E000C0F838A0A06B40F0020018E0416B8906F9
:1017F00017D5C0F838A0A06B40F020000FE003F030
:101800009EFB01C52FB1FFF76BFAA0EB0900B842B0
:1018100007D32168C1F838A0A06B40F00040A06356
:10182000D7E72068416B8902E9D42168C1F838A064
:1018300084F834800020ACE72DE9F04F87B09A4659
:1018400015460E460446DDF840B0FFF749FA06900B
:101850003EB194F83400012807D0A06B40F000504E
:101860000DE0A06B40F0006009E00020A063E26D95
:1018700005EB0A01914204D9A06B40F00070A0630F
:101880002EE0032184F8341021680020C862606CC7
:10189000012800D06D024FF40071206803F09AFB1C
:1018A00040F2FF584FF00109002860D1BAF1010F52
:1018B00006D9202020632946206803F0EDFC05E0CE
:1018C000102020632946206803F0FEFC07000BD09F
:1018D0002168C1F83880A06B38436AE084F83490FE
:1018E000012007B0BDE8F08F4FF0FF3000904FEAC5
:1018F0004A200190902002900020CDE90409039035
:101900006946206803F0E9FA1FE0406B400409D5FE
:10191000002506EB8501206803F024FB6D1C082DD3
:10192000F7D32036BBF1000F05D0FFF7D9F90699A0
:10193000411A594509D32168C1F83880A06B384352
:10194000A06384F834900320CBE72068416B40F219
:101950001A321142D9D0416BC9050FD5BAF1010F26
:101960000CD9616C032909D003F07CFC30B12268EA
:10197000C2F83880A16B0143A163AFE72068416BD7
:10198000090705D5C0F83880A06B40F0080010E0CA
:10199000416B890705D5C0F83880A06B40F0020084
:1019A00007E0416BC0F83880C90604D5A06B40F051
:1019B0001000A06392E784F83490002091E770B59E
:1019C000040004D094F85100002510B106E0012075
:1019D00070BD84F85050204600F038F8022084F89A
:1019E00051002068016821F040010160D4E9010143
:1019F0000843D4E903121143084361690843218B6A
:101A000001F400710843E1690843216A0843A16AAF
:101A1000084321680860A069042101EA1040616A56
:101A2000084321684860A06AB0F5005F02D12168D0
:101A3000E06A08612068C16921F40061C1616565DF
:101A4000012084F85100002070BD0000114800B54D
:101A5000016887B041F002010160006800F00200F7
:101A600005900C481430016841F480510160006811
:101A7000012100F480500590382000900220CDE92B
:101A8000010103900520049069460348FFF73CF8E4
:101A900007B000BD30380240000402402DE9F84F85
:101AA000044690F85000012500270A9E9846924669
:101AB0008B4601280FD0012084F85000FFF710F961
:101AC00094F8511081466268404601290CD0B2F565
:101AD000827F07D102E00220BDE8F88FA2680AB930
:101AE000042901D0022703E1BBF1000F3CD0BAF179
:101AF000000F39D0B8F1000F36D094F851100429F6
:101B000002D0052184F8511000216165C4F838A085
:101B1000A4F83E80A4F83C80C4F830B0A4F8368025
:101B2000A4F8348021646164A16A4FF400584145EF
:101B300009D121680A6822F400520A6021680A6803
:101B400042F400520A6021680A68520603D40A6807
:101B500042F040020A60E168B1F5006F616805D0AB
:101B6000F1B301284DD08DE00127C1E009B1012872
:101B700040D1206B21680088C860206B801C2063E6
:101B8000E08E401EE08635E020688168890717D521
:101B9000E18EA9B1012D13D1216B0988C160206BA1
:101BA000801C2063E08E401EE086E08E002538B960
:101BB000A06A404504D12068016841F48051016069
:101BC00020688168C9070DD0E18F59B1C068A16B49
:101BD0000880A06B801CA063E08F401EE08700E0BF
:101BE0000FE00125FFF77CF8A0EB0900B04201D31C
:101BF000701C5DD1E08E0028C6D1E08F0028C3D1D3
:101C000046E0206B216800780873206B401C20633D
:101C1000E08E401EE08635E020688168890717D590
:101C2000E18EA9B1012D13D1216B09780173206BCD
:101C3000401C2063E08E401EE086E08E002538B90F
:101C4000A06A404504D12068016841F480510160D8
:101C500020688168C9070BD0E18F49B1C068A16BCA
:101C60000870A06B401CA063E08F401EE087012538
:101C7000FFF736F8A0EB0900B04202D3701C01D088
:101C800016E0AEB1E08E0028C6D1E08F0028C3D1A7
:101C9000A06A404510D10122334611462046CDF8B6
:101CA000009003F0ABFE28B1606D40F0020060656B
:101CB00003271DE02068C06820688168C90607D531
:101CC000616D41F0020161654FF6EF71816001279E
:101CD0004A463146204603F065FE18B10127202010
:101CE000606505E0A06818B92068C1688068009048
:101CF000012084F85100002084F850003846EBE6BB
:101D000070B515460E46040003D094F8490010B192
:101D100007E0012070BD002084F84800204600F054
:101D20001BF804F108012068FEF77EFE3146A26828
:101D30002068FEF7A3FED4E901022946236BFEF7D3
:101D400053FEA168206850F8212042F0010240F8BB
:101D50002120002070BD0000284810B5016886B021
:101D600041F001010160006800F001000590234886
:101D70000838016841F008010160016801F00801BC
:101D80000591016841F010010160016801F0100146
:101D90000591016841F020010160016801F0200116
:101DA0000591016841F0400101600068694600F05A
:101DB000400005904CF23370009002200190012009
:101DC0000290032003900C2004900D48FEF79CFE27
:101DD0004FF68070009069460A48FEF795FE4FF472
:101DE0008054694608480094FEF78EFE694607480D
:101DF0000094FEF789FE06B010BD0000383802409E
:101E0000000C024000100240001402400018024082
:101E10004FF0E0210428086903D020F00400086195
:101E2000704740F00400FAE710B5401EB0F1807F23
:101E300001D3012010BD4FF0E02460610F21601735
:101E400004F012FC0020A06107202061002010BDDA
:101E500010B5040003D094F83D0010B107E0012054
:101E600010BD002084F83C00204600F00CF8022051
:101E700084F83D00211D206803F096FF012084F8BE
:101E80003D00002010BD70470168CA6842F00102A1
:101E9000CA600068816801F00701062903D0016863
:101EA00041F00101016000207047704710F8391FB0
:101EB000407808437047000070B502680446106817
:101EC000D168536910F00F0F51D003F0010501F4F0
:101ED000907635435DD0C20705D0CA0503D5E26BC5
:101EE00042F00102E263420705D5DA0703D0E26B54
:101EF00042F00202E263820705D5DA0703D0E26B03
:101F000042F00402E263020705D5DA0703D0E26B70
:101F100042F00802E263E26B002A34D0800604D566
:101F2000880602D5204603F0E3FF20684069E16B94
:101F3000C0F3801001F008010143204624D003F0D3
:101F4000C9FF2068416949061AD5416921F040015D
:101F50004161606BA0B11B490165606BFEF7B0FD8C
:101F6000002810D0606B016DBDE870400847830603
:101F70000FD58B060DD52046BDE8704003F0B8BFE5
:101F80002046FFF792FF70BDFFF78FFF0020E06350
:101F900070BD030606D50B0604D52046BDE870408B
:101FA00004F048B94006F3D54806F1D5D16820467B
:101FB00021F04001D160202184F8391000F0CAF8E6
:101FC00070BD0000C55E000870B5040004D094F830
:101FD0003900002510B106E0012070BD84F83850AA
:101FE000204600F023F8242084F839002068C168D6
:101FF00021F40051C160204603F0C6FF206801694A
:1020000021F4904101612068416921F02A01416178
:102010002068C16841F40051C160E563202084F864
:10202000390084F83A00002070BD000010B5006847
:102030001A4986B088422FD11948016841F0010140
:102040000160006800F00100059015481430016837
:1020500041F0100101600068012100F010000590BE
:102060004FF4007000900220CDE901010390072099
:102070000C4C049069462046FEF746FD2115009160
:1020800069462046FEF740FD2520FEF76EFE03223E
:1020900011462520FEF776FE06B010BD0010014067
:1020A000303802400000024090F83A30202B22D114
:1020B000F9B1F2B190F83830012B1CD081628285E1
:1020C000C2850021C163222280F83A2080F83810AE
:1020D0000168CA6842F48072CA6001684A6942F0C5
:1020E00001024A610068C16841F02001C16000201E
:1020F00070470120704702207047000030B500682B
:10210000114988420CD1114A5088010408D4114663
:10211000440409784FF0000306D50A2901D0538002
:1021200030BD40F400400DE00D2909D0C0F30D048E
:10213000074D401C80B229555080C728EFD830BDCC
:1021400040F48040508030BD001001401400002059
:102150005C0200207047FEE770B5144886B0002589
:10216000016841F001010160016801F00101059180
:10217000016841F0100101600068032400F01000C4
:10218000059002200126CDE90204CDE900656946EB
:102190000748FEF7B9FC1C2003948DE861006946EE
:1021A0000448FEF7B1FC06B070BD000030380240B4
:1021B000000002400010024070B506460A480024A4
:1021C0000188458820464D43214602F0E7FC02F095
:1021D00049FEB1B24FF0D84002E0A0F88010641C74
:1021E000AC42FAD370BD0000B40300202DE9F04FDB
:1021F0002B4B2C27194698712B2589884FF4305A80
:102200004FF4285B4FF4487441F6631E2A264FF0C2
:10221000F00845F210594FF4A07C4FF4F072C8B1A9
:10222000A3F800C0A3F80280494533D1A3F808A061
:10223000A3F80AB0280298811C805A80A1F5A64014
:10224000103802D11A80A3F802C0BDE8F04F002078
:1022500002F0D4BBA3F80080A3F802C0494507D11F
:10226000A3F808A0A3F80AB04FF42C50988104E01A
:1022700071451F8104D15D819E811A805C8001E0DF
:102280005E819D81A1F5A6401038DED1A3F800C083
:102290005A80DAE71F815E8171459D81CCD0CDE700
:1022A000B40300202DE9F041314D90460C46024622
:1022B000060AA9882846270A4089A1F5AA43103BA7
:1022C0000FD0A1F5C853633B24D002F0BEFD3046C9
:1022D00002F0AFFDD0B202F0ACFDA88902F0B5FD6E
:1022E00036E002F0B2FD304602F0A3FD6889401CE2
:1022F00080B202F0AAFDD0B202F09BFDA88902F0E4
:10230000A4FD384602F095FDA889401C80B202F079
:102310009CFD20E0A97919B92988891A491E8AB239
:1023200002F093FD160A304602F083FDD0B202F0AF
:1023300080FD304602F07DFDD0B202F07AFDA88922
:1023400002F083FD384602F074FDE0B202F071FD48
:10235000384602F06EFDE0B202F06BFD4FF0D8415E
:10236000288921F87E0FA1F80280BDE8F0810000E5
:10237000B40300202DE9F0431F468146A2EB09007B
:10238000079B401C0C4686B29DB24FF0D84810E027
:102390002146484602F002FC02F064FD002041465E
:1023A00003E0A1F88050401C80B2B042F9D3641C15
:1023B000A4B2BC42ECD9BDE8F08300002DE9F04F97
:1023C000FF4895B00024016841F0020101600068F7
:1023D0000EA900F0020013904FF400400E9001206F
:1023E0000F90109003201190F648FEF78DFBF648F1
:1023F000F6494FF02049C0E900910621C0E90214D6
:102400001021C0E9044184610902C461C0E90941A5
:102410008900C0E90B4189014463C0E90E410F20E6
:10242000CDE907043C2009900920CDE900040820EB
:102430000D94029003946A4607A90694E248FFF7B8
:102440005FFC322004F052FCD32002F0FEFC02F0CC
:10245000A3FADD4E5036B08002F09EFA31468880F5
:1024600002F09AFA4FF6FF7B31460BEA0020888093
:1024700002F092FA314645F21037898845F210553C
:102480000843314641F663188880A0F5134147F2AE
:10249000897441397CD0042002F0D7FC02F07CFA28
:1024A000B08002F079FAB08002F076FA0BEA0020F0
:1024B0005A46B08002F070FAB1880843A0F5054191
:1024C000B080523960D0A04262D0D42002F0BDFC6E
:1024D00002F062FAB08002F05FFAB08002F05CFABB
:1024E00002EA00209246B08002F056FAB188084312
:1024F000B080B8424CD055214FF4704002F0BCFC83
:10250000AA214FF2010002F0B7FC52214FF2020063
:1025100002F0B2FC08214FF2030002F0ADFC0121F1
:102520004FF2040002F0A8FC4FF4454002F08DFC8D
:1025300002F032FA0AEA0020B0804CF2015002F0B8
:1025400084FC02F029FAB1880843B080052004F029
:10255000CDFBB088B0F5004F7ED0A84218D0A120A6
:1025600002F073FC02F018FAB08002F015FA0AEAE1
:102570000020B08002F010FAB1880843A0F5AE4107
:10258000B080613902D003E0B48001E0A6F8048095
:10259000B1888FA0FDF720FFB08849F2413A50453D
:1025A0007ED1CF2002F051FC002002F042FCC1207D
:1025B00002F03FFC302002F03CFCED2002F045FC34
:1025C000642002F036FC032002F033FC122002F0FB
:1025D00030FC812002F02DFCE82002F036FC852042
:1025E00002F027FC102002F024FC7A2002F021FCEB
:1025F000CB2002F02AFC392002F01BFC2C2002F038
:1026000018FC002002F015FC342002F012FC02201D
:1026100002F00FFCF72002F018FC202002F009FC69
:10262000EA2002F012FC002002F003FC002002F07D
:1026300000FCC02002F009FC1B2002F0FAFBC120C4
:1026400002F003FC012002F0F4FBC52002F0FDFBC8
:10265000302002F0EEFB00E0CBE0302002F0E9FB9E
:10266000C72002F0F2FBB72002F0E3FB362002F0B5
:10267000ECFB482002F0DDFB3A2002F0E6FB55209F
:1026800002F0D7FBB12002F0E0FB002002F0D1FB0A
:102690001A2002F0CEFBB62002F0D7FB0A2000E0A1
:1026A000A9E002F0C6FBA22002F0C3FBF22002F078
:1026B000CCFB002002F0BDFB262002F0C6FB01206F
:1026C00002F0B7FBE02002F0C0FB0F2002F0B1FBEC
:1026D0002A2002F0AEFB282002F0ABFB082002F01B
:1026E000A8FB0E2002F0A5FB082002F0A2FB54205C
:1026F00002F09FFBA92002F09CFB432002F099FB13
:102700000A2002F096FB0F2002F093FB002002F05B
:1027100090FB002002F08DFB002002F08AFB0020DD
:1027200002F087FBE12002F090FB002002F081FB29
:10273000152002F07EFB172002F07BFB072002F041
:1027400078FB112002F075FB062002F072FB2B20B3
:1027500002F06FFB562002F06CFB3C2002F069FB9C
:10276000052002F066FB102002F063FB0F2002F050
:1027700060FB3F2002F05DFB3F2002F05AFB0F2080
:1027800002F057FB2B2002F060FB002002F051FB0F
:10279000002002F04EFB012002F04BFB3F2002F034
:1027A00048FB2A2002F051FB002002F042FB0020EF
:1027B00002F03FFB002002F03CFBEF2010E00000A5
:1027C000303802400004024064030020040100A0ED
:1027D000204C43442049443A25780D0A000000006B
:1027E00002F027FB112002F030FB782004F07EFA83
:1027F000D4E0B580CCE6A0427ED1112002F025FBCA
:10280000782004F073FA362002F01FFB002002F05B
:1028100010FB3A2002F019FB052002F00AFBB2205F
:1028200002F013FB0C2002F004FB0C2002F001FB71
:10283000002002F0FEFA332002F0FBFA332002F00F
:10284000F8FAB72002F001FB352002F0F2FABB20C3
:1028500002F0FBFA322002F0ECFAC02002F0F5FAA6
:102860000C2002F0E6FAC22002F0EFFA012002F09A
:10287000E0FAC32002F0E9FA102002F0DAFAC420EC
:1028800002F0E3FA202002F0D4FAC62002F0DDFACA
:102890000F2002F0CEFAD02002F0D7FAA42002F0E6
:1028A000C8FAA12002F0C5FAE02002F0CEFAD0204A
:1028B00002F0BFFA002002F0BCFA022002F0B9FADE
:1028C000072002F0B6FA0A2002F0B3FA282002F03C
:1028D000B0FA322002F0ADFA442002F0AAFA422007
:1028E00002F0A7FA062002F0A4FA0E2002F0A1FAE4
:1028F000122002F09EFA00E053E0142002F099FA50
:10290000172002F096FAE12002F09FFAD02002F0A0
:1029100090FA002002F08DFA022002F08AFA0720D5
:1029200002F087FA0A2002F084FA282002F081FAE5
:10293000312002F07EFA542002F07BFA472002F0A8
:1029400078FA0E2002F075FA1C2002F072FA1720B5
:1029500002F06FFA1B2002F06CFA1E2002F069FAF6
:102960002A2002F072FA002002F063FA002002F03E
:1029700060FA002002F05DFAEF2002F05AFA2B20F4
:1029800002F063FA002002F054FA002002F051FA3B
:10299000012002F04EFA3F2002F04BFA292001F00C
:1029A000FEBEB8427ED1ED2002F04FFA012002F0C7
:1029B00040FAFE2002F03DFAEE2002F046FADE2058
:1029C00002F037FA212002F034FAF12002F03DFA49
:1029D000012002F02EFADF2002F037FA102002F078
:1029E00028FAC42002F031FA8F2002F022FAC62021
:1029F00002F02BFA002002F01CFAE22002F019FA91
:102A0000E22002F016FAE22002F013FABF2002F0F0
:102A10001CFAAA2002F00DFAB02002F016FA0D20DE
:102A200002F007FA002002F004FA0D2002F001FA89
:102A3000002002F0FEF9112002F0FBF9002002F064
:102A4000F8F9192002F0F5F9002002F0F2F921203E
:102A500002F0EFF9002002F0ECF92D2002F0E9F984
:102A6000002002F0E6F93D2002F0E3F9002002F038
:102A7000E0F95D2002F0DDF9002002F0DAF95D20D6
:102A800002F0D7F9002002F0D4F9B12002F0DDF90C
:102A9000802002F0CEF9002002F0CBF98B2002F06A
:102AA000C8F900E0FDE3002002F0C3F9962002F02F
:102AB000C0F9002002F0BDF9B22002F0C6F90020F2
:102AC00002F0B7F9002002F0B4F9022002F0B1F9E7
:102AD000002002F0AEF9032002F0ABF9002002F072
:102AE000A8F9B32002F0B1F9002002F0A2F9002009
:102AF00002F09FF9002002F09CF9002002F099F901
:102B0000002002F096F9002002F093F9002002F074
:102B100090F9002002F08DF9002002F08AF90020DF
:102B200002F087F9002002F084F9002002F081F918
:102B3000002002F07EF9002002F07BF9002002F074
:102B400078F9002002F075F9002002F072F90020F7
:102B500002F06FF9002002F06CF9002002F069F930
:102B6000002002F066F9002002F063F9002002F074
:102B700060F9002002F05DF9B42002F066F98B20C4
:102B800002F057F9002002F054F9962002F051F9B2
:102B9000002002F04EF9A12002F04BF9002002F0D3
:102BA00048F9B52002F051F9022002F042F9002064
:102BB00002F03FF9032002F03CF9002002F039F95D
:102BC000042002F036F9002002F033F9B62002F0BA
:102BD0003CF9002002F02DF9002002F02AF9B7207C
:102BE00002F033F9002002F024F9002002F021F96C
:102BF0003F2002F01EF9002002F01BF95E2002F0D7
:102C000018F9002002F015F9642002F012F90020F2
:102C100002F00FF98C2002F00CF9002002F009F903
:102C2000AC2002F006F9002002F003F9DC2002F0EB
:102C300000F9002002F0FDF8702002F0FAF8002000
:102C400002F0F7F8902002F0F4F8002002F0F1F81A
:102C5000EB2002F0EEF8002002F0EBF8DC2002F0AE
:102C6000E8F8002002F0E5F8B82002F0EEF80020C5
:102C700002F0DFF8002002F0DCF8002002F0D9F8C2
:102C8000002002F0D6F8002002F0D3F8002002F075
:102C9000D0F8002002F0CDF8002002F0CAF8BA20E7
:102CA00002F0D3F8242002F0C4F8002002F0C1F8AA
:102CB000002002F0BEF8002002F0BBF8C12002F0B4
:102CC000C4F8202002F0B5F8002002F0B2F8542039
:102CD00002F0AFF8002002F0ACF8FF2002F0A9F8F3
:102CE000002002F0A6F8C22002F0AFF80A2002F09D
:102CF000A0F8002002F09DF8042002F09AF80020CD
:102D000002F097F8C32002F0A0F83C2002F091F8FE
:102D1000002002F08EF83A2002F08BF8002002F03A
:102D200088F8392002F085F8002002F082F8372078
:102D300002F07FF8002002F07CF83C2002F079F8E5
:102D4000002002F076F8362002F073F8002002F03E
:102D500070F8322002F06DF8002002F06AF82F209F
:102D600002F067F8002002F064F82C2002F061F80D
:102D7000002002F05EF8292002F05BF8002002F04B
:102D800058F8262002F055F8002002F052F82420CE
:102D900002F04FF8002002F04CF8242002F049F82D
:102DA000002002F046F8232002F043F8002002F051
:102DB00040F83C2002F03DF8002002F03AF83620BE
:102DC00002F037F8002002F034F8322002F031F837
:102DD000002002F02EF82F2002F02BF8002002F045
:102DE00028F82C2002F025F8002002F022F82920F3
:102DF00002F01FF8002002F01CF8262002F019F85B
:102E0000002002F016F8242002F013F8002002F04F
:102E100010F8242002F00DF8002002F00AF8232018
:102E200002F007F8002002F004F8C42002F00DF8C8
:102E3000622001F0FEFF002001F0FBFF052001F001
:102E4000F8FF002001F0F5FF842001F0F2FF0020E0
:102E500001F0EFFFF02001F0ECFF002001F0E9FFAE
:102E6000182001F0E6FF002001F0E3FFA42001F0AC
:102E7000E0FF002001F0DDFF182001F0DAFF002064
:102E800001F0D7FF502001F0D4FF002001F0D1FF66
:102E90000C2001F0CEFF002001F0CBFF172001F045
:102EA000C8FF002001F0C5FF952001F0C2FF0020FF
:102EB00001F0BFFFF32001F0BCFF002001F0B9FFDB
:102EC000E62001F0B6FF002001F0B3FFC52001F0BD
:102ED000BCFF322001F0ADFF002001F0AAFF44202A
:102EE00001F0A7FF002001F0A4FF652001F0A1FF81
:102EF000002001F09EFF762001F09BFF002001F0F2
:102F000098FF882001F095FF002001F092FFC62075
:102F100001F09BFF202001F08CFF002001F089FFD1
:102F2000172001F086FF002001F083FF012001F04F
:102F300080FF002001F07DFFC72001F086FF002008
:102F400001F077FF002001F074FF002001F071FF15
:102F5000002001F06EFFC82001F077FF002001F093
:102F600068FF002001F065FF002001F062FF0020F3
:102F700001F05FFFC92001F068FF002001F059FF58
:102F8000002001F056FF002001F053FF002001F067
:102F900050FF002001F04DFF002001F04AFF00200B
:102FA00001F047FF002001F044FF002001F041FF45
:102FB000002001F03EFF002001F03BFF002001F067
:102FC00038FF002001F035FF002001F032FF002023
:102FD00001F02FFF002001F02CFFE02001F035FF71
:102FE000162001F026FF002001F023FF1C2001F035
:102FF00020FF002001F01DFF212001F01AFF00201A
:1030000001F017FF362001F014FF002001F011FF3E
:10301000462001F00EFF002001F00BFF522001F0CE
:1030200008FF002001F005FF642001F002FF0020EE
:1030300001F0FFFE7A2001F0FCFE002001F0F9FE15
:103040008B2001F0F6FE002001F0F3FE992001F044
:10305000F0FE002001F0EDFEA82001F0EAFE0020C5
:1030600001F0E7FEB92001F0E4FE002001F0E1FEEE
:10307000C42001F0DEFE002001F0DBFECA2001F0DA
:10308000D8FE002001F0D5FED22001F0D2FE0020B3
:1030900001F0CFFED92001F0CCFE002001F0C9FEE6
:1030A000E02001F0C6FE002001F0C3FEF32001F095
:1030B000C0FE002001F0BDFEE12001F0C6FE16209A
:1030C00001F0B7FE002001F0B4FE1C2001F0B1FEBB
:1030D000002001F0AEFE222001F0ABFE002001F046
:1030E000A8FE362001F0A5FE002001F0A2FE45203A
:1030F00001F09FFE002001F09CFE522001F099FE9D
:10310000002001F096FE642001F093FE002001F003
:1031100090FE7A2001F08DFE002001F08AFE8B20C7
:1031200001F087FE002001F084FE992001F081FE6D
:10313000002001F07EFEA82001F07BFE002001F0BF
:1031400078FEB92001F075FE002001F072FEC42067
:1031500001F06FFE002001F06CFECA2001F069FE54
:10316000002001F066FED22001F063FE002001F095
:1031700060FED82001F05DFE002001F05AFEE02044
:1031800001F057FE002001F054FEF32001F051FE43
:10319000002001F04EFEE22001F057FE052001F074
:1031A00048FE002001F045FE0B2001F042FE002009
:1031B00001F03FFE1B2001F03CFE002001F039FE33
:1031C000342001F036FE002001F033FE442001F0EF
:1031D00030FE002001F02DFE4F2001F02AFE0020DD
:1031E00001F027FE612001F024FE002001F021FE05
:1031F000792001F01EFE002001F01BFE882001F066
:1032000018FE002001F015FE972001F012FE0020AC
:1032100001F00FFEA62001F00CFE002001F009FED7
:10322000B72001F006FE002001F003FEC22001F0ED
:1032300000FE002001F0FDFDC72001F0FAFD002096
:1032400001F0F7FDD12001F0F4FD002001F0F1FDC7
:10325000D62001F0EEFD002001F0EBFDDD2001F0B5
:10326000E8FD002001F0E5FDF32001F0E2FD002083
:1032700001F0DFFDE32001F0E8FD052001F0D9FDBC
:10328000002001F0D6FD0A2001F0D3FD002001F05E
:10329000D0FD1C2001F0CDFD002001F0CAFD33203F
:1032A00000E0FAE201F0C5FD002001F0C2FD44207B
:1032B00001F0BFFD002001F0BCFD502001F0B9FD80
:1032C000002001F0B6FD622001F0B3FD002001F006
:1032D000B0FD782001F0ADFD002001F0AAFD8820AE
:1032E00001F0A7FD002001F0A4FD972001F0A1FD51
:1032F000002001F09EFDA62001F09BFD002001F0C2
:1033000098FDB72001F095FD002001F092FDC2204C
:1033100001F08FFD002001F08CFDC72001F089FD38
:10332000002001F086FDD12001F083FD002001F096
:1033300080FDD52001F07DFD002001F07AFDDD202B
:1033400001F077FD002001F074FDF32001F071FD24
:10335000002001F06EFDE42001F077FD012001F076
:1033600068FD002001F065FD012001F062FD0020F4
:1033700001F05FFD022001F05CFD002001F059FD2D
:103380002A2001F056FD002001F053FD3C2001F001
:1033900050FD002001F04DFD4B2001F04AFD0020C2
:1033A00001F047FD5D2001F044FD002001F041FDEA
:1033B000742001F03EFD002001F03BFD842001F06F
:1033C00038FD002001F035FD932001F032FD002092
:1033D00001F02FFDA22001F02CFD002001F029FDBD
:1033E000B32001F026FD002001F023FDBE2001F0F6
:1033F00020FD002001F01DFDC42001F01AFD002079
:1034000001F017FDCD2001F014FD002001F011FDA9
:10341000D32001F00EFD002001F00BFDDD2001F0B6
:1034200008FD002001F005FDF32001F002FD002061
:1034300001F0FFFCE52001F008FD002001F0F9FC9F
:10344000002001F0F6FC002001F0F3FC002001F068
:10345000F0FC022001F0EDFC002001F0EAFC292044
:1034600001F0E7FC002001F0E4FC3C2001F0E1FC6D
:10347000002001F0DEFC4B2001F0DBFC002001F01D
:10348000D8FC5D2001F0D5FC002001F0D2FC7420B6
:1034900001F0CFFC002001F0CCFC842001F0C9FC3D
:1034A000002001F0C6FC932001F0C3FC002001F0D5
:1034B000C0FCA22001F0BDFC002001F0BAFCB3204A
:1034C00001F0B7FC002001F0B4FCBE2001F0B1FC1B
:1034D000002001F0AEFCC42001F0ABFC002001F0A4
:1034E000A8FCCD2001F0A5FC002001F0A2FCD32017
:1034F00001F09FFC002001F09CFCDC2001F099FC15
:10350000002001F096FCF32001F093FC002001F074
:1035100090FCE62001F099FC112001F08AFC0020CB
:1035200001F087FC342001F084FC002001F081FCD4
:10353000562001F07EFC002001F07BFC762001F09B
:1035400078FC002001F075FC772001F072FC00206F
:1035500001F06FFC662001F06CFC002001F069FCBA
:10356000882001F066FC002001F063FC992001F046
:1035700060FC002001F05DFCBB2001F05AFC002043
:1035800001F057FC992001F054FC002001F051FC9F
:10359000662001F04EFC002001F04BFC552001F0AC
:1035A00048FC002001F045FC552001F042FC0020C1
:1035B00001F03FFC452001F03CFC002001F039FC0B
:1035C000432001F036FC002001F033FC442001F0E0
:1035D00030FC002001F02DFCE72001F036FC322009
:1035E00001F027FC002001F024FC552001F021FC13
:1035F000002001F01EFC762001F01BFC002001F0F1
:1036000018FC662001F015FC002001F012FC672078
:1036100001F00FFC002001F00CFC672001F009FC18
:10362000002001F006FC872001F003FC002001F0DF
:1036300000FC992001F0FDFB002001F0FAFBBB200B
:1036400001F0F7FB002001F0F4FB992001F0F1FB01
:10365000002001F0EEFB772001F0EBFB002001F0F1
:10366000E8FB442001F0E5FB002001F0E2FB5620DE
:1036700001F0DFFB002001F0DCFB232001F0D9FB8F
:10368000002001F0D6FB332001F0D3FB002001F035
:10369000D0FB452001F0CDFB002001F0CAFBE82063
:1036A00001F0D3FB002001F0C4FB002001F0C1FBBE
:1036B000992001F0BEFB002001F0BBFB872001F048
:1036C000B8FB002001F0B5FB882001F0B2FB002020
:1036D00001F0AFFB772001F0ACFB002001F0A9FB6B
:1036E000662001F0A6FB002001F0A3FB882001F07A
:1036F000A0FB002001F09DFBAA2001F09AFB002016
:1037000001F097FBBB2001F094FB002001F091FB3E
:10371000992001F08EFB002001F08BFB662001F068
:1037200088FB002001F085FB552001F082FB002082
:1037300001F07FFB552001F07CFB002001F079FBBC
:10374000442001F076FB002001F073FB442001F0DF
:1037500070FB002001F06DFB552001F06AFB00209A
:1037600001F067FBE92001F070FBAA2001F061FB8A
:10377000002001F05EFB002001F05BFB002001F067
:1037800058FB002001F061FBAA2001F052FBCF2082
:1037900001F05BFB002001F04CFB002001F049FB35
:1037A000002001F046FB002001F043FB002001F067
:1037B00040FB002001F03DFB002001F03AFB00201F
:1037C00001F037FB002001F034FB002001F031FB59
:1037D000002001F02EFB002001F02BFB002001F067
:1037E00028FB002001F025FB002001F022FB002037
:1037F00001F01FFB002001F01CFBF02001F025FB75
:10380000002001F016FB502001F013FB002001F016
:1038100010FB002001F00DFB002001F00AFBF3205B
:1038200001F013FB002001F004FBF92001F00DFB77
:10383000062001F0FEFA102001F0FBFA292001F029
:10384000F8FA002001F0F5FA3A2001F0FEFA5520CE
:1038500001F0EFFA112001F0F8FA642003F046FAC3
:10386000292001F0F2FA352001F0EFFA002001F0F2
:10387000E0FA512001F0E9FAFF2001F0DAFA5320D2
:1038800001F0E3FA2C2001F0D4FA552001F0DDFA22
:10389000822001F0CEFA2C20FDE3A8427ED15521F2
:1038A0004FF4704001F0E8FAAA214FF2010001F054
:1038B000E3FA52214FF2020001F0DEFA08214FF242
:1038C000030001F0D9FA4FF204030121184601F078
:1038D000D3FA0D214FF4304001F0CEFA0D214BF216
:1038E000010001F0C9FA0D214BF2020001F0C4FA07
:1038F00034214FF4364001F0BFFA34214BF201601D
:1039000001F0BAFA34214BF2026001F0B5FA0D2150
:103910004FF4314001F0B0FA0D214BF2011001F0EB
:10392000ABFA0D214BF2021001F0A6FA34214FF44C
:10393000374001F0A1FA34214BF2017001F09CFAFA
:1039400034214BF2027001F097FA00214FF432401B
:1039500001F092FA00214BF2012001F08DFA0021D2
:103960004BF2022001F088FA24214FF4384001F094
:1039700083FA24214BF6010001F07EFA24214BF654
:10398000020001F079FA01214FF43F4001F074FA8E
:103990000F214FF4334001F06FFA00E0FEE30F21F6
:1039A0004BF2013001F068FA0F214BF2023001F0C6
:1039B00063FA34214FF4394001F05EFA34214BF6BA
:1039C000011001F059FA34214BF6021001F054FABB
:1039D00008214FF4354001F04FFA08214BF2015015
:1039E00001F04AFA08214BF2025001F045FA032196
:1039F0004FF4424001F040FA24214FF43A4001F0E4
:103A00003BFA24214BF6012001F036FA24214BF633
:103A1000022001F031FA00214FF43C4001F02CFA71
:103A200078214BF6014001F027FA00214BF60240C5
:103A300001F022FA00214FF43D4001F01DFA7821F7
:103A40004BF6015001F018FA00214BF6025001F03C
:103A500013FA00214FF43E4001F00EFA64214BF6B8
:103A6000016001F009FA00214FF4514001F004FA1D
:103A700033214DF2011001F0FFF900214DF2021047
:103A800001F0FAF934214DF2031001F0F5F90021AB
:103A90004DF2041001F0F0F93A214DF2051001F059
:103AA000EBF900214DF2061001F0E6F94A214DF242
:103AB000071001F0E1F900214DF2081001F0DCF9E6
:103AC0005C214DF2091001F0D7F900214DF20A10E6
:103AD00001F0D2F981214DF20B1001F0CDF9002156
:103AE0004DF20C1001F0C8F9A6214DF20D1001F0B5
:103AF000C3F900214DF20E1001F0BEF9E5214DF29F
:103B00000F1001F0B9F901214DF2101001F0B4F9D4
:103B100013214DF2111001F0AFF901214DF21210F5
:103B200001F0AAF954214DF2131001F0A5F9012179
:103B30004DF2141001F0A0F982214DF2151001F0A0
:103B40009BF901214DF2161001F096F9CA214DF2B0
:103B5000171001F091F902214DF2181001F08CF9C3
:103B600000214DF2191001F087F902214DF21A10CF
:103B700001F082F901214DF21B1001F07DF90221C3
:103B80004DF21C1001F078F934214DF21D1001F0B6
:103B900073F902214DF21E1001F06EF967214DF20A
:103BA0001F1001F069F902214DF2201001F064F9B3
:103BB00084214DF2211001F05FF902214DF2221013
:103BC00001F05AF9A4214DF2231001F055F9022118
:103BD0004DF2241001F050F9B7214DF2251001F0FB
:103BE0004BF902214DF2261001F046F9CF214DF29A
:103BF000271001F041F902214DF2281001F03CF9A3
:103C0000DE214DF2291001F037F902214DF22A1080
:103C100001F032F9F2214DF22B1001F02DF90221C1
:103C20004DF22C1001F028F9FE214DF22D1001F07B
:103C300023F903214DF22E1001F01EF910214DF24F
:103C40002F1001F019F903214DF2301001F014F991
:103C500033214DF2311001F00FF903214DF23210F2
:103C600001F00AF96D214DF2331001F005F9002140
:103C70004FF4524001F000F933214DF2012001F0E0
:103C8000FBF800214DF2022001F0F6F834214DF24C
:103C9000032001F0F1F800214DF2042001F0ECF8CE
:103CA0003A214DF2052001F0E7F800214DF20620FF
:103CB00001F0E2F84A214DF2072001F0DDF8002181
:103CC0004DF2082001F0D8F85C214DF2092001F0F6
:103CD000D3F800214DF20A2001F0CEF881214DF2F7
:103CE0000B2001F0C9F800214DF20C2001F0C4F8BE
:103CF000A6214DF20D2001F0BFF800214DF20E205B
:103D000001F0BAF8E5214DF20F2001F0B5F80121DC
:103D10004DF2102001F0B0F813214DF2112001F006
:103D2000ABF801214DF2122001F0A6F854214DF21A
:103D3000132001F0A1F801214DF2142001F09CF8AC
:103D400082214DF2152001F097F801214DF2162045
:103D500001F092F8CA214DF2172001F08DF80221EE
:103D60004DF2182001F088F800214DF2192001F0E1
:103D700083F802214DF21A2001F07EF801214DF264
:103D80001B2001F079F802214DF21C2001F074F89B
:103D900034214DF21D2001F06FF802214DF21E205A
:103DA00001F06AF867214DF21F2001F065F8022149
:103DB0004DF2202001F060F884214DF2212001F025
:103DC0005BF802214DF2222001F056F8A4214DF2B9
:103DD000232001F051F802214DF2242001F04CF88B
:103DE000B7214DF2252001F047F802214DF226209F
:103DF00001F042F8CF214DF2272001F03DF80221D9
:103E00004DF2282001F038F8DE214DF2292001F092
:103E100033F802214DF22A2001F02EF8F2214DF262
:103E20002B2001F029F802214DF22C2001F024F87A
:103E3000FE214DF22D2001F01FF803214DF22E201E
:103E400001F01AF810214DF22F2001F015F803218E
:103E50004DF2302001F010F833214DF2312001F005
:103E60000BF803214DF2322001F006F86D214DF2DE
:103E7000332001F001F800214FF4534000F0FCFF23
:103E800033214DF2013000F0F7FF00214DF20230F6
:103E900000F0F2FF34214DF2033000F0EDFF00217D
:103EA0004DF2043000F0E8FF3A214DF2053000F009
:103EB000E3FF00214DF2063000F0DEFF4A214DF213
:103EC000073000F0D9FF00214DF2083000F0D4FF98
:103ED0005C214DF2093000F0CFFF00214DF20A3095
:103EE00000F0CAFF81214DF20B3000F0C5FF002128
:103EF0004DF20C3000F0C0FFA6214DF20D3000F065
:103F0000BBFF00214DF20E3000F0B6FFE5214DF26F
:103F10000F3000F0B1FF01214DF2103000F0ACFF86
:103F200013214DF2113000F0A7FF01214DF21230A4
:103F300000F0A2FF54214DF2133000F09DFF01214B
:103F40004DF2143000F098FF82214DF2153000F050
:103F500093FF01214DF2163000F08EFFCA214DF281
:103F6000173000F089FF02214DF2183000F084FF75
:103F700000214DF2193000F07FFF02214DF21A307E
:103F800000F07AFF01214DF21B3000F075FF022195
:103F90004DF21C3000F070FF34214DF21D3000F066
:103FA0006BFF02214DF21E3000F066FF67214DF2DB
:103FB0001F3000F061FF02214DF2203000F05CFF65
:103FC00084214DF2213000F057FF02214DF22230C2
:103FD00000F052FFA4214DF2233000F04DFF0221EA
:103FE0004DF2243000F048FFB7214DF2253000F0AB
:103FF00043FF02214DF2263000F03EFFCF214DF26B
:10400000273000F039FF02214DF2283000F034FF54
:10401000DE214DF2293000F02FFF02214DF22A302F
:1040200000F02AFFF2214DF22B3000F025FF022193
:104030004DF22C3000F020FFFE214DF22D3000F02B
:104040001BFF03214DF22E3000F016FF10214DF220
:104050002F3000F011FF03214DF2303000F00CFF43
:1040600033214DF2313000F007FF03214DF23230A1
:1040700000F002FF6D214DF2333000F0FDFE002113
:104080004FF4544000F0F8FE33214DF2014000F0AF
:10409000F3FE002100E082E34DF2024000F0ECFE6E
:1040A00034214DF2034000F0E7FE00214DF20440C0
:1040B00000F0E2FE3A214DF2054000F0DDFE002165
:1040C0004DF2064000F0D8FE4A214DF2074000F0C4
:1040D000D3FE00214DF2084000F0CEFE5C214DF2EF
:1040E000094000F0C9FE00214DF20A4000F0C4FE74
:1040F00081214DF20B4000F0BFFE00214DF20C403B
:1041000000F0BAFEA6214DF20D4000F0B5FE0021F0
:104110004DF20E4000F0B0FEE5214DF20F4000F0F0
:10412000ABFE01214DF2104000F0A6FE13214DF22E
:10413000114000F0A1FE01214DF2124000F09CFE62
:1041400054214DF2134000F097FE01214DF214402E
:1041500000F092FE82214DF2154000F08DFE01210B
:104160004DF2164000F088FECA214DF2174000F0D3
:1041700083FE02214DF2184000F07EFE00214DF238
:10418000194000F079FE02214DF21A4000F074FE51
:1041900001214DF21B4000F06FFE00E002E302211E
:1041A0004DF21C4000F068FE34214DF21D4000F03D
:1041B00063FE02214DF21E4000F05EFE67214DF2CB
:1041C0001F4000F059FE02214DF2204000F054FE45
:1041D00084214DF2214000F04FFE02214DF2224099
:1041E00000F04AFEA4214DF2234000F045FE0221DA
:1041F0004DF2244000F040FEB7214DF2254000F082
:104200003BFE02214DF2264000F036FECF214DF25A
:10421000274000F031FE02214DF2284000F02CFE34
:10422000DE214DF2294000F027FE02214DF22A4006
:1042300000F022FEF2214DF22B4000F01DFE022183
:104240004DF22C4000F018FEFE214DF22D4000F002
:1042500013FE03214DF22E4000F00EFE10214DF210
:104260002F4000F009FE03214DF2304000F004FE23
:1042700033214DF2314000F0FFFD03214DF2324079
:1042800000F0FAFD6D214DF2334000F0F5FD002104
:104290004FF4554000F0F0FD33214DF2015000F095
:1042A000EBFD00214DF2025000F0E6FD34214DF20D
:1042B000035000F0E1FD00214DF2045000F0DCFD60
:1042C0003A214DF2055000F0D7FD00214DF2065085
:1042D00000F0D2FD4A214DF2075000F0CDFD002143
:1042E0004DF2085000F0C8FD5C214DF2095000F07D
:1042F000C3FD00214DF20A5000F0BEFD81214DF2B8
:104300000B5000F0B9FD00214DF20C5000F0B4FD4F
:10431000A6214DF20D5000F0AFFD00214DF20E50E0
:1043200000F0AAFDE5214DF20F5000F0A5FD01219E
:104330004DF2105000F0A0FD13214DF2115000F08D
:104340009BFD01214DF2125000F096FD54214DF2DB
:10435000135000F091FD01214DF2145000F08CFD3E
:1043600082214DF2155000F087FD01214DF21650CB
:1043700000F082FDCA214DF2175000F07DFD0221B0
:104380004DF2185000F078FD00214DF2195000F068
:1043900073FD02214DF21A5000F06EFD01214DF225
:1043A0001B5000F069FD02214DF21C5000F064FD2D
:1043B00034214DF21D5000F05FFD02214DF21E50E0
:1043C00000F05AFD67214DF21F5000F055FD02210B
:1043D0004DF2205000F050FD84214DF2215000F0AC
:1043E0004BFD02214DF2225000F046FDA4214DF27A
:1043F000235000F041FD02214DF2245000F03CFD1D
:10440000B7214DF2255000F037FD02214DF2265024
:1044100000F032FDCF214DF2275000F02DFD02219A
:104420004DF2285000F028FDDE214DF2295000F019
:1044300023FD02214DF22A5000F01EFDF2214DF223
:104440002B5000F019FD02214DF22C5000F014FD0C
:10445000FE214DF22D5000F00FFD03214DF22E50A4
:1044600000F00AFD10214DF22F5000F005FD032150
:104470004DF2305000F000FD33214DF2315000F08C
:10448000FBFC03214DF2325000F0F6FC6D214DF2A1
:10449000335000F0F1FC00214FF4564000F0ECFCEA
:1044A00033214DF2016000F0E7FC00214DF2026083
:1044B00000F0E2FC34214DF2036000F0DDFC00214D
:1044C0004DF2046000F0D8FC3A214DF2056000F096
:1044D000D3FC00214DF2066000F0CEFC4A214DF2E3
:1044E000076000F0C9FC00214DF2086000F0C4FC38
:1044F0005C214DF2096000F0BFFC00214DF20A6022
:1045000000F0BAFC81214DF20B6000F0B5FC0021F7
:104510004DF20C6000F0B0FCA6214DF20D6000F0F1
:10452000ABFC00214DF20E6000F0A6FCE5214DF23F
:104530000F6000F0A1FC01214DF2106000F09CFC26
:1045400013214DF2116000F097FC01214DF2126031
:1045500000F092FC54214DF2136000F08DFC01211B
:104560004DF2146000F088FC82214DF2156000F0DD
:1045700083FC01214DF2166000F07EFCCA214DF251
:10458000176000F079FC02214DF2186000F074FC15
:1045900000214DF2196000F06FFC02214DF21A600B
:1045A00000F06AFC01214DF21B6000F065FC022165
:1045B0004DF21C6000F060FC34214DF21D6000F0F3
:1045C0005BFC02214DF21E6000F056FC67214DF2AB
:1045D0001F6000F051FC02214DF2206000F04CFC05
:1045E00084214DF2216000F047FC02214DF222604F
:1045F00000F042FCA4214DF2236000F03DFC0221BA
:104600004DF2246000F038FCB7214DF2256000F037
:1046100033FC02214DF2266000F02EFCCF214DF23A
:10462000276000F029FC02214DF2286000F024FCF4
:10463000DE214DF2296000F01FFC02214DF22A60BC
:1046400000F01AFCF2214DF22B6000F015FC022163
:104650004DF22C6000F010FCFE214DF22D6000F0B8
:104660000BFC03214DF22E6000F006FC10214DF2F0
:104670002F6000F001FC03214DF2306000F0FCFBE4
:1046800033214DF2316000F0F7FB03214DF232602F
:1046900000F0F2FB6D214DF2336000F0EDFB55218F
:1046A0004FF4704000F0E8FBAA214FF2010000F047
:1046B000E3FB52214FF2020000F0DEFB08214FF233
:1046C000030000F0D9FB0021184600F0D5FBCC21F7
:1046D0004FF4314000F0D0FB00214BF2011000F00C
:1046E000CBFB05214FF4364000F0C6FB70214FF4A0
:1046F000374000F0C1FB70214BF2017000F0BCFBB1
:1047000001214FF4384000F0B7FB03214BF60100C4
:1047100000F0B2FB03214BF6020000F0ADFB0321D9
:104720004BF6030000F0A8FB02214FF43C4000F0E0
:10473000A3FB00214BF6014000F09EFB00214BF64D
:10474000024000F099FBD0214FF4494000F094FB67
:1047500002214CF6011000F08FFB50214CF60210A4
:1047600000F08AFB50214CF6031000F085FB50212D
:104770004CF6041000F080FB00214FF4545000F080
:104780007BFB55214FF4685000F076FB4FF48850C6
:1047900000F05BFB782002F0B7FA4FF4245000F0F1
:1047A00054FBB9E04045FCD1E22000F04EFB1D2057
:1047B00000F03FFB022000F03CFB042000F039FB3E
:1047C000642002F0A1FAE02000F03FFB012000F09D
:1047D00030FB0A2002F08AFAE02000F036FB0320CA
:1047E00000F027FB0C2002F081FA012000F02DFBE5
:1047F0000A2002F07BFAE62000F027FB2F2000F0D1
:1048000018FBFF2000F015FBFF2000F012FBB0208A
:1048100000F01BFB202000F00CFB002000F009FB47
:10482000032000F006FB40F21F3000F002FB0120E5
:1048300000F0FFFA40F2DF1000F0FBFA002000F079
:10484000F8FAB42000F001FB042000F0F2FA40F284
:104850001F4000F0EEFA002000F0EBFA2E2000F0EE
:10486000E8FA002000F0E5FA002000F0E2FA00206B
:1048700000F0DFFA002000F0DCFAB62000F0E5FAE4
:10488000022000F0D6FA4FF4037000F0D2FA0020B4
:1048900000F0CFFA172000F0CCFA152000F0C9FA8A
:1048A000002000F0C6FA002000F0C3FAF02000F06B
:1048B000CCFA032000F0BDFA292000F0C6FAD0207F
:1048C00000F0C3FA002000F0B4FABE2000F0BDFAF8
:1048D000052000F0AEFAFE2000F0ABFA012000F057
:1048E000A8FA002000F0A5FA002000F0A2FA0020AB
:1048F00000F09FFAB82000F0A8FA032000F099FA1F
:10490000012000F096FABA2000F09FFA012000F092
:1049100090FA642000F04AF8B088504507D0A042D1
:1049200005D0B84203D0A84201D040451DD1D9F8E6
:104930001C21494622F00F02C9F81C21D9F81C217C
:1049400022F47062C9F81C21D9F81C2142F003023C
:10495000C9F81C21A042D9F81C0102D140F44070D2
:1049600001E040F40070C1F81C010020FDF73EFC9E
:1049700004490120C1F8BC025846FDF71DFC15B0E2
:10498000BDE8F08F008040420346012000E058431C
:10499000491EC9B2FBD2704708B54FF0D840B0F8F5
:1049A0008000ADF80000BDF8000008BD10B502465B
:1049B000BE2000F04AFA052000F03BFA104607F04E
:1049C00098FA9FED0C1B53EC112B07F0A5FA07F09A
:1049D00063FA80B200F02DFA012000F02AFAFF20DD
:1049E00000F027FA002000F024FABDE81040002073
:1049F00000F01FBA666666666666044070B5664C6F
:104A000000232146A279898841F66315012A01D045
:104A10001AB11BE0A94202D118E0A94216D1082818
:104A200014D2DFE800F00406080A0C0E101206206B
:104A30000CE007200AE0042008E0052006E0012041
:104A400004E0002002E0032000E00220082812D247
:104A5000DFE800F0110406080A0C0E1080230AE0BB
:104A6000402308E0C02306E0202304E0602302E0A6
:104A7000A02300E0E02345F21056B14202D14FF4EA
:104A8000585000E03620A1F51342413A03D0A1F579
:104A9000EE42893A01D143F00803194600F0ECF9DF
:104AA000A288AA420AD098062088618802D5884246
:104AB00002D303E0884201D9218060806089B2423C
:104AC00040D100F0C2F9002000F0B3F96089401C29
:104AD00080B200F0BAF9002000F0ABF96089801CC8
:104AE00080B200F0B2F92088401EC0F30F2000F021
:104AF000A0F96089C01C80B200F0A7F92078401EA0
:104B0000C0B200F096F9A08900F09FF9002000F0F3
:104B100090F9A089401C80B200F097F9002000F0C5
:104B200088F9A089801C80B200F08FF96088401E4F
:104B3000C0F30F2000F07DF9A089C01C80B200F006
:104B400084F921E000F081F9002000F072F90020E2
:104B500000F06FF92088401EC0F30F2000F069F9C3
:104B60002078401EC0B200F064F9A08900F06DF911
:104B7000002000F05EF9002000F05BF96088401E24
:104B8000C0F30F2000F055F9A078BDE87040401E3A
:104B9000C0B200F04EB90000B4030020F0B53A4DA9
:104BA0000C460246060AA9882846270A4089A1F52C
:104BB000C853633B16D0A1F5AA43103B4BD000F07D
:104BC00044F9304600F035F9D0B200F032F9A88946
:104BD00000F03BF9384600F02CF9E0B2BDE8F040B7
:104BE00000F027B9A97929B300F02FF9304600F079
:104BF00020F9D0B200F01DF92888401EC0F30F2024
:104C000000F017F92878401EC0B200F012F9A88908
:104C100000F01BF9384600F00CF9E0B200F009F999
:104C20006888401EC0F30F2000F003F9A878401EEA
:104C3000C0B2D3E72988891A491E8AB200F005F963
:104C4000002000F0F6F8002000F0F3F8100A00F061
:104C5000F0F8D0B2D9E700F0F8F8304600F0E9F803
:104C60006889401C80B200F0F0F8D0B200F0E1F8A2
:104C7000A88900F0EAF8384600F0DBF8A889401C63
:104C800080B200F0E2F8A8E7B40300202DE9F84F65
:104C900082461F460E468B46580700D0012000EB87
:104CA000D700790810FB01F0203AC0B202F0FF09EA
:104CB0000025009047E00C2F10D0102F12D0182F95
:104CC00014D0202F42D1224901EBC9104FF0000827
:104CD000445D200610D51F48026811E009EB490029
:104CE0001D4906E01D4901EB0910EFE71C4909EBDE
:104CF000C90001EB8000E9E70A9828B91548426825
:104D000031465046FDF7CEFA6006040E1548761C73
:104D1000B6B24088B04219D9A6EB0B00B84209D10F
:104D20000AF101001FFA80FA0E485E4601885145DB
:104D30000CD906E008F1010000F0FF08B8F1080FF7
:104D4000C7D36D1CEDB200988542B4D3BDE8F88F8F
:104D5000F6D800081C00002036C10008AAC50008CB
:104D60009ACB0008B40300202DE9FF4F81B0002743
:104D7000DDF838B01D46924680463C46B9464FEABB
:104D80005B0627E0281B401EC1B20A20FFF7FCFD8E
:104D9000BAFBF0F00A21B0FBF1F201FB120027B9D7
:104DA000691E8C4201DA48B101273030C2B206FBDD
:104DB000048080B25B46CDF8009006E006FB0480DC
:104DC00080B25B462022CDF800900299FFF75EFF8B
:104DD000641CE4B2AC42D5D305B0BDE8F08F2DE938
:104DE000F84F044600F0FF0810190D46DDE90A7679
:104DF0001FFA80FA58191FFA80F94FF0000B11E0E2
:104E0000544502D3E819444685B24D450FD23B467E
:104E100029462046CDF800B0FFF738FF04EB5700D5
:104E200084B2761C3278A2F120005E28E8D9BDE871
:104E3000F88F01B5BDF80000ADF80000BDF8000026
:104E40004FF0D841A1F8800008BD01B5BDF80000C1
:104E5000ADF80000BDF800004FF0D841A1F87E0089
:104E600008BD000003484FF0D8410089A1F87E003A
:104E700070470000B40300204FF0D84222F87E0FA4
:104E800051807047114810B5016886B041F020018B
:104E9000016000680E4C00F0200005904FF4C060E7
:104EA0000090012001900290032003906946204663
:104EB000FBF72AFE012251022046FBF705FF0122E3
:104EC00091022046FBF700FF06B010BD30380240CB
:104ED00000140240FEE7704770470A6842624A6861
:104EE0008262D1E902231A43D1E904310B43C16A3A
:104EF0001A4321F0F7011143C16200207047006896
:104F000000F00300704708B50844143000900068B2
:104F100008BD70B50DF1100C11439CE870002343DF
:104F2000194329434268314347F6FF639A430A43D2
:104F30004260002070BD0321016000207047D0F85E
:104F4000800070470A688260D1E901231A43D1E9E1
:104F500003310B43C1681A436FF30B011143C16066
:104F6000002070470968C0F880100020704710B515
:104F700086B0044600913721019140210020CDE9FF
:104F800002100801049069462046FFF7DBFF41F25A
:104F900088323721204600F0AFF906B010BD00007E
:104FA00010B50B4A86B0044611432920CDE9001004
:104FB0004020029000200390500D04906946204646
:104FC000FFF7C0FF204600F04DFA06B010BD00000C
:104FD0000000108010B586B00446009110210191A8
:104FE00040210020CDE902100801049069462046C6
:104FF000FFF7A8FF41F288321021204600F07CF92B
:1050000006B010BD10B586B004460091062101918E
:1050100040210020CDE90210080104906946204695
:10502000FFF790FF41F288320621204600F064F934
:1050300006B010BD30B585B0002504460095019539
:105040004FF480600295CDE9035069462046FFF792
:1050500079FF0B484FF4FA510068B0FBF1F141F2CF
:1050600088304143491E02D24FF0004505E0606B95
:105070000006F7D540F2FF50A06305B0284630BDCA
:105080000000002070B585B004464FF4D570009044
:1050900001A908204025002681E86100C001049094
:1050A00069462046FFF74EFF0F484FF4FA5100685B
:1050B000B0FBF1F041F288314843401E02D24FF07C
:1050C00000460DE0616B11F0450FF6D0606B4007B4
:1050D00002D5A563042603E0606B400600D5A563F6
:1050E00005B0304670BD00000000002010B586B04D
:1050F000044600911221019140210020CDE90210C7
:105100000801049069462046FFF71CFF41F28832EF
:105110001221204600F0F0F806B010BD10B586B0A0
:10512000044600911121019140210020CDE9021097
:105130000801049069462046FFF704FF41F28832D7
:105140001121204600F0D8F806B010BD10B586B089
:105150000446072140200092CDE901100020039071
:105160004FF48060049069462046FFF7EBFE41F261
:1051700088320721204600F0BFF806B010BD10B5F8
:1051800086B0002102220446C020CDE90201CDE90B
:1051900000125002049069462046FFF7D3FE2046D5
:1051A00000F038F906B010BD10B586B00446009185
:1051B00009210191C0210020CDE902104FF4806047
:1051C000049069462046FFF7BDFE204600F022F914
:1051D00006B010BD10B586B0002104464020332231
:1051E000CDE90201CDE90012000104906946204694
:1051F000FFF7A8FE41F288323321204600F07CF808
:1052000006B010BD10B586B0044600910D21019185
:1052100040210020CDE90210080104906946204693
:10522000FFF790FE41F288320D21204600F064F82D
:1052300006B010BD30B585B0054600230320CDE98A
:1052400000304020CDE9020300010C46049069467D
:105250002846FFF777FE22460321284600F022F970
:1052600005B030BD10B586B00021044640200C22A8
:10527000CDE90201CDE90012000104906946204603
:10528000FFF760FE034A0C21204600F035F806B017
:1052900010BD000000E1F50510B586B00446009190
:1052A0001921019140210020CDE90210080104904C
:1052B00069462046FFF746FE41F288321921204612
:1052C00000F01AF806B010BD10B586B00446009183
:1052D0001821019140210020CDE90210080104901D
:1052E00069462046FFF72EFE41F2883218212046FB
:1052F00000F002F806B010BD444B10B51B684FF427
:10530000FA54B3FBF4F353435B1E02D24FF0004058
:1053100010BD426B12F0450FF6D0426B520703D519
:1053200004218163084610BD426BD20702D00121DF
:10533000816303E00269D2B28A4201D0012010BD2C
:1053400040F2FF5181630021FFF7DDFD3049084243
:1053500001D1002010BD002802DA4FF0007010BD0E
:10536000410001D5402010BD810001D5802010BD35
:10537000C10002D54FF4807010BD010102D54FF479
:10538000007010BD410102D54FF4806010BDC10115
:1053900002D54FF4006010BD010202D54FF48050D9
:1053A00010BD410202D54FF4005010BD810202D55C
:1053B0004FF4804010BDC10202D54FF4004010BD33
:1053C000410302D54FF4003010BD810302D54FF4E4
:1053D000802010BDC10302D54FF4002010BD010490
:1053E00002D54FF4801010BD410402D54FF40010D7
:1053F00010BD810402D54FF4800010BD000702D516
:105400004FF4000010BD4FF4803010BD00000020AC
:1054100008E0FFFD12494FF4FA520968B1FBF2F1BE
:1054200041F288325143491E02D24FF0004070478A
:10543000426B12F0450FF6D0416B490703D50421AA
:10544000816308467047416BC90703D0012181631E
:105450000846704740F2FF5181630020704700000A
:10546000000000200E494FF4FA520968B1FBF2F136
:1054700041F288325143491E02D24FF0004070473A
:10548000426B12F0450FF6D0416B490703D504215A
:1054900081630846704740F2FF51816300207047E6
:1054A000000000201F4B10B51B684FF4FA54B3FBEB
:1054B000F4F341F2883463435B1E02D24FF00040A4
:1054C00010BD446B14F0450FF6D0436B5B0703D55A
:1054D00004218163084610BD436BDB0702D0012124
:1054E000816303E00369DBB28B4201D0012010BD70
:1054F00040F2FF5181630021FFF705FD10F4604F7A
:1055000004D0410406D54FF4005010BD000C1080AB
:10551000002010BD000402D54FF4805010BD4FF4A0
:10552000803010BD000000202DE9F04F89B00F46FB
:105530000446FBF7D5FB0025064606950795A846C9
:1055400008212068FFF746FD002835D1B4F8500047
:1055500001042068FFF70BFD00282DD1401E4FF0FD
:105560000809CDE9000930204FF0020ACDE9020A0E
:105570000120CDE9048069462068FFF7AEFC206871
:10558000FFF728FE002817D10DF1180840F22A4B2A
:105590002068416B11EA0B0F11D1416B890204D5D0
:1055A000FFF7CDFC48F825006D1CFBF799FB801B2D
:1055B000401CEDD14FF0004009B0BDE8F08F416BC9
:1055C000090703D5C0F838900820F5E7416B890733
:1055D00003D5C0F838A00220EEE7416B890603D559
:1055E000202181630846E7E740F2FF518163069876
:1055F00000BA7860079800BA38600020DCE7000045
:1056000010B50448FBF79DFF042801D0012010BD10
:10561000002010BD6C1400200F4810B50D4901602A
:10562000002141608160C160016141618161FBF7DE
:10563000A1FF08B1012010BD074907488431FBF7DD
:105640006EFF4FF400610448FBF740FE0028F2D0E3
:10565000022010BD002C01406C14002010B590B049
:1056600004460120ADF838002068FFF748FC002808
:1056700064D0606C032842D02068FFF780FD0028CA
:105680005AD100212068FFF73EFC606704212068A2
:10569000FFF739FCA06708212068FFF734FCE067BA
:1056A0000C212068FFF72FFCC4F88000606C0328F1
:1056B00025D00EA92068FFF7BDFD00283CD1606C05
:1056C00003281CD0BDF83800206501042068FFF7CE
:1056D0006BFD002830D100212068FFF714FC6066C4
:1056E00004212068FFF70FFCA06608212068FFF75F
:1056F0000AFCE0660C212068FFF705FC2067042106
:105700002068FFF700FC000DE06403A92046FBF7CA
:1057100019FEB4F85000002302042068FFF716FDBC
:10572000002809D104F1100007C88DE8070094E8AB
:105730000F00FFF7EEFB002010B010BD4FF08060AF
:10574000FAE72DE9F8430025044600950068FFF7C5
:1057500071FC00281AD12068FFF794FC4FF0807884
:105760004FF6FF76D8B14FF08057A5640098411CE2
:105770000091B0421AD000212068FFF7F8FB20B951
:1057800000212068FFF70CFC10B13846BDE8F88313
:1057900000212068FFF7B7FBC00FE7D01FE001270B
:1057A000A7640098411C0091B04201D14046EDE74A
:1057B00000212068FFF7DBFB0028E7D14FF0804194
:1057C0002068FFF7EDFB0028E0D100212068FFF7FB
:1057D0009AFBC10FE5D0400001D5676400E0656425
:1057E0000020D3E7F8B5164607460C4C0D46FAF7ED
:1057F00054FD33462A46394609480094FBF742FFD8
:10580000054602E0641E00D20125FFF7F9FE0028DC
:10581000F8D1FAF744FD2846F8BD000000E1F5058F
:105820006C1400201CB5044600200090019000215B
:105830002068FFF768FB800102D54FF400601CBDB3
:1058400069462046FFF770FE0028F8D10198C00392
:105850000CD5B4F8500001042068FFF788FB00283D
:10586000EDD100212068FFF7CDFB1CBD4FF080601B
:105870001CBD1CB50446002000900190002120684A
:10588000FFF741FB800102D54FF400601CBD694663
:105890002046FFF749FE0028F8D1019840030CD5B7
:1058A000B4F8500001042068FFF761FB0028EDD137
:1058B00002212068FFF7A6FB1CBD4FF080601CBDD5
:1058C000F8B5164607460C4C0D46FAF7E6FC33468B
:1058D0002A46394609480094FBF7AEFF054602E028
:1058E000641E00D20125FFF78BFE0028F8D1FAF7DD
:1058F000D6FC2846F8BD000000E1F5056C14002038
:1059000010B5124C1048022120604FF48270606084
:105910000020A060C4E90301012161614902A16185
:105920003821C4E907106062A0620720E0622046C7
:10593000FCF745F82068016841F040010160BDE8CE
:105940001040FF2000F004B8003001401404002093
:1059500001B582B04FF47A700090012301AA02A928
:105960000248FCF79BF89DF804000EBD14040020CB
:105970000B4A10B511680B6823F040030B601168E7
:105980000B684FF6C77423400B6011680B68034324
:105990000B601068016841F04001016010BD00001B
:1059A0001404002038B504461248134D4FF47A739E
:1059B0000068B0FBF5F0584300906068B0F5827F56
:1059C0000DD10B46009200228021204600F016F8EF
:1059D00070B1606D40F020006065032038BD009814
:1059E00030B1401E009020688068C0430006F6D5A4
:1059F000002038BD0000002000366E012DE9F04186
:105A00001D4617460E460446DDF8188008E0681C5F
:105A100006D0FBF765F9A0EB0800A8420BD255B100
:105A20002068806836EA000030D00020B842EED10D
:105A30000020BDE8F0812068416821F0E00141606C
:105A40006068B0F5827F0BD1A068B0F5004F02D03E
:105A5000B0F5806F04D12068016821F04001016039
:105A6000A06AB0F5005F09D12068016821F40051F7
:105A700001602068016841F400510160012084F850
:105A80005100002084F850000320D2E70120CDE728
:105A90002DE9F0470C46DDE90867002100258C461A
:105AA00000BF60E04FF0010808FA01F504EA050CB8
:105AB000AC4557D1D0F800804FEA410A4FF00309B6
:105AC00009FA0AF928EA0908C0F80080D0F800802D
:105AD0004FEA410902FA09F948EA0908C0F80080CA
:105AE000012A01D0022A27D1D0F808804FEA410AC2
:105AF0004FF0030909FA0AF928EA0908C0F80880F2
:105B0000D0F808804FEA410906FA09F948EA09087D
:105B1000C0F80880D0F804904FF0010808FA01F8A6
:105B200029EA0809C0F80490D0F8048003FA01F9C2
:105B300048EA0908C0F80480D0F80C804FEA410A0E
:105B40004FF0030909FA0AF928EA0908C0F80C809D
:105B5000D0F80C804FEA410907FA09F948EA090828
:105B6000C0F80C80491C10299CD3BDE8F0870000C8
:105B700010B58EB000F060FD642001F0C5F83A4821
:105B80000024016841F001010160006800F001009B
:105B90000C9035480838016841F00801016001683F
:105BA00001F008010C91016841F0100101600168E9
:105BB00001F010010C91016841F0200101600168C1
:105BC00001F020010C91016841F040010160006882
:105BD000694600F040000C904FF6337000900220B0
:105BE000019001200290032003900C2004901F4894
:105BF000FAF78AFF4FF68370009069461C48FAF75F
:105C000083FF4FF23F00009069461A48FAF77CFF85
:105C100040F23F40009069461748FAF775FF174871
:105C20004FF0204105AA0160154941600421C0E9F7
:105C300002141021C0E9044184610902C461C0E971
:105C40000941C462046309024463C0E90E410620AD
:105C5000CDE9064005940894114608480B94FCF7DA
:105C60004FF80EB010BD000038380240000C024062
:105C7000001002400014024000180240C40300203B
:105C8000040100A07047000070B5214C92B00025BF
:105C9000266846F080562660246804F080541194EB
:105CA0001C4C266846F48046266024680DF1240CBE
:105CB00004F48044119401240094240401940224E7
:105CC00006948CE80D006605CDE907616846FBF790
:105CD00073F900B1FEE70CA90F2081E831004FF401
:105CE000A0500F904FF48050109005210CA8FBF7A6
:105CF0007BF800B1FEE7FAF7EDFF41F201018842BF
:105D000004D10548016841F48071016012B070BD92
:105D10004038024000700040003C0240FAF7E6BF05
:105D20001048016841F4700101600F48016841F0BA
:105D3000010101600C4A00210832116002680B4B1E
:105D40001A400260031D0A4A1A60026822F4802287
:105D5000026005480C30016002495806803908602D
:105D60007047000088ED00E000380240FFFFF6FEBB
:105D70001030002410B50A4C2068C068C043C0072A
:105D800009D10848006980472168002048622168DD
:105D90006420C862E06021686FF00100086110BDF6
:105DA000101500200C010020F0B50268254D264E8C
:105DB000264FDFF89CC0274B4FF0804EA84209D0F9
:105DC000704507D0B04205D0B84203D0604501D03D
:105DD000984203D122F070044A682243A8421BD0A3
:105DE000704519D0B04217D0B84215D0604513D0D5
:105DF000984211D0184CA0420ED0184CA0420BD0A3
:105E0000174CA04208D0174CA04205D0164CA04217
:105E100002D0164CA04203D122F44074CA68224337
:105E20004C6922F08002224302608A68C2620A68DA
:105E30008262A84201D0984201D10969016301211F
:105E40004161F0BD00000140000400400008004036
:105E5000000C0040000401400040014000440140AB
:105E60000048014000180040001C00400020004095
:105E7000F8B5064610480D460024016841F00401BB
:105E800001600068032200F00400009011461E200B
:105E9000FAF778FF1E20FAF768FF094A07481060F2
:105EA000C2E90154C2E903641046FBF7D1FFBDE823
:105EB000F8400348FBF7E8BF4038024000080040C4
:105EC0001015002010B5806B0021C185C184FBF73F
:105ED000ECFF10BD0168CA6822F49072CA600168C4
:105EE0004A6922F001024A61202180F83A10704785
:105EF00010B590F83A10222901D0022010BD816817
:105F0000B1F5805F11D00169002901681FD049688F
:105F100001F07F03816A4A1C82620B70C18D491EA9
:105F20000904090CC18518D02BE00269816A002A96
:105F30000268526805D0D2B20A80816A491C816227
:105F4000ECE7C2F308020A80816A891CF7E74A6815
:105F5000816A4B1C83620A70E0E70168CA6822F01C
:105F60002002CA600168CA6822F48072CA600168AF
:105F70004A6922F001024A61202180F83A10FCF7B8
:105F8000BDF8002010BD00002DE9F0410446006876
:105F90000169E26821F4405111430161A16820695F
:105FA000E26901436069104301432068C26849F215
:105FB0000C639A430A43C26020684169A26921F4D4
:105FC000407111434161E0696425B0F5004F974A83
:105FD000974920684FF032083FD0884201D0904264
:105FE0007CD1FAF7A9FF00EBC00101EB001061685A
:105FF0008900B0FBF1F6FAF79FFF00EBC00101EB5F
:10600000001061688900B0FBF1F0B0FBF5F06FF0B3
:106010001801484306EB800108EB0110B0FBF5F0D6
:1060200000F0F006FAF788FF00EBC00101EB00106A
:1060300061688900B0FBF1F0B0FBF5F006EB0016EB
:10604000FAF77AFF00EBC00101EB001061688900EC
:10605000B0FBF1F7FAF770FFD2E0884201D090422E
:106060003DD1FAF769FF00EBC00101EB0010616858
:106070004900B0FBF1F0B0FBF5F00601FAF75CFF68
:1060800000EBC00101EB001061684900B0FBF1F7C3
:10609000FAF752FF00EBC00101EB00106168490004
:1060A000B0FBF1F0B0FBF5F06FF01801484307EBDF
:1060B000800108EBC100B0FBF5F000F0F80006EB42
:1060C0004006FAF739FF00EBC00101EB00106168F0
:1060D0004900B0FBF1F7FAF72FFF3CE055E0FAF783
:1060E0001BFF00EBC00101EB001061684900B0FB31
:1060F000F1F0B0FBF5F00601FAF70EFF00EBC0017E
:1061000001EB001061684900B0FBF1F7FAF704FFFA
:1061100000EBC00101EB001061684900B0FBF1F039
:10612000B0FBF5F06FF01801484307EB800108EB76
:10613000C100B0FBF5F000F0F80006EB4006FAF7FE
:10614000EBFE00EBC00101EB001061684900B0FB01
:10615000F1F7FAF7E1FE00EBC00101EB0010616816
:106160004900B0FBF1F0B0FBF5F06FF018014843C7
:1061700007EB800108EBC100B0FBF5F000F0070071
:10618000216830448860BDE8F081FAF7C5FE00EB75
:10619000C00101EB001061688900B0FBF1F6FAF76D
:1061A000BBFE00EBC00101EB001061688900B0FB91
:1061B000F1F0B0FBF5F06FF01801484306EB8001F9
:1061C00008EB0110B0FBF5F000F0F006FAF7A4FEC2
:1061D00000EBC00101EB001061688900B0FBF1F039
:1061E000B0FBF5F006EB0016FAF796FE00EBC001E7
:1061F00001EB001061688900B0FBF1F7FAF78CFE43
:1062000000EBC00101EB001061688900B0FBF1F008
:10621000B0FBF5F06FF01801484307EB800108EB85
:106220000110B0FBF5F000F00F00A9E700140140E9
:106230000010014090F83910212901D00220704748
:106240008168B1F5805F016A0BD04A1C0262026866
:1062500009785160C18C491E0904090CC1840ED013
:1062600017E009880268C1F308015160016900293B
:10627000016A02D0491C0162ECE7891CFBE7016856
:10628000CA6822F08002CA600068C16841F040011B
:10629000C16000207047000010B50848FBF70CFEF5
:1062A0000648FBF703FE2028FAD1012204490348DF
:1062B000FBF7FAFE0028F8D110BD000024030020EF
:1062C00014000020FEE7000010B500F04FF900F0C8
:1062D000EDF8074C0020C4F8B802C72004F52E746E
:1062E000FFF736FB01202060BDE8104000F0DEB86B
:1062F0000080404270B5040300F038F900F0D6F891
:10630000104D0020C5F8B8022020FFF721FB0E48F1
:106310000088A0F56F41183902D1200EFFF718FB55
:10632000C4F30740FFF714FBC4F30720FFF710FB8B
:10633000E0B2FFF70DFB0120C5F8B802BDE87040E0
:1063400000F0B4B8008040422400002070B51A4824
:1063500086B00025016841F0020101600068012457
:1063600000F0020005904FF48040CDE900040320C6
:10637000CDE9024069461148FAF7C6FB104EC6F84F
:10638000B842FFF7BDFA0820FFF7F2FA00F050F824
:106390000C490880A0F56F4118390BD1032000F09B
:1063A00069F8C00706D1C6F8B852B720FFF7D0FA8F
:1063B000C6F8B84206B070BD303802400004024052
:1063C00000804042240000202DE9F041164F06468F
:1063D000002015460C46C7F8B8020320FFF7B8FAAC
:1063E00012480088A0F56F41183902D1200EFFF73E
:1063F000AFFAC4F30740FFF7ABFAC4F30720FFF787
:10640000A7FAE0B2FFF7A4FA002405E0FF20FFF7A7
:106410009FFA3055641CA4B2AC42F7D30120C7F8F0
:10642000B802BDE8F0810000008040422400002056
:1064300070B50F4D0024C5F8B842902005F52E75B3
:10644000FFF786FA0020FFF783FA0020FFF780FAB3
:106450000020FFF77DFAFF20FFF77AFA44EA0024D4
:10646000FF20FFF775FA20430121296070BD00006D
:106470000080404210B5012803D0022803D0032831
:1064800003D0052002E0352000E01520064C002155
:10649000C4F8B81204F52E74FFF75AFAFF20FFF77C
:1064A00057FA0121216010BD0080404210B5012043
:1064B000FFF7E0FFC007FAD110BD00002DE9F05F43
:1064C0008146C1F30B0615468A46DFF88C800F0B18
:1064D000C6F5805421A0F9F77FFFA54200D82C46CD
:1064E00039038B464FF480524046FFF76DFF002082
:1064F00006E0321818F80210FF2903D1401C80B2C0
:10650000A042F6D3A04220D23846FFF7F3FE002087
:1065100006E019F800208319401C08F8032080B217
:10652000A042F6D359464FF48052404600F02EF870
:10653000A5420ED0281BA144A244002685B24FF4E8
:1065400080547F1CA542CBD8C9E722465146484615
:10655000ECE7BDE8F09F00006C04002061643A2580
:10656000582C6E623A25580D0A00000010B5064CF2
:106570000020C4F8B802062004F52E74FFF7E8F9ED
:106580000120206010BD0000008040422DE9F04154
:106590000746C8B2C0F580740E461546A24200D820
:1065A00014464FF4807822463146384600F00EF803
:1065B000A54208D0281B2744264485B24446A5425C
:1065C000F1D82C46EFE7BDE8F08100002DE9F0415D
:1065D00015460C460646FFF7C9FF154F0020C7F8C1
:1065E000B8020220FFF7B4F912480088A0F56F4105
:1065F000183902D1200EFFF7ABF9C4F30740FFF7BB
:10660000A7F9C4F30720FFF7A3F9E0B2FFF7A0F959
:10661000002404E0305DFFF79BF9641CA4B2AC4297
:10662000F8D30120C7F8B802BDE8F041FFF73EBF3C
:10663000008040422400002070B50621302004F084
:10664000CDFA302004F0DAF90546062D03D00621F4
:10665000302004F0C3FA002403E005F014FC601CB1
:1066600084B2C82CF9DB70BD0907090E002804DBD1
:1066700000F1E02080F80014704700F00F0000F1F6
:10668000E02080F8141D704730380A2801D201201C
:10669000704700207047704700F00101194A1160EF
:1066A000C0F34001184AC2F88412C0F38001154AB1
:1066B00008321160C0F30011121F1160C0F34011C5
:1066C000104A3C321160C0F38011104A1160C0F3CF
:1066D000C0110C4A38321160C0F300210B4A121D60
:1066E0001160C0F34021074A34321160C0F38021A9
:1066F000044A14321160C0F3C021024A0C32116006
:1067000070470000808242420000434290024342B0
:106710002DE9F0470746C06A891E00EB1136C1F328
:10672000C80501F007014FF0010A0AFA01F0984686
:106730009146C4B23146761C384603F057FE10B17C
:106740000120BDE8F08752464FF40073791991F8A3
:10675000340010EA040C01D04FF0010CC44501D103
:106760000220EEE7604081F83400B9F10100FA70D0
:106770008146E6D0600010F0FF04E7D101246D1CD3
:106780009D42E3D3D6E7000070B504460020E070D8
:10679000401E2063204603F029FE08B1042070BD8E
:1067A00004F2322003F098F8A0F52A41553901D0BF
:1067B000032070BD04F16A0003F058F80B4DB5EBEF
:1067C000002F06D004F1860003F050F8B5EB002F3F
:1067D00001D1002070BD082205A104F1370003F0AB
:1067E000ABFA08B1022070BD012070BD00464154D3
:1067F00045584641542020200000000000E0401C85
:1068000002780AB18A42FAD1D0B2704770B5154603
:106810000168846C680A4A8940EAC350590A002317
:10682000241DF9F762FD02CC21B1884204D3401A3D
:10683000241DF8E7002070BD2168084470BD8269FE
:10684000891E921E8A4201D800207047C26A408980
:1068500001FB0020704700002DE9F05F814688466B
:1068600001F11A0003F038F888BB98F800000127FE
:1068700000F03F00401E00EB8001DFF85CA001EB60
:10688000C00400254FF6FF7B1AF8051001EB080045
:1068900003F022F806466FB1FF2C18D202F066FB17
:1068A000074639F81400641C02F060FB87420ED1E1
:1068B000374601E05E450AD16D1C0D2DE4D398F8F2
:1068C0000000400606D52FB139F8140010B10020A1
:1068D000BDE8F09F0120FBE79C0801082DE9F04787
:1068E00005685FEA0108074626D04146384602F0AF
:1068F0002FFE022841D3411C1CD0A969814219D81E
:10690000464628784FF0FF3904281CD03446A86941
:10691000641CA04202D80224022E0AD32146384623
:1069200002F016FE40B3012804D0411C02D0B4424C
:10693000EDD10020BDE8F0872E6916B1A869B042FC
:10694000DFD80126DDE701223146284602F065FB4B
:10695000040039D0601C37D001231A46214628464E
:10696000FFF7D6FE022808D0012808D0B8F1000FA2
:1069700007D0F879022806D00DE00120DAE7484672
:10698000D8E7022006E0701C844204D0B868301AB0
:10699000B8610320F8712878042802D1F879022818
:1069A00014D04E464A462146284603F03FFE40B9E1
:1069B000B8F100000AD001462246284603F036FE10
:1069C00020B101280FD001242046B3E72C61D5E97E
:1069D0000501891E884201D2401E6861287940F075
:1069E00001002871F0E73446EEE700002DE9F35F7F
:1069F0000E68009800248846D0F840B02546705DA7
:106A00006D1C202823D32F2821D05C281FD0FF2CD9
:106A100046D2A0F181017D290BD8715D6D1C01EB7F
:106A20000020A1F1400280B23F2A02D380397F29A1
:106A300036D2012102F06CFA070031D0802F12D239
:106A400001466BA0FFF7DAFE50BB0CE06D1C715DD8
:106A50002F29FBD05C29F9D07219C8F80020202812
:106A600005D204250EE02BF81470641CC7E700253E
:106A700008E00BEB440030F8020C202801D02E284F
:106A800002D1641E002CF4D100212BF814103CB16B
:106A900000980B222021806B03F063F9002703E0AC
:106AA0000620BDE8FC9F7F1C3BF817002028FAD089
:106AB0002E28F8D01FB145F0030500E0641E2CB16C
:106AC0000BEB440030F8020C2E28F7D14FF00008F1
:106AD000C1464FF0080A3BF817607F1C06B3202E12
:106AE00003D02E2E04D1A74202D045F00305F2E7D1
:106AF000D04501D2A74219D1BAF10B0F0ED0A7424F
:106B000001D045F003050BD84FEA896027464FF0C6
:106B100008084FF00B0A4FEA1069DCE745F003055F
:106B20000098806B0178E5293DD03EE0802E08D3A7
:106B3000304602F01BFA002102F0EAF9064645F061
:106B40000205FF2E0FD9AAF10100804503D345F0BD
:106B50000305D046BFE70098310A826B02F808109F
:106B600008F1010818E026B1314624A0FFF746FEDF
:106B700018B15F2645F003050EE0A6F14100192883
:106B800002D849F0020907E0A6F16100192803D8EC
:106B9000203E49F00109B6B20098816B01F8086007
:106BA00008F1010897E705210170BAF1080F03D138
:106BB0004FEA89604FEA1069C9F38100032803D0C6
:106BC0006FEA0901890701D145F00205A90709D437
:106BD00009F00301012901D145F01005012801D177
:106BE00045F008050098806BC572002059E7000049
:106BF000222A3A3C3E3F7C7F000000002B2C3B3D8C
:106C00005B5D00002DE9F05F8946064640220021C9
:106C100003F0A7F885203070C02086F82000484691
:106C200005F013F9014606F1240004F08AF8402427
:106C300000254FF001084746AA464FF0C10B06F861
:106C400004B0641C06F804A0641C27B139F8157060
:106C50000FB16D1CEDB23019394604F072F8A41C66
:106C6000E006F2D108F1010000F0FF0839F8150044
:106C70000028E4D186F8235086F80180BDE8F09F13
:106C800000F00101104A1160C0F340010F4AC2F840
:106C9000BC12C0F380010C4A383A1160C0F3C00145
:106CA000121D1160C0F30011094A1160C0F34011B8
:106CB000121D1160C0F38011121D1160C109054A37
:106CC000C2F8A81270470000B882414200804142D9
:106CD0009C0242420000424210B504460420FBF7E9
:106CE00097F80148046010BD1000002070B50546FB
:106CF00000244FF47A7603E0304600F005F8641C77
:106D0000AC42F9D370BD000070B54FF0E025002112
:106D10006C69094AAB6912685043AA699A42FCD06F
:106D200002D2A3EB020302E0A4EB020633441944AF
:106D300013468142F1D370BD100000202DE9F041CF
:106D40000F4604460021066800F005FBE8B900255F
:106D50003046216B03F04AFBB8B931780429616BE6
:106D6000097803D0E52905D021B107E041F3C0112E
:106D7000491C03D06D1CBD420AD000E00025012152
:106D8000204600F0A5F80028E2D0042800D1072012
:106D9000BDE8F0812DE9F05F04460021D0F80090B5
:106DA00000F0D9FA00284BD199F8000004280CD043
:106DB000FF254FF0FF382F46C4F83C804846216B32
:106DC00003F014FB06004CD13CE0206C05F03DF8CC
:106DD00082462DE0D9F80C00243002F07DFD5045AC
:106DE00026D1D9F80C0040254FF0000890F8236018
:106DF00016E0E80600D1AD1CD9F80C00284402F0DA
:106E00006BFD02F0B3F8216C074631F8180002F070
:106E1000ADF8874207D1761EF6B208F10108AD1C25
:106E2000002EE6D100E01EB9216C31F8180030B117
:106E30000021204600F0CEF85FEA000BCAD0584689
:106E4000BDE8F09F616B087850B1CA7AE52802F07E
:106E50003F02A27130D0130704D50F2A2CD105E0D0
:106E6000042633E00F2A01D0C5B11CE0226C32B3F6
:106E7000430605D54F7B20F04000A36A0546E36337
:106E8000A84208D1487BB84205D11046FFF7E4FC80
:106E900008B16D1E00E0FF25EDB210E0084603F0DA
:106EA0008AFFB84212D0A16BC87AC00704D10B2266
:106EB000606B02F041FF48B1FF25C4F83C8000211F
:106EC000204600F005F806003FF478AF3046B7E7FB
:106ED0002DE9F04705460468806A894600F12008DC
:106EE000286B30B12178042906D04FF400114145B8
:106EF00005D80420BDE8F0874FF08051F7E75FEA3E
:106F0000C8515ED1401C2863E96A002729B1608915
:106F1000401E10EA582F05D053E02189B1EB581FCD
:106F200021D94EE0284602F013FB064601281ED95F
:106F3000701C34D0A069B0423DD8B9F1000F12D016
:106F40002846E96AFFF7CAFC06000ED0012E0ED0D3
:106F5000701C24D0E87940F00400E871204603F06A
:106F60007BFFE0B905E02F63C3E70720C2E70220FB
:106F7000C0E74FF40072002104F1340002F0F1FE8A
:106F8000002731462046FFF75AFC4FF001092063E5
:106F90000BE084F80390204603F05EFF08B1012067
:106FA000A8E7206B401C7F1C20636089B842F0D8A2
:106FB000206BC01B206331462046EE62FFF73FFC8A
:106FC0002863C8F3080020443430C5F8288068637B
:106FD00000208FE72DE9F0470426FF258946044667
:106FE0002F46D0F800805FE0404603F0FFF906002E
:106FF0005ED1616B0878A0B198F80020042A12D005
:10700000CA7AE52802F03F02A27108D02E2806D0E5
:1070100022F02003082B1CD000234B451BD0FF255A
:1070200032E0042644E0B9F1000F02D0832841D0B9
:107030002AE0852828D1A06AE063204602F06DFC92
:10704000060035D1D8F80C00007900F03F00A0719F
:1070500030E00123E1E70F2A01D00DBB1BE042061F
:1070600005D54F7B20F04000A26A0546E263A842A6
:1070700008D1487BB84205D1206C03F09FFA08B1D3
:107080006D1E00E0FF25EDB200212046FFF720FF36
:10709000060009D00CE0084603F08DFEB84209D086
:1070A0004FF0FF30E06305E0216B00299CD10EB169
:1070B000002020633046BDE8F08700002DE9F04F46
:1070C000876B0446D0F80090D0F84080F87A95B0ED
:1070D00010F0A00F03D0062015B0BDE8F08F0025FA
:1070E00000E06D1C38F815000028FAD199F800006E
:1070F000042817D00C22394612A802F029FE9DF868
:107100005300C0076AD00020F8720126206433467D
:10711000424612A9384602F0D5F92046FFF73AFE5A
:10712000E8BB4FE00F200E35B5FBF0F5AD1C29464E
:107130002046FFF703FE0028CED169422022A06A34
:1071400002EB41110844E063E079410733D500F0D8
:107150000300E071B9F80A00D4E9043142029A1838
:1071600041F10001C4E90421204601F03FFF00285D
:10717000B2D12146684602F0B4FB0028ACD1D4E974
:107180000423D9F80C00383003F0B6FDD4E9042309
:10719000D9F80C00283003F0AFFDE07900E014E0EE
:1071A00040F00101D9F80C0080F82110684603F086
:1071B000CCFD002890D14146D9F80C00FFF722FD04
:1071C000002089E7761C642EA1D3642E10D00428F9
:1071D00082D19DF85300F872C4F840809DF85300A6
:1071E000800707D50D200C35B5FBF0F6761C02E0C4
:1071F000072071E7012631462046FFF79FFD050075
:1072000075D1761E5FEA060B58D0A16ACBF100005B
:1072100001EB4011204600F09EF8050067D1A06BFD
:1072200003F0C9FD01904846216B03F0DFF805002B
:107230005DD1206C0090666B01980BF0FF0A7073B3
:107240000F20F07200203073014606F11A0003F09F
:1072500078FDAAF1010000EB800101EBC0080027D6
:1072600001E0854204D0009830F8185008F1010878
:1072700020482946C05D304403F063FD0DB94FF648
:10728000FF757F1C0D2F4FF6FF70EAD3854203D0A8
:10729000009830F8180008B94AF0400A86F800A0B3
:1072A000012089F8030000212046FFF711FE0500A8
:1072B0001DD1ABF101005FEA000BB4D14846216B50
:1072C00003F094F8050012D120220021606B02F037
:1072D00048FDD4E90D010B2202F03AFDA06B616B71
:1072E000C07A00F018000873012089F803002846CE
:1072F000F2E600009C0801082DE9F041C16B04464C
:10730000866A0568481C02D0204600F024F8002850
:107310001AD1E5274FF001082846216B03F066F8E3
:1073200078B929780429616B10D00F7085F8038033
:10733000A16AB14208D200212046FFF7C9FD00280A
:10734000EAD0042800D10220BDE8F0810A7802F0DA
:107350007F020A70EAE72DE9F041076806460D460C
:107360003878042806D04FF40010A8423CD9E8062B
:107370003AD102E04FF08050F7E7B562B46834B913
:107380003878032807D30020BC6AF0711CB17889D3
:107390004FEA402812E03889B0EB551F24D9B86A6B
:1073A00012E0304602F0D4F80446401C1AD0022CF9
:1073B0001AD3B869A04217D9A5EB0805454521465F
:1073C000EFD23846FFF73BFAC6E90B4060B100EB5D
:1073D00055203063C5F30800384434307063002012
:1073E000BDE8F0810120FBE70220F9E710B510B1FC
:1073F000012803D104E0FEF70FF918B1012010BDF8
:10740000FEF7A4FF002010BD4FF4007318B101284F
:1074100014D00120704739B1114801290AD002293E
:1074200004D0032908D103E0002070471360FBE774
:10743000808B0CE0806910E0042070470029F3D0B5
:10744000012908D0022904D00329F5D10820108091
:10745000EAE71380E8E7034800881060E4E70000EB
:10746000F0140020300200202DE9F0411C001546E8
:107470000E4605D030B1012810D00120BDE8F081C2
:107480000420FBE71A4602E0FEF7C6F8224629462A
:107490003046FEF7A7F90028F6D10CE04FF400774C
:1074A00069023A463046FEF78FFF641E05F101057A
:1074B00006F50076F4D10020E0E7002070472DE9C2
:1074C000F0411C0015460E4605D030B1012810D001
:1074D0000120BDE8F0810420FBE71A4602E0FEF738
:1074E0009BF8224629463046FEF7EAF90028F6D1F5
:1074F0000CE04FF4007769023A463046FEF7DEFFB3
:10750000641E05F1010506F50076F4D10020E0E7E0
:107510007CB50D4600211446009101AA694600F091
:107520005AF800280AD101998A694B89921E00995C
:107530005A434B4351082960590821607CBD000023
:1075400070B5174D00244FF40D763146002003F03E
:107550001FF845F8240018B1641CE4B2022CF4D3DF
:107560004FF414763146002003F012F80C4D3146EA
:107570000C3D2860002003F00BF868604FF40071A8
:10758000002003F005F8A860022C06D1296821B17B
:10759000696811B108B1002070BD012070BD000004
:1075A0004002002038B5044601F09AFA002807D1BD
:1075B0006946204604F014FC002801D10021216016
:1075C00038BD38B50446694604F00AFC002801D1EC
:1075D0000021216038BD2DE9F7478DB014468A4659
:1075E000002269460DA801F061FD5FEA000979D12A
:1075F00000982060D0E90516B21E914202D8CAF860
:1076000000106FE001780024012904D004291AD069
:10761000D0F824803BE002250290294602A801F020
:1076200097FF411C03D0012803D028B105E00120B9
:1076300000E0022081464DE0641C00986D1C8069CA
:107640008542EAD346E00025B61EC76A00E045B988
:1076500039467F1C009802F0C9FE5FEA000939D163
:10766000009A0820511991F8341007E0CB0700D197
:10767000641C4908401EA6F1010601D0002EF5D178
:107680006D1CC5F30805002EE1D123E065B9414624
:1076900008F10108009802F0A9FE5FEA000919D17B
:1076A000009F4FF400753437009800780228384660
:1076B00004D002F0DBF8000107D007E002F00CF97B
:1076C00000B9641CAD1EBF1C02E0641C2D1F3F1DD1
:1076D000761EDBD1CAF8004000984461017941F080
:1076E0000101017110B04846BDE8F0872DE9F74768
:1076F00093B091460D46002212A913A801F0D6FCC2
:10770000060064D1F5B31298B04600904146CDF81A
:1077100008806846FFF71FFE060019D10121684660
:10772000FFF758FC060013D112980078042813D0F4
:10773000002002460D99095CA954401C521C0B2ADA
:10774000F8D34046A8541AB1521EA95C2029F9D09A
:10775000042E23D0B6B13AE0002427464FF0020AA7
:1077600013E00D990AEB4700084402F0B5F8002138
:1077700001F0CEFB80B1FF2802D9010A2955641C13
:10778000285500E00DE0641C7F1C0D984078B8423D
:10779000E7D805F80480DBE73F20F1E785F80080B3
:1077A0000026B9F1000F12D01298016A02F01EFEF5
:1077B00006000CD11299087803280ED004280AD0AC
:1077C00027200844343002F051F8C9F8000016B000
:1077D0003046BDE8F0876420F3E74320F1E72DE968
:1077E000FC4100259046074604464E1E0FE001ABC3
:1077F00001226946404600F0CDFE0198012808D1DB
:107800009DF800006D1C04F8010B0A2801D0B54258
:10781000EDDB0020207015B13846BDE8FC8100206A
:10782000FBE72DE9F04F87B017469946044602A9B9
:1078300004F0D6FA5FEA000A6FD194F82900B0F19B
:10784000000AF9D1D4F8488004F14C004FF0010B44
:107850000190B8F1000F76D0F94371EA090135D0F3
:10786000D4E90410CB1B70EB090201D20F4681460C
:10787000C4E90C7957EA09004FD07F1E49F1FF3364
:107880001D463A462046FEF7C1FF0146A063029816
:10789000FEF7D5FF00287ED002997A0A42EAC55247
:1078A0004B895B1E1A401518208EC005E4D0E26B90
:1078B000AA42E1D094F82800400638D54878012340
:1078C0000199FFF7FCFD002866D12AE058F8049BD7
:1078D000A1680226D1B10025B61C00910F462046B2
:1078E0006D1C01F035FE0146012854D9481C53D0C7
:1078F000781C8142F2D04E4504D848F8045B0098C9
:1079000048F8040B029880698842E4D8A06C4E4580
:10791000066003D80020C8F80000DEE04FF0110A2E
:10792000DBE094F8280020F0400084F8280002985A
:1079300001232A4640780199FFF796FD00282BD1B4
:10794000E563CAE0FFE7D4E90410CB1B70EB090242
:1079500005D294F82820920701D40F468146D4E935
:107960000C01CDE9040100200090C4E90C0057EAA5
:1079700009005FD0029840894FEA4028DDE9040100
:10798000084325D0781E49F1FF3142460023F8F71D
:10799000ACFC054601E078E08CE00E46DDE9040130
:1079A000401E41F1FF31424600230490F8F79DFC50
:1079B000281A8E410CD3A8F10101CA430498002172
:1079C00010403F1AC4E90C0169EB0109A16B0CE0FE
:1079D000A16849B900212046FEF780FF0146012831
:1079E00054D0481C66D0A160A16319B30026B8EB3F
:1079F0000700354676EB09000AD294F82800800784
:107A000020462AD5FEF76AFF010029D14746B14634
:107A1000D4E90C32DB1942EB0902C4E90C32F80557
:107A200008D00298FEF70BFF78B3790A41EAC951F2
:107A300008440090208EC00542D0E26B009882423C
:107A40003ED094F8280040062CD5029801230199D5
:107A50004078FFF734FD68BB1EE001F079FD014678
:107A6000481C27D0012911D90298806988420DD974
:107A7000A163D4E90C3013EB08026841C4E90C207F
:107A8000B7EB080769EB0509B1E7FFE7022084F8C7
:107A9000290007B0BDE8F08F94F8280020F04000DE
:107AA00084F828000298DDE9002140780123FFF7DF
:107AB000DBFC18B184F829B00120EAE70098E06304
:107AC000D4E90C01D4E90423121A8B4105D2E4E96C
:107AD0000401207E40F0200020765046D9E72DE9B1
:107AE000F14F9AB0022201A91AA801F0DFFA0400AE
:107AF000019804907CD14FF48C6001F02FFA5FEA7A
:107B0000000910D016A804991290CDF8509009F5EC
:107B10000070C86004A81A9901F070FC040006D037
:107B2000042C06D088E011201BB0BDE8F08F08249B
:107B300082E0002104A8FEF7D1FE5FEA0008019868
:107B40004FF00002144641894FEA4121CDE9081265
:107B500003D0B8F1010F02D002E0072400E00224B4
:107B6000B8F1FF3F01D014B104E0012402E003F0BA
:107B700073F9044601F07FFD0090D4BB41460198A3
:107B8000FEF75DFE019E074634364FF40072002179
:107B9000304602F0E6F801984FF0100A0078042809
:107BA0002AD00B222021304602F0DBF82E2535703A
:107BB00086F80BA006F11600009903F095F84246EE
:107BC0003146019803F07CF806F12000202231466E
:107BD000044602F0BDF886F821500198069A017813
:107BE000032903D1816A914200D10022214601E09C
:107BF00025E01CE003F064F801984FF0010B458983
:107C000085B10198076380F803B07F1C03F024F965
:107C100004000CD14FF400720021304602F0A1F8AC
:107C20006D1EEED104A8FFF749FA040009D0002226
:107C3000414604A802F094FD484601F093F920461D
:107C400072E701980178042914D0119C009904F17D
:107C5000160003F049F842462146019803F030F837
:107C600084F80BA0019981F803B0019803F0B0F8F3
:107C70000446E1E7C06800990C3003F035F801983C
:107C80004146C068343003F02FF801980899C06865
:107C9000383003F029F801980899C068283003F0BB
:107CA00023F801980321C26882F82110C06880F887
:107CB00004A004A803F049F8D7E700002DE9F74F26
:107CC00088B017460998012803D913200BB0BDE8E6
:107CD000F08F08A801F054FD002801DA0B20F5E729
:107CE000FD4951F820504DB100212970C0B20190DA
:107CF000FFF77CFBC10703D00320E7E70C20E5E793
:107D0000400701D50A20E1E703AA01210198FFF706
:107D10007BFB00287DD1039880287AD3099909B18B
:107D2000002100E03F218946A0EB0901781E0742AF
:107D3000039100D17FB94FF4FA60B1FBF0F200205B
:107D4000E64B00E0401C33F810409442FAD8E34A76
:107D5000163232F81070B7F5007F00D37F0A87B172
:107D6000802F00D98027B1FBF7F0012640F6F6728C
:107D7000904200D302264FF6F672904203D30326B8
:107D800021E00127EFE7032E1DD0012E25D0400072
:107D9000001D00F2FF104FEA50284FF0010A20208A
:107DA000834609EB0A000490404400EB0B04E219FF
:107DB000A2EB0900884247D802AA03210198FFF7E5
:107DC00023FBA8B90FE040F2072202EB80004FEA44
:107DD00050284FF0200A0020E2E700EB4000401C52
:107DE0004008C01CD5E7029810B1B0F5004F01D98A
:107DF000012002902118401E491E8143081B029059
:107E0000032E13D080440398A0EB0A02A2EB0802D1
:107E100000E0D8E0A2EB0B01B1FBF7F10591022ED7
:107E200009D0032E0CD0012E12D016E00499824402
:107E300008440490E7E740F6F672914204D30CE060
:107E40004FF6F670814201D20E203FE70C200AE087
:107E5000B0F5803F06D2012005E0B0F5803F01D2A9
:107E6000042000E006200690099808B1F02038E0D0
:107E700005F134004FF400720021009001F071FF11
:107E800005F5F97401206070A0700020E07006987C
:107E90002071FE206071039909EB010043F6C16176
:107EA000B0FBF1F03F2141EA90010290A171E07135
:107EB0003F2104F1080002F017FF04F10C000399C0
:107EC00002F012FF4AF6552105F2322002F039FF86
:107ED000DDE9001001230022FFF7F1FA002872D13A
:107EE000F82005F134044FF4007500902A46002173
:107EF000204601F036FF0B2279A1204601F028FF31
:107F0000294604F10B0002F01CFF67731FFA8AF187
:107F100004F10E0002F015FF01202074032E0ED094
:107F2000410204F1110002F00CFF0399B1F5803F0A
:107F300007D289B204F1130002F003FF05E000212B
:107F4000EFE704F1200002F0CFFE009860753F21BA
:107F500004F1180002F0F5FEFF2104F11A0002F00E
:107F6000F0FE494604F11C0002F0BEFE01F083FB66
:107F7000802501464FF0290A0290032E24D004F1F7
:107F8000270002F0B1FE1FFA88F104F1160002F09A
:107F9000D8FE84F8245084F826A0132253A104F1BB
:107FA0002B0001F0D5FE04F5FF704AF6552106902E
:107FB00002F0C7FE01234A4621460198FFF77FFAE7
:107FC000002800D121E085E004F1430002F08CFE9E
:107FD000414604F1240002F087FE022104F12C0046
:107FE00002F082FE012104F1300002F0AAFE062117
:107FF00004F1320002F0A5FE84F8405084F842A05B
:1080000013223FA104F14700CBE7032E06D1012341
:1080100009F1060221460198FFF751FA049D4FF03D
:10802000000A4FF400720021204601F09AFE0098E9
:108030000290032E13D0012E0FD06FF0FF010143E9
:108040002046029102F050FE2A466D1C0123214673
:108050000198FFF734FAE8BB11E02E49EFE760F032
:10806000FF012046029102F03FFE4FF0FF31201D3C
:1080700002F03AFE6FF0704104F10800E2E74FF4BD
:1080800000720021204601F06CFE012009E02A4622
:108090006D1C012321460198FFF711FAD0B902980F
:1080A000401C02904045F2D30AF101005FEA000A49
:1080B000B7D0032E00D05F462A466D1C012321460F
:1080C0000198FFF7FCF928B97F1EF5D1032E4BD19B
:1080D000114923E050E0000028020020BA080108FE
:1080E000EBFE904D53444F53352E30004E4F204EF3
:1080F000414D4520202020464154202020202000B2
:108100004E4F204E414D45202020204641543332D1
:108110002020200000FFFF0052526141204602F063
:10812000E3FD164904F5F27002F0DEFD059904F551
:10813000F470491E02F0D8FD022104F5F67002F039
:10814000D3FD4AF65521069802F0FBFD012309F103
:10815000010221460198FFF7B2F9012309F1070254
:1081600021460198FFF7ABF9002211460198FFF76D
:108170004BF900283FF4B3AD0120A7E572724161CD
:1081800017B581B0144602980090684601F0F8FADD
:10819000002802DA0B2004B010BD0B4B002253F86C
:1081A000201001B10A700199002900D00A7043F82B
:1081B000201001D0012C01D00020ECE7002201A901
:1081C00002A800F073FFE6E7280200202DE9F74F30
:1081D00098B004000DD04FF0000802F01F063246A0
:1081E00001A919A8C4F8008000F060FF050004D0C0
:1081F00004E109201BB0BDE8F08F019802904FF414
:108200008C6000F0ABFE07000DD014A8029910900E
:10821000129707F50070C86002A8199901F0EEF8EE
:10822000050002D006E01120E4E71098C07A0006AD
:1082300000D5062516F01C0F7ED04DB1042D03D1BC
:1082400002A8FEF73BFF054646F008064DB1D2E016
:108250009DF80E0010F0110F6FD1700701D50825A1
:10826000C9E030076AD501F006FA814601984FF05F
:10827000200A4FF0010B017804292AD00F984946B3
:108280000E3002F031FD0F984946163002F02CFDF9
:108290000F9981F80BA00F99019801F0D4FA81464B
:1082A00000220F99019802F00BFD0F9800211C305D
:1082B00002F01AFD0198B9F1000180F803B077D0FF
:1082C000D0F830A0002202A802F04AFA050054D0EB
:1082D00091E02060C068343001F0C8FAA0600198D5
:1082E000C068383001F0CDFAC4E904010198C168D2
:1082F00091F8211001F00201E171C068494608308F
:1083000002F0F2FC01984546C16881F81480C0680B
:1083100049460C3002F0E8FC0198C1684D75C2680E
:10832000002182F804A0C068343002F0DDFC01981E
:1083300000221346C06802E02AE035E03AE0383017
:1083400002F0DAFC019800221346C068283002F0DF
:10835000D3FC019902A8C96881F821B002F0F5FCAC
:10836000050048D1A168D1B10022204602F0F8F9F9
:108370000546A0680199401E07E05146019802F0A9
:1083800035F805460199A9F10100086175B132E09F
:108390008DBB9DF80E00C10602D504252BE007E039
:1083A000B10703D5C00701D0072524E0300701D568
:1083B00046F020060198016B21640F9961640178F1
:1083C00004291DD00F9901F03EFAA0600F981C30CF
:1083D00001F04CFAC4E90408C4F8488084F8298004
:1083E0000021C4F83C80C4E90C1184F8286001988D
:1083F0002060C088A080384600F0B4FD2846F9E629
:10840000C068343001F032FAA0600198C06838309A
:1084100001F037FAC4E904010198C06890F821001E
:1084200000F00200E0710498E06106989DF80F10DA
:1084300020F0FF000843206211986062CCE773B51A
:1084400084B0040007D00022694605A800F02EFE83
:10845000050003D055E0092006B070BD00994FF427
:108460008C60216000F07AFD06000DD001A9266421
:10847000A163216806F50070C8602046059900F0E8
:10848000BDFF050002D036E01120E5E7A06BC07A01
:10849000000628D4A079C00637D5009801780429B1
:1084A00004D0616B01F0CFF9A0601CE0A268E2612A
:1084B0002169E27921F0FF0111432162E26B6262DE
:1084C000C068343001F0D2F9A0600098C06838303C
:1084D00001F0D7F9C4E904010098C06890F82100C0
:1084E00000F00201E1710098C188A18020460021BE
:1084F000FEF731FF0546304600F034FD042D06D06E
:108500000DB1002020602846A6E70525F3E70525E4
:10851000F7E700B595B0029100210391049101465F
:1085200002A802F0FEF8039800280DDB024601AB1A
:1085300005A9029800F002FC30B90199039888421D
:1085400002D1049815B000BD4FF0FF30FAE710B526
:1085500096B004460020CDE90210049003E002A882
:10856000641C02F0DEF821780029F8D10398002875
:108570000DDB024601AB05A9029800F0DFFB30B924
:1085800001990398884202D1049816B010BD4FF0AB
:10859000FF30FAE72DE9FC5F894600259A4616462A
:1085A000044669461D6003F01BFC00281AD194F8AC
:1085B0002900002816D194F82800C00711D0D4E96A
:1085C0000C02D4E90431181A04F14C0361EB0201E6
:1085D0000193831B4FF0010B71F1000100D206469D
:1085E0008EE00720BDE8FC9F208EC0056CD1D4E949
:1085F0000C230098550A45EAC3554089401E0540A2
:1086000013D152EA030005D0A06C28B12046FEF732
:10861000FDF805E0A06803E02046A16B00F098FF9C
:10862000022819D3411C49D0A063A16B0098FEF722
:1086300006F988B100EB0508770A23D00098EA19FB
:1086400041898A4200D94F1B40783B464246494601
:10865000FEF70AFF90BB03E0022084F82900C1E77F
:1086600094F8280040060BD5E16BA1EB0800B84256
:1086700006D209EB40204FF40072019901F068FB2B
:108680007D022FE0E26B42451CD094F828004006A2
:108690000CD50098012301994078FEF710FF68B9C6
:1086A00094F8280020F0400084F828000098012366
:1086B000424640780199FEF7D7FE18B184F829B0F8
:1086C00001208FE7C4F83C80208EC0F30800C0F57D
:1086D0000075B54200D9354601192A4648464C3145
:1086E00001F036FBD4E90C20521940F10000C4E936
:1086F0000C20DAF80000A9444119761BCAF80010D2
:10870000002E7FF471AF00206CE72DE9FF410F468A
:10871000064603A903F064FB04002FD1AFB14FF468
:108720008C6000F01BFC050015D0C6F838D035640D
:10873000316805F50070C86000213046FEF74AFC3C
:10874000044604280BD054B115E000213046FEF752
:1087500002FE044612E0112004B0BDE8F081394663
:10876000304600F08AFF00213046FEF7B1FB044698
:10877000042800D10024284600F0F4FB2046EBE753
:10878000F3B5B9B03AA800F0FBFF0222694639A858
:1087900000F08CFC040072D1009814904FF48C60AF
:1087A00000F0DCFB05000DD036A81499229024952A
:1087B00005F50070C86014A8399900F01FFE040088
:1087C00003D09FE011203BB0F0BD2298C07A10F09A
:1087D000A00F01D0062495E000980178042913D059
:1087E0002199152226A80B3101F0B2FA482214A9CA
:1087F00002A801F0ADFA02A83A9900F0FFFD0400CA
:1088000015D0042C3CD038E0C168402226A801F0E5
:108810009FFA482214A902A801F09AFA02A83A99EC
:1088200000F0ECFD040002D0042C02D025E0082466
:1088300068E002A8FEF742FC040063D10098C0681B
:10884000467890F82340243001F046F80746009817
:10885000402226A9C06801F07BFA0098C0684670E3
:108860000098C16881F82340C0683946243002F07E
:1088700068FA02A802F069FA04467CB342E044E0D8
:1088800002A8FEF71BFC04003CD10F9C13220DF143
:108890009A0104F10D0001F05BFA9DF898000126A1
:1088A00040F02000E0720098C670E17AC90620D539
:1088B000049A169991421CD0214600F0C4FF01464B
:1088C0000098FDF7BCFF010009D0009801F08EFD73
:1088D0000400009800F1540103D013E009E00224E1
:1088E00010E04A782E2A04D1049A02F0E9F900989F
:1088F000C67014A8FEF700FD040003D1009802F032
:1089000067FA0446284600F02DFB20465BE700008E
:108910002DE9F1439AB0022218A91AA800F0C6FB6B
:10892000002875D1189A002400921A9800E0641C5F
:10893000015D2029FBD211784FF000090DF14808A4
:10894000042930D100252E4628E01A99485D6D1C77
:10895000A0F181027D2A0ED8A5420BD2495DA1F17A
:1089600040023E2A02D9403A7E2A03D841EA00203A
:108970006D1C00E00020012100F0CAFA07007DD044
:1089800001465648FDF73AFF002877D1162E75D0DC
:1089900008EB0600394602F0D4F9B61CA542D4D340
:1089A000344650E0641EA4B3011911F8011C2029BB
:1089B000F8D000258DF848902E461A99885D761CCF
:1089C000A0F181027D2A10D80A2D0DD2A6420BD229
:1089D000895DA1F140023E2A02D9403A7E2A03D89D
:1089E00041EA0020761C00E00020012100F090FA0E
:1089F00000F0BCFA002100F08BFA07004BD00146D2
:108A00003648FDF7FBFEC8BBFF2F03D90A2002E062
:108A100042E018E00B20A8423DD9FF2F03D9390AC4
:108A200008F805106D1C404608F805706D1CA6423C
:108A3000C3D320210B2D02D241556D1CFAE79DF8BE
:108A40004800E52827D000216846CDF80890FEF7B9
:108A500082FC002820D101216846FEF7BBFA0125DF
:108A6000E8B1042818D10020002C15D00121684657
:108A7000FEF764F900280FD1202200E00BE000216E
:108A80000D9801F06EF918980078042822D00D99FD
:108A90000820C87208E006201BB0BDE8F0831898D3
:108AA0000078042804D06CB10B2212A90D9806E0BE
:108AB0000D996008224648700D9812A9801C01F09B
:108AC00047F902E00D99E52008701898C57002F08A
:108AD0007FF9E1E70D9983200870E9E7A90801080B
:108AE000F0B593B0044612A903F07AF9050023D13A
:108AF00094F8280081061FD5400611D51298E26B24
:108B00000123407804F14C01FEF7D9FC10B101209B
:108B100013B0F0BD94F8280020F0400084F828003D
:108B200000F0A9FD064612980178042905D0216CB1
:108B300001F05CFC050055D079E0204600F056FAC3
:108B4000050074D14FF4187000F008FA070008D03F
:108B500012982146C760684600F0C3FE050002D0A7
:108B60003CE01120D4E71298C1680A7942F0200253
:108B70000A71E179C26841F0010182F82110C068F0
:108B8000A168343002F0B0F8D4E904231298C06828
:108B9000383002F0B1F8D4E904231298C0682830C4
:108BA00002F0AAF812983146C0680C3002F09CF826
:108BB00012980021C2685175C068103002F094F814
:108BC000684602F0C2F8050008D1129802F000F9D8
:108BD000054614F8280F20F020002070384600F0D9
:108BE000C1F924E0656C2946E87A40F02000E8727B
:108BF000A268206802F064F805F11C00216902F007
:108C000073F8314605F1160002F06EF8002105F107
:108C1000120002F096F812980121C17002F0D8F803
:108C2000054694F8280020F0200084F82800284603
:108C30006EE771B5B3B002222EA933A800F036FA60
:108C400004002E98009077D14FF48C6000F086F9E4
:108C500005000DD02FA800990E90109505F5007015
:108C6000C8606846339900F0C9FB040003D060E097
:108C7000112034B070BD0E98C07A000601D50624CC
:108C800057E09DF80600C00701D0072451E02E9858
:108C90002490017804290ED00D9900F0D4FD0646E9
:108CA0009DF80600C00633D52E98149612900078D1
:108CB000042816D01DE0C068343000F0D7FD064609
:108CC00026902E98C068383000F0DBFDCDE92801F1
:108CD0002E98C06890F8210000F002008DF89700EF
:108CE000DEE7DDE92801CDE916019DF897008DF852
:108CF0004F00002112A8FEF72EFB040019D100211D
:108D000012A8FEF767F90400BFD0042C00D084B984
:108D10006846FEF7F1FA04000BD136B10022314665
:108D200024A801F01DFD040003D12E9802F050F894
:108D30000446284600F016F920469AE72DE9FC5F24
:108D400089464FF0000B9A46164604466946C3F81A
:108D500000B003F045F8002808D194F82900002855
:108D600004D194F82800800702D40720BDE8FC9FB6
:108D70000098017804F14C000190042907D1D4E94E
:108D80000C108A1940EB0B03511A834102D3206B5C
:108D9000811901D3206BC643B0E0208EC0057FD17E
:108DA000D4E90C230098550A45EAC3554089401E72
:108DB00005401AD152EA030005D0A06C38B1204614
:108DC000FDF724FD07E0A06838B9002100E0A16BA1
:108DD0002046FDF783FD00287DD001282ED0411CC0
:108DE00057D0A063A16801B9A06094F8280040069C
:108DF0000DD50098E26B012340780199FEF75FFBE7
:108E0000A0BB94F8280020F0400084F82800A16B53
:108E10000098FDF714FD88B100EB0508770A26D00D
:108E20000099EA194889824200D9471B48783B4695
:108E300042464946FEF743FBC0B903E0022084F8EE
:108E4000290093E7E16BA1EB0800B8420CD209EBD3
:108E500040214FF40072019800F07AFF94F8280046
:108E600020F0400084F828007D022DE011E0E16B45
:108E7000414513D0D4E90413D4E90C20511A984188
:108E80000CD200980123424640780199FEF7ECFA93
:108E900020B1012084F8290068E701E0C4F83C8093
:108EA000208EC0F30800C0F50075B54200D93546E4
:108EB00020442A4649464C3000F04AFF94F82800E6
:108EC00040F0400084F82800D4E90C134A19A94462
:108ED00043EB0B0300E014E0C4E90C23D4E90410D5
:108EE0008F1A70EB030701D211461846C4E904102B
:108EF000DAF800004119761BCAF80010002E7FF442
:108F00004CAF14F8280F40F02000207000202DE70F
:108F100070B580281BD345F2205409B10D4D00E0F7
:108F20000D4D00231022E11A01EBD17103EB610119
:108F300035F82160864206D001D20B4600E00C468F
:108F4000521EF0D104E01AB105EB8100408870BDDB
:108F5000002070BD6A5D0208E60801080146002095
:108F600001F016BB0146002001F006BB30B5B0F59C
:108F7000805F01D21B4900E01B4931F8022B002A17
:108F800015D0904213D331F8023B1C0ADDB252FADD
:108F900083F3834221D9092C09D2DFE804F00509C3
:108FA0000E11131517191B00801A31F8100030BD6F
:108FB000811A01F00101401A00E0103880B230BD82
:108FC0002038FBE73038F9E71A38F7E70830F5E7DB
:108FD0005038F3E7A0F5E350F0E7002CCDD101EBDA
:108FE0004501CAE7EEB10308E0B3030870B50646D1
:108FF000C07903280FD1B569B46808E0621C214626
:10900000306801F013FB002806D1641C6D1E002D92
:10901000F4D10020F071002070BD2DE9F047064624
:1090200080698F1E801E9246B84200D800273C46B9
:10903000B8460025F06A00EB1431304601F0D6F94D
:1090400018B14FF0FF30BDE8F08704F007020120AF
:109050009040B269C4F3C801C0B24FF480534FF4DA
:109060000079921E06EB010C641C9CF834C00CEADB
:10907000000C4006000E944202D3002420461946FC
:10908000BCF1000F05D0A0460025BC4207D100204E
:10909000D9E76D1C5545F8D108F10200D3E7002847
:1090A000E0D10120491C4945DCD3C3E72DE9FF5F2E
:1090B000002790460E460F6000F062FB050003D5C6
:1090C0000B2004B0BDE8F09FC94850F825409CB182
:1090D0003460207828F0010620B16078FEF7EDF9C1
:1090E000C1070BD02770E8B2B8466070FEF77EF972
:1090F000C10708D00320E4E70C20E2E70EB14007E7
:1091000004D40020DDE71EB1400701D50A20D8E7CE
:10911000002529462046FDF737FB022820D16E4660
:1091200004EB051090F8F61100F5F97019B108304C
:1091300000F09CFB00E0002046F825006D1C042D8B
:10914000EED3002756F8275025B129462046FDF7D3
:109150001BFB00E00320022802D37F1C042FF1D365
:10916000042879D0022879D24FF0FF3A4FF40076E4
:1091700001280CD004F13F0000F0AEFBB0426DD1ED
:1091800004F14A0000F0A8FB002868D083E00B201F
:1091900002E0401C402806D2211891F83410002922
:1091A000F7D040285AD304F19C0000F095FBB0F5AD
:1091B000807F53D194F8A000012707FA00F0B3464E
:1091C00058454BD104F17C0000F05BFBC14610EB2D
:1091D000050841EB0906012E40D204F1880000F099
:1091E00045FBE06194F8A200A070012836D194F804
:1091F000A10087403804000C60812FD004F190005A
:1092000000F034FB0746801CA061B0F1004F25D26E
:1092100004F18C00256200F029FB2844E06204F18F
:10922000840000F023FB284460626189E06A07FB48
:109230000101B8EB010176EB09060FD304F19400AC
:1092400000F014FB0146A0622046FDF7F8FA014643
:10925000204601F0CBF818B1012032E766E016E0B5
:1092600000255E46601990F83410812904D14830F9
:1092700000F0FCFA022802D02035B542F2D3B54204
:1092800063D0C4F814A00426C4F810A0A7E004F129
:10929000580000F0EBFAE06194F84470A770012FD9
:1092A00001D0022F51D1474394F841006081E8B3C7
:1092B000411E084249D104F1450000F00DFB208118
:1092C000000742D104F1470000F006FB060004D17C
:1092D00004F1540000F0CAFA064604F1420000F01E
:1092E000FBFA010031D02389C81900EB1312964212
:1092F0002BD3B01A6689B0FBF6F0B8B1012640F660
:10930000F67C604500D302264FF6F67C604500D31C
:109310000326801C2A44E2622944A061C4E9085162
:10932000032E14D013B13944A16200E00DE0022EE7
:109330001ED000F0010100EB400001EB5000E1699C
:1093400000F2FF10B1EB502F14D20D20B9E604F15A
:109350005E0000F0C1FA0028F7D120890028F4D17E
:1093600004F1600000F082FAA062A0698000E6E7E4
:109370004000E4E7C4F814A08020C4F810A02071D5
:10938000032E2CD104F1640000F0A6FA012826D1A6
:10939000691C204601F02AF808BB84F8048004F216
:1093A000322000F099FAA0F52A41553917D104F17D
:1093B000340000F05BFA0F49884210D104F50670C2
:1093C00000F054FA0C49884209D104F5077000F006
:1093D0004DFA606104F5087000F048FA2061044914
:1093E0002670091F0888401C0880E08089E600007C
:1093F00028020020525261417272416173B50446E5
:109400000568019801E0401C019001782F29FAD0ED
:109410005C29F8D00021A16001980078202807D2AB
:10942000A16B8020C87200212046FDF794FF7CBD0F
:1094300001A92046FDF7DAFA0028F8D12046FDF709
:10944000A9FCA16BC97A28B10428F0D14907EED450
:1094500005207CBD4907FCD4A079C006F8D5287842
:10946000042809D0208DC0F3080041192846343162
:1094700000F0E9F9A060DBE7A168E1612069E1792A
:1094800020F0FF0008432062E16B6162E86834303D
:1094900000F0ECF9A060E86890F8210000F002010B
:1094A000E171E868383000F0ECF9C4E90401BFE785
:1094B00003490A685206FCD5C2B24A6070470000F0
:1094C000001001407CB516461C4605460B2200F0F4
:1094D0003FFC052C11D91D4A0CE00021B61C234687
:1094E000044663F35F044008E30300D55440491C7D
:1094F0001029F4D330880028EFD107226B4604F0FE
:109500000F003030392800D9C01D9854521E24094C
:10951000F5D17E2000219854541E06E081387D2824
:1095200002D8A14206D0491C491C914202D2685C73
:109530002028F3D1082A02D2985C521C00E0202097
:109540006854491C0829F5D37CBD00002110010096
:109550002DE9F04104680D46022972D3A169A942A0
:109560006FD921784FF0FF36012909D002292CD07C
:10957000F20D02EA8507032936D0042977D141E0AC
:10958000606A05EB550700EB5721204600F02EFFDF
:1095900000286DD1C7F3080020447F1C90F8348068
:1095A000606A00EB5721204600F020FF48BBC7F35C
:1095B0000800204490F8341048EA0120E90701D05F
:1095C000060955E0C0F30B0652E0606A00EB152176
:1095D000204600F00BFFA0B9E8B204EB40003430A5
:1095E00000F07AF9064643E0606A00EBD5112046A8
:1095F00000F0FCFE28B93819343000F037F920F0BB
:10960000704635E0D0E9041351EA03022FD0826896
:10961000AA1A491E43F1FF33490A41EAC35163893B
:10962000B1FBF3F3C17902290CD0032913D002292D
:109630001DD0606A00EBD511204600F0D7FEB8B906
:109640000EE014E09A4212D802D16FF000460FE00B
:1096500005F101060CE080699042EAD96E1C07E032
:109660003819343000F002F920F0004600E00126FD
:109670003046BDE8F081002070472DE9F0474FF0FB
:109680000009064681F81A90006B0C46002875D038
:1096900030680178042905D0F06B401C20D00025EB
:1096A000376C16E0C0682146BDE8F04700F086B888
:1096B0000021FFF72DFC38B1FF2803D9010A6219F8
:1096C0006D1C9176FF2D01D3002506E061196D1CFC
:1096D000887637F8020B0028EAD1611981F81A90D0
:1096E0000021A37E0A464FF02E0C706B805C521C4A
:1096F000202822D0052800D1E520092A07D113B956
:10970000651885F81AC06518491C85F80DC06518DC
:1097100068738BB9A0F14107192F0CD8776B092A10
:1097200097F80C8001D3102700E0082718EA070FEC
:1097300001D02030C0B2A876491C0B2AD5D333B94A
:10974000621882F81A90706B007B00B900216018D3
:109750004D4680F80D90706BC07A2073706B1C3092
:1097600000F084F8C4E90005706B183000F0B4F81C
:109770002081706B163000F0AFF86081BDE8F08793
:1097800010B503464FF0FF301C68002C13D0214663
:1097900000E0491C0A78202A0ED33A2AF9D114F89D
:1097A000012B303A0A2A06D28C4204D1022A02D274
:1097B000491C1046196010BD002010BD2DE9F04174
:1097C000402700260C460546B04617E0F80600D1B3
:1097D000BF1CE81900F080F80021FFF799FB90B159
:1097E000FF2803D9010AA219761C9176FF2E0AD20E
:1097F000A119761C887608F10108BF1C95F8231082
:109800004145E3D816B93F20A0760126A1190020D2
:109810008876607328792073C00602D5002001463F
:1098200003E005F1380000F02CF8C4E9000105F16F
:109830000C0000F051F8608105F10E0000F04CF8CA
:109840002081BDE8F08170B506460D4601F11A0091
:1098500000F042F804463078032805D105F11400E1
:1098600000F03AF844EA0044204670BDC17882789E
:1098700042EA01214278007842EA012140EA0120CF
:10988000704710B5C17982790B0E42EA01211A02A4
:10989000437942EA116243EA01211302027943EA61
:1098A000116342EA01211A02C37842EA116243EAD3
:1098B0000121130243EA116382781B0242EA01216B
:1098C00043EA11630A02417800780A43190241EA27
:1098D000126140EA022010BD4178007840EA012080
:1098E000704710B5044608682060C869A06091F808
:1098F0002000E071086A002220F0FF00C4E90402A1
:10990000496A2046E163FDF726FD002804D1204680
:10991000BDE8104000F001B810BD2DE9F04104464B
:109920000068216BC66800F061FD002822D1616BE0
:109930000878852842D12022304600F009FA77784D
:10994000002120467F1CFDF7C3FA002812D1216BAD
:10995000206800F04BFD00280CD1616B0878C0280E
:109960002CD1202206F1200000F0F2F9F81E112877
:1099700002D30420BDE8F08140257F01002120466C
:10998000FDF7A6FA0028F5D1216B206800F02EFD26
:109990000028EFD1616B0878C1280FD170192022FF
:1099A00000F0D6F92035BD42E8D3304602F033FA54
:1099B0000446B01CFFF790FF844201D00220D9E793
:1099C0000020D7E71FB5F7F799F9072302220821EE
:1099D0004FF4A870FCF758F9A820FDF77DF94FF473
:1099E000E13001F063FA8548416854208847FBF76D
:1099F00049FAF8F7B1FBF8F7E1FCFCF7B9F8FCF726
:109A0000A5FC002000F038FD012000F035FD00F03D
:109A10001BFF7B4F4FF478401024386079A0CDE9CC
:109A200000402346C82232211E20FBF7D8F97AA035
:109A3000CDE900401023C82246211E20FBF7CFF9B4
:109A400078A0CDE900401023C8225A211E20FBF740
:109A5000C6F978A0CDE900401023C8226E211E204F
:109A6000FBF7BDF976A0CDE900401023C822822182
:109A70001E20FBF7B4F9774E4FF4FA751DE076A07F
:109A8000CDE900401023C82296211E20FBF7A7F93C
:109A90002846FDF72BF974A0CDE900401023C82219
:109AA00096211E20FBF79BF92846FDF71FF9D6F8F3
:109AB000A402B0B10020C6F8A402FBF7ADFD002857
:109AC000DDD1FDF73DFD6C4D01226CA12868FEF74C
:109AD00057FB01226AA16868FEF752FB0D2802D0ED
:109AE0001EE00120E7E767A0CDE900401023C8226F
:109AF00096211E20FBF773F94FF48052012160A0DC
:109B0000FEF7DCF8B0B166A0CDE900401023C82212
:109B100096211E20FBF763F94FF47A70FDF7E6F803
:109B20004FF6FF75A623F02296211E200095F8F728
:109B300021FC21E061A0FEF7EBFE63A0E4E769A051
:109B4000CDE900401023C82296211E20FBF747F9DB
:109B5000C820FDF7CBF8A623F02296211E20009501
:109B6000F8F708FCC820FDF7C1F8D6F8A4020028D1
:109B700040D00020C6F8A40203AA02A93FA0FDF726
:109B8000C7FC0028DBD11F2038605CA0CDE9004075
:109B90001023C82296211E20FBF721F95AA0CDE9F7
:109BA00000401023C822AA211E20FBF718F95CA050
:109BB000CDE900401023C822BE211E20FBF70FF97B
:109BC00002980094820A0523AA218E20FBF7CCF884
:109BD00003980094820A0523BE218E20FBF7C4F867
:109BE000C820FDF783F8D6F8A40228B10020C6F8F3
:109BF000A402F5E70120BDE70120F8E70C010020F1
:109C00001C0000204578706C6F7265722053544DB3
:109C10003332463400000000464154465320544538
:109C20005354000041544F4D40414C49454E54451A
:109C30004B000000323031372F352F313500000016
:109C40005573652055534D41525420666F722074F0
:109C50006573740000804242534420436172642063
:109C60004572726F72210000506C6561736520430C
:109C70006865636B2120000040020020303A00003C
:109C8000313A0000466C617368204469736B20466A
:109C90006F726D617474696E672E2E2E0000000065
:109CA000466C617368204469736B20466F726D6106
:109CB00074204572726F722000000000313A414CEE
:109CC00049454E54454B0000466C61736820446919
:109CD000736B20466F726D61742046696E6973689C
:109CE00000000000534420436172642046617466A2
:109CF00073204572726F7221000000004641544685
:109D000053204F4B21000000534420546F74616C6A
:109D10002053697A653A20202020204D420000001F
:109D200053442020467265652053697A653A2020A5
:109D30002020204D4200000010B510F8013B11F822
:109D4000014B1B1B521E01D0002BF6D0184610BD34
:109D5000002A05D011F8013B00F8013B521EF9D151
:109D60007047C9B200F8011B521EFBD170470000BA
:109D7000034810B50068FDF715FC002010BD000079
:109D8000340200200148FDF71CBC000080BF012008
:109D9000FDF794BF10B586B004460020059005AAD3
:109DA00069462046FDF7A2FC010004D007A0F6F7A3
:109DB00013FB06B010BD6A4621460AA0F6F70CFB5D
:109DC00021460EA0059AF6F707FBF2E70D0ABBF154
:109DD000C8A1CAA7B0DCA3ACB4EDCEF3C2EB3A2560
:109DE000580D0A000D0AB4C5C5CC257320B5C4C5ED
:109DF000CCB7FBCEAA3A25730D0A0000B4C5C5CC7A
:109E0000257320B5C4D0F2C1D0BAC53A25580D0A81
:109E10000D0A000010B50146074A0848126800689C
:109E2000FDF7DDFC01460078002804D0BDE81040B5
:109E300003A0F6F7D1BA10BD340200203C02002086
:109E40000D0A54686520537472696E67205265610B
:109E50006465642049733A25730D0A00024602487E
:109E600000230068FDF7DDBC34020020FDF737BE9B
:109E7000034603480A4619464068FEF781B90000C8
:109E80004002002070B505460C4605A0F6F7A4FA7E
:109E90000648224629460068BDE87040FEF796B99C
:109EA0006D6F64653D2523780D0A000034020020A3
:109EB00001460148FEF7C3BA80BF0120034910B52F
:109EC0000968FEF726FBC0B210BD00003402002076
:109ED000034910B50968FEF73AFBC0B210BD000097
:109EE000340200202DE9F05F80460026354632A07E
:109EF000F6F772FA0027DFF8D8A0DFF8D8B026E02E
:109F00003548344B4FF40072D146DAF8001000683F
:109F1000FEF740FB060004D0014630A0F6F75CFADD
:109F200018E0BBF80010CA4629448DB20024D94677
:109F300007E0DAF80000015D2CA0F6F74DFA641C8A
:109F4000A4B2D9F800008442F3D37F1CBFB2B7EBB0
:109F5000582FD5D35FEAC85022D01F48C8F3080253
:109F60001C4BD046DAF800100068FEF713FB060021
:109F700004D001461EA0F6F72FFA11E0BBF800004E
:109F80005F46284485B2002407E0D8F80000015D50
:109F900016A0F6F721FA641CA4B238688442F4D300
:109FA0001DB1294617A0F6F717FA1CA0F6F714FA08
:109FB0003046BDE8F09F00000D0A526561642066DE
:109FC000696C6520646174612069733A0D0A000050
:109FD0003C020020480200203402002052656164E7
:109FE000204572726F723A25640D0A0025630000E5
:109FF0000D0A52656164204572726F723A25640DD4
:10A000000A0000000D0A5265616465642064617491
:10A0100061206C656E3A25640D0A0000526561642A
:10A020002064617461206F7665720D0A0000000083
:10A0300010B525492548FEF768FB002842D124A029
:10A04000F6F7CAF9214C26A0A16AF6F7C5F9A1884E
:10A0500027A0F6F7C1F92AA0A168F6F7BDF9D4E95F
:10A0600004232CA0F6F7B8F930A0616AF6F7B4F92A
:10A0700033A0E16AF6F7B0F935A0216BF6F7ACF939
:10A0800037A0E16BF6F7A8F914A0F6F7A5F90E4989
:10A0900038A01A31F6F7A0F90B4C3BA0D4E9002305
:10A0A000F6F79AF921893DA0F6F796F9618940A063
:10A0B000F6F792F9217B43A0F6F78EF907A0F6F7A1
:10A0C0008BF9002010BD000060BE012080BF012080
:10A0D0000D0A2044495220696E666F3A0D0A00004D
:10A0E0006469722E647074723A25640D0A0000006F
:10A0F0006469722E6F626A2E69643A25640D0A00E3
:10A100006469722E6F626A2E73636C7573743A257C
:10A11000640D0A006469722E6F626A2E6F626A7340
:10A12000697A653A256C6C640D0A00006469722EC8
:10A130006F626A2E635F6F66733A25640D0A0000D2
:10A140006469722E636C7573743A25640D0A00009D
:10A150006469722E736563743A25640D0A00000009
:10A160006469722E626C6B5F6F66733A25640D0AC8
:10A170000000000046696C65204E616D65206973C2
:10A180003A25730D0A00000046696C652053697A10
:10A19000652069733A256C6C640D0A0046696C652C
:10A1A00020646174612069733A25640D0A0000001F
:10A1B00046696C652074696D652069733A25640D84
:10A1C0000A00000046696C6520417474722069734E
:10A1D0003A25640D0A000000FEF7D2BA70B50646B3
:10A1E00001460F48FEF72BF9002817D10DA0F6F70E
:10A1F000F3F80D4C04F11A050B490948FEF785FAEE
:10A2000000280BD1A17E002908D0314607A0F6F71F
:10A21000E3F8294606A0F6F7DFF8EDE770BD000089
:10A2200080BF01200D0A000060BE012025732F00B1
:10A2300025730D0A0000000010B50446FEF768FB08
:10A24000010004D003A0BDE81040F6F7C5B82146D0
:10A2500008A0F8E70D0AB4C5C5CCC5CCB7FBC9E862
:10A26000D6C3CAA7B0DCA3ACB4EDCEF3C2EB3A259B
:10A27000580D0A000D0AB4C5C5CCC5CCB7FBC9E85A
:10A28000D6C3B3C9B9A63A25730D0A001CB5034657
:10A2900000200446009001AA69461846FDF79BF984
:10A2A00090B9019988694C89801E009960434C439C
:10A2B000B0F5A04F03D26208410804A002E0C10A31
:10A2C000E20A0CA0F6F788F820461CBD0D0AB4C5BA
:10A2D000C5CCD7DCC8DDC1BF3A2564204B420D0A8E
:10A2E000BFC9D3C3BFD5BCE43A2564204B420D0A95
:10A2F000000000000D0AB4C5C5CCD7DCC8DDC1BF65
:10A300003A2564204D420D0ABFC9D3C3BFD5BCE472
:10A310003A2564204D420D0A000000000148006803
:10A32000006970473402002001480068006B7047E4
:10A3300034020020FEF77DBC70B505460C460EA029
:10A34000F6F74AF8214612A0F6F746F81648154BDC
:10A35000224629460068FEF7F1FC040002D00146BF
:10A3600012A002E00F48016815A0F6F735F81AA010
:10A37000F6F732F8204670BD0D0A426567696E2017
:10A3800057726974652066696C652E2E2E0D0A0061
:10A3900057726974652064617461206C656E3A253A
:10A3A000640D0A004C0200203402002057726974C8
:10A3B00065204572726F723A25640D0A0000000034
:10A3C0005772697465642064617461206C656E3ACB
:10A3D00025640D0A000000005772697465206461ED
:10A3E0007461206F7665722E0D0A000070B5044608
:10A3F000006B0E460025B0420FD0204600F02CFD29
:10A4000005000AD160780123324604F13401FDF7DA
:10A410002BF808B16E1E01252663284670BD00008A
:10A4200070B5134A131893F8203093B1114B53F8B9
:10A4300020308B421AD90F4B02EB80020C3B53F8B1
:10A4400020305069B1FBF3F130F811400020034691
:10A4500008E011688847012070BD55690E18401C3E
:10A4600025F81630A042F8DB002070BD022070BD38
:10A47000000200209008010870B504460B480C4EFD
:10A48000002150F8240006EB84054200686900F0C2
:10A490008FF806480021183050F82420A86800F0F2
:10A4A00087F80120311981F8200070BD7808010873
:10A4B000000200202DE9F0411F4E054600247019CE
:10A4C0000F4690F8200010B93168284688474FF0B1
:10A4D000FF327FB3194B53F82510B7FBF1F0B7FBF0
:10A4E000F1FC01FB1C7101B1401C14490C3951F8FD
:10A4F0002510491E1ED406EB8506776937F811C072
:10A50000BCF1000F05D00024844211D1002284B296
:10A5100007E0641CF8E7776901EB020C521C27F88E
:10A520001C408242F7D353F825004843BDE8F08130
:10A53000491EE3D51046F9E700020020840801080F
:10A5400010B50B4B0B4C002253F82030114604EB96
:10A55000800005E0446934F8114004B1521C491CE4
:10A560008B42F7D864204243B2FBF3F0C0B210BD77
:10A570007808010800020020002906D0034A02EBF7
:10A5800080029268891AFFF74BBF704700020020D3
:10A5900010B50446FFF78EFF411C05D0034901EBBF
:10A5A00084018968084410BD002010BD000200200D
:10A5B00001E000F8011B521EFBD270472DE9F04765
:10A5C00080460F4601F11A00FFF786F920BB387864
:10A5D000012600F03F00401E00EB8001DFF84890AC
:10A5E00001EBC00400254FF6FF7A19F80500384446
:10A5F000FFF772F936B1FF2C0ED228F81400064688
:10A60000641C01E0504507D16D1C0D2DEDD3387849
:10A61000400607D5FF2C02D30020BDE8F0870021BB
:10A6200028F814100120F8E79C0801082DE9F047EC
:10A63000022617460D46044602296FD3A069A84298
:10A640006CD920784FF00109012806D0022838D0B3
:10A65000032846D0042861D143E0616A05EB550820
:10A6600001EB58212046FFF7C1FE060056D1C8F382
:10A6700008002044343008F10108E90704D00178CB
:10A68000FAB262F31F1100E03946017084F80390BA
:10A69000616A204601EB5821FFF7A8FE06003DD174
:10A6A000C8F3080020443430E90702D0C7F307118B
:10A6B00005E00178C7F3032201F0F00111430170B6
:10A6C0002AE0606A00EB15212046FFF78FFE0600A6
:10A6D00024D1E8B204EB4000B9B2343000F031FBD1
:10A6E0001AE0606A00EBD5112046FFF77FFE0600F6
:10A6F00014D140F2FF1000EA8500217805193435A5
:10A70000042905D02846FFF7B1F867F31B00074678
:10A710002846394600F0E8FA84F803903046BDE850
:10A72000F08738B545680446002D16DB60196D1CAE
:10A7300001733D2D0DDB6B462A4604F10C012068A8
:10A74000FEF7FCFA0098A84201D1002501E04FF085
:10A75000FF356560A068401CA06038BD0068704788
:10A760002DE9F04789460468924680460F464E46DA
:10A77000022936D3A069B84233D9BAF1000F0ED0FE
:10A780002078042803D198F80700022807D04FF05A
:10A79000FF3251462046FFF749FF002822D13946B3
:10A7A0004046FEF7D5FE050033D0012D19D0681CB8
:10A7B0001AD02078042806D0002239462046FFF718
:10A7C00035FF00280ED16069411C05D0401C606136
:10A7D000207940F001002071701CA84206D12E465D
:10A7E00013E00220BDE8F0870120FBE72078042871
:10A7F00009D1A6EB0902002349462046521CFBF76B
:10A8000087FF0028EED12E46B146A0692F46B842F8
:10A81000C5D82078042815D1BAF1000F04D098F8D3
:10A820000700032802D00DE0002109E0D8F8080055
:10A83000504507D8D8F818100144514502D30221D9
:10A8400088F807100020CDE730B5C3B04FF4807111
:10A850006846F5F787FF4FF40D710020FFF798FE6B
:10A8600005464FF414710020FFF792FE04460122C2
:10A8700020A12846FDF784FC08B11FA000E022A01B
:10A88000F5F7AAFD132223A12046FDF79FFC08B18E
:10A8900024A000E027A0F5F79FFD208A40AB82B2FC
:10A8A00069462046FDF776FEBDF8001119B16A46EB
:10A8B00023A0F5F791FD41AB032227A12046FEF727
:10A8C0003DFA002213462046FCF7ABFF208A40AB3E
:10A8D00082B269462046FDF75DFEBDF8001119B150
:10A8E0006A4617A0F5F778FD2046FCF75BFE43B0FB
:10A8F00030BD0000303A00006D6F756E74206661E7
:10A90000696C65640D0A00006D6F756E74206F6B65
:10A910000D0A0000303A73645F746573742E7478A6
:10A92000740000006F70656E206661696C65640D6F
:10A930000A0000006F70656E206F6B0D0A0000004A
:10A9400072645F636F756E743D25642072645F622C
:10A9500075663A25730D0A00333333001CB5204861
:10A96000006840F078001E490860012003210023A0
:10A970000246CDE900104EF233011A48FBF788F881
:10A980000120032100230246CDE900104EF22F01E1
:10A990001548FBF77DF80120032100230246CDE98D
:10A9A000001040F233411148FBF772F801200321F7
:10A9B00000230246CDE900104FF4F0610C48FBF78C
:10A9C00067F801200B4908600B49C1F8A802094942
:10A9D000091F086000200849C1F880021CBD000062
:10A9E00030380240000C02400014024000180240BF
:10A9F0000010024094824142000043422DE9FC4194
:10AA00000446002500260027FFF7A8FF00206B4919
:10AA1000086001F038FA00BF10E0002067490860C4
:10AA2000674931F81500FBF737FE01F02CFA0120D9
:10AA30006449C1F8940201F026FA6D1C052DECDB87
:10AA400001206149086000205E49C1F89402200A93
:10AA5000FCF716F901F017FA01205849086001F0D7
:10AA600012FA00205749C1F89402E0B2FCF708F945
:10AA700001F009FA01205149086001F004FA0020B0
:10AA80005049C1F894025148006840F078004F499D
:10AA900008600120032103460022CDE900104FF495
:10AAA000F0614B48FAF7F4FF01200321034600222E
:10AAB000CDE900104CF203014648FAF7E9FF002007
:10AAC0003E49091F0860091D086001F0DCF90120FA
:10AAD0003C49C1F8940201F0D6F938485C38006866
:10AAE0003849D1F83C1240EA41003649D1F8001209
:10AAF00040EA81003349D1F8041240EAC1003649E6
:10AB0000D1F81C1240EA01103349D1F8201240EA72
:10AB100041103149D1F8241240EA81102E49D1F870
:10AB2000281240EAC110C6B201F0ADF90020234955
:10AB3000086001F0A8F901202249C1F8940201F04F
:10AB4000A2F91E485C3800681E49D1F83C1240EA60
:10AB500041001C49D1F8001240EA81001949D1F89E
:10AB6000041240EAC1001C49D1F81C1240EA01104D
:10AB70001949D1F8201240EA41101749D1F824129E
:10AB800040EA81101449D1F8281240EAC110C7B236
:10AB900001F079F900200C492831086001200749AB
:10ABA0000860091F086001F06EF90120064928318C
:10ABB000086047EA0620BDE8FC810000948241421B
:10ABC000500200200080414280024342303802405F
:10ABD00000100240000C02400000424270B50446E2
:10ABE0000D460026FFF7BAFE01F04DF900BF10E058
:10ABF00000202F4908602F4931F81600FBF74CFD63
:10AC000001F041F901202C49C1F8940201F03BF90F
:10AC1000761C052EECDB012028490860002026491F
:10AC2000C1F89402802141EA1420FCF729F801F0D0
:10AC30002AF901201E49086001F025F900201E496B
:10AC4000C1F89402E0B2FCF71BF801F01CF90120F6
:10AC50001749086001F017F900201749C1F894025C
:10AC6000280AFCF70DF801F00EF9012010490860E0
:10AC700001F009F900201049C1F89402E8B2FBF78D
:10AC8000FFFF01F000F901200949086001F0FBF81D
:10AC900000200A4928310860012005490860091F81
:10ACA000086001F0F0F8012004492831086070BD07
:10ACB000948241425002002000804142800243427F
:10ACC00070B50C460646154691B204F11A0000F024
:10ACD00038F83078032806D1290C04F11400BDE8B7
:10ACE000704000F02EB870BD0170090A4170090A69
:10ACF0008170090AC170704710B5110A027041EAEB
:10AD0000036141701A0A090A41EA02618170120A5C
:10AD1000090A41EA0261C170120A090A41EA0261A4
:10AD20000171120A090A41EA02614171120A090A13
:10AD300041EA0261120A8171090A41EA0261C171A4
:10AD400010BD0170090A417070472DE9F0410446B9
:10AD50000068C568284601F05EF80146A81CFFF7A8
:10AD6000F0FF6F7820467F1CE16BFCF7F4FA064693
:10AD70004FF001080FE020222946606BFEF7E8FF44
:10AD800021687F1E81F803800DD0002120462035E8
:10AD9000FCF79EF806463EB9216B2068FFF726FBBC
:10ADA0000600E8D000E026B1012E02D00220BDE866
:10ADB000F0813046FBE7014600200B22430803EBFD
:10ADC000C01011F8013B521E1844C0B2F6D17047B2
:10ADD00070B5044600F040F8050036D1207803280D
:10ADE0002CD12079012829D1420204F1340000211C
:10ADF0000646FEF7B6FF4AF6552104F23220FFF769
:10AE0000A0FF13493046FFF76FFF124904F50670A3
:10AE1000FFF76AFF04F507706169FFF765FF04F546
:10AE200008702169FFF760FF226A0123521C226328
:10AE300060783146FCF743FB0020207100226078E7
:10AE40001146FCF7E1FA00B10125284670BD00006B
:10AE500052526141727241612DE9F0410446C0785D
:10AE60000027F8B1266B04F13401607801233246E3
:10AE70008846FCF724FB08B1012713E00020E070AE
:10AE8000606AE169301A88420CD2A57808E0E0696E
:10AE900001230644607832464146FCF710FB6D1EE4
:10AEA000022DF4D23846BDE8F08100000B4910B500
:10AEB000094AC1E9002000208860C86008618861F3
:10AEC0000C2048610846F7F77FF8BDE810400122E2
:10AED00003490248F7F7E8B80010014024030020B6
:10AEE0001400002070B594B0064613AB11AA694651
:10AEF00000F0DCF9002824D18DF840001D4C042519
:10AF000014E0206805EBC10113AB405812AA08A950
:10AF100000F0CCF9002814D1694608A800F001FC23
:10AF200088B19DF84000401C8DF84000207D9DF8C0
:10AF300040108842E5D8207D9DF8401088420ED10F
:10AF4000042014B070BD9DF848009DF8441088425C
:10AF500001D90220F5E79DF84000A075EBE710A9A4
:10AF6000304600F057FA0028EBD19DF8400060759C
:10AF70000020E6E70C0100202DE9F0417E4E9AB05A
:10AF8000B57D307DA8427CD90421306801EBC50134
:10AF900019AB405818AA10A900F088F910A977A099
:10AFA000F5F71AFA00240DF1180832E0308B012170
:10AFB000A140084217D0222172A0F5F70DFA2046D1
:10AFC00000F090FA811970A02431F5F705FA2221DA
:10AFD0006CA0F5F701FA204600F084FA30442430E2
:10AFE00048F824000BE0204600F07CFA3044416A27
:10AFF00048F82410F07D00B364A0F5F7EDF99DF852
:10B000006000401E844202D062A0F5F7E5F9641C9E
:10B01000E4B29DF860008442C8D35FA0F5F7DCF984
:10B0200000F0A6FA707D0B2814D2DFE800F0080DBE
:10B0300031384048525E6B78890058A0DDE73068AF
:10B0400050F83500804704E0306850F83510069815
:10B050008847074600F058FA9DF8640001286ED032
:10B060004FA0F5F7B9F996F8EC0000280DD0D6F806
:10B07000F0000A21B0FBF1F201FB1202B0FBF1F18A
:10B0800000E002E047A0F5F7A7F91AB0BDE8F081AB
:10B09000306850F83520DDE906019047D9E730687F
:10B0A00006AC50F8353094E807009847D1E730688F
:10B0B00006AF50F8354097E80F00A047C9E70A9857
:10B0C0000090306806AF50F8354097E80F00A04771
:10B0D000BFE7DDE90A01CDE90001306806AF50F8AD
:10B0E000354097E80F00A047B3E70AAB06AF93E8F7
:10B0F00007008DE80700306850F8354097E80F00EA
:10B10000A047A6E70AAC06AF94E80F008DE80F0051
:10B11000306850F8354097E80F00A04799E70BAC2E
:10B1200006AF94E80F0001AC84E80F000A98009085
:10B13000306850F8354097E80F00A04789E711E0E4
:10B140000CAC06AF94E80F0002AC84E80F00DDE918
:10B150000A01CDE90001306850F8354097E80F004A
:10B16000A04776E7F07D394618B116A0F5F734F917
:10B1700079E717A0FAE700000C0100200D0A2573FB
:10B180002800000025630000257300003058255872
:10B19000000000002C00000029000000256C640065
:10B1A0003B0D0A0046756E6374696F6E2052756EB2
:10B1B0002054696D653A25642E2531646D730D0A3E
:10B1C000000000003D305825583B0D0A00000000EB
:10B1D0003D256C753B0D0A00F0B500252E462F4627
:10B1E0002C4603782C2B03D0292B04D01BB103E071
:10B1F00014B9012600E00CB317B1222B2AD02AE0A3
:10B20000A3F1300CBCF1090F19D92D2B17D02B2B22
:10B2100015D0A3F1610CBCF1050F10D9A3F1410CBD
:10B22000BCF1050F0BD9582B09D0782B07D0222B56
:10B230000CD0202B1ED02C2B1CD0FF270CE05EB98D
:10B24000612B00D3203B01F8013B13E026B9012715
:10B250003C460FE0002426B10020087017702846F5
:10B26000F0BD3CB15C2B02D16D1CEDB2401C0378EB
:10B2700001F8013B6D1CEDB2401CB2E730B5002572
:10B2800015700AE001F8014B1478401C641CE4B20C
:10B2900014709C4201D3012030BD0478202C01D0D1
:10B2A000002CEFD10D70002030BD00002DE9FF4FC4
:10B2B000002482B089469846A246274601252646A4
:10B2C0002246EB46029915E0202810D002F07F03B9
:10B2D000052B0CD202B9802202F07F03042B01D18E
:10B2E0002A280AD1521C0BF80300D2B201E0852AA9
:10B2F00004D0491C08780028E6D16AB102F07F0228
:10B3000000200BF8020041A1584600F00AFA38B1BB
:10B31000012188F8001000224FF00008029B15E080
:10B32000002088F80000F6E708F1010000F0FF08AF
:10B3300013F8010F202801D02A2807D1184600F061
:10B340007DF9282802D02A2800D0C246187828285B
:10B3500001D00028E8D10299BAF1000F01D0514480
:10B36000491C4FF000084346087888B1282804D0CB
:10B37000292806D0222810D011E083B9641CE4B239
:10B380000DE063B924B1641E14F0FF0402D00DE097
:10B390004FF00108012F27D02FE04BB100234CB113
:10B3A0002C280CD0202816D0282814D05AB110E010
:10B3B0000123F4E7202815D009F8010B12E001253C
:10B3C000521CD2B207E0052E03D20BF80600761C01
:10B3D000F6B26D1CEDB2012C04D1022D02D1032571
:10B3E0007F1CFFB2491CBFE700200BF8060007A135
:10B3F000684600F096F900B900270498077000200D
:10B4000089F8000006B04046BDE8F08F766F6964A9
:10B41000000000002DE9F04300248946304DB5B00E
:10B42000214622466B18491CC9B29A760A29F9D3DB
:10B4300002E010F8011F99B101782829F9D1461CC2
:10B440004FF0010833AA69463046FFF7C5FE0644AF
:10B450009DF8CC0040B1012824D0FF2836D10BE064
:10B46000012035B0BDE8F0839DF8000070B334A929
:10B47000684600F0EBF808B10220F2E7204600F041
:10B4800031F8284434994162298B08FA04F0814349
:10B490002983042029198876641CE4B20A2C15D962
:10B4A0000320DEE7684600F051F9471C204600F013
:10B4B00019F841196846243100F03FF9298B08FA40
:10B4C00004F00143281929838776E5E73078292895
:10B4D00001D00028B6D189F800400020C1E7000063
:10B4E0000C010020024610B500200146054B05E086
:10B4F0005C18491CA47EC9B22044C0B29142F7D363
:10B5000010BD00000C010020094800680169C94312
:10B51000CA070849D1F8F02004D14FF6FF731A4446
:10B52000C1F8F020406A1044C1F8F00070470000F4
:10B53000101500200C01002000EBC00101EB0010F1
:10B540004FF0FF3101EB800010B581B24FF47A70FB
:10B55000FAF78EFC01490120C87510BD0C010020CE
:10B560000346012000E05843491EC9B2FBD2704790
:10B5700007486FF00101026811610268090CD1628D
:10B58000C1600068002141620248C0F8F0107047B5
:10B59000101500200C0100202DE9F041164E3088D6
:10B5A000010426D51549C0B2154F00250D54B968C0
:10B5B0001248884704000FD0104800F0D1F8012845
:10B5C00001D0040014D0012C09D0022C09D0032C86
:10B5D00009D0042C0CD108E0F868804708E009A0E5
:10B5E00004E00BA002E00DA000E00FA0F4F7F4FED1
:10B5F0003580BDE8F0810000160000205C020020CC
:10B600000C010020BAAFCAFDB4EDCEF3210D0A0043
:10B61000B2CECAFDB4EDCEF3210D0A00B2CECAFD02
:10B62000CCABB6E0210D0A00CEB4D5D2B5BDC6A5CF
:10B63000C5E4B5C4BAAFCAFD210D0A0010F8011F58
:10B64000202901D10028F9D1C8B270472DE9F04373
:10B650000E4600244FF00A082546014634600A7859
:10B66000A2F13003092B14D903782D2B01D02B2BF9
:10B6700000D174B1A2F14103052B0AD9582A05D093
:10B6800012F0FF0F17D00120BDE8F083012C02D08B
:10B69000F9E7412A01D34FF0100802782D2A04D08F
:10B6A0002B2A04D0641CE4B203E0022500E001254B
:10B6B000401C491CD3E70746B8F1100F01D084B1F4
:10B6C00012E0032C01D20220DEE73878302802D1C4
:10B6D0007878582801D00320D6E7A41EE4B2BF1C16
:10B6E00001E00420D0E70CB1641EE4B238780146D2
:10B6F0003038092801D8814601E0A1F137092146F7
:10B700004046FFF72DFF326809FB0020306017F834
:10B71000011F0029E7D1022D01D1404230600020F5
:10B72000B2E702780B789A4201D00120704712B13B
:10B73000401C491CF5E70020704702780A70027827
:10B74000002A02D0401C491CF7E77047002102780C
:10B750001AB1491CC9B2401CF9E7084670470000FD
:10B76000F0B58DB004461E2308AA6946FFF786FD92
:10B770000990002872D19DF82000271800253E4C22
:10B780008DF820509DF8200054F820106846FFF7EF
:10B79000C8FF38B19DF82000401CC0B28DF82000D1
:10B7A0000728EFD39DF820000426344C072855D2F3
:10B7B000DFE800F00404395A605F5E0030A0F4F75F
:10B7C0000BFE30A0F4F708FE3EA0F4F705FE4DA0F6
:10B7D000F4F702FE5BA0F4F7FFFD6AA0F4F7FCFDAE
:10B7E00078A0F4F7F9FD86A0F4F7F6FD8BA0F4F746
:10B7F000F3FD93A0F4F7F0FD97A0F4F7EDFD9CA006
:10B80000F4F7EAFDA1A0F4F7E7FDA7A0F4F7E4FD43
:10B81000B3A0F4F7E1FDC0A0F4F7DEFDCBA0F4F790
:10B82000DBFDD7A01BE016A0F4F7D6FDE4A0F4F7EB
:10B83000D3FD8DF820500BE0216806EBC0000958BD
:10B84000EFA0F4F7C9FD9DF82000401C8DF8200002
:10B85000217D9DF820008142EED856E257E2F4F7B0
:10B86000BBFD00200DB0F0BD05A0F4F7B5FDCBE1A8
:10B870002CE20CE2EBE10000280000200C0100208B
:10B880000D0A00002D2D2D2D2D2D2D2D2D2D2D2D85
:10B890002D2D2D2D2D2D2D2D2D2D2D2D55534D4156
:10B8A00052542056332E332D2D2D2D2D2D2D2D2D53
:10B8B0002D2D2D2D2D2D2D2D2D2D2D2D2D2D2D20C5
:10B8C0000D0A00002020202055534D415254CAC774
:10B8D000D3C9414C49454E54454BBFAAB7A2B5C444
:10B8E000D2BBB8F6C1E9C7C9B5C4B4AEBFDAB5F7C3
:10B8F000CAD4BBA5BDBBD7E9BCFE2CCDA8B9FD20E1
:10B900000D0A0000CBFC2CC4E3BFC9D2D4CDA8B92A
:10B91000FDB4AEBFDAD6FACAD6B5F7D3C3B3CCD02E
:10B92000F2C0EFC3E6B5C4C8CEBACEBAAFCAFD2CDA
:10B93000B2A2D6B4D0D02ED2F2B4CB2CC4E3BFC9BD
:10B940000D0A0000D2D4CBE6D2E2B8FCB8C4BAAF3C
:10B95000CAFDB5C4CAE4C8EBB2CECAFD28D6A7B3A7
:10B96000D6CAFDD7D62831302F3136BDF8D6C62CF1
:10B97000D6A7B3D6B8BACAFD29A1A2D7D6B7FBB409
:10B98000AE0D0A00A1A2BAAFCAFDC8EBBFDAB5D8A6
:10B99000D6B7B5C8D7F7CEAAB2CECAFD292CB5A561
:10B9A000B8F6BAAFCAFDD7EEB6E0D6A7B3D63130F7
:10B9B000B8F6CAE4C8EBB2CECAFD2CB2A2D6A7B381
:10B9C000D60D0A00BAAFCAFDB7B5BBD8D6B5CFD42D
:10B9D000CABE2ED6A7B3D6B2CECAFDCFD4CABEBD7C
:10B9E000F8D6C6C9E8D6C3B9A6C4DC2CD6A7B3D648
:10B9F000BDF8D6C6D7AABBBBB9A6C4DC2E0D0A00BB
:10BA0000BCBCCAF5D6A7B3D63A7777772E6F7065E8
:10BA10006E6564762E636F6D0D0A000055534D41BF
:10BA20005254D3D037B8F6CFB5CDB3C3FCC1EE284E
:10BA3000B1D8D0EBD0A1D0B4293A0D0A0000000053
:10BA40003F3A202020202020BBF1C8A1B0EFD6FA39
:10BA5000D0C5CFA20D0A000068656C703A20202086
:10BA6000BBF1C8A1B0EFD6FAD0C5CFA20D0A000035
:10BA70006C6973743A202020BFC9D3C3B5C4BAAF70
:10BA8000CAFDC1D0B1ED0D0A0A00000069643A2078
:10BA900020202020BFC9D3C3BAAFCAFDB5C44944D2
:10BAA000C1D0B1ED0D0A0A006865783A2020202047
:10BAB000B2CECAFD3136BDF8D6C6CFD4CABE2CBA76
:10BAC000F3B8FABFD5B8F12BCAFDD7D6BCB4D6B4FB
:10BAD000D0D0BDF8D6C6D7AABBBB0D0A0A0000005D
:10BAE0006465633A20202020B2CECAFD3130BDF813
:10BAF000D6C6CFD4CABE2CBAF3B8FABFD5B8F12B8C
:10BB0000CAFDD7D6BCB4D6B4D0D0BDF8D6C6D7AA55
:10BB1000BBBB0D0A0A00000072756E74696D653A50
:10BB2000312CBFAAC6F4BAAFCAFDD4CBD0D0BCC6A4
:10BB3000CAB13B302CB9D8B1D5BAAFCAFDD4CBD03D
:10BB4000D0BCC6CAB13B0D0A0A000000C7EBB0B4B6
:10BB5000D5D5B3CCD0F2B1E0D0B4B8F1CABDCAE407
:10BB6000C8EBBAAFCAFDC3FBBCB0B2CECAFDB2A22D
:10BB7000D2D4BBD8B3B5BCFCBDE1CAF82E0D0A00C7
:10BB80002D2D2D2D2D2D2D2D2D2D2D2D2D2D2D2DE5
:10BB90002D2D2D2D2D2D2D2D2D2D414C49454E5426
:10BBA000454B2D2D2D2D2D2D2D2D2D2D2D2D2D2D8F
:10BBB0002D2D2D2D2D2D2D2D2D2D2D200D0A00005F
:10BBC0002D2D2D2D2D2D2D2D2D2D2D2D2D2D2D2DA5
:10BBD0002D2D2D2D2D2D2D2D2DBAAFCAFDC7E5B53F
:10BBE000A52D2D2D2D2D2D2D2D2D2D2D2D2D2D2D0D
:10BBF0002D2D2D2D2D2D2D2D2D2D2D2D200D0A00F2
:10BC000025730D0A0000000042A0F4F7E5FB8DF853
:10BC1000205016E0216806EBC0000BAB08580AAABA
:10BC20006946FFF743FB9DF82010206850F831204B
:10BC3000694648A0F4F7D0FB9DF82000401C8DF821
:10BC40002000217D9DF820008142E3D85DE0AFF225
:10BC5000D030F4F7C1FB08AA69463846FFF7BCFAB2
:10BC60009DF82000002843D109A96846FFF7EEFCA3
:10BC70008DF8200010B104283AD102E03AA00999C9
:10BC80001CE03CA0F4F7A8FB0120E0753DE038A0E3
:10BC9000F4F7A2FB08AA69463846FFF79DFA9DF81B
:10BCA000200028BB09A96846FFF7D0FC8DF82000CA
:10BCB00010B104281CD104E033A00999F4F78CFBDF
:10BCC00023E034A0F4F788FBE5751EE028A0F4F724
:10BCD00083FB08AA69463846FFF77EFA9DF82000E4
:10BCE00030B909A96846FFF7B1FC8DF8200008B10A
:10BCF0000220B7E5099810F0FF0084F8EC0001D0AD
:10BD000029A000E02FA0F4F767FB19A0A7E5012008
:10BD1000A8E500002D2D2D2D2D2D2D2D2D2D2D2D7A
:10BD20002D2D2D2D2D2D2D2D2D2D2D2D2DBAAFCA97
:10BD3000FD204944202D2D2D2D2D2D2D2D2D2D2D4A
:10BD40002D2D2D2D2D2D2D2D2D2D2D2D2D2D2D2D23
:10BD5000200D0A0025732069642069733A0D0A30AA
:10BD600058253038580D0A004845583A305825585B
:10BD70000D0A00003136BDF8D6C6B2CECAFDCFD40A
:10BD8000CABE210D0A0000004445433A256C750DDA
:10BD90000A0000003130BDF8D6C6B2CECAFDCFD4FD
:10BDA000CABE210D0A00000052756E2054696D65EF
:10BDB0002043616C63756C6174696F6E204F4E0D2A
:10BDC0000A00000052756E2054696D652043616C55
:10BDD00063756C6174696F6E204F46460D0A0000F2
:10BDE00070B50D4604000CD0206850B1017841B107
:10BDF000C188A288914204D14078FBF75EFBC0075E
:10BE000003D000202860092070BD20682860002031
:10BE100070BD0160704730B5034640784FF400456F
:10BE200044010020014620340AE002290BD0C20759
:10BE300000D02A4602EB50005A5C104480B2491CE4
:10BE4000A142F2D330BD0321F9E770B505460024C5
:10BE50004FF4004611E0FDF789F8E10700D03146C4
:10BE600001EB5401C2B2114489B2CA0700D0324674
:10BE700002EB510101EB102084B235F8020B0028CF
:10BE8000E9D1204670BD44F2A01001E000BF401E81
:10BE90000028FBD1704700004FEA1153A3F58063DF
:10BEA000D3F11E03A8BFD3F1200C08DB4FF00042F2
:10BEB00042EAC12252EA505232FA03F07047094274
:10BEC0000BD4102BC4BF0020704703F5787CBCF165
:10BED000FF3F05D04FF0FF3070474FF00000704734
:10BEE00070B500F0C3F800BF49922480002070476D
:10BEF000F0E7B0FA80F310FA03F10AD0C3F11D03A2
:10BF000003F580634FEA41504FEA035202EBD1211F
:10BF100070474FF000007047DFF848C170B51CEA69
:10BF2000111E1EBF1CEA13159EEA0C0F95EA0C0F9A
:10BF300000F06F8081EA030423EA4C134EEAD47EBA
:10BF400021EA4C1141F4801143F48013AE44A1FB6B
:10BF5000024CA0FB0365AEF17F7E361955EB0C0554
:10BF6000A1FB034C4CF10003A0FB021C16EB0C06DA
:10BF7000654153F10003094218BF46F0010613F46E
:10BF8000007F0BD14FEA03314FEA0530340341EA19
:10BF9000155140EA16506FF003020AE04FEAC32140
:10BFA0004FEAC520F40241EA555140EA56506FF07D
:10BFB000020202EB2E4201EB025585EACE710AD055
:10BFC0005FEA440C18BF24F0004450F1000041F136
:10BFD000000120EAD47040F2FE7C624500D270BDC0
:10BFE000A84214BF4FF080444FF04044002E08BFD9
:10BFF0000024BEF1806FA8BFA1F1C041BDE8704030
:10C0000080F282804FF0000001F1C04101F0004158
:10C0100070479EEA0C0F0CEA131518BF95EA0C0F37
:10C0200006D04FF0000081EA030E0EF0004170BD13
:10C0300000F01CF88900013E00F007B800F009B8D4
:10C040004FEA430C5FEA5C5C08D081EA030100F030
:10C050005BB84FEA410C5FEA5C5CF6D14FF0000040
:10C06000014970470000FF070000F87F0EF1020E43
:10C070002EF0030E5EF8046B364205D4012A43EB22
:10C08000030515F5001F12D8012841EB010C1CF522
:10C09000001F0CD80ED14FEAD17C15F5001F0CEB18
:10C0A0004C0C0CF1020C08BF4CEBD37C04E04FF0BD
:10C0B000080C01E04FEAD37C0CEB4C0526FA05F6A0
:10C0C00006F00706B6F1040C06D20EEB860CBDE8AE
:10C0D00070404CF0010C6047DFE80CF0090B0202E5
:10C0E0004FF000414FF00000A1F5002170BD19464E
:10C0F0001046012851EB010418BFD4F5001484BF89
:10C10000002001F0004170BD0808A0F500114FEAC1
:10C11000310170474FF04070E1EE100A70470000A7
:10C1200000000000000001020304060708090000E7
:10C1300000000102030400000000000000000000F5
:10C140000000000000003F40000000000000000070
:10C150003000400030004000000009000BC03D00EE
:10C160000BC03D00090018C024407FE02240318010
:10C170000000180024C01B000D80324001800380A5
:10C180001C4027401C800740004010006000000059
:10C190000000000000000000000000001F802040A0
:10C1A00040200000402020401F80000000000900C7
:10C1B00006001F80060009000000040004003F8004
:10C1C00004000400000000100060000000000000F7
:10C1D000000004000400040004000400000000004B
:10C1E00000400000000000000000002001C0060028
:10C1F0003800400000001F802040204020401F8069
:10C200000000000010403FC000400000000018C0C7
:10C21000214022402440184000001080204024404B
:10C2200024401B80000002000D0011003FC00140AF
:10C2300000003C80244024402440238000001F80D4
:10C24000244024403440038000003000200027C0F8
:10C250003800200000001B802440244024401B8024
:10C2600000001C0022C0224022401F80000000006D
:10C270000000084000000000000000000000046012
:10C28000000000000000000004000A0011002080EF
:10C2900040400900090009000900090000000000F1
:10C2A0004040208011000A000400180020002340B4
:10C2B0002400180000001F802040274029401F4014
:10C2C0000000004007C039000F0001C000402040BE
:10C2D0003FC0244024401B8000001F80204020409D
:10C2E00020403080000020403FC0204020401F8080
:10C2F000000020403FC024402E4030C000002040BD
:10C300003FC024402E00300000000F00108020406D
:10C3100022403380020020403FC0040004003FC0A0
:10C320002040204020403FC02040204000000060CE
:10C33000202020203FC02000200020403FC024407B
:10C340000B0030C0204020403FC020400040004053
:10C3500000C03FC03C0003C03C003FC00000204084
:10C360003FC00C4023003FC020001F8020402040E1
:10C3700020401F80000020403FC0244024001800BF
:10C3800000001F802140214020E01FA0000020402D
:10C390003FC02440260019C0004018C0244024405B
:10C3A000224031800000300020403FC0204030005B
:10C3B000000020003F80004000403F80200020001F
:10C3C0003E0001C0070038002000380007C03C00D4
:10C3D00007C038000000204039C0060039C02040A6
:10C3E00000002000384007C03840200000003040E6
:10C3F00021C02640384020C00000000000007FE03F
:10C40000402040200000000070000C00038000402D
:10C4100000000000402040207FE0000000000000FD
:10C42000200040002000000000000010001000105C
:10C43000001000100010000000004000000000008C
:10C440000000000002800540054003C000402000BD
:10C450003FC004400440038000000000038004400B
:10C4600004400640000000000380044024403FC018
:10C47000004000000380054005400340000000002C
:10C4800004401FC0244024402000000002E005506A
:10C4900005500650042020403FC00440040003C063
:10C4A00000400000044027C00040000000000010D1
:10C4B0000010041027E00000000020403FC00140B1
:10C4C000070004C00440204020403FC0004000401E
:10C4D000000007C0040007C0040003C000000440BF
:10C4E00007C00440040003C0004000000380044073
:10C4F000044003800000041007F00450044003804F
:10C500000000000003800440045007F000100440C5
:10C5100007C002400400040000000000064005407F
:10C52000054004C00000000004001F8004400040DB
:10C530000000040007800040044007C000400400E1
:10C54000070004C0018006000400060001C00700C7
:10C5500001C006000000044006C0010006C00440FF
:10C5600000000410071004E0018006000400000031
:10C57000044005C006400440000000000000040024
:10C580007BE040200000000000000000FFF0000001
:10C590000000000040207BE004000000000040009C
:10C5A000800040002000200040000000000000004B
:10C5B000000000000000000000000000000000007B
:10C5C0001FCC000C0000000000000000080030003C
:10C5D00060000800300060000000022003FC1E2004
:10C5E000022003FC1E200220000000000E1811048F
:10C5F0003FFF10840C78000000000F0010840F38FB
:10C6000000C0077818840078000000780F8410C4F8
:10C6100011240E9800E400840008080068007000EF
:10C62000000000000000000000000000000000000A
:10C6300007E0181820044002000000004002200417
:10C64000181807E0000000000000024002400180CE
:10C650000FF0018002400240000000800080008056
:10C660000FF800800080008000000001000D000E27
:10C6700000000000000000000000000000800080BA
:10C68000008000800080008000800000000C000C12
:10C69000000000000000000000000000000600187C
:10C6A00000600180060018002000000007F0080864
:10C6B00010041004080807F0000000000804080433
:10C6C0001FFC000400040000000000000E0C101409
:10C6D0001024104411840E0C000000000C181004EB
:10C6E0001104110412880C700000000000E0032007
:10C6F000042408241FFC0024000000001F9810845C
:10C7000011041104108810700000000007F0088860
:10C710001104110418880070000000001C001000B3
:10C7200010FC13001C001000000000000E38114423
:10C730001084108411440E38000000000700088C9B
:10C7400010441044088807F00000000000000000BA
:10C75000030C030C000000000000000000000001BA
:10C760000106000000000000000000000080014001
:10C7700002200410080810040000022002200220F9
:10C7800002200220022002200000000010040808FD
:10C790000410022001400080000000000E00120082
:10C7A000100C106C10800F00000003E00C1813E454
:10C7B000142417C4082807D000000004003C03C458
:10C7C0001C40074000E4001C000410041FFC11047E
:10C7D000110411040E880070000003E00C1810040E
:10C7E0001004100410081C10000010041FFC10049A
:10C7F00010041004080807F0000010041FFC1104C6
:10C80000110417C410040818000010041FFC1104C0
:10C81000110017C010000800000003E00C181004FD
:10C82000100410441C780040000010041FFC108409
:10C830000080008010841FFC10040000100410040D
:10C840001FFC100410040000000000030001100190
:10C8500010011FFE10001000000010041FFC110446
:10C8600003801464181C1004000010041FFC100442
:10C87000000400040004000C000010041FFC1F0052
:10C8800000FC1F001FFC1004000010041FFC0C041F
:10C89000030000E010181FFC100007F00808100447
:10C8A00010041004080807F0000010041FFC108496
:10C8B0001080108010800F00000007F0081810246E
:10C8C0001024101C080A07F2000010041FFC1104B9
:10C8D000110011C011300E0C000400000E1C1104D8
:10C8E0001084108410441C3800001800100010043C
:10C8F0001FFC100410001800000010001FF81004A6
:10C900000004000410041FF8100010001E0011E0C5
:10C91000001C007013801C0010001FC0103C00E0C1
:10C920001F0000E0103C1FC000001004180C16345B
:10C9300001C001C01634180C100410001C001304B0
:10C9400000FC13041C00100000000804101C1064FC
:10C95000108413041C0410180000000000000000E4
:10C960007FFE4002400240020000000030000C0048
:10C9700003800060001C0003000000004002400231
:10C9800040027FFE000000000000000000002000C8
:10C9900040004000400020000000000100010001B4
:10C9A0000001000100010001000100004000400002
:10C9B000200000000000000000000000009801249A
:10C9C00001440144014400FC000410001FFC0088E5
:10C9D000010401040088007000000000007000885D
:10C9E00001040104010400880000000000700088B8
:10C9F0000104010411081FFC0004000000F80144B8
:10CA000001440144014400C8000000000104010485
:10CA10000FFC1104110411001800000000D60129B8
:10CA20000129012901C90106000010041FFC00842E
:10CA300001000100010400FC0004000001041904CD
:10CA400019FC0004000400000000000000030001C5
:10CA50000101190119FE0000000010041FFC002450
:10CA6000004001B4010C0104000000001004100497
:10CA70001FFC0004000400000000010401FC01048C
:10CA8000010001FC0104010000FC010401FC008420
:10CA900001000100010400FC0004000000F8010492
:10CAA00001040104010400F80000010101FF0085F8
:10CAB000010401040088007000000000007000887C
:10CAC00001040104010501FF00010104010401FC4E
:10CAD00000840104010001800000000000CC01245A
:10CAE000012401240124019800000000010001003C
:10CAF00007F80104010400000000010001F800042F
:10CB000000040004010801FC000401000180017020
:10CB1000000C001001600180010001F0010C0030E8
:10CB200001C00030010C01F0010000000104018C83
:10CB300000740170018C0104000001010181017188
:10CB4000000E001801600180010000000184010C4A
:10CB5000013401440184010C0000000000000000C9
:10CB6000000001003EFC4002400200000000000006
:10CB70000000FFFF00000000000000004002400233
:10CB80003EFC01000000000000000000600080008A
:10CB90008000400040002000200000000000000055
:10CBA0000000000000000000000000000000000085
:10CBB0000000000000000000000000000000000075
:10CBC000000000000000000000000000000F80389E
:10CBD0000FFE380F80380000000000000000000049
:10CBE00000000000000000000100000600000C0032
:10CBF000003800003100000600000C000038000082
:10CC00003000000000000000000061800067F807AD
:10CC1000F9800061800061800061800061800067B0
:10CC2000F807F980006180000000000000000000AB
:10CC300001C0E003E0F00630080418081FFFFE04FE
:10CC40000E080787F00381E000000000000001F0FB
:10CC500000060C00040408060C7001F9C0000E0068
:10CC6000003BE000EC18070808040C180003E00083
:10CC700000000001E00007F003F818041C08041786
:10CC80000807E1D003C0E00023B0003C0800200802
:10CC90000000100000000000000100003100003220
:10CCA00000001C0000000000000000000000000068
:10CCB0000000000000000000000000000000000074
:10CCC000000000000000000000007F0001FFC0071E
:10CCD00080F00C001810000420000200000000008A
:10CCE000002000021000040C00180780F001FFC0B3
:10CCF000007F0000000000000000000000000000B5
:10CD00000000000000004200006600006600003CD9
:10CD10000000180003FFC0001800003C000066007F
:10CD2000006600004200000000000800000800004B
:10CD3000080000080000080001FFC000080000080B
:10CD400000000800000800000800000000000001CA
:10CD500000003100003200001C0000000000000054
:10CD600000000000000000000000000000000000C3
:10CD7000000008000008000008000008000008008B
:10CD8000000800000800000800000800000800007B
:10CD90000000000000000000000038000038000023
:10CDA000380000000000000000000000000000004B
:10CDB00000000000000000000000000600001C0051
:10CDC0000070000180000E0000380000C000070065
:10CDD000001C0000300000000000000000007F8008
:10CDE00001FFE00380700600180400080400080634
:10CDF000001803807001FFE0007F80000000000049
:10CE00000000000001000801000801000803FFF80D
:10CE100007FFF800000800000800000800000000FC
:10CE2000000000000001C03802C05804009804014E
:10CE300018040218040418061C1803F81801E0F876
:10CE400000000000000000000001C0E003C0F0048A
:10CE5000000804080804080806180803F41801E785
:10CE6000F00001E0000000000000000000000300EE
:10CE7000000D000011000061000081080301080797
:10CE8000FFF80FFFF8000108000108000000000093
:10CE9000000000E007FCD00608080610080610088D
:10CEA000061008061838060FF00607C0000000003C
:10CEB0000000000000003F8001FFE0038430020812
:10CEC00018041008041008041008071810030FF0C5
:10CED0000007C000000000000000000003C00007C1
:10CEE00000000600000600F80607F806180006E035
:10CEF0000007000006000000000000000001E1E063
:10CF000003F7F0063410041808041808040C080489
:10CF10000C0806161803F3F001C1E0000000000041
:10CF20000000F80003FC300306380402080402087D
:10CF30000402080404100308F001FFC0007F000091
:10CF400000000000000000000000000000000000E1
:10CF500000007038007038007038000000000000D9
:10CF600000000000000000000000000000000000C1
:10CF7000000000000000301A00301C00000000001B
:10CF800000000000000000000000000000000000A1
:10CF90000008000014000022000041000080800111
:10CFA00000400200200400100800080000000000FB
:10CFB00000002100002100002100002100002100CC
:10CFC00000210000210000210000210000210000BC
:10CFD000000000000000000008000804001002002B
:10CFE0002001004000808000410000220000140069
:10CFF00000080000000000000003C00004C000049E
:10D000000000080038080F380808380810000C30F5
:10D010000007E00003C000000000000000003F80A7
:10D0200000FFE0038070020F1006708804C08804BF
:10D030008308047F8802C09003012000FE400000A6
:10D04000080000180001F8003E0801C200070200B5
:10D0500007E20000FE00001FC80001F800003800D1
:10D06000000804000807FFF807FFF8040808040890
:10D070000804080804080806180803F41801E7F073
:10D080000001E0000000000000003F8001FFE0031D
:10D09000807002001804000804000804000804005E
:10D0A000100600200780C000000004000807FFF8F9
:10D0B00007FFF80400080400080400080400180230
:10D0C000001003807001FFE0007F8000000004007A
:10D0D0000807FFF807FFF804080804080804080810
:10D0E000040808043E080400080600180100600057
:10D0F000000004000807FFF807FFF8040808040808
:10D1000000040800040800043E00060000060000B9
:10D11000018000000000000000003F8001FFE003EC
:10D1200080700600180400080402080402080203C4
:10D13000F00783F000020000020004000807FFF877
:10D1400007FFF804080800080000080000080000B5
:10D15000080004080807FFF807FFF80400080000AB
:10D160000000000004000804000804000807FFF89D
:10D1700007FFF8040008040008040008000000008D
:10D18000000000000000000600000700000104008D
:10D190000104000104000307FFFE07FFFC04000078
:10D1A00004000004000004000807FFF807FFF8046B
:10D1B0000C08001800003E0004C7800503C80600E4
:10D1C000F804003804001800000804000807FFF8FD
:10D1D00007FFF8040008000008000008000008002D
:10D1E00000080000080000180000600000000400B3
:10D1F0000807FFF807800807FC00007FC00003F85D
:10D200000007C000780007800807FFF807FFF80450
:10D21000000804000807FFF807000803C00000E04A
:10D2200000003800001E000007000001C00400F0EC
:10D2300007FFF8040000000000007F8001FFE0030A
:10D240008070060018040008040008060018030097
:10D250003001FFE0007F8000000004000807FFF8B5
:10D2600007FFF80404080404000404000404000494
:10D270000400060C0003F80001F0000000000000AC
:10D2800000007F8001FFE0038070060088040088B2
:10D290000400C806003C03003E01FFE6007F840056
:10D2A000000004000807FFF807FFF8040808040856
:10D2B00000040C00040F00040BC00610F003F0384B
:10D2C00001E00800000800000001E0F803F030066B
:10D2D0003010041808041808040C08040C0802068E
:10D2E000180207F00781E00000000180000600003E
:10D2F00004000004000004000807FFF807FFF8041A
:10D300000008040000040000060000018000040082
:10D310000007FFE007FFF004001800000800000805
:10D3200000000800000800000804001007FFE004E7
:10D33000000004000006000007E00007FE00041FD4
:10D34000E00001F80000380001E0043E0007C000E2
:10D3500006000004000004000007E00007FFC0040E
:10D360001FF80007C007F80007FF80043FF8000718
:10D37000C004F800070000040000000000040008DA
:10D3800006001807C07805F1C8003E00001F8004A1
:10D3900063E80780F8060018040008000000040095
:10D3A0000006000007800007E008047C08001FF862
:10D3B0000007F800180804E0080700000600000451
:10D3C00000000000000100080600380400F8040313
:10D3D000E8040F08047C0805F00807C008070018D7
:10D3E00004006000000000000000000000000000D9
:10D3F00000000000003FFFFE20000220000220008D
:10D4000002200002200002000000000000000000D6
:10D4100008000007000000C00000380000060000FF
:10D4200001C000003000000E0000010000000000FC
:10D430000000000020000220000220000220000264
:10D440002000023FFFFE000000000000000000007E
:10D4500000000000000000000000000800001000B4
:10D460000030000020000030000010000008000024
:10D4700000000000000000000100000100000100A9
:10D480000001000001000001000001000001000097
:10D490000100000100000100000100000000000088
:10D4A000000000200000200000100000100000001C
:10D4B000000000000000000000000000000000006C
:10D4C000000000F00019F8001B18002208002608D0
:10D4D000002408002410003FF8001FF80000080096
:10D4E000001800000004000007FFF80FFFF000180C
:10D4F00018001008002008002008003018001FF055
:10D50000000FC00000000000000007C0001FF00076
:10D510001830002008002008002008003C08001CEB
:10D52000100000600000000000000000000007C0C4
:10D53000001FF00038180020080020080020080410
:10D54000101007FFF80FFFF00000100000000000AF
:10D55000000000000007C0001FF000123000221879
:10D56000002208002208003208001E10000E2000D1
:10D57000000000000000200000200800200801FF3B
:10D58000F803FFF8062008042008042008072000FC
:10D5900003000000000000000000000E000E6E00FE
:10D5A0001FF30031B10020B10020B1003191001F04
:10D5B00013002E1E00200E003000000000040008A2
:10D5C00007FFF80FFFF800100800200000200000FF
:10D5D0002008003FF8001FF80000080000000000CD
:10D5E00000000000002008002008002008063FF886
:10D5F000063FF800000800000800000800000000D6
:10D6000000000000000000000000030000030020F4
:10D6100001002001002003063FFE063FFC00000041
:10D6200000000000000000000004000807FFF80FE1
:10D63000FFF8000188000300002FC00038F8002028
:10D640003800200800000800000000000000000072
:10D6500004000804000804000807FFF80FFFF800A2
:10D660000008000008000008000000000000002082
:10D6700008003FF8003FF8001008002000003FF8C5
:10D68000003FF8001008002000003FF8003FF800BD
:10D690000008000000002008003FF8003FF80010DC
:10D6A00008001000002000002008003FF8001FF8CC
:10D6B0000000080000000000000007C0000FF0009C
:10D6C000183000300800200800200800300800183A
:10D6D00030000FF00007C000000000000000200133
:10D6E000003FFF003FFF001011002009002008004C
:10D6F0002008003038001FF0000FC00000000000BC
:10D70000000007C0001FF0003818002008002008A3
:10D71000002009001011001FFF003FFF0000010062
:10D720000000002008002008002008003FF8003F0B
:10D73000F800080800100800200800200000300051
:10D74000003000000000000000000000000C780025
:10D750001E1800330800230800210800218800213A
:10D76000980030F000386000000000000000200049
:10D7700000200000200000FFF003FFF80020080058
:10D780002008002008000030000000000000000019
:10D7900000002000003FF0007FF8000018000008A3
:10D7A000000008002010003FF8007FF0000010008B
:10D7B0000000000000002000003000003C00003F9E
:10D7C000800023F0000078000070002380003C00FF
:10D7D000003000002000002000003C00003FE0007E
:10D7E00023F80000E0002700003E00003FE0002199
:10D7F000F80001E0003E00002000000000002008CA
:10D80000002008003838003E680027800003C80068
:10D810002CF8003838002018002008000000000014
:10D8200000002000003003003C01003F830023EC97
:10D83000000070002380003C000020000020000059
:10D840000000000000000000003808002038002020
:10D85000F80023E8002F88003E0800380800201850
:10D860000000700000000000000000000000000048
:10D8700000000000000008000014001FF7FC30004A
:10D880000620000200000000000000000000000070
:10D89000000000000000000000000000FFFFFF008B
:10D8A0000000000000000000000000000000000078
:10D8B000000000002000023000061FF7FC001400EA
:10D8C0000008000000000000000000000000000050
:10D8D0000000000000180000600000400000400050
:10D8E00000200000100000080000040000040000F8
:10D8F0000C0000100000000000000000000000000C
:10D900000000000000000000000000000000000017
:10D910000000000000000000000000000000000007
:10D9200000000000000000000000000000000000F7
:10D9300000000000000000000000000000000000E7
:10D9400000000000000000000000000000000000D7
:10D9500000000000000000000000000000000000C7
:10D9600000000000000000000000000000000000B7
:10D9700000000000000000000000000000000000A7
:10D98000000000000000000000000000000007F0A0
:10D9900000C007FFE1E007F001E0000000C0000068
:10D9A0000000000000000000000000000000000077
:10D9B0000000000000000000000000000000000067
:10D9C0000000000000000000000000000000000057
:10D9D0000000000000000000000000000000000047
:10D9E0000000000000000000000000000000000037
:10D9F0000000000000000000000000000000002007
:10DA0000000001C00000078000001F0000001E0091
:10DA100000001C20000001C00000078000001F0063
:10DA200000001E0000001C000000000000000000BC
:10DA300000000000000000000000000000000000E6
:10DA400000000000000000000000000000000000D6
:10DA500000000000000000000000000000000000C6
:10DA600000000000000000000000000000000000B6
:10DA70000000000000000000000000180C0000186A
:10DA80000C0000180FE0001FFC0003F80C00001849
:10DA90000C0000180C0000180C0000180C000018F6
:10DAA0000FE0001FFC0003F80C0000180C00001829
:10DAB0000C0000000000000000000000000000005A
:10DAC0000000000000000000000000000000000056
:10DAD0000000000000000000000000000000000046
:10DAE0000000000000000000000000000000000036
:10DAF0000000000000000000000000000000000026
:10DB00000780007807C000FC0640010E00200307D4
:10DB10000020020380200FFFFFFC0201C020020052
:10DB2000E0600130704001F03F8000F01F00000015
:10DB300000000000000000000000000000000000E5
:10DB400000000000000000000000000000000000D5
:10DB500000000000000000000000000000000000C5
:10DB600000000000000000000000000000000000B5
:10DB700000000000000000FE000001FF00000301A3
:10DB8000800002008060030181C001FF070000FEE9
:10DB900018000000E0000003BF00000CFFC000718F
:10DBA000806001C10020030180600000FFC0000010
:10DBB0003F00000000000000000000000000000026
:10DBC0000000000000000000000000000000000055
:10DBD0000000000000000000000000000000000045
:10DBE0000000000000000000000000000000000035
:10DBF00000000000000000001F0000007FC000FCCB
:10DC0000C0C001FF80600303E0200202782002060A
:10DC10001E2003FC074001F00380000103C0000147
:10DC20001C600001E0200001002000010040000015
:10DC30000180000000000000000000000000000063
:10DC400000000000000000000000000000000000D4
:10DC500000000000000000000000000000000000C4
:10DC600000000000000000000000000000000000B4
:10DC700000000000000000000000002000001C6008
:10DC800000001C4000001F8000000F00000000008A
:10DC90000000000000000000000000000000000084
:10DCA0000000000000000000000000000000000074
:10DCB0000000000000000000000000000000000064
:10DCC0000000000000000000000000000000000054
:10DCD0000000000000000000000000000000000044
:10DCE0000000000000000000000000000000000034
:10DCF0000000000000000000000000000000000024
:10DD00000000000000000000000000000000000013
:10DD100000000007F800003FFF00007807C001C0C6
:10DD200000E00300003004000008080000041000B8
:10DD300000020000000000000000000000000000E1
:10DD400000000000000000000000000000000000D3
:10DD500000000000000000000000000000000000C3
:10DD600000000000000000000000000000000000B3
:10DD70000000000000000000000010000002080089
:10DD80000004040000080300003001C000E0007837
:10DD900007C0003FFF000007F8000000000000007F
:10DDA0000000000000000000000000000000000073
:10DDB0000000000000000000000000000000000063
:10DDC0000000000000000000000000000000000053
:10DDD0000000000000000000000000000000000043
:10DDE0000000000000000000000000000000000033
:10DDF0000000000000000000000000000000000C17
:10DE00001800000E3800000E380000063000000335
:10DE100060000061438000FFFF8000614300000359
:10DE2000600000063000000E3800000E3800000CC4
:10DE300018000000000000000000000000000000CA
:10DE400000000000000000000000000000000000D2
:10DE500000000000000000000000000000000000C2
:10DE600000000000000000000000000000000000B2
:10DE700000000000000000000000000000000000A2
:10DE80008000000080000000800000008000000092
:10DE9000800000008000007FFF0000008000000084
:10DEA0008000000080000000800000008000000072
:10DEB00080000000000000000000000000000000E2
:10DEC0000000000000000000000000000000000052
:10DED0000000000000000000000000000000000042
:10DEE0000000000000000000000000000000000032
:10DEF0000000000000000000000000000001000021
:10DF000000E3000000E2000000FC000000780000D8
:10DF10000000000000000000000000000000000001
:10DF200000000000000000000000000000000000F1
:10DF300000000000000000000000000000000000E1
:10DF400000000000000000000000000000000000D1
:10DF500000000000000000000000000000000000C1
:10DF600000000000000000000000000000000000B1
:10DF70000000000000000000000000008000000021
:10DF80008000000080000000800000008000000091
:10DF90008000000080000000800000008000000081
:10DFA0008000000080000000800000008000000071
:10DFB00080000000000000000000000000000000E1
:10DFC0000000000000000000000000000000000051
:10DFD0000000000000000000000000000000000041
:10DFE0000000000000000000000000000000000031
:10DFF0000000000000000000000000000000000021
:10E0000000C0000001E0000001E0000000C00000CE
:10E010000000000000000000000000000000000000
:10E0200000000000000000000000000000000000F0
:10E0300000000000000000000000000000000000E0
:10E0400000000000000000000000000000000000D0
:10E0500000000000000000000000000000000000C0
:10E0600000000000000000000000000000000000B0
:10E07000000000000000000000000000000C000094
:10E080000038000000E00000038000000E000000E7
:10E0900038000000E00000038000000E000000389F
:10E0A000000000E00000038000000E0000001800E7
:10E0B0000000000000000000000000000000000060
:10E0C0000000000000000000000000000000000050
:10E0D0000000000000000000000000000000000040
:10E0E0000000000000000000000000000000000030
:10E0F0000000000000000000000000000000000F11
:10E10000F800007FFF0000F00780018000C00300DE
:10E110000060020000200200002002000020030036
:10E120000060018000C000E00380007FFF00000F5E
:10E13000F8000000000000000000000000000000E7
:10E1400000000000000000000000000000000000CF
:10E1500000000000000000000000000000000000BF
:10E1600000000000000000000000000000000000AF
:10E17000000000000000000000000000000000009F
:10E18000000000800020008000200080002000802F
:10E19000006001FFFFE003FFFFE0000000600000FF
:10E1A000002000000020000000200000000000000F
:10E1B000000000000000000000000000000000005F
:10E1C000000000000000000000000000000000004F
:10E1D000000000000000000000000000000000003F
:10E1E000000000000000000000000000000000002F
:10E1F00000000000000000000000000000000078A7
:10E2000000E000980160010002600200046002006A
:10E2100008600200106002002060020040600300FD
:10E2200080600183006001FE00E0007C0780000048
:10E2300000000000000000000000000000000000DE
:10E2400000000000000000000000000000000000CE
:10E2500000000000000000000000000000000000BE
:10E2600000000000000000000000000000000000AE
:10E27000000000000000000000000000000000F0AE
:10E28000078001F007C001000040020000200201E9
:10E2900000200201002002010020030380200186EB
:10E2A000804001FCC0C000787F8000001E0000009C
:10E2B000000000000000000000000000000000005E
:10E2C000000000000000000000000000000000004E
:10E2D000000000000000000000000000000000003E
:10E2E000000000000000000000000000000000002E
:10E2F0000000000000000000000000000800000016
:10E300003800000048000001880000060800000CEA
:10E310000810003008100040081001FFFFF003FF54
:10E32000FFF003FFFFF000000810000008100000DD
:10E3300008100000000000000000000000000000C5
:10E3400000000000000000000000000000000000CD
:10E3500000000000000000000000000000000000BD
:10E3600000000000000000000000000000000000AD
:10E37000000000000000000000000000000000009D
:10E380000780001F864003E10020030200200304F1
:10E3900000200304002003040020030400200306DF
:10E3A0000040030301C00301FF8003007E00000062
:10E3B000000000000000000000000000000000005D
:10E3C000000000000000000000000000000000004D
:10E3D000000000000000000000000000000000003D
:10E3E000000000000000000000000000000000002D
:10E3F0000000000000000000000000000000000716
:10E40000FC00003FFF000070C380008180C001015C
:10E41000006003020020020200200202002002022B
:10E4200000200203004001C180C000C0FF80000046
:10E430007E0000000000000000000000000000005E
:10E4400000000000000000000000000000000000CC
:10E4500000000000000000000000000000000000BC
:10E4600000000000000000000000000000000000AC
:10E47000000000000000000000000000000000F0AC
:10E48000000003C000000380000003000000030040
:10E4900007E003003FE00301C0000306000003188B
:10E4A0000000036000000380000003000000000083
:10E4B000000000000000000000000000000000005C
:10E4C000000000000000000000000000000000004C
:10E4D000000000000000000000000000000000003C
:10E4E000000000000000000000000000000000002C
:10E4F0000000000000000000000000001F00007885
:10E500003F8000FC60C0018EC040030780200203F2
:10E51000002002018020020180200201C0200301AE
:10E52000E040018670C000FC3F8000781F000000C2
:10E5300000000000000000000000000000000000DB
:10E5400000000000000000000000000000000000CB
:10E5500000000000000000000000000000000000BB
:10E5600000000000000000000000000000000000AB
:10E5700000000000000000000000003F000000FF5D
:10E5800081C001C0C1C00100602002002020020043
:10E5900020200200202002002060020040C0010074
:10E5A000C18000C18F00007FFE00001FF00000004E
:10E5B000000000000000000000000000000000005B
:10E5C000000000000000000000000000000000004B
:10E5D000000000000000000000000000000000003B
:10E5E000000000000000000000000000000000002B
:10E5F000000000000000000000000000000000001B
:10E600000000000000000000000000000000000307
:10E6100000C0000781E0000781E0000300C00000A7
:10E6200000000000000000000000000000000000EA
:10E6300000000000000000000000000000000000DA
:10E6400000000000000000000000000000000000CA
:10E6500000000000000000000000000000000000BA
:10E6600000000000000000000000000000000000AA
:10E67000000000000000000000000000000000009A
:10E680000000000000000000000000000000000684
:10E690000066000600780000000000000000000096
:10E6A000000000000000000000000000000000006A
:10E6B000000000000000000000000000000000005A
:10E6C000000000000000000000000000000000004A
:10E6D000000000000000000000000000000000003A
:10E6E000000000000000000000000000000000002A
:10E6F000000000000000000000000000000000001A
:10E7000080000001C0000003600000063000000C23
:10E71000180000180C00003006000060030000C064
:10E7200001800100004002000020040000100000F1
:10E7300000000000000000000000000000000000D9
:10E7400000000000000000000000000000000000C9
:10E7500000000000000000000000000000000000B9
:10E7600000000000000000000000000000000000A9
:10E770000000000000000000000000041000000481
:10E780001000000410000004100000041000000439
:10E790001000000410000004100000041000000429
:10E7A0001000000410000004100000041000000419
:10E7B0001000000000000000000000000000000049
:10E7C0000000000000000000000000000000000049
:10E7D0000000000000000000000000000000000039
:10E7E0000000000000000000000000000000000029
:10E7F0000000000000000000000000000000040015
:10E800000010020000200100004000C001800060F4
:10E8100003000030060000180C00000C1800000671
:10E820003000000360000001C00000008000000014
:10E8300000000000000000000000000000000000D8
:10E8400000000000000000000000000000000000C8
:10E8500000000000000000000000000000000000B8
:10E8600000000000000000000000000000000000A8
:10E870000000000000000000000000000000007820
:10E88000000001F80000023800000200000004004F
:10E8900000C0040079E0040081E0040100C004032A
:10E8A0000000020200000306000001FC000000F866
:10E8B0000000000000000000000000000000000058
:10E8C0000000000000000000000000000000000048
:10E8D0000000000000000000000000000000000038
:10E8E0000000000000000000000000000000000028
:10E8F00000000000000000000000000FF800003FD2
:10E90000FE000070078000C000C00101F84003074E
:10E91000FC20021E04200230082002203020023F8A
:10E92000FC20013F044001800CC000E03180001F4A
:10E93000C200000000000000000000000000000015
:10E9400000000000000000000000000000000000C7
:10E9500000000000000000000000000000000000B7
:10E9600000000000000000000000000000000000A7
:10E970000000000000000000002000000060000017
:10E9800003E000003E200003E020003E200003E002
:10E9900020000380200007FC2000003FE00000036F
:10E9A000FE2000003FE0000001E000000020000029
:10E9B0000020000000000000000000000000000037
:10E9C0000000000000000000000000000000000047
:10E9D0000000000000000000000000000000000037
:10E9E0000000000000000000000000000000000027
:10E9F00000000000000000000000020000200200F3
:10EA0000002003FFFFE003FFFFE0020100200201FE
:10EA10000020020100200201002002010020030367
:10EA200000200186806001FCC0C000F87F800000EB
:10EA30001F000000000000000000000000000000B7
:10EA400000000000000000000000000000000000C6
:10EA500000000000000000000000000000000000B6
:10EA600000000000000000000000000000000000A6
:10EA7000000000000000000000000007F800003F58
:10EA8000FF000070078000C000C0010000400300CC
:10EA900000200200002002000020020000200200EE
:10EAA000002001000040018000C003C00180003050
:10EAB0000600000000000000000000000000000050
:10EAC0000000000000000000000000000000000046
:10EAD0000000000000000000000000000000000036
:10EAE0000000000000000000000000000000000026
:10EAF00000000000000000000000020000200200F2
:10EB0000002003FFFFE003FFFFE0020000200200FF
:10EB1000002002000020020000200300006001002D
:10EB20000040018000C000F00780007FFE00000F61
:10EB3000F8000000000000000000000000000000DD
:10EB400000000000000000000000000000000000C5
:10EB500000000000000000000000000000000000B5
:10EB600000000000000000000000000000000000A5
:10EB70000000000000000000000002000020020071
:10EB8000002003FFFFE003FFFFE00201002002017D
:10EB900000200201002002010020020100200203E7
:10EBA0008020020FE0200300006003C000E000604E
:10EBB0000300000000000000000000000000000052
:10EBC0000000000000000000000000000000000045
:10EBD0000000000000000000000000000000000035
:10EBE0000000000000000000000000000000000025
:10EBF00000000000000000000000020000200200F1
:10EC0000002003FFFFE003FFFFE0020100200201FC
:10EC100000200201000002010000020100000201C8
:10EC2000000002038000030FE0000300000003C0A7
:10EC30000000006000000000000000000000000074
:10EC400000000000000000000000000000000000C4
:10EC500000000000000000000000000000000000B4
:10EC600000000000000000000000000000000000A4
:10EC7000000000000000000000000007F800003F56
:10EC8000FE000070078001C001C0010000400300C9
:10EC900000200200002002000020020000200100ED
:10ECA00020200100204003C03F8000303F80000052
:10ECB0002000000020000000000000000000000014
:10ECC0000000000000000000000000000000000044
:10ECD0000000000000000000000000000000000034
:10ECE0000000000000000000000000000000000024
:10ECF000000000000000020000200200002003FFCE
:10ED0000FFE003FFFFE002008020020080200000FF
:10ED100080000000800000008000020080200200CF
:10ED2000802003FFFFE003FFFFE00200002002005D
:10ED300000200000000000000000000000000000B3
:10ED400000000000000000000000000000000000C3
:10ED500000000000000000000000000000000000B3
:10ED600000000000000000000000000000000000A3
:10ED70000000000000000000000000000000000093
:10ED8000000002000020020000200200002002001B
:10ED9000002003FFFFE003FFFFE00200002002006D
:10EDA00000200200002002000020000000000000FF
:10EDB0000000000000000000000000000000000053
:10EDC0000000000000000000000000000000000043
:10EDD0000000000000000000000000000000000033
:10EDE0000000000000000000000000000000000023
:10EDF000000000000000000000000000000E000005
:10EE0000000F0000000F00000001020000010200DE
:10EE10000001020000030200000603FFFFFC03FFE5
:10EE2000FFF80200000002000000020000000200E3
:10EE300000000000000000000000000000000000D2
:10EE400000000000000000000000000000000000C2
:10EE500000000000000000000000000000000000B2
:10EE600000000000000000000000000000000000A2
:10EE7000000000000000000000000200002002006E
:10EE8000002003FFFFE003FFFFE00200C0200201BB
:10EE9000002000078000000FE0000030F800026052
:10EEA0003E2003800F20030003E0020000E0020088
:10EEB0000020000000200000000000000000000012
:10EEC0000000000000000000000000000000000042
:10EED0000000000000000000000000000000000032
:10EEE0000000000000000000000000000000000022
:10EEF00000000000000000000000020000200200EE
:10EF0000002003FFFFE003FFFFE0020000200200FB
:10EF10000020000000200000002000000020000071
:10EF200000200000002000000060000000E0000061
:10EF300003000000000000000000000000000000CE
:10EF400000000000000000000000000000000000C1
:10EF500000000000000000000000000000000000B1
:10EF600000000000000000000000000000000000A1
:10EF7000000000000000020000200200002003FF4B
:10EF8000FFE003E0002003FF0020001FF00000016D
:10EF9000FF8000000FE000001E000003E000003EC4
:10EFA000002003E0002003FFFFE003FFFFE002007A
:10EFB000002002000020000000000000000000000F
:10EFC0000000000000000000000000000000000041
:10EFD0000000000000000000000000000000000031
:10EFE0000000000000000000000000000000000021
:10EFF000000000000000020000200200002003FFCB
:10F00000FFE00380002003F0002000FC0000001F50
:10F0100000000007C0000001F00000007C000200BA
:10F020001F80020007E003FFFFE002000000020073
:10F0300000000000000000000000000000000000D0
:10F0400000000000000000000000000000000000C0
:10F0500000000000000000000000000000000000B0
:10F0600000000000000000000000000000000000A0
:10F0700000000000000000000000000FF800003F4A
:10F08000FE0000F00780018000C001000040020087
:10F0900000200200002002000020020000200100E9
:10F0A0000040018000C000F00380003FFE00000F20
:10F0B000F800000000000000000000000000000058
:10F0C0000000000000000000000000000000000040
:10F0D0000000000000000000000000000000000030
:10F0E0000000000000000000000000000000000020
:10F0F00000000000000000000000020000200200EC
:10F10000002003FFFFE003FFFFE002008020020079
:10F1100080200200800002008000020080000200C7
:10F120008000030180000183000000FE0000007CDD
:10F1300000000000000000000000000000000000CF
:10F1400000000000000000000000000000000000BF
:10F1500000000000000000000000000000000000AF
:10F16000000000000000000000000000000000009F
:10F1700000000000000000000000000FF800007F09
:10F18000FF0000F00380018001C001000640020082
:10F1900004200200042002000620020003E0010017
:10F1A00000F80180005C00E0038C003FFF0C000FC2
:10F1B000FC1800000000000000000000000000003B
:10F1C000000000000000000000000000000000003F
:10F1D000000000000000000000000000000000002F
:10F1E000000000000000000000000000000000001F
:10F1F00000000000000000000000020000200200EB
:10F20000002003FFFFE003FFFFE0020100200201F6
:10F210000020020180000201E0000201FC00030363
:10F220003F80018607E001FC00E000F800200000BC
:10F2300000200000000000000000000000000000AE
:10F2400000000000000000000000000000000000BE
:10F2500000000000000000000000000000000000AE
:10F26000000000000000000000000000000000009E
:10F270000000000000000000000000000000007816
:10F28000060000FE01E0018600C003030040020307
:10F29000002002018020020180200201C020020023
:10F2A000C0200100E060018070C003E03F800000EA
:10F2B0001F0000000000000000000000000000002F
:10F2C000000000000000000000000000000000003E
:10F2D000000000000000000000000000000000002E
:10F2E000000000000000000000000000000000001E
:10F2F000000000000000000000000060000003802B
:10F3000000000300000002000000020000200200D4
:10F31000002003FFFFE003FFFFE0020000200200E7
:10F32000002002000000020000000380000000E056
:10F3300000000000000000000000000000000000CD
:10F3400000000000000000000000000000000000BD
:10F3500000000000000000000000000000000000AD
:10F36000000000000000000000000000000000009D
:10F37000000000000000020000000200000003FF87
:10F38000FF0003FFFFC00200004002000060000019
:10F3900000200000002000000020000000200200EB
:10F3A00000400200008003FFFF0002000000020096
:10F3B000000000000000000000000000000000004D
:10F3C000000000000000000000000000000000003D
:10F3D000000000000000000000000000000000002D
:10F3E000000000000000000000000000000000001D
:10F3F0000000000000000000000002000000020009
:10F40000000003C0000003FC0000023FC000000336
:10F41000F80000007F80000007E000000780000087
:10F4200078000203C000023C000003C0000002009C
:10F4300000000200000000000000000000000000CA
:10F4400000000000000000000000000000000000BC
:10F4500000000000000000000000000000000000AC
:10F46000000000000000000000000000000000009C
:10F470000000000000000200000003C0000003FFC5
:10F480008000023FFE0002007FE000000F0002004B
:10F49000F00003EF000003FF8000020FFE000000F9
:10F4A0003FE000001F000207E00003F80000030037
:10F4B000000002000000000000000000000000004A
:10F4C000000000000000000000000000000000003C
:10F4D000000000000000000000000000000000002C
:10F4E000000000000000000000000000000000001C
:10F4F00000000000000000000000020000200200E8
:10F500000020038000E003F0032002FC0C20021F17
:10F5100030000007C0000007F00002187C00026005
:10F520001F20038003E0020000E002000020000032
:10F5300000200000000000000000000000000000AB
:10F5400000000000000000000000000000000000BB
:10F5500000000000000000000000000000000000AB
:10F56000000000000000000000000000000000009B
:10F570000000000000000000000002000000030086
:10F58000000003C0000003F80000023E0020020F4C
:10F59000C0200001FFE000007FE000038020021C8B
:10F5A0000020027000000380000002000000020042
:10F5B000000000000000000000000000000000004B
:10F5C000000000000000000000000000000000003B
:10F5D000000000000000000000000000000000002B
:10F5E000000000000000000000000000000000001B
:10F5F000000000000000000000000000002000608B
:10F6000000E0038003E003000FA002003E200200A0
:10F61000F8200203E020020F8020023E0020027842
:10F62000002003E00060038000E00200030000000F
:10F6300000000000000000000000000000000000CA
:10F6400000000000000000000000000000000000BA
:10F6500000000000000000000000000000000000AA
:10F66000000000000000000000000000000000009A
:10F67000000000000000000000000000000000008A
:10F6800000000000000000000000000000001FFF5C
:10F69000FFFC100000041000000410000004100023
:10F6A000000410000004100000041000000400001A
:10F6B000000000000000000000000000000000004A
:10F6C000000000000000000000000000000000003A
:10F6D000000000000000000000000000000000002A
:10F6E000000000000000000000000000000000001A
:10F6F000000000000000000000000000000000000A
:10F7000000000700000003C0000000780000001E99
:10F7100000000003C0000000F00000001E00000018
:10F720000780000000F00000003C00000006000020
:10F7300000000000000000000000000000000000C9
:10F7400000000000000000000000000000000000B9
:10F7500000000000000000000000000000000000A9
:10F760000000000000000000000000000000000099
:10F770000000000000000000000000000000100079
:10F780000004100000041000000410000004100029
:10F79000000410000004100000041FFFFFFC000024
:10F7A0000000000000000000000000000000000059
:10F7B0000000000000000000000000000000000049
:10F7C0000000000000000000000000000000000039
:10F7D0000000000000000000000000000000000029
:10F7E0000000000000000000000000000000000019
:10F7F0000000000000000000000000000000000009
:10F8000000000000000002000000040000000800EA
:10F810000000180000001000000018000000180090
:10F8200000000400000002000000000000000000D2
:10F8300000000000000000000000000000000000C8
:10F8400000000000000000000000000000000000B8
:10F8500000000000000000000000000000000000A8
:10F860000000000000000000000000000000000098
:10F870000000000000000000000100000001000086
:10F880000001000000010000000100000001000074
:10F890000001000000010000000100000001000064
:10F8A0000001000000010000000100000001000054
:10F8B0000001000000010000000000000000000046
:10F8C0000000000000000000000000000000000038
:10F8D0000000000000000000000000000000000028
:10F8E0000000000000000000000000000000000018
:10F8F0000000000000000000000000000000000008
:10F9000000001000000010000000100000001800AF
:10F9100000000800000004000000000000000000DB
:10F9200000000000000000000000000000000000D7
:10F9300000000000000000000000000000000000C7
:10F9400000000000000000000000000000000000B7
:10F9500000000000000000000000000000000000A7
:10F960000000000000000000000000000000000097
:10F970000000000000000000000000000380000103
:10F980008FC000038C6000061820000410200004C3
:10F990001020000420200004204000062040000326
:10F9A000FFC00001FFE00000002000000020000078
:10F9B00000C0000000000000000000000000000087
:10F9C0000000000000000000000000000000000037
:10F9D0000000000000000000000000000000000027
:10F9E0000000000000000000000000000000000017
:10F9F0000000000000000000000002000000020003
:10FA0000000003FFFFE007FFFFC0000180C000020D
:10FA10000060000200200004002000040020000418
:10FA2000002000060040000300C00001FF8000002D
:10FA3000FE000000000000000000000000000000C8
:10FA400000000000000000000000000000000000B6
:10FA500000000000000000000000000000000000A6
:10FA60000000000000000000000000000000000096
:10FA70000000000000000000000000000000000086
:10FA80007E000001FF80000381C0000200400006EC
:10FA900000200004002000040020000400200006D4
:10FAA00000200003C0400001C080000003000000EF
:10FAB0000000000000000000000000000000000046
:10FAC0000000000000000000000000000000000036
:10FAD0000000000000000000000000000000000026
:10FAE0000000000000000000000000000000000016
:10FAF0000000000000000000000000000000000006
:10FB00007E000001FF80000380C00006006000044A
:10FB10000020000400200004002002040040020233
:10FB2000008003FFFFE007FFFFC00000004000006F
:10FB30000040000000000000000000000000000085
:10FB400000000000000000000000000000000000B5
:10FB500000000000000000000000000000000000A5
:10FB60000000000000000000000000000000000095
:10FB70000000000000000000000000000000000085
:10FB80007E000001FF80000311C00002104000044D
:10FB90001060000410200004102000041020000653
:10FBA0001020000310400001F0C0000071000000B0
:10FBB0000000000000000000000000000000000045
:10FBC0000000000000000000000000000000000035
:10FBD0000000000000000000000000000000000025
:10FBE0000000000000000000000000000000000015
:10FBF0000000000000000000000000000000000401
:10FC00000000000400200004002000040020007F09
:10FC1000FFE001FFFFE001040020030400200204D4
:10FC2000002002040020020400000200000001C0C5
:10FC3000000001C000000000000000000000000003
:10FC400000000000000000000000000000000000B4
:10FC500000000000000000000000000000000000A4
:10FC60000000000000000000000000000000000094
:10FC70000000000000000000000000000000000084
:10FC8000001C0000E33E0003FFC200020CC300049E
:10FC900004C1000404C1000404C1000404C100063E
:10FCA0000CC10003F8C30005F0620006007E0006E8
:10FCB000003C000000000000000000000000000008
:10FCC0000000000000000000000000000000000034
:10FCD0000000000000000000000000000000000024
:10FCE0000000000000000000000000000000000014
:10FCF00000000000000000000000020000200200E0
:10FD0000002003FFFFE007FFFFE0000100200002EA
:10FD100000200006000000040000000400000004B1
:10FD20000020000600200003FFE00001FFE00000CB
:10FD30000020000000200000000000000000000083
:10FD400000000000000000000000000000000000B3
:10FD500000000000000000000000000000000000A3
:10FD60000000000000000000000000000000000093
:10FD70000000000000000000000000000000000083
:10FD80000000000400200004002000040020000403
:10FD900000200387FFE0038FFFE0038000200000C6
:10FDA00000200000002000000020000000000000F3
:10FDB0000000000000000000000000000000000043
:10FDC0000000000000000000000000000000000033
:10FDD0000000000000000000000000000000000023
:10FDE0000000000000000000000000000000000013
:10FDF0000000000000000000000000000000000003
:10FE000000000000000600000007000000010000E4
:10FE100000010004000100040001000400030004CC
:10FE200000060387FFFC038FFFF80380000000003B
:10FE300000000000000000000000000000000000C2
:10FE400000000000000000000000000000000000B2
:10FE500000000000000000000000000000000000A2
:10FE60000000000000000000000000000000000092
:10FE7000000000000000000000000200002002005E
:10FE8000002003FFFFE007FFFFE000000820000064
:10FE90001020000030000000FC0000058E0000076C
:10FEA00007A0000601E0000400E0000400200000BC
:10FEB0000020000000000000000000000000000022
:10FEC0000000000000000000000000000000000032
:10FED0000000000000000000000000000000000022
:10FEE0000000000000000000000000000000000012
:10FEF0000000000000000000000000000000000002
:10FF00000000020000200200002002000020020089
:10FF1000002003FFFFE007FFFFE0000000200000DB
:10FF20000020000000200000002000000000000071
:10FF300000000000000000000000000000000000C1
:10FF400000000000000000000000000000000000B1
:10FF500000000000000000000000000000000000A1
:10FF60000000000000000000000000000000000091
:10FF70000000000000000000000000040020000756
:10FF8000FFE0000FFFE0000200200004000000047A
:10FF900000200007FFE00003FFE000020020000453
:10FFA0000000000400200007FFE00003FFE0000065
:10FFB0000020000000000000000000000000000021
:10FFC0000000000000000000000000000000000031
:10FFD0000000000000000000000000000000000021
:10FFE0000000000000000000000000000000000011
:10FFF00000000000000000000000000400200004D9
:020000040801F1
:1000000000200007FFE0000FFFE0000100200002D9
:1000100000200002000000040000000400000004B2
:100020000020000600200003FFE00001FFE00000C8
:100030000020000000200000000000000000000080
:1000400000000000000000000000000000000000B0
:1000500000000000000000000000000000000000A0
:100060000000000000000000000000000000000090
:100070000000000000000000000000000000000080
:100080007E000000FF80000381C0000200400006E7
:1000900000200004002000040020000400200006CE
:1000A000002000020040000381C00001FF8000002A
:1000B0007E000000000000000000000000000000C2
:1000C0000000000000000000000000000000000030
:1000D0000000000000000000000000000000000020
:1000E0000000000000000000000000000000000010
:1000F00000000000000000000000000400010004F7
:1001000000010007FFFF000FFFFF000100C1000218
:10011000004100040020000400200004002000042E
:10012000002000060040000301C00001FF80000025
:100130007E00000000000000000000000000000041
:1001400000000000000000000000000000000000AF
:10015000000000000000000000000000000000009F
:10016000000000000000000000000000000000008F
:10017000000000000000000000000000000000007F
:100180007E000001FF80000380C0000200600004C8
:1001900000200004002000040020000400200002D1
:1001A0000041000300C10003FFFF0007FFFF000044
:1001B000000100000001000000000000000000003D
:1001C000000000000000000000000000000000002F
:1001D000000000000000000000000000000000001F
:1001E000000000000000000000000000000000000F
:1001F00000000000000000000000000400200004D7
:1002000000200004002000040020000FFFE0000F89
:10021000FFE00000C02000010020000200200006D6
:10022000002000040000000400000007000000039C
:1002300000000000000000000000000000000000BE
:1002400000000000000000000000000000000000AE
:10025000000000000000000000000000000000009E
:10026000000000000000000000000000000000008E
:10027000000000000000000000000000000000007E
:1002800003E00001C0E00003E0400006302000046D
:100290003020000418200004182000041820000456
:1002A0000C2000020C60000307C0000783800000E0
:1002B000000000000000000000000000000000003E
:1002C000000000000000000000000000000000002E
:1002D000000000000000000000000000000000001E
:1002E000000000000000000000000000000000000E
:1002F00000000000000000000000000000000004FA
:1003000000000004000000040000000C0000001FBA
:10031000FF8000FFFFC00004006000040020000414
:1003200000200004002000040040000001800000C4
:1003300000000000000000000000000000000000BD
:1003400000000000000000000000000000000000AD
:10035000000000000000000000000000000000009D
:10036000000000000000000000000000000000008D
:100370000000000000000000000000040000000475
:1003800000000007FF80000FFFC0000000600000B9
:1003900000200000002000000020000000200004D9
:1003A0000040000400800007FFE0000FFFC00000D5
:1003B00000400000004000000000000000000000BD
:1003C000000000000000000000000000000000002D
:1003D000000000000000000000000000000000001D
:1003E000000000000000000000000000000000000D
:1003F00000000000000000000000000400000004F5
:100400000000000780000007F0000004FE00000468
:100410001FC0000003E00000038000001C00000477
:1004200060000007800000060000000400000000DB
:1004300000000000000000000000000000000000BC
:1004400000000000000000000000000000000000AC
:10045000000000000000000000000000000000009C
:10046000000000000000000000000000000000008C
:10047000000000000000000400000006000000076B
:10048000C0000007FC0000043F80000003E00004FF
:100490000F800006F0000007F0000007FF80000456
:1004A0000FE00000038000043C000007C0000006CD
:1004B0000000000400000000000000000000000038
:1004C000000000000000000000000000000000002C
:1004D000000000000000000000000000000000001C
:1004E000000000000000000000000000000000000C
:1004F00000000000000000000000000000200004D8
:10050000002000040060000700E0000783200007CF
:10051000E6000004F80000003C0000045E20000536
:1005200087A0000601E00004006000040020000035
:10053000002000000000000000000000000000009B
:1005400000000000000000000000000000000000AB
:10055000000000000000000000000000000000009B
:10056000000000000000000000000000000000008B
:100570000000000000000000000000040000000473
:100580000003000700030007E0010004F801000475
:100590001F02000007FC000000E00000070000044C
:1005A00038000007C000000600000004000000043E
:1005B000000000000000000000000000000000003B
:1005C000000000000000000000000000000000002B
:1005D000000000000000000000000000000000001B
:1005E000000000000000000000000000000000000B
:1005F00000000000000000000000000000000007F4
:100600008060000600E0000403E0000407A000048E
:100610000E2000043C20000470200005E0200007AC
:10062000802000070060000400E00000038000005C
:1006300000000000000000000000000000000000BA
:1006400000000000000000000000000000000000AA
:10065000000000000000000000000000000000009A
:10066000000000000000000000000000000000008A
:10067000000000000000000000000000000000007A
:10068000000000000000000000000000000000006A
:10069000000000008000000080000001400007FE14
:1006A0003FF80800000410000002100000020000E3
:1006B000000000000000000000000000000000003A
:1006C000000000000000000000000000000000002A
:1006D000000000000000000000000000000000001A
:1006E000000000000000000000000000000000000A
:1006F00000000000000000000000000000000000FA
:1007000000000000000000000000000000000000E9
:10071000000000000000FFFFFFFF000000000000DD
:1007200000000000000000000000000000000000C9
:1007300000000000000000000000000000000000B9
:1007400000000000000000000000000000000000A9
:100750000000000000000000000000000000000099
:100760000000000000000000000000000000000089
:100770000000000000000000000000000000100069
:100780000002100000020800000407FE3FF800010C
:100790004000000080000000800000000000000019
:1007A0000000000000000000000000000000000049
:1007B0000000000000000000000000000000000039
:1007C0000000000000000000000000000000000029
:1007D0000000000000000000000000000000000019
:1007E0000000000000000000000000000000000009
:1007F00000000000000000000000180000003000B1
:100800000000400000004000000040000000200008
:10081000000030000000080000000400000002009A
:10082000000002000000020000000C0000001800A0
:1008300000000000000000000000000000000000B8
:1008400000000000000000000000000000000000A8
:100850000000000000000000000000000000000098
:100860000000000000000000000000000000000088
:100870000000000000000000800C00000078000074
:100880008007000020000000200000002000000081
:100890000090010000000F0000F0000001030507B8
:1008A000090E10121416181C1E222A2B2C2E3A3B4D
:1008B0003C3D3E3F5B5D7C7F000000040002000188
:1008C000800040002000100008000400020000002A
:1008D00000800040002000100008004000200010B0
:1008E000000800040002A400E8A1A700ECA1A800F1
:1008F000A7A1B000E3A1B100C0A1B700A4A1D70097
:10090000C1A1E000A4A8E100A2A8E800A8A8E9000D
:10091000A6A8EA00BAA8EC00ACA8ED00AAA8F200CC
:10092000B0A8F300AEA8F700C2A1F900B4A8FA007D
:10093000B2A8FC00B9A80101A1A81301A5A81B0138
:10094000A7A82B01A9A84401BDA84801BEA84D0134
:10095000ADA86B01B1A8CE01A3A8D001ABA8D2016C
:10096000AFA8D401B3A8D601B5A8D801B6A8DA01BA
:10097000B7A8DC01B8A85102BBA86102C0A8C70291
:10098000A6A1C902A5A1CA0240A8CB0241A8D902CA
:1009900042A89103A1A69203A2A69303A3A694033F
:1009A000A4A69503A5A69603A6A69703A7A69803B3
:1009B000A8A69903A9A69A03AAA69B03ABA69C0383
:1009C000ACA69D03ADA69E03AEA69F03AFA6A00353
:1009D000B0A6A103B1A6A303B2A6A403B3A6A50320
:1009E000B4A6A603B5A6A703B6A6A803B7A6A903EF
:1009F000B8A6B103C1A6B203C2A6B303C3A6B4038B
:100A0000C4A6B503C5A6B603C6A6B703C7A6B80352
:100A1000C8A6B903C9A6BA03CAA6BB03CBA6BC0322
:100A2000CCA6BD03CDA6BE03CEA6BF03CFA6C003F2
:100A3000D0A6C103D1A6C303D2A6C403D3A6C503BF
:100A4000D4A6C603D5A6C703D6A6C803D7A6C9038E
:100A5000D8A60104A7A71004A1A71104A2A71204F5
:100A6000A3A71304A4A71404A5A71504A6A71604F6
:100A7000A8A71704A9A71804AAA71904ABA71A04C2
:100A8000ACA71B04ADA71C04AEA71D04AFA71E0492
:100A9000B0A71F04B1A72004B2A72104B3A7220462
:100AA000B4A72304B5A72404B6A72504B7A7260432
:100AB000B8A72704B9A72804BAA72904BBA72A0402
:100AC000BCA72B04BDA72C04BEA72D04BFA72E04D2
:100AD000C0A72F04C1A73004D1A73104D2A7320484
:100AE000D3A73304D4A73404D5A73504D6A7360436
:100AF000D8A73704D9A73804DAA73904DBA73A0402
:100B0000DCA73B04DDA73C04DEA73D04DFA73E04D1
:100B1000E0A73F04E1A74004E2A74104E3A74204A1
:100B2000E4A74304E5A74404E6A74504E7A7460471
:100B3000E8A74704E9A74804EAA74904EBA74A0441
:100B4000ECA74B04EDA74C04EEA74D04EFA74E0411
:100B5000F0A74F04F1A75104D7A710205CA91320D8
:100B600043A81420AAA1152044A81620ACA118203F
:100B7000AEA11920AFA11C20B0A11D20B1A125203C
:100B800045A82620ADA13020EBA13220E4A13320DE
:100B9000E5A1352046A83B20F9A1AC208000032127
:100BA000E6A1052147A8092148A81621EDA1212188
:100BB00059A96021F1A26121F2A26221F3A263216D
:100BC000F4A26421F5A26521F6A26621F7A26721AD
:100BD000F8A26821F9A26921FAA26A21FBA26B217D
:100BE000FCA27021A1A27121A2A27221A3A2732151
:100BF000A4A27421A5A27521A6A27621A7A277217D
:100C0000A8A27821A9A27921AAA29021FBA19121D1
:100C1000FCA19221FAA19321FDA1962149A8972137
:100C20004AA898214BA899214CA80822CAA10F22B2
:100C3000C7A11122C6A115224DA81A22CCA11D229E
:100C4000D8A11E22DEA11F224EA82022CFA123223E
:100C50004FA82522CEA12722C4A12822C5A129223E
:100C6000C9A12A22C8A12B22D2A12E22D3A134228B
:100C7000E0A13522DFA13622C3A13722CBA13D223C
:100C8000D7A14822D6A14C22D5A1522250A8602239
:100C9000D9A16122D4A16422DCA16522DDA1662252
:100CA00051A8672252A86E22DAA16F22DBA19522F9
:100CB00092A89922D1A1A522CDA1BF2253A8122387
:100CC000D0A16024D9A26124DAA26224DBA2632429
:100CD000DCA26424DDA26524DEA26624DFA26724F0
:100CE000E0A26824E1A26924E2A27424C5A27524CA
:100CF000C6A27624C7A27724C8A27824C9A27924E0
:100D0000CAA27A24CBA27B24CCA27C24CDA27D24AF
:100D1000CEA27E24CFA27F24D0A28024D1A281247F
:100D2000D2A28224D3A28324D4A28424D5A285244F
:100D3000D6A28624D7A28724D8A28824B1A2892447
:100D4000B2A28A24B3A28B24B4A28C24B5A28D248F
:100D5000B6A28E24B7A28F24B8A29024B9A291245F
:100D6000BAA29224BBA29324BCA29424BDA295242F
:100D7000BEA29624BFA29724C0A29824C1A29924FF
:100D8000C2A29A24C3A29B24C4A20025A4A901251F
:100D9000A5A90225A6A90325A7A90425A8A9052573
:100DA000A9A90625AAA90725ABA90825ACA9092543
:100DB000ADA90A25AEA90B25AFA90C25B0A90D2513
:100DC000B1A90E25B2A90F25B3A91025B4A91125E3
:100DD000B5A91225B6A91325B7A91425B8A91525B3
:100DE000B9A91625BAA91725BBA91825BCA9192583
:100DF000BDA91A25BEA91B25BFA91C25C0A91D2553
:100E0000C1A91E25C2A91F25C3A92025C4A9212522
:100E1000C5A92225C6A92325C7A92425C8A92525F2
:100E2000C9A92625CAA92725CBA92825CCA92925C2
:100E3000CDA92A25CEA92B25CFA92C25D0A92D2592
:100E4000D1A92E25D2A92F25D3A93025D4A9312562
:100E5000D5A93225D6A93325D7A93425D8A9352532
:100E6000D9A93625DAA93725DBA93825DCA9392502
:100E7000DDA93A25DEA93B25DFA93C25E0A93D25D2
:100E8000E1A93E25E2A93F25E3A94025E4A94125A2
:100E9000E5A94225E6A94325E7A94425E8A9452572
:100EA000E9A94625EAA94725EBA94825ECA9492542
:100EB000EDA94A25EEA94B25EFA9502554A85125A7
:100EC00055A8522556A8532557A8542558A8552546
:100ED00059A856255AA857255BA858255CA8592516
:100EE0005DA85A255EA85B255FA85C2560A85D25E6
:100EF00061A85E2562A85F2563A8602564A86125B6
:100F000065A8622566A8632567A8642568A8652585
:100F100069A866256AA867256BA868256CA8692555
:100F20006DA86A256EA86B256FA86C2570A86D2525
:100F300071A86E2572A86F2573A8702574A87125F5
:100F400075A8722576A8732577A8812578A88225AB
:100F500079A883257AA884257BA885257CA8862561
:100F60007DA887257EA8882580A8892581A88A252F
:100F700082A88B2583A88C2584A88D2585A88E25FD
:100F800086A88F2587A8932588A8942589A89525C4
:100F90008AA8A025F6A1A125F5A1B225F8A1B3251F
:100FA000F7A1BC258BA8BD258CA8C625F4A1C72513
:100FB000F3A1CB25F0A1CE25F2A1CF25F1A1E22509
:100FC0008DA8E3258EA8E4258FA8E52590A8052601
:100FD000EFA10626EEA1092691A84026E2A142260D
:100FE000E1A10030A1A10130A2A10230A3A10330F0
:100FF000A8A10530A9A1063065A9073096A9083037
:10100000B4A10930B5A10A30B6A10B30B7A10C309C
:10101000B8A10D30B9A10E30BAA10F30BBA110306C
:10102000BEA11130BFA1123093A81330FEA114301D
:10103000B2A11530B3A11630BCA11730BDA11D302F
:1010400094A81E3095A8213040A9223041A9233010
:1010500042A9243043A9253044A9263045A9273088
:1010600046A9283047A9293048A94130A1A44230D7
:10107000A2A44330A3A44430A4A44530A5A4463080
:10108000A6A44730A7A44830A8A44930A9A44A3050
:10109000AAA44B30ABA44C30ACA44D30ADA44E3020
:1010A000AEA44F30AFA45030B0A45130B1A45230F0
:1010B000B2A45330B3A45430B4A45530B5A45630C0
:1010C000B6A45730B7A45830B8A45930B9A45A3090
:1010D000BAA45B30BBA45C30BCA45D30BDA45E3060
:1010E000BEA45F30BFA46030C0A46130C1A4623030
:1010F000C2A46330C3A46430C4A46530C5A4663000
:10110000C6A46730C7A46830C8A46930C9A46A30CF
:10111000CAA46B30CBA46C30CCA46D30CDA46E309F
:10112000CEA46F30CFA47030D0A47130D1A472306F
:10113000D2A47330D3A47430D4A47530D5A476303F
:10114000D6A47730D7A47830D8A47930D9A47A300F
:10115000DAA47B30DBA47C30DCA47D30DDA47E30DF
:10116000DEA47F30DFA48030E0A48130E1A48230AF
:10117000E2A48330E3A48430E4A48530E5A486307F
:10118000E6A48730E7A48830E8A48930E9A48A304F
:10119000EAA48B30EBA48C30ECA48D30EDA48E301F
:1011A000EEA48F30EFA49030F0A49130F1A49230EF
:1011B000F2A49330F3A49B3061A99C3062A99D30C6
:1011C00066A99E3067A9A130A1A5A230A2A5A3302F
:1011D000A3A5A430A4A5A530A5A5A630A6A5A73093
:1011E000A7A5A830A8A5A930A9A5AA30AAA5AB3063
:1011F000ABA5AC30ACA5AD30ADA5AE30AEA5AF3033
:10120000AFA5B030B0A5B130B1A5B230B2A5B33002
:10121000B3A5B430B4A5B530B5A5B630B6A5B730D2
:10122000B7A5B830B8A5B930B9A5BA30BAA5BB30A2
:10123000BBA5BC30BCA5BD30BDA5BE30BEA5BF3072
:10124000BFA5C030C0A5C130C1A5C230C2A5C33042
:10125000C3A5C430C4A5C530C5A5C630C6A5C73012
:10126000C7A5C830C8A5C930C9A5CA30CAA5CB30E2
:10127000CBA5CC30CCA5CD30CDA5CE30CEA5CF30B2
:10128000CFA5D030D0A5D130D1A5D230D2A5D33082
:10129000D3A5D430D4A5D530D5A5D630D6A5D73052
:1012A000D7A5D830D8A5D930D9A5DA30DAA5DB3022
:1012B000DBA5DC30DCA5DD30DDA5DE30DEA5DF30F2
:1012C000DFA5E030E0A5E130E1A5E230E2A5E330C2
:1012D000E3A5E430E4A5E530E5A5E630E6A5E73092
:1012E000E7A5E830E8A5E930E9A5EA30EAA5EB3062
:1012F000EBA5EC30ECA5ED30EDA5EE30EEA5EF3032
:10130000EFA5F030F0A5F130F1A5F230F2A5F33001
:10131000F3A5F430F4A5F530F5A5F630F6A5FC30CC
:1013200060A9FD3063A9FE3064A90531C5A8063166
:10133000C6A80731C7A80831C8A80931C9A80A3109
:10134000CAA80B31CBA80C31CCA80D31CDA80E31D9
:10135000CEA80F31CFA81031D0A81131D1A81231A9
:10136000D2A81331D3A81431D4A81531D5A8163179
:10137000D6A81731D7A81831D8A81931D9A81A3149
:10138000DAA81B31DBA81C31DCA81D31DDA81E3119
:10139000DEA81F31DFA82031E0A82131E1A82231E9
:1013A000E2A82331E3A82431E4A82531E5A82631B9
:1013B000E6A82731E7A82831E8A82931E9A8203292
:1013C000E5A22132E6A22232E7A22332E8A22432A9
:1013D000E9A22532EAA22632EBA22732ECA2283279
:1013E000EDA22932EEA231325AA9A33249A98E3395
:1013F0004AA98F334BA99C334CA99D334DA99E33E9
:101400004EA9A1334FA9C43350A9CE3351A9D1332A
:1014100052A9D23353A9D53354A9004EBBD2014EA1
:10142000A1B6024E4081034EDFC6044E4181054EF7
:101430004281064E4381074EF2CD084EC9D5094E72
:10144000FDC80A4ECFC90B4EC2CF0C4EA2D80D4ECE
:10145000BBB20E4EEBD30F4E4481104EA4D8114EAA
:10146000F3B3124E4581134EA8D7144ED2C7154E72
:10147000A7D8164EC0CA174E4681184EF0C7194E4F
:10148000FBB11A4EB5D21B4ED4B41C4EABB61D4E9A
:10149000BFCB1E4EA9D81F4E4781204E4881214EFA
:1014A0004981224EAAB6234E4A81244EBDC1254E03
:1014B000CFD1264E4B81274EA5C9284EADD8294EF7
:1014C0004C812A4EF6B82B4EBED12C4EDCE32D4E6D
:1014D000D0D62E4E4D812F4E4E81304EE1B7314E3B
:1014E0004F81324EAEB4334E5081344ED9C1354E59
:1014F0005181364EBCD8374E5281384EE8CD394EE8
:10150000A4B53A4EAACE3B4EF7D63C4E53813D4E43
:10151000F6C03E4ED9BE3F4EAFD8404E5481414EEC
:101520005581424E5681434ECBC4444E5781454E61
:10153000C3BE464E5881474EB1D8484EB4C3494EFB
:10154000E5D24A4E59814B4EAED64C4EDACE4D4E78
:10155000A7D54E4EF5BA4F4EA6B7504ED6C0514EF7
:101560005A81524EB9C6534ED2C5544EC7C7554E76
:101570005B81564ED4B9574E5C81584ECBB3594E11
:10158000D2D25A4E5D815B4E5E815C4EBFD85D4EBD
:10159000C5BE5E4EF2C65F4EB2D2604EB0CF614E57
:1015A000E7CF624E5F81634E6081644E6181654E1C
:1015B0006281664EE9CA674E6381684E6481694EF6
:1015C000C0D86A4E65816B4E66816C4E67816D4EE8
:1015D00068816E4E69816F4E6A81704EF2C2714EA3
:1015E000D2C2724E6B81734EE9C8744E6C81754ED7
:1015F0006D81764E6E81774E6F81784E7081794E17
:1016000071817A4E72817B4E73817C4E74817D4EE6
:1016100075817E4EACC77F4E7681804E7781814E3C
:101620007881824E7981834E7A81844E7B81854E8A
:101630007C81864ECBC1874E7D81884EE8D3894E12
:10164000F9D58A4E7E818B4EC2CA8C4EFEB68D4E27
:10165000A1D88E4EDAD38F4EF7BF904E8081914E37
:10166000C6D4924EA5BB934EC1D8944EE5CE954EAE
:10167000AEBE964E8181974E8281984EA8D8994EE3
:1016800083819A4EC7D19B4EA9D09C4E84819D4E9A
:1016900085819E4E86819F4EBDD8A04EEFD9A14E2A
:1016A000F6CDA24EBABFA34E8781A44EBBBDA54EB8
:1016B000A5BAA64EE0D2A74EFAB2A84EE0BAA94EFD
:1016C000B6C4AA4E8881AB4EEDCFAC4EA9BEAD4E8E
:1016D000A4CDAE4EC1C1AF4E8981B04E8A81B14E0C
:1016E0008B81B24ED7C7B34EF1D9B44E8C81B54E73
:1016F000F4D9B64E8D81B74E8E81B84E8F81B94EDA
:101700009081BA4ECBC8BB4EE9D8BC4E9181BD4E3C
:101710009281BE4E9381BF4EDAD2C04EB2CAC14E44
:10172000CAC8C24EECD8C34EEAD8C44EC6D8C54EBD
:10173000F6BDC64ECDC6C74EF0B3C84E9481C94E55
:10174000EBD8CA4EF1BDCB4EE9BDCC4E9581CD4E06
:10175000D4C8CE4ED3B4CF4E9681D04E9781D14EC1
:10176000D8C2D24E9881D34ED6B2D44ED0D7D54E11
:10177000CBCAD64EFBCBD74ECCD5D84EB6B8D94E69
:10178000C9CFDA4E9981DB4E9A81DC4E9B81DD4ECA
:10179000DAD9DE4EF0D8DF4EAAC7E04E9C81E14E8A
:1017A000EED8E24E9D81E34EFAB4E44EEEC1E54E32
:1017B000D4D2E64E9E81E74E9F81E84EEDD8E94EA9
:1017C000A081EA4EC7D2EB4EEFD8EC4EC7C3ED4E28
:1017D000A181EE4EA281EF4EA381F04EF6D1F14EE3
:1017E000A481F24ED9D6F34EF2D8F44EA581F54E2F
:1017F000F5D8F64EFEBCF74EDBBCF84EA681F94E8E
:10180000A781FA4EA881FB4ECEC8FC4EA981FD4EA1
:10181000DDB7FE4EAA81FF4EC2B7004FAB81014F2C
:10182000F3C6024FAC81034FAD81044FAE81054F2B
:10183000AF81064FB081074FB181084FB281094F88
:10184000F8D80A4FC1D20B4FB3810C4FB4810D4F62
:10185000E9CE0E4FBFBC0F4FFCB7104FA5B7114FCD
:10186000DDD0124FB581134FB681144FB781154F9C
:10187000B881164FB981174FDAD6184FC5D3194F13
:10188000EFBB1A4FE1BB1B4FF1D81C4FBA811D4F64
:10189000BB811E4FA1C91F4FB0CE204FABB4214F0B
:1018A000BC81224FF3D8234FBD81244FCBC9254F94
:1018B000F6D8264FD7C2274FF7D8284FBE81294FD9
:1018C000BF812A4FB1CE2B4FF9D82C4FC0812D4F5D
:1018D000C1812E4FC2812F4FAEB2304FC0B9314FB0
:1018E000C381324FA3D9334FC481344FE9B0354F50
:1018F000C581364FE6C1374FC681384FECC9394FE5
:10190000C7813A4FC5CB3B4FC8813C4FC6CB3D4FFB
:10191000A4D93E4FC9813F4FCA81404FCB81414F2F
:10192000CC81424FCD81434FE8B5444FCE81454FE6
:10193000CF81464FABB5474FD081484FD181494FFA
:10194000D2814A4FD3814B4FD4814C4FD5814D4FDB
:10195000BBCE4E4FCDB54F4FA1D7504FF4D7514FBF
:10196000D3D3524FD681534FE5CC544FD781554FE7
:10197000CEBA564FD881574FA2D9584FDCD9594FBC
:10198000E0D35A4FFDD85B4FF0B75C4FF7D75D4FB0
:10199000FED85E4FFAD85F4FA1D9604FE3C4614FC4
:1019A000D981624FDA81634FB6D3644FF4D8654F63
:1019B000DDD9664FDB81674FFBD8684FDC81694F0B
:1019C000E5C56A4FDD816B4FDE816C4FD0C06D4F36
:1019D000DF816E4FE0816F4FF0D1704FDBB0714F00
:1019E000E181724FE281734FD1BC744FA6D9754F1C
:1019F000E381764FA5D9774FE481784FE581794F20
:101A0000E6817A4FE7817B4FACD97C4FAED97D4FD1
:101A1000E8817E4FABD97F4FB9CA804FE981814FB2
:101A2000EA81824FEB81834FA9D9844FB6D6854F87
:101A3000EC81864FED81874FEE81884FDEB3894F71
:101A4000A8D98A4FEF818B4FFDC08C4FF0818D4F0D
:101A5000CCCA8E4FF1818F4FAAD9904FF281914F0E
:101A6000A7D9924FF381934FF481944FB0D9954FFA
:101A7000F581964FF681974FB1B6984FF781994F00
:101A8000F8819A4FF9819B4FA9B99C4FFA819D4FDC
:101A9000C0D29E4FFB819F4FFC81A04FC0CFA14F72
:101AA000FD81A24FFE81A34FC2C2A44F4082A54F29
:101AB000C4BDA64FECD5A74FE0B2A84FC8C7A94FE9
:101AC000EBBFAA4FADD9AB4F4182AC4FAFD9AD4FB1
:101AD0004282AE4FEACEAF4FEEBAB04F4382B14F23
:101AE0004482B24F4582B34F4682B44F4782B54FCE
:101AF000D6C7B64F4882B74F4982B84F4A82B94FCE
:101B00004B82BA4F4C82BB4F4D82BC4F4E82BD4F71
:101B10004F82BE4F5082BF4FE3B1C04F5182C14F81
:101B20005282C24F5382C34FD9B4C44FEDB6C54F92
:101B3000B4D9C64F5482C74F5582C84F5682C94F39
:101B40005782CA4FA1BFCB4F5882CC4F5982CD4F3D
:101B50005A82CE4FDED9CF4FCEC7D04FFEC0D14F25
:101B6000B8D9D24F5B82D34F5C82D44F5D82D54FC0
:101B70005E82D64F5F82D74FD7CBD84FFDB7D94FB4
:101B80006082DA4FB5D9DB4F6182DC4FB7D9DD4FC8
:101B9000A3B1DE4FE1D3DF4FB9D9E04F6282E14F0D
:101BA000C5D0E24F6382E34FB6D9E44F6482E54F7C
:101BB0006582E64FB1D9E74F6682E84FB2D9E94F67
:101BC000A9C1EA4FB3D9EB4F6782EC4F6882ED4F62
:101BD000F3BCEE4FDED0EF4FA9B8F04F6982F14F62
:101BE000E3BEF24F6A82F34FBDD9F44F6B82F54FDB
:101BF0006C82F64F6D82F74F6E82F84FBAD9F94F6B
:101C00006F82FA4FB3B0FB4F7082FC4F7182FD4F71
:101C10007282FE4FC2D9FF4F73820050748201500E
:101C20007582025076820350778204507882055084
:101C3000798206507A8207507B8208507C82095054
:101C40007D820A507E820B5080820C50C4D90D5088
:101C5000B6B10E5081820F50BFD910508282115000
:101C600083821250B9B5135084821450F3BE1550BC
:101C7000858216508682175087821850C8CC19501A
:101C8000F2BA1A50D0D21B5088821C50C3D91D50B2
:101C900089821E508A821F50E8BD20508B822150BD
:101CA000ABB322508C8223508D8224508E822550DB
:101CB000C5D92650EBBE27508F822850C6D929504F
:101CC000BBD92A50DFC42B5090822C50BED92D5046
:101CD000C1D92E50C0D92F509182305092823150AC
:101CE000938232509482335095823450968235508C
:101CF0009782365098823750998238509A8239505C
:101D00009B823A50AED53B509C823C50B5D63D505C
:101D10009D823E50E3C73F509E8240509F8241507B
:101D2000A0824250A1824350C8D94450A28245505B
:101D3000A3824650A4824750D9BC4850CAD94950C2
:101D4000A5824A50A6824B50A7824C50BCD94D5018
:101D5000A8824E50CBD94F50ABC65050A98251509B
:101D6000AA825250AB825350AC825450AD8255502F
:101D7000C9D95650AE825750AF825850B082595090
:101D8000B1825A50F6D75B50B2825C50A3CD5D5001
:101D9000B3825E50B4825F50B5826050B6826150AB
:101DA000B7826250B8826350B9826450BA8265507B
:101DB000A1BD6650BB826750BC826850BD8269502D
:101DC000BE826A50BF826B50C0826C50CCD96D50BD
:101DD000C1826E50C2826F50C3827050C4827150F3
:101DE000C5827250C6827350C7827450C8827550C3
:101DF000C9827650BCC57750B5CD7850CA8279502B
:101E0000CB827A50CC827B50CDD97C50CD827D5014
:101E1000CE827E50C7D97F50A5B38050FEBF81507F
:101E2000CF828250D0828350D1828450D28285501A
:101E3000B5B88650D3828750D4828850FCC0895070
:101E4000D5828A50D6828B50D7828C50D8828D50C2
:101E5000F8B08E50D9828F50DA829050DB82915048
:101E6000DC829250DD829350DE829450DF82955066
:101E7000E0829650E1829750E2829850E382995036
:101E8000E4829A50E5829B50E6829C50E7829D5006
:101E9000E8829E50E9829F50EA82A050EB82A150D6
:101EA000EC82A250ED82A350F6B4A450EE82A5506D
:101EB000CED9A650EF82A750CFD9A850A2B4A9502E
:101EC000D0D9AA50F082AB50F182AC50DFB4AD5003
:101ED000F282AE50F382AF50F482B050F582B1502E
:101EE000F682B250C1B0B350F782B450F882B55008
:101EF000F982B650FA82B750FB82B850FC82B950D2
:101F0000FD82BA50D1D9BB50B5C9BC50FE82BD507C
:101F10004083BE504183BF504283C0504383C15071
:101F20004483C2504583C3504683C4504783C55041
:101F30004883C6504983C7504A83C8504B83C95011
:101F40004C83CA504D83CB504E83CC504F83CD50E1
:101F50005083CE505183CF50F1CFD0505283D150C7
:101F60005383D2505483D3505583D4505683D55085
:101F70005783D650D2D9D7505883D8505983D95087
:101F80005A83DA50C5C1DB505B83DC505C83DD5083
:101F90005D83DE505E83DF505F83E0506083E150FD
:101FA0006183E2506283E3506383E4506483E550CD
:101FB0006583E650D6D9E750AEC9E8506683E9504C
:101FC0006783EA506883EB506983EC50D5D9ED50B4
:101FD000D4D9EE50D7D9EF506A83F0506B83F150CB
:101FE0006C83F2506D83F350DBCBF4506E83F5506D
:101FF000A9BDF6506F83F7507083F8507183F95084
:102000007283FA507383FB50A7C6FC507483FD5053
:102010007583FE507683FF5077830051788301519A
:10202000798302517A8303517B8304517C83055168
:102030007D830651D3D90751D8D908517E830951E0
:1020400080830A5181830B51D9D90C5182830D5160
:1020500083830E5184830F518583105186831151E0
:1020600087831251E5C81351888314518983155110
:102070008A8316518B8317518C8318518D83195184
:102080008E831A518F831B5190831C5191831D5154
:1020900092831E5193831F51948320519583215124
:1020A000DCC0225196832351978324519883255174
:1020B000998326519A8327519B8328519C832951C8
:1020C0009D832A519E832B519F832C51A0832D5198
:1020D000A1832E51A2832F51A3833051A483315168
:1020E000A5833251A6833351A7833451A883355138
:1020F000A9833651AA833751AB833851AC83395108
:10210000AD833A51AE833B51AF833C51B0833D51D7
:10211000B1833E51B2833F51F9B64051A3D84151EA
:10212000CAD44251B3834351AAD44451D6D0455165
:10213000E4B34651D7D54751B4834851C8CF49512C
:10214000E2B94A51B5834B51CBBF4C51B6834D5187
:10215000E2C34E51B7834F51B8835051B9835151A7
:10216000D2B65251BA835351BB835451C3CD55514A
:10217000EED95651F0D95751BC835851BD835951AE
:10218000BE835A51B3B55B51BF835C51B5B65D5147
:10219000C0835E51C1835F51C2836051C38361516B
:1021A000C4836251A4BE6351C5836451C683655123
:1021B000EBC86651C7836751C8836851ABC8695182
:1021C000C9836A51CA836B51CBB06C51ABB96D51A5
:1021D000F9C16E51E2D96F51CB837051BCC07151BE
:1021E000B2B97251CC837351D8B97451CBD07551F7
:1021F000F8B17651E4C67751DFBE7851E4B5795134
:10220000C8D77A51CD837B51F8D17C51E6BC7D5142
:10221000DECA7E51CE837F51CF838051BDBC8151B8
:10222000E6D98251E7D88351D0838451D183855137
:10223000DAC48651D2838751D3838851D4B8895167
:10224000BDC88A51D4838B51D5838C51E1B28D5155
:10225000D9D48E51D6838F51D7839051D883915141
:10226000D9839251B0C39351DA839451DB83955152
:10227000E1C39651A2DA9751DFC89851DC83995196
:10228000B4D09A51DD839B51FCBE9C51A9C59D5190
:10229000DE839E51DF839F51E083A051DAB9A151C3
:1022A000E183A251A3DAA351E283A451A9D4A55199
:1022B000A4DAA651E383A751E483A851E583A95189
:1022C000E683AA51E783AB51FBD9AC51ACB6AD5113
:1022D000E883AE51E983AF51EBB7B051F9B1B151D9
:1022E000FCD9B251E5B3B351F6BEB451EA83B5514E
:1022F000F6BFB651B1D2B751E4C0B851EB83B95172
:10230000EC83BA51ED83BB51B3B6BC51FED9BD517C
:10231000FDD9BE51EE83BF51EF83C051BBBEC15149
:10232000F083C251F183C351F283C451E0C6C55159
:10233000F383C651BCD7C751A1DAC851F483C95140
:10234000B9C1CA51F583CB51F2B5CC51E8C1CD51D9
:10235000F683CE51F783CF51F5BCD051F883D151DC
:10236000D5B4D251F983D351FA83D451FB83D551DB
:10237000FC83D651FD83D751FE83D8514084D95177
:102380004184DA514284DB51DDC1DC514384DD51AB
:10239000FDC4DE514484DF514584E051B8BCE151B5
:1023A000B2B7E2514684E3514784E451EFB7E551B7
:1023B0004884E6514984E7514A84E8514B84E95105
:1023C0004C84EA514D84EB51ECD9EC514E84ED51E3
:1023D000BEC6EE514F84EF51ADBFF051CBBBF151B2
:1023E0005084F2515184F351CAB5F4515284F551DD
:1023F000C9DBF651D7D0F7515384F851B9CDF95113
:10240000BCB0FA51F6B3FB51F7BBFC51CADBFD512E
:10241000AFBAFE515484FF51E4D40052B6B5015214
:10242000F3B50252D6D80352D0C80452558405528F
:1024300056840652D6B70752D0C70852D7D8095289
:1024400057840A52AFBF0B5258840C5259840D5214
:10245000BBDB0E52D8D80F525A8410525B841152F3
:10246000CCD01252AEBB13525C8414525D84155210
:102470005E841652BEEB1752D0C11852F5C11952E4
:10248000F2D41A52D5B81B52B4B41C525F841D52F8
:10249000F5B31E5260841F5261842052BEC921527E
:1024A000628422526384235264842452D0C525520C
:1024B000658426526684275267842852D9C52952DA
:1024C000FBC02A5268842B52F0B12C5269842D52E1
:1024D000D9D82E52CEB92F526A843052BDB531525E
:1024E0006B8432526C843352DAD834526D84355254
:1024F0006E843652C6D63752A2CB3852AFC8395244
:10250000B2C93A52CCB43B52CCBF3C526F843D521C
:10251000F4B93E5270843F52DBD84052DCD841526D
:10252000E7B64252C1BC4352EACC44527184455290
:102530007284465273844752748448527584495257
:1025400076844A52F7CF4B5277844C52DDD84D52A5
:10255000B0C74E5278844F5279845052D0B95152FC
:10256000A3BD52527A8453527B845452DECC5552CE
:102570007C845652CAC657527D8458527E84595222
:1025800080845A5281845B5282845C52E0D85D52CE
:1025900083845E52DED85F528484605285846152A7
:1025A000DFD862528684635287846452888465527D
:1025B000FEB0665289846752E7BE68528A846952C7
:1025C000A3CA6A52F4BC6B528B846C528C846D52D9
:1025D0008D846E528E846F52B1B870528F84715256
:1025E00090847252EEB873529184745292847552F0
:1025F0009384765294847752958478529684795253
:1026000097847A5298847B5299847C529A847D5222
:10261000E2D87E529B847F52CBBD80529C848152F3
:10262000E4D88252E3D883529D8484529E8485529A
:102630009F848652A0848752A1848852FCC5895207
:10264000A2848A52A3848B52A4848C52A5848D5276
:10265000A6848E52A7848F52A8849052E5D89152B6
:10266000A9849252AA849352E6D89452AB8495528C
:10267000AC849652AD849752AE849852AF849952EE
:10268000B0849A52B1849B52A6C19C52B2849D528E
:10269000B0C89E52ECB09F52A6B9A052D3BCA15272
:1026A000F1CEA252BDDBA352D3C1A452B384A55232
:1026B000B484A652B584A752B684A852AFB6A95224
:1026C000FAD6AA52ACC5AB52D9BDAC52BEDBAD52A4
:1026D000BFDBAE52B784AF52B884B052B984B152A6
:1026E000F8C0B252A2BEB352CDC0B452BA84B552F1
:1026F000BB84B652BC84B752BD84B852BE84B952B2
:10270000BF84BA52C084BB52C184BC52C284BD5281
:10271000C384BE52C0DBBF52C6CAC052C484C152B9
:10272000C584C252C684C352AAB2C452C784C55219
:10273000C884C652C984C752C2D3C852CA84C952B7
:10274000E3C3CA52CB84CB52ABD1CC52CC84CD5252
:10275000CD84CE52CE84CF52CF84D052C2DBD15260
:10276000D084D252D5C0D352D184D452D284D5523F
:10277000D384D652C3DBD752D484D852B1BFD952F6
:10278000D584DA52D684DB52D784DC52D884DD5229
:10279000D984DE52DA84DF52BCC4E052DB84E152D9
:1027A000DC84E252DD84E352DE84E452DAC7E5528F
:1027B000DF84E652E084E752E184E852E284E952A1
:1027C000E384EA52E484EB52E584EC52E684ED5271
:1027D000E784EE52E884EF52E984F052C4DBF15210
:1027E000EA84F252EB84F352EC84F452ED84F55215
:1027F000EE84F652EF84F752F084F852F184F952E5
:10280000E8D9FA52D7C9FB52F284FC52F384FD5244
:10281000F484FE52B4B9FF52F0CE0053C8D4015331
:10282000F5840253F6840353F7840453F884055364
:10283000FCB00653D2B40753F9840853D9D00953D6
:10284000FA840A53FB840B53FC840C53FD840D5310
:10285000E9D90E53FE840F53CBDE1053EBD911533D
:1028600040851253418513534285145343851553B4
:10287000B0D81653AFBB1753B1B118534485195391
:10288000D7B31A53CED81B5345851C5346851D53C9
:10289000D1D41E5347851F5348852053B3BD2153C0
:1028A000EFBF225349852353BBCF24534A85255379
:1028B0004B852653D0D827534C8528534D85295313
:1028C0004E852A53CBB72B534F852C5350852D5310
:1028D00051852E53D1D82F535285305353853153C0
:1028E0005485325355853353568534535785355364
:1028F00058853653598537535A8538535B85395334
:10290000A5C63A53F8C73B53BDD23C535C853D53F3
:102910005D853E53D2D83F53E4C440535E85415356
:10292000AECA42535F854353A7C74453608545539E
:10293000A6D8465361854753FDC94853E7CE49534E
:10294000DCBB4A53EBB04B5362854C5363854D530C
:1029500064854E53AABB4F53ADD050536585515338
:10296000B0B15253E4D75353BFD754536685555330
:10297000A5B55653F4C25753CFC45853678559531E
:1029800068855A53A9B25B5369855C53B7B25D53EE
:102990006A855E53E5B15F53B2DF6053BCD56153C6
:1029A000A8BF6253ACC26353D5D86453B1C2655358
:1029B0006B856653D4D86753D4CE68536C856953FE
:1029C000E0DA6A536D856B53C0CE6C536E856D53E0
:1029D0006F856E53B4D86F53AEC37053A1D3715388
:1029E000A3CE725370857353B4BC7453B4C875537B
:1029F000D1C2765371857753EDBE7853B6D07953F3
:102A000072857A53E1DA7B5373857C5374857D53E9
:102A100075857E5376857F53E4C7805377858153D0
:102A200078858253A7B3835379858453F2B685534F
:102A3000FCCC8653FAC087537A8588537B858953AB
:102A4000F7C08A537C858B53B9D18C53E1D18D5318
:102A5000C7D88E537D858F537E8590538085915343
:102A600081859253828593538385945384859553AE
:102A7000DEB296538585975386859853E5C0995362
:102A800087859A53F1BA9B5388859C5389859D53BA
:102A9000C8D89E538A859F53ADD4A0538B85A1532C
:102AA0008C85A253E1CFA353C9D8A4538D85A553D8
:102AB000CAD8A653C3CFA7538E85A853F8B3A9533A
:102AC000C7BEAA538F85AB539085AC539185AD5348
:102AD0009285AE53CBD8AF539385B0539485B15301
:102AE0009585B2539685B3539785B4539885B5535E
:102AF0009985B653CCDBB7539A85B8539B85B953A8
:102B00009C85BA539D85BB53A5C8BC539E85BD53B8
:102B10009F85BE53A085BF53D8CFC053A185C15355
:102B2000FEC8C253CEB2C353A285C453A385C553B6
:102B3000A485C653A585C753A685C853D6D3C95304
:102B4000E6B2CA53B0BCCB53D1D3CC53ABCBCD53ED
:102B5000B4B7CE53A785CF53A885D053A985D153F9
:102B6000A2B7D253AA85D353AB85D453E5CAD55364
:102B7000AC85D653A1C8D753DCCAD853E4B1D953D6
:102B8000F0D0DA53AD85DB53D1C5DC53AE85DD53D0
:102B9000AF85DE53B085DF53C5DBE053FEB5E153AF
:102BA000B185E253B285E353DABFE453C5B9E553C7
:102BB000E4BEE653EDC1E753B385E853B6DFE9530E
:102BC000B5DFEA53BBD6EB53D0BDEC53D9D5ED53AB
:102BD000C8B0EE53A3B6EF53C9BFF053A8CCF1531E
:102BE000B3DFF253B7CAF353D2D3F453B485F553DA
:102BF000CFD8F653B6D2F753C5BAF853BECBF95374
:102C0000BECCFA53B585FB53B7DFFC53F0B5FD538B
:102C1000B4DFFE53B685FF53B7850054B885015421
:102C2000F5D30254B9850354D4B30454F7B805540A
:102C3000BA850654BADF0754BB850854CFBA095485
:102C4000AABC0A54F5B50B54BC850C54ACCD0D543C
:102C5000FBC30E54F3BA0F54F4C01054C2CD115438
:102C6000F2CF1254B8DF1354C5CF1454BD85155498
:102C7000C0C21654B9DF1754F0C21854BE85195497
:102C8000BF851A54C0851B54FDBE1C54C1851D54FC
:102C9000DFC11E54CCCD1F54F7D22054CDB72154E0
:102CA000C1DF2254C2852354C4DF2454C385255474
:102CB000C4852654F1B72754C9B02854D6B6295430
:102CC000D4B72A54C5852B54ACBA2C54FDCC2D5402
:102CD000D4BF2E54B1CB2F54F4C63054C6853154D2
:102CE000A8D63254C5DF3354C7853454E2CE3554A8
:102CF000B3B33654C8853754C9853854FCCE3954DB
:102D0000B5B43A54CA853B54C7CE3C54F0BA3D548E
:102D1000CB853E54E1CE3F54CC854054BDD1415487
:102D2000CD854254CE854354C0DF4454CF854554AD
:102D3000D0854654F4B44754D1854854CAB3495455
:102D4000D2854A54E6B84B54BBDF4C54D3854D541E
:102D5000D4854E54D5854F54D6855054C5C451544E
:102D6000D7855254BCDF5354BDDF5454BEDF555495
:102D7000BBC55654BFDF5754C2DF5854B1D4595461
:102D8000C3DF5A54D8855B54BAC75C54D8CE5D545F
:102D9000D9855E54DA855F54DB856054DC856154E7
:102DA000DD856254D8C46354DE856454CADF65543B
:102DB000DF856654CFDF6754E0856854DCD66954FC
:102DC000E1856A54E2856B54E3856C54E4856D5467
:102DD000E5856E54E6856F54E7857054E885715437
:102DE000C9DF7254DADF7354B6CE7454E985755472
:102DF000C7BA7654CEDF7754C8DF7854DEC579542D
:102E0000EA857A54EB857B54EBC97C54F4BA7D5443
:102E1000FCC37E54EC857F54ED858054D7BE81542D
:102E2000EE858254C6DF8354EF858454CDDF85540C
:102E3000F0858654D8C58754F1858854F285895425
:102E4000F3858A54F4858B54A6D58C54CDBA8D5411
:102E5000F5858E54CCBE8F54BDD39054C0B89154D8
:102E6000F6859254E4D69354F7859454C7DF95546D
:102E7000BEB99654A7BF9754F8859854F9859954CC
:102E8000FCC19A54CBDF9B54CCDF9C54FA859D54F3
:102E9000D0DF9E54FB859F54FC85A054FD85A15432
:102EA000FE85A2544086A354DBDFA454E5DFA5547D
:102EB0004186A654D7DFA754D6DFA854C9D7A95452
:102EC000E3DFAA54E4DFAB54EBE5AC54A7D2AD5436
:102ED000D2DFAE544286AF54A9BFB0544386B1543A
:102EE000DBD4B2544486B354C8BFB454D4DFB55411
:102EF0004586B6544686B7544786B854CCCFB954A5
:102F00004886BA544986BB54DDDFBC544A86BD545A
:102F1000CAD1BE544B86BF54DEDFC054A7B0C154E3
:102F2000B7C6C254D3DFC3544C86C454E5BAC554A3
:102F30004D86C654DFB6C754DBCDC854FEB9C9545C
:102F4000D5D4CA544E86CB544F86CC54DFDFCD54F3
:102F5000ECCFCE54A5B0CF54E7DFD054D1DFD1545D
:102F6000C6D1D254D5DFD354D8DFD454D9DFD55409
:102F7000DCDFD6545086D754A9BBD8545186D954D7
:102F8000E0DFDA54E1DFDB545286DC54E2DFDD546B
:102F9000E6DFDE54E8DFDF54B4D3E0545386E15477
:102FA0005486E2545586E3545686E4545786E554D5
:102FB000E7B8E654B6C5E754EADFE854DAC9E9549D
:102FC000A8C1EA54C4C4EB545886EC545986ED5455
:102FD000DEBFEE54F8CFEF545A86F0545B86F154BE
:102FE0005C86F254DCD5F354EEDFF4545D86F55480
:102FF0005E86F6545F86F7546086F8546186F9540D
:103000006286FA54B8B2FB546386FC54DFBAFD54AE
:10301000ECDFFE546486FF54C1DB00556586015524
:10302000E4D10255668603556786045568860555C2
:1030300069860655F4CB0755BDB408556A8609550F
:10304000A6B00A556B860B556C860C556D860D55D2
:103050006E860E556F860F55F1DF1055C6CC115593
:10306000F2DF12557086135571861455EDDF155534
:1030700072861655738617557486185575861955B8
:1030800076861A5577861B55E9DF1C5578861D55BF
:1030900079861E557A861F557B862055EBDF215594
:1030A0007C862255EFDF2355F0DF2455BDBB255527
:1030B0007D8626557E862755F3DF2855808629553F
:1030C00081862A55F4DF2B5582862C55A3BB2D55BE
:1030D00083862E55DBCA2F55A8CE3055A7E0315533
:1030E000AAB3325584863355A6E0345585863555C6
:1030F0008686365587863755A1E0385588863955F6
:1031000089863A558A863B558B863C55FEDF3D5570
:103110008C863E55D9CD3F55FCDF40558D864155B7
:10312000FADF42558E864355D0BF4455C4D7455526
:103130008F864655CCC94755908648559186495546
:10314000F8DF4A55A1B04B5592864C5593864D55A4
:1031500094864E5595864F5596865055FDDF5155B0
:103160009786525598865355998654559A86555543
:10317000FBDF5655A2E057559B8658559C865955FE
:103180009D865A559E865B559F865C55A8E05D5589
:10319000A0865E55A1865F55A2866055A3866155BF
:1031A000C8B76255A4866355A5866455A1C6655502
:1031B000B6C96655B2C06755F5DF6855A68669552C
:1031C000A7866A55BEC56B55A8866C55C4D86D5583
:1031D000F9DF6E55F6C46F55A9867055AA867155EC
:1031E000AB867255AC867355AD867455AE867555F3
:1031F000A3E07655A4E07755A5E07855A5D079559C
:10320000AF867A55B0867B55B4E07C55E4CC7D55CD
:10321000B1867E55B1E07F55B2868055A6BF8155F7
:10322000AFE08255B9CE8355ABE08455C6C985550C
:10323000B3868655B4868755AEC08855AEE08955AD
:10324000EDBA8A55B0BA8B55A9E08C55B5868D5527
:10325000B6868E55B7868F55F6DF9055B886915550
:10326000B3E09255B9869355BA869455B8E0955512
:10327000BB869655BC869755BD869855ADB4995575
:10328000B9E09A55BE869B55BF869C55B2CF9D55D9
:10329000C8BA9E55C0869F55B0E0A055C186A155BD
:1032A000C286A255C386A355C486A455C586A55516
:1032B000C686A655C786A755FAD0A855C886A9556B
:1032C000C986AA55CA86AB55CB86AC55CC86AD55BA
:1032D000CD86AE55CE86AF55CF86B055D086B1558A
:1032E000ACE0B255D186B355FBD4B455D286B555B2
:1032F000F7DFB655D386B755E7C5B855D486B95567
:10330000ADE0BA55D586BB55F7D3BC55D686BD556D
:10331000B6E0BE55B7E0BF55D786C055D886C15573
:10332000D986C255DA86C355DB86C455C4E0C55577
:10333000E1D0C655DC86C755DD86C855DE86C95541
:10334000BCE0CA55DF86CB55E086CC55C9E0CD55EB
:10335000CAE0CE55E186CF55E286D055E386D155F9
:10336000BEE0D255AAE0D355A4C9D455C1E0D55585
:10337000E486D655B2E0D755E586D855E686D955C8
:10338000E786DA55E886DB55E986DC55C8CADD559F
:10339000C3E0DE55EA86DF55B5E0E055EB86E15542
:1033A000CBCEE255EC86E355C3CBE455CDE0E555F5
:1033B000C6E0E655C2E0E755ED86E855CBE0E955B5
:1033C000EE86EA55BAE0EB55BFE0EC55C0E0ED55AE
:1033D000EF86EE55F086EF55C5E0F055F186F155D4
:1033E000F286F255C7E0F355C8E0F455F386F5557B
:1033F000CCE0F655F486F755BBE0F855F586F9555F
:10340000F686FA55F786FB55F886FC55F986FD5584
:10341000D4CBFE55D5E0FF55FA860056D6E00156CE
:10342000D2E00256FB860356FC860456FD860556FE
:10343000FE8606564087075641870856D0E0095653
:10344000CEBC0A5642870B5643870C56D1E00D5628
:1034500044870E56C2B80F56C5D810564587115628
:10346000468712564787135648871456498715567C
:103470004A8716564B8717564C871856EAD0195666
:103480004D871A564E871B56EFC21C564F871D5646
:1034900050871E56CFE01F56BDE02056518721565B
:1034A0005287225653872356D4E02456D3E025561C
:1034B0005487265655872756D7E0285656872956CB
:1034C00057872A5658872B5659872C56DCE02D569D
:1034D000D8E02E565A872F565B8730565C87315678
:1034E000F6D63256B0B333565D873456ECD73556E0
:1034F0005E873656BBCB37565F873856608739565E
:10350000DAE03A5661873B56FBCE3C5662873D5621
:1035100063873E5664873F56D9BA40566587415601
:10352000668742566787435668874456698745567B
:103530006A8746566B8747566C8748566D8749564B
:103540006E874A566F874B5670874C56E1E04D5652
:10355000DDE04E56ADD24F567187505672875156A8
:10356000738752567487535675875456E2E0555602
:103570007687565677875756DBE05856D9E0595626
:10358000DFE05A5678875B5679875C56E0E05D56F7
:103590007A875E567B875F567C8760567D8761564B
:1035A0007E876256DEE0635680876456E4E06556A7
:1035B000818766568287675683876856F7C669563D
:1035C000ACD86A56EBD46B56E6E06C56C9CA6D5659
:1035D00084876E5685876F568687705687877156A3
:1035E000E5E0725688877356898774568A877556C0
:1035F0008B877656C1B877568C8778568D877956E3
:103600008E877A568F877B56E7E07C56E8E07D56BA
:1036100090877E5691877F569287805693878156F2
:1036200094878256958783569687845697878556C2
:10363000E9E08656E3E08756988788569987895649
:103640009A878A569B878B569C878C569D878D566A
:103650009E878E56BFBA8F56E7CC90569F8791565D
:10366000A0879256A1879356EAE09456A287955672
:10367000A3879656A4879756A5879856A6879956E6
:10368000A7879A56A8879B56A9879C56AA879D56B6
:10369000AB879E56AC879F56AD87A056AE87A15686
:1036A000AF87A256B087A356F9CFA456B187A556C7
:1036B000B287A656B387A756B487A856B587A9562A
:1036C000B687AA56B787AB56B887AC56B987AD56FA
:1036D000BA87AE56BB87AF56EBE0B056BC87B15643
:1036E000BD87B256BE87B356BF87B456C087B5569E
:1036F000C187B656C287B756C2C8B856C387B9562F
:10370000C487BA56C587BB56C687BC56C0BDBD5612
:10371000C787BE56C887BF56C987C056CA87C15615
:10372000CB87C256CC87C356CD87C456CE87C556E5
:10373000CF87C656D087C756D187C856D287C956B5
:10374000D387CA56D2C4CB56D487CC56D587CD564C
:10375000D687CE56D787CF56D887D056D987D15659
:10376000DA87D256DB87D356DC87D456ECE0D556C1
:10377000DD87D656DE87D756EDE0D856DF87D95697
:10378000E087DA56F4C7DB56C4CBDC56E187DD565A
:10379000EEE0DE56D8BBDF56B6D8E056F2D2E156A0
:1037A000EFE0E256C5CDE356E287E456DAB6E556D9
:1037B000E387E656E487E756E587E856E687E95665
:1037C000E787EA56E887EB56F1E0EC56E987ED56D5
:1037D000B0D4EE56EA87EF56EB87F056A7C0F15605
:1037E000D1B4F256EC87F356ED87F456A7CEF556D2
:1037F000F0E0F656EE87F756EF87F856F087F95661
:10380000F2E0FA56CCB9FB56F187FC56F287FD562A
:10381000FAB9FE56BCCDFF56F3E00057F3870157C7
:10382000F4870257F5870357D4C60457F4E00557C9
:10383000F6870657B2D40757F7870857A6C809571F
:10384000F6E00A57F5E00B57F8870C57F9870D5744
:10385000FA870E57FB870F57FC871057FD871157C4
:10386000FE871257408813574188145742881557CE
:10387000438816574488175745881857468819575C
:1038800047881A5748881B5749881C57F7E01D5727
:103890004A881E574B881F57C1CD20574C88215747
:1038A0004D8822574E882357A5CA24574F8825573D
:1038B000508826575188275752882857DAD42957D5
:1038C000D7DB2A57D9DB2B5753882C57D8DB2D57FA
:1038D000E7B92E57DCDB2F57DDDB3057D8B5315732
:1038E0005488325755883357DADB34575688355762
:1038F0005788365758883757598838575A8839570C
:10390000DBDB3A57A1B33B57DFDB3C575B883D57C6
:103910005C883E57F8BB3F575D884057B7D6415744
:103920005E884257E0DB43575F88445760884557BD
:103930006188465762884757F9BE48576388495798
:1039400064884A57BBB74B5765884C57D0DB4D57F7
:10395000AECC4E57B2BF4F57B5BB5057F8D75157A3
:10396000D3BF52576688535767885457688855574E
:10397000698856576A885757E9BF58576B8859570F
:103980006C885A57E1BC5B57B3CC5C57DEDB5D57A4
:10399000D3B05E57EBCE5F57D8B76057B9D76157F2
:1039A000C2C662576D8863576E886457A4C0655756
:1039B0006F886657B9CC675770886857E7DB6957D7
:1039C000E1DB6A57BAC66B57E3DB6C5771886D57FA
:1039D000E8DB6E5772886F57F7C570577388715759
:1039E0007488725775887357EADB745776887557F1
:1039F00077887657E9DB7757C0BF7857788879574B
:103A000079887A577A887B57E6DB7C57E5DB7D57E8
:103A10007B887E577C887F577D8880577E8881573A
:103A200080888257B9B48357ACC08457A2C28557E7
:103A3000E2DB8657E4DB875781888857828889577D
:103A400083888A5784888B57CDD08C57EDDB8D5770
:103A500085888E5786888F57878890578888915792
:103A600089889257DDC09357F2DB94578A8895571F
:103A70008B8896578C8897578D8898578E8899573A
:103A80008F889A5790889B57E2B69C5791889D578C
:103A900092889E5793889F579488A057F3DBA1572D
:103AA000D2DBA257B8B9A357ABD4A457ECDBA557C8
:103AB0009588A657D1BFA757F0DBA8579688A95776
:103AC000D1DBAA579788AB57E6B5AC579888AD5766
:103AD000EBDBAE57E5BFAF579988B0579A88B1571F
:103AE0009B88B257EEDBB3579C88B457F1DBB557D0
:103AF0009D88B6579E88B7579F88B857F9DBB95746
:103B0000A088BA57A188BB57A288BC57A388BD57C5
:103B1000A488BE57A588BF57A688C057A788C15795
:103B2000A888C257A1B9C357A3B0C457A988C5571D
:103B3000AA88C657AB88C757AC88C857AD88C9573D
:103B4000AE88CA57AF88CB57F1C2CC57B088CD5793
:103B5000B188CE57C7B3CF57EFDBD057B288D15714
:103B6000B388D257F8DBD357B488D457D2C6D557C9
:103B7000F4DBD657B588D757B688D857F5DBD95771
:103B8000F7DBDA57F6DBDB57B788DC57B888DD5749
:103B9000FEDBDE57B988DF57F2D3E057BAB2E15700
:103BA000BA88E257BB88E357BC88E457FDDBE5578A
:103BB000BD88E657BE88E757BF88E857C088E957F1
:103BC000C188EA57C288EB57C388EC57C488ED57C1
:103BD000A4DCEE57C588EF57FBDBF057C688F157DA
:103BE000C788F257C888F357C988F457FADBF557E6
:103BF000CA88F657CB88F757CC88F857FCDBF957BB
:103C0000E0C5FA57F9BBFB57CD88FC57CE88FD5766
:103C1000A3DCFE57CF88FF57D0880058A5DC015899
:103C2000D1880258C3CC0358D2880458D388055889
:103C3000D4880658D1B60758C0DD0858D588095829
:103C4000D6880A58D7880B58A1DC0C58D8880D584C
:103C5000A2DC0E58D9880F58DA881058DB88115822
:103C6000B5C71258DC881358DD881458DE881558FB
:103C7000E9B61658DF881758E0881858E1881958AF
:103C8000A7DC1A58E2881B58E3881C58E4881D58A2
:103C9000E5881E58A6DC1F58E6882058A9DC215864
:103CA000A4B12258E7882358E8882458CCB5255871
:103CB000E9882658EA882758EB882858EC8829583C
:103CC000ED882A58B0BF2B58EE882C58EF882D5815
:103CD000F0882E58F1882F58F2883058DFD13158AB
:103CE000F3883258F4883358F5883458F6883558B4
:103CF000C2B63658F7883758F8883858F98839588E
:103D0000FA883A58FB883B58FC883C58FD883D5857
:103D1000FE883E5840893F58418940584289415861
:103D2000438942584489435845894458A8DC45583A
:103D300046894658478947584889485849894958C3
:103D40004A894A584B894B584C894C58FACB4D58A4
:103D5000F3EB4E584D894F584E8950584F89515862
:103D6000DCCB52585089535851895458FECB555882
:103D7000528956585389575854895858C1CC595864
:103D800055895A5856895B5857895C5858895D58E7
:103D900059895E58FBC85F585A8960585B896158D9
:103DA0005C8962585D8963585E8964585F8965588B
:103DB000AADC6658608967586189685862896958C1
:103DC00063896A5864896B58EECC6C58ABDC6D58CB
:103DD00065896E5866896F58678970586889715807
:103DE000698972586A8973586B8974586C897558D7
:103DF0006D8976586E8977586F89785870897958A7
:103E000071897A5872897B5873897C5874897D5876
:103E100075897E58D3DB7F5876898058AFDC81580E
:103E2000ACDC825877898358B3BE8458788985582A
:103E3000FBCA8658798987587A8988587B89895836
:103E4000ADDC8A587C898B587D898C587E898D5849
:103E500080898E5881898F5882899058838991589A
:103E600084899258CAC99358B9C494588589955879
:103E70008689965887899758888998588989995842
:103E8000BDC79A58AEDC9B588A899C588B899D582F
:103E90008C899E58F6D49F58E6D0A0588D89A15899
:103EA0008E89A2588F89A3589089A4589189A558C2
:103EB0009289A6589389A7589489A858ABC4A95841
:103EC000D5B6AA589589AB589689AC589789AD58FC
:103ED0009889AE589989AF589A89B0589B89B1583A
:103EE0009C89B2589D89B3589E89B4589F89B5580A
:103EF000A089B658A189B758A289B858A389B958DA
:103F0000A489BA58A589BB58A689BC58D4DBBD582A
:103F1000A789BE58A889BF58A989C058AA89C1587D
:103F2000DAB1C258AB89C358AC89C458AD89C558F9
:103F3000D5DBC658AE89C758AF89C858B089C958AB
:103F4000B189CA58B289CB58B389CC58B489CD58F5
:103F5000B589CE58B689CF58B789D058B889D158C5
:103F6000D6DBD258B989D358BA89D458BB89D55829
:103F7000BEBAD658BC89D758BD89D858BE89D95839
:103F8000BF89DA58C089DB58C189DC58C289DD583D
:103F9000C389DE58C489DF58C589E058C689E1580D
:103FA000C789E258C889E358C989E458C0C8E558A8
:103FB000CA89E658CB89E758CC89E858CD89E958B1
:103FC000CE89EA58CF89EB58BFCAEC58C9C8ED581A
:103FD000D089EE58B3D7EF58D189F058F9C9F158C4
:103FE000D289F258D389F358C7BFF458D489F55809
:103FF000D589F658F8BAF758D689F858D789F958B4
:10400000BCD2FA58D889FB58D989FC58DA89FD58AE
:10401000DB89FE58DC89FF58DD890059DE890159AA
:10402000DF890259BAE20359E0890459A6B4055957
:10403000E1890659E2890759B8B10859E389095954
:10404000E4890A59E5890B59E6890C59E7890D5924
:10405000B4B80E59E8890F59C4CF1059E9891159DC
:10406000EA891259EB891359EC891459E7D9155982
:10407000A6CF1659E2CD1759ED891859EE8919596D
:10408000EDD91A59E0B61B59EF891C59B9D21D59FF
:10409000F0891E59F1891F59BBB92059F28921595C
:1040A000F3892259F4892359F5892459B9E225590C
:1040B000B7E22659F6892759F3B42859F7892959BF
:1040C000ECCC2A59ABCC2B59F2B72C59F8892D5985
:1040D000B2D82E59EBD12F59BBBA3059F989315981
:1040E000A7CA3259FA893359FB893459B7CD3559A2
:1040F000FC893659FD893759C4D23859E4BF39593A
:10410000D0BC3A59E1B63B59FE893C59C5DE3D5910
:10411000408A3E59418A3F59428A4059438A41590F
:10412000C6DE4259BCDB4359448A4459D9D145596A
:10413000458A4659468A4759E6C64859CEC4495920
:10414000EEB74A59478A4B59DCB74C59488A4D5902
:10415000498A4E59FCBF4F59E0D750594A8A5159A4
:10416000F5C652594B8A53594C8A5459BCB15559CA
:10417000C8DE5659B1BD5759D7CC5859CADE59591E
:104180004D8A5A59C9DE5B594E8A5C594F8A5D592E
:10419000508A5E59518A5F59528A6059ECB561590B
:1041A000538A6259DDC96359548A6459558A6559DD
:1041B000C2B06659568A6759578A6859588A6959E8
:1041C000598A6A595A8A6B595B8A6C595C8A6D594B
:1041D0005D8A6E595E8A6F595F8A7059608A71591B
:1041E000618A7259628A7359AEC57459ABC57559E3
:1041F000638A7659CCC47759648A7859E9BC79596D
:10420000FDCB7A59658A7B59668A7C59678A7D59C4
:10421000C3BA7E59688A7F59698A80596A8A8159E6
:10422000F9E58259E7C88359FAE58459FDCD8559E6
:104230006B8A8659B1D78759BEB88859E8C289595F
:104240006C8A8A59D1C88B596D8A8C596E8A8D595E
:10425000FBE58E596F8A8F59708A9059718A9159EE
:10426000728A9259CAB69359CBBC9459738A95599C
:10427000748A9659FDD19759A1E69859758A99592A
:10428000EEC39A59768A9B59778A9C59788A9D59A8
:10429000798A9E59A4E69F597A8AA0597B8AA159A6
:1042A0007C8AA2597D8AA359FEE5A459A5E6A559A1
:1042B000D7CDA6597E8AA759808AA859C1B7A959CE
:1042C000FCE5AA59FDE5AB59A3E6AC59818AAD5985
:1042D000828AAE59DDC4AF59A8E6B059838AB15974
:1042E000848AB259A7E6B359858AB459868AB559E2
:1042F000878AB659888AB759898AB8598A8AB95932
:10430000C3C3BA598B8ABB59DEC6BC598C8ABD5906
:104310008D8ABE59AAE6BF598E8AC0598F8AC15963
:10432000908AC259918AC359928AC459938AC559AD
:10433000948AC659B7C4C759958AC859968AC95923
:10434000978ACA59A2E6CB59BCCACC59988ACD598A
:10435000998ACE599A8ACF599B8AD059E3BDD159AF
:10436000C3B9D259A6E6D359D5D0D459AFCED55971
:104370009C8AD6599D8AD759A9E6D859B0E6D95909
:104380009E8ADA59A6D2DB599F8ADC59AABDDD592B
:10439000ADE6DE59A08ADF59A18AE059A28AE15927
:1043A000A38AE259A48AE359AFE6E459A58AE559FC
:1043B000D1C0E659A68AE759A78AE859CCD2E9596B
:1043C000A88AEA59A98AEB59AA8AEC59A7BCED59DF
:1043D000AB8AEE59AC8AEF59AD8AF059AE8AF159E1
:1043E000AF8AF259B08AF359B18AF459B28AF559B1
:1043F000B38AF659B48AF759B58AF859B68AF95981
:10440000B1E6FA59B78AFB59F6D2FC59B88AFD5978
:10441000B98AFE59BA8AFF59CBD7005ABB8A015ACA
:10442000FECD025ABC8A035ADECD045AA6C2055AF2
:10443000ABE6065AACE6075ABFBD085AAEE6095AC3
:10444000B3E60A5ABD8A0B5ABE8A0C5AB2E60D5A16
:10445000BF8A0E5AC08A0F5AC18A105AC28A115A8C
:10446000B6E6125AC38A135AB8E6145AC48A155AC1
:10447000C58A165AC68A175AC78A185AEFC4195AD3
:10448000C88A1A5AC98A1B5ACA8A1C5AC8C41D5AD1
:10449000CB8A1E5ACC8A1F5AEABE205AEFC9215A2B
:1044A000CD8A225ACE8A235AB7E6245ACF8A255A71
:1044B000F0B6265AD08A275AD18A285AD28A295A3F
:1044C000E4C32A5AD38A2B5AD48A2C5AD58A2D5A15
:1044D000D68A2E5AD78A2F5AD88A305AD98A315A30
:1044E000E9D3325AB4E6335ADA8A345AB5E6355A41
:1044F000DB8A365AA2C8375ADC8A385ADD8A395ADA
:10450000DE8A3A5ADF8A3B5AE08A3C5ABDE63D5A77
:10451000E18A3E5AE28A3F5AE38A405AB9E6415A52
:10452000E48A425AE58A435AE68A445AE78A455A57
:10453000E88A465AC5C6475AE98A485AEA8A495A11
:10454000F1CD4A5ABBE64B5AEB8A4C5AEC8A4D5A8B
:10455000ED8A4E5AEE8A4F5AEF8A505AF08A515AD3
:10456000F18A525AF28A535AF38A545AF48A555AA3
:10457000BCE6565AF58A575AF68A585AF78A595A53
:10458000F88A5A5AE9BB5B5AF98A5C5AFA8A5D5A28
:10459000FB8A5E5AFC8A5F5AFD8A605AFE8A615A1B
:1045A000408B625ABEE6635A418B645A428B655A0D
:1045B000438B665A448B675ABAE6685A458B695AE8
:1045C000468B6A5AB7C06B5A478B6C5A488B6D5AE8
:1045D000498B6E5A4A8B6F5A4B8B705A4C8B715A5F
:1045E0004D8B725A4E8B735A4F8B745AA4D3755A93
:1045F000BFE6765AF4C9775AC3E6785A508B795A8F
:10460000518B7A5AC4E67B5A528B7C5A538B7D5A13
:10461000548B7E5A558B7F5AF6D0805A568B815ACE
:10462000578B825A588B835A598B845A5A8B855A86
:104630005B8B865A5C8B875A5D8B885A5E8B895A56
:104640005F8B8A5A608B8B5A618B8C5A628B8D5A26
:10465000638B8E5A648B8F5A658B905A668B915AF6
:10466000678B925ABDC3935A688B945A698B955A3B
:104670006A8B965A6B8B975A6C8B985A6D8B995A9A
:104680006E8B9A5AC4C39B5AC2E69C5A6F8B9D5A32
:10469000708B9E5A718B9F5A728BA05A738BA15A42
:1046A000748BA25A758BA35A768BA45A778BA55A12
:1046B000788BA65A798BA75A7A8BA85A7B8BA95AE2
:1046C0007C8BAA5AC1E6AB5A7D8BAC5A7E8BAD5A15
:1046D000808BAE5A818BAF5A828BB05A838BB15A82
:1046E000848BB25AC7E6B35AB1CFB45A858BB55A48
:1046F000F4EBB65A868BB75A878BB85ACAE6B95AC2
:10470000888BBA5A898BBB5A8A8BBC5A8B8BBD5A01
:104710008C8BBE5AC5E6BF5A8D8BC05A8E8BC15A40
:10472000DEBCC25AA9C9C35A8F8BC45A908BC55AD2
:10473000918BC65A928BC75A938BC85A948BC95A7D
:10474000B5BCCA5A958BCB5A968BCC5AD3CFCD5A7F
:10475000978BCE5A988BCF5A998BD05A9A8BD15A25
:104760009B8BD25AC8E6D35A9C8BD45AC9E6D55AE9
:104770009D8BD65ACEE6D75A9E8BD85AD0E6D95AB8
:104780009F8BDA5AA08BDB5AA18BDC5AD1E6DD5A1B
:10479000A28BDE5AA38BDF5AA48BE05ACBE6E15AF8
:1047A000D5B5E25AA58BE35ACCE6E45AA68BE55A76
:1047B000A78BE65ACFE6E75AA88BE85AA98BE95AA5
:1047C000DBC4EA5AAA8BEB5AC6E6EC5AAB8BED5A1D
:1047D000AC8BEE5AAD8BEF5AAE8BF05AAF8BF15AD1
:1047E000CDE6F25AB08BF35AB18BF45AB28BF55A2C
:1047F000B38BF65AB48BF75AB58BF85AB68BF95A75
:10480000B78BFA5AB88BFB5AB98BFC5ABA8BFD5A44
:10481000BB8BFE5ABC8BFF5ABD8B005BBE8B015B12
:10482000BF8B025BC08B035BC18B045BC28B055BE0
:10483000C38B065BC48B075BC58B085BC68B095BB0
:10484000D2E60A5BC78B0B5BC88B0C5BC98B0D5B1D
:10485000CA8B0E5BCB8B0F5BCC8B105BCD8B115B54
:10486000CE8B125BCF8B135BD08B145BD18B155B24
:10487000D28B165BD4E6175BD3E6185BD38B195B40
:10488000D48B1A5BD58B1B5BD68B1C5BD78B1D5BCC
:10489000D88B1E5BD98B1F5BDA8B205BDB8B215B9C
:1048A000DC8B225BDD8B235BDE8B245BDF8B255B6C
:1048B000E08B265BE18B275BE28B285BE38B295B3C
:1048C000E48B2A5BE58B2B5BE68B2C5BE78B2D5B0C
:1048D000E88B2E5BE98B2F5BEA8B305BEB8B315BDC
:1048E000EC8B325BD5E6335BED8B345BF8D9355B13
:1048F000EE8B365BEF8B375BD6E6385BF08B395B44
:10490000F18B3A5BF28B3B5BF38B3C5BF48B3D5B57
:10491000F58B3E5BF68B3F5BF78B405BD7E6415BED
:10492000F88B425BF98B435BFA8B445BFB8B455BFB
:10493000FC8B465BFD8B475BFE8B485B408C495B89
:10494000418C4A5B428C4B5B438C4C5B448C4D5B93
:10495000458C4E5B468C4F5B478C505BD3D7515B8D
:10496000DDE6525B488C535BDEE6545BD7BF555B9C
:10497000D0D4565B498C575BD6D7585BE6B4595BAD
:10498000EFCB5A5BDAE65B5BC3D85C5BCED75D5B93
:10499000A2D05E5B4A8C5F5BCFC3605B4B8C615B7C
:1049A0004C8C625BDFE6635BBEBC645BC2B9655B7B
:1049B000DBE6665BA7D1675B4D8C685B4E8C695B01
:1049C000A2BA6A5BCFC26B5B4F8C6C5BABD86D5B82
:1049D000508C6E5B518C6F5B528C705BEBCA715B61
:1049E000EEE5725B538C735BDCE6745B548C755B39
:1049F000F5B7765B558C775B568C785B578C795B1B
:104A0000588C7A5BE6C87B5B598C7C5B5A8C7D5BEF
:104A1000F5C47E5B5B8C7F5B5C8C805BB2E5815B0D
:104A2000FEC4825B5D8C835BFCCB845BB3E5855B02
:104A3000ACD5865B5E8C875BEED3885BD8CA895B1E
:104A4000B2B08A5B5F8C8B5BCECB8C5BEACD8D5B2F
:104A5000608C8E5B618C8F5BEABA905B628C915B41
:104A6000638C925B648C935BB5E5945B658C955B22
:104A7000B4E5965B668C975BDAD7985BD9B9995B9E
:104A8000E6D69A5BA8B69B5BF0CD9C5BCBD29D5BD8
:104A9000A6B19E5BB5CA9F5B678CA05BE8B3A15BC8
:104AA000F3C9A25BCDBFA35BFBD0A45BD2CAA55B5D
:104AB000B6E5A65BC2BBA75B688CA85B698CA95BEB
:104AC0006A8CAA5BDCCFAB5BACB9AC5B6B8CAD5BCF
:104AD0006C8CAE5B6D8CAF5B6E8CB05BD7D4B15B16
:104AE0006F8CB25B708CB35BA6BAB45BE7D1B55B7D
:104AF000FCCFB65BD2BCB75B718CB85BB7E5B95B7A
:104B0000DDC8BA5B728CBB5B738CBC5B748CBD5BA9
:104B1000EDBFBE5BF6B1BF5BDECBC05B758CC15B2E
:104B2000768CC25BC5BCC35B778CC45BC4BCC55B05
:104B3000FAD2C65BDCC3C75BDCBFC85B788CC95BE1
:104B4000798CCA5B7A8CCB5B7B8CCC5BBBB8CD5B46
:104B50007C8CCE5B7D8CCF5B7E8CD05BC2C3D15B0B
:104B6000808CD25BAEBAD35BA2D4D45B818CD55B94
:104B7000828CD65B838CD75B848CD85B858CD95B2D
:104B8000868CDA5B878CDB5B888CDC5B898CDD5BFD
:104B9000DEC7DE5BAFC4DF5BECB2E05B8A8CE15B5F
:104BA000D1B9E25B8B8CE35B8C8CE45BBBE5E55BB2
:104BB000C8C1E65B8D8CE75B8E8CE85BAFD5E95BAB
:104BC0008F8CEA5B908CEB5B918CEC5B928CED5B59
:104BD000938CEE5BBCE5EF5B948CF05BBEE5F15B28
:104BE000958CF25B968CF35B978CF45B988CF55B01
:104BF000998CF65B9A8CF75B9B8CF85BE7B4F95B5E
:104C0000D4B6FA5BC2CBFB5BB0D1FC5BBCB5FD5B41
:104C10009C8CFE5B9D8CFF5BD9CA005C9E8C015C0A
:104C2000E2B7025C9F8C035CA08C045CE4C9055C69
:104C3000A18C065CABBD075CA28C085CA38C095CF4
:104C4000BECE0A5CF0D70B5CA48C0C5CA58C0D5C12
:104C5000A68C0E5CA78C0F5CA1D0105CA88C115C9C
:104C6000D9C9125CA98C135CAA8C145CFBB6155CC8
:104C7000D8E6165CE2BC175CAB8C185CBEB3195C62
:104C8000AC8C1A5CD0C91B5CAD8C1C5CD9E61D5C7D
:104C9000A2B31E5CAE8C1F5CAF8C205CB08C215C20
:104CA000B18C225CCCDE235CB28C245CC8D3255C46
:104CB000CDDE265CB38C275CA2D2285CB48C295C48
:104CC000B58C2A5CB68C2B5CB78C2C5CCEDE2D5C54
:104CD000B88C2E5CB98C2F5CBA8C305CBB8C315C90
:104CE000CDBE325CBC8C335CBD8C345CCFDE355CBD
:104CF000BE8C365CBF8C375CC08C385CACCA395C0F
:104D0000FCD23A5CDFB33B5CEAE53C5CE1C43D5C71
:104D1000A1BE3E5CB2CE3F5CF2C4405CD6BE415CFC
:104D2000A8C6425CE3B2435CC18C445CC28C455C67
:104D3000D3BE465CC38C475CC48C485CFCC7495CF2
:104D4000EBCC4A5CECBD4B5CDDCE4C5CC58C4D5C69
:104D5000C68C4E5CBACA4F5CC1C6505CECE5515C77
:104D6000BCD0525CC78C535CC88C545CC98C555CFD
:104D7000B9D5565CCA8C575CCB8C585CCC8C595CD2
:104D8000EDE55A5CCD8C5B5CCE8C5C5CCF8C5D5C65
:104D9000D08C5E5CF4CA5F5CD18C605CC0CD615C21
:104DA000C5C2625CD28C635CEFE5645CD38C655CED
:104DB000C4C2665CF0E5675CD48C685CD58C695CC9
:104DC000D68C6A5CD78C6B5CD88C6C5CD98C6D5C37
:104DD000DA8C6E5CF8E56F5CCDCD705CDB8C715C61
:104DE000BDC9725CDC8C735CDD8C745CDE8C755CC4
:104DF000DF8C765CE08C775CE18C785CE28C795CB3
:104E0000D9D27A5CA8E17B5CE38C7C5CE48C7D5C31
:104E1000E58C7E5CE68C7F5CECD3805CE78C815C0F
:104E2000EACB825CF1C6835CE88C845CE98C855CAF
:104E3000EA8C865CEB8C875CEC8C885CACE1895CF2
:104E4000ED8C8A5CEE8C8B5CEF8C8C5CA7E18D5CCE
:104E5000A9E18E5CF08C8F5CF18C905CAAE1915C96
:104E6000AFE1925CF28C935CF38C945CEDB2955C58
:104E7000F48C965CABE1975CDAB8985CADE1995C38
:104E8000AEE19A5CB0E19B5CBAB59C5CB1E19D5C23
:104E9000F58C9E5CF68C9F5CF78CA05CF88CA15C1A
:104EA000F98CA25CB3E1A35CB8E1A45CFA8CA55CCC
:104EB000FB8CA65CFC8CA75CFD8CA85CFE8CA95CC2
:104EC000D2D1AA5C408DAB5CB6E1AC5CB5E1AD5C27
:104ED000EBC1AE5C418DAF5C428DB05C438DB15C8B
:104EE000B7E1B25C448DB35CC0D4B45C458DB55CB5
:104EF000B2E1B65C468DB75CBAE1B85CB6B0B95CFD
:104F0000478DBA5C488DBB5C498DBC5C4A8DBD5CED
:104F1000B4E1BE5C4B8DBF5CF9BFC05C4C8DC15C25
:104F2000B9E1C25C4D8DC35C4E8DC45CBBE1C55C18
:104F30004F8DC65C508DC75C518DC85C528DC95C6D
:104F4000538DCA5C548DCB5CBEE1CC5C558DCD5C81
:104F5000568DCE5C578DCF5C588DD05C598DD15C11
:104F60005A8DD25CBCE1D35C5B8DD45C5C8DD55C2E
:104F70005D8DD65C5E8DD75C5F8DD85C608DD95CB5
:104F8000C5D6DA5C618DDB5C628DDC5C638DDD5CDB
:104F9000648DDE5C658DDF5C668DE05C678DE15C59
:104FA000BFCFE25C688DE35C698DE45CBDE1E55CEC
:104FB000BFE1E65CCDC2E75C6A8DE85CEBB6E95C1C
:104FC0006B8DEA5CF8D3EB5C6C8DEC5C6D8DED5C0D
:104FD000CDC7EE5C6E8DEF5C6F8DF05CE5B7F15C7C
:104FE000708DF25C718DF35C728DF45C738DF55C89
:104FF000748DF65C758DF75C768DF85C778DF95C59
:10500000788DFA5C798DFB5CFEBEFC5C7A8DFD5C74
:105010007B8DFE5C7C8DFF5C7D8D005D7E8D015DFA
:10502000808D025DC0E1035DC1E1045D818D055DA0
:10503000828D065DC7E1075DE7B3085D838D095D7D
:10504000848D0A5D858D0B5D868D0C5D878D0D5D74
:10505000888D0E5DE9C60F5D898D105D8A8D115DAD
:105060008B8D125D8C8D135D8D8D145DDEB4155DA1
:105070008E8D165DC2D1175D8F8D185D908D195D77
:10508000918D1A5D928D1B5DC8E11C5D938D1D5D38
:10509000948D1E5DC6E11F5D958D205D968D215D11
:1050A000978D225D988D235D998D245DC5E1255DE9
:1050B0009A8D265DC3E1275DC2E1285D9B8D295D48
:1050C000C0B12A5D9C8D2B5D9D8D2C5D9E8D2D5DCF
:1050D000B8D52E5DC4E12F5D9F8D305DA08D315D13
:1050E000A18D325DA28D335DA38D345DCBE1355D45
:1050F000A48D365DA58D375DA68D385DA78D395D94
:10510000A88D3A5DA98D3B5DAA8D3C5DAB8D3D5D63
:10511000CCE13E5DCAE13F5DAC8D405DAD8D415D52
:10512000AE8D425DAF8D435DB08D445DB18D455D0B
:10513000B28D465DB38D475DFAEF485DB48D495D34
:10514000B58D4A5DD3E14B5DD2E14C5DB6C74D5D97
:10515000B68D4E5DB78D4F5DB88D505DB98D515D8B
:10516000BA8D525DBB8D535DBC8D545DBD8D555D5B
:10517000BE8D565DBF8D575DC08D585DC9E1595DCF
:10518000C18D5A5DC28D5B5DCEE15C5DC38D5D5DA1
:10519000D0E15E5DC48D5F5DC58D605DC68D615D76
:1051A000C78D625DC88D635DC98D645DCA8D655DA7
:1051B000CB8D665DCC8D675DCD8D685DCE8D695D77
:1051C000D4E16A5DCF8D6B5DD1E16C5DCDE16D5D4C
:1051D000D08D6E5DD18D6F5DCFE1705DD28D715DD3
:1051E000D38D725DD48D735DD58D745DD5E1755DA4
:1051F000D68D765DD78D775DD88D785DD98D795DCB
:10520000DA8D7A5DDB8D7B5DDC8D7C5DDD8D7D5D9A
:10521000DE8D7E5DDF8D7F5DE08D805DE18D815D6A
:10522000E28D825DD6E1835DE38D845DE48D855DF5
:10523000E58D865DE68D875DE78D885DE88D895D0E
:10524000E98D8A5DEA8D8B5DEB8D8C5DEC8D8D5DDE
:10525000ED8D8E5DEE8D8F5DEF8D905DF08D915DAE
:10526000F18D925DF28D935DF38D945DF48D955D7E
:10527000F58D965DF68D975DF78D985DF88D995D4E
:10528000D7E19A5DF98D9B5DFA8D9C5DFB8D9D5DEF
:10529000D8E19E5DFC8D9F5DFD8DA05DFE8DA15DC5
:1052A000408EA25D418EA35D428EA45D438EA55DBE
:1052B000448EA65D458EA75D468EA85D478EA95D8E
:1052C000488EAA5D498EAB5D4A8EAC5D4B8EAD5D5E
:1052D0004C8EAE5D4D8EAF5D4E8EB05D4F8EB15D2E
:1052E000508EB25D518EB35D528EB45D538EB55DFE
:1052F000548EB65D558EB75DDAE1B85D568EB95DF8
:10530000578EBA5D588EBB5D598EBC5D5A8EBD5DA1
:105310005B8EBE5D5C8EBF5D5D8EC05D5E8EC15D71
:105320005F8EC25D608EC35D618EC45D628EC55D41
:10533000DBE1C65D638EC75D648EC85D658EC95D49
:10534000668ECA5D678ECB5D688ECC5D698ECD5DE5
:10535000A1CECE5D6A8ECF5D6B8ED05D6C8ED15D41
:105360006D8ED25D6E8ED35D6F8ED45D708ED55D89
:10537000718ED65D728ED75D738ED85D748ED95D59
:10538000758EDA5D768EDB5DDDE7DC5D778EDD5D6B
:10539000A8B4DE5DDDD6DF5D788EE05D798EE15DFF
:1053A000B2D1E25DB2B3E35D7A8EE45D7B8EE55D02
:1053B000A4B9E65DF3D7E75DC9C7E85DDEBEE95D88
:1053C000AEB9EA5D7C8EEB5DD7CEEC5D7D8EED5D9A
:1053D0007E8EEE5DEEB2EF5DCFDBF05D808EF15D37
:1053E000BABCF25DD1D2F35DC8CBF45DCDB0F55D52
:1053F000818EF65D828EF75DEFCFF85D838EF95D6D
:10540000848EFA5D858EFB5D868EFC5D878EFD5DEC
:10541000E3D9FE5DEDBDFF5D888E005E898E015E85
:10542000D2B1025ED0CA035EBCB2045E8A8E055E53
:10543000A7CB065EABB7075E8B8E085EA6CA095E79
:105440008C8E0A5E8D8E0B5E8E8E0C5EA3CF0D5EF3
:105450008F8E0E5E908E0F5EF8E0105ECAD5115EE4
:10546000FBE0125E918E135E928E145EFAE0155E82
:10547000C1C5165EFBCC175E938E185EB1C1195E76
:10548000F9E01A5EE3D61B5EAFB21C5EC4D61D5EA9
:10549000DBB51E5E948E1F5E958E205E968E215E1D
:1054A000978E225E988E235E998E245E9A8E255E5C
:1054B0009B8E265EF8B4275EA1D6285E9C8E295E60
:1054C0009D8E2A5E9E8E2B5E9F8E2C5EA08E2D5E04
:1054D000AFCF2E5EEFB02F5EA18E305EA28E315E1A
:1054E000FCE0325EA38E335EA48E345EA58E355E04
:1054F000A68E365EA78E375EA1E1385EA3B3395E15
:10550000A88E3A5EA98E3B5EFDE03C5EFEE03D5E0D
:10551000B1C33E5EAA8E3F5EAB8E405EAC8E415EF6
:10552000AD8E425EDDC3435EAE8E445EA2E1455E5B
:10553000F9B7465EAF8E475EB08E485EB18E495E6B
:10554000B28E4A5EB38E4B5EB48E4C5ECFBB4D5E68
:10555000B58E4E5EB68E4F5EB78E505EB88E515E83
:10556000B98E525EBA8E535EBB8E545EA3E1555E19
:10557000BBC4565EBC8E575EBD8E585EBE8E595EF5
:10558000BF8E5A5EC08E5B5EA4E15C5EC18E5D5EC6
:10559000C28E5E5EA5E15F5EC38E605EC48E615E9C
:1055A000A6E1625EB1B4635EC58E645EC68E655E62
:1055B000C78E665EC88E675EC98E685ECA8E695E7B
:1055C000CB8E6A5ECC8E6B5ECD8E6C5ECE8E6D5E4B
:1055D000CF8E6E5ED08E6F5ED18E705ED28E715E1B
:1055E000D38E725EC9B8735EBDC6745EEAC4755E62
:1055F000D48E765EA2B2775ED58E785ED2D0795E9A
:10560000D68E7A5EDBE77B5EC3BB7C5ED7D37D5EE6
:10561000C4D37E5ED78E7F5EE3B9805ECFE2815ECB
:10562000D88E825ED98E835EDA8E845EAFD7855E39
:10563000DB8E865EECC7875ED3B1885EDC8E895ECA
:10564000DD8E8A5EB2B48B5ED1E28C5EDE8E8D5EC4
:10565000DF8E8E5EE08E8F5EF2D0905EAEC2915E87
:10566000D0E2925EE18E935EE2BF945EA6D3955E39
:10567000D7B5965ED2E2975EEAB5985EE28E995E05
:10568000EDC39A5EFDB89B5EE38E9C5EAEB89D5EF8
:10569000E48E9E5ED3C59F5ECFB7A05ED4E2A15ECE
:1056A000E58EA25EE68EA35EE78EA45EE88EA55E22
:1056B000D3E2A65EC8B6A75EF9D7A85EE98EA95E5A
:1056C000EA8EAA5EEB8EAB5EEC8EAC5EED8EAD5ECE
:1056D000A5CDAE5EEE8EAF5EEF8EB05EF08EB15EAB
:1056E000F18EB25EF28EB35ED8E2B45EF38EB55E3A
:1056F000D6E2B65EFCCAB75EB5BFB85EB9D3B95ED6
:10570000D5E2BA5EF48EBB5EF58EBC5EF68EBD5EF3
:10571000F78EBE5ED7E2BF5EF88EC05EF98EC15EC8
:10572000FA8EC25EFB8EC35EFC8EC45EFD8EC55ECD
:10573000FE8EC65E408FC75E418FC85E428FC95ED7
:10574000AEC1CA5EC8C0CB5E438FCC5E448FCD5E17
:10575000458FCE5E468FCF5E478FD05E488FD15E3D
:10576000DBE2D25EDAE2D35EAAC0D45E498FD55EB8
:105770004A8FD65ECEC1D75E4B8FD85E4C8FD95E36
:105780004D8FDA5E4E8FDB5EDCE2DC5E4F8FDD5EDE
:10579000508FDE5E518FDF5E528FE05E538FE15E91
:1057A000548FE25E558FE35E568FE45E578FE55E61
:1057B000588FE65E598FE75E5A8FE85EDDE2E95E5C
:1057C0005B8FEA5EDEE2EB5E5C8FEC5E5D8FED5E32
:1057D0005E8FEE5E5F8FEF5E608FF05E618FF15ED9
:1057E000628FF25E638FF35E648FF45EC8DBF55EFA
:1057F000658FF65ED3D1F75EA2CDF85E668FF95E57
:10580000678FFA5EA8BDFB5E688FFC5E698FFD5EE8
:105810006A8FFE5EC3DEFF5EA5D8005FAABF015F90
:10582000CDDB025FECD2035FFAC6045FAAC5055F59
:105830006B8F065F6C8F075F6D8F085FC4DE095F3B
:105840006E8F0A5FD7B10B5FAEDF0C5F6F8F0D5F9E
:10585000708F0E5F718F0F5FBDCA105F728F115F07
:10586000B1DF125F738F135FADB9145F748F155F73
:10587000FDD2165F758F175FA5B8185FEBBA195F79
:10588000768F1A5F778F1B5FDAB31C5F788F1D5F8F
:10589000798F1E5F7A8F1F5FDCB5205FC5D5215FD2
:1058A0007B8F225F7C8F235F7D8F245F7E8F255FC0
:1058B000D6C3265FD2CF275FA1BB285F808F295F29
:1058C000F3E52A5FF2E52B5F818F2C5F828F2D5FDE
:1058D000F4E52E5F838F2F5FE4CD305F848F315FDF
:1058E000F5C8325F858F335F868F345F878F355F72
:1058F000888F365F898F375F8A8F385F8B8F395FEC
:10590000AFB53A5FBFC73B5F8C8F3C5FF6E53D5F4D
:105910008D8F3E5F8E8F3F5F8F8F405FB0EC415F1A
:10592000908F425F918F435F928F445F938F455F6B
:10593000948F465F958F475F968F485F978F495F3B
:10594000988F4A5F998F4B5F9A8F4C5F9B8F4D5F0B
:105950009C8F4E5F9D8F4F5F9E8F505FE6E5515F3E
:105960009F8F525FE9B9535FB1B5545FA08F555F08
:10597000BCC2565FE8E5575FE7E5585FE9E5595F68
:10598000A18F5A5FA28F5B5FA38F5C5FA48F5D5F67
:10599000CDD25E5FA58F5F5FA68F605FA78F615FCF
:1059A000EAE1625FCED0635FA88F645FAECD655FD2
:1059B000A98F665FE5D1675FAA8F685FAB8F695F6C
:1059C000CAB26A5FEBB16B5FAC8F6C5FF2B16D5FB7
:1059D000EDC56E5FAD8F6F5FAE8F705FC3D5715FCA
:1059E000B0D3725FAF8F735FDCE1745FB08F755FB0
:1059F000B18F765FB28F775FDDE1785FB38F795FCC
:105A0000DBD27A5FB48F7B5FB9B37C5FCBB17D5F54
:105A1000B58F7E5FB68F7F5FB78F805FF9CD815F77
:105A2000F7D5825FDEE1835FB88F845FB6BE855FA6
:105A3000FDB4865FB98F875FDFE1885FDCBA895F7D
:105A4000E0E18A5FB2BB8B5FC9C28C5FE1E18D5F31
:105A5000BA8F8E5FBB8F8F5FBC8F905FECD0915FF2
:105A6000BD8F925FBDCD935FBE8F945FBF8F955FFB
:105A7000E2E1965FC08F975FC3B5985FC7C5995F36
:105A8000E3E19A5FC18F9B5FC28F9C5FE4E19D5F02
:105A9000C38F9E5FC48F9F5FC58FA05FC68FA15FBE
:105AA000F9D3A25FC78FA35FC88FA45FC98FA55F1B
:105AB000CA8FA65FCB8FA75FCC8FA85FE5E1A95FF8
:105AC000CD8FAA5FADD1AB5FCE8FAC5FCF8FAD5F17
:105AD000E6E1AE5FA2CEAF5FD08FB05FD18FB15F96
:105AE000D28FB25FD38FB35FD48FB45FD58FB55FE2
:105AF000E7E1B65FD68FB75FC2B5B85FD78FB95F42
:105B0000D88FBA5FD98FBB5FDA8FBC5FE8E1BD5F2A
:105B1000D5BBBE5FDB8FBF5FDC8FC05FDD8FC15F3A
:105B2000DE8FC25FDF8FC35FC4D0C45FE0E2C55FBA
:105B3000D8B1C65FE4D2C75FE08FC85FE18FC95FAD
:105B4000E1E2CA5FE28FCB5FE38FCC5FC9BCCD5F80
:105B5000CCC8CE5FE48FCF5FE3E2D05FFEECD15FD5
:105B6000FDECD25FAFDFD35FE58FD45FE68FD55F0B
:105B7000E78FD65FE2E2D75FBED6D85FFCCDD95FB4
:105B8000A6C3DA5FE88FDB5FE98FDC5FEA8FDD5F5A
:105B9000C3E3DE5FEB8FDF5FEC8FE05FD2D6E15FC8
:105BA000E7E2E25FED8FE35FEE8FE45FE8E2E55F5F
:105BB000EF8FE65FF08FE75FC7D3E85FF18FE95FB4
:105BC000F28FEA5FECE2EB5FECBFEC5FF38FED5F2F
:105BD000EDE2EE5FE5E2EF5FF48FF05FF58FF15FEE
:105BE000C0B3F25FF68FF35FF78FF45FF88FF55F66
:105BF000EEC4F65FF98FF75FFA8FF85FEEE2F95FB8
:105C0000FB8FFA5FFC8FFB5FC3D0FC5FFD8FFD5FF6
:105C1000F6BAFE5FE9E2FF5FDEB70060B3BB01608A
:105C2000ACCC0260CBCB0360E4E20460E6E205604A
:105C3000EAE20660EBE20760FE8F086040900960D0
:105C400041900A60F7E20B6042900C6043900D6057
:105C5000F4E20E60F5D40F60F3E21060449011603E
:105C600045901260ADC5136046901460FAD515607A
:105C7000C2C51660C0B2176047901860489019609E
:105C8000EFE21A6049901B60F2E21C60AFC11D6038
:105C9000BCCB1E604A901F604B902060A1B5216074
:105CA000F9E222604C9023604D9024604E90256074
:105CB000B1BC2660F1E22760D4D02860B9D4296055
:105CC000F5E22A60D6B92B60F6E22C604F902D6089
:105CD00050902E6051902F60D3C730605290316049
:105CE00053903260549033605590346056903560D4
:105CF000F0E23660579037605890386059903960BC
:105D00005A903A605B903B60DCD73C60A1ED3D600F
:105D10005C903E605D903F60F8E240605E90416064
:105D2000A5ED4260FEE24360D1CA44605F904560E9
:105D300060904660619047606290486063904960FF
:105D400064904A6065904B60B5C14C6066904D6050
:105D5000D0BB4E6067904F6068905060D6BF516076
:105D600069905260E3BA53606A9054606B905560DA
:105D7000A1CB56606C9057606D9058606E905960E2
:105D8000A6ED5A60A3ED5B606F905C6070905D6003
:105D9000A2ED5E6071905F60729060607390616070
:105DA00074906260D6BB6360A7ED6460F4D06560F8
:105DB0007590666076906760A4ED6860DEBA696091
:105DC000F7B66A60A1E36B60B2B66C60F1CC6D604F
:105DD000A7B96E6077906F60A2CF7060A1C7716045
:105DE0007890726079907360D2BF74607A907560B9
:105DF0007B907660F1B677607C907860FAE27960AB
:105E0000FBE27A60FDE27B60FCE27C60D5C47D60F1
:105E1000A2E37E607D907F60C1D380607E908160D0
:105E20008090826081908360A7E38460C4C78560AE
:105E30008290866083908760849088608590896076
:105E4000A4CF8A6086908B6087908C60A9E38D6078
:105E5000B7BA8E6088908F60899090608A909160C8
:105E60008B909260A8E393608C909460DABB95600D
:105E70008D909660A3E397608E9098608F90996064
:105E800090909A60A4E39B60AAE39C6091909D60CF
:105E9000A6E39E6092909F60F2CEA060C6D3A16000
:105EA0009390A2609490A360BCBBA4609590A56001
:105EB0009690A660C3D4A7609790A860FAC4A96022
:105EC0009890AA609990AB60A8EDAC60FCD0AD60F2
:105ED000A5E3AE609A90AF60F5C3B0609B90B160EF
:105EE000ADE3B260AFB1B3609C90B460B2E3B560B3
:105EF0009D90B6609E90B7609F90B860C2BCB9603C
:105F0000A090BA60A190BB60ACE3BC60BFB5BD60BF
:105F1000A290BE60A390BF60A490C060A590C16035
:105F2000A690C260A790C360A890C460A990C56005
:105F3000E9C7C660B0E3C760AA90C860AB90C9600B
:105F4000AC90CA60AABECB60EFCDCC60AD90CD6006
:105F5000AE90CE60AF90CF60B090D060B190D16085
:105F6000F3BBD260B290D360B390D460B490D560EC
:105F7000E8CCD660B590D760B690D860AFE3D96072
:105F8000B790DA60B1E3DB60B890DC60A7CFDD608A
:105F9000AEE3DE60B990DF60A9CEE060DDBBE1601A
:105FA000BA90E260BB90E360BC90E460BD90E560B5
:105FB000BE90E660EBB5E760E5BEE860D2B2E960AE
:105FC000CDB3EA60BF90EB60B9B1EC60ABE3ED60DC
:105FD000D1B2EE60ACB5EF60DFB9F060E8B6F16069
:105FE000C090F260C190F360EBCFF460B7E3F5606E
:105FF000C290F660CCBBF760C390F860C490F960C3
:10600000C7C8FA60CAD0FB60C590FC60C690FD604E
:10601000C790FE60C890FF60C9900061B8E301615D
:10602000EEB30261CA900361CB900461CC9005612C
:10603000CD900661A9ED0761CE900861FAD30961A0
:10604000E4D30A61CF900B61D0900C61D1900D61C7
:10605000AAED0E61B9E30F61E2D21061D290116135
:10606000D3901261D4901361D5901461D6901561CC
:10607000B5E31661D7901761D8901861D99019616E
:10608000DA901A61DED31B61DB901C61DC901D612C
:10609000DD901E61DE901F61D0B82061B3E3216105
:1060A000DF902261E0902361B6E32461DFB72561D0
:1060B000E1902661B4E32761A2C02861E2902961E2
:1060C000E3902A61E4902B61BAE32C61E5902D61A5
:1060D000E6902E61E7902F61E8903061E9903161A0
:1060E000EA903261EB903361EC903461ED90356170
:1060F000EE903661EF903761F0903861F190396140
:10610000F2903A61F3903B61F4903C61F5903D610F
:10611000F6903E61F7903F61B8D44061F8904161DC
:10612000F9904261FA904361FB904461FC904561B3
:10613000FD904661FE90476140914861C8B4496155
:1061400041914A61BBE34B6142914C61C5BB4D61DA
:1061500043914E61F7C94F6144915061459151613E
:10616000E5C9526146915361479154614891556127
:10617000BDC45661499157614A9158614B9159612B
:106180004C915A614D915B614E915C614F915D61A3
:10619000ABED5E6150915F615191606152916161BF
:1061A00053916261FDC2636154916461559165616F
:1061B0005691666157916761DBBB6861AEBF6961EB
:1061C00058916A6159916B615A916C615B916D61F3
:1061D0005C916E615D916F615E917061BFCE716126
:1061E0005F91726160917361619174616291756197
:1061F000BCE3766163917761B6BF78616491796140
:1062000065917A6166917B6167917C6168917D613E
:1062100069917E616A917F616B9180616C9181610E
:106220006D9182616E9183616F91846170918561DE
:1062300071918661729187617391886174918961AE
:1062400075918A6176918B61EFB18C6177918D61E7
:1062500078918E61F7D48F61799190617A91916193
:106260007B9192617C9193617D919461BEE3956194
:106270007E919661809197618191986182919961F7
:1062800083919A6184919B6185919C6186919D61C6
:10629000ADED9E6187919F618891A0618991A16117
:1062A0008A91A2618B91A3618C91A4618D91A5616A
:1062B0008E91A6618F91A761BFE3A861A9BAA96178
:1062C000ACEDAA619091AB619191AC61BDE3AD6120
:1062D0009291AE619391AF619491B0619591B161EA
:1062E0009691B2619791B3619891B4619991B561BA
:1062F0009A91B6619B91B761C0E3B8619C91B96115
:106300009D91BA619E91BB619F91BC61A091BD615D
:10631000A191BE61B6BABF61A291C061A391C161F2
:10632000A491C261AEB6C361A591C461A691C561D5
:10633000A791C661A891C761A991C861B8D0C96188
:10634000AA91CA61C3B0CB61AEEDCC61AB91CD6116
:10635000AC91CE61AD91CF61AE91D061AF91D16181
:10636000AFEDD261C1C0D361B091D461C1E3D56159
:10637000B191D661B291D761B391D861B491D9612D
:10638000B591DA61B691DB61B791DC61B891DD61FD
:10639000B991DE61BA91DF61BB91E061BC91E161CD
:1063A000BD91E261BE91E361BF91E461C091E5619D
:1063B000C191E661B3C5E761C291E861C391E9614A
:1063C000C491EA61C591EB61C691EC61C791ED6141
:1063D000C891EE61C991EF61CA91F061CB91F16111
:1063E000CC91F261CD91F361CE91F461CF91F561E1
:1063F000C2E3F661D091F761D191F861D291F96170
:10640000D391FA61D491FB61D591FC61D691FD6184
:10641000D791FE61D891FF61B2DC0062D99101622F
:10642000DA910262DB910362DC910462DD91056224
:10643000DE910662B0ED0762DF910862EAB8096298
:10644000E0910A62ECCE0B62A7EA0C62E7D00D6223
:10645000F9CA0E62D6C80F62B7CF1062C9B3116213
:10646000D2CE1262E4BD1362E1911462E291156230
:10647000DEE31662F2BB1762A8EA1862BDD51962A4
:10648000E3911A62DDC61B62A9EA1C62E4911D62F7
:10649000E5911E62E6911F62AAEA2062E7912162FD
:1064A000ACEA2262ABEA2362E8912462AEEA25629A
:1064B000ADEA2662E9912762EA912862EB912962AE
:1064C000EC912A62D8BD2B62ED912C62AFEA2D626D
:1064D000EE912E62BEC22F62EF913062F091316276
:1064E000F1913262F2913362C1B43462F7B4356231
:1064F000F3913662F4913762A7BB3862F591396245
:10650000F6913A62F7913B62F8913C62F9913D62F3
:10651000E6EC3E62E5EC3F62BFB74062F9CB416218
:10652000E2B14262FA914362E7EC4462FB91456258
:10653000FC914662FD914762C8C94862E8EC496235
:10654000E9EC4A62FE914B62D6CA4C62D0DE4D62E3
:10655000C5B24E62FAD44F6240925062419251628B
:10656000CBC65262C7B05362F2B45462D3C855620C
:10657000429256624392576244925862D0CD596219
:1065800045925A6246925B62B8BF5C6247925D6216
:1065900048925E6249925F624A9260624B92616287
:1065A0004C9262624D926362DBBF64624E9265629E
:1065B0004F926662A4C76762B4D6686250926962FD
:1065C000A9C06A62D1DE6B62A8C96C62EFD16D624C
:1065D000A4C56E62E7B06F62B6B37062C5C871627F
:1065E0005192726252927362E2B074625392756217
:1065F00054927662F6B777625592786256927962D3
:10660000FAC57A6257927B6258927C62F3B67D62D9
:1066100059927E62D2D57F62D0B38062BCBC816267
:106620005A9282625B9283625C928462ADB38562AD
:106630005D9286625E9287625F92886260928962F2
:10664000F1BE8A62D1B08B6261928C6262928D627D
:1066500063928E6264928F6265929062669291629A
:10666000D6D29262E3CA9362A5D79462679295628A
:10667000B6CD9662B6B69762B9BF9862DBD599621D
:1066800068929A62A7B89B62D7C59C6269929D6224
:106690006A929E626B929F62D2DEA062D9BFA162B3
:1066A000D5C2A262C0C7A3626C92A462A4BBA56259
:1066B000A8B1A6626D92A7626E92A862EAC5A962AD
:1066C0006F92AA627092AB62FBC5AC62A7CCAD625E
:1066D0007192AE627292AF627392B0627492B16262
:1066E000A7B1B2627592B3627692B4627792B562E4
:1066F000D6B5B6627892B7627992B8627A92B96288
:10670000A8C4BA627B92BB62D3DEBC62BAD1BD625E
:10671000E9B3BE627C92BF62F2C3C0627D92C16285
:106720007E92C262F7B7C3628092C462F4D6C56239
:10673000A3B5C662F0B2C762B4C4C862E9C4C96294
:10674000ADC0CA62D4DECB628192CC62E8B0CD62C9
:10675000C4C5CE62E0C1CF628292D062D5B9D162A7
:106760008392D262DCBED362D8CDD462CEB0D56281
:106770008492D662CFCDD762D6DED862D0BED9623F
:10678000BED7DA62D5DEDB62D0D5DC62DDB0DD6299
:106790008592DE628692DF62E2C4E0628792E16205
:1067A0008892E262A3C2E362F0BCE4628992E5628D
:1067B000B5D3E662B9C0E762A1C5E862A6B2E962F4
:1067C000F1D4EA628A92EB628B92EC62A8C0ED622D
:1067D000C3CAEE62D7DEEF62FCD5F0628C92F16242
:1067E000B0B9F2628D92F362ADC8F462A9CBF562E2
:1067F0008E92F662D9DEF762BDBFF8628F92F962BF
:106800009092FA629192FB629292FC62B4C6FD622F
:10681000A7D7FE62B0CAFF62C3C40063939201634C
:10682000D6B30263D2B9036394920463959205636D
:106830009692066397920763B8D60863FCEA0963E9
:10684000B4B00A6398920B6399920C639A920D63A9
:106850009B920E63E6BF0F639C9210639D9211633F
:10686000F4CC12639E9213639F921463A0921563FB
:10687000A1921663DACD1763A2921863A3921963EB
:10688000A4921A63BFD61B63CEC21C63A5921D637C
:10689000CECE1E63A2CC1F63AED02063D3C42163CF
:1068A000B2B52263D8DE2363F5D52463B7BC256374
:1068B000D3BB2663A6922763A7922863A4B029635B
:1068C000A8922A63B2C52B63ECB42C63A9922D6302
:1068D000AA922E63AB922F63F1D53063AC923163F1
:1068E000AD923263FDEA3363AE923463AF923563A7
:1068F000B0923663B1923763B2923863B392396320
:10690000DADE3A63A6CD3B63B4923C63B5923D6355
:10691000ECCD3E63B6923F63B7924063B892416359
:10692000B9924263E6CE4363DCDE4463BA924563C8
:10693000B1CD4663A6C04763BB924863BC9249632E
:10694000BDD74A63BD924B63DBDE4C63C6B04D637B
:10695000B4BA4E63D3C94F63F3C45063E8BE516306
:10696000BE925263BF925363C0925463C192556307
:10697000B6B25663C2925763C3925863C4925963C6
:10698000C5925A63C6925B63C7925C63C8925D63AB
:10699000C9925E63CCC05F63F0CB6063CA926163EF
:1069A000F1BC6263BBBB6363B7B56463CB926563E1
:1069B000CC926663CD926763F5C56863CE926963D6
:1069C000E6DE6A63CF926B63D0926C63D1926D63A3
:1069D000E3DE6E63DDBE6F63D2927063D392716348
:1069E000DFDE7263D4927363D5927463D69275635B
:1069F000D7927663B7B47763DDBD7863D892796355
:106A0000D9927A63E0DE7B63EDC47C63DA927D63C6
:106A1000DB927E63DC927F63DD928063C6CF81630D
:106A2000DE928263E0B58363DF928463E0928563E4
:106A3000E1928663E2928763DEB68863DACA89638D
:106A4000F4B58A63E5DE8B63E3928C63C6D58D6310
:106A5000E4928E63E1DE8F63CDCC9063FEC69163DA
:106A6000E5929263C5C59363E6929463E79295635A
:106A7000E8929663B4D29763E9929863F2BE996301
:106A8000EA929A63EB929B63EC929C63ED929D6316
:106A9000EE929E63EF929F63F092A063D3C2A163D4
:106AA000F192A263BDCCA363B8B3A463F292A563D1
:106AB000D3BDA663F392A763D8BFA863C6CDA9636D
:106AC000DAD1AA63EBB4AB63F492AC63E4DEAD63FA
:106AD000DDDEAE63E7DEAF63F592B063FEEAB1637D
:106AE000F692B263F792B363B0C2B463E2DEB56309
:106AF000F892B663F992B763C0D6B863A7B5B96325
:106B0000FA92BA63F4B2BB63FB92BC63E8DEBD6386
:106B1000FC92BE63F2DEBF63FD92C063FE92C1636E
:106B20004093C2634193C3634293C463EDDEC56384
:106B30004393C663F1DEC7634493C8634593C96357
:106B4000E0C8CA634693CB634793CC634893CD6355
:106B5000E1D7CE63EFDECF63E8C3D063E1CCD1638E
:106B60004993D263E5B2D3634A93D4634B93D5631D
:106B70004C93D663BED2D7634D93D8634E93D963FB
:106B80004F93DA635093DB635193DC635293DD637D
:106B90005393DE63EEDEDF635493E063EBDEE16389
:106BA000D5CEE2635593E363A7B4E4635693E563FC
:106BB0005793E6635893E7635993E8635A93E963FD
:106BC000ABBFEA63BEBEEB635B93EC635C93ED63C8
:106BD000D2BDEE635D93EF635E93F0635F93F16309
:106BE0006093F263E9DEF3636193F463AED4F5631B
:106BF0006293F663DEDEF7636393F863EADEF963BC
:106C00006493FA636593FB636693FC636793FD6328
:106C1000BFC0FE636893FF63ECDE0064F3B20164FF
:106C2000E9B80264A7C20364699304646A930564C3
:106C3000C1BD06646B9307646C9308646D9309642B
:106C40006E930A646F930B64F5DE0C64F8DE0D64DA
:106C500070930E6471930F64ABB21064A4B41164AA
:106C60007293126473931364EAB41464A6C915642E
:106C70007493166475931764769318647793196404
:106C800078931A6479931B64F6DE1C64D1CB1D647F
:106C90007A931E64E3B81F647B932064F7DE21645B
:106CA000FADE22647C9323647D9324647E932564BE
:106CB00080932664F9DE2764819328648293296493
:106CC00083932A64C2CC2B6484932C64E1B02D643A
:106CD000EEB42E6485932F64869330648793316479
:106CE00088933264899333648A933464BAE5356453
:106CF0008B9336648C9337648D9338648E933964A8
:106D00008F933A64AFD03B6490933C6491933D641D
:106D1000EBB23E6492933F64A1EB40649393416471
:106D2000F4DE42649493436495934464E3C94564F8
:106D3000F3DE4664DAB04764A1D24864F7B149642F
:106D400096934A64AFCC4B6497934C6498934D648C
:106D500099934E649A934F649B9350649C935164AF
:106D60009D935264F0DE53649E935464A4CB5564A7
:106D70009F935664A0935764A1935864AAD559640D
:106D8000A2935A64A3935B64A4935C64A5935D642B
:106D9000A6935E64FBDE5F64A7936064A89361645E
:106DA000A9936264AA936364AB936464AC936564CF
:106DB000AD936664AE936764DDB46864AF93696451
:106DC000A6C46A64B0936B64B1936C64B2936D644F
:106DD000FDDE6E64B3936F64B4937064B5937164B5
:106DE000B6937264B7937364B8937464B99375641B
:106DF000BA937664BB937764BC937864FEC379647A
:106E0000A1C47A64A1DF7B64BD937C64BE937D647E
:106E1000BF937E64C0937F64C1938064C293816496
:106E2000C3938264CCC18364C4938464FCDE8564B0
:106E3000EFBE8664C5938764B2C68864C6938964CE
:106E4000C7938A64C8938B64C9938C64CA938D6416
:106E5000CB938E64CC938F64CD939064CE939164E6
:106E6000C5B39264F6C89364CF939464D093956449
:106E7000BACB9664FEDE9764D1939864D2939964FA
:106E8000A4DF9A64D3939B64D4939C64D5939D644C
:106E9000D6939E64B2D79F64D793A064D893A1641D
:106EA000D993A264DA93A364DB93A464B7B3A56413
:106EB000DC93A664DD93A764DE93A864DF93A964E2
:106EC000C3C1AA64E093AB64E193AC64CBC7AD6487
:106ED000A5B2AE64E9B4AF64E293B064ABD7B16479
:106EE000E393B264E493B364E593B464E693B56466
:106EF000ECC4B664E793B764A2DFB864A3DFB964F7
:106F0000E893BA64A5DFBB64E993BC64B3BABD641B
:106F1000EA93BE64EB93BF64EC93C064A6DFC164E4
:106F2000ED93C264DEC0C364EE93C464EF93C564A2
:106F3000C3C9C664F093C764F193C864F293C9648B
:106F4000F393CA64F493CB64F593CC64F693CD6465
:106F5000D9B2CE64E6C7CF64F793D064A7DFD1641B
:106F6000F893D264DCC7D364F993D464FA93D564FC
:106F7000FB93D664FC93D764A8DFD864A2EBD964F2
:106F8000FD93DA64FE93DB644094DC644194DD6439
:106F90004294DE64D3CBDF644394E0644494E164C0
:106FA0004594E264AADFE3644694E464A9DFE564FF
:106FB0004794E664C1B2E7644894E8644994E9649C
:106FC0004A94EA644B94EB644C94EC644D94ED6405
:106FD0004E94EE644F94EF645094F0645194F164D5
:106FE0005294F2645394F3645494F4645594F564A5
:106FF0005694F6645794F7645894F8645994F96475
:107000005A94FA645B94FB645C94FC645D94FD6444
:107010005E94FE645F94FF6460940065CAC5016578
:1070200061940265629403656394046564940565E4
:1070300065940665669407656794086568940965B4
:10704000ABDF0A6569940B656A940C656B940D65FA
:107050006C940E656D940F656E9410656F94116558
:1070600070941265DCD4136571941465729415657F
:10707000739416657494176575941865C1C819657D
:1070800076941A6577941B6578941C6579941D65D0
:107090007A941E657B941F657C9420657D942165A0
:1070A0007E9422658094236581942465829425656D
:1070B000ACDF2665839427658494286585942965CB
:1070C00086942A6587942B65F0BE2C6588942D657F
:1070D00089942E65ADDF2F65A7D630658A9431651A
:1070E0008B9432658C9433658D943465B7EA35653D
:1070F000B6EB3665D5CA37658E943865FCD83965E8
:10710000C4B83A658F943B65A5B93C6590943D65DC
:1071100091943E65C5B73F65FED540659294416543
:10712000939442659494436595944465969445651B
:10713000CAB946659794476598944865A7D049654C
:10714000CDF44A6599944B659A944C65D0B54D65DC
:107150009B944E659C944F65F4C350659D94516516
:10716000C8BE52659E9453659F945465A09455651E
:10717000B7EB5665BDB05765A1945865A2945965A3
:10718000CCBD5A65A3945B65B2C15C65A4945D6592
:10719000D6B15E65A8B35F65A5946065A694616588
:1071A000A7946265D2B86365A2C96465A894656551
:1071B000A9946665D8B66765AA946865AB94696555
:1071C000AC946A65AD946B65B8EB6C65B4BE6D65E7
:1071D000AE946E65AF946F65B0947065FDCA7165CD
:1071E000B1947265C3C77365B2947465FBD5756558
:1071F000B3947665B4947765F3B77865B59479659B
:10720000B6947A65B7947B65B8947C65B9947D65CE
:10721000BA947E65BB947F65BC948065BD9481659E
:10722000BE948265BF948365C0948465C19485656E
:10723000C2948665C3948765C4CE8865C494896505
:10724000C5948A65C6948B65ABD58C65F3B18D65A5
:10725000C7948E65C8948F65C9949065B3EC9165A9
:10726000DFB09265CA949365B5EC9465CB9495654F
:10727000CC949665CD949765B7B69865CE9499658C
:10728000CFC19A65CF949B65FAF59C65B1D09D6599
:10729000D0949E65D1949F65E5D5A065D294A165F3
:1072A000D3CEA265D394A365D494A465EFBDA565A0
:1072B000E2B3A665D594A765ABB8A865D694A965D1
:1072C000B6D5AA65D794AB65BDEDAC65D894AD6570
:1072D000CFB6AE65D994AF65B9CBB065C2D0B16554
:1072E000DA94B265DB94B365DC94B465DD94B5657E
:1072F000DE94B665DF94B765E094B865E194B9654E
:10730000BDB7BA65E294BB65E394BC65B6ECBD65F8
:10731000A9CABE65E494BF65E594C065E694C165FD
:10732000D4C5C265E794C365B9ECC465B8ECC5655E
:10733000C3C2C665B7ECC765E894C865E994C9657A
:10734000EA94CA65EB94CB65FDD0CC65BAECCD650B
:10735000EC94CE65BBECCF65E5D7D065ED94D165F7
:10736000EE94D265BCECD365EF94D465F094D5650A
:10737000F194D665BDECD765ECC6D865F294D965B5
:10738000F394DA65F494DB65F594DC65F694DD65D9
:10739000F794DE65F894DF65F994E065DECEE1658B
:1073A000FA94E265C8BCE365FB94E465FC94E5658A
:1073B000D5C8E665A9B5E765C9BEE865BCD6E96587
:1073C000E7D4EA65FD94EB65FE94EC65AED1ED651E
:1073D000F1D0EE65B8EAEF65B9EAF065BAEAF165B1
:1073E000B5BAF2654095F3654195F4654295F5654A
:1073F0004395F665B1CAF765F5BFF8654495F9653B
:107400004595FA65FACDFB654695FC654795FD65A2
:107410004895FE654995FF654A950066C0EA016694
:107420004B950266BAB00366BEEA04664C950566E3
:107430004D950666A5C007664E9508664F95096688
:1074400050950A66BBEA0B6651950C66FDB20D6657
:1074500052950E66F7C30F66E8BB1066539511662A
:107460005495126655951366D7D21466F4CE1566F8
:10747000BFEA1666569517665795186658951966A9
:10748000BCEA1A6659951B665A951C665B951D6683
:10749000C3EA1E665C951F66C7D02066B3D321661B
:1074A0005D9522665E9523665F95246660952566E8
:1074B000BAB4266661952766C1C32866F2D72966E5
:1074C00062952A6663952B6664952C6665952D6694
:1074D000D1D52E6666952F66C7CA30666795316628
:1074E000C5EA32666895336669953466C4EA3566DE
:1074F000C7EA3666C6EA37666A9538666B953966B6
:107500006C953A666D953B666E953C66E7D63D6632
:107510006F953E66D4CF3F66709540667195416623
:10752000CBEA426672954366CEBB44667395456668
:10753000749546667595476676954866779549666B
:1075400078954A6679954B66FABD4C66CEC94D660C
:107550007A954E667B954F66CCEA50667C9551666F
:107560007D955266B9C95366FECF5466CAEA556620
:10757000CED45666CDEA5766CFEA58667E955966F0
:1075800080955A66EDCD5B6681955C6682955D66F9
:1075900083955E6684955F66C9EA606685956166D7
:1075A000CEEA62668695636687956466EECE65660A
:1075B00088956666DEBB676689956866BFB369664F
:1075C0008A956A668B956B668C956C668D956D66F3
:1075D0008E956E66D5C66F66B0BE7066FACE716661
:1075E0008F9572669095736691957466E7C7756618
:1075F00092957666A7BE7766D0EA786693957966A7
:1076000094957A66C7D67B6695957C6696957D66D9
:1076100097957E66C0C17F669895806699958166CC
:107620009A958266DDD483669B958466D1EA8566E9
:107630009C9586669D958766BECF88669E95896671
:107640009F958A66A0958B66A1958C66D2EA8D6619
:10765000A2958E66A3958F66A4959066A595916672
:10766000EECA9266A6959366A7959466A8959566C8
:10767000A9959666AFC59766B5B09866AA959966BE
:10768000AB959A66AC959B66AD959C66AE959D66EE
:10769000D4EA9E66AF959F66B095A066B195A16647
:1076A000B295A266B395A366B495A466B595A56692
:1076B000B695A666B795A766D3EAA866DFF4A9666D
:1076C000B895AA66B995AB66BA95AC66BB95AD663A
:1076D000BC95AE66BAC4AF66BD95B066BE95B166E0
:1076E000BF95B266C095B366C195B466A9B1B566DB
:1076F000C295B666C395B766C495B866C595B966B2
:10770000DFE5BA66C695BB66C795BC66C895BD661B
:10771000C995BE66D5EABF66CA95C066CB95C166F7
:10772000CC95C266CD95C366CE95C466CF95C56629
:10773000D095C666D195C766D295C866D395C966F9
:10774000D495CA66D595CB66D695CC66D795CD66C9
:10775000D895CE66D995CF66DA95D066DB95D16699
:10776000DC95D266DD95D366DE95D466DF95D56669
:10777000E095D666E195D766E295D866E395D96639
:10778000EFCADA66E495DB66D6EADC66D7EADD6640
:10779000D8C6DE66E595DF66E695E066E795E166C4
:1077A000E895E266E995E366EA95E466EB95E566B9
:1077B000EC95E666D8EAE766ED95E866EE95E9664B
:1077C000D9EAEA66EF95EB66F095EC66F195ED6621
:1077D000F295EE66F395EF66F495F066BBD4F1662C
:1077E000F595F266FAC7F366B7D2F466FCB8F566AB
:1077F000F695F666F795F766C2EAF866F895F966C3
:10780000DCB2FA66F995FB66FA95FC66FCC2FD6689
:10781000FB95FE66F8D4FF66E6CC0067EED70167FD
:10782000FC950267FD950367FE9504674096056722
:10783000419606674296076743960867C2D4096770
:10784000D0D30A67C3EB0B67F3C50C6744960D678B
:10785000FEB70E6745960F6746961067D4EB116723
:10786000479612674896136749961467B7CB156712
:10787000DEEB16674A961767CAC018674B961967FA
:107880004C961A674D961B67FBCD1C674E961D677D
:10789000AFB31E674F961F67DAC620675096216701
:1078A000519622675296236753962467549625670C
:1078B00055962667FCEB276756962867BEC429674E
:1078C00057962A67B4CE2B67A9C42C67BEB12D6723
:1078D000FDD42E6758962F67F5CA306759963167E1
:1078E000ECD632675A9633675B963467D3C63567F2
:1078F000E4B636675C9637675D9638675E9639679B
:107900005F963A67FABB3B6760963C6761963D6756
:10791000E0D03E6762963F6763964067B1C94167B2
:1079200064964267D3D44367A8C8446765964567A1
:1079300066964667CBB8476767964867BEE849676B
:10794000BCC94A6768964B6769964C67BBE84D6748
:107950006A964E67EEC04F67D3D05067C4B2516786
:10796000E5B452676B965367BCE854676C965567ED
:107970006D965667C8D557676E9658676F96596764
:1079800070965A6771965B6772965C67C5B65D675D
:1079900073965E67BDE85F67F8CA6067DCB86167C9
:1079A000F5CC6267749663677596646776966567CB
:1079B000B4C066677796676778966867EED169673F
:1079C000BFE86A67C2E86B6779966C677A966D67FD
:1079D000BCBA6E677B966F67ADB17067DCBD7167CF
:1079E0007C967267BDEA7367C3E874677D967567B6
:1079F000C6E876677E967767CBE878678096796782
:107A000081967A6782967B6783967C67CCE87D67F0
:107A100084967E67C9CB7F67E5B08067859681676E
:107A2000ABBC82678696836787968467B9B985679A
:107A30008896866789968767C1E888678A96896786
:107A4000F7CD8A678B968B67CAE88C678C968D67B3
:107A50008D968E678E968F678F969067F6CE91671C
:107A6000909692679196936792969467939695678E
:107A7000EDD5966794969767D6C19867C4E89967DD
:107A800095969A67B6C39B6796969C67FBB99D6768
:107A9000A6D69E67C8E89F679796A0679896A16745
:107AA0009996A267E0CAA367E6D4A4679A96A567E9
:107AB000C0E8A6679B96A767C5E8A867C7E8A96757
:107AC0009C96AA67B9C7AB67E3B7AC679D96AD67ED
:107AD000C9E8AE679E96AF67DDBFB067D2E8B16711
:107AE0009F96B267A096B367D7E8B467A196B567CB
:107AF000D5E8B667DCBCB767CFBCB867DBE8B96769
:107B0000A296BA67A396BB67A496BC67A596BD6705
:107B1000A696BE67A796BF67A896C067A996C167D5
:107B2000DEE8C267AA96C367DAE8C467FAB1C56738
:107B3000AB96C667AC96C767AD96C867AE96C96781
:107B4000AF96CA67B096CB67B196CC67B296CD6751
:107B5000B396CE67B496CF67D8B0D067B3C4D167B9
:107B6000CCB8D267E2C6D367BEC8D467E1C8D567D0
:107B7000B596D667B696D767B796D867CFE8D96770
:107B8000D4E8DA67D6E8DB67B896DC67F1B9DD6779
:107B9000D8E8DE67F5D7DF67B996E067FBC4E16731
:107BA000BA96E267DCE8E367BB96E467BC96E567F4
:107BB000E9B2E667BD96E767BE96E867BF96E967F4
:107BC000D1E8EA67C096EB67C196EC67EDBCED675C
:107BD000C296EE67C396EF67C2BFF067CDE8F16764
:107BE000F9D6F267C496F367F8C1F467F1B2F567A6
:107BF000C596F667C696F767C796F867C896F96799
:107C0000C996FA67CA96FB67CB96FC67CC96FD6768
:107C1000DFE8FE67CD96FF67C1CA0068D9E8016852
:107C2000CE960268CF960368D0960468D196056810
:107C3000A4D50668D2960768EAB10868BBD509687A
:107C4000CEE80A68D0E80B68B0B60C68D3E80D68D7
:107C5000D3960E68DDE80F68B8C01068D496116836
:107C6000F7CA1268D5961368A8CB1468D69615681B
:107C7000D7961668DCC61768F5C01868D8961968D4
:107C8000D9961A68DA961B68DB961C68DC961D6824
:107C9000E9E81E68DD961F68DE962068DF96216899
:107CA000A3D02268E0962368E1962468E2962568CE
:107CB000E3962668E4962768E5962868E69629689C
:107CC000F2E82A68EAD62B68E7962C68E8962D68D1
:107CD000E9962E68EA962F68EB963068EC96316844
:107CE000ED963268E0E83368E1E83468EE9635688E
:107CF000EF963668F0963768F9D13868CBBA3968AC
:107D0000F9B83A68F1963B68F2963C68F1B83D687C
:107D1000D4D43E68EFE83F68F3964068EEE84168E7
:107D2000ECE84268F0B94368D2CC4468E6E84568BC
:107D3000A6CE4668F2BF4768F4964868B8B049686E
:107D4000F1E84A68F0E84B68F5964C68C0D74D6892
:107D5000F6964E68E4E84F68F7965068A9CD5168EA
:107D6000A3C95268F8965368B8BB5468DBBD556820
:107D7000EAE85668F9965768FA965868FB96596883
:107D8000FC965A68FD965B68FE965C6840975D6855
:107D900041975E6842975F6843976068E2E8616870
:107DA000E3E86268E5E86368B5B56468E7E86568D4
:107DB000C5C76668EBE86768EDE86868B0BD6968E4
:107DC000AED76A6844976B68F8E86C6845976D6849
:107DD00046976E6847976F684897706849977168CB
:107DE0004A9772684B9773684C977468F5E87568A2
:107DF0004D977668B0CD7768F6E878684E977968E1
:107E00004F977A6850977B6851977C6852977D6846
:107E100053977E6854977F68559780685697816816
:107E2000BAC1826857978368E8E88468589785687C
:107E3000B7C38668F0B08768599788685A97896889
:107E40005B978A685C978B685D978C685E978D6896
:107E50005F978E6860978F68F4E890686197916883
:107E60006297926863979368F7E894686497956857
:107E70006597966866979768A3B9986867979968B1
:107E800068979A6869979B686A979C686B979D68E2
:107E90006C979E686D979F686E97A0686F97A168B2
:107EA0007097A268D2C9A3687197A4687297A568F1
:107EB0007397A668CEC3A768E0CEA868E6C0A96895
:107EC0007497AA687597AB687697AC687797AD6832
:107ED000F3CBAE687897AF68DDCCB068B5D0B16849
:107EE0007997B2687A97B368E1CAB4687B97B56846
:107EF000F3E8B6687C97B7687D97B8687E97B968ED
:107F00008097BA688197BB688297BC688397BD6881
:107F10008497BE688597BF688697C068ECBCC168C7
:107F20008797C268F9E8C3688897C4688997C56865
:107F30008A97C6688B97C7688C97C8688D97C968F9
:107F4000DEC3CA688E97CB68E5C6CC688F97CD68CC
:107F5000F7B9CE689097CF689197D0689297D1681B
:107F60009397D268F4B0D3689497D4689597D568FE
:107F7000D8D7D6689697D7689797D868ACBCD96891
:107F80009897DA68EFC5DB689997DC689A97DD689F
:107F90009B97DE689C97DF689D97E068C4CCE1689A
:107FA0009E97E2689F97E368A6E9E468A097E56872
:107FB000A197E668A297E768A397E868A497E9689D
:107FC000A597EA68A697EB68A797EC68A897ED686D
:107FD000A997EE68ADC9EF68AA97F068A2E9F168C1
:107FE000E2C0F268AB97F368AC97F468AD97F568B8
:107FF000C3BFF668AE97F768AF97F868B097F968AF
:10800000FEE8FA68D7B9FB68B197FC68FBE8FD6841
:10801000B297FE68B397FF68B4970069B597016996
:10802000A4E90269B6970369B7970469B897056927
:10803000CED20669B9970769BA970869BB970969EB
:10804000BC970A69BD970B69A3E90C69BE970D69D6
:10805000B2D60E69B5D70F69BF971069A7E9116944
:10806000C0971269B7BD1369C1971469C2971569A2
:10807000C3971669C4971769C5971869C697196990
:10808000C7971A69C8971B69C9971C69CA971D6960
:10809000CB971E69CC971F69FCE82069FDE8216930
:1080A000CD972269CE972369CF972469A1E92569E5
:1080B000D0972669D1972769D2972869D3972969DC
:1080C000D4972A69D5972B69D6972C69D7972D69AC
:1080D000D6CD2E69D8972F69D9973069ACD231693E
:1080E000DA973269DB973369DC973469B2E935692D
:1080F000DD973669DE973769DF973869E097396928
:10810000A9E93A69E1973B69E2973C69E3973D69E0
:10811000AAB43E69E4973F69BBB44069E5974169F9
:10812000E6974269ABE94369E7974469E89745698F
:10813000E9974669EA974769EB974869EC97496977
:10814000ED974A69EE974B69EF974C69F0974D6947
:10815000F1974E69F2974F69F3975069F497516917
:10816000F5975269F6975369F7975469A8D05569FE
:10817000F8975669F9975769A5E95869FA975969BF
:10818000FB975A69FEB35B69FC975C69FD975D6973
:10819000ACE95E69E3C05F69FE976069AAE961695D
:1081A0004098626941986369B9E964694298656970
:1081B00043986669B8E96769449868694598696948
:1081C00046986A6947986B69AEE96C6948986D6929
:1081D00049986E69FAE86F694A9870694B987169B5
:1081E000A8E972694C9873694D9874694E987569DD
:1081F0004F98766950987769ACBF7869B1E9796929
:10820000BAE97A6951987B6952987C69A5C27D69FF
:1082100053987E6954987F6955988069AFE9816960
:1082200056988269C5B8836957988469ADE98569AC
:1082300058988669DCD38769B4E98869B5E98969A2
:10824000B7E98A6959988B695A988C695B988D69E6
:10825000C7E98E695C988F695D9890695E989169AD
:108260005F9892696098936961989469C6C09569AE
:10827000C5E996696298976963989869B0E99969C0
:1082800064989A6965989B69BBE99C69F1B09D699E
:1082900066989E6967989F696898A0696998A169BE
:1082A0006A98A2696B98A3696C98A4696D98A5698E
:1082B0006E98A6696F98A769BCE9A869A5D5A96950
:1082C0007098AA697198AB69BEE9AC697298AD699A
:1082D000BFE9AE697398AF697498B0697598B16970
:1082E000C1E9B2697698B3697798B469F1C1B569A3
:1082F0007898B6697998B769B6C8B8697A98B9694B
:108300007B98BA697C98BB69BDE9BC697D98BD69F9
:108310007E98BE698098BF698198C0698298C1695A
:10832000C2E9C2698398C3698498C4698598C5699C
:108330008698C6698798C7698898C8698998C969FD
:108340008A98CA69C3E9CB698B98CC69B3E9CD69CE
:108350008C98CE69B6E9CF698D98D069B1BBD169E7
:108360008E98D2698F98D3699098D469C0E9D569FD
:108370009198D6699298D7699398D8699498D96951
:108380009598DA699698DB69F7BCDC699798DD699E
:108390009898DE699998DF69C4E9E069C6E9E169FE
:1083A0009A98E2699B98E3699C98E4699D98E569CD
:1083B0009E98E6699F98E769A098E869A198E9699D
:1083C000A298EA69A398EB69A498EC69A598ED696D
:1083D000CAE9EE69A698EF69A798F069A898F169CB
:1083E000A998F269CEE9F369AA98F469AB98F5699E
:1083F000AC98F669AD98F769AE98F869AF98F969E5
:10840000B098FA69B198FB69B298FC69B398FD69B4
:10841000DBB2FE69B498FF69C8E9006AB598016AE1
:10842000B698026AB798036AB898046AB998056A58
:10843000BA98066ABB98076ABC98086ABD98096A28
:10844000BE980A6AAEB70B6ABF980C6AC0980D6AEC
:10845000C1980E6AC2980F6AC398106AC498116ACC
:10846000C598126AC698136AC798146AC898156A9C
:10847000C998166ACA98176ACBE9186ACCE9196ACA
:10848000CB981A6ACC981B6ACD981C6ACE981D6A44
:10849000CF981E6AD0981F6AC1D5206AD198216AE8
:1084A000A3C4226AD298236AD398246AD498256AEE
:1084B000D598266AD698276AD798286AD8E9296A6B
:1084C000D8982A6AE1BA2B6AD9982C6ADA982D6A68
:1084D000DB982E6ADC982F6AC9E9306ADD98316A28
:1084E000A3D3326ADE98336ADF98346AE098356A3B
:1084F000D4E9366AE198376AE298386AE398396ACB
:10850000E4983A6AE5983B6AE6983C6AE7983D6ADF
:10851000D7E93E6AD0E93F6AE898406AE998416A3B
:10852000EA98426AEB98436AEC98446ACFE9456A54
:10853000ED98466AEE98476AC1C7486AEF98496A5B
:10854000F0984A6AF1984B6AF2984C6AF3984D6A2F
:10855000F4984E6AF5984F6AF698506AD2E9516AD3
:10856000F798526AF898536AF998546AFA98556AD3
:10857000FB98566AFC98576AFD98586AD9E9596A77
:10858000C8B35A6AFE985B6AD3E95C6A40995D6A2F
:1085900041995E6A42995F6A4399606A4499616A47
:1085A000F0CF626A4599636A4699646A4799656A39
:1085B000CDE9666A4899676A4999686A4A99696A19
:1085C0004B996A6A4C996B6A4D996C6A4E996D6ABF
:1085D0004F996E6A50996F6A5199706A5299716A8F
:1085E000F7B3726A5399736A5499746A5599756AA4
:1085F0005699766A5799776A5899786A5999796A33
:10860000D6E97A6A5A997B6A5B997C6ADAE97D6A6B
:108610005C997E6A5D997F6A5E99806AB4CC816A52
:108620005F99826A6099836A6199846AADCF856A2D
:108630006299866A6399876A6499886A6599896A82
:1086400066998A6A67998B6A68998C6A69998D6A52
:108650006A998E6AD5E98F6A6B99906ADCE9916AAA
:10866000DBE9926A6C99936A6D99946A6E99956A3E
:108670006F99966A7099976ADEE9986A7199996A12
:1086800072999A6A73999B6A74999C6A75999D6AA2
:1086900076999E6A77999F6A7899A06AD1E9A16ACA
:1086A0007999A26A7A99A36A7B99A46A7C99A56A46
:1086B0007D99A66A7E99A76A8099A86A8199A96A14
:1086C000DDE9AA6A8299AB6ADFE9AC6ACAC3AD6A1E
:1086D0008399AE6A8499AF6A8599B06A8699B16ABE
:1086E0008799B26A8899B36A8999B46A8A99B56A8E
:1086F0008B99B66A8C99B76A8D99B86A8E99B96A5E
:108700008F99BA6A9099BB6A9199BC6A9299BD6A2D
:108710009399BE6A9499BF6A9599C06A9699C16AFD
:108720009799C26A9899C36A9999C46A9A99C56ACD
:108730009B99C66A9C99C76A9D99C86A9E99C96A9D
:108740009F99CA6AA099CB6AA199CC6AA299CD6A6D
:10875000A399CE6AA499CF6AA599D06AA699D16A3D
:10876000A799D26AA899D36AA999D46AAA99D56A0D
:10877000AB99D66AAC99D76AAD99D86AAE99D96ADD
:10878000AF99DA6AB099DB6AB199DC6AB299DD6AAD
:10879000B399DE6AB499DF6AB599E06AB699E16A7D
:1087A000B799E26AB899E36AB999E46ABA99E56A4D
:1087B000BB99E66ABC99E76ABD99E86ABE99E96A1D
:1087C000BF99EA6AC099EB6AC199EC6AC299ED6AED
:1087D000C399EE6AC499EF6AC599F06AC699F16ABD
:1087E000C799F26AC899F36AC999F46ACA99F56A8D
:1087F000CB99F66ACC99F76ACD99F86ACE99F96A5D
:10880000CF99FA6AD099FB6AD199FC6AD299FD6A2C
:10881000D399FE6AD499FF6AD599006BD699016BFA
:10882000D799026BD899036BD999046BDA99056BC8
:10883000DB99066BDC99076BDD99086BDE99096B98
:10884000DF990A6BE0990B6BE1990C6BE2990D6B68
:10885000E3990E6BE4990F6BE599106BE699116B38
:10886000E799126BE899136BE999146BEA99156B08
:10887000EB99166BEC99176BED99186BEE99196BD8
:10888000EF991A6BF0991B6BF1991C6BF2991D6BA8
:10889000F3991E6BF4991F6BF599206BB7C7216B89
:1088A000CEB4226BB6BB236BC0D0246BA3EC256B7C
:1088B000F699266BF799276BB7C5286BF899296B42
:1088C000F9992A6BFA992B6BFB992C6BFC992D6B00
:1088D000FD992E6BFE992F6B409A306B419A316B4C
:1088E000429A326BFBD3336B439A346B449A356BA9
:1088F000459A366B469A376BA4EC386B479A396BBE
:10890000A5EC3A6BDBC63B6B489A3C6B499A3D6BD6
:108910004A9A3E6BEEBF3F6B4B9A406B4C9A416B51
:108920004D9A426B4E9A436BA6EC446B4F9A456B43
:10893000509A466BA7EC476BAAD0486B519A496B8B
:10894000B8C74A6B529A4B6B539A4C6BE8B84D6B55
:10895000549A4E6B559A4F6B569A506B579A516B6F
:10896000589A526B599A536B5A9A546B5B9A556B3F
:108970005C9A566B5D9A576B5E9A586B5F9A596B0F
:10898000A8EC5A6B609A5B6B619A5C6B629A5D6B48
:10899000639A5E6B649A5F6B659A606B669A616BB3
:1089A000679A626BB9D6636BFDD5646BCBB4656BAC
:1089B000BDB2666BE4CE676BE7C6686B689A696B9D
:1089C000699A6A6BE1CD6B6B6A9A6C6B6B9A6D6B93
:1089D0006C9A6E6B6D9A6F6B6E9A706B6F9A716B0F
:1089E000709A726B719A736B729A746B739A756BDF
:1089F000749A766B759A776B769A786B779A796BAF
:108A0000F5B47A6B789A7B6BC0CB7C6BDFBC7D6BEB
:108A1000799A7E6B7A9A7F6B7B9A806B7C9A816B5A
:108A2000E2E9826BE3E9836BEAD1846BE5E9856B6C
:108A30007D9A866BF9B4876BE4E9886B7E9A896BC3
:108A4000B3D18A6BE2CA8B6BD0B28C6B809A8D6B80
:108A5000E8E98E6B819A8F6B829A906B839A916B07
:108A6000849A926BE6E9936BE7E9946B859A956B30
:108A7000869A966BB3D6976B879A986B889A996B00
:108A8000899A9A6BE9E99B6BEAE99C6B8A9A9D6BE0
:108A90008B9A9E6B8C9A9F6B8D9AA06B8E9AA16B12
:108AA000EBE9A26B8F9AA36B909AA46B919AA56B3A
:108AB000929AA66B939AA76B949AA86B959AA96BB6
:108AC000969AAA6BECE9AB6B979AAC6B989AAD6BE4
:108AD000999AAE6B9A9AAF6B9B9AB06B9C9AB16B5A
:108AE0009D9AB26B9E9AB36BAFECB46BB9C5B56B84
:108AF000CEB6B66B9F9AB76BF3D2B86BA09AB96B30
:108B0000A19ABA6BA29ABB6BA39ABC6BA49ABD6BD9
:108B1000A59ABE6BA69ABF6BEEB5C06BA79AC16B48
:108B2000D9BBC26BB1ECC36BA89AC46BA99AC56BD5
:108B3000E3D2C66BAA9AC76BAB9AC86BAC9AC96BE7
:108B4000AD9ACA6BAE9ACB6BE3CECC6BAF9ACD6BC2
:108B5000B8C4CE6BB09ACF6BBFC3D06BB19AD16B98
:108B6000B29AD26BBEB6D36BB9D8D46BC8B1D56B41
:108B7000CFB1D66BD1B1D76BFEC5D86BB39AD96BD9
:108B8000D0B1DA6BB49ADB6BABC3DC6BB59ADD6B3F
:108B9000B69ADE6BB79ADF6BB89AE06BB99AE16B65
:108BA000B1D5E26BBA9AE36BBB9AE46BBC9AE56B06
:108BB000BD9AE66BBE9AE76BBF9AE86BC09AE96B09
:108BC000C19AEA6BA4EBEB6BC1BAEC6BC29AED6B8A
:108BD000C39AEE6BC49AEF6BBACCF06BC59AF16B8B
:108BE000C69AF26BC79AF36BA5EBF46BC89AF56B58
:108BF000A7EBF66BC99AF76BCA9AF86BCB9AF96B2D
:108C0000A8EBFA6BCC9AFB6BCD9AFC6BCE9AFD6B02
:108C1000A6EBFE6BCF9AFF6BD09A006CD19A016CD9
:108C2000D29A026CD39A036CD49A046CD59A056CD0
:108C3000A9EB066CABEB076CAAEB086CD69A096C37
:108C4000D79A0A6CD89A0B6CD99A0C6CDA9A0D6C7C
:108C5000ACEB0E6CDB9A0F6CCFCA106CB5D8116CF4
:108C6000F1C3126CDC9A136CA5C3146CF8C6156CB6
:108C7000ADEB166CCAC4176CDD9A186CAEEB196CB0
:108C8000AFEB1A6CB0EB1B6CD5B71C6CDE9A1D6C8D
:108C9000DF9A1E6CE09A1F6CFAB7206CE19A216C87
:108CA000B1EB226CE2C7236CE29A246CB3EB256C27
:108CB000E39A266CA4BA276CF5D1286CB1B0296C64
:108CC000B2EB2A6CB4EB2B6CE49A2C6CE59A2D6C0D
:108CD000E69A2E6CAAB52F6CC8C2306CE8C7316C0E
:108CE000E79A326CB5EB336CE89A346CAECB356CEA
:108CF000DFE3366CE99A376CEA9A386CC0D3396C8A
:108D0000EB9A3A6CEC9A3B6CED9A3C6CEE9A3D6CAB
:108D1000DBD93E6CEF9A3F6CF09A406CA1CD416C70
:108D2000ADD6426CF3C7436CF19A446CF29A456C31
:108D3000F39A466CE0D9476CE3BB486CF49A496CF3
:108D4000BABA4A6CE2E34B6CF59A4C6CF69A4D6CED
:108D5000F79A4E6CF89A4F6CF99A506CABCF516CF5
:108D6000FA9A526CFB9A536CFC9A546CE0E3556C83
:108D7000C7C9566CFD9A576CB9BA586CFE9A596CB3
:108D8000409B5A6C419B5B6CB4D15C6CE1E35D6CC5
:108D9000EAC85E6CAFB95F6CADBD606CD8B3616C96
:108DA000DBCE626C429B636C439B646CC0CC656C95
:108DB000449B666C459B676C469B686CE8E3696CFA
:108DC000E9E36A6CF4CD6B6C479B6C6C489B6D6CF3
:108DD000499B6E6C4A9B6F6C4B9B706CADCC716CFD
:108DE0004C9B726CB3BC736C4D9B746CEAE3756CFA
:108DF0004E9B766CEBE3776C4F9B786C509B796C59
:108E0000DAD07A6C519B7B6C529B7C6C539B7D6C53
:108E1000FBC67E6CDAB77F6C549B806C559B816C73
:108E2000DFC7826CCAD2836CD6CE846C569B856CAD
:108E3000E4E3866CECE3876C579B886CF2C9896C21
:108E4000C1B38A6C589B8B6C599B8C6CE7E38D6C1F
:108E50005A9B8E6C5B9B8F6CE3C6906CE5E3916CC8
:108E60005C9B926C5D9B936CB3ED946CE6E3956CAC
:108E70005E9B966C5F9B976C609B986C619B996CFA
:108E8000B3C99A6C629B9B6CE6C59C6C639B9D6CA2
:108E9000649B9E6C659B9F6CB5B9A06C669BA16C36
:108EA000BBC3A26C679BA36CE3E3A46CBDC5A56CBC
:108EB000A4C1A66CD9C2A76CD7B2A86C689BA96CD8
:108EC000EDE3AA6CA6BBAB6CADC4AC6C699BAD6C9E
:108ED000F0E3AE6CDABEAF6C6A9BB06C6B9BB16CAE
:108EE000FBE3B26CF5E3B36CD3BAB46C6C9BB56CBA
:108EF0006D9BB66C6E9BB76C6F9BB86CD0B7B96C42
:108F0000CDD3BA6C709BBB6CCED6BC6CD3D5BD6CCC
:108F1000C1B9BE6CB4D5BF6CD8D1C06C719BC16CEB
:108F2000729BC26C739BC36C749BC46CB9D0C56CD0
:108F3000F6C7C66C759BC76C769BC86C779BC96C73
:108F4000AAC8CA6CB4B2CB6C789BCC6CDAC3CD6CBB
:108F5000799BCE6C7A9BCF6C7B9BD06CEEE3D16C13
:108F60007C9BD26C7D9BD36CFCE3D46CEFE3D56C23
:108F7000A8B7D66CF7E3D76CF4E3D86C7E9BD96CBA
:108F8000809BDA6C819BDB6CBAB7DC6C829BDD6CFE
:108F9000839BDE6CA2C5DF6C849BE06CF6E3E16C26
:108FA000DDC5E26CA8B2E36CFCC6E46C859BE56CA5
:108FB000E0C4E66C869BE76C879BE86CA2D7E96C03
:108FC000889BEA6CE1C0EB6CF9E3EC6C899BED6C7F
:108FD0008A9BEE6CFAE3EF6CFDE3F06CA9CCF16CCC
:108FE000F3E3F26C8B9BF36CBED3F46C8C9BF56C4F
:108FF000C3B1F66CB4EDF76CF1E3F86CF2E3F96C25
:109000008D9BFA6CF8E3FB6CBAD0FC6CC3C6FD6CAC
:10901000F3D4FE6CFEE3FF6C8E9B006D8F9B016DA5
:10902000E0BD026D909B036D919B046DA7E4056DFF
:10903000929B066D939B076DA6E4086D949B096D4A
:10904000959B0A6D969B0B6DF3D10C6DA3E40D6D92
:10905000979B0E6DA9E40F6D989B106D999B116DF8
:109060009A9B126DF7C8136D9B9B146D9C9B156D9D
:109070009D9B166D9E9B176DB4CF186D9F9B196DB0
:10908000A8E41A6DAEE41B6DE5C21C6DA09B1D6DBE
:10909000A19B1E6DB4B61F6DA29B206DA39B216D7D
:1090A000A49B226DA59B236DA69B246DA79B256D7C
:1090B000F2BD266DA89B276DA2E4286DA99B296DA2
:1090C000AA9B2A6DE9BA2B6DAAE42C6DAB9B2D6D82
:1090D000AC9B2E6DACE42F6DAD9B306DAE9B316DB6
:1090E000FDB6326DDED6336DB2E4346DAF9B356DB7
:1090F000ADE4366DB09B376DB19B386DB29B396D69
:10910000A1E43A6DB39B3B6DEEBB3C6DDDCD3D6D97
:10911000A2C73E6DC9C53F6DB49B406DB59B416D07
:10912000F7C1426DB69B436DA4E4446DB79B456D9A
:10913000B3C7466DACBD476DBDBD486DA5E4496D77
:10914000B89B4A6DC7D74B6DE2B24C6DB99B4D6D64
:10915000ABE44E6DC3BC4F6DAFE4506DBA9B516D27
:10916000EBBB526DB0E4536DA8C5546DB1E4556DC1
:10917000BB9B566DBC9B576DBD9B586DBE9B596D7F
:10918000E3D55A6DA3BF5B6DBF9B5C6DBAE45D6DAB
:10919000C09B5E6DB7E45F6DC19B606DBBE4616DAC
:1091A000C29B626DC39B636DBDE4646DC49B656DC2
:1091B000C59B666DD6C6676DC69B686DC79B696D9E
:1091C000C6BA6A6DCBC06B6DC89B6C6DC99B6D6D6B
:1091D000CA9B6E6DA1B86F6DB4E4706DCB9B716D61
:1091E000CC9B726DCD9B736DCE9B746DA1D4756D50
:1091F000CF9B766DD09B776DA3BA786DFEBD796DF0
:10920000D19B7A6DD29B7B6DD39B7C6DBCE47D6DD5
:10921000D49B7E6DD59B7F6DD69B806DD79B816DDA
:10922000D89B826DBFCD836DD99B846DDA9B856D94
:10923000F9C4866DDB9B876DDC9B886DFBCF896DE8
:10924000E6C98A6DDD9B8B6DDE9B8C6DBFD38D6D0A
:10925000DF9B8E6DD1CF8F6DE09B906DE19B916D0B
:10926000B3E4926DE29B936DB8E4946DB9E4956DAF
:10927000E9CC966DE39B976DE49B986DE59B996DAA
:10928000E69B9A6DE79B9B6DCECC9C6DE89B9D6D9C
:10929000D4C09E6DB5E49F6DB0C1A06DB6E4A16D64
:1092A000D0CEA26DE99BA36DC1BBA46DD3B5A56D56
:1092B000EA9BA66DF3C8A76DA7BDA86DC7D5A96D1C
:1092C000ACC9AA6DA2B8AB6DCAE4AC6DEB9BAD6D39
:1092D000EC9BAE6DCCE4AF6DC4D1B06DED9BB16DC8
:1092E000EE9BB26DBAD2B36DEF9BB46DF09BB56DD2
:1092F000ADBAB66DF19BB76DF29BB86DD4BAB96DCE
:10930000F39BBA6DF49BBB6DF59BBC6DF69BBD6D7D
:10931000F79BBE6DF89BBF6DC3E4C06DEDB5C16D2D
:10932000F99BC26DFA9BC36DFB9BC46DCDD7C56D18
:10933000C0E4C66DFDCFC76DBFE4C86DFC9BC96DB1
:10934000FD9BCA6DFE9BCB6DDCC1CC6DCACCCD6DD7
:10935000409CCE6D419CCF6D429CD06D439CD16DA5
:10936000E7CAD26D449CD36D459CD46D469CD56DA7
:10937000479CD66DD7C4D76D489CD86DD4CCD96DD9
:10938000C8E4DA6D499CDB6D4A9CDC6D4B9CDD6D5D
:10939000C7E4DE6DC1E4DF6D4C9CE06DC4E4E16DBB
:1093A000ADB5E26D4D9CE36D4E9CE46DD9D3E56D9A
:1093B0004F9CE66DC6E4E76D509CE86D519CE96DED
:1093C000529CEA6D539CEB6DF9D2EC6DE3B4ED6DFC
:1093D000549CEE6DB4BBEF6D559CF06D569CF16DD9
:1093E000EEC9F26D579CF36DBEB4F46D589CF56DEB
:1093F000599CF66D5A9CF76DECBBF86D5B9CF96D52
:10940000CDD1FA6D5C9CFB6DEDCCFC6DB5EDFD6DC9
:109410005D9CFE6D5E9CFF6D5F9C006E609C016EAE
:10942000619C026E629C036E639C046E649C056E7C
:10943000E5C7066E659C076E669C086E679C096EA4
:10944000689C0A6EA8D40B6E699C0C6ECBE40D6E02
:10945000D5D70E6EC2E40F6E6A9C106EA5BD116E5C
:10946000C5E4126E6B9C136E6C9C146EE6D3156E85
:109470006D9C166EC9E4176EF8C9186E6E9C196E55
:109480006F9C1A6EBEE41B6E709C1C6E719C1D6EF0
:10949000E5D31E6E729C1F6E739C206EFEC7216EFC
:1094A000C9B6226E749C236EFCD4246EB3B2256EB2
:1094B000D7E4266E759C276E769C286E779C296E65
:1094C000C2CE2A6E789C2B6ECDE42C6E799C2D6ECC
:1094D000BCCE2E6E7A9C2F6EDBB8306E7B9C316ECC
:1094E0007C9C326ED6E4336E7D9C346ECABF356E82
:1094F0007E9C366E809C376E819C386ECED3396EE2
:10950000829C3A6EECC33B6E839C3C6E849C3D6EA9
:10951000859C3E6E869C3F6E879C406E889C416E0B
:10952000899C426E8A9C436EC8C5446ED8E4456EE1
:109530008B9C466E8C9C476E8D9C486E8E9C496EB3
:109540008F9C4A6E909C4B6E919C4C6E929C4D6E83
:10955000C4CD4E6ECFE44F6E939C506E949C516E72
:10956000959C526E969C536ED4E4546ED5E4556E21
:10957000979C566EFEBA576E989C586EE6CF596E01
:10958000999C5A6E9A9C5B6EBFD55C6E9B9C5D6E7F
:109590009C9C5E6E9D9C5F6ED2E4606E9E9C616E34
:1095A0009F9C626EA09C636EA19C646EA29C656E83
:1095B000A39C666EA49C676EA59C686EA69C696E53
:1095C000A79C6A6EA89C6B6ED0E46C6EA99C6D6EB5
:1095D000AA9C6E6ECEE46F6EAB9C706EAC9C716E8E
:1095E000AD9C726EAE9C736EAF9C746EB09C756ECB
:1095F000B19C766EB29C776EB39C786EB49C796E9B
:10960000B59C7A6EB69C7B6EB79C7C6EB89C7D6E6A
:10961000B99C7E6EE5CD7F6EAACA806EBA9C816EC3
:10962000BB9C826EBC9C836EA3C0846EBD9C856E09
:10963000A6BD866ED3E4876EBE9C886EBF9C896E85
:10964000C8B88A6EC09C8B6EC19C8C6EC29C8D6E9D
:10965000C39C8E6EC49C8F6EE7E4906EB4D4916E02
:10966000C59C926EC69C936EC79C946EC89C956E6A
:10967000C99C966ECA9C976ECB9C986EDBE4996EE3
:10968000CC9C9A6ECD9C9B6ECE9C9C6EEFC19D6EC9
:10969000CF9C9E6ED09C9F6EE9E4A06ED19CA16E83
:1096A000D29CA26EE7D2A36ED39CA46ED49CA56E6E
:1096B000DFE4A66ED59CA76EE0E4A86ED69CA96EEA
:1096C000D79CAA6EAACFAB6ED89CAC6ED99CAD6E5F
:1096D000DA9CAE6EDB9CAF6EDDCBB06EDC9CB16E07
:1096E000DAE4B26ED1E4B36EDD9CB46EE5E4B56E3F
:1096F000DE9CB66EDCC8B76EE3E4B86EDF9CB96E74
:10970000E09CBA6EE7C4BB6EE2E4BC6EE19CBD6E49
:10971000E1E4BE6EE29CBF6EE39CC06EE49CC16E51
:10972000FCB3C26EE8E4C36EE59CC46EE69CC56EF5
:10973000E79CC66EE89CC76EE1B5C86EE99CC96E31
:10974000EA9CCA6EEB9CCB6ECCD7CC6EEC9CCD6EFB
:10975000ED9CCE6EEE9CCF6EE6E4D06EEF9CD16EAB
:10976000ACBBD26EF09CD36ED2D7D46ECFCCD56EBC
:10977000F8EBD66EF19CD76EE4E4D86EF29CD96E0D
:10978000F39CDA6EF6B9DB6EF49CDC6EF59CDD6E54
:10979000F69CDE6ECDD6DF6ED9E4E06EDCE4E16EE1
:1097A000FAC2E26EDEE4E36EF79CE46ECBC2E56ED5
:1097B000C4C0E66ED0C2E76EF89CE86EF5B1E96E03
:1097C000B2CCEA6EF99CEB6EFA9CEC6EFB9CED6EF3
:1097D000FC9CEE6EFD9CEF6EFE9CF06E409DF16E6B
:1097E000419DF26E429DF36E439DF46ECEB5F56ED3
:1097F000449DF66E459DF76E469DF86E479DF96E49
:10980000EFE4FA6E489DFB6E499DFC6E4A9DFD6E2D
:109810004B9DFE6E4C9DFF6E4D9D006F4E9D016FEA
:109820004F9D026FAFC6036F509D046F519D056F32
:10983000529D066FE1C6076F539D086F549D096FD7
:10984000F5E40A6F559D0B6F569D0C6F579D0D6F7C
:10985000589D0E6F599D0F6FA9C2106F5A9D116FC1
:109860005B9D126F5C9D136FECC0146FDDD1156FA3
:10987000EEE4166F5D9D176F5E9D186F5F9D196F0B
:10988000609D1A6F619D1B6F629D1C6F639D1D6FB4
:10989000649D1E6F659D1F6F669D206FAEC4216F16
:1098A000679D226F689D236F699D246FEDE4256F8E
:1098B0006A9D266F6B9D276F6C9D286F6D9D296F2C
:1098C000F6E42A6FF4E42B6FFEC22C6F6E9D2D6FB1
:1098D000DDE42E6F6F9D2F6FF0E4306F709D316F60
:1098E000FECA326F719D336FC4D5346F729D356F70
:1098F000739D366FF1E4376F749D386F759D396FC6
:10990000769D3A6F779D3B6F789D3C6F799D3D6F5B
:109910007A9D3E6FFAD13F6F7B9D406F7C9D416F7A
:109920007D9D426F7E9D436F809D446F819D456FFD
:10993000829D466FEBE4476FECE4486F839D496F6F
:10994000849D4A6F859D4B6FF2E44C6F869D4D6FF1
:10995000ABCE4E6F879D4F6F889D506F899D516F25
:109960008A9D526F8B9D536F8C9D546F8D9D556F4B
:109970008E9D566F8F9D576F909D586FCBC5596FB9
:10998000919D5A6F929D5B6F939D5C6FB1C75D6FA8
:10999000949D5E6FBAC25F6F959D606F969D616F7B
:1099A000979D626FEAE4636F989D646F999D656F00
:1099B0009A9D666FCAC1676F9B9D686F9C9D696F1A
:1099C0009D9D6A6F9E9D6B6F9F9D6C6FA09D6D6F3F
:1099D000B6CC6E6FB1B36F6FA19D706FA29D716FAA
:1099E000A39D726FFBE4736FA49D746FF3E4756FB6
:1099F000A59D766FA69D776FA79D786FFAE4796F26
:109A0000A89D7A6FFDE47B6FA99D7C6FFCE47D6F60
:109A1000AA9D7E6FAB9D7F6FAC9D806FAD9D816F6A
:109A2000AE9D826FAF9D836FB09D846FCEB3856F07
:109A3000B19D866FB29D876FB39D886FBAB3896FF2
:109A4000F7E48A6FB49D8B6FB59D8C6FF9E48D6FD1
:109A5000F8E48E6FECC58F6FB69D906FB79D916FD8
:109A6000B89D926FB99D936FBA9D946FBB9D956F92
:109A7000BC9D966FBD9D976FBE9D986FBF9D996F62
:109A8000C09D9A6FC19D9B6FC29D9C6FBDC09D6F15
:109A9000C39D9E6FC49D9F6FC59DA06FC69DA16F06
:109AA000E8D4A26FC79DA36FC89DA46FC99DA56F81
:109AB000CA9DA66FCB9DA76FA2E5A86FCC9DA96F8D
:109AC000CD9DAA6FCE9DAB6FCF9DAC6FD09DAD6F7E
:109AD000D19DAE6FD29DAF6FD39DB06FD49DB16F4E
:109AE000D59DB26FD69DB36FC4B0B46FD79DB56F1F
:109AF000D89DB66FA4E5B76FD99DB86FDA9DB96FE1
:109B0000A3E5BA6FDB9DBB6FDC9DBC6FDD9DBD6FB8
:109B1000DE9DBE6FDF9DBF6FE09DC06FA4BCC16FB7
:109B2000E19DC26FA5E5C36FE29DC46FE39DC56F64
:109B3000E49DC66FE59DC76FE69DC86FE79DC96F41
:109B4000A1E5CA6FE89DCB6FE99DCC6FEA9DCD6F13
:109B5000EB9DCE6FEC9DCF6FED9DD06FEE9DD16FE5
:109B6000FEE4D26FF4B1D36FEF9DD46FF09DD56F4B
:109B7000F19DD66FF29DD76FF39DD86FF49DD96F8D
:109B8000F59DDA6FF69DDB6FF79DDC6FF89DDD6F5D
:109B9000F99DDE6FA8E5DF6FFA9DE06FA9E5E16F43
:109BA000A6E5E26FFB9DE36FFC9DE46FFD9DE56F15
:109BB000FE9DE66F409EE76F419EE86F429EE96F13
:109BC000439EEA6F449EEB6F459EEC6F469EED6FA1
:109BD000479EEE6FA7E5EF6FAAE5F06F489EF16F25
:109BE000499EF26F4A9EF36F4B9EF46F4C9EF56F49
:109BF0004D9EF66F4E9EF76F4F9EF86F509EF96F19
:109C0000519EFA6F529EFB6F539EFC6F549EFD6FE8
:109C1000559EFE6F569EFF6F579E0070589E0170B6
:109C2000599E02705A9E03705B9E04705C9E057084
:109C30005D9E06705E9E07705F9E0870609E097054
:109C4000619E0A70629E0B70639E0C70649E0D7024
:109C5000659E0E70669E0F70679E1070689E1170F4
:109C6000D9C61270699E13706A9E14706B9E15702F
:109C70006C9E16706D9E17706E9E18706F9E197098
:109C8000709E1A70ABE51B70ADE51C70719E1D7067
:109C9000729E1E70739E1F70749E2070759E217040
:109CA000769E2270779E2370ACE52470789E257096
:109CB000799E26707A9E27707B9E28707C9E2970E4
:109CC0007D9E2A707E9E2B70809E2C70819E2D70B2
:109CD000829E2E70839E2F70849E3070859E317080
:109CE000869E3270879E3370889E3470899E357050
:109CF000AFE536708A9E37708B9E38708C9E3970B7
:109D0000AEE53A708D9E3B708E9E3C708F9E3D708E
:109D1000909E3E70919E3F70929E4070939E4170C7
:109D2000949E4270959E4370969E4470979E457097
:109D3000989E4670999E47709A9E48709B9E497067
:109D40009C9E4A709D9E4B709E9E4C70E0B94D70DB
:109D50009F9E4E70A09E4F70B0E55070A19E5170B6
:109D6000A29E5270A39E5370A49E5470A59E5570DF
:109D7000A69E5670A79E5770A89E5870A99E5970AF
:109D8000AA9E5A70AB9E5B70AC9E5C70AD9E5D707F
:109D9000AE9E5E70B1E55F70AF9E6070B09E617008
:109DA000B19E6270B29E6370B39E6470B49E657023
:109DB000B59E6670B69E6770B79E6870B89E6970F3
:109DC000B99E6A70BA9E6B70F0BB6C70E1EC6D70FE
:109DD000F0C36E70BB9E6F70C6B57070D2BB7170F1
:109DE000BC9E7270BD9E7370BE9E7470BF9E757077
:109DF000E9C17670EED47770C09E7870C4BE797079
:109E0000C19E7A70C29E7B70C39E7C70C6D77D70E7
:109E1000C49E7E70D6D47F70D3B28070BEEC817049
:109E2000C59E8270C69E8370C79E8470C89E8570D2
:109E3000C1EA8670C99E8770CA9E8870CB9E897061
:109E4000AFC28A70B6B48B70CC9E8C70CD9E8D7074
:109E5000CE9E8E70D7D18F70CF9E9070D09E917015
:109E6000D19E9270B4B39370D29E9470B2C8957024
:109E7000BBBF9670C0EC9770D39E9870D49E9970BB
:109E8000CBD69A70D59E9B70D69E9C70BFEC9D7071
:109E9000C1EC9E70D79E9F70D89EA070D99EA17075
:109EA000DA9EA270DB9EA370DC9EA470DD9EA5707E
:109EB000DE9EA670DF9EA770E09EA870E19EA9704E
:109EC000E29EAA70E39EAB70C5ECAC70E6BEAD70CE
:109ED000BFCCAE70DAC5AF70BCBEB070E49EB170DE
:109EE000C6ECB270E59EB370FEB1B470E69EB5707C
:109EF000E79EB670E89EB770C4ECB870A8D5B9708C
:109F0000E3B5BA70E99EBB70C2ECBC70B6C1BD705F
:109F1000E3B3BE70EA9EBF70EB9EC070C3ECC1702D
:109F2000B8CBC270C3C0C370FECCC470EC9EC57009
:109F3000ED9EC670EE9EC770EF9EC870D2C1C9700C
:109F4000F09ECA70C8ECCB70F19ECC70F29ECD70C2
:109F5000F39ECE70F49ECF70F59ED070F69ED170B9
:109F6000F79ED270F89ED370F99ED470FA9ED57089
:109F7000FB9ED670FC9ED770FD9ED870E6BAD97055
:109F8000D3C0DA70FE9EDB70F2D6DC70409FDD70CD
:109F9000419FDE70429FDF70CCD1E070439FE17043
:109FA000449FE270459FE370469FE470BEBFE5703A
:109FB000479FE670B3B7E770D5C9E870C7ECE970A2
:109FC000E2BBEA70489FEB70CCCCEC70FDBDED704D
:109FD000C8C8EE70499FEF70A9CFF0704A9FF1702A
:109FE0004B9FF2704C9FF3704D9FF4704E9FF57035
:109FF0004F9FF670509FF770E9CDF870519FF97040
:10A00000EBC5FA70529FFB70539FFC70549FFD701C
:10A01000E9B7FE70559FFF70569F0071579F017101
:10A02000589F0271599F03715A9F04715B9F05717C
:10A030005C9F06715D9F07715E9F08715F9F09714C
:10A04000C9D10A71B8BA0B71609F0C71619F0D7113
:10A05000629F0E71639F0F71649F1071C9EC117143
:10A06000659F1271669F1371CAEC1471679F157119
:10A07000C0BB1671CBEC1771689F1871E2EC1971B7
:10A08000BAB11A71D9B71B71699F1C716A9F1D7192
:10A090006B9F1E716C9F1F716D9F20716E9F217150
:10A0A0006F9F2271709F2371719F2471729F257120
:10A0B000739F2671B9BD2771749F2871759F29718F
:10A0C000769F2A71779F2B71789F2C71799F2D71C4
:10A0D0007A9F2E717B9F2F71CCEC3071E6D131715C
:10A0E000CDEC32717C9F33717D9F34717E9F3571D1
:10A0F000809F3671BBC83771819F3871829F3971DB
:10A10000839F3A71849F3B71859F3C71869F3D710F
:10A11000879F3E71889F3F71899F40718A9F4171DF
:10A120008B9F42718C9F43718D9F44718E9F4571AF
:10A13000D1EC46718F9F4771909F4871919F4971F3
:10A14000929F4A71D3EC4B71939F4C71CDBB4D7173
:10A15000949F4E71E5BC4F71959F5071969F5171C0
:10A16000979F5271989F5371999F54719A9F5571FF
:10A170009B9F56719C9F57719D9F58719E9F5971CF
:10A180009F9F5A71A09F5B71A19F5C71CFEC5D7125
:10A19000A29F5E71B7C95F71A39F6071A49F617137
:10A1A000A59F6271A69F6371A79F6471BAC3657111
:10A1B000A89F6671E3EC6771D5D56871D0EC6971C1
:10A1C000A99F6A71AA9F6B71AB9F6C71AC9F6D71F7
:10A1D000AD9F6E71F3D66F71AE9F7071AF9F71714D
:10A1E000B09F7271D2EC7371CEEC7471B19F7571C6
:10A1F000B29F7671B39F7771B49F7871D4EC797107
:10A20000B59F7A71D5EC7B71B69F7C71B79F7D71DC
:10A21000BFC97E71B89F7F71B99F8071BA9F8171EC
:10A22000BB9F8271BC9F8371BD9F8471A8CF8571D4
:10A23000BE9F8671BF9F8771C09F8871C19F8971C2
:10A24000C29F8A71DCD08B71C39F8C71C49F8D714A
:10A25000C59F8E71C69F8F71ACD19071C79F917150
:10A26000C89F9271C99F9371CA9F9471DBC8957101
:10A27000CB9F9671CC9F9771CD9F9871D6EC9971B9
:10A28000F5CE9A71CE9F9B71CF9F9C71D09F9D718F
:10A29000D19F9E71D29F9F71ECCAA071DAECA1711F
:10A2A000D39FA271D49FA371D59FA471D69FA5718E
:10A2B000D79FA671D89FA771D99FA871D9ECA97112
:10A2C000DA9FAA71DB9FAB71DC9FAC71BEB0AD7140
:10A2D000DD9FAE71DE9FAF71DF9FB071E09FB17106
:10A2E000E19FB271E29FB371D7ECB471E39FB57196
:10A2F000D8ECB671E49FB771E59FB871E69FB9716C
:10A30000E4ECBA71E79FBB71E89FBC71E99FBD7136
:10A31000EA9FBE71EB9FBF71EC9FC071ED9FC17151
:10A32000EE9FC271EF9FC371BCC8C471F09FC5712D
:10A33000F19FC671F29FC771F39FC871F49FC971F5
:10A34000F59FCA71F69FCB71F79FCC71F89FCD71C5
:10A35000F99FCE71C7C1CF71FA9FD071FB9FD171A8
:10A36000FC9FD271FD9FD371FE9FD471DCECD5713F
:10A37000E0D1D67140A0D77141A0D87142A0D97167
:10A3800043A0DA7144A0DB7145A0DC7146A0DD7109
:10A3900047A0DE7148A0DF7149A0E071DBECE171FC
:10A3A0004AA0E2714BA0E3714CA0E4714DA0E571AD
:10A3B000EFD4E6714EA0E771DDECE8714FA0E971D2
:10A3C00050A0EA7151A0EB7152A0EC7153A0ED7155
:10A3D00054A0EE71C6DBEF7155A0F07156A0F1717B
:10A3E00057A0F27158A0F37159A0F4715AA0F571F9
:10A3F0005BA0F6715CA0F7715DA0F8715EA0F971C9
:10A40000DEECFA715FA0FB7160A0FC7161A0FD71D0
:10A4100062A0FE7163A0FF7164A0007265A001726A
:10A4200066A0027267A0037268A0047269A0057238
:10A430006AA00672ACB107726BA008726CA00972B8
:10A440006DA00A726EA00B726FA00C7270A00D72DC
:10A4500071A00E7272A00F7273A0107274A01172AC
:10A4600075A0127276A0137277A0147278A015727C
:10A4700079A016727AA017727BA018727CA019724C
:10A480007DA01A727EA01B7280A01C7281A01D721A
:10A49000DFEC1E7282A01F7283A0207284A0217242
:10A4A00085A0227286A0237287A0247288A02572BC
:10A4B00089A026728AA027728BA02872E0EC2972EC
:10A4C0008CA02A72A6D72B728DA02C72C0C52D72BB
:10A4D0008EA02E728FA02F7290A03072BCEB3172C2
:10A4E000AEB0327291A0337292A0347293A03572E2
:10A4F000F4BE3672B8B83772AFD23872D6B039728D
:10A50000F9B53A7294A03B72B3D83C7295A03D72F3
:10A51000ACCB3E7296A03F72DDE3407297A04172D1
:10A5200098A0427299A043729AA044729BA045726F
:10A530009CA046729DA04772ACC64872E6B04972B4
:10A540009EA04A729FA04B72A0A04C72C6C54D72CD
:10A55000B9EB4E72A1A04F72A2A05072A3A051728B
:10A56000A4A05272BAEB5372A5A05472A6A0557261
:10A57000A7A05672BBEB5772A8A05872A9A0597237
:10A58000C0D15A72AAA05B72A3C55C72ABA05D7207
:10A59000F2EA5E72ACA05F72B2C46072ADA061728A
:10A5A000B5C46272CEC06372AEA06472AFA06572B1
:10A5B000B0A06672F3EA6772C1C46872B1A0697232
:10A5C000EFCE6A72B2A06B72B3A06C72B4A06D725F
:10A5D000B5A06E72F0EA6F72F4EA7072B6A0717292
:10A5E000B7A07272FCC97372B8A07472B9A0757208
:10A5F000A3C77672BAA07772BBA07872BCA079723A
:10A60000D8CC7A72FECE7B72BDA07C72BEA07D7269
:10A61000BFA07E72F5EA7F72F6EA8072ACCF8172DB
:10A62000E7C08272C0A08372C1A08472F7EA85720B
:10A63000C2A08672C3A08772C4A08872C5A08972A6
:10A64000C6A08A72BFB68B72F8EA8C72C7A08D72F0
:10A65000F9EA8E72C8A08F72FAEA9072C9A091725C
:10A66000CAA09272FBEA9372CBA09472CCA09572AE
:10A67000CDA09672CEA09772CFA09872D0A09972FA
:10A68000D1A09A72D2A09B72D3A09C72D4A09D72CA
:10A69000D5A09E72D6A09F72F1EAA072D7A0A17237
:10A6A000D8A0A272D9A0A372DAA0A472DBA0A5726E
:10A6B000DCA0A672DDA0A772DEA0A872DFA0A9723E
:10A6C000E0A0AA72E1A0AB72E2A0AC72AEC8AD721B
:10A6D000EBE1AE72E3A0AF72B8B7B072ECE1B17269
:10A6E000E4A0B272E5A0B372E6A0B472EDE1B57277
:10A6F000E7A0B672B4D7B772EEE1B872EFE1B97203
:10A70000CCD3BA72E8A0BB72E9A0BC72EAA0BD7259
:10A71000EBA0BE72ECA0BF72EDA0C072EEA0C17241
:10A72000F1E1C272F1BFC372F0E1C472D2B5C57279
:10A73000EFA0C672F0A0C772F1A0C872B7B1C9721B
:10A74000F2A0CA72F3A0CB72F4A0CC72F5A0CD72C5
:10A75000F3E1CE72F2E1CF72F6A0D072FCBAD17200
:10A76000F7A0D272F4E1D372F8A0D472F9A0D57236
:10A77000FAA0D672FBA0D772B7B9D872FCA0D97272
:10A78000D1BEDA72FDA0DB72FEA0DC7240AADD72DF
:10A7900041AADE72FCC4DF7242AAE072DDBAE17245
:10A7A000C6BDE27243AAE37244AAE47245AAE57206
:10A7B00046AAE67247AAE77248AAE872F5E1E9728A
:10A7C000F7E1EA7249AAEB724AAAEC72C0B6ED72DE
:10A7D000C1CFEE72A8CAEF72F6E1F072F8D5F1724D
:10A7E000FCD3F272F8E1F372FCE1F472F9E1F57274
:10A7F0004BAAF6724CAAF772FAE1F872EAC0F97243
:10A800004DAAFA72FEE1FB72A1E2FC72C7C0FD72B2
:10A810004EAAFE724FAAFF7250AA007351AA01738A
:10A82000FBE1027352AA0373FDE1047353AA05739B
:10A8300054AA067355AA077356AA087357AA097330
:10A8400058AA0A73A5E20B7359AA0C735AAA0D737E
:10A850005BAA0E73D4C10F735CAA10735DAA117347
:10A860005EAA12735FAA1373A3E2147360AA15732E
:10A87000A8E21673FEB21773A2E2187361AA1973E5
:10A8800062AA1A7363AA1B73CDC31C73C2B21D7371
:10A89000A7E21E73A6E21F7364AA207365AA217340
:10A8A000A4E22273A9E2237366AA247367AA25731C
:10A8B000ABE2267368AA277369AA28736AAA297368
:10A8C000C9D02A73EDD62B73A8C32C73ACE22D73B9
:10A8D0006BAA2E73D7CF2F736CAA30736DAA317306
:10A8E000AEE232736EAA33736FAA3473EFBA357364
:10A8F00070AA367371AA3773E0E93873ADE2397321
:10A90000AAE23A7372AA3B7373AA3C7374AA3D73AA
:10A9100075AA3E73ABBB3F73B3D4407376AA417341
:10A9200077AA427378AA437379AA44737AAA4573C3
:10A930007BAA46737CAA47737DAA48737EAA497393
:10A9400080AA4A7381AA4B7382AA4C7383AA4D735F
:10A95000B0E24E7384AA4F7385AA5073AFE251736D
:10A9600086AA5273E1E9537387AA547388AA557370
:10A9700089AA56738AAA5773B1E258738BAA59737E
:10A980008CAA5A738DAA5B738EAA5C738FAA5D73AF
:10A9900090AA5E7391AA5F7392AA6073B2E2617328
:10A9A00093AA627394AA637395AA647396AA657353
:10A9B00097AA667398AA677399AA68739AAA697323
:10A9C0009BAA6A739CAA6B739DAA6C73B3E26D73A6
:10A9D000A1CC6E739EAA6F73B4E270739FAA717359
:10A9E000A0AA727340AB737341AB747342AB7573BF
:10A9F00043AB767344AB777345AB787346AB7973EF
:10AA000047AB7A7348AB7B7349AB7C734AAB7D73BE
:10AA10004BAB7E73B5E27F734CAB80734DAB8173F0
:10AA20004EAB82734FAB837350AB8473FED0857390
:10AA300051AB867352AB8773CAC2887353AB8973A9
:10AA4000F1D38A7354AB8B73F5CD8C7355AB8D7387
:10AA500056AB8E73E0E78F7357AB907358AB91731F
:10AA6000E1E7927359AB93735AAB94735BAB9573F5
:10AA70005CAB9673C1BE97735DAB98735EAB997315
:10AA80005FAB9A7360AB9B73EAC29C7361AB9D73BF
:10AA900062AB9E7363AB9F73E4E7A07364ABA17377
:10AAA00065ABA273E3E7A37366ABA47367ABA5734F
:10AAB00068ABA67369ABA7736AABA8736BABA973DA
:10AAC000E6CDAA736CABAB73B5C3AC736DABAD73B2
:10AAD0006EABAE73E2E7AF73B7BBB073D6CFB173F3
:10AAE0006FABB273E1C1B373E9E7B47370ABB57325
:10AAF00071ABB67372ABB773E8E7B87373ABB97386
:10AB000074ABBA73F4E7BB73A3B2BC7375ABBD731C
:10AB100076ABBE7377ABBF7378ABC073EAE7C17334
:10AB200079ABC273E6E7C3737AABC4737BABC5730F
:10AB30007CABC6737DABC7737EABC873ECE7C973E0
:10AB4000EBE7CA73BAC9CB7380ABCC7381ABCD735F
:10AB5000E4D5CE7382ABCF73E5E7D073A9B7D173D9
:10AB6000E7E7D27383ABD37384ABD47385ABD57370
:10AB700086ABD67387ABD77388ABD87389ABD973E1
:10AB8000EEE7DA738AABDB738BABDC738CABDD7314
:10AB90008DABDE73F3E7DF738EABE073E9D6E17361
:10ABA0008FABE27390ABE37391ABE47392ABE5735D
:10ABB000EDE7E67393ABE773F2E7E87394ABE97301
:10ABC000F1E7EA7395ABEB7396ABEC7397ABED7370
:10ABD000E0B0EE7398ABEF7399ABF0739AABF1738F
:10ABE0009BABF273F5E7F3739CABF4739DABF5731A
:10ABF0009EABF6739FABF773A0ABF87340ACF973E1
:10AC000041ACFA7342ACFB7343ACFC7344ACFD73D0
:10AC100045ACFE7346ACFF7347AC007448AC01749E
:10AC200049AC02744AAC0374F2C704744BAC0574AB
:10AC3000C5C00674EDC007744CAC08744DAC097403
:10AC4000F0C10A74F0E70B744EAC0C744FAC0D7489
:10AC500050AC0E7451AC0F74F6E71074F6CB11744F
:10AC600052AC127453AC137454AC147455AC1574C8
:10AC700056AC167457AC177458AC187459AC197498
:10AC80005AAC1A74A2E81B74A1E81C745BAC1D7466
:10AC90005CAC1E745DAC1F745EAC20745FAC217440
:10ACA00060AC2274C1D7237461AC247462AC257487
:10ACB000FAE72674F9E7277463AC2874FBE7297474
:10ACC00064AC2A74F7E72B7465AC2C74FEE72D7422
:10ACD00066AC2E74FDE72F7467AC3074FCE73174FA
:10ACE00068AC327469AC3374D5C13474D9C7357467
:10ACF000FDC53674C3C537746AAC38746BAC39742F
:10AD00006CAC3A746DAC3B746EAC3C74EDC73D7486
:10AD10006FAC3E7470AC3F7471AC407472AC4174F3
:10AD2000A3E8427473AC437474AC447475AC45745A
:10AD300076AC467477AC477478AC487479AC497497
:10AD40007AAC4A747BAC4B747CAC4C747DAC4D7467
:10AD50007EAC4E7480AC4F7481AC507482AC517434
:10AD600083AC527484AC537485AC547486AC557403
:10AD7000A6E8567487AC5774A5E8587488AC597423
:10AD8000A7E85A74F7BA5B74F8E75C74A4E85D74DA
:10AD900089AC5E74F0C85F74AAC960748AAC6174CF
:10ADA0008BAC62748CAC63748DAC64748EAC657463
:10ADB0008FAC667490AC677491AC687492AC697433
:10ADC00093AC6A7494AC6B7495AC6C7496AC6D7403
:10ADD000A9E86E7497AC6F7498AC7074E5B971742F
:10ADE00099AC72749AAC73749BAC74749CAC7574AB
:10ADF0009DAC7674FED17774A8E878749EAC7974B3
:10AE00009FAC7A74A0AC7B7440AD7C7441AD7D7412
:10AE100042AD7E74AAE87F7443AD8074ADE881745E
:10AE2000AEE8827444AD8374A7C1847445AD857463
:10AE300046AD867447AD8774AFE8887448AD8974B1
:10AE400049AD8A744AAD8B74B0E88C744BAD8D7487
:10AE50004CAD8E74ACE88F744DAD9074B4E89174C1
:10AE60004EAD92744FAD937450AD947451AD9574D2
:10AE700052AD967453AD977454AD987455AD9974A2
:10AE800056AD9A7457AD9B7458AD9C74ABE89D74E5
:10AE900059AD9E74B1E89F745AADA0745BADA174B6
:10AEA0005CADA2745DADA3745EADA4745FADA5741A
:10AEB00060ADA67461ADA774B5E8A874B2E8A974D2
:10AEC000B3E8AA7462ADAB7463ADAC7464ADAD7439
:10AED00065ADAE7466ADAF7467ADB07468ADB17496
:10AEE00069ADB2746AADB3746BADB4746CADB57466
:10AEF0006DADB6746EADB7746FADB87470ADB97436
:10AF000071ADBA74B7E8BB7472ADBC7473ADBD7487
:10AF100074ADBE7475ADBF7476ADC07477ADC174D9
:10AF200078ADC27479ADC3747AADC4747BADC574A9
:10AF30007CADC6747DADC7747EADC87480ADC97478
:10AF400081ADCA7482ADCB7483ADCC7484ADCD7445
:10AF500085ADCE7486ADCF7487ADD07488ADD17415
:10AF600089ADD274B6E8D3748AADD4748BADD57480
:10AF70008CADD6748DADD7748EADD8748FADD974B9
:10AF800090ADDA7491ADDB7492ADDC74CFB9DD7441
:10AF900093ADDE74ACF0DF7494ADE074ADF0E174A9
:10AFA00095ADE274B0C6E374EAB0E474BFC8E5746A
:10AFB00096ADE674DFCDE77497ADE87498ADE974AB
:10AFC00099ADEA749AADEB749BADEC749CADED74E5
:10AFD0009DADEE74CDCEEF74B1EAF0749EADF17418
:10AFE0009FADF274A0ADF37440AEF474B2EAF574A0
:10AFF00041AEF674BFC6F774C9B4F87442AEF974C2
:10B0000043AEFA7444AEFB7445AEFC7446AEFD74B8
:10B0100047AEFE7448AEFF74B3EA007549AE0175E1
:10B020004AAE02754BAE03754CAE0475E7D5057597
:10B030004DAE06754EAE07754FAE087550AE09752C
:10B0400051AE0A7552AE0B7553AE0C7554AE0D75FC
:10B05000F9DD0E7555AE0F75B4EA107556AE117563
:10B06000B5EA127557AE1375B6EA147558AE157574
:10B0700059AE16755AAE17755BAE1875CAB8197504
:10B08000B0DF1A75F5C91B755CAE1C75F0CC1D756B
:10B090005DAE1E755EAE1F75FAC920755FAE217577
:10B0A00060AE227561AE237562AE247563AE257500
:10B0B000FBC9267564AE277565AE2875C3D329759F
:10B0C000A6CB2A7566AE2B75A6B82C75AEF02D757D
:10B0D000C2B12E7567AE2F75B8E53075EFCC3175FE
:10B0E000C9D33275D7BC3375EAC9347568AE3575C6
:10B0F000E7B5367569AE3775D0C43875E9B53975B9
:10B100006AAE3A75AEEE3B75ADBB3C756BAE3D7548
:10B110006CAE3E75DEE73F756DAE4075AFEE4175C6
:10B120006EAE42756FAE437570AE447571AE4575C7
:10B13000A9B3467572AE477573AE4875B2EE4975E0
:10B1400074AE4A7575AE4B75B1EE4C75E7BD4D7575
:10B1500076AE4E75B0EE4F75B7CE507577AE517571
:10B1600078AE527579AE53757AAE5475CFC55575B4
:10B170007BAE56757CAE57757DAE58757EAE5975F3
:10B18000F4C15A75CEDB5B75B3EE5C75F3D05D75BB
:10B1900080AE5E7581AE5F7582AE607583AE61759F
:10B1A00084AE627585AE637586AE647587AE65756F
:10B1B000D4C26675E8C6677588AE687589AE69756C
:10B1C0008AAE6A75ACB76B758BAE6C758CAE6D75EF
:10B1D0008DAE6E758EAE6F758FAE707590AE7175EB
:10B1E00091AE7275B4EE737592AE7475EBB37575FE
:10B1F00093AE767594AE777595AE7875FBBB797521
:10B20000B5EE7A7596AE7B7597AE7C7598AE7D750A
:10B2100099AE7E759AAE7F75DCE780759BAE8175C1
:10B220009CAE82759DAE8375B6EE84759EAE8575B7
:10B230009FAE8675AEBD8775A0AE887540AF897527
:10B2400041AF8A7542AF8B75E2F18C7543AF8D7556
:10B2500044AF8E7545AF8F75E8CA907546AF91754E
:10B26000C9D29275DAF0937547AF9475DBF0957596
:10B2700048AF9675DCF09775C6C1987549AF99755A
:10B28000EDB89A75CEBE9B754AAF9C754BAF9D7558
:10B29000DEF09E754CAF9F75B1C5A075DDF0A17550
:10B2A000F1D1A2754DAFA375E0F0A475CCB0A57532
:10B2B000EABDA6754EAFA7754FAFA87550AFA9757B
:10B2C00051AFAA7552AFAB75DFD2AC75DFF0AD757B
:10B2D00053AFAE75AFB4AF75E8B7B075E6F0B17502
:10B2E000E5F0B275A3C6B375E1F0B475E2F0B575DB
:10B2F000C3B4B67554AFB77555AFB875E3F0B9754B
:10B30000EED5BA7556AFBB7557AFBC75DBCCBD7506
:10B31000D2BEBE75B2BCBF7558AFC07559AFC1754E
:10B320005AAFC275E8F0C375E7F0C475E4F0C575AF
:10B33000A1B2C6755BAFC775A2D6C875B8D3C975BB
:10B34000B7BECA75ACC8CB755CAFCC755DAFCD75FB
:10B35000EAF0CE755EAFCF755FAFD07560AFD175D7
:10B3600061AFD275F7D1D37562AFD475CCD6D57530
:10B37000DBBAD675E9F0D77563AFD875BBB6D975AA
:10B3800064AFDA7565AFDB75B4CDDC7566AFDD75BE
:10B3900067AFDE75A6C6DF7568AFE07569AFE175AA
:10B3A0006AAFE275A1C1E375EBF0E475EEF0E57507
:10B3B0006BAFE675EDF0E775F0F0E875ECF0E97568
:10B3C0006CAFEA75BEBBEB75EFF0EC756DAFED756C
:10B3D0006EAFEE756FAFEF7570AFF075B5CCF17500
:10B3E000F2F0F27571AFF37572AFF475D5B3F57510
:10B3F00073AFF67574AFF77575AFF87576AFF9750D
:10B40000D4B1FA7577AFFB7578AFFC75F3F0FD75C5
:10B4100079AFFE757AAFFF75F4F00076F6F001763D
:10B42000E1B402767BAF0376F1F004767CAF05766B
:10B43000F7F006767DAF07767EAF087680AF0976A7
:10B4400081AF0A76FAF00B7682AF0C76F8F00D76C3
:10B4500083AF0E7684AF0F7685AF1076F5F0117658
:10B4600086AF127687AF137688AF147689AF1576DC
:10B47000FDF016768AAF1776F9F01876FCF019769B
:10B48000FEF01A768BAF1B76A1F11C768CAF1D7681
:10B490008DAF1E768EAF1F76C1CE2076A4F12176B9
:10B4A0008FAF2276A3F1237690AF2476F6C125766E
:10B4B000FBF02676DDCA277691AF287692AF297603
:10B4C000F1B42A76F1B12B76B1CC2C7693AF2D76F0
:10B4D000A6F12E7694AF2F7695AF3076A7F1317620
:10B4E00096AF327697AF3376ACF13476CED53576EB
:10B4F000A9F1367698AF377699AF3876B3C83976F2
:10B500009AAF3A769BAF3B769CAF3C76A2F13D7604
:10B510009DAF3E76ABF13F76A8F14076A5F141763E
:10B520009EAF42769FAF4376AAF14476A0AF4576B0
:10B5300040B0467641B0477642B0487643B049764F
:10B5400044B04A7645B04B7646B04C76A9B04D76BD
:10B55000ADF14E7647B04F7648B0507649B051764F
:10B560004AB052764BB053764CB05476AFF1557624
:10B570004DB05676B1F157764EB058764FB05976F9
:10B5800050B05A7651B05B7652B05C76B0F15D76D1
:10B5900053B05E76AEF15F7654B0607655B06176AA
:10B5A00056B0627657B06376A2D1647658B06576AD
:10B5B00059B066765AB067765BB068765CB06976EB
:10B5C0005DB06A765EB06B76B2F16C765FB06D7628
:10B5D00060B06E7661B06F76B3F1707662B07176FE
:10B5E00063B0727664B0737665B0747666B0757663
:10B5F00067B0767668B0777669B07876EFB97976A5
:10B600006AB07A766BB07B76C7B57C766CB07D76A7
:10B61000D7B07E76D9B07F766DB080766EB0817609
:10B620006FB08276EDD4837670B08476C4B58576BB
:10B6300071B08676D4BD8776CABB8876A7F0897646
:10B6400072B08A7673B08B76DEB88C7674B08D76F5
:10B6500075B08E76A8F08F7676B0907677B09176CA
:10B66000A8B0927678B09376A9F0947679B0957672
:10B670007AB09676EECD97767BB098767CB0997658
:10B68000AAF09A767DB09B767EB09C7680B09D764F
:10B6900081B09E7682B09F7683B0A07684B0A1768A
:10B6A00085B0A27686B0A37687B0A476ABF0A576F7
:10B6B00088B0A67689B0A7768AB0A8768BB0A9762E
:10B6C0008CB0AA768DB0AB768EB0AC768FB0AD76FE
:10B6D00090B0AE76A4C6AF7691B0B07692B0B176A7
:10B6E000E5D6B276E4F1B37693B0B476E5F1B5760B
:10B6F00094B0B67695B0B77696B0B87697B0B9767E
:10B7000098B0BA7699B0BB769AB0BC769BB0BD764D
:10B710009CB0BE769DB0BF76F3C3C0769EB0C176B6
:10B720009FB0C276DBD3C376A0B0C47640B1C576F5
:10B73000D1D6C676E8C5C77641B1C876AFD3C9764B
:10B7400042B1CA76E6D2CB7643B1CC7644B1CD765F
:10B75000C1EECE76BBB0CF76B5D5D076CED1D17690
:10B76000E0BCD276D0BAD37645B1D476F8BFD576E0
:10B7700046B1D676C7B8D776C1B5D876CCC5D97616
:10B7800047B1DA7648B1DB76A2CADC7649B1DD761C
:10B790004AB1DE764BB1DF76CBC3E0764CB1E176D1
:10B7A0004DB1E2764EB1E3764FB1E47650B1E57635
:10B7B000C2EEE67651B1E77652B1E87653B1E9765A
:10B7C00054B1EA7655B1EB7656B1EC7657B1ED76D9
:10B7D00058B1EE76BFC4EF76A2B6F07659B1F176E5
:10B7E000ECEDF276A4C3F3765AB1F476B1D6F576E1
:10B7F0005BB1F6765CB1F7765DB1F876E0CFF976BD
:10B80000EFEDFA765EB1FB765FB1FC76CEC5FD76E4
:10B8100060B1FE76DCB6FF7661B1007762B1017788
:10B82000A1CA027763B1037764B10477EDED0577C0
:10B8300065B1067766B10777F0ED0877F1ED097726
:10B84000BCC30A7767B10B77B4BF0C7768B10D77CB
:10B85000EEED0E7769B10F776AB110776BB11177A2
:10B860006CB112776DB113776EB114776FB1157734
:10B8700070B1167771B1177772B1187773B1197704
:10B88000F4ED1A77F2ED1B7774B11C7775B11D7763
:10B8900076B11E7777B11F77E6D52077DFC32177A2
:10B8A00078B12277F3ED237779B124777AB12577D0
:10B8B0007BB12677F6ED27777CB12877A3D529775A
:10B8C000A3D12A777DB12B777EB12C7780B12D77EC
:10B8D000F5ED2E7781B12F77D0C3307782B13177F4
:10B8E00083B1327784B1337785B1347786B13577D8
:10B8F000F7ED3677F4BF3777ECBE3877F8ED397768
:10B9000087B13A77F7CC3B7788B13C77DBD13D778D
:10B9100089B13E778AB13F778BB14077C5D7417700
:10B92000F6D542778CB14377FCED44778DB14577FE
:10B930008EB146778FB14777FBED487790B1497765
:10B9400091B14A7792B14B7793B14C7794B14D77DF
:10B9500095B14E7796B14F7797B15077F9ED517712
:10B96000FAED527798B1537799B154779AB15577E8
:10B970009BB156779CB157779DB158779EB1597757
:10B980009FB15A77FDED5B77A6BE5C77A0B15D777E
:10B9900040B25E7741B25F7742B2607743B261777F
:10B9A000AFCB6277A1EE6377BDB6647744B26577BB
:10B9B000A2EE6677C0C4677745B26877FEED697717
:10B9C00046B26A7747B26B77DEBD6C77C7B26D77E8
:10B9D00048B26E7749B26F774AB270774BB27177DF
:10B9E0004CB272774DB273774EB274774FB27577AF
:10B9F00050B2767751B2777752B2787753B279777F
:10BA0000C3B67A7754B27B7755B27C7756B27D77DE
:10BA1000A5EE7E77BAD87F77A3EE8077A6EE817702
:10BA200057B2827758B2837759B28477E9C3857762
:10BA3000F2B386775AB287775BB288775CB2897740
:10BA40005DB28A775EB28B775FB28C77A7EE8D7727
:10BA5000A4EE8E77B9CF8F7760B2907761B291778D
:10BA6000A8EE9277F7C2937762B2947763B2957734
:10BA700064B2967765B2977766B2987767B299772E
:10BA800068B29A7769B29B776AB29C776BB29D77FE
:10BA90006CB29E776DB29F77A9EEA077AAEEA177E0
:10BAA0006EB2A277ABDEA3776FB2A47770B2A57740
:10BAB000B3C6A67771B2A777C6C7A87772B2A977BF
:10BAC000F5D6AA77C9B5AB7773B2AC77B2CBAD7701
:10BAD00074B2AE7775B2AF7776B2B077ABEEB177BE
:10BAE00077B2B27778B2B377ABCDB47779B2B577B6
:10BAF000ACEEB6777AB2B7777BB2B8777CB2B9776B
:10BB00007DB2BA777EB2BB77B0D5BC7780B2BD7755
:10BB1000ADEEBE7781B2BF77C4F6C07782B2C1778F
:10BB200083B2C27784B2C37785B2C47786B2C57751
:10BB300087B2C67788B2C77789B2C8778AB2C97721
:10BB40008BB2CA778CB2CB778DB2CC778EB2CD77F1
:10BB5000C7DBCE778FB2CF7790B2D07791B2D17763
:10BB600092B2D27793B2D37794B2D47795B2D57795
:10BB700096B2D67797B2D777A3B4D87798B2D97759
:10BB800099B2DA779AB2DB77ACC3DC77E6F1DD778E
:10BB90009BB2DE779CB2DF779DB2E0779EB2E17711
:10BBA0009FB2E277B8CAE377D3D2E477A0B2E57761
:10BBB000AAD6E67740B3E777F2EFE87741B3E977C3
:10BBC000D8BEEA7742B3EB77C3BDEC77F3EFED77FE
:10BBD000CCB6EE77ABB0EF7743B3F07744B3F17701
:10BBE00045B3F27746B3F377AFCAF47747B3F57747
:10BBF00048B3F677B6EDF77749B3F877B7EDF9774D
:10BC00004AB3FA774BB3FB774CB3FC774DB3FD7770
:10BC1000F9CEFE77AFB7FF77F3BF0078B8ED0178C4
:10BC2000EBC20278B0C903784EB304784FB30578FD
:10BC300050B3067851B3077852B3087853B30978F4
:10BC4000B9ED0A7854B30B7855B30C78F6C60D7875
:10BC5000B3BF0E7856B30F7857B3107858B3117836
:10BC6000BCED1278F8C5137859B31478D0D1157893
:10BC70005AB31678A9D71778BAED1878BBED1978AA
:10BC80005BB31A78E2D11B785CB31C78BFED1D78EA
:10BC9000C0ED1E785DB31F78C4ED20785EB32178C7
:10BCA0005FB3227860B32378C8ED247861B3257838
:10BCB000C6ED2678CEED2778E8D5287862B32978C6
:10BCC000C9ED2A7863B32B7864B32C78C7ED2D784F
:10BCD000BEED2E7865B32F7866B33078E9C531783C
:10BCE00067B3327868B3337869B33478C6C63578C9
:10BCF0006AB336786BB33778E9C93878D2D43978F3
:10BD0000C1ED3A78C2ED3B78C3ED3C78C5ED3D78A6
:10BD10006CB33E78F9C03F786DB34078A1B44178F8
:10BD20006EB342786FB3437870B3447871B345789B
:10BD3000E8B9467872B34778D0ED487873B349785C
:10BD400074B34A7875B34B7876B34C78D1ED4D78AF
:10BD500077B34E78CAED4F7878B35078CFED5178FD
:10BD600079B35278F8CE53787AB354787BB3557858
:10BD7000B6CB5678CCED5778CDED58787CB3597862
:10BD80007DB35A787EB35B7880B35C7881B35D789D
:10BD9000F5CF5E7882B35F7883B3607884B36178DF
:10BDA00085B3627886B3637887B3647888B365783F
:10BDB00089B366788AB367788BB368788CB369780F
:10BDC0008DB36A78D2ED6B78F2C16C78B2D36D78AE
:10BDD000CBED6E78B7C86F788EB370788FB371780B
:10BDE00090B3727891B3737892B3747893B3757893
:10BDF00094B3767895B37778EFBC787896B3797802
:10BE000097B37A7898B37B7899B37C78F0C57D78CE
:10BE10009AB37E789BB37F789CB380789DB381780A
:10BE20009EB382789FB38378A0B3847840B485783A
:10BE300041B4867842B48778D6ED887843B489785F
:10BE4000EFB58A7844B48B7845B48C78B5C28D78D8
:10BE5000ADB08E78E9CB8F7846B4907847B49178BE
:10BE6000AEB1927848B49378D4ED947849B495788B
:10BE70004AB496784BB49778EBCD9878E2B5997838
:10BE80004CB49A78D5ED9B78D3ED9C78D7ED9D781E
:10BE90004DB49E784EB49F78FAB5A0784FB4A1788F
:10BEA000D8EDA27850B4A378D9EDA47851B4A57890
:10BEB000DCEDA67852B4A778CCB1A87853B4A978B1
:10BEC00054B4AA7855B4AB7856B4AC7857B4AD78BE
:10BED00058B4AE7859B4AF785AB4B078F6C5B178E2
:10BEE000EEBCB278DAEDB378BCCCB478EAB2B5780F
:10BEF0005BB4B6785CB4B7785DB4B8785EB4B97842
:10BF0000DBEDBA785FB4BB7860B4BC7861B4BD785F
:10BF100062B4BE78EBC4BF7863B4C07864B4C1784F
:10BF2000C5B4C27865B4C37866B4C47867B4C5785C
:10BF3000F5B0C67868B4C77869B4C8786AB4C97807
:10BF4000DFEDCA78DAC0CB78E8B4CC786BB4CD78C2
:10BF50006CB4CE786DB4CF786EB4D078CDC5D178CE
:10BF60006FB4D27870B4D37871B4D478DDEDD5786D
:10BF7000C4BFD67872B4D77873B4D87874B4D9788B
:10BF8000DEEDDA7875B4DB7876B4DC7877B4DD781A
:10BF900078B4DE7879B4DF787AB4E0787BB4E1788D
:10BFA0007CB4E2787DB4E3787EB4E47880B4E5785C
:10BFB00081B4E67882B4E77883B4E878A5C4E978F8
:10BFC00084B4EA7885B4EB7886B4EC78E0EDED786B
:10BFD00087B4EE7888B4EF7889B4F0788AB4F178D1
:10BFE0008BB4F278E1EDF3788CB4F478E3EDF57886
:10BFF0008DB4F6788EB4F778D7C1F8788FB4F97825
:10C0000090B4FA78C7BBFB7891B4FC7892B4FD7811
:10C0100093B4FE7894B4FF7895B4007996B401791E
:10C02000B8BD027997B4037998B4047999B40579C5
:10C03000E2ED06799AB407799BB408799CB4097942
:10C040009DB40A799EB40B799FB40C79A0B40D7994
:10C0500040B50E7941B50F7942B5107943B51179E4
:10C0600044B5127945B51379E4ED147946B51579DF
:10C0700047B5167948B5177949B518794AB5197988
:10C080004BB51A794CB51B794DB51C794EB51D7958
:10C090004FB51E79E6ED1F7950B5207951B521795C
:10C0A00052B5227953B5237954B52479E5ED257934
:10C0B00055B5267956B5277957B5287958B52979D0
:10C0C00059B52A795AB52B795BB52C795CB52D79A0
:10C0D0005DB52E795EB52F795FB5307960B5317970
:10C0E00061B5327962B5337963B53479E7ED357985
:10C0F00064B5367965B5377966B5387967B5397914
:10C1000068B53A79BECA3B79EAEC3C79F1C03D7931
:10C1100069B53E79E7C93F796AB54079EBEC417979
:10C12000EEC642796BB543796CB544796DB5457906
:10C130006EB54679ECEC47796FB54879EDC649792B
:10C14000EDEC4A7970B54B7971B54C7972B54D7992
:10C1500073B54E7974B54F7975B5507976B5517917
:10C1600077B5527978B55379F0EC547979B555793A
:10C170007AB55679E6D75779F3EC58797BB5597982
:10C180007CB55A79F1EC5B79EEEC5C79EFEC5D799A
:10C19000A3D75E79F1C95F79EECB6079F4EC617970
:10C1A0007DB56279F2EC63797EB5647980B56579A5
:10C1B000E9CF667981B56779F6EC6879B1C66979B6
:10C1C00082B56A7983B56B7984B56C7985B56D79FB
:10C1D000C0BC6E7986B56F79F5EC707987B57179E9
:10C1E00088B5727989B573798AB574798BB57579A3
:10C1F0008CB576798DB57779BBB57879F6BB7979D9
:10C200008EB57A79F7EC7B798FB57C7990B57D79AD
:10C2100091B57E7992B57F7993B58079F7D9817997
:10C22000FBBD827994B5837995B58479BBC2857954
:10C23000F8EC867996B5877997B5887998B5897934
:10C2400099B58A79F9EC8B799AB58C799BB58D790A
:10C250009CB58E799DB58F79A3B890799EB591796B
:10C260009FB59279A0B5937940B6947941B6957906
:10C2700042B6967943B6977944B6987945B6997996
:10C2800046B69A79FAEC9B7947B69C7948B69D797F
:10C2900049B69E794AB69F794BB6A0794CB6A1793A
:10C2A0004DB6A2794EB6A3794FB6A47950B6A5790A
:10C2B00051B6A67952B6A779FBECA87953B6A979FD
:10C2C00054B6AA7955B6AB7956B6AC7957B6AD79AE
:10C2D00058B6AE7959B6AF795AB6B0795BB6B1797E
:10C2E0005CB6B2795DB6B379FCECB4795EB6B5797B
:10C2F0005FB6B67960B6B77961B6B87962B6B97922
:10C30000EDD3BA79AED8BB79EBC0BC7963B6BD7951
:10C31000DDC7BE79CCBABF7964B6C079E3D0C17944
:10C32000BDCBC27965B6C379BACDC47966B6C579D5
:10C3300067B6C679D1B8C77968B6C87969B6C97918
:10C34000FCB1CA796AB6CB79EFC7CC796BB6CD7937
:10C35000D6D6CE796CB6CF796DB6D0796EB6D179A6
:10C36000C6BFD279EBC3D3796FB6D47970B6D5791D
:10C37000F5EFD67971B6D77972B6D879D8C3D979AD
:10C3800073B6DA7974B6DB7975B6DC7976B6DD79B1
:10C3900077B6DE7978B6DF79E2D7E07979B6E179F8
:10C3A0007AB6E2797BB6E379F7EFE479D3B3E5794E
:10C3B0007CB6E679D8C7E779EDD1E8797DB6E97939
:10C3C000C8D6EA797EB6EB79F8EFEC7980B6ED79EC
:10C3D000F6EFEE7981B6EF79FDBBF079C6B3F1796E
:10C3E00082B6F27983B6F37984B6F47985B6F579B5
:10C3F00086B6F67987B6F77988B6F879D5BDF97932
:10C4000089B6FA798AB6FB79C6D2FC798BB6FD7902
:10C41000E0BBFE798CB6FF798DB6007AA1CF017AA8
:10C420008EB6027AFCEF037AFBEF047A8FB6057AB8
:10C4300090B6067AF9EF077A91B6087A92B6097A39
:10C4400093B60A7A94B60B7ACCB30C7A95B60D7A79
:10C45000D4C90E7AB0CB0F7A96B6107A97B6117A05
:10C4600098B6127A99B6137A9AB6147AFEEF157ABC
:10C470009BB6167A9CB6177ADEB0187A9DB6197AF2
:10C480009EB61A7AC9D61B7A9FB61C7AA0B61D7AB8
:10C4900040B71E7AFDEF1F7A41B7207AEDB3217ABB
:10C4A00042B7227A43B7237AD5F6247A44B7257A5D
:10C4B00045B7267A46B7277A47B7287A48B7297A00
:10C4C00049B72A7A4AB72B7A4BB72C7A4CB72D7AD0
:10C4D0004DB72E7A4EB72F7A4FB7307A50B7317AA0
:10C4E00051B7327A52B7337AC8CE347A53B7357AE5
:10C4F00054B7367A55B7377AA2F0387A56B7397AC0
:10C50000A1F03A7A57B73B7ABEB53C7ADABC3D7AAD
:10C51000FCBB3E7A58B73F7AE5B8407A59B7417AC2
:10C520005AB7427A5BB7437A5CB7447A5DB7457ACB
:10C530005EB7467AC2C4477A5FB7487A60B7497A2D
:10C5400061B74A7A62B74B7A63B74C7A64B74D7A6F
:10C5500065B74E7A66B74F7A67B7507A68B7517A3F
:10C56000A3F0527A69B7537A6AB7547A6BB7557A9F
:10C570006CB7567A6DB7577AEBCB587A6EB7597A53
:10C580006FB75A7A70B75B7A71B75C7A72B75D7AB7
:10C5900073B75E7A74B75F7A75B7607A76B7617A87
:10C5A00077B7627A78B7637A79B7647A7AB7657A57
:10C5B0007BB7667A7CB7677A7DB7687A7EB7697A27
:10C5C00080B76A7A81B76B7A82B76C7A83B76D7AF3
:10C5D00084B76E7A85B76F7A86B7707AA6F0717A6B
:10C5E00087B7727A88B7737A89B7747AA8D1757A5F
:10C5F0008AB7767ABFBE777AEEC7787AB6F1797A5B
:10C60000B7F17A7AD5BF7B7A8BB77C7A8CB77D7A93
:10C610008DB77E7A8EB77F7AA9B4807AB8F1817AA5
:10C62000BBCD827A8FB7837AD4C7847AADD5857A29
:10C6300090B7867AB9F1877A91B7887ABAF1897A10
:10C6400092B78A7A93B78B7A94B78C7A95B78D7AAA
:10C65000CFC78E7A96B78F7A97B7907A98B7917A34
:10C66000A4D2927ACFD6937A99B7947A9AB7957AD8
:10C67000BBF1967AD1BD977AB0B4987ABDBE997A5B
:10C680009BB79A7A9CB79B7A9DB79C7ADCB49D7ACB
:10C69000D1CE9E7A9EB79F7ADFBFA07ABDF1A17AF4
:10C6A0009FB7A27AA0B7A37A40B8A47A41B8A57A76
:10C6B000FABFA67ABCF1A77A42B8A87ABFF1A97AE4
:10C6C00043B8AA7A44B8AB7A45B8AC7ABEF1AD7A31
:10C6D000C0F1AE7A46B8AF7A47B8B07A48B8B17A06
:10C6E00049B8B27A4AB8B37AC1F1B47A4BB8B57ADC
:10C6F0004CB8B67A4DB8B77A4EB8B87A4FB8B97A5E
:10C7000050B8BA7A51B8BB7A52B8BC7A53B8BD7A2D
:10C7100054B8BE7A55B8BF7AFEC1C07A56B8C17A4D
:10C7200057B8C27A58B8C37A59B8C47A5AB8C57AD1
:10C730005BB8C67A5CB8C77A5DB8C87A5EB8C97AA1
:10C740005FB8CA7A60B8CB7AA2C1CC7A61B8CD7A28
:10C7500062B8CE7A63B8CF7A64B8D07A65B8D17A45
:10C7600066B8D27A67B8D37A68B8D47A69B8D57A15
:10C770006AB8D67AFACAD77A6BB8D87A6CB8D97A46
:10C78000BED5DA7A6DB8DB7A6EB8DC7A6FB8DD7A4E
:10C7900070B8DE7ABABEDF7AB9BEE07AC2D5E17A85
:10C7A00071B8E27A72B8E37AA2BFE47A73B8E57A34
:10C7B000AFCDE67AB5F1E77A74B8E87A75B8E97A78
:10C7C00076B8EA7A77B8EB7A78B8EC7A79B8ED7A15
:10C7D000DFBDEE7A7AB8EF7ACBB6F07A7BB8F17A31
:10C7E0007CB8F27A7DB8F37A7EB8F47A80B8F57ABC
:10C7F00081B8F67A82B8F77A83B8F87A84B8F97A89
:10C80000F1D6FA7AC3F3FB7A85B8FC7A86B8FD7A5A
:10C81000C4F3FE7A87B8FF7ACDB8007B88B8017B75
:10C8200089B8027B8AB8037BC6F3047BC7F3057B18
:10C830008BB8067BCAB0077B8CB8087BC5F3097B35
:10C840008DB80A7BC9F30B7BF1CB0C7B8EB80D7BCB
:10C850008FB80E7B90B80F7BCBF3107B91B8117B18
:10C86000A6D0127B92B8137B93B8147BCAB1157B08
:10C87000C8F3167B94B8177B95B8187B96B8197BCC
:10C88000CFF31A7B97B81B7BD1B51C7B98B81D7B67
:10C8900099B81E7BD7F31F7B9AB8207BD2F3217BFC
:10C8A0009BB8227B9CB8237B9DB8247BD4F3257B4B
:10C8B000D3F3267BFBB7277B9EB8287BBFB1297BB0
:10C8C0009FB82A7BCEF32B7BCAF32C7BDAB52D7B6A
:10C8D000A0B82E7BD0F32F7B40B9307B41B9317BA0
:10C8E000D1F3327B42B9337BD5F3347B43B9357B0B
:10C8F00044B9367B45B9377B46B9387BCDF3397BB4
:10C9000047B93A7BE3BC3B7B48B93C7BFDC13D7BEF
:10C9100049B93E7BD6F33F7B4AB9407B4BB9417B5B
:10C920004CB9427B4DB9437B4EB9447B4FB9457BF3
:10C93000DAF3467B50B9477BCCF3487B51B9497B4E
:10C94000C8B54A7B52B94B7BEEBD4C7BDCF34D7BCB
:10C9500053B94E7B54B94F7BA4B7507BF0BF517B8A
:10C96000FED6527BB2CD537B55B9547BF0B4557B88
:10C9700056B9567BDFB2577B57B9587BD8F3597BF2
:10C9800058B95A7BD9F35B7BB8C95C7B59B95D7BDD
:10C99000DDF35E7B5AB95F7B5BB9607BDEF3617B65
:10C9A0005CB9627BE1F3637B5DB9647B5EB9657BF7
:10C9B0005FB9667B60B9677B61B9687B62B9697B87
:10C9C00063B96A7B64B96B7B65B96C7B66B96D7B57
:10C9D00067B96E7BDFF36F7B68B9707B69B9717B78
:10C9E000E3F3727BE2F3737B6AB9747B6BB9757B9B
:10C9F000DBF3767B6CB9777BEABF787B6DB9797BAB
:10CA0000EFB37A7B6EB97B7BE0F37C7B6FB97D7B88
:10CA100070B97E7BA9C77F7B71B9807BF2BC817BBB
:10CA200072B9827B73B9837B74B9847B75B9857B5A
:10CA3000EBF3867B76B9877B77B9887B78B9897B7E
:10CA400079B98A7B7AB98B7B7BB98C7B7CB98D7BFE
:10CA5000BFB98E7B7DB98F7B7EB9907BE4F3917BF0
:10CA600080B9927B81B9937B82B9947BADB2957B7F
:10CA7000FEBB967B83B9977BE3CB987B84B9997B8C
:10CA800085B99A7B86B99B7B87B99C7BEDF39D7BAF
:10CA9000E9F39E7B88B99F7B89B9A07B8AB9A17B8A
:10CAA000DCB9A27BEEF3A37B8BB9A47B8CB9A57B0D
:10CAB0008DB9A67BE5F3A77BE6F3A87BEAF3A97B18
:10CAC000E1C2AA7BECF3AB7BEFF3AC7BE8F3AD7B8D
:10CAD000FDBCAE7B8EB9AF7B8FB9B07B90B9B17B1B
:10CAE000E4CFB27B91B9B37B92B9B47BF0F3B57B61
:10CAF00093B9B67B94B9B77B95B9B87BE7F3B97BAB
:10CB000096B9BA7B97B9BB7B98B9BC7B99B9BD7B09
:10CB10009AB9BE7B9BB9BF7B9CB9C07B9DB9C17BD9
:10CB2000F2F3C27B9EB9C37B9FB9C47BA0B9C57B1E
:10CB300040BAC67BADD7C77BAAC6C87B41BAC97B02
:10CB400042BACA7B43BACB7B44BACC7BF3F3CD7BEE
:10CB500045BACE7B46BACF7B47BAD07B48BAD17BA9
:10CB6000F1F3D27B49BAD37BA8C2D47B4ABAD57B36
:10CB70004BBAD67B4CBAD77B4DBAD87B4EBAD97B51
:10CB8000DDB8DA7BF5F3DB7B4FBADC7B50BADD7BBB
:10CB9000F4F3DE7B51BADF7B52BAE07B53BAE17B20
:10CBA000DBB4E27B54BAE37B55BAE47B56BAE57B4F
:10CBB000F6F3E67BF7F3E77B57BAE87B58BAE97BF5
:10CBC00059BAEA7BF8F3EB7B5ABAEC7B5BBAED7BA4
:10CBD0005CBAEE7BBAC0EF7B5DBAF07B5EBAF17BEC
:10CBE000E9C0F27B5FBAF37B60BAF47B61BAF57B94
:10CBF00062BAF67B63BAF77BF1C5F87B64BAF97B5E
:10CC000065BAFA7B66BAFB7B67BAFC7BFBF3FD7BFC
:10CC100068BAFE7BFAF3FF7B69BA007C6ABA017CD2
:10CC20006BBA027C6CBA037C6DBA047C6EBA057C6C
:10CC30006FBA067C70BA077CD8B4087C71BA097CDC
:10CC400072BA0A7C73BA0B7CFEF30C7CF9F30D7C90
:10CC500074BA0E7C75BA0F7CFCF3107C76BA117C2A
:10CC600077BA127C78BA137C79BA147C7ABA157CBC
:10CC70007BBA167CFDF3177C7CBA187C7DBA197CD4
:10CC80007EBA1A7C80BA1B7C81BA1C7C82BA1D7C5D
:10CC900083BA1E7C84BA1F7CA1F4207C85BA217CD7
:10CCA00086BA227C87BA237C88BA247C89BA257C00
:10CCB0008ABA267CA3F4277CC9BB287C8BBA297C42
:10CCC0008CBA2A7CA2F42B7C8DBA2C7C8EBA2D7C5B
:10CCD0008FBA2E7C90BA2F7C91BA307C92BA317C7C
:10CCE00093BA327C94BA337C95BA347C96BA357C4C
:10CCF00097BA367C98BA377C99BA387CA4F4397CD8
:10CD00009ABA3A7C9BBA3B7C9CBA3C7C9DBA3D7CEF
:10CD10009EBA3E7C9FBA3F7CBEB2407CA6F4417C6A
:10CD2000A5F4427CA0BA437C40BB447C41BB457C1B
:10CD300042BB467C43BB477C44BB487C45BB497CEB
:10CD400046BB4A7C47BB4B7C48BB4C7C49BB4D7CBB
:10CD5000AEBC4E7C4ABB4F7C4BBB507C4CBB517C29
:10CD60004DBB527C4EBB537C4FBB547C50BB557C5F
:10CD700051BB567C52BB577C53BB587C54BB597C2F
:10CD800055BB5A7C56BB5B7C57BB5C7C58BB5D7CFF
:10CD900059BB5E7C5ABB5F7C5BBB607C5CBB617CCF
:10CDA0005DBB627C5EBB637C5FBB647C60BB657C9F
:10CDB00061BB667C62BB677C63BB687C64BB697C6F
:10CDC00065BB6A7C66BB6B7C67BB6C7C68BB6D7C3F
:10CDD00069BB6E7C6ABB6F7C6BBB707C6CBB717C0F
:10CDE0006DBB727C6EBB737CD7C3747CE1D9757CE0
:10CDF0006FBB767C70BB777C71BB787C72BB797CB7
:10CE000073BB7A7C74BB7B7CE0C07C7CCCF47D7C87
:10CE1000D1D77E7C75BB7F7C76BB807C77BB817CE9
:10CE200078BB827C79BB837C7ABB847C7BBB857C32
:10CE30007CBB867C7DBB877C7EBB887C80BB897C01
:10CE4000DBB78A7C81BB8B7C82BB8C7C83BB8D7C7B
:10CE500084BB8E7C85BB8F7C86BB907C87BB917CA2
:10CE6000CEF4927CA3C1937C88BB947C89BB957CD7
:10CE7000C9C6967C8ABB977CD6B4987CB3D5997C7E
:10CE80008BBB9A7C8CBB9B7C8DBB9C7CD0F49D7CAB
:10CE9000CFF49E7CD1F49F7CDACBA07C8EBBA17CAE
:10CEA0008FBBA27CD2F4A37C90BBA47CC1D4A57C14
:10CEB000E0D6A67C91BBA77C92BBA87C93BBA97C47
:10CEC00094BBAA7CE0B7AB7C95BBAC7C96BBAD7C3D
:10CED00097BBAE7CB8C1AF7C98BBB07C99BBB17C32
:10CEE000BBC1B27CD3F4B37CACBEB47C9ABBB57C82
:10CEF0009BBBB67C9CBBB77C9DBBB87C9EBBB97C06
:10CF0000E2B4BA7C9FBBBB7CA0BBBC7CD4F4BD7C30
:10CF1000D5F4BE7CABBEBF7C40BCC07C41BCC17CF8
:10CF2000D6F4C27C42BCC37C43BCC47C44BCC57C3C
:10CF3000DBF4C67C45BCC77CD7F4C87CDAF4C97C7A
:10CF400046BCCA7CFDBACB7C47BCCC7CD8F4CD7C3B
:10CF5000D9F4CE7C48BCCF7C49BCD07C4ABCD17CC7
:10CF60004BBCD27C4CBCD37C4DBCD47C4EBCD57C61
:10CF7000E2B8D67CC7CCD77CDCF4D87C4FBCD97C5B
:10CF8000DAB2DA7C50BCDB7C51BCDC7CD3C3DD7C08
:10CF900052BCDE7C53BCDF7CE3D4E07CB7BFE17CD9
:10CFA00054BCE27C55BCE37C56BCE47C57BCE57CBD
:10CFB00058BCE67C59BCE77C5ABCE87CDDF4E97CD3
:10CFC0005BBCEA7C5CBCEB7C5DBCEC7C5EBCED7C61
:10CFD0005FBCEE7C60BCEF7CB4C5F07C61BCF17CD6
:10CFE00062BCF27C63BCF37C64BCF47C65BCF57C05
:10CFF00066BCF67C67BCF77C68BCF87CE9F4F97C1D
:10D0000069BCFA7C6ABCFB7CB5CFFC7C6BBCFD7C4C
:10D010006CBCFE7C6DBCFF7C6EBC007D6FBC017D7A
:10D0200070BC027D71BC037D72BC047D73BC057D48
:10D0300074BC067D75BC077D76BC087D77BC097D18
:10D0400078BC0A7DC9CE0B7D79BC0C7D7ABC0D7D88
:10D050007BBC0E7D7CBC0F7D7DBC107D7EBC117DBC
:10D0600080BC127D81BC137D82BC147D83BC157D88
:10D0700084BC167D85BC177D86BC187D87BC197D58
:10D0800088BC1A7D89BC1B7D8ABC1C7D8BBC1D7D28
:10D090008CBC1E7D8DBC1F7D8EBC207DD8CB217DA0
:10D0A0008FBC227DF7CB237D90BC247D91BC257D58
:10D0B00092BC267D93BC277DF4BD287D94BC297D40
:10D0C00095BC2A7D96BC2B7DCFD72C7D97BC2D7D22
:10D0D00098BC2E7D99BC2F7DDBC0307D9ABC317D04
:10D0E0009BBC327D9CBC337D9DBC347D9EBC357D1C
:10D0F0009FBC367DA0BC377D40BD387D41BD397DAC
:10D1000042BD3A7D43BD3B7D44BD3C7D45BD3D7D3B
:10D1100046BD3E7D47BD3F7D48BD407D49BD417D0B
:10D120004ABD427D4BBD437D4CBD447D4DBD457DDB
:10D130004EBD467D4FBD477D50BD487D51BD497DAB
:10D1400052BD4A7D53BD4B7D54BD4C7D55BD4D7D7B
:10D1500056BD4E7D57BD4F7D58BD507D59BD517D4B
:10D160005ABD527D5BBD537D5CBD547D5DBD557D1B
:10D170005EBD567D5FBD577D60BD587D61BD597DEB
:10D1800062BD5A7D63BD5B7D64BD5C7D65BD5D7DBB
:10D1900066BD5E7D67BD5F7D68BD607D69BD617D8B
:10D1A0006ABD627D6BBD637D6CBD647D6DBD657D5B
:10D1B0006EBD667D6FBD677D70BD687D71BD697D2B
:10D1C00072BD6A7D73BD6B7D74BD6C7D75BD6D7DFB
:10D1D00076BD6E7DF5D06F7D77BD707D78BD717D3C
:10D1E00079BD727D7ABD737D7BBD747D7CBD757D9F
:10D1F0007DBD767D7EBD777DEAF4787D80BD797DCD
:10D2000081BD7A7D82BD7B7D83BD7C7D84BD7D7D3E
:10D2100085BD7E7D86BD7F7D87BD807D88BD817D0E
:10D2200089BD827D8ABD837D8BBD847D8CBD857DDE
:10D230008DBD867D8EBD877D8FBD887D90BD897DAE
:10D2400091BD8A7D92BD8B7D93BD8C7D94BD8D7D7E
:10D2500095BD8E7D96BD8F7D97BD907D98BD917D4E
:10D2600099BD927D9ABD937D9BBD947D9CBD957D1E
:10D270009DBD967D9EBD977D9FBD987DA0BD997DEE
:10D2800040BE9A7D41BE9B7D42BE9C7D43BE9D7D3E
:10D2900044BE9E7D45BE9F7D46BEA07D47BEA17D0E
:10D2A00048BEA27D49BEA37D4ABEA47D4BBEA57DDE
:10D2B0004CBEA67DEBF4A77D4DBEA87D4EBEA97DDC
:10D2C0004FBEAA7D50BEAB7D51BEAC7D52BEAD7D82
:10D2D00053BEAE7DECF4AF7D54BEB07D55BEB17D86
:10D2E00056BEB27D57BEB37D58BEB47D59BEB57D26
:10D2F0005ABEB67D5BBEB77D5CBEB87D5DBEB97DF6
:10D300005EBEBA7D5FBEBB7D60BEBC7D61BEBD7DC5
:10D3100062BEBE7D63BEBF7D64BEC07D65BEC17D95
:10D3200066BEC27D67BEC37D68BEC47D69BEC57D65
:10D330006ABEC67D6BBEC77D6CBEC87D6DBEC97D35
:10D340006EBECA7D6FBECB7D70BECC7D71BECD7D05
:10D3500072BECE7D73BECF7D74BED07D75BED17DD5
:10D3600076BED27D77BED37D78BED47D79BED57DA5
:10D370007ABED67D7BBED77D7CBED87D7DBED97D75
:10D380007EBEDA7D80BEDB7D81BEDC7D82BEDD7D42
:10D3900083BEDE7D84BEDF7D85BEE07D86BEE17D11
:10D3A00087BEE27D88BEE37D89BEE47D8ABEE57DE1
:10D3B0008BBEE67D8CBEE77D8DBEE87D8EBEE97DB1
:10D3C0008FBEEA7D90BEEB7D91BEEC7D92BEED7D81
:10D3D00093BEEE7D94BEEF7D95BEF07D96BEF17D51
:10D3E00097BEF27D98BEF37D99BEF47D9ABEF57D21
:10D3F0009BBEF67D9CBEF77D9DBEF87D9EBEF97DF1
:10D400009FBEFA7DA0BEFB7D40BFFC7D41BFFD7D80
:10D4100042BFFE7D43BFFF7D44BF007E45BF017E0E
:10D4200046BF027E47BF037E48BF047E49BF057EDC
:10D430004ABF067E4BBF077E4CBF087E4DBF097EAC
:10D440004EBF0A7E4FBF0B7E50BF0C7E51BF0D7E7C
:10D4500052BF0E7E53BF0F7E54BF107E55BF117E4C
:10D4600056BF127E57BF137E58BF147E59BF157E1C
:10D470005ABF167E5BBF177E5CBF187E5DBF197EEC
:10D480005EBF1A7E5FBF1B7E60BF1C7E61BF1D7EBC
:10D4900062BF1E7E63BF1F7E64BF207E65BF217E8C
:10D4A00066BF227E67BF237E68BF247E69BF257E5C
:10D4B0006ABF267E6BBF277E6CBF287E6DBF297E2C
:10D4C0006EBF2A7E6FBF2B7E70BF2C7E71BF2D7EFC
:10D4D00072BF2E7E73BF2F7E74BF307E75BF317ECC
:10D4E00076BF327E77BF337E78BF347E79BF357E9C
:10D4F0007ABF367E7BBF377E7CBF387E7DBF397E6C
:10D500007EBF3A7E80BF3B7EE3F73C7E81BF3D7E9F
:10D5100082BF3E7E83BF3F7E84BF407E85BF417E0B
:10D52000B1B7427E86BF437E87BF447E88BF457EBB
:10D5300089BF467E8ABF477EEDF4487E8BBF497E19
:10D540008CBF4A7E8DBF4B7E8EBF4C7E8FBF4D7E83
:10D5500090BF4E7E91BF4F7E92BF507E93BF517E53
:10D5600094BF527E95BF537E96BF547E97BF557E23
:10D5700098BF567E99BF577E9ABF587E9BBF597EF3
:10D580009CBF5A7E9DBF5B7E9EBF5C7E9FBF5D7EC3
:10D59000A0BF5E7E40C05F7E41C0607E42C0617EB3
:10D5A00043C0627E44C0637E45C0647E46C0657EE3
:10D5B00047C0667E48C0677E49C0687E4AC0697EB3
:10D5C0004BC06A7E4CC06B7E4DC06C7E4EC06D7E83
:10D5D0004FC06E7E50C06F7E51C0707E52C0717E53
:10D5E00053C0727E54C0737E55C0747E56C0757E23
:10D5F00057C0767E58C0777E59C0787E5AC0797EF3
:10D600005BC07A7E5CC07B7E5DC07C7E5EC07D7EC2
:10D610005FC07E7E60C07F7E61C0807E62C0817E92
:10D6200063C0827EEBD7837E64C0847E65C0857EC6
:10D6300066C0867E67C0877E68C0887E69C0897E36
:10D640006AC08A7E6BC08B7E6CC08C7E6DC08D7E06
:10D650006EC08E7E6FC08F7E70C0907E71C0917ED6
:10D6600072C0927E73C0937E74C0947E75C0957EA6
:10D6700076C0967E77C0977E78C0987E79C0997E76
:10D680007AC09A7E7BC09B7EEEF49C7E7CC09D7EA1
:10D690007DC09E7E7EC09F7EF9E6A07EC0BEA17E3C
:10D6A000FAE6A27EECBAA37EFBE6A47ECBCFA57EF3
:10D6B000FCE6A67EBCD4A77EB6BCA87EFDE6A97E0D
:10D6C000FEE6AA7ECDBCAB7ED2C8AC7EB3CEAD7E2C
:10D6D000A1E7AE7E80C0AF7EBFB4B07EA2E7B17ED0
:10D6E000B4C9B27ED9B8B37EC9C4B47E81C0B57E98
:10D6F000DDD7B67EDAC2B77ED7B7B87EBDD6B97EE3
:10D70000C6CEBA7EC4B7BB7E82C0BC7E83C0BD7E9F
:10D71000A6C5BE7EA3E7BF7EDFCFC07EA4E7C17EE5
:10D72000A5E7C27EA6E7C37EB7C1C47EE9D7C57EA2
:10D73000F0C9C67EB8CFC77EAFD6C87ED5D6C97E63
:10D74000A7E7CA7EEDB0CB7EA8E7CC7EA9E7CD7E69
:10D75000DCC9CE7EEFD2CF7EADBED07EAAE7D17E31
:10D76000F3B0D27EDEC8D37EE1BDD47EABE7D57EFA
:10D77000C6C8D67E84C0D77EACE7D87EE6BBD97E4D
:10D78000F8B8DA7EA4D1DB7EADE7DC7EE7C2DD7ED1
:10D79000F8BEDE7ECABDDF7EB3CDE07EAEE7E17EC1
:10D7A000AFE7E27EEEBEE37EE5D0E47E85C0E57EB7
:10D7B000E7CBE67ED0CCE77ECCBCE87EB0E7E97E66
:10D7C000A8BCEA7EF7D0EB7EB1E7EC7E86C0ED7EAA
:10D7D000F8D0EE7EB2E7EF7EB3E7F07EC2B4F17E22
:10D7E000B4E7F27EB5E7F37EFEC9F47EACCEF57EFB
:10D7F000E0C3F67EB7E7F77EC1B1F87EF1B3F97EFC
:10D8000087C0FA7EB8E7FB7EB9E7FC7EDBD7FD7EFA
:10D81000C0D5FE7EBAE7FF7ECCC2007FBAD7017FBB
:10D82000BBE7027FBCE7037FBDE7047FEABC057F5F
:10D83000E5C3067FC2C0077FBEE7087FBFE7097F59
:10D84000A9BC0A7F88C00B7FC0E70C7FC1E70D7FB2
:10D85000B6E70E7FD0B60F7FC2E7107F89C0117F79
:10D86000C3E7127FC4E7137FBABB147FDEB5157F11
:10D87000C6C2167FE0B1177FC5E7187FB5D4197F00
:10D88000C6E71A7FBFB81B7FC8E71C7FC7E71D7FAD
:10D89000ECB71E7F8AC01F7FC9E7207FF8B2217FC7
:10D8A000CAE7227FCBE7237FCCE7247FCDE7257F24
:10D8B000CEE7267FCFE7277FD0E7287FA7D3297F32
:10D8C000F5CB2A7FD1E72B7FD2E72C7FD3E72D7FC3
:10D8D000D4E72E7FC9C92F7FD5E7307FD6E7317FC8
:10D8E000D7E7327FD8E7337FD9E7347FC9BD357FAB
:10D8F000DAE7367FBEF3377F8BC0387FD7B8397F02
:10D900008CC03A7FB1C83B7F8DC03C7F8EC03D7FCD
:10D910008FC03E7F90C03F7F91C0407F92C0417FCB
:10D9200093C0427FBFF3437F94C0447FC0F3457FE1
:10D93000C1F3467F95C0477F96C0487F97C0497F17
:10D9400098C04A7F99C04B7F9AC04C7F9BC04D7F47
:10D950009CC04E7F9DC04F7F9EC0507FDEB9517FDF
:10D96000F8CD527F9FC0537FA0C0547FE8D8557F29
:10D97000B1BA567F40C1577FDEC2587FB7EE597F9C
:10D9800041C15A7FA3B75B7F42C15C7F43C15D7FCA
:10D9900044C15E7F45C15F7FB9EE607F46C1617F54
:10D9A000B8EE627FD5B0637F47C1647F48C1657FB1
:10D9B00049C1667F4AC1677F4BC1687FBBEE697F03
:10D9C000D6D56A7FEFD76B7F4CC16C7F4DC16D7F21
:10D9D0004EC16E7FC3D66F7F4FC1707F50C1717FC4
:10D9E000BDEE727FF0CA737F51C1747FBCEE757F4C
:10D9F00052C1767F53C1777F54C1787F55C1797FFB
:10DA0000BEEE7A7F56C17B7F57C17C7F58C17D7F38
:10DA100059C17E7FC0EE7F7F5AC1807F5BC1817F0D
:10DA2000BFEE827F5CC1837F5DC1847F5EC1857FE5
:10DA30005FC1867F60C1877F61C1887F62C1897F46
:10DA400063C18A7FF2D18B7F64C18C7FBCC78D7F1D
:10DA500065C18E7FC0C38F7F66C1907F67C1917F94
:10DA600068C1927F69C1937F6AC1947FE1B8957F55
:10DA70006BC1967F6CC1977F6DC1987F6EC1997F96
:10DA80006FC19A7FE7C19B7F70C19C7F71C19D7FF1
:10DA9000C6F49E7FDFD09F7FC7F4A07F72C1A17FB5
:10DAA000DBCFA27F73C1A37F74C1A47FBAC8A57F57
:10DAB00075C1A67F76C1A77FC8F4A87F77C1A97F6B
:10DAC00078C1AA7F79C1AB7F7AC1AC7F7BC1AD7FC2
:10DAD0007CC1AE7F7DC1AF7FC9F4B07FCAF4B17F96
:10DAE0007EC1B27FCBF4B37F80C1B47F81C1B57FEB
:10DAF00082C1B67F83C1B77F84C1B87FFAD9B97FAD
:10DB0000FEB8BA7F85C1BB7F86C1BC7FF1E5BD7F12
:10DB1000F0D3BE7F87C1BF7FE0F4C07F88C1C17FE3
:10DB2000CCCEC27F89C1C37F8AC1C47F8BC1C57F70
:10DB3000E1B3C67F8CC1C77F8DC1C87F8EC1C97F4D
:10DB40008FC1CA7FB4F1CB7F90C1CC7FEED2CD7FA5
:10DB500091C1CE7FE1F4CF7F92C1D07F93C1D17FBD
:10DB600094C1D27F95C1D37F96C1D47FE8CFD57FB2
:10DB7000E2F4D67F97C1D77F98C1D87FCCC7D97F31
:10DB800099C1DA7F9AC1DB7F9BC1DC7F9CC1DD7FBD
:10DB90009DC1DE7F9EC1DF7FD4B5E07FE4B4E17F2D
:10DBA000E4F4E27F9FC1E37FA0C1E47F40C2E57F50
:10DBB000E3F4E67FE5F4E77F41C2E87F42C2E97F14
:10DBC000E6F4EA7F43C2EB7F44C2EC7F45C2ED7FBF
:10DBD00046C2EE7FE7F4EF7F47C2F07FB2BAF17F33
:10DBE000BFB0F27F48C2F37FE8F4F47F49C2F57F0B
:10DBF0004AC2F67F4BC2F77F4CC2F87F4DC2F97F15
:10DC00004EC2FA7F4FC2FB7FADB7FC7FEDD2FD7FE6
:10DC100050C2FE7F51C2FF7F52C20080ABD2018052
:10DC2000CFC0028053C20380BCBF0480A3EB058039
:10DC3000DFD50680C8EA078054C2088055C2098033
:10DC400056C20A8057C20B80F3F10C80F8B60D80E3
:10DC5000A3CB0E8058C20F8059C21080CDC4118052
:10DC60005AC21280E7F113805BC21480E8F115807C
:10DC7000FBB81680E9F11780C4BA1880C5D41980A2
:10DC8000D2B01A805CC21B805DC21C80EAF11D808C
:10DC90005EC21E805FC21F8060C22080EBF12180C7
:10DCA00061C22280ECF1238062C2248063C225809D
:10DCB000EDF12680EEF12780EFF12880F1F1298047
:10DCC000F0F12A80D5C52B8064C22C8065C22D80DE
:10DCD00066C22E8067C22F8068C2308069C23180E0
:10DCE000F2F132806AC23380FAB634806BC235807A
:10DCF000F4F13680AED23780C7DE3880CACB3980A7
:10DD00006CC23A806DC23B80DCB33C806EC23D8009
:10DD1000A2B53E806FC23F80A2B9408070C24180F0
:10DD200071C24280F4C44380F5F1448072C24580E0
:10DD300073C24680F6F1478074C2488075C249803C
:10DD400076C24A80C4C14B80FBC14C80B0D64D80A6
:10DD5000F7F14E8077C24F8078C2508079C25180EF
:10DD60007AC25280F8F153807BC25480AAC1558098
:10DD70007CC256807DC257807EC25880B8C659800A
:10DD800080C25A80DBBE5B8081C25C8082C25D80C3
:10DD900083C25E8084C25F8085C2608086C26180EB
:10DDA00087C2628088C2638089C264808AC26580BB
:10DDB0008BC266808CC267808DC268808EC269808B
:10DDC000F9F16A80CFB46B808FC26C8090C26D8095
:10DDD00091C26E8092C26F8093C2708094C2718033
:10DDE000FAF1728095C2738096C2748097C2758072
:10DDF00098C2768099C277809AC278809BC27980D7
:10DE00009CC27A809DC27B809EC27C809FC27D80A6
:10DE1000A0C27E8040C37F80B2ED8080B1ED818062
:10DE200041C3828042C38380E0CB8480DED2858080
:10DE300043C38680C1CB8780D8D5888044C389807E
:10DE4000E2C88A8045C38B80DFC08C80A1BC8D80F6
:10DE500046C38E8047C38F8048C3908049C391805A
:10DE60004AC392804BC39380C1EB94804CC395808E
:10DE70004DC39680A4D097804EC39880E2D69980F7
:10DE80004FC39A80C7B69B80D8B89C80C0EB9D805A
:10DE9000CEB89E8050C39F80BFEBA080A6B3A18068
:10DEA000C9B9A280ABD6A38051C3A480F4B7A58022
:10DEB000CAB7A68052C3A78053C3A88054C3A98001
:10DEC000E7BCAA80BEB7AB80C6EBAC8055C3AD80C3
:10DED000C7EBAE80B9B0AF80CFBFB08056C3B180C2
:10DEE000C5EBB280FDD3B38057C3B480C8EBB58017
:10DEF00058C3B68059C3B780C9EBB8805AC3B9803C
:10DF00005BC3BA80CEB7BB805CC3BC80C2EBBD80B4
:10DF1000C4EBBE80F6C9BF80D7D6C080CDD5C18046
:10DF2000B2D0C280CFEBC380B8CEC480D0EBC58066
:10DF30005DC3C680A8B5C7805EC3C8805FC3C98003
:10DF400060C3CA8061C3CB8062C3CC80B3B1CD80D3
:10DF5000D2EBCE80A5CCCF8063C3D08064C3D18008
:10DF600065C3D28066C3D38067C3D48068C3D580BD
:10DF700069C3D680D6C5D780D3EBD8806AC3D98091
:10DF8000D1EBDA80DFC5DB80CEEBDC80A4CADD809C
:10DF9000D5EBDE80FBB0DF806BC3E0806CC3E1803B
:10DFA000FABAE2806DC3E3806EC3E480B7D8E5803F
:10DFB000E3F1E6806FC3E780CAEBE880CBEBE98052
:10DFC000CCEBEA80CDEBEB80D6EBEC80C0E6ED80CD
:10DFD000D9EBEE8070C3EF80E8BFF080C8D2F1804B
:10DFE000D7EBF280DCEBF380ECB8F480D8EBF58073
:10DFF00071C3F680BABDF78072C3F880D8D0F980BB
:10E0000073C3FA80B7B0FB8074C3FC80DDEBFD8086
:10E01000DCC4FE8075C3FF8076C3008177C30181B5
:10E0200078C30281ACD6038179C304817AC30581A8
:10E030007BC30681E0B407817CC308817DC309816D
:10E04000F6C20A81B9BC0B817EC30C8180C30D81ED
:10E05000DAEB0E81DBEB0F81E0D41081EAC611818F
:10E06000D4C41281DFEB1381A7C51481F5D91581C2
:10E0700081C31681B1B2178182C31881E4EB198183
:10E0800083C31A81C5BD1B8184C31C8185C31D81C7
:10E0900086C31E81E2EB1F8187C3208188C3218153
:10E0A00089C322818AC323818BC324818CC32581A8
:10E0B0008DC326818EC327818FC3288190C3298178
:10E0C00091C32A8192C32B8193C32C81E3EB2D81D1
:10E0D00094C32E8195C32F81ACB8308196C3318112
:10E0E000D1CD3281E5EB338197C3348198C335813B
:10E0F00099C33681E1EB37819AC33881B3C1398145
:10E100009BC33A819CC33B819DC33C819EC33D819F
:10E110009FC33E81A2C63F81A0C3408140C44181CC
:10E1200041C4428142C4438143C4448144C44581C3
:10E1300045C44681F3CC478146C44881E6EB49811A
:10E1400047C44A81B0C04B81B8D24C81E7EB4D81C6
:10E1500048C44E8149C44F814AC45081AFB85181EF
:10E16000ADB852814BC45381E8EB5481BBC7558194
:10E17000F3CD56814CC457814DC458814EC459814A
:10E18000EAEB5A81EBEB5B814FC45C8150C45D814B
:10E1900051C45E8152C45F8153C46081EDEB6181E3
:10E1A00054C4628155C4638156C4648157C4658177
:10E1B000C8D0668158C46781F2EB688159C469810F
:10E1C000EEEB6A815AC46B815BC46C815CC46D8167
:10E1D000F1EB6E81F9C86F815DC47081FCD17181F2
:10E1E000ECEB72815EC473815FC47481E9EB75816D
:10E1F00060C4768161C4778162C4788163C47981A7
:10E20000B9B87A81D9CF7B81E5C47C81EFEB7D8180
:10E21000F0EB7E81DACC7F81C8CD8081F2B0818144
:10E2200064C48281F6EB838165C4848166C4858180
:10E2300067C4868168C4878169C48881F5EB898158
:10E240006AC48A81B2B28B816BC48C816CC48D81AB
:10E250006DC48E816EC48F81E0B890816FC491814E
:10E26000F7EB928170C4938171C4948172C49581DB
:10E2700073C4968174C4978175C49881ECB19981F7
:10E2800076C49A8177C49B81C5CC9C81A4C49D81AE
:10E29000A5CF9E8178C49F8179C4A0817AC4A181D1
:10E2A0007BC4A2817CC4A381F9EBA4817DC4A58138
:10E2B0007EC4A681A2ECA78180C4A881F2C5A981F1
:10E2C00081C4AA81FAEBAB8182C4AC8183C4AD81E5
:10E2D00084C4AE8185C4AF8186C4B08187C4B18156
:10E2E00088C4B28189C4B381C5C9B4818AC4B581E7
:10E2F0008BC4B6818CC4B7818DC4B8818EC4B981FA
:10E300008FC4BA81DFE2BB81FEEBBC8190C4BD81CA
:10E3100091C4BE8192C4BF8193C4C081CECDC1815E
:10E32000A1ECC281DBB1C381B7D3C48194C4C581E0
:10E3300095C4C681DCD2C78196C4C88197C4C981FF
:10E3400098C4CA81FDEBCB8199C4CC81FBEBCD8114
:10E350009AC4CE819BC4CF819CC4D0819DC4D181FD
:10E360009EC4D2819FC4D381A0C4D48140C5D5812D
:10E3700041C5D68142C5D78143C5D88144C5D9811D
:10E3800045C5DA8146C5DB8147C5DC8148C5DD81ED
:10E3900049C5DE814AC5DF814BC5E0814CC5E181BD
:10E3A0004DC5E2814EC5E381BCB3E4814FC5E58133
:10E3B00050C5E68151C5E781B0EAE88152C5E981DF
:10E3C00053C5EA81D4D7EB8154C5EC81ABF4ED8120
:10E3D000F4B3EE8155C5EF8156C5F08157C5F18183
:10E3E00058C5F28159C5F381C1D6F481C2D6F581F1
:10E3F0005AC5F6815BC5F7815CC5F8815DC5F981B9
:10E400005EC5FA815FC5FB81E9D5FC81CABEFD818D
:10E4100060C5FE81A7F4FF8161C50082A8D2018298
:10E42000A8F40282A9F4038262C50482AAF40582D8
:10E43000CBBE0682DFD3078263C5088264C509822A
:10E4400065C50A8266C50B8267C50C82E0C90D826C
:10E45000E1C90E8268C50F8269C51082C2F31182BC
:10E460006AC51282E6CA13826BC51482F2CC158289
:10E470006CC516826DC517826EC518826FC519826C
:10E4800070C51A8271C51B82B6E21C82B4CB1D8294
:10E4900072C51E82E8CE1F82DBD6208273C5218220
:10E4A000ADF42282AEF42382AFF4248274C52582B7
:10E4B00075C5268276C5278277C52882B2F429825F
:10E4C00078C52A82BDBA2B82B3F42C82E3B02D82A8
:10E4D000B0F42E8279C52F82B1F43082A2BD318290
:10E4E000D5B232827AC53382B6F43482B7F435823B
:10E4F000E6B63682B0B23782CFCF3882B4F43982F2
:10E50000ACB43A827BC53B82B5F43C827CC53D828B
:10E510007DC53E82B8F43F827EC5408280C541827F
:10E5200081C5428282C5438283C54482B9F4458253
:10E5300084C5468285C54782A7CD488286C5498263
:10E54000BAF44A8287C54B82BBF44C8288C54D829F
:10E5500089C54E828AC54F82BCF450828BC55182D8
:10E560008CC552828DC553828EC554828FC555820B
:10E5700090C5568291C5578292C55882D2CB598296
:10E5800093C55A82BDF45B8294C55C8295C55D8259
:10E5900096C55E8297C55F82BEF4608298C561822F
:10E5A00099C562829AC563829BC564829CC5658257
:10E5B0009DC566829EC567829FC56882BFF46982D9
:10E5C000A0C56A8240C66B8241C66C8242C66D821B
:10E5D00043C66E82DEF46F82BCC17082E8BC718279
:10E5E00044C67282ABC97382DED17482F5E575824E
:10E5F00045C6768246C6778247C6788248C6798203
:10E60000B3DC7A82D5D27B8249C67C824AC67D82BF
:10E61000B4DC7E82ACB07F82B5DC80824BC6818266
:10E620004CC68282DABD83824DC68482B9DC858283
:10E630004EC686824FC6878250C68882C2D88982DB
:10E6400051C68A82B7DC8B82F3D38C8252C68D820C
:10E65000D6C98E82BADC8F82B6DC908253C6918294
:10E66000BBDC9282A2C3938254C6948255C6958223
:10E6700056C6968257C69782BCDC9882C5DC9982C2
:10E68000BDDC9A8258C69B8259C69C82DFCE9D8291
:10E69000A5D69E825AC69F82CFDCA0825BC6A1828D
:10E6A000CDDCA2825CC6A3825DC6A482D2DCA58238
:10E6B000E6BDA682ABC2A7825EC6A882B8DCA982EC
:10E6C000CBDCAA82CEDCAB82BEDCAC82D2B7AD8220
:10E6D000C5B0AE82C7DCAF82BED0B082C1DCB18231
:10E6E000A8BBB2825FC6B382BCB7B482CCDCB582B1
:10E6F00060C6B68261C6B782C6DCB882BFDCB982AA
:10E70000DBC7BA8262C6BB8263C6BC8264C6BD82F6
:10E71000BFD1BE82C0DCBF8265C6C08266C6C18270
:10E72000CADCC28267C6C38268C6C482D0DCC58226
:10E7300069C6C6826AC6C782ADCEC882C2DCC9823B
:10E740006BC6CA82C3DCCB82C8DCCC82C9DCCD827A
:10E75000D4B2CE82D1DCCF82D5CBD0826CC6D1826E
:10E76000B7D4D282DBDCD382DFDCD482A6CCD582E4
:10E77000E6DCD6826DC6D782E7C3D882DCDCD982DC
:10E780006EC6DA826FC6DB82C1BFDC82D9DCDD8275
:10E7900070C6DE82FAB0DF82B6B9E082E5DCE182E3
:10E7A000D3DCE28271C6E382C4DCE482D6DCE5829B
:10E7B000F4C8E682E0BFE78272C6E88273C6E982E7
:10E7C00074C6EA8275C6EB82BBC9EC8276C6ED825E
:10E7D00077C6EE8278C6EF82BDB1F08279C6F1824B
:10E7E000A2D3F2827AC6F3827BC6F482DADCF582A7
:10E7F0007CC6F6827DC6F782D5DCF8827EC6F982B9
:10E80000BBC6FA8280C6FB82DEDCFC8281C6FD824A
:10E8100082C6FE8283C6FF8284C6008385C60183CA
:10E82000C2D70283AFC30383B6B70483D1C70583BE
:10E83000A9C30683E2DC0783D8DC0883EBDC098309
:10E84000D4DC0A8386C60B8387C60C83DDDC0D838C
:10E8500088C60E83A5BE0F83D7DC108389C61183BB
:10E86000E0DC12838AC613838BC61483E3DC158332
:10E87000E4DC16838CC61783F8DC18838DC61983F5
:10E880008EC61A83E1DC1B83A2DD1C83E7DC1D83BB
:10E890008FC61E8390C61F8391C6208392C6218394
:10E8A00093C6228394C6238395C6248396C6258364
:10E8B00097C6268398C62783EBBC2883C4B42983D4
:10E8C00099C62A839AC62B83A3C32C83E7B22D83D0
:10E8D000FADC2E839BC62F83F2DC30839CC6318307
:10E8E000EFDC32839DC63383FCDC3483EEDC35837E
:10E8F000F0D23683E8B237839EC63883D7C83983CF
:10E90000E3C83A83FBDC3B839FC63C83EDDC3D835D
:10E91000A0C63E8340C73F8341C74083F7DC4183A5
:10E9200042C7428343C74383F5DC448344C74583DE
:10E9300045C74683A3BE4783F4DC488346C7498363
:10E94000DDB24A8347C74B8348C74C8349C74D83D1
:10E950004AC74E834BC74F83F3DC5083F6BC5183C9
:10E96000E8DC5283C4BB53834CC75483F3C0558344
:10E970004DC756834EC757834FC7588350C75983D7
:10E9800051C75A83D4BC5B83E9DC5C83EADC5D83DA
:10E9900052C75E83F1DC5F83F6DC6083F9DC618360
:10E9A000B4B5628353C76383D9C86483E7BB658307
:10E9B000FEDC6683FDDC6783ABD36883A1DD6983FE
:10E9C000A3DD6A83A5DD6B83F1D26C83A4DD6D8347
:10E9D000A6DD6E83A7DD6F83A9D2708354C77183D0
:10E9E00055C7728356C7738357C7748358C77583D7
:10E9F00059C776835AC77783C9BA7883A9DD7983E3
:10EA00005BC77A835CC77B83B6DD7C83B1DD7D83A6
:10EA1000B4DD7E835DC77F835EC780835FC78183EC
:10EA200060C7828361C7838362C7848363C785832A
:10EA3000B0DD8683CEC6878364C7888365C7898334
:10EA4000F2C08A8366C78B8367C78C8368C78D8350
:10EA500069C78E83AFC98F836AC790836BC7918361
:10EA60006CC79283ECDC9383AEDD94836DC7958392
:10EA70006EC796836FC7978370C79883B7DD9983F6
:10EA800071C79A8372C79B83F0DC9C83AFDD9D8343
:10EA900073C79E83B8DD9F8374C7A083ACDDA18359
:10EAA00075C7A28376C7A38377C7A48378C7A583D6
:10EAB00079C7A6837AC7A7837BC7A883B9DDA98353
:10EAC000B3DDAA83ADDDAB83AAC4AC837CC7AD83C1
:10EAD0007DC7AE837EC7AF8380C7B083A8DDB18317
:10EAE000B3C0B283ABC1B383AADDB483ABDDB5835E
:10EAF00081C7B683B2DDB783F1BBB883B5DDB98317
:10EB0000A8D3BA83BADDBB8382C7BC83BBDDBD8318
:10EB1000A7C3BE8383C7BF8384C7C083D2DDC1833D
:10EB2000BCDDC28385C7C38386C7C48387C7C5834B
:10EB3000D1DDC68388C7C783BDB9C88389C7C983E8
:10EB40008AC7CA83D5BECB838BC7CC83FABECD839D
:10EB50008CC7CE838DC7CF83CABAD0838EC7D183EB
:10EB60008FC7D28390C7D38391C7D483CADDD5839F
:10EB700092C7D683C5DDD78393C7D883BFDDD9833A
:10EB800094C7DA8395C7DB8396C7DC83CBB2DD837A
:10EB9000C3DDDE8397C7DF83CBDDE083A4B2E183EF
:10EBA000D5DDE28398C7E38399C7E4839AC7E583F9
:10EBB000BEDDE6839BC7E7839CC7E8839DC7E983E7
:10EBC000D0C6EA83D0DDEB839EC7EC839FC7ED837D
:10EBD000A0C7EE8340C8EF8341C8F083D4DDF18342
:10EBE000E2C1F283C6B7F38342C8F48343C8F58316
:10EBF00044C8F68345C8F78346C8F883CEDDF98359
:10EC0000CFDDFA8347C8FB8348C8FC8349C8FD832E
:10EC1000C4DDFE834AC8FF834BC800844CC801840E
:10EC2000BDDD02844DC80384CDDD0484D1CC0584D0
:10EC30004EC80684C9DD07844FC8088450C80984BB
:10EC400051C80A8452C80B84C2DD0C84C8C30D8429
:10EC5000BCC60E84AECE0F84CCDD108453C81184A4
:10EC6000C8DD128454C8138455C8148456C815844A
:10EC700057C8168458C8178459C81884C1DD198428
:10EC80005AC81A845BC81B845CC81C84C6DD1D84FA
:10EC9000DCC21E845DC81F845EC820845FC82184D6
:10ECA00060C8228461C8238462C82484A9D32584CF
:10ECB000AAD32684D3DD2784F4CF2884F8C82984F6
:10ECC00063C82A8464C82B8465C82C8466C82D84D4
:10ECD00067C82E8468C82F8469C830846AC83184A4
:10ECE000E6DD32846BC833846CC834846DC83584E7
:10ECF0006EC836846FC8378470C83884C7DD3984DD
:10ED000071C83A8472C83B8473C83C84E0DD3D849A
:10ED1000E4C23E8474C83F8475C8408476C8418488
:10ED200077C8428478C8438479C844847AC84584C3
:10ED30007BC84684E1DD47847CC848847DC849841B
:10ED40007EC84A8480C84B8481C84C8482C84D8464
:10ED500083C84E8484C84F8485C8508486C8518433
:10ED6000D7DD528487C8538488C8548489C85584A1
:10ED70008AC856848BC85784F8D658848CC859845E
:10ED8000D9DD5A84D8DD5B84F0B85C84D6DD5D843F
:10ED90008DC85E848EC85F848FC8608490C861848B
:10EDA000CFC6628491C86384ADB6648492C865841A
:10EDB00093C8668494C8678495C8688496C8698433
:10EDC000E2DD6A8497C86B84F9BA6C84E1D46D84FF
:10EDD000E7DD6E8498C86F8499C870849AC871847E
:10EDE000D0B472849BC87384DADD74849CC8758443
:10EDF000FBBF7684E3DD77849DC87884DFDD79848A
:10EE00009EC87A84DDDD7B849FC87C84A0C87D8415
:10EE100040C97E8441C97F8442C9808443C98184BA
:10EE200044C98284D9B5838445C9848446C985840C
:10EE300047C9868448C98784DBDD8884DCDD898412
:10EE4000DEDD8A8449C98B84AFBD8C84E4DD8D848A
:10EE50004AC98E84E5DD8F844BC990844CC9918466
:10EE60004DC992844EC993844FC9948450C99584E6
:10EE700051C9968452C99784F5DD988453C9998401
:10EE8000C9C39A8454C99B8455C99C84E2CB9D8490
:10EE900056C99E8457C99F8458C9A08459C9A18462
:10EEA000F2DDA2845AC9A3845BC9A4845CC9A58489
:10EEB0005DC9A6845EC9A7845FC9A88460C9A98406
:10EEC00061C9AA8462C9AB8463C9AC8464C9AD84D6
:10EED00065C9AE8466C9AF84E1D8B08467C9B1841E
:10EEE00068C9B284D1C6B38469C9B484F4DDB58479
:10EEF0006AC9B6846BC9B7846CC9B884F4D5B984BF
:10EF0000F3DDBA84F0DDBB846DC9BC846EC9BD84F9
:10EF1000ECDDBE846FC9BF84EFDDC08470C9C184DD
:10EF2000E8DDC28471C9C38472C9C484EED0C584CB
:10EF300073C9C68474C9C78475C9C88476C9C984AD
:10EF4000D8C8CA84EEDDCB8477C9CC8478C9CD8497
:10EF5000E9DDCE8479C9CF847AC9D084EADDD18451
:10EF6000F2CBD2847BC9D384EDDDD4847CC9D58433
:10EF70007DC9D684CDB1D7847EC9D88480C9D984CF
:10EF800081C9DA8482C9DB8483C9DC8484C9DD84D5
:10EF9000B6C0DE8485C9DF84BBBCE084F1DDE184DA
:10EFA00086C9E28487C9E384F7DDE48488C9E584FF
:10EFB000F6DDE684EBDDE78489C9E8848AC9E98463
:10EFC0008BC9EA848CC9EB848DC9EC84EEC5ED84D1
:10EFD0008EC9EE848FC9EF8490C9F084FBDDF18483
:10EFE00091C9F28492C9F38493C9F48494C9F584D5
:10EFF00095C9F68496C9F78497C9F88498C9F984A5
:10F0000099C9FA849AC9FB849BC9FC84A4DEFD8457
:10F010009CC9FE849DC9FF84A3DE00859EC901852D
:10F020009FC90285A0C9038540CA048541CA0585D8
:10F0300042CA068543CA078544CA088545CA098568
:10F0400046CA0A8547CA0B8548CA0C85F8DD0D8576
:10F0500049CA0E854ACA0F854BCA10854CCA11850C
:10F06000EFC312854DCA1385FBC214854ECA1585A0
:10F070004FCA168550CA1785E1D5188551CA19851A
:10F0800052CA1A85B5CE1B8553CA1C8554CA1D8524
:10F0900055CA1E8556CA1F85FDDD208557CA2185A4
:10F0A000CCB2228558CA238559CA24855ACA2585D7
:10F0B0005BCA26855CCA27855DCA28855ECA298504
:10F0C0005FCA2A8560CA2B85E8C42C85DFCA2D85D6
:10F0D00061CA2E8562CA2F8563CA308564CA3185AC
:10F0E00065CA328566CA338567CA348568CA35857C
:10F0F00069CA36856ACA3785BEC73885FADD39855B
:10F10000FCDD3A85FEDD3B85A2DE3C85AAB03D856F
:10F11000CEB13E856BCA3F856CCA40856DCA4185BC
:10F120006ECA42856FCA4385ACDE448570CA458588
:10F1300071CA468572CA478573CA4885A6DE498565
:10F14000B6BD4A85EFC84B8574CA4C8575CA4D85D6
:10F1500076CA4E8577CA4F8578CA508579CA518557
:10F160007ACA52857BCA53857CCA54857DCA558527
:10F170007ECA5685A1DE578580CA588581CA5985C1
:10F18000A5DE5A8582CA5B8583CA5C8584CA5D8593
:10F1900085CA5E85A9DE5F8586CA608587CA618566
:10F1A00088CA628589CA63858ACA6485A8DE65853E
:10F1B0008BCA66858CCA67858DCA6885A7DE698516
:10F1C0008ECA6A858FCA6B8590CA6C8591CA6D8517
:10F1D00092CA6E8593CA6F8594CA708595CA7185E7
:10F1E00096CA7285ADDE738597CA7485CCD4758551
:10F1F00098CA768599CA77859ACA78859BCA79858F
:10F20000B3DE7A85AADE7B85AEDE7C859CCA7D85F1
:10F210009DCA7E85D9C07F859ECA80859FCA81850B
:10F22000A0CA828540CB838541CB8485A1B18585E9
:10F23000B6DE868542CB8785B1DE888543CB89855E
:10F2400044CB8A8545CB8B8546CB8C8547CB8D853A
:10F2500048CB8E8549CB8F85B2DE90854ACB918590
:10F260004BCB92854CCB93854DCB94854ECB9585DE
:10F270004FCB968550CB978551CB988552CB9985AE
:10F2800053CB9A8554CB9B85A6D19C85B5DE9D85B5
:10F2900055CB9E8556CB9F8557CBA08558CBA18556
:10F2A00059CBA2855ACBA3855BCBA485AFDEA585C0
:10F2B0005CCBA6855DCBA7855ECBA885B0DEA98596
:10F2C0005FCBAA85BDD0AB8560CBAC8561CBAD856E
:10F2D00062CBAE85B4DEAF85EDCAB085B9DEB1854F
:10F2E00063CBB28564CBB38565CBB48566CBB5857E
:10F2F00067CBB68568CBB785B8DEB88569CBB985ED
:10F30000B7DEBA856ACBBB856BCBBC856CCBBD85C4
:10F310006DCBBE856ECBBF856FCBC08570CBC185F5
:10F32000BBDEC28571CBC38572CBC48573CBC5856B
:10F3300074CBC68575CBC78576CBC88577CBC98599
:10F34000E5BDCA8578CBCB8579CBCC857ACBCD850D
:10F350007BCBCE857CCBCF85D8B2D085EAC3D18597
:10F360007DCBD2857ECBD385BADED48580CBD585C7
:10F37000BAC5D68581CBD78582CBD88583CBD985B5
:10F3800084CBDA8585CBDB8586CBDC85BCDEDD8571
:10F3900087CBDE8588CBDF8589CBE0858ACBE1858D
:10F3A0008BCBE2858CCBE3858DCBE485D9CCE58511
:10F3B0008ECBE6858FCBE78590CBE88591CBE98531
:10F3C000AAB7EA8592CBEB8593CBEC8594CBED8500
:10F3D00095CBEE8596CBEF8597CBF08598CBF185D5
:10F3E00099CBF2859ACBF3859BCBF4859CCBF585A5
:10F3F0009DCBF6859ECBF7859FCBF885A0CBF98575
:10F4000040CCFA8541CCFB85E5D4FC8542CCFD851A
:10F4100043CCFE8544CCFF85BDDE008645CC01860D
:10F4200046CC028647CC038648CC048649CC058668
:10F43000BFDE06864ACC07864BCC08864CCC0986B4
:10F440004DCC0A864ECC0B864FCC0C8650CC0D860C
:10F4500051CC0E8652CC0F8653CC108654CC1186DC
:10F46000A2C4128655CC138656CC148657CC15866A
:10F4700058CC1686C1DE178659CC18865ACC198608
:10F480005BCC1A865CCC1B865DCC1C865ECC1D8654
:10F490005FCC1E8660CC1F8661CC208662CC218624
:10F4A00063CC228664CC238665CC248666CC2586F4
:10F4B00067CC268668CC2786BEDE288669CC29865E
:10F4C000C0DE2A866ACC2B866BCC2C866CCC2D8633
:10F4D0006DCC2E866ECC2F866FCC308670CC31866C
:10F4E00071CC328672CC338673CC348674CC35863C
:10F4F00075CC368676CC378677CC3886BAD53986C1
:10F5000078CC3A8679CC3B867ACC3C86C2DE3D8686
:10F510007BCC3E867CCC3F867DCC40867ECC4186B3
:10F5200080CC428681CC438682CC448683CC45867F
:10F5300084CC468685CC478686CC488687CC49864F
:10F5400088CC4A8689CC4B868ACC4C868BCC4D861F
:10F55000AEF24E86A2BB4F86B2C25086B0C551866F
:10F56000C7C252868CCC53868DCC5486AFF255865A
:10F570008ECC56868FCC578690CC588691CC5986A7
:10F5800092CC5A86E9D05B8693CC5C8694CC5D861F
:10F5900095CC5E86DDD35F8696CC608697CC6186FF
:10F5A00098CC6286BDEB638699CC64869ACC6586DE
:10F5B0009BCC66869CCC67869DCC68869ECC6986F3
:10F5C0009FCC6A86A0CC6B86E6B36C86B0F26D8663
:10F5D00040CD6E86B1F26F8641CD708642CD718688
:10F5E000ADCA728643CD738644CD748645CD75868B
:10F5F00046CD768647CD778648CD788649CD7986C3
:10F60000E7BA7A86B3F27B86B5F27C86B4F27D8661
:10F61000E4CB7E86BACF7F86B2F28086B4CA81867A
:10F62000CFD28286ECC283864ACD84864BCD858636
:10F630004CCD86864DCD87864ECD88864FCD89862A
:10F6400050CD8A86C3CE8B86B8F28C86F6B08D8676
:10F65000B7F28E8651CD8F8652CD908653CD91864E
:10F6600054CD928655CD9386BEF2948656CD95861E
:10F67000CFB2968657CD978658CD988659CD998624
:10F680005ACD9A865BCD9B865CCD9C86C1D19D86EA
:10F69000BAF29E865DCD9F865ECDA0865FCDA186A7
:10F6A00060CDA28661CDA386BCF2A486E9D4A586EE
:10F6B00062CDA68663CDA786BBF2A886B6F2A986E0
:10F6C000BFF2AA86BDF2AB8664CDAC86B9F2AD8638
:10F6D00065CDAE8666CDAF86C7F2B086C4F2B18680
:10F6E000C6F2B28667CDB38668CDB486CAF2B58657
:10F6F000C2F2B686C0F2B78669CDB8866ACDB98641
:10F700006BCDBA86C5F2BB866CCDBC866DCDBD8691
:10F710006ECDBE866FCDBF8670CDC086FBD6C1864E
:10F7200071CDC28672CDC38673CDC486C1F2C58643
:10F7300074CDC686F9C7C786DFC9C88675CDC986A8
:10F74000C8F2CA86C6B9CB86B0B5CC8676CDCD8692
:10F7500077CDCE86C3F2CF86C9F2D086D0F2D186DD
:10F76000D6F2D28678CDD38679CDD486D7BBD5864E
:10F770007ACDD6867BCDD7867CCDD886D5F2D98674
:10F78000DCCDDA867DCDDB86EBD6DC867ECDDD86F4
:10F7900080CDDE86D2F2DF86D4F2E08681CDE186AE
:10F7A00082CDE28683CDE38684CDE486F2B8E58619
:10F7B00085CDE68686CDE78687CDE88688CDE98645
:10F7C000CBF2EA8689CDEB868ACDEC868BCDED86B1
:10F7D000CEF2EE86F9C2EF868CCDF086DDD5F186CD
:10F7E000CCF2F286CDF2F386CFF2F486D3F2F58630
:10F7F0008DCDF6868ECDF7868FCDF886D9F2F98637
:10F80000BCD3FA8690CDFB8691CDFC8692CDFD8649
:10F8100093CDFE86EAB6FF8694CD0087F1CA0187B4
:10F8200095CD0287E4B70387D7F2048796CD058785
:10F8300097CD068798CD0787D8F20887DAF209872F
:10F84000DDF20A87DBF20B8799CD0C879ACD0D8705
:10F85000DCF20E879BCD0F879CCD10879DCD118745
:10F860009ECD1287D1D11387D1F214879FCD1587F2
:10F87000C9CD1687A0CD1787CFCE1887A9D61987EF
:10F8800040CE1A87E3F21B8741CE1C87DBC31D875E
:10F8900042CE1E87E0F21F8743CE208744CE2187C9
:10F8A000AFC02287ECF22387DEF2248745CE25877E
:10F8B000E1F2268746CE278747CE288748CE29877C
:10F8C000E8F22A8749CE2B874ACE2C874BCE2D874C
:10F8D0004CCE2E87E2F22F874DCE30874ECE318729
:10F8E000E7F232874FCE338750CE3487E6F2358742
:10F8F00051CE368752CE3787E9F2388753CE3987D3
:10F9000054CE3A8755CE3B87DFF23C8756CE3D87B3
:10F9100057CE3E87E4F23F87EAF2408758CE4187D0
:10F9200059CE42875ACE43875BCE44875CCE45870B
:10F930005DCE46875ECE4787ACD34887E5F24987E0
:10F94000F5B24A875FCE4B8760CE4C87F2F24D8787
:10F9500061CE4E87ABD04F8762CE508763CE518742
:10F9600064CE528765CE5387F5F2548766CE5587AD
:10F9700067CE568768CE5787C8BB588769CE5987E8
:10F98000F9F25A876ACE5B876BCE5C876CCE5D8757
:10F990006DCE5E876ECE5F876FCE6087F0F2618737
:10F9A00070CE628771CE6387F6F26487F8F265875E
:10F9B000FAF2668772CE678773CE688774CE6987DE
:10F9C00075CE6A8776CE6B8777CE6C8778CE6D875B
:10F9D00079CE6E87F3F26F877ACE7087F1F27187F6
:10F9E0007BCE72877CCE73877DCE7487FBBA75879A
:10F9F0007ECE7687FBB5778780CE788781CE798774
:10FA000082CE7A8783CE7B87EFF27C87F7F27D8781
:10FA1000EDF27E87EEF27F8784CE808785CE818768
:10FA200086CE8287EBF28387A6F3848787CE85878D
:10FA3000A3F3868788CE878789CE8887A2F38987B4
:10FA40008ACE8A878BCE8B87F4F28C878CCE8D877B
:10FA5000DAC88E878DCE8F878ECE90878FCE918796
:10FA600090CE928791CE9387FBF2948792CE958722
:10FA700093CE968794CE9787A5F3988795CE99874E
:10FA800096CE9A8797CE9B8798CE9C8799CE9D8756
:10FA90009ACE9E879BCE9F87F8C3A0879CCEA187D6
:10FAA0009DCEA2879ECEA3879FCEA487A0CEA587FA
:10FAB00040CFA68741CFA78742CFA887FDF2A9876D
:10FAC00043CFAA8744CFAB87A7F3AC87A9F3AD8711
:10FAD000A4F3AE8745CFAF87FCF2B08746CFB1879E
:10FAE00047CFB28748CFB387ABF3B48749CFB58749
:10FAF000AAF3B6874ACFB7874BCFB8874CCFB98721
:10FB00004DCFBA87DDC2BB874ECFBC874FCFBD87F5
:10FB1000AEF3BE8750CFBF8751CFC087B0F3C18748
:10FB200052CFC28753CFC38754CFC48755CFC58721
:10FB300056CFC687A1F3C78757CFC88758CFC98785
:10FB400059CFCA87B1F3CB87ACF3CC875ACFCD87D7
:10FB50005BCFCE875CCFCF875DCFD0875ECFD1879D
:10FB6000AFF3D287FEF2D387ADF3D4875FCFD587CB
:10FB700060CFD68761CFD78762CFD88763CFD98749
:10FB800064CFDA8765CFDB87B2F3DC8766CFDD87AA
:10FB900067CFDE8768CFDF8769CFE087B4F3E1877F
:10FBA0006ACFE2876BCFE3876CCFE4876DCFE587C1
:10FBB000A8F3E6876ECFE7876FCFE88770CFE98736
:10FBC00071CFEA87B3F3EB8772CFEC8773CFED8702
:10FBD00074CFEE87B5F3EF8775CFF08776CFF187D7
:10FBE00077CFF28778CFF38779CFF4877ACFF5870D
:10FBF0007BCFF6877CCFF7877DCFF8877ECFF987DD
:10FC0000B7D0FA8780CFFB8781CFFC8782CFFD8773
:10FC100083CFFE87B8F3FF8784CF008885CF018824
:10FC200086CF028887CF0388F9D9048888CF0588D2
:10FC300089CF06888ACF07888BCF08888CCF098820
:10FC40008DCF0A88B9F30B888ECF0C888FCF0D88A3
:10FC500090CF0E8891CF0F8892CF108893CF1188C4
:10FC600094CF128895CF1388B7F3148896CF158850
:10FC7000E4C81688B6F3178897CF188898CF1988E4
:10FC800099CF1A889ACF1B88BAF31C889BCF1D88FE
:10FC90009CCF1E889DCF1F889ECF20889FCF218814
:10FCA000BBF32288C0B42388A0CF248840D0258805
:10FCB00041D0268842D0278843D0288844D029883C
:10FCC00045D02A8846D02B8847D02C8848D02D880C
:10FCD00049D02E884AD02F884BD030884CD03188DC
:10FCE0004DD03288C3EE33884ED034884FD035881B
:10FCF00050D0368851D0378852D0388853D0398880
:10FD0000BCF33A8854D03B8855D03C88BDF33D883D
:10FD100056D03E8857D03F8858D04088AAD14188D5
:10FD200059D042885AD043885BD04488ACF4458887
:10FD3000C6D046885CD047885DD048885ED0498868
:10FD40005FD04A8860D04B8861D04C88D0D04D8835
:10FD5000DCD14E8862D04F8863D0508864D05188FF
:10FD600065D0528866D0538867D05488CECF5588E6
:10FD700068D0568869D05788D6BD58886AD05988C7
:10FD8000C3D15A886BD05B886CD05C886DD05D889D
:10FD90006ED05E886FD05F8870D0608871D06188C7
:10FDA000E2BA6288E9E16388C2D26488C2F16588F8
:10FDB000B9B2668872D0678873D06888EDB16988F7
:10FDC000C3F16A8874D06B88C0C96C88C4B36D886D
:10FDD00075D06E88F2D96F8876D07088A5CB71887F
:10FDE00077D07288C4F1738878D0748879D0758898
:10FDF0007AD076887BD07788D4D678887CD079887A
:10FE00007DD07A887ED07B8880D07C8881D07D88A8
:10FE1000C5F17E88C0F47F88C6F1808882D0818851
:10FE2000ACD48288C7F1838883D08488C0B08588A9
:10FE3000C1F4868884D0878885D08888C2F4898870
:10FE400086D08A8887D08B88FCB48C8888D08D88AF
:10FE5000DBC58E8889D08F888AD090888BD0918896
:10FE60008CD09288BBCC93888DD094888ED0958886
:10FE70008FD09688E4D0978890D0988891D0998830
:10FE800092D09A8893D09B8894D09C88E0CD9D880E
:10FE900095D09E8896D09F8897D0A08898D0A1882A
:10FEA00099D0A288C8F1A3889AD0A488F3D9A5884C
:10FEB0009BD0A6889CD0A7889DD0A8889ED0A988D2
:10FEC0009FD0AA88A0D0AB88BBB1AC8840D1AD8808
:10FED000AECFAE8841D1AF8842D1B08843D1B1888E
:10FEE000A4B8B28844D1B38845D1B48846D1B58886
:10FEF00047D1B68848D1B788CAF1B88849D1B988FE
:10FF00004AD1BA884BD1BB884CD1BC88CBF1BD88D3
:10FF10004DD1BE884ED1BF884FD1C08850D1C18845
:10FF2000C3B2C288D1C1C38851D1C48852D1C58857
:10FF3000B0D7C688C9F1C78853D1C88854D1C988F9
:10FF4000CCF1CA8855D1CB8856D1CC8857D1CD8831
:10FF500058D1CE88CEF1CF8859D1D0885AD1D18806
:10FF60005BD1D288F6D9D3885CD1D488E1D2D58848
:10FF7000A3D4D6885DD1D7885ED1D888C3F4D98878
:10FF8000B9C8DA885FD1DB8860D1DC8861D1DD88CF
:10FF900062D1DE8863D1DF88C4F4E08864D1E1886F
:10FFA00065D1E288CDF1E388CFF1E488E3BFE5884D
:10FFB000D0F1E68866D1E78867D1E888D4F1E9888E
:10FFC00068D1EA8869D1EB886AD1EC886BD1ED8879
:10FFD0006CD1EE886DD1EF886ED1F088D6F1F188C2
:10FFE000D1F1F2886FD1F388D1C9F488E1C5F588E1
:10FFF00070D1F68871D1F78872D1F888E3C2F98898
:020000040802F0
:10000000FCB9FA8873D1FB8874D1FC88D3F1FD88E0
:1000100075D1FE88D5F1FF8876D1008977D1018925
:1000200078D10289D3B9038979D104897AD1058934
:100030007BD106897CD107897DD108897ED1098948
:1000400080D10A89DBF10B8981D10C8982D10D899C
:1000500083D10E8984D10F8985D11089D6BA1189AF
:1000600086D11289FDB01389D9F1148987D11589F8
:1000700088D1168989D117898AD118898BD1198994
:10008000D8F11A89D2F11B89DAF11C898CD11D892A
:100090008DD11E898ED11F898FD1208990D1218940
:1000A000D7F1228991D1238992D1248993D12589AD
:1000B000ECC8268994D1278995D1288996D1298998
:1000C00097D12A89CACD2B89DDF12C8998D12D8928
:1000D00099D12E899AD12F899BD13089BDE531895B
:1000E0009CD132899DD133899ED13489DCF1358907
:1000F0009FD13689DEF13789A0D1388940D239893C
:1001000041D23A8942D23B8943D23C8944D23D898B
:1001100045D23E8946D23F8947D2408948D241895B
:10012000DFF1428949D243894AD24489E5CF4589E2
:100130004BD246894CD247894DD248894ED2498903
:100140004FD24A8950D24B8951D24C8952D24D89D3
:1001500053D24E8954D24F8955D2508956D25189A3
:1001600057D2528958D2538959D254895AD2558973
:100170005BD256895CD257895DD258895ED2598943
:100180005FD25A8960D25B8961D25C8962D25D8913
:1001900063D25E89C5F45F89F3BD608964D26189E9
:1001A00065D2628966D2638967D2648968D26589BB
:1001B00069D26689E0F167896AD268896BD26989F8
:1001C0006CD26A896DD26B896ED26C896FD26D895F
:1001D00070D26E8971D26F8972D2708973D271892F
:1001E00074D2728975D2738976D2748977D27589FF
:1001F00078D2768979D277897AD278897BD27989CF
:100200007CD27A897DD27B89E1F17C897ED27D891D
:1002100080D27E8981D27F89F7CE808982D28189FE
:10022000AAD2828983D28389FBF1848984D2858989
:1002300085D28689B2B8878986D2888987D289890A
:1002400088D28A8989D28B898AD28C898BD28D89EE
:100250008CD28E898DD28F898ED290898FD29189BE
:1002600090D2928991D2938992D2948993D295898E
:1002700094D2968995D2978996D2988997D299895E
:1002800098D29A8999D29B899AD29C899BD29D892E
:100290009CD29E899DD29F899ED2A0899FD2A189FE
:1002A000A0D2A28940D3A38941D3A48942D3A589EE
:1002B00043D3A68944D3A78945D3A88946D3A9891E
:1002C00047D3AA8948D3AB8949D3AC894AD3AD89EE
:1002D0004BD3AE894CD3AF894DD3B0894ED3B189BE
:1002E0004FD3B28950D3B38951D3B48952D3B5898E
:1002F00053D3B68954D3B78955D3B88956D3B9895E
:1003000057D3BA8958D3BB8959D3BC895AD3BD892D
:100310005BD3BE895CD3BF895DD3C0895ED3C189FD
:10032000FBBCC289DBB9C3895FD3C489E6B9C5897F
:10033000D9C3C689D3CAC789E8EAC889C0C0C989F0
:10034000F5BECA89E9EACB89EAEACC89EBEACD892C
:1003500060D3CE89ECEACF89EDEAD089EEEAD18983
:10036000EFEAD289C7BDD38961D3D48962D3D58955
:1003700063D3D689FBF5D78964D3D88965D3D98966
:1003800066D3DA89FDF5DB8967D3DC89FEF5DD8983
:1003900068D3DE89FCF5DF8969D3E0896AD3E18916
:1003A0006BD3E2896CD3E389E2BDE4896DD3E5893F
:1003B000A1F6E689A5B4E7896ED3E8896FD3E98908
:1003C00070D3EA8971D3EB89A2F6EC8972D3ED89F7
:1003D00073D3EE8974D3EF89A3F6F08975D3F189CD
:1003E00076D3F28977D3F389B2ECF48978D3F5899F
:1003F00079D3F6897AD3F7897BD3F8897CD3F989C5
:100400007DD3FA897ED3FB8980D3FC8981D3FD8992
:1004100082D3FE8983D3FF8984D3008AD4D1018A11
:1004200085D3028A86D3038A87D3048A88D3058A30
:1004300089D3068A8AD3078AEAD9088A8BD3098A9C
:100440008CD30A8A8DD30B8A8ED30C8A8FD30D8AD4
:1004500090D30E8A91D30F8A92D3108A93D3118AA4
:1004600094D3128A95D3138A96D3148A97D3158A74
:1004700098D3168A99D3178A9AD3188A9BD3198A44
:100480009CD31A8A9DD31B8A9ED31C8A9FD31D8A14
:10049000A0D31E8A40D41F8A41D4208A42D4218A04
:1004A00043D4228A44D4238A45D4248A46D4258A34
:1004B00047D4268A48D4278A49D4288A4AD4298A04
:1004C0004BD42A8A4CD42B8A4DD42C8A4ED42D8AD4
:1004D0004FD42E8A50D42F8A51D4308A52D4318AA4
:1004E00053D4328A54D4338A55D4348A56D4358A74
:1004F00057D4368A58D4378A59D4388A5AD4398A44
:100500005BD43A8A5CD43B8A5DD43C8A5ED43D8A13
:100510005FD43E8AA4F63F8A60D4408A61D4418A7F
:1005200062D4428A63D4438A64D4448A65D4458AB7
:1005300066D4468A67D4478A68D4488ABAEE498A1C
:1005400069D44A8A6AD44B8A6BD44C8A6CD44D8A5B
:100550006DD44E8A6ED44F8A6FD4508A70D4518A2B
:1005600071D4528A72D4538A73D4548A74D4558AFB
:1005700075D4568A76D4578A77D4588A78D4598ACB
:1005800079D45A8A7AD45B8A7BD45C8A7CD45D8A9B
:100590007DD45E8A7ED45F8A80D4608A81D4618A69
:1005A00082D4628A83D4638A84D4648A85D4658A37
:1005B00086D4668A87D4678A88D4688A89D4698A07
:1005C0008AD46A8A8BD46B8A8CD46C8A8DD46D8AD7
:1005D0008ED46E8A8FD46F8A90D4708A91D4718AA7
:1005E00092D4728A93D4738A94D4748A95D4758A77
:1005F00096D4768A97D4778A98D4788A99D4798A47
:10060000B2D57A8A9AD47B8A9BD47C8A9CD47D8A00
:100610009DD47E8A9ED47F8A9FD4808AA0D4818AEA
:1006200040D5828A41D5838A42D5848A43D5858A3A
:1006300044D5868A45D5878A46D5888A47D5898A0A
:10064000FED38A8ADCCC8B8A48D58C8A49D58D8AA0
:100650004AD58E8A4BD58F8A4CD5908A4DD5918AB2
:100660004ED5928A4FD5938AC4CA948A50D5958A1A
:1006700051D5968A52D5978A53D5988A54D5998A56
:1006800055D59A8A56D59B8A57D59C8A58D59D8A26
:1006900059D59E8A5AD59F8A5BD5A08A5CD5A18AF6
:1006A0005DD5A28A5ED5A38A5FD5A48A60D5A58AC6
:1006B00061D5A68A62D5A78A63D5A88A64D5A98A96
:1006C00065D5AA8A66D5AB8A67D5AC8A68D5AD8A66
:1006D00069D5AE8A6AD5AF8A6BD5B08A6CD5B18A36
:1006E0006DD5B28A6ED5B38A6FD5B48A70D5B58A06
:1006F00071D5B68A72D5B78A73D5B88A74D5B98AD6
:1007000075D5BA8A76D5BB8A77D5BC8A78D5BD8AA5
:1007100079D5BE8A7AD5BF8A7BD5C08A7CD5C18A75
:100720007DD5C28A7ED5C38A80D5C48A81D5C58A43
:1007300082D5C68A83D5C78A84D5C88A85D5C98A11
:1007400086D5CA8A87D5CB8A88D5CC8A89D5CD8AE1
:100750008AD5CE8A8BD5CF8A8CD5D08A8DD5D18AB1
:100760008ED5D28A8FD5D38A90D5D48A91D5D58A81
:1007700092D5D68A93D5D78A94D5D88A95D5D98A51
:1007800096D5DA8A97D5DB8A98D5DC8A99D5DD8A21
:100790009AD5DE8A9BD5DF8A9CD5E08A9DD5E18AF1
:1007A0009ED5E28A9FD5E38AA0D5E48A40D6E58A21
:1007B00041D6E68A42D6E78A43D6E88A44D6E98A11
:1007C00045D6EA8A46D6EB8A47D6EC8A48D6ED8AE1
:1007D00049D6EE8A4AD6EF8A4BD6F08A4CD6F18AB1
:1007E0004DD6F28A4ED6F38A4FD6F48A50D6F58A81
:1007F00051D6F68A52D6F78A53D6F88A54D6F98A51
:1008000055D6FA8A56D6FB8A57D6FC8A58D6FD8A20
:1008100059D6FE8A5AD6FF8A5BD6008B5CD6018BEE
:100820005DD6028B5ED6038B5FD6048B60D6058BBC
:1008300061D6068B62D6078BC0E5088B63D6098B21
:1008400064D60A8B65D60B8B66D60C8B67D60D8B60
:1008500068D60E8B69D60F8B6AD6108B6BD6118B30
:100860006CD6128B6DD6138B6ED6148B6FD6158B00
:1008700070D6168B71D6178B72D6188B73D6198BD0
:1008800074D61A8B75D61B8B76D61C8B77D61D8BA0
:1008900078D61E8B79D61F8B7AD6208B7BD6218B70
:1008A0007CD6228B7DD6238B7ED6248B80D6258B3F
:1008B00081D6268BA5F6278B82D6288B83D6298BCB
:1008C00084D62A8B85D62B8B86D62C8B87D62D8BE0
:1008D00088D62E8B89D62F8B8AD6308B8BD6318BB0
:1008E0008CD6328B8DD6338B8ED6348B8FD6358B80
:1008F00090D6368B91D6378B92D6388B93D6398B50
:1009000094D63A8B95D63B8B96D63C8B97D63D8B1F
:1009100098D63E8B99D63F8B9AD6408B9BD6418BEF
:100920009CD6428B9DD6438B9ED6448B9FD6458BBF
:10093000A0D6468B40D7478B41D7488B42D7498BAF
:1009400043D74A8B44D74B8B45D74C8B46D74D8BDF
:1009500047D74E8B48D74F8B49D7508B4AD7518BAF
:100960004BD7528B4CD7538B4DD7548B4ED7558B7F
:100970004FD7568B50D7578B51D7588B52D7598B4F
:1009800053D75A8B54D75B8B55D75C8B56D75D8B1F
:1009900057D75E8B58D75F8B59D7608B5AD7618BEF
:1009A0005BD7628B5CD7638B5DD7648B5ED7658BBF
:1009B0005FD7668BAFBE678B60D7688B61D7698B5B
:1009C00062D76A8B63D76B8B64D76C8BA9C66D8B30
:1009D00065D76E8B66D76F8B67D7708B68D7718B37
:1009E00069D7728B6AD7738B6BD7748B6CD7758B07
:1009F0006DD7768B6ED7778B6FD7788B70D7798BD7
:100A000071D77A8B72D77B8B73D77C8B74D77D8BA6
:100A100075D77E8B76D77F8B77D7808B78D7818B76
:100A200079D7828B7AD7838B7BD7848B7CD7858B46
:100A30007DD7868B7ED7878B80D7888B81D7898B14
:100A400082D78A8B83D78B8B84D78C8B85D78D8BE2
:100A500086D78E8B87D78F8B88D7908B89D7918BB2
:100A60008AD7928B8BD7938B8CD7948B8DD7958B82
:100A70008ED7968B8FD7978B90D7988B91D7998B52
:100A800092D79A8B93D79B8B94D79C8B95D79D8B22
:100A900096D79E8B97D79F8B98D7A08BA5DAA18BE3
:100AA000C6BCA28BA9B6A38BBCB8A48BCFC8A58BA0
:100AB000A5BCA68BA6DAA78BA7DAA88BD6CCA98B68
:100AC000C3C8AA8BA8DAAB8BFDC6AC8B99D7AD8B0C
:100AD000B5D1AE8BE9D2AF8BB6D1B08BC7BCB18BE1
:100AE0009AD7B28BB2BDB38BE4BBB48BA9DAB58B0A
:100AF000AADAB68BC8D1B78BABDAB88BEDD0B98B8D
:100B0000EFB6BA8BDBC2BB8B9BD7BC8BCFCBBD8B7D
:100B1000EDB7BE8BE8C9BF8BC3B7C08BF7BEC18B27
:100B2000A4D6C28BACDAC38BADDAC48BC0C6C58B7E
:100B3000E7D7C68BB6CAC78B9CD7C88BA9D5C98B3C
:100B4000DFCBCA8BEFD5CB8BAEDACC8BDFD6CD8BA0
:100B5000CAB4CE8BB0DACF8BAFDAD08B9DD7D18B26
:100B6000EBD2D28BB1DAD38BB2DAD48BB3DAD58BAA
:100B7000D4CAD68BB4DAD78BABCAD88BB5DAD98BBB
:100B8000B6DADA8BCFB3DB8BEFD6DC8BB7DADD8B63
:100B9000B0BBDE8BAEB5DF8BB8DAE08BB9DAE18BB8
:100BA000EEB9E28BAFD1E38BE8D2E48BBADAE58B16
:100BB000C3B8E68BEACFE78BEFB2E88BBBDAE98B01
:100BC000BCDAEA8B9ED7EB8BEBBDEC8BDCCEED8BEE
:100BD000EFD3EE8BBDDAEF8BF3CEF08BBEDAF18B79
:100BE000D5D3F28BE5BBF38BBFDAF48BB5CBF58BAA
:100BF000D0CBF68BC0DAF78BEBC7F88BEED6F98B40
:100C0000C1DAFA8BB5C5FB8BC1B6FC8BC2DAFD8BA2
:100C1000CCB7FE8BCEBFFF8BC3DA008CC4DA018C5D
:100C2000ADCB028CC5DA038CF7B5048CC6DA058C23
:100C3000C2C1068CBBD7078CC7DA088CB8CC098C2C
:100C40009FD70A8CEAD20B8CB1C40C8CC8DA0D8CFD
:100C5000FDB50E8CD1BB0F8CC9DA108CB3D0118CC2
:100C6000CADA128CCBDA138CBDCE148CCCDA158C8C
:100C7000CDDA168CCEDA178CF7B2188CD1DA198C43
:100C8000CFDA1A8CE8D11B8CD0DA1C8CD5C31D8C22
:100C9000D2DA1E8CA0D71F8CD3DA208CD4DA218C28
:100CA000D5DA228CBBD0238CA5D2248CF9B0258C2C
:100CB000D6DA268CABC7278CD7DA288CF7BD298CDF
:100CC000A1C32A8CD8DA2B8CD9DA2C8CFDC32D8CBD
:100CD000B7CC2E8CDADA2F8CDBDA308CBEC0318CBC
:100CE000D7C6328CDCDA338CDDDA348CB4C7358C81
:100CF000DEDA368CDFDA378CC8B9388C40D8398CDC
:100D000041D83A8C42D83B8C43D83C8C44D83D8C5B
:100D100045D83E8C46D83F8C47D8408C48D8418C2B
:100D2000EDBB428C49D8438C4AD8448C4BD8458C77
:100D30004CD8468CB9B6478CF8F4488C4DD8498CC1
:100D4000F9F44A8C4ED84B8C4FD84C8CE3CD4D8C5B
:100D500050D84E8C51D84F8C52D8508C53D8518C7F
:100D600054D8528C55D8538C56D8548C57D8558C4F
:100D7000B9F5568C58D8578C59D8588C5AD8598CA4
:100D80005BD85A8CE0EB5B8C5CD85C8C5DD85D8C5E
:100D90005ED85E8C5FD85F8C60D8608C61D8618CC7
:100DA000F3CF628CBFBB638C62D8648C63D8658CD4
:100DB00064D8668C65D8678C66D8688C67D8698C6F
:100DC00068D86A8CC0BA6B8CA5D46C8C69D86D8CD1
:100DD0006AD86E8C6BD86F8C6CD8708C6DD8718C17
:100DE0006ED8728C6FD8738CD9E1748C70D8758C76
:100DF00071D8768C72D8778C73D8788CF4F5798C1E
:100E0000AAB17A8CF2B27B8C74D87C8C75D87D8C2C
:100E100076D87E8C77D87F8C78D8808C79D8818C66
:100E20007AD8828CF5F5838C7BD8848C7CD8858CA1
:100E3000F7F5868C7DD8878C7ED8888C80D8898C75
:100E4000D1BA8A8CF6F58B8C81D88C8CB2C38D8C00
:100E500082D88E8C83D88F8C84D8908C85D8918CB6
:100E600086D8928C87D8938C88D8948CF9F5958CF9
:100E700089D8968C8AD8978C8BD8988CF8F5998CD1
:100E80008CD89A8C8DD89B8C8ED89C8C8FD89D8C2E
:100E900090D89E8C91D89F8C92D8A08C93D8A18CFE
:100EA00094D8A28C95D8A38C96D8A48C97D8A58CCE
:100EB00098D8A68C99D8A78C9AD8A88C9BD8A98C9E
:100EC0009CD8AA8C9DD8AB8C9ED8AC8C9FD8AD8C6E
:100ED000A0D8AE8C40D9AF8C41D9B08C42D9B18C5E
:100EE00043D9B28C44D9B38C45D9B48C46D9B58C8E
:100EF00047D9B68C48D9B78C49D9B88C4AD9B98C5E
:100F00004BD9BA8C4CD9BB8C4DD9BC8C4ED9BD8C2D
:100F10004FD9BE8C50D9BF8C51D9C08C52D9C18CFD
:100F200053D9C28C54D9C38C55D9C48C56D9C58CCD
:100F300057D9C68C58D9C78C59D9C88C5AD9C98C9D
:100F40005BD9CA8C5CD9CB8C5DD9CC8C5ED9CD8C6D
:100F50005FD9CE8C60D9CF8C61D9D08C62D9D18C3D
:100F600063D9D28C64D9D38C65D9D48C66D9D58C0D
:100F700067D9D68C68D9D78C69D9D88C6AD9D98CDD
:100F80006BD9DA8C6CD9DB8C6DD9DC8C6ED9DD8CAD
:100F90006FD9DE8C70D9DF8C71D9E08C72D9E18C7D
:100FA00073D9E28C74D9E38C75D9E48C76D9E58C4D
:100FB00077D9E68C78D9E78C79D9E88C7AD9E98C1D
:100FC0007BD9EA8C7CD9EB8C7DD9EC8C7ED9ED8CED
:100FD00080D9EE8C81D9EF8C82D9F08C83D9F18CB9
:100FE00084D9F28C85D9F38C86D9F48C87D9F58C89
:100FF00088D9F68C89D9F78C8AD9F88C8BD9F98C59
:101000008CD9FA8C8DD9FB8C8ED9FC8C8FD9FD8C28
:1010100090D9FE8C91D9FF8C92D9008D93D9018DF6
:1010200094D9028D95D9038D96D9048D97D9058DC4
:1010300098D9068D99D9078D9AD9088D9BD9098D94
:101040009CD90A8D9DD90B8D9ED90C8D9FD90D8D64
:10105000A0D90E8D40DA0F8D41DA108D42DA118D54
:1010600043DA128D44DA138D45DA148D46DA158D84
:1010700047DA168D48DA178D49DA188D4ADA198D54
:101080004BDA1A8D4CDA1B8D4DDA1C8D4EDA1D8D24
:10109000B4B11E8DEAD51F8DBAB8208D4FDA218DDF
:1010A000B1B9228DC6B2238DF0D4248DCDCF258D3C
:1010B000DCB0268DCBD5278DF5BB288DCAD6298DE2
:1010C000B7B72A8DB0CC2B8DB6C62C8DE1B12D8D46
:1010D000BAB92E8DFCD62F8DE1B9308DA1B7318DE7
:1010E000FABC328DDAEA338DDBEA348DF9CC358DFA
:1010F000F3B9368DDCEA378DFBB4388DB3C3398D47
:10110000D1B73A8DD8BA3B8DDDEA3C8DF4D43D8D14
:10111000DEEA3E8DD6BC3F8DDFBB408DDFEA418DE0
:10112000DEC1428DB8C2438DDFD4448DCAD7458D10
:10113000E0EA468DE1EA478DE4EA488DE2EA498D2E
:10114000E3EA4A8DDEC94B8DB3B84C8DC4B64D8DE4
:10115000E5EA4E8DEACA4F8DCDC9508DCDB4518D83
:1011600050DA528D51DA538DD9E2548DE2C5558D46
:10117000E6EA568DB5C0578D52DA588DB8D7598DDD
:10118000E7EA5A8DACD75B8DFCC85C8DD3D85D8DFA
:10119000CDD85E8DDED45F8D53DA608DF9D4618D4C
:1011A000C4C9628DAED3638DD3B8648DE0B3658D51
:1011B00054DA668DE2C9678DF6F4688D55DA698D6B
:1011C00056DA6A8D57DA6B8DD5BA6C8D58DA6D8D1B
:1011D000F7F46E8D59DA6F8D5ADA708DDFD7718D15
:1011E0005BDA728D5CDA738DF1F4748DB0B8758D45
:1011F000D4D5768DCFB8778DF0C6788D5DDA798DC0
:101200005EDA7A8D5FDA7B8D60DA7C8D61DA7D8DD6
:1012100062DA7E8D63DA7F8D64DA808D65DA818DA6
:10122000C3B3828D66DA838D67DA848DF2F4858D9F
:10123000ACB3868D68DA878D69DA888D6ADA898D34
:101240006BDA8A8DBDD48B8DF7C78C8D6CDA8D8D62
:101250006DDA8E8D6EDA8F8D6FDA908D70DA918DFA
:10126000F4F4928D71DA938D72DA948DF3F4958D96
:1012700073DA968D74DA978D75DA988D76DA998DA2
:1012800077DA9A8D78DA9B8D79DA9C8D7ADA9D8D72
:101290007BDA9E8D7CDA9F8DCBCCA08D7DDAA18D03
:1012A0007EDAA28D80DAA38DA4C8A48D81DAA58D03
:1012B00082DAA68D83DAA78D84DAA88D85DAA98DE6
:1012C00086DAAA8D87DAAB8D88DAAC8D89DAAD8DB6
:1012D0008ADAAE8D8BDAAF8D8CDAB08D8DDAB18D86
:1012E000F5F4B28D8EDAB38DE3D7B48DBFC5B58D6D
:1012F000C0F5B68D8FDAB78D90DAB88DBBF5B98DA4
:1013000091DABA8DC3F5BB8D92DABC8DC2F5BD8D75
:1013100093DABE8DBAD6BF8DC1F5C08D94DAC18D7A
:1013200095DAC28D96DAC38DBED4C48DC4F5C58D51
:1013300097DAC68DCCF5C78D98DAC88D99DAC98D44
:101340009ADACA8D9BDACB8DCFB0CC8DF8B5CD8D26
:101350009CDACE8DC9F5CF8DCAF5D08D9DDAD18DB1
:10136000DCC5D28D9EDAD38D9FDAD48DA0DAD58DEF
:1013700040DBD68DC5F5D78DC6F5D88D41DBD98D2F
:1013800042DBDA8DC7F5DB8DCBF5DC8D43DBDD8D04
:10139000E0BEDE8DC8F5DF8DFAB8E08D44DBE18D6F
:1013A00045DBE28D46DBE38DD0F5E48DD3F5E58DAD
:1013B00047DBE68D48DBE78D49DBE88DE7BFE98D4C
:1013C0004ADBEA8DF2B9EB8DBCF5EC8DCDF5ED8DF8
:1013D0004BDBEE8D4CDBEF8DB7C2F08D4DDBF18D2D
:1013E0004EDBF28D4FDBF38DF8CCF48D50DBF58DB9
:1013F000F9BCF68D51DBF78DCEF5F88DCFF5F98D73
:10140000D1F5FA8DE5B6FB8DD2F5FC8D52DBFD8D65
:10141000D5F5FE8D53DBFF8D54DB008E55DB018E41
:1014200056DB028E57DB038E58DB048E59DB058EAC
:10143000BDF5068E5ADB078E5BDB088E5CDB098E02
:10144000D4F50A8EBBD30B8E5DDB0C8EECB30D8E08
:101450005EDB0E8E5FDB0F8EA4CC108E60DB118EF8
:1014600061DB128E62DB138E63DB148ED6F5158E74
:1014700064DB168E65DB178E66DB188E67DB198ED4
:1014800068DB1A8E69DB1B8E6ADB1C8E6BDB1D8EA4
:10149000D7F51E8EE1BE1F8ED8F5208E6CDB218E17
:1014A0006DDB228EDFCC238EDBF5248E6EDB258E6A
:1014B0006FDB268E70DB278E71DB288E72DB298E28
:1014C000C8B22A8ED9D72B8E73DB2C8ED9F52D8EF0
:1014D00074DB2E8EDAF52F8EDCF5308E75DB318ED7
:1014E000E2F5328E76DB338E77DB348E78DB358E29
:1014F000E0F5368E79DB378E7ADB388E7BDB398E02
:10150000DFF53A8EDDF53B8E7CDB3C8E7DDB3D8E60
:10151000E1F53E8E7EDB3F8E80DB408EDEF5418E38
:10152000E4F5428EE5F5438E81DB448EE3CC458EB7
:1015300082DB468E83DB478EBFE5488EB8B5498E89
:10154000E3F54A8EE8F54B8EA3CC4C8E84DB4D8EB2
:1015500085DB4E8E86DB4F8E87DB508E88DB518E8F
:10156000E6F5528EE7F5538E89DB548E8ADB558E75
:101570008BDB568E8CDB578E8DDB588E8EDB598E37
:10158000BEF55A8E8FDB5B8E90DB5C8E91DB5D8EC1
:1015900092DB5E8E93DB5F8E94DB608E95DB618EDB
:1015A00096DB628E97DB638E98DB648E99DB658EAB
:1015B0009ADB668EC4B1678E9BDB688E9CDB698E7E
:1015C000BFF56A8E9DDB6B8E9EDB6C8EC5B56D8E16
:1015D000E4B26E8E9FDB6F8EECF5708EE9F5718E46
:1015E000A0DB728ED7B6738E40DC748EEDF5758EEF
:1015F00041DC768EEAF5778E42DC788E43DC798E9C
:1016000044DC7A8E45DC7B8E46DC7C8EEBF57D8E71
:1016100047DC7E8E48DC7F8EDAB4808E49DC818E9A
:10162000EAD4828E4ADC838E4BDC848E4CDC858E41
:10163000EEF5868E4DDC878EF9B3888E4EDC898E72
:101640004FDC8A8E50DC8B8E51DC8C8E52DC8D8E82
:1016500053DC8E8E54DC8F8EEFF5908EF1F5918EEB
:1016600055DC928E56DC938E57DC948EF0F5958E79
:1016700058DC968E59DC978E5ADC988E5BDC998EFE
:101680005CDC9A8E5DDC9B8E5EDC9C8EF2F59D8E22
:101690005FDC9E8EF3F59F8E60DCA08E61DCA18EF8
:1016A00062DCA28E63DCA38E64DCA48E65DCA58E76
:1016B00066DCA68E67DCA78E68DCA88E69DCA98E46
:1016C0006ADCAA8E6BDCAB8EEDC9AC8EAAB9AD8E8E
:1016D0006CDCAE8E6DDCAF8EFBC7B08E6EDCB18E77
:1016E0006FDCB28EE3B6B38E70DCB48E71DCB58E77
:1016F00072DCB68E73DCB78E74DCB88E75DCB98E96
:1017000076DCBA8EC9CCBB8E77DCBC8E78DCBD8E25
:1017100079DCBE8E7ADCBF8E7BDCC08E7CDCC18E39
:101720007DDCC28E7EDCC38E80DCC48E81DCC58E07
:1017300082DCC68E83DCC78E84DCC88E85DCC98ED5
:1017400086DCCA8E87DCCB8E88DCCC8E89DCCD8EA5
:101750008ADCCE8EA6EACF8E8BDCD08E8CDCD18E4E
:101760008DDCD28E8EDCD38E8FDCD48E90DCD58E49
:1017700091DCD68E92DCD78E93DCD88E94DCD98E19
:1017800095DCDA8E96DCDB8E97DCDC8E98DCDD8EE9
:1017900099DCDE8E9ADCDF8E9BDCE08E9CDCE18EB9
:1017A0009DDCE28E9EDCE38E9FDCE48EA0DCE58E89
:1017B00040DDE68E41DDE78E42DDE88E43DDE98ED9
:1017C00044DDEA8E45DDEB8E46DDEC8E47DDED8EA9
:1017D00048DDEE8E49DDEF8E4ADDF08E4BDDF18E79
:1017E0004CDDF28E4DDDF38E4EDDF48E4FDDF58E49
:1017F00050DDF68E51DDF78E52DDF88E53DDF98E19
:1018000054DDFA8E55DDFB8E56DDFC8E57DDFD8EE8
:1018100058DDFE8E59DDFF8E5ADD008F5BDD018FB6
:101820005CDD028F5DDD038F5EDD048F5FDD058F84
:1018300060DD068F61DD078F62DD088F63DD098F54
:1018400064DD0A8F65DD0B8F66DD0C8F67DD0D8F24
:1018500068DD0E8F69DD0F8F6ADD108F6BDD118FF4
:101860006CDD128F6DDD138F6EDD148F6FDD158FC4
:1018700070DD168F71DD178F72DD188F73DD198F94
:1018800074DD1A8F75DD1B8F76DD1C8F77DD1D8F64
:1018900078DD1E8F79DD1F8F7ADD208F7BDD218F34
:1018A0007CDD228F7DDD238F7EDD248F80DD258F03
:1018B00081DD268F82DD278F83DD288F84DD298FD0
:1018C00085DD2A8F86DD2B8F87DD2C8F88DD2D8FA0
:1018D00089DD2E8F8ADD2F8F8BDD308F8CDD318F70
:1018E0008DDD328F8EDD338F8FDD348F90DD358F40
:1018F00091DD368F92DD378F93DD388F94DD398F10
:1019000095DD3A8F96DD3B8F97DD3C8F98DD3D8FDF
:1019100099DD3E8F9ADD3F8F9BDD408F9CDD418FAF
:101920009DDD428F9EDD438F9FDD448FA0DD458F7F
:1019300040DE468F41DE478F42DE488F43DE498FCF
:1019400044DE4A8F45DE4B8F46DE4C8F47DE4D8F9F
:1019500048DE4E8F49DE4F8F4ADE508F4BDE518F6F
:101960004CDE528F4DDE538F4EDE548F4FDE558F3F
:1019700050DE568F51DE578F52DE588F53DE598F0F
:1019800054DE5A8F55DE5B8F56DE5C8F57DE5D8FDF
:1019900058DE5E8F59DE5F8F5ADE608F5BDE618FAF
:1019A0005CDE628F5DDE638F5EDE648F5FDE658F7F
:1019B00060DE668FB5B3678FFED4688FECB9698F30
:1019C000F9D06A8F61DE6B8FEDE96C8FAAD76D8FCE
:1019D000EEE96E8FD6C26F8FEDC8708FE4BA718F4B
:1019E000EFE9728FF0E9738FF1E9748FE1D6758FAB
:1019F000F2E9768FF3E9778FF5E9788FF4E9798F5B
:101A0000F6E97A8FF7E97B8FE1C77C8FF8E97D8F64
:101A1000D8D47E8FF9E97F8FCEBD808F62DE818F33
:101A2000FAE9828FFBE9838FCFBD848FFCE9858F34
:101A3000A8B8868FBEC1878FFDE9888FB2B1898F24
:101A4000D4BB8A8FF5B98B8FFEE98C8F63DE8D8FC7
:101A5000A1EA8E8FA2EA8F8FA3EA908FF8B7918FB9
:101A6000ADBC928F64DE938FE4CA948FCEE0958FE5
:101A7000AFD4968FBDCF978FB7D5988FA4EA998FA3
:101A8000DED59A8FA5EA9B8FC1D09C8FBCB99D8F64
:101A900065DE9E8FC7B49F8FD9B1A08F66DEA18F00
:101AA00067DEA28F68DEA38FB1C0A48F69DEA58F29
:101AB0006ADEA68F6BDEA78F6CDEA88FE6B1A98FDA
:101AC000E7B1AA8F6DDEAB8FE8B1AC8F6EDEAD8F64
:101AD0006FDEAE8F70DEAF8F71DEB08FBDB3B18FB2
:101AE000E8C8B28F72DEB38F73DEB48F74DEB58F49
:101AF00075DEB68FC1E5B78F76DEB88F77DEB98F2A
:101B0000DFB1BA8F78DEBB8F79DEBC8F7ADEBD8F16
:101B1000C9C1BE8FEFB4BF8F7BDEC08F7CDEC18FAB
:101B2000A8C7C28FD8D3C38F7DDEC48FF9C6C58F37
:101B3000B8D1C68F7EDEC78FFDB9C88FF5C2C98FF9
:101B400080DECA8F81DECB8F82DECC8F83DECD8FAD
:101B500084DECE8FADD3CF8F85DED08FCBD4D18F27
:101B6000FCBDD28F86DED38FC2E5D48FB5B7D58FBB
:101B7000C3E5D68F87DED78F88DED88FB9BBD98FE4
:101B8000E2D5DA8F89DEDB8FF8BDDC8FB6D4DD8F4E
:101B9000A5CEDE8FACC1DF8FD9B3E08F8ADEE18FB7
:101BA0008BDEE28FF6CCE38F8CDEE48FC6E5E58F2B
:101BB000C4E5E68FC8E5E78F8DDEE88FCAE5E98FDB
:101BC000C7E5EA8FCFB5EB8FC8C6EC8F8EDEED8F01
:101BD000FCB5EE8FC5E5EF8F8FDEF08FF6CAF18F83
:101BE00090DEF28F91DEF38FC9E5F48F92DEF58FF0
:101BF00093DEF68F94DEF78FD4C3F88FC5B1F98FDB
:101C0000A3BCFA8F95DEFB8F96DEFC8F97DEFD8FEF
:101C1000B7D7FE8F98DEFF8F99DE0090CBCD019075
:101C2000CDCB0290CACA0390D3CC0490CCE50590EA
:101C3000CBE50690E6C407909ADE08909BDE0990FB
:101C4000A1D10A90B7D10B90CDE50C909CDE0D9000
:101C5000D0E50E909DDE0F90B8CD1090F0D611908B
:101C6000CFE51290DDB513909EDE1490BECD159099
:101C70009FDE1690D1E51790BAB61890A0DE1990A5
:101C800040DF1A90A8CD1B90E4B91C9041DF1D9055
:101C9000C5CA1E90D1B31F90D9CB2090ECD421900F
:101CA000D2E52290EAB7239042DF249043DF2590CB
:101CB00044DF2690CEE5279045DF289046DF299027
:101CC00047DF2A9048DF2B9049DF2C904ADF2D9088
:101CD000D5E52E90FEB42F90D6E530904BDF3190B5
:101CE0004CDF32904DDF33904EDF34904FDF359034
:101CF000D3E53690D4E5379050DF3890DDD2399077
:101D000051DF3A9052DF3B90DFC23C90C6B13D902C
:101D100053DF3E90E2D33F9054DF409055DF419037
:101D2000DDB64290ECCB439056DF4490D7E545902A
:101D300057DF469058DF4790F6D3489059DF4990D7
:101D40005ADF4A905BDF4B905CDF4C905DDF4D903B
:101D5000E9B14E905EDF4F90F4B65090DAE55190C5
:101D6000D8E55290D9E55390C0B554905FDF5590B7
:101D700060DF569061DF5790C5D25890DCE55990EE
:101D800062DF5A9063DF5B90DEE55C9064DF5D901C
:101D900065DF5E9066DF5F9067DF609068DF61906F
:101DA00069DF6290DDE56390B2C764906ADF659099
:101DB000A3D266906BDF67906CDF6890DBE569907B
:101DC0006DDF6A906EDF6B906FDF6C9070DF6D90EF
:101DD000E2D46E90DAD56F9071DF709072DF7190FF
:101DE00073DF729074DF739075DF7490E0E5759027
:101DF000F1D7769076DF779077DF789078DF7990FB
:101E000079DF7A907ADF7B907BDF7C907CDF7D903E
:101E1000E1E57E907DDF7F90DCB18090FBD1819009
:101E20007EDF8290E2E58390E4E5849080DF859018
:101E300081DF869082DF879083DF8890E3E5899059
:101E400084DF8A9085DF8B90E5E58C9086DF8D902E
:101E500087DF8E9088DF8F9089DF90908ADF919066
:101E6000D8D292908BDF9390CBB594908CDF9590E5
:101E7000DFE796908DDF9790F5DA98908EDF999056
:101E8000F8DA9A908FDF9B90F6DA9C9090DF9D9025
:101E9000F7DA9E9091DF9F9092DFA09093DFA19060
:101EA000FADAA290CFD0A390C7C4A49094DFA590F3
:101EB00095DFA690EEB0A79096DFA89097DFA99047
:101EC00098DFAA90B0D0AB9099DFAC90F9DAAD90E2
:101ED0009ADFAE90CAD3AF90AABAB090A2DBB1900D
:101EE000F1C7B2909BDFB390FCDAB490FBDAB59007
:101EF000DBC9B690FDDAB7909CDFB890A1DBB99052
:101F0000DED7BA90FEDABB90DAC1BC909DDFBD90FF
:101F10009EDFBE90A5DBBF909FDFC090A0DFC19089
:101F2000F4D3C29040E0C39041E0C490A7DBC590D9
:101F3000A4DBC69042E0C790A8DBC89043E0C990FC
:101F400044E0CA90BCBDCB9045E0CC9046E0CD903B
:101F500047E0CE90C9C0CF90A3DBD090A6DBD19054
:101F6000A3D6D29048E0D390A9DBD49049E0D59095
:101F70004AE0D6904BE0D790ADDBD8904CE0D990BA
:101F80004DE0DA904EE0DB90AEDBDC90ACDBDD9038
:101F9000C2BADE904FE0DF9050E0E09051E0E19077
:101FA000A4BFE290ABDBE39052E0E49053E0E59015
:101FB00054E0E690AADBE790C7D4E890BFB2E9907E
:101FC00055E0EA9056E0EB90AFDBEC9057E0ED90F7
:101FD000F9B9EE9058E0EF90B0DBF09059E0F19055
:101FE0005AE0F2905BE0F3905CE0F490BBB3F590C4
:101FF0005DE0F6905EE0F7905FE0F890A6B5F990AE
:1020000060E0FA9061E0FB9062E0FC9063E0FD909C
:10201000BCB6FE90B1DBFF9064E0009165E00191F9
:1020200066E00291F5B6039167E00491B2DB059199
:1020300068E0069169E007916AE008916BE0099118
:102040006CE00A916DE00B916EE00C916FE00D91E8
:1020500070E00E9171E00F9172E0109173E01191B8
:1020600074E0129175E0139176E0149177E0159188
:1020700078E0169179E017917AE018917BE0199158
:10208000C9B11A917CE01B917DE01C917EE01D910D
:1020900080E01E91B4DB1F9181E0209182E02191CC
:1020A00083E02291B3DB2391B5DB249184E0259179
:1020B00085E0269186E0279187E0289188E02991A4
:1020C00089E02A918AE02B918BE02C918CE02D9174
:1020D0008DE02E918EE02F91B7DB30918FE0319122
:1020E000B6DB329190E0339191E0349192E03591FA
:1020F00093E0369194E0379195E0389196E03991EC
:10210000B8DB3A9197E03B9198E03C9199E03D91A2
:102110009AE03E919BE03F919CE040919DE041918F
:102120009EE042919FE04391B9DB4491A0E045914C
:1021300040E14691BADB479141E1489142E1499142
:10214000CFD34A91FAF44B91F5C74C91C3D74D9137
:10215000E4C54E91FCF44F91FDF45091FBF4519184
:1021600043E15291C6BE539144E1549145E15591EA
:1021700046E1569147E15791EFD0589148E1599186
:1021800049E15A91D3B75B914AE15C914BE15D9192
:10219000CDD45E91AACC5F914CE160914DE161910B
:1021A000A2F56291A1F56391A8BA6491FEF46591DC
:1021B000D6CB66914EE167914FE1689150E169910C
:1021C000A4F56A91D2C06B9151E16C91EAB36D9123
:1021D00052E16E91AACD6F91A5F57091A3F5719121
:1021E000B4BD7291A8F5739153E17491A9F57591FD
:1021F000CDBD7691B8C37791E1BF7891E1CB79916C
:10220000AAF57A9154E17B9155E17C9156E17D915B
:10221000A6F57E91A7F57F91F0C4809157E1819159
:1022200058E1829159E183915AE184915BE1859172
:10223000ACF586915CE18791BCB488915DE18991B0
:10224000EDD78A915EE18B91D7B48C91ABF58D91EE
:10225000AEF58E915FE18F9160E19091ADF5919136
:10226000AFF59291D1D0939161E1949162E1959112
:1022700063E1969164E1979165E1989166E19991A6
:1022800067E19A91D1C39B91A9C89C9168E19D9106
:1022900069E19E916AE19F916BE1A0916CE1A1914E
:1022A0006DE1A291B0F5A391B1F5A4916EE1A59174
:1022B0006FE1A69170E1A79171E1A89172E1A991F6
:1022C00073E1AA91B2F5AB9174E1AC9175E1AD9176
:1022D000B3F5AE91B4F5AF91B5F5B09176E1B191AA
:1022E00077E1B29178E1B39179E1B491B7F5B59125
:1022F000B6F5B6917AE1B7917BE1B8917CE1B991FD
:102300007DE1BA91B8F5BB917EE1BC9180E1BD91D0
:1023100081E1BE9182E1BF9183E1C09184E1C191ED
:1023200085E1C29186E1C39187E1C49188E1C591BD
:1023300089E1C6918AE1C791C9B2C8918BE1C9917F
:10234000D4D3CA91CDCACB918CE1CC91EFC0CD91C1
:10235000D8D6CE91B0D2CF91BFC1D0918DE1D191DD
:10236000F0BDD2918EE1D3918FE1D49190E1D591DE
:1023700091E1D69192E1D79193E1D89194E1D991ED
:1023800095E1DA9196E1DB9197E1DC91AAB8DD91D4
:1023900098E1DE9199E1DF919AE1E0919BE1E19191
:1023A0009CE1E2919DE1E3919EE1E4919FE1E59161
:1023B000A0E1E69140E2E79141E2E89142E2E99151
:1023C00043E2EA9144E2EB9145E2EC9146E2ED9181
:1023D00047E2EE9148E2EF9149E2F0914AE2F19151
:1023E0004BE2F2914CE2F3914DE2F4914EE2F59121
:1023F0004FE2F69150E2F79151E2F89152E2F991F1
:1024000053E2FA9154E2FB9155E2FC9156E2FD91C0
:1024100057E2FE9158E2FF9159E200925AE201928E
:102420005BE202925CE203925DE204925EE205925C
:102430005FE2069260E2079261E2089262E209922C
:1024400063E20A9264E20B9265E20C9266E20D92FC
:1024500067E20E9268E20F9269E210926AE21192CC
:102460006BE212926CE213926DE214926EE215929C
:102470006FE2169270E2179271E2189272E219926C
:1024800073E21A9274E21B9275E21C9276E21D923C
:1024900077E21E9278E21F9279E220927AE221920C
:1024A0007BE222927CE223927DE224927EE22592DC
:1024B00080E2269281E2279282E2289283E22992A8
:1024C00084E22A9285E22B9286E22C9287E22D9278
:1024D00088E22E9289E22F928AE230928BE2319248
:1024E0008CE232928DE233928EE234928FE2359218
:1024F00090E2369291E2379292E2389293E23992E8
:1025000094E23A9295E23B9296E23C9297E23D92B7
:1025100098E23E9299E23F929AE240929BE2419287
:102520009CE242929DE243929EE244929FE2459257
:10253000A0E2469240E3479241E3489242E3499247
:1025400043E34A9244E34B9245E34C9246E34D9277
:1025500047E34E9248E34F9249E350924AE3519247
:102560004BE352924CE353924DE354924EE3559217
:102570004FE3569250E3579251E3589252E35992E7
:1025800053E35A9254E35B9255E35C9256E35D92B7
:1025900057E35E9258E35F9259E360925AE3619287
:1025A0005BE362925CE363925DE364925EE3659257
:1025B0005FE3669260E3679261E3689262E3699227
:1025C00063E36A9264E36B9265E36C9266E36D92F7
:1025D00067E36E9268E36F9269E370926AE37192C7
:1025E0006BE372926CE373926DE37492F8BC759234
:1025F0006EE376926FE3779270E3789271E379926B
:1026000072E37A9273E37B9274E37C9275E37D923A
:1026100076E37E9277E37F9278E3809279E381920A
:102620007AE382927BE383927CE384927DE38592DA
:102630007EE3869280E3879281E3889282E38992A7
:1026400083E38A9284E38B9285E38C9286E38D9276
:1026500087E38E92C6F68F9288E3909289E39192F7
:102660008AE392928BE393928CE394928DE395921A
:102670008EE396928FE3979290E3989291E39992EA
:1026800092E39A9293E39B9294E39C9295E39D92BA
:1026900096E39E9297E39F9298E3A09299E3A1928A
:1026A0009AE3A2929BE3A3929CE3A4929DE3A5925A
:1026B0009EE3A6929FE3A792A0E3A89240E4A9928A
:1026C00041E4AA9242E4AB9243E4AC9244E4AD927A
:1026D00045E4AE92C7F6AF9246E4B09247E4B192B9
:1026E00048E4B29249E4B3924AE4B4924BE4B5921E
:1026F0004CE4B6924DE4B7924EE4B8924FE4B992EE
:1027000050E4BA9251E4BB9252E4BC9253E4BD92BD
:1027100054E4BE9255E4BF9256E4C09257E4C1928D
:1027200058E4C29259E4C3925AE4C4925BE4C5925D
:102730005CE4C6925DE4C7925EE4C892C8F6C992B2
:102740005FE4CA9260E4CB9261E4CC9262E4CD9201
:1027500063E4CE9264E4CF9265E4D09266E4D192D1
:1027600067E4D29268E4D39269E4D4926AE4D592A1
:102770006BE4D6926CE4D7926DE4D8926EE4D99271
:102780006FE4DA9270E4DB9271E4DC9272E4DD9241
:1027900073E4DE9274E4DF9275E4E09276E4E19211
:1027A00077E4E29278E4E39279E4E4927AE4E592E1
:1027B0007BE4E6927CE4E7927DE4E8927EE4E992B1
:1027C00080E4EA9281E4EB9282E4EC9283E4ED927D
:1027D00084E4EE9285E4EF9286E4F09287E4F1924D
:1027E00088E4F29289E4F3928AE4F4928BE4F5921D
:1027F0008CE4F6928DE4F7928EE4F8928FE4F992ED
:1028000090E4FA9291E4FB9292E4FC9293E4FD92BC
:1028100094E4FE9295E4FF9296E4009397E401938A
:1028200098E4029399E403939AE404939BE4059358
:102830009CE406939DE407939EE408939FE4099328
:10284000A0E40A9340E50B9341E50C9342E50D9318
:1028500043E50E9344E50F9345E5109346E5119348
:1028600047E5129348E5139349E514934AE5159318
:102870004BE516934CE517934DE518934EE51993E8
:102880004FE51A9350E51B9351E51C9352E51D93B8
:1028900053E51E9354E51F9355E5209356E5219388
:1028A00057E5229358E5239359E524935AE5259358
:1028B0005BE526935CE527935DE528935EE5299328
:1028C0005FE52A9360E52B9361E52C9362E52D93F8
:1028D00063E52E9364E52F9365E5309366E53193C8
:1028E00067E5329368E5339369E534936AE5359398
:1028F0006BE536936CE537936DE538936EE5399368
:102900006FE53A9370E53B9371E53C9372E53D9337
:1029100073E53E93C9F63F9374E5409375E54193A3
:1029200076E5429377E5439378E5449379E54593DB
:102930007AE546937BE547937CE548937DE54993AB
:102940007EE54A9380E54B9381E54C9382E54D9378
:1029500083E54E9384E54F9385E5509386E5519347
:1029600087E5529388E5539389E554938AE5559317
:102970008BE556938CE557938DE558938EE55993E7
:102980008FE55A9390E55B9391E55C9392E55D93B7
:1029900093E55E9394E55F9395E5609396E5619387
:1029A00097E5629398E5639399E564939AE5659357
:1029B0009BE566939CE567939DE568939EE5699327
:1029C0009FE56A93CAF66B93A0E56C9340E66D931E
:1029D00041E66E9342E66F9343E6709344E671934B
:1029E00045E6729346E6739347E6749348E675931B
:1029F00049E676934AE677934BE678934CE67993EB
:102A00004DE67A934EE67B934FE67C9350E67D93BA
:102A100051E67E9352E67F9353E6809354E681938A
:102A200055E6829356E6839357E6849358E685935A
:102A300059E686935AE687935BE688935CE689932A
:102A40005DE68A935EE68B935FE68C9360E68D93FA
:102A500061E68E9362E68F93CCF6909363E6919352
:102A600064E6929365E6939366E6949367E695939E
:102A700068E6969369E697936AE698936BE699936E
:102A80006CE69A936DE69B936EE69C936FE69D933E
:102A900070E69E9371E69F9372E6A09373E6A1930E
:102AA00074E6A29375E6A39376E6A49377E6A593DE
:102AB00078E6A69379E6A7937AE6A8937BE6A993AE
:102AC0007CE6AA937DE6AB937EE6AC9380E6AD937D
:102AD00081E6AE9382E6AF9383E6B09384E6B1934A
:102AE00085E6B29386E6B39387E6B49388E6B5931A
:102AF00089E6B6938AE6B7938BE6B8938CE6B993EA
:102B00008DE6BA938EE6BB938FE6BC9390E6BD93B9
:102B100091E6BE9392E6BF9393E6C09394E6C19389
:102B200095E6C29396E6C39397E6C49398E6C59359
:102B300099E6C6939AE6C7939BE6C8939CE6C99329
:102B40009DE6CA93CBF6CB939EE6CC939FE6CD93BE
:102B5000A0E6CE9340E7CF9341E7D09342E7D193ED
:102B600043E7D29344E7D39345E7D49346E7D5931D
:102B700047E7D693E9F7D79348E7D89349E7D9933E
:102B80004AE7DA934BE7DB934CE7DC934DE7DD93C1
:102B90004EE7DE934FE7DF9350E7E09351E7E19391
:102BA00052E7E29353E7E39354E7E49355E7E59361
:102BB00056E7E69357E7E79358E7E89359E7E99331
:102BC0005AE7EA935BE7EB935CE7EC935DE7ED9301
:102BD0005EE7EE935FE7EF9360E7F09361E7F193D1
:102BE00062E7F29363E7F39364E7F49365E7F593A1
:102BF00066E7F69367E7F79368E7F89369E7F99371
:102C00006AE7FA936BE7FB936CE7FC936DE7FD9340
:102C10006EE7FE936FE7FF9370E7009471E701940E
:102C200072E7029473E7039474E7049475E70594DC
:102C300076E7069477E7079478E7089479E70994AC
:102C40007AE70A947BE70B947CE70C947DE70D947C
:102C50007EE70E9480E70F9481E7109482E7119449
:102C600083E7129484E7139485E7149486E7159418
:102C700087E7169488E7179489E718948AE71994E8
:102C80008BE71A948CE71B948DE71C948EE71D94B8
:102C90008FE71E9490E71F9491E7209492E7219488
:102CA00093E7229494E7239495E7249496E7259458
:102CB00097E7269498E7279499E728949AE7299428
:102CC0009BE72A949CE72B949DE72C949EE72D94F8
:102CD0009FE72E94A0E72F9440E8309441E8319488
:102CE00042E8329443E8339444E8349445E8359418
:102CF00046E8369447E8379448E8389449E83994E8
:102D00004AE83A944BE83B944CE83C944DE83D94B7
:102D10004EE83E94CDF63F944FE8409450E84194FD
:102D200051E8429452E8439453E8449454E845945B
:102D300055E8469456E8479457E8489458E849942B
:102D400059E84A945AE84B945BE84C945CE84D94FB
:102D50005DE84E945EE84F945FE8509460E85194CB
:102D600061E8529462E8539463E8549464E855949B
:102D700065E8569466E8579467E8589468E859946B
:102D800069E85A946AE85B946BE85C946CE85D943B
:102D90006DE85E946EE85F946FE8609470E861940B
:102DA00071E8629472E8639473E8649474E86594DB
:102DB00075E8669476E8679477E8689478E86994AB
:102DC00079E86A947AE86B94CEF66C947BE86D941B
:102DD0007CE86E947DE86F947EE8709480E871944E
:102DE00081E8729482E8739483E8749484E875941B
:102DF00085E8769486E8779487E8789488E87994EB
:102E000089E87A948AE87B948BE87C948CE87D94BA
:102E10008DE87E948EE87F948FE8809490E881948A
:102E200091E8829492E8839493E8849494E885945A
:102E3000C4EE8694C5EE8794C6EE8894EBD589944B
:102E4000A4B68A94C8EE8B94C7EE8C94C9EE8D9488
:102E5000CAEE8E94A5C78F94CBEE9094CCEE91944D
:102E600095E89294B0B79394F6B59494CDEE95947A
:102E7000CFEE969496E89794CEEE989497E899942E
:102E8000C6B89A94D0EE9B94D1EE9C94D2EE9D94C9
:102E9000DBB69E94AEB39F94D3D6A094C6C4A1943F
:102EA000B5B1A294D6B8A394D3EEA494D4EEA594CD
:102EB000BFD4A694D5C7A794FBBEA894D9CEA99495
:102EC000B3B9AA94D6EEAB94D5EEAC94D8EEAD944B
:102ED000D7EEAE94A5C5AF94D9EEB094DAEEB19426
:102EE000AEC7B294DBEEB394AFC7B494DCEEB59446
:102EF000A7B2B694DDEEB794DEEEB894DFEEB994E7
:102F0000E0EEBA94E1EEBB94EAD7BC94E2EEBD9455
:102F1000E3EEBE94D8BCBF94E4EEC094CBD3C1948E
:102F2000FACCC294ACB2C394E5C1C494E5EEC594A6
:102F3000A6C7C694ADC3C79498E8C894E6EEC994F2
:102F4000E7EECA94E8EECB94E9EECC94EAEECD94A9
:102F5000EBEECE94ECEECF9499E8D094EDEED194D4
:102F6000EEEED294EFEED3949AE8D4949BE8D59405
:102F7000F0EED694F1EED794F2EED894F4EED99424
:102F8000F3EEDA949CE8DB94F5EEDC94ADCDDD94C1
:102F9000C1C2DE94F6EEDF94F7EEE094F8EEE19431
:102FA000A1D5E294F9EEE394B3CFE494FAEEE5947C
:102FB000FBEEE6949DE8E794FCEEE894FDEEE994E0
:102FC000A1EFEA94FEEEEB94A2EFEC94F5B8ED9449
:102FD000FAC3EE94A3EFEF94A4EFF094C2BDF19482
:102FE000BFD2F294F9B2F394A5EFF494A6EFF5945E
:102FF000A7EFF694F8D2F794A8EFF894FDD6F994D9
:10300000A9EFFA94CCC6FB949EE8FC94AAEFFD9439
:10301000ABEFFE94B4C1FF94ACEF0095FACF0195ED
:10302000F8CB0295AEEF0395ADEF0495FAB3059595
:10303000F8B90695AFEF0795B0EF0895E2D009957E
:10304000B1EF0A95B2EF0B95E6B70C95BFD00D9591
:10305000B3EF0E95B4EF0F95B5EF1095F1C811953C
:10306000E0CC1295B6EF1395B7EF1495B8EF159520
:10307000B9EF1695BAEF1795E0D51895BBEF1995EE
:10308000EDB41A95AAC31B95BCEF1C959FE81D953E
:10309000BDEF1E95BEEF1F95BFEF2095A0E82195CF
:1030A000FDCE2295C0EF2395E0C22495B8B42595B6
:1030B000B6D72695F5BD279540E92895C7CF299520
:1030C000C3EF2A95C1EF2B95C2EF2C95C4EF2D9538
:1030D000A7B62E95FCBC2F95E2BE3095CCC331959A
:1030E000C5EF3295C6EF339541E93495C7EF359575
:1030F000CFEF3695C8EF3795C9EF3895CAEF3995B8
:10310000C2C73A95F1EF3B95CDB63C95CBEF3D95D7
:1031100042E93E95CCEF3F95CDEF4095C6B641953F
:10312000BEC34295CEEF439543E94495D0EF459514
:10313000D1EF4695D2EF4795F2D5489544E94995A8
:10314000D3EF4A95F7C44B9545E94C95D4EF4D958F
:10315000F8C44E95D5EF4F95D6EF5095E4B85195FC
:10316000F7B05295D7EF5395D8EF5495D9EF5595C1
:1031700046E95695DAEF5795DBEF5895DCEF599510
:10318000DDEF5A9547E95B95DEEF5C95B5BE5D9541
:10319000E1EF5E95DFEF5F95E0EF609548E96195BF
:1031A000E2EF6295E3EF6395CDC16495E4EF659539
:1031B000E5EF6695E6EF6795E7EF6895E8EF6995C7
:1031C000E9EF6A95EAEF6B95EBEF6C95ECEF6D9597
:1031D000D8C06E9549E96F95EDEF7095ADC17195C9
:1031E000EEEF7295EFEF7395F0EF74954AE97595F0
:1031F0004BE97695E2CF77954CE978954DE979954D
:103200004EE97A954FE97B9550E97C9551E97D959A
:1032100052E97E9553E97F95A4B3809554E9819551
:1032200055E9829556E9839557E9849558E985953E
:1032300059E986955AE987955BE988955CE989950E
:103240005DE98A955EE98B955FE98C9560E98D95DE
:1032500061E98E9562E98F9563E9909564E99195AE
:1032600065E9929566E9939567E9949568E995957E
:1032700069E996956AE997956BE998956CE999954E
:103280006DE99A956EE99B956FE99C9570E99D951E
:1032900071E99E9572E99F9573E9A09574E9A195EE
:1032A00075E9A29576E9A39577E9A49578E9A595BE
:1032B00079E9A6957AE9A7957BE9A8957CE9A9958E
:1032C0007DE9AA957EE9AB9580E9AC9581E9AD955C
:1032D00082E9AE9583E9AF9584E9B09585E9B1952A
:1032E00086E9B29587E9B39588E9B49589E9B595FA
:1032F0008AE9B6958BE9B7958CE9B8958DE9B995CA
:103300008EE9BA958FE9BB9590E9BC9591E9BD9599
:1033100092E9BE9593E9BF9594E9C09595E9C19569
:1033200096E9C29597E9C39598E9C49599E9C59539
:103330009AE9C6959BE9C7959CE9C8959DE9C99509
:103340009EE9CA959FE9CB95A0E9CC9540EACD9539
:1033500041EACE9542EACF9543EAD09544EAD19529
:1033600045EAD29546EAD39547EAD49548EAD595F9
:1033700049EAD6954AEAD7954BEAD8954CEAD995C9
:103380004DEADA954EEADB954FEADC9550EADD9599
:1033900051EADE9552EADF9553EAE09554EAE19569
:1033A00055EAE29556EAE39557EAE49558EAE59539
:1033B00059EAE6955AEAE7955BEAE895C5C3E995C7
:1033C000C5E3EA95C1C9EB95C6E3EC955CEAED95DA
:1033D000D5B1EE95CACEEF95B3B4F095F2C8F1959C
:1033E000C7E3F295D0CFF395C8E3F495E4BCF59527
:1033F000C9E3F695CAE3F795C6C3F895A2D5F99542
:10340000D6C4FA95EBB9FB95C5CEFC95CBE3FD95FB
:10341000F6C3FE95CCE3FF955DEA0096A7B701964B
:10342000F3B80296D2BA0396CDE30496CEE305969E
:10343000C4D40696CFE307965EEA0896D0E30996D1
:10344000CBD10A96D1E30B96D2E30C96D3E30D963B
:10345000D4E30E96D6D10F96D5E31096FBB2119613
:10346000BBC01296D6E313965FEA1496ABC01596CE
:10347000D7E31696D8E31796D9E3189660EA19961B
:10348000DAE31A96DBE31B9661EA1C96B7B81D9641
:10349000E2DA1E9662EA1F96D3B6209663EA219678
:1034A000E4DA2296E3DA239664EA249665EA25961E
:1034B00066EA269667EA279668EA289669EA2996D0
:1034C0006AEA2A96E6DA2B966BEA2C966CEA2D9637
:1034D0006DEA2E96EEC82F966EEA30966FEA319618
:1034E000E5DA3296C0B73396F4D13496F5D23596F4
:1034F000F3D53696D7BD379670EA389671EA399685
:1035000072EA3A9673EA3B96E8D73C96E8DA3D963B
:10351000E7DA3E9674EA3F96A2B04096D3CD419644
:1035200075EA4296E9DA439676EA4496BDB845963E
:10353000CABC4696BDC24796A4C24896C2B3499635
:10354000EADA4A9677EA4B96AAC24C96B0C44D96F0
:10355000B5BD4E9678EA4F9679EA5096DECF5196F1
:103560007AEA52967BEA53967CEA5496EBDA5596C1
:10357000C2C956967DEA57967EEA589680EA5996D1
:1035800081EA5A9682EA5B96DDB15C9683EA5D96A3
:1035900084EA5E9685EA5F96ECDA609686EA619642
:1035A000B8B66296BAD4639687EA6496FDB3659618
:1035B00088EA669689EA6796EDDA6896C9D46996CC
:1035C000D5CF6A96E3C56B968AEA6C96EEDA6D966D
:1035D0008BEA6E968CEA6F968DEA70968EEA7196FB
:1035E0008FEA7296EFDA739690EA7496F0DA75962F
:1035F000EAC17696D5CC7796DDCF789691EA799622
:1036000092EA7A9693EA7B9694EA7C9695EA7D967E
:1036100096EA7E9697EA7F9698EA809699EA81964E
:103620009AEA82969BEA83969CEA84969DEA85961E
:10363000E7D38696A1C287969EEA8896F1DA8996A4
:103640009FEA8A96A0EA8B96E5CB8C9640EB8D9606
:10365000F2DA8E9641EB8F96E6CB9096FED291965B
:1036600042EB929643EB939644EB9496F4B895967E
:1036700045EB969646EB9796F3DA9896AFB0999607
:10368000B6CF9A9647EB9B9648EB9C96CFD59D96E6
:1036900049EB9E964AEB9F964BEBA0964CEBA1967E
:1036A0004DEBA2964EEBA3964FEBA49650EBA5964E
:1036B00051EBA69652EBA796EDCBA89653EBA996A5
:1036C00054EBAA9655EBAB9656EBAC9657EBAD96F2
:1036D00058EBAE9659EBAF965AEBB096F4DAB1963A
:1036E0005BEBB2965CEBB396C4E3B4965DEBB59638
:1036F0005EEBB696A5C1B7965FEBB89660EBB99650
:10370000BFF6BA9661EBBB9662EBBC96C0F6BD966F
:10371000C1F6BE96D1C4BF9663EBC096B8C8C19639
:10372000E3D1C29664EBC39665EBC496DBD0C59635
:10373000C5D1C696AFBCC796CDB9C89666EBC9963B
:10374000F4EFCA9667EBCB9668EBCC96C6B4CD96F1
:10375000BAD3CE96C2F6CF96FBB3D09669EBD1968C
:103760006AEBD296C3F6D3966BEBD4966CEBD596F8
:10377000F1B5D6966DEBD7966EEBD8966FEBD996E2
:1037800070EBDA9671EBDB9672EBDC9673EBDD9601
:1037900074EBDE9675EBDF9676EBE096C5F6E19678
:1037A00077EBE29678EBE39679EBE4967AEBE596A5
:1037B0007BEBE6967CEBE7967DEBE896EAD3E99621
:1037C000A7F6EA96A9D1EB967EEBEC9680EBED9608
:1037D00081EBEE9682EBEF96A9F6F09683EBF196ED
:1037E00084EBF29685EBF396A8F6F49686EBF596C5
:1037F00087EBF696E3C1F796D7C0F89688EBF99673
:10380000A2B1FA9689EBFB968AEBFC968BEBFD96C0
:103810008CEBFE96EDCEFF968DEB0097E8D00197EE
:10382000ABF602978EEB03978FEB0497F6CF0597D5
:1038300090EB0697AAF60797F0D50897ACF609978C
:10384000B9C30A9791EB0B9792EB0C9793EB0D97FB
:10385000F4BB0E97AEF60F97ADF6109794EB119759
:1038600095EB129796EB1397DEC4149797EB159789
:1038700098EB1697D8C1179799EB18979AEB199769
:103880009BEB1A979CEB1B979DEB1C97AACB1D9764
:103890009EEB1E97BCCF1F979FEB2097A0EB219725
:1038A00040EC229741EC239742EC249743EC259778
:1038B00044EC269745EC279746EC289747EC299748
:1038C00048EC2A97AFF62B9749EC2C974AEC2D97AA
:1038D000B0F62E974BEC2F974CEC3097B1F6319712
:1038E0004DEC3297B6C233974EEC34974FEC359788
:1038F00050EC369751EC379752EC3897D4B0399753
:10390000F9C53A9753EC3B9754EC3C9755EC3D97EF
:1039100056EC3E97B2F63F9757EC409758EC4197DC
:1039200059EC42975AEC43975BEC44975CEC459713
:103930005DEC46975EEC47975FEC489760EC4997E3
:1039400061EC4A9762EC4B9763EC4C9764EC4D97B3
:1039500065EC4E9766EC4F9767EC509768EC519783
:1039600069EC5297E0C75397A6F654976AEC5597BF
:103970006BEC5697B8BE57976CEC58976DEC59970F
:10398000B2BE5A976EEC5B97E5B55C976FEC5D97AE
:1039900070EC5E97C7B75F9771EC6097BFBF619798
:1039A000D2C36297E6C3639772EC649773EC659732
:1039B000CCD8669774EC679775EC689776EC699746
:1039C000EFB86A9777EC6B9778EC6C9779EC6D971A
:1039D0007AEC6E977BEC6F977CEC70977DEC71972F
:1039E0007EEC729780EC7397F9BD7497A5D17597AB
:1039F00081EC7697D0B0779782EC789783EC7997C3
:103A000084EC7A9785EC7B9786EC7C97B0F77D9772
:103A100087EC7E9788EC7F9789EC80978AEC81977A
:103A20008BEC82978CEC83978DEC84978EEC85974A
:103A3000B1F786978FEC879790EC889791EC8997F0
:103A400092EC8A9793EC8B97ACD08C9794EC8D97F3
:103A5000B0B08E9795EC8F9796EC909797EC9197E6
:103A6000B2F79297B3F7939798EC9497B4F795972A
:103A700099EC96979AEC97979BEC9897CAC7999769
:103A80009CEC9A979DEC9B979EEC9C979FEC9D9746
:103A9000A0EC9E9740ED9F9741EDA097CFBEA197D8
:103AA00042EDA29743EDA397B7F7A49744EDA597EE
:103AB00045EDA69746EDA79747EDA89748EDA9973E
:103AC00049EDAA974AEDAB97B6F7AC974BEDAD979A
:103AD000DEB1AE974CEDAF97B5F7B0974DEDB1971E
:103AE0004EEDB297B8F7B3974FEDB497B9F7B597D6
:103AF00050EDB69751EDB79752EDB89753EDB99792
:103B000054EDBA9755EDBB9756EDBC9757EDBD9761
:103B100058EDBE9759EDBF975AEDC0975BEDC19731
:103B20005CEDC2975DEDC3975EEDC4975FEDC59701
:103B300060EDC69761EDC79762EDC89763EDC997D1
:103B400064EDCA9765EDCB9766EDCC9767EDCD97A1
:103B500068EDCE9769EDCF976AEDD0976BEDD19771
:103B60006CEDD2976DEDD3976EEDD4976FEDD59741
:103B700070EDD69771EDD79772EDD89773EDD99711
:103B800074EDDA9775EDDB9776EDDC9777EDDD97E1
:103B900078EDDE9779EDDF977AEDE0977BEDE197B1
:103BA0007CEDE2977DEDE3977EEDE49780EDE59780
:103BB00081EDE697A4CEE797CDC8E89782EDE99727
:103BC000ABBAEA97B8E8EB97B9E8EC97BAE8ED97A3
:103BD000C2BEEE9783EDEF9784EDF09785EDF197F8
:103BE00086EDF29787EDF397F4D2F49788EDF59789
:103BF000CFD4F697D8C9F79789EDF8978AEDF9975A
:103C00008BEDFA978CEDFB978DEDFC978EEDFD9784
:103C10008FEDFE9790EDFF9791ED009892ED019852
:103C200093ED029894ED039895ED049896ED059820
:103C300097ED069898ED079899ED08989AED0998F0
:103C40009BED0A989CED0B989DED0C989EED0D98C0
:103C50009FED0E98A0ED0F9840EE109841EE119850
:103C600042EE129843EE139844EE149845EE1598E0
:103C700046EE169847EE179848EE189849EE1998B0
:103C80004AEE1A984BEE1B984CEE1C984DEE1D9880
:103C90004EEE1E984FEE1F9850EE209851EE219850
:103CA00052EE229853EE239854EE249855EE259820
:103CB00056EE269857EE279858EE289859EE2998F0
:103CC0005AEE2A985BEE2B985CEE2C985DEE2D98C0
:103CD0005EEE2E985FEE2F9860EE309861EE319890
:103CE00062EE329863EE339864EE349865EE359860
:103CF00066EE369867EE379868EE389869EE399830
:103D00006AEE3A986BEE3B986CEE3C986DEE3D98FF
:103D10006EEE3E986FEE3F9870EE409871EE4198CF
:103D200072EE429873EE439874EE449875EE45989F
:103D300076EE469877EE479878EE489879EE49986F
:103D40007AEE4A987BEE4B987CEE4C987DEE4D983F
:103D50007EEE4E9880EE4F9881EE509882EE51980C
:103D600083EE529884EE539885EE549886EE5598DB
:103D700087EE569888EE579889EE58988AEE5998AB
:103D80008BEE5A988CEE5B988DEE5C988EEE5D987B
:103D90008FEE5E9890EE5F9891EE609892EE61984B
:103DA00093EE629894EE639895EE649896EE65981B
:103DB00097EE669898EE679899EE68989AEE6998EB
:103DC0009BEE6A989CEE6B989DEE6C989EEE6D98BB
:103DD0009FEE6E98A0EE6F9840EF709841EF71984B
:103DE00042EF729843EF739844EF749845EF7598DB
:103DF000B3D27698A5B67798EAC77898FCF1799807
:103E0000EECF7A98B3CB7B98EBD07C98EFE77D9898
:103E1000E7CD7E98CBB97F98D9B68098FDF181988F
:103E2000E4B08298CCCB8398FEF18498A4D4859892
:103E3000ADC28698ECC18798C4C68898B1BE8998EF
:103E4000A1F28A98D5BC8B9846EF8C98A2F28D98F7
:103E5000A3F28E9847EF8F98A4F29098C3D29198CE
:103E6000B5C6929848EF9398C7CD9498A5F29598C7
:103E700049EF9698B1D39798C5BF9898E2CC999896
:103E80004AEF9A98A6F29B98A7F29C98D5D19D9854
:103E9000EEB69E98A8F29F98A9F2A098DFB5A198D7
:103EA000AAF2A298ABF2A3984BEFA498FCB2A59803
:103EB000ACF2A698ADF2A798A7C8A8984CEFA9981D
:103EC0004DEFAA984EEFAB984FEFAC9850EFAD98EE
:103ED00051EFAE9852EFAF9853EFB09854EFB198BE
:103EE00055EFB29856EFB39857EFB49858EFB5988E
:103EF00059EFB6985AEFB7985BEFB8985CEFB9985E
:103F00005DEFBA985EEFBB985FEFBC9860EFBD982D
:103F100061EFBE9862EFBF9863EFC09864EFC198FD
:103F200065EFC29866EFC39867EFC49868EFC598CD
:103F300069EFC6986AEFC7986BEFC8986CEFC9989D
:103F40006DEFCA986EEFCB986FEFCC9870EFCD986D
:103F500071EFCE98E7B7CF9872EFD09873EFD19802
:103F6000A9ECD298AAECD398ABECD49874EFD5987E
:103F7000ACECD69875EFD79876EFD898AEC6D998AE
:103F8000ADECDA98AEECDB9877EFDC9878EFDD9863
:103F900079EFDE98C9B7DF98B3CAE0987AEFE19875
:103FA0007BEFE2987CEFE3987DEFE4987EEFE59875
:103FB00080EFE69881EFE798B8E2E898CFF7E998C4
:103FC00082EFEA9883EFEB9884EFEC9885EFED9819
:103FD00086EFEE9887EFEF9888EFF09889EFF198E9
:103FE0008AEFF2988BEFF3988CEFF4988DEFF598B9
:103FF0008EEFF6988FEFF79890EFF89891EFF99889
:1040000092EFFA9893EFFB9894EFFC9895EFFD9858
:1040100096EFFE9897EFFF9898EF009999EF019926
:104020009AEF02999BEF03999CEF04999DEF0599F4
:104030009EEF06999FEF0799A0EF089940F0099924
:1040400041F00A9942F00B9943F00C9944F00D9914
:10405000D0F70E9945F00F9946F01099CDB211990D
:1040600047F0129948F0139949F014994AF01599BC
:104070004BF016994CF017994DF018994EF019998C
:104080004FF01A9950F01B9951F01C9952F01D995C
:1040900053F01E9954F01F9955F0209956F021992C
:1040A00057F0229958F0239959F024995AF02599FC
:1040B0005BF026995CF027995DF028995EF02999CC
:1040C0005FF02A9960F02B9961F02C9962F02D999C
:1040D00063F02E99D1F72F9964F0309965F03199FA
:1040E00066F0329967F0339968F0349969F0359940
:1040F0006AF036996BF037996CF038996DF0399910
:104100006EF03A996FF03B9970F03C9971F03D99DF
:1041100072F03E9973F03F9974F0409975F04199AF
:1041200076F0429977F0439978F0449979F045997F
:104130007AF046997BF047997CF048997DF049994F
:104140007EF04A9980F04B9981F04C9982F04D991C
:1041500083F04E9984F04F9985F0509986F05199EB
:1041600087F0529988F0539989F05499D3F755996B
:10417000D2F756998AF057998BF058998CF0599943
:104180008DF05A998EF05B998FF05C9990F05D9963
:1041900091F05E9992F05F9993F0609994F0619933
:1041A00095F0629996F06399BBE2649997F06599EE
:1041B000A2BC669998F06799BCE26899BDE26999DA
:1041C000BEE26A99BFE26B99C0E26C99C1E26D9957
:1041D000B9B76E99FBD26F99A4BD7099CECA719987
:1041E000A5B17299C7CB739999F07499C2E2759988
:1041F000FCB67699C4C87799C3E278999AF0799910
:104200009BF07A99C8BD7B999CF07C99FDB17D9912
:10421000C4E27E999DF07F99F6B68099C5E28199B6
:10422000D9C482999EF083999FF08499C6E28599BA
:10423000DACF8699DDB98799C7E28899A1C08999B3
:10424000A0F08A99C8E28B99F6B28C9940F18D99C9
:10425000C9E28E9941F18F99F3C19099CAE291997F
:10426000CBE29299F8C29399CCE29499CDE29599D8
:10427000CEE29699D7CA9799B8D89899E5D99999DD
:10428000E3CF9A9942F19B9943F19C9944F19D990E
:1042900045F19E9946F19F9947F1A09948F1A1995E
:1042A00049F1A2994AF1A3994BF1A4994CF1A5992E
:1042B000A5F0A6994DF1A7994EF1A899B0DCA9995E
:1042C0004FF1AA9950F1AB9951F1AC9952F1AD99D6
:1042D00053F1AE9954F1AF9955F1B09956F1B199A6
:1042E00057F1B29958F1B39959F1B4995AF1B59976
:1042F0005BF1B6995CF1B7995DF1B8995EF1B99946
:104300005FF1BA9960F1BB9961F1BC9962F1BD9915
:1043100063F1BE9964F1BF9965F1C09966F1C199E5
:1043200067F1C29968F1C39969F1C4996AF1C599B5
:104330006BF1C6996CF1C7996DF1C8996EF1C99985
:104340006FF1CA9970F1CB9971F1CC9972F1CD9955
:1043500073F1CE9974F1CF9975F1D09976F1D19925
:1043600077F1D29978F1D39979F1D4997AF1D599F5
:104370007BF1D6997CF1D7997DF1D8997EF1D999C5
:1043800080F1DA9981F1DB9982F1DC9983F1DD9991
:1043900084F1DE9985F1DF9986F1E09987F1E19961
:1043A00088F1E29989F1E3998AF1E4998BF1E59931
:1043B0008CF1E6998DF1E7998EF1E8998FF1E99901
:1043C00090F1EA9991F1EB9992F1EC9993F1ED99D1
:1043D00094F1EE9995F1EF9996F1F09997F1F199A1
:1043E00098F1F29999F1F3999AF1F4999BF1F59971
:1043F0009CF1F6999DF1F7999EF1F8999FF1F99941
:10440000A0F1FA9940F2FB9941F2FC9942F2FD9930
:1044100043F2FE9944F2FF9945F2009A46F2019A5E
:1044200047F2029A48F2039A49F2049A4AF2059A2C
:104430004BF2069A4CF2079A4DF2089A4EF2099AFC
:104440004FF20A9A50F20B9A51F20C9A52F20D9ACC
:1044500053F20E9A54F20F9A55F2109A56F2119A9C
:1044600057F2129A58F2139A59F2149A5AF2159A6C
:104470005BF2169A5CF2179A5DF2189A5EF2199A3C
:104480005FF21A9A60F21B9A61F21C9A62F21D9A0C
:1044900063F21E9A64F21F9A65F2209A66F2219ADC
:1044A00067F2229A68F2239A69F2249A6AF2259AAC
:1044B0006BF2269A6CF2279A6DF2289A6EF2299A7C
:1044C0006FF22A9A70F22B9A71F22C9A72F22D9A4C
:1044D00073F22E9A74F22F9A75F2309A76F2319A1C
:1044E00077F2329A78F2339A79F2349A7AF2359AEC
:1044F0007BF2369A7CF2379A7DF2389A7EF2399ABC
:1045000080F23A9A81F23B9A82F23C9A83F23D9A87
:1045100084F23E9A85F23F9A86F2409A87F2419A57
:1045200088F2429A89F2439A8AF2449A8BF2459A27
:104530008CF2469A8DF2479A8EF2489A8FF2499AF7
:1045400090F24A9A91F24B9A92F24C9A93F24D9AC7
:1045500094F24E9A95F24F9A96F2509A97F2519A97
:1045600098F2529A99F2539A9AF2549A9BF2559A67
:104570009CF2569A9DF2579A9EF2589A9FF2599A37
:10458000A0F25A9A40F35B9A41F35C9A42F35D9A27
:1045900043F35E9A44F35F9A45F3609A46F3619A57
:1045A00047F3629A48F3639A49F3649A4AF3659A27
:1045B0004BF3669A4CF3679A4DF3689A4EF3699AF7
:1045C0004FF36A9A50F36B9A51F36C9AEDC26D9A5D
:1045D000A6D46E9AD4CD6F9AB1D1709ADBB3719A8A
:1045E000FDC7729A52F3739AB5B2749ABFC2759AA4
:1045F000E0E6769ABBCA779AE1E6789AE2E6799A9B
:10460000D4BE7A9AE3E67B9AA4D77C9AD5CD7D9ADC
:10461000E5E67E9ADDBC7F9AE4E6809AE6E6819A3A
:10462000E7E6829AEEC2839A53F3849ABEBD859AD6
:10463000E8E6869AE6C2879AA7BA889AE9E6899A4E
:1046400054F38A9AEAE68B9AD2B38C9AE9D18D9A7E
:1046500055F38E9A56F38F9AA5BF909AEBE6919AEE
:10466000EFC6929AECE6939AEDE6949A57F3959AF0
:1046700058F3969AEEE6979AADC6989AEFE6999A0D
:1046800059F39A9AA7C99B9AF0E69C9AF1E69D9AEB
:10469000F2E69E9AB9E59F9AF3E6A09AF4E6A19A0B
:1046A000E2C2A29AF5E6A39AF6E6A49AE8D6A59AFB
:1046B000F7E6A69A5AF3A79AF8E6A89AC7B9A99A6C
:1046C0005BF3AA9A5CF3AB9A5DF3AC9A5EF3AD9A96
:1046D0005FF3AE9A60F3AF9A61F3B09ABBF7B19A09
:1046E000BAF7B29A62F3B39A63F3B49A64F3B59AE1
:1046F00065F3B69ABEF7B79ABCF7B89AA1BAB99A59
:1047000066F3BA9ABFF7BB9A67F3BC9AC0F7BD9A33
:1047100068F3BE9A69F3BF9A6AF3C09AC2F7C19A66
:10472000C1F7C29AC4F7C39A6BF3C49A6CF3C59AE3
:10473000C3F7C69A6DF3C79A6EF3C89A6FF3C99A16
:1047400070F3CA9A71F3CB9AC5F7CC9AC6F7CD9A93
:1047500072F3CE9A73F3CF9A74F3D09A75F3D19A19
:10476000C7F7D29A76F3D39AE8CBD49A77F3D59A4F
:1047700078F3D69A79F3D79A7AF3D89ADFB8D99A98
:104780007BF3DA9A7CF3DB9A7DF3DC9A7EF3DD9A95
:1047900080F3DE9A81F3DF9AD4F7E09A82F3E19A0C
:1047A000D5F7E29A83F3E39A84F3E49A85F3E59AE2
:1047B00086F3E69AD6F7E79A87F3E89A88F3E99AB8
:1047C00089F3EA9A8AF3EB9AD8F7EC9A8BF3ED9A8D
:1047D000DAF7EE9A8CF3EF9AD7F7F09A8DF3F19A15
:1047E0008EF3F29A8FF3F39A90F3F49A91F3F59A89
:1047F00092F3F69A93F3F79A94F3F89A95F3F99A59
:10480000DBF7FA9A96F3FB9AD9F7FC9A97F3FD9A9D
:1048100098F3FE9A99F3FF9A9AF3009B9BF3019BFE
:104820009CF3029B9DF3039BD7D7049B9EF3059BB0
:104830009FF3069BA0F3079B40F4089BDCF7099BC2
:1048400041F40A9B42F40B9B43F40C9B44F40D9BF4
:1048500045F40E9B46F40F9BDDF7109B47F4119B2C
:1048600048F4129B49F4139BDEF7149B4AF4159B02
:104870004BF4169B4CF4179B4DF4189B4EF4199B6C
:104880004FF41A9B50F41B9B51F41C9B52F41D9B3C
:1048900053F41E9B54F41F9BDFF7209B55F4219B80
:1048A00056F4229B57F4239BE0F7249B58F4259B56
:1048B00059F4269B5AF4279B5BF4289B5CF4299BB4
:1048C0005DF42A9B5EF42B9B5FF42C9B60F42D9B84
:1048D00061F42E9B62F42F9BCBDB309B63F4319B06
:1048E00064F4329BAAD8339B65F4349B66F4359B01
:1048F00067F4369B68F4379B69F4389B6AF4399BFC
:104900006BF43A9B6CF43B9BF7E53C9BEDB93D9B0C
:104910006DF43E9B6EF43F9B6FF4409B70F4419BA3
:10492000FDBF429BEABB439BC9F7449BC7C6459B5F
:10493000C8F7469B71F4479BCAF7489BCCF7499B45
:10494000CBF74A9B72F44B9B73F44C9B74F44D9BD6
:10495000CDF74E9B75F44F9BBACE509B76F4519B8E
:10496000CEF7529B77F4539B78F4549BA7C4559B86
:1049700079F4569B7AF4579B7BF4589B7CF4599BB3
:104980007DF45A9B7EF45B9B80F45C9B81F45D9B81
:1049900082F45E9B83F45F9B84F4609B85F4619B4F
:1049A00086F4629B87F4639B88F4649B89F4659B1F
:1049B0008AF4669B8BF4679B8CF4689B8DF4699BEF
:1049C0008EF46A9B8FF46B9B90F46C9B91F46D9BBF
:1049D00092F46E9B93F46F9B94F4709B95F4719B8F
:1049E00096F4729B97F4739B98F4749B99F4759B5F
:1049F0009AF4769B9BF4779B9CF4789B9DF4799B2F
:104A00009EF47A9B9FF47B9BA0F47C9B40F57D9B5E
:104A100041F57E9B42F57F9B43F5809B44F5819B4E
:104A200045F5829B46F5839B47F5849B48F5859B1E
:104A300049F5869B4AF5879B4BF5889B4CF5899BEE
:104A40004DF58A9B4EF58B9B4FF58C9B50F58D9BBE
:104A500051F58E9B52F58F9B53F5909B54F5919B8E
:104A600055F5929B56F5939B57F5949B58F5959B5E
:104A700059F5969B5AF5979B5BF5989B5CF5999B2E
:104A80005DF59A9B5EF59B9B5FF59C9B60F59D9BFE
:104A900061F59E9B62F59F9B63F5A09B64F5A19BCE
:104AA00065F5A29B66F5A39B67F5A49B68F5A59B9E
:104AB00069F5A69B6AF5A79B6BF5A89B6CF5A99B6E
:104AC0006DF5AA9B6EF5AB9B6FF5AC9B70F5AD9B3E
:104AD00071F5AE9B72F5AF9B73F5B09B74F5B19B0E
:104AE00075F5B29B76F5B39B77F5B49B78F5B59BDE
:104AF00079F5B69B7AF5B79B7BF5B89B7CF5B99BAE
:104B00007DF5BA9B7EF5BB9B80F5BC9B81F5BD9B7B
:104B100082F5BE9B83F5BF9B84F5C09B85F5C19B49
:104B200086F5C29B87F5C39B88F5C49B89F5C59B19
:104B30008AF5C69B8BF5C79B8CF5C89B8DF5C99BE9
:104B40008EF5CA9B8FF5CB9B90F5CC9B91F5CD9BB9
:104B500092F5CE9B93F5CF9B94F5D09B95F5D19B89
:104B600096F5D29B97F5D39B98F5D49B99F5D59B59
:104B70009AF5D69B9BF5D79B9CF5D89B9DF5D99B29
:104B80009EF5DA9B9FF5DB9BA0F5DC9B40F6DD9B59
:104B900041F6DE9B42F6DF9B43F6E09B44F6E19B49
:104BA00045F6E29B46F6E39B47F6E49B48F6E59B19
:104BB00049F6E69B4AF6E79B4BF6E89B4CF6E99BE9
:104BC0004DF6EA9B4EF6EB9B4FF6EC9B50F6ED9BB9
:104BD00051F6EE9B52F6EF9B53F6F09B54F6F19B89
:104BE00055F6F29B56F6F39B57F6F49B58F6F59B59
:104BF00059F6F69B5AF6F79B5BF6F89B5CF6F99B29
:104C00005DF6FA9B5EF6FB9B5FF6FC9B60F6FD9BF8
:104C100061F6FE9B62F6FF9B63F6009C64F6019CC6
:104C200065F6029C66F6039C67F6049C68F6059C94
:104C300069F6069C6AF6079C6BF6089C6CF6099C64
:104C40006DF60A9C6EF60B9C6FF60C9C70F60D9C34
:104C500071F60E9C72F60F9C73F6109C74F6119C04
:104C600075F6129C76F6139C77F6149C78F6159CD4
:104C700079F6169C7AF6179C7BF6189C7CF6199CA4
:104C80007DF61A9C7EF61B9C80F61C9C81F61D9C72
:104C900082F61E9C83F61F9C84F6209C85F6219C40
:104CA00086F6229C87F6239C88F6249C89F6259C10
:104CB0008AF6269C8BF6279C8CF6289C8DF6299CE0
:104CC0008EF62A9C8FF62B9C90F62C9C91F62D9CB0
:104CD00092F62E9C93F62F9C94F6309C95F6319C80
:104CE00096F6329C97F6339C98F6349C99F6359C50
:104CF0009AF6369C9BF6379C9CF6389C9DF6399C20
:104D00009EF63A9C9FF63B9CA0F63C9C40F73D9C4F
:104D100041F73E9C42F73F9C43F7409C44F7419C3F
:104D200045F7429C46F7439C47F7449C48F7459C0F
:104D300049F7469C4AF7479C4BF7489C4CF7499CDF
:104D40004DF74A9C4EF74B9C4FF74C9C50F74D9CAF
:104D500051F74E9C52F74F9C53F7509C54F7519C7F
:104D600055F7529C56F7539C57F7549C58F7559C4F
:104D700059F7569C5AF7579C5BF7589C5CF7599C1F
:104D80005DF75A9C5EF75B9C5FF75C9C60F75D9CEF
:104D900061F75E9C62F75F9C63F7609C64F7619CBF
:104DA00065F7629C66F7639C67F7649C68F7659C8F
:104DB00069F7669C6AF7679C6BF7689C6CF7699C5F
:104DC0006DF76A9C6EF76B9C6FF76C9C70F76D9C2F
:104DD00071F76E9C72F76F9C73F7709C74F7719CFF
:104DE00075F7729C76F7739C77F7749C78F7759CCF
:104DF00079F7769C7AF7779C7BF7789C7CF7799C9F
:104E00007DF77A9C7EF77B9C80F77C9CE3D37D9C2E
:104E100081F77E9C82F77F9CCFF6809C83F7819CF4
:104E2000B3C2829CD0F6839C84F7849C85F7859CD2
:104E3000D1F6869CD2F6879CD3F6889CD4F6899CC2
:104E400086F78A9C87F78B9CD6F68C9C88F78D9C7E
:104E5000ABB18E9CD7F68F9C89F7909CD8F6919C2D
:104E6000D9F6929CDAF6939C8AF7949CDBF6959C93
:104E7000DCF6969C8BF7979C8CF7989C8DF7999C09
:104E80008EF79A9CDDF69B9CDEF69C9CCACF9D9C7F
:104E90008FF79E9CDFF69F9CE0F6A09CE1F6A19C1C
:104EA000E2F6A29CE3F6A39CE4F6A49CF0C0A59CC9
:104EB000E5F6A69CE6F6A79CE7F6A89CE8F6A99C72
:104EC000E9F6AA9C90F7AB9CEAF6AC9C91F7AD9CF6
:104ED000EBF6AE9CECF6AF9C92F7B09CEDF6B19C75
:104EE000EEF6B29CEFF6B39CF0F6B49CF1F6B59CEE
:104EF000F2F6B69CF3F6B79CF4F6B89CA8BEB99C43
:104F000093F7BA9CF5F6BB9CF6F6BC9CF7F6BD9CF5
:104F1000F8F6BE9C94F7BF9C95F7C09C96F7C19C91
:104F200097F7C29C98F7C39CFAC8C49CF9F6C59C35
:104F3000FAF6C69CFBF6C79CFCF6C89C99F7C99C80
:104F40009AF7CA9CFDF6CB9CFEF6CC9CA1F7CD9CB3
:104F5000A2F7CE9CA3F7CF9CA4F7D09CA5F7D19C39
:104F60009BF7D29C9CF7D39CA6F7D49CA7F7D59C23
:104F7000A8F7D69CEEB1D79CA9F7D89CAAF7D99CE4
:104F8000ABF7DA9C9DF7DB9C9EF7DC9CACF7DD9CD5
:104F9000ADF7DE9CDBC1DF9CAEF7E09C9FF7E19CA8
:104FA000A0F7E29CAFF7E39C40F8E49C41F8E59C55
:104FB00042F8E69C43F8E79C44F8E89C45F8E99CF5
:104FC00046F8EA9C47F8EB9C48F8EC9C49F8ED9CC5
:104FD0004AF8EE9C4BF8EF9C4CF8F09C4DF8F19C95
:104FE0004EF8F29C4FF8F39C50F8F49C51F8F59C65
:104FF00052F8F69C53F8F79C54F8F89C55F8F99C35
:1050000056F8FA9C57F8FB9C58F8FC9C59F8FD9C04
:105010005AF8FE9C5BF8FF9C5CF8009D5DF8019DD2
:105020005EF8029D5FF8039D60F8049D61F8059DA0
:1050300062F8069D63F8079D64F8089D65F8099D70
:1050400066F80A9D67F80B9D68F80C9D69F80D9D40
:105050006AF80E9D6BF80F9D6CF8109D6DF8119D10
:105060006EF8129D6FF8139D70F8149D71F8159DE0
:1050700072F8169D73F8179D74F8189D75F8199DB0
:1050800076F81A9D77F81B9D78F81C9D79F81D9D80
:105090007AF81E9D7BF81F9D7CF8209D7DF8219D50
:1050A0007EF8229D80F8239D81F8249D82F8259D1D
:1050B00083F8269D84F8279D85F8289D86F8299DEC
:1050C00087F82A9D88F82B9D89F82C9D8AF82D9DBC
:1050D0008BF82E9D8CF82F9D8DF8309D8EF8319D8C
:1050E0008FF8329D90F8339D91F8349D92F8359D5C
:1050F00093F8369D94F8379D95F8389D96F8399D2C
:1051000097F83A9D98F83B9D99F83C9D9AF83D9DFB
:105110009BF83E9D9CF83F9D9DF8409D9EF8419DCB
:105120009FF8429DA0F8439D40F9449D41F9459D5B
:1051300042F9469D43F9479D44F9489D45F9499DEB
:1051400046F94A9D47F94B9D48F94C9D49F94D9DBB
:105150004AF94E9D4BF94F9D4CF9509D4DF9519D8B
:105160004EF9529D4FF9539D50F9549D51F9559D5B
:1051700052F9569D53F9579D54F9589D55F9599D2B
:1051800056F95A9D57F95B9D58F95C9D59F95D9DFB
:105190005AF95E9D5BF95F9D5CF9609D5DF9619DCB
:1051A0005EF9629D5FF9639D60F9649D61F9659D9B
:1051B00062F9669D63F9679D64F9689D65F9699D6B
:1051C00066F96A9D67F96B9D68F96C9D69F96D9D3B
:1051D0006AF96E9D6BF96F9D6CF9709D6DF9719D0B
:1051E0006EF9729D6FF9739D70F9749D71F9759DDB
:1051F00072F9769D73F9779D74F9789D75F9799DAB
:1052000076F97A9D77F97B9D78F97C9D79F97D9D7A
:105210007AF97E9D7BF97F9D7CF9809D7DF9819D4A
:105220007EF9829D80F9839D81F9849D82F9859D17
:1052300083F9869D84F9879D85F9889D86F9899DE6
:1052400087F98A9D88F98B9D89F98C9D8AF98D9DB6
:105250008BF98E9D8CF98F9D8DF9909D8EF9919D86
:105260008FF9929D90F9939D91F9949D92F9959D56
:1052700093F9969D94F9979D95F9989D96F9999D26
:1052800097F99A9D98F99B9D99F99C9D9AF99D9DF6
:105290009BF99E9D9CF99F9D9DF9A09D9EF9A19DC6
:1052A0009FF9A29DA0F9A39D40FAA49D41FAA59D56
:1052B00042FAA69D43FAA79D44FAA89D45FAA99DE6
:1052C00046FAAA9D47FAAB9D48FAAC9D49FAAD9DB6
:1052D0004AFAAE9D4BFAAF9D4CFAB09D4DFAB19D86
:1052E0004EFAB29D4FFAB39D50FAB49D51FAB59D56
:1052F00052FAB69D53FAB79D54FAB89D55FAB99D26
:1053000056FABA9D57FABB9D58FABC9D59FABD9DF5
:105310005AFABE9D5BFABF9D5CFAC09D5DFAC19DC5
:105320005EFAC29D5FFAC39D60FAC49D61FAC59D95
:1053300062FAC69D63FAC79D64FAC89D65FAC99D65
:1053400066FACA9D67FACB9D68FACC9D69FACD9D35
:105350006AFACE9D6BFACF9D6CFAD09D6DFAD19D05
:105360006EFAD29D6FFAD39D70FAD49D71FAD59DD5
:1053700072FAD69D73FAD79D74FAD89D75FAD99DA5
:1053800076FADA9D77FADB9D78FADC9D79FADD9D75
:105390007AFADE9D7BFADF9D7CFAE09D7DFAE19D45
:1053A0007EFAE29D80FAE39D81FAE49D82FAE59D12
:1053B00083FAE69D84FAE79D85FAE89D86FAE99DE1
:1053C00087FAEA9D88FAEB9D89FAEC9D8AFAED9DB1
:1053D0008BFAEE9D8CFAEF9D8DFAF09D8EFAF19D81
:1053E0008FFAF29D90FAF39D91FAF49D92FAF59D51
:1053F00093FAF69D94FAF79D95FAF89D96FAF99D21
:1054000097FAFA9D98FAFB9D99FAFC9D9AFAFD9DF0
:105410009BFAFE9D9CFAFF9D9DFA009E9EFA019EBE
:105420009FFA029EA0FA039E40FB049E41FB059E4C
:1054300042FB069E43FB079E44FB089E45FB099EDC
:1054400046FB0A9E47FB0B9E48FB0C9E49FB0D9EAC
:105450004AFB0E9E4BFB0F9E4CFB109E4DFB119E7C
:105460004EFB129E4FFB139E50FB149E51FB159E4C
:1054700052FB169E53FB179E54FB189E55FB199E1C
:1054800056FB1A9E57FB1B9E58FB1C9E59FB1D9EEC
:105490005AFB1E9E5BFB1F9EF1C4209EAFF0219E17
:1054A000A6BC229EB0F0239EF9C3249E5CFB259EE1
:1054B000B8C5269EBBD1279E5DFB289EB1F0299ED4
:1054C000B2F02A9EB3F02B9EB4F02C9EB5F02D9E28
:1054D000BCD12E9E5EFB2F9EECD1309E5FFB319E99
:1054E000B7F0329EB6F0339EA7D4349E60FB359E53
:1054F000D2CD369EB8F0379EBAF0389EB9F0399EBC
:10550000BBF03A9EBCF03B9E61FB3C9E62FB3D9E25
:10551000EBB83E9EBDF03F9EE8BA409E63FB419EC5
:10552000BEF0429EBFF0439EE9BE449EC0F0459E41
:10553000ECB6469EC1F0479EC2F0489EC3F0499E1D
:10554000C4F04A9EB5C84B9EC5F04C9EC6F04D9E19
:1055500064FB4E9EC7F04F9EF4C5509E65FB519E66
:10556000C8F0529E66FB539E67FB549E68FB559E97
:10557000C9F0569E69FB579ECAF0589EBDF7599ECA
:105580006AFB5A9ECBF05B9ECCF05C9ECDF05D9E9C
:105590006BFB5E9ECEF05F9E6CFB609E6DFB619E22
:1055A0006EFB629E6FFB639ECFF0649ED7BA659ED2
:1055B00070FB669ED0F0679ED1F0689ED2F0699E27
:1055C000D3F06A9ED4F06B9ED5F06C9ED6F06D9EA3
:1055D000D8F06E9E71FB6F9E72FB709EA5D3719E7C
:1055E000D7F0729E73FB739ED9F0749E74FB759E08
:1055F00075FB769E76FB779E77FB789E78FB799E8F
:1056000079FB7A9E7AFB7B9E7BFB7C9E7CFB7D9E5E
:105610007DFB7E9EBAF57F9EB9C2809E7EFB819EF9
:1056200080FB829EE4F7839E81FB849E82FB859EA5
:1056300083FB869E84FB879EE5F7889EE6F7899E1E
:1056400085FB8A9E86FB8B9EE7F78C9E87FB8D9E53
:1056500088FB8E9E89FB8F9E8AFB909E8BFB919E82
:105660008CFB929EE8F7939EB4C2949E8DFB959E10
:105670008EFB969E8FFB979E90FB989E91FB999E2A
:1056800092FB9A9E93FB9B9E94FB9C9E95FB9D9EFA
:10569000EAF79E9E96FB9F9EEBF7A09E97FBA19E2E
:1056A00098FBA29E99FBA39E9AFBA49E9BFBA59EA2
:1056B0009CFBA69EF3C2A79E9DFBA89E9EFBA99E57
:1056C0009FFBAA9EA0FBAB9E40FCAC9E41FCAD9E06
:1056D00042FCAE9E43FCAF9E44FCB09E45FCB19E96
:1056E00046FCB29E47FCB39E48FCB49EF0F4B59EC7
:1056F00049FCB69E4AFCB79E4BFCB89EEFF4B99E9F
:105700004CFCBA9E4DFCBB9EE9C2BC9E4EFCBD9EAD
:10571000E1F7BE9EE2F7BF9E4FFCC09E50FCC19ECB
:1057200051FCC29E52FCC39E53FCC49EC6BBC59E88
:1057300054FCC69E55FCC79E56FCC89E57FCC99E8D
:10574000E4D9CA9E58FCCB9E59FCCC9E5AFCCD9EF7
:10575000F2CACE9EE8C0CF9EA4F0D09E5BFCD19E44
:10576000DABAD29E5CFCD39E5DFCD49EADC7D59EBA
:105770005EFCD69E5FFCD79E60FCD89EACC4D99ED2
:1057800061FCDA9E62FCDB9EECF7DC9EEDF7DD9EB1
:10579000EEF7DE9E63FCDF9EF0F7E09EEFF7E19E02
:1057A00064FCE29EF1F7E39E65FCE49E66FCE59EE8
:1057B000F4F7E69E67FCE79EF3F7E89E68FCE99E37
:1057C000F2F7EA9EF5F7EB9E69FCEC9E6AFCED9E13
:1057D0006BFCEE9E6CFCEF9EF6F7F09E6DFCF19E6E
:1057E0006EFCF29E6FFCF39E70FCF49E71FCF59EC5
:1057F00072FCF69E73FCF79E74FCF89E75FCF99E95
:10580000E9EDFA9E76FCFB9EEAEDFC9EEBEDFD9E3B
:1058100077FCFE9EBCF6FF9E78FC009F79FC019F02
:105820007AFC029F7BFC039F7CFC049F7DFC059F10
:105830007EFC069F80FC079F81FC089F82FC099FDD
:1058400083FC0A9F84FC0B9FBDF60C9F85FC0D9F7B
:10585000BEF60E9FA6B60F9F86FC109FBED8119F66
:1058600087FC129F88FC139FC4B9149F89FC159F65
:105870008AFC169F8BFC179FBBD8189F8CFC199F26
:10588000B1DC1A9F8DFC1B9F8EFC1C9F8FFC1D9F03
:1058900090FC1E9F91FC1F9F92FC209FF3CA219FAA
:1058A00093FC229FF7F7239F94FC249F95FC259F50
:1058B00096FC269F97FC279F98FC289F99FC299F80
:1058C0009AFC2A9F9BFC2B9F9CFC2C9FF8F72D9FFA
:1058D0009DFC2E9F9EFC2F9FF9F7309F9FFC319FD0
:1058E000A0FC329F40FD339F41FD349F42FD359F18
:1058F00043FD369F44FD379FFBF7389F45FD399F99
:10590000FAF73A9F46FD3B9FC7B13C9F47FD3D9F3D
:10591000FCF73E9FFDF73F9F48FD409F49FD419F9B
:105920004AFD429F4BFD439F4CFD449FFEF7459F20
:105930004DFD469F4EFD479F4FFD489F50FD499F9F
:1059400051FD4A9F52FD4B9F53FD4C9F54FD4D9F6F
:1059500055FD4E9F56FD4F9F57FD509FEBC6519FE3
:10596000B4EC529F58FD539F59FD549F5AFD559FCB
:105970005BFD569F5CFD579F5DFD589F5EFD599FE7
:105980005FFD5A9F60FD5B9F61FD5C9F62FD5D9FB7
:1059900063FD5E9F64FD5F9F65FD609F66FD619F87
:1059A00067FD629F68FD639F69FD649F6AFD659F57
:1059B0006BFD669F6CFD679F6DFD689F6EFD699F27
:1059C0006FFD6A9F70FD6B9F71FD6C9F72FD6D9FF7
:1059D00073FD6E9F74FD6F9F75FD709F76FD719FC7
:1059E00077FD729F78FD739F79FD749F7AFD759F97
:1059F0007BFD769F7CFD779F7DFD789F7EFD799F67
:105A000080FD7A9F81FD7B9F82FD7C9F83FD7D9F32
:105A100084FD7E9F85FD7F9FDDB3809FB3F6819FD0
:105A200086FD829F87FD839FB4F6849FE4C1859F96
:105A3000B5F6869FB6F6879FB7F6889FB8F6899F1A
:105A4000B9F68A9FBAF68B9FA3C88C9FBBF68D9F31
:105A500088FD8E9F89FD8F9F8AFD909F8BFD919F72
:105A60008CFD929F8DFD939F8EFD949F8FFD959F42
:105A700090FD969F91FD979F92FD989F93FD999F12
:105A8000FAC19A9FA8B99B9FE8ED9C9F94FD9D9FAA
:105A900095FD9E9F96FD9F9FEAB9A09FDFD9A19F8C
:105AA00097FDA29F98FDA39F99FDA49F9AFDA59F96
:105AB0009BFD2CF99CFD79F99DFD95F99EFDE7F97B
:105AC0009FFDF1F9A0FD0CFA40FE0DFA41FE0EFA21
:105AD00042FE0FFA43FE11FA44FE13FA45FE14FA91
:105AE00046FE18FA47FE1FFA48FE20FA49FE21FA40
:105AF0004AFE23FA4BFE24FA4CFE27FA4DFE28FA02
:105B00004EFE29FA4FFE30FE55A931FEF2A633FEB5
:105B1000F4A634FEF5A635FEE0A636FEE1A637FE75
:105B2000F0A638FEF1A639FEE2A63AFEE3A63BFE59
:105B3000EEA63CFEEFA63DFEE6A63EFEE7A63FFE35
:105B4000E4A640FEE5A641FEE8A642FEE9A643FE25
:105B5000EAA644FEEBA649FE68A94AFE69A94BFEE7
:105B60006AA94CFE6BA94DFE6CA94EFE6DA94FFEB5
:105B70006EA950FE6FA951FE70A952FE71A954FE84
:105B800072A955FE73A956FE74A957FE75A959FE50
:105B900076A95AFE77A95BFE78A95CFE79A95DFE1D
:105BA0007AA95EFE7BA95FFE7CA960FE7DA961FEED
:105BB0007EA962FE80A963FE81A964FE82A965FEBA
:105BC00083A966FE84A968FE85A969FE86A96AFE86
:105BD00087A96BFE88A901FFA1A302FFA2A303FF6F
:105BE000A3A304FFE7A105FFA5A306FFA6A307FF44
:105BF000A7A308FFA8A309FFA9A30AFFAAA30BFF55
:105C0000ABA30CFFACA30DFFADA30EFFAEA30FFF24
:105C1000AFA310FFB0A311FFB1A312FFB2A313FFF4
:105C2000B3A314FFB4A315FFB5A316FFB6A317FFC4
:105C3000B7A318FFB8A319FFB9A31AFFBAA31BFF94
:105C4000BBA31CFFBCA31DFFBDA31EFFBEA31FFF64
:105C5000BFA320FFC0A321FFC1A322FFC2A323FF34
:105C6000C3A324FFC4A325FFC5A326FFC6A327FF04
:105C7000C7A328FFC8A329FFC9A32AFFCAA32BFFD4
:105C8000CBA32CFFCCA32DFFCDA32EFFCEA32FFFA4
:105C9000CFA330FFD0A331FFD1A332FFD2A333FF74
:105CA000D3A334FFD4A335FFD5A336FFD6A337FF44
:105CB000D7A338FFD8A339FFD9A33AFFDAA33BFF14
:105CC000DBA33CFFDCA33DFFDDA33EFFDEA33FFFE4
:105CD000DFA340FFE0A341FFE1A342FFE2A343FFB4
:105CE000E3A344FFE4A345FFE5A346FFE6A347FF84
:105CF000E7A348FFE8A349FFE9A34AFFEAA34BFF54
:105D0000EBA34CFFECA34DFFEDA34EFFEEA34FFF23
:105D1000EFA350FFF0A351FFF1A352FFF2A353FFF3
:105D2000F3A354FFF4A355FFF5A356FFF6A357FFC3
:105D3000F7A358FFF8A359FFF9A35AFFFAA35BFF93
:105D4000FBA35CFFFCA35DFFFDA35EFFABA1E0FF37
:105D5000E9A1E1FFEAA1E2FF56A9E3FFFEA3E4FF08
:105D600057A9E5FFA4A3000000008000AC204081FB
:105D7000024E4181044E4281054E4381064E4481CC
:105D80000F4E4581124E4681174E47811F4E488166
:105D9000204E4981214E4A81234E4B81264E4C8113
:105DA000294E4D812E4E4E812F4E4F81314E5081C6
:105DB000334E5181354E5281374E53813C4E548182
:105DC000404E5581414E5681424E5781444E588136
:105DD000464E59814A4E5A81514E5B81554E5C81E7
:105DE000574E5D815A4E5E815B4E5F81624E60818F
:105DF000634E6181644E6281654E6381674E64814A
:105E0000684E65816A4E66816B4E67816C4E688113
:105E10006D4E69816E4E6A816F4E6B81724E6C81E0
:105E2000744E6D81754E6E81764E6F81774E7081A6
:105E3000784E7181794E72817A4E73817B4E748176
:105E40007C4E75817D4E76817F4E7781804E788144
:105E5000814E7981824E7A81834E7B81844E7C8112
:105E6000854E7D81874E7E818A4E8081904E8181D4
:105E7000964E8281974E8381994E84819C4E858176
:105E80009D4E86819E4E8781A34E8881AA4E898130
:105E9000AF4E8A81B04E8B81B14E8C81B44E8D81D4
:105EA000B64E8E81B74E8F81B84E9081B94E91819A
:105EB000BC4E9281BD4E9381BE4E9481C84E958159
:105EC000CC4E9681CF4E9781D04E9881D24E9981FB
:105ED000DA4E9A81DB4E9B81DC4E9C81E04E9D81A7
:105EE000E24E9E81E64E9F81E74EA081E94EA18160
:105EF000ED4EA281EE4EA381EF4EA481F14EA5811D
:105F0000F44EA681F84EA781F94EA881FA4EA981D8
:105F1000FC4EAA81FE4EAB81004FAC81024FAD8199
:105F2000034FAE81044FAF81054FB081064FB18161
:105F3000074FB281084FB3810B4FB4810C4FB5812D
:105F4000124FB681134FB781144FB881154FB981E5
:105F5000164FBA811C4FBB811D4FBC81214FBD81A3
:105F6000234FBE81284FBF81294FC0812C4FC18153
:105F70002D4FC2812E4FC381314FC481334FC58114
:105F8000354FC681374FC781394FC8813B4FC981D3
:105F90003E4FCA813F4FCB81404FCC81414FCD8195
:105FA000424FCE81444FCF81454FD081474FD18161
:105FB000484FD281494FD3814A4FD4814B4FD5812D
:105FC0004C4FD681524FD781544FD881564FD981EB
:105FD000614FDA81624FDB81664FDC81684FDD8182
:105FE0006A4FDE816B4FDF816D4FE0816E4FE18143
:105FF000714FE281724FE381754FE481774FE58104
:10600000784FE681794FE7817A4FE8817D4FE981CA
:10601000804FEA81814FEB81824FEC81854FED818A
:10602000864FEE81874FEF818A4FF0818C4FF1814F
:106030008E4FF281904FF381924FF481934FF5810F
:10604000954FF681964FF781984FF881994FF981D6
:106050009A4FFA819C4FFB819E4FFC819F4FFD819F
:10606000A14FFE81A24F4082A44F4182AB4F42829A
:10607000AD4F4382B04F4482B14F4582B24F46820A
:10608000B34F4782B44F4882B64F4982B74F4A82D6
:10609000B84F4B82B94F4C82BA4F4D82BB4F4E82A4
:1060A000BC4F4F82BD4F5082BE4F5182C04F528273
:1060B000C14F5382C24F5482C64F5582C74F56823A
:1060C000C84F5782C94F5882CB4F5982CC4F5A8202
:1060D000CD4F5B82D24F5C82D34F5D82D44F5E82C4
:1060E000D54F5F82D64F6082D94F6182DB4F62828B
:1060F000E04F6382E24F6482E44F6582E54F66823F
:10610000E74F6782EB4F6882EC4F6982F04F6A82FB
:10611000F24F6B82F44F6C82F54F6D82F64F6E82B8
:10612000F74F6F82F94F7082FB4F7182FC4F728282
:10613000FD4F7382FF4F748200507582015076824A
:1061400002507782035078820450798205507A8217
:1061500006507B8207507C8208507D8209507E82E7
:106160000A5080820B5081820E50828210508382AE
:106170001150848213508582155086821650878272
:10618000175088821B5089821D508A821E508B8234
:1061900020508C8222508D8223508E8224508F82F8
:1061A000275090822B5091822F50928230509382B0
:1061B0003150948232509582335096823450978277
:1061C000355098823650998237509A8238509B8247
:1061D00039509C823B509D823D509E823F509F8211
:1061E0004050A0824150A1824250A2824450A382DA
:1061F0004550A4824650A5824950A6824A50A782A3
:106200004B50A8824D50A9825050AA825150AB8267
:106210005250AC825350AD825450AE825650AF8231
:106220005750B0825850B1825950B2825B50B382FD
:106230005D50B4825E50B5825F50B6826050B782C6
:106240006150B8826250B9826350BA826450BB8296
:106250006650BC826750BD826850BE826950BF8262
:106260006A50C0826B50C1826D50C2826E50C38230
:106270006F50C4827050C5827150C6827250C782FE
:106280007350C8827450C9827550CA827850CB82CC
:106290007950CC827A50CD827C50CE827D50CF8294
:1062A0008150D0828250D1828350D2828450D38256
:1062B0008650D4828750D5828950D6828A50D78220
:1062C0008B50D8828C50D9828E50DA828F50DB82EC
:1062D0009050DC829150DD829250DE829350DF82BA
:1062E0009450E0829550E1829650E2829750E3828A
:1062F0009850E4829950E5829A50E6829B50E7825A
:106300009C50E8829D50E9829E50EA829F50EB8229
:10631000A050EC82A150ED82A250EE82A450EF82F8
:10632000A650F082AA50F182AB50F282AD50F382B7
:10633000AE50F482AF50F582B050F682B150F78281
:10634000B350F882B450F982B550FA82B650FB824D
:10635000B750FC82B850FD82B950FE82BC504083D9
:10636000BD504183BE504283BF504383C0504483DD
:10637000C1504583C2504683C3504783C4504883AD
:10638000C5504983C6504A83C7504B83C8504C837D
:10639000C9504D83CA504E83CB504F83CC5050834D
:1063A000CD505183CE505283D0505383D15054831B
:1063B000D2505583D3505683D4505783D5505883E9
:1063C000D7505983D8505A83D9505B83DB505C83B4
:1063D000DC505D83DD505E83DE505F83DF50608381
:1063E000E0506183E1506283E2506383E350648351
:1063F000E4506583E5506683E8506783E95068831D
:10640000EA506983EB506A83EF506B83F0506C83E2
:10641000F1506D83F2506E83F4506F83F6507083A9
:10642000F7507183F8507283F9507383FA50748374
:10643000FC507583FD507683FE507783FF50788340
:106440000051798301517A8302517B8303517C830C
:1064500004517D8305517E830851808309518183D6
:106460000A5182830C5183830D5184830E5185839D
:106470000F5186831051878311518883135189836B
:1064800014518A8315518B8316518C8317518D8338
:1064900018518E8319518F831A5190831B51918308
:1064A0001C5192831D5193831E5194831F519583D8
:1064B00020519683225197832351988324519983A5
:1064C00025519A8326519B8327519C8328519D8374
:1064D00029519E832A519F832B51A0832C51A18344
:1064E0002D51A2832E51A3832F51A4833051A58314
:1064F0003151A6833251A7833351A8833451A983E4
:106500003551AA833651AB833751AC833851AD83B3
:106510003951AE833A51AF833B51B0833C51B18383
:106520003D51B2833E51B3834251B4834751B58349
:106530004A51B6834C51B7834E51B8834F51B983FA
:106540005051BA835251BB835351BC835751BD83C1
:106550005851BE835951BF835B51C0835D51C18384
:106560005E51C2835F51C3836051C4836151C5834F
:106570006351C6836451C7836651C8836751C98319
:106580006951CA836A51CB836F51CC837251CD83D9
:106590007A51CE837E51CF837F51D0838351D18373
:1065A0008451D2838651D3838751D4838A51D58332
:1065B0008B51D6838E51D7838F51D8839051D983F5
:1065C0009151DA839351DB839451DC839851DD83BD
:1065D0009A51DE839D51DF839E51E0839F51E18379
:1065E000A151E283A351E383A651E483A751E5833C
:1065F000A851E683A951E783AA51E883AD51E98305
:10660000AE51EA83B451EB83B851EC83B951ED83B9
:10661000BA51EE83BE51EF83BF51F083C151F18374
:10662000C251F283C351F383C551F483C851F5833A
:10663000CA51F683CD51F783CE51F883D051F983F7
:10664000D251FA83D351FB83D451FC83D551FD83BE
:10665000D651FE83D7514084D8514184D9514284C8
:10666000DA514384DC514484DE514584DF51468451
:10667000E2514784E3514884E5514984E6514A8414
:10668000E7514B84E8514C84E9514D84EA514E84E2
:10669000EC514F84EE515084F1515184F2515284A7
:1066A000F4515384F7515484FE5155840452568456
:1066B00005525784095258840B5259840C525A84FB
:1066C0000F525B8410525C8413525D8414525E84BA
:1066D00015525F841C5260841E5261841F52628472
:1066E0002152638422526484235265842552668435
:1066F00026526784275268842A5269842C526A84FD
:106700002F526B8431526C8432526D8434526E84B9
:1067100035526F843C5270843E527184445272846C
:106720004552738446527484475275844852768425
:10673000495277844B5278844E5279844F527A84EE
:1067400052527B8453527C8455527D8457527E84AE
:1067500058528084595281845A5282845B52838475
:106760005D5284845F52858460528684625287843D
:10677000635288846452898466528A8468528B8406
:106780006B528C846C528D846D528E846E528F84C9
:106790007052908471529184735292847452938493
:1067A0007552948476529584775296847852978461
:1067B000795298847A5299847B529A847C529B8431
:1067C0007E529C8480529D8483529E8484529F84F6
:1067D0008552A0848652A1848752A2848952A384C0
:1067E0008A52A4848B52A5848C52A6848D52A7848D
:1067F0008E52A8848F52A9849152AA849252AB845B
:106800009452AC849552AD849652AE849752AF8424
:106810009852B0849952B1849A52B2849C52B384F3
:10682000A452B484A552B584A652B684A752B784A4
:10683000AE52B884AF52B984B052BA84B452BB8459
:10684000B552BC84B652BD84B752BE84B852BF8420
:10685000B952C084BA52C184BB52C284BC52C384F0
:10686000BD52C484C052C584C152C684C252C784BA
:10687000C452C884C552C984C652CA84C852CB8483
:10688000CA52CC84CC52CD84CD52CE84CE52CF8449
:10689000CF52D084D152D184D352D284D452D38413
:1068A000D552D484D752D584D952D684DA52D784DB
:1068B000DB52D884DC52D984DD52DA84DE52DB84A8
:1068C000E052DC84E152DD84E252DE84E352DF8474
:1068D000E552E084E652E184E752E284E852E38440
:1068E000E952E484EA52E584EB52E684EC52E78410
:1068F000ED52E884EE52E984EF52EA84F152EB84DF
:10690000F252EC84F352ED84F452EE84F552EF84AB
:10691000F652F084F752F184F852F284FB52F38479
:10692000FC52F484FD52F5840153F6840253F7843B
:106930000353F8840453F9840753FA840953FB84FE
:106940000A53FC840B53FD840C53FE840E53408584
:106950001153418512534285135343851453448583
:10696000185345851B5346851C5347851E53488540
:106970001F53498522534A8524534B8525534C8503
:1069800027534D8528534E8529534F852B535085CA
:106990002C5351852D5352852F5353853053548595
:1069A0003153558532535685335357853453588563
:1069B0003553598536535A8537535B8538535C8533
:1069C0003C535D853D535E8540535F8542536085F2
:1069D00044536185465362854B5363854C536485AC
:1069E0004D53658550536685545367855853688564
:1069F000595369855B536A855D536B8565536C8517
:106A000068536D856A536E856C536F856D537085C1
:106A10007253718576537285795373857B53748570
:106A20007C5375857D5376857E5377858053788535
:106A30008153798583537A8587537B8588537C85F9
:106A40008A537D858E537E858F53808590538185B3
:106A5000915382859253838593538485945385857E
:106A60009653868597538785995388859B53898547
:106A70009C538A859E538B85A0538C85A1538D850D
:106A8000A4538E85A7538F85AA539085AB539185C8
:106A9000AC539285AD539385AF539485B053958590
:106AA000B1539685B2539785B3539885B45399855E
:106AB000B5539A85B7539B85B8539C85B9539D852B
:106AC000BA539E85BC539F85BD53A085BE53A185F7
:106AD000C053A285C353A385C453A485C553A585BC
:106AE000C653A685C753A785CE53A885CF53A9857E
:106AF000D053AA85D253AB85D353AC85D553AD853E
:106B0000DA53AE85DC53AF85DD53B085DE53B185F6
:106B1000E153B285E253B385E753B485F453B585A9
:106B2000FA53B685FE53B785FF53B8850054B9852F
:106B30000254BA850554BB850754BC850B54BD85EA
:106B40001454BE851854BF851954C0851A54C18584
:106B50001C54C2852254C3852454C4852554C5853C
:106B60002A54C6853054C7853354C8853654C985E0
:106B70003754CA853A54CB853D54CC853F54CD8596
:106B80004154CE854254CF854454D0854554D18557
:106B90004754D2854954D3854C54D4854D54D5851A
:106BA0004E54D6854F54D7855154D8855A54D985DB
:106BB0005D54DA855E54DB855F54DC856054DD8589
:106BC0006154DE856354DF856554E0856754E18553
:106BD0006954E2856A54E3856B54E4856C54E58519
:106BE0006D54E6856E54E7856F54E8857054E985E9
:106BF0007454EA857954EB857A54EC857E54ED859E
:106C00007F54EE858154EF858354F0858554F1855A
:106C10008754F2858854F3858954F4858A54F58520
:106C20008D54F6859154F7859354F8859754F985DA
:106C30009854FA859C54FB859E54FC859F54FD8591
:106C4000A054FE85A1544086A2544186A554428694
:106C5000AE544386B0544486B2544586B5544686F5
:106C6000B6544786B7544886B9544986BA544A86BA
:106C7000BC544B86BE544C86C3544D86C5544E8678
:106C8000CA544F86CB545086D6545186D854528617
:106C9000DB545386E0545486E1545586E2545686BC
:106CA000E3545786E4545886EB545986EC545A867C
:106CB000EF545B86F0545C86F1545D86F4545E8636
:106CC000F5545F86F6546086F7546186F854628600
:106CD000F9546386FB546486FE54658600556686C7
:106CE00002556786035568860455698605556A8688
:106CF00008556B860A556C860B556D860C556E864D
:106D00000D556F860E557086125571861355728615
:106D100015557386165574861755758618557686DB
:106D2000195577861A5578861C5579861D557A86A9
:106D30001E557B861F557C8621557D8625557E8672
:106D40002655808628558186295582862B5583862F
:106D50002D558486325585863455868635558786E9
:106D6000365588863855898639558A863A558B86B0
:106D70003B558C863D558D8640558E8642558F8677
:106D80004555908647559186485592864B55938632
:106D90004C5594864D5595864E5596864F559786FB
:106DA000515598865255998653559A8654559B86C7
:106DB00057559C8658559D8659559E865A559F868F
:106DC0005B55A0865D55A1865E55A2865F55A3865C
:106DD0006055A4866255A5866355A6866855A78624
:106DE0006955A8866B55A9866F55AA867055AB86DE
:106DF0007155AC867255AD867355AE867455AF86A7
:106E00007955B0867A55B1867D55B2867F55B38661
:106E10008555B4868655B5868C55B6868D55B7860C
:106E20008E55B8869055B9869255BA869355BB86CD
:106E30009555BC869655BD869755BE869A55BF8694
:106E40009B55C0869E55C186A055C286A155C38656
:106E5000A255C486A355C586A455C686A555C78622
:106E6000A655C886A855C986A955CA86AA55CB86EF
:106E7000AB55CC86AC55CD86AD55CE86AE55CF86BE
:106E8000AF55D086B055D186B255D286B455D3868B
:106E9000B655D486B855D586BA55D686BC55D7864C
:106EA000BF55D886C055D986C155DA86C255DB860E
:106EB000C355DC86C655DD86C755DE86C855DF86D8
:106EC000CA55E086CB55E186CE55E286CF55E3869E
:106ED000D055E486D555E586D755E686D855E7865C
:106EE000D955E886DA55E986DB55EA86DE55EB8624
:106EF000E055EC86E255ED86E755EE86E955EF86DE
:106F0000ED55F086EE55F186F055F286F155F38693
:106F1000F455F486F655F586F855F686F955F78654
:106F2000FA55F886FB55F986FC55FA86FF55FB861F
:106F30000256FC860356FD860456FE86055640879B
:106F400006564187075642870A5643870B564487A1
:106F50000D56458710564687115647871256488763
:106F60001356498714564A8715564B8716564C8731
:106F700017564D8719564E871A564F871C565087FD
:106F80001D565187205652872156538722565487C3
:106F90002556558726565687285657872956588787
:106FA0002A5659872B565A872E565B872F565C8751
:106FB00030565D8733565E8735565F873756608714
:106FC000385661873A5662873C5663873D566487D8
:106FD0003E566587405666874156678742566887A2
:106FE0004356698744566A8745566B8746566C8771
:106FF00047566D8748566E8749566F874A56708741
:107000004B5671874F567287505673875156748707
:1070100052567587535676875556778756567887D2
:107020005A5679875B567A875D567B875E567C8792
:107030005F567D8760567E8761568087635681875D
:107040006556828766568387675684876D5685871F
:107050006E5686876F5687877056888772568987DF
:1070600073568A8774568B8775568C8777568D87AB
:1070700078568E8779568F877A5690877D56918776
:107080007E5692877F569387805694878156958740
:10709000825696878356978784569887875699870E
:1070A00088569A8789569B878A569C878B569D87D8
:1070B0008C569E878D569F879056A0879156A187A4
:1070C0009256A2879456A3879556A4879656A5876D
:1070D0009756A6879856A7879956A8879A56A9873C
:1070E0009B56AA879C56AB879D56AC879E56AD870C
:1070F0009F56AE87A056AF87A156B087A256B187DC
:10710000A456B287A556B387A656B487A756B587A7
:10711000A856B687A956B787AA56B887AB56B98777
:10712000AC56BA87AD56BB87AE56BC87B056BD8746
:10713000B156BE87B256BF87B356C087B456C18713
:10714000B556C287B656C387B856C487B956C587E1
:10715000BA56C687BB56C787BD56C887BE56C987AD
:10716000BF56CA87C056CB87C156CC87C256CD877B
:10717000C356CE87C456CF87C556D087C656D1874B
:10718000C756D287C856D387C956D487CB56D5871A
:10719000CC56D687CD56D787CE56D887CF56D987E7
:1071A000D056DA87D156DB87D256DC87D356DD87B7
:1071B000D556DE87D656DF87D856E087D956E18781
:1071C000DC56E287E356E387E556E487E656E58733
:1071D000E756E687E856E787E956E887EA56E987FB
:1071E000EC56EA87EE56EB87EF56EC87F256ED87C2
:1071F000F356EE87F656EF87F756F087F856F18785
:10720000FB56F287FC56F3870057F4870157F58742
:107210000257F6870557F7870757F8870B57F987FF
:107220000C57FA870D57FB870E57FC870F57FD87C2
:107230001057FE87115740881257418813574288CC
:10724000145743881557448816574588175746885A
:1072500018574788195748881A5749881B574A882A
:107260001D574B881E574C8820574D8821574E88F4
:1072700022574F88245750882557518826575288BF
:10728000275753882B57548831575588325756887B
:1072900034575788355758883657598837575A883A
:1072A00038575B883C575C883D575D883F575E8800
:1072B00041575F88435760884457618845576288C3
:1072C0004657638848576488495765884B5766888E
:1072D00052576788535768885457698855576A8842
:1072E00056576B8858576C8859576D8862576E8807
:1072F00063576F8865577088675771886C577288B5
:107300006E5773887057748871577588725776886E
:1073100074577788755778887857798879577A8835
:107320007A577B887D577C887E577D887F577E88FB
:1073300080578088815781888757828888578388BB
:10734000895784888A5785888D5786888E5787887D
:107350008F5788889057898891578A8894578B8847
:1073600095578C8896578D8897578E8898578F8811
:10737000995790889A5791889C5792889D579388DF
:107380009E5794889F579588A5579688A8579788A1
:10739000AA579888AC579988AF579A88B0579B8856
:1073A000B1579C88B3579D88B5579E88B6579F881C
:1073B000B757A088B957A188BA57A288BB57A388E6
:1073C000BC57A488BD57A588BE57A688BF57A788B5
:1073D000C057A888C157A988C457AA88C557AB8881
:1073E000C657AC88C757AD88C857AE88C957AF884D
:1073F000CA57B088CC57B188CD57B288D057B38818
:10740000D157B488D357B588D657B688D757B788D9
:10741000DB57B888DC57B988DE57BA88E157BB8894
:10742000E257BC88E357BD88E557BE88E657BF885A
:10743000E757C088E857C188E957C288EA57C38828
:10744000EB57C488EC57C588EE57C688F057C788F5
:10745000F157C888F257C988F357CA88F557CB88BF
:10746000F657CC88F757CD88FB57CE88FC57CF8886
:10747000FE57D088FF57D1880158D2880358D38847
:107480000458D4880558D5880858D6880958D7880C
:107490000A58D8880C58D9880E58DA880F58DB88D3
:1074A0001058DC881258DD881358DE881458DF889D
:1074B0001658E0881758E1881858E2881A58E38867
:1074C0001B58E4881C58E5881D58E6881F58E78833
:1074D0002258E8882358E9882558EA882658EB88F6
:1074E0002758EC882858ED882958EE882B58EF88C3
:1074F0002C58F0882D58F1882E58F2882F58F38890
:107500003158F4883258F5883358F6883458F7885B
:107510003658F8883758F9883858FA883958FB8827
:107520003A58FC883B58FD883C58FE883D584089B5
:107530003E5841893F5842894058438941584489BF
:10754000425845894358468945584789465848898D
:107550004758498948584A8949584B894A584C895B
:107560004B584D894E584E894F584F895058508925
:1075700052585189535852895558538956585489ED
:1075800057585589595856895A5857895B585889B8
:107590005C5859895D585A895F585B8960585C8985
:1075A00061585D8962585E8963585F896458608953
:1075B000665861896758628968586389695864891F
:1075C0006A5865896D5866896E5867896F586889E9
:1075D0007058698971586A8972586B8973586C89B7
:1075E00074586D8975586E8976586F897758708987
:1075F00078587189795872897A5873897B58748957
:107600007C5875897D5876897F5877898258788922
:107610008458798986587A8987587B8988587C89E3
:107620008A587D898B587E898C5880898D588189AC
:107630008E5882898F58838990588489915885897A
:107640009458868995588789965888899758898942
:1076500098588A899B588B899C588C899D588D890C
:10766000A0588E89A1588F89A2589089A3589189D2
:10767000A4589289A5589389A6589489A7589589A2
:10768000AA589689AB589789AC589889AD5899896A
:10769000AE589A89AF589B89B0589C89B1589D893A
:1076A000B2589E89B3589F89B458A089B558A1890A
:1076B000B658A289B758A389B858A489B958A589DA
:1076C000BA58A689BB58A789BD58A889BE58A989A8
:1076D000BF58AA89C058AB89C258AC89C358AD8974
:1076E000C458AE89C658AF89C758B089C858B1893F
:1076F000C958B289CA58B389CB58B489CC58B5890E
:10770000CD58B689CE58B789CF58B889D058B989DD
:10771000D258BA89D358BB89D458BC89D658BD89A8
:10772000D758BE89D858BF89D958C089DA58C18975
:10773000DB58C289DC58C389DD58C489DE58C58945
:10774000DF58C689E058C789E158C889E258C98915
:10775000E358CA89E558CB89E658CC89E758CD89E2
:10776000E858CE89E958CF89EA58D089ED58D189AF
:10777000EF58D289F158D389F258D489F458D58971
:10778000F558D689F758D789F858D889FA58D98939
:10779000FB58DA89FC58DB89FD58DC89FE58DD8905
:1077A000FF58DE890059DF890159E0890359E189D1
:1077B0000559E2890659E3890859E4890959E58997
:1077C0000A59E6890B59E7890C59E8890E59E98964
:1077D0001059EA891159EB891259EC891359ED892D
:1077E0001759EE891859EF891B59F0891D59F189EC
:1077F0001E59F2892059F3892159F4892259F589B2
:107800002359F6892659F7892859F8892C59F98975
:107810003059FA893259FB893359FC893559FD8928
:107820003659FE893B59408A3D59418A3E59428A20
:107830003F59438A4059448A4359458A4559468AA3
:107840004659478A4A59488A4C59498A4D594A8A61
:1078500050594B8A52594C8A53594D8A59594E8A1C
:107860005B594F8A5C59508A5D59518A5E59528AD8
:107870005F59538A6159548A6359558A6459568AA3
:107880006659578A6759588A6859598A69595A8A6C
:107890006A595B8A6B595C8A6C595D8A6D595E8A3C
:1078A0006E595F8A6F59608A7059618A7159628A0C
:1078B0007259638A7559648A7759658A7A59668AD2
:1078C0007B59678A7C59688A7E59698A7F596A8A96
:1078D00080596B8A85596C8A89596D8A8B596E8A51
:1078E0008C596F8A8E59708A8F59718A9059728A11
:1078F0009159738A9459748A9559758A9859768AD8
:107900009A59778A9B59788A9C59798A9D597A8A9B
:107910009F597B8AA0597C8AA1597D8AA2597E8A67
:10792000A659808AA759818AAC59828AAD59838A1F
:10793000B059848AB159858AB359868AB459878ADD
:10794000B559888AB659898AB7598A8AB8598B8AAB
:10795000BA598C8ABC598D8ABD598E8ABF598F8A73
:10796000C059908AC159918AC259928AC359938A3F
:10797000C459948AC559958AC759968AC859978A0D
:10798000C959988ACC59998ACD599A8ACE599B8AD5
:10799000CF599C8AD5599D8AD6599E8AD9599F8A92
:1079A000DB59A08ADE59A18ADF59A28AE059A38A4D
:1079B000E159A48AE259A58AE459A68AE659A78A18
:1079C000E759A88AE959A98AEA59AA8AEB59AB8AE0
:1079D000ED59AC8AEE59AD8AEF59AE8AF059AF8AAB
:1079E000F159B08AF259B18AF359B28AF459B38A7B
:1079F000F559B48AF659B58AF759B68AF859B78A4B
:107A0000FA59B88AFC59B98AFD59BA8AFE59BB8A13
:107A1000005ABC8A025ABD8A0A5ABE8A0B5ABF8AC9
:107A20000D5AC08A0E5AC18A0F5AC28A105AC38A86
:107A3000125AC48A145AC58A155AC68A165AC78A4F
:107A4000175AC88A195AC98A1A5ACA8A1B5ACB8A1B
:107A50001D5ACC8A1E5ACD8A215ACE8A225ACF8AE2
:107A6000245AD08A265AD18A275AD28A285AD38AA7
:107A70002A5AD48A2B5AD58A2C5AD68A2D5AD78A72
:107A80002E5AD88A2F5AD98A305ADA8A335ADB8A40
:107A9000355ADC8A375ADD8A385ADE8A395ADF8A03
:107AA0003A5AE08A3B5AE18A3D5AE28A3E5AE38AD0
:107AB0003F5AE48A415AE58A425AE68A435AE78A9B
:107AC000445AE88A455AE98A475AEA8A485AEB8A68
:107AD0004B5AEC8A4C5AED8A4D5AEE8A4E5AEF8A2E
:107AE0004F5AF08A505AF18A515AF28A525AF38AFE
:107AF000535AF48A545AF58A565AF68A575AF78ACC
:107B0000585AF88A595AF98A5B5AFA8A5C5AFB8A97
:107B10005D5AFC8A5E5AFD8A5F5AFE8A605A408B23
:107B2000615A418B635A428B645A438B655A448B2A
:107B3000665A458B685A468B695A478B6B5A488BF5
:107B40006C5A498B6D5A4A8B6E5A4B8B6F5A4C8BC1
:107B5000705A4D8B715A4E8B725A4F8B735A508B91
:107B6000785A518B795A528B7B5A538B7C5A548B4F
:107B70007D5A558B7E5A568B805A578B815A588B1B
:107B8000825A598B835A5A8B845A5B8B855A5C8BE9
:107B9000865A5D8B875A5E8B885A5F8B895A608BB9
:107BA0008A5A618B8B5A628B8C5A638B8D5A648B89
:107BB0008E5A658B8F5A668B905A678B915A688B59
:107BC000935A698B945A6A8B955A6B8B965A6C8B25
:107BD000975A6D8B985A6E8B995A6F8B9C5A708BF3
:107BE0009D5A718B9E5A728B9F5A738BA05A748BBD
:107BF000A15A758BA25A768BA35A778BA45A788B8D
:107C0000A55A798BA65A7A8BA75A7B8BA85A7C8B5C
:107C1000A95A7D8BAB5A7E8BAC5A808BAD5A818B27
:107C2000AE5A828BAF5A838BB05A848BB15A858BF4
:107C3000B45A868BB65A878BB75A888BB95A898BB8
:107C4000BA5A8A8BBB5A8B8BBC5A8C8BBD5A8D8B84
:107C5000BF5A8E8BC05A8F8BC35A908BC45A918B4C
:107C6000C55A928BC65A938BC75A948BC85A958B18
:107C7000CA5A968BCB5A978BCD5A988BCE5A998BE2
:107C8000CF5A9A8BD05A9B8BD15A9C8BD35A9D8BAF
:107C9000D55A9E8BD75A9F8BD95AA08BDA5AA18B73
:107CA000DB5AA28BDD5AA38BDE5AA48BDF5AA58B3D
:107CB000E25AA68BE45AA78BE55AA88BE75AA98B00
:107CC000E85AAA8BEA5AAB8BEC5AAC8BED5AAD8BC7
:107CD000EE5AAE8BEF5AAF8BF05AB08BF25AB18B93
:107CE000F35AB28BF45AB38BF55AB48BF65AB58B60
:107CF000F75AB68BF85AB78BF95AB88BFA5AB98B30
:107D0000FB5ABA8BFC5ABB8BFD5ABC8BFE5ABD8BFF
:107D1000FF5ABE8B005BBF8B015BC08B025BC18BCC
:107D2000035BC28B045BC38B055BC48B065BC58B9B
:107D3000075BC68B085BC78B0A5BC88B0B5BC98B69
:107D40000C5BCA8B0D5BCB8B0E5BCC8B0F5BCD8B37
:107D5000105BCE8B115BCF8B125BD08B135BD18B07
:107D6000145BD28B155BD38B185BD48B195BD58BD3
:107D70001A5BD68B1B5BD78B1C5BD88B1D5BD98B9F
:107D80001E5BDA8B1F5BDB8B205BDC8B215BDD8B6F
:107D9000225BDE8B235BDF8B245BE08B255BE18B3F
:107DA000265BE28B275BE38B285BE48B295BE58B0F
:107DB0002A5BE68B2B5BE78B2C5BE88B2D5BE98BDF
:107DC0002E5BEA8B2F5BEB8B305BEC8B315BED8BAF
:107DD000335BEE8B355BEF8B365BF08B385BF18B77
:107DE000395BF28B3A5BF38B3B5BF48B3C5BF58B43
:107DF0003D5BF68B3E5BF78B3F5BF88B415BF98B12
:107E0000425BFA8B435BFB8B445BFC8B455BFD8BDE
:107E1000465BFE8B475B408C485B418C495B428CE8
:107E20004A5B438C4B5B448C4C5B458C4D5B468C76
:107E30004E5B478C4F5B488C525B498C565B4A8C3F
:107E40005E5B4B8C605B4C8C615B4D8C675B4E8CDE
:107E5000685B4F8C6B5B508C6D5B518C6E5B528C96
:107E60006F5B538C725B548C745B558C765B568C59
:107E7000775B578C785B588C795B598C7B5B5A8C21
:107E80007C5B5B8C7E5B5C8C7F5B5D8C825B5E8CE9
:107E9000865B5F8C8A5B608C8D5B618C8E5B628C99
:107EA000905B638C915B648C925B658C945B668C5D
:107EB000965B678C9F5B688CA75B698CA85B6A8C00
:107EC000A95B6B8CAC5B6C8CAD5B6D8CAE5B6E8CB4
:107ED000AF5B6F8CB15B708CB25B718CB75B728C7B
:107EE000BA5B738CBB5B748CBC5B758CC05B768C33
:107EF000C15B778CC35B788CC85B798CC95B7A8CEF
:107F0000CA5B7B8CCB5B7C8CCD5B7D8CCE5B7E8CB3
:107F1000CF5B808CD15B818CD45B828CD55B838C76
:107F2000D65B848CD75B858CD85B868CD95B878C41
:107F3000DA5B888CDB5B898CDC5B8A8CE05B8B8C0E
:107F4000E25B8C8CE35B8D8CE65B8E8CE75B8F8CCD
:107F5000E95B908CEA5B918CEB5B928CEC5B938C95
:107F6000ED5B948CEF5B958CF15B968CF25B978C60
:107F7000F35B988CF45B998CF55B9A8CF65B9B8C2D
:107F8000F75B9C8CFD5B9D8CFE5B9E8C005C9F8CEC
:107F9000025CA08C035CA18C055CA28C075CA38CAA
:107FA000085CA48C0B5CA58C0C5CA68C0D5CA78C6F
:107FB0000E5CA88C105CA98C125CAA8C135CAB8C38
:107FC000175CAC8C195CAD8C1B5CAE8C1E5CAF8CF2
:107FD0001F5CB08C205CB18C215CB28C235CB38CB8
:107FE000265CB48C285CB58C295CB68C2A5CB78C7A
:107FF0002B5CB88C2D5CB98C2E5CBA8C2F5CBB8C46
:10800000305CBC8C325CBD8C335CBE8C355CBF8C10
:10801000365CC08C375CC18C435CC28C445CC38CC6
:10802000465CC48C475CC58C4C5CC68C4D5CC78C74
:10803000525CC88C535CC98C545CCA8C565CCB8C2B
:10804000575CCC8C585CCD8C5A5CCE8C5B5CCF8CF6
:108050005C5CD08C5D5CD18C5F5CD28C625CD38CC0
:10806000645CD48C675CD58C685CD68C695CD78C7E
:108070006A5CD88C6B5CD98C6C5CDA8C6D5CDB8C4C
:10808000705CDC8C725CDD8C735CDE8C745CDF8C11
:10809000755CE08C765CE18C775CE28C785CE38CE0
:1080A0007B5CE48C7C5CE58C7D5CE68C7E5CE78CA8
:1080B000805CE88C835CE98C845CEA8C855CEB8C6E
:1080C000865CEC8C875CED8C895CEE8C8A5CEF8C3A
:1080D0008B5CF08C8E5CF18C8F5CF28C925CF38C00
:1080E000935CF48C955CF58C9D5CF68C9E5CF78CB7
:1080F0009F5CF88CA05CF98CA15CFA8CA45CFB8C76
:10810000A55CFC8CA65CFD8CA75CFE8CA85C408DFD
:10811000AA5C418DAE5C428DAF5C438DB05C448DFA
:10812000B25C458DB45C468DB65C478DB95C488DBC
:10813000BA5C498DBB5C4A8DBC5C4B8DBE5C4C8D82
:10814000C05C4D8DC25C4E8DC35C4F8DC55C508D47
:10815000C65C518DC75C528DC85C538DC95C548D13
:10816000CA5C558DCC5C568DCD5C578DCE5C588DE0
:10817000CF5C598DD05C5A8DD15C5B8DD35C5C8DAE
:10818000D45C5D8DD55C5E8DD65C5F8DD75C608D7B
:10819000D85C618DDA5C628DDB5C638DDC5C648D48
:1081A000DD5C658DDE5C668DDF5C678DE05C688D17
:1081B000E25C698DE35C6A8DE75C6B8DE95C6C8DDC
:1081C000EB5C6D8DEC5C6E8DEE5C6F8DEF5C708D9D
:1081D000F15C718DF25C728DF35C738DF45C748D67
:1081E000F55C758DF65C768DF75C778DF85C788D37
:1081F000F95C798DFA5C7A8DFC5C7B8DFD5C7C8D05
:10820000FE5C7D8DFF5C7E8D005D808D015D818DCE
:10821000045D828D055D838D085D848D095D858D8E
:108220000A5D868D0B5D878D0C5D888D0D5D898D5A
:108230000F5D8A8D105D8B8D115D8C8D125D8D8D26
:10824000135D8E8D155D8F8D175D908D185D918DF1
:10825000195D928D1A5D938D1C5D948D1D5D958DBC
:108260001F5D968D205D978D215D988D225D998D86
:10827000235D9A8D255D9B8D285D9C8D2A5D9D8D4E
:108280002B5D9E8D2C5D9F8D2F5DA08D305DA18D12
:10829000315DA28D325DA38D335DA48D355DA58DDD
:1082A000365DA68D375DA78D385DA88D395DA98DAA
:1082B0003A5DAA8D3B5DAB8D3C5DAC8D3F5DAD8D78
:1082C000405DAE8D415DAF8D425DB08D435DB18D42
:1082D000445DB28D455DB38D465DB48D485DB58D11
:1082E000495DB68D4D5DB78D4E5DB88D4F5DB98DD5
:1082F000505DBA8D515DBB8D525DBC8D535DBD8DA2
:10830000545DBE8D555DBF8D565DC08D575DC18D71
:10831000595DC28D5A5DC38D5C5DC48D5E5DC58D3A
:108320005F5DC68D605DC78D615DC88D625DC98D05
:10833000635DCA8D645DCB8D655DCC8D665DCD8DD5
:10834000675DCE8D685DCF8D6A5DD08D6D5DD18DA1
:108350006E5DD28D705DD38D715DD48D725DD58D66
:10836000735DD68D755DD78D765DD88D775DD98D32
:10837000785DDA8D795DDB8D7A5DDC8D7B5DDD8D01
:108380007C5DDE8D7D5DDF8D7E5DE08D7F5DE18DD1
:10839000805DE28D815DE38D835DE48D845DE58D9F
:1083A000855DE68D865DE78D875DE88D885DE98D6D
:1083B000895DEA8D8A5DEB8D8B5DEC8D8C5DED8D3D
:1083C0008D5DEE8D8E5DEF8D8F5DF08D905DF18D0D
:1083D000915DF28D925DF38D935DF48D945DF58DDD
:1083E000955DF68D965DF78D975DF88D985DF98DAD
:1083F0009A5DFA8D9B5DFB8D9C5DFC8D9E5DFD8D78
:108400009F5DFE8DA05D408EA15D418EA25D428E7E
:10841000A35D438EA45D448EA55D458EA65D468E0C
:10842000A75D478EA85D488EA95D498EAA5D4A8EDC
:10843000AB5D4B8EAC5D4C8EAD5D4D8EAE5D4E8EAC
:10844000AF5D4F8EB05D508EB15D518EB25D528E7C
:10845000B35D538EB45D548EB55D558EB65D568E4C
:10846000B85D578EB95D588EBA5D598EBB5D5A8E18
:10847000BC5D5B8EBD5D5C8EBE5D5D8EBF5D5E8EE8
:10848000C05D5F8EC15D608EC25D618EC35D628EB8
:10849000C45D638EC65D648EC75D658EC85D668E85
:1084A000C95D678ECA5D688ECB5D698ECC5D6A8E54
:1084B000CE5D6B8ECF5D6C8ED05D6D8ED15D6E8E20
:1084C000D25D6F8ED35D708ED45D718ED55D728EF0
:1084D000D65D738ED75D748ED85D758ED95D768EC0
:1084E000DA5D778EDC5D788EDF5D798EE05D7A8E89
:1084F000E35D7B8EE45D7C8EEA5D7D8EEC5D7E8E41
:10850000ED5D808EF05D818EF55D828EF65D838EF1
:10851000F85D848EF95D858EFA5D868EFB5D878EB3
:10852000FC5D888EFF5D898E005E8A8E045E8B8E78
:10853000075E8C8E095E8D8E0A5E8E8E0B5E8F8E30
:108540000D5E908E0E5E918E125E928E135E938EF5
:10855000175E948E1E5E958E1F5E968E205E978EA1
:10856000215E988E225E998E235E9A8E245E9B8E6B
:10857000255E9C8E285E9D8E295E9E8E2A5E9F8E35
:108580002B5EA08E2C5EA18E2F5EA28E305EA38EFF
:10859000325EA48E335EA58E345EA68E355EA78EC7
:1085A000365EA88E395EA98E3A5EAA8E3E5EAB8E8E
:1085B0003F5EAC8E405EAD8E415EAE8E435EAF8E52
:1085C000465EB08E475EB18E485EB28E495EB38E17
:1085D0004A5EB48E4B5EB58E4D5EB68E4E5EB78EE5
:1085E0004F5EB88E505EB98E515EBA8E525EBB8EB3
:1085F000535EBC8E565EBD8E575EBE8E585EBF8E7D
:10860000595EC08E5A5EC18E5C5EC28E5D5EC38E48
:108610005F5EC48E605EC58E635EC68E645EC78E0E
:10862000655EC88E665EC98E675ECA8E685ECB8EDA
:10863000695ECC8E6A5ECD8E6B5ECE8E6C5ECF8EAA
:108640006D5ED08E6E5ED18E6F5ED28E705ED38E7A
:10865000715ED48E755ED58E775ED68E795ED78E3E
:108660007E5ED88E815ED98E825EDA8E835EDB8EF0
:10867000855EDC8E885EDD8E895EDE8E8C5EDF8EB2
:108680008D5EE08E8E5EE18E925EE28E985EE38E6F
:108690009B5EE48E9D5EE58EA15EE68EA25EE78E19
:1086A000A35EE88EA45EE98EA85EEA8EA95EEB8EDC
:1086B000AA5EEC8EAB5EED8EAC5EEE8EAE5EEF8EA5
:1086C000AF5EF08EB05EF18EB15EF28EB25EF38E72
:1086D000B45EF48EBA5EF58EBB5EF68EBC5EF78E2F
:1086E000BD5EF88EBF5EF98EC05EFA8EC15EFB8EF7
:1086F000C25EFC8EC35EFD8EC45EFE8EC55E408F84
:10870000C65E418FC75E428FC85E438FCB5E448F8B
:10871000CC5E458FCD5E468FCE5E478FCF5E488F55
:10872000D05E498FD45E4A8FD55E4B8FD75E4C8F1B
:10873000D85E4D8FD95E4E8FDA5E4F8FDC5E508FE4
:10874000DD5E518FDE5E528FDF5E538FE05E548FB1
:10875000E15E558FE25E568FE35E578FE45E588F81
:10876000E55E598FE65E5A8FE75E5B8FE95E5C8F50
:10877000EB5E5D8FEC5E5E8FED5E5F8FEE5E608F19
:10878000EF5E618FF05E628FF15E638FF25E648FE9
:10879000F35E658FF55E668FF85E678FF95E688FB2
:1087A000FB5E698FFC5E6A8FFD5E6B8F055F6C8F71
:1087B000065F6D8F075F6E8F095F6F8F0C5F708F25
:1087C0000D5F718F0E5F728F105F738F125F748FEA
:1087D000145F758F165F768F195F778F1A5F788FAA
:1087E0001C5F798F1D5F7A8F1E5F7B8F215F7C8F6F
:1087F000225F7D8F235F7E8F245F808F285F818F34
:108800002B5F828F2C5F838F2E5F848F305F858FED
:10881000325F868F335F878F345F888F355F898FB4
:10882000365F8A8F375F8B8F385F8C8F3B5F8D8F82
:108830003D5F8E8F3E5F8F8F3F5F908F415F918F47
:10884000425F928F435F938F445F948F455F958F14
:10885000465F968F475F978F485F988F495F998FE4
:108860004A5F9A8F4B5F9B8F4C5F9C8F4D5F9D8FB4
:108870004E5F9E8F4F5F9F8F515FA08F545FA18F80
:10888000595FA28F5A5FA38F5B5FA48F5C5FA58F38
:108890005E5FA68F5F5FA78F605FA88F635FA98F02
:1088A000655FAA8F675FAB8F685FAC8F6B5FAD8FC3
:1088B0006E5FAE8F6F5FAF8F725FB08F745FB18F7F
:1088C000755FB28F765FB38F785FB48F7A5FB58F45
:1088D0007D5FB68F7E5FB78F7F5FB88F835FB98F05
:1088E000865FBA8F8D5FBB8F8E5FBC8F8F5FBD8FB2
:1088F000915FBE8F935FBF8F945FC08F965FC18F74
:108900009A5FC28F9B5FC38F9D5FC48F9E5FC58F31
:108910009F5FC68FA05FC78FA25FC88FA35FC98FFD
:10892000A45FCA8FA55FCB8FA65FCC8FA75FCD8FCB
:10893000A95FCE8FAB5FCF8FAC5FD08FAF5FD18F92
:10894000B05FD28FB15FD38FB25FD48FB35FD58F5B
:10895000B45FD68FB65FD78FB85FD88FB95FD98F26
:10896000BA5FDA8FBB5FDB8FBE5FDC8FBF5FDD8FEF
:10897000C05FDE8FC15FDF8FC25FE08FC75FE18FB7
:10898000C85FE28FCA5FE38FCB5FE48FCE5FE58F76
:10899000D35FE68FD45FE78FD55FE88FDA5FE98F2B
:1089A000DB5FEA8FDC5FEB8FDE5FEC8FDF5FED8FED
:1089B000E25FEE8FE35FEF8FE55FF08FE65FF18FB1
:1089C000E85FF28FE95FF38FEC5FF48FEF5FF58F75
:1089D000F05FF68FF25FF78FF35FF88FF45FF98F38
:1089E000F65FFA8FF75FFB8FF95FFC8FFA5FFD8F01
:1089F000FC5FFE8F076040900860419009604290E4
:108A00000B6043900C60449010604590116046905C
:108A10001360479017604890186049901A604A9018
:108A20001E604B901F604C9022604D9023604E90D2
:108A300024604F902C6050902D6051902E60529089
:108A4000306053903160549032605590336056904E
:108A500034605790366058903760599038605A901B
:108A600039605B903A605C903D605D903E605E90E6
:108A700040605F90446060904560619046606290A5
:108A80004760639048606490496065904A60669072
:108A90004C6067904E6068904F60699051606A903A
:108AA00053606B9054606C9056606D9057606E9000
:108AB00058606F905B6070905C6071905E607290C7
:108AC0005F6073906060749061607590656076908F
:108AD000666077906E6078907160799072607A903D
:108AE00074607B9075607C9077607D907E607E90F6
:108AF00080608090816081908260829085608390A8
:108B00008660849087608590886086908A60879070
:108B10008B6088908E6089908F608A9090608B9037
:108B200091608C9093608D9095608E9097608F90FF
:108B300098609090996091909C6092909E609390C4
:108B4000A1609490A2609590A4609690A560979083
:108B5000A7609890A9609990AA609A90AE609B9047
:108B6000B0609C90B3609D90B5609E90B6609F9001
:108B7000B760A090B960A190BA60A290BD60A390C8
:108B8000BE60A490BF60A590C060A690C160A79091
:108B9000C260A890C360A990C460AA90C760AB905F
:108BA000C860AC90C960AD90CC60AE90CD60AF9025
:108BB000CE60B090CF60B190D060B290D260B390F0
:108BC000D360B490D460B590D660B690D760B790BB
:108BD000D960B890DB60B990DE60BA90E160BB907C
:108BE000E260BC90E360BD90E460BE90E560BF9041
:108BF000EA60C090F160C190F260C290F560C390ED
:108C0000F760C490F860C590FB60C690FC60C790A8
:108C1000FD60C890FE60C990FF60CA900261CB9071
:108C20000361CC900461CD900561CE900761CF9037
:108C30000A61D0900B61D1900C61D2901061D390F9
:108C40001161D4901261D5901361D6901461D790C0
:108C50001661D8901761D9901861DA901961DB908C
:108C60001B61DC901C61DD901D61DE901E61DF9058
:108C70002161E0902261E1902561E2902861E3901A
:108C80002961E4902A61E5902C61E6902D61E790DE
:108C90002E61E8902F61E9903061EA903161EB90AC
:108CA0003261EC903361ED903461EE903561EF907C
:108CB0003661F0903761F1903861F2903961F3904C
:108CC0003A61F4903B61F5903C61F6903D61F7901C
:108CD0003E61F8904061F9904161FA904261FB90E9
:108CE0004361FC904461FD904561FE904661409176
:108CF00047614191496142914B6143914D6144917A
:108D00004F6145915061469152614791536148913D
:108D10005461499156614A9157614B9158614C9108
:108D200059614D915A614E915B614F915C615091D7
:108D30005E6151915F6152916061539161615491A3
:108D4000636155916461569165615791666158916F
:108D5000696159916A615A916B615B916C615C9137
:108D60006D615D916E615E916F615F917161609106
:108D700072616191736162917461639176616491D2
:108D800078616591796166917A6167917B6168919B
:108D90007C6169917D616A917E616B917F616C916B
:108DA00080616D9181616E9182616F91836170913B
:108DB000846171918561729186617391876174910B
:108DC00088617591896176918A6177918C617891DA
:108DD0008D6179918F617A9190617B9191617C91A4
:108DE00092617D9193617E9195618091966181916F
:108DF0009761829198618391996184919A6185913B
:108E00009B6186919C6187919E6188919F61899108
:108E1000A0618A91A1618B91A2618C91A3618D91D6
:108E2000A4618E91A5618F91A6619091AA619191A3
:108E3000AB619291AD619391AE619491AF61959167
:108E4000B0619691B1619791B2619891B361999136
:108E5000B4619A91B5619B91B6619C91B8619D9105
:108E6000B9619E91BA619F91BB61A091BC61A191D2
:108E7000BD61A291BF61A391C061A491C161A5919F
:108E8000C361A691C461A791C561A891C661A9916A
:108E9000C761AA91C961AB91CC61AC91CD61AD9133
:108EA000CE61AE91CF61AF91D061B091D361B191FC
:108EB000D561B291D661B391D761B491D861B591C2
:108EC000D961B691DA61B791DB61B891DC61B99192
:108ED000DD61BA91DE61BB91DF61BC91E061BD9162
:108EE000E161BE91E261BF91E361C091E461C19132
:108EF000E561C291E761C391E861C491E961C591FF
:108F0000EA61C691EB61C791EC61C891ED61C991CD
:108F1000EE61CA91EF61CB91F061CC91F161CD919D
:108F2000F261CE91F361CF91F461D091F661D1916C
:108F3000F761D291F861D391F961D491FA61D59139
:108F4000FB61D691FC61D791FD61D891FE61D99109
:108F50000062DA910162DB910262DC910362DD91D1
:108F60000462DE910562DF910762E0910962E1919E
:108F70001362E2911462E3911962E4911C62E5913B
:108F80001D62E6911E62E7912062E8912362E991F9
:108F90002662EA912762EB912862EC912962ED91B9
:108FA0002B62EE912D62EF912F62F0913062F19180
:108FB0003162F2913262F3913562F4913662F59149
:108FC0003862F6913962F7913A62F8913B62F99111
:108FD0003C62FA914262FB914462FC914562FD91D0
:108FE0004662FE914A6240924F62419250624292C2
:108FF0005562439256624492576245925962469234
:109000005A6247925C6248925D6249925E624A92FD
:109010005F624B9260624C9261624D9262624E92CC
:1090200064624F926562509268625192716252928C
:10903000726253927462549275625592776256923C
:10904000786257927A6258927B6259927D625A9204
:1090500081625B9282625C9283625D9285625E92C3
:1090600086625F9287626092886261928B6262928E
:109070008C6263928D6264928E6265928F62669258
:109080009062679294626892996269929C626A9215
:109090009D626B929E626C92A3626D92A6626E92CA
:1090A000A7626F92A9627092AA627192AD62729287
:1090B000AE627392AF627492B0627592B26276924F
:1090C000B3627792B4627892B6627992B7627A921A
:1090D000B8627B92BA627C92BE627D92C0627E92DE
:1090E000C1628092C3628192CB628292CF6283928C
:1090F000D1628492D5628592DD628692DE62879229
:10910000E0628892E1628992E4628A92EA628B92DA
:10911000EB628C92F0628D92F2628E92F5628F9287
:10912000F8629092F9629192FA629292FB62939243
:1091300000639492036395920463969205639792F9
:10914000066398920A6399920B639A920C639B92BE
:109150000D639C920F639D9210639E9212639F9287
:109160001363A0921463A1921563A2921763A39252
:109170001863A4921963A5921C63A6922663A79212
:109180002763A8922963A9922C63AA922D63AB92BC
:109190002E63AC923063AD923163AE923363AF9283
:1091A0003463B0923563B1923663B2923763B3924F
:1091B0003863B4923B63B5923C63B6923E63B79218
:1091C0003F63B8924063B9924163BA924463BB92E1
:1091D0004763BC924863BD924A63BE925163BF929B
:1091E0005263C0925363C1925463C2925663C39256
:1091F0005763C4925863C5925963C6925A63C79223
:109200005B63C8925C63C9925D63CA926063CB92F0
:109210006463CC926563CD926663CE926863CF92AD
:109220006A63D0926B63D1926C63D2926F63D39274
:109230007063D4927263D5927363D6927463D7923B
:109240007563D8927863D9927963DA927C63DB9202
:109250007D63DC927E63DD927F63DE928163DF92C9
:109260008363E0928463E1928563E2928663E39292
:109270008B63E4928D63E5929163E6929363E79248
:109280009463E8929563E9929763EA929963EB920B
:109290009A63EC929B63ED929C63EE929D63EF92D6
:1092A0009E63F0929F63F192A163F292A463F392A2
:1092B000A663F492AB63F592AF63F692B163F79253
:1092C000B263F892B563F992B663FA92B963FB920E
:1092D000BB63FC92BD63FD92BF63FE92C06340938B
:1092E000C1634193C2634293C3634393C563449391
:1092F000C7634593C8634693CA634793CB63489358
:10930000CC634993D1634A93D3634B93D4634C9317
:10931000D5634D93D7634E93D8634F93D9635093DE
:10932000DA635193DB635293DC635393DD635493AD
:10933000DF635593E2635693E4635793E563589371
:10934000E6635993E7635A93E8635B93EB635C933B
:10935000EC635D93EE635E93EF635F93F063609302
:10936000F1636193F3636293F5636393F7636493CB
:10937000F9636593FA636693FB636793FC63689391
:10938000FE63699303646A9304646B9306646C934D
:1093900007646D9308646E9309646F930A64709315
:1093A0000D6471930E6472931164739312647493D9
:1093B000156475931664769317647793186478939D
:1093C000196479931A647A931D647B931F647C9368
:1093D00022647D9323647E93246480932564819327
:1093E0002764829328648393296484932B648593F0
:1093F0002E6486932F6487933064889331648993B5
:1094000032648A9333648B9335648C9336648D9382
:1094100037648E9338648F93396490933B6491934F
:109420003C6492933E649393406494934264959316
:1094300043649693496497934B6498934C649993CF
:109440004D649A934E649B934F649C9350649D9398
:1094500051649E9353649F935564A0935664A19363
:109460005764A2935964A3935A64A4935B64A5932D
:109470005C64A6935D64A7935F64A8936064A993FA
:109480006164AA936264AB936364AC936464AD93C8
:109490006564AE936664AF936864B0936A64B19395
:1094A0006B64B2936C64B3936E64B4936F64B5935E
:1094B0007064B6937164B7937264B8937364B9932C
:1094C0007464BA937564BB937664BC937764BD93FC
:1094D0007B64BE937C64BF937D64C0937E64C193C0
:1094E0007F64C2938064C3938164C4938364C5938F
:1094F0008664C6938864C7938964C8938A64C99351
:109500008B64CA938C64CB938D64CC938E64CD931F
:109510008F64CE939064CF939364D0939464D193EB
:109520009764D2939864D3939A64D4939B64D593AD
:109530009C64D6939D64D7939F64D893A064D99379
:10954000A164DA93A264DB93A364DC93A564DD9346
:10955000A664DE93A764DF93A864E093AA64E19312
:10956000AB64E293AF64E393B164E493B264E593D4
:10957000B364E693B464E793B664E893B964E9939B
:10958000BB64EA93BD64EB93BE64EC93BF64ED935C
:10959000C164EE93C364EF93C464F093C664F19323
:1095A000C764F293C864F393C964F493CA64F593EF
:1095B000CB64F693CC64F793CF64F893D164F993BA
:1095C000D364FA93D464FB93D564FC93D664FD937F
:1095D000D964FE93DA644094DB644194DC64429481
:1095E000DD644394DF644494E0644594E16446940C
:1095F000E3644794E5644894E7644994E8644A94D2
:10960000E9644B94EA644C94EB644D94EC644E949E
:10961000ED644F94EE645094EF645194F06452946E
:10962000F1645394F2645494F3645594F46456943E
:10963000F5645794F6645894F7645994F8645A940E
:10964000F9645B94FA645C94FB645D94FC645E94DE
:10965000FD645F94FE646094FF64619401656294AC
:109660000265639403656494046565940565669476
:109670000665679407656894086569940A656A9445
:109680000B656B940C656C940D656D940E656E9412
:109690000F656F94106570941165719413657294E1
:1096A00014657394156574941665759417657694AE
:1096B000196577941A6578941B6579941C657A947A
:1096C0001D657B941E657C941F657D9420657E944A
:1096D0002165809422658194236582942465839416
:1096E00026658494276585942865869429658794E2
:1096F0002A6588942C6589942D658A9430658B94AD
:1097000031658C9432658D9433658E9437658F9472
:109710003A6590943C6591943D659294406593942C
:1097200041659494426595944365969444659794F5
:1097300046659894476599944A659A944B659B94BD
:109740004D659C944E659D9450659E9452659F9482
:109750005365A0945465A1945765A2945865A39449
:109760005A65A4945C65A5945F65A6946065A7940A
:109770006165A8946465A9946565AA946765AB94CE
:109780006865AC946965AD946A65AE946D65AF9497
:109790006E65B0946F65B1947165B2947365B3945E
:1097A0007565B4947665B5947865B6947965B79423
:1097B0007A65B8947B65B9947C65BA947D65BB94F1
:1097C0007E65BC947F65BD948065BE948165BF94C1
:1097D0008265C0948365C1948465C2948565C39491
:1097E0008665C4948865C5948965C6948A65C7945E
:1097F0008D65C8948E65C9948F65CA949265CB9423
:109800009465CC949565CD949665CE949865CF94E7
:109810009A65D0949D65D1949E65D294A065D394A9
:10982000A265D494A365D594A665D694A865D7946B
:10983000AA65D894AC65D994AE65DA94B165DB9429
:10984000B265DC94B365DD94B465DE94B565DF94F0
:10985000B665E094B765E194B865E294BA65E394BF
:10986000BB65E494BE65E594BF65E694C065E79486
:10987000C265E894C765E994C865EA94C965EB9444
:10988000CA65EC94CD65ED94D065EE94D165EF9406
:10989000D365F094D465F194D565F294D865F394CA
:1098A000D965F494DA65F594DB65F694DC65F79494
:1098B000DD65F894DE65F994DF65FA94E165FB9463
:1098C000E365FC94E465FD94EA65FE94EB654095E0
:1098D000F2654195F3654295F4654395F5654495C8
:1098E000F8654595F9654695FB654795FC6548958E
:1098F000FD654995FE654A95FF654B9501664C955A
:1099000004664D9505664E9507664F950866509519
:10991000096651950B6652950D66539510665495E0
:1099200011665595126656951666579517665895A1
:10993000186659951A665A951B665B951C665C9568
:109940001E665D9521665E9522665F95236660952D
:109950002466619526666295296663952A666495F4
:109960002B6665952C6666952E66679530666895BC
:109970003266699533666A9537666B9538666C957D
:1099800039666D953A666E953B666F953D66709546
:109990003F6671954066729542667395446674950C
:1099A00045667595466676954766779548667895D7
:1099B000496679954A667A954D667B954E667C95A3
:1099C00050667D9551667E9558668095596681955D
:1099D0005B6682955C6683955D6684955E6685951B
:1099E00060668695626687956366889565668995E3
:1099F00067668A9569668B956A668C956B668D95A8
:109A00006C668E956D668F95716690957266919570
:109A10007366929575669395786694957966959533
:109A20007B6696957C6697957D6698957F669995F9
:109A300080669A9581669B9583669C9585669D95C3
:109A400086669E9588669F958966A0958A66A1958B
:109A50008B66A2958D66A3958E66A4958F66A59557
:109A60009066A6959266A7959366A8959466A99523
:109A70009566AA959866AB959966AC959A66AD95EC
:109A80009B66AE959C66AF959E66B0959F66B195B8
:109A9000A066B295A166B395A266B495A366B59586
:109AA000A466B695A566B795A666B895A966B99554
:109AB000AA66BA95AB66BB95AC66BC95AD66BD951E
:109AC000AF66BE95B066BF95B166C095B266C195EA
:109AD000B366C295B566C395B666C495B766C595B7
:109AE000B866C695BA66C795BB66C895BC66C99583
:109AF000BD66CA95BF66CB95C066CC95C166CD954F
:109B0000C266CE95C366CF95C466D095C566D1951D
:109B1000C666D295C766D395C866D495C966D595ED
:109B2000CA66D695CB66D795CC66D895CD66D995BD
:109B3000CE66DA95CF66DB95D066DC95D166DD958D
:109B4000D266DE95D366DF95D466E095D566E1955D
:109B5000D666E295D766E395D866E495DA66E5952C
:109B6000DE66E695DF66E795E066E895E166E995ED
:109B7000E266EA95E366EB95E466EC95E566ED95BD
:109B8000E766EE95E866EF95EA66F095EB66F19587
:109B9000EC66F295ED66F395EE66F495EF66F59555
:109BA000F166F695F566F795F666F895F866F99517
:109BB000FA66FA95FB66FB95FD66FC950167FD95D7
:109BC0000267FE95036740960467419605674296D3
:109BD00006674396076744960C6745960E67469658
:109BE0000F674796116748961267499613674A961A
:109BF00016674B9618674C9619674D961A674E96DE
:109C00001C674F961E6750962067519621675296A3
:109C10002267539623675496246755962567569670
:109C200027675796296758962E67599630675A9630
:109C300032675B9633675C9636675D9637675E96EC
:109C400038675F96396760963B6761963C676296B6
:109C50003E6763963F67649641676596446766967C
:109C600045676796476768964A6769964B676A963D
:109C70004D676B9652676C9654676D9655676E96F6
:109C800057676F9658677096596771965A677296BC
:109C90005B6773965D677496626775966367769681
:109CA0006467779666677896676779966B677A9642
:109CB0006C677B966E677C9671677D9674677E96FF
:109CC0007667809678678196796782967A678396B9
:109CD0007B6784967D678596806786968267879680
:109CE000836788968567899686678A9688678B9644
:109CF0008A678C968C678D968D678E968E678F9609
:109D00008F679096916791969267929693679396D4
:109D10009467949696679596996796969B6797969B
:109D20009F679896A0679996A1679A96A4679B9655
:109D3000A6679C96A9679D96AC679E96AE679F9610
:109D4000B167A096B267A196B467A296B967A396C9
:109D5000BA67A496BB67A596BC67A696BD67A7968B
:109D6000BE67A896BF67A996C067AA96C267AB965A
:109D7000C567AC96C667AD96C767AE96C867AF961F
:109D8000C967B096CA67B196CB67B296CC67B396EF
:109D9000CD67B496CE67B596D567B696D667B796B3
:109DA000D767B896DB67B996DF67BA96E167BB9667
:109DB000E367BC96E467BD96E667BE96E767BF9625
:109DC000E867C096EA67C196EB67C296ED67C396EF
:109DD000EE67C496F267C596F567C696F667C796AE
:109DE000F767C896F867C996F967CA96FA67CB9677
:109DF000FB67CC96FC67CD96FE67CE960168CF9642
:109E00000268D0960368D1960468D2960668D39605
:109E10000D68D4961068D5961268D6961468D796B1
:109E20001568D8961868D9961968DA961A68DB9674
:109E30001B68DC961C68DD961E68DE961F68DF9640
:109E40002068E0962268E1962368E2962468E3960B
:109E50002568E4962668E5962768E6962868E796DA
:109E60002B68E8962C68E9962D68EA962E68EB96A2
:109E70002F68EC963068ED963168EE963468EF9670
:109E80003568F0963668F1963A68F2963B68F39634
:109E90003F68F4964768F5964B68F6964D68F796D6
:109EA0004F68F8965268F9965668FA965768FB9686
:109EB0005868FC965968FD965A68FE965B6840970C
:109EC0005C6841975D6842975E6843975F68449716
:109ED0006A6845976C6846976D6847976E684897BB
:109EE0006F68499770684A9771684B9772684C978A
:109EF00073684D9775684E9778684F977968509753
:109F00007A6851977B6852977C6853977D6854971D
:109F10007E6855977F6856978068579782685897EC
:109F20008468599787685A9788685B9789685C97AF
:109F30008A685D978B685E978C685F978D6860977D
:109F40008E6861979068629791686397926864974A
:109F50009468659795686697966867979868689714
:109F6000996869979A686A979B686B979C686C97E1
:109F70009D686D979E686E979F686F97A0687097B1
:109F8000A1687197A3687297A4687397A56874977E
:109F9000A9687597AA687697AB687797AC68789741
:109FA000AE687997B1687A97B2687B97B4687C9706
:109FB000B6687D97B7687E97B8688097B9688197CB
:109FC000BA688297BB688397BC688497BD68859799
:109FD000BE688697BF688797C1688897C368899766
:109FE000C4688A97C5688B97C6688C97C7688D9731
:109FF000C8688E97CA688F97CC689097CE689197FB
:10A00000CF689297D0689397D1689497D3689597C3
:10A01000D4689697D6689797D7689897D96899978C
:10A02000DB689A97DC689B97DD689C97DE689D9754
:10A03000DF689E97E1689F97E268A097E468A19720
:10A04000E568A297E668A397E768A497E868A597EC
:10A05000E968A697EA68A797EB68A897EC68A997BC
:10A06000ED68AA97EF68AB97F268AC97F368AD9785
:10A07000F468AE97F668AF97F768B097F868B1974D
:10A08000FB68B297FD68B397FE68B497FF68B59711
:10A090000069B6970269B7970369B8970469B997D9
:10A0A0000669BA970769BB970869BC970969BD97A4
:10A0B0000A69BE970C69BF970F69C0971169C1976C
:10A0C0001369C2971469C3971569C4971669C59730
:10A0D0001769C6971869C7971969C8971A69C99700
:10A0E0001B69CA971C69CB971D69CC971E69CD97D0
:10A0F0002169CE972269CF972369D0972569D19797
:10A100002669D2972769D3972869D4972969D59763
:10A110002A69D6972B69D7972C69D8972E69D99732
:10A120002F69DA973169DB973269DC973369DD97FC
:10A130003569DE973669DF973769E0973869E197C7
:10A140003A69E2973B69E3973C69E4973E69E59792
:10A150004069E6974169E7974369E8974469E99759
:10A160004569EA974669EB974769EC974869ED9727
:10A170004969EE974A69EF974B69F0974C69F197F7
:10A180004D69F2974E69F3974F69F4975069F597C7
:10A190005169F6975269F7975369F8975569F99796
:10A1A0005669FA975869FB975969FC975B69FD975F
:10A1B0005C69FE975F69409861694198626942985D
:10A1C00064694398656944986769459868694698E1
:10A1D000696947986A6948986C6949986D694A98AD
:10A1E0006F694B9870694C9872694D9873694E9875
:10A1F00074694F9875695098766951987A69529840
:10A200007B6953987D6954987E6955987F69569803
:10A210008169579883695898856959988A695A98C5
:10A220008B695B988C695C988E695D988F695E9884
:10A2300090695F9891696098926961989369629852
:10A240009669639897696498996965989A69669818
:10A250009D6967989E6968989F696998A0696A98DE
:10A26000A1696B98A2696C98A3696D98A4696E98AE
:10A27000A5696F98A6697098A9697198AA6972987A
:10A28000AC697398AE697498AF697598B06976983F
:10A29000B2697798B3697898B5697998B6697A9808
:10A2A000B8697B98B9697C98BA697D98BC697E98D1
:10A2B000BD698098BE698198BF698298C06983989A
:10A2C000C2698498C3698598C4698698C569879866
:10A2D000C6698898C7698998C8698A98C9698B9836
:10A2E000CB698C98CD698D98CF698E98D1698F98FC
:10A2F000D2699098D3699198D5699298D6699398C4
:10A30000D7699498D8699598D9699698DA69979891
:10A31000DC699898DD699998DE699A98E1699B985B
:10A32000E2699C98E3699D98E4699E98E5699F9825
:10A33000E669A098E769A198E869A298E969A398F5
:10A34000EA69A498EB69A598EC69A698EE69A798C4
:10A35000EF69A898F069A998F169AA98F369AB9890
:10A36000F469AC98F569AD98F669AE98F769AF985D
:10A37000F869B098F969B198FA69B298FB69B3982D
:10A38000FC69B498FE69B598006AB698016AB798F6
:10A39000026AB898036AB998046ABA98056ABB98C1
:10A3A000066ABC98076ABD98086ABE98096ABF9891
:10A3B0000B6AC0980C6AC1980D6AC2980E6AC3985D
:10A3C0000F6AC498106AC598116AC698126AC7982D
:10A3D000136AC898146AC998156ACA98166ACB98FD
:10A3E000196ACC981A6ACD981B6ACE981C6ACF98C5
:10A3F0001D6AD0981E6AD198206AD298226AD39892
:10A40000236AD498246AD598256AD698266AD7985C
:10A41000276AD898296AD9982B6ADA982C6ADB9827
:10A420002D6ADC982E6ADD98306ADE98326ADF98F1
:10A43000336AE098346AE198366AE298376AE398BA
:10A44000386AE498396AE5983A6AE6983B6AE79888
:10A450003C6AE8983F6AE998406AEA98416AEB9852
:10A46000426AEC98436AED98456AEE98466AEF981E
:10A47000486AF098496AF1984A6AF2984B6AF398E8
:10A480004C6AF4984D6AF5984E6AF6984F6AF798B8
:10A49000516AF898526AF998536AFA98546AFB9884
:10A4A000556AFC98566AFD98576AFE985A6A409910
:10A4B0005C6A41995D6A42995E6A43995F6A449910
:10A4C000606A4599626A4699636A4799646A4899DD
:10A4D000666A4999676A4A99686A4B99696A4C99A8
:10A4E0006A6A4D996B6A4E996C6A4F996D6A509978
:10A4F0006E6A51996F6A5299706A5399726A549947
:10A50000736A5599746A5699756A5799766A589913
:10A51000776A5999786A5A997A6A5B997B6A5C99E1
:10A520007D6A5D997E6A5E997F6A5F99816A6099AA
:10A53000826A6199836A6299856A6399866A649975
:10A54000876A6599886A6699896A67998A6A689943
:10A550008B6A69998C6A6A998D6A6B998F6A6C9912
:10A56000926A6D99936A6E99946A6F99956A7099D7
:10A57000966A7199986A7299996A73999A6A7499A4
:10A580009B6A75999C6A76999D6A77999E6A789973
:10A590009F6A7999A16A7A99A26A7B99A36A7C9940
:10A5A000A46A7D99A56A7E99A66A8099A76A81990D
:10A5B000A86A8299AA6A8399AD6A8499AE6A8599D4
:10A5C000AF6A8699B06A8799B16A8899B26A89999F
:10A5D000B36A8A99B46A8B99B56A8C99B66A8D996F
:10A5E000B76A8E99B86A8F99B96A9099BA6A91993F
:10A5F000BB6A9299BC6A9399BD6A9499BE6A95990F
:10A60000BF6A9699C06A9799C16A9899C26A9999DE
:10A61000C36A9A99C46A9B99C56A9C99C66A9D99AE
:10A62000C76A9E99C86A9F99C96AA099CA6AA1997E
:10A63000CB6AA299CC6AA399CD6AA499CE6AA5994E
:10A64000CF6AA699D06AA799D16AA899D26AA9991E
:10A65000D36AAA99D46AAB99D56AAC99D66AAD99EE
:10A66000D76AAE99D86AAF99D96AB099DA6AB199BE
:10A67000DB6AB299DC6AB399DD6AB499DE6AB5998E
:10A68000DF6AB699E06AB799E16AB899E26AB9995E
:10A69000E36ABA99E46ABB99E56ABC99E66ABD992E
:10A6A000E76ABE99E86ABF99E96AC099EA6AC199FE
:10A6B000EB6AC299EC6AC399ED6AC499EE6AC599CE
:10A6C000EF6AC699F06AC799F16AC899F26AC9999E
:10A6D000F36ACA99F46ACB99F56ACC99F66ACD996E
:10A6E000F76ACE99F86ACF99F96AD099FA6AD1993E
:10A6F000FB6AD299FC6AD399FD6AD499FE6AD5990E
:10A70000FF6AD699006BD799016BD899026BD999DA
:10A71000036BDA99046BDB99056BDC99066BDD99A9
:10A72000076BDE99086BDF99096BE0990A6BE19979
:10A730000B6BE2990C6BE3990D6BE4990E6BE59949
:10A740000F6BE699106BE799116BE899126BE99919
:10A75000136BEA99146BEB99156BEC99166BED99E9
:10A76000176BEE99186BEF99196BF0991A6BF199B9
:10A770001B6BF2991C6BF3991D6BF4991E6BF59989
:10A780001F6BF699256BF799266BF899286BF99949
:10A79000296BFA992A6BFB992B6BFC992C6BFD9911
:10A7A0002D6BFE992E6B409A2F6B419A306B429A1B
:10A7B000316B439A336B449A346B459A356B469AA6
:10A7C000366B479A386B489A3B6B499A3C6B4A9A6E
:10A7D0003D6B4B9A3F6B4C9A406B4D9A416B4E9A36
:10A7E000426B4F9A446B509A456B519A486B529A00
:10A7F0004A6B539A4B6B549A4D6B559A4E6B569AC3
:10A800004F6B579A506B589A516B599A526B5A9A90
:10A81000536B5B9A546B5C9A556B5D9A566B5E9A60
:10A82000576B5F9A586B609A5A6B619A5B6B629A2E
:10A830005C6B639A5D6B649A5E6B659A5F6B669AFC
:10A84000606B679A616B689A686B699A696B6A9AC0
:10A850006B6B6B9A6C6B6C9A6D6B6D9A6E6B6E9A80
:10A860006F6B6F9A706B709A716B719A726B729A50
:10A87000736B739A746B749A756B759A766B769A20
:10A88000776B779A786B789A7A6B799A7D6B7A9AEC
:10A890007E6B7B9A7F6B7C9A806B7D9A856B7E9AB0
:10A8A000886B809A8C6B819A8E6B829A8F6B839A5D
:10A8B000906B849A916B859A946B869A956B879A24
:10A8C000976B889A986B899A996B8A9A9C6B8B9AEA
:10A8D0009D6B8C9A9E6B8D9A9F6B8E9AA06B8F9AB4
:10A8E000A26B909AA36B919AA46B929AA56B939A80
:10A8F000A66B949AA76B959AA86B969AA96B979A50
:10A90000AB6B989AAC6B999AAD6B9A9AAE6B9B9A1B
:10A91000AF6B9C9AB06B9D9AB16B9E9AB26B9F9AEB
:10A92000B66BA09AB86BA19AB96BA29ABA6BA39AAC
:10A93000BB6BA49ABC6BA59ABD6BA69ABE6BA79A7B
:10A94000C06BA89AC36BA99AC46BAA9AC66BAB9A40
:10A95000C76BAC9AC86BAD9AC96BAE9ACA6BAF9A0B
:10A96000CC6BB09ACE6BB19AD06BB29AD16BB39AD2
:10A97000D86BB49ADA6BB59ADC6BB69ADD6BB79A82
:10A98000DE6BB89ADF6BB99AE06BBA9AE26BBB9A4E
:10A99000E36BBC9AE46BBD9AE56BBE9AE66BBF9A1B
:10A9A000E76BC09AE86BC19AE96BC29AEC6BC39AE9
:10A9B000ED6BC49AEE6BC59AF06BC69AF16BC79AB1
:10A9C000F26BC89AF46BC99AF66BCA9AF76BCB9A7A
:10A9D000F86BCC9AFA6BCD9AFB6BCE9AFC6BCF9A44
:10A9E000FE6BD09AFF6BD19A006CD29A016CD39A0D
:10A9F000026CD49A036CD59A046CD69A086CD79AD8
:10AA0000096CD89A0A6CD99A0B6CDA9A0C6CDB9A9E
:10AA10000E6CDC9A126CDD9A176CDE9A1C6CDF9A55
:10AA20001D6CE09A1E6CE19A206CE29A236CE39A0A
:10AA3000256CE49A2B6CE59A2C6CE69A2D6CE79ABF
:10AA4000316CE89A336CE99A366CEA9A376CEB9A77
:10AA5000396CEC9A3A6CED9A3B6CEE9A3C6CEF9A3E
:10AA60003E6CF09A3F6CF19A436CF29A446CF39A04
:10AA7000456CF49A486CF59A4B6CF69A4C6CF79AC4
:10AA80004D6CF89A4E6CF99A4F6CFA9A516CFB9A8D
:10AA9000526CFC9A536CFD9A566CFE9A586C409B13
:10AAA000596C419B5A6C429B626C439B636C449B08
:10AAB000656C459B666C469B676C479B6B6C489BC3
:10AAC0006C6C499B6D6C4A9B6E6C4B9B6F6C4C9B8A
:10AAD000716C4D9B736C4E9B756C4F9B776C509B50
:10AAE000786C519B7A6C529B7B6C539B7C6C549B17
:10AAF0007F6C559B806C569B846C579B876C589BD6
:10AB00008A6C599B8B6C5A9B8D6C5B9B8E6C5C9B8F
:10AB1000916C5D9B926C5E9B956C5F9B966C609B51
:10AB2000976C619B986C629B9A6C639B9C6C649B1A
:10AB30009D6C659B9E6C669BA06C679BA26C689BE2
:10AB4000A86C699BAC6C6A9BAF6C6B9BB06C6C9B8C
:10AB5000B46C6D9BB56C6E9BB66C6F9BB76C709B49
:10AB6000BA6C719BC06C729BC16C739BC26C749B02
:10AB7000C36C759BC66C769BC76C779BC86C789BC7
:10AB8000CB6C799BCD6C7A9BCE6C7B9BCF6C7C9B8A
:10AB9000D16C7D9BD26C7E9BD86C809BD96C819B49
:10ABA000DA6C829BDC6C839BDD6C849BDF6C859B09
:10ABB000E46C869BE66C879BE76C889BE96C899BC1
:10ABC000EC6C8A9BED6C8B9BF26C8C9BF46C8D9B7C
:10ABD000F96C8E9BFF6C8F9B006D909B026D919B1F
:10ABE000036D929B056D939B066D949B086D959BE1
:10ABF000096D969B0A6D979B0D6D989B0F6D999BA8
:10AC0000106D9A9B116D9B9B136D9C9B146D9D9B6E
:10AC1000156D9E9B166D9F9B186DA09B1C6DA19B37
:10AC20001D6DA29B1F6DA39B206DA49B216DA59BF9
:10AC3000226DA69B236DA79B246DA89B266DA99BC7
:10AC4000286DAA9B296DAB9B2C6DAC9B2D6DAD9B8C
:10AC50002F6DAE9B306DAF9B346DB09B366DB19B4D
:10AC6000376DB29B386DB39B3A6DB49B3F6DB59B0E
:10AC7000406DB69B426DB79B446DB89B496DB99BC7
:10AC80004C6DBA9B506DBB9B556DBC9B566DBD9B6F
:10AC9000576DBE9B586DBF9B5B6DC09B5D6DC19B2F
:10ACA0005F6DC29B616DC39B626DC49B646DC59BF0
:10ACB000656DC69B676DC79B686DC89B6B6DC99BB7
:10ACC0006C6DCA9B6D6DCB9B706DCC9B716DCD9B7C
:10ACD000726DCE9B736DCF9B756DD09B766DD19B46
:10ACE000796DD29B7A6DD39B7B6DD49B7D6DD59B0B
:10ACF0007E6DD69B7F6DD79B806DD89B816DD99BD8
:10AD0000836DDA9B846DDB9B866DDC9B876DDD9BA1
:10AD10008A6DDE9B8B6DDF9B8D6DE09B8F6DE19B64
:10AD2000906DE29B926DE39B966DE49B976DE59B26
:10AD3000986DE69B996DE79B9A6DE89B9C6DE99BEE
:10AD4000A26DEA9BA56DEB9BAC6DEC9BAD6DED9B95
:10AD5000B06DEE9BB16DEF9BB36DF09BB46DF19B4D
:10AD6000B66DF29BB76DF39BB96DF49BBA6DF59B15
:10AD7000BB6DF69BBC6DF79BBD6DF89BBE6DF99BE3
:10AD8000C16DFA9BC26DFB9BC36DFC9BC86DFD9BA7
:10AD9000C96DFE9BCA6D409CCD6D419CCE6D429CA1
:10ADA000CF6D439CD06D449CD26D459CD36D469C29
:10ADB000D46D479CD56D489CD76D499CDA6D4A9CF3
:10ADC000DB6D4B9CDC6D4C9CDF6D4D9CE26D4E9CB5
:10ADD000E36D4F9CE56D509CE76D519CE86D529C76
:10ADE000E96D539CEA6D549CED6D559CEF6D569C3E
:10ADF000F06D579CF26D589CF46D599CF56D5A9C02
:10AE0000F66D5B9CF86D5C9CFA6D5D9CFD6D5E9CC7
:10AE1000FE6D5F9CFF6D609C006E619C016E629C8C
:10AE2000026E639C036E649C046E659C066E669C59
:10AE3000076E679C086E689C096E699C0B6E6A9C25
:10AE40000F6E6B9C126E6C9C136E6D9C156E6E9CDF
:10AE5000186E6F9C196E709C1B6E719C1C6E729CA0
:10AE60001E6E739C1F6E749C226E759C266E769C63
:10AE7000276E779C286E789C2A6E799C2C6E7A9C23
:10AE80002E6E7B9C306E7C9C316E7D9C336E7E9CE6
:10AE9000356E809C366E819C376E829C396E839CA9
:10AEA0003B6E849C3C6E859C3D6E869C3E6E879C72
:10AEB0003F6E889C406E899C416E8A9C426E8B9C42
:10AEC000456E8C9C466E8D9C476E8E9C486E8F9C0A
:10AED000496E909C4A6E919C4B6E929C4C6E939CDA
:10AEE0004F6E949C506E959C516E969C526E979CA2
:10AEF000556E989C576E999C596E9A9C5A6E9B9C65
:10AF00005C6E9C9C5D6E9D9C5E6E9E9C606E9F9C2C
:10AF1000616EA09C626EA19C636EA29C646EA39CF9
:10AF2000656EA49C666EA59C676EA69C686EA79CC9
:10AF3000696EA89C6A6EA99C6C6EAA9C6D6EAB9C97
:10AF40006F6EAC9C706EAD9C716EAE9C726EAF9C61
:10AF5000736EB09C746EB19C756EB29C766EB39C31
:10AF6000776EB49C786EB59C796EB69C7A6EB79C01
:10AF70007B6EB89C7C6EB99C7D6EBA9C806EBB9CCF
:10AF8000816EBC9C826EBD9C846EBE9C876EBF9C95
:10AF9000886EC09C8A6EC19C8B6EC29C8C6EC39C5A
:10AFA0008D6EC49C8E6EC59C916EC69C926EC79C25
:10AFB000936EC89C946EC99C956ECA9C966ECB9CF1
:10AFC000976ECC9C996ECD9C9A6ECE9C9B6ECF9CBE
:10AFD0009D6ED09C9E6ED19CA06ED29CA16ED39C87
:10AFE000A36ED49CA46ED59CA66ED69CA86ED79C4E
:10AFF000A96ED89CAB6ED99CAC6EDA9CAD6EDB9C16
:10B00000AE6EDC9CB06EDD9CB36EDE9CB56EDF9CDC
:10B01000B86EE09CB96EE19CBC6EE29CBE6EE39C97
:10B02000BF6EE49CC06EE59CC36EE69CC46EE79C5C
:10B03000C56EE89CC66EE99CC86EEA9CC96EEB9C26
:10B04000CA6EEC9CCC6EED9CCD6EEE9CCE6EEF9CF1
:10B05000D06EF09CD26EF19CD66EF29CD86EF39CB2
:10B06000D96EF49CDB6EF59CDC6EF69CDD6EF79C75
:10B07000E36EF89CE76EF99CEA6EFA9CEB6EFB9C23
:10B08000EC6EFC9CED6EFD9CEE6EFE9CEF6E409DAA
:10B09000F06E419DF16E429DF26E439DF36E449DB4
:10B0A000F56E459DF66E469DF76E479DF86E489D80
:10B0B000FA6E499DFB6E4A9DFC6E4B9DFD6E4C9D4C
:10B0C000FE6E4D9DFF6E4E9D006F4F9D016F509D1A
:10B0D000036F519D046F529D056F539D076F549DE3
:10B0E000086F559D0A6F569D0B6F579D0C6F589DAD
:10B0F0000D6F599D0E6F5A9D106F5B9D116F5C9D7A
:10B10000126F5D9D166F5E9D176F5F9D186F609D3E
:10B11000196F619D1A6F629D1B6F639D1C6F649D0B
:10B120001D6F659D1E6F669D1F6F679D216F689DDA
:10B13000226F699D236F6A9D256F6B9D266F6C9DA5
:10B14000276F6D9D286F6E9D2C6F6F9D2E6F709D6C
:10B15000306F719D326F729D346F739D356F749D2A
:10B16000376F759D386F769D396F779D3A6F789DF3
:10B170003B6F799D3C6F7A9D3D6F7B9D3F6F7C9DC2
:10B18000406F7D9D416F7E9D426F809D436F819D8D
:10B19000446F829D456F839D486F849D496F859D57
:10B1A0004A6F869D4C6F879D4E6F889D4F6F899D1E
:10B1B000506F8A9D516F8B9D526F8C9D536F8D9DEB
:10B1C000546F8E9D556F8F9D566F909D576F919DBB
:10B1D000596F929D5A6F939D5B6F949D5D6F959D86
:10B1E0005F6F969D606F979D616F989D636F999D4E
:10B1F000646F9A9D656F9B9D676F9C9D686F9D9D19
:10B20000696F9E9D6A6F9F9D6B6FA09D6C6FA19DE6
:10B210006F6FA29D706FA39D716FA49D736FA59DAD
:10B22000756FA69D766FA79D776FA89D796FA99D75
:10B230007B6FAA9D7D6FAB9D7E6FAC9D7F6FAD9D3B
:10B24000806FAE9D816FAF9D826FB09D836FB19D0A
:10B25000856FB29D866FB39D876FB49D8A6FB59DD4
:10B260008B6FB69D8F6FB79D906FB89D916FB99D95
:10B27000926FBA9D936FBB9D946FBC9D956FBD9D62
:10B28000966FBE9D976FBF9D986FC09D996FC19D32
:10B290009A6FC29D9B6FC39D9D6FC49D9E6FC59D00
:10B2A0009F6FC69DA06FC79DA26FC89DA36FC99DCC
:10B2B000A46FCA9DA56FCB9DA66FCC9DA86FCD9D99
:10B2C000A96FCE9DAA6FCF9DAB6FD09DAC6FD19D66
:10B2D000AD6FD29DAE6FD39DAF6FD49DB06FD59D36
:10B2E000B16FD69DB26FD79DB46FD89DB56FD99D04
:10B2F000B76FDA9DB86FDB9DBA6FDC9DBB6FDD9DCC
:10B30000BC6FDE9DBD6FDF9DBE6FE09DBF6FE19D99
:10B31000C16FE29DC36FE39DC46FE49DC56FE59D62
:10B32000C66FE69DC76FE79DC86FE89DCA6FE99D30
:10B33000CB6FEA9DCC6FEB9DCD6FEC9DCE6FED9DFD
:10B34000CF6FEE9DD06FEF9DD36FF09DD46FF19DC9
:10B35000D56FF29DD66FF39DD76FF49DD86FF59D95
:10B36000D96FF69DDA6FF79DDB6FF89DDC6FF99D65
:10B37000DD6FFA9DDF6FFB9DE26FFC9DE36FFD9D2E
:10B38000E46FFE9DE56F409EE66F419EE76F429E33
:10B39000E86F439EE96F449EEA6F459EEB6F469EC1
:10B3A000EC6F479EED6F489EF06F499EF16F4A9E8D
:10B3B000F26F4B9EF36F4C9EF46F4D9EF56F4E9E59
:10B3C000F66F4F9EF76F509EF86F519EF96F529E29
:10B3D000FA6F539EFB6F549EFC6F559EFD6F569EF9
:10B3E000FE6F579EFF6F589E0070599E01705A9EC7
:10B3F00002705B9E03705C9E04705D9E05705E9E95
:10B4000006705F9E0770609E0870619E0970629E64
:10B410000A70639E0B70649E0C70659E0D70669E34
:10B420000E70679E0F70689E1070699E12706A9E03
:10B4300013706B9E14706C9E15706D9E16706E9ED0
:10B4400017706F9E1870709E1970719E1C70729E9E
:10B450001D70739E1E70749E1F70759E2070769E68
:10B460002170779E2270789E2470799E25707A9E36
:10B4700026707B9E27707C9E28707D9E29707E9E04
:10B480002A70809E2B70819E2C70829E2D70839ED0
:10B490002E70849E2F70859E3070869E3170879EA0
:10B4A0003270889E3370899E34708A9E36708B9E6F
:10B4B00037708C9E38708D9E3A708E9E3B708F9E3A
:10B4C0003C70909E3D70919E3E70929E3F70939E08
:10B4D0004070949E4170959E4270969E4370979ED8
:10B4E0004470989E4570999E46709A9E47709B9EA8
:10B4F00048709C9E49709D9E4A709E9E4B709F9E78
:10B500004D70A09E4E70A19E5070A29E5170A39E41
:10B510005270A49E5370A59E5470A69E5570A79E0F
:10B520005670A89E5770A99E5870AA9E5970AB9EDF
:10B530005A70AC9E5B70AD9E5C70AE9E5D70AF9EAF
:10B540005F70B09E6070B19E6170B29E6270B39E7B
:10B550006370B49E6470B59E6570B69E6670B79E4B
:10B560006770B89E6870B99E6970BA9E6A70BB9E1B
:10B570006E70BC9E7170BD9E7270BE9E7370BF9ED9
:10B580007470C09E7770C19E7970C29E7A70C39E9F
:10B590007B70C49E7D70C59E8170C69E8270C79E62
:10B5A0008370C89E8470C99E8670CA9E8770CB9E29
:10B5B0008870CC9E8B70CD9E8C70CE9E8D70CF9EF1
:10B5C0008F70D09E9070D19E9170D29E9370D39EBA
:10B5D0009770D49E9870D59E9A70D69E9B70D79E79
:10B5E0009E70D89E9F70D99EA070DA9EA170DB9E3F
:10B5F000A270DC9EA370DD9EA470DE9EA570DF9E0F
:10B60000A670E09EA770E19EA870E29EA970E39EDE
:10B61000AA70E49EB070E59EB270E69EB470E79E9C
:10B62000B570E89EB670E99EBA70EA9EBE70EB9E59
:10B63000BF70EC9EC470ED9EC570EE9EC670EF9E0E
:10B64000C770F09EC970F19ECB70F29ECC70F39ED5
:10B65000CD70F49ECE70F59ECF70F69ED070F79EA2
:10B66000D170F89ED270F99ED370FA9ED470FB9E72
:10B67000D570FC9ED670FD9ED770FE9EDA70409FFE
:10B68000DC70419FDD70429FDE70439FE070449FFD
:10B69000E170459FE270469FE370479FE570489FC9
:10B6A000EA70499FEE704A9FF0704B9FF1704C9F7B
:10B6B000F2704D9FF3704E9FF4704F9FF570509F46
:10B6C000F670519FF870529FFA70539FFB70549F11
:10B6D000FC70559FFE70569FFF70579F0071589FDA
:10B6E0000171599F02715A9F03715B9F04715C9FA6
:10B6F00005715D9F06715E9F07715F9F0871609F76
:10B700000B71619F0C71629F0D71639F0E71649F3D
:10B710000F71659F1171669F1271679F1471689F09
:10B720001771699F1B716A9F1C716B9F1D716C9FC4
:10B730001E716D9F1F716E9F20716F9F2171709F91
:10B740002271719F2371729F2471739F2571749F61
:10B750002771759F2871769F2971779F2A71789F2D
:10B760002B71799F2C717A9F2D717B9F2E717C9FFD
:10B7700032717D9F33717E9F3471809F3571819FBF
:10B780003771829F3871839F3971849F3A71859F89
:10B790003B71869F3C71879F3D71889F3E71899F59
:10B7A0003F718A9F40718B9F41718C9F42718D9F29
:10B7B00043718E9F44718F9F4671909F4771919FF7
:10B7C0004871929F4971939F4B71949F4D71959FC2
:10B7D0004F71969F5071979F5171989F5271999F89
:10B7E00053719A9F54719B9F55719C9F56719D9F59
:10B7F00057719E9F58719F9F5971A09F5A71A19F29
:10B800005B71A29F5D71A39F5F71A49F6071A59FF3
:10B810006171A69F6271A79F6371A89F6571A99FBF
:10B820006971AA9F6A71AB9F6B71AC9F6C71AD9F80
:10B830006D71AE9F6F71AF9F7071B09F7171B19F4D
:10B840007471B29F7571B39F7671B49F7771B59F14
:10B850007971B69F7B71B79F7C71B89F7E71B99FDC
:10B860007F71BA9F8071BB9F8171BC9F8271BD9FA8
:10B870008371BE9F8571BF9F8671C09F8771C19F75
:10B880008871C29F8971C39F8B71C49F8C71C59F42
:10B890008D71C69F8E71C79F9071C89F9171C99F0E
:10B8A0009271CA9F9371CB9F9571CC9F9671CD9FDA
:10B8B0009771CE9F9A71CF9F9B71D09F9C71D19FA2
:10B8C0009D71D29F9E71D39FA171D49FA271D59F6C
:10B8D000A371D69FA471D79FA571D89FA671D99F38
:10B8E000A771DA9FA971DB9FAA71DC9FAB71DD9F05
:10B8F000AD71DE9FAE71DF9FAF71E09FB071E19FD0
:10B90000B171E29FB271E39FB471E49FB671E59F9C
:10B91000B771E69FB871E79FBA71E89FBB71E99F65
:10B92000BC71EA9FBD71EB9FBE71EC9FBF71ED9F33
:10B93000C071EE9FC171EF9FC271F09FC471F19F02
:10B94000C571F29FC671F39FC771F49FC871F59FCF
:10B95000C971F69FCA71F79FCB71F89FCC71F99F9F
:10B96000CD71FA9FCF71FB9FD071FC9FD171FD9F6C
:10B97000D271FE9FD37140A0D67141A0D77142A071
:10B98000D87143A0D97144A0DA7145A0DB7146A0FB
:10B99000DC7147A0DD7148A0DE7149A0DF714AA0CB
:10B9A000E1714BA0E2714CA0E3714DA0E4714EA097
:10B9B000E6714FA0E87150A0E97151A0EA7152A060
:10B9C000EB7153A0EC7154A0ED7155A0EF7156A02E
:10B9D000F07157A0F17158A0F27159A0F3715AA0FB
:10B9E000F4715BA0F5715CA0F6715DA0F7715EA0CB
:10B9F000F8715FA0FA7160A0FB7161A0FC7162A098
:10BA0000FD7163A0FE7164A0FF7165A0007266A065
:10BA1000017267A0027268A0037269A004726AA032
:10BA200005726BA007726CA008726DA009726EA0FF
:10BA30000A726FA00B7270A00C7271A00D7272A0CE
:10BA40000E7273A00F7274A0107275A0117276A09E
:10BA5000127277A0137278A0147279A015727AA06E
:10BA600016727BA017727CA018727DA019727EA03E
:10BA70001A7280A01B7281A01C7282A01E7283A009
:10BA80001F7284A0207285A0217286A0227287A0D6
:10BA9000237288A0247289A025728AA026728BA0A6
:10BAA00027728CA029728DA02B728EA02D728FA070
:10BAB0002E7290A02F7291A0327292A0337293A036
:10BAC000347294A03A7295A03C7296A03E7297A0F0
:10BAD000407298A0417299A042729AA043729BA0B2
:10BAE00044729CA045729DA046729EA049729FA080
:10BAF0004A72A0A04B72A1A04E72A2A04F72A3A046
:10BB00005072A4A05172A5A05372A6A05472A7A00F
:10BB10005572A8A05772A9A05872AAA05A72ABA0D9
:10BB20005C72ACA05E72ADA06072AEA06372AFA09A
:10BB30006472B0A06572B1A06872B2A06A72B3A05C
:10BB40006B72B4A06C72B5A06D72B6A07072B7A023
:10BB50007172B8A07372B9A07472BAA07672BBA0E9
:10BB60007772BCA07872BDA07B72BEA07C72BFA0B1
:10BB70007D72C0A08272C1A08372C2A08572C3A070
:10BB80008672C4A08772C5A08872C6A08972C7A039
:10BB90008C72C8A08E72C9A09072CAA09172CBA0FC
:10BBA0009372CCA09472CDA09572CEA09672CFA0C5
:10BBB0009772D0A09872D1A09972D2A09A72D3A095
:10BBC0009B72D4A09C72D5A09D72D6A09E72D7A065
:10BBD000A072D8A0A172D9A0A272DAA0A372DBA031
:10BBE000A472DCA0A572DDA0A672DEA0A772DFA001
:10BBF000A872E0A0A972E1A0AA72E2A0AB72E3A0D1
:10BC0000AE72E4A0B172E5A0B272E6A0B372E7A092
:10BC1000B572E8A0BA72E9A0BB72EAA0BC72EBA050
:10BC2000BD72ECA0BE72EDA0BF72EEA0C072EFA01C
:10BC3000C572F0A0C672F1A0C772F2A0C972F3A0DB
:10BC4000CA72F4A0CB72F5A0CC72F6A0CF72F7A0A6
:10BC5000D172F8A0D372F9A0D472FAA0D572FBA069
:10BC6000D672FCA0D872FDA0DA72FEA0DB72A1A190
:10BC70000030A2A10130A3A10230A4A1B700A5A168
:10BC8000C902A6A1C702A7A1A800A8A10330A9A123
:10BC90000530AAA11420ABA15EFFACA11620ADA176
:10BCA0002620AEA11820AFA11920B0A11C20B1A15F
:10BCB0001D20B2A11430B3A11530B4A10830B5A134
:10BCC0000930B6A10A30B7A10B30B8A10C30B9A128
:10BCD0000D30BAA10E30BBA10F30BCA11630BDA1F2
:10BCE0001730BEA11030BFA11130C0A1B100C1A159
:10BCF000D700C2A1F700C3A13622C4A12722C5A143
:10BD00002822C6A11122C7A10F22C8A12A22C9A197
:10BD10002922CAA10822CBA13722CCA11A22CDA167
:10BD2000A522CEA12522CFA12022D0A11223D1A1CC
:10BD30009922D2A12B22D3A12E22D4A16122D5A156
:10BD40004C22D6A14822D7A13D22D8A11D22D9A19B
:10BD50006022DAA16E22DBA16F22DCA16422DDA1C8
:10BD60006522DEA11E22DFA13522E0A13422E1A15D
:10BD70004226E2A14026E3A1B000E4A13220E5A1E1
:10BD80003320E6A10321E7A104FFE8A1A400E9A173
:10BD9000E0FFEAA1E1FFEBA13020ECA1A700EDA1BB
:10BDA0001621EEA10626EFA10526F0A1CB25F1A1D3
:10BDB000CF25F2A1CE25F3A1C725F4A1C625F5A173
:10BDC000A125F6A1A025F7A1B325F8A1B225F9A1D7
:10BDD0003B20FAA19221FBA19021FCA19121FDA180
:10BDE0009321FEA11330A1A27021A2A27121A3A2CE
:10BDF0007221A4A27321A5A27421A6A27521A7A2D3
:10BE00007621A8A27721A9A27821AAA27921B1A29C
:10BE10008824B2A28924B3A28A24B4A28B24B5A216
:10BE20008C24B6A28D24B7A28E24B8A28F24B9A2E6
:10BE30009024BAA29124BBA29224BCA29324BDA2B6
:10BE40009424BEA29524BFA29624C0A29724C1A286
:10BE50009824C2A29924C3A29A24C4A29B24C5A256
:10BE60007424C6A27524C7A27624C8A27724C9A2C6
:10BE70007824CAA27924CBA27A24CCA27B24CDA296
:10BE80007C24CEA27D24CFA27E24D0A27F24D1A266
:10BE90008024D2A28124D3A28224D4A28324D5A236
:10BEA0008424D6A28524D7A28624D8A28724D9A206
:10BEB0006024DAA26124DBA26224DCA26324DDA276
:10BEC0006424DEA26524DFA26624E0A26724E1A246
:10BED0006824E2A26924E5A22032E6A22132E7A288
:10BEE0002232E8A22332E9A22432EAA22532EBA2CE
:10BEF0002632ECA22732EDA22832EEA22932F1A29C
:10BF00006021F2A26121F3A26221F4A26321F5A2D1
:10BF10006421F6A26521F7A26621F8A26721F9A2A1
:10BF20006821FAA26921FBA26A21FCA26B21A1A3CC
:10BF300001FFA2A302FFA3A303FFA4A3E5FFA5A300
:10BF400005FFA6A306FFA7A307FFA8A308FFA9A3B1
:10BF500009FFAAA30AFFABA30BFFACA30CFFADA381
:10BF60000DFFAEA30EFFAFA30FFFB0A310FFB1A351
:10BF700011FFB2A312FFB3A313FFB4A314FFB5A321
:10BF800015FFB6A316FFB7A317FFB8A318FFB9A3F1
:10BF900019FFBAA31AFFBBA31BFFBCA31CFFBDA3C1
:10BFA0001DFFBEA31EFFBFA31FFFC0A320FFC1A391
:10BFB00021FFC2A322FFC3A323FFC4A324FFC5A361
:10BFC00025FFC6A326FFC7A327FFC8A328FFC9A331
:10BFD00029FFCAA32AFFCBA32BFFCCA32CFFCDA301
:10BFE0002DFFCEA32EFFCFA32FFFD0A330FFD1A3D1
:10BFF00031FFD2A332FFD3A333FFD4A334FFD5A3A1
:10C0000035FFD6A336FFD7A337FFD8A338FFD9A370
:10C0100039FFDAA33AFFDBA33BFFDCA33CFFDDA340
:10C020003DFFDEA33EFFDFA33FFFE0A340FFE1A310
:10C0300041FFE2A342FFE3A343FFE4A344FFE5A3E0
:10C0400045FFE6A346FFE7A347FFE8A348FFE9A3B0
:10C0500049FFEAA34AFFEBA34BFFECA34CFFEDA380
:10C060004DFFEEA34EFFEFA34FFFF0A350FFF1A350
:10C0700051FFF2A352FFF3A353FFF4A354FFF5A320
:10C0800055FFF6A356FFF7A357FFF8A358FFF9A3F0
:10C0900059FFFAA35AFFFBA35BFFFCA35CFFFDA3C0
:10C0A0005DFFFEA3E3FFA1A44130A2A44230A3A4FC
:10C0B0004330A4A44430A5A44530A6A44630A7A488
:10C0C0004730A8A44830A9A44930AAA44A30ABA458
:10C0D0004B30ACA44C30ADA44D30AEA44E30AFA428
:10C0E0004F30B0A45030B1A45130B2A45230B3A4F8
:10C0F0005330B4A45430B5A45530B6A45630B7A4C8
:10C100005730B8A45830B9A45930BAA45A30BBA497
:10C110005B30BCA45C30BDA45D30BEA45E30BFA467
:10C120005F30C0A46030C1A46130C2A46230C3A437
:10C130006330C4A46430C5A46530C6A46630C7A407
:10C140006730C8A46830C9A46930CAA46A30CBA4D7
:10C150006B30CCA46C30CDA46D30CEA46E30CFA4A7
:10C160006F30D0A47030D1A47130D2A47230D3A477
:10C170007330D4A47430D5A47530D6A47630D7A447
:10C180007730D8A47830D9A47930DAA47A30DBA417
:10C190007B30DCA47C30DDA47D30DEA47E30DFA4E7
:10C1A0007F30E0A48030E1A48130E2A48230E3A4B7
:10C1B0008330E4A48430E5A48530E6A48630E7A487
:10C1C0008730E8A48830E9A48930EAA48A30EBA457
:10C1D0008B30ECA48C30EDA48D30EEA48E30EFA427
:10C1E0008F30F0A49030F1A49130F2A49230F3A4F7
:10C1F0009330A1A5A130A2A5A230A3A5A330A4A5E8
:10C20000A430A5A5A530A6A5A630A7A5A730A8A5AA
:10C21000A830A9A5A930AAA5AA30ABA5AB30ACA57A
:10C22000AC30ADA5AD30AEA5AE30AFA5AF30B0A54A
:10C23000B030B1A5B130B2A5B230B3A5B330B4A51A
:10C24000B430B5A5B530B6A5B630B7A5B730B8A5EA
:10C25000B830B9A5B930BAA5BA30BBA5BB30BCA5BA
:10C26000BC30BDA5BD30BEA5BE30BFA5BF30C0A58A
:10C27000C030C1A5C130C2A5C230C3A5C330C4A55A
:10C28000C430C5A5C530C6A5C630C7A5C730C8A52A
:10C29000C830C9A5C930CAA5CA30CBA5CB30CCA5FA
:10C2A000CC30CDA5CD30CEA5CE30CFA5CF30D0A5CA
:10C2B000D030D1A5D130D2A5D230D3A5D330D4A59A
:10C2C000D430D5A5D530D6A5D630D7A5D730D8A56A
:10C2D000D830D9A5D930DAA5DA30DBA5DB30DCA53A
:10C2E000DC30DDA5DD30DEA5DE30DFA5DF30E0A50A
:10C2F000E030E1A5E130E2A5E230E3A5E330E4A5DA
:10C30000E430E5A5E530E6A5E630E7A5E730E8A5A9
:10C31000E830E9A5E930EAA5EA30EBA5EB30ECA579
:10C32000EC30EDA5ED30EEA5EE30EFA5EF30F0A549
:10C33000F030F1A5F130F2A5F230F3A5F330F4A519
:10C34000F430F5A5F530F6A5F630A1A69103A2A626
:10C350009203A3A69303A4A69403A5A69503A6A659
:10C360009603A7A69703A8A69803A9A69903AAA629
:10C370009A03ABA69B03ACA69C03ADA69D03AEA6F9
:10C380009E03AFA69F03B0A6A003B1A6A103B2A6C9
:10C39000A303B3A6A403B4A6A503B5A6A603B6A695
:10C3A000A703B7A6A803B8A6A903C1A6B103C2A64E
:10C3B000B203C3A6B303C4A6B403C5A6B503C6A6F9
:10C3C000B603C7A6B703C8A6B803C9A6B903CAA6C9
:10C3D000BA03CBA6BB03CCA6BC03CDA6BD03CEA699
:10C3E000BE03CFA6BF03D0A6C003D1A6C103D2A669
:10C3F000C303D3A6C403D4A6C503D5A6C603D6A635
:10C40000C703D7A6C803D8A6C903E0A635FEE1A690
:10C4100036FEE2A639FEE3A63AFEE4A63FFEE5A616
:10C4200040FEE6A63DFEE7A63EFEE8A641FEE9A6E2
:10C4300042FEEAA643FEEBA644FEEEA63BFEEFA6B6
:10C440003CFEF0A637FEF1A638FEF2A631FEF4A6B9
:10C4500033FEF5A634FEA1A71004A2A71104A3A7DA
:10C460001204A4A71304A5A71404A6A71504A7A73C
:10C470000104A8A71604A9A71704AAA71804ABA724
:10C480001904ACA71A04ADA71B04AEA71C04AFA7E0
:10C490001D04B0A71E04B1A71F04B2A72004B3A7B0
:10C4A0002104B4A72204B5A72304B6A72404B7A780
:10C4B0002504B8A72604B9A72704BAA72804BBA750
:10C4C0002904BCA72A04BDA72B04BEA72C04BFA720
:10C4D0002D04C0A72E04C1A72F04D1A73004D2A7D2
:10C4E0003104D3A73204D4A73304D5A73404D6A784
:10C4F0003504D7A75104D8A73604D9A73704DAA73B
:10C500003804DBA73904DCA73A04DDA73B04DEA727
:10C510003C04DFA73D04E0A73E04E1A73F04E2A7F7
:10C520004004E3A74104E4A74204E5A74304E6A7C7
:10C530004404E7A74504E8A74604E9A74704EAA797
:10C540004804EBA74904ECA74A04EDA74B04EEA767
:10C550004C04EFA74D04F0A74E04F1A74F0440A8E8
:10C56000CA0241A8CB0242A8D90243A8132044A87A
:10C57000152045A8252046A8352047A8052148A80C
:10C58000092149A896214AA897214BA898214CA88F
:10C5900099214DA815224EA81F224FA8232250A84A
:10C5A000522251A8662252A8672253A8BF2254A83B
:10C5B000502555A8512556A8522557A8532558A8A7
:10C5C000542559A855255AA856255BA857255CA877
:10C5D00058255DA859255EA85A255FA85B2560A847
:10C5E0005C2561A85D2562A85E2563A85F2564A817
:10C5F000602565A8612566A8622567A8632568A8E7
:10C60000642569A865256AA866256BA867256CA8B6
:10C6100068256DA869256EA86A256FA86B2570A886
:10C620006C2571A86D2572A86E2573A86F2574A856
:10C63000702575A8712576A8722577A8732578A826
:10C64000812579A882257AA883257BA884257CA8C2
:10C6500085257DA886257EA8872580A8882581A890
:10C66000892582A88A2583A88B2584A88C2585A85E
:10C670008D2586A88E2587A88F2588A8932589A82B
:10C6800094258AA895258BA8BC258CA8BD258DA8A6
:10C69000E2258EA8E3258FA8E42590A8E52591A89A
:10C6A000092692A8952293A8123094A81D3095A827
:10C6B0001E30A1A80101A2A8E100A3A8CE01A4A850
:10C6C000E000A5A81301A6A8E900A7A81B01A8A837
:10C6D000E800A9A82B01AAA8ED00ABA8D001ACA83E
:10C6E000EC00ADA84D01AEA8F300AFA8D201B0A8F0
:10C6F000F200B1A86B01B2A8FA00B3A8D401B4A8A3
:10C70000F900B5A8D601B6A8D801B7A8DA01B8A82B
:10C71000DC01B9A8FC00BAA8EA00BBA85102BDA878
:10C720004401BEA84801C0A86102C5A80531C6A839
:10C730000631C7A80731C8A80831C9A80931CAA855
:10C740000A31CBA80B31CCA80C31CDA80D31CEA825
:10C750000E31CFA80F31D0A81031D1A81131D2A8F5
:10C760001231D3A81331D4A81431D5A81531D6A8C5
:10C770001631D7A81731D8A81831D9A81931DAA895
:10C780001A31DBA81B31DCA81C31DDA81D31DEA865
:10C790001E31DFA81F31E0A82031E1A82131E2A835
:10C7A0002231E3A82331E4A82431E5A82531E6A805
:10C7B0002631E7A82731E8A82831E9A8293140A97E
:10C7C000213041A9223042A9233043A9243044A971
:10C7D000253045A9263046A9273047A9283048A941
:10C7E000293049A9A3324AA98E334BA98F334CA9CA
:10C7F0009C334DA99D334EA99E334FA9A13350A917
:10C80000C43351A9CE3352A9D13353A9D23354A939
:10C81000D53355A930FE56A9E2FF57A9E4FF59A91F
:10C8200021215AA931325CA9102060A9FC3061A9EC
:10C830009B3062A99C3063A9FD3064A9FE3065A9D4
:10C84000063066A99D3067A99E3068A949FE69A98E
:10C850004AFE6AA94BFE6BA94CFE6CA94DFE6DA960
:10C860004EFE6EA94FFE6FA950FE70A951FE71A930
:10C8700052FE72A954FE73A955FE74A956FE75A9FD
:10C8800057FE76A959FE77A95AFE78A95BFE79A9C9
:10C890005CFE7AA95DFE7BA95EFE7CA95FFE7DA998
:10C8A00060FE7EA961FE80A962FE81A963FE82A965
:10C8B00064FE83A965FE84A966FE85A968FE86A933
:10C8C00069FE87A96AFE88A96BFE96A90730A4A90C
:10C8D0000025A5A90125A6A90225A7A90325A8A980
:10C8E0000425A9A90525AAA90625ABA90725ACA950
:10C8F0000825ADA90925AEA90A25AFA90B25B0A920
:10C900000C25B1A90D25B2A90E25B3A90F25B4A9EF
:10C910001025B5A91125B6A91225B7A91325B8A9BF
:10C920001425B9A91525BAA91625BBA91725BCA98F
:10C930001825BDA91925BEA91A25BFA91B25C0A95F
:10C940001C25C1A91D25C2A91E25C3A91F25C4A92F
:10C950002025C5A92125C6A92225C7A92325C8A9FF
:10C960002425C9A92525CAA92625CBA92725CCA9CF
:10C970002825CDA92925CEA92A25CFA92B25D0A99F
:10C980002C25D1A92D25D2A92E25D3A92F25D4A96F
:10C990003025D5A93125D6A93225D7A93325D8A93F
:10C9A0003425D9A93525DAA93625DBA93725DCA90F
:10C9B0003825DDA93925DEA93A25DFA93B25E0A9DF
:10C9C0003C25E1A93D25E2A93E25E3A93F25E4A9AF
:10C9D0004025E5A94125E6A94225E7A94325E8A97F
:10C9E0004425E9A94525EAA94625EBA94725ECA94F
:10C9F0004825EDA94925EEA94A25EFA94B2540AACE
:10CA0000DC7241AADD7242AADF7243AAE27244AA32
:10CA1000E37245AAE47246AAE57247AAE67248AAFA
:10CA2000E77249AAEA724AAAEB724BAAF5724CAABB
:10CA3000F6724DAAF9724EAAFD724FAAFE7250AA62
:10CA4000FF7251AA007352AA027353AA047354AA24
:10CA5000057355AA067356AA077357AA087358AAEE
:10CA6000097359AA0B735AAA0C735BAA0D735CAABB
:10CA70000F735DAA10735EAA11735FAA127360AA86
:10CA8000147361AA187362AA197363AA1A7364AA49
:10CA90001F7365AA207366AA237367AA247368AA02
:10CAA000267369AA27736AAA28736BAA2D736CAAC6
:10CAB0002F736DAA30736EAA32736FAA337370AA84
:10CAC000357371AA367372AA3A7373AA3B7374AA48
:10CAD0003C7375AA3D7376AA407377AA417378AA0E
:10CAE000427379AA43737AAA44737BAA45737CAADA
:10CAF00046737DAA47737EAA487380AA497381AAA8
:10CB00004A7382AA4B7383AA4C7384AA4E7385AA74
:10CB10004F7386AA517387AA537388AA547389AA3C
:10CB200055738AAA56738BAA58738CAA59738DAA07
:10CB30005A738EAA5B738FAA5C7390AA5D7391AAD5
:10CB40005E7392AA5F7393AA617394AA627395AAA3
:10CB5000637396AA647397AA657398AA667399AA71
:10CB600067739AAA68739BAA69739CAA6A739DAA41
:10CB70006B739EAA6E739FAA7073A0AA717340AB69
:10CB8000727341AB737342AB747343AB757344AB55
:10CB9000767345AB777346AB787347AB797348AB25
:10CBA0007A7349AB7B734AAB7C734BAB7D734CABF5
:10CBB0007F734DAB80734EAB81734FAB827350ABC1
:10CBC000837351AB857352AB867353AB887354AB8D
:10CBD0008A7355AB8C7356AB8D7357AB8F7358AB51
:10CBE000907359AB92735AAB93735BAB94735CAB1A
:10CBF00095735DAB97735EAB98735FAB997360ABE6
:10CC00009A7361AB9C7362AB9D7363AB9E7364ABB1
:10CC1000A07365ABA17366ABA37367ABA47368AB7A
:10CC2000A57369ABA6736AABA7736BABA8736CAB48
:10CC3000AA736DABAC736EABAD736FABB17370AB0E
:10CC4000B47371ABB57372ABB67373ABB87374ABCB
:10CC5000B97375ABBC7376ABBD7377ABBE7378AB92
:10CC6000BF7379ABC1737AABC3737BABC4737CAB5B
:10CC7000C5737DABC6737EABC77380ABCB7381AB23
:10CC8000CC7382ABCE7383ABD27384ABD37385ABDF
:10CC9000D47386ABD57387ABD67388ABD77389ABA8
:10CCA000D8738AABDA738BABDB738CABDC738DAB75
:10CCB000DD738EABDF738FABE17390ABE27391AB3F
:10CCC000E37392ABE47393ABE67394ABE87395AB09
:10CCD000EA7396ABEB7397ABEC7398ABEE7399ABCF
:10CCE000EF739AABF0739BABF1739CABF3739DAB9B
:10CCF000F4739EABF5739FABF673A0ABF77340ACC8
:10CD0000F87341ACF97342ACFA7343ACFB7344ACB7
:10CD1000FC7345ACFD7346ACFE7347ACFF7348AC87
:10CD2000007449AC01744AAC02744BAC04744CAC52
:10CD300007744DAC08744EAC0B744FAC0C7450AC13
:10CD40000D7451AC0E7452AC117453AC127454ACDB
:10CD5000137455AC147456AC157457AC167458ACA7
:10CD6000177459AC18745AAC19745BAC1C745CAC75
:10CD70001D745DAC1E745EAC1F745FAC207460AC3F
:10CD8000217461AC237462AC247463AC277464AC0A
:10CD9000297465AC2B7466AC2D7467AC2F7468ACC9
:10CDA000317469AC32746AAC37746BAC38746CAC87
:10CDB00039746DAC3A746EAC3B746FAC3D7470AC4E
:10CDC0003E7471AC3F7472AC407473AC427474AC1A
:10CDD000437475AC447476AC457477AC467478ACE7
:10CDE000477479AC48747AAC49747BAC4A747CACB7
:10CDF0004B747DAC4C747EAC4D7480AC4E7481AC85
:10CE00004F7482AC507483AC517484AC527485AC52
:10CE1000537486AC547487AC567488AC587489AC1F
:10CE20005D748AAC60748BAC61748CAC62748DACD4
:10CE300063748EAC64748FAC657490AC667491ACA2
:10CE4000677492AC687493AC697494AC6A7495AC72
:10CE50006B7496AC6C7497AC6E7498AC6F7499AC40
:10CE600071749AAC72749BAC73749CAC74749DAC0A
:10CE700075749EAC78749FAC7974A0AC7A7440AD34
:10CE80007B7441AD7C7442AD7D7443AD7F7444AD21
:10CE9000827445AD847446AD857447AD867448ADE3
:10CEA000887449AD89744AAD8A744BAD8C744CADAD
:10CEB0008D744DAD8F744EAD91744FAD927450AD75
:10CEC000937451AD947452AD957453AD967454AD42
:10CED000977455AD987456AD997457AD9A7458AD12
:10CEE0009B7459AD9D745AAD9F745BADA0745CADDD
:10CEF000A1745DADA2745EADA3745FADA47460ADAA
:10CF0000A57461ADA67462ADAA7463ADAB7464AD73
:10CF1000AC7465ADAD7466ADAE7467ADAF7468AD3D
:10CF2000B07469ADB1746AADB2746BADB3746CAD0D
:10CF3000B4746DADB5746EADB6746FADB77470ADDD
:10CF4000B87471ADB97472ADBB7473ADBC7474ADAB
:10CF5000BD7475ADBE7476ADBF7477ADC07478AD79
:10CF6000C17479ADC2747AADC3747BADC4747CAD49
:10CF7000C5747DADC6747EADC77480ADC87481AD17
:10CF8000C97482ADCA7483ADCB7484ADCC7485ADE5
:10CF9000CD7486ADCE7487ADCF7488ADD07489ADB5
:10CFA000D1748AADD3748BADD4748CADD5748DAD82
:10CFB000D6748EADD7748FADD87490ADD97491AD51
:10CFC000DA7492ADDB7493ADDD7494ADDF7495AD1E
:10CFD000E17496ADE57497ADE77498ADE87499ADDA
:10CFE000E9749AADEA749BADEB749CADEC749DADA5
:10CFF000ED749EADF0749FADF174A0ADF27440AECF
:10D00000F37441AEF57442AEF87443AEF97444AEB5
:10D01000FA7445AEFB7446AEFC7447AEFD7448AE80
:10D02000FE7449AE00754AAE01754BAE02754CAE4A
:10D0300003754DAE05754EAE06754FAE077550AE15
:10D04000087551AE097552AE0A7553AE0B7554AEE4
:10D050000C7555AE0E7556AE107557AE127558AEAE
:10D06000147559AE15755AAE16755BAE17755CAE74
:10D070001B755DAE1D755EAE1E755FAE207560AE34
:10D08000217561AE227562AE237563AE247564AE00
:10D09000267565AE277566AE2A7567AE2E7568AEC5
:10D0A000347569AE36756AAE39756BAE3C756CAE6B
:10D0B0003D756DAE3F756EAE41756FAE427570AE2B
:10D0C000437571AE447572AE467573AE477574AEF6
:10D0D000497575AE4A7576AE4D7577AE507578AEBA
:10D0E000517579AE52757AAE53757BAE55757CAE7F
:10D0F00056757DAE57757EAE587580AE5D7581AE46
:10D100005E7582AE5F7583AE607584AE617585AE07
:10D11000627586AE637587AE647588AE677589AED5
:10D1200068758AAE69758BAE6B758CAE6C758DAE9D
:10D130006D758EAE6E758FAE6F7590AE707591AE6B
:10D14000717592AE737593AE757594AE767595AE36
:10D15000777596AE7A7597AE7B7598AE7C7599AEFD
:10D160007D759AAE7E759BAE80759CAE81759DAEC9
:10D1700082759EAE84759FAE8575A0AE877540AFF3
:10D18000887541AF897542AF8A7543AF8C7544AFDE
:10D190008D7545AF8E7546AF907547AF937548AFA7
:10D1A000957549AF98754AAF9B754BAF9C754CAF61
:10D1B0009E754DAFA2754EAFA6754FAFA77550AF18
:10D1C000A87551AFA97552AFAA7553AFAD7554AFDD
:10D1D000B67555AFB77556AFBA7557AFBB7558AF83
:10D1E000BF7559AFC0755AAFC1755BAFC6755CAF3F
:10D1F000CB755DAFCC755EAFCE755FAFCF7560AFF1
:10D20000D07561AFD17562AFD37563AFD77564AFB9
:10D21000D97565AFDA7566AFDC7567AFDD7568AF78
:10D22000DF7569AFE0756AAFE1756BAFE5756CAF3F
:10D23000E9756DAFEC756EAFED756FAFEE7570AFF4
:10D24000EF7571AFF27572AFF37573AFF57574AFBB
:10D25000F67575AFF77576AFF87577AFFA7578AF85
:10D26000FB7579AFFD757AAFFE757BAF02767CAF4B
:10D2700004767DAF06767EAF077680AF087681AF05
:10D28000097682AF0B7683AF0D7684AF0E7685AFCD
:10D290000F7686AF117687AF127688AF137689AF97
:10D2A00014768AAF16768BAF1A768CAF1C768DAF5C
:10D2B0001D768EAF1E768FAF217690AF237691AF1D
:10D2C000277692AF287693AF2C7694AF2E7695AFD3
:10D2D0002F7696AF317697AF327698AF367699AF94
:10D2E00037769AAF39769BAF3A769CAF3B769DAF57
:10D2F0003D769EAF41769FAF4276A0AF447640B078
:10D30000457641B0467642B0477643B0487644B061
:10D31000497645B04A7646B04B7647B04E7648B02F
:10D320004F7649B050764AB051764BB052764CB0F9
:10D3300053764DB055764EB057764FB0587650B0C4
:10D34000597651B05A7652B05B7653B05D7654B090
:10D350005F7655B0607656B0617657B0627658B059
:10D36000647659B065765AB066765BB067765CB025
:10D3700068765DB069765EB06A765FB06C7660B0F4
:10D380006D7661B06E7662B0707663B0717664B0BF
:10D39000727665B0737666B0747667B0757668B08D
:10D3A000767669B077766AB079766BB07A766CB05B
:10D3B0007C766DB07F766EB080766FB0817670B01F
:10D3C000837671B0857672B0897673B08A7674B0E0
:10D3D0008C7675B08D7676B08F7677B0907678B0A3
:10D3E000927679B094767AB095767BB097767CB069
:10D3F00098767DB09A767EB09B7680B09C7681B030
:10D400009D7682B09E7683B09F7684B0A07685B0FC
:10D41000A17686B0A27687B0A37688B0A57689B0CB
:10D42000A6768AB0A7768BB0A8768CB0A9768DB098
:10D43000AA768EB0AB768FB0AC7690B0AD7691B068
:10D44000AF7692B0B07693B0B37694B0B57695B02F
:10D45000B67696B0B77697B0B87698B0B97699B0F8
:10D46000BA769AB0BB769BB0BC769CB0BD769DB0C8
:10D47000BE769EB0C0769FB0C176A0B0C376A1B094
:10D480004A55A2B03F96A3B0C357A4B02863A5B035
:10D49000CE54A6B00955A7B0C054A8B09176A9B093
:10D4A0004C76AAB03C85ABB0EE77ACB07E82ADB026
:10D4B0008D78AEB03172AFB09896B0B08D97B1B0F4
:10D4C000286CB2B0895BB3B0FA4FB4B00963B5B0A1
:10D4D0009766B6B0B85CB7B0FA80B8B04868B9B073
:10D4E000AE80BAB00266BBB0CE76BCB0F951BDB06A
:10D4F0005665BEB0AC71BFB0F17FC0B08488C1B01A
:10D50000B250C2B06559C3B0CA61C4B0B36FC5B040
:10D51000AD82C6B04C63C7B05262C8B0ED53C9B05B
:10D520002754CAB0067BCBB06B51CCB0A475CDB03C
:10D53000F45DCEB0D462CFB0CB8DD0B07697D1B001
:10D540008A62D2B01980D3B05D57D4B03897D5B0C5
:10D55000627FD6B03872D7B07D76D8B0CF67D9B0F9
:10D560007E76DAB04664DBB0704FDCB0258DDDB07E
:10D57000DC62DEB0177ADFB09165E0B0ED73E1B048
:10D580002C64E2B07362E3B02C82E4B08198E5B021
:10D590007F67E6B04872E7B06E62E8B0CC62E9B08F
:10D5A000344FEAB0E374EBB04A53ECB09E52EDB0A6
:10D5B000CA7EEEB0A690EFB02E5EF0B08668F1B0F5
:10D5C0009C69F2B08081F3B0D17EF4B0D268F5B03E
:10D5D000C578F6B08C86F7B05195F8B08D50F9B09B
:10D5E000248CFAB0DE82FBB0DE80FCB00553FDB0C7
:10D5F0001289FEB0655240B1C47641B1C77642B1DE
:10D60000C97643B1CB7644B1CC7645B1D37646B139
:10D61000D57647B1D97648B1DA7649B1DC764AB1E8
:10D62000DD764BB1DE764CB1E0764DB1E1764EB1B0
:10D63000E2764FB1E37650B1E47651B1E67652B17D
:10D64000E77653B1E87654B1E97655B1EA7656B14A
:10D65000EB7657B1EC7658B1ED7659B1F0765AB118
:10D66000F3765BB1F5765CB1F6765DB1F7765EB1D7
:10D67000FA765FB1FB7660B1FD7661B1FF7662B19B
:10D68000007763B1027764B1037765B1057766B15E
:10D69000067767B10A7768B10C7769B10E776AB11E
:10D6A0000F776BB110776CB111776DB112776EB1E6
:10D6B00013776FB1147770B1157771B1167772B1B6
:10D6C000177773B1187774B11B7775B11C7776B182
:10D6D0001D7777B11E7778B1217779B123777AB149
:10D6E00024777BB125777CB127777DB12A777EB10E
:10D6F0002B7780B12C7781B12E7782B1307783B1CF
:10D70000317784B1327785B1337786B1347787B199
:10D71000397788B13B7789B13D778AB13E778BB154
:10D720003F778CB142778DB144778EB145778FB119
:10D73000467790B1487791B1497792B14A7793B1E2
:10D740004B7794B14C7795B14D7796B14E7797B1B1
:10D750004F7798B1527799B153779AB154779BB17B
:10D7600055779CB156779DB157779EB158779FB149
:10D770005977A0B15C77A1B18485A2B1F996A3B124
:10D78000DD4FA4B12158A5B17199A6B19D5BA7B198
:10D79000B162A8B1A562A9B1B466AAB1798CABB1E6
:10D7A0008D9CACB10672ADB16F67AEB19178AFB17F
:10D7B000B260B0B15153B1B11753B2B1888FB3B1A8
:10D7C000CC80B4B11D8DB5B1A194B6B10D50B7B137
:10D7D000C872B8B10759B9B1EB60BAB11971BBB130
:10D7E000AB88BCB15459BDB1EF82BEB12C67BFB19B
:10D7F000287BC0B1295DC1B1F77EC2B12D75C3B11F
:10D80000F56CC4B1668EC5B1F88FC6B13C90C7B196
:10D810003B9FC8B1D46BC9B11991CAB1147BCBB1CC
:10D820007C5FCCB1A778CDB1D684CEB13D85CFB1E8
:10D83000D56BD0B1D96BD1B1D66BD2B1015ED3B1BA
:10D84000875ED4B1F975D5B1ED95D6B15D65D7B127
:10D850000A5FD8B1C55FD9B19F8FDAB1C158DBB1CA
:10D86000C281DCB17F90DDB15B96DEB1AD97DFB1F7
:10D87000B98FE0B1167FE1B12C8DE2B14162E3B125
:10D88000BF4FE4B1D853E5B15E53E6B1A88FE7B11D
:10D89000A98FE8B1AB8FE9B14D90EAB10768EBB160
:10D8A0006A5FECB19881EDB16888EEB1D69CEFB1BA
:10D8B0008B61F0B12B52F1B12A76F2B16C5FF3B10A
:10D8C0008C65F4B1D26FF5B1E86EF6B1BE5BF7B11D
:10D8D0004864F8B17551F9B1B051FAB1C467FBB100
:10D8E000194EFCB1C979FDB17C99FEB1B37040B25B
:10D8F0005D7741B25E7742B25F7743B2607744B200
:10D90000647745B2677746B2697747B26A7748B2BB
:10D910006D7749B26E774AB26F774BB270774CB27F
:10D9200071774DB272774EB273774FB2747750B24F
:10D93000757751B2767752B2777753B2787754B21F
:10D940007A7755B27B7756B27C7757B2817758B2E7
:10D95000827759B283775AB286775BB287775CB2A7
:10D9600088775DB289775EB28A775FB28B7760B273
:10D970008F7761B2907762B2937763B2947764B233
:10D98000957765B2967766B2977767B2987768B2FF
:10D99000997769B29A776AB29B776BB29C776CB2CF
:10D9A0009D776DB29E776EB2A1776FB2A37770B29A
:10D9B000A47771B2A67772B2A87773B2AB7774B25C
:10D9C000AD7775B2AE7776B2AF7777B2B17778B21E
:10D9D000B27779B2B4777AB2B6777BB2B7777CB2E6
:10D9E000B8777DB2B9777EB2BA7780B2BC7781B2B0
:10D9F000BE7782B2C07783B2C17784B2C27785B274
:10DA0000C37786B2C47787B2C57788B2C67789B242
:10DA1000C7778AB2C8778BB2C9778CB2CA778DB212
:10DA2000CB778EB2CC778FB2CE7790B2CF7791B2E0
:10DA3000D07792B2D17793B2D27794B2D37795B2AE
:10DA4000D47796B2D57797B2D67798B2D87799B27D
:10DA5000D9779AB2DA779BB2DD779CB2DE779DB246
:10DA6000DF779EB2E0779FB2E177A0B2E477A1B210
:10DA7000C575A2B2765EA3B2BB73A4B2E083A5B2B1
:10DA8000AD64A6B2E862A7B2B594A8B2E26CA9B23E
:10DA90005A53AAB2C352ABB20F64ACB2C294ADB285
:10DAA000947BAEB22F4FAFB21B5EB0B23682B1B232
:10DAB0001681B2B28A81B3B2246EB4B2CA6CB5B266
:10DAC000739AB6B25563B7B25C53B8B2FA54B9B2EE
:10DAD0006588BAB2E057BBB20D4EBCB2035EBDB2B0
:10DAE000656BBEB23F7CBFB2E890C0B21660C1B2F7
:10DAF000E664C2B21C73C3B2C188C4B25067C5B277
:10DB00004D62C6B2228DC7B26C77C8B2298EC9B237
:10DB1000C791CAB2695FCBB2DC83CCB22185CDB2EA
:10DB20001099CEB2C253CFB29586D0B28B6BD1B220
:10DB3000ED60D2B2E860D3B27F70D4B2CD82D5B2FC
:10DB40003182D6B2D34ED7B2A76CD8B2CF85D9B274
:10DB5000CD64DAB2D97CDBB2FD69DCB2F966DDB244
:10DB60004983DEB29553DFB2567BE0B2A74FE1B2F4
:10DB70008C51E2B24B6DE3B2425CE4B26D8EE5B221
:10DB8000D263E6B2C953E7B22C83E8B23683E9B276
:10DB9000E567EAB2B478EBB23D64ECB2DF5BEDB2BC
:10DBA000945CEEB2EE5DEFB2E78BF0B2C662F1B21A
:10DBB000F467F2B27A8CF3B20064F4B2BA63F5B2ED
:10DBC0004987F6B28B99F7B2178CF8B2207FF9B279
:10DBD000F294FAB2A74EFBB21096FCB2A498FDB232
:10DBE0000C66FEB2167340B3E67741B3E87742B3F2
:10DBF000EA7743B3EF7744B3F07745B3F17746B3B1
:10DC0000F27747B3F47748B3F57749B3F7774AB378
:10DC1000F9774BB3FA774CB3FB774DB3FC774EB340
:10DC200003784FB3047850B3057851B3067852B3F4
:10DC3000077853B3087854B30A7855B30B7856B3C2
:10DC40000E7857B30F7858B3107859B313785AB386
:10DC500015785BB319785CB31B785DB31E785EB33F
:10DC600020785FB3217860B3227861B3247862B3FF
:10DC7000287863B32A7864B32B7865B32E7866B3BB
:10DC80002F7867B3317868B3327869B333786AB381
:10DC900035786BB336786CB33D786DB33F786EB33F
:10DCA00041786FB3427870B3437871B3447872B3FC
:10DCB000467873B3487874B3497875B34A7876B3C5
:10DCC0004B7877B34D7878B34F7879B351787AB38E
:10DCD00053787BB354787CB358787DB359787EB34E
:10DCE0005A7880B35B7881B35C7882B35E7883B313
:10DCF0005F7884B3607885B3617886B3627887B3E0
:10DD0000637888B3647889B365788AB366788BB3AF
:10DD100067788CB368788DB369788EB36F788FB37A
:10DD2000707890B3717891B3727892B3737893B33B
:10DD3000747894B3757895B3767896B3787897B30A
:10DD4000797898B37A7899B37B789AB37D789BB3D6
:10DD50007E789CB37F789DB380789EB381789FB3A3
:10DD60008278A0B38378A1B33A57A2B31D5CA3B362
:10DD7000385EA4B37F95A5B37F50A6B3A080A7B3A8
:10DD80008253A8B35E65A9B34575AAB33155ABB349
:10DD90002150ACB3858DADB38462AEB39E94AFB366
:10DDA0001D67B0B33256B1B36E6FB2B3E25DB3B3B9
:10DDB0003554B4B39270B5B3668FB6B36F62B7B370
:10DDC000A464B8B3A363B9B37B5FBAB3886FBBB3C2
:10DDD000F490BCB3E381BDB3B08FBEB3185CBFB3E6
:10DDE0006866C0B3F15FC1B3896CC2B34896C3B370
:10DDF000818DC4B36C88C5B39164C6B3F079C7B3E1
:10DE0000CE57C8B3596AC9B31062CAB34854CBB32A
:10DE1000584ECCB30B7ACDB3E960CEB3846FCFB399
:10DE2000DA8BD0B37F62D1B31E90D2B38B9AD3B3C7
:10DE3000E479D4B30354D5B3F475D6B30163D7B33F
:10DE40001953D8B3606CD9B3DF8FDAB31B5FDBB380
:10DE5000709ADCB33B80DDB37F9FDEB3884FDFB3C6
:10DE60003A5CE0B3648DE1B3C57FE2B3A565E3B38B
:10DE7000BD70E4B34551E5B3B251E6B36B86E7B389
:10DE8000075DE8B3A05BE9B3BD62EAB36C91EBB3A5
:10DE90007475ECB30C8EEDB3207AEEB30161EFB381
:10DEA000797BF0B3C74EF1B3F87EF2B38577F3B365
:10DEB000114EF4B3ED81F5B31D52F6B3FA51F7B339
:10DEC000716AF8B3A853F9B3878EFAB30495FBB31C
:10DED000CF96FCB3C16EFDB36496FEB35A6940B4ED
:10DEE000847841B4857842B4867843B4887844B461
:10DEF0008A7845B48B7846B48F7847B4907848B424
:10DF0000927849B494784AB495784BB496784CB4E6
:10DF100099784DB49D784EB49E784FB4A07850B4A3
:10DF2000A27851B4A47852B4A67853B4A87854B463
:10DF3000A97855B4AA7856B4AB7857B4AC7858B42D
:10DF4000AD7859B4AE785AB4AF785BB4B5785CB4F8
:10DF5000B6785DB4B7785EB4B8785FB4BA7860B4B8
:10DF6000BB7861B4BC7862B4BD7863B4BF7864B484
:10DF7000C07865B4C27866B4C37867B4C47868B44E
:10DF8000C67869B4C7786AB4C8786BB4CC786CB416
:10DF9000CD786DB4CE786EB4CF786FB4D17870B4DC
:10DFA000D27871B4D37872B4D67873B4D77874B4A5
:10DFB000D87875B4DA7876B4DB7877B4DC7878B46E
:10DFC000DD7879B4DE787AB4DF787BB4E0787CB43D
:10DFD000E1787DB4E2787EB4E37880B4E47881B40B
:10DFE000E57882B4E67883B4E77884B4E97885B4D8
:10DFF000EA7886B4EB7887B4ED7888B4EE7889B4A3
:10E00000EF788AB4F0788BB4F1788CB4F3788DB46F
:10E01000F5788EB4F6788FB4F87890B4F97891B436
:10E02000FB7892B4FC7893B4FD7894B4FE7895B400
:10E03000FF7896B4007997B4027998B4037999B4CB
:10E0400004799AB406799BB407799CB408799DB495
:10E0500009799EB40A799FB40B79A0B40C79A1B464
:10E060004078A2B4A850A3B4D777A4B41064A5B4E0
:10E07000E689A6B40459A7B4E363A8B4DD5DA9B4E6
:10E080007F7AAAB43D69ABB4204FACB43982ADB449
:10E090009855AEB4324EAFB4AE75B0B4977AB1B451
:10E0A000625EB2B48A5EB3B4EF95B4B41B52B5B439
:10E0B0003954B6B48A70B7B47663B8B42495B9B499
:10E0C0008257BAB42566BBB43F69BCB48791BDB46E
:10E0D0000755BEB4F36DBFB4AF7EC0B42288C1B4DF
:10E0E0003362C2B4F07EC3B4B575C4B42883C5B47A
:10E0F000C178C6B4CC96C7B49E8FC8B44861C9B4C1
:10E10000F774CAB4CD8BCBB4646BCCB43A52CDB4F3
:10E11000508DCEB4216BCFB46A80D0B47184D1B4A9
:10E12000F156D2B40653D3B4CE4ED4B41B4ED5B4AC
:10E13000D151D6B4977CD7B48B91D8B4077CD9B4DD
:10E14000C34FDAB47F8EDBB4E17BDCB49C7ADDB400
:10E150006764DEB4145DDFB4AC50E0B40681E1B4B2
:10E160000176E2B4B97CE3B4EC6DE4B4E07FE5B4ED
:10E170005167E6B4585BE7B4F85BE8B4CB78E9B430
:10E18000AE64EAB41364EBB4AA63ECB42B63EDB4ED
:10E190001995EEB42D64EFB4BE8FF0B4547BF1B496
:10E1A0002976F2B45362F3B42759F4B44654F5B463
:10E1B000796BF6B4A350F7B43462F8B4265EF9B4C0
:10E1C000866BFAB4E34EFBB4378DFCB48B88FDB498
:10E1D000855FFEB42E9040B50D7941B50E7942B5FC
:10E1E0000F7943B5107944B5117945B5127946B523
:10E1F000147947B5157948B5167949B517794AB5EF
:10E2000018794BB519794CB51A794DB51B794EB5BE
:10E210001C794FB51D7950B51F7951B5207952B58C
:10E22000217953B5227954B5237955B5257956B559
:10E23000267957B5277958B5287959B529795AB526
:10E240002A795BB52B795CB52C795DB52D795EB5F6
:10E250002E795FB52F7960B5307961B5317962B5C6
:10E26000327963B5337964B5357965B5367966B594
:10E27000377967B5387968B5397969B53D796AB55F
:10E280003F796BB542796CB543796DB544796EB51C
:10E2900045796FB5477970B54A7971B54B7972B5E3
:10E2A0004C7973B54D7974B54E7975B54F7976B5AE
:10E2B000507977B5517978B5527979B554797AB57D
:10E2C00055797BB558797CB559797DB561797EB53D
:10E2D000637980B5647981B5667982B5697983B5EA
:10E2E0006A7984B56B7985B56C7986B56E7987B5B1
:10E2F000707988B5717989B572798AB573798BB57A
:10E3000074798CB575798DB576798EB579798FB547
:10E310007B7990B57C7991B57D7992B57E7993B50D
:10E320007F7994B5827995B5837996B5867997B5D5
:10E33000877998B5887999B589799AB58B799BB59C
:10E340008C799CB58D799DB58E799EB590799FB568
:10E350009179A0B59279A1B52060A2B53D80A3B511
:10E36000C562A4B5394EA5B55553A6B5F890A7B565
:10E37000B863A8B5C680A9B5E665AAB52E6CABB5DD
:10E38000464FACB5EE60ADB5E16DAEB5DE8BAFB569
:10E39000395FB0B5CB86B1B5535FB2B52163B3B5C4
:10E3A0005A51B4B56183B5B56368B6B50052B7B517
:10E3B0006363B8B5488EB9B51250BAB59B5CBBB5AE
:10E3C0007779BCB5FC5BBDB53052BEB53B7ABFB505
:10E3D000BC60C0B55390C1B5D776C2B5B75FC3B501
:10E3E000975FC4B58476C5B56C8EC6B56F70C7B57A
:10E3F0007B76C8B5497BC9B5AA77CAB5F351CBB509
:10E400009390CCB52458CDB54E4FCEB5F46ECFB564
:10E41000EA8FD0B54C65D1B51B7BD2B5C472D3B5EC
:10E42000A46DD4B5DF7FD5B5E15AD6B5B562D7B501
:10E43000955ED8B53057D9B58284DAB52C7BDBB57B
:10E440001D5EDCB51F5FDDB51290DEB5147FDFB554
:10E45000A098E0B58263E1B5C76EE2B59878E3B500
:10E46000B970E4B57851E5B55B97E6B5AB57E7B55C
:10E470003575E8B5434FE9B53875EAB5975EEBB544
:10E48000E660ECB56059EDB5C06DEEB5BF6BEFB5AC
:10E490008978F0B5FC53F1B5D596F2B5CB51F3B50B
:10E4A0000152F4B58963F5B50A54F6B59394F7B5FE
:10E4B000038CF8B5CC8DF9B53972FAB59F78FBB5F8
:10E4C0007687FCB5ED8FFDB50D8CFEB5E05340B6FB
:10E4D000937941B6947942B6957943B6967944B624
:10E4E000977945B6987946B6997947B69B7948B6F3
:10E4F0009C7949B69D794AB69E794BB69F794CB6C0
:10E50000A0794DB6A1794EB6A2794FB6A37950B68F
:10E51000A47951B6A57952B6A67953B6A87954B65E
:10E52000A97955B6AA7956B6AB7957B6AC7958B62B
:10E53000AD7959B6AE795AB6AF795BB6B0795CB6FB
:10E54000B1795DB6B2795EB6B4795FB6B57960B6C9
:10E55000B67961B6B77962B6B87963B6BC7964B694
:10E56000BF7965B6C27966B6C47967B6C57968B64B
:10E57000C77969B6C8796AB6CA796BB6CC796CB610
:10E58000CE796DB6CF796EB6D0796FB6D37970B6D5
:10E59000D47971B6D67972B6D77973B6D97974B69B
:10E5A000DA7975B6DB7976B6DC7977B6DD7978B667
:10E5B000DE7979B6E0797AB6E1797BB6E2797CB634
:10E5C000E5797DB6E8797EB6EA7980B6EC7981B6F0
:10E5D000EE7982B6F17983B6F27984B6F37985B6AD
:10E5E000F47986B6F57987B6F67988B6F77989B67B
:10E5F000F9798AB6FA798BB6FC798CB6FE798DB644
:10E60000FF798EB6017A8FB6047A90B6057A91B604
:10E61000077A92B6087A93B6097A94B60A7A95B6CA
:10E620000C7A96B60F7A97B6107A98B6117A99B690
:10E63000127A9AB6137A9BB6157A9CB6167A9DB65C
:10E64000187A9EB6197A9FB61B7AA0B61C7AA1B624
:10E65000014EA2B6EF76A3B6EE53A4B68994A5B642
:10E660007698A6B60E9FA7B62D95A8B69A5BA9B6C2
:10E67000A28BAAB6224EABB61C4EACB6AC51ADB610
:10E680006384AEB6C261AFB6A852B0B60B68B1B67D
:10E69000974FB2B66B60B3B6BB51B4B61E6DB5B68C
:10E6A0005C51B6B69662B7B69765B8B66196B9B61C
:10E6B000468CBAB61790BBB6D875BCB6FD90BDB641
:10E6C0006377BEB6D26BBFB68A72C0B6EC72C1B603
:10E6D000FB8BC2B63558C3B67977C4B64C8DC5B678
:10E6E0005C67C6B64095C7B69A80C8B6A65EC9B67E
:10E6F000216ECAB69259CBB6EF7ACCB6ED77CDB6CD
:10E700003B95CEB6B56BCFB6AD65D0B60E7FD1B664
:10E710000658D2B65151D3B61F96D4B6F95BD5B6CA
:10E72000A958D6B62854D7B6728ED8B66665D9B66B
:10E730007F98DAB6E456DBB69D94DCB6FE76DDB69D
:10E740004190DEB68763DFB6C654E0B61A59E1B62B
:10E750003A59E2B69B57E3B6B28EE4B63567E5B6F2
:10E76000FA8DE6B63582E7B64152E8B6F060E9B612
:10E770001558EAB6FE86EBB6E85CECB6459EEDB6FB
:10E78000C44FEEB69D98EFB6B98BF0B6255AF1B6E8
:10E790007660F2B68453F3B67C62F4B64F90F5B669
:10E7A0000291F6B67F99F7B66960F8B60C80F9B6B3
:10E7B0003F51FAB63380FBB6145CFCB67599FDB6D2
:10E7C000316DFEB68C4E40B71D7A41B71F7A42B705
:10E7D000217A43B7227A44B7247A45B7257A46B7D7
:10E7E000267A47B7277A48B7287A49B7297A4AB7A5
:10E7F0002A7A4BB72B7A4CB72C7A4DB72D7A4EB775
:10E800002E7A4FB72F7A50B7307A51B7317A52B744
:10E81000327A53B7347A54B7357A55B7367A56B711
:10E82000387A57B73A7A58B73E7A59B7407A5AB7D2
:10E83000417A5BB7427A5CB7437A5DB7447A5EB798
:10E84000457A5FB7477A60B7487A61B7497A62B765
:10E850004A7A63B74B7A64B74C7A65B74D7A66B734
:10E860004E7A67B74F7A68B7507A69B7527A6AB703
:10E87000537A6BB7547A6CB7557A6DB7567A6EB7D0
:10E88000587A6FB7597A70B75A7A71B75B7A72B79C
:10E890005C7A73B75D7A74B75E7A75B75F7A76B76C
:10E8A000607A77B7617A78B7627A79B7637A7AB73C
:10E8B000647A7BB7657A7CB7667A7DB7677A7EB70C
:10E8C000687A80B7697A81B76A7A82B76B7A83B7D8
:10E8D0006C7A84B76D7A85B76E7A86B76F7A87B7A8
:10E8E000717A88B7727A89B7737A8AB7757A8BB773
:10E8F0007B7A8CB77C7A8DB77D7A8EB77E7A8FB72C
:10E90000827A90B7857A91B7877A92B7897A93B7E6
:10E910008A7A94B78B7A95B78C7A96B78E7A97B7AE
:10E920008F7A98B7907A99B7937A9AB7947A9BB777
:10E93000997A9CB79A7A9DB79B7A9EB79E7A9FB731
:10E94000A17AA0B7A27AA1B7308DA2B7D153A3B74D
:10E950005A7FA4B74F7BA5B7104FA6B74F4EA7B7A6
:10E960000096A8B7D56CA9B7D073AAB7E985ABB79D
:10E97000065EACB76A75ADB7FB7FAEB70A6AAFB7D4
:10E98000FE77B0B79294B1B7417EB2B7E151B3B759
:10E99000E670B4B7CD53B5B7D48FB6B70383B7B766
:10E9A000298DB8B7AF72B9B76D99BAB7DB6CBBB781
:10E9B0004A57BCB7B382BDB7B965BEB7AA80BFB767
:10E9C0003F62C0B73296C1B7A859C2B7FF4EC3B7AE
:10E9D000BF8BC4B7BA7EC5B73E65C6B7F283C7B7AB
:10E9E0005E97C8B76155C9B7DE98CAB7A580CBB7DF
:10E9F0002A53CCB7FD8BCDB72054CEB7BA80CFB752
:10EA00009F5ED0B7B86CD1B7398DD2B7AC82D3B7CF
:10EA10005A91D4B72954D5B71B6CD6B70652D7B77D
:10EA2000B77ED8B75F57D9B71A71DAB77E6CDBB744
:10EA3000897CDCB74B59DDB7FD4EDEB7FF5FDFB732
:10EA40002461E0B7AA7CE1B7304EE2B7015CE3B7DE
:10EA5000AB67E4B70287E5B7F05CE6B70B95E7B7BD
:10EA6000CE98E8B7AF75E9B7FD70EAB72290EBB77B
:10EA7000AF51ECB71D7FEDB7BD8BEEB74959EFB77E
:10EA8000E451F0B75B4FF1B72654F2B72B59F3B707
:10EA90007765F4B7A480F5B7755BF6B77662F7B71C
:10EAA000C262F8B7908FF9B7455EFAB71F6CFBB733
:10EAB000267BFCB70F4FFDB7D84FFEB70D6740B8A8
:10EAC000A37A41B8A47A42B8A77A43B8A97A44B8DD
:10EAD000AA7A45B8AB7A46B8AE7A47B8AF7A48B8A2
:10EAE000B07A49B8B17A4AB8B27A4BB8B47A4CB86D
:10EAF000B57A4DB8B67A4EB8B77A4FB8B87A50B83A
:10EB0000B97A51B8BA7A52B8BB7A53B8BC7A54B809
:10EB1000BD7A55B8BE7A56B8C07A57B8C17A58B8D7
:10EB2000C27A59B8C37A5AB8C47A5BB8C57A5CB8A5
:10EB3000C67A5DB8C77A5EB8C87A5FB8C97A60B875
:10EB4000CA7A61B8CC7A62B8CD7A63B8CE7A64B842
:10EB5000CF7A65B8D07A66B8D17A67B8D27A68B811
:10EB6000D37A69B8D47A6AB8D57A6BB8D77A6CB8E0
:10EB7000D87A6DB8DA7A6EB8DB7A6FB8DC7A70B8AA
:10EB8000DD7A71B8E17A72B8E27A73B8E47A74B86F
:10EB9000E77A75B8E87A76B8E97A77B8EA7A78B831
:10EBA000EB7A79B8EC7A7AB8EE7A7BB8F07A7CB8FE
:10EBB000F17A7DB8F27A7EB8F37A80B8F47A81B8C7
:10EBC000F57A82B8F67A83B8F77A84B8F87A85B895
:10EBD000FB7A86B8FC7A87B8FE7A88B8007B89B859
:10EBE000017B8AB8027B8BB8057B8CB8077B8DB81C
:10EBF000097B8EB80C7B8FB80D7B90B80E7B91B8DB
:10EC0000107B92B8127B93B8137B94B8167B95B89F
:10EC1000177B96B8187B97B81A7B98B81C7B99B865
:10EC20001D7B9AB81F7B9BB8217B9CB8227B9DB82B
:10EC3000237B9EB8277B9FB8297BA0B82D7BA1B8EA
:10EC40006E6DA2B8AA6DA3B88F79A4B8B188A5B823
:10EC5000175FA6B82B75A7B89A62A8B8858FA9B810
:10EC6000EF4FAAB8DC91ABB8A765ACB82F81ADB8AF
:10EC70005181AEB89C5EAFB85081B0B8748DB1B858
:10EC80006F52B2B88689B3B84B8DB4B80D59B5B8C8
:10EC90008550B6B8D84EB7B81C96B8B83672B9B861
:10ECA0007981BAB81F8DBBB8CC5BBCB8A38BBDB89B
:10ECB0004496BEB88759BFB81A7FC0B89054C1B83F
:10ECC0007656C2B80E56C3B8E58BC4B83965C5B818
:10ECD0008269C6B89994C7B8D676C8B8896EC9B8DB
:10ECE000725ECAB81875CBB84667CCB8D167CDB8D4
:10ECF000FF7ACEB89D80CFB8768DD0B81F61D1B8DD
:10ED0000C679D2B86265D3B8638DD4B88851D5B806
:10ED10001A52D6B8A294D7B8387FD8B89B80D9B841
:10ED2000B27EDAB8975CDBB82F6EDCB86067DDB80E
:10ED3000D97BDEB88B76DFB8D89AE0B88F81E1B89E
:10ED4000947FE2B8D57CE3B81E64E4B85095E5B88A
:10ED50003F7AE6B84A54E7B8E554E8B84C6BE9B8EE
:10ED60000164EAB80862EBB83D9EECB8F380EDB8F8
:10ED70009975EEB87252EFB86997F0B85B84F1B844
:10ED80003C68F2B8E486F3B80196F4B89496F5B806
:10ED9000EC94F6B82A4EF7B80454F8B8D97EF9B80E
:10EDA0003968FAB8DF8DFBB81580FCB8F466FDB899
:10EDB0009A5EFEB8B97F40B92F7B41B9307B42B92A
:10EDC000327B43B9347B44B9357B45B9367B46B990
:10EDD000377B47B9397B48B93B7B49B93D7B4AB959
:10EDE0003F7B4BB9407B4CB9417B4DB9427B4EB91F
:10EDF000437B4FB9447B50B9467B51B9487B52B9EC
:10EE00004A7B53B94D7B54B94E7B55B9537B56B9A8
:10EE1000557B57B9577B58B9597B59B95C7B5AB95F
:10EE20005E7B5BB95F7B5CB9617B5DB9637B5EB91F
:10EE3000647B5FB9657B60B9667B61B9677B62B9EA
:10EE4000687B63B9697B64B96A7B65B96B7B66B9BA
:10EE50006C7B67B96D7B68B96F7B69B9707B6AB988
:10EE6000737B6BB9747B6CB9767B6DB9787B6EB94B
:10EE70007A7B6FB97C7B70B97D7B71B97F7B72B90E
:10EE8000817B73B9827B74B9837B75B9847B76B9D6
:10EE9000867B77B9877B78B9887B79B9897B7AB9A2
:10EEA0008A7B7BB98B7B7CB98C7B7DB98E7B7EB971
:10EEB0008F7B80B9917B81B9927B82B9937B83B937
:10EEC000967B84B9987B85B9997B86B99A7B87B9FB
:10EED0009B7B88B99E7B89B99F7B8AB9A07B8BB9C4
:10EEE000A37B8CB9A47B8DB9A57B8EB9AE7B8FB982
:10EEF000AF7B90B9B07B91B9B27B92B9B37B93B938
:10EF0000B57B94B9B67B95B9B77B96B9B97B97B900
:10EF1000BA7B98B9BB7B99B9BC7B9AB9BD7B9BB9CD
:10EF2000BE7B9CB9BF7B9DB9C07B9EB9C27B9FB99C
:10EF3000C37BA0B9C47BA1B9C257A2B93F80A3B912
:10EF40009768A4B9E55DA5B93B65A6B99F52A7B975
:10EF50006D60A8B99A9FA9B99B4FAAB9AC8EABB9FD
:10EF60006C51ACB9AB5BADB9135FAEB9E95DAFB98C
:10EF70005E6CB0B9F162B1B9218DB2B97151B3B95A
:10EF8000A994B4B9FE52B5B99F6CB6B9DF82B7B9CE
:10EF9000D772B8B9A257B9B98467BAB92D8DBBB9C0
:10EFA0001F59BCB99C8FBDB9C783BEB99554BFB9B1
:10EFB0008D7BC0B9304FC1B9BD6CC2B9645BC3B9F8
:10EFC000D159C4B9139FC5B9E453C6B9CA86C7B9E4
:10EFD000A89AC8B9378CC9B9A180CAB94565CBB957
:10EFE0007E98CCB9FA56CDB9C796CEB92E52CFB9C4
:10EFF000DC74D0B95052D1B9E15BD2B90263D3B954
:10F000000289D4B9564ED5B9D062D6B92A60D7B9DB
:10F01000FA68D8B97351D9B9985BDAB9A051DBB99C
:10F02000C289DCB9A17BDDB98699DEB9507FDFB931
:10F03000EF60E0B94C70E1B92F8DE2B94951E3B905
:10F040007F5EE4B91B90E5B97074E6B9C489E7B98D
:10F050002D57E8B94578E9B9525FEAB99F9FEBB9F6
:10F06000FA95ECB9688FEDB93C9BEEB9E18BEFB93D
:10F070007876F0B94268F1B9DC67F2B9EA8DF3B994
:10F08000358DF4B93D52F5B98A8FF6B9DA6EF7B914
:10F09000CD68F8B90595F9B9ED90FAB9FD56FBB907
:10F0A0009C67FCB9F988FDB9C78FFEB9C85440BA4E
:10F0B000C57B41BAC87B42BAC97B43BACA7B44BA52
:10F0C000CB7B45BACD7B46BACE7B47BACF7B48BA1D
:10F0D000D07B49BAD27B4ABAD47B4BBAD57B4CBAE7
:10F0E000D67B4DBAD77B4EBAD87B4FBADB7B50BAB2
:10F0F000DC7B51BADE7B52BADF7B53BAE07B54BA79
:10F10000E27B55BAE37B56BAE47B57BAE77B58BA41
:10F11000E87B59BAE97B5ABAEB7B5BBAEC7B5CBA09
:10F12000ED7B5DBAEF7B5EBAF07B5FBAF27B60BAD3
:10F13000F37B61BAF47B62BAF57B63BAF67B64BA9F
:10F14000F87B65BAF97B66BAFA7B67BAFB7B68BA6B
:10F15000FD7B69BAFF7B6ABA007C6BBA017C6CBA32
:10F16000027C6DBA037C6EBA047C6FBA057C70BAFF
:10F17000067C71BA087C72BA097C73BA0A7C74BACC
:10F180000D7C75BA0E7C76BA107C77BA117C78BA91
:10F19000127C79BA137C7ABA147C7BBA157C7CBA5F
:10F1A000177C7DBA187C7EBA197C80BA1A7C81BA29
:10F1B0001B7C82BA1C7C83BA1D7C84BA1E7C85BAF7
:10F1C000207C86BA217C87BA227C88BA237C89BAC3
:10F1D000247C8ABA257C8BBA287C8CBA297C8DBA8F
:10F1E0002B7C8EBA2C7C8FBA2D7C90BA2E7C91BA57
:10F1F0002F7C92BA307C93BA317C94BA327C95BA27
:10F20000337C96BA347C97BA357C98BA367C99BAF6
:10F21000377C9ABA397C9BBA3A7C9CBA3B7C9DBAC3
:10F220003C7C9EBA3D7C9FBA3E7CA0BA427CA1BA8F
:10F23000B89AA2BA695BA3BA776DA4BA266CA5BACC
:10F24000A54EA6BAB35BA7BA879AA8BA6391A9BA22
:10F25000A861AABAAF90ABBAE997ACBA2B54ADBAD1
:10F26000B56DAEBAD25BAFBAFD51B0BA8A55B1BA7C
:10F27000557FB2BAF07FB3BABC64B4BA4D63B5BAC5
:10F28000F165B6BABE61B7BA8D60B8BA0A71B9BADB
:10F29000576CBABA496CBBBA2F59BCBA6D67BDBAC4
:10F2A0002A82BEBAD558BFBA8E56C0BA6A8CC1BAC5
:10F2B000EB6BC2BADD90C3BA7D59C4BA1780C5BA28
:10F2C000F753C6BA696DC7BA7554C8BA9D55C9BA5D
:10F2D0007783CABACF83CBBA3868CCBABE79CDBAF5
:10F2E0008C54CEBA554FCFBA0854D0BAD276D1BAD0
:10F2F000898CD2BA0296D3BAB36CD4BAB86DD5BAE7
:10F300006B8DD6BA1089D7BA649ED8BA3A8DD9BA5D
:10F310003F56DABAD19EDBBAD575DCBA885FDDBA62
:10F32000E072DEBA6860DFBAFC54E0BAA84EE1BA17
:10F330002A6AE2BA6188E3BA5260E4BA708FE5BA29
:10F34000C454E6BAD870E7BA7986E8BA3F9EE9BAFB
:10F350002A6DEABA8F5BEBBA185FECBAA27EEDBAFF
:10F360008955EEBAAF4FEFBA3473F0BA3C54F1BAE4
:10F370009A53F2BA1950F3BA0E54F4BA7C54F5BA4F
:10F380004E4EF6BAFD5FF7BA5A74F8BAF658F9BAA3
:10F390006B84FABAE180FBBA7487FCBAD072FDBA0A
:10F3A000CA7CFEBA566E40BB437C41BB447C42BB28
:10F3B000457C43BB467C44BB477C45BB487C46BB45
:10F3C000497C47BB4A7C48BB4B7C49BB4C7C4ABB15
:10F3D0004E7C4BBB4F7C4CBB507C4DBB517C4EBBE1
:10F3E000527C4FBB537C50BB547C51BB557C52BBB1
:10F3F000567C53BB577C54BB587C55BB597C56BB81
:10F400005A7C57BB5B7C58BB5C7C59BB5D7C5ABB50
:10F410005E7C5BBB5F7C5CBB607C5DBB617C5EBB20
:10F42000627C5FBB637C60BB647C61BB657C62BBF0
:10F43000667C63BB677C64BB687C65BB697C66BBC0
:10F440006A7C67BB6B7C68BB6C7C69BB6D7C6ABB90
:10F450006E7C6BBB6F7C6CBB707C6DBB717C6EBB60
:10F46000727C6FBB757C70BB767C71BB777C72BB2A
:10F47000787C73BB797C74BB7A7C75BB7E7C76BBF5
:10F480007F7C77BB807C78BB817C79BB827C7ABBBC
:10F49000837C7BBB847C7CBB857C7DBB867C7EBB8C
:10F4A000877C80BB887C81BB8A7C82BB8B7C83BB56
:10F4B0008C7C84BB8D7C85BB8E7C86BB8F7C87BB24
:10F4C000907C88BB937C89BB947C8ABB967C8BBBED
:10F4D000997C8CBB9A7C8DBB9B7C8EBBA07C8FBBAC
:10F4E000A17C90BBA37C91BBA67C92BBA77C93BB69
:10F4F000A87C94BBA97C95BBAB7C96BBAC7C97BB32
:10F50000AD7C98BBAF7C99BBB07C9ABBB47C9BBBF9
:10F51000B57C9CBBB67C9DBBB77C9EBBB87C9FBBBF
:10F52000BA7CA0BBBB7CA1BB275FA2BB4E86A3BBA2
:10F530002C55A4BBA462A5BB924EA6BBAA6CA7BBCC
:10F540003762A8BBB182A9BBD754AABB4E53ABBB91
:10F550003E73ACBBD16EADBB3B75AEBB1252AFBB05
:10F560001653B0BBDD8BB1BBD069B2BB8A5FB3BBF6
:10F570000060B4BBEE6DB5BB4F57B6BB226BB7BBDB
:10F58000AF73B8BB5368B9BBD88FBABB137FBBBBD3
:10F590006263BCBBA360BDBB2455BEBBEA75BFBBE9
:10F5A000628CC0BB1571C1BBA36DC2BBA65BC3BBE4
:10F5B0007B5EC4BB5283C5BB4C61C6BBC49EC7BB8C
:10F5C000FA78C8BB5787C9BB277CCABB8776CBBB39
:10F5D000F051CCBBF660CDBB4C71CEBB4366CFBB0C
:10F5E0004C5ED0BB4D60D1BB0E8CD2BB7070D3BB18
:10F5F0002563D4BB898FD5BBBD5FD6BB6260D7BB4B
:10F60000D486D8BBDE56D9BBC16BDABB9460DBBBFA
:10F610006761DCBB4953DDBBE060DEBB6666DFBB18
:10F620003F8DE0BBFD79E1BB1A4FE2BBE970E3BB64
:10F63000476CE4BBB38BE5BBF28BE6BBD87EE7BB84
:10F640006483E8BB0F66E9BB5A5AEABB429BEBBB3B
:10F65000516DECBBF76DEDBB418CEEBB3B6DEFBB71
:10F66000194FF0BB6B70F1BBB783F2BB1662F3BBF3
:10F67000D160F4BB0D97F5BB278DF6BB7879F7BB4E
:10F68000FB51F8BB3E57F9BBFA57FABB3A67FBBBD5
:10F690007875FCBB3D7AFDBBEF79FEBB957B40BC2A
:10F6A000BF7C41BCC07C42BCC27C43BCC37C44BC6C
:10F6B000C47C45BCC67C46BCC97C47BCCB7C48BC32
:10F6C000CE7C49BCCF7C4ABCD07C4BBCD17C4CBCF2
:10F6D000D27C4DBCD37C4EBCD47C4FBCD87C50BCBF
:10F6E000DA7C51BCDB7C52BCDD7C53BCDE7C54BC80
:10F6F000E17C55BCE27C56BCE37C57BCE47C58BC46
:10F70000E57C59BCE67C5ABCE77C5BBCE97C5CBC14
:10F71000EA7C5DBCEB7C5EBCEC7C5FBCED7C60BCE1
:10F72000EE7C61BCF07C62BCF17C63BCF27C64BCAE
:10F73000F37C65BCF47C66BCF57C67BCF67C68BC7D
:10F74000F77C69BCF97C6ABCFA7C6BBCFC7C6CBC49
:10F75000FD7C6DBCFE7C6EBCFF7C6FBC007D70BC14
:10F76000017D71BC027D72BC037D73BC047D74BCE1
:10F77000057D75BC067D76BC077D77BC087D78BCB1
:10F78000097D79BC0B7D7ABC0C7D7BBC0D7D7CBC7E
:10F790000E7D7DBC0F7D7EBC107D80BC117D81BC4B
:10F7A000127D82BC137D83BC147D84BC157D85BC19
:10F7B000167D86BC177D87BC187D88BC197D89BCE9
:10F7C0001A7D8ABC1B7D8BBC1C7D8CBC1D7D8DBCB9
:10F7D0001E7D8EBC1F7D8FBC217D90BC237D91BC86
:10F7E000247D92BC257D93BC267D94BC287D95BC50
:10F7F000297D96BC2A7D97BC2C7D98BC2D7D99BC1B
:10F800002E7D9ABC307D9BBC317D9CBC327D9DBCE5
:10F81000337D9EBC347D9FBC357DA0BC367DA1BCB4
:10F820008C80A2BC6599A3BCF98FA4BCC06FA5BC99
:10F83000A58BA6BC219EA7BCEC59A8BCE97EA9BC9F
:10F84000097FAABC0954ABBC8167ACBCD868ADBC0D
:10F85000918FAEBC4D7CAFBCC696B0BCCA53B1BC98
:10F860002560B2BCBE75B3BC726CB4BC7353B5BC7E
:10F87000C95AB6BCA77EB7BC2463B8BCE051B9BCBA
:10F880000A81BABCF15DBBBCDF84BCBC8062BDBC7C
:10F890008051BEBC635BBFBC0E4FC0BC6D79C1BCA8
:10F8A0004252C2BCB860C3BC4E6DC4BCC45BC5BCD4
:10F8B000C25BC6BCA18BC7BCB08BC8BCE265C9BC6F
:10F8C000CC5FCABC4596CBBC9359CCBCE77ECDBCC3
:10F8D000AA7ECEBC0956CFBCB767D0BC3959D1BCC3
:10F8E000734FD2BCB65BD3BCA052D4BC5A83D5BC38
:10F8F0008A98D6BC3E8DD7BC3275D8BCBE94D9BCD4
:10F900004750DABC3C7ADBBCF74EDCBCB667DDBCEA
:10F910007E9ADEBCC15ADFBC7C6BE0BCD176E1BC18
:10F920005A57E2BC165CE3BC3A7BE4BCF495E5BCF8
:10F930004E71E6BC7C51E7BCA980E8BC7082E9BC92
:10F940007859EABC047FEBBC2783ECBCC068EDBCF3
:10F95000EC67EEBCB178EFBC7778F0BCE362F1BC49
:10F960006163F2BC807BF3BCED4FF4BC6A52F5BC22
:10F97000CF51F6BC5083F7BCDB69F8BC7492F9BC7C
:10F98000F58DFABC318DFBBCC189FCBC2E95FDBC4C
:10F99000AD7BFEBCF64E40BD377D41BD387D42BDDE
:10F9A000397D43BD3A7D44BD3B7D45BD3C7D46BD73
:10F9B0003D7D47BD3E7D48BD3F7D49BD407D4ABD43
:10F9C000417D4BBD427D4CBD437D4DBD447D4EBD13
:10F9D000457D4FBD467D50BD477D51BD487D52BDE3
:10F9E000497D53BD4A7D54BD4B7D55BD4C7D56BDB3
:10F9F0004D7D57BD4E7D58BD4F7D59BD507D5ABD83
:10FA0000517D5BBD527D5CBD537D5DBD547D5EBD52
:10FA1000557D5FBD567D60BD577D61BD587D62BD22
:10FA2000597D63BD5A7D64BD5B7D65BD5C7D66BDF2
:10FA30005D7D67BD5E7D68BD5F7D69BD607D6ABDC2
:10FA4000617D6BBD627D6CBD637D6DBD647D6EBD92
:10FA5000657D6FBD667D70BD677D71BD687D72BD62
:10FA6000697D73BD6A7D74BD6B7D75BD6C7D76BD32
:10FA70006D7D77BD6F7D78BD707D79BD717D7ABDFF
:10FA8000727D7BBD737D7CBD747D7DBD757D7EBDCE
:10FA9000767D80BD787D81BD797D82BD7A7D83BD97
:10FAA0007B7D84BD7C7D85BD7D7D86BD7E7D87BD66
:10FAB0007F7D88BD807D89BD817D8ABD827D8BBD36
:10FAC000837D8CBD847D8DBD857D8EBD867D8FBD06
:10FAD000877D90BD887D91BD897D92BD8A7D93BDD6
:10FAE0008B7D94BD8C7D95BD8D7D96BD8E7D97BDA6
:10FAF0008F7D98BD907D99BD917D9ABD927D9BBD76
:10FB0000937D9CBD947D9DBD957D9EBD967D9FBD45
:10FB1000977DA0BD987DA1BD6550A2BD3082A3BDDB
:10FB20005152A4BD6F99A5BD106EA6BD856EA7BD2F
:10FB3000A76DA8BDFA5EA9BDF550AABDDC59ABBD45
:10FB4000065CACBD466DADBD5F6CAEBD8675AFBD30
:10FB50008B84B0BD6868B1BD5659B2BDB28BB3BD20
:10FB60002053B4BD7191B5BD4D96B6BD4985B7BDA5
:10FB70001269B8BD0179B9BD2671BABDF680BBBDA9
:10FB8000A44EBCBDCA90BDBD476DBEBD849ABFBD6D
:10FB9000075AC0BDBC56C1BD0564C2BDF094C3BD0B
:10FBA000EB77C4BDA54FC5BD1A81C6BDE172C7BD07
:10FBB000D289C8BD7A99C9BD347FCABDDE7ECBBDAE
:10FBC0007F52CCBD5965CDBD7591CEBD7F8FCFBD68
:10FBD000838FD0BDEB53D1BD967AD2BDED63D3BD3B
:10FBE000A563D4BD8676D5BDF879D6BD5788D7BD77
:10FBF0003696D8BD2A62D9BDAB52DABD8282DBBD52
:10FC00005468DCBD7067DDBD7763DEBD6B77DFBD3B
:10FC1000ED7AE0BD016DE1BDD37EE2BDE389E3BDD8
:10FC2000D059E4BD1262E5BDC985E6BDA582E7BD38
:10FC30004C75E8BD1F50E9BDCB4EEABDA575EBBDC7
:10FC4000EB8BECBD4A5CEDBDFE5DEEBD4B7BEFBDCD
:10FC5000A465F0BDD191F1BDCA4EF2BD256DF3BDD5
:10FC60005F89F4BD277DF5BD2695F6BDC54EF7BD70
:10FC7000288CF8BDDB8FF9BD7397FABD4B66FBBDD1
:10FC80008179FCBDD18FFDBDEC70FEBD786D40BEAD
:10FC9000997D41BE9A7D42BE9B7D43BE9C7D44BE04
:10FCA0009D7D45BE9E7D46BE9F7D47BEA07D48BED4
:10FCB000A17D49BEA27D4ABEA37D4BBEA47D4CBEA4
:10FCC000A57D4DBEA77D4EBEA87D4FBEA97D50BE71
:10FCD000AA7D51BEAB7D52BEAC7D53BEAD7D54BE40
:10FCE000AF7D55BEB07D56BEB17D57BEB27D58BE0C
:10FCF000B37D59BEB47D5ABEB57D5BBEB67D5CBEDC
:10FD0000B77D5DBEB87D5EBEB97D5FBEBA7D60BEAB
:10FD1000BB7D61BEBC7D62BEBD7D63BEBE7D64BE7B
:10FD2000BF7D65BEC07D66BEC17D67BEC27D68BE4B
:10FD3000C37D69BEC47D6ABEC57D6BBEC67D6CBE1B
:10FD4000C77D6DBEC87D6EBEC97D6FBECA7D70BEEB
:10FD5000CB7D71BECC7D72BECD7D73BECE7D74BEBB
:10FD6000CF7D75BED07D76BED17D77BED27D78BE8B
:10FD7000D37D79BED47D7ABED57D7BBED67D7CBE5B
:10FD8000D77D7DBED87D7EBED97D80BEDA7D81BE29
:10FD9000DB7D82BEDC7D83BEDD7D84BEDE7D85BEF7
:10FDA000DF7D86BEE07D87BEE17D88BEE27D89BEC7
:10FDB000E37D8ABEE47D8BBEE57D8CBEE67D8DBE97
:10FDC000E77D8EBEE87D8FBEE97D90BEEA7D91BE67
:10FDD000EB7D92BEEC7D93BEED7D94BEEE7D95BE37
:10FDE000EF7D96BEF07D97BEF17D98BEF27D99BE07
:10FDF000F37D9ABEF47D9BBEF57D9CBEF67D9DBED7
:10FE0000F77D9EBEF87D9FBEF97DA0BEFA7DA1BEA6
:10FE10003D5CA2BEB252A3BE4683A4BE6251A5BE43
:10FE20000E83A6BE5B77A7BE7666A8BEB89CA9BEA9
:10FE3000AC4EAABECA60ABBEBE7CACBEB37CADBE8F
:10FE4000CF7EAEBE954EAFBE668BB0BE6F66B1BE06
:10FE50008898B2BE5997B3BE8358B4BE6C65B5BE20
:10FE60005C95B6BE845FB7BEC975B8BE5697B9BEBD
:10FE7000DF7ABABEDE7ABBBEC051BCBEAF70BDBEBB
:10FE8000987ABEBEEA63BFBE767AC0BEA07EC1BE0F
:10FE90009673C2BEED97C3BE454EC4BE7870C5BE54
:10FEA0005D4EC6BE5291C7BEA953C8BE5165C9BEFC
:10FEB000E765CABEFC81CBBE0582CCBE8E54CDBEEA
:10FEC000315CCEBE9A75CFBEA097D0BED862D1BEEF
:10FED000D972D2BEBD75D3BE455CD4BE799AD5BEAB
:10FEE000CA83D6BE405CD7BE8054D8BEE977D9BE9F
:10FEF0003E4EDABEAE6CDBBE5A80DCBED262DDBEE8
:10FF00006E63DEBEE85DDFBE7751E0BEDD8DE1BE33
:10FF10001E8EE2BE2F95E3BEF14FE4BEE553E5BE73
:10FF2000E760E6BEAC70E7BE6752E8BE5063E9BE6C
:10FF3000439EEABE1F5AEBBE2650ECBE3777EDBE9D
:10FF40007753EEBEE27EEFBE8564F0BE2B65F1BE58
:10FF50008962F2BE9863F3BE1450F4BE3572F5BEEA
:10FF6000C989F6BEB351F7BEC08BF8BEDD7EF9BEBF
:10FF70004757FABECC83FBBEA794FCBE9B51FDBE87
:10FF80001B54FEBEFB5C40BFFB7D41BFFC7D42BFFE
:10FF9000FD7D43BFFE7D44BFFF7D45BF007E46BF64
:10FFA000017E47BF027E48BF037E49BF047E4ABF31
:10FFB000057E4BBF067E4CBF077E4DBF087E4EBF01
:10FFC000097E4FBF0A7E50BF0B7E51BF0C7E52BFD1
:10FFD0000D7E53BF0E7E54BF0F7E55BF107E56BFA1
:10FFE000117E57BF127E58BF137E59BF147E5ABF71
:10FFF000157E5BBF167E5CBF177E5DBF187E5EBF41
:020000040803EF
:10000000197E5FBF1A7E60BF1B7E61BF1C7E62BF10
:100010001D7E63BF1E7E64BF1F7E65BF207E66BFE0
:10002000217E67BF227E68BF237E69BF247E6ABFB0
:10003000257E6BBF267E6CBF277E6DBF287E6EBF80
:10004000297E6FBF2A7E70BF2B7E71BF2C7E72BF50
:100050002D7E73BF2E7E74BF2F7E75BF307E76BF20
:10006000317E77BF327E78BF337E79BF347E7ABFF0
:10007000357E7BBF367E7CBF377E7DBF387E7EBFC0
:10008000397E80BF3A7E81BF3C7E82BF3D7E83BF8A
:100090003E7E84BF3F7E85BF407E86BF427E87BF57
:1000A000437E88BF447E89BF457E8ABF467E8BBF24
:1000B000487E8CBF497E8DBF4A7E8EBF4B7E8FBFF0
:1000C0004C7E90BF4D7E91BF4E7E92BF4F7E93BFC0
:1000D000507E94BF517E95BF527E96BF537E97BF90
:1000E000547E98BF557E99BF567E9ABF577E9BBF60
:1000F000587E9CBF597E9DBF5A7E9EBF5B7E9FBF30
:100100005C7EA0BF5D7EA1BFCA4FA2BFE37AA3BF42
:100110005A6DA4BFE190A5BF8F9AA6BF8055A7BF17
:100120009654A8BF6153A9BFAF54AABF005FABBF2D
:10013000E963ACBF7769ADBFEF51AEBF6861AFBFD8
:100140000A52B0BF2A58B1BFD852B2BF4E57B3BF40
:100150000D78B4BF0B77B5BFB75EB6BF7761B7BFD9
:10016000E07CB8BF5B62B9BF9762BABFA24EBBBFAB
:100170009570BCBF0380BDBFF762BEBFE470BFBF58
:100180006097C0BF7757C1BFDB82C2BFEF67C3BFF5
:10019000F568C4BFD578C5BF9798C6BFD179C7BF2A
:1001A000F358C8BFB354C9BFEF53CABF346ECBBFF7
:1001B0004B51CCBF3B52CDBFA25BCEBFFE8BCFBF5E
:1001C000AF80D0BF4355D1BFA657D2BF7360D3BF56
:1001D0005157D4BF2D54D5BF7A7AD6BF5060D7BF00
:1001E000545BD8BFA763D9BFA062DABFE353DBBFBC
:1001F0006362DCBFC75BDDBFAF67DEBFED54DFBF4F
:100200009F7AE0BFE682E1BF7791E2BF935EE3BFF2
:10021000E488E4BF3859E5BFAE57E6BF0E63E7BFD9
:10022000E88DE8BFEF80E9BF5757EABF777BEBBFA8
:10023000A94FECBFEB5FEDBFBD5BEEBF3E6BEFBF09
:100240002153F0BF507BF1BFC272F2BF4668F3BFCB
:10025000FF77F4BF3677F5BFF765F6BFB551F7BF47
:100260008F4EF8BFD476F9BFBF5CFABFA57AFBBF4B
:100270007584FCBF4E59FDBF419BFEBF805040C0FE
:100280005E7E41C05F7E42C0607E43C0617E44C0EE
:10029000627E45C0637E46C0647E47C0657E48C0BE
:1002A000667E49C0677E4AC0687E4BC0697E4CC08E
:1002B0006A7E4DC06B7E4EC06C7E4FC06D7E50C05E
:1002C0006E7E51C06F7E52C0707E53C0717E54C02E
:1002D000727E55C0737E56C0747E57C0757E58C0FE
:1002E000767E59C0777E5AC0787E5BC0797E5CC0CE
:1002F0007A7E5DC07B7E5EC07C7E5FC07D7E60C09E
:100300007E7E61C07F7E62C0807E63C0817E64C06D
:10031000837E65C0847E66C0857E67C0867E68C039
:10032000877E69C0887E6AC0897E6BC08A7E6CC009
:100330008B7E6DC08C7E6EC08D7E6FC08E7E70C0D9
:100340008F7E71C0907E72C0917E73C0927E74C0A9
:10035000937E75C0947E76C0957E77C0967E78C079
:10036000977E79C0987E7AC0997E7BC09A7E7CC049
:100370009C7E7DC09D7E7EC09E7E80C0AE7E81C004
:10038000B47E82C0BB7E83C0BC7E84C0D67E85C066
:10039000E47E86C0EC7E87C0F97E88C00A7F89C073
:1003A000107F8AC01E7F8BC0377F8CC0397F8DC085
:1003B0003B7F8EC03C7F8FC03D7F90C03E7F91C011
:1003C0003F7F92C0407F93C0417F94C0437F95C0E0
:1003D000467F96C0477F97C0487F98C0497F99C0A5
:1003E0004A7F9AC04B7F9BC04C7F9CC04D7F9DC075
:1003F0004E7F9EC04F7F9FC0527FA0C0537FA1C041
:100400008899A2C02761A3C0836EA4C06457A5C009
:100410000666A6C04663A7C0F056A8C0EC62A9C095
:100420006962AAC0D35EABC01496ACC08357ADC09E
:10043000C962AEC08755AFC02187B0C04A81B1C084
:10044000A38FB2C06655B3C0B183B4C06567B5C0F1
:10045000568DB6C0DD84B7C06A5AB8C00F68B9C03F
:10046000E662BAC0EE7BBBC01196BCC07051BDC085
:100470009C6FBEC0308CBFC0FD63C0C0C889C1C006
:10048000D261C2C0067FC3C0C270C4C0E56EC5C021
:100490000574C6C09469C7C0FC72C8C0CA5EC9C032
:1004A000CE90CAC01767CBC06A6DCCC05E63CDC0AA
:1004B000B352CEC06272CFC00180D0C06C4FD1C0E9
:1004C000E559D2C06A91D3C0D970D4C09D6DD5C052
:1004D000D252D6C0504ED7C0F796D8C06D95D9C06D
:1004E0007E85DAC0CA78DBC02F7DDCC02151DDC03B
:1004F0009257DEC0C264DFC08B80E0C07B7CE1C06D
:10050000EA6CE2C0F168E3C05E69E4C0B751E5C0DF
:100510009853E6C0A868E7C08172E8C0CE9EE9C0E3
:10052000F17BEAC0F872EBC0BB79ECC0136FEDC091
:100530000674EEC04E67EFC0CC91F0C0A49CF1C031
:100540003C79F2C08983F3C05483F4C00F54F5C0E2
:100550001768F6C03D4EF7C08953F8C0B152F9C0D4
:100560003E78FAC08653FBC02952FCC08850FDC0BB
:100570008B4FFEC0D04F40C1567F41C1597F42C111
:100580005B7F43C15C7F44C15D7F45C15E7F46C1E7
:10059000607F47C1637F48C1647F49C1657F4AC1AD
:1005A000667F4BC1677F4CC16B7F4DC16C7F4EC175
:1005B0006D7F4FC16F7F50C1707F51C1737F52C13A
:1005C000757F53C1767F54C1777F55C1787F56C1FF
:1005D0007A7F57C17B7F58C17C7F59C17D7F5AC1CB
:1005E0007F7F5BC1807F5CC1827F5DC1837F5EC195
:1005F000847F5FC1857F60C1867F61C1877F62C163
:10060000887F63C1897F64C18B7F65C18D7F66C12F
:100610008F7F67C1907F68C1917F69C1927F6AC1F6
:10062000937F6BC1957F6CC1967F6DC1977F6EC1C3
:10063000987F6FC1997F70C19B7F71C19C7F72C190
:10064000A07F73C1A27F74C1A37F75C1A57F76C14E
:10065000A67F77C1A87F78C1A97F79C1AA7F7AC117
:10066000AB7F7BC1AC7F7CC1AD7F7DC1AE7F7EC1E6
:10067000B17F80C1B37F81C1B47F82C1B57F83C1A7
:10068000B67F84C1B77F85C1BA7F86C1BB7F87C172
:10069000BE7F88C1C07F89C1C27F8AC1C37F8BC131
:1006A000C47F8CC1C67F8DC1C77F8EC1C87F8FC1FB
:1006B000C97F90C1CB7F91C1CD7F92C1CF7F93C1C4
:1006C000D07F94C1D17F95C1D27F96C1D37F97C18E
:1006D000D67F98C1D77F99C1D97F9AC1DA7F9BC154
:1006E000DB7F9CC1DC7F9DC1DD7F9EC1DE7F9FC122
:1006F000E27FA0C1E37FA1C1E275A2C1CB7AA3C111
:10070000927CA4C1A56CA5C1B696A6C19B52A7C1F7
:100710008374A8C1E954A9C1E94FAAC15480ABC1EF
:10072000B283ACC1DE8FADC17095AEC1C95EAFC141
:100730001C60B0C19F6DB1C1185EB2C15B65B3C131
:100740003881B4C1FE94B5C14B60B6C1BC70B7C1AD
:10075000C37EB8C1AE7CB9C1C951BAC18168BBC141
:10076000B17CBCC16F82BDC1244EBEC1868FBFC1EA
:10077000CF91C0C17E66C1C1AE4EC2C1058CC3C19E
:10078000A964C4C14A80C5C1DA50C6C19775C7C142
:10079000CE71C8C1E55BC9C1BD8FCAC1666FCBC18F
:1007A000864ECCC18264CDC16395CEC1D65ECFC129
:1007B0009965D0C11752D1C1C288D2C1C870D3C106
:1007C000A352D4C10E73D5C13374D6C19767D7C1B4
:1007D000F778D8C11697D9C1344EDAC1BB90DBC1C6
:1007E000DE9CDCC1CB6DDDC1DB51DEC1418DDFC1E3
:1007F0001D54E0C1CE62E1C1B273E2C1F183E3C135
:10080000F696E4C1849FE5C1C394E6C1364FE7C1C3
:100810009A7FE8C1CC51E9C17570EAC17596EBC108
:10082000AD5CECC18698EDC1E653EEC1E44EEFC17C
:100830009C6EF0C10974F1C1B469F2C16B78F3C167
:100840008F99F4C15975F5C11852F6C12476F7C1D4
:10085000416DF8C1F367F9C16D51FAC1999FFBC1B0
:100860004B80FCC19954FDC13C7BFEC1BF7A40C2A4
:10087000E47F41C2E77F42C2E87F43C2EA7F44C2CD
:10088000EB7F45C2EC7F46C2ED7F47C2EF7F48C297
:10089000F27F49C2F47F4AC2F57F4BC2F67F4CC259
:1008A000F77F4DC2F87F4EC2F97F4FC2FA7F50C228
:1008B000FD7F51C2FE7F52C2FF7F53C2028054C2ED
:1008C000078055C2088056C2098057C20A8058C2A4
:1008D0000E8059C20F805AC211805BC213805CC265
:1008E0001A805DC21B805EC21D805FC21E8060C216
:1008F0001F8061C2218062C2238063C2248064C2DF
:100900002B8065C22C8066C22D8067C22E8068C293
:100910002F8069C230806AC232806BC234806CC260
:1009200039806DC23A806EC23C806FC23E8070C218
:10093000408071C2418072C2448073C2458074C2DB
:10094000478075C2488076C2498077C24E8078C29F
:100950004F8079C250807AC251807BC253807CC262
:1009600055807DC256807EC2578080C2598081C228
:100970005B8082C25C8083C25D8084C25E8085C2EF
:100980005F8086C2608087C2618088C2628089C2BF
:1009900063808AC264808BC265808CC266808DC28F
:1009A00067808EC268808FC26B8090C26C8091C25B
:1009B0006D8092C26E8093C26F8094C2708095C227
:1009C000728096C2738097C2748098C2758099C2F3
:1009D00076809AC277809BC278809CC279809DC2C3
:1009E0007A809EC27B809FC27C80A0C27D80A1C293
:1009F0008696A2C28457A3C2E262A4C24796A5C249
:100A00007C69A6C2045AA7C20264A8C2D37BA9C249
:100A10000F6FAAC24B96ABC2A682ACC26253ADC2E4
:100A20008598AEC2905EAFC28970B0C2B363B1C2E6
:100A30006453B2C24F86B3C2819CB4C2939EB5C206
:100A40008C78B6C23297B7C2EF8DB8C2428DB9C2A8
:100A50007F9EBAC25E6FBBC28479BCC2555FBDC205
:100A60004696BEC22E62BFC2749AC0C21554C1C29D
:100A7000DD94C2C2A34FC3C2C565C4C2655CC5C212
:100A8000615CC6C2157FC7C25186C8C22F6CC9C27D
:100A90008B5FCAC28773CBC2E46ECCC2FF7ECDC26D
:100AA000E65CCEC21B63CFC26A5BD0C2E66ED1C227
:100AB0007553D2C2714ED3C2A063D4C26575D5C27C
:100AC000A162D6C26E8FD7C2264FD8C2D14ED9C22C
:100AD000A66CDAC2B67EDBC2BA8BDCC21D84DDC274
:100AE000BA87DEC2577FDFC23B90E0C22395E1C2E6
:100AF000A97BE2C2A19AE3C2F888E4C23D84E5C2C0
:100B00001B6DE6C2869AE7C2DC7EE8C28859E9C25C
:100B1000BB9EEAC29B73EBC20178ECC28286EDC237
:100B20006C9AEEC2829AEFC21B56F0C21754F1C201
:100B3000CB57F2C2704EF3C2A69EF4C25653F5C212
:100B4000C88FF6C20981F7C29277F8C29299F9C2AA
:100B5000EE86FAC2E16EFBC21385FCC2FC66FDC2E2
:100B60006261FEC22B6F40C37E8041C3818042C35D
:100B7000828043C3858044C3888045C38A8046C33E
:100B80008D8047C38E8048C38F8049C390804AC3FD
:100B900091804BC392804CC394804DC395804EC3CB
:100BA00097804FC3998050C39E8051C3A38052C386
:100BB000A68053C3A78054C3A88055C3AC8056C336
:100BC000B08057C3B38058C3B58059C3B6805AC3E9
:100BD000B8805BC3B9805CC3BB805DC3C5805EC3A6
:100BE000C7805FC3C88060C3C98061C3CA8062C355
:100BF000CB8063C3CF8064C3D08065C3D18066C31C
:100C0000D28067C3D38068C3D48069C3D5806AC3E8
:100C1000D8806BC3DF806CC3E0806DC3E2806EC39D
:100C2000E3806FC3E68070C3EE8071C3F58072C34A
:100C3000F78073C3F98074C3FB8075C3FE8076C3ED
:100C4000FF8077C3008178C3018179C303817AC3B0
:100C500004817BC305817CC307817DC308817EC37A
:100C60000B8180C30C8181C3158182C3178183C32B
:100C7000198184C31B8185C31C8186C31D8187C3E1
:100C80001F8188C3208189C321818AC322818BC3AC
:100C900023818CC324818DC325818EC326818FC37C
:100CA000278190C3288191C3298192C32A8193C34C
:100CB0002B8194C32D8195C32E8196C3308197C318
:100CC000338198C3348199C335819AC337819BC3DB
:100CD00039819CC33A819DC33B819EC33C819FC3A4
:100CE0003D81A0C33F81A1C3298CA2C39282A3C32B
:100CF0002B83A4C3F276A5C3136CA6C3D95FA7C385
:100D0000BD83A8C32B73A9C30583AAC31A95ABC31C
:100D1000DB6BACC3DB77ADC3C694AEC36F53AFC35D
:100D20000283B0C39251B1C33D5EB2C38C8CB3C3D6
:100D3000388DB4C3484EB5C3AB73B6C39A67B7C357
:100D40008568B8C37691B9C30997BAC36471BBC348
:100D5000A16CBCC30977BDC3925ABEC34195BFC342
:100D6000CF6BC0C38E7FC1C32766C2C3D05BC3C372
:100D7000B959C4C39A5AC5C3E895C6C3F795C7C342
:100D8000EC4EC8C30C84C9C39984CAC3AC6ACBC334
:100D9000DF76CCC33095CDC31B73CEC3A668CFC35B
:100DA0005F5BD0C32F77D1C39A91D2C36197D3C36E
:100DB000DC7CD4C3F78FD5C31C8CD6C3255FD7C3C7
:100DC000737CD8C3D879D9C3C589DAC3CC6CDBC3EB
:100DD0001C87DCC3C65BDDC3425EDEC3C968DFC3FC
:100DE0002077E0C3F57EE1C39551E2C34D51E3C3E3
:100DF000C952E4C3295AE5C3057FE6C36297E7C336
:100E0000D782E8C3CF63E9C38477EAC3D085EBC355
:100E1000D279ECC33A6EEDC3995EEEC39959EFC334
:100E20001185F0C36D70F1C3116CF2C3BF62F3C3DF
:100E3000BF76F4C34F65F5C3AF60F6C3FD95F7C346
:100E40000E66F8C39F87F9C3239EFAC3ED94FBC3D4
:100E50000D54FCC37D54FDC32C8CFEC3786440C488
:100E6000408141C4418142C4428143C4438144C45E
:100E7000448145C4458146C4478147C4498148C42B
:100E80004D8149C44E814AC44F814BC452814CC4E8
:100E900056814DC457814EC458814FC45B8150C4A4
:100EA0005C8151C45D8152C45E8153C45F8154C46E
:100EB000618155C4628156C4638157C4648158C43A
:100EC000668159C468815AC46A815BC46B815CC401
:100ED0006C815DC46F815EC472815FC4738160C4C4
:100EE000758161C4768162C4778163C4788164C48A
:100EF000818165C4838166C4848167C4858168C437
:100F0000868169C487816AC489816BC48B816CC402
:100F10008C816DC48D816EC48E816FC4908170C4CC
:100F2000928171C4938172C4948173C4958174C495
:100F3000968175C4978176C4998177C49A8178C463
:100F40009E8179C49F817AC4A0817BC4A1817CC425
:100F5000A2817DC4A4817EC4A58180C4A78181C4EF
:100F6000A98182C4AB8183C4AC8184C4AD8185C4B2
:100F7000AE8186C4AF8187C4B08188C4B18189C481
:100F8000B2818AC4B4818BC4B5818CC4B6818DC44E
:100F9000B7818EC4B8818FC4B98190C4BC8191C41B
:100FA000BD8192C4BE8193C4BF8194C4C48195C4E1
:100FB000C58196C4C78197C4C88198C4C98199C4A2
:100FC000CB819AC4CD819BC4CE819CC4CF819DC46A
:100FD000D0819EC4D1819FC4D281A0C4D381A1C439
:100FE0007964A2C41186A3C4216AA4C49C81A5C447
:100FF000E878A6C46964A7C4549BA8C4B962A9C40C
:101000002B67AAC4AB83ABC4A858ACC4D89EADC4EC
:10101000AB6CAEC4206FAFC4DE5BB0C44C96B1C441
:101020000B8CB2C45F72B3C4D067B4C4C762B5C41A
:101030006172B6C4A94EB7C4C659B8C4CD6BB9C4A1
:101040009358BAC4AE66BBC4555EBCC4DF52BDC4BF
:101050005561BEC42867BFC4EE76C0C46677C1C4FC
:101060006772C2C4467AC3C4FF62C4C4EA54C5C42A
:101070005054C6C4A094C7C4A390C8C41C5AC9C4C1
:10108000B37ECAC4166CCBC4434ECCC47659CDC40F
:101090001080CEC44859CFC45753D0C43775D1C47B
:1010A000BE96D2C4CA56D3C42063D4C41181D5C459
:1010B0007C60D6C4F995D7C4D66DD8C46254D9C45F
:1010C0008199DAC48551DBC4E95ADCC4FD80DDC4F2
:1010D000AE59DEC41397DFC42A50E0C4E56CE1C406
:1010E0003C5CE2C4DF62E3C4604FE4C43F53E5C448
:1010F0007B81E6C40690E7C4BA6EE8C42B85E9C4D8
:10110000C862EAC4745EEBC4BE78ECC4B564EDC4D6
:101110007B63EEC4F55FEFC4185AF0C47F91F1C44D
:101120001F9EF2C43F5CF3C44F63F4C44280F5C415
:101130007D5BF6C46E55F7C44A95F8C44D95F9C465
:10114000856DFAC4A860FBC4E067FCC4DE72FDC410
:10115000DD51FEC4815B40C5D48141C5D58142C506
:10116000D68143C5D78144C5D88145C5D98146C5F7
:10117000DA8147C5DB8148C5DC8149C5DD814AC5C7
:10118000DE814BC5DF814CC5E0814DC5E1814EC597
:10119000E2814FC5E48150C5E58151C5E68152C564
:1011A000E88153C5E98154C5EB8155C5EE8156C52B
:1011B000EF8157C5F08158C5F18159C5F2815AC5F3
:1011C000F5815BC5F6815CC5F7815DC5F8815EC5BB
:1011D000F9815FC5FA8160C5FD8161C5FF8162C586
:1011E000038263C5078264C5088265C5098266C536
:1011F0000A8267C50B8268C50E8269C50F826AC5FF
:1012000011826BC513826CC515826DC516826EC5C1
:1012100017826FC5188270C5198271C51A8272C58E
:101220001D8273C5208274C5248275C5258276C54A
:10123000268277C5278278C5298279C52E827AC50C
:1012400032827BC53A827CC53C827DC53D827EC5AB
:101250003F8280C5408281C5418282C5428283C56A
:10126000438284C5458285C5468286C5488287C536
:101270004A8288C54C8289C54D828AC54E828BC5FB
:1012800050828CC551828DC552828EC553828FC5C6
:10129000548290C5558291C5568292C5578293C596
:1012A000598294C55B8295C55C8296C55D8297C55F
:1012B0005E8298C5608299C561829AC562829BC52B
:1012C00063829CC564829DC565829EC566829FC5FA
:1012D0006782A0C56982A1C5E762A2C5DE6CA3C50D
:1012E0005B72A4C56D62A5C5AE94A6C5BD7EA7C53B
:1012F0001381A8C5536DA9C59C51AAC5045FABC590
:101300007459ACC5AA52ADC51260AEC57359AFC50C
:101310009666B0C55086B1C59F75B2C52A63B3C580
:10132000E661B4C5EF7CB5C5FA8BB6C5E654B7C562
:10133000276BB8C5259EB9C5B46BBAC5D585BBC5E5
:101340005554BCC57650BDC5A46CBEC56A55BFC555
:10135000B48DC0C52C72C1C5155EC2C51560C3C5AC
:101360003674C4C5CD62C5C59263C6C54C72C7C5C7
:10137000985FC8C5436EC9C53E6DCAC50065CBC57B
:10138000586FCCC5D876CDC5D078CEC5FC76CFC544
:101390005475D0C52452D1C5DB53D2C5534ED3C5E5
:1013A0009E5ED4C5C165D5C52A80D6C5D680D7C5B1
:1013B0009B62D8C58654D9C52852DAC5AE70DBC544
:1013C0008D88DCC5D18DDDC5E16CDEC57854DFC507
:1013D000DA80E0C5F957E1C5F488E2C5548DE3C56C
:1013E0006A96E4C54D91E5C5694FE6C59B6CE7C5B6
:1013F000B755E8C5C676E9C53078EAC5A862EBC539
:10140000F970ECC58E6FEDC56D5FEEC5EC84EFC570
:10141000DA68F0C57C78F1C5F77BF2C5A881F3C521
:101420000B67F4C54F9EF5C56763F6C5B078F7C581
:101430006F57F8C51278F9C53997FAC57962FBC5B7
:10144000AB62FCC58852FDC53574FEC5D76B40C67E
:101450006A8241C66B8242C66C8243C66D8244C6B4
:10146000718245C6758246C6768247C6778248C66F
:10147000788249C67B824AC67C824BC680824CC633
:1014800081824DC683824EC685824FC6868250C6F3
:10149000878251C6898252C68C8253C6908254C6B6
:1014A000938255C6948256C6958257C6968258C670
:1014B0009A8259C69B825AC69E825BC6A0825CC62F
:1014C000A2825DC6A3825EC6A7825FC6B28260C6E4
:1014D000B58261C6B68262C6BA8263C6BB8264C682
:1014E000BC8265C6BF8266C6C08267C6C28268C645
:1014F000C38269C6C5826AC6C6826BC6C9826CC60B
:10150000D0826DC6D6826EC6D9826FC6DA8270C6A8
:10151000DD8271C6E28272C6E78273C6E88274C653
:10152000E98275C6EA8276C6EC8277C6ED8278C615
:10153000EE8279C6F0827AC6F2827BC6F3827CC6DE
:10154000F5827DC6F6827EC6F88280C6FA8281C6A2
:10155000FC8282C6FD8283C6FE8284C6FF8285C667
:10156000008386C60A8387C60B8388C60D8389C617
:1015700010838AC612838BC613838CC616838DC6CE
:1015800018838EC619838FC61D8390C61E8391C68D
:101590001F8392C6208393C6218394C6228395C657
:1015A000238396C6248397C6258398C6268399C627
:1015B00029839AC62A839BC62E839CC630839DC6E8
:1015C00032839EC637839FC63B83A0C63D83A1C698
:1015D0006455A2C63E81A3C6B275A4C6AE76A5C6A2
:1015E0003953A6C6DE75A7C6FB50A8C6415CA9C67E
:1015F0006C8BAAC6C77BABC64F50ACC64772ADC694
:10160000979AAEC6D898AFC6026FB0C6E274B1C69C
:101610006879B2C68764B3C6A577B4C6FC62B5C69E
:101620009198B6C62B8DB7C6C154B8C65880B9C6F6
:10163000524EBAC66A57BBC6F982BCC60D84BDC637
:10164000735EBEC6ED51BFC6F674C0C6C48BC1C6BC
:101650004F5CC2C66157C3C6FC6CC4C68798C5C67A
:10166000465AC6C63478C7C6449BC8C6EB8FC9C69F
:10167000957CCAC65652CBC65162CCC6FA94CDC62A
:10168000C64ECEC68683CFC66184D0C6E983D1C696
:10169000B284D2C6D457D3C63467D4C60357D5C68E
:1016A0006E66D6C6666DD7C6318CD8C6DD66D9C61D
:1016B0001170DAC61F67DBC63A6BDCC61668DDC67A
:1016C0001A62DEC6BB59DFC6034EE0C6C451E1C68E
:1016D000066FE2C6D267E3C68F6CE4C67651E5C6F4
:1016E000CB68E6C64759E7C6676BE8C66675E9C6C4
:1016F0000E5DEAC61081EBC6509FECC6D765EDC6FD
:101700004879EEC64179EFC6919AF0C6778DF1C659
:10171000825CF2C65E4EF3C6014FF4C62F54F5C686
:101720005159F6C60C78F7C66856F8C6146CF9C657
:10173000C48FFAC6035FFBC67D6CFCC6E36CFDC6B6
:10174000AB8BFEC6906340C73E8341C73F8342C711
:10175000418343C7428344C7448345C7458346C743
:10176000488347C74A8348C74B8349C74C834AC706
:101770004D834BC74E834CC753834DC755834EC7CC
:1017800056834FC7578350C7588351C7598352C791
:101790005D8353C7628354C7708355C7718356C72F
:1017A000728357C7738358C7748359C775835AC7E1
:1017B00076835BC779835CC77A835DC77E835EC7A8
:1017C0007F835FC7808360C7818361C7828362C76D
:1017D000838363C7848364C7878365C7888366C739
:1017E0008A8367C78B8368C78C8369C78D836AC701
:1017F0008F836BC790836CC791836DC794836EC7CB
:1018000095836FC7968370C7978371C7998372C793
:101810009A8373C79D8374C79F8375C7A18376C757
:10182000A28377C7A38378C7A48379C7A5837AC720
:10183000A6837BC7A7837CC7AC837DC7AD837EC7E8
:10184000AE8380C7AF8381C7B58382C7BB8383C79D
:10185000BE8384C7BF8385C7C28386C7C38387C748
:10186000C48388C7C68389C7C8838AC7C9838BC70F
:10187000CB838CC7CD838DC7CE838EC7D0838FC7D4
:10188000D18390C7D28391C7D38392C7D58393C79F
:10189000D78394C7D98395C7DA8396C7DB8397C765
:1018A000DE8398C7E28399C7E3839AC7E4839BC723
:1018B000E6839CC7E7839DC7E8839EC7EB839FC7EA
:1018C000EC83A0C7ED83A1C77060A2C73D6DA3C71D
:1018D0007572A4C76662A5C78E94A6C7C594A7C72C
:1018E0004353A8C7C18FA9C77E7BAAC7DF4EABC72A
:1018F000268CACC77E4EADC7D49EAEC7B194AFC7E1
:10190000B394B0C74D52B1C75C6FB2C76390B3C751
:10191000456DB4C7348CB5C71158B6C74C5DB7C751
:10192000206BB8C7496BB9C7AA67BAC75B54BBC7B6
:101930005481BCC78C7FBDC79958BEC73785BFC708
:101940003A5FC0C7A262C1C7476AC2C73995C3C759
:101950007265C4C78460C5C76568C6C7A777C7C7AF
:10196000544EC8C7A84FC9C7E75DCAC79897CBC729
:10197000AC64CCC7D87FCDC7ED5CCEC7CF4FCFC747
:101980008D7AD0C70752D1C70483D2C7144ED3C7AC
:101990002F60D4C7837AD5C7A694D6C7B54FD7C70B
:1019A000B24ED8C7E679D9C73474DAC7E452DBC778
:1019B000B982DCC7D264DDC7BD79DEC7DD5BDFC7B6
:1019C000816CE0C75297E1C77B8FE2C7226CE3C707
:1019D0003E50E4C77F53E5C7056EE6C7CE64E7C750
:1019E0007466E8C7306CE9C7C560EAC77798EBC78B
:1019F000F78BECC7865EEDC73C74EEC7777AEFC70E
:101A0000CB79F0C7184EF1C7B190F2C70374F3C792
:101A1000426CF4C7DA56F5C74B91F6C7C56CF7C7E9
:101A20008B8DF8C73A53F9C7C686FAC7F266FBC76B
:101A3000AF8EFCC7485CFDC7719AFEC7206E40C8D8
:101A4000EE8341C8EF8342C8F38343C8F48344C89C
:101A5000F58345C8F68346C8F78347C8FA8348C864
:101A6000FB8349C8FC834AC8FE834BC8FF834CC82C
:101A700000844DC802844EC805844FC8078450C8EE
:101A8000088451C8098452C80A8453C8108454C8B1
:101A9000128455C8138456C8148457C8158458C86E
:101AA000168459C817845AC819845BC81A845CC83C
:101AB0001B845DC81E845EC81F845FC8208460C804
:101AC000218461C8228462C8238463C8298464C8CD
:101AD0002A8465C82B8466C82C8467C82D8468C88E
:101AE0002E8469C82F846AC830846BC832846CC85D
:101AF00033846DC834846EC835846FC8368470C82A
:101B0000378471C8398472C83A8473C83B8474C8F6
:101B10003E8475C83F8476C8408477C8418478C8BD
:101B2000428479C843847AC844847BC845847CC88D
:101B300047847DC848847EC8498480C84A8481C857
:101B40004B8482C84C8483C84D8484C84E8485C825
:101B50004F8486C8508487C8528488C8538489C8F3
:101B600054848AC855848BC856848CC858848DC8C0
:101B70005D848EC85E848FC85F8490C8608491C87D
:101B8000628492C8648493C8658494C8668495C846
:101B9000678496C8688497C86A8498C86E8499C810
:101BA0006F849AC870849BC872849CC874849DC8D2
:101BB00077849EC879849FC87B84A0C87C84A1C890
:101BC000D653A2C8365AA3C88B9FA4C8A38DA5C854
:101BD000BB53A6C80857A7C8A798A8C84367A9C8F1
:101BE0009B91AAC8C96CABC86851ACC8CA75ADC8CE
:101BF000F362AEC8AC72AFC83852B0C89D52B1C81B
:101C00003A7FB2C89470B3C83876B4C87453B5C8B4
:101C10004A9EB6C8B769B7C86E78B8C8C096B9C882
:101C2000D988BAC8A47FBBC83671BCC8C371BDC847
:101C30008951BEC8D367BFC8E474C0C8E458C1C8DE
:101C40001865C2C8B756C3C8A98BC4C87699C5C899
:101C50007062C6C8D57EC7C8F960C8C8ED70C9C86B
:101C6000EC58CAC8C14ECBC8BA4ECCC8CD5FCDC89F
:101C7000E797CEC8FB4ECFC8A48BD0C80352D1C8BB
:101C80008A59D2C8AB7ED3C85462D4C8CD4ED5C809
:101C9000E565D6C80E62D7C83883D8C8C984D9C804
:101CA0006383DAC88D87DBC89471DCC8B66EDDC883
:101CB000B95BDEC8D27EDFC89751E0C8C963E1C80E
:101CC000D467E2C88980E3C83983E4C81588E5C8C9
:101CD0001251E6C87A5BE7C88259E8C8B18FE9C8F3
:101CE000734EEAC85D6CEBC86551ECC82589EDC838
:101CF0006F8FEEC82E96EFC84A85F0C85E74F1C8A3
:101D00001095F2C8F095F3C8A66DF4C8E582F5C841
:101D1000315FF6C89264F7C8126DF8C82884F9C814
:101D20006E81FAC8C39CFBC85E58FCC85B8DFDC8B9
:101D3000094EFEC8C15340C97D8441C97E8442C951
:101D40007F8443C9808444C9818445C9838446C94A
:101D5000848447C9858448C9868449C98A844AC914
:101D60008D844BC98F844CC990844DC991844EC9D0
:101D700092844FC9938450C9948451C9958452C99F
:101D8000968453C9988454C99A8455C99B8456C96A
:101D90009D8457C99E8458C99F8459C9A0845AC933
:101DA000A2845BC9A3845CC9A4845DC9A5845EC9FF
:101DB000A6845FC9A78460C9A88461C9A98462C9CF
:101DC000AA8463C9AB8464C9AC8465C9AD8466C99F
:101DD000AE8467C9B08468C9B18469C9B3846AC96B
:101DE000B5846BC9B6846CC9B7846DC9BB846EC930
:101DF000BC846FC9BE8470C9C08471C9C28472C9F1
:101E0000C38473C9C58474C9C68475C9C78476C9B7
:101E1000C88477C9CB8478C9CC8479C9CE847AC97F
:101E2000CF847BC9D2847CC9D4847DC9D5847EC942
:101E3000D78480C9D88481C9D98482C9DA8483C906
:101E4000DB8484C9DC8485C9DE8486C9E18487C9D2
:101E5000E28488C9E48489C9E7848AC9E8848BC993
:101E6000E9848CC9EA848DC9EB848EC9ED848FC95D
:101E7000EE8490C9EF8491C9F18492C9F28493C928
:101E8000F38494C9F48495C9F58496C9F68497C9F6
:101E9000F78498C9F88499C9F9849AC9FA849BC9C6
:101EA000FB849CC9FD849DC9FE849EC900859FC991
:101EB0000185A0C90285A1C91E4FA2C96365A3C936
:101EC0005168A4C9D355A5C9274EA6C91464A7C98A
:101ED0009A9AA8C96B62A9C9C25AAAC95F74ABC948
:101EE0007282ACC9A96DADC9EE68AEC9E750AFC981
:101EF0008E83B0C90278B1C94067B2C93952B3C93B
:101F0000996CB4C9B17EB5C9BB50B6C96555B7C9DE
:101F10005E71B8C95B7BB9C95266BAC9CA73BBC91D
:101F2000EB82BCC94967BDC9715CBEC92052BFC93B
:101F30007D71C0C96B88C1C9EA95C2C95596C3C92C
:101F4000C564C4C9618DC5C9B381C6C98455C7C933
:101F5000556CC8C94762C9C92E7FCAC99258CBC936
:101F6000244FCCC94655CDC94F8DCEC94C66CFC97B
:101F70000A4ED0C91A5CD1C9F388D2C9A268D3C9A4
:101F80004E63D4C90D7AD5C9E770D6C98D82D7C939
:101F9000FA52D8C9F697D9C9115CDAC9E854DBC935
:101FA000B590DCC9CD7EDDC96259DEC94A8DDFC975
:101FB000C786E0C90C82E1C90D82E2C9668DE3C91A
:101FC0004464E4C9045CE5C95161E6C9896DE7C9A7
:101FD0003E79E8C9BE8BE9C93778EAC93375EBC9E0
:101FE0007B54ECC9384FEDC9AB8EEEC9F16DEFC92A
:101FF000205AF0C9C57EF1C95E79F2C9886CF3C96F
:10200000A15BF4C9765AF5C91A75F6C9BE80F7C93D
:102010004E61F8C9176EF9C9F058FAC91F75FBC9A6
:102020002575FCC97272FDC94753FEC9F37E40CACB
:10203000038541CA048542CA058543CA068544CA48
:10204000078545CA088546CA098547CA0A8548CA18
:102050000B8549CA0D854ACA0E854BCA0F854CCAE5
:1020600010854DCA12854ECA14854FCA158550CAAF
:10207000168551CA188552CA198553CA1B8554CA78
:102080001C8555CA1D8556CA1E8557CA208558CA43
:10209000228559CA23855ACA24855BCA25855CCA0C
:1020A00026855DCA27855ECA28855FCA298560CADC
:1020B0002A8561CA2D8562CA2E8563CA2F8564CAA6
:1020C000308565CA318566CA328567CA338568CA74
:1020D000348569CA35856ACA36856BCA3E856CCA3D
:1020E0003F856DCA40856ECA41856FCA428570CAF8
:1020F000448571CA458572CA468573CA478574CAC4
:102100004B8575CA4C8576CA4D8577CA4E8578CA87
:102110004F8579CA50857ACA51857BCA52857CCA57
:1021200053857DCA54857ECA558580CA578581CA24
:10213000588582CA5A8583CA5B8584CA5C8585CAEC
:102140005D8586CA5F8587CA608588CA618589CAB8
:1021500062858ACA63858BCA65858CCA66858DCA85
:1021600067858ECA69858FCA6A8590CA6B8591CA50
:102170006C8592CA6D8593CA6E8594CA6F8595CA1F
:10218000708596CA718597CA738598CA758599CAEC
:1021900076859ACA77859BCA78859CCA7C859DCAB4
:1021A0007D859ECA7F859FCA8085A0CA8185A1CA78
:1021B0000177A2CADB76A3CA6952A4CADC80A5CA89
:1021C0002357A6CA085EA7CA3159A8CAEE72A9CA7F
:1021D000BD65AACA7F6EABCAD78BACCA385CADCA24
:1021E0007186AECA4153AFCAF377B0CAFE62B1CAB4
:1021F000F665B2CAC04EB3CADF98B4CA8086B5CA03
:102200009E5BB6CAC68BB7CAF253B8CAE277B9CAE0
:102210007F4FBACA4E5CBBCA769ABCCACB59BDCAFC
:102220000F5FBECA3A79BFCAEB58C0CA164EC1CAC0
:10223000FF67C2CA8B4EC3CAED62C4CA938AC5CABD
:102240001D90C6CABF52C7CA2F66C8CADC55C9CAC4
:102250006C56CACA0290CBCAD54ECCCA8D4FCDCAD5
:10226000CA91CECA7099CFCA0F6CD0CA025ED1CAC9
:102270004360D2CAA45BD3CAC689D4CAD58BD5CA97
:102280003665D6CA4B62D7CA9699D8CA885BD9CA6E
:10229000FF5BDACA8863DBCA2E55DCCAD753DDCAB6
:1022A0002676DECA7D51DFCA2C85E0CAA267E1CA64
:1022B000B368E2CA8A6BE3CA9262E4CA938FE5CA42
:1022C000D453E6CA1282E7CAD16DE8CA8F75E9CA4B
:1022D000664EEACA4E8DEBCA705BECCA9F71EDCABE
:1022E000AF85EECA9166EFCAD966F0CA727FF1CAAD
:1022F0000087F2CACD9EF3CA209FF4CA5E5CF5CA7D
:102300002F67F6CAF08FF7CA1168F8CA5F67F9CA73
:102310000D62FACAD67AFBCA8558FCCAB65EFDCAF7
:102320007065FECA316F40CB828541CB838542CB3D
:10233000868543CB888544CB898545CB8A8546CB2A
:102340008B8547CB8C8548CB8D8549CB8E854ACBF9
:1023500090854BCB91854CCB92854DCB93854ECBC5
:1023600094854FCB958550CB968551CB978552CB95
:10237000988553CB998554CB9A8555CB9D8556CB63
:102380009E8557CB9F8558CBA08559CBA1855ACB2D
:10239000A2855BCBA3855CCBA5855DCBA6855ECBFB
:1023A000A7855FCBA98560CBAB8561CBAC8562CBC4
:1023B000AD8563CBB18564CBB28565CBB38566CB88
:1023C000B48567CBB58568CBB68569CBB8856ACB54
:1023D000BA856BCBBB856CCBBC856DCBBD856ECB1D
:1023E000BE856FCBBF8570CBC08571CBC28572CBEC
:1023F000C38573CBC48574CBC58575CBC68576CBB9
:10240000C78577CBC88578CBCA8579CBCB857ACB86
:10241000CC857BCBCD857CCBCE857DCBD1857ECB52
:10242000D28580CBD48581CBD68582CBD78583CB13
:10243000D88584CBD98585CBDA8586CBDB8587CBE0
:10244000DD8588CBDE8589CBDF858ACBE0858BCBAC
:10245000E1858CCBE2858DCBE3858ECBE5858FCB7B
:10246000E68590CBE78591CBE88592CBEA8593CB47
:10247000EB8594CBEC8595CBED8596CBEE8597CB14
:10248000EF8598CBF08599CBF1859ACBF2859BCBE4
:10249000F3859CCBF4859DCBF5859ECBF6859FCBB4
:1024A000F785A0CBF885A1CB5560A2CB3752A3CB43
:1024B0000D80A4CB5464A5CB7088A6CB2975A7CB7F
:1024C000055EA8CB1368A9CBF462AACB1C97ABCB53
:1024D000CC53ACCB3D72ADCB018CAECB346CAFCB1F
:1024E0006177B0CB0E7AB1CB2E54B2CBAC77B3CBF5
:1024F0007A98B4CB1C82B5CBF48BB6CB5578B7CBDE
:102500001467B8CBC170B9CBAF65BACB9564BBCB00
:102510003656BCCB1D60BDCBC179BECBF853BFCB0B
:102520001D4EC0CB7B6BC1CB8680C2CBFA5BC3CBCD
:10253000E355C4CBDB56C5CB3A4FC6CB3C4FC7CBDC
:102540007299C8CBF35DC9CB7E67CACB3880CBCB41
:102550000260CCCB8298CDCB0190CECB8B5BCFCB26
:10256000BC8BD0CBF58BD1CB1C64D2CB5882D3CBD8
:10257000DE64D4CBFD55D5CBCF82D6CB6591D7CBFE
:10258000D74FD8CB207DD9CB1F90DACB9F7CDBCB2C
:10259000F350DCCB5158DDCBAF6EDECBBF5BDFCB76
:1025A000C98BE0CB8380E1CB7891E2CB9C84E3CBF9
:1025B000977BE4CB7D86E5CB8B96E6CB8F96E7CBFE
:1025C000E57EE8CBD39AE9CB8E78EACB815CEBCB86
:1025D000577AECCB4290EDCBA796EECB5F79EFCB61
:1025E000595BF0CB5F63F1CB0B7BF2CBD184F3CBA8
:1025F000AD68F4CB0655F5CB297FF6CB1074F7CB3D
:10260000227DF8CB0195F9CB4062FACB4C58FBCB3D
:10261000D64EFCCB835BFDCB7959FECB545840CCD6
:10262000F98541CCFA8542CCFC8543CCFD8544CC70
:10263000FE8545CC008646CC018647CC028648CC38
:10264000038649CC04864ACC06864BCC07864CCC04
:1026500008864DCC09864ECC0A864FCC0B8650CCD2
:102660000C8651CC0D8652CC0E8653CC0F8654CCA2
:10267000108655CC128656CC138657CC148658CC6F
:10268000158659CC17865ACC18865BCC19865CCC3B
:102690001A865DCC1B865ECC1C865FCC1D8660CC0A
:1026A0001E8661CC1F8662CC208663CC218664CCDA
:1026B000228665CC238666CC248667CC258668CCAA
:1026C000268669CC28866ACC2A866BCC2B866CCC75
:1026D0002C866DCC2D866ECC2E866FCC2F8670CC42
:1026E000308671CC318672CC328673CC338674CC12
:1026F000348675CC358676CC368677CC378678CCE2
:10270000398679CC3A867ACC3B867BCC3D867CCCAC
:102710003E867DCC3F867ECC408680CC418681CC77
:10272000428682CC438683CC448684CC458685CC45
:10273000468686CC478687CC488688CC498689CC15
:102740004A868ACC4B868BCC4C868CCC52868DCCE0
:1027500053868ECC55868FCC568690CC578691CC9E
:10276000588692CC598693CC5B8694CC5C8695CC6B
:102770005D8696CC5F8697CC608698CC618699CC36
:1027800063869ACC64869BCC65869CCC66869DCC01
:1027900067869ECC68869FCC6986A0CC6A86A1CCD1
:1027A0006D73A2CC1E63A3CC4B8EA4CC0F8EA5CC94
:1027B000CE80A6CCD482A7CCAC62A8CCF053A9CC56
:1027C000F06CAACC5E91ABCC2A59ACCC0160ADCCFC
:1027D000706CAECC4D57AFCC4A64B0CC2A8DB1CC26
:1027E0002B76B2CCE96EB3CC5B57B4CC806AB5CC57
:1027F000F075B6CC6D6FB7CC2D8CB8CC088CB9CC3D
:102800006657BACCEF6BBBCC9288BCCCB378BDCC4E
:10281000A263BECCF953BFCCAD70C0CC646CC1CC4C
:102820005858C2CC2A64C3CC0258C4CCE068C5CC8A
:102830009B81C6CC1055C7CCD67CC8CC1850C9CC0F
:10284000BA8ECACCCC6DCBCC9F8DCCCCEB70CDCC22
:102850008F63CECC9B6DCFCCD46ED0CCE67ED1CC6A
:102860000484D2CC4368D3CC0390D4CCD86DD5CCDF
:102870007696D6CCA88BD7CC5759D8CC7972D9CCF0
:10288000E485DACC7E81DBCCBC75DCCC8A8ADDCCFD
:10289000AF68DECC5452DFCC228EE0CC1195E1CC77
:1028A000D063E2CC9898E3CC448EE4CC7C55E5CC64
:1028B000534FE6CCFF66E7CC8F56E8CCD560E9CC29
:1028C000956DEACC4352EBCC495CECCC2959EDCC6C
:1028D000FB6DEECC6B58EFCC3075F0CC1C75F1CCA9
:1028E0006C60F2CC1482F3CC4681F4CC1163F5CC4D
:1028F0006167F6CCE28FF7CC3A77F8CCF38DF9CC60
:10290000348DFACCC194FBCC165EFCCC8553FDCC47
:102910002C54FECCC37040CD6D8641CD6F8642CD28
:10292000708643CD728644CD738645CD748646CD80
:10293000758647CD768648CD778649CD78864ACD4F
:1029400083864BCD84864CCD85864DCD86864ECDF7
:1029500087864FCD888650CD898651CD8E8652CDC3
:102960008F8653CD908654CD918655CD928656CD87
:10297000948657CD968658CD978659CD98865ACD50
:1029800099865BCD9A865CCD9B865DCD9E865ECD1D
:102990009F865FCDA08660CDA18661CDA28662CDE7
:1029A000A58663CDA68664CDAB8665CDAD8666CDA6
:1029B000AE8667CDB28668CDB38669CDB7866ACD5F
:1029C000B8866BCDB9866CCDBB866DCDBC866ECD21
:1029D000BD866FCDBE8670CDBF8671CDC18672CDEE
:1029E000C28673CDC38674CDC58675CDC88676CDB7
:1029F000CC8677CDCD8678CDD28679CDD3867ACD6B
:102A0000D5867BCDD6867CCDD7867DCDDA867ECD2C
:102A1000DC8680CDDD8681CDE08682CDE18683CDEA
:102A2000E28684CDE38685CDE58686CDE68687CDB4
:102A3000E78688CDE88689CDEA868ACDEB868BCD80
:102A4000EC868CCDEF868DCDF5868ECDF6868FCD3E
:102A5000F78690CDFA8691CDFB8692CDFC8693CDFC
:102A6000FD8694CDFF8695CD018796CD048797CDC1
:102A7000058798CD068799CD0B879ACD0C879BCD7E
:102A80000E879CCD0F879DCD10879ECD11879FCD42
:102A90001487A0CD1687A1CD406CA2CDF75EA3CD43
:102AA0005C50A4CDAD4EA5CDAD5EA6CD3A63A7CD0D
:102AB0004782A8CD1A90A9CD5068AACD6E91ABCD12
:102AC000B377ACCD0C54ADCDDC94AECD645FAFCD5F
:102AD000E57AB0CD7668B1CD4563B2CD527BB3CD4A
:102AE000DF7EB4CDDB75B5CD7750B6CD9562B7CD71
:102AF0003459B8CD0F90B9CDF851BACDC379BBCD0B
:102B0000817ABCCDFE56BDCD925FBECD1490BFCDB7
:102B1000826DC0CD605CC1CD1F57C2CD1054C3CDF6
:102B20005451C4CD4D6EC5CDE256C6CDA863C7CDB8
:102B30009398C8CD7F81C9CD1587CACD2A89CBCDC1
:102B40000090CCCD1E54CDCD6F5CCECDC081CFCD0D
:102B5000D662D0CD5862D1CD3181D2CD359ED3CD84
:102B60004096D4CD6E9AD5CD7C9AD6CD2D69D7CD51
:102B7000A559D8CDD362D9CD3E55DACD1663DBCD7C
:102B8000C754DCCDD986DDCD3C6DDECD035ADFCD1B
:102B9000E674E0CD9C88E1CD6A6BE2CD1659E3CDB9
:102BA0004C8CE4CD2F5FE5CD7E6EE6CDA973E7CDED
:102BB0007D98E8CD384EE9CDF770EACD8C5BEBCD52
:102BC0009778ECCD3D63EDCD5A66EECD9676EFCDA0
:102BD000CB60F0CD9B5BF1CD495AF2CD074EF3CDE2
:102BE0005581F4CD6A6CF5CD8B73F6CDA14EF7CD42
:102BF0008967F8CD517FF9CD805FFACDFA65FBCDBD
:102C00001B67FCCDD85FFDCD8459FECD015A40CE67
:102C1000198741CE1B8742CE1D8743CE1F8744CEE6
:102C2000208745CE248746CE268747CE278748CEA5
:102C3000288749CE2A874ACE2B874BCE2C874CCE6D
:102C40002D874DCE2F874ECE30874FCE328750CE38
:102C5000338751CE358752CE368753CE388754CE00
:102C6000398755CE3A8756CE3C8757CE3D8758CECA
:102C7000408759CE41875ACE42875BCE43875CCE90
:102C800044875DCE45875ECE46875FCE4A8760CE5D
:102C90004B8761CE4D8762CE4F8763CE508764CE1F
:102CA000518765CE528766CE548767CE558768CEEA
:102CB000568769CE58876ACE5A876BCE5B876CCEB3
:102CC0005C876DCE5D876ECE5E876FCE5F8770CE80
:102CD000618771CE628772CE668773CE678774CE46
:102CE000688775CE698776CE6A8777CE6B8778CE10
:102CF0006C8779CE6D877ACE6F877BCE71877CCEDD
:102D000072877DCE73877ECE758780CE778781CEA2
:102D1000788782CE798783CE7A8784CE7F8785CE67
:102D2000808786CE818787CE848788CE868789CE26
:102D300087878ACE89878BCE8A878CCE8C878DCEEB
:102D40008E878ECE8F878FCE908790CE918791CEB3
:102D5000928792CE948793CE958794CE968795CE80
:102D6000988796CE998797CE9A8798CE9B8799CE4B
:102D70009C879ACE9D879BCE9E879CCEA0879DCE1A
:102D8000A1879ECEA2879FCEA387A0CEA487A1CEE7
:102D9000CD5DA2CEAE5FA3CE7153A4CEE697A5CEF5
:102DA000DD8FA6CE4568A7CEF456A8CE2F55A9CE66
:102DB000DF60AACE3A4EABCE4D6FACCEF47EADCE38
:102DC000C782AECE0E84AFCED459B0CE1F4FB1CE97
:102DD0002A4FB2CE3E5CB3CEAC7EB4CE2A67B5CE1F
:102DE0001A85B6CE7354B7CE4F75B8CEC380B9CE60
:102DF0008255BACE4F9BBBCE4D4FBCCE2D6EBDCEB5
:102E0000138CBECE095CBFCE7061C0CE6B53C1CEF9
:102E10001F76C2CE296EC3CE8A86C4CE8765C5CE44
:102E2000FB95C6CEB97EC7CE3B54C8CE337AC9CE49
:102E30000A7DCACEEE95CBCEE155CCCEC17FCDCEAC
:102E4000EE74CECE1D63CFCE1787D0CEA16DD1CE7E
:102E50009D7AD2CE1162D3CEA165D4CE6753D5CEA2
:102E6000E163D6CE836CD7CEEB5DD8CE5C54D9CEA1
:102E7000A894DACE4C4EDBCE616CDCCEEC8BDDCE92
:102E80004B5CDECEE065DFCE9C82E0CEA768E1CE73
:102E90003E54E2CE3454E3CECB6BE4CE666BE5CE4B
:102EA000944EE6CE4263E7CE4853E8CE1E82E9CE8A
:102EB0000D4FEACEAE4FEBCE5E57ECCE0A62EDCEB2
:102EC000FE96EECE6466EFCE6972F0CEFF52F1CE82
:102ED000A152F2CE9F60F3CEEF8BF4CE1466F5CE06
:102EE0009971F6CE9067F7CE7F89F8CE5278F9CEF9
:102EF000FD77FACE7066FBCE3B56FCCE3854FDCE45
:102F00002195FECE7A7240CFA58741CFA68742CFCA
:102F1000A78743CFA98744CFAA8745CFAE8746CF9F
:102F2000B08747CFB18748CFB28749CFB4874ACF60
:102F3000B6874BCFB7874CCFB8874DCFB9874ECF29
:102F4000BB874FCFBC8750CFBE8751CFBF8752CFF3
:102F5000C18753CFC28754CFC38755CFC48756CFBD
:102F6000C58757CFC78758CFC88759CFC9875ACF8A
:102F7000CC875BCFCD875CCFCE875DCFCF875ECF51
:102F8000D0875FCFD48760CFD58761CFD68762CF18
:102F9000D78763CFD88764CFD98765CFDA8766CFE5
:102FA000DC8767CFDD8768CFDE8769CFDF876ACFB1
:102FB000E1876BCFE2876CCFE3876DCFE4876ECF7D
:102FC000E6876FCFE78770CFE88771CFE98772CF49
:102FD000EB8773CFEC8774CFED8775CFEF8776CF14
:102FE000F08777CFF18778CFF28779CFF3877ACFE1
:102FF000F4877BCFF5877CCFF6877DCFF7877ECFB1
:10300000F88780CFFA8781CFFB8782CFFC8783CF79
:10301000FD8784CFFF8785CF008886CF018887CF43
:10302000028888CF048889CF05888ACF06888BCF0D
:1030300007888CCF08888DCF09888ECF0B888FCFDB
:103040000C8890CF0D8891CF0E8892CF0F8893CFA8
:10305000108894CF118895CF128896CF148897CF77
:10306000178898CF188899CF19889ACF1A889BCF3C
:103070001C889CCF1D889DCF1E889ECF1F889FCF08
:103080002088A0CF2388A1CF007AA2CF6F60A3CFE2
:103090000C5EA4CF8960A5CF9D81A6CF1559A7CF7F
:1030A000DC60A8CF8471A9CFEF70AACFAA6EABCF96
:1030B000506CACCF8072ADCF846AAECFAD88AFCF4D
:1030C0002D5EB0CF604EB1CFB35AB2CF9C55B3CFC7
:1030D000E394B4CF176DB5CFFB7CB6CF9996B7CF3D
:1030E0000F62B8CFC67EB9CF8E77BACF7E86BBCF00
:1030F0002353BCCF1E97BDCF968FBECF8766BFCF61
:10310000E15CC0CFA04FC1CFED72C2CF0B4EC3CF99
:10311000A653C4CF0F59C5CF1354C6CF8063C7CFB2
:103120002895C8CF4851C9CFD94ECACF9C9CCBCF88
:10313000A47ECCCFB854CDCF248DCECF5488CFCF62
:103140003782D0CFF295D1CF8E6DD2CF265FD3CF3D
:10315000CC5AD4CF3E66D5CF6996D6CFB073D7CFF1
:103160002E73D8CFBF53D9CF7A81DACF8599DBCFF1
:10317000A17FDCCFAA5BDDCF7796DECF5096DFCF85
:10318000BF7EE0CFF876E1CFA253E2CF7695E3CFD2
:103190009999E4CFB17BE5CF4489E6CF586EE7CF6C
:1031A000614EE8CFD47FE9CF6579EACFE68BEBCFEC
:1031B000F360ECCFCD54EDCFAB4EEECF7998EFCF9F
:1031C000F75DF0CF616AF1CFCF50F2CF1154F3CF5A
:1031D000618CF4CF2784F5CF5D78F6CF0497F7CFD5
:1031E0004A52F8CFEE54F9CFA356FACF0095FBCF51
:1031F000886DFCCFB55BFDCFC66DFECF536640D06A
:10320000248841D0258842D0268843D0278844D0BE
:10321000288845D0298846D02A8847D02B8848D08E
:103220002C8849D02D884AD02E884BD02F884CD05E
:1032300030884DD031884ED033884FD0348850D02C
:10324000358851D0368852D0378853D0388854D0FA
:103250003A8855D03B8856D03D8857D03E8858D0C4
:103260003F8859D041885AD042885BD043885CD08F
:1032700046885DD047885ED048885FD0498860D056
:103280004A8861D04B8862D04E8863D04F8864D022
:10329000508865D0518866D0528867D0538868D0EE
:1032A000558869D056886AD058886BD05A886CD0B7
:1032B0005B886DD05C886ED05D886FD05E8870D082
:1032C0005F8871D0608872D0668873D0678874D048
:1032D0006A8875D06D8876D06F8877D0718878D0FD
:1032E000738879D074887AD075887BD076887CD0C2
:1032F00078887DD079887ED07A8880D07B8881D08C
:103300007C8882D0808883D0838884D0868885D04A
:10331000878886D0898887D08A8888D08C8889D009
:103320008E888AD08F888BD090888CD091888DD0D1
:1033300093888ED094888FD0958890D0978891D09C
:10334000988892D0998893D09A8894D09B8895D069
:103350009D8896D09E8897D09F8898D0A08899D035
:10336000A1889AD0A3889BD0A5889CD0A6889DD000
:10337000A7889ED0A8889FD0A988A0D0AA88A1D0CD
:103380000F5CA2D05D5BA3D02168A4D09680A5D0AD
:103390007855A6D0117BA7D04865A8D05469A9D08C
:1033A0009B4EAAD0476BABD04E87ACD08B97ADD09D
:1033B0004F53AED01F63AFD03A64B0D0AA90B1D013
:1033C0009C65B2D0C180B3D0108CB4D09951B5D027
:1033D000B068B6D07853B7D0F987B8D0C861B9D043
:1033E000C46CBAD0FB6CBBD0228CBCD0515CBDD0BD
:1033F000AA85BED0AF82BFD00C95C0D0236BC1D000
:103400009B8FC2D0B065C3D0FB5FC4D0C35FC5D0B3
:10341000E14FC6D04588C7D01F66C8D06581C9D0E6
:103420002973CAD0FA60CBD07451CCD01152CDD010
:103430008B57CED0625FCFD0A290D0D04C88D1D065
:103440009291D2D0785ED3D04F67D4D02760D5D0B8
:10345000D359D6D04451D7D0F651D8D0F880D9D04E
:103460000853DAD0796CDBD0C496DCD08A71DDD019
:10347000114FDED0EE4FDFD09E7FE0D03D67E1D030
:10348000C555E2D00895E3D0C079E4D09688E5D060
:10349000E37EE6D09F58E7D00C62E8D00097E9D0F1
:1034A0005A86EAD01856EBD07B98ECD0905FEDD0DE
:1034B000B88BEED0C484EFD05791F0D0D953F1D06F
:1034C000ED65F2D08F5EF3D05C75F4D06460F5D01A
:1034D0006E7DF6D07F5AF7D0EA7EF8D0ED7EF9D037
:1034E000698FFAD0A755FBD0A35BFCD0AC60FDD0B0
:1034F000CB65FED0847340D1AC8841D1AE8842D137
:10350000AF8843D1B08844D1B28845D1B38846D181
:10351000B48847D1B58848D1B68849D1B8884AD14E
:10352000B9884BD1BA884CD1BB884DD1BD884ED11A
:10353000BE884FD1BF8850D1C08851D1C38852D1E5
:10354000C48853D1C78854D1C88855D1CA8856D1A8
:10355000CB8857D1CC8858D1CD8859D1CF885AD172
:10356000D0885BD1D1885CD1D3885DD1D6885ED13B
:10357000D7885FD1DA8860D1DB8861D1DC8862D1FD
:10358000DD8863D1DE8864D1E08865D1E18866D1C9
:10359000E68867D1E78868D1E98869D1EA886AD185
:1035A000EB886BD1EC886CD1ED886DD1EE886ED153
:1035B000EF886FD1F28870D1F58871D1F68872D119
:1035C000F78873D1FA8874D1FB8875D1FD8876D1DC
:1035D000FF8877D1008978D1018979D103897AD19F
:1035E00004897BD105897CD106897DD107897ED16B
:1035F000088980D1098981D10B8982D10C8983D135
:103600000D8984D10E8985D10F8986D1118987D101
:10361000148988D1158989D116898AD117898BD1C6
:1036200018898CD11C898DD11D898ED11E898FD18D
:103630001F8990D1208991D1228992D1238993D158
:10364000248994D1268995D1278996D1288997D123
:10365000298998D12C8999D12D899AD12E899BD1EC
:103660002F899CD131899DD132899ED133899FD1B7
:103670003589A0D13789A1D10990A2D16376A3D190
:103680002977A4D1DA7EA5D17497A6D19B85A7D13D
:10369000665BA8D1747AA9D1EA96AAD14088ABD149
:1036A000CB52ACD18F71ADD1AA5FAED1EC65AFD1A9
:1036B000E28BB0D1FB5BB1D16F9AB2D1E15DB3D1F6
:1036C000896BB4D15B6CB5D1AD8BB6D1AF8BB7D1B3
:1036D0000A90B8D1C58FB9D18B53BAD1BC62BBD1D6
:1036E000269EBCD12D9EBDD14054BED12B4EBFD104
:1036F000BD82C0D15972C1D19C86C2D1165DC3D1E1
:103700005988C4D1AF6DC5D1C596C6D1D154C7D1E2
:103710009A4EC8D1B68BC9D10971CAD1BD54CBD18B
:103720000996CCD1DF70CDD1F96DCED1D076CFD185
:10373000254ED0D11478D1D11287D2D1A95CD3D162
:10374000F65ED4D1008AD5D19C98D6D10E96D7D129
:103750008E70D8D1BF6CD9D14459DAD1A963DBD1ED
:103760003C77DCD14D88DDD1146FDED17382DFD19F
:103770003058E0D1D571E1D18C53E2D11A78E3D140
:10378000C196E4D10155E5D1665FE6D13071E7D14C
:10379000B45BE8D11A8CE9D18C9AEAD1836BEBD176
:1037A0002E59ECD12F9EEDD1E779EED16867EFD19C
:1037B0006C62F0D16F4FF1D1A175F2D18A7FF3D154
:1037C0000B6DF4D13396F5D1276CF6D1F04EF7D1CD
:1037D000D275F8D17B51F9D13768FAD13E6FFBD160
:1037E0008090FCD17081FDD19659FED1767440D283
:1037F000388941D2398942D23A8943D23B8944D26D
:103800003C8945D23D8946D23E8947D23F8948D23C
:10381000408949D242894AD243894BD245894CD208
:1038200046894DD247894ED248894FD2498950D2D4
:103830004A8951D24B8952D24C8953D24D8954D2A4
:103840004E8955D24F8956D2508957D2518958D274
:10385000528959D253895AD254895BD255895CD244
:1038600056895DD257895ED258895FD2598960D214
:103870005A8961D25B8962D25C8963D25D8964D2E4
:10388000608965D2618966D2628967D2638968D2AC
:10389000648969D265896AD267896BD268896CD27A
:1038A00069896DD26A896ED26B896FD26C8970D248
:1038B0006D8971D26E8972D26F8973D2708974D218
:1038C000718975D2728976D2738977D2748978D2E8
:1038D000758979D276897AD277897BD278897CD2B8
:1038E00079897DD27A897ED27C8980D27D8981D284
:1038F0007E8982D2808983D2828984D2848985D24A
:10390000858986D2878987D2888988D2898989D210
:103910008A898AD28B898BD28C898CD28D898DD2DF
:103920008E898ED28F898FD2908990D2918991D2AF
:10393000928992D2938993D2948994D2958995D27F
:10394000968996D2978997D2988998D2998999D24F
:103950009A899AD29B899BD29C899CD29D899DD21F
:103960009E899ED29F899FD2A089A0D2A189A1D2EF
:103970004764A2D2275CA3D26590A4D2917AA5D243
:10398000238CA6D2DA59A7D2AC54A8D20082A9D2ED
:103990006F83AAD28189ABD20080ACD23069ADD21C
:1039A0004E56AED23680AFD23772B0D2CE91B1D2AF
:1039B000B651B2D25F4EB3D27598B4D29663B5D237
:1039C0001A4EB6D2F653B7D2F366B8D24B81B9D2FB
:1039D0001C59BAD2B26DBBD2004EBCD2F958BDD27E
:1039E0003B53BED2D663BFD2F194C0D29D4FC1D259
:1039F0000A4FC2D26388C3D29098C4D23759C5D275
:103A00005790C6D2FB79C7D2EA4EC8D2F080C9D24D
:103A10009175CAD2826CCBD29C5BCCD2E859CDD204
:103A20005D5FCED20569CFD28186D0D21A50D1D275
:103A3000F25DD2D2594ED3D2E377D4D2E54ED5D26D
:103A40007A82D6D29162D7D21366D8D29190D9D247
:103A5000795CDAD2BF4EDBD2795FDCD2C681DDD2AF
:103A60003890DED28480DFD2AB75E0D2A64EE1D2B0
:103A7000D488E2D20F61E3D2C56BE4D2C65FE5D24F
:103A8000494EE6D2CA76E7D2A26EE8D2E38BE9D2FB
:103A9000AE8BEAD20A8CEBD2D18BECD2025FEDD2A4
:103AA000FC7FEED2CC7FEFD2CE7EF0D23583F1D246
:103AB0006B83F2D2E056F3D2B76BF4D2F397F5D220
:103AC0003496F6D2FB59F7D21F54F8D2F694F9D2B5
:103AD000EB6DFAD2C55BFBD26E99FCD2395CFDD29C
:103AE000155FFED2909640D3A28941D3A38942D3D9
:103AF000A48943D3A58944D3A68945D3A78946D3AE
:103B0000A88947D3A98948D3AA8949D3AB894AD37D
:103B1000AC894BD3AD894CD3AE894DD3AF894ED34D
:103B2000B0894FD3B18950D3B28951D3B38952D31D
:103B3000B48953D3B58954D3B68955D3B78956D3ED
:103B4000B88957D3B98958D3BA8959D3BB895AD3BD
:103B5000BC895BD3BD895CD3BE895DD3BF895ED38D
:103B6000C0895FD3C38960D3CD8961D3D38962D340
:103B7000D48963D3D58964D3D78965D3D88966D3EB
:103B8000D98967D3DB8968D3DD8969D3DF896AD3B3
:103B9000E0896BD3E1896CD3E2896DD3E4896ED37C
:103BA000E7896FD3E88970D3E98971D3EA8972D341
:103BB000EC8973D3ED8974D3EE8975D3F08976D30C
:103BC000F18977D3F28978D3F48979D3F5897AD3D7
:103BD000F6897BD3F7897CD3F8897DD3F9897ED3A5
:103BE000FA8980D3FB8981D3FC8982D3FD8983D371
:103BF000FE8984D3FF8985D3018A86D3028A87D33D
:103C0000038A88D3048A89D3058A8AD3068A8BD308
:103C1000088A8CD3098A8DD30A8A8ED30B8A8FD3D4
:103C20000C8A90D30D8A91D30E8A92D30F8A93D3A4
:103C3000108A94D3118A95D3128A96D3138A97D374
:103C4000148A98D3158A99D3168A9AD3178A9BD344
:103C5000188A9CD3198A9DD31A8A9ED31B8A9FD314
:103C60001C8AA0D31D8AA1D37053A2D3F182A3D3FF
:103C7000316AA4D3745AA5D3709EA6D3945EA7D3F9
:103C8000287FA8D3B983A9D32484AAD32584ABD30E
:103C90006783ACD34787ADD3CE8FAED3628DAFD31E
:103CA000C876B0D3715FB1D39698B2D36C78B3D3E2
:103CB0002066B4D3DF54B5D3E562B6D3634FB7D330
:103CC000C381B8D3C875B9D3B85EBAD3CD96BBD3C8
:103CD0000A8EBCD3F986BDD38F54BED3F36CBFD349
:103CE0008C6DC0D3386CC1D37F60C2D3C752C3D3ED
:103CF0002875C4D37D5EC5D3184FC6D3A060C7D383
:103D0000E75FC8D3245CC9D33175CAD3AE90CBD397
:103D1000C094CCD3B972CDD3B96CCED3386ECFD3D7
:103D20004991D0D30967D1D3CB53D2D3F353D3D353
:103D3000514FD4D3C991D5D3F18BD6D3C853D7D350
:103D40007C5ED8D3C28FD9D3E46DDAD38E4EDBD369
:103D5000C276DCD38669DDD35E86DED31A61DFD31B
:103D60000682E0D3594FE1D3DE4FE2D33E90E3D356
:103D70007C9CE4D30961E5D31D6EE6D3146EE7D3D2
:103D80008596E8D3884EE9D3315AEAD3E896EBD347
:103D90000E4EECD37F5CEDD3B979EED3875BEFD3D6
:103DA000ED8BF0D3BD7FF1D38973F2D3DF57F3D31B
:103DB0008B82F4D3C190F5D30154F6D34790F7D357
:103DC000BB55F8D3EA5CF9D3A15FFAD30861FBD302
:103DD000326BFCD3F172FDD3B280FED3898A40D41A
:103DE0001E8A41D41F8A42D4208A43D4218A44D4D3
:103DF000228A45D4238A46D4248A47D4258A48D4A3
:103E0000268A49D4278A4AD4288A4BD4298A4CD472
:103E10002A8A4DD42B8A4ED42C8A4FD42D8A50D442
:103E20002E8A51D42F8A52D4308A53D4318A54D412
:103E3000328A55D4338A56D4348A57D4358A58D4E2
:103E4000368A59D4378A5AD4388A5BD4398A5CD4B2
:103E50003A8A5DD43B8A5ED43C8A5FD43D8A60D482
:103E60003F8A61D4408A62D4418A63D4428A64D44E
:103E7000438A65D4448A66D4458A67D4468A68D41E
:103E8000478A69D4498A6AD44A8A6BD44B8A6CD4EB
:103E90004C8A6DD44D8A6ED44E8A6FD44F8A70D4BA
:103EA000508A71D4518A72D4528A73D4538A74D48A
:103EB000548A75D4558A76D4568A77D4578A78D45A
:103EC000588A79D4598A7AD45A8A7BD45B8A7CD42A
:103ED0005C8A7DD45D8A7ED45E8A80D45F8A81D4F8
:103EE000608A82D4618A83D4628A84D4638A85D4C6
:103EF000648A86D4658A87D4668A88D4678A89D496
:103F0000688A8AD4698A8BD46A8A8CD46B8A8DD465
:103F10006C8A8ED46D8A8FD46E8A90D46F8A91D435
:103F2000708A92D4718A93D4728A94D4738A95D405
:103F3000748A96D4758A97D4768A98D4778A99D4D5
:103F4000788A9AD47A8A9BD47B8A9CD47C8A9DD4A2
:103F50007D8A9ED47E8A9FD47F8AA0D4808AA1D471
:103F6000746DA2D4D35BA3D4D588A4D48498A5D4EB
:103F70006B8CA6D46D9AA7D4339EA8D40A6EA9D40C
:103F8000A451AAD44351ABD4A357ACD48188ADD4A7
:103F90009F53AED4F463AFD4958FB0D4ED56B1D463
:103FA0005854B2D40657B3D43F73B4D4906EB5D43A
:103FB000187FB6D4DC8FB7D4D182B8D43F61B9D4DE
:103FC0002860BAD46296BBD4F066BCD4A67EBDD4B9
:103FD0008A8DBED4C38DBFD4A594C0D4B35CC1D4E4
:103FE000A47CC2D40867C3D4A660C4D40596C5D443
:103FF0001880C6D4914EC7D4E790C8D40053C9D412
:104000006896CAD44151CBD4D08FCCD47485CDD44A
:104010005D91CED45566CFD4F597D0D4555BD1D42D
:104020001D53D2D43878D3D44267D4D43D68D5D484
:10403000C954D6D47E70D7D4B05BD8D47D8FD9D4B0
:104040008D51DAD42857DBD4B154DCD41265DDD4D9
:104050008266DED45E8DDFD4438DE0D40F81E1D45F
:104060006C84E2D46D90E3D4DF7CE4D4FF51E5D4DA
:10407000FB85E6D4A367E7D4E965E8D4A16FE9D46A
:10408000A486EAD4818EEBD46A56ECD42090EDD489
:104090008276EED47670EFD4E571F0D4238DF1D42E
:1040A000E962F2D41952F3D4FD6CF4D43C8DF5D40A
:1040B0000E60F6D49E58F7D48E61F8D4FE66F9D41B
:1040C000608DFAD44E62FBD4B355FCD4236EFDD47C
:1040D0002D67FED4678F40D5818A41D5828A42D52B
:1040E000838A43D5848A44D5858A45D5868A46D530
:1040F000878A47D5888A48D58B8A49D58C8A4AD5FC
:104100008D8A4BD58E8A4CD58F8A4DD5908A4ED5C7
:10411000918A4FD5928A50D5948A51D5958A52D595
:10412000968A53D5978A54D5988A55D5998A56D563
:104130009A8A57D59B8A58D59C8A59D59D8A5AD533
:104140009E8A5BD59F8A5CD5A08A5DD5A18A5ED503
:10415000A28A5FD5A38A60D5A48A61D5A58A62D5D3
:10416000A68A63D5A78A64D5A88A65D5A98A66D5A3
:10417000AA8A67D5AB8A68D5AC8A69D5AD8A6AD573
:10418000AE8A6BD5AF8A6CD5B08A6DD5B18A6ED543
:10419000B28A6FD5B38A70D5B48A71D5B58A72D513
:1041A000B68A73D5B78A74D5B88A75D5B98A76D5E3
:1041B000BA8A77D5BB8A78D5BC8A79D5BD8A7AD5B3
:1041C000BE8A7BD5BF8A7CD5C08A7DD5C18A7ED583
:1041D000C28A80D5C38A81D5C48A82D5C58A83D54F
:1041E000C68A84D5C78A85D5C88A86D5C98A87D51F
:1041F000CA8A88D5CB8A89D5CC8A8AD5CD8A8BD5EF
:10420000CE8A8CD5CF8A8DD5D08A8ED5D18A8FD5BE
:10421000D28A90D5D38A91D5D48A92D5D58A93D58E
:10422000D68A94D5D78A95D5D88A96D5D98A97D55E
:10423000DA8A98D5DB8A99D5DC8A9AD5DD8A9BD52E
:10424000DE8A9CD5DF8A9DD5E08A9ED5E18A9FD5FE
:10425000E28AA0D5E38AA1D5E194A2D5F895A3D5A9
:104260002877A4D50568A5D5A869A6D58B54A7D568
:104270004D4EA8D5B870A9D5C88BAAD55864ABD572
:104280008B65ACD5855BADD5847AAED53A50AFD5CC
:10429000E85BB0D5BB77B1D5E16BB2D5798AB3D540
:1042A000987CB4D5BE6CB5D5CF76B6D5A965B7D553
:1042B000978FB8D52D5DB9D5555CBAD53886BBD5A5
:1042C0000868BCD56053BDD51862BED5D97ABFD5B4
:1042D0005B6EC0D5FD7EC1D51F6AC2D5E07AC3D55D
:1042E000705FC4D5336FC5D5205FC6D58C63C7D585
:1042F000A86DC8D55667C9D5084ECAD5105ECBD5AE
:10430000268DCCD5D74ECDD5C080CED53476CFD561
:104310009C96D0D5DB62D1D52D66D2D57E62D3D521
:10432000BC6CD4D5758DD5D56771D6D5697FD7D5F9
:104330004651D8D58780D9D5EC53DAD56E90DBD5E8
:104340009862DCD5F254DDD5F086DED5998FDFD5C5
:104350000580E0D51795E1D51785E2D5D98FE3D54E
:10436000596DE4D5CD73E5D59F65E6D51F77E7D5C3
:104370000475E8D52778E9D5FB81EAD51E8DEBD504
:104380008894ECD5A64FEDD59567EED5B975EFD5E8
:10439000CA8BF0D50797F1D52F63F2D54795F3D5A2
:1043A0003596F4D5B884F5D52363F6D54177F7D59E
:1043B000815FF8D5F072F9D5894EFAD51460FBD536
:1043C0007465FCD5EF62FDD5636BFED53F6540D6C5
:1043D000E48A41D6E58A42D6E68A43D6E78A44D6BD
:1043E000E88A45D6E98A46D6EA8A47D6EB8A48D68D
:1043F000EC8A49D6ED8A4AD6EE8A4BD6EF8A4CD65D
:10440000F08A4DD6F18A4ED6F28A4FD6F38A50D62C
:10441000F48A51D6F58A52D6F68A53D6F78A54D6FC
:10442000F88A55D6F98A56D6FA8A57D6FB8A58D6CC
:10443000FC8A59D6FD8A5AD6FE8A5BD6FF8A5CD69C
:10444000008B5DD6018B5ED6028B5FD6038B60D668
:10445000048B61D6058B62D6068B63D6088B64D637
:10446000098B65D60A8B66D60B8B67D60C8B68D604
:104470000D8B69D60E8B6AD60F8B6BD6108B6CD6D4
:10448000118B6DD6128B6ED6138B6FD6148B70D6A4
:10449000158B71D6168B72D6178B73D6188B74D674
:1044A000198B75D61A8B76D61B8B77D61C8B78D644
:1044B0001D8B79D61E8B7AD61F8B7BD6208B7CD614
:1044C000218B7DD6228B7ED6238B80D6248B81D6E2
:1044D000258B82D6278B83D6288B84D6298B85D6AD
:1044E0002A8B86D62B8B87D62C8B88D62D8B89D67C
:1044F0002E8B8AD62F8B8BD6308B8CD6318B8DD64C
:10450000328B8ED6338B8FD6348B90D6358B91D61B
:10451000368B92D6378B93D6388B94D6398B95D6EB
:104520003A8B96D63B8B97D63C8B98D63D8B99D6BB
:104530003E8B9AD63F8B9BD6408B9CD6418B9DD68B
:10454000428B9ED6438B9FD6448BA0D6458BA1D65B
:10455000275EA2D6C775A3D6D190A4D6C18BA5D607
:104560009D82A6D69D67A7D62F65A8D63154A9D619
:104570001887AAD6E577ABD6A280ACD60281ADD695
:10458000416CAED64B4EAFD6C77EB0D64C80B1D6BE
:10459000F476B2D60D69B3D6966BB4D66762B5D64B
:1045A0003C50B6D6844FB7D64057B8D60763B9D675
:1045B000626BBAD6BE8DBBD6EA53BCD6E865BDD613
:1045C000B87EBED6D75FBFD61A63C0D6B763C1D692
:1045D000F381C2D6F481C3D66E7FC4D61C5EC5D625
:1045E000D95CC6D63652C7D67A66C8D6E979C9D656
:1045F0001A7ACAD6288DCBD69970CCD6D475CDD69A
:10460000DE6ECED6BB6CCFD6927AD0D62D4ED1D61A
:10461000C576D2D6E05FD3D69F94D4D67788D5D648
:10462000C87ED6D6CD79D7D6BF80D8D6CD91D9D6AB
:10463000F24EDAD6174FDBD61F82DCD66854DDD6B1
:10464000DE5DDED6326DDFD6CC8BE0D6A57CE1D642
:10465000748FE2D69880E3D61A5EE4D69254E5D6FB
:10466000B176E6D6995BE7D63C66E8D6A49AE9D659
:10467000E073EAD62A68EBD6DB86ECD63167EDD656
:104680002A73EED6F88BEFD6DB8BF0D61090F1D6EE
:10469000F97AF2D6DB70F3D66E71F4D6C462F5D631
:1046A000A977F6D63156F7D63B4EF8D65784F9D6C9
:1046B000F167FAD6A952FBD6C086FCD62E8DFDD660
:1046C000F894FED6517B40D7468B41D7478B42D7D3
:1046D000488B43D7498B44D74A8B45D74B8B46D71A
:1046E0004C8B47D74D8B48D74E8B49D74F8B4AD7EA
:1046F000508B4BD7518B4CD7528B4DD7538B4ED7BA
:10470000548B4FD7558B50D7568B51D7578B52D789
:10471000588B53D7598B54D75A8B55D75B8B56D759
:104720005C8B57D75D8B58D75E8B59D75F8B5AD729
:10473000608B5BD7618B5CD7628B5DD7638B5ED7F9
:10474000648B5FD7658B60D7678B61D7688B62D7C7
:10475000698B63D76A8B64D76B8B65D76D8B66D794
:104760006E8B67D76F8B68D7708B69D7718B6AD761
:10477000728B6BD7738B6CD7748B6DD7758B6ED731
:10478000768B6FD7778B70D7788B71D7798B72D701
:104790007A8B73D77B8B74D77C8B75D77D8B76D7D1
:1047A0007E8B77D77F8B78D7808B79D7818B7AD7A1
:1047B000828B7BD7838B7CD7848B7DD7858B7ED771
:1047C000868B80D7878B81D7888B82D7898B83D73D
:1047D0008A8B84D78B8B85D78C8B86D78D8B87D70D
:1047E0008E8B88D78F8B89D7908B8AD7918B8BD7DD
:1047F000928B8CD7938B8DD7948B8ED7958B8FD7AD
:10480000968B90D7978B91D7988B92D7998B93D77C
:104810009A8B94D79B8B95D79C8B96D79D8B97D74C
:104820009E8B98D79F8B99D7AC8B9AD7B18B9BD700
:10483000BB8B9CD7C78B9DD7D08B9ED7EA8B9FD73E
:10484000098CA0D71E8CA1D74F4FA2D7E86CA3D755
:104850005D79A4D77B9AA5D79362A6D72A72A7D7EA
:10486000FD62A8D7134EA9D71678AAD76C8FABD7FD
:10487000B064ACD75A8DADD7C67BAED76968AFD719
:10488000845EB0D7C588B1D78659B2D79E64B3D7F6
:10489000EE58B4D7B672B5D70E69B6D72595B7D747
:1048A000FD8FB8D7588DB9D76057BAD7007FBBD71F
:1048B000068CBCD7C651BDD74963BED7D962BFD716
:1048C0005353C0D74C68C1D72274C2D70183C3D712
:1048D0004C91C4D74455C5D74077C6D77C70C7D74D
:1048E0004A6DC8D77951C9D7A854CAD7448DCBD7F8
:1048F000FF59CCD7CB6ECDD7C46DCED75C5BCFD7AD
:104900002B7DD0D7D44ED1D77D7CD2D7D36ED3D701
:10491000505BD4D7EA81D5D70D6ED6D7575BD7D7A2
:10492000039BD8D7D568D9D72A8EDAD7975BDBD740
:10493000FC7EDCD73B60DDD7B57EDED7B990DFD714
:10494000708DE0D74F59E1D7CD63E2D7DF79E3D758
:10495000B38DE4D75253E5D7CF65E6D75679E7D77D
:10496000C58BE8D73B96E9D7C47EEAD7BB94EBD793
:10497000827EECD73456EDD78991EED70067EFD71A
:104980006A7FF0D70A5CF1D77590F2D72866F3D723
:10499000E65DF4D7504FF5D7DE67F6D75A50F7D714
:1049A0005C4FF8D75057F9D7A75E40D8388C41D81C
:1049B000398C42D83A8C43D83B8C44D83C8C45D86F
:1049C0003D8C46D83E8C47D83F8C48D8408C49D83F
:1049D000428C4AD8438C4BD8448C4CD8458C4DD80B
:1049E000488C4ED84A8C4FD84B8C50D84D8C51D8CF
:1049F0004E8C52D84F8C53D8508C54D8518C55D89B
:104A0000528C56D8538C57D8548C58D8568C59D869
:104A1000578C5AD8588C5BD8598C5CD85B8C5DD835
:104A20005C8C5ED85D8C5FD85E8C60D85F8C61D802
:104A3000608C62D8638C63D8648C64D8658C65D8CC
:104A4000668C66D8678C67D8688C68D8698C69D89A
:104A50006C8C6AD86D8C6BD86E8C6CD86F8C6DD862
:104A6000708C6ED8718C6FD8728C70D8748C71D831
:104A7000758C72D8768C73D8778C74D87B8C75D8FB
:104A80007C8C76D87D8C77D87E8C78D87F8C79D8C2
:104A9000808C7AD8818C7BD8838C7CD8848C7DD890
:104AA000868C7ED8878C80D8888C81D88B8C82D855
:104AB0008D8C83D88E8C84D88F8C85D8908C86D81A
:104AC000918C87D8928C88D8938C89D8958C8AD8E9
:104AD000968C8BD8978C8CD8998C8DD89A8C8ED8B4
:104AE0009B8C8FD89C8C90D89D8C91D89E8C92D882
:104AF0009F8C93D8A08C94D8A18C95D8A28C96D852
:104B0000A38C97D8A48C98D8A58C99D8A68C9AD821
:104B1000A78C9BD8A88C9CD8A98C9DD8AA8C9ED8F1
:104B2000AB8C9FD8AC8CA0D8AD8CA1D88D4EA2D820
:104B30000C4EA3D84051A4D8104EA5D8FF5EA6D8DD
:104B40004553A7D8154EA8D8984EA9D81E4EAAD816
:104B5000329BABD86C5BACD86956ADD8284EAED87A
:104B6000BA79AFD83F4EB0D81553B1D8474EB2D866
:104B70002D59B3D83B72B4D86E53B5D8106CB6D893
:104B8000DF56B7D8E480B8D89799B9D8D36BBAD8DC
:104B90007E77BBD8179FBCD8364EBDD89F4EBED8A7
:104BA000109FBFD85C4EC0D8694EC1D8934EC2D8B2
:104BB0008882C3D85B5BC4D86C55C5D80F56C6D89D
:104BC000C44EC7D88D53C8D89D53C9D8A353CAD88B
:104BD000A553CBD8AE53CCD86597CDD85D8DCED864
:104BE0001A53CFD8F553D0D82653D1D82E53D2D874
:104BF0003E53D3D85C8DD4D86653D5D86353D6D81A
:104C00000252D7D80852D8D80E52D9D82D52DAD855
:104C10003352DBD83F52DCD84052DDD84C52DED87C
:104C20005E52DFD86152E0D85C52E1D8AF84E2D85E
:104C30007D52E3D88252E4D88152E5D89052E6D82A
:104C40009352E7D88251E8D8547FE9D8BB4EEAD8CE
:104C5000C34EEBD8C94EECD8C24EEDD8E84EEED8D4
:104C6000E14EEFD8EB4EF0D8DE4EF1D81B4FF2D824
:104C7000F34EF3D8224FF4D8644FF5D8F54EF6D85A
:104C8000254FF7D8274FF8D8094FF9D82B4FFAD826
:104C90005E4FFBD8674FFCD83865FDD85A4FFED819
:104CA0005D4F40D9AE8C41D9AF8C42D9B08C43D93D
:104CB000B18C44D9B28C45D9B38C46D9B48C47D980
:104CC000B58C48D9B68C49D9B78C4AD9B88C4BD950
:104CD000B98C4CD9BA8C4DD9BB8C4ED9BC8C4FD920
:104CE000BD8C50D9BE8C51D9BF8C52D9C08C53D9F0
:104CF000C18C54D9C28C55D9C38C56D9C48C57D9C0
:104D0000C58C58D9C68C59D9C78C5AD9C88C5BD98F
:104D1000C98C5CD9CA8C5DD9CB8C5ED9CC8C5FD95F
:104D2000CD8C60D9CE8C61D9CF8C62D9D08C63D92F
:104D3000D18C64D9D28C65D9D38C66D9D48C67D9FF
:104D4000D58C68D9D68C69D9D78C6AD9D88C6BD9CF
:104D5000D98C6CD9DA8C6DD9DB8C6ED9DC8C6FD99F
:104D6000DD8C70D9DE8C71D9DF8C72D9E08C73D96F
:104D7000E18C74D9E28C75D9E38C76D9E48C77D93F
:104D8000E58C78D9E68C79D9E78C7AD9E88C7BD90F
:104D9000E98C7CD9EA8C7DD9EB8C7ED9EC8C80D9DE
:104DA000ED8C81D9EE8C82D9EF8C83D9F08C84D9AB
:104DB000F18C85D9F28C86D9F38C87D9F48C88D97B
:104DC000F58C89D9F68C8AD9F78C8BD9F88C8CD94B
:104DD000F98C8DD9FA8C8ED9FB8C8FD9FC8C90D91B
:104DE000FD8C91D9FE8C92D9FF8C93D9008D94D9EA
:104DF000018D95D9028D96D9038D97D9048D98D9B7
:104E0000058D99D9068D9AD9078D9BD9088D9CD986
:104E1000098D9DD90A8D9ED90B8D9FD90C8DA0D956
:104E20000D8DA1D95F4FA2D9574FA3D9324FA4D925
:104E30003D4FA5D9764FA6D9744FA7D9914FA8D980
:104E4000894FA9D9834FAAD98F4FABD97E4FACD9FF
:104E50007B4FADD9AA4FAED97C4FAFD9AC4FB0D9AB
:104E6000944FB1D9E64FB2D9E84FB3D9EA4FB4D98C
:104E7000C54FB5D9DA4FB6D9E34FB7D9DC4FB8D95A
:104E8000D14FB9D9DF4FBAD9F84FBBD92950BCD9C6
:104E90004C50BDD9F34FBED92C50BFD90F50C0D9FB
:104EA0002E50C1D92D50C2D9FE4FC3D91C50C4D9E0
:104EB0000C50C5D92550C6D92850C7D97E50C8D95D
:104EC0004350C9D95550CAD94850CBD94E50CCD9E6
:104ED0006C50CDD97B50CED9A550CFD9A750D0D9C1
:104EE000A950D1D9BA50D2D9D650D3D90651D4D994
:104EF000ED50D5D9EC50D6D9E650D7D9EE50D8D907
:104F00000751D9D90B51DAD9DD4EDBD93D6CDCD94B
:104F1000584FDDD9654FDED9CE4FDFD9A09FE0D9FC
:104F2000466CE1D9747CE2D96E51E3D9FD5DE4D9D8
:104F3000C99EE5D99899E6D98151E7D91459E8D99C
:104F4000F952E9D90D53EAD9078AEBD91053ECD9B4
:104F5000EB51EDD91959EED95551EFD9A04EF0D9F1
:104F60005651F1D9B34EF2D96E88F3D9A488F4D949
:104F7000B54EF5D91481F6D9D288F7D98079F8D908
:104F8000345BF9D90388FAD9B87FFBD9AB51FCD986
:104F9000B151FDD9BD51FED9BC5140DA0E8D41DA77
:104FA0000F8D42DA108D43DA118D44DA128D45DA15
:104FB000138D46DA148D47DA158D48DA168D49DAE5
:104FC000178D4ADA188D4BDA198D4CDA1A8D4DDAB5
:104FD0001B8D4EDA1C8D4FDA208D50DA518D51DA4F
:104FE000528D52DA578D53DA5F8D54DA658D55DA6A
:104FF000688D56DA698D57DA6A8D58DA6C8D59DA10
:105000006E8D5ADA6F8D5BDA718D5CDA728D5DDAD6
:10501000788D5EDA798D5FDA7A8D60DA7B8D61DA90
:105020007C8D62DA7D8D63DA7E8D64DA7F8D65DA60
:10503000808D66DA828D67DA838D68DA868D69DA2B
:10504000878D6ADA888D6BDA898D6CDA8C8D6DDAF2
:105050008D8D6EDA8E8D6FDA8F8D70DA908D71DABC
:10506000928D72DA938D73DA958D74DA968D75DA86
:10507000978D76DA988D77DA998D78DA9A8D79DA54
:105080009B8D7ADA9C8D7BDA9D8D7CDA9E8D7DDA24
:10509000A08D7EDAA18D80DAA28D81DAA48D82DAEC
:1050A000A58D83DAA68D84DAA78D85DAA88D86DAB8
:1050B000A98D87DAAA8D88DAAB8D89DAAC8D8ADA88
:1050C000AD8D8BDAAE8D8CDAAF8D8DDAB08D8EDA58
:1050D000B28D8FDAB68D90DAB78D91DAB98D92DA1A
:1050E000BB8D93DABD8D94DAC08D95DAC18D96DAD9
:1050F000C28D97DAC58D98DAC78D99DAC88D9ADA9C
:10510000C98D9BDACA8D9CDACD8D9DDAD08D9EDA61
:10511000D28D9FDAD38DA0DAD48DA1DAC751A2DA6D
:105120009651A3DAA251A4DAA551A5DAA08BA6DA8A
:10513000A68BA7DAA78BA8DAAA8BA9DAB48BAADA8E
:10514000B58BABDAB78BACDAC28BADDAC38BAEDA28
:10515000CB8BAFDACF8BB0DACE8BB1DAD28BB2DABF
:10516000D38BB3DAD48BB4DAD68BB5DAD88BB6DA84
:10517000D98BB7DADC8BB8DADF8BB9DAE08BBADA45
:10518000E48BBBDAE88BBCDAE98BBDDAEE8BBEDAF6
:10519000F08BBFDAF38BC0DAF68BC1DAF98BC2DAA7
:1051A000FC8BC3DAFF8BC4DA008CC5DA028CC6DA5A
:1051B000048CC7DA078CC8DA0C8CC9DA0F8CCADA0F
:1051C000118CCBDA128CCCDA148CCDDA158CCEDAC9
:1051D000168CCFDA198CD0DA1B8CD1DA188CD2DA93
:1051E0001D8CD3DA1F8CD4DA208CD5DA218CD6DA58
:1051F000258CD7DA278CD8DA2A8CD9DA2B8CDADA14
:105200002E8CDBDA2F8CDCDA328CDDDA338CDEDAD2
:10521000358CDFDA368CE0DA6953E1DA7A53E2DA98
:105220001D96E3DA2296E4DA2196E5DA3196E6DA9B
:105230002A96E7DA3D96E8DA3C96E9DA4296EADA27
:105240004996EBDA5496ECDA5F96EDDA6796EEDA89
:105250006C96EFDA7296F0DA7496F1DA8896F2DAF2
:105260008D96F3DA9796F4DAB096F5DA9790F6DA47
:105270009B90F7DA9D90F8DA9990F9DAAC90FADA27
:10528000A190FBDAB490FCDAB390FDDAB690FEDAC6
:10529000BA9040DBD58D41DBD88D42DBD98D43DB25
:1052A000DC8D44DBE08D45DBE18D46DBE28D47DBC9
:1052B000E58D48DBE68D49DBE78D4ADBE98D4BDB8D
:1052C000ED8D4CDBEE8D4DDBF08D4EDBF18D4FDB4C
:1052D000F28D50DBF48D51DBF68D52DBFC8D53DB10
:1052E000FE8D54DBFF8D55DB008E56DB018E57DBC8
:1052F000028E58DB038E59DB048E5ADB068E5BDB95
:10530000078E5CDB088E5DDB0B8E5EDB0D8E5FDB5C
:105310000E8E60DB108E61DB118E62DB128E63DB22
:10532000138E64DB158E65DB168E66DB178E67DBEE
:10533000188E68DB198E69DB1A8E6ADB1B8E6BDBBD
:105340001C8E6CDB208E6DDB218E6EDB248E6FDB82
:10535000258E70DB268E71DB278E72DB288E73DB49
:105360002B8E74DB2D8E75DB308E76DB328E77DB09
:10537000338E78DB348E79DB368E7ADB378E7BDBCF
:10538000388E7CDB3B8E7DDB3C8E7EDB3E8E80DB95
:105390003F8E81DB438E82DB458E83DB468E84DB52
:1053A0004C8E85DB4D8E86DB4E8E87DB4F8E88DB09
:1053B000508E89DB538E8ADB548E8BDB558E8CDBD3
:1053C000568E8DDB578E8EDB588E8FDB5A8E90DBA0
:1053D0005B8E91DB5C8E92DB5D8E93DB5E8E94DB6D
:1053E0005F8E95DB608E96DB618E97DB628E98DB3D
:1053F000638E99DB648E9ADB658E9BDB678E9CDB0C
:10540000688E9DDB6A8E9EDB6B8E9FDB6E8EA0DBD3
:10541000718EA1DBB890A2DBB090A3DBCF90A4DBB0
:10542000C590A5DBBE90A6DBD090A7DBC490A8DB1F
:10543000C790A9DBD390AADBE690ABDBE290ACDBB4
:10544000DC90ADDBD790AEDBDB90AFDBEB90B0DB7D
:10545000EF90B1DBFE90B2DB0491B3DB2291B4DBC1
:105460001E91B5DB2391B6DB3191B7DB2F91B8DB11
:105470003991B9DB4391BADB4691BBDB0D52BCDB02
:105480004259BDDBA252BEDBAC52BFDBAD52C0DB2A
:10549000BE52C1DBFF54C2DBD052C3DBD652C4DBE9
:1054A000F052C5DBDF53C6DBEE71C7DBCD77C8DB5F
:1054B000F45EC9DBF551CADBFC51CBDB2F9BCCDBA7
:1054C000B653CDDB015FCEDB5A75CFDBEF5DD0DBB2
:1054D0004C57D1DBA957D2DBA157D3DB7E58D4DBA5
:1054E000BC58D5DBC558D6DBD158D7DB2957D8DB1C
:1054F0002C57D9DB2A57DADB3357DBDB3957DCDBB8
:105500002E57DDDB2F57DEDB5C57DFDB3B57E0DB65
:105510004257E1DB6957E2DB8557E3DB6B57E4DB9E
:105520008657E5DB7C57E6DB7B57E7DB6857E8DB34
:105530006D57E9DB7657EADB7357EBDBAD57ECDBF6
:10554000A457EDDB8C57EEDBB257EFDBCF57F0DB28
:10555000A757F1DBB457F2DB9357F3DBA057F4DB2B
:10556000D557F5DBD857F6DBDA57F7DBD957F8DB39
:10557000D257F9DBB857FADBF457FBDBEF57FCDB0C
:10558000F857FDDBE457FEDBDD5740DC738E41DC72
:10559000758E42DC778E43DC788E44DC798E45DC78
:1055A0007A8E46DC7B8E47DC7D8E48DC7E8E49DC45
:1055B000808E4ADC828E4BDC838E4CDC848E4DDC0C
:1055C000868E4EDC888E4FDC898E50DC8A8E51DCD4
:1055D0008B8E52DC8C8E53DC8D8E54DC8E8E55DCA3
:1055E000918E56DC928E57DC938E58DC958E59DC6A
:1055F000968E5ADC978E5BDC988E5CDC998E5DDC37
:105600009A8E5EDC9B8E5FDC9D8E60DC9F8E61DC03
:10561000A08E62DCA18E63DCA28E64DCA38E65DCCE
:10562000A48E66DCA58E67DCA68E68DCA78E69DC9E
:10563000A88E6ADCA98E6BDCAA8E6CDCAD8E6DDC6C
:10564000AE8E6EDCB08E6FDCB18E70DCB38E71DC32
:10565000B48E72DCB58E73DCB68E74DCB78E75DCFE
:10566000B88E76DCB98E77DCBB8E78DCBC8E79DCCC
:10567000BD8E7ADCBE8E7BDCBF8E7CDCC08E7DDC9A
:10568000C18E7EDCC28E80DCC38E81DCC48E82DC67
:10569000C58E83DCC68E84DCC78E85DCC88E86DC36
:1056A000C98E87DCCA8E88DCCB8E89DCCC8E8ADC06
:1056B000CD8E8BDCCF8E8CDCD08E8DDCD18E8EDCD3
:1056C000D28E8FDCD38E90DCD48E91DCD58E92DCA2
:1056D000D68E93DCD78E94DCD88E95DCD98E96DC72
:1056E000DA8E97DCDB8E98DCDC8E99DCDD8E9ADC42
:1056F000DE8E9BDCDF8E9CDCE08E9DDCE18E9EDC12
:10570000E28E9FDCE38EA0DCE48EA1DC0B58A2DCF1
:105710000D58A3DCFD57A4DCED57A5DC0058A6DC32
:105720001E58A7DC1958A8DC4458A9DC2058AADC6C
:105730006558ABDC6C58ACDC8158ADDC8958AEDC0C
:105740009A58AFDC8058B0DCA899B1DC199FB2DC64
:10575000FF61B3DC7982B4DC7D82B5DC7F82B6DCAC
:105760008F82B7DC8A82B8DCA882B9DC8482BADC9A
:105770008E82BBDC9182BCDC9782BDDC9982BEDC70
:10578000AB82BFDCB882C0DCBE82C1DCB082C2DCCE
:10579000C882C3DCCA82C4DCE382C5DC9882C6DC72
:1057A000B782C7DCAE82C8DCCB82C9DCCC82CADC63
:1057B000C182CBDCA982CCDCB482CDDCA182CEDC80
:1057C000AA82CFDC9F82D0DCC482D1DCCE82D2DC44
:1057D000A482D3DCE182D4DC0983D5DCF782D6DC79
:1057E000E482D7DC0F83D8DC0783D9DCDC82DADC07
:1057F000F482DBDCD282DCDCD882DDDC0C83DEDC14
:10580000FB82DFDCD382E0DC1183E1DC1A83E2DCA3
:105810000683E3DC1483E4DC1583E5DCE082E6DC6C
:10582000D582E7DC1C83E8DC5183E9DC5B83EADCBE
:105830005C83EBDC0883ECDC9283EDDC3C83EEDC08
:105840003483EFDC3183F0DC9B83F1DC5E83F2DCBC
:105850002F83F3DC4F83F4DC4783F5DC4383F6DCF2
:105860005F83F7DC4083F8DC1783F9DC6083FADCC4
:105870002D83FBDC3A83FCDC3383FDDC6683FEDCBA
:10588000658340DDE58E41DDE68E42DDE78E43DD5A
:10589000E88E44DDE98E45DDEA8E46DDEB8E47DDA0
:1058A000EC8E48DDED8E49DDEE8E4ADDEF8E4BDD70
:1058B000F08E4CDDF18E4DDDF28E4EDDF38E4FDD40
:1058C000F48E50DDF58E51DDF68E52DDF78E53DD10
:1058D000F88E54DDF98E55DDFA8E56DDFB8E57DDE0
:1058E000FC8E58DDFD8E59DDFE8E5ADDFF8E5BDDB0
:1058F000008F5CDD018F5DDD028F5EDD038F5FDD7C
:10590000048F60DD058F61DD068F62DD078F63DD4B
:10591000088F64DD098F65DD0A8F66DD0B8F67DD1B
:105920000C8F68DD0D8F69DD0E8F6ADD0F8F6BDDEB
:10593000108F6CDD118F6DDD128F6EDD138F6FDDBB
:10594000148F70DD158F71DD168F72DD178F73DD8B
:10595000188F74DD198F75DD1A8F76DD1B8F77DD5B
:105960001C8F78DD1D8F79DD1E8F7ADD1F8F7BDD2B
:10597000208F7CDD218F7DDD228F7EDD238F80DDFA
:10598000248F81DD258F82DD268F83DD278F84DDC7
:10599000288F85DD298F86DD2A8F87DD2B8F88DD97
:1059A0002C8F89DD2D8F8ADD2E8F8BDD2F8F8CDD67
:1059B000308F8DDD318F8EDD328F8FDD338F90DD37
:1059C000348F91DD358F92DD368F93DD378F94DD07
:1059D000388F95DD398F96DD3A8F97DD3B8F98DDD7
:1059E0003C8F99DD3D8F9ADD3E8F9BDD3F8F9CDDA7
:1059F000408F9DDD418F9EDD428F9FDD438FA0DD77
:105A0000448FA1DD6883A2DD1B83A3DD6983A4DD50
:105A10006C83A5DD6A83A6DD6D83A7DD6E83A8DDBB
:105A2000B083A9DD7883AADDB383ABDDB483ACDDBD
:105A3000A083ADDDAA83AEDD9383AFDD9C83B0DDB3
:105A40008583B1DD7C83B2DDB683B3DDA983B4DDAC
:105A50007D83B5DDB883B6DD7B83B7DD9883B8DDA4
:105A60009E83B9DDA883BADDBA83BBDDBC83BCDD10
:105A7000C183BDDD0184BEDDE583BFDDD883C0DD2C
:105A80000758C1DD1884C2DD0B84C3DDDD83C4DDAE
:105A9000FD83C5DDD683C6DD1C84C7DD3884C8DD43
:105AA0001184C9DD0684CADDD483CBDDDF83CCDD80
:105AB0000F84CDDD0384CEDDF883CFDDF983D0DD27
:105AC000EA83D1DDC583D2DDC083D3DD2684D4DD76
:105AD000F083D5DDE183D6DD5C84D7DD5184D8DD6C
:105AE0005A84D9DD5984DADD7384DBDD8784DCDD1B
:105AF0008884DDDD7A84DEDD8984DFDD7884E0DDA5
:105B00003C84E1DD4684E2DD6984E3DD7684E4DD26
:105B10008C84E5DD8E84E6DD3184E7DD6D84E8DDAF
:105B2000C184E9DDCD84EADDD084EBDDE684ECDD03
:105B3000BD84EDDDD384EEDDCA84EFDDBF84F0DD0E
:105B4000BA84F1DDE084F2DDA184F3DDB984F4DD13
:105B5000B484F5DD9784F6DDE584F7DDE384F8DDD4
:105B60000C85F9DD0D75FADD3885FBDDF084FCDD93
:105B70003985FDDD1F85FEDD3A8540DE458F41DE3E
:105B8000468F42DE478F43DE488F44DE498F45DE35
:105B90004A8F46DE4B8F47DE4C8F48DE4D8F49DE05
:105BA0004E8F4ADE4F8F4BDE508F4CDE518F4DDED5
:105BB000528F4EDE538F4FDE548F50DE558F51DEA5
:105BC000568F52DE578F53DE588F54DE598F55DE75
:105BD0005A8F56DE5B8F57DE5C8F58DE5D8F59DE45
:105BE0005E8F5ADE5F8F5BDE608F5CDE618F5DDE15
:105BF000628F5EDE638F5FDE648F60DE658F61DEE5
:105C00006A8F62DE808F63DE8C8F64DE928F65DE4A
:105C10009D8F66DEA08F67DEA18F68DEA28F69DEB2
:105C2000A48F6ADEA58F6BDEA68F6CDEA78F6DDE7C
:105C3000AA8F6EDEAC8F6FDEAD8F70DEAE8F71DE41
:105C4000AF8F72DEB28F73DEB38F74DEB48F75DE0A
:105C5000B58F76DEB78F77DEB88F78DEBA8F79DED4
:105C6000BB8F7ADEBC8F7BDEBF8F7CDEC08F7DDE9C
:105C7000C38F7EDEC68F80DEC98F81DECA8F82DE53
:105C8000CB8F83DECC8F84DECD8F85DECF8F86DE1B
:105C9000D28F87DED68F88DED78F89DEDA8F8ADED5
:105CA000E08F8BDEE18F8CDEE38F8DDEE78F8EDE83
:105CB000EC8F8FDEEF8F90DEF18F91DEF28F92DE30
:105CC000F48F93DEF58F94DEF68F95DEFA8F96DEF5
:105CD000FB8F97DEFC8F98DEFE8F99DEFF8F9ADEBA
:105CE00007909BDE08909CDE0C909DDE0E909EDE61
:105CF00013909FDE1590A0DE1890A1DE5685A2DEDF
:105D00003B85A3DEFF84A4DEFC84A5DE5985A6DEE8
:105D10004885A7DE6885A8DE6485A9DE5E85AADEE3
:105D20007A85ABDEA277ACDE4385ADDE7285AEDE72
:105D30007B85AFDEA485B0DEA885B1DE8785B2DEC7
:105D40008F85B3DE7985B4DEAE85B5DE9C85B6DEA3
:105D50008585B7DEB985B8DEB785B9DEB085BADE30
:105D6000D385BBDEC185BCDEDC85BDDEFF85BEDE46
:105D70002786BFDE0586C0DE2986C1DE1686C2DE26
:105D80003C86C3DEFE5EC4DE085FC5DE3C59C6DE6F
:105D90004159C7DE3780C8DE5559C9DE5A59CADEB7
:105DA0005859CBDE0F53CCDE225CCDDE255CCEDE37
:105DB0002C5CCFDE345CD0DE4C62D1DE6A62D2DE97
:105DC0009F62D3DEBB62D4DECA62D5DEDA62D6DE83
:105DD000D762D7DEEE62D8DE2263D9DEF662DADE83
:105DE0003963DBDE4B63DCDE4363DDDEAD63DEDEC9
:105DF000F663DFDE7163E0DE7A63E1DE8E63E2DEAE
:105E0000B463E3DE6D63E4DEAC63E5DE8A63E6DEA5
:105E10006963E7DEAE63E8DEBC63E9DEF263EADE17
:105E2000F863EBDEE063ECDEFF63EDDEC463EEDE21
:105E3000DE63EFDECE63F0DE5264F1DEC663F2DED7
:105E4000BE63F3DE4564F4DE4164F5DE0B64F6DE2A
:105E50001B64F7DE2064F8DE0C64F9DE2664FADEEB
:105E60002164FBDE5E64FCDE8464FDDE6D64FEDEC8
:105E7000966440DF199041DF1C9042DF239043DF9E
:105E8000249044DF259045DF279046DF289047DFA8
:105E9000299048DF2A9049DF2B904ADF2C904BDF76
:105EA00030904CDF31904DDF32904EDF33904FDF3A
:105EB000349050DF379051DF399052DF3A9053DF02
:105EC0003D9054DF3F9055DF409056DF439057DFC1
:105ED000459058DF469059DF48905ADF49905BDF84
:105EE0004A905CDF4B905DDF4C905EDF4E905FDF51
:105EF000549060DF559061DF569062DF599063DF08
:105F00005A9064DF5C9065DF5D9066DF5E9067DFCE
:105F10005F9068DF609069DF61906ADF64906BDF9B
:105F200066906CDF67906DDF69906EDF6A906FDF5F
:105F30006B9070DF6C9071DF6F9072DF709073DF29
:105F4000719074DF729075DF739076DF769077DFF3
:105F5000779078DF789079DF79907ADF7A907BDFBD
:105F60007B907CDF7C907DDF7E907EDF819080DF88
:105F7000849081DF859082DF869083DF879084DF45
:105F8000899085DF8A9086DF8C9087DF8D9088DF0F
:105F90008E9089DF8F908ADF90908BDF92908CDFDC
:105FA00094908DDF96908EDF98908FDF9A9090DF9F
:105FB0009C9091DF9E9092DF9F9093DFA09094DF62
:105FC000A49095DFA59096DFA79097DFA89098DF23
:105FD000A99099DFAB909ADFAD909BDFB2909CDFE8
:105FE000B7909DDFBC909EDFBD909FDFBF90A0DF8C
:105FF000C090A1DF7A64A2DFB764A3DFB864A4DF36
:106000009964A5DFBA64A6DFC064A7DFD064A8DF07
:10601000D764A9DFE464AADFE264ABDF0965ACDF23
:106020002565ADDF2E65AEDF0B5FAFDFD25FB0DF82
:106030001975B1DF115FB2DF5F53B3DFF153B4DF26
:10604000FD53B5DFE953B6DFE853B7DFFB53B8DFE5
:106050001254B9DF1654BADF0654BBDF4B54BCDF11
:106060005254BDDF5354BEDF5454BFDF5654C0DF1B
:106070004354C1DF2154C2DF5754C3DF5954C4DF36
:106080002354C5DF3254C6DF8254C7DF9454C8DFBF
:106090007754C9DF7154CADF6454CBDF9A54CCDF24
:1060A0009B54CDDF8454CEDF7654CFDF6654D0DFEF
:1060B0009D54D1DFD054D2DFAD54D3DFC254D4DFEE
:1060C000B454D5DFD254D6DFA754D7DFA654D8DFD7
:1060D000D354D9DFD454DADF7254DBDFA354DCDFCE
:1060E000D554DDDFBB54DEDFBF54DFDFCC54E0DF4F
:1060F000D954E1DFDA54E2DFDC54E3DFA954E4DF12
:10610000AA54E5DFA454E6DFDD54E7DFCF54E8DF2F
:10611000DE54E9DF1B55EADFE754EBDF2055ECDF07
:10612000FD54EDDF1455EEDFF354EFDF2255F0DFC1
:106130002355F1DF0F55F2DF1155F3DF2755F4DF5B
:106140002A55F5DF6755F6DF8F55F7DFB555F8DFD0
:106150004955F9DF6D55FADF4155FBDF5555FCDF39
:106160003F55FDDF5055FEDF3C5540E0C29041E019
:10617000C39042E0C69043E0C89044E0C99045E037
:10618000CB9046E0CC9047E0CD9048E0D29049E0FB
:10619000D4904AE0D5904BE0D6904CE0D8904DE0BA
:1061A000D9904EE0DA904FE0DE9050E0DF9051E081
:1061B000E09052E0E39053E0E49054E0E59055E045
:1061C000E99056E0EA9057E0EC9058E0EE9059E004
:1061D000F0905AE0F1905BE0F2905CE0F3905DE0CB
:1061E000F5905EE0F6905FE0F79060E0F99061E096
:1061F000FA9062E0FB9063E0FC9064E0FF9065E061
:10620000009166E0019167E0039168E0059169E023
:1062100006916AE007916BE008916CE009916DE0EE
:106220000A916EE00B916FE00C9170E00D9171E0BE
:106230000E9172E00F9173E0109174E0119175E08E
:10624000129176E0139177E0149178E0159179E05E
:1062500016917AE017917BE018917CE01A917DE02D
:106260001B917EE01C9180E01D9181E01F9182E0F6
:10627000209183E0219184E0249185E0259186E0BE
:10628000269187E0279188E0289189E029918AE08A
:106290002A918BE02B918CE02C918DE02D918EE05A
:1062A0002E918FE0309190E0329191E0339192E025
:1062B000349193E0359194E0369195E0379196E0F2
:1062C000389197E03A9198E03B9199E03C919AE0BF
:1062D0003D919BE03E919CE03F919DE040919EE08E
:1062E00041919FE04291A0E04491A1E03755A2E0A6
:1062F0005655A3E07555A4E07655A5E07755A6E080
:106300003355A7E03055A8E05C55A9E08B55AAE0CD
:10631000D255ABE08355ACE0B155ADE0B955AEE038
:106320008855AFE08155B0E09F55B1E07E55B2E0B1
:10633000D655B3E09155B4E07B55B5E0DF55B6E0F6
:10634000BD55B7E0BE55B8E09455B9E09955BAE0EF
:10635000EA55BBE0F755BCE0C955BDE01F56BEE0AD
:10636000D155BFE0EB55C0E0EC55C1E0D455C2E0DB
:10637000E655C3E0DD55C4E0C455C5E0EF55C6E0C1
:10638000E555C7E0F255C8E0F355C9E0CC55CAE081
:10639000CD55CBE0E855CCE0F555CDE0E455CEE069
:1063A000948FCFE01E56D0E00856D1E00C56D2E0D4
:1063B0000156D3E02456D4E02356D5E0FE55D6E06E
:1063C0000056D7E02756D8E02D56D9E05856DAE0E7
:1063D0003956DBE05756DCE02C56DDE04D56DEE06A
:1063E0006256DFE05956E0E05C56E1E04C56E2E0F0
:1063F0005456E3E08656E4E06456E5E07156E6E084
:106400006B56E7E07B56E8E07C56E9E08556EAE02B
:106410009356EBE0AF56ECE0D456EDE0D756EEE005
:10642000DD56EFE0E156F0E0F556F1E0EB56F2E034
:10643000F956F3E0FF56F4E00457F5E00A57F6E0AA
:106440000957F7E01C57F8E00F5EF9E0195EFAE033
:10645000145EFBE0115EFCE0315EFDE03B5EFEE0C1
:106460003C5E40E1459141E1479142E1489143E181
:10647000519144E1539145E1549146E1559147E1F1
:10648000569148E1589149E159914AE15B914BE1BC
:106490005C914CE15F914DE160914EE166914FE17D
:1064A000679150E1689151E16B9152E16D9153E137
:1064B000739154E17A9155E17B9156E17C9157E1DA
:1064C000809158E1819159E182915AE183915BE198
:1064D00084915CE186915DE188915EE18A915FE162
:1064E0008E9160E18F9161E1939162E1949163E11A
:1064F000959164E1969165E1979166E1989167E1E4
:10650000999168E19C9169E19D916AE19E916BE1AD
:106510009F916CE1A0916DE1A1916EE1A4916FE179
:10652000A59170E1A69171E1A79172E1A89173E143
:10653000A99174E1AB9175E1AC9176E1B09177E10D
:10654000B19178E1B29179E1B3917AE1B6917BE1D1
:10655000B7917CE1B8917DE1B9917EE1BB9180E199
:10656000BC9181E1BD9182E1BE9183E1BF9184E163
:10657000C09185E1C19186E1C29187E1C39188E133
:10658000C49189E1C5918AE1C6918BE1C8918CE102
:10659000CB918DE1D0918EE1D2918FE1D39190E1B9
:1065A000D49191E1D59192E1D69193E1D79194E183
:1065B000D89195E1D99196E1DA9197E1DB9198E153
:1065C000DD9199E1DE919AE1DF919BE1E0919CE11F
:1065D000E1919DE1E2919EE1E3919FE1E491A0E1EF
:1065E000E591A1E1375EA2E1445EA3E1545EA4E13E
:1065F0005B5EA5E15E5EA6E1615EA7E18C5CA8E161
:106600007A5CA9E18D5CAAE1905CABE1965CACE1BF
:10661000885CADE1985CAEE1995CAFE1915CB0E182
:106620009A5CB1E19C5CB2E1B55CB3E1A25CB4E11F
:10663000BD5CB5E1AC5CB6E1AB5CB7E1B15CB8E1C7
:10664000A35CB9E1C15CBAE1B75CBBE1C45CBCE18D
:10665000D25CBDE1E45CBEE1CB5CBFE1E55CC0E1E6
:10666000025DC1E1035DC2E1275DC3E1265DC4E1D6
:106670002E5DC5E1245DC6E11E5DC7E1065DC8E192
:106680001B5DC9E1585DCAE13E5DCBE1345DCCE103
:106690003D5DCDE16C5DCEE15B5DCFE16F5DD0E155
:1066A0005D5DD1E16B5DD2E14B5DD3E14A5DD4E14B
:1066B000695DD5E1745DD6E1825DD7E1995DD8E190
:1066C0009D5DD9E1738CDAE1B75DDBE1C55DDCE1AD
:1066D000735FDDE1775FDEE1825FDFE1875FE0E14D
:1066E000895FE1E18C5FE2E1955FE3E1995FE4E1DD
:1066F0009C5FE5E1A85FE6E1AD5FE7E1B55FE8E15A
:10670000BC5FE9E16288EAE1615FEBE1AD72ECE177
:10671000B072EDE1B472EEE1B772EFE1B872F0E1A0
:10672000C372F1E1C172F2E1CE72F3E1CD72F4E134
:10673000D272F5E1E872F6E1EF72F7E1E972F8E1A1
:10674000F272F9E1F472FAE1F772FBE10173FCE134
:10675000F372FDE10373FEE1FA7240E2E69141E279
:10676000E79142E2E89143E2E99144E2EA9145E2AD
:10677000EB9146E2EC9147E2ED9148E2EE9149E27D
:10678000EF914AE2F0914BE2F1914CE2F2914DE24D
:10679000F3914EE2F4914FE2F59150E2F69151E21D
:1067A000F79152E2F89153E2F99154E2FA9155E2ED
:1067B000FB9156E2FC9157E2FD9158E2FE9159E2BD
:1067C000FF915AE200925BE201925CE202925DE28A
:1067D00003925EE204925FE2059260E2069261E259
:1067E000079262E2089263E2099264E20A9265E229
:1067F0000B9266E20C9267E20D9268E20E9269E2F9
:106800000F926AE210926BE211926CE212926DE2C8
:1068100013926EE214926FE2159270E2169271E298
:10682000179272E2189273E2199274E21A9275E268
:106830001B9276E21C9277E21D9278E21E9279E238
:106840001F927AE220927BE221927CE222927DE208
:1068500023927EE2249280E2259281E2269282E2D5
:10686000279283E2289284E2299285E22A9286E2A4
:106870002B9287E22C9288E22D9289E22E928AE274
:106880002F928BE230928CE231928DE232928EE244
:1068900033928FE2349290E2359291E2369292E214
:1068A000379293E2389294E2399295E23A9296E2E4
:1068B0003B9297E23C9298E23D9299E23E929AE2B4
:1068C0003F929BE240929CE241929DE242929EE284
:1068D00043929FE24492A0E24592A1E2FB72A2E2BF
:1068E0001773A3E21373A4E22173A5E20A73A6E26D
:1068F0001E73A7E21D73A8E21573A9E22273AAE230
:106900003973ABE22573ACE22C73ADE23873AEE2BF
:106910003173AFE25073B0E24D73B1E25773B2E23C
:106920006073B3E26C73B4E26F73B5E27E73B6E288
:106930001B82B7E22559B8E2E798B9E22459BAE2D6
:106940000259BBE26399BCE26799BDE26899BEE275
:106950006999BFE26A99C0E26B99C1E26C99C2E29F
:106960007499C3E27799C4E27D99C5E28099C6E241
:106970008499C7E28799C8E28A99C9E28D99CAE2E7
:106980009099CBE29199CCE29399CDE29499CEE2A1
:106990009599CFE2805ED0E2915ED1E28B5ED2E249
:1069A000965ED3E2A55ED4E2A05ED5E2B95ED6E201
:1069B000B55ED7E2BE5ED8E2B35ED9E2538DDAE2CD
:1069C000D25EDBE2D15EDCE2DB5EDDE2E85EDEE2EF
:1069D000EA5EDFE2BA81E0E2C45FE1E2C95FE2E2DF
:1069E000D65FE3E2CF5FE4E20360E5E2EE5FE6E27A
:1069F0000460E7E2E15FE8E2E45FE9E2FE5FEAE229
:106A00000560EBE20660ECE2EA5FEDE2ED5FEEE2EC
:106A1000F85FEFE21960F0E23560F1E22660F2E241
:106A20001B60F3E20F60F4E20D60F5E22960F6E22C
:106A30002B60F7E20A60F8E23F60F9E22160FAE2D7
:106A40007860FBE27960FCE27B60FDE27A60FEE266
:106A5000426040E3469241E3479242E3489243E377
:106A6000499244E34A9245E34B9246E34C9247E312
:106A70004D9248E34E9249E34F924AE350924BE3E2
:106A800051924CE352924DE353924EE354924FE3B2
:106A9000559250E3569251E3579252E3589253E382
:106AA000599254E35A9255E35B9256E35C9257E352
:106AB0005D9258E35E9259E35F925AE360925BE322
:106AC00061925CE362925DE363925EE364925FE3F2
:106AD000659260E3669261E3679262E3689263E3C2
:106AE000699264E36A9265E36B9266E36C9267E392
:106AF0006D9268E36E9269E36F926AE370926BE362
:106B000071926CE372926DE373926EE375926FE330
:106B1000769270E3779271E3789272E3799273E3FD
:106B20007A9274E37B9275E37C9276E37D9277E3CD
:106B30007E9278E37F9279E380927AE381927BE39D
:106B400082927CE383927DE384927EE3859280E36C
:106B5000869281E3879282E3889283E3899284E339
:106B60008A9285E38B9286E38C9287E38D9288E309
:106B70008F9289E390928AE391928BE392928CE3D5
:106B800093928DE394928EE395928FE3969290E3A5
:106B9000979291E3989292E3999293E39A9294E375
:106BA0009B9295E39C9296E39D9297E39E9298E345
:106BB0009F9299E3A0929AE3A1929BE3A2929CE315
:106BC000A3929DE3A4929EE3A5929FE3A692A0E3E5
:106BD000A792A1E36A60A2E37D60A3E39660A4E3C9
:106BE0009A60A5E3AD60A6E39D60A7E38360A8E398
:106BF0009260A9E38C60AAE39B60ABE3EC60ACE33A
:106C0000BB60ADE3B160AEE3DD60AFE3D860B0E39D
:106C1000C660B1E3DA60B2E3B460B3E32061B4E329
:106C20002661B5E31561B6E32361B7E3F460B8E329
:106C30000061B9E30E61BAE32B61BBE34A61BCE3D7
:106C40007561BDE3AC61BEE39461BFE3A761C0E3DE
:106C5000B761C1E3D461C2E3F561C3E3DD5FC4E3BF
:106C6000B396C5E3E995C6E3EB95C7E3F195C8E3B1
:106C7000F395C9E3F595CAE3F695CBE3FC95CCE330
:106C8000FE95CDE30396CEE30496CFE30696D0E3DC
:106C90000896D1E30A96D2E30B96D3E30C96D4E39D
:106CA0000D96D5E30F96D6E31296D7E31596D8E363
:106CB0001696D9E31796DAE31996DBE31A96DCE326
:106CC0002C4EDDE33F72DEE31562DFE3356CE0E37B
:106CD000546CE1E35C6CE2E34A6CE3E3A36CE4E351
:106CE000856CE5E3906CE6E3946CE7E38C6CE8E399
:106CF000686CE9E3696CEAE3746CEBE3766CECE3F3
:106D0000866CEDE3A96CEEE3D06CEFE3D46CF0E3BA
:106D1000AD6CF1E3F76CF2E3F86CF3E3F16CF4E3E0
:106D2000D76CF5E3B26CF6E3E06CF7E3D66CF8E30E
:106D3000FA6CF9E3EB6CFAE3EE6CFBE3B16CFCE3A9
:106D4000D36CFDE3EF6CFEE3FE6C40E4A89241E4FB
:106D5000A99242E4AA9243E4AB9244E4AC9245E4A3
:106D6000AD9246E4AF9247E4B09248E4B19249E470
:106D7000B2924AE4B3924BE4B4924CE4B5924DE43F
:106D8000B6924EE4B7924FE4B89250E4B99251E40F
:106D9000BA9252E4BB9253E4BC9254E4BD9255E4DF
:106DA000BE9256E4BF9257E4C09258E4C19259E4AF
:106DB000C2925AE4C3925BE4C4925CE4C5925DE47F
:106DC000C6925EE4C7925FE4C99260E4CA9261E44D
:106DD000CB9262E4CC9263E4CD9264E4CE9265E41B
:106DE000CF9266E4D09267E4D19268E4D29269E4EB
:106DF000D3926AE4D4926BE4D5926CE4D6926DE4BB
:106E0000D7926EE4D8926FE4D99270E4DA9271E48A
:106E1000DB9272E4DC9273E4DD9274E4DE9275E45A
:106E2000DF9276E4E09277E4E19278E4E29279E42A
:106E3000E3927AE4E4927BE4E5927CE4E6927DE4FA
:106E4000E7927EE4E89280E4E99281E4EA9282E4C7
:106E5000EB9283E4EC9284E4ED9285E4EE9286E496
:106E6000EF9287E4F09288E4F19289E4F2928AE466
:106E7000F3928BE4F4928CE4F5928DE4F6928EE436
:106E8000F7928FE4F89290E4F99291E4FA9292E406
:106E9000FB9293E4FC9294E4FD9295E4FE9296E4D6
:106EA000FF9297E4009398E4019399E402939AE4A3
:106EB00003939BE404939CE405939DE406939EE472
:106EC00007939FE40893A0E40993A1E4396DA2E439
:106ED000276DA3E40C6DA4E4436DA5E4486DA6E41E
:106EE000076DA7E4046DA8E4196DA9E40E6DAAE48A
:106EF0002B6DABE44D6DACE42E6DADE4356DAEE4C1
:106F00001A6DAFE44F6DB0E4526DB1E4546DB2E46C
:106F1000336DB3E4916DB4E46F6DB5E49E6DB6E48A
:106F2000A06DB7E45E6DB8E4936DB9E4946DBAE416
:106F30005C6DBBE4606DBCE47C6DBDE4636DBEE480
:106F40001A6EBFE4C76DC0E4C56DC1E4DE6DC2E476
:106F50000E6EC3E4BF6DC4E4E06DC5E4116EC6E41B
:106F6000E66DC7E4DD6DC8E4D96DC9E4166ECAE408
:106F7000AB6DCBE40C6ECCE4AE6DCDE42B6ECEE409
:106F80006E6ECFE44E6ED0E46B6ED1E4B26ED2E49E
:106F90005F6ED3E4866ED4E4536ED5E4546ED6E4CB
:106FA000326ED7E4256ED8E4446ED9E4DF6EDAE4BD
:106FB000B16EDBE4986EDCE4E06EDDE42D6FDEE4C0
:106FC000E26EDFE4A56EE0E4A76EE1E4BD6EE2E40C
:106FD000BB6EE3E4B76EE4E4D76EE5E4B46EE6E4DA
:106FE000CF6EE7E48F6EE8E4C26EE9E49F6EEAE4F8
:106FF000626FEBE4466FECE4476FEDE4246FEEE480
:10700000156FEFE4F96EF0E42F6FF1E4366FF2E400
:107010004B6FF3E4746FF4E42A6FF5E4096FF6E460
:10702000296FF7E4896FF8E48D6FF9E48C6FFAE467
:10703000786FFBE4726FFCE47C6FFDE47A6FFEE432
:10704000D16F40E50A9341E50B9342E50C9343E58C
:107050000D9344E50E9345E50F9346E5109347E500
:10706000119348E5129349E513934AE514934BE5D0
:1070700015934CE516934DE517934EE518934FE5A0
:10708000199350E51A9351E51B9352E51C9353E570
:107090001D9354E51E9355E51F9356E5209357E540
:1070A000219358E5229359E523935AE524935BE510
:1070B00025935CE526935DE527935EE528935FE5E0
:1070C000299360E52A9361E52B9362E52C9363E5B0
:1070D0002D9364E52E9365E52F9366E5309367E580
:1070E000319368E5329369E533936AE534936BE550
:1070F00035936CE536936DE537936EE538936FE520
:10710000399370E53A9371E53B9372E53C9373E5EF
:107110003D9374E53F9375E5409376E5419377E5BC
:10712000429378E5439379E544937AE545937BE58B
:1071300046937CE547937DE548937EE5499380E55A
:107140004A9381E54B9382E54C9383E54D9384E527
:107150004E9385E54F9386E5509387E5519388E5F7
:10716000529389E553938AE554938BE555938CE5C7
:1071700056938DE557938EE558938FE5599390E597
:107180005A9391E55B9392E55C9393E55D9394E567
:107190005E9395E55F9396E5609397E5619398E537
:1071A000629399E563939AE564939BE565939CE507
:1071B00066939DE567939EE568939FE56993A0E5D7
:1071C0006B93A1E5C96FA2E5A76FA3E5B96FA4E52D
:1071D000B66FA5E5C26FA6E5E16FA7E5EE6FA8E57E
:1071E000DE6FA9E5E06FAAE5EF6FABE51A70ACE5DD
:1071F0002370ADE51B70AEE53970AFE53570B0E5D5
:107200004F70B1E55E70B2E5805BB3E5845BB4E5D9
:10721000955BB5E5935BB6E5A55BB7E5B85BB8E50F
:107220002F75B9E59E9ABAE53464BBE5E45BBCE52D
:10723000EE5BBDE53089BEE5F05BBFE5478EC0E59E
:10724000078BC1E5B68FC2E5D38FC3E5D58FC4E503
:10725000E58FC5E5EE8FC6E5E48FC7E5E98FC8E5A4
:10726000E68FC9E5F38FCAE5E88FCBE50590CCE55D
:107270000490CDE50B90CEE52690CFE51190D0E5BA
:107280000D90D1E51690D2E52190D3E53590D4E567
:107290003690D5E52D90D6E52F90D7E54490D8E5EA
:1072A0005190D9E55290DAE55090DBE56890DCE545
:1072B0005890DDE56290DEE55B90DFE5B966E0E5DC
:1072C0007490E1E57D90E2E58290E3E58890E4E565
:1072D0008390E5E58B90E6E5505FE7E5575FE8E5ED
:1072E000565FE9E5585FEAE53B5CEBE5AB54ECE55E
:1072F000505CEDE5595CEEE5715BEFE5635CF0E554
:10730000665CF1E5BC7FF2E52A5FF3E5295FF4E511
:107310002D5FF5E57482F6E53C5FF7E53B9BF8E50C
:107320006E5CF9E58159FAE58359FBE58D59FCE579
:10733000A959FDE5AA59FEE5A35940E66C9341E63B
:107340006D9342E66E9343E66F9344E6709345E691
:10735000719346E6729347E6739348E6749349E661
:1073600075934AE676934BE677934CE678934DE631
:1073700079934EE67A934FE67B9350E67C9351E601
:107380007D9352E67E9353E67F9354E6809355E6D1
:10739000819356E6829357E6839358E6849359E6A1
:1073A00085935AE686935BE687935CE688935DE671
:1073B00089935EE68A935FE68B9360E68C9361E641
:1073C0008D9362E68E9363E6909364E6919365E60F
:1073D000929366E6939367E6949368E6959369E6DD
:1073E00096936AE697936BE698936CE699936DE6AD
:1073F0009A936EE69B936FE69C9370E69D9371E67D
:107400009E9372E69F9373E6A09374E6A19375E64C
:10741000A29376E6A39377E6A49378E6A59379E61C
:10742000A6937AE6A7937BE6A8937CE6A9937DE6EC
:10743000AA937EE6AB9380E6AC9381E6AD9382E6B9
:10744000AE9383E6AF9384E6B09385E6B19386E688
:10745000B29387E6B39388E6B49389E6B5938AE658
:10746000B6938BE6B7938CE6B8938DE6B9938EE628
:10747000BA938FE6BB9390E6BC9391E6BD9392E6F8
:10748000BE9393E6BF9394E6C09395E6C19396E6C8
:10749000C29397E6C39398E6C49399E6C5939AE698
:1074A000C6939BE6C7939CE6C8939DE6C9939EE668
:1074B000CB939FE6CC93A0E6CD93A1E69759A2E6A5
:1074C000CA59A3E6AB59A4E69E59A5E6A459A6E677
:1074D000D259A7E6B259A8E6AF59A9E6D759AAE604
:1074E000BE59ABE6055AACE6065AADE6DD59AEE646
:1074F000085AAFE6E359B0E6D859B1E6F959B2E611
:107500000C5AB3E6095AB4E6325AB5E6345AB6E62E
:10751000115AB7E6235AB8E6135AB9E6405ABAE602
:10752000675ABBE64A5ABCE6555ABDE63C5ABEE627
:10753000625ABFE6755AC0E6EC80C1E6AA5AC2E6B6
:107540009B5AC3E6775AC4E67A5AC5E6BE5AC6E6DF
:10755000EB5AC7E6B25AC8E6D25AC9E6D45ACAE6C6
:10756000B85ACBE6E05ACCE6E35ACDE6F15ACEE67D
:10757000D65ACFE6E65AD0E6D85AD1E6DC5AD2E659
:10758000095BD3E6175BD4E6165BD5E6325BD6E63D
:10759000375BD7E6405BD8E6155CD9E61C5CDAE6DB
:1075A0005A5BDBE6655BDCE6735BDDE6515BDEE6E2
:1075B000535BDFE6625BE0E6759AE1E6779AE2E626
:1075C000789AE3E67A9AE4E67F9AE5E67D9AE6E63B
:1075D000809AE7E6819AE8E6859AE9E6889AEAE6FB
:1075E0008A9AEBE6909AECE6929AEDE6939AEEE6AA
:1075F000969AEFE6989AF0E69B9AF1E69C9AF2E664
:107600009D9AF3E69F9AF4E6A09AF5E6A29AF6E62A
:10761000A39AF7E6A59AF8E6A79AF9E69F7EFAE616
:10762000A17EFBE6A37EFCE6A57EFDE6A87EFEE647
:10763000A97E40E7CE9341E7CF9342E7D09343E75B
:10764000D19344E7D29345E7D39346E7D49347E7F2
:10765000D59348E7D79349E7D8934AE7D9934BE7BF
:10766000DA934CE7DB934DE7DC934EE7DD934FE78E
:10767000DE9350E7DF9351E7E09352E7E19353E75E
:10768000E29354E7E39355E7E49356E7E59357E72E
:10769000E69358E7E79359E7E8935AE7E9935BE7FE
:1076A000EA935CE7EB935DE7EC935EE7ED935FE7CE
:1076B000EE9360E7EF9361E7F09362E7F19363E79E
:1076C000F29364E7F39365E7F49366E7F59367E76E
:1076D000F69368E7F79369E7F8936AE7F9936BE73E
:1076E000FA936CE7FB936DE7FC936EE7FD936FE70E
:1076F000FE9370E7FF9371E7009472E7019473E7DC
:10770000029474E7039475E7049476E7059477E7A9
:10771000069478E7079479E708947AE709947BE779
:107720000A947CE70B947DE70C947EE70D9480E748
:107730000E9481E70F9482E7109483E7119484E715
:10774000129485E7139486E7149487E7159488E7E5
:10775000169489E717948AE718948BE719948CE7B5
:107760001A948DE71B948EE71C948FE71D9490E785
:107770001E9491E71F9492E7209493E7219494E755
:10778000229495E7239496E7249497E7259498E725
:10779000269499E727949AE728949BE729949CE7F5
:1077A0002A949DE72B949EE72C949FE72D94A0E7C5
:1077B0002E94A1E7AD7EA2E7B07EA3E7BE7EA4E74C
:1077C000C07EA5E7C17EA6E7C27EA7E7C97EA8E77F
:1077D000CB7EA9E7CC7EAAE7D07EABE7D47EACE730
:1077E000D77EADE7DB7EAEE7E07EAFE7E17EB0E7D8
:1077F000E87EB1E7EB7EB2E7EE7EB3E7EF7EB4E77B
:10780000F17EB5E7F27EB6E70D7FB7E7F67EB8E723
:10781000FA7EB9E7FB7EBAE7FE7EBBE7017FBCE7F5
:10782000027FBDE7037FBEE7077FBFE7087FC0E7B2
:107830000B7FC1E70C7FC2E70F7FC3E7117FC4E76F
:10784000127FC5E7177FC6E7197FC7E71C7FC8E728
:107850001B7FC9E71F7FCAE7217FCBE7227FCCE7E9
:10786000237FCDE7247FCEE7257FCFE7267FD0E7B4
:10787000277FD1E72A7FD2E72B7FD3E72C7FD4E77E
:107880002D7FD5E72F7FD6E7307FD7E7317FD8E749
:10789000327FD9E7337FDAE7357FDBE77A5EDCE7F3
:1078A0007F75DDE7DB5DDEE73E75DFE79590E0E7BE
:1078B0008E73E1E79173E2E7AE73E3E7A273E4E767
:1078C0009F73E5E7CF73E6E7C273E7E7D173E8E7B5
:1078D000B773E9E7B373EAE7C073EBE7C973ECE7A3
:1078E000C873EDE7E573EEE7D973EFE77C98F0E74F
:1078F0000A74F1E7E973F2E7E773F3E7DE73F4E79D
:10790000BA73F5E7F273F6E70F74F7E72A74F8E74E
:107910005B74F9E72674FAE72574FBE72874FCE743
:107920003074FDE72E74FEE72C7440E82F9441E894
:10793000309442E8319443E8329444E8339445E883
:10794000349446E8359447E8369448E8379449E853
:1079500038944AE839944BE83A944CE83B944DE823
:107960003C944EE83D944FE83F9450E8409451E8F1
:10797000419452E8429453E8439454E8449455E8BF
:10798000459456E8469457E8479458E8489459E88F
:1079900049945AE84A945BE84B945CE84C945DE85F
:1079A0004D945EE84E945FE84F9460E8509461E82F
:1079B000519462E8529463E8539464E8549465E8FF
:1079C000559466E8569467E8579468E8589469E8CF
:1079D00059946AE85A946BE85B946CE85C946DE89F
:1079E0005D946EE85E946FE85F9470E8609471E86F
:1079F000619472E8629473E8639474E8649475E83F
:107A0000659476E8669477E8679478E8689479E80E
:107A100069947AE86A947BE86C947CE86D947DE8DC
:107A20006E947EE86F9480E8709481E8719482E8A7
:107A3000729483E8739484E8749485E8759486E876
:107A4000769487E8779488E8789489E879948AE846
:107A50007A948BE87B948CE87C948DE87D948EE816
:107A60007E948FE87F9490E8809491E8819492E8E6
:107A7000829493E8839494E8849495E8919496E8AA
:107A8000969497E8989498E8C79499E8CF949AE8E0
:107A9000D3949BE8D4949CE8DA949DE8E6949EE81D
:107AA000FB949FE81C95A0E82095A1E81B74A2E830
:107AB0001A74A3E84174A4E85C74A5E85774A6E8B6
:107AC0005574A7E85974A8E87774A9E86D74AAE812
:107AD0007E74ABE89C74ACE88E74ADE88074AEE85C
:107AE0008174AFE88774B0E88B74B1E89E74B2E833
:107AF000A874B3E8A974B4E89074B5E8A774B6E8BC
:107B0000D274B7E8BA74B8E8EA97B9E8EB97BAE87C
:107B1000EC97BBE84C67BCE85367BDE85E67BEE81E
:107B20004867BFE86967C0E8A567C1E88767C2E83A
:107B30006A67C3E87367C4E89867C5E8A767C6E8DB
:107B40007567C7E8A867C8E89E67C9E8AD67CAE86F
:107B50008B67CBE87767CCE87C67CDE8F067CEE849
:107B60000968CFE8D867D0E80A68D1E8E967D2E8C1
:107B7000B067D3E80C68D4E8D967D5E8B567D6E82C
:107B8000DA67D7E8B367D8E8DD67D9E80068DAE8EC
:107B9000C367DBE8B867DCE8E267DDE80E68DEE8CB
:107BA000C167DFE8FD67E0E83268E1E83368E2E8F2
:107BB0006068E3E86168E4E84E68E5E86268E6E882
:107BC0004468E7E86468E8E88368E9E81D68EAE88B
:107BD0005568EBE86668ECE84168EDE86768EEE850
:107BE0004068EFE83E68F0E84A68F1E84968F2E882
:107BF0002968F3E8B568F4E88F68F5E87468F6E892
:107C00007768F7E89368F8E86B68F9E8C268FAE81B
:107C10006E69FBE8FC68FCE81F69FDE82069FEE886
:107C2000F96840E9279541E9339542E93D9543E9F3
:107C3000439544E9489545E94B9546E9559547E90B
:107C40005A9548E9609549E96E954AE974954BE97A
:107C500075954CE977954DE978954EE979954FE919
:107C60007A9550E97B9551E97C9552E97D9553E9E8
:107C70007E9554E9809555E9819556E9829557E9B5
:107C8000839558E9849559E985955AE986955BE984
:107C900087955CE988955DE989955EE98A955FE954
:107CA0008B9560E98C9561E98D9562E98E9563E924
:107CB0008F9564E9909565E9919566E9929567E9F4
:107CC000939568E9949569E995956AE996956BE9C4
:107CD00097956CE998956DE999956EE99A956FE994
:107CE0009B9570E99C9571E99D9572E99E9573E964
:107CF0009F9574E9A09575E9A19576E9A29577E934
:107D0000A39578E9A49579E9A5957AE9A6957BE903
:107D1000A7957CE9A8957DE9A9957EE9AA9580E9D2
:107D2000AB9581E9AC9582E9AD9583E9AE9584E99F
:107D3000AF9585E9B09586E9B19587E9B29588E96F
:107D4000B39589E9B4958AE9B5958BE9B6958CE93F
:107D5000B7958DE9B8958EE9B9958FE9BA9590E90F
:107D6000BB9591E9BC9592E9BD9593E9BE9594E9DF
:107D7000BF9595E9C09596E9C19597E9C29598E9AF
:107D8000C39599E9C4959AE9C5959BE9C6959CE97F
:107D9000C7959DE9C8959EE9C9959FE9CA95A0E94F
:107DA000CB95A1E92469A2E9F068A3E90B69A4E9EC
:107DB0000169A5E95769A6E9E368A7E91069A8E997
:107DC0007169A9E93969AAE96069ABE94269ACE975
:107DD0005D69ADE98469AEE96B69AFE98069B0E9D5
:107DE0009869B1E97869B2E93469B3E9CC69B4E971
:107DF0008769B5E98869B6E9CE69B7E98969B8E9FB
:107E00006669B9E96369BAE97969BBE99B69BCE963
:107E1000A769BDE9BB69BEE9AB69BFE9AD69C0E966
:107E2000D469C1E9B169C2E9C169C3E9CA69C4E9F0
:107E3000DF69C5E99569C6E9E069C7E98D69C8E9FF
:107E4000FF69C9E92F6ACAE9ED69CBE9176ACCE98C
:107E5000186ACDE9656ACEE9F269CFE9446AD0E9EA
:107E60003E6AD1E9A06AD2E9506AD3E95B6AD4E9F3
:107E7000356AD5E98E6AD6E9796AD7E93D6AD8E9E3
:107E8000286AD9E9586ADAE97C6ADBE9916ADCE9AF
:107E9000906ADDE9A96ADEE9976ADFE9AB6AE0E9A1
:107EA0003773E1E95273E2E9816BE3E9826BE4E95C
:107EB000876BE5E9846BE6E9926BE7E9936BE8E9A8
:107EC0008D6BE9E99A6BEAE99B6BEBE9A16BECE955
:107ED000AA6BEDE96B8FEEE96D8FEFE9718FF0E939
:107EE000728FF1E9738FF2E9758FF3E9768FF4E918
:107EF000788FF5E9778FF6E9798FF7E97A8FF8E9E6
:107F00007C8FF9E97E8FFAE9818FFBE9828FFCE9AA
:107F1000848FFDE9878FFEE98B8F40EACC9541EA9B
:107F2000CD9542EACE9543EACF9544EAD09545EA0D
:107F3000D19546EAD29547EAD39548EAD49549EADD
:107F4000D5954AEAD6954BEAD7954CEAD8954DEAAD
:107F5000D9954EEADA954FEADB9550EADC9551EA7D
:107F6000DD9552EADE9553EADF9554EAE09555EA4D
:107F7000E19556EAE29557EAE39558EAE49559EA1D
:107F8000E5955AEAE6955BEAE7955CEAEC955DEAE9
:107F9000FF955EEA07965FEA139660EA189661EA33
:107FA0001B9662EA1E9663EA209664EA239665EAC7
:107FB000249666EA259667EA269668EA279669EA8D
:107FC00028966AEA29966BEA2B966CEA2C966DEA5B
:107FD0002D966EEA2F966FEA309670EA379671EA20
:107FE000389672EA399673EA3A9674EA3E9675EADA
:107FF000419676EA439677EA4A9678EA4E9679EA87
:108000004F967AEA51967BEA52967CEA53967DEA3D
:1080100056967EEA579680EA589681EA599682EA01
:108020005A9683EA5C9684EA5D9685EA5E9686EACD
:10803000609687EA639688EA659689EA66968AEA90
:108040006B968BEA6D968CEA6E968DEA6F968EEA49
:1080500070968FEA719690EA739691EA789692EA12
:10806000799693EA7A9694EA7B9695EA7C9696EAD4
:108070007D9697EA7E9698EA7F9699EA80969AEAA4
:1080800081969BEA82969CEA83969DEA84969EEA74
:1080900087969FEA8996A0EA8A96A1EA8D8FA2EA3E
:1080A0008E8FA3EA8F8FA4EA988FA5EA9A8FA6EA0B
:1080B000CE8EA7EA0B62A8EA1762A9EA1B62AAEAB7
:1080C0001F62ABEA2262ACEA2162ADEA2562AEEA47
:1080D0002462AFEA2C62B0EAE781B1EAEF74B2EA57
:1080E000F474B3EAFF74B4EA0F75B5EA1175B6EA31
:1080F0001375B7EA3465B8EAEE65B9EAEF65BAEA2E
:10810000F065BBEA0A66BCEA1966BDEA7267BEEAB8
:108110000366BFEA1566C0EA0066C1EA8570C2EA76
:10812000F766C3EA1D66C4EA3466C5EA3166C6EA84
:108130003666C7EA3566C8EA0680C9EA5F66CAEAF3
:108140005466CBEA4166CCEA4F66CDEA5666CEEA83
:108150006166CFEA5766D0EA7766D1EA8466D2EAEA
:108160008C66D3EAA766D4EA9D66D5EABE66D6EAEF
:10817000DB66D7EADC66D8EAE666D9EAE966DAEAD7
:10818000328DDBEA338DDCEA368DDDEA3B8DDEEACB
:108190003D8DDFEA408DE0EA458DE1EA468DE2EA79
:1081A000488DE3EA498DE4EA478DE5EA4D8DE6EA3C
:1081B000558DE7EA598DE8EAC789E9EACA89EAEA0A
:1081C000CB89EBEACC89ECEACE89EDEACF89EEEAFD
:1081D000D089EFEAD189F0EA6E72F1EA9F72F2EA91
:1081E0005D72F3EA6672F4EA6F72F5EA7E72F6EA9D
:1081F0007F72F7EA8472F8EA8B72F9EA8D72FAEA12
:108200008F72FBEA9272FCEA0863FDEA3263FEEACF
:10821000B06340EB8C9641EB8E9642EB919643EB2C
:10822000929644EB939645EB959646EB969647EBE4
:108230009A9648EB9B9649EB9D964AEB9E964BEBA4
:108240009F964CEBA0964DEBA1964EEBA2964FEB72
:10825000A39650EBA49651EBA59652EBA69653EB42
:10826000A89654EBA99655EBAA9656EBAB9657EB0E
:10827000AC9658EBAD9659EBAE965AEBAF965BEBDE
:10828000B1965CEBB2965DEBB4965EEBB5965FEBA8
:10829000B79660EBB89661EBBA9662EBBB9663EB70
:1082A000BF9664EBC29665EBC39666EBC89667EB28
:1082B000CA9668EBCB9669EBD0966AEBD1966BEBDE
:1082C000D3966CEBD4966DEBD6966EEBD7966FEBA0
:1082D000D89670EBD99671EBDA9672EBDB9673EB6E
:1082E000DC9674EBDD9675EBDE9676EBDF9677EB3E
:1082F000E19678EBE29679EBE3967AEBE4967BEB0A
:10830000E5967CEBE6967DEBE7967EEBEB9680EBD5
:10831000EC9681EBED9682EBEE9683EBF09684EB98
:10832000F19685EBF29686EBF49687EBF59688EB63
:10833000F89689EBFA968AEBFB968BEBFC968CEB26
:10834000FD968DEBFF968EEB02978FEB039790EBEC
:10835000059791EB0A9792EB0B9793EB0C9794EBA5
:10836000109795EB119796EB129797EB149798EB64
:10837000159799EB17979AEB18979BEB19979CEB2E
:108380001A979DEB1B979EEB1D979FEB1F97A0EBFA
:108390002097A1EB3F64A2EBD864A3EB0480A4EB8D
:1083A000EA6BA5EBF36BA6EBFD6BA7EBF56BA8EB0C
:1083B000F96BA9EB056CAAEB076CABEB066CACEBAD
:1083C0000D6CADEB156CAEEB186CAFEB196CB0EB44
:1083D0001A6CB1EB216CB2EB296CB3EB246CB4EBEF
:1083E0002A6CB5EB326CB6EB3565B7EB5565B8EB7F
:1083F0006B65B9EB4D72BAEB5272BBEB5672BCEBCC
:108400003072BDEB6286BEEB1652BFEB9F80C0EBB5
:108410009C80C1EB9380C2EBBC80C3EB0A67C4EBCA
:10842000BD80C5EBB180C6EBAB80C7EBAD80C8EBC0
:10843000B480C9EBB780CAEBE780CBEBE880CCEB2C
:10844000E980CDEBEA80CEEBDB80CFEBC280D0EBD6
:10845000C480D1EBD980D2EBCD80D3EBD780D4EBE5
:108460001067D5EBDD80D6EBEB80D7EBF180D8EB56
:10847000F480D9EBED80DAEB0D81DBEB0E81DCEBE8
:10848000F280DDEBFC80DEEB1567DFEB1281E0EBC9
:108490005A8CE1EB3681E2EB1E81E3EB2C81E4EBBD
:1084A0001881E5EB3281E6EB4881E7EB4C81E8EBA4
:1084B0005381E9EB7481EAEB5981EBEB5A81ECEBE8
:1084C0007181EDEB6081EEEB6981EFEB7C81F0EB8C
:1084D0007D81F1EB6D81F2EB6781F3EB4D58F4EBAD
:1084E000B55AF5EB8881F6EB8281F7EB9181F8EBD9
:1084F000D56EF9EBA381FAEBAA81FBEBCC81FCEB07
:108500002667FDEBCA81FEEBBB8140EC219741EC75
:10851000229742EC239743EC249744EC259745ECB3
:10852000269746EC279747EC289748EC299749EC83
:108530002B974AEC2C974BEC2E974CEC2F974DEC4D
:1085400031974EEC33974FEC349750EC359751EC14
:10855000369752EC379753EC3A9754EC3B9755ECDF
:108560003C9756EC3D9757EC3F9758EC409759ECA9
:1085700041975AEC42975BEC43975CEC44975DEC77
:1085800045975EEC46975FEC479760EC489761EC47
:10859000499762EC4A9763EC4B9764EC4C9765EC17
:1085A0004D9766EC4E9767EC4F9768EC509769ECE7
:1085B00051976AEC54976BEC55976CEC57976DECB0
:1085C00058976EEC5A976FEC5C9770EC5D9771EC76
:1085D0005F9772EC639773EC649774EC669775EC35
:1085E000679776EC689777EC6A9778EC6B9779ECFD
:1085F0006C977AEC6D977BEC6E977CEC6F977DECCB
:1086000070977EEC719780EC729781EC759782EC95
:10861000779783EC789784EC799785EC7A9786EC5A
:108620007B9787EC7D9788EC7E9789EC7F978AEC27
:1086300080978BEC81978CEC82978DEC83978EECF6
:1086400084978FEC869790EC879791EC889792ECC3
:10865000899793EC8A9794EC8C9795EC8E9796EC8F
:108660008F9797EC909798EC939799EC95979AEC55
:1086700096979BEC97979CEC99979DEC9A979EEC1C
:108680009B979FEC9C97A0EC9D97A1ECC181A2ECDD
:10869000A681A3EC246BA4EC376BA5EC396BA6EC9C
:1086A000436BA7EC466BA8EC596BA9ECD198AAECEC
:1086B000D298ABECD398ACECD598ADECD998AEECA5
:1086C000DA98AFECB36BB0EC405FB1ECC26BB2ECDC
:1086D000F389B3EC9065B4EC519FB5EC9365B6ECBF
:1086E000BC65B7ECC665B8ECC465B9ECC365BAEC5B
:1086F000CC65BBECCE65BCECD265BDECD665BEEC02
:108700008070BFEC9C70C0EC9670C1EC9D70C2ECA8
:10871000BB70C3ECC070C4ECB770C5ECAB70C6ECFA
:10872000B170C7ECE870C8ECCA70C9EC1071CAEC43
:108730001371CBEC1671CCEC2F71CDEC3171CEEC0A
:108740007371CFEC5C71D0EC6871D1EC4571D2ECF7
:108750007271D3EC4A71D4EC7871D5EC7A71D6ECA5
:108760009871D7ECB371D8ECB571D9ECA871DAEC8B
:10877000A071DBECE071DCECD471DDECE771DEECD8
:10878000F971DFEC1D72E0EC2872E1EC6C70E2EC48
:108790001871E3EC6671E4ECB971E5EC3E62E6EC6D
:1087A0003D62E7EC4362E8EC4862E9EC4962EAECDE
:1087B0003B79EBEC4079ECEC4679EDEC4979EEEC69
:1087C0005B79EFEC5C79F0EC5379F1EC5A79F2ECEF
:1087D0006279F3EC5779F4EC6079F5EC6F79F6ECAB
:1087E0006779F7EC7A79F8EC8579F9EC8A79FAEC23
:1087F0009A79FBECA779FCECB379FDECD15FFEEC48
:10880000D05F40ED9E9741ED9F9742EDA19743EDDC
:10881000A29744EDA49745EDA59746EDA69747EDA1
:10882000A79748EDA89749EDA9974AEDAA974BED70
:10883000AC974CEDAE974DEDB0974EEDB1974FED37
:10884000B39750EDB59751EDB69752EDB79753EDFD
:10885000B89754EDB99755EDBA9756EDBB9757EDCC
:10886000BC9758EDBD9759EDBE975AEDBF975BED9C
:10887000C0975CEDC1975DEDC2975EEDC3975FED6C
:10888000C49760EDC59761EDC69762EDC79763ED3C
:10889000C89764EDC99765EDCA9766EDCB9767ED0C
:1088A000CC9768EDCD9769EDCE976AEDCF976BEDDC
:1088B000D0976CEDD1976DEDD2976EEDD3976FEDAC
:1088C000D49770EDD59771EDD69772EDD79773ED7C
:1088D000D89774EDD99775EDDA9776EDDB9777ED4C
:1088E000DC9778EDDD9779EDDE977AEDDF977BED1C
:1088F000E0977CEDE1977DEDE2977EEDE39780EDEB
:10890000E49781EDE59782EDE89783EDEE9784EDAE
:10891000EF9785EDF09786EDF19787EDF29788ED6B
:10892000F49789EDF7978AEDF8978BEDF9978CED31
:10893000FA978DEDFB978EEDFC978FEDFD9790EDFF
:10894000FE9791EDFF9792ED009893ED019894EDCD
:10895000029895ED039896ED049897ED059898ED9B
:10896000069899ED07989AED08989BED09989CED6B
:108970000A989DED0B989EED0C989FED0D98A0ED3B
:108980000E98A1ED3C60A2ED5D60A3ED5A60A4EDF0
:108990006760A5ED4160A6ED5960A7ED6360A8EDA5
:1089A000AB60A9ED0661AAED0D61ABED5D61ACEDCB
:1089B000A961ADED9D61AEEDCB61AFEDD161B0EDE3
:1089C0000662B1ED8080B2ED7F80B3ED936CB4EDC3
:1089D000F66CB5EDFC6DB6EDF677B7EDF877B8ED62
:1089E0000078B9ED0978BAED1778BBED1878BCEDD1
:1089F0001178BDEDAB65BEED2D78BFED1C78C0EDF7
:108A00001D78C1ED3978C2ED3A78C3ED3B78C4EDFD
:108A10001F78C5ED3C78C6ED2578C7ED2C78C8EDFC
:108A20002378C9ED2978CAED4E78CBED6D78CCED81
:108A30005678CDED5778CEED2678CFED5078D0ED45
:108A40004778D1ED4C78D2ED6A78D3ED9B78D4EDB0
:108A50009378D5ED9A78D6ED8778D7ED9C78D8EDD8
:108A6000A178D9EDA378DAEDB278DBEDB978DCED59
:108A7000A578DDEDD478DEEDD978DFEDC978E0EDCD
:108A8000EC78E1EDF278E2ED0579E3EDF478E4EDF0
:108A90001379E5ED2479E6ED1E79E7ED3479E8ED1B
:108AA0009B9FE9EDF99EEAEDFB9EEBEDFC9EECED64
:108AB000F176EDED0477EEED0D77EFEDF976F0ED73
:108AC0000777F1ED0877F2ED1A77F3ED2277F4ED01
:108AD0001977F5ED2D77F6ED2677F7ED3577F8ED8B
:108AE0003877F9ED5077FAED5177FBED4777FCEDEC
:108AF0004377FDED5A77FEED687740EE0F9841EE33
:108B0000109842EE119843EE129844EE139845EEF9
:108B1000149846EE159847EE169848EE179849EEC9
:108B200018984AEE19984BEE1A984CEE1B984DEE99
:108B30001C984EEE1D984FEE1E9850EE1F9851EE69
:108B4000209852EE219853EE229854EE239855EE39
:108B5000249856EE259857EE269858EE279859EE09
:108B600028985AEE29985BEE2A985CEE2B985DEED9
:108B70002C985EEE2D985FEE2E9860EE2F9861EEA9
:108B8000309862EE319863EE329864EE339865EE79
:108B9000349866EE359867EE369868EE379869EE49
:108BA00038986AEE39986BEE3A986CEE3B986DEE19
:108BB0003C986EEE3D986FEE3E9870EE3F9871EEE9
:108BC000409872EE419873EE429874EE439875EEB9
:108BD000449876EE459877EE469878EE479879EE89
:108BE00048987AEE49987BEE4A987CEE4B987DEE59
:108BF0004C987EEE4D9880EE4E9881EE4F9882EE26
:108C0000509883EE519884EE529885EE539886EEF4
:108C1000549887EE559888EE569889EE57988AEEC4
:108C200058988BEE59988CEE5A988DEE5B988EEE94
:108C30005C988FEE5D9890EE5E9891EE5F9892EE64
:108C4000609893EE619894EE629895EE639896EE34
:108C5000649897EE659898EE669899EE67989AEE04
:108C600068989BEE69989CEE6A989DEE6B989EEED4
:108C70006C989FEE6D98A0EE6E98A1EE6277A2EED2
:108C80006577A3EE7F77A4EE8D77A5EE7D77A6EED0
:108C90008077A7EE8C77A8EE9177A9EE9F77AAEE62
:108CA000A077ABEEB077ACEEB577ADEEBD77AEEEBC
:108CB0003A75AFEE4075B0EE4E75B1EE4B75B2EE53
:108CC0004875B3EE5B75B4EE7275B5EE7975B6EEB8
:108CD0008375B7EE587FB8EE617FB9EE5F7FBAEE6D
:108CE000488ABBEE687FBCEE747FBDEE717FBEEE3E
:108CF000797FBFEE817FC0EE7E7FC1EECD76C2EE82
:108D0000E576C3EE3288C4EE8594C5EE8694C6EE51
:108D10008794C7EE8B94C8EE8A94C9EE8C94CAEE01
:108D20008D94CBEE8F94CCEE9094CDEE9494CEEEC9
:108D30009794CFEE9594D0EE9A94D1EE9B94D2EE88
:108D40009C94D3EEA394D4EEA494D5EEAB94D6EE3B
:108D5000AA94D7EEAD94D8EEAC94D9EEAF94DAEEF7
:108D6000B094DBEEB294DCEEB494DDEEB694DEEEBD
:108D7000B794DFEEB894E0EEB994E1EEBA94E2EE87
:108D8000BC94E3EEBD94E4EEBF94E5EEC494E6EE4D
:108D9000C894E7EEC994E8EECA94E9EECB94EAEE03
:108DA000CC94EBEECD94ECEECE94EDEED094EEEED2
:108DB000D194EFEED294F0EED594F1EED694F2EE9B
:108DC000D794F3EED994F4EED894F5EEDB94F6EE66
:108DD000DE94F7EEDF94F8EEE094F9EEE294FAEE2A
:108DE000E494FBEEE594FCEEE794FDEEE894FEEEF1
:108DF000EA9440EF6F9841EF709842EF719843EF1B
:108E0000729844EF739845EF749846EF8B9847EF4C
:108E10008E9848EF929849EF95984AEF99984BEFC2
:108E2000A3984CEFA8984DEFA9984EEFAA984FEF52
:108E3000AB9850EFAC9851EFAD9852EFAE9853EF1E
:108E4000AF9854EFB09855EFB19856EFB29857EFEE
:108E5000B39858EFB49859EFB5985AEFB6985BEFBE
:108E6000B7985CEFB8985DEFB9985EEFBA985FEF8E
:108E7000BB9860EFBC9861EFBD9862EFBE9863EF5E
:108E8000BF9864EFC09865EFC19866EFC29867EF2E
:108E9000C39868EFC49869EFC5986AEFC6986BEFFE
:108EA000C7986CEFC8986DEFC9986EEFCA986FEFCE
:108EB000CB9870EFCC9871EFCD9872EFCF9873EF9D
:108EC000D09874EFD49875EFD69876EFD79877EF5F
:108ED000DB9878EFDC9879EFDD987AEFE0987BEF1C
:108EE000E1987CEFE2987DEFE3987EEFE49880EFE5
:108EF000E59881EFE69882EFE99883EFEA9884EFAE
:108F0000EB9885EFEC9886EFED9887EFEE9888EF79
:108F1000EF9889EFF0988AEFF1988BEFF2988CEF49
:108F2000F3988DEFF4988EEFF5988FEFF69890EF19
:108F3000F79891EFF89892EFF99893EFFA9894EFE9
:108F4000FB9895EFFC9896EFFD9897EFFE9898EFB9
:108F5000FF9899EF00999AEF01999BEF02999CEF86
:108F600003999DEF04999EEF05999FEF0699A0EF55
:108F70000799A1EFE994A2EFEB94A3EFEE94A4EF8D
:108F8000EF94A5EFF394A6EFF494A7EFF594A8EF70
:108F9000F794A9EFF994AAEFFC94ABEFFD94ACEF32
:108FA000FF94ADEF0395AEEF0295AFEF0695B0EFEE
:108FB0000795B1EF0995B2EF0A95B3EF0D95B4EFB0
:108FC0000E95B5EF0F95B6EF1295B7EF1395B8EF75
:108FD0001495B9EF1595BAEF1695BBEF1895BCEF40
:108FE0001B95BDEF1D95BEEF1E95BFEF1F95C0EF02
:108FF0002295C1EF2A95C2EF2B95C3EF2995C4EFB7
:109000002C95C5EF3195C6EF3295C7EF3495C8EF73
:109010003695C9EF3795CAEF3895CBEF3C95CCEF35
:109020003E95CDEF3F95CEEF4295CFEF3595D0EF02
:109030004495D1EF4595D2EF4695D3EF4995D4EFBE
:109040004C95D5EF4E95D6EF4F95D7EF5295D8EF7B
:109050005395D9EF5495DAEF5695DBEF5795DCEF42
:109060005895DDEF5995DEEF5B95DFEF5E95E0EF0C
:109070005F95E1EF5D95E2EF6195E3EF6295E4EFD7
:109080006495E5EF6595E6EF6695E7EF6795E8EFA0
:109090006895E9EF6995EAEF6A95EBEF6B95ECEF70
:1090A0006C95EDEF6F95EEEF7195EFEF7295F0EF38
:1090B0007395F1EF3A95F2EFE777F3EFEC77F4EF92
:1090C000C996F5EFD579F6EFED79F7EFE379F8EF9B
:1090D000EB79F9EF067AFAEF475DFBEF037AFCEFE5
:1090E000027AFDEF1E7AFEEF147A40F0089941F003
:1090F000099942F00A9943F00B9944F00C9945F014
:109100000E9946F00F9947F0119948F0129949F0DD
:1091100013994AF014994BF015994CF016994DF0AB
:1091200017994EF018994FF0199950F01A9951F07B
:109130001B9952F01C9953F01D9954F01E9955F04B
:109140001F9956F0209957F0219958F0229959F01B
:1091500023995AF024995BF025995CF026995DF0EB
:1091600027995EF028995FF0299960F02A9961F0BB
:109170002B9962F02C9963F02D9964F02F9965F08A
:10918000309966F0319967F0329968F0339969F057
:1091900034996AF035996BF036996CF037996DF027
:1091A00038996EF039996FF03A9970F03B9971F0F7
:1091B0003C9972F03D9973F03E9974F03F9975F0C7
:1091C000409976F0419977F0429978F0439979F097
:1091D00044997AF045997BF046997CF047997DF067
:1091E00048997EF0499980F04A9981F04B9982F034
:1091F0004C9983F04D9984F04E9985F04F9986F003
:10920000509987F0519988F0529989F053998AF0D2
:1092100056998BF057998CF058998DF059998EF09A
:109220005A998FF05B9990F05C9991F05D9992F06A
:109230005E9993F05F9994F0609995F0619996F03A
:10924000629997F0649998F0669999F073999AF0F9
:1092500078999BF079999CF07B999DF07E999EF08E
:1092600082999FF08399A0F08999A1F0397AA2F0B0
:10927000377AA3F0517AA4F0CF9EA5F0A599A6F075
:10928000707AA7F08876A8F08E76A9F09376AAF087
:109290009976ABF0A476ACF0DE74ADF0E074AEF08D
:1092A0002C75AFF0209EB0F0229EB1F0289EB2F057
:1092B000299EB3F02A9EB4F02B9EB5F02C9EB6F0FA
:1092C000329EB7F0319EB8F0369EB9F0389EBAF0B3
:1092D000379EBBF0399EBCF03A9EBDF03E9EBEF07C
:1092E000419EBFF0429EC0F0449EC1F0469EC2F037
:1092F000479EC3F0489EC4F0499EC5F04B9EC6F001
:109300004C9EC7F04E9EC8F0519EC9F0559ECAF0C3
:10931000579ECBF05A9ECCF05B9ECDF05C9ECEF07B
:109320005E9ECFF0639ED0F0669ED1F0679ED2F035
:10933000689ED3F0699ED4F06A9ED5F06B9ED6F0FD
:109340006C9ED7F0719ED8F06D9ED9F0739EDAF0C6
:109350009275DBF09475DCF09675DDF0A075DEF0AB
:109360009D75DFF0AC75E0F0A375E1F0B375E2F048
:10937000B475E3F0B875E4F0C475E5F0B175E6F0E6
:10938000B075E7F0C375E8F0C275E9F0D675EAF09C
:10939000CD75EBF0E375ECF0E875EDF0E675EEF009
:1093A000E475EFF0EB75F0F0E775F1F00376F2F0AD
:1093B000F175F3F0FC75F4F0FF75F5F01076F6F04A
:1093C0000076F7F00576F8F00C76F9F01776FAF0FB
:1093D0000A76FBF02576FCF01876FDF01576FEF0A7
:1093E000197640F18C9941F18E9942F19A9943F1A5
:1093F0009B9944F19C9945F19D9946F19E9947F1BD
:109400009F9948F1A09949F1A1994AF1A2994BF18C
:10941000A3994CF1A4994DF1A6994EF1A7994FF15A
:10942000A99950F1AA9951F1AB9952F1AC9953F124
:10943000AD9954F1AE9955F1AF9956F1B09957F1F4
:10944000B19958F1B29959F1B3995AF1B4995BF1C4
:10945000B5995CF1B6995DF1B7995EF1B8995FF194
:10946000B99960F1BA9961F1BB9962F1BC9963F164
:10947000BD9964F1BE9965F1BF9966F1C09967F134
:10948000C19968F1C29969F1C3996AF1C4996BF104
:10949000C5996CF1C6996DF1C7996EF1C8996FF1D4
:1094A000C99970F1CA9971F1CB9972F1CC9973F1A4
:1094B000CD9974F1CE9975F1CF9976F1D09977F174
:1094C000D19978F1D29979F1D3997AF1D4997BF144
:1094D000D5997CF1D6997DF1D7997EF1D89980F113
:1094E000D99981F1DA9982F1DB9983F1DC9984F1E0
:1094F000DD9985F1DE9986F1DF9987F1E09988F1B0
:10950000E19989F1E2998AF1E3998BF1E4998CF17F
:10951000E5998DF1E6998EF1E7998FF1E89990F14F
:10952000E99991F1EA9992F1EB9993F1EC9994F11F
:10953000ED9995F1EE9996F1EF9997F1F09998F1EF
:10954000F19999F1F2999AF1F3999BF1F4999CF1BF
:10955000F5999DF1F6999EF1F7999FF1F899A0F18F
:10956000F999A1F11B76A2F13C76A3F12276A4F140
:109570002076A5F14076A6F12D76A7F13076A8F1F8
:109580003F76A9F13576AAF14376ABF13E76ACF1A0
:109590003376ADF14D76AEF15E76AFF15476B0F143
:1095A0005C76B1F15676B2F16B76B3F16F76B4F1C9
:1095B000CA7FB5F1E67AB6F1787AB7F1797AB8F17F
:1095C000807AB9F1867ABAF1887ABBF1957ABCF1E2
:1095D000A67ABDF1A07ABEF1AC7ABFF1A87AC0F14B
:1095E000AD7AC1F1B37AC2F16488C3F16988C4F17C
:1095F0007288C5F17D88C6F17F88C7F18288C8F17D
:10960000A288C9F1C688CAF1B788CBF1BC88CCF171
:10961000C988CDF1E288CEF1CE88CFF1E388D0F1D0
:10962000E588D1F1F188D2F11A89D3F1FC88D4F11F
:10963000E888D5F1FE88D6F1F088D7F12189D8F1F4
:109640001989D9F11389DAF11B89DBF10A89DCF177
:109650003489DDF12B89DEF13689DFF14189E0F1D2
:109660006689E1F17B89E2F18B75E3F1E580E4F154
:10967000B276E5F1B476E6F1DC77E7F11280E8F155
:109680001480E9F11680EAF11C80EBF12080ECF106
:109690002280EDF12580EEF12680EFF12780F0F1B8
:1096A0002980F1F12880F2F13180F3F10B80F4F19F
:1096B0003580F5F14380F6F14680F7F14D80F8F101
:1096C0005280F9F16980FAF17180FBF18389FCF134
:1096D0007898FDF18098FEF1839840F2FA9941F272
:1096E000FB9942F2FC9943F2FD9944F2FE9945F24E
:1096F000FF9946F2009A47F2019A48F2029A49F21B
:10970000039A4AF2049A4BF2059A4CF2069A4DF2E9
:10971000079A4EF2089A4FF2099A50F20A9A51F2B9
:109720000B9A52F20C9A53F20D9A54F20E9A55F289
:109730000F9A56F2109A57F2119A58F2129A59F259
:10974000139A5AF2149A5BF2159A5CF2169A5DF229
:10975000179A5EF2189A5FF2199A60F21A9A61F2F9
:109760001B9A62F21C9A63F21D9A64F21E9A65F2C9
:109770001F9A66F2209A67F2219A68F2229A69F299
:10978000239A6AF2249A6BF2259A6CF2269A6DF269
:10979000279A6EF2289A6FF2299A70F22A9A71F239
:1097A0002B9A72F22C9A73F22D9A74F22E9A75F209
:1097B0002F9A76F2309A77F2319A78F2329A79F2D9
:1097C000339A7AF2349A7BF2359A7CF2369A7DF2A9
:1097D000379A7EF2389A80F2399A81F23A9A82F276
:1097E0003B9A83F23C9A84F23D9A85F23E9A86F245
:1097F0003F9A87F2409A88F2419A89F2429A8AF215
:10980000439A8BF2449A8CF2459A8DF2469A8EF2E4
:10981000479A8FF2489A90F2499A91F24A9A92F2B4
:109820004B9A93F24C9A94F24D9A95F24E9A96F284
:109830004F9A97F2509A98F2519A99F2529A9AF254
:10984000539A9BF2549A9CF2559A9DF2569A9EF224
:10985000579A9FF2589AA0F2599AA1F28998A2F2C7
:109860008C98A3F28D98A4F28F98A5F29498A6F202
:109870009A98A7F29B98A8F29E98A9F29F98AAF2AC
:10988000A198ABF2A298ACF2A598ADF2A698AEF270
:109890004D86AFF25486B0F26C86B1F26E86B2F2AB
:1098A0007F86B3F27A86B4F27C86B5F27B86B6F216
:1098B000A886B7F28D86B8F28B86B9F2AC86BAF27A
:1098C0009D86BBF2A786BCF2A386BDF2AA86BEF235
:1098D0009386BFF2A986C0F2B686C1F2C486C2F2F0
:1098E000B586C3F2CE86C4F2B086C5F2BA86C6F299
:1098F000B186C7F2AF86C8F2C986C9F2CF86CAF26E
:10990000B486CBF2E986CCF2F186CDF2F286CEF2C5
:10991000ED86CFF2F386D0F2D086D1F21387D2F261
:10992000DE86D3F2F486D4F2DF86D5F2D886D6F27C
:10993000D186D7F20387D8F20787D9F2F886DAF210
:109940000887DBF20A87DCF20D87DDF20987DEF299
:109950002387DFF23B87E0F21E87E1F22587E2F200
:109960002E87E3F21A87E4F23E87E5F24887E6F2B3
:109970003487E7F23187E8F22987E9F23787EAF29C
:109980003F87EBF28287ECF22287EDF27D87EEF2E1
:109990007E87EFF27B87F0F26087F1F27087F2F258
:1099A0004C87F3F26E87F4F28B87F5F25387F6F269
:1099B0006387F7F27C87F8F26487F9F25987FAF245
:1099C0006587FBF29387FCF2AF87FDF2A887FEF272
:1099D000D28740F35A9A41F35B9A42F35C9A43F37D
:1099E0005D9A44F35E9A45F35F9A46F3609A47F3B3
:1099F000619A48F3629A49F3639A4AF3649A4BF383
:109A0000659A4CF3669A4DF3679A4EF3689A4FF352
:109A1000699A50F36A9A51F36B9A52F3729A53F31C
:109A2000839A54F3899A55F38D9A56F38E9A57F385
:109A3000949A58F3959A59F3999A5AF3A69A5BF324
:109A4000A99A5CF3AA9A5DF3AB9A5EF3AC9A5FF3C2
:109A5000AD9A60F3AE9A61F3AF9A62F3B29A63F390
:109A6000B39A64F3B49A65F3B59A66F3B99A67F357
:109A7000BB9A68F3BD9A69F3BE9A6AF3BF9A6BF317
:109A8000C39A6CF3C49A6DF3C69A6EF3C79A6FF3D8
:109A9000C89A70F3C99A71F3CA9A72F3CD9A73F3A4
:109AA000CE9A74F3CF9A75F3D09A76F3D29A77F36D
:109AB000D49A78F3D59A79F3D69A7AF3D79A7BF336
:109AC000D99A7CF3DA9A7DF3DB9A7EF3DC9A80F301
:109AD000DD9A81F3DE9A82F3E09A83F3E29A84F3CB
:109AE000E39A85F3E49A86F3E59A87F3E79A88F395
:109AF000E89A89F3E99A8AF3EA9A8BF3EC9A8CF361
:109B0000EE9A8DF3F09A8EF3F19A8FF3F29A90F326
:109B1000F39A91F3F49A92F3F59A93F3F69A94F3F5
:109B2000F79A95F3F89A96F3FA9A97F3FC9A98F3C2
:109B3000FD9A99F3FE9A9AF3FF9A9BF3009B9CF38C
:109B4000019B9DF3029B9EF3049B9FF3059BA0F357
:109B5000069BA1F3C687A2F38887A3F38587A4F3A6
:109B6000AD87A5F39787A6F38387A7F3AB87A8F301
:109B7000E587A9F3AC87AAF3B587ABF3B387ACF35A
:109B8000CB87ADF3D387AEF3BD87AFF3D187B0F307
:109B9000C087B1F3CA87B2F3DB87B3F3EA87B4F3C4
:109BA000E087B5F3EE87B6F31688B7F31388B8F3FA
:109BB000FE87B9F30A88BAF31B88BBF32188BCF38C
:109BC0003988BDF33C88BEF3367FBFF3427FC0F3D4
:109BD000447FC1F3457FC2F31082C3F3FA7AC4F322
:109BE000FD7AC5F3087BC6F3037BC7F3047BC8F398
:109BF000157BC9F30A7BCAF32B7BCBF30F7BCCF32A
:109C0000477BCDF3387BCEF32A7BCFF3197BD0F3A0
:109C10002E7BD1F3317BD2F3207BD3F3257BD4F39E
:109C2000247BD5F3337BD6F33E7BD7F31E7BD8F36F
:109C3000587BD9F35A7BDAF3457BDBF3757BDCF396
:109C40004C7BDDF35D7BDEF3607BDFF36E7BE0F36B
:109C50007B7BE1F3627BE2F3727BE3F3717BE4F302
:109C6000907BE5F3A67BE6F3A77BE7F3B87BE8F30D
:109C7000AC7BE9F39D7BEAF3A87BEBF3857BECF30C
:109C8000AA7BEDF39C7BEEF3A27BEFF3AB7BF0F3CF
:109C9000B47BF1F3D17BF2F3C17BF3F3CC7BF4F330
:109CA000DD7BF5F3DA7BF6F3E57BF7F3E67BF8F3A0
:109CB000EA7BF9F30C7CFAF3FE7BFBF3FC7BFCF311
:109CC0000F7CFDF3167CFEF30B7C40F4079B41F404
:109CD000099B42F40A9B43F40B9B44F40C9B45F410
:109CE0000D9B46F40E9B47F4109B48F4119B49F4DE
:109CF000129B4AF4149B4BF4159B4CF4169B4DF4A9
:109D0000179B4EF4189B4FF4199B50F41A9B51F477
:109D10001B9B52F41C9B53F41D9B54F41E9B55F447
:109D2000209B56F4219B57F4229B58F4249B59F412
:109D3000259B5AF4269B5BF4279B5CF4289B5DF4DF
:109D4000299B5EF42A9B5FF42B9B60F42C9B61F4AF
:109D50002D9B62F42E9B63F4309B64F4319B65F47D
:109D6000339B66F4349B67F4359B68F4369B69F447
:109D7000379B6AF4389B6BF4399B6CF43A9B6DF417
:109D80003D9B6EF43E9B6FF43F9B70F4409B71F4DF
:109D9000469B72F44A9B73F44B9B74F44C9B75F492
:109DA0004E9B76F4509B77F4529B78F4539B79F456
:109DB000559B7AF4569B7BF4579B7CF4589B7DF41F
:109DC000599B7EF45A9B80F45B9B81F45C9B82F4EC
:109DD0005D9B83F45E9B84F45F9B85F4609B86F4BB
:109DE000619B87F4629B88F4639B89F4649B8AF48B
:109DF000659B8BF4669B8CF4679B8DF4689B8EF45B
:109E0000699B8FF46A9B90F46B9B91F46C9B92F42A
:109E10006D9B93F46E9B94F46F9B95F4709B96F4FA
:109E2000719B97F4729B98F4739B99F4749B9AF4CA
:109E3000759B9BF4769B9CF4779B9DF4789B9EF49A
:109E4000799B9FF47A9BA0F47B9BA1F41F7CA2F4E6
:109E50002A7CA3F4267CA4F4387CA5F4417CA6F4E7
:109E6000407CA7F4FE81A8F40182A9F40282AAF43E
:109E70000482ABF4EC81ACF44488ADF42182AEF4FE
:109E80002282AFF42382B0F42D82B1F42F82B2F497
:109E90002882B3F42B82B4F43882B5F43B82B6F452
:109EA0003382B7F43482B8F43E82B9F44482BAF40F
:109EB0004982BBF44B82BCF44F82BDF45A82BEF49B
:109EC0005F82BFF46882C0F47E88C1F48588C2F4E2
:109ED0008888C3F4D888C4F4DF88C5F45E89C6F4E2
:109EE0009D7FC7F49F7FC8F4A77FC9F4AF7FCAF4F2
:109EF000B07FCBF4B27FCCF47C7CCDF44965CEF45A
:109F0000917CCFF49D7CD0F49C7CD1F49E7CD2F4E7
:109F1000A27CD3F4B27CD4F4BC7CD5F4BD7CD6F462
:109F2000C17CD7F4C77CD8F4CC7CD9F4CD7CDAF4EE
:109F3000C87CDBF4C57CDCF4D77CDDF4E87CDEF4A3
:109F40006E82DFF4A866E0F4BF7FE1F4CE7FE2F436
:109F5000D57FE3F4E57FE4F4E17FE5F4E67FE6F422
:109F6000E97FE7F4EE7FE8F4F37FE9F4F87CEAF4C4
:109F7000777DEBF4A67DECF4AE7DEDF4477EEEF458
:109F80009B7EEFF4B89EF0F4B49EF1F4738DF2F47E
:109F9000848DF3F4948DF4F4918DF5F4B18DF6F491
:109FA000678DF7F46D8DF8F4478CF9F4498CFAF469
:109FB0004A91FBF45091FCF44E91FDF44F91FEF464
:109FC000649140F57C9B41F57D9B42F57E9B43F57A
:109FD0007F9B44F5809B45F5819B46F5829B47F529
:109FE000839B48F5849B49F5859B4AF5869B4BF5F9
:109FF000879B4CF5889B4DF5899B4EF58A9B4FF5C9
:10A000008B9B50F58C9B51F58D9B52F58E9B53F598
:10A010008F9B54F5909B55F5919B56F5929B57F568
:10A02000939B58F5949B59F5959B5AF5969B5BF538
:10A03000979B5CF5989B5DF5999B5EF59A9B5FF508
:10A040009B9B60F59C9B61F59D9B62F59E9B63F5D8
:10A050009F9B64F5A09B65F5A19B66F5A29B67F5A8
:10A06000A39B68F5A49B69F5A59B6AF5A69B6BF578
:10A07000A79B6CF5A89B6DF5A99B6EF5AA9B6FF548
:10A08000AB9B70F5AC9B71F5AD9B72F5AE9B73F518
:10A09000AF9B74F5B09B75F5B19B76F5B29B77F5E8
:10A0A000B39B78F5B49B79F5B59B7AF5B69B7BF5B8
:10A0B000B79B7CF5B89B7DF5B99B7EF5BA9B80F587
:10A0C000BB9B81F5BC9B82F5BD9B83F5BE9B84F554
:10A0D000BF9B85F5C09B86F5C19B87F5C29B88F524
:10A0E000C39B89F5C49B8AF5C59B8BF5C69B8CF5F4
:10A0F000C79B8DF5C89B8EF5C99B8FF5CA9B90F5C4
:10A10000CB9B91F5CC9B92F5CD9B93F5CE9B94F593
:10A11000CF9B95F5D09B96F5D19B97F5D29B98F563
:10A12000D39B99F5D49B9AF5D59B9BF5D69B9CF533
:10A13000D79B9DF5D89B9EF5D99B9FF5DA9BA0F503
:10A14000DB9BA1F56291A2F56191A3F57091A4F555
:10A150006991A5F56F91A6F57D91A7F57E91A8F57A
:10A160007291A9F57491AAF57991ABF58C91ACF542
:10A170008591ADF59091AEF58D91AFF59191B0F5DA
:10A18000A291B1F5A391B2F5AA91B3F5AD91B4F551
:10A19000AE91B5F5AF91B6F5B591B7F5B491B8F507
:10A1A000BA91B9F5558CBAF57E9EBBF5B88DBCF564
:10A1B000EB8DBDF5058EBEF5598EBFF5698EC0F5E8
:10A1C000B58DC1F5BF8DC2F5BC8DC3F5BA8DC4F593
:10A1D000C48DC5F5D68DC6F5D78DC7F5DA8DC8F512
:10A1E000DE8DC9F5CE8DCAF5CF8DCBF5DB8DCCF5E7
:10A1F000C68DCDF5EC8DCEF5F78DCFF5F88DD0F57C
:10A20000E38DD1F5F98DD2F5FB8DD3F5E48DD4F541
:10A21000098ED5F5FD8DD6F5148ED7F51D8ED8F5A2
:10A220001F8ED9F52C8EDAF52E8EDBF5238EDCF51C
:10A230002F8EDDF53A8EDEF5408EDFF5398EE0F5B6
:10A24000358EE1F53D8EE2F5318EE3F5498EE4F58C
:10A25000418EE5F5428EE6F5518EE7F5528EE8F532
:10A260004A8EE9F5708EEAF5768EEBF57C8EECF58C
:10A270006F8EEDF5748EEEF5858EEFF58F8EF0F521
:10A28000948EF1F5908EF2F59C8EF3F59E8EF4F59A
:10A29000788CF5F5828CF6F58A8CF7F5858CF8F5D7
:10A2A000988CF9F5948CFAF59B65FBF5D689FCF54D
:10A2B000DE89FDF5DA89FEF5DC8940F6DC9B41F6A6
:10A2C000DD9B42F6DE9B43F6DF9B44F6E09B45F6C2
:10A2D000E19B46F6E29B47F6E39B48F6E49B49F692
:10A2E000E59B4AF6E69B4BF6E79B4CF6E89B4DF662
:10A2F000E99B4EF6EA9B4FF6EB9B50F6EC9B51F632
:10A30000ED9B52F6EE9B53F6EF9B54F6F09B55F601
:10A31000F19B56F6F29B57F6F39B58F6F49B59F6D1
:10A32000F59B5AF6F69B5BF6F79B5CF6F89B5DF6A1
:10A33000F99B5EF6FA9B5FF6FB9B60F6FC9B61F671
:10A34000FD9B62F6FE9B63F6FF9B64F6009C65F640
:10A35000019C66F6029C67F6039C68F6049C69F60D
:10A36000059C6AF6069C6BF6079C6CF6089C6DF6DD
:10A37000099C6EF60A9C6FF60B9C70F60C9C71F6AD
:10A380000D9C72F60E9C73F60F9C74F6109C75F67D
:10A39000119C76F6129C77F6139C78F6149C79F64D
:10A3A000159C7AF6169C7BF6179C7CF6189C7DF61D
:10A3B000199C7EF61A9C80F61B9C81F61C9C82F6EA
:10A3C0001D9C83F61E9C84F61F9C85F6209C86F6B9
:10A3D000219C87F6229C88F6239C89F6249C8AF689
:10A3E000259C8BF6269C8CF6279C8DF6289C8EF659
:10A3F000299C8FF62A9C90F62B9C91F62C9C92F629
:10A400002D9C93F62E9C94F62F9C95F6309C96F6F8
:10A41000319C97F6329C98F6339C99F6349C9AF6C8
:10A42000359C9BF6369C9CF6379C9DF6389C9EF698
:10A43000399C9FF63A9CA0F63B9CA1F6E589A2F6D2
:10A44000EB89A3F6EF89A4F63E8AA5F6268BA6F63D
:10A450005397A7F6E996A8F6F396A9F6EF96AAF60B
:10A460000697ABF60197ACF60897ADF60F97AEF6E8
:10A470000E97AFF62A97B0F62D97B1F63097B2F651
:10A480003E97B3F6809FB4F6839FB5F6859FB6F6E8
:10A49000869FB7F6879FB8F6889FB9F6899FBAF668
:10A4A0008A9FBBF68C9FBCF6FE9EBDF60B9FBEF648
:10A4B0000D9FBFF6B996C0F6BC96C1F6BD96C2F622
:10A4C000CE96C3F6D296C4F6BF77C5F6E096C6F62A
:10A4D0008E92C7F6AE92C8F6C892C9F63E93CAF6F7
:10A4E0006A93CBF6CA93CCF68F93CDF63E94CEF614
:10A4F0006B94CFF67F9CD0F6829CD1F6859CD2F6E9
:10A50000869CD3F6879CD4F6889CD5F6237AD6F61B
:10A510008B9CD7F68E9CD8F6909CD9F6919CDAF657
:10A52000929CDBF6949CDCF6959CDDF69A9CDEF61C
:10A530009B9CDFF69E9CE0F69F9CE1F6A09CE2F6D9
:10A54000A19CE3F6A29CE4F6A39CE5F6A59CE6F6A6
:10A55000A69CE7F6A79CE8F6A89CE9F6A99CEAF673
:10A56000AB9CEBF6AD9CECF6AE9CEDF6B09CEEF63B
:10A57000B19CEFF6B29CF0F6B39CF1F6B49CF2F607
:10A58000B59CF3F6B69CF4F6B79CF5F6BA9CF6F6D5
:10A59000BB9CF7F6BC9CF8F6BD9CF9F6C49CFAF699
:10A5A000C59CFBF6C69CFCF6C79CFDF6CA9CFEF655
:10A5B000CB9C40F73C9C41F73D9C42F73E9C43F7C7
:10A5C0003F9C44F7409C45F7419C46F7429C47F727
:10A5D000439C48F7449C49F7459C4AF7469C4BF7F7
:10A5E000479C4CF7489C4DF7499C4EF74A9C4FF7C7
:10A5F0004B9C50F74C9C51F74D9C52F74E9C53F797
:10A600004F9C54F7509C55F7519C56F7529C57F766
:10A61000539C58F7549C59F7559C5AF7569C5BF736
:10A62000579C5CF7589C5DF7599C5EF75A9C5FF706
:10A630005B9C60F75C9C61F75D9C62F75E9C63F7D6
:10A640005F9C64F7609C65F7619C66F7629C67F7A6
:10A65000639C68F7649C69F7659C6AF7669C6BF776
:10A66000679C6CF7689C6DF7699C6EF76A9C6FF746
:10A670006B9C70F76C9C71F76D9C72F76E9C73F716
:10A680006F9C74F7709C75F7719C76F7729C77F7E6
:10A69000739C78F7749C79F7759C7AF7769C7BF7B6
:10A6A000779C7CF7789C7DF7799C7EF77A9C80F785
:10A6B0007B9C81F77D9C82F77E9C83F7809C84F74E
:10A6C000839C85F7849C86F7899C87F78A9C88F70A
:10A6D0008C9C89F78F9C8AF7939C8BF7969C8CF7C0
:10A6E000979C8DF7989C8EF7999C8FF79D9C90F77F
:10A6F000AA9C91F7AC9C92F7AF9C93F7B99C94F706
:10A70000BE9C95F7BF9C96F7C09C97F7C19C98F7A5
:10A71000C29C99F7C89C9AF7C99C9BF7D19C9CF75F
:10A72000D29C9DF7DA9C9EF7DB9C9FF7E09CA0F7FC
:10A73000E19CA1F7CC9CA2F7CD9CA3F7CE9CA4F7FB
:10A74000CF9CA5F7D09CA6F7D39CA7F7D49CA8F7DD
:10A75000D59CA9F7D79CAAF7D89CABF7D99CACF7A6
:10A76000DC9CADF7DD9CAEF7DF9CAFF7E29CB0F769
:10A770007C97B1F78597B2F79197B3F79297B4F7B3
:10A780009497B5F7AF97B6F7AB97B7F7A397B8F726
:10A79000B297B9F7B497BAF7B19ABBF7B09ABCF7CA
:10A7A000B79ABDF7589EBEF7B69ABFF7BA9AC0F7E8
:10A7B000BC9AC1F7C19AC2F7C09AC3F7C59AC4F749
:10A7C000C29AC5F7CB9AC6F7CC9AC7F7D19AC8F701
:10A7D000459BC9F7439BCAF7479BCBF7499BCCF7EF
:10A7E000489BCDF74D9BCEF7519BCFF7E898D0F71C
:10A7F0000D99D1F72E99D2F75599D3F75499D4F7EB
:10A80000DF9AD5F7E19AD6F7E69AD7F7EF9AD8F715
:10A81000EB9AD9F7FB9ADAF7ED9ADBF7F99ADCF7BE
:10A82000089BDDF70F9BDEF7139BDFF71F9BE0F71D
:10A83000239BE1F7BD9EE2F7BE9EE3F73B7EE4F784
:10A84000829EE5F7879EE6F7889EE7F78B9EE8F7FE
:10A85000929EE9F7D693EAF79D9EEBF79F9EECF761
:10A86000DB9EEDF7DC9EEEF7DD9EEFF7E09EF0F766
:10A87000DF9EF1F7E29EF2F7E99EF3F7E79EF4F729
:10A88000E59EF5F7EA9EF6F7EF9EF7F7229FF8F7B9
:10A890002C9FF9F72F9FFAF7399FFBF7379FFCF7AB
:10A8A0003D9FFDF73E9FFEF7449F40F8E39C41F833
:10A8B000E49C42F8E59C43F8E69C44F8E79C45F8A4
:10A8C000E89C46F8E99C47F8EA9C48F8EB9C49F874
:10A8D000EC9C4AF8ED9C4BF8EE9C4CF8EF9C4DF844
:10A8E000F09C4EF8F19C4FF8F29C50F8F39C51F814
:10A8F000F49C52F8F59C53F8F69C54F8F79C55F8E4
:10A90000F89C56F8F99C57F8FA9C58F8FB9C59F8B3
:10A91000FC9C5AF8FD9C5BF8FE9C5CF8FF9C5DF883
:10A92000009D5EF8019D5FF8029D60F8039D61F84F
:10A93000049D62F8059D63F8069D64F8079D65F81F
:10A94000089D66F8099D67F80A9D68F80B9D69F8EF
:10A950000C9D6AF80D9D6BF80E9D6CF80F9D6DF8BF
:10A96000109D6EF8119D6FF8129D70F8139D71F88F
:10A97000149D72F8159D73F8169D74F8179D75F85F
:10A98000189D76F8199D77F81A9D78F81B9D79F82F
:10A990001C9D7AF81D9D7BF81E9D7CF81F9D7DF8FF
:10A9A000209D7EF8219D80F8229D81F8239D82F8CC
:10A9B000249D83F8259D84F8269D85F8279D86F89B
:10A9C000289D87F8299D88F82A9D89F82B9D8AF86B
:10A9D0002C9D8BF82D9D8CF82E9D8DF82F9D8EF83B
:10A9E000309D8FF8319D90F8329D91F8339D92F80B
:10A9F000349D93F8359D94F8369D95F8379D96F8DB
:10AA0000389D97F8399D98F83A9D99F83B9D9AF8AA
:10AA10003C9D9BF83D9D9CF83E9D9DF83F9D9EF87A
:10AA2000409D9FF8419DA0F8429D40F9439D41F90A
:10AA3000449D42F9459D43F9469D44F9479D45F99A
:10AA4000489D46F9499D47F94A9D48F94B9D49F96A
:10AA50004C9D4AF94D9D4BF94E9D4CF94F9D4DF93A
:10AA6000509D4EF9519D4FF9529D50F9539D51F90A
:10AA7000549D52F9559D53F9569D54F9579D55F9DA
:10AA8000589D56F9599D57F95A9D58F95B9D59F9AA
:10AA90005C9D5AF95D9D5BF95E9D5CF95F9D5DF97A
:10AAA000609D5EF9619D5FF9629D60F9639D61F94A
:10AAB000649D62F9659D63F9669D64F9679D65F91A
:10AAC000689D66F9699D67F96A9D68F96B9D69F9EA
:10AAD0006C9D6AF96D9D6BF96E9D6CF96F9D6DF9BA
:10AAE000709D6EF9719D6FF9729D70F9739D71F98A
:10AAF000749D72F9759D73F9769D74F9779D75F95A
:10AB0000789D76F9799D77F97A9D78F97B9D79F929
:10AB10007C9D7AF97D9D7BF97E9D7CF97F9D7DF9F9
:10AB2000809D7EF9819D80F9829D81F9839D82F9C6
:10AB3000849D83F9859D84F9869D85F9879D86F995
:10AB4000889D87F9899D88F98A9D89F98B9D8AF965
:10AB50008C9D8BF98D9D8CF98E9D8DF98F9D8EF935
:10AB6000909D8FF9919D90F9929D91F9939D92F905
:10AB7000949D93F9959D94F9969D95F9979D96F9D5
:10AB8000989D97F9999D98F99A9D99F99B9D9AF9A5
:10AB90009C9D9BF99D9D9CF99E9D9DF99F9D9EF975
:10ABA000A09D9FF9A19DA0F9A29D40FAA39D41FA05
:10ABB000A49D42FAA59D43FAA69D44FAA79D45FA95
:10ABC000A89D46FAA99D47FAAA9D48FAAB9D49FA65
:10ABD000AC9D4AFAAD9D4BFAAE9D4CFAAF9D4DFA35
:10ABE000B09D4EFAB19D4FFAB29D50FAB39D51FA05
:10ABF000B49D52FAB59D53FAB69D54FAB79D55FAD5
:10AC0000B89D56FAB99D57FABA9D58FABB9D59FAA4
:10AC1000BC9D5AFABD9D5BFABE9D5CFABF9D5DFA74
:10AC2000C09D5EFAC19D5FFAC29D60FAC39D61FA44
:10AC3000C49D62FAC59D63FAC69D64FAC79D65FA14
:10AC4000C89D66FAC99D67FACA9D68FACB9D69FAE4
:10AC5000CC9D6AFACD9D6BFACE9D6CFACF9D6DFAB4
:10AC6000D09D6EFAD19D6FFAD29D70FAD39D71FA84
:10AC7000D49D72FAD59D73FAD69D74FAD79D75FA54
:10AC8000D89D76FAD99D77FADA9D78FADB9D79FA24
:10AC9000DC9D7AFADD9D7BFADE9D7CFADF9D7DFAF4
:10ACA000E09D7EFAE19D80FAE29D81FAE39D82FAC1
:10ACB000E49D83FAE59D84FAE69D85FAE79D86FA90
:10ACC000E89D87FAE99D88FAEA9D89FAEB9D8AFA60
:10ACD000EC9D8BFAED9D8CFAEE9D8DFAEF9D8EFA30
:10ACE000F09D8FFAF19D90FAF29D91FAF39D92FA00
:10ACF000F49D93FAF59D94FAF69D95FAF79D96FAD0
:10AD0000F89D97FAF99D98FAFA9D99FAFB9D9AFA9F
:10AD1000FC9D9BFAFD9D9CFAFE9D9DFAFF9D9EFA6F
:10AD2000009E9FFA019EA0FA029E40FB039E41FBFB
:10AD3000049E42FB059E43FB069E44FB079E45FB8B
:10AD4000089E46FB099E47FB0A9E48FB0B9E49FB5B
:10AD50000C9E4AFB0D9E4BFB0E9E4CFB0F9E4DFB2B
:10AD6000109E4EFB119E4FFB129E50FB139E51FBFB
:10AD7000149E52FB159E53FB169E54FB179E55FBCB
:10AD8000189E56FB199E57FB1A9E58FB1B9E59FB9B
:10AD90001C9E5AFB1D9E5BFB1E9E5CFB249E5DFB66
:10ADA000279E5EFB2E9E5FFB309E60FB349E61FB08
:10ADB0003B9E62FB3C9E63FB409E64FB4D9E65FB9D
:10ADC000509E66FB529E67FB539E68FB549E69FB38
:10ADD000569E6AFB599E6BFB5D9E6CFB5F9E6DFBF6
:10ADE000609E6EFB619E6FFB629E70FB659E71FBB9
:10ADF0006E9E72FB6F9E73FB729E74FB749E75FB5E
:10AE0000759E76FB769E77FB779E78FB789E79FB26
:10AE1000799E7AFB7A9E7BFB7B9E7CFB7C9E7DFBF6
:10AE20007D9E7EFB809E80FB819E81FB839E82FBBC
:10AE3000849E83FB859E84FB869E85FB899E86FB84
:10AE40008A9E87FB8C9E88FB8D9E89FB8E9E8AFB4B
:10AE50008F9E8BFB909E8CFB919E8DFB949E8EFB18
:10AE6000959E8FFB969E90FB979E91FB989E92FBE2
:10AE7000999E93FB9A9E94FB9B9E95FB9C9E96FBB2
:10AE80009E9E97FBA09E98FBA19E99FBA29E9AFB7B
:10AE9000A39E9BFBA49E9CFBA59E9DFBA79E9EFB49
:10AEA000A89E9FFBA99EA0FBAA9E40FCAB9E41FCD6
:10AEB000AC9E42FCAD9E43FCAE9E44FCAF9E45FC66
:10AEC000B09E46FCB19E47FCB29E48FCB39E49FC36
:10AED000B59E4AFCB69E4BFCB79E4CFCB99E4DFC01
:10AEE000BA9E4EFCBC9E4FFCBF9E50FCC09E51FCC7
:10AEF000C19E52FCC29E53FCC39E54FCC59E55FC91
:10AF0000C69E56FCC79E57FCC89E58FCCA9E59FC5C
:10AF1000CB9E5AFCCC9E5BFCD09E5CFCD29E5DFC22
:10AF2000D39E5EFCD59E5FFCD69E60FCD79E61FCE6
:10AF3000D99E62FCDA9E63FCDE9E64FCE19E65FCA9
:10AF4000E39E66FCE49E67FCE69E68FCE89E69FC66
:10AF5000EB9E6AFCEC9E6BFCED9E6CFCEE9E6DFC29
:10AF6000F09E6EFCF19E6FFCF29E70FCF39E71FCF5
:10AF7000F49E72FCF59E73FCF69E74FCF79E75FCC5
:10AF8000F89E76FCFA9E77FCFD9E78FCFF9E79FC8D
:10AF9000009F7AFC019F7BFC029F7CFC039F7DFC51
:10AFA000049F7EFC059F80FC069F81FC079F82FC1E
:10AFB000089F83FC099F84FC0A9F85FC0C9F86FCEC
:10AFC0000F9F87FC119F88FC129F89FC149F8AFCAD
:10AFD000159F8BFC169F8CFC189F8DFC1A9F8EFC76
:10AFE0001B9F8FFC1C9F90FC1D9F91FC1E9F92FC41
:10AFF0001F9F93FC219F94FC239F95FC249F96FC0C
:10B00000259F97FC269F98FC279F99FC289F9AFCD8
:10B01000299F9BFC2A9F9CFC2B9F9DFC2D9F9EFCA7
:10B020002E9F9FFC309FA0FC319F40FD329F41FD31
:10B03000339F42FD349F43FD359F44FD369F45FDC0
:10B04000389F46FD3A9F47FD3C9F48FD3F9F49FD85
:10B05000409F4AFD419F4BFD429F4CFD439F4DFD4C
:10B06000459F4EFD469F4FFD479F50FD489F51FD18
:10B07000499F52FD4A9F53FD4B9F54FD4C9F55FDE8
:10B080004D9F56FD4E9F57FD4F9F58FD529F59FDB6
:10B09000539F5AFD549F5BFD559F5CFD569F5DFD80
:10B0A000579F5EFD589F5FFD599F60FD5A9F61FD50
:10B0B0005B9F62FD5C9F63FD5D9F64FD5E9F65FD20
:10B0C0005F9F66FD609F67FD619F68FD629F69FDF0
:10B0D000639F6AFD649F6BFD659F6CFD669F6DFDC0
:10B0E000679F6EFD689F6FFD699F70FD6A9F71FD90
:10B0F0006B9F72FD6C9F73FD6D9F74FD6E9F75FD60
:10B100006F9F76FD709F77FD719F78FD729F79FD2F
:10B11000739F7AFD749F7BFD759F7CFD769F7DFDFF
:10B12000779F7EFD789F80FD799F81FD7A9F82FDCC
:10B130007B9F83FD7C9F84FD7D9F85FD7E9F86FD9B
:10B14000819F87FD829F88FD8D9F89FD8E9F8AFD4F
:10B150008F9F8BFD909F8CFD919F8DFD929F8EFD0B
:10B16000939F8FFD949F90FD959F91FD969F92FDDB
:10B17000979F93FD989F94FD9C9F95FD9D9F96FDA5
:10B180009E9F97FDA19F98FDA29F99FDA39F9AFD69
:10B19000A49F9BFDA59F9CFD2CF99DFD79F99EFD2B
:10B1A00095F99FFDE7F9A0FDF1F940FE0CFA41FE8B
:10B1B0000DFA42FE0EFA43FE0FFA44FE11FA45FE66
:10B1C00013FA46FE14FA47FE18FA48FE1FFA49FE23
:10B1D00020FA4AFE21FA4BFE23FA4CFE24FA4DFED9
:10B1E00027FA4EFE28FA4FFE29FA000000006100FF
:10B1F0001A03E0001703F8000703FF0001007801BD
:10B200000001300132010601390110014A012E010D
:10B210007901060180014D00430281018201820112
:10B220008401840186018701870189018A018B01DC
:10B230008B018D018E018F0190019101910193018C
:10B240009401F60196019701980198013D029B0136
:10B250009C019D0120029F01A001A001A201A20169
:10B26000A401A401A601A701A701A901AA01AB019C
:10B27000AC01AC01AE01AF01AF01B101B201B3014C
:10B28000B301B501B501B701B801B801BA01BB01FD
:10B29000BC01BC01BE01F701C001C101C201C30173
:10B2A000C401C501C401C701C801C701CA01CB015E
:10B2B000CA01CD011001DD0101008E01DE01120184
:10B2C000F3010300F101F401F401F8012801220265
:10B2D00012013A020900652C3B023B023D02662C3A
:10B2E0003F0240024102410246020A01530240006D
:10B2F00081018601550289018A0158028F015A0293
:10B3000090015C025D025E025F02930161026202D3
:10B3100094016402650266026702970196016A025F
:10B32000622C6C026D026E029C01700271029D0122
:10B33000730274029F0176027702780279027A0220
:10B340007B027C02642C7E027F02A60181028202C3
:10B35000A9018402850286028702AE014402B1017E
:10B36000B20145028D028E028F0290029102B70156
:10B370007B030300FD03FE03FF03AC03040086030D
:10B38000880389038A03B1031103C2030200A303E4
:10B39000A303C4030803CC0303008C038E038F03B1
:10B3A000D8031801F2030A00F903F303F403F503C9
:10B3B000F603F703F703F903FA03FA033004200353
:10B3C00050041007600422018A043601C1040E01F2
:10B3D000CF040100C004D00444016105260400002C
:10B3E0007D1D0100632C001E9601A01E5A01001F46
:10B3F0000806101F0606201F0806301F0806401FFB
:10B400000606511F0700591F521F5B1F541F5D1F67
:10B41000561F5F1F601F0806701F0E00BA1FBB1F5C
:10B42000C81FC91FCA1FCB1FDA1FDB1FF81FF91F58
:10B43000EA1FEB1FFA1FFB1F801F0806901F08065C
:10B44000A01F0806B01F0400B81FB91FB21FBC1F01
:10B45000CC1F0100C31FD01F0206E01F0206E51F1C
:10B460000100EC1FF21F0100FC1F4E2101003221E0
:10B4700070211002842101008321D0241A05302C70
:10B480002F04602C0201672C0601752C0201802C10
:10B490006401002D260841FF1A03000030313233C9
:10B4A00034353637383941424344454640305800F8
:10B4B000303132333435363738396162636465662A
:10B4C0004030780004000008000000000000000286
:10B4D00000010000100000003F00000064656300F0
:10B4E0006964000072756E74696D650068656C70E2
:10B4F000000000006C69737400000000686578004B
:10B500007538206D665F70757463287538206329FF
:10B51000000000007538206D665F707574732875C3
:10B52000382A6329000000007538206D665F636C5F
:10B530006F736528766F69642900000075333220C7
:10B540006D665F73697A6528766F6964290000000B
:10B55000753332206D665F74656C6C28766F696434
:10B5600029000000766F6964205732355158585FC2
:10B5700045726173655F4368697028766F696429F5
:10B58000000000007538206D665F72656164646953
:10B590007228766F696429007538206D665F636C68
:10B5A0006F736564697228766F6964290000000012
:10B5B0007538206D665F6F70656E2875382A70610A
:10B5C00074682C7538206D6F646529007538206D9E
:10B5D000665F756E6C696E6B287538202A706E61B7
:10B5E0006D6529007538206D665F6D6B6469722822
:10B5F00075382A706E616D65290000007538206D00
:10B60000665F72656E616D65287538202A6F6C649F
:10B610006E616D652C75382A206E65776E616D657B
:10B6200029000000766F6964206D665F676574733A
:10B63000287531362073697A652900007538206DC8
:10B64000665F7363616E5F66696C65732875382029
:10B650002A207061746829007538206D665F6F70EC
:10B66000656E6469722875382A20706174682900D3
:10B67000766F6964206D665F6765746C6162656C86
:10B68000287538202A70617468290000766F696413
:10B69000206D665F7365746C6162656C2875382017
:10B6A0002A70617468290000766F69642077726976
:10B6B00074655F61646472287533322061646472FA
:10B6C0002C7533322076616C290000007538206DAE
:10B6D000665F7265616428753136206C656E29007D
:10B6E0007538206D665F77726974652875382A64CD
:10B6F00061742C753136206C656E290075333220EB
:10B70000726561645F6164647228753332206164BC
:10B71000647229007538206D665F6C7365656B28EF
:10B72000753332206F666673657429007538206D35
:10B73000665F6D6F756E742875382A207061746845
:10B740002C7538206D7429007538206D665F666D24
:10B750006B66732875382A20706174682C753820E0
:10B760006D6F64652C75313620617529000000000D
:10B77000753332206D665F73686F77667265652812
:10B780007538202A6472762900000000ACB70308DF
:10B79000000000205C020000C4010008B8B80308E3
:10B7A0005C020020CCC3010020020008111324F425
:10B7B00032010216102AFF012318EF1ED8B4030825
:10B7C000EC041AF4041AE0041AFC041ADC041AE467
:10B7D00004135DA7100808FCB6030813BE1B08A8D5
:10B7E0000813C96210080864B50308719E1F082C6D
:10B7F000B7030885082AB010129D1B0828081AE50F
:10B80000101ACC281339A31B08E0081AB1101A58D3
:10B81000081A85201A98201331A01B08840813DD0C
:10B82000A11B083C18138DA21B0870481A5D281A2A
:10B8300014081A29381A50201A1D081A3C081A6DC3
:10B84000181AE4081A91401A48201A35181ACC1010
:10B850001AD9401AFC081A95182A707019481A8CBF
:10B86000081A15301A24081ABD081119202AD158AF
:10B8700019082244142039B51408E5AE140879AF2C
:10B880001B08990C221902DC011379A4140841A5A4
:10B8900014086015322032681D1060A5010C130FCA
:10B8A0006812F0021110021E60200B30059007D0C4
:08B8B00008400AC00600000078
:040000050800018965
:00000001FF
