:020000040800F2
:10000000F018012051050008F1320008F53200080F
:10001000F9320008FD32000801330008000000003A
:100020000000000000000000000000000533000890
:1000300009330008000000000D33000811330008E8
:100040006B0500086B0500086B0500086B050008D0
:100050006B0500086B0500086B0500086B050008C0
:100060006B0500081B5100086B0500086B050008B4
:100070006B0500086B0500086B0500086B050008A0
:100080006B0500086B0500086B0500086B05000890
:100090006B0500086B0500086B050008A9550008F2
:1000A0006B0500086B0500086B0500082D3700087C
:1000B0006B0500084B3700086B0500086B0500084E
:1000C0006B0500086B0500086B0500086B05000850
:1000D0006B05000881480008CF500008C3380008AD
:1000E000014C00086B0500086B050008255300084B
:1000F0006B0500086B0500086B0500086B05000820
:100100006B0500086B0500086B0500086B0500080F
:10011000793200080B650008FF3400081D3500081F
:100120006B0500086B0500086B0500086B050008EF
:100130006B0500086B0500086B0500086B050008DF
:100140006B0500086B0500086B0500086B050008CF
:100150006B0500086B0500086B050008D344000818
:100160006B0500086B0500086B0500086B050008AF
:100170006B0500086B0500086B0500080000000017
:100180006B0500086B05000800F002F800F059F854
:100190000AA090E8000C82448344AAF10107DA45E2
:1001A00001D100F04EF8AFF2090EBAE80F0013F0DB
:1001B000010F18BFFB1A43F001031847CCB500002C
:1001C000ECB50000103A24BF78C878C1FAD85207BD
:1001D00024BF30C830C144BF04680C6070470000C1
:1001E0000023002400250026103A28BF78C1FBD840
:1001F000520728BF30C148BF0B60704766290BF01B
:100200006880642908F03E80782908F077806329A7
:1002100008F0AF84732908F0B484002070471FB53C
:100220000BF04DF89DE8030008F0D4F908F0ECFC61
:100230000400002000210AF0DDF9E0601FBD10B5C8
:1002400010BD08F003FE1146FFF7E9FF06F080FB42
:1002500008F021FE03B4FFF7F2FF03BC02F0ABFE8F
:1002600000200021AD4A126842F48032AB4B1A6084
:1002700000BF401CA94A126802F4003119B94FF6B8
:10028000FF729042F5D1A54A126802F4003232B9E9
:1002900000BFA24A126802F40032002AF9D09F4A35
:1002A0004032126842F080529C4B40331A609C4AA4
:1002B000126842F440429A4B1A60984A0832126817
:1002C000964B08331A601A46126842F400421A60CC
:1002D0001A46126842F4A0521A60924A1B1F1A6012
:1002E0001A1F126842F080721B1F1A6000BF8B4AEF
:1002F000126802F00072002AF9D0894A126842F4AA
:100300008032874B1A6000BF854A526802F48032FF
:10031000002AF9D0824A126842F40032804B1A60F7
:1003200000BF7F4A526802F40032002AF9D07B4AAB
:100330000832126822F00302784B08331A601A461A
:10034000126842F002021A6000BF744A0832126852
:1003500002F00802002AF8D0704710B5FFF780FFBE
:1003600010BD08B57048006840F470006E49086020
:100370006A48006840F001006849086000BF6748AB
:10038000006800F002000028F9D000BF6348083080
:10039000006840F08000614908310860002000904A
:1003A00002E00098401C009000985028F9D35B4868
:1003B0000830006840F0900058490831086000207B
:1003C000009002E00098401C009000985028F9D35B
:1003D00000BF52480830006820F003004F49083140
:1003E00008604E480068514908404C49086008467A
:1003F000006820F480200860002048490831086027
:1004000000BF46480830006800200028F9D148485D
:100410004249091D0860002040490C310860FFF77F
:100420009CFF08BD2DE9FF470FF2081ADAE900C862
:10043000DAE9029ACDE900C8CDE9029ADFF8DCC01A
:100440000CF1080CDCF800C0CCF3810727B1012FB8
:1004500009D0022F43D10DE0DFF8E8C0DFF8E880D3
:10046000C8F800C042E0DFF8E4C0DFF8DC80C8F87C
:1004700000C03BE0DFF8A4C00CF1040CDCF800C0C5
:100480000CF03F01DFF894C00CF1040CDCF800C064
:10049000CCF38812DFF884C00CF1040CDCF800C047
:1004A000CCF3014C0CF1010C4FEA4C04DFF86CC0AA
:1004B0000CF1040CDCF800C00CF48003B3F5800FE1
:1004C00001D1224800E01F48B0FBF1FC0CFB02FC0C
:1004D000BCFBF4FCDFF87080C8F800C006E0DFF871
:1004E00064C0DFF86480C8F800C000BF00BFDFF858
:1004F0002CC00CF1080CDCF800C0CCF303151DF87F
:100500000560DFF844C0DCF800C02CFA06FCDFF818
:100510003880C8F800C0BDE8FF87000000380240FE
:10052000007000401978400A88ED00E0FFFFF6FEF9
:10053000103000240000000000000000010203044D
:10054000060708090024F4000000002040787D011F
:100550000948804709480047FEE7FEE7FEE7FEE757
:10056000FEE7FEE7FEE7FEE7FEE7FEE70448054993
:10057000054A064B70470000630300088901000824
:10058000F0100120F0180120F0140120F0140120D7
:100590000146F94A02EB9110D0F8000801F01F0360
:1005A00001229A40104008B1012070470020FCE76A
:1005B000F0B506460024002700251C2E7DD007DC60
:1005C000B6B3102E10D0182E67D01A2E76D176E042
:1005D000B6F5E05F19D0B6F5E85F4CD0A6F540500F
:1005E00010380028F2D134E004E01120FFF7D0FFEA
:1005F0000546641C1DB94FF6FF708442F5D11120E9
:10060000FFF7C6FF00B101277AE005E041F601409F
:10061000FFF7BEFF0546641C1DB96FF070408442B1
:10062000F4D141F60140FFF7B3FF00B1012767E0C5
:10063000FFE704E00120FFF7ABFF0546641C15B996
:10064000B4F5A06FF6D10120FFF7A2FF00B101279A
:1006500056E005E043F21100FFF79AFF0546641CDF
:1006600015B9C6488442F5D143F21100FFF790FF57
:1006700000B1012744E005E041F60150FFF788FF93
:100680000546641C15B9BD488442F5D141F60150B8
:10069000FFF77EFF00B1012732E004E01920FFF7E9
:1006A00077FF0546641C15B9B4488442F6D1192079
:1006B000FFF76EFF00B1012722E010E01FE004E029
:1006C0001B20FFF765FF0546641C15B9AB48844243
:1006D000F6D11B20FFF75CFF00B1012710E004E01A
:1006E0001D20FFF755FF0546641C15B9A348844239
:1006F000F6D11D20FFF74CFF00B1012700E000BF3D
:1007000000BF3846F0BD00B59D48006840F00100CC
:100710009B4908600020FFF74BFF994808300068AC
:1007200020F0030096490831086095480068954913
:100730000840934908600846006820F4802008605B
:100740008F480830006800F443708D490831086014
:100750008D48091F08608C48103889498431086029
:100760008948091D0860002085490C3108608448CB
:100770008C3000688549084081498C31086000BD93
:100780007D4A02EB9011D1F8001800F01F030122FE
:100790009A401143784B03EB9012C2F8001870474F
:1007A000754A02EB9011D1F8001800F01F030122E6
:1007B0009A409143704B03EB9012C2F800187047B7
:1007C0006D4A02EB9011D1F8001800F01F030122CE
:1007D0009A401143684B03EB9012C2F8001870471F
:1007E000654A02EB9011D1F8001800F01F030122B6
:1007F0009A409143604B03EB9012C2F80018704787
:100800005D4A02EB9011D1F8001800F01F0301229D
:100810009A401143584B03EB9012C2F800187047EE
:10082000554A02EB9011D1F8001800F01F03012285
:100830009A409143504B03EB9012C2F80018704756
:100840004F487030006840F480304D497031086086
:1008500070474B487030006820F480304849703150
:1008600008607047464A0832116821F0030141EAE6
:100870000002434B08331A60704741480830006853
:1008800000F00C0070473E4A0832116821F0F00178
:1008900041EA00023A4B08331A607047384A08327E
:1008A000116821F4E05141EA0002354B08331A6027
:1008B0007047334A0832116821F4604141EA00026E
:1008C0002F4B08331A60704710B52D4B08331A6848
:1008D00022F0EC6242EA00030B43294C0834236007
:1008E00010BD10B5264B08331A6822F0784242EA50
:1008F00000030B43224C0834236010BDF0B50646BC
:10090000059C00251E488030076807F00040B0F1C4
:10091000004F07D107F08040B0F1804F01D1ED1DAD
:1009200000E06D1D022933D33F2931D805F1400085
:1009300090422DD8B2F5FA7F2AD8022B05D0042B8D
:1009400003D0062B01D0082B22D1022C20D30F2C50
:100950001ED841EA82104FF0010CCCEB530C40EA58
:100960000C40304340EA0460DFF814C00CF1040C82
:10097000CCF800000EE0000000300240FFFF0F0046
:1009800000380240FFFFF6EA10300024FFFFFCFEB3
:100990000020F0BD0120FCE70246322A0CD3B2F55C
:1009A000FA7F09D8022907D3072905D8900140EA20
:1009B0000170F94B186001E0002070470120FCE74E
:1009C00010B50346322B1AD3B3F5FA7F17D8022994
:1009D00005D0042903D0062901D008290FD1022A05
:1009E0000DD3072A0BD898010124C4EB510440EA27
:1009F000044040EA0270E84C241D206001E0002021
:100A000010BD0120FCE7E44A143A116821F440715A
:100A100041EA0002E04B143B1A607047DE4A7C3A20
:100A2000116821F4F81141EA0002DB4B7C3B1A60AB
:100A30007047D94A7C3A116821F4000141EA00026A
:100A4000D54B7C3B1A607047D34A3C32116821F089
:100A5000010141EA0002D04B3C331A607047CE4A94
:100A60003C32116821F0020141EA0002CA4B3C33DA
:100A70001A6070476FF08071884207D1C64908310B
:100A800009680140C44A0832116006E0C2490831D1
:100A900009680143C04A083211607047BE4A0832F3
:100AA000116821F4403141EA0002BB4B08331A605F
:100AB0007047B94A143A116821F0080141EA00026E
:100AC000B54B143B1A607047B44A02EB9011D1F851
:100AD000001800F01F0301229A401143AF4B03EBB3
:100AE0009012C2F800187047AC4A02EB9011D1F88E
:100AF000001800F01F0301229A409143A74B03EB1B
:100B00009012C2F80018704701461C2932D007DC49
:100B100059B310290FD018292AD01A292BD128E02F
:100B2000B1F5E05F14D0B1F5E85F20D0A1F54052F7
:100B3000103A02BB1AE0984A843A1068126822F40C
:100B40008032954B843B1A6040F480221A6013E097
:100B5000914A143A1068126822F001028E4B143B3D
:100B60001A6040F004021A6006E000BF00BF00BF38
:100B700000BF00BF00E000BF00BF704701461C2956
:100B800032D007DC59B310290FD018292AD01A29DE
:100B90002BD128E0B1F5E05F14D0B1F5E85F20D0AB
:100BA000A1F54052103A02BB1AE07B4A843A106821
:100BB000126822F48032784B843B1A6020F4802241
:100BC0001A6013E0744A143A1068126822F00102A5
:100BD000714B143B1A6020F004021A6006E000BF5B
:100BE00000BF00BF00BF00BF00E000BF00BF7047F4
:100BF000694A843A116821F0F80100F01F0241EAC5
:100C0000C202654B843B1A60704730B5624C241FAA
:100C1000236803F0304343EA000444EA41341443B8
:100C20005D4D2D1F2C6030BD5B48001F006840F0FB
:100C300000405949091F086070475748001F006865
:100C400020F000405449091F08607047524884381A
:100C5000006840F4002050498439086070474E48CD
:100C60008438006820F400204B49843908607047BC
:100C70004B4849497C310860704700F007004649FD
:100C8000B031086070472DE9F04F8CB00646002067
:100C90000A9044A090E8004CC068CDE905BECDF8AC
:100CA00010A007900FF2001ADAE9000ACDE9020A53
:100CB0000FF2F40ADAE9000ACDE9000A36487C3876
:100CC0000068C0F381000B900B9820B1012804D07C
:100CD000022828D103E0374927E0374925E02E488C
:100CE0008038006800F03F072B4880380068C0F368
:100CF000881C294880380068C0F30140401C4FEA36
:100D0000400925488038006800F48008B8F5800F55
:100D100001D1294B00E0274BB3FBF7F000FB0CF0AF
:100D2000B0FBF9F101E0234900BF00BF1A487C384D
:100D30000068C0F3031404A8055D21FA05F2164803
:100D40007C380068C0F3822402A8055D22FA05F011
:100D5000099011487C380068C0F342341DF80450F3
:100D600022FA05F0089036B1012E06D0022E06D0E8
:100D7000032E0AD106E00A9108E00A9206E00998DB
:100D80000A9003E008980A9000E000BF00BF0A98AC
:100D90000CB0BDE8F08F0000843802400030024003
:100DA0004D3C2B1A0000000000000000010203046B
:100DB000060708090024F40040787D0123480068F4
:100DC00040F080702149086070470146204A02EBDC
:100DD0009110D0F8000801F01F0301229A40104042
:100DE00008B1012070470020FCE7194A02EB90117E
:100DF000D1F8001800F01F0301229A401143144B50
:100E000003EB9012C2F800187047114A02EB9011E0
:100E1000D1F8001800F01F0301229A4011430C4B37
:100E200003EB9012C2F800187047094A02EB9011C8
:100E3000D1F8001800F01F0301229A409143044B9F
:100E400003EB9012C2F8001870470000743802409B
:100E50000030024010B50446F849601A8C424DD06B
:100E60000CDCF7482044E0B1B0F5806F22D0B0F53B
:100E7000006F31D0B0F5406F52D136E0B0F5806FE1
:100E800045D0B0F5184F03D0B0F51C4F48D11AE04B
:100E900040F60410FFF7B4FC40F60410FFF7C0FC66
:100EA0003FE040F61100FFF7ABFC40F61100FFF702
:100EB000B7FC36E040F61200FFF7A2FC40F6120045
:100EC000FFF7AEFC2DE040F60510FFF799FC40F669
:100ED0000510FFF7A5FC24E040F61300FFF790FC97
:100EE00040F61300FFF79CFC1BE040F61400FFF7F0
:100EF00087FC40F61400FFF793FC12E040F61E005A
:100F0000FFF77EFC40F61E00FFF78AFC09E040F682
:100F10001F00FFF775FC40F61F00FFF781FC00E0A3
:100F200000BF00BF10BD2DE9F04704460D46002765
:100F3000B846B9460026C149601A8C4235D00CDC4F
:100F4000BF482044E8B1B0F5806F1FD0B0F5006F06
:100F500021D0B0F5406F32D122E0B0F5806F29D0BA
:100F6000B0F5184F03D0B0F51C4F28D104E0032092
:100F7000FFF789FE074623E00320FFF784FE0746BC
:100F80001EE00220FFF77FFE074619E00220FFF770
:100F90007AFE074614E00220FFF775FE07460FE0D1
:100FA0000220FFF770FE07460AE00220FFF76BFE03
:100FB000074605E00220FFF766FE074600E000BF97
:100FC00000BFE06800F4004070B1780000EB55000D
:100FD000B0FBF5F64FF6F07006EA0008C6F34209DA
:100FE00048EA0900A0600CE007EB5500B0FBF5F6FD
:100FF0004FF6F07006EA000806F00F0948EA09000B
:10100000A060BDE8F087C26822F4C062C260C26816
:101010000A43C2607047C26822F48052C260C2684C
:101020000A43C2607047026922F4405202610269B9
:101030000A4302617047C16841F40051C1607047C2
:10104000C16821F40051C16070470A460021C1689F
:1010500021F008011143C16070470A460021C168B0
:1010600021F004011143C16070470A460021D0F805
:10107000801021F400611143C0F8801070470629E8
:101080002ED2DFE801F003180A1F1126D0F88020C5
:1010900042F48062C0F8802023E0D0F8802042F43F
:1010A0000072C0F880201CE0D0F8802042F48072EA
:1010B000C0F8802015E0D0F8802022F48062C0F8CB
:1010C00080200EE0D0F8802022F40072C0F880204A
:1010D00007E0D0F8802022F48072C0F8802000E081
:1010E00000BF00BF7047C26822F40042C260C268FD
:1010F0000A43C2607047426922F400624261426959
:101100000A4342617047D0F8801041F00101C0F8F5
:1011100080107047D0F8801021F00101C0F88010D5
:10112000704750F8842F02F07F42026002680A4341
:1011300040F884297047C1F30802426070470146B5
:101140004868C0F308007047026922F00F0202618C
:10115000026901F00F031A4302617047C16841F050
:101160000201C1607047C16821F00201C16070478F
:10117000C26822F40062C260C2680A43C26070475B
:10118000016941F4804101617047016921F48041A6
:1011900001617047026922F020020261026901F0D8
:1011A00020031A4302617047C16841F00101C16028
:1011B0007047416941F0080141617047416921F080
:1011C000080141617047016941F4006101617047A4
:1011D000016921F400610161704730B5046924F4AC
:1011E000E064046101F4807402F400752C4303F49C
:1011F00080652C4305692C43046130BD826922F46B
:101200007F42826182694FF47F4303EA01231A43DC
:1012100082617047416941F0200141617047416935
:1012200021F0200141617047416941F010014161A5
:101230007047416921F0100141617047007800401A
:1012400000BCFFBF50F8802F22F00E02026002683F
:101250000E2303EA41031A4340F88029704750F8EF
:10126000842F22F07F42026002684FF07F4303EA3E
:1012700001631A4340F884297047416941F0020133
:1012800041617047416921F0020141617047826903
:1012900022F0FF02826182690A43826170474269DB
:1012A00022F004024261426901F004031A434261E0
:1012B0007047426922F480724261426901F480738E
:1012C0001A4342617047426922F4007242614269E6
:1012D00001F400731A434261704750F8C02F22F0A6
:1012E00004020260026801F004031A4340F8C029B6
:1012F000704750F8C02F22F002020260026801F02D
:1013000002031A4340F8C029704750F8C02F22F05A
:1013100001020260026801F001031A4340F8C0298B
:101320007047426922F040024261426901F0400385
:101330001A4342617047426922F080024261426969
:1013400001F080031A434261704710B5024602EB78
:101350009110006801F01F040123A340184008B158
:10136000012010BD0020FCE710B543F208029142B5
:101370000BD100EB9112126801F01F040123A3406E
:101380009A4300EB91131A6007E001F01F0301225A
:101390009A40D24300EB91131A6010BD10B500EBD8
:1013A0009112126801F01F040123A3401A4300EBBD
:1013B00091131A6010BD10B500EB9112126801F084
:1013C0001F040123A3409A4300EB91131A6010BD40
:1013D00070B5024600230024C1F38910105801F0B3
:1013E0001F060125B54000EA050302EB9150006895
:1013F000C1F304460125B54000EA050414B10BB160
:10140000012070BD0020FCE710B500EB915212687E
:10141000C1F304440123A3409A4300EB91531A60A3
:1014200010BD00004B4901434B4A116070472DE944
:10143000F04103460D46164600240027A0464648C4
:10144000006800F4E060B0F5E06F03D100BF4FF03A
:10145000040830E04048006800F4E060B0F5C06F78
:1014600003D101274FF0030825E03B48006800F452
:10147000E060B0F5A06F02D10227B8461BE0364805
:10148000006800F4E060B0F5806F03D103274FF0EF
:10149000010810E03048006800F4E060B0F5407FDB
:1014A00003D104274FF0000805E04FF4A060FFF7D8
:1014B000B9FF0227B846C7F1040005FA00F4C8F1E5
:1014C00004010F20C8403040044324012348C45481
:1014D00003F01F01012088405911890001F1E0212A
:1014E000C1F80001BDE8F08100F01F020121914028
:1014F0001B4A431142F8231070471A4A0A4002431C
:10150000154B1B1F1A60BFF34F8F70471249091DFF
:1015100009680143104A121D116070470E49091DE8
:10152000096881430C4A121D11607047042808D1D4
:101530004FF0E021096941F004014FF0E022116110
:1015400007E04FF0E021096921F004014FF0E022AB
:10155000116170470000FA050CED00E000E400E0C6
:1015600080E100E080FFFF1F10B540F60810FFF794
:1015700047F940F60810FFF753F910BDF74909681D
:1015800021F4E021F64AC2F804131146D1F80413FD
:101590000143C2F804137047AAB101F480731BB170
:1015A000436843F48073436001F480631BB1436874
:1015B00043F48063436001F00203CBB1836843F0DE
:1015C0000203836014E001F480731BB1436823F4C9
:1015D0008073436001F480631BB1436823F480632C
:1015E000436001F002031BB1836823F002038360B0
:1015F000704721B1826842F40062826003E0826831
:1016000022F4006282607047816801F0010119B91B
:10161000816841F0010181607047816821F001011A
:1016200081607047816841F00801816000BF816876
:1016300001F008010029FAD1816841F004018160BC
:1016400000BF816801F004010029FAD17047A1B1FF
:1016500000F4800232B1C14A126842F48002C04BE9
:10166000C3F8042300F40002DAB1BC4A126842F461
:101670000002BB4BC3F8042313E000F4800232B134
:10168000B64A126822F48002B54BC3F8042300F472
:10169000000232B1B14A126822F40002B04BC3F822
:1016A00004237047426822F04072426042680A4355
:1016B0004260704730B5B1F5007F06D1D0F8804068
:1016C00044F40074C0F8804005E0D0F8804024F471
:1016D0000074C0F8804050F8804F24F4FE74046019
:1016E000046842EA03052C4340F8804930BDD0F835
:1016F000801041F00101C0F880107047D0F88010D0
:1017000021F00101C0F880107047816841F48071B8
:1017100081607047816821F48071816070478168C1
:1017200041F4007181607047816821F4007181602B
:10173000704730B5436823F4C0534360012904D097
:10174000022916D0042919D119E0436823F4604313
:101750004360082A08D83AB14368541E4FF46045E4
:1017600005EA443423434360436843F40063436021
:1017700006E0436843F48053436001E000BF00BFCC
:1017800000BF30BD30B5012902D0022920D10FE0C1
:101790006AB1102A0BD8C36A23F47003C362C36A08
:1017A000541E4FF4700505EA04542343C36210E04D
:1017B0006AB1042A0BD8836B23F440138363836BD1
:1017C000541E4FF4401505EA04542343836300E09C
:1017D00000BF00BF30BDF0B51D4606290CDA436BD3
:1017E00001EB81071F26BE40B34301EB810602FADD
:1017F00006F63343436322E00C290EDA036B8E1F97
:1018000006EB86071F26BE40B3438E1F06EB8606F7
:1018100002FA06F63343036311E010290FDAC36AB4
:10182000A1F10C0606EB86071F26BE40B343A1F1CB
:101830000C0606EB860602FA06F63343C3620A2A52
:101840000CDA046902EB42070726BE40B44302EB00
:10185000420605FA06F63443046111E0122A0FDC51
:10186000C468A2F10A0606EB46070726BE40B44349
:10187000A2F10A0606EB460605FA06F63443C460F2
:10188000F0BDF0B50C46876BC7F30156042C12D29D
:10189000856B371B07EB8707C7F10F0C1F2707FA6C
:1018A0000CF7BD43371B07EB8707C7F10F0702FA99
:1018B00007F73D4385630A2A0DDA016902EB420C02
:1018C000072707FA0CF7B94302EB420703FA07F7B9
:1018D0003943016112E0122A10DCC168A2F10A0743
:1018E00007EB470C072707FA0CF7B943A2F10A07E1
:1018F00007EB470703FA07F73943C160F0BD70B53E
:101900000B460021856BC5F30154E51AC5F10301AF
:10191000032905D88900C2F30B0600F114056E50A7
:1019200070BD012902D0022910D107E0836823F09D
:101930007063836083681343836008E0836823F4E3
:101940007023836083681343836000E000BF00BF9F
:101950007047012906D0022916D10CE0042301406A
:1019600000200140836823F040538360836843EA8A
:101970000273836009E0836823F440138360836803
:1019800043EA0253836000E000BF00BF70470129B3
:1019900002D002290AD104E0826842F080428260CB
:1019A00005E0826842F48002826000E000BF00BF70
:1019B000704711B101290AD104E0826822F48062E3
:1019C000826005E0826842F48062826000E000BFCD
:1019D00000BF70470146C86C80B2704702460B4694
:1019E00033B1012B06D0022B06D0032B08D105E022
:1019F000D16B07E0116C05E0516C03E0916C01E0E4
:101A0000002100BF00BF88B27047416821F4007117
:101A100041607047426822F01F02426042680A43F8
:101A20004260426842F40072426070474268894BEB
:101A30001A404260012904D0022907D003290FD19E
:101A400009E0426842F4000242600AE0426842F45F
:101A50008002426005E0426842F44002426000E0D9
:101A600000BF00BF7047012904D0022907D0032915
:101A70000FD109E0426822F4000242600AE04268A5
:101A800022F48002426005E0426822F44002426093
:101A900000E000BF00BF7047C1F30B038362C2F3D5
:101AA0000B03436270470246002013680B4003B1EA
:101AB0000120704702688A43026070470146002097
:101AC0000A6802F0100202B10120704701460020AE
:101AD0000A6802F0080202B10120704710B5024600
:101AE0000B460020012B06D0022B0ED0042B16D063
:101AF000202B28D11DE0146804F00101546804F083
:101B000040040CB101B101201EE0146804F0020190
:101B1000546804F020040CB101B1012014E01468F1
:101B200004F00401546804F080040CB101B10120F8
:101B30000AE0146804F02001546804F080640CB1D9
:101B400001B1012000E000BF00BF10BD02688A4360
:101B50000260704720290CD0402905D080290DD083
:101B6000B1F1806F14D10EE0426842F04002426051
:101B70000FE0426842F0200242600AE0426842F010
:101B80008002426005E0426842F08062426000E00C
:101B900000BF00BF704720290CD0402905D0802904
:101BA0000DD0B1F1806F14D10EE0426822F04002F6
:101BB00042600FE0426822F0200242600AE0426880
:101BC00022F08002426005E0426822F080624260BA
:101BD00000E000BF00BF70471F49096821F01F01E6
:101BE0001E4AC2F804131146D1F804130143C2F887
:101BF000041370471849096821F47061174AC2F844
:101C000004131146D1F804130143C2F804137047BA
:101C10001149096821F44041104AC2F804131146E1
:101C2000D1F804130143C2F8041370470A4800684E
:101C300040F400500949C1F80403704706480068A1
:101C400020F400500549C1F8040370470248001D04
:101C500000687047FFFD3FFF042301400020014062
:101C600010B50446C4F3090000285DD1A012A0F508
:101C700080108038092857D2DFE800F0050E1720C1
:101C800029323B444D004FF48060FEF7B9FD4FF41C
:101C90008060FEF7C5FD48E040F20140FEF7B0FD70
:101CA00040F20140FEF7BCFD3FE040F20240FEF78B
:101CB000A7FD40F20240FEF7B3FD36E040F20340DC
:101CC000FEF79EFD40F20340FEF7AAFD2DE040F234
:101CD0000440FEF795FD40F20440FEF7A1FD24E02C
:101CE00040F20540FEF78CFD40F20540FEF798FDFE
:101CF0001BE040F20640FEF783FD40F20640FEF78F
:101D00008FFD12E040F20740FEF77AFD40F20740F7
:101D1000FEF786FD09E04FF48160FEF771FD4FF498
:101D20008160FEF77DFD00E000BF00BF10BDF0B593
:101D300004460D4616462168E268002019E0012796
:101D400087401F409FB14FEA400C032707FA0CF76A
:101D5000B943470005FA07F739434FEA400C032718
:101D600007FA0CF7BA43470006FA07F73A43471C4D
:101D7000B8B21028E3D32160E260F0BDF0B50C46A4
:101D80001546012C03D146681E43466002E04668B2
:101D90009E434660826800210DE001268E401E4071
:101DA0003EB14F000326BE40B2434E0005FA06F690
:101DB00032434E1CB1B21029EFD38260F0BD816175
:101DC0007047816270470AB1816100E081627047AB
:101DD0004161704702461069084008B10120704710
:101DE0000020FCE70146086980B27047024650694E
:101DF000084008B1012070470020FCE7014648690F
:101E000080B27047F0B503461C6A5D6A00200DE0A1
:101E10000126864016403EB187000F26BE40B443DF
:101E2000860001FA06F63443461CB0B20828EFD308
:101E3000082011E00126864016405EB1A0F1080698
:101E4000B7000F26BE40B543A0F10806B60001FA60
:101E500006F63543461CB0B21028EBD31C625D6217
:101E6000F0BD4FF480320A43C261C161C261C269F0
:101E7000C2697047C16270474FF6FF71C162704717
:101E8000002057490860091D0860091D0860091DE8
:101E90000860091D0860704710B5514B1B688343EB
:101EA0004F4C2360231D1B688343241D2360231D87
:101EB0001B688343241D2360231D1B688343241D4B
:101EC000236011B101290ED105E0454B1B68034386
:101ED000434C236008E0424B1B1D1B680343404CEE
:101EE000241D236000E000BF00BF32B1012A11D0E1
:101EF000022A1CD0032A27D127E0394B08331B685C
:101F00000343374C08342360231D1B688343241D7F
:101F100023601BE0324B08331B688343304C08348A
:101F20002360231D1B680343241D23600EE02C4BFC
:101F300008331B6803432A4C08342360231D1B68A5
:101F40000343241D236001E000BF00BF00BF10BD9C
:101F5000234909680143224A1160704720490968F2
:101F600081431F4A116070471D49091D09680143DB
:101F70001B4A121D116070471949091D09688143E8
:101F8000174A121D11607047154910310968014345
:101F9000134A1032116070471149103109688143AA
:101FA0000F4A10321160704701460D481430006826
:101FB000084008B1012070470020FCE708491431AF
:101FC000086070470146064814300068084008B1B0
:101FD000012070470020FCE7014914310860704778
:101FE000003C014010B540F60E10FEF709FC40F62B
:101FF0000E10FEF715FC10BD4849096821F00701D5
:10200000464A116011460968014311607047434A0E
:10201000116821F4807141EA0002404B1A60704758
:102020003E4A116821F4406141EA00023B4B1A60CC
:10203000704770B504460B46CD1701EB9575AD1092
:10204000A1EB8505AE000F25B540E843CD1701EBA8
:102050009575AD10A1EB8505AD0004FA05F2CD171D
:1020600001EB9575AD1035B1012D10D0022D1AD0B0
:10207000032D30D123E0294B08331B680340274D43
:1020800008352B602B461B6813432B6024E0234B41
:102090000C331B680340214D0C352B602B461B680D
:1020A00013432B6018E01D4B10331B6803401B4D7E
:1020B00010352B602B461B6813432B600CE0174B2D
:1020C00014331B680340154D14352B602B461B68D9
:1020D00013432B6000E000BF00BF70BD0F4A121D0C
:1020E000116821F4000141EA00020C4B1B1D1A602B
:1020F00070470A4A2032116821F0010141EA0002CA
:10210000064B20331A60704704482030006800F402
:10211000807008B1012070470020FCE700380140C2
:1021200010B50446FE49601A8C426FD019DCFD4997
:10213000A4EB01008C424ED009DCB4F1804F2ED0CC
:10214000F9482044A0B3B0F5806F72D13AE0B0F501
:10215000806F49D0B0F5006F4FD0B0F5406FF4D12B
:102160007BE0B0F5923F5BD009DCB0F5806F73D0B7
:10217000B0F5644F0AD0B0F5684F5AD147E0B0F5DA
:10218000943F57D0B0F5963F53D15CE04FF41060C8
:10219000FEF736FB4FF41060FEF742FB79E04FF498
:1021A0000060FEF72DFB4FF40060FEF739FB70E096
:1021B000FFE740F60100FEF723FB40F60100FEF7C3
:1021C0002FFB66E040F60200FEF71AFB40F6020025
:1021D000FEF726FB5DE040F60300FEF711FB40F63C
:1021E0000300FEF71DFB54E040F60400FEF708FB79
:1021F00040F60400FEF714FB4BE040F60500FEF746
:10220000FFFA40F60500FEF70BFB42E02EE040F639
:102210000110FEF7F5FA40F60110FEF701FB38E079
:102220004FF41160FEF7ECFA4FF41160FEF7F8FA84
:102230002FE02DE040F61110FEF7E2FA40F6111003
:10224000FEF7EEFA25E040F61210FEF7D9FA40F656
:102250001210FEF7E5FA1CE011E040F60600FEF76A
:10226000CFFA40F60600FEF7DBFA12E040F6070070
:10227000FEF7C6FA40F60700FEF7D2FA09E040F68C
:102280000800FEF7BDFA40F60800FEF7C9FA00E0C4
:1022900000BF00BF10BD00210180418081804FF64A
:1022A000FF7181600021C180017370470A888262DA
:1022B0009E4A90420FD0B0F1804F0CD09A4A5242C1
:1022C000904208D09A4A904205D0964A904202D055
:1022D000984A90420BD1026822F0700202600268B4
:1022E0004B881A43026002688B881A4302608A682E
:1022F000C262914A90420AD0904A904207D0026846
:1023000022F4407202600268CB881A430260874A56
:10231000904202D0874A904201D10A7B026342690F
:1023200042F0010242617047016841F00101016021
:102330007047016821F0010101607047016841F0B8
:10234000800101607047016821F0800101607047E1
:10235000016821F0020101607047016841F002014B
:1023600001607047026822F06002026002680A435E
:1023700002607047016821F0100101607047016838
:1023800041F010010160704781621AB9436943F05E
:1023900001034361704701637047C1627047416246
:1023A000704701460020486A7047014600208A6A4B
:1023B00090B2704721B9026842F00802026005E05D
:1023C000012903D1026822F008020260704721B996
:1023D000026842F00402026005E0012903D10268AC
:1023E00022F0040202607047C2680A43C26070476C
:1023F000C2688A43C260704721B9426842F008024D
:10240000426005E0012903D1426822F008024260DF
:10241000704710B5836C41F61F74A3438364836CCB
:1024200041EA02042343836410BD42690A434261C6
:1024300070470021018041808180C18001814181FC
:10244000818170470A884B881A438B881A43CB884E
:102450001A430B891A434B891A438B891A434264E6
:102460007047416C41F4805141647047416C21F4E4
:10247000805141647047416C41F480414164704730
:10248000416C21F4804141647047012904D1426CC0
:1024900042F40042426403E0426C22F4004242648F
:1024A0007047012904D1426842F00102426003E012
:1024B000426822F001024260704721B9426822F06E
:1024C0000402426005E0012903D1426842F004029F
:1024D000426070470021018041808180C18001817C
:1024E0004181704710B531B1012950D002297DD00A
:1024F00003297CD1D0E0036A23F0010303628369DE
:1025000023F003038361036A148823430362036A8D
:1025100023F002030362036A9488234303620FE0FB
:10252000001C0040000C004000FCFFBF0000014008
:10253000000800400004014000100040001400406A
:10254000FA4B984202D0FA4B98421FD1036A23F00B
:1025500004030362036A548823430362036A23F07B
:1025600008030362036AD48823430362436823F4A5
:10257000807343604368148923434360436823F4B2
:10258000007343604368548923434360ABE0036AAC
:1025900023F010030362836923F440738361036AA9
:1025A000148843EA04130362036A23F020030362DE
:1025B000036A948843EA04130362DC4B984202D016
:1025C000DB4B984226D1036A23F040030362036A7F
:1025D000548843EA04130362036A23F0800303620E
:1025E000036AD48843EA0413036201E013E079E04C
:1025F000436823F4806343604368148943EA840397
:102600004360436823F4006343604368548943EAAA
:102610008403436067E0036A23F480730362C36941
:1026200023F00303C361036A148843EA04230362AB
:10263000036A23F400730362036A948843EA042361
:102640000362BA4B984202D0B94B984223D1036A35
:1026500023F480630362036A548843EA0423036219
:10266000036A23F400630362036AD48843EA042301
:102670000362436823F4805343604368148943EA48
:1026800004134360436823F4005343604368548950
:1026900043EA0413436026E0036A23F48053036291
:1026A000C36923F44073C361036A148843EA0433A3
:1026B0000362036A23F400530362036A948843EAC3
:1026C00004330362994B984202D0994B984208D147
:1026D000436823F4804343604368148943EA8413C6
:1026E000436000E000BF00BF10BD31B101290CD034
:1026F000022913D0032922D118E0836923F0700343
:1027000083618369134383611AE0836923F4E0439F
:102710008361836943EA0223836111E0C36923F083
:102720007003C361C3691343C36109E0C36923F440
:10273000E043C361C36943EA0223C36100E000BF11
:1027400000BF704731B1012906D0022906D0032904
:1027500008D105E0426306E0826304E0C26302E060
:10276000026400E000BF00BF704731B101290CD006
:10277000022913D0032922D118E0836923F008032A
:1027800083618369134383611AE0836923F40063DF
:102790008361836943EA0223836111E0C36923F003
:1027A0000803C361C3691343C36109E0C36923F428
:1027B0000063C361C36943EA0223C36100E000BF51
:1027C00000BF704731B101290CD0022913D0032971
:1027D00022D118E0836923F00403836183691343E2
:1027E00083611AE0836923F480638361836943EA28
:1027F0000223836111E0C36923F00403C361C36949
:102800001343C36109E0C36923F48063C361C369EF
:1028100043EA0223C36100E000BF00BF704731B14B
:1028200001290CD0022913D0032922D118E0836991
:1028300023F0800383618369134383611AE0836912
:1028400023F400438361836943EA0223836111E037
:10285000C36923F08003C361C3691343C36109E003
:10286000C36923F40043C361C36943EA0223C3611C
:1028700000E000BF00BF704731B101290CD0022930
:1028800013D0032923D119E0036A23F00203036262
:10289000036A134303621BE0036A23F0200303620D
:1028A000036A43EA0213036212E0036A23F400732B
:1028B0000362036A43EA0223036209E0036A23F422
:1028C00000530362036A43EA0233036200E000BF7D
:1028D00000BF704721B101290AD002291AD110E0A6
:1028E000036A23F008030362036A1343036212E0DE
:1028F000036A23F080030362036A43EA021303625C
:1029000009E0036A23F400630362036A43EA0223D3
:10291000036200E000BF00BF704759B1012911D028
:10292000022918D0032928D11EE000000000014030
:1029300000040140036A23F001030362036A1343A6
:1029400003621BE0036A23F010030362036A43EA95
:102950000213036212E0036A23F480730362036AC2
:1029600043EA0223036209E0036A23F4805303620B
:10297000036A43EA0233036200E000BF00BF70470E
:1029800021B101290AD002291AD110E0036A23F0EB
:1029900004030362036A1343036212E0036A23F031
:1029A00040030362036A43EA0213036209E0036A15
:1029B00023F480630362036A43EA0223036200E0B4
:1029C00000BF00BF7047002101800121418000212C
:1029D0008180C180704731B101290CD0022913D008
:1029E000032922D118E0836923F00C0383618369F2
:1029F000134383611AE0836923F44063836183692D
:102A000043EA0223836111E0C36923F00C03C3612D
:102A1000C3691343C36109E0C36923F44063C3611D
:102A2000C36943EA0223C36100E000BF00BF7047EF
:102A300070B504460E46154636B1012E26D0022E3C
:102A400048D0032E7DD168E0206A20F0010020628A
:102A5000206A20F00A002062206A29880843206248
:102A6000A06920F00300A061A06969880843A06103
:102A7000A06920F0F000A061A069E98840EA011097
:102A8000A061206A40F0010020626DE0206A20F021
:102A900010002062206A20F0A0002062206A2988AD
:102AA00040EA01102062A06920F44070A061A06992
:102AB000698840EA0120A061A06920F47040A0610B
:102AC000A069E98840EA0130A061206A40F0100066
:102AD000206249E0206A20F480702062206A20F49D
:102AE00020602062206A298840EA01202062E06993
:102AF00020F00300E061E06969880843E061E06973
:102B000020F0F000E061E069E98840EA0110E0614E
:102B1000206A40F48070206226E0206A20F4805011
:102B20002062206A20F400502062206A298840EA4E
:102B300001302062E06920F44070E061E06969885A
:102B400000E010E040EA0120E061E06920F470401C
:102B5000E061E069E98840EA0130E061206A40F420
:102B60008050206200E000BF00BFAA8831462046A6
:102B7000FFF731FF70BD0246002031B1012906D0B8
:102B8000022906D0032908D105E0506B06E0906BBE
:102B900004E0D06B02E0106C00E000BF00BF7047A3
:102BA0002DE9F04104460E4615460027B846288810
:102BB00008B9022700E000276888012802D14FF0F9
:102BC000020801E04FF00108002E4CD1206A20F0ED
:102BD00001002062206A20F00A002062206A298811
:102BE00008432062A06920F00300A061A069698801
:102BF0000843A061A06920F0F000A061A069E98805
:102C000040EA0110A061206A40F001002062AA8819
:102C100000212046FFF7DFFE206A20F0100020622E
:102C2000206A20F0A0002062206A40EA071020629B
:102C3000A06920F44070A061A06940EA0820A0616A
:102C4000A06920F47040A061A069E98840EA0130E1
:102C5000A061206A40F010002062AA88012120466D
:102C6000FFF7B9FE4CE0206A20F010002062206AD5
:102C700020F0A0002062206A298840EA011020622A
:102C8000A06920F44070A061A069698840EA012031
:102C9000A061A06920F47040A061A069E98840EAC1
:102CA0000130A061206A40F010002062AA88012152
:102CB0002046FFF790FE206A20F001002062206A83
:102CC00020F00A002062206A38432062A06920F0C8
:102CD0000300A061A06940EA0800A061A06920F09B
:102CE000F000A061A069E98840EA0110A061206AB3
:102CF00040F001002062AA8800212046FFF76BFE09
:102D0000BDE8F08121B9426842F08002426005E0EE
:102D1000012903D1426822F0800242607047826834
:102D200022F07002826082680A43826070474268C3
:102D300022F07002426042680A4342607047826833
:102D400022F00702826082680A438260704721B9DC
:102D5000826842F08002826005E0012903D1826826
:102D600022F080028260704730B5846824F43F44CA
:102D70008460846841EA02052C438460846844EAE4
:102D80000324846030BD30B5846824F00704846077
:102D900084680C438460846940F20335AC438461E9
:102DA000846940F201152C438461046A24F00A040A
:102DB0000462046A24F0A0040462046A42EA03156F
:102DC0002C43046230BD816821F0070181607047A7
:102DD00010B503460C4621461846FFF7A0FF986839
:102DE00020F007009860986840F00700986010BDD8
:102DF00070B504460E461546602E20D1206A20F09C
:102E000010002062206A20F0A0002062206A40EAC0
:102E100005102062A06920F44070A061A06940F410
:102E20008070A061A06920F47040A061A06940EAB0
:102E30000330A061206A40F0100020621EE0206A8A
:102E400020F001002062206A20F00A002062206A3F
:102E500028432062A06920F00300A061A06940F02F
:102E60000100A061A06920F0F000A061A06940EA23
:102E70000310A061206A40F0010020623146204624
:102E8000FFF74DFFA06820F00700A060A06840F0A9
:102E90000700A06070BDF0B504460D4616461F46FB
:102EA0003B46324629462046FFF75EFFA06820F0E9
:102EB0007700A060A06840F07700A060F0BDF0B59A
:102EC00004460D4616461F463B46324629462046D6
:102ED000FFF74AFFA06840F48040A060F0BD816821
:102EE00021F480418160704701657047022906D155
:102EF000D0F8FC2042F00202C0F8FC2006E029B91C
:102F0000D0F8FC2022F00202C0F8FC207047012912
:102F100006D1D0F8FC2042F00102C0F8FC2006E007
:102F200029B9D0F8FC2022F00102C0F8FC2070473B
:102F300002461069084008B1012070470020FCE7F4
:102F4000CA4302617047C2680A43C2607047C268E0
:102F50008A43C26070470246D06800EA01031069E4
:102F6000084010B10BB1012070470020FCE7CA43B4
:102F70000261704770B505460E46002405E0295DE4
:102F800016A005F035F9601C84B2B442F7DB14A03A
:102F900005F02EF900F061F970BD10B54FF4A06096
:102FA000FEF740FA00F0C8F9AFF237014FF4E13014
:102FB00000F0E6F810BD00BF704770B504460D463E
:102FC000E1B20848FEF7B7F800BF07210548FEF751
:102FD000BCF90028F9D0204670BD00002563000030
:102FE0000D0A0000004C004010B5044604F001003A
:102FF000B0B140F60240FDF7C3FB4FF480630022FE
:1030000001215C48FEF793FE4FF480630222002109
:103010005848FEF7B3FE4FF480615648FEF7D1FEE4
:1030200004F00200022813D14FF44060FDF7A8FB22
:103030001023002201215048FEF779FE10230222BE
:1030400000214D48FEF79AFE10214B48FEF7B9FECD
:1030500004F00400042813D140F60540FDF790FB6E
:103060004023002201214548FEF761FE4023022251
:1030700000214248FEF782FE40214048FEF7A1FEB3
:1030800010BD10B5044604F0010040B14FF480615A
:103090003848FEF796FE40F60240FDF781FB04F04B
:1030A0000200022807D110213348FEF78AFE4FF4B0
:1030B0004060FDF775FB04F00400042807D14021AF
:1030C0002E48FEF77EFE40F60540FDF769FB10BD79
:1030D00010B5044604F0010020B14FF4806125488A
:1030E000FEF76DFE04F00200022803D110212248F1
:1030F000FEF765FE04F00400042803D140211F48B8
:10310000FEF75DFE10BD10B5044604F0010020B1CD
:103110004FF480611748FEF754FE04F002000228C5
:1031200003D110211448FEF74CFE04F004000428DB
:1031300003D140211148FEF744FE10BD10B50446EE
:1031400004F0010020B14FF480610A48FEF792FEBE
:1031500004F00200022803D110210748FEF78AFE7E
:1031600004F00400042803D140210448FEF782FE45
:1031700010BD0000000802400000024000140240A0
:1031800070B505460C4641F21300FDF7F9FA4FF40D
:103190004060FDF7F5FA032208214E48FEF732FEA3
:1031A0000323012202214B48FEF7C1FD0323022223
:1031B00000214848FEF7E2FD4748FDF74BFE29464F
:1031C0004548FDF7B0FE4448FDF735FF0821424869
:1031D000FDF73BFF04214048FDF73FFF84B13F4826
:1031E0000460022211463420FEF721F940F2053135
:1031F0003948FEF7D3F84FF441713748FEF7CEF85F
:1032000070BD10B53420FEF76FF93348FDF718FF95
:1032100041F21300FDF7C4FA4FF44060FDF7C0FA25
:1032200010BD10B5044621462B48FDF784FF00BFB2
:1032300007212948FEF789F80028F9D010BD70B59C
:1032400004460D4603E014F8010BFFF7EAFF281EC1
:10325000A5F10101CDB2F6D170BD002004E000213E
:103260001F4A1154411C88B21E4909888842F6DB66
:1032700000201C490880704710B51B491648FEF70E
:10328000A7F8012811D11448FDF759FF0446154845
:103290000088B0F5806F07DA124802880088401C69
:1032A000104B18800E48845412E010490A48FEF76B
:1032B0008FF801280CD10848FDF741FF0948008824
:1032C000002805DD074801880548044A1268904730
:1032D00010BD000000000240004C0040080000202B
:1032E000E80000200C000020050305000403040092
:1032F00000BFFEE700BFFEE700BFFEE700BFFEE73E
:1033000000BFFEE700BFFEE700BFFEE700BFFEE72D
:1033100010B500F03EF810BD10B5002807DA0A0716
:10332000140E2B4A00F00F031B1FD45403E00A07AE
:10333000130E284A135410BD10B5274800684FF4E7
:103340007A71B0FBF1F4601EB0F1807F01D30120EF
:103350000FE0601E4FF0E02148610F214FF0FF3079
:10336000FFF7DAFF00204FF0E021886107200861B5
:10337000002008B100BFFEE70021481EFFF7CCFF88
:1033800010BD1649086000BF144909680029FBD127
:1033900070471248006820B110480068401E0F496D
:1033A0000860704710B54FF0E02399690A4B1B681D
:1033B0004FF47A74B3FBF4F3B3FBF4F303FB00F2C2
:1033C00000BF4FF0E0239B69CB1A9342F9D310BDA5
:1033D00018ED00E000E400E00000002010000020F4
:1033E0007FB505460C4641F20400FDF7C9F9534884
:1033F000FEF796FE7720ADF800000020ADF8020041
:10340000ADF80400681E02900020ADF80600694681
:103410004A48FEF74BFF022201213620FEF707F84B
:1034200001214648FFF7A3FD01214448FFF78BFD2A
:10343000434804604148FEF777FF7FBD10B53F4821
:10344000FEF777FF3620FEF74FF83C48FEF768FEA0
:1034500041F20400FDF7A4F910BD10B53748FEF79E
:1034600063FF10BD10B53548FEF763FF10BD7FB593
:1034700005460C4641F20500FDF782F93148FEF79A
:103480004FFE42F6DF60ADF800000020ADF802000C
:10349000ADF80400681E02900020ADF806006946F1
:1034A0002848FEF703FF022201213720FDF7BFFF66
:1034B00001212448FFF75BFD01212248FFF743FD6E
:1034C000214804601F48FEF72FFF7FBD10B51D483F
:1034D000FEF72FFF3720FEF707F81A48FEF720FE09
:1034E00041F20500FDF75CF910BD10B51548FEF777
:1034F0001BFF10BD10B51348FEF71BFF10BD10B524
:1035000001210E48FFF727FD012806D101210B48B4
:10351000FFF72DFD0A480068804710BD10B5012156
:103520000848FFF718FD012806D101210548FFF7DB
:103530001EFD05480068804710BD000000100040D7
:10354000140000200014004018000020F0B587B0DF
:1035500007460D4616461C464FF48850FDF710F9F5
:103560008148FEF7DDFDEF20ADF80C000020ADF83E
:103570000E00ADF81000781E05900020ADF8120086
:103580008DF8180003A97848FEF790FE0120ADF8E9
:1035900000000020ADF80400ADF808000420ADF8EC
:1035A00002000020ADF80600ADF80A006A46314678
:1035B0006D48FEF797FF2A4631466B48FFF7C2F881
:1035C000602231466848FFF790F874B10222114634
:1035D0001B20FDF72CFF01216348FFF7C8FC0121E8
:1035E0006148FFF7B0FC614804605F48FEF7A1FE48
:1035F00007B0F0BD10B51B20FDF776FF5A48FEF767
:103600008FFD4FF48850FDF7CBF810BD10B556482C
:10361000FEF78AFE01215448FEF737FF10BD10B5B2
:103620005148FEF786FE00214F48FEF72EFF10BDE1
:1036300070B504460D462A4621464B48FFF782F8EE
:1036400070BDF0B587B005460E4617461C4641F2E0
:103650000100FDF795F84648FEF762FD42F6DF608F
:10366000ADF80C000020ADF80E00ADF8100005EB31
:1036700085000121C1EB400005900020ADF812004B
:103680008DF8180003A93A48FEF710FE0120ADF8A6
:1036900000000020ADF80400ADF80800ADF802000D
:1036A000ADF80600ADF80A006A4639463048FEF724
:1036B00019FF06EB8600420039462D48FFF742F815
:1036C000602239462A48FFF710F874B102221146E9
:1036D0001D20FDF7ACFE01212548FFF748FC012124
:1036E0002348FFF730FC2348046007B0F0BD10B555
:1036F0001D20FDF7F9FE1E48FEF712FD41F2010004
:10370000FDF74EF810BD10B51948FEF70DFE10BDBF
:1037100010B51748FEF70DFE10BD70B504460D46F6
:103720002A4621461248FFF70DF870BD10B5012159
:103730000D48FFF710FC012806D101210A48FFF7C8
:1037400016FC0A480068804710BD10B501210848E2
:10375000FFF701FC012806D101210548FFF707FC0E
:1037600004480068804710BD000001401C00002094
:10377000000400402000002010B5044640F601403F
:10378000FCF7FEFF40F60140FCF7FAFF41F21200A1
:10379000FCF7F6FF4FF4806207216448FEF732FB26
:1037A0004FF4006207216148FEF72CFB4FF4806361
:1037B000012202215D48FEF7BAFA4FF400630122AC
:1037C00002215A48FEF7B3FA4FF480630222002127
:1037D0005648FEF7D3FA4FF4006302220021534803
:1037E000FEF7CCFA5248FDF735FB21465048FDF76D
:1037F0009AFB00214E48FDF706FC00214C48FDF7DE
:103800000AFC00214A48FDF70EFC4948FDF713FC6D
:1038100008214748FDF719FC04214548FDF71DFC28
:10382000022211462720FDF702FE40F205314048F2
:10383000FDF7B4FD4FF441713D48FDF7AFFD10BDFC
:1038400010B52720FDF750FE3948FDF7F9FB384841
:10385000FDF700FB40F60140FCF7A2FF40F60140F7
:10386000FCF79EFF41F21200FCF79AFF10BD10B565
:10387000044621462E48FDF75EFC00BF07212C4878
:10388000FDF763FD0028F9D010BD70B504460D4664
:1038900003E014F8010BFFF7EAFF281EA5F1010170
:1038A000CDB2F6D170BD002004E00021214A1154B0
:1038B000411C88B2B0F5806FF7DB00201E490880FC
:1038C000704710B51D491A48FDF782FD012811D136
:1038D0001748FDF734FC044617480088B0F5806FA0
:1038E00007DA154802880088401C134B18801148DD
:1038F000845400BF12490E48FDF76AFD012802D129
:103900000B48FDF71CFC0C48008800280CDD002447
:1039100004E00849085DFFF7AAFF641C0648008818
:103920008442F6DBFFF7BFFF10BD00000004024039
:1039300000480040E80400202400002005030500A2
:103940000403040010B540F60140FCF719FF4FF4E2
:10395000005201214748FEF755FA4FF40053002268
:1039600002214448FEF7E3F94FF4005302220021FC
:103970004048FEF703FA10BD00B587B04FF48850F9
:10398000FCF7FEFE3C48FEF7CBFB40F2DF10ADF843
:103990000C000020ADF80E00ADF81000632005907B
:1039A0000020ADF812008DF8180003A93248FEF788
:1039B0007DFC0120ADF800000020ADF80400ADF85A
:1039C00008000420ADF802000020ADF80600ADF8B4
:1039D0000A006A4600212848FEF784FD32220021B1
:1039E0002548FEF7AFFE602200212348FEF77DFE4A
:1039F00007B000BD10B5FFF7A5FFFFF7BDFF10BD75
:103A000010B51D48FEF795FC1B48FEF789FB4FF4E7
:103A10008850FCF7C5FE40F60140FCF7C1FE10BD22
:103A200010B51548FEF780FC01211348FEF72DFD67
:103A300010BD10B51048FEF77CFC00210E48FEF7C3
:103A400024FD10BD2DE9F04104460D461646002721
:103A50000BE0FFF7E5FF2846FFF793FCFFF7E9FFD0
:103A60003046FFF78EFC781C87B2A742F1DBBDE839
:103A7000F0810000000402400000014010B540F653
:103A80000140FCF77DFE40F60140FCF779FE402343
:103A900001221146FE48FEF74AF940230222012185
:103AA000FB48FEF76BF9802301221146F848FEF728
:103AB0003EF9802302220121F548FEF75FF910BD8F
:103AC00010B540F60140FCF76BFE40F60140FCF7F4
:103AD00067FE10BD10B5802301221146EC48FEF7A9
:103AE00026F901228021EA48FEF76DF90520FFF74B
:103AF00059FC01224021E648FEF765F90520FFF751
:103B000051FC00228021E248FEF75DF90520FFF715
:103B100049FC00224021DE48FEF755F90520FFF759
:103B200041FC10BD10B5802301221146D848FEF794
:103B3000FEF800224021D648FEF745F900228021F8
:103B4000D348FEF740F901224021D148FEF73BF966
:103B50000520FFF727FC01228021CD48FEF733F92D
:103B60000520FFF71FFC10BD10B50446802301227D
:103B70001146C748FEF7DBF800224021C448FEF793
:103B800022F900228021C248FEF71DF90520FFF727
:103B900009FC2CB900228021BD48FEF714F904E08D
:103BA00001228021BA48FEF70EF901224021B848CF
:103BB000FEF709F90520FFF7F5FB00224021B44884
:103BC000FEF701F901228021B148FEF7FCF810BD93
:103BD00070B500250A2400224021AD48FEF7F3F815
:103BE00001228021AA48FEF7EEF88023012200215D
:103BF000A748FEF79CF80520FFF7D4FB01224021DF
:103C0000A348FEF7E0F80520FFF7CCFB04E0601EB8
:103C1000C4B20520FFF7C6FB80219D48FEF7DAF805
:103C2000012801D1002CF2D1002C03DCFFF77AFF30
:103C3000012070BD002240219548FEF7C4F8802382
:103C4000012211469248FEF772F82846F1E770B556
:103C5000044600258023012211468D48FEF767F8AF
:103C6000002240218A48FEF7AEF800BF18E0E209C2
:103C700080218748FEF7A7F800BF01224021844831
:103C8000FEF7A1F80520FFF78DFB002240218048B8
:103C9000FEF799F80520FFF785FB6006040E6D1C02
:103CA000082DE4DB70BD70B50024802301220021C3
:103CB0007748FEF73CF800251DE0002240217448BB
:103CC000FEF781F80520FFF76DFB012240217048C7
:103CD000FEF779F80520FFF765FB6006040E8021EA
:103CE0006B48FEF777F808B144F001040520FFF7B0
:103CF00059FB681CC5B2082DDFDB00224021644857
:103D0000FEF761F8204670BD70B505460C46FFF71A
:103D1000E1FEEE20FFF79BFFFFF75AFF012802D1DB
:103D20005CA004F065FA2846FFF791FFFFF750FF0B
:103D3000012802D15CA004F05BFA2046FFF787FF60
:103D4000FFF746FF012802D15CA004F051FAFFF70B
:103D5000E9FE70BD2DE9FC4106460C460027002017
:103D600000900190002500BF33E0FFF7B3FEEE2086
:103D7000FFF76DFFFFF72CFF012802D154A004F0DC
:103D800037FA7119C8B2FFF762FFFFF721FF012868
:103D900002D154A004F02CFA00BF7F1C0120FFF7D1
:103DA000F0FAFFF797FEEF20FFF751FFFFF710FF44
:103DB000012801D1052FF0DBFFF775FF2DF8150065
:103DC0000120FFF7D1FEFFF7ADFE0120FFF7D9FA82
:103DD0006D1CA542C9DB022C08D1BDF80200BDF85C
:103DE000001040EA012080B2BDE8FC81032C0CD118
:103DF000BDF800000004BDF8021040EA0120BDF843
:103E000004100843C0F30F20EEE70020ECE770B584
:103E10002DED088B0026002400252E21F420FFF72D
:103E200073FF0620FFF7ADFA0221F620FFF792FF9D
:103E3000064631494989711A2F4A128901FB02F05D
:103E400006F06FFE41EC190B9FED2C0B53EC102B81
:103E500006F0E0FC41EC180B06F034FE044626495F
:103E6000B1F91410081906F05CFE41EC190B224957
:103E7000B1F9120006F055FE41EC1B0B9FED210B32
:103E800053EC102B06F0B4FE41EC1A0B3EE00000A0
:103E90000004024057726974655F436D64204E41AF
:103EA000434B202D310D0A0057726974655F436DD5
:103EB00064204E41434B202D320D0A005772697425
:103EC000655F436D64204E41434B202D330D0A0046
:103ED000526561645F526567204E41434B202D312E
:103EE0000D0A0000526561645F526567204E4143D0
:103EF0004B202D320D0A0000E808002000000000D1
:103F00000000E040000000000000A04053EC192B2E
:103F100006F080FC41EC180B06F0D4FD0546601954
:103F20008C49086008460068083006F0FAFD41EC4C
:103F30001A0B9FED890B53EC102B06F06BFC41EC38
:103F4000190B9FED870B53EC102B06F051FE41EC43
:103F5000180B06F071FB00EE100ABDEC088B70BD6B
:103F60002DE9FC5F00BF0020019000BF00BFFFF7FC
:103F70004EFF3422019802EB8011F420FFF7C4FEBB
:103F80000A20FFF7FEF90321F620FFF7E3FE834640
:103F900070480068A0F57A6707FB07F000137249C4
:103FA000B1F90E104843C5126F48B0F902007843CA
:103FB000C61205EB06096C48B0F9000009EB800059
:103FC000801C801000906848B0F9040078434513C5
:103FD00007FB07F000136449B1F90C1048430614BD
:103FE000A819801C4FEAA0095F48C08809F5004164
:103FF00048434FEAD03A0098ABEB00004CF2503106
:1040000000FB01F8B8F1004F04D24FEA4800B0FBC2
:10401000FAF402E0B8FBFAF04400201200FB00F5CD
:1040200040F6DE3068430514504860430614A81972
:1040300000F6CF6004EB201400EE104AB8EEC00A80
:10404000BDE8FC9F10B52DED0A8BB0EE408A9FEDC8
:10405000480AF0EE408A9FED470AC8EE000A10EECB
:10406000904A204607F0BAF841EC1C0B9FED421B2A
:10407000B0EE4C0AF0EE6C0A05F07AFBB0EE40BAF6
:10408000F0EE60BA9FED3E0B53EC102B51EC1B0B86
:1040900006F0E2FE41EC1A0B9FED3B0B53EC102BAC
:1040A00006F0A6FD41EC190B06F0C6FA08EE900AE0
:1040B000B0EE680ABDEC0A8B10BD10B50221AA2033
:1040C000FFF748FE00B2284908800221AC20FFF724
:1040D00041FE00B2244948800221AE20FFF73AFE9B
:1040E00000B2214988800221B020FFF733FE1E492B
:1040F000C8800221B220FFF72DFE1B490881022152
:10410000B420FFF727FE184948810221B620FFF7A7
:1041100021FE00B2144988810221B820FFF71AFE5F
:1041200000B21149C8810221BA20FFF713FE00B284
:104130000D4908820221BC20FFF70CFE00B20A499B
:1041400048820221BE20FFF705FE00B206498882A0
:1041500010BD0000280000200000000000003040DA
:10416000000000A09999B93FE808002031E3FFFF63
:104170000000000080E6C547000000C0955BC83F16
:10418000000000000000F03F0000000040A5E540F6
:1041900010B540F60140FCF7F3FA4FF480730122AA
:1041A00011465F48FDF7C3FD4FF4807302220021E2
:1041B0005B48FDF7E3FD4FF480715948FDF7FFFDC3
:1041C00010BD10B540F60140FCF7EAFA10BD10B57D
:1041D0004FF48073012211465148FDF7A8FD0022DB
:1041E0004FF480714E48FDF7EEFD1320FFF7C9F83C
:1041F000012211024A48FDF7E6FD1420FFF7D2F82C
:1042000010BD10B54FF48073012200214448FDF722
:104210008EFD41F2883400BF4FF480714048FDF7B5
:10422000D9FD10B9601E041EF6D12820FFF7BAF898
:1042300000BF4FF480713A48FDF7CCFD012802D150
:10424000601E041EF5D10CB1012010BD0020FCE75A
:1042500070B50025002420E000BF4FF48071304885
:10426000FDF7B8FD0028F8D01E20FFF79BF84FF4AB
:1042700080712B48FDF7AEFD28B1C4F10701012084
:1042800088402843C5B200BF4FF480712448FDF731
:10429000A1FD0128F8D0601CC4B2082CDCDB284644
:1042A00070BD7CB505460E46FFF791FFFFF7A9FFED
:1042B00070B3002405E0FFF7CBFF0DF80400601C8D
:1042C000C4B2052CF7DB9DF8000000EE100AB8EE32
:1042D000400A9DF8010000EE900AF8EE600A9FED9A
:1042E000111A00EE810A86ED000A9DF8020000EE28
:1042F000100AB8EE400A9DF8030000EE900AF8EEAE
:10430000600A9FED081A00EE810A85ED000A05E0BB
:1043100000200646054604A003F06AFF7CBD0000AD
:1043200000040240CDCCCC3D444854313120697367
:10433000206E6F7420726573706F6E64696E6700B3
:1043400010B504464FF44060FCF71AFA4FF40062CF
:1043500008217548FDF756FD4FF400630122022144
:104360007148FDF7E4FC4FF40063022200216E481F
:10437000FDF704FD4FF44060FCF702FA4FF4805261
:1043800008216948FDF73EFD4FF4805301220221C8
:104390006548FDF7CCFC4FF48053022200216248AF
:1043A000FDF7ECFC41F20510FCF7EAF95F48FCF779
:1043B00051FD4FF4E1315D48FCF7B5FD5B48FCF77A
:1043C0003AFE08215948FCF740FE04215748FCF703
:1043D00044FE84B156480460022201214720FDF7C3
:1043E00026F840F205315148FCF7D8FF4FF44171EF
:1043F0004E48FCF7D3FF10BD10B54720FDF774F809
:104400004A48FCF71DFE4948FCF724FD41F205101F
:10441000FCF7C6F94FF44060FCF7C2F94FF4406076
:10442000FCF7BEF910BD10B5044621463F48FCF725
:1044300082FE00BF07213D48FCF787FF0028F9D026
:1044400010BD70B504460D4603E014F8010BFFF7EC
:10445000EAFF281EA5F10101CDB2F6D170BD7CB5F1
:1044600005460C46334903C9CDE9000128128DF8F1
:104470000400E8B28DF8050020128DF80600E0B2C5
:104480008DF8070008216846FFF7DBFF7CBD0020A0
:1044900004E00021284A1154411C88B227490988A8
:1044A0008842F6DB002025490880704770B5044635
:1044B0000E46E078832809D16079217940EA012508
:1044C000217A28461A4A1268904701E0FFF7DFFF79
:1044D00070BD10B51A491548FCF77AFF012810D1B4
:1044E0001248FCF72CFE044614480088092807DA15
:1044F000124802880088401C104B18800E488454D3
:1045000011E010490948FCF763FF01280BD1074867
:10451000FCF715FE09480088002804DD07480178EB
:104520000548FFF7C3FF10BD000002400014014022
:104530002C000020C8B30008FE0800203000002036
:10454000050305000403040010B54FF44060FCF7B8
:1045500017F94FF4806300220221E748FDF7E7FBDB
:104560004FF4806302220021E348FDF707FC4FF47B
:1045700080620721E048FDF745FC4FF44060FCF7FE
:10458000FFF84FF4007300220221DB48FDF7CFFB58
:104590004FF4007302220021D748FDF7EFFB4FF4E0
:1045A00000720721D448FDF72DFC10BD10B541F273
:1045B0000410FCF7E5F8D148FCF74CFC4FF4E1316E
:1045C000CE48FCF7B0FC0021CC48FCF71CFD0021D4
:1045D000CA48FCF720FD0021C848FCF724FDC74865
:1045E000FCF729FD0821C548FCF72FFD0421C3482D
:1045F000FCF733FD022201212520FCF718FF40F2D1
:104600000531BE48FCF7CAFE10BD10B5FFF79CFF90
:10461000FFF7CCFF10BD10B52520FCF765FFB748AC
:10462000FCF70EFDB548FCF715FC41F20410FCF751
:10463000B7F84FF44060FCF7B3F84FF44060FCF774
:10464000AFF810BD10B504462146AC48FCF773FD29
:1046500000BF0721A948FCF778FE0028F9D010BD5B
:1046600070B504460D4600BF14F8010BFFF7EAFFD2
:10467000681E85B2002DF7D170BD10B58021A0480D
:1046800003F067FF00209F49088010BD10B54FF46C
:1046900000719D4803F05DFF10BD2DE9F047804695
:1046A000894614461D460027012098490870FFF7E7
:1046B000E4FF00261EE0404603F0FAFE1FFA80FAEF
:1046C00051464046FFF7CCFF10E06420FEF759FE4C
:1046D000643749468A4803F0D9FE38B100208B4937
:1046E0000870FFF7CAFF0120BDE8F087A742ECD3AE
:1046F000701CC6B2AE42DEDBFFF7BFFF002083496D
:10470000087000BFF0E710B5814882A102688948AF
:1047100003F07AFD7E4888A102688D4803F074FD9D
:104720008B4A8CA1914803F06FFD10BD00B52DEDB3
:10473000048B89B04FF480718D4803F00AFF8D48D7
:1047400090ED010A10EE101A084606F047FD41EC04
:10475000180B884890ED000A10EE101A084606F073
:104760003DFD41EC190B83482430A0F11001814A32
:10477000528A804B1B8ACDE90432CDE906102438D9
:10478000C06814398968CDE902108DED008B53ECB7
:10479000192B7949764803F037FD09B0BDEC048B3D
:1047A00000BD10B575480368754876A102687B485E
:1047B00003F02AFD10BD10B579487AA10268894836
:1047C00003F022FD10BD10B50024FFF7EAFFFFF74C
:1047D0009AFFFFF7F0FF02234FF47A7282A184A0C0
:1047E000FFF75BFF012801D000BF43E002234FF435
:1047F0007A727DA180A0FFF750FF012801D001242B
:1048000038E002234FF47A7277A17DA0FFF745FFCD
:10481000012801D002242DE0022342F2107272A17D
:104820005E48FFF73AFF012801D0032422E002236B
:104830004FF47A726CA16B48FFF72FFF012801D06B
:10484000042417E002234FF47A7267A170A0FFF7E7
:1048500024FF012801D005240CE002234FF47A72D2
:1048600061A14248FFF719FF012801D0062401E0A9
:10487000012010BD214670A003F0BAFC0020F8E72B
:1048800010B574491D48FCF7A3FD012833D17149C7
:104890001A48FCF7B9FD1D480078012810D11948C5
:1048A0000088802827DA1548FCF749FCC1B2154872
:1048B00002880088401C134B1880114881541AE06C
:1048C00012480078B8B964480088B0F5007F12DA61
:1048D0000A48FCF734FCC1B25F4802880088401CDB
:1048E0005D4B18805D4881545DA103F0CFFD10B190
:1048F00001205C49087010BD00000240001001401A
:104900007709002078000020F70B00207D000020B0
:1049100080000020736D617274686F7573655F72DB
:10492000656D6F74655F7375627363726962652A22
:1049300025730000770E0020736D617274686F75C7
:1049400073655F7375627363726962652A257300AC
:10495000B70E002041542B4D5154545355423D3015
:104960002C222573222C310D0A000000F70F0020A5
:10497000F70E00203400002054B500088800002005
:104980008400002041542B43574A41503D22257357
:10499000222C222573220D0A00000000F70D0020B2
:1049A0008C00002041542B4D5154545553455243D3
:1049B00046473D302C312C222573222C226D7174F8
:1049C000743A726F6F74222C22786D786C6C41642B
:1049D0006D696E323032302E222C302C302C222257
:1049E0000D0A0000370E00204F4B0D0A000000009A
:1049F00041540D0A00000000415445300D0A0000EA
:104A000041542B43574D4F44453D310D0A000000A2
:104A100041542B4D515454434F4E4E3D302C223473
:104A2000372E39392E3134342E3136222C31383864
:104A3000332C300D0A000000657370383236362092
:104A4000696E69742065727220636F64653A2564CB
:104A500000000000050305007A000020F70900208F
:104A60007D0D0A009000002010B540F60440FBF7D1
:104A700087FE4FF40053002211466848FDF757F9AE
:104A800041F20E10FBF77CFE022211462820FCF7B3
:104A9000CEFC06210846FDF7CCFA002211464FF461
:104AA0000050FDF7F9F94FF40050FDF751FA4FF4BB
:104AB0000050FDF791FA10BD10B540F60140FBF72C
:104AC0005FFE0223002203215548FDF730F941F231
:104AD0000910FBF755FEFCF747FD4FF48030FCF75B
:104AE0004DFD00214F48FCF7DDFD00214D48FCF74E
:104AF00080FD0123092200214A48FCF76CFE0122B7
:104B000011464848FCF73EFE00224FF480714548AC
:104B1000FCF742FD002202214248FCF73DFD4148DE
:104B2000FCF772FD0120FEF72CFC3E48FCF77AFDF5
:104B30006420FEF726FC10BD10B50446FFF7BCFF4D
:104B40001CB1FFF791FF3848046010BD10B54FF459
:104B50000050FDF703FA2820FCF7C6FC41F20E10C6
:104B6000FBF71EFE40F60440FBF71AFE2D48FCF74B
:104B700054FD40F60140FBF713FE41F20910FBF72C
:104B80000FFE10BD10B50623092200212548FCF7B1
:104B900022FE01212348FCF7FAFE00BF0221214832
:104BA000FCF781FF0028F9D01E48FCF713FF0446EC
:104BB00002211C48FCF77EFF204610BD10B52DEDEC
:104BC000068BFFF7DFFF0446204605F0C1FF41ECEE
:104BD0001A0B9FED160B53EC102B05F01BFE41EC4E
:104BE000190B9FED140B53EC102B06F001F841EC60
:104BF000180B05F021FD00EE100ABDEC068B10BD70
:104C000010B54FF40050FDF7DDF9012805D1400340
:104C1000FDF7E2F904480068804710BD001002402B
:104C20000004024000210140940000200000000028
:104C30000000B0400000006066660A4010B540F613
:104C40000240FBF79DFD082301221146FE48FDF7B7
:104C50006EF8082302220021FB48FDF78FF801229D
:104C600011460920FCF7E3FB03210220FDF7E1F9DF
:104C7000002211460820FDF70FF90820FDF768F91A
:104C80000820FDF7A9F910BD10B541F21100FBF79E
:104C900077FD4FF44060FBF773FD0C220721EB48D2
:104CA000FDF7B0F80C2301220221E848FDF73FF898
:104CB0000C2302220021E548FDF760F8E448FCF7E8
:104CC000C9F84FF46141E248FCF72DF90021E048B2
:104CD000FCF799F90021DE48FCF79DF90021DC483A
:104CE000FCF7A1F9DA48FCF7A6F90821D848FCF747
:104CF000ACF90421D648FCF7B0F9022201212620A4
:104D0000FCF795FB40F20531D148FCF747FB4FF427
:104D10004171CF48FCF742FB10BD10B5FFF78EFF85
:104D2000FFF7B2FF10BD10B52620FCF7DDFBC84829
:104D3000FCF786F9C648FCF78DF84FF44060FBF7A6
:104D40002FFD41F21100FBF72BFD0820FDF706F9BE
:104D50000920FCF7C9FB40F60240FBF721FD10BD1E
:104D600010B504462146BA48FCF7E5F900BF072113
:104D7000B748FCF7EAFA0028F9D010BD70B505462F
:104D80000E46002404E0285DFFF7EAFF601C84B2B1
:104D9000B442F8DB70BD30B503460024084603E09A
:104DA0001D5C2544ECB2401C8D188542F8D8E043C8
:104DB000401CC0B230BD2DE9F0410646884615467C
:104DC0001C46002004E0A349095C2154411CC8B2E0
:104DD0000828F8DBEF1D380A207267720A220021CA
:104DE0002046FFF7D8FFA0729B480068000EE072D3
:104DF00099480068000C207397480088000A607387
:104E000095480078A0733012E0732674002006E005
:104E100018F8002000F111016254411CC8B2A842E8
:104E2000F6DBAA1D0B212046FFF7B5FF05F11101A6
:104E30006054BDE8F0812DE9F04104460D46607AEA
:104E4000217A40EA012707F10A0014F800807A1E4F
:104E50000B212046FFF79FFF404502D00020BDE810
:104E6000F081E07A0006217B40EA0140617B40EA64
:104E70000120A17B08432860E07B2871207C6871B9
:104E8000607C0006A17C40EA0140E17C40EA012010
:104E9000217D0843A860A7F10B0086B22E82002E68
:104EA00012DD304603F04EF9E860E86808B90020EA
:104EB000D5E7002006E000F11501615CEA681154B5
:104EC000411CC8B2B042F6DB0120C8E72DE9F0472B
:104ED00007468846154605F11200C6B2B146484657
:104EE00003F030F9044623462A4641463846FFF788
:104EF00062FF31462046FFF741FF204603F051F99B
:104F0000BDE8F08710B504465449C86803F049F974
:104F100000205249C860088200BF5148007800282C
:104F2000FBD04E494F48FFF786FF14224B492046DD
:104F300003F0DDFA10BD7CB505460C46002000905C
:104F4000019025B101208DF800008DF80140052267
:104F5000694640F20F20FFF7B9FF7CBD2DE9FC4107
:104F600004460D4616461F4604208DF800008DF8B5
:104F700001408DF802508DF803608DF80470052211
:104F8000694640F20F20FFF7A1FFBDE8FC812DE943
:104F9000FC4104460D4616461F4603208DF80000CE
:104FA0008DF801408DF802508DF803608DF8047083
:104FB0000522694640F20F20FFF788FFBDE8FC811B
:104FC0001CB5044600200090019002208DF80000DE
:104FD0008DF801400522694640F20F20FFF776FF69
:104FE0001CBD38B5044600940122694640F21110F8
:104FF000FFF76CFF38BD00B585B0002211464FF4B5
:105000008970FFF763FF0A20FEF7BBF96846FFF7D8
:1050100079FFBDF81000032803D10398807805B00C
:1050200000BD0020FBE700B585B00022114640F22C
:105030003510FFF74BFF0A20FEF7A3F96846FFF78C
:1050400061FFBDF810000FE00008024000000240C0
:105050000044004098000020A000002078100120AB
:10506000A700002078100020012803D103980078C1
:1050700005B000BD0020FBE738B504460CB10120A7
:1050800000E000200090012269464FF40370FFF712
:105090001DFF4FF49670FEF774F90820FCF758FFD7
:1050A0000820FCF799FF38BD002004E00021244AC5
:1050B0001154411C88B2234909888842F6DB00203C
:1050C000204908802049087020490870704710B5B1
:1050D0001F492048FCF77CF9012811D11B480078B2
:1050E00008B1FFF7E1FF1B48FCF729F8C1B21548EA
:1050F00002880088401C134B1880114881540BE033
:1051000015491448FCF764F9012805D11148FCF74A
:1051100016F801200D49087010BD10B50820FCF7E5
:1051200051FF01280AD108210C48FCF753FE012841
:1051300001D1FCF7A5FE0820FCF74EFF10BD0000D2
:1051400078100020A4000020A6000020A700002066
:105150000503050000440040040304000008024069
:1051600010B540F60140FBF70BFB4FF480420921DC
:10517000A448FCF747FE4FF4804301220021A148D8
:10518000FCF7D5FD10BD00B587B041F20600FBF776
:10519000F7FA7720ADF80C000020ADF80E00ADF85E
:1051A00010004FF6FF7005900020ADF8120003A923
:1051B0009548FDF77BF80220ADF804000120ADF81A
:1051C00006000020ADF80800ADF80A0001AA002191
:1051D0008D48FDF72DFC8C48FDF7B0F802218A4878
:1051E000FDF7C5FE02218848FDF7ADFE01221146FC
:1051F0002B20FCF71CF98448FDF796F807B000BD9A
:1052000010B50446FFF7ACFFFFF7BDFF7F48046011
:1052100010BD10B57C48FDF78CF82B20FCF764F925
:105220007948FCF77DFF41F20600FBF7B9FA40F63A
:105230000140FBF7B5FA10BD0020754908704870B1
:105240008870C87073490870734908707349088082
:10525000704710B5044620786178C943C9B28842C6
:1052600000D010BDA078E178C943C9B2884200D00F
:10527000F7E76648006818B1A0786449096888476C
:10528000FFF7DAFF00BFECE7014668293AD012DCED
:1052900038293BD008DC022928D010293CD0182915
:1052A00036D022293CD11FE04A2933D05A2935D0A3
:1052B000622935D114E0B02926D008DC90291DD010
:1052C00098291DD0A22909D0A82929D114E0C229E2
:1052D0000ED0E0290ED0E22922D103E03120704720
:1052E0003220FCE73320FAE73420F8E73520F6E7F0
:1052F0003620F4E73720F2E73820F0E73920EEE7F0
:105300003020ECE72A20EAE72320E8E74F20E6E711
:105310005520E4E74420E2E74C20E0E75220DEE7B6
:105320004E20DCE770B502213748FDF714FE012856
:1053300066D102213448FDF71AFE00213248FDF7FC
:105340001AFC85B235480088854203DD3348008861
:10535000281A05E04FF6FF70284430490988401AA2
:1053600084B22E4805802C480078012839D1B4F544
:10537000FA6F21DD40F6C41084421DDA254A107808
:10538000C21700EB5272D210214B9A5C214B197854
:10539000CB1701EB5373DB10A1EBC303C3F107067B
:1053A0000123B3401A431B4B1878C31700EB537308
:1053B000DB10174EF25408E0B4F57A7F03DD40F2BB
:1053C0001450844201DBFFF737FF12480078401C7D
:1053D000C0B210490870202811D10D48FFF739FFDD
:1053E0000DE042F6E060844209DD43F698208442F5
:1053F00005DA01200849087000200649087000BF3E
:1054000070BD00000004024000180040A800002009
:10541000AC000020B0000020B1000020B20000204D
:1054200010B540F60640FBF7ABF9402300221146C9
:105430006F48FCF77CFC41F20E10FBF7A1F9022249
:1054400011461720FBF7F3FF06210846FCF7F1FD94
:10545000002211464020FCF71FFD4020FCF778FD9C
:105460004020FCF7B9FD10BD10B540F60540FBF734
:1054700087F94FF40073002203215E48FCF757FCC4
:1054800041F20A10FBF77CF9FCF76EF84FF480301C
:10549000FCF774F800215848FCF704F9002156483D
:1054A000FCF7A7F80123072200215348FCF793F9E2
:1054B000012211465048FCF765F900224FF4807133
:1054C0004D48FCF769F8002202214B48FCF764F8CC
:1054D0004948FCF799F80120FDF753FF4648FCF7CF
:1054E000A1F86420FDF74DFF10BD10B50446FFF78D
:1054F000BBFF1CB1FFF794FF4048046010BD10B51E
:105500004020FCF72BFD1720FBF7EEFF40F606408E
:10551000FBF746F93848FCF780F841F20A10FBF730
:105520003FF940F60540FBF73BF910BD10B50623E7
:10553000072200213048FCF74EF901212E48FCF7E4
:1055400026FA00BF02212C48FCF7ADFA0028F9D05A
:105550002948FCF73FFA044602212748FCF7AAFA3B
:10556000204610BD10B52DED068BFFF7DFFF04467A
:10557000204605F0EDFA41EC1A0B9FED210B53ECA0
:10558000102B05F047F941EC190B9FED1F0B53EC65
:10559000102B05F02DFB41EC180B05F04DF800EE3B
:1055A000100ABDEC068B10BD10B54020FCF70AFDBB
:1055B000012805D14020FCF70FFD10480068804706
:1055C0008020FCF7FFFC012805D18020FCF704FDBA
:1055D0000F48006880474FF48070FCF7F3FC012807
:1055E00005D10002FCF7F8FC0A480068804710BDAE
:1055F000001802400014024000220140B4000020C4
:10560000000000000000B0400000006066660A4034
:10561000B8000020C400002010B540F60440FBF79D
:10562000AFF84FF40063002202211D48FCF77FFB16
:105630004FF40063022200211948FCF79FFB4FF44E
:10564000006201211648FCF7DDFB4FF400611448AD
:10565000FCF7B7FB0023012219464FF47A70FDF7DF
:1056600075FF10BD10B540F60440FBF799F8FDF743
:10567000C1FF10BD70B504464FF47A7060436421D9
:1056800090FBF1F529460120FDF7D2FF70BD10B562
:10569000FDF7BCFF10BD10B5FDF7C1FF10BD000048
:1056A0000010024010B540F60540FBF769F8802372
:1056B000002211467A48FCF73AFB41F20E10FBF744
:1056C0005FF8022211461720FBF7B1FE07210520E3
:1056D000FCF7AFFC002211468020FCF7DDFB8020A8
:1056E000FCF736FC8020FCF777FC10BD10B540F6C7
:1056F0000540FBF745F84FF480730022032168480A
:10570000FCF715FB41F20A10FBF73AF8FBF72CFF08
:105710004FF48030FBF732FF00216248FBF7C2FFF5
:1057200000216048FBF765FF0123062200215D4848
:10573000FCF751F8012211465A48FCF723F80022E1
:105740004FF480715748FBF727FF0022022155488C
:10575000FBF722FF5348FBF757FF0120FDF711FE2F
:105760005048FBF75FFF6420FDF70BFE10BD10B53E
:105770000446FFF7BBFF1CB1FFF794FF4A480460E3
:1057800010BD10B58020FCF7E9FB1720FBF7ACFE3D
:1057900040F60540FBF704F84248FBF73EFF41F2B4
:1057A0000A10FAF7FDFF40F60540FAF7F9FF10BDC1
:1057B00010B506231A4600213A48FCF70CF80121DF
:1057C0003848FCF7E4F800BF02213648FCF76BF9D3
:1057D0000028F9D03348FCF7FDF80446022131488F
:1057E000FCF768F9204610BD10B52DED068BFFF7CC
:1057F000DFFF0446204605F0ABF941EC1A0B9FEDA4
:105800002B0B53EC102B05F005F841EC190B9FED19
:10581000290B53EC102B05F0EBF941EC180B04F0BD
:105820000BFF00EE100ABDEC068B10BD10B52DED80
:10583000088BFFF7D9FFB0EE408AB1EE040A30EED4
:10584000480AC0EE080AB6EE000A20EE800A10EE02
:10585000104A204605F0C2FC41EC1B0B53EC1B2BFD
:105860009FED160B51EC100B04F0D4FF41EC1A0B1A
:105870009FED141BB0EE4A0AF0EE6A0A03F078FFBF
:10588000B0EE409AF0EE609A51EC190B04F0D4FEA1
:1058900008EE900AB0EE680ABDEC088B10BD00005F
:1058A0000014024000220140B80000200000000067
:1058B0000000B0400000006066660A4011161571D5
:1058C0003A295340000000E0F0F4E43F10B540F600
:1058D0000440FAF755FF40F60540FAF751FF40F64D
:1058E0000140FAF74DFF40F60540FAF749FF40F650
:1058F0000140FAF745FF402301221146FE48FCF71C
:1059000016FA402302220021FB48FCF737FA012354
:105910001A461946F948FCF70AFA01230222002127
:10592000F648FCF72BFA082301221146F448FCF74D
:10593000FEF9082302220021F148FCF71FFA202378
:1059400001221146ED48FCF7F2F920230222002142
:10595000EA48FCF713FA4FF4806300221146E84846
:10596000FCF7E5F910BD70B50446002524E004F00D
:10597000800028B101220821E148FCF724FA04E064
:1059800000220821DE48FCF71EFAC820FDF70AFDB8
:1059900000220121D948FCF716FAC820FDF702FDC4
:1059A00001221146D548FCF70EFAC820FDF7FAFC93
:1059B0006006040E681CC5B2082DD8DB70BD70B53A
:1059C00000251FE06006040E00220121CB48FCF7F1
:1059D000FAF9C820FDF7E6FC4FF48061C848FCF7EF
:1059E000F9F9012801D144F00104C820FDF7DAFCDF
:1059F00001221146C148FCF7E6F9C820FDF7D2FCA8
:105A0000681CC5B2082DDDDB204670BD70B50446AC
:105A10007E2000EA440040F0800600224021B64883
:105A2000FCF7D1F93046FFF79EFFFFF7C8FF0546A8
:105A300001224021B048FCF7C6F9284670BD70B578
:105A400004460D467E2000EA440600224021AA4872
:105A5000FCF7B9F93046FFF786FF2846FFF783FFCA
:105A600001224021A448FCF7AEF970BD70B505468F
:105A70000C462846FFF7CAFF064646EA04012846B8
:105A8000FFF7DDFF70BD70B505460C462846FFF7F1
:105A9000BDFF064626EA04012846FFF7D0FF70BD89
:105AA00010B51420FFF7B2FF044604F0030018B944
:105AB00003211420FFF7DAFF10BD10B503211420D5
:105AC000FFF7E1FF10BD10B5012220218B48FCF744
:105AD0007AF90120FDF766FC002220218748FCF7B7
:105AE00072F90120FDF75EFC012220218348FCF7BA
:105AF0006AF90120FDF756FC0F210120FFF79FFFF7
:105B000000BF0120FFF782FF00F010000028F8D14D
:105B10000120FDF747FC3D211120FFF790FF1E21DA
:105B20002D20FFF78CFF00212C20FFF788FF8D210F
:105B30002A20FFF784FF3E212B20FFF780FF402122
:105B40001520FFF77CFF10BD10B50446412C24D171
:105B500008210846FFF797FF3D211120FFF76FFF4F
:105B600086211720FFF76BFF7F212620FFF767FFB5
:105B70001E212D20FFF763FF00212C20FFF75FFF80
:105B80008D212A20FFF75BFF3E212B20FFF757FFD7
:105B90000220FDF707FCFFF783FF10BD2DE9FE4F44
:105BA0000646884691469A46DDF830B0BB20029002
:105BB0000020019000900C2E06D00E2E09D112204C
:105BC00001901020009005E0772001903020009097
:105BD00000E000BF00BF019840F080010220FFF705
:105BE0002EFF80210420FFF74EFF00210120FFF748
:105BF00026FF80210A20FFF739FF002505E018F86D
:105C000005100920FFF71BFF6D1C4D45F7D33146EA
:105C10000120FFF714FF0C2E03D180210D20FFF788
:105C200025FF4FF47A7500BF0420FFF7EFFE04460E
:105C30006D1E35B104F0010018B90098204000280D
:105C4000F2D080210D20FFF71EFF95B30620FFF74D
:105C5000DDFE00F01B0068BB26200290019820406A
:105C600000F0010008B1CC2002900C2E24D10A20B3
:105C7000FFF7CCFE04460C20FFF7C8FE00F0070734
:105C80002FB1601E07EBC000CBF8000002E0E0007F
:105C9000CBF8000004B90124122C00DD12240025E9
:105CA00005E00920FFF7B2FE0AF805006D1CA542C9
:105CB000F7D301E0BB20029080210C20FFF7D6FE35
:105CC00000210120FFF7BBFE0298BDE8FE8F70B5F2
:105CD00088B005460C4608210846FFF7D4FE072188
:105CE0000D20FFF7ACFE03211420FFF7BFFE8DF857
:105CF0000C5002A803AB05E0001002400014024063
:105D000000040240012203A900900C20FFF746FF87
:105D10000646262E09D10298102806D19DF80C00BF
:105D200020709DF80D00607000E0BB26304608B082
:105D300070BDF0B587B00546002708210846FFF77B
:105D4000A2FE00210D20FFF77AFE80210E20FFF732
:105D50009AFE93208DF8080020208DF8090001A8F4
:105D600002AB022202A900900C20FFF717FF0646A3
:105D7000262E10D1002407E002A8005D285502A8B5
:105D8000005D4740601CC4B2042CF5DB02A8005D36
:105D9000B84200D0BB2680210E20FFF767FE3046B8
:105DA00007B0F0BD2DE9F0410746884615460421AD
:105DB0000520FFF768FE00210120FFF740FE80214B
:105DC0000A20FFF753FE002405E0395D0920FFF7A4
:105DD00036FE601CC4B24445F7DB03210120FFF707
:105DE0002EFEFF2400BF0520FFF710FE0646601EB2
:105DF000C4B21CB106F004000028F4D02220FFF742
:105E000005FE28702120FFF701FE6870BDE8F081D3
:105E100070B588B0054693208DF80C0070208DF881
:105E20000D0000208DF8120000240BE0295D03AA6C
:105E3000A01C11549DF81200295D48408DF81200F5
:105E4000601CC4B2042CF1DB0DF11302072103A87E
:105E5000FFF7A8FF08210846FFF715FE02A803ABCD
:105E6000092203A900900C20FFF798FE0646262E73
:105E700003D10298182800D100E0BB26304608B0B4
:105E800070BD2DE9F04387B006460F46904699460F
:105E90008DF808608DF80970002406E018F80410E9
:105EA00002AAA01C1154601CC4B2062CF6DB00240C
:105EB00007E019F8041002AA04F108001154601C4C
:105EC000C4B2062CF5DB01A802AB0C2202A900909B
:105ED0000E20FFF763FE0546262D05D10820FFF7AB
:105EE00095FD00F0080000B9BB25284607B0BDE8C5
:105EF000F083F0B587B006460F46A0208DF8080065
:105F00008DF809600DF10A02022102A8FFF74AFF8D
:105F100001A802AB042202A900900C20FFF73EFE6C
:105F20000546262D08D10198042805D19DF80800C2
:105F300000F00F000A2800D0BB25262D22D1002416
:105F400004E0385D02A90855601CC4B2102CF8DBCF
:105F500006AA102102A8FFF725FF01A802AB122212
:105F600002A900900C20FFF719FE0546262D08D146
:105F70000198042805D19DF8080000F00F000A28B8
:105F800000D0BB25284607B0F0BDF0B587B0054668
:105F90000E4630208DF808008DF809500DF10A02E8
:105FA000022102A8FFF7FEFE01A802AB042202A90B
:105FB00000900C20FFF7F2FD0746262F0CD1019828
:105FC000902809D1002404E002A8005D3055601C2F
:105FD000C4B2102CF8DB00E0BB27384607B0F0BD98
:105FE00000B587B050208DF8080000208DF809001A
:105FF0000DF10A02022102A8FFF7D4FE01A802ABAC
:10600000042202A900900C20FFF7C8FD262007B04B
:1060100000BD10B588B000240020049005900690C3
:10602000079039A103C9CDE9020139A002F0E0F8D7
:10603000FFF74CFCFFF747FD37A002F0D9F862E00C
:1060400037495220FFF743FE36490870262805D00D
:1060500033495220FFF73BFE32490870314800783F
:10606000262850D12E48FFF764FE262849D12C4817
:10607000C07800902A488378427801782AA002F0FC
:10608000B7F82748FFF7C4FE262802D02BA002F05D
:10609000AFF8234B02AA06216020FFF7F2FE262864
:1060A00002D02BA002F0A4F8AA208DF8100004A9B9
:1060B0000420FFF71EFF262802D02BA002F098F83C
:1060C000002004900590069007900820FDF76AF9DB
:1060D00004A90420FFF759FF262802D027A002F0C8
:1060E00087F8002405E004A8015D29A002F080F8EB
:1060F000641C102CF7DB07A002F07AF8012008B02E
:1061000010BD0020FBE79BE7FFFFFFFFFFFF000044
:10611000496E69740D0A000053746172740D0A00AF
:10612000BC000020C000002049443A20255820250A
:10613000582025582025580D0A000000506364534C
:10614000656C656374206661696C7572650D0A0023
:106150005063644175746853746174652066616945
:106160006C7572650D0A000050636457726974653E
:10617000206661696C7572650D0A00005063645297
:10618000656164206661696C7572650D0A000000C6
:106190002578200010B540F60340FAF7F1FA4023C5
:1061A000002201211E48FBF7C2FD402302220021EC
:1061B0001B48FBF7E3FD10BD10B540F60340FAF7AE
:1061C000DFFA8023002201211548FBF7B0FD802370
:1061D000022200211248FBF7D1FD10BD10B540F698
:1061E0000340FAF7DDFA40F60340FAF7D9FA10BD9A
:1061F00010B540210A48FBF7E2FD10BD10B5402163
:106200000748FBF7DEFD10BD10B580210448FBF701
:10621000D6FD10BD10B580210148FBF7D2FD10BDA1
:10622000000C024010B504464FF44060FAF7A8FA9B
:106230004FF48073002211461648FBF778FD4FF4A7
:106240008073022200211348FBF798FDC4B141F28C
:106250000E10FAF795FA012211461720FBF7E7F81E
:1062600008210020FBF7E5FE002211464FF4807064
:10627000FBF712FE4FF48070FBF7AEFE0648046099
:1062800010BD10B51720FBF72FF94FF44060FAF757
:1062900087FA10BD00000240C400002070B505461A
:1062A0000C4615B9C4F1030000E02046C4B234B175
:1062B000012C0DD0022C14D0032C24D11AE0102173
:1062C0004148FBF77CFD04213F48FBF77AFD1AE0CB
:1062D00010213D48FBF775FD04213B48FBF771FD9C
:1062E00011E010213848FBF76CFD04213648FBF71C
:1062F00066FD08E010213448FBF761FD04213248B7
:10630000FBF75DFD00BF00BF70BD70B505460C46D4
:10631000FDF7F0F82D48057004EB840080004FF481
:10632000B471B0FBF1F02A49086008212648FBF758
:1063300046FDFDF7DAF870BD10B5FDF7DBF800207B
:106340002349086014212048FBF73BFD08211E4823
:10635000FBF737FD10BD10B51D48006870B11C4833
:1063600002780068401E1A4B186002F00300C0F16A
:10637000030116480078FFF791FF01E0FFF7DCFF0B
:1063800010BD10B5AFF231016420FDF770F840F692
:106390000540FAF7F5F91C23002201210A48FBF712
:1063A000C6FC1C23022200210748FBF7E7FC14214E
:1063B0000548FBF706FD10BD10B540F60540FAF79D
:1063C000EFF9FDF783F810BD00140240CC00002067
:1063D000C800002070B505460C4641F21400FAF7DB
:1063E000CFF940F60240FAF7CBF940F60340FAF74E
:1063F000C7F94FF4805208215A48FBF703FD4FF4C8
:106400008053012202215748FBF791FC4FF480533F
:10641000022200215348FBF7B1FC04220821524814
:10642000FBF7F0FC0423012202214F48FBF77FFC1D
:106430000423022200214C48FBF7A0FC4B48FAF74A
:1064400009FD29464948FAF76EFD4848FAF7F3FD79
:1064500008214648FAF7F9FD04214448FAF7FDFD02
:1064600084B143480460022211463520FAF7DFFF69
:1064700040F205313D48FAF791FF4FF441713B4836
:10648000FAF78CFF70BD10B53520FBF72DF83748B3
:10649000FAF7D6FD3548FAF7DDFC40F60240FAF788
:1064A0007FF940F60340FAF77BF941F21400FAF75E
:1064B00077F910BD10B5044621462C48FAF73BFE8B
:1064C00000BF07212948FAF740FF0028F9D010BD86
:1064D00070B504460D4603E014F8010BFFF7EAFF20
:1064E000281EA5F10101CDB2F6D170BD002004E057
:1064F0000021204A1154411C88B21F490988884252
:10650000F6DB00201C490880704710B51B4917486E
:10651000FAF75EFF012810D11448FAF710FE04467E
:1065200015480088062807DA134802880088401CAE
:10653000114B18800F48845412E011490B48FAF7A8
:1065400047FF01280CD10948FAF7F9FD0A480088ED
:10655000002805DD084801780648054A126890477A
:1065600010BD000000080240000C02400050004036
:10657000D0000020D4000020DA0000200503050030
:106580000403040070B505460C4615B9C4F10300B8
:1065900000E02046C4B234B1012C0FD0022C18D038
:1065A000032C2CD120E04FF420714448FBF707FC6A
:1065B0004FF4A0714148FBF704FC20E04FF4C07198
:1065C0003E48FBF7FCFB4FF410713C48FBF7F9FB2E
:1065D00015E04FF4A0713948FBF7F1FB4FF420713F
:1065E0003648FBF7EEFB0AE04FF410713348FBF737
:1065F000E6FB4FF4C0713148FBF7E3FB00BF00BF7F
:1066000070BD70B505460C46FCF72CFF2C48057094
:1066100004EB840080004FF4B471B0FBF1F0294921
:106620000860FCF71AFF70BD10B5FCF71BFF0020D7
:10663000244908604FF470712048FBF7C2FB10BD7D
:1066400010B52048006870B11E4802780068401EEE
:106650001C4B186002F00300C0F1030118480078D9
:10666000FFF790FF01E0FFF7DFFF10BD10B5AFF2BD
:106670002F0142F21070FCF7B3FE40F60240FAF729
:106680007FF84FF47073012211460C48FBF74FFB63
:106690004FF47073022200210848FBF76FFB4FF4A0
:1066A00070710648FBF78DFB10BD10B540F6024037
:1066B000FAF776F8FCF7C2FE10BD000000080240B1
:1066C000E0000020DC00002010B540F60540FAF79D
:1066D00057F84FF48063002203215048FBF727FB53
:1066E00041F20A10FAF74CF84FF48030FAF746FFFF
:1066F000082201214A48FBF745F806230822002119
:106700004748FBF768F8012202214548FAF744FFA1
:1067100000214348FAF76DFF00214148FAF7C2FF14
:106720000020FBF759FA0020FBF764FA3C48FAF71F
:106730006BFF0120FCF725FE3948FAF773FF10BD07
:1067400010B53748FAF769FF41F20A10FAF728F84E
:1067500040F60540FAF724F810BD10B506230822CC
:1067600000212F48FBF737F801212D48FBF70FF9DF
:1067700000BF02212A48FBF796F90028F9D02848E3
:10678000FBF728F9044602212548FBF793F9204638
:1067900010BD10B52DED068BFFF7DFFF0446204638
:1067A00004F0D6F941EC1A0B9FED1E0B53EC102BA5
:1067B00004F030F841EC190B9FED1C0B53EC102B3F
:1067C00004F016FA41EC180B03F036FF00EE100A45
:1067D000BDEC068B10BD10B52DED068BFFF7BDFF90
:1067E0000446204604F0B4F941EC1A0B9FED0D0B62
:1067F00053EC102B04F00EF841EC190B9FED0D0B30
:1068000053EC102B04F0F4F941EC180B03F014FFD7
:1068100000EE100ABDEC068B10BD00000014024013
:1068200000220140000000000000B04000000060B5
:1068300066660A400000000000408F4000BF011E55
:10684000A0F10100FBD1704710B540F60440F9F704
:1068500097FF4FF48043002201213C48FBF767FA81
:106860004FF48043022200213848FBF787FA4FF4A7
:1068700080413648FBF7A5FA10BD10B54FF48041B2
:106880003248FBF79EFA40F60440F9F789FF10BD45
:1068900010B54FF480412D48FBF791FA10BD10B5AB
:1068A0004FF480412948FBF78CFA10BD10B5FFF773
:1068B000EFFF0F20FFF7C2FFFFF7F1FF1E20FFF7EA
:1068C000BDFF10BD10B5FFF7E3FF1E20FFF7B6FFB9
:1068D000FFF7E5FF0F20FFF7B1FF10BD10B5FFF781
:1068E000DEFF1E20FCF75EFDFFF7D2FFFFF7D7FFAC
:1068F00010BD70B5064617240BE026FA04F000F030
:10690000010515B1FFF7DEFF01E0FFF7CFFF601EC5
:1069100044B2002CF1DA70BD2DE9F04104460D4679
:106920001646280440EA042040EA06073846FFF7E6
:10693000E0FFBDE8F081704710B5FFF785FF00224A
:10694000FF210846FFF7E8FF10BD000000100240DD
:10695000FCF723FBFDF737FF01F055FB03E04FF495
:106960007A70FCF70EFDFAE7F74A10807047F64997
:10697000088070470120F449088070471CB5044620
:10698000F2A103C9CDE900018DF802400521684656
:10699000FFF79EFD1CBD3EB505460C46002000904D
:1069A00001900290AA208DF8000055208DF801007A
:1069B0008DF80250E0B28DF80300200A8DF8040033
:1069C000200C8DF80500200E8DF8060055208DF85E
:1069D0000700AA208DF8080009216846FFF778FD16
:1069E0003EBD7FB506460C4615460020009001903E
:1069F00002900390AA208DF8000055208DF8010028
:106A00008DF80260E0B28DF80300200A8DF80400D2
:106A1000200C8DF80500200E8DF80600E8B28DF8E8
:106A20000700280A8DF80800280C8DF80900280EA8
:106A30008DF80A0055208DF80B00AA208DF80C0067
:106A40000D216846FFF744FD7FBD10B5C14801F038
:106A5000CFFB0920FFF792FF41F28830FCF791FC51
:106A600010BD10B50446BCA001F0C2FB2046FFF7E4
:106A700085FFFCF7BFFF40F6C410FCF782FCBDA009
:106A800001F0B6FB611CC8B2FFF778FF40F6C410F6
:106A9000FCF777FC4FF4967264210420FCF7D2FFD8
:106AA0004FF4FA60FCF76DFCB9A001F0A1FB211DC9
:106AB000C8B2FFF763FFFCF7A3FF40F6B830FCF75E
:106AC00060FC10BD70B52DED068B82B00446B7A0FA
:106AD00001F08EFB2046FFF751FFFCF7CFFFFDF7DB
:106AE000ECFA4FF4FA60FCF74CFCFDF790F9B0EECD
:106AF000408AFDF735FAF0EE408A18EE900A04F06D
:106B00006DFB41EC190B18EE100A04F067FB41EC29
:106B10001A0B8DED009B53EC1A2BAC4801F068FB6F
:106B2000B7EE000AC8EE800ABDEEE00A10EE105A79
:106B3000B7EE000AC8EE000ABDEEE00A10EE106AD9
:106B4000A11CC8B22A463146FFF74BFF42F6F82097
:106B5000FCF717FC9EA001F04BFB211DC8B2FFF70C
:106B60000DFFFCF7ADFF40F6B830FCF70AFC02B0B1
:106B7000BDEC068B70BD70B52DED048B84B0044662
:106B80009BA001F035FB2046FFF7F8FEFDF700FB68
:106B900040F6B830FCF7F5FB02A903A8FDF781FB2E
:106BA0009DED030AF7EE000AB4EEE00AF1EE10FAEA
:106BB00010D29DED020AF7EE000AB4EEE00AF1EE03
:106BC00010FA07D293A001F013FBE11CC8B2FFF743
:106BD000D5FE35E0029804F001FB41EC180B039858
:106BE00004F0FCFA41EC190B8DED008B53EC192BE2
:106BF00092A001F0FDFA9DED020AF7EE000A80EE88
:106C0000201ABDEEC10A10EE105A9DED030AF7EEF0
:106C1000000A80EE201ABDEEC10A10EE106AA11C17
:106C2000C8B22A463146FFF7DCFE4FF4FA50FCF7B3
:106C3000A8FB91A001F0DCFA211DC8B2FFF79EFE6F
:106C4000FDF7BFFA40F6B830FCF79BFB04B0BDEC93
:106C5000048B70BD10B5044690A001F0C9FA20461F
:106C6000FFF78CFEAFF2FF20FDF76AFB4FF4FA60EE
:106C7000FCF787FB8FA001F0BBFA611CC8B2FFF7DD
:106C80007DFE0020984908802F49088002E064209A
:106C9000FCF777FB2C48008838B9934801880088B6
:106CA000401C914A10809629F1DB8F480088962875
:106CB00014DC254801888DA001F09AFAE11CC8B2C5
:106CC000FFF75CFE4FF47A60FCF75BFB94A001F0E9
:106CD0008FFA211DC8B2FFF751FE01E0FFF7B5FEA4
:106CE000FDF78AFB40F6B830FCF74BFB10BD10B542
:106CF000044691A001F07CFA2046FFF73FFEFDF725
:106D000084FC40F6B830FCF73CFB02234FF4FA62F7
:106D100090A192A0FDF7C1FC012807D191A001F03C
:106D200067FA211DC8B2FFF729FE06E096A001F020
:106D30005FFAE11CC8B2FFF721FEFDF76CFC40F6DC
:106D4000B830FCF71EFB10BDE2000020AA5500552C
:106D5000AA000000F0B60008E5BC80E5A78BE6B508
:106D60008BE8AF9520E89C82E9B8A3E599A85C720E
:106D70000A000000E89C82E9B8A3E599A8E9B8A355
:106D8000E58FABE4B889E5A3B05C720A00000000AF
:106D9000E89C82E9B8A3E599A820E6B58BE8AF9511
:106DA000E7BB93E69D9F0D0A00000000E5BC80E56F
:106DB000A78BE6B58BE8AF9520E6B094E58E8BE423
:106DC000BCA0E6849FE599A85C720A0044B700085D
:106DD000E6B094E58E8BE4BCA0E6849FE599A820FC
:106DE000E6B58BE8AF95E7BB93E69D9F0D0A0000E3
:106DF000E5BC80E5A78BE6B58BE8AF9520E6B8A9A2
:106E0000E6B9BFE5BAA6E4BCA0E6849FE599A80D63
:106E10000A000000E6B8A9E6B9BFE5BAA6E4BCA03E
:106E2000E6849FE599A8E5BC82E5B8B8EFBC8CE89C
:106E3000AFB7E6A380E69FA55C720A00E5BD93E5C7
:106E4000898DE6B8A9E5BAA6E4B8BA20252E32663F
:106E500020E69184E6B08FE5BAA62C20E79BB8E542
:106E6000AFB9E6B9BFE5BAA6E4B8BA20252E3266B6
:106E700025250D0A00000000E6B8A9E6B9BFE5BA6D
:106E8000A6E4BCA0E6849FE599A820E6B58BE8AF10
:106E900095E7BB93E69D9F0D0A000000E5BC80E5E9
:106EA000A78BE6B58BE8AF9520E5B18FE5B9950DD9
:106EB0000A000000E8AFB7E782B9E587BBE5B18F0C
:106EC000E5B995E5B7A6E4B88BE696B9E79A8420CC
:106ED0005BE695B0E580BCE8B083E88A825D20E59A
:106EE0009BBEE6A0870D0A00E6000020E8AFBBE5E8
:106EF0008F96E588B0E8A7A6E691B8E59CB0E59D39
:106F000080E580BC202523782C20E5B18FE5B9955C
:106F1000E8A7A6E691B8E6ADA3E5B8B80D0A00006B
:106F2000E5B18FE5B99520E6B58BE8AF95E7BB9362
:106F3000E69D9F0D0A000000E5BC80E5A78BE6B545
:106F40008BE8AF95205769466920E6A8A1E59D9793
:106F50000D0A00004F4B0D0A0000000041540D0ABD
:106F6000000000005769466920E6A8A1E59D97E664
:106F7000ADA3E5B8B8EFBC8CE6B58BE8AF95E7BB41
:106F800093E69D9F5C720A005769466920E6A8A1B6
:106F9000E59D97E5BC82E5B8B8EFBC8CE8AFB7E6F5
:106FA000A380E69FA55C720A000000002DE9F04175
:106FB0000446F4A001F01CF92046FFF7DFFC002096
:106FC000FDF7BAFD40F6B830FCF7DBF900260027E4
:106FD00008E0FDF7D7FD304486B26420FCF7D1F914
:106FE000781CC7B20A2FF4DB0A2096FBF0F085B2BA
:106FF0002946ECA001F0FCF829460A20FFF7CBFC5B
:1070000041F65830FCF7BDF9C82D07DAF1A001F0C0
:10701000EFF8E11CC8B2FFF7B1FC06E0F9A001F0FF
:10702000E7F8211DC8B2FFF7A9FCFDF78FFD40F678
:10703000B830FCF7A6F9BDE8F08110B50446F9A018
:1070400001F0D6F82046FFF799FCFDF766FE40F602
:10705000C410FCF796F9FBA001F0CAF8611CC8B295
:10706000FFF78CFC4FF4FA60FCF78BF964231422D1
:1070700019460120FDF78BFF4FF47A60FCF781F988
:10708000FAA001F0B5F8A11CC8B2FFF777FC40F6F2
:10709000B830FCF776F90020FE49088002E0642051
:1070A000FCF76FF9FDF7BFFF38B9FA48018800888F
:1070B000401CF84A10809629F1DBF6480088962893
:1070C00012DCF5A001F094F8E11CC8B2FFF756FC01
:1070D00040F6B830FCF755F9F5A001F089F8211D0C
:1070E000C8B2FFF74BFC01E0FFF7AFFC40F6C4105D
:1070F000FCF747F900210846FDF71DFF4FF4FA7031
:10710000FCF73FF9FDF70FFE4FF4FA70FCF739F981
:1071100010BD70B50446EEA001F06AF82046FFF7F6
:107120002DFCAFF2B570FEF76BF840F6C410FCF71B
:1071300028F9F0A001F05CF8611CC8B2FFF71EFC52
:107140004FF4FA60FCF71DF90020D2490880F2499B
:10715000088002E06420FCF714F9EF48008838B991
:10716000CC4801880088401CCA4A10809629F1DB6F
:10717000C848008896281BDCE74805782846FEF7B3
:1071800083F8064632462946E4A001F031F8E11CB6
:10719000C8B22946FFF7FFFB4FF47A60FCF7F1F81D
:1071A000EAA001F025F8211DC8B2FFF7E7FB01E0D6
:1071B000FFF74BFCFEF72DF840F6B830FCF7E1F88E
:1071C00070BD2DE9F0410446E9A001F011F8204618
:1071D000FFF7D4FB0020FEF788F94FF4FA60FCF7C4
:1071E000D0F80025002708E0FEF7A0F9284485B272
:1071F0006420FCF7C6F8781CC7B20A2FF4DB0A201B
:1072000095FBF0F086B2314666A000F0F1FF314602
:107210000A20FFF7C0FB41F27070FCF7B2F8DCA067
:1072200000F0E6FF211DC8B2FFF7A8FBFEF767F9E3
:1072300040F6B830FCF7A5F8BDE8F08170B504461B
:10724000DBA000F0D5FF2046FFF798FB0F20FBF7EF
:10725000CBFE40F6B830FCF794F8DEA000F0C8FF93
:10726000611CC8B2FFF78AFB40F6C410FCF789F82E
:10727000002500BF0F20FBF761FF1E20FCF781F8FF
:10728000642D07D1DEA000F0B3FFA11CC8B2FFF748
:1072900075FB02E0962D00D102E0681CC5B2E9E75B
:1072A00000BF0F20FBF72FFF4FF4FA60FCF769F8DF
:1072B000DAA000F09DFF211DC8B2FFF75FFB0F2091
:1072C000FBF7DFFE40F6B830FCF75BF870BD10B599
:1072D0000446D9A000F08CFF2046FFF74FFBFEF7D5
:1072E0009BF94FF4FA60FCF74CF8DAA000F080FF4D
:1072F000611CC8B2FFF742FB4FF4FA60FCF741F89B
:10730000FEF7C5F91420FEF7B5F940F6B830FCF7E2
:1073100038F8FEF7C0F94FF4FA60FCF732F8D2A063
:1073200000F066FFA11CC8B2FFF728FB4FF4FA601B
:10733000FCF727F8FEF7ABF96420FEF79BF940F65F
:10734000B830FCF71EF8CEA000F052FFE11CC8B226
:10735000FFF714FB4FF4FA60FCF713F8FEF79BF904
:107360004FF4FA60FCF70DF8CBA000F041FF211DAF
:10737000C8B2FFF703FBFEF775F940F6B830FCF72B
:1073800000F810BDE5BC80E5A78BE6B58BE8AF95AE
:1073900020E781ABE784B0E4BCA0E6849FE599A830
:1073A0005C720A00E6A8A1E68B9FE4BFA1E58FB757
:1073B000E8BF9EE7BBADE58D81E6ACA1E98787E636
:1073C000A0B7E5B9B3E59D87E580BCE4B8BA202550
:1073D000640D0A00E98787E6A0B7E580BCE5A4AAAA
:1073E000E5B08FEFBC8CE8AFB7E6A380E69FA5E7DA
:1073F00081ABE784B0E4BCA0E6849FE599A80D0AC0
:1074000000000000E781ABE784B0E4BCA0E6849F05
:10741000E599A820E6B58BE8AF95E7BB93E69D9F7D
:107420000D0A0000E5BC80E5A78BE6B58BE8AF95BB
:1074300020E68C87E7BAB9E4BCA0E6849FE599A86A
:107440005C720A00E68C87E7BAB9E4BCA0E6849FC8
:10745000E599A8E5BC80E590AFE7BBBFE889B2E558
:1074600091BCE590B8E781AF0D0A0000E8AFB7E541
:10747000B086E6898BE68C87E694BEE59CA8E68C10
:1074800087E7BAB9E4BCA0E6849FE599A8E4B88A86
:107490000D0A0000E6000020E6A380E6B58BE58833
:1074A000B0E6898BE68C87E68C89E58E8B0D0A0029
:1074B000E68C87E7BAB9E4BCA0E6849FE599A820EA
:1074C000E6B58BE8AF95E7BB93E69D9F0D0A0000FC
:1074D000E5BC80E5A78BE6B58BE8AF9520E7BAA2BF
:1074E000E5A496E68EA5E694B6E6A8A1E59D970DDF
:1074F0000A000000E8AFB7E68C89E4B88BE7BAA2CF
:10750000E5A496E981A5E68EA7E599A8E68C89E928
:1075100094AE0D0A00000000E2000020E694B6E5FB
:1075200088B0E7BAA2E5A496E68C89E994AEE7A014
:1075300081202523782C20E5AFB9E5BA94E68C8923
:10754000E994AEE4B8BA2025630D0A00E7BAA2E5D3
:10755000A496E68EA5E694B6E6A8A1E59D9720E65A
:10756000B58BE8AF95E7BB93E69D9F0D0A00000041
:10757000E5BC80E5A78BE6B58BE8AF9520E5A3B029
:10758000E99FB3E4BCA0E6849FE599A85C720A0079
:10759000E5A3B0E99FB3E4BCA0E6849FE599A820E9
:1075A000E6B58BE8AF95E7BB93E69D9F0D0A00001B
:1075B000E5BC80E5A78BE6B58BE8AF95204C45444C
:1075C00020E58F91E58589E4BA8CE69E81E7AEA13E
:1075D0005C720A00E69DBFE8BDBD204C454431E326
:1075E00080814C454432E380814C45443320E5BCE6
:1075F00080E5A78BE997AAE783815C720A00000007
:10760000E78684E781ADE585A8E983A8E69DBFE824
:10761000BDBD204C45440D0A00000000E69DBFE8BA
:10762000BDBD204C454420E6B58BE8AF95E7BB9344
:10763000E69D9F0D0A000000E5BC80E5A78BE6B53E
:107640008BE8AF9520E79BB4E6B581E794B5E69C5F
:10765000BA0D0A00E794B5E69CBAE8BDACE9809F94
:1076600020323025250D0A00E794B5E69CBAE58561
:10767000A8E9809FE8BDACE58AA85C720A0000001A
:10768000E5819CE6ADA2E794B5E69CBAE8BDACE521
:107690008AA80D0A00000000E79BB4E6B581E794D4
:1076A000B5E69CBA20E6B58BE8AF95E7BB93E69DBF
:1076B0009F0D0A002DE9F0410446F8A000F098FD66
:1076C0002046FFF75BF90020FEF751F84FF4FA600F
:1076D000FBF757FE0026002708E0FEF769F8304464
:1076E00086B26420FBF74DFE781CC7B20A2FF4DB8C
:1076F0000A2096FBF0F085B22946AFF2583000F030
:1077000077FD29460A20FFF746F941F27070FBF732
:1077100038FE962D0BDAE9A000F06AFDE11CC8B234
:10772000FFF72CF94FF4FA60FBF72BFE06E0EFA011
:1077300000F05EFD211DC8B2FFF720F9FEF721F829
:1077400040F6B830FBF71DFEBDE8F0811CB50446DD
:10775000EEA000F04DFD2046FFF710F9FEF7B6F859
:10776000FEF7B1F940F6B830FBF70BFEF0A000F0E1
:107770003FFD611CC8B2FFF701F94FF4FA60FBF757
:1077800000FE00200190F64908801EE001A9522069
:10779000FEF79DFA262815D101A8FEF7CAFA262879
:1077A00010D19DF8070000909DF806309DF8052047
:1077B0009DF80410EBA000F01BFDE11CC8B2FFF720
:1077C000DDF80AE06420FBF7DCFDE548018800886D
:1077D000401CE34A10809629D8DB00BFE0480088AF
:1077E00096280FDC4FF4FA60FBF7CBFDE7A000F022
:1077F000FFFC211DC8B2FFF7C1F840F6B830FBF717
:10780000C0FD01E0FFF721F91CBD70B50446E8A0FA
:1078100000F0EEFC2046FFF7B1F8FEF7BBFCFEF7E8
:10782000CBFC40F6C410FBF7ACFDE9A000F0E0FC97
:10783000611CC8B2FFF7A2F84FF4FA60FBF7A1FD94
:1078400000250DE0FEF7D4FC4FF4FA70FBF799FD2C
:10785000FEF7D4FC4FF4FA70FBF793FD681CC5B239
:10786000032DEFDB4FF4FA70FBF78BFDDFA000F088
:10787000BFFCA11CC8B2FFF781F84FF4FA60FBF718
:1078800080FD00250DE0FEF7BFFC4FF4FA70FBF71A
:1078900078FDFEF7BFFC4FF4FA70FBF772FD681C31
:1078A000C5B2032DEFDB4FF4FA70FBF76AFDD6A0EB
:1078B00000F09EFC211DC8B2FFF760F8FEF78EFCB9
:1078C00040F6B830FBF75DFD70BD10B50446D6A09C
:1078D00000F08EFC2046FFF751F8AFF66770FEF718
:1078E000A1FC40F6B830FBF74CFDD8A000F080FCBE
:1078F000611CC8B2FFF742F84FF47A60FBF741FD14
:10790000002097490880DE49088002E06420FBF7E8
:1079100038FDDB48008838B9914801880088401C50
:107920008F4A10809629F1DB8D480088962812DC5A
:10793000D4A000F05DFCE11CC8B2FFF71FF840F6D0
:10794000B830FBF71EFDD6A000F052FC211DC8B2D6
:10795000FFF714F801E0FFF778F8FEF792FC40F625
:10796000B830FBF70EFD10BD10B50446D5A000F0F1
:107970003FFC2046FFF702F8FEF703FD4FF4FA60E4
:10798000FBF7FFFCD6A000F033FC611CC8B2FEF789
:10799000F5FF4FF47A70FBF7F4FC41F264410120EB
:1079A000FEF7B3FC4FF47A60FBF7EBFCD0A000F0DD
:1079B0001FFCA11CC8B2FEF7E1FF4FF47A70FBF781
:1079C000E0FC41F264410020FEF79FFC4FF47A6036
:1079D000FBF7D7FCCAA000F00BFC211DC8B2FEF7D4
:1079E000CDFFFEF7E9FC40F6B830FBF7CAFC10BD4E
:1079F00010B50446B3A000F0FBFB2046FEF7BEFF27
:107A0000FEF734FE4FF4FA60FBF7BBFCB4A000F0C5
:107A1000EFFB611CC8B2FEF7B1FF4FF47A70FBF7C1
:107A2000B0FC41F264410120FEF7EBFD4FF47A60B7
:107A3000FBF7A7FCAEA000F0DBFBA11CC8B2FEF771
:107A40009DFF4FF47A70FBF79CFC41F264410020EB
:107A5000FEF7D7FD4FF47A60FBF793FCA8A000F087
:107A6000C7FB211DC8B2FEF789FFFEF71EFE40F6D8
:107A7000B830FBF786FC10BD2DE9F0410446A7A005
:107A800000F0B6FB2046FEF779FFFEF71DFE4FF42F
:107A9000FA60FBF776FC0025002758E1E5BC80E59D
:107AA000A78BE6B58BE8AF9520E7839FE99BBEE403
:107AB000BCA0E6849FE599A85C720A00E98787E686
:107AC000A0B7E580BCE5A4AAE5B08FEFBC8CE8AF19
:107AD000B7E6A380E69FA5E7839FE99BBEE4BCA031
:107AE000E6849FE599A80D0A00000000E7839FE95E
:107AF0009BBEE4BCA0E6849FE599A820E6B58BE890
:107B0000AF95E7BB93E69D9F0D0A0000E5BC80E5BD
:107B1000A78BE6B58BE8AF9520E5B084E9A291E6A6
:107B2000849FE5BA94E6A8A1E59D970D0A000000A0
:107B3000E8AFB7E588B7E58DA1E6B58BE8AF95204E
:107B400028E5B086E58DA1E78987E8B4B4E7B4A756
:107B5000E4BCA0E6849FE599A8290D0A0000000076
:107B6000E6000020E8AFBBE58DA1E68890E58A9F9E
:107B7000EFBC8CE58DA1E58FB7E4B8BA3A20257843
:107B80002025782025782025780D0A00E5B084E9A5
:107B9000A291E6849FE5BA94E6A8A1E59D9720E628
:107BA000B58BE8AF95E7BB93E69D9F0D0A000000FB
:107BB000E5BC80E5A78BE6B58BE8AF9520E7BBA7D2
:107BC000E794B5E599A8E6A8A1E59D975C720A003F
:107BD000E7BBA7E794B5E599A8203120E9809AE6AC
:107BE00096AD203320E6ACA15C720A00E7BBA7E7A4
:107BF00094B5E599A8203220E9809AE696AD203325
:107C000020E6ACA15C720A00E7BBA7E794B5E59952
:107C1000A8E6A8A1E59D9720E6B58BE8AF95E7BB60
:107C200093E69D9F0D0A0000E5BC80E5A78BE6B5B5
:107C30008BE8AF9520E7BAA2E5A496E6849FE5BA63
:107C400094E6A8A1E59D970D0A000000E8AFB7E70C
:107C500094A8E6898BE68E8CE981AEE68CA1E59C42
:107C6000A8E7BAA2E5A496E6849FE5BA94E6A8A19F
:107C7000E59D97E5898DE696B95C720A00000000E3
:107C8000E2000020E6849FE5BA94E588B0E4BABA41
:107C9000E4BD93E7A7BBE58AA85C720A0000000078
:107CA000E7BAA2E5A496E6849FE5BA94E6A8A1E522
:107CB0009D9720E6B58BE8AF95E7BB93E69D9F0DBA
:107CC0000A000000E5BC80E5A78BE6B58BE8AF9520
:107CD00020E6ADA5E8BF9BE794B5E69CBA0D0A0087
:107CE000E6ADA3E8BDACE6B58BE8AF950D0A0000A4
:107CF000E58F8DE8BDACE6B58BE8AF950D0A0000C9
:107D0000E6ADA5E8BF9BE794B5E69CBA20E6B58B47
:107D1000E8AF95E7BB93E69D9F0D0A00E5BC80E5C3
:107D2000A78BE6B58BE8AF9520E58589E6958FE4CE
:107D3000BCA0E6849FE599A85C720A00FEF70DFDE1
:107D4000284485B26420FBF71CFB781CC7B20A2FBD
:107D5000F4DB0A2095FBF0F086B23146AFF6BC109A
:107D600000F046FA31460A20FEF715FE41F2707027
:107D7000FBF707FBA8A000F03BFA211DC8B2FEF7F5
:107D8000FDFDFEF7DDFC40F6B830FBF7FAFABDE882
:107D9000F08170B50446A8A000F02AFA2046FEF74C
:107DA000EDFDFEF751FD40F6C410FBF7EAFAA9A07D
:107DB00000F01EFA611CC8B2FEF7E0FD40F2DC5094
:107DC000FBF7DFFA00221146FF20FEF7A5FD40F683
:107DD000B830FBF7D6FAA5A000F00AFAA11CC8B289
:107DE000FEF7CCFD40F2DC50FBF7CBFA002506E0B5
:107DF0000022FF211046FEF78FFD681CC5B2082D3A
:107E0000F6DB40F6B830FBF7BCFA9EA000F0F0F9C4
:107E1000E11CC8B2FEF7B2FD40F2DC50FBF7B1FA4C
:107E2000002506E0002211461046FEF775FD681C8D
:107E3000C5B2082DF6DB4FF4FA60FBF7A2FA97A063
:107E400000F0D6F9211DC8B2FEF798FDFEF715FD2A
:107E500040F6B830FBF795FA70BD10B504465A2CC1
:107E60004CD014DC302C35D008DC102C22D01A2C4D
:107E700024D0202C26D02A2C64D127E03A2C2DD0D7
:107E8000402C2FD04A2C31D0502C5BD132E0802CAA
:107E900048D008DC602C35D06A2C37D0702C39D013
:107EA0007A2C4FD13AE08A2C40D0902C42D09A2C98
:107EB00048D143E02046FEF7CDFE43E02046FFF7E1
:107EC000F9FB3FE02046FFF793FD3BE02046FFF73C
:107ED0003DFC37E02046FEF74EFE33E02046FEF73D
:107EE000F1FD2FE02046FFF790FC2BE02046FFF746
:107EF000ECFC27E02046FFF764F923E02046FFF77B
:107F00009DF91FE02046FFF704F91BE02046FFF72C
:107F100040FF17E02046FFF7DAF913E02046FFF7AD
:107F200045F80FE02046FEF79CFD0BE02046FEF7EB
:107F3000DEFE07E02046FFF780F803E02046FFF76B
:107F40009BFD00BF00BF01205B49087010BD10B54C
:107F500010244FF47A70FBF714FA58A000F048F997
:107F60001EE00020544908702046FFF776FF5CA011
:107F700000F03EF903E04FF47A70FBF702FA4E4846
:107F800000780028F7D0E11704EB11710911A4EB78
:107F9000011119B904F10A00C4B201E0A01DC4B274
:107FA0009A2CDEDD57A000F023F90520FEF7E6FC51
:107FB00010BD70B504460D46A078EE2822D1E078B9
:107FC000EE280DD156A000F013F94FF4FA60FBF73C
:107FD000D8F90120FEF7D2FC584800F009F90FE06B
:107FE000E078E02809D1564800F002F94FF4FA5041
:107FF000FBF7C7F9FFF7ABFF02E0E078FFF72DFFD3
:10800000FEF774FA70BD10B5AFF259014FF4E130CC
:10801000FEF7E0F910BD0000E58589E6958FE4BC28
:10802000A0E6849FE599A820E6B58BE8AF95E7BB6D
:1080300093E69D9F0D0A0000E5BC80E5A78BE6B5A1
:108040008BE8AF9520E5BDA9E889B2E781AFE78E5F
:10805000AF0D0A00E782B9E4BAAE203120E9A29759
:10806000E7BAA2E781AF5C720A000000E782B9E4D8
:10807000BAAE203820E9A297E7BBBFE781AF5C72B8
:108080000A000000E78684E781ADE585A8E983A8BA
:10809000E781AFE78FA00D0A00000000E5BDA9E869
:1080A00089B2E781AFE78EAF20E6B58BE8AF95E701
:1080B000BB93E69D9F0D0A00E40000200D0A3D3DA4
:1080C0003D3D3D3D3D3D3D3D3D3D3D3D3D3D3D3DE0
:1080D0003D3D3D3D3D3D3D3D3D3D3D3D0D0A0000AD
:1080E0003D3D3D3D3D3D3D3D3D3D3D3D3D3D3D3DC0
:1080F0003D3D3D3D3D3D3D3D3D3D3D3D3D3D0D0A13
:1081000000000000E585A8E983A8E6A8A1E59D9701
:10811000E6B58BE8AF95E7BB93E69D9F0D0A00009F
:10812000E6ADA3E59CA8E58786E5A487E6A8A1E5DA
:108130009D97E887AAE6A3800D0A00006CB60008A8
:1081400008B6000870B5064600F028FA056806F182
:108150000B0020F00704B4429CBF002070BD2B46EA
:108160006A68BAB11068A04210D304F108018842CD
:108170003CBF5068586007D35168101941601168BE
:10818000091B016058601460101D70BD13465268D1
:10819000002AE7D12146284600F008FA0028DED15F
:1081A00070BD70B50446051F00F0F8F90068002C9A
:1081B00014BF446870BD002C18BFAC423CBF2046C1
:1081C0006468F8D301680A18AA4218BF456003D151
:1081D0002A6805461144016028684119A1421CBF64
:1081E0006C6070BD6168696021680844286070BD7A
:1081F0000FB4044910B503AA029800F0C7FC10BCE4
:108200005DF814FB040000200FB41CB5074B06AA50
:108210007B4469460090059800F089FC002069467F
:1082200000F098FC1CBC5DF814FB00004109000044
:1082300070B50C460546012A05D02878800600D581
:10824000EA69002302E0012305E05B1C934202D2AD
:10825000E05C0028F9D1A869E618C01AA861286A6C
:10826000184428622846AFF3008004E0D5E90121D4
:1082700014F8010B9047B442F8D32846AFF30080BE
:1082800070BD00002DE9F0410646002410687529F4
:10829000314616A510D0AFF30080002802DA404224
:1082A00013A507E031688A0701D512A502E0490746
:1082B00004D511A5012401E0AFF3008000210A22BA
:1082C00006F1240709E0B0FBF2FCB0FBF2F302FB7D
:1082D0001C00303078541846491C0028F3D123463E
:1082E0002A463046BDE8F04100F0B5B90000000074
:1082F0002D0000002B0000002000000070B5044697
:108300000D4621461068AFF300802188090502D58B
:108310000F4A7A4402E00E4A7A440E32002104F1F8
:10832000240305E000F00F060009965D5E54491C29
:108330000028F7D120780023000704D5702D02D043
:1083400009B1022311322046BDE8704000F083B924
:10835000BA3000002DE9F05F894604464FF0000A6C
:10836000DFF824B1FB44C0F820A02046E16888472C
:1083700000287DD0252806D0D4E901219047206A25
:10838000401C2062F1E700255F462046E1688847EF
:108390002028064607DB312E05D2B81910F8200C2C
:1083A00008B10543F1E7A80701D525F00405C4F895
:1083B0001CA00027C4F818A02A2E09D0304602F0CD
:1083C000CFF838B304EB8708303EC8F8186019E0DE
:1083D00059F8041B204604EB87029161E168884745
:1083E000012F064618D1E069002820DA25F0200583
:1083F0001DE0D8F8180000EB800006EB4000303894
:10840000C8F818002046E1688847064602F0A8F838
:108410000028EED1012F0AD02E2E08D12046E16887
:1084200088477F1C0646022F45F02005C4DBA06963
:10843000002803DA404245F00105A061E80701D0B9
:1084400025F01005A6B1A6F14100192802D8203662
:1084500045F400654A463146204625604D46F7F70B
:10846000CDFE60B1012807D0ED1D25F0070000E02A
:1084700007E000F1080978E705F1040975E73046DF
:108480007AE7206ABDE8F09F9030000030B50546DD
:108490000B462A4613F8014B12F8010B08B1A04213
:1084A000F8D01CB1002802D06D1CF1E7284630BD81
:1084B00010B5431C02E010F8011B71B18107FAD11D
:1084C0004FF0013202C88C1A8C4314EAC211F9D061
:1084D000C01A0A0603D0C01E10BDC01A10BD0A047F
:1084E00001D0801E10BD0902FCD0401E10BD10B589
:1084F000203AC0F00B80B1E81850203AA0E818509C
:10850000B1E81850A0E81850BFF4F5AF5FEA027C5C
:1085100024BFB1E81850A0E8185044BF18C918C0CB
:10852000BDE810405FEA827C24BF51F8043B40F86C
:10853000043B08BF7047D20728BF31F8023B48BF51
:1085400011F8012B28BF20F8023B48BF00F8012B8F
:1085500070474FF000020429C0F0128010F0030CA5
:1085600000F02883CCF1040CBCF1020F18BF00F816
:10857000012BA8BF20F8022BA1EB0C0100F01ABBC5
:108580005FEAC17C24BF00F8012B00F8012B48BF33
:1085900000F8012B704770477047704700487047DC
:1085A00094100120704770477047704738B50446F3
:1085B0000A4600206946AFF30080002808BF38BD96
:1085C00002460099204600F027FB012038BD01201B
:1085D00000F034BCF8B5AFF30080054600200C462F
:1085E000102000BF0646A819A0420DD932466946A0
:1085F0000020AFF30080070008BF00F01FFC0098C8
:10860000A04218BF0546C419FFF7C8FF056007461A
:10861000F01D20F007004619284600F00AF8B44281
:1086200008BFF8BDA21B31463868BDE8F84000F02D
:10863000F3BA00210160C0E90110704710207047B3
:1086400010B500F0E5FA006810BD10B5044600F062
:10865000DFFA046010BD2DE9F0470D4699469246B9
:10866000044600F124080168880604D5E06921F079
:108670001001216000E00120A84201DD471B00E05D
:108680000027A1697A1902EB0900081AA061207875
:10869000C00602D42046AFF30080002608E0D4E9EB
:1086A00001211AF806009047206A401C761C2062BF
:1086B0004E45F4DB2078C0060AD52046AFF3008093
:1086C00006E0D4E9012130209047206A401C206256
:1086D000381EA7F10107F4DC07E0D4E9012118F8FE
:1086E00005009047206A401C2062281EA5F1010564
:1086F000F3DC2046AFF300802078000602D502208C
:10870000BDE8F0870120FBE770472DE9FF4F0C46DD
:108710001E464FF0FF378BB0D2E90001DDF86080D4
:108720000A908A46C1F30A5505B93D46002108461C
:108730004FF00000BAF1000F00F4400005DA00EB42
:1087400080004FF4400101EA50004FEA9059B9F11E
:10875000010F00DDB9460A9850EA4A000ED044F6EF
:108760001050A5F2FF3545432F14B8F1000F1ED06D
:108770007542291E1EDDC9F100021CE0B8F1010F8F
:108780004FF0000001D0302103E0F24305E0215416
:10879000401CB042FBDB30460022002121540B99E3
:1087A000C1F80880C1E900200FB0BDE8F08FBD1B03
:1087B0006D1CDEE74A4600DA694206A800F0CCFAF2
:1087C00006AB93E8070003AB83E8070050460A991D
:1087D00000F0F8FB8DE80700A0F500501F3800906E
:1087E0000398002D09DD42F21F014A46084403A9FF
:1087F0000390684600F057FE08E0A0F500504A4696
:108800001F3803A90390684600F061FE8DE8070059
:108810000004000C03D04FF0FF30410800E0104688
:10882000B8F1000F03D00022009215461EE0751E1D
:1088300005D400F00BFA303262556D1EF9D5B346FF
:108840000122084302D000227F1C04E02078302857
:1088500001D100227F1E002A099786D01DE0112D2C
:1088600007DA00F0F3F9303262556D1C50EA01026C
:10887000F5D1084302D00098C8B10EE00021681E6F
:1088800005E0235C625C63542254401E491C814213
:10889000F7DBAB46A81B401E0990002004F80B0034
:1088A0000B98099AC0F80880C0E9002B7CE71126D4
:1088B0004FF0000859E72DE9F04F88460446D21DD5
:1088C00022F0070191B0D1E90001CDE90A0100F0E1
:1088D00034FF02460B98C00F01D02D2007E020681E
:1088E000810701D52B2002E0202101EAC000032AE4
:1088F000099001D0072A05DB03464146204600F0D7
:10890000EBF90BE12078800601D5E06900E0062054
:10891000B8F1650F814606D0B8F1660F18D0B8F1EE
:10892000670F70D131E00020B9F1110F009001DB29
:10893000112301E009F101030AAA01A90CA8FFF71C
:10894000E4FEDDE90C70002609F10105834647E0ED
:1089500001204B4600904FF000470AAA01A90CA83D
:10896000FFF7D3FEDDE90DB00C995D46002610B986
:1089700009F101000D18B9EB050003D4C0F1FF3671
:1089800009F10105A5EB09002BE0B9F1010F01DAAE
:108990004FF001090020B9F1110F0090484601DDA8
:1089A000112300E003460AAA01A90CA8FFF7ADFEB7
:1089B000DDE90C704D4600268346207800070AD476
:1089C000AB4500DA5D4601A8012D04DD411911F81F
:1089D000011C302907D04F4502DA17F1040F04DAE1
:1089E000012082460FE06D1EEEE7002F02DCED1B3A
:1089F0003E4403E0781CA84200DD7D1CB81B00F15A
:108A0000010A4FF000472078000703D4AA4501DB94
:108A10004FF0FF3A0021B7F1004F0DF143088DF8F8
:108A2000431024D002202B23002F01DA7F422D2374
:108A30000A21021EA0F1010000DC5FB197FBF1FCEE
:108A400097FBF1F201FB1C7C17460CF1300C08F887
:108A500001CDEEE7A8F1010003702188090501D5D9
:108A6000452100E06521A0F1010800F8011C0998EA
:108A70000FA9A1EB0807FF1D00B10120411901EB6F
:108A8000EA70A1693844081A401EA0612078C00627
:108A900002D42046AFF30080099828B1D4E901211F
:108AA0009047206A401C20622078C00622D52046CC
:108AB000AFF300801EE0002E04DBB34502DD01A809
:108AC000805D00E03020D4E901219047206A401CFD
:108AD0002062761CAAF101005FEA000A0AD100F0C8
:108AE00093F8C0680168405CD4E901219047206A8E
:108AF000401C2062281EA5F10105DCDC07E0D4E95A
:108B0000012118F8010B9047206A401C2062381E92
:108B1000A7F10107F3DC2046AFF30080032011B07A
:108B200043E6000001694A1C02610878704700B5FD
:108B30008FB0CDE901310021059105497944CDE996
:108B4000031011466846FFF705FC0FB000BD00009A
:108B5000E5FFFFFF0A6802F8010B0A60704710B5D5
:108B6000436913B1AFF3008001E0FFF761FB01201F
:108B700010BD127800F124010A7000224A7001220F
:108B8000EDE711684FF0FF32E9E70000074B70B5E1
:108B90000D467B44FFF7CBFF0446284600F04AF918
:108BA00010B14FF0FF3070BD204670BD25A4FFFF0F
:108BB0004FF0000200B5134694469646203922BF76
:108BC000A0E80C50A0E80C50B1F12001BFF4F7AFC1
:108BD000090728BFA0E80C5048BF0CC05DF804EBA3
:108BE000890028BF40F8042B08BF704748BF20F811
:108BF000022B11F0804F18BF00F8012B70470000C6
:108C0000004870478C10012000487047AC100120CC
:108C1000004870478C100120034640688C460028AD
:108C200018BF88423CBF03464068F8D31868184410
:108C3000884207D00CF1030020F00700001D411A04
:108C4000521A0146081D0A60FFF7ABBA30B5B0F101
:108C50000A024FEA900E71F100034EEA817EB0EBFA
:108C60000E0061EB91014FEA101E4EEA017E10EBFF
:108C70000E0041EB11114FEA102E4EEA016E10EB7F
:108C80000E0041EB11214FEA104E4EEA014E10EB5F
:108C90000E0041EB1141401841F100014FEAD000B4
:108CA00040EA41704FEAD10110EB80054FEA8104A0
:108CB00044EA907444EB01046D1944EB0404521B24
:108CC000A3414FF0000348BF0A3200D530BD401C1D
:108CD00041F1000130BD00002DE9F0411F4604467E
:108CE00003260168072A01F4006004DB08B116A519
:108CF00005E016A503E008B115A500E015A521F0D3
:108D000010002060A069C01EA0610FB1401EA061CC
:108D10002046AFF300804FB1D4E901213846904797
:108D2000206A401C2062C01C206206E0206AFAE72C
:108D3000D4E9012115F8010B9047761EF8D22046A0
:108D4000AFF30080BDE8F0814E414E006E616E00D1
:108D5000494E4600696E66002DE9F0478146164689
:108D60008AB0334878440DC88DE80D003048784407
:108D7000801C03AC0DC884E80D0041F69B3008440C
:108D8000372190FBF1F290FBF1F5A5F1800501FB95
:108D900012041B3C02D56442012000E00020DFF8F1
:108DA00090A080460027FA44AAF1BE0A0DE0E00731
:108DB00009D03246684607EB47010AEB810100F013
:108DC00086FB8DE8070064107F1C002CEFD1184F44
:108DD0007F44AC3F18E0E80714D007EB04100DF116
:108DE000180A90E80E008AE80E00C068F04201D12F
:108DF00098190890324606A903A800F068FB03AB57
:108E000083E807006D10641C002DE4D132466946EA
:108E1000B8F1000F03A802D000F045FB01E000F01C
:108E200056FBC9E90001C9F808200AB0BDE8F0877F
:108E3000B4270000007B00F08000704710B500F000
:108E400039F8BDE8104000F02FB870477546FFF7BD
:108E5000D7FEAE4605006946534620F0070085461A
:108E600018B020B5F7F782FBBDE820404FF00006B0
:108E70004FF000074FF000084FF0000B21F0070102
:108E8000AC46ACE8C009ACE8C009ACE8C009ACE845
:108E9000C0098D46704710B50446AFF300802046E8
:108EA000BDE81040F7F7D6B9002801D0FAF783B82B
:108EB0007047000010B5012805D0002103A000F084
:108EC00061F8012010BD09A1F8E70000534947529D
:108ED000544D454D3A204F7574206F66206865618A
:108EE00070206D656D6F7279000000003A20486552
:108EF0006170206D656D6F727920636F727275702D
:108F0000746564004FF0013C50F8042B51F8043BA9
:108F10009A4221D1A2EB0C03934313EACC1317D14D
:108F200050F8042B51F8043B9A4215D1A2EB0C03E4
:108F3000934313EACC130BD150F8042B51F8043BA4
:108F40009A4209D1A2EB0C03934313EACC13DBD072
:108F50004FF00000704700BFD01A01BAB1FA81F19A
:108F600001F0180122FA01F0CB40C1F12001DBB27F
:108F7000C0B2C01A2CFA01F3D11A914311EAC311FD
:108F8000E6D1704770B505460C460A2000E06D1C1E
:108F900000F011F835B128780028F8D102E0641CFF
:108FA00000F009F814B120780028F8D1BDE870402D
:108FB0000A20AFF3008008B569468DF80000032051
:108FC000ABBE08BD5FEA400C08BF91F0000F4FEA4E
:108FD0008C234FEAC12243EA51514FEA1C5018BF7B
:108FE00000F5F0404FEA300018BF41F000415FEA61
:108FF0006C5C00F02980BCF1FF3F08BF40F080406E
:109000007047130C06BF12044FF0100C4FF0000C09
:10901000130E04BF12020CF1080C130F04BF12014F
:109020000CF1040C930F04BF92000CF1020CD30F4F
:1090300004BF52000CF1010C11464FF00002A0F1E8
:109040001F00A0EB0C00704711F0004F08BF7047E5
:1090500031F000413FF4D5AF0B0C06BF09044FF0CF
:10906000100C4FF0000C0B0E04BF09020CF1080CA1
:109070000B0F04BF09010CF1040C8B0F04BF890016
:109080000CF1020CCB0F04BF49000CF1010CCCF128
:109090002003A0EB0C0022FA03F302FA0CF241EADF
:1090A000030100F10100704720F07F4C80EA0300CB
:1090B00023F07F47ACEB070303F57C5300F000403F
:1090C00003F1FF032DE980494FEA154B09B44FEA3C
:1090D000144325EA0B4E24EA03480FF2042606EB5C
:1090E000132749083E785FEA320203FB0667C7F59B
:1090F000000707FB06F64FEA54374FEAD64606F15B
:10910000020607FB066CCCF1005C4FEA1C472CEA18
:10911000074C07FB06F40CFB06F504EB15464FEA7B
:10912000961634BF00204FF000404FEAD13706FBBF
:1091300007FC4FEA1C4C0CFB0BF7D21B03FB0CF794
:1091400061EB07010CFB0EF7B0EB074072EB174227
:109150000CFB08F734BFA2EB0742B2EB074261EB0E
:1091600017414FEA0C444FEA910706FB07FC4FEA10
:109170001C4C0CFB0BF7B0EBC74072EB573203FBF8
:109180000CF734BFA2EBC742B2EBC74261EB5731D9
:109190000CFB0EF7B0EBC70072EB57720CFB08F735
:1091A00034BFA2EBC702B2EBC70261EB5771039F5A
:1091B0004FEA816141EA921104EBCC044FEAD137C6
:1091C0004FEA826206FB07FC42EA90124FEA806097
:1091D0004FEA1C4C0CFB0BF7D21B03FB0CF761EBAB
:1091E00007010CFB0EF7B0EB074072EB17420CFBCC
:1091F00008F734BFA2EB0742B2EB074261EB17411D
:109200004FEA8C554FEA910704EB9C2406FB07FCC0
:109210004FEA1C4C0CFB0BF7B0EBC74072EB57321C
:1092200003FB0CF734BFA2EBC742B2EBC74261EBC2
:1092300057310CFB0EF7B0EBC70072EB57720CFB0B
:1092400008F734BFA2EBC702B2EBC70261EB57715C
:1092500015EB4C254FEA816141EA92114FEA826297
:109260004FEAD13742EA901206FB07FC44F10004B2
:109270004FEA80604FEA1C4C0CFB0BF7D21B03FB40
:109280000CF761EB07010CFB0EF7B0EB074072EB3C
:1092900017420CFB08F734BFA2EB0742B2EB0742C0
:1092A00061EB174115EB1C154FEA813141EA924100
:1092B0004FEA823242EA90424FEA80304FEA0C761F
:1092C00044F1000448EA03434EEA0B484FF0000E15
:1092D000B2EB080C71EB030724BF624639464EEB34
:1092E0000E0E4FF0000B0018524149414BEB0B0B97
:1092F000B2EB080C71EB03077BF1000B24BF624655
:1093000039464EEB0E0E4FF0000B0018524149410A
:109310004BEB0B0BB2EB080C71EB03077BF1000B73
:1093200024BF624639464EEB0E0E51EA020718BFC3
:1093300046F0010616EB0E7655F1000254F10001DD
:1093400003D5BDE88901BDE80088BDE88901BDE815
:109350000048B619524141EB0101A3F101037047E6
:1093600080807F7E7D7C7B7A797877767675747362
:10937000727171706F6E6E6D6C6C6B6A6A69686821
:10938000676666656464636362616160605F5F5EB7
:109390005E5D5D5C5C5B5B5A5A595958585757562D
:1093A0005655555554545353525252515150505092
:1093B0004F4F4F4E4E4D4D4D4C4C4C4B4B4B4A4AE4
:1093C0004A49494948484847474747464646454528
:1093D0004544444444434343434242424241414161
:1093E000002B26D4770021D01CB54FEA370703B4F1
:1093F0004FF010004FF010014FF000000FBCBDE81F
:1094000010400BF1010BBBF1010F08BF5FEA17071A
:1094100022BF12F1010211F101014FF0004143F1AD
:10942000000300F0004043EA00007047F9D35708FA
:10943000DAE746EA064613F1400F4FEA16461FDD0B
:1094400013F1200FDFBF16430A46002120335B4291
:10945000C8D0C3F1200746EA064602FA07F74FEAEA
:10946000164646EA0706C3F1200722FA03F201FA7C
:1094700007F721FA03F14FF0000342EA0702B1E7D0
:1094800046EA020646EA06464FEA164646EA01065C
:10949000BCBF46EA0646360C4FF000034FF0000210
:1094A0004FF000019EE72DE9C048934630B491E8A3
:1094B000380007C831EA400C48BF34EA430C03D5F2
:1094C000FFF7F2FDFFF78CFFF0BCBDE800882DE947
:1094D000C048934630B491E8380007C810F0804F78
:1094E00008BF13F0804F03D100F005F8FFF778FFB5
:1094F000F0BCBDE8008820F07F4780EA030023F03D
:109500007F4C07EB0C03A3F57C5300F00040A3F164
:10951000FE0392F0000F00F0B38095F0000F00F012
:1095200077802DE901494FEA11404FEA144621EABC
:10953000004800FB06FC24EA064708FB06F607FB8A
:1095400008F800FB07F718EB06484CEB164C4FEAFF
:10955000124B18EB07484FEA15464CEB174022EA2E
:109560000B4E0BFB06FC25EA06470EFB06F607FB37
:109570000EFE0BFB07F71EEB064E4CEB164C4FF0A6
:1095800000061EEB074E4CEB174B18EB0B0840F197
:10959000000018EB0E0B58EB000840F100008F1A8A
:1095A0004FF000013CBFC943661B14BFB5EB040C70
:1095B00000213CBFC943F61B4FEA17444EEA8E0E0A
:1095C00027EA04454FEA1C4704FB07622CEA074CD4
:1095D00005FB07F70CFB05F604FB0CFC16EB074636
:1095E00042EB174216EB0C4642EB1C421BEB060605
:1095F00058EB0202414146EA9E0601D5BDE80189C9
:10960000B619524141EB0101A3F10103BDE8018903
:109610004FEA14454FEA114724EA054621EA074C70
:1096200005FB07F406FB07F70CFB06F105FB0CFC3A
:1096300011EB074144EB17444FEA124711EB0C4181
:1096400044EB1C4422EA074C05FB07F206FB07F734
:109650000CFB06F605FB0CFC16EB074642EB17422B
:1096600016EB0C4642EB1C456A1854F1000148BF4A
:109670007047B619524141EB0101A3F10103704754
:1096800095F0000F37D04FEA11424FEA144721EA14
:10969000024624EA074C02FB07F106FB07F70CFB26
:1096A00006F402FB0CFC14EB074441EB17414FEAB4
:1096B000154714EB0C4441EB1C4125EA074C02FB17
:1096C00007F506FB07F70CFB06F602FB0CFC16EB96
:1096D000074645EB174516EB0C4645EB1C421219A5
:1096E00051F1000148BF7047B619524141EB0101E9
:1096F000A3F1010370474FEA14454FEA114724EAEA
:10970000054621EA074C05FB07F106FB07F70CFBB2
:1097100006F24FF0000605FB0CFC12EB074241EB92
:10972000174112EB0C4251EB1C4148BF7047921895
:1097300041EB0101A3F10103704703B4019841001B
:10974000009850EAC12018BF04204A0D18BF40F00D
:10975000010040F2FF72B2EB515F08BF40F002001F
:10976000012808BF052002B070470000000000007B
:109770002DE9F04D2DED040B2DED0E8B96B0DDE9AE
:109780002550279CDDF890A025F0004624F00048E5
:10979000BAF1000F14BF0121002101EB4502FC4981
:1097A00053184A1093422AD3002814BF01230023E0
:1097B00003EB44030B44F7498B4220D358EA0001E2
:1097C0009FEDF59B76D0DFF8D8B35D4503D1BAF1B4
:1097D000000F05D188E0BAF1000F08BF002100D0CA
:1097E000012101EB450111F5001F08D8002814BF25
:1097F0000121002101EB440111F5001F0BD99DED62
:10980000261B9DED240B16B0BDEC0E8B04B0BDE8FD
:10981000F04D00F069BE0027002DBCBFE14988452E
:1098200021DAE1498845A8BF02271CDAC3451ADCC2
:10983000DE4901EB2851142908DDC1F1340220FA78
:1098400002F101FA02F282420DD108E058B9C1F1E9
:10985000140228FA02F101FA02F2424503D101F0A2
:109860000101C1F1020756EA0A0124D1002C22DAD3
:10987000002D18BF022F01D0012F0AD00220FEF7C1
:10988000E4FE16B0BDEC0E8B04B0BDE8F04D00F068
:1098900013BE0220FEF7D9FE00F00EFE51EC100BB5
:1098A00000F0BEFE41EC100B16B0BDEC0E8B04B008
:1098B000BDE8F08D18E09FEDBEAB9FEDBF8B00289B
:1098C00071D1B848804522D105F1804010F5801053
:1098D00008BFBAF1000F07D0B3450ADC002CA8BFBF
:1098E0009DED260BE0DA0DE0B0EE490AF0EE690AD4
:1098F000DAE7002C06DA9DED260B51EC100B00F098
:109900008FFE6FE0AE48784490ED000BCCE7D84571
:109910004DD1002C48DA2EB186423AD1BAF1000F6F
:1099200042D126E0BAF1000F13D00220FEF78DFEDF
:1099300000F0F6FD8DED020B9DED240B8DED000B7F
:1099400010EE900A039961F31E0003909DED020B47
:10995000AAE78DED02AB9DED240B1AEE901A10EEE6
:10996000900A8DED000B61F31E0003909DED020B3C
:109970009AE78DED028B9DED240B18EE901A10EEF8
:10998000900A8DED000B61F31E0003909DED020B1C
:109990008AE709DA9DED240B51EC190B53EC102BDF
:1099A00000F038FF1EE020E09DED240B7CE78642AE
:1099B0001BDAB4F1804F0DD0A4F10050B0F1FF508C
:1099C00013D1002D11DB9DED240B51EC100B00F099
:1099D000DAFD07E09DED240B53EC102B51EC100B3E
:1099E00000F0C2BC41EC100B5EE79DED240B51EC86
:1099F000100B00F0BCFDBAF1000FCDE90E0142D111
:109A00009FED710B46B3A6F1E040B0F17F600CD042
:109A10005E4538D1002D00DAA7B3022F0CBF01201C
:109A20004FF0FF3001F07DF8DCE7002D01DD002C68
:109A30000DDA002D01DD002C1FDB002D16DA002CC5
:109A400014DB012F08BF9FED620B3FF42DAFB0EE8A
:109A50004A0AF0EE6A0A27E7022F18BF002D0CD041
:109A6000012F0AD1002DFFF61FAF06E0002DB8BF71
:109A7000002C08DA012F3FF417AFB0EE480AF0EEE1
:109A8000680A11E71BE0012000EBE57050EA0701CE
:109A900015D0791EB0EE498AF0EE698A084308BFF6
:109AA0009FED4D8B4E480025804570DD4D494E4859
:109AB000884514DDB0420DDB002C19DB2FE00120BE
:109AC000FEF7C3FD16B0BDEC0E8B04B0BDE8F04D43
:109AD00000F016BDB34502DC002C09DC1FE0864215
:109AE00002DA002C1BDA03E05E452BDD002C16DDCC
:109AF0000220FEF7AAFD00F013FD8DED020B53ECE2
:109B00001A2B51EC180B01F073F8CDE90001039901
:109B1000019861F31E0003909DED020BC4E6022044
:109B2000FEF793FD00F00CFD10EE901A18EE900A6F
:109B30008DED020B8DED008B61F31E0003909DED0A
:109B4000020BB1E69DED0E0B53EC192B51EC100BF3
:109B500001F05AFA9FED260BCDE9080153EC102BCA
:109B60009DED080B51EC100B01F042F89FED221B0C
:109B700053EC112B01F070F99DED081B53EC112BE8
:109B800001F036F89FED1E1B53EC112B3CE08CE0EE
:109B9000FFFF1F00FFFF0F00000000000000F03F6C
:109BA0000000F03F0000F07F0000404301FCFFFF99
:109BB000000000000000F07F000000000000000036
:109BC0008E1B00000000000000000000000000806C
:109BD000000000000000F0FF000000000000F0BFE7
:109BE0000000E0410000F043FFFFEF3F00000000F5
:109BF000000000000000D03F555555555555D53F44
:109C0000000000000000E03F01F026F99DED080B88
:109C100041EC1A0B53EC102B51EC100B00F0E8FF49
:109C200053EC1A2B00F0E4FF41EC1A0B9FEDFE0BF6
:109C300053EC102B9DED080B51EC100B00F0D8FFEE
:109C400041EC1B0B9FEDFA0B51EC1A0B53EC102B54
:109C500000F0CEFF41EC1A0B9FEDF70B53EC102BED
:109C60009DED080B51EC100B00F0C2FF53EC1A2BCA
:109C700001F0CAF941EC1A0B51EC1B0B53EC1A2BF7
:109C800000F00CFD0690CDE906519DED060B53EC5E
:109C90001B2B51EC100B01F0B7F953EC1A2B01F010
:109CA000DBF841EC100B00F0A1B90020B6F5801FE5
:109CB0000EDA9FEDE30B53EC102B9DED0E0B51ECE8
:109CC000100B00F095FFCDE90E016FF034000E4649
:109CD00000EB2650A0F2FF37C6F31300DA4940F03C
:109CE0007F6646F040568842D8BF002408DDD74939
:109CF0008142C8BF012403DC0024A6F580167F1C26
:109D0000D348784400EBC4000F9690ED00CB9DED56
:109D10000E0B53EC1C2B51EC100B01F075F99DED63
:109D20000E0B41EC1B0B53EC1C2B51EC100B00F0F9
:109D3000B5FC41EC100B51EC190B53EC102B00F05F
:109D400069FD41EC1D0B51EC1B0B53EC1D2B00F07E
:109D50004FFF41EC1A0BBF488DED10AB78441095C6
:109D600090ED000B4FF0005040EA660000EB84409D
:109D70008DED080B00F5002009909DED080B53ECCC
:109D80001C2B51EC100B01F03FF99DED0E1B53EC19
:109D9000112B01F061F841EC100B53EC102B9DEDF1
:109DA000100B51EC100B00F023FF9DED080B41EC64
:109DB0001C0B53EC102B9DED100B51EC100B00F015
:109DC00017FF53EC1B2B01F047F853EC1C2B01F051
:109DD0001BF953EC1D2B00F00BFF41EC1C0B53EC5B
:109DE0001A2B51EC1A0B00F003FF41EC1B0B9A48A5
:109DF0000621B0EE4B0AF0EE6B0A784400F0E0FA70
:109E0000B0EE401AF0EE601AB0EE41DAF0EE61DA30
:109E100053EC1B2B51EC1B0B00F0EAFE53EC1D2BFB
:109E200000F0E6FE9DED100B41EC1B0B53EC1A2BE2
:109E300051EC100B00F032FC53EC1C2B00F0D8FE60
:109E400053EC1B2B00F02AFC9DED100B41EC1B0B7F
:109E500053EC102B51EC100B00F0CAFE41EC1D0B23
:109E60009FED7FEB53EC1E2B00F018FC53EC1B2BEB
:109E700000F014FC0890CDE908519DED080B53EC5F
:109E80001E2B51EC100B01F0BFF853EC1D2B01F011
:109E9000BBF853EC1B2B00F0DFFF9DED080B41ECF2
:109EA0001D0B53EC102B9DED100B51EC100B00F023
:109EB0009FFE41EC1B0B53EC1A2B51EC1D0B00F0D9
:109EC00097FE9DED080B41EC1A0B53EC102B51EC57
:109ED0001C0B00F08DFE53EC1A2B00F0DFFB41EC65
:109EE0001A0B51EC1B0B53EC1A2B00F0D7FB0C9008
:109EF000CDE90C519DED0C0B53EC1B2B51EC100BD1
:109F000001F082F853EC1A2B00F0A6FF41EC1B0B7A
:109F10009FED550B53EC102B9DED0C0B51EC100BE2
:109F200000F066FE41EC1A0B9FED510B51EC1B0B40
:109F300053EC102B00F05CFE41EC1B0B9FED4E0B25
:109F400053EC102B9DED0C0B51EC100B00F050FE60
:109F500053EC1B2B00F0A2FB41EC100B484878445B
:109F600000EBC40090ED001B51EC100B53EC112BD7
:109F700000F094FB41EC1B0B384600F0D2FDCDE91C
:109F8000080153EC1B2B51EC1A0B00F087FB41EC42
:109F9000100B3C48784400EBC40090ED00CB51EC32
:109FA000100B53EC1C2B00F079FB9DED081B53ECC0
:109FB000112B00F073FB0690CDE906519DED080BC7
:109FC00053EC102B9DED060B51EC100B01F01CF81F
:109FD00053EC1C2B01F018F853EC1A2B01F014F879
:109FE00053EC1B2B00F038FF41EC100B9DED261BB2
:109FF00053EC102B8DED001B00959DED260B51ECC5
:10A00000100B00F0F5FD9DED000B41EC1A0B53EC2D
:10A01000102B9DED260B51EC100B00F0F5FF9DED84
:10A02000061B53EC112B2FE0000000604715F73F93
:10A03000FE822B654715F73F44DF5DF80BAE543EBB
:10A0400000000000000040438E9803007AB60B0029
:10A050000A17000038170000421600000000000038
:10A060000000000000000840000000E009C7EE3FCB
:10A07000FD033ADC09C7EE3FF5015B14E02F3EBE5D
:10A08000CE1400008814000000F0B2FD53EC1A2B2F
:10A0900000F004FB9DED060B41EC1A0B53EC102B6A
:10A0A0009DED000B51EC100B00F0A2FDCDE90C0171
:10A0B0009DED0C0B51EC1A0B53EC102B00F0EEFA4B
:10A0C000CDE902010C46AA498C422FDB611A0843F4
:10A0D00018D19DED0C0B53EC102B9DED020B51ECA8
:10A0E000100B00F091FF41EC1B0B9FEDA30B51EC0B
:10A0F0001A0B53EC102B00F0D1FA53EC1B2B00F091
:10A1000075FE2DD20220FEF7A0FA00F009FA10EE3B
:10A11000901A18EE900A8DED020B8DED008B61F315
:10A120001E0003909DED020BFFF7BEBB944A24F086
:10A130000041914214D39349214408437FF4EFAC8A
:10A140009DED0C0B53EC102B9DED020B51EC100B05
:10A1500000F05AFF53EC1A2B00F048FE7FF6DFACFC
:10A1600024F000408849894A002601EB20518242B0
:10A170002BDA481C4FF4801121FA00F02044844A65
:10A18000C0F30A517A44A1F2FF3192ED000B814AEB
:10A190008DED080BCA4020EA0202C0F3130040F420
:10A1A0008010C1F1140120FA01F60992002CB8BF09
:10A1B00076429DED080B53EC102B9DED0C0B51ECF2
:10A1C000100B00F021FFCDE90C019DED0C0B51ECC3
:10A1D0001A0B53EC102B00F061FA9FED6F0B0890F7
:10A1E000CDE9085153EC102B9DED080B51EC100BF1
:10A1F00000F0FEFC41EC1B0B9FED690B53EC102BA8
:10A200009DED080B51EC100B00F0F2FC9DED0C0BDA
:10A2100041EC1C0B53EC102B9DED080B51EC100B7B
:10A2200000F0F2FE53EC1A2B00F016FE9FED5E1BC1
:10A2300053EC112B00F0DCFC53EC1C2B00F02EFA3D
:10A2400041EC1A0B51EC1B0B53EC1A2B00F026FAC5
:10A25000CDE902019DED020B53EC1B2B51EC100BD1
:10A2600000F0D2FE53EC1A2B00F0F6FD9DED020B30
:10A2700041EC1A0B53EC102B51EC100B00F0B8FC16
:10A28000CDE908014A489DED080B0521784400F00E
:10A2900097F89DED081B51EC100B53EC112B00F0BF
:10A2A000A7FC9DED021B53EC112B00F0D5FDCDE971
:10A2B00006019DED020B53EC1A2B51EC100B00F034
:10A2C00097FC53EC1A2B00F0E9F99FED3B0B41ECA6
:10A2D0001A0B53EC102B9DED060B51EC100B00F0FC
:10A2E00093FE9DED060B41EC1B0B53EC102B9DEDEB
:10A2F000020B51EC100B00F07BFC53EC1B2B00F01D
:10A3000089FA53EC1A2B00F07FFE9DED021B53ECF3
:10A31000112B00F079FE53EC192B00F09DFDCDE9D7
:10A32000020101EB065001150029C8BF039015DC9E
:10A330009DED020B324651EC100B00F0FEFFFFF7D3
:10A34000FCF9042808BF00F0FBF832469DED020B33
:10A3500051EC100B00F0F1FFCDE902019DED020B75
:10A3600051EC180B53EC102B00F042FCFFF73ABBFA
:10A370000000904000000000FE822B654715973CCE
:10A3800000CC904000346F3F01FCFFFF0000E03F35
:10A3900010130000FFFF0F0000000000432EE63FF7
:10A3A000396CA80C615C20BEEF39FAFE422EE63F04
:10A3B000E01100000000000000000000000000406C
:10A3C00070B504462DED028B4D1E00EBC500B0EEBE
:10A3D000408AF0EE608A90ED000B35F0060017D051
:10A3E00053EC182B51EC100B00F002FC41EC100B5D
:10A3F0006D1E04EBC50090ED001B51EC100B53ECEF
:10A40000112B00F04BF941EC100B35F00600E7D1B1
:10A41000022D36D0042D1CD0062D1CBFBDEC028BA6
:10A4200070BD53EC182B51EC100B00F0E1FB94EDD8
:10A430000A1B53EC112B00F031F953EC182B00F0F0
:10A44000D7FB94ED081B53EC112B00F027F941ECDE
:10A45000100B53EC182B51EC100B00F0C9FB94EDD2
:10A46000061B53EC112B00F019F953EC182B00F0DC
:10A47000BFFB94ED040B53EC102B00F00FF941ECF3
:10A48000100B53EC182B51EC100B00F0B1FB94EDBA
:10A49000021B53EC112B00F001F953EC182B00F0C8
:10A4A000A7FB94ED001B53EC112B00F0F7F8BDEC6B
:10A4B000028B41EC100B70BD9FED070B10B553ECF8
:10A4C000102B9FED070B51EC100B00F0A3F941ECA2
:10A4D000100B10BD00000000000000000000000094
:10A4E000000000000000F03F10B553EC112B51ECC0
:10A4F000100B00F0D3F841EC100B10BD0000000071
:10A500009FED050B10B553EC102B51EC100B00F028
:10A5100081F941EC100B10BD0000000000000000AC
:10A520009FED050B10B553EC102B51EC100B00F008
:10A530005FFB41EC100B10BD00000000000000703C
:10A540009FED050B10B553EC102B51EC100B00F0E8
:10A550004FFB41EC100B10BD00000000000000108C
:10A5600030380A2801D2012070470020704782B09D
:10A57000CDE9000121F0004001909DED000B02B0FB
:10A5800051EC100B704700B52DED048B83B041ECFE
:10A59000190B00F06DFC41EC180B18EE100A18EEC8
:10A5A000901A8DED008B002818BF0120084320F081
:10A5B0000040C0F17F6000F1E040C00F14D019EE00
:10A5C000101A19EE900A8DED009B002918BF012189
:10A5D000084320F00040C0F17F6000F1E040C00F70
:10A5E00004BF0120FEF731F851EC180B03B0BDECAD
:10A5F000048B00BD10B500290AD00878002807D0C8
:10A6000005487844FEF77EFC002801D0002010BDEC
:10A610000248784410BD0000A61100009E11000001
:10A6200081F00041704780F00040704721F0004108
:10A63000704720F00040704721F00042A2F16052C4
:10A64000B2F5801F01F0004328BFD2F17F6C0BD917
:10A650005FEA001C43EAC20242EB507018BF704729
:10A6600028BF20F001007047B2F5801FBCBF18461C
:10A6700070474FEA410C1CF5001F02D2084600F05B
:10A6800023BE70B500F05EFB00000089FFF7F6BF47
:10A690004FF00040A0F580007047000010B591EA2F
:10A6A000030F48BF83F0004300F1B684841A71EBB6
:10A6B000030C05D2121943EB0C03001B61EB0C01D8
:10A6C000DFF824E14FEA1154A4EB135C1EEA430FB8
:10A6D00018BF9EEA445F73D023EA0E03DCF1200E1C
:10A6E00021EA045143F4801332D322FA0CFE10EB1A
:10A6F0000E0023FA0CFE41EB0E01CCF1200E03FA02
:10A700000EFE10EB0E0051F10001B1F5801FCCF1EF
:10A71000200E32D201EB045112FA0EF2BDE81040C5
:10A7200058BF7047401C38BF5FEA420218BF7047ED
:10A73000002814BF20F0010041F100014FEA41035D
:10A7400013F5001F38BF7047A1F1C04100F048BBAE
:10A75000012A43EB0302ACF1200CDCF11F0E32BFE7
:10A760004FF0000E23FA0CF310EB030041EB045101
:10A77000B4EB115FD0D0A1EB045101F58011490871
:10A780005FEA300001EB04510ED350F1000038BFF6
:10A7900012FA0EFE08D1BDE81040C9E7401C38BFD0
:10A7A0005FEA4202CAD1C3E7BDE810404FEA410365
:10A7B00013F5001F38BF7047A1F1C04100F010BB76
:10A7C0009EEA445F08D011EA5E0FBDE8104004BF66
:10A7D00001F0004100207047BDE8104070B500F066
:10A7E000B1FA00BF64FBBE3E0000E0FF02494FF03B
:10A7F000000000F070BD00BF0000F87F491058BF96
:10A80000C1F140415B1058BFC3F140438B42EFF3AD
:10A81000008070472DE9C04130B4DFF8A0C23CEAA7
:10A82000111418BF3CEA131400F0EC8081EA030510
:10A830001CEA111444EAD57418BF1CEA131500F081
:10A84000C780A4EB05044FF0004545EAC12145EA65
:10A85000C32341EA505143EA525304F17F749942B1
:10A8600004F500344FEAC0204FEAC22208BF9042EC
:10A8700000F09C804FEA13650FF24016765D4FEAB8
:10A88000134506FB05F7C7F1807706FB07F74FEA8C
:10A89000D737A7FB03687642C8F58038A7FB06CEFA
:10A8A00038BFA8F1010807FB08E64FF0000EA6FB31
:10A8B000028CE6FB03CEDCF1000CCEF1004E38BF7B
:10A8C000AEF1010EA6FB0C584FF000074FF000054B
:10A8D000E6FB0E87A1FB08C6A0FB07CE16EB0E0613
:10A8E00045F10005E1FB076515F1E04E7EBFA4F5DB
:10A8F00080345FEA46066D4116F1800745F1000598
:10A900004FEA17274FEA066647EA0567A6F1DE46D3
:10A91000B6F1805F4FEA15251FD9384624F0010CA7
:10A9200005EBC471BCF1FE6F01EB0C1102D8F0BC59
:10A93000BDE8008124425CBF01F5801E9EEAC47F11
:10A9400002D4F0BCBDE80081244238D4F0BCA1F1AF
:10A95000C041BDE8004100F043BA4FEAD22242EACA
:10A9600043524FEAD323A7FB02864FEAD02040EAA6
:10A97000415007FB03661EEA0E0F4FEAD12105FB8B
:10A98000026658BFA6EB0056B6EB00564FEA520ED1
:10A990004EEAC37E18EB0E0E56EB530EBDD518EBE8
:10A9A00002085E417F1C55F10005B6E74FF48015A3
:10A9B0004FF000074FF000064FF00008ADE7F0BC85
:10A9C0004FF0000001F1C04101F00041BDE80081FD
:10A9D00011EA0C1F0CEA131500D00CE013EA0C1F4F
:10A9E00000F025804FF00000F0BC81EA030101F087
:10A9F0000041BDE80081F0BCBDE8004181EA0301EF
:10AA000000F0EEB9F0BCBDE8004170B500F09AF975
:10AA1000097EFC3E00F007B881EA03014FF0000018
:10AA200001F00041704781EA030100F0D9B9F0BCA0
:10AA3000BDE800414FF0000021497047FFFDFBF9E0
:10AA4000F7F5F4F2F0EEEDEBE9E8E6E4E3E1E0DE61
:10AA5000DDDBDAD8D7D5D4D3D1D0CFCDCCCBCAC8D3
:10AA6000C7C6C5C4C2C1C0BFBEBDBCBBBAB9B8B7FA
:10AA7000B6B5B4B3B2B1B0AFAEADACABAAA9A8A8ED
:10AA8000A7A6A5A4A3A3A2A1A09F9F9E9D9C9C9BBB
:10AA90009A99999897979695959493939291919066
:10AAA0008F8F8E8E8D8C8C8B8B8A898988888787F7
:10AAB0008685858484838382828181800000FF076C
:10AAC0000000F87F4FEA41034FEA5353A3F5806338
:10AAD000D3F11E03C8BFD3F1210C0CDD4FF00042AF
:10AAE00042EAC12242EA505232FA03FC8CEAE17C8B
:10AAF000ACEBE1707047102BC4BF0020704703F52A
:10AB0000787CBCF1FF3F04D06FF0004282EA210064
:10AB1000704770B500F016F9499224800020704704
:10AB2000F2E710F0004248BF4042B0FA80F310FA5A
:10AB300003F10AD0C3F11D0303F580634FEA4150CE
:10AB400002EB035202EBD12170474FF00000704737
:10AB5000B0FA80F310FA03F10AD0C3F11D0303F534
:10AB600080634FEA41504FEA035202EBD121704714
:10AB70004FF000007047000051EA030C17D41CF599
:10AB8000801F58BFBCF5801F00F10680994218BF96
:10AB9000704708BF9042704707D711F5801F58BF14
:10ABA00013F5801F19D499427047894270471CF5EC
:10ABB000801F08D5BCF5801FF7D58B4218BF7047A2
:10ABC00008BF824270474FF4001C1CEB410F38BF96
:10ABD0001CEB430F01D28B42704770B500F0B2F806
:10ABE000922449004FF000514FF08053FFF706BE0A
:10ABF000DFF848C170B51CEA111E1EBF1CEA131510
:10AC00009EEA0C0F95EA0C0F00F06F8081EA0304B6
:10AC100023EA4C134EEAD47E21EA4C1141F4801110
:10AC200043F48013AE44A1FB024CA0FB0365AEF1DC
:10AC30007F7E361955EB0C05A1FB034C4CF100034C
:10AC4000A0FB021C16EB0C06654153F10003094200
:10AC500018BF46F0010613F4007F0BD14FEA033111
:10AC60004FEA0530340341EA155140EA16506FF0BF
:10AC700003020AE04FEAC3214FEAC520F40241EA89
:10AC8000555140EA56506FF0020202EB2E4201EBA2
:10AC9000025585EACE710AD05FEA440C18BF24F051
:10ACA000004450F1000041F1000120EAD47040F26C
:10ACB000FE7C624500D270BDA84214BF4FF08044B4
:10ACC0004FF04044002E08BF0024BEF1806FA8BFA3
:10ACD000A1F1C041BDE8704080F282804FF00000D9
:10ACE00001F1C04101F0004170479EEA0C0F0CEAEF
:10ACF000131518BF95EA0C0F06D04FF0000081EA3B
:10AD0000030E0EF0004170BD00F01CF88900013EFA
:10AD100000F007B800F009B84FEA430C5FEA5C5C4A
:10AD200008D081EA030100F05BB84FEA410C5FEA0A
:10AD30005C5CF6D14FF00000014970470000FF074E
:10AD40000000F87F0EF1020E2EF0030E5EF8046B89
:10AD5000364205D4012A43EB030515F5001F12D82E
:10AD6000012841EB010C1CF5001F0CD80ED14FEA55
:10AD7000D17C15F5001F0CEB4C0C0CF1020C08BF3C
:10AD80004CEBD37C04E04FF0080C01E04FEAD37C9D
:10AD90000CEB4C0526FA05F606F00706B6F1040C96
:10ADA00006D20EEB860CBDE870404CF0010C6047FB
:10ADB000DFE80CF0090B02024FF000414FF00000F9
:10ADC000A1F5002170BD19461046012851EB010480
:10ADD00018BFD4F5001484BF002001F0004170BDFD
:10ADE0000808A0F500114FEA3101704753EA010C41
:10ADF00017D41CF5801F58BFBCF5801F00F10680DA
:10AE00008B4218BF704708BF8242704707D713F5BF
:10AE1000801F58BF11F5801F19D48B4270479B4289
:10AE200070471CF5801F08D5BCF5801FF7D59942E7
:10AE300018BF704708BF904270474FF4001C1CEBCE
:10AE4000430F38BF1CEB410F01D2994270470FB43A
:10AE50000CBC03BCFFF7C1BE91EA030F10B581F033
:10AE600000413FF523AC83F0004300F0D5B800006B
:10AE70002DE9F04101F5801CBCF5001FC0F2A9804E
:10AE80004FEA115C21EA0C510CF1FD0C41F48011E8
:10AE90005FEA5C0C0CF5C07C01D34000494130A452
:10AEA000890241EA905187028E0E0A0CA45D04FBD0
:10AEB00004F602FB06F6C6F14046A4FB0662F60D58
:10AEC00046EA422606FB06F4A4FB01235242C3F1E4
:10AED000404338BF5B1EA6FB02420024E6FB03246E
:10AEE000D20B42EA4446A6FB0623A1FB02E2A3FBE7
:10AEF00007E4E3FB61426442C2F1404E38BFAEF169
:10AF0000010EA6FB04234FF00002E6FB0E32A2FB6B
:10AF100003463400E2FB6264A1FB06E6A4FB07E8FB
:10AF2000E4FB61687642C8F1405838BFA8F10108D7
:10AF3000A2FB06E4A3FB08E5E2FB6854A1FB05E6DF
:10AF4000A7FB04E8E1FB648618F1200556F1000632
:10AF5000A809A8F11B08B10908F03F08B8F10A0FC9
:10AF600040EA86601CD901EB0C51BDE8F08100BFBE
:10AF7000FCF5EEE8E2DDD8D3CFCBC7C3C0BDB9B690
:10AF8000B4B1AEACA9A7A5A3A19F9D9B9A98969595
:10AF90009392908F8D8C8B8988878685848382811C
:10AFA000A0FB006800FB01F208EB4208B8EB872821
:10AFB00007D5341858EB0104D5D5401C51F10001D8
:10AFC000D1E7341A78EB0104CDD4401E71F10001B1
:10AFD000C9E75FEA4C0C5FEA9C5C0DD105D34FF0EA
:10AFE000000001F00041BDE8F081BDE8F04170B51E
:10AFF000FFF7A8FE6DDBFFBEBDE8F0414FF000009B
:10B00000004970470000F87F10B591EA030F48BF70
:10B0100083F000433FF54AAB841A71EB030C07D26F
:10B0200012198CF0004C43EB0C03001B61EB0C017C
:10B03000DFF8A4E14FEA1154A4EB135C1EEA430FBE
:10B0400018BF9EEA445F00F0B08023EA6E035242CC
:10B0500021EA0451C3EB6E0338BF5B1EDCF1200E06
:10B0600025D322FA0CFE10EB0E0043FA0CFE41EB46
:10B070000E01CCF1200E03FA0EFE10EB0E0051F182
:10B080000001CCF1200E29D412FA0EF201EB04518A
:10B09000BDE8104058BF7047401C1CBFB2F1004FC4
:10B0A000704700280CBF491C20F00100704712EBCC
:10B0B000020E43EB030218BF4FF0010E4EEA4202AC
:10B0C000ACF1200CDCF11E0E54D943FA0CFE10EB4F
:10B0D0000E0051F1FF31CCF11E0ED5D50EF1010E4F
:10B0E00012FA0EFE404141EB010101EB445C5FEAC4
:10B0F0005C5C10D910EBDE7001EB045138BFBEF17F
:10B10000004FBDE8104018BF704700280CBF491C15
:10B1100020F00100704730D24FEAD42C11F5001115
:10B1200024F400641BD0B1FA81F20B3AA41AA41ED5
:10B13000D2F12003914030FA03F31943904001EB20
:10B14000CC71002C01EB0451BDE81040A8BF704742
:10B1500001F1C0414FF0000001F000417047B0FA2A
:10B1600080F310FA03F100D110BDE41A173C480532
:10B17000C90AE4E701EB045110BD491001EB045189
:10B18000BDE810404FEA300002E04FF00001704788
:10B190004A0008BF0042F8D0B2F5001F28BF704730
:10B1A00001F000414FF0000070479EEA445F07D075
:10B1B00011EA5E0FBDE8104004BF00210020704777
:10B1C000BDE8104070B5FFF7BDFD00BF40DFF63EA3
:10B1D00083F00041104670470000E0FF43004FEA53
:10B1E000D30C4FEA3C0C43401FBF40070CF16051A9
:10B1F00013F0FE4F70471CF0006F03D100200CF0DD
:10B20000004170470CF0004343EA507010B540EA2B
:10B21000CC0000F00EF800BF000000924FEA0001E1
:10B22000FFF7DEBD4FF000414FF00000A1F5002117
:10B2300070470EF1020E2EF0030E5EF8044B24420E
:10B2400004D44FEA4102B2F17F4F11D84FEA4003D4
:10B25000B3F17F4F0CD80ED14FEAD07CB2F17F4FC3
:10B260000CEB4C0C0CF1020C08BF4CEBD17C04E055
:10B270004FF0080C01E04FEAD17C0CEB4C0324FAB0
:10B2800003F404F00704B4F1040C06D20EEB840CB2
:10B29000BDE810404CF0010C6047DFE80CF00708F7
:10B2A00002024FF00040A0F5800010BD08464200A9
:10B2B00018BFD2F1807288BF00F0004010BD4FF07F
:10B2C0004070E1EE100A7047FF2141EAD050C005FE
:10B2D0007047FDF7F0BA0CF00F03092B08BF0820E8
:10B2E00000F059800A2B0BD0082B18BF704708BFFD
:10B2F0001CF0400F0AD04FF000004FF000017047E3
:10B300001CF0400F18BF4FF0004070471CF0100FAA
:10B3100008D020F0704300F07F4242EAD3014FEAA8
:10B320004370704700F0604021F07F4242EA000223
:10B3300001F07F4040EA727070474FF0FF0C4CF410
:10B34000E06C1CEA11531CBF9CEA030C9445C2BF7D
:10B35000DA4201EB02517047002B0DD0BCF1000F17
:10B360000FD0002A01F00041A4BF41F0E04141F0BC
:10B370007F614FF00000704701F000414FF0000086
:10B38000704750EA01334FF09B0C18BF4CF0806CB3
:10B390007FF42CAA70471CF4801F11D01CF4E02FFE
:10B3A00003D06FEACC31490070474FF04050EFF3C3
:10B3B000008222F0704242EA000282F30088704765
:10B3C0004FF00000704700005AA505820000000001
:10B3D00030313233343536373839414243444546CB
:10B3E00040305800303132333435363738396162C5
:10B3F00063646566403078000400000800000000C7
:10B400000000000200010000100000000000000029
:10B41000000000000000F03F000000000000F83FC6
:10B4200000000000000000000000004003B8E23F00
:10B43000000000000000000006D0CF43EBFD4C3EB2
:10B44000033333333333E33FFFAB6FDBB66DDB3FA7
:10B450004D268F515555D53F01411DA96074D13FEF
:10B4600065DBC9934A86CD3FEF4E454A287ECA3FE9
:10B470003E5555555555C53F93BDBE166CC166BF6B
:10B480002CDE25AF6A56113FF16BD2C541BDBBBE64
:10B49000D0A4BE726937663E0000000000000000C4
:10B4A00002400000000000A0000000000540000075
:10B4B000000000C8000000000C4000000000409C9C
:10B4C00000000000194000000020BCBE0000000089
:10B4D00034400000BFC91B8E00000004B5400000CE
:10B4E000504BCFD06607E2CF010000006C41000056
:10B4F0003E8251AADFEEA73401000000D9420000CD
:10B50000DCB5A0E23A301F97FFFFFFFFB445000013
:10B51000FD25A0C8E9A3C14FFFFFFFFFFF3F0000CB
:10B520000000008000000000FF3F000000000080DD
:10B530000000000030310000313530303230383911
:10B54000313200005A5748006D7174745F786D781D
:10B550006C6C00007B5C2274656D70657261747543
:10B5600072655C223A5C22252E32665C225C2C5C81
:10B570002268756D69646974795C223A5C22252EB3
:10B5800032665C225C2C5C22696C6C756D696E6144
:10B5900074696F6E5C223A5C2225645C225C2C5CD0
:10B5A0002270726573737572655C223A5C22256441
:10B5B0005C225C2C5C226E6F6973655C223A5C22B3
:10B5C00025645C225C2C5C22636F6E63656E747212
:10B5D0006174696F6E5C223A5C2225645C225C2C8B
:10B5E0005C22616C61726D5C223A5C2225735C2284
:10B5F0005C2C5C22616C61726D547970655C223ADE
:10B600005C2225735C227D00E6A8A1E59D97E88772
:10B61000AAE6A380E58DB3E5B086E5BC80E5A78BFF
:10B62000EFBC8CE68891E4BC9AE4BB8EE794B5E667
:10B63000BA90E68EA5E58FA3E4BD8DE7BDAEE5BC6F
:10B6400080E5A78BEFBC8CE68C89E9A1BAE697B6BA
:10B65000E99288E696B9E59091E98090E4B8AAE687
:10B66000B58BE8AF95E380825C720A00E78EB0E5A7
:10B670009CA8E68891E5B7B2E4B8BAE6A8A1E59D32
:10B6800097E887AAE6A380E5819AE5A5BDE58786C8
:10B69000E5A487EFBC8CE8AFB7E59CA8E7A1AEE8CE
:10B6A000AEA4E5B7B2E68EA5E5A5BDE5B18FE5B9D7
:10B6B00095E5928CE68980E69C89E4BCA0E6849FAF
:10B6C000E599A8E6A8A1E59D97E5908EEFBC8CE8EA
:10B6D000B79FE68891E8AFB4E7A1AEE8AEA4E887EB
:10B6E000AAE6A380E590A7E380825C720A000000CE
:10B6F000E6B58BE8AF95E7AD89E5BE85E8B685E6AA
:10B7000097B6EFBC8CE8AFB7E59CA8E99A8FE590B7
:10B710008EE58D95E78BACE6B58BE8AF95EFBC8CED
:10B72000E78EB0E59CA8E5B086E8BF9BE585A5E47B
:10B73000B88BE4B880E9A1B9E6B58BE8AF955C7247
:10B740000A000000E5BD93E5898DE78EAFE5A28391
:10B75000E6B8A9E5BAA6E4B8BA20252E326620E6F6
:10B760009184E6B08FE5BAA62C20E5A4A7E6B094B4
:10B77000E58E8BE5BCBAE4B8BA20252E326620E50A
:10B78000B8955C720A000000C4B7000800000020F1
:10B79000E8000000C4010008ACB80008E800002080
:10B7A00008180100E00100081C0000004300000030
:10B7B000F8FFFFFF0C0000000E0000000F0000006B
:10B7C0002E000000001C4E0E0000000000000000D3
:10B7D0000000000000000000000000000000000069
:10B7E0000000000000000000000000000000000059
:10B7F0000000000000000000000000000000000049
:10B8000000000000000000000000000066616C7392
:10B81000650000000000000000000000E781ABE7C9
:10B8200084B0E8ADA6E68AA5000000000000000094
:10B830000000000000000000000000000000000008
:10B840000001000034B5000844B5000838B5000810
:10B8500048B500080000000000000000F11FE22EC3
:10B86000B66BA88A00000000000000000000000085
:10B8700000000000000000000000000000000000C8
:10B8800000000000000000000000000000000000B8
:10B8900000000000000000000000000000000000A8
:0CB8A0000000000000000000000000009C
:040000050800055199
:00000001FF
