:020000040800F2
:10000000D03900204103000875240008EB1C0008CB
:1000100071240008A90B0008A92E000800000000A8
:10002000000000000000000000000000890200083D
:10003000610D000800000000DD020008392A0008F8
:100040005B0300085B0300085B0300085B03000818
:100050005B0300085B0300085B0300085B03000808
:100060005B0300085B0300085B0300085B030008F8
:100070005B0300085B0300085B0300085B030008E8
:100080005B0300085B0300085B0300085B030008D8
:100090005B0300085B0300085B0300085B030008C8
:1000A0005B0300085B0300085B0300085B030008B8
:1000B0005B030008AD2A0008BD2A00085B030008A6
:1000C0005B0300085B0300085B0300085B03000898
:1000D0005B030008092E00085B0300085B030008AF
:1000E0005B0300085B0300085B0300085B03000878
:1000F0005B0300085B0300085B0300085B03000868
:100100005B0300085B0300085B0300085B03000857
:100110005B0300085B0300085B0300085B03000847
:100120005B0300085B0300085B0300085B03000837
:100130005B0300085B0300085B0300085B03000827
:100140005B0300085B0300085B0300085B03000817
:100150005B0300085B0300085B0300085B03000807
:100160005B0300085B0300085B0300085B030008F7
:100170005B0300085B0300085B030008000000004D
:100180005B0300085B03000800F002F800F06DF864
:100190000AA090E8000C82448344AAF10107DA45E2
:1001A00001D100F062F8AFF2090EBAE80F0013F0C7
:1001B000010F18BFFB1A43F001031847B8CD000028
:1001C000D8CD00000A444FF0000C10F8013B13F0AA
:1001D000070408BF10F8014B1D1108BF10F8015BA0
:1001E000641E05D010F8016B641E01F8016BF9D193
:1001F00013F0080F1EBF10F8014BAD1C0C1B09D1EA
:100200006D1E58BF01F801CBFAD505E014F8016B5B
:1002100001F8016B6D1EF9D59142D6D370470000ED
:100220000023002400250026103A28BF78C1FBD8FF
:10023000520728BF30C148BF0B607047642900F0E7
:10024000AB81752900F0A881782900F0E18163294C
:1002500000F0FD83732900F00284002070471FB571
:100260000AF03DF81FBD10B510BD00F06FFC11463F
:10027000FFF7F5FF04F0A5FD00F08DFC03B4FFF7D8
:10028000F2FF03BC03F013FB2A4B19680868B0E8BF
:10029000F04F80F30988BFF36F8F4FF0000080F3B9
:1002A000118870470000000006480068006880F36D
:1002B000088862B661B6BFF34F8FBFF36F8F00DF60
:1002C00000BF00BF08ED00E0DFF80C00016841F45A
:1002D00070010160704700BF88ED00E0EFF3098016
:1002E000BFF36F8F134B1A681EF0100F08BF20ED7D
:1002F000108A20E9F04F106008B44FF0500080F3EE
:100300001188BFF34F8FBFF36F8F08F053FB4FF08F
:10031000000080F3118808BC19680868B0E8F04F45
:100320001EF0100F08BFB0EC108A80F30988BFF3ED
:100330006F8F704720000020EFF3058070470000AA
:100340000948804709480047FEE7FEE7FEE7FEE769
:10035000FEE7FEE7FEE7FEE7FEE7FEE704480549A5
:10036000054A064B70470000492A00088901000829
:10037000D0330020D0390020D0350020D0350020E7
:10038000704753EA020C00F069802DE9F04B4FF002
:100390000006002B1FBFB3FA83F503FA05F424FA15
:1003A00005F65E4012BF1643B2FA82F502FA05F472
:1003B000C5F120051EBF22FA05FC44EA0C042035D5
:1003C00056EA044C4FEA144418BF641C4FF000086E
:1003D0004FF00009904271EB030C39D3002919BF8B
:1003E000B1FA81F701FA07F6B0FA80F700FA07F6DA
:1003F000C7F120071EBF20FA07FC46EA0C0620378B
:10040000B6FBF4FCA7EB0507103F07F01F0BCBF181
:1004100020060CFA0BFB2CFA06F644BFB346002666
:10042000202FA4BF5E464FF0000B5BEA060C08BF0E
:100430004FF0010B19EB0B09ABFB027C48EB0608F4
:10044000C01B06FB02CC0BFB03CC71EB0C01C1E71C
:100450000B46024641464846BDE8F08B13B54FF0C7
:1004600000004FF00001AFF30080BDE81C40704772
:1004700010B54C1084EA530404D54042C1F1000188
:1004800038BF491E1B4204D55242C3F1000338BF96
:100490005B1EFFF776FF14F0804F04D04042C1F19D
:1004A000000138BF491E14F0004F04D05242C3F17E
:1004B000000338BF5B1E10BD0FB4044910B503AA7A
:1004C000029800F0D1FA10BC5DF814FB9C000020EB
:1004D0000FB41CB5074B06AA7B44694600900598EB
:1004E00000F093FA0020694600F0A2FA1CBC5DF807
:1004F00014FB00005505000070B5044685690068CE
:10050000C10601D5302600E02026C00707D070BD07
:10051000D4E9012130469047206A401C20626D1EBC
:10052000F6D570BD70B5044685690078C00707D15F
:1005300070BDD4E9012120209047206A401C206230
:100540006D1EF6D570BD70B50C460546012A05D066
:100550002878800600D5EA69002302E0012305E03F
:100560005B1C934202D2E05C0028F9D1A869E6182E
:10057000C01AA861286A184428622846FFF7BCFF01
:1005800004E0D5E9012114F8010B9047B442F8D3F7
:100590002846FFF7C7FF70BD2DE9F041064600244D
:1005A00010687529314616A510D0AFF300800028D9
:1005B00002DA404213A507E031688A0701D512A587
:1005C00002E0490704D511A5012401E0AFF3008042
:1005D00000210A2206F1240709E0B0FBF2FCB0FB7F
:1005E000F2F302FB1C00303078541846491C0028F6
:1005F000F3D123462A463046BDE8F04100F0A7B9C2
:10060000000000002D0000002B0000002000000072
:1006100070B504460D4621461068AFF3008021886E
:10062000090502D50F4A7A4402E00E4A7A440E3296
:10063000002104F1240305E000F00F060009965D97
:100640005E54491C0028F7D120780023000704D508
:10065000702D02D009B1022311322046BDE870404E
:1006600000F075B938C700002DE9F05F89460446EF
:100670004FF0000ADFF874B1FB44C0F820A0204618
:10068000E1688847002874D0252806D0D4E90121E4
:100690009047206A401C2062F1E700265F46204612
:1006A000E16888472028054607DB312D05D27819F7
:1006B00010F8200C08B10643F1E7B00701D526F089
:1006C0000406C4F81CA00027C4F818A02A2D09D0DD
:1006D000284603F0E5F838B304EB8708303DC8F846
:1006E000185019E059F8041B204604EB8702916169
:1006F000E1688847012F054618D1E069002820DA13
:1007000026F020061DE0D8F8180000EB800005EB6D
:1007100040003038C8F818002046E1688847054690
:1007200003F0BEF80028EED1012F0AD02E2D08D1FB
:100730002046E16888477F1C0546022F46F02006C8
:10074000C4DBA069002803DA404246F00106A0613C
:10075000F00701D026F010066C2D0BD0682D09D0C3
:100760004C2D39D06A2D35D0742D35D07A2D33D01B
:1007700016E038E0E1682F4620468847B842054633
:1007800009D16C2F26D04FF48060E16806432046E3
:100790008847054604E06C2F1AD04FF4807006435A
:1007A0000DB3A5F14100192802D8203546F40066A2
:1007B0004A462946204626604E46FFF73FFD80B157
:1007C00001280BD0F61D26F0070000F1080956E7B6
:1007D0004020E4E78020D8E70020D6E706F10409AE
:1007E0004DE7284652E7206ABDE8F09F0EC700009B
:1007F00040EA010310B59B070FD1042A0DD310C89E
:1008000008C9121F9C42F8D020BA19BA884201D9EF
:10081000012010BD4FF0FF3010BD1AB1D30703D037
:10082000521C07E0002010BD10F8013B11F8014BED
:100830001B1B07D110F8013B11F8014B1B1B01D109
:10084000921EF1D1184610BD032A40F2308010F0FC
:10085000030C00F0158011F8013BBCF1020F62445B
:1008600098BF11F801CB00F8013B38BF11F8013BEC
:10087000A2F1040298BF00F801CB38BF00F8013B99
:1008800011F0030300F00281083AC0F0088051F82B
:10089000043B083A51F804CBA0E80810F5E7121D14
:1008A0005CBF51F8043B40F8043BAFF30080D20733
:1008B00024BF11F8013B11F801CB48BF11F8012BFF
:1008C00024BF00F8013B00F801CB48BF00F8012B22
:1008D000704702F0FF0343EA032242EA024200F0BB
:1008E00009B94FF0000200B51346944696462039E8
:1008F00022BFA0E80C50A0E80C50B1F12001BFF4D9
:10090000F7AF090728BFA0E80C5048BF0CC05DF83E
:1009100004EB890028BF40F8042B08BF704748BF8C
:1009200020F8022B11F0804F18BF00F8012B704700
:10093000704770477047704710B500F0FBF80068CB
:1009400010BD10B5044600F0F5F8046010BD2DE9A7
:10095000F0470D4699469246044600F12408016886
:10096000880604D5E06921F01001216000E0012033
:10097000A84201DD471B00E00027A1697A1902EBBC
:100980000900081AA0612078C00602D42046FFF7AB
:10099000B3FD002608E0D4E901211AF806009047CB
:1009A000206A401C761C20624E45F4DB2078C0068D
:1009B0000AD52046FFF7A0FD06E0D4E9012130204A
:1009C0009047206A401C2062381EA7F10107F4DC22
:1009D00007E0D4E9012118F805009047206A401C7F
:1009E0002062281EA5F10105F3DC2046FFF79AFDE1
:1009F0002078000602D50220BDE8F0870120FBE741
:100A000001694A1C02610878704700B58FB0CDE9D2
:100A100001310021059105497944CDE903101146C2
:100A20006846FFF721FE0FB000BD0000E5FFFFFFA5
:100A30000A6802F8010B0A60704710B5436913B1E8
:100A4000AFF3008001E0FFF77EFD012010BD1278BA
:100A500000F124010A7000224A700122EDE71168BA
:100A60004FF0FF32E9E70000074B70B50D467B44BD
:100A7000FFF7CBFF0446284600F060F810B14FF0B6
:100A8000FF3070BD204670BD333C000010B5203AE9
:100A9000C0F00B80B1E81850203AA0E81850B1E837
:100AA0001850A0E81850BFF4F5AF5FEA027C24BFED
:100AB000B1E81850A0E8185044BF18C918C0BDE8E4
:100AC00010405FEA827C24BF51F8043B40F8043BAD
:100AD00008BF7047D20728BF31F8023B48BF11F862
:100AE000012B28BF20F8023B48BF00F8012B7047BC
:100AF0004FF000020429C0F0128010F0030C3FF404
:100B0000F2AECCF1040CBCF1020F18BF00F8012BBF
:100B1000A8BF20F8022BA1EB0C01FFF7E4BE5FEAAF
:100B2000C17C24BF00F8012B00F8012B48BF00F85E
:100B3000012B70470048704770330020007B00F0A5
:100B40008000704700487047703300207546FFF7FB
:100B5000F9FFAE4605006946534620F0070085467A
:100B600018B020B5FFF7FAFBBDE820404FF00006B3
:100B70004FF000074FF000084FF0000B21F0070185
:100B8000AC46ACE8C009ACE8C009ACE8C009ACE8C8
:100B9000C0098D46704710B50446AFF3008020466B
:100BA000BDE81040FFF76ABB00BFFEE710B50024A8
:100BB0001448006820F44020124908600846006884
:100BC000086004E0601CC4B2012002F051FF0E482E
:100BD000006808B1642CF5DB642C01DB012010BD3A
:100BE000002404E0601CC4B2012002F041FF06486A
:100BF000006808B9642CF5DB642C01DB0120EEE70A
:100C00000020ECE7001802402402434200B587B000
:100C100000BF002001900F48006840F040000D49DF
:100C200008600846006800F04000019000BF00BF67
:100C3000481502900120039004900320059002A91A
:100C4000054800F0A3F800F06BF8FFF7AFFF07B01E
:100C500000BD0000303802400018024010B50024EA
:100C600004E0601CC4B2012002F002FF0D480068DD
:100C700008B1642CF5DB002404E0601CC4B2012040
:100C800002F0F6FE0748006808B9642CF5DB28205E
:100C900002F0EEFE0348006808B1012010BD0020FC
:100CA000FCE700002402434270B50024002506E062
:100CB0006006040EFFF7D2FF0443681CC5B2082D7E
:100CC000F6DB204670BD7CB505460E4600F028F8E0
:100CD000FFF76CFFF8B9002405E0FFF7E5FF0DF81A
:100CE0000400601CC4B2052CF7DB9DF800009DF8E1
:100CF000011008449DF8021008449DF803100844B0
:100D00009DF80410884208D19DF8000030709DF8CD
:100D10000200287001E001207CBD0020FCE70000FB
:100D200010B50C48006820F440200A4908600846C5
:100D3000006840F480200860002007490860142003
:100D400002F074FE01200549C1F8A4021E2002F041
:100D50008FFE10BD00180240A4024342000043422F
:100D60007047014691F83500022803D0802048657D
:100D700001207047052081F835000868006820F0E0
:100D800001000A6810600020F3E70000F8B5024691
:100D90000B460025002400200021DCE0012606FA95
:100DA00001F51E6806EA0504AC4273D15E68022EA6
:100DB00002D05E68122E13D1CF0802F1200656F839
:100DC00027004E07F70E0F26BE40B0434F07FF0E19
:100DD0001E69BE403043CF0802F1200646F82700C6
:100DE00010684F000326BE40B0431E7906F003068C
:100DF0004F00BE40304310605E68012E08D05E6830
:100E0000022E05D05E68112E02D05E68122E13D11C
:100E100090684F000326BE40B0434F00DE68BE40DE
:100E200030439060506801268E40B0431E79C6F36F
:100E300000168E4030435060D0684F000326BE40FD
:100E4000B0434F009E68BE403043D0605E6806F0FD
:100E50008056B6F1805F7DD100BF00260096404EDF
:100E6000366846F480463E4F3E603E46366806F49D
:100E70008046009600BF00BF3A4E8F0856F8270004
:100E80008E07370F0F26BE40B043374EB24202D115
:100E9000002624E05EE0354EB24201D101261EE07C
:100EA000334EB24201D1022619E0324EB24201D194
:100EB000032614E0304EB24201D104260FE02F4E3B
:100EC000B24201D105260AE02D4EB24201D10626DA
:100ED00005E02C4EB24201D1072600E008268F071C
:100EE0003F0FBE4030431F4E8F0846F82700264E66
:100EF0003068A0435E6806F48036B6F5803F00D1C6
:100F00002043214E3060361D3068A0435E6806F4F1
:100F10000036B6F5003F00D120431B4E361D306031
:100F2000361D3068A0435E6806F48016B6F5801F53
:100F300000D12043144E08363060361D3068A0437F
:100F40005E6806F40016B6F5001F00D120430E4E71
:100F50000C363060491C1029FFF420AFF8BD0000AA
:100F600044380240083801400000024000040240BA
:100F700000080240000C0240001002400014024031
:100F800000180240001C0240003C01400AB181618F
:100F900001E00B048361704701480068000C704752
:100FA000002004E0014800687047000014000020A1
:100FB00010B50A48006840F4007008490860084607
:100FC000006840F480600860052000F07FF80F2082
:100FD00000F006F800F02AF8002010BD003C0240A6
:100FE00070B504460E4800784FF47A71B1FBF0F00A
:100FF0000C490968B1FBF0F5284600F0CBFB08B1BD
:10100000012070BD102C07D200222146501E00F096
:101010001EF80548046001E00120F2E70020F0E737
:101020001C0000200000002018000020704701462E
:101030000846002809DB00F01F0301229A404309FB
:101040009B0003F1E023C3F8002100BF70472DE9A6
:10105000F05F80460D461646002701F03FFF074629
:1010600039462A46334601F00700C0F1070ABAF1B3
:10107000040F02D94FF0040A01E0C0F1070AD1467B
:1010800000F1040ABAF1070F02D24FF0000A01E0A2
:10109000A0F1030AD4464FF0010A0AFA09FAAAF1AC
:1010A000010A0AEA020A0AFA0CFA4FF0010B0BFADB
:1010B0000CFBABF1010B0BEA030B4AEA0B042146D4
:1010C000404601F013FFBDE8F09F000000BF00F0B4
:1010D0000702064B19684FF6FF031940044B0B43F8
:1010E00043EA0221014B196000BF70470CED00E09C
:1010F0000000FA0570B504460D460CB9012070BD1C
:101100005848006800F00F00A84209D255490D70F8
:101110000846006800F00F00A84201D00120EEE769
:10112000207800F0020002281DD1207800F0040091
:10113000042805D14C48006840F4E0504A49086052
:10114000207800F00800082805D14748006840F4DE
:101150006040454908604448006820F0F000A168FC
:10116000084341490860207800F00100A8B3606896
:10117000012807D13C4808380068C0F34040B8B99E
:101180000120BCE76068022802D06068032807D10C
:10119000354808380068C0F3406048B90120AEE720
:1011A000314808380068C0F3400008B90120A6E7BC
:1011B0002D48006820F00300616808432A49086050
:1011C000FFF7F0FE064609E0FFF7ECFE801B41F258
:1011D0008831884202D9032091E707E0224800685D
:1011E00000F00C006168B0EB810FEDD11D48006884
:1011F00000F00F00A84209D91A490D70084600688E
:1012000000F00F00A84201D0012078E7207800F01C
:101210000400042807D11448006820F4E050E16875
:10122000084311490860207800F00800082808D118
:101230000D48006820F46040216940EAC1000A4975
:10124000086000F017F808490968C1F30311074A5C
:10125000515CC840064908600F20FFF7C1FE00201E
:101260004DE70000003C024008380240F2A20008AE
:10127000000000202DE9F047002400250026A146AB
:101280002548006800F00C0020B1042805D008288B
:101290003AD105E0DFF8849039E0DFF8849036E059
:1012A0001D48001F006800F03F041B48001F006835
:1012B00000F4800078B11A481749091F0968C1F382
:1012C0008811A0FB01700146224600233846FFF733
:1012D00058F805460EE011480F49091F0968C1F387
:1012E0008811A0FB01700146224600233846FFF713
:1012F00048F805460848001F0068C0F30140401C3C
:101300004600B5FBF6F902E0DFF8109000BF00BF21
:101310004846BDE8F0870000083802400024F40089
:1013200000127A00F8B504460CB90120F8BD207807
:1013300000F00100002874D0F948006800F00C00AB
:1013400004280DD0F648006800F00C00082813D1DE
:10135000F348001F006800F48000B0F5800F0BD147
:10136000EF4808380068C0F34040002859D0606852
:10137000002856D10120D9E700BF6068B0F5803F52
:1013800008D1E7480838006840F48030E44908395B
:1013900008601EE06068B0F5A02F0DD1E048083865
:1013A000006840F48020DE4908390860084600687B
:1013B00040F4803008600CE0D9480838006820F418
:1013C0008030D749083908600846006820F480203A
:1013D000086000BF606890B1FFF7E4FD054606E0D5
:1013E000FFF7E0FD401B642801D903209EE7CC48AD
:1013F00008380068C0F340400028F1D011E0FFF742
:10140000D1FD054606E0FFF7CDFD401B642801D95C
:1014100003208BE7C24808380068C0F3404000282A
:10142000F1D1207800F0020002285FD1BC480068AA
:1014300000F00C0058B1BA48006800F00C00082811
:101440001CD1B748001F006800F48000B0B9B44850
:1014500008380068C0F3400020B1E068012801D0DE
:10146000012063E7AE480838006820F0F8002169E1
:1014700040EAC100AA490839086037E0E06800B3D3
:101480000120A8490860FFF78DFD054606E0FFF73B
:1014900089FD401B022801D9032047E7A0480838EE
:1014A0000068C0F340000028F1D09D48083800686B
:1014B00020F0F800216940EAC10099490839086024
:1014C00014E0002097490860FFF76CFD054606E030
:1014D000FFF768FD401B022801D9032026E790484A
:1014E00008380068C0F340000028F1D1207800F0EF
:1014F000080008282CD16069A8B101208A49086039
:10150000FFF750FD054606E0FFF74CFD401B0228A3
:1015100001D903200AE782486C300068C0F340001C
:101520000028F1D014E000207F490860FFF73AFD61
:10153000054606E0FFF736FD401B022801D90320CF
:10154000F4E677486C300068C0F340000028F1D121
:10155000207800F00400042870D10026704838304C
:10156000006800F0805090B900BF002000906C48E7
:101570003830006840F080506949383108600846CA
:10158000006800F08050009000BF00BF012667484F
:10159000006800F48070B0B96448006840F480705E
:1015A00062490860FFF7FEFC054606E0FFF7FAFC1B
:1015B000401B022801D90320B8E65C48006800F40B
:1015C00080700028F2D000BFA068012808D15448DC
:1015D0006830006840F001005149683108601DE042
:1015E000A06805280DD14E486830006840F004001E
:1015F0004B49683108600846006840F00100086007
:101600000CE047486830006820F001004449683128
:1016100008600846006820F00400086000BFA06869
:10162000A8B1FFF7BFFC054609E0FFF7BBFC401B74
:1016300041F28831884202D9032077E626E0384813
:1016400068300068C0F340000028EED013E0FFF7D8
:10165000A9FC054608E0FFF7A5FC401B41F28831D4
:10166000884201D9032061E62D4868300068C0F344
:1016700040000028EFD1012E07D1294838300068FA
:1016800020F0805026493831086000BFA069B8B307
:101690002348006800F00C0008285ED0A0690228EA
:1016A00046D100201F490866FFF77CFC054606E08E
:1016B000FFF778FC401B022801D9032036E61848C2
:1016C00008380068C0F340600028F1D1D4E9070170
:1016D0000843616A40EA81110122A06AC2EB50000E
:1016E00041EA00412C20005D41EA00600C49091FDD
:1016F000086001200B490866FFF754FC054607E027
:101700002DE0FFF74FFC401B022801D903200DE616
:10171000034808380068C0F340600028F1D01EE09C
:101720000838024000004742800E474200700040E7
:1017300000200C490866FFF735FC054606E0FFF778
:1017400031FC401B022801D90320EFE50648006860
:10175000C0F340600028F2D101E00120E6E500205E
:10176000E4E500000000474200380240042808D1A8
:101770004FF0E021096941F004014FF0E0221161CE
:1017800007E04FF0E021096921F004014FF0E02269
:101790001161704770B504462546681EB0F1807F20
:1017A00001D301200FE0681E4FF0E02148610F21B6
:1017B0004FF0FF3001F09AFB00204FF0E0218861EC
:1017C00007200861002070BD7047704710B50446BF
:1017D0000CB9012010BD94F83D0028B9002084F810
:1017E0003C00204600F00CF8022084F83D00211D4A
:1017F000206801F085F9012084F83D000020E9E728
:1018000038B504460E492068884217D100BF002031
:1018100000900C48006840F002000A490860084641
:10182000006800F00200009000BF00BF0322012109
:101830001D20FFF70CFC1D20FFF7F9FB38BD000051
:10184000000400404038024001460868C06840F08B
:1018500001000B68D8600868806800F00702062A5B
:1018600005D00868006840F001000B68186000208F
:101870007047704710B5044620680069C0F3400007
:10188000D8B12068C068C0F34000B0B16FF002006A
:1018900021680861012020772068806900F003003A
:1018A00018B12046FFF7E5FF05E0204600F0ADF84F
:1018B000204600F0ABF80020207720680069C0F3D4
:1018C0008000D8B12068C068C0F38000B0B16FF06C
:1018D000040021680861022020772068806900F4F4
:1018E000407018B12046FFF7C4FF05E0204600F025
:1018F0008CF8204600F08AF80020207720680069E4
:10190000C0F3C000D8B12068C068C0F3C000B0B157
:101910006FF0080021680861042020772068C06902
:1019200000F0030018B12046FFF7A3FF05E02046B2
:1019300000F06BF8204600F069F80020207720685E
:101940000069C0F30010D8B12068C068C0F300106F
:10195000B0B16FF01000216808610820207720687E
:10196000C06900F4407018B12046FFF782FF05E01F
:10197000204600F04AF8204600F048F80020207782
:101980002068006900F0010058B12068C06800F0CC
:10199000010030B16FF0010021680861204600F0BD
:1019A00037F820680069C0F3C01058B12068C068DB
:1019B000C0F3C01030B16FF080002168086120468C
:1019C000FFF702FF20680069C0F3801058B120685B
:1019D000C068C0F3801030B16FF04000216808612A
:1019E000204600F025F820680069C0F3401058B187
:1019F0002068C068C0F3401030B16FF0200021684B
:101A000008612046FFF7E1FE10BD704770470000F7
:101A10000549884207D10549096809B9012100E053
:101A20000021024A11607047602E0020A8824242C5
:101A3000704770472DE9F047044620680568206824
:101A4000C668206847694FF00008C14605F00F08D6
:101A5000B8F1000F0AD105F0200038B106F02000DF
:101A600020B1204601F012F9BDE8F087B8F1000F6F
:101A70006ED007F0010018B906F49070002867D006
:101A800005F0010030B106F4807018B1E06B40F051
:101A90000100E06305F0040030B107F0010018B167
:101AA000E06B40F00200E06305F0020030B107F0A7
:101AB000010018B1E06B40F00400E06305F008009D
:101AC00030B107F0010018B1E06B40F00800E063AE
:101AD000E06B70B305F0200028B106F0200010B1D3
:101AE000204601F0D3F820684069C0F38019E06B0C
:101AF00000F0080010B9B9F1000F23D0204601F022
:101B0000A5F82068406900F04000402816D1206800
:101B1000406920F0400021684861606B50B117486F
:101B2000616B0865606BFFF71CF910B1606B016DAC
:101B300088470CE02046FFF77CFF08E02046FFF7CF
:101B400078FF04E02046FFF774FF0020E0638BE796
:101B500005F0800030B106F0800018B1204601F099
:101B6000E8F881E705F0400030B106F0400018B118
:101B7000204601F07BF877E700BF75E7392C0008B5
:101B80002DE9F84304460D4616461F464FF000095E
:101B900094F83A00202860D105B116B90120BDE8BB
:101BA000F88300BF94F83800012801D10220F6E73D
:101BB000012084F8380000BF0020E063222084F870
:101BC0003A00FFF7EFF98146A685E68539E0E08D1A
:101BD000401EE085A068B0F5805F1BD14B46002217
:101BE00020212046009701F0D8F808B10320D6E75D
:101BF000A846206938B920684068C0F30800A8F8F2
:101C00000000AD1C1DE020684068C0B2A8F80000CC
:101C10006D1C16E04B46002220212046009701F063
:101C2000BCF808B10320BAE7206920B920684068F1
:101C300005F8010B05E02068406800F07F0005F81A
:101C4000010BE08D0028C2D1202084F83A0000BFAB
:101C5000002084F8380000BFA1E702209FE70000C1
:101C60001D4A0168914236D11C49098801F400419E
:101C700089BB1A49098801F4804171B11849097872
:101C80000A2903D00021154A118024E0134909884C
:101C900041F40041114A11801DE0114909780D29D4
:101CA00006D10E49098841F480410C4A118012E0A6
:101CB0000B490978094A1288C2F30D02094B99545D
:101CC00006490988491C054A118011460988C72917
:101CD00001DD00211180704700100140A0000020AC
:101CE000A2000020582D0020704700BFFEE7000032
:101CF00010B5012280210C48FFF748F9012240214C
:101D00000948FFF743F900F0A5F9002280210648B1
:101D1000FFF73CF900F09EF9002240210248FFF74E
:101D200035F900F097F910BD0004024010B500220B
:101D300080210848FFF72AF9012240210548FFF7D2
:101D400025F900F087F9012280210248FFF71EF9EA
:101D500010BD00000004024010B5012280210A4895
:101D6000FFF714F900F076F9012240210648FFF749
:101D70000DF900F06FF9002240210348FFF706F942
:101D800000F068F910BD00000004024010B500200A
:101D90000F4908600F48006820F440200D49086092
:101DA0000846006840F48020086000200A49C1F815
:101DB000A402022001F05CFE012005490860022017
:101DC00001F056FE00200449C1F8A00210BD000039
:101DD000A0824042000402400080404200B587B02B
:101DE00000BF002001901048006840F002000E493A
:101DF00008600846006800F00200019000BF00BFC4
:101E00004FF440700290012003900490022005904E
:101E100002A90648FEF7BAFF0120054908600549F6
:101E2000C1F8A00207B000BD3038024000040240F3
:101E3000A48240420080404210B500200F49086053
:101E40000F48006820F440200D49086008460068EB
:101E500040F48020086001200A49C1F8A402022051
:101E600001F006FE012005490860022001F000FE95
:101E700000200449C1F8A00210BD0000A082404229
:101E8000000402400080404270B505460024164818
:101E9000006820F440201449086008460068086083
:101EA000002616E0002011490860022001F0E0FD44
:101EB00001200F49C1F8A0026006040E0B487C38CF
:101EC000006808B1601CC4B2012001F0D1FD701C93
:101ED000C6B2082EE6DB15B9FFF7AEFF01E0FFF74B
:101EE00055FF204670BD000000040240A082404221
:101EF0000080404270B504461548006820F4402038
:101F0000134908600846006840F4802008600020FB
:101F100010490860002517E0E0090E49091D086016
:101F20006006040E022001F0A3FD01200A49C1F859
:101F3000A002022001F09CFD00200649086002205A
:101F400001F096FD681CC5B2082DE5DB70BD0000F0
:101F500000040240A08240420080404210B50F4879
:101F6000006820F440200D4908600846006840F4ED
:101F70008020086001200A4908600A49C1F8A002CF
:101F8000042001F075FD002005490860042001F0DF
:101F90006FFD00200349C1F8A00210BD00040240FB
:101FA000A48240420080404210B50F48006820F4EF
:101FB00040200D4908600846006840F48020086011
:101FC00000200A4908600A49C1F8A402042001F06F
:101FD0004FFD0120054908600549C1F8A40204200D
:101FE00001F046FD10BD000000040240A082404206
:101FF0000080404210B500241348006820F44020BF
:102000001149086008460068086001200F4908600F
:1020100001F02EFD01200E49C1F8A00201F028FDBB
:1020200007E0601CC4B2FA2C03DDFFF7BDFF0120FE
:1020300010BD0648803800680028F2D10349091F06
:10204000086000BFF4E7000000040240A4824042A0
:1020500000804042032000BF011EA0F10102D0B267
:10206000FAD1704700B587B000BF002001901B482F
:10207000006840F00100194908600846006800F057
:102080000100019000BF00BF00BF00200190084682
:10209000006840F0100008600846006800F010007A
:1020A000019000BF00BF0120029000200390022099
:1020B00004900320059002A90948FEF767FE1C2042
:1020C000029000200390012004900320059002A9B3
:1020D0000448FEF75BFE07B000BD00003038024048
:1020E000000002400010024010B501229102084891
:1020F000FEF74CFF642001F099FC00224FF4806150
:102100000348FEF743FF642001F090FC10BD00007F
:102110000014024000B587B000BF002001901248B3
:10212000006840F02000104908600846006800F090
:102130002000019000BF00BF4FF4C060029001205A
:10214000039004900320059002A90848FEF71EFEA4
:10215000012251020548FEF719FF012291020348AE
:10216000FEF714FF07B000BD3038024000140240F3
:102170002DE9FC4104460D4616466B4606223B21DE
:10218000682000F09FF80746BFB99DF801009DF850
:10219000001040EA012000B220809DF803009DF865
:1021A000021040EA012000B228809DF805009DF849
:1021B000041040EA012000B230803846BDE8FC81BE
:1021C0002DE9FC4104460D4616466B460622432186
:1021D000682000F077F80746BFB99DF801009DF828
:1021E000001040EA012000B220809DF803009DF815
:1021F000021040EA012000B228809DF805009DF8F9
:10220000041040EA012000B230803846BDE8FC816D
:1022100010B5FFF7E3FD80216B2000F0D7F86420B4
:1022200001F004FC00216B2000F0D0F8032000F046
:102230008BF8002000F080F8322000F0AAF800218E
:10224000382000F0C3F800216A2000F0BFF8002118
:10225000232000F0BBF88021372000F0B7F875206C
:1022600000F013F80446682C0BD101216B2000F01C
:10227000ADF800216C2000F0A9F8322000F089F8B8
:1022800001E0012010BD0020FCE770B50446FFF717
:1022900065FED020FFF72EFEFFF7ACFE2046FFF7CD
:1022A00029FEFFF7A7FEFFF759FED120FFF722FE18
:1022B000FFF7A0FE0020FFF7E7FD0546FFF774FEDD
:1022C000284670BD2DE9F04106460F4614461D46CE
:1022D000FFF744FE002141EA4601C8B2FFF70AFEBB
:1022E000FFF788FE20B1FFF75FFE0120BDE8F08117
:1022F0003846FFF7FFFDFFF77DFEFFF72FFE0121B8
:1023000001EB4601C8B2FFF7F5FDFFF773FE0DE0E4
:10231000012C04D10020FFF7B7FD287003E0012055
:10232000FFF7B2FD2870601EC4B26D1C002CEFD107
:10233000FFF73AFE0020D9E710B50446E006010E8B
:102340001C2000F043F810BD10B50446E006010E55
:102350001B2000F03BF810BD70B504460025BC2CD6
:1023600001DB012510E0622C01DB02250CE02A2CA8
:1023700001DB032508E0142C01DB042504E00A2C12
:1023800001DB052500E0062529461A2000F01EF88D
:1023900070BD70B50446B4F57A7F01DD4FF47A74F0
:1023A000042C00DA04244FF47A7090FBF4F0401E01
:1023B000C5B22946192000F009F80546264604EB67
:1023C000D671C1F34F00FFF7C7FF70BD70B505466A
:1023D0000C46FFF7C3FDD020FFF78CFDFFF70AFE88
:1023E00018B1FFF7E1FD012070BD2846FFF782FD1F
:1023F000FFF700FE2046FFF77DFDFFF7FBFD18B15C
:10240000FFF7D2FD0120EFE7FFF7CEFD0020EBE75D
:102410002DE9F04105460E4617469846FFF79EFD0A
:10242000002141EA4501C8B2FFF764FDFFF7E2FD74
:1024300020B1FFF7B9FD0120BDE8F0813046FFF77C
:1024400059FDFFF7D7FD00240CE018F80400FFF752
:1024500051FDFFF7CFFD18B1FFF7A6FD0120EBE717
:10246000601CC4B2BC42F0DBFFF79EFD0020E3E736
:1024700000BFFEE77047000070B500240CE00025A7
:1024800006E00020074901EBC5010855681CC5B2EC
:10249000802DF6DB601CC4B2082CF0DB00F0E2F803
:1024A00070BD0000A02E0020F0B514460B46CF17DB
:1024B00001EB5777C7F3C702CF1701EB5777FF1030
:1024C000A1EBC707FEB20123B340DDB24CB1134B01
:1024D00003EBC0039B5C2B43104F07EBC007BB54BF
:1024E0001AE00E4B03EBC0039B5CDB430B4F07EB87
:1024F000C007BB54094B03EBC0039B5C2B43074F46
:1025000007EBC007BB54054B03EBC0039B5CDB43ED
:10251000024F07EBC007BB54F0BD0000A02E002007
:1025200000B587B0142102A8FEF7DBF900BF002038
:1025300001904448006840F00200424908600846A3
:10254000006800F00200019000BF00BFC0200290B0
:102550000120039000200490059002A93A48FEF75C
:1025600015FC0122C0213848FEF710FD0021AE20E5
:1025700000F0B5F90021084600F0B1F90021102063
:1025800000F0ADF90021402000F0A9F900218120E0
:1025900000F0A5F90021CF2000F0A1F90021A12031
:1025A00000F09DF90021C82000F099F90021A62033
:1025B00000F095F90021A82000F091F900213F20BA
:1025C00000F08DF90021D32000F089F900210846A0
:1025D00000F085F90021D52000F081F9002180204C
:1025E00000F07DF90021D92000F079F90021F120D7
:1025F00000F075F90021DA2000F071F900211220B5
:1026000000F06DF90021DB2000F069F90021302095
:1026100000F065F90021202000F061F9002102207E
:1026200000F05DF900218D2000F059F900211420FF
:1026300000F055F9FFF720FF0021AF2000F04FF91F
:1026400007B000BD303802400004024010B5024619
:10265000012000E050430B1EA1F10104E1B2F9D1C9
:1026600010BD000070B500242BE004F1B001C8B229
:10267000002100F034F90021084600F030F9002173
:10268000102000F02CF9FFF733FB782000F044F91C
:10269000FFF762FB402000F03FF9FFF75DFB0025EC
:1026A00009E0094901EBC501085D00F035F9FFF7C4
:1026B00053FB681CC5B2802DF3DBFFF737FB601CB2
:1026C000C4B2082CD1DB70BDA02E00202DE9FE4F36
:1026D0000746884692461C460197CDF80080082C94
:1026E00002D14FF006091FE02046E31704EB5373B5
:1026F000DB1021464FEAE47C04EB5C7C4FEAEC0CF7
:10270000A4EBCC0CBCF1000F02D04FF0010C01E0A7
:102710004FF0000C6344224604EBD27C4FEA6C0C71
:1027200003FB0CF303F0FF09AAF12000C6B2002559
:102730005EE0082C07D106EB46002F4901EB400074
:1027400010F805B01DE00C2C07D106EB46002B4914
:1027500001EB800010F805B013E0102C05D12848DB
:1027600000EB061010F805B00BE0182C07D106EBB3
:10277000C600244901EB800010F805B001E0BDE877
:10278000FE8F002002901CE00BF0010028B14146B2
:1027900038460C9AFFF788FE09E00C9808B901202A
:1027A00000E00020024641463846FFF77DFE4FEA32
:1027B0006B0B08F1010000F0FF080298401CC0B24A
:1027C000029002980828DFDB781CC7B2082C0BD0D7
:1027D00004EBD4714A100199791A8A4204D1019FFD
:1027E00000980830C0B20090DDF80080681CC5B2C7
:1027F0004D459EDB00BFC2E70AA3000832A50008D2
:10280000A6A9000896AF00082DE9FF4F82B0064642
:1028100091461F46DDE90F4A4FF0000B082C01D10D
:102820004FF0020B002530E0781B401EC1B20A2099
:10283000FFF70CFFB9FBF0F00A21B0FBF1F201FB4E
:102840001208B8F1000F0ED104EBD4710BEB61014B
:1028500001FB0561C8B223463022CDE900A40399EB
:10286000FFF734FF0FE004EBD4710BEB610101FBC8
:102870000561C8B208F13001CAB22346CDE900A40F
:102880000399FFF723FF681CC5B2BD42CCDB06B03D
:10289000BDE8F08F2DE9F84106460F4614461D4667
:1028A000DDF81C8013E0CDF8008022782B463946F5
:1028B0003046FFF70BFF082D02D1B01DC6B205E070
:1028C000284605EBD07106EB6101CEB2641C20787E
:1028D000202802DB20787E28E5DDBDE8F88170B590
:1028E00005460C46FFF704FA782000F015F8FFF7CC
:1028F00033FA1CB1402000F00FF802E0002000F095
:102900000BF8FFF729FA284600F006F8FFF724FA3B
:10291000FFF70CFA70BD000070B5044600251FE0FB
:1029200004F0800028B1012280210F48FEF72EFB21
:1029300004E0002280210C48FEF728FBFFF78AFB09
:10294000012240210848FEF721FBFFF783FB00220C
:1029500040210548FEF71AFB6006040E681CC5B24C
:10296000082DDDDB70BD0000000402402DE9F041C0
:1029700092B00446884615461E46002700BF002038
:1029800000902A48006840F08050284908600846B6
:10299000006800F08050009000BF00BF00BF002022
:1029A00000902348006840F48040214908600846B0
:1029B000006800F48040009000BF00BF0120069036
:1029C0000004079002200C9041050D91CDF838804D
:1029D0000F941095119606A8FEF7A4FC07460FB1B8
:1029E00000BFFEE70F20019002200290002003901C
:1029F0004FF4A05004904FF480500590052101A899
:102A0000FEF778FB07460FB100BFFEE7FEF7C4FAFA
:102A100041F20101884205D10648006840F4807007
:102A20000449086012B0BDE8F0810000403802405F
:102A300000700040003C024010B506F039FC01284F
:102A400001D006F0BBF810BD1448006840F47000D7
:102A5000124908601248006840F0010010490860FF
:102A600000200F49083108600D4800680D490840F2
:102A70000B4908600C48091D0860081F006820F415
:102A80008020091F0860002005490C3108604FF0C4
:102A900000600249803908607047000088ED00E05E
:102AA00000380240FFFFF6FE1030002410B5024847
:102AB000FEF7E0FE10BD0000602E002010B50E48AD
:102AC0000068C06800F0010078B10C4908698047CF
:102AD000002009490968486200BF64200649096866
:102AE000C86264210448C16000BF6FF00100024960
:102AF0000968086110BD0000303300201801002073
:102B000010B50268294B98420ED0B0F1804F0BD01F
:102B1000274B984208D0274B984205D0264B984225
:102B200002D0264B984203D122F070024B681A4320
:102B30001E4B984220D0B0F1804F1DD01C4B9842C4
:102B40001AD01C4B984217D01B4B984214D01B4BE9
:102B5000984211D01A4B98420ED01A4B98420BD083
:102B6000194B984208D0194B984205D0184B9842FF
:102B700002D0184B984203D122F44072CB681A431A
:102B800022F080034C6943EA040202608B68C3624E
:102B90000B688362054B984202D0084B984201D1E2
:102BA0000B6903630123436110BD00000000014075
:102BB0000004004000080040000C004000040140F8
:102BC000004001400044014000480140001800401E
:102BD000001C00400020004038B505460C4600BFF0
:102BE000002000901148006840F004000F49086080
:102BF0000846006800F00400009000BF00BF0322F8
:102C000011461E20FEF723FA1E20FEF710FA084890
:102C1000084908600846446000218160C560016180
:102C2000FEF7D4FD0348FEF70FFE38BD40380240E2
:102C3000000800403033002070B50546AC6B002022
:102C4000E085E0842046FEF7F4FE70BD0168C968A7
:102C500021F490710268D1600168496921F0010195
:102C600002685161202180F83A10704710B504467F
:102C70002068C06820F040002168C860202084F8E7
:102C800039002046FFF730F8002010BD70B504462B
:102C900094F83A0022284AD1A068B0F5805F13D199
:102CA000A56A206940B920684068C0F30800288000
:102CB000A06A801CA06219E020684068C0B2288029
:102CC000A06A401CA06211E0206938B92068406801
:102CD000C1B2A26A501CA062117007E0206840686F
:102CE00000F07F01A26A501CA0621170E08D401EAE
:102CF00080B2E085C8B92068C06820F02000216853
:102D0000C8602068C06820F480702168C8602068AE
:102D1000406920F0010021684861202084F83A00D1
:102D20002046FEF79DFF002070BD0020FCE702203A
:102D3000FAE7014691F8390021282CD18868B0F5CE
:102D4000805F0FD10A6A1088C0F308000B685860D2
:102D5000086918B9086A801C086209E0086A401C02
:102D6000086205E00B6A581C086218780B68586006
:102D7000C88C401E80B2C88458B90868C06820F06A
:102D800080000B68D8600868C06840F040000B689D
:102D9000D860002070470220FCE72DE9F04104468E
:102DA0000D4617469846069E21E0701CF8B12EB1DC
:102DB000FEF7F8F8A0EB0800B04218D92068C06808
:102DC00020F4D0702168C8602068406920F00100BC
:102DD00021684861202084F8390084F83A0000BF57
:102DE000002084F8380000BF0320BDE8F08120688F
:102DF00000682840A84201D1012000E00020B8422C
:102E0000D3D00020F1E7000008B52448006800682E
:102E1000C0F3401048B34FF47A73012269461F484B
:102E2000FEF7AEFE1E48008800F40040E8B91C48DA
:102E3000008800F4804070B19DF800000A2803D09B
:102E400000201749088024E01548008840F400401D
:102E5000134908801DE09DF800000D2806D1104898
:102E6000008840F480400E49088012E09DF8000080
:102E70000B490988C1F30D010A4A505408480088DB
:102E8000401C0749088008460088C72801DD00204B
:102E900008800248FEF7CEFD08BD0000202E00206D
:102EA000A0000020582D002000BFFEE703B40198C9
:102EB0004100009850EAC12018BF04204A0D18BFF5
:102EC00040F0010040F2FF72B2EB515F08BF40F0EA
:102ED0000200012808BF052002B0704702480068C0
:102EE000C0F30220704700000CED00E010B5002890
:102EF00004DB0A07130E054A135406E00A07140EF2
:102F0000034A00F00F031B1FD45410BD00E400E07F
:102F100018ED00E00000000070B5C1482DED020B77
:102F20002DED0E8B82B0119D25F000449FEDBEDB90
:102F30009FEDBFEB84423EDBA4F140511098A1F11C
:102F40007F6108430FD0BC48844202DC28D110982E
:102F500030B39DED100B02B0BDEC0E8B02B0BDE89E
:102F6000704000F069BC9DED100B53EC1D2B51EC33
:102F7000100B06F083FE9DED100B41EC180B53EC8B
:102F80001E2B51EC100B06F079FE53EC182B06F0BB
:102F900075FC41EC100B02B0BDEC0E8B02B070BDA5
:102FA0000120FDF7CEFC02B0BDEC0E8B02B0BDE8F7
:102FB000704000F055BCA1489FEDA18B844256DAC9
:102FC0009DED100BB4F1795F0ADA51EC100BFFF7AD
:102FD0006DFF042808BF00F053FC9DED100BDAE7ED
:102FE00053EC102B51EC100B06F048FE41EC190B82
:102FF00095480621B0EE490AF0EE690A784400F0DF
:103000009FFB53EC192B51EC100B06F037FE41ECF3
:103010001A0B8E48B0EE490AF0EE690A0421784492
:1030200000F08EFB53EC192B51EC100B06F026FE32
:1030300053EC182B06F022FC41EC100B51EC1A0B50
:1030400053EC102B06F0C2FCCDE900019DED000B06
:1030500053EC102B9DED100B51EC100B06F00EFEF7
:103060009DED101B53EC112B06F008FCD2E09DEDFA
:10307000100B51EC100B01F009FB53EC182B06F070
:10308000FBFE9FED730BCDE9000153EC102B9DED82
:10309000000B51EC100B06F0F1FD41EC190B6E48E2
:1030A0000621B0EE490AF0EE690A784400F048FBC8
:1030B00053EC192B51EC100B06F0E0FD41EC1B0B0F
:1030C0006648B0EE490AF0EE690A0421784400F03F
:1030D00037FB53EC192B51EC100B06F0CFFD53ECE2
:1030E000182B06F0CBFB41EC1C0B51EC190B03F039
:1030F000AFFE41EC180B5A489FED5BABA04222DCBF
:1031000053EC1C2B51EC1B0B06F060FCCDE90001CD
:103110009DED000B51EC180B53EC102B06F0AEFD9F
:1031200053EC182B06F0AAFB53EC1A2B06F0A6FD65
:1031300053EC1D2B06F078FF53EC1E2B06F09CFE83
:1031400041EC100B5FE08DED008B002000909DEDB9
:10315000000B51EC180B53EC102B06F08FFB9DED80
:10316000000B41EC1E0B53EC102B51EC100B06F036
:1031700085FD53EC192B06F07FFE53EC1E2B06F059
:1031800025FC41EC190B53EC1C2B51EC1B0B06F0EE
:103190001DFC41EC1B0B53EC1A2B51EC190B06F0E8
:1031A0006DFD53EC1D2B06F067FE41EC190B53EC43
:1031B0001A2B51EC180B06F061FD53EC1B2B06F09B
:1031C0005DFD53EC192B06F02FFF9DED000B41EC3C
:1031D000180B53EC1A2B51EC100B06F04FFD9FED22
:1031E000249B53EC192B06F047FE41EC100B51ECDD
:1031F000180B53EC102B06F017FF53EC192B06F0AD
:103200003BFE41EC100B002D3FF7C5AE51EC100B0F
:1032100006F0F6FA41EC100BBDE6000000000000DD
:103220000000F03F00000000075C143326A6913C2C
:10323000182D4454FB21F93F0000F07F0000E03FCF
:10324000000000000000F03FA09D0000AE9D0000C7
:10325000000000000000E03FF29C0000009D000024
:103260003333EF3F0000000000000000000000408A
:10327000182D4454FB21E93F70B59B482DED020BFE
:103280002DED068B079D25F00044A04218DC9748E1
:10329000844202DC0AD1069840B19DED060BBDECDC
:1032A000068B02B0BDE8704000F0C6BA002DCCBF5E
:1032B0009FED8F0B9FED900BBDEC068B02B070BDA8
:1032C0008F48A04215DD8F48A042D8BF4FF0FF3491
:1032D00058DD9DED060B51EC100BFFF7E7FD0428C0
:1032E00008BF00F0CDFA9DED060BBDEC068B02B0D9
:1032F00070BD9DED060B51EC100B01F0C7F9CDE947
:10330000060181489FED828BA0423CDD8248A042AD
:103310001FDD00249FED82AB9DED060B53EC1A2BB5
:1033200051EC100B06F0AAFA9DED060B41EC190BBF
:1033300053EC1A2B51EC100B06F0A0FC53EC182B9D
:1033400006F072FE53EC192B06F040FBCDE90601A6
:1033500049E09DED060B012453EC182B51EC100BAA
:1033600006F08CFA9DED060B41EC190B53EC182B73
:1033700051EC100B06F058FE53EC192B06F026FB0F
:10338000CDE906012FE06848A0421FDD02249FED31
:10339000689B9DED060B53EC192B51EC100B06F0BE
:1033A0006DFC53EC182B06F069FA9DED060B41EC11
:1033B000180B53EC192B51EC100B06F035FE53ECA7
:1033C000182B06F003FBCDE906010CE09DED060B82
:1033D000032453EC102B9FED580B51EC100B06F00F
:1033E000F5FACDE906019DED060B53EC102B51ECDF
:1033F000100B06F043FC41EC180B53EC182B06F0B5
:103400003DFC41EC190B4E480621B0EE490AF0EEA6
:10341000690A784400F094F953EC182B51EC100B26
:1034200006F02CFC41EC180B4648B0EE490AF0EED1
:10343000690A0521784400F083F953EC192B51EC0B
:10344000100B06F01BFC41EC100B51EC180B53EC6D
:10345000102B002C0EDA06F011FA9DED061B53EC32
:10346000112B06F00BFC9DED061B53EC112B06F007
:1034700003FD35E006F002FA9DED061B53EC112B1F
:1034800006F0FCFB41EC100B2F48784400EBC40025
:1034900090ED001B51EC100B53EC112B06F0C4FD0A
:1034A0009DED061B53EC112B06F0BEFD41EC100BFD
:1034B0002648784400EBC40090ED001B51EC100B43
:1034C00053EC112B06F0D8FC41EC100B002DA2BFE1
:1034D000BDEC068B02B070BD51EC100B06F090F9FC
:1034E00041EC100B01E70000000010440000F07FE9
:1034F000182D4454FB21F93F182D4454FB21F9BFEA
:103500000000DC3F0000203E0000F33F0000000010
:10351000000000000000F03F0000E63F0000000057
:103520000000000000000040008003400000000098
:10353000000000000000F83F000000000000F0BFA5
:10354000429A0000F8990000829900003A99000020
:1035500070B56B4E2DED040B2DED028B82B0DDF8B6
:103560001CC0DDE905235C422CF000411C4341EA0C
:10357000D474049D22F00040B44205D86C422C4320
:1035800040EAD474B4420BD99DED061B9DED040BAB
:1035900002B0BDEC028B04B0BDE8704000F056B93B
:1035A000ACF14054A4F17F641C430BD0022404EA24
:1035B000AC7444EAD27405439FED538B9FED542BBA
:1035C00007D015E09DED040B51EC100B00F0D2F983
:1035D00042E0002C11BF012C9DED040B02B0BDECAC
:1035E000028B04BF04B070BD022C38D0032C3BD03A
:1035F0000B439FED491B9FED4A0B0AD0B14218D1F6
:10360000B04209D121F0804120F08040079105901F
:103610000FE0002A15DA10E0434B7B44002C08BF72
:1036200093ED000B0DD0012C10D0022C17D0032CE1
:103630001AD0B0421DD1002A03DAB0EE410AF0EEF2
:10364000610A02B0BDEC028B04B070BD93ED000BBB
:1036500051EC100B06F0D4F841EC100BF1E7B0EE92
:10366000480AF0EE680AECE7B0EE420AF0EE620AB1
:10367000E7E7401A00153C28C8BF8DED000B19DCA8
:10368000BCF1000FBEBF10F13C0F9FED290B8DED7B
:10369000000B0FDB9DED060B53EC102B9DED040B87
:1036A00051EC100B06F092F900F0F0FF00F062F917
:1036B000CDE90001002C08BF9DED000BC1D0012C0D
:1036C00010D0022C9FED1C0B53EC102B9DED000B2A
:1036D00051EC100B0DD006F0A7FC53EC182B06F0A4
:1036E000A3FCB9E7019880F0004001909DED000B2C
:1036F000A7E706F099FC53EC182B06F0BDFBABE7EF
:103700000000F07F00000000182D4454FB21094008
:10371000182D4454FB2109C0182D4454FB21F9BF36
:10372000182D4454FB21F93F6A9800000000000066
:103730000000000000000000075C143326A6A13C36
:1037400070B504462DED028B4D1E00EBC500B0EEAA
:10375000408AF0EE608A90ED000B35F0060017D03D
:1037600053EC182B51EC100B06F088FA41EC100BBF
:103770006D1E04EBC50090ED001B51EC100B53ECDB
:10378000112B06F07BF841EC100B35F00600E7D169
:10379000022D36D0042D1CD0062D1CBFBDEC028B93
:1037A00070BD53EC182B51EC100B06F067FA94ED3A
:1037B0000A1B53EC112B06F061F853EC182B06F0A2
:1037C0005DFA94ED081B53EC112B06F057F841EC11
:1037D000100B53EC182B51EC100B06F04FFA94ED34
:1037E000061B53EC112B06F049F853EC182B06F08E
:1037F00045FA94ED040B53EC102B06F03FF841EC26
:10380000100B53EC182B51EC100B06F037FA94ED1B
:10381000021B53EC112B06F031F853EC182B06F079
:103820002DFA94ED001B53EC112B06F027F8BDEC9C
:10383000028B41EC100B70BD10B553EC102B51EC0A
:10384000100B06F01BF841EC100B10BD10B553EC3B
:10385000112B51EC100B06F011F841EC100B10BDC0
:103860009FED050B10B553EC102B51EC100B06F02F
:10387000ADF841EC100B10BD00000000000000008E
:103880009FED050B10B553EC102B51EC100B06F00F
:10389000F5F941EC100B10BD000000000000001015
:1038A00030380A2801D2012070470020704700BF3D
:1038B00070470000F0B52DED028B83B006460F4631
:1038C0000025684600F014FF002447E056F8241055
:1038D00057F82420881A002801DB014600E0414205
:1038E00000EE101AB8EEC00ADFED200A80EE208A42
:1038F000684600EB840090ED000AB5EEC00AF1EED8
:1039000010FA18D0684600EB8400D0ED000A88EE6B
:10391000200AF7EE000A70EE608AB0EEE80A14485A
:10392000D0ED090AB4EEE00AF1EE10FA15DD01203F
:10393000A040054311E00E4890ED070AB4EEC80A16
:10394000F1EE10FA06DC90ED080AB4EEC80AF1EECA
:1039500010FA02D20120A0400543641C032CB5DB01
:10396000284603B0BDEC028BF0BD0000000080478C
:1039700044C1000810B541EC100BFFF77DFC51EC81
:10398000100B10BD2DE9F0410446E07800F0C006B0
:10399000E07800F03F05607800F0010098B1EF108A
:1039A0002846E91705EB5171C910A5EBC101491C67
:1039B00001F0FF080B48006820B10A484146026840
:1039C0003846904700BF607800F0080030B10548E5
:1039D000406818B1B011034A516888470020BDE81B
:1039E000F08100002033002070B504460420FDF76C
:1039F000BDFE0C48046025464FF47A704543012013
:103A0000094908804FF0E020006940F002004FF0C3
:103A1000E021086108464561006940F00100086145
:103A200070BD0000940000209800002070B504468E
:103A300005F03EFC012811D00C480088844206DBCA
:103A40000A48008894FBF0F5284604F0B9FD0748C1
:103A5000008894FBF0F100FB114084B24FF47A71BE
:103A600004FB01F000F004F870BD00009800002095
:103A700070B5034600224FF0E02675690D4E36689A
:103A800003FB06F44FF0E026B16910E04FF0E026AA
:103A9000B06988420BD0884202D20E1A324402E04A
:103AA0002E1A0E4432440146A24200D300E0EDE754
:103AB00000BF70BD9400002038B5044664B12020DA
:103AC0008DF8000028208DF8010030208DF80200CC
:103AD00038208DF8030004E0A32204216846FCF797
:103AE000F8FE6A46042140F69E2002F08DFA01F0AD
:103AF00077FE38BD3EB5044602208DF80000CA208E
:103B00008DF80100E3208DF8020009208DF80300F4
:103B10006A460421682002F077FAA3208DF800009D
:103B200004F0400048B1C0208DF80100C8208DF895
:103B30000200C2208DF8030006E0A3208DF80100EA
:103B40008DF802008DF8030004F4C07048B1C42061
:103B50008DF80400CC208DF80500C6208DF80600F5
:103B600006E0A3208DF804008DF805008DF806000E
:103B7000A3208DF807008DF808008DF809006A462B
:103B80000A2140F6A72002F03FFA04F0030018B122
:103B900020208DF8000002E0D8208DF800006A4651
:103BA000012140F6B62002F02FFA04F0200018B1EF
:103BB000012000F0ADF802E0002000F0A9F804F4C4
:103BC000C07008B304F4807060B1B2208DF80000BA
:103BD0008B208DF80100B6208DF802009B208DF817
:103BE00003000BE0B0208DF8000080208DF801006C
:103BF000B4208DF8020090208DF803006A4604215D
:103C000040F6A22002F000FA04F0010020B3F820F0
:103C10008DF800006A4601214FF40B6002F0F4F9C0
:103C2000FA21072000F02CFC072000F0F3FB012014
:103C300000F013FC642000F003FD4FF4FA7000F074
:103C400012FDC821304800F0A3FB282000F0BCFB87
:103C50000A2000F0CCFB08E0D8208DF800006A466E
:103C600001214FF40B6002F0CFF904F0020018B10B
:103C7000D9208DF8000002E0D8208DF800006A46B7
:103C8000012140F23D7002F0BFF904F0040018B1C8
:103C9000012000F069F802E0002000F065F804F06F
:103CA000100018B10120FFF707FF02E00020FFF726
:103CB00003FF44F008001549488101F091FD002000
:103CC0001249887304F0400018B10846807B801DBB
:103CD000887304F4C07020B10C48807B801D0B49B0
:103CE000887304F0140020B10848807B1030074925
:103CF000887304F0030020B10448807B001D034951
:103D0000887300203EBD000009E3CA022033002072
:103D10003EB504466CB10EA1D1E900208968CDE919
:103D2000002002916A4609214FF4976002F06CF975
:103D30003EBD0AA2D2E900109268CDE901020091CD
:103D40006A4609214FF4976002F05EF9F0E700003F
:103D5000B8AAB38DB4980D355D000000B8AAAAAA20
:103D6000B088C3C5C700000038B5044664B1C020A0
:103D70008DF80000C2208DF80100C4208DF80200EB
:103D8000C6208DF8030004E08B2204216846FCF76E
:103D9000A0FD6A46042140F6982002F035F901F0B2
:103DA0001FFD38BD10B5C8234FF48062024940F6AC
:103DB000F63001F0A9FB10BD6CC100082DE9F04FF1
:103DC0008DB00746884615469946DDE9166B0024F6
:103DD000002030806B49887B5A4605A901F060FCC1
:103DE00018B1601E0DB0BDE8F08F6648807A00F013
:103DF0001400002867D09DF8140000069DF81510E7
:103E000040EA01409DF8161040EA01209DF8171085
:103E1000084328609DF8180000069DF8191040EA34
:103E200001409DF81A1040EA01209DF81B1008433C
:103E300068609DF81C0000069DF81D1040EA0140D6
:103E40009DF81E1040EA01209DF81F100843A8604D
:103E50009DF8200000069DF8211040EA01409DF8E1
:103E6000221040EA01209DF823100843E86004F185
:103E70001000C4B228680014019068680014029011
:103E8000A86800140390E868001404900198404367
:103E9000029901FB0100039901FB0100049901FB58
:103EA000010ABAF1706F02DBBAF1885F05DD01F03B
:103EB00097FC00203080401E94E7B6F9000040F4E3
:103EC0008070308000BF2F48807A00F0400020B31F
:103ED00005A9601C085C095D40EA012000B2A8F851
:103EE000000005A9E01C095C05AAA01C105C41EAC1
:103EF000002000B2A8F8020005A9601D095C201D81
:103F0000105C41EA002000B2A8F80400A01DC4B271
:103F1000B6F9000040F0080030801A48408900F4EB
:103F2000C07008B305A9601C085C095D40EA012067
:103F300000B2388005A9E01C095C05AAA01C105C31
:103F400041EA002000B2788005A9601D095C201DAF
:103F5000105C41EA002000B2B880A01DC4B2B6F9DE
:103F6000000040F0700030800648807A00F00300C6
:103F700018B105A90819FFF705FD484600F03BFFF9
:103F800000202FE72033002070B588B0064601A836
:103F900001F006F9BDF804000021C90341EA5045CB
:103FA000C4034448007A00F0030056F8200005904E
:103FB0004048007A00F0040010B105984042059096
:103FC0003C48007AC0F3C10056F8200006903948FA
:103FD000007A00F0200010B1069840420690354863
:103FE000007AC0F3811056F820000790314800890C
:103FF00000F4807010B10798404207900598C117EF
:10400000A0FB042301FB043100FB0510810041EA01
:10401000927005900698C117A0FB042301FB0431A0
:1040200000FB0510810041EA927006900798C117C5
:10403000A0FB042301FB043100FB0510810041EAD1
:10404000927007900598000E8DF808000598000CF6
:104050008DF809000598000A8DF80A000598C0B28D
:104060008DF80B000698000E8DF80C000698000CD9
:104070008DF80D000698000A8DF80E000698C0B263
:104080008DF80F000798000E8DF810000798000CAF
:104090008DF811000798000A8DF812000798C0B239
:1040A0008DF8130002AA0C214FF4257001F0ACFF2B
:1040B00008B070BD2033002030B585B0044616A28C
:1040C00007CA02AB07C3C82C03DD4FF0FF3005B0B1
:1040D00030BDC82090FBF4F0401E85B2280A8DF850
:1040E0000000E8B28DF801006A46022140F2162075
:1040F00001F08AFF10B14FF0FF30E8E702AA0C216F
:1041000040F6C12001F080FF10B14FF0FF30DEE734
:10411000044884810020DAE7FEF2ABC4AAF1DFDFB5
:10412000BBAFDFDF203300201FB504464848007ACC
:1041300000F0030054F8200001904548007A00F098
:10414000040010B10198404201904148007AC0F348
:10415000C10054F8200002903D48007A00F0200091
:1041600010B10298404202903948007AC0F38110A1
:1041700054F8200003903648008900F4807010B194
:104180000398404203903349019880FB0101800F5E
:1041900040EA810001902F49029880FB01108200C3
:1041A00042EA917002902B49039880FB0110820033
:1041B00042EA917003900198000E8DF8000001987A
:1041C000000C8DF801000198000A8DF8020001989A
:1041D000C0B28DF803006A4604214FF4747001F0F8
:1041E00013FF18B14FF0FF3004B010BD0298000E5D
:1041F0008DF800000298000C8DF801000298000A6A
:104200008DF802000298C0B28DF803006A460421BE
:104210004FF4757001F0F8FE10B14FF0FF30E3E796
:104220000398000E8DF800000398000C8DF8010033
:104230000398000A8DF802000398C0B28DF80300BD
:104240006A4604214FF4767001F0DEFECCE70000F0
:104250002033002009E3CA0210B586B0044647A007
:104260000068039046A00068029046A00068019094
:1042700045A00068009004F0030003A9085C8DF8D5
:10428000140003A8C4F3C101405C8DF8150003A815
:10429000C4F38111405C8DF8160004F0030002A9FC
:1042A000085C8DF8100002A8C4F3C101405C8DF8D1
:1042B000110002A8C4F38111405C8DF8120005AA18
:1042C000032140F2264001F09FFE18B14FF0FF306D
:1042D00006B010BD04AA032140F22A4001F094FE6A
:1042E00010B14FF0FF30F3E701980590009804906B
:1042F00004F0040058B19DF8140040F001008DF85E
:1043000014009DF8100040F001008DF8100004F03A
:10431000200058B19DF8150040F001008DF81500FF
:104320009DF8110040F001008DF8110004F4807038
:1043300058B19DF8160040F001008DF816009DF868
:10434000120040F001008DF8120005AA03214FF47D
:10435000886001F059FE10B14FF0FF30B8E704AAB1
:10436000032140F2314001F04FFE10B14FF0FF3019
:10437000AEE7064804810020AAE700004CCD6C009F
:104380000CC92C00365676002646660020330020E5
:10439000F8B505460E464FF47A7095FBF0F000FB39
:1043A00006F4200E8DF80000200C8DF80100200A84
:1043B0008DF80200E0B28DF803006A4604214FF444
:1043C000AE7001F021FEF8BD38B50446052094FB1F
:1043D000F0F084B220128DF80000E0B28DF80100F8
:1043E0006A4602214FF4AD7001F00EFE38BD38B5BB
:1043F0000446052094FBF0F084B220128DF80000F2
:10440000E0B28DF801006A4602214FF4AC7001F071
:10441000FBFD38BD38B504460020009004F00100D3
:1044200020B19DF8000040F03000009004F0020040
:1044300020B19DF8000040F00C00009004F0040052
:1044400020B19DF8000040F0030000906A46012171
:104450004FF4A47001F0D8FD38BD38B50446012CE6
:1044600001DA012402E0042C00DD0424601EC0B245
:1044700000906A46012140F24F1001F0C5FD38BDA1
:10448000F0B52DED028B83B006460F4606F007000F
:1044900010B1B7F5C86F05DD4FF0FF3003B0BDECCC
:1044A000028BF0BD00EE107AB8EE400ADFED5B0A39
:1044B00080EE208A01A800F04DFE9DF8040002283D
:1044C00006D0042817D0082828D010284CD138E06E
:1044D0009FED530A28EE000ABCEEC00A10EE100A47
:1044E00084B29FED500A28EE000ABCEEC00A10EE1E
:1044F000100A85B23BE09FED4C0A28EE000ABCEEA4
:10450000C00A10EE100A84B29FED480A28EE000A95
:10451000BCEEC00A10EE100A85B228E09FED440AF6
:1045200028EE000ABCEEC00A10EE100A84B29FED1D
:10453000410A28EE000ABCEEC00A10EE100A85B24D
:1045400015E09FED3D0A28EE000ABCEEC00A10EE11
:10455000100A84B29FED390A28EE000ABCEEC00AA8
:1045600010EE100A85B202E04FF0FF3096E700BF70
:1045700020128DF80800E0B28DF8090028128DF89D
:104580000A00E8B28DF80B0006F00100A0B102AA03
:1045900002214FF4EA7001F037FD10B14FF0FF3007
:1045A0007CE70DF10A0202214FF4927001F02CFD1C
:1045B00010B14FF0FF3071E706F00200A0B102AA7F
:1045C00002214FF4EC7001F01FFD10B14FF0FF30ED
:1045D00064E70DF10A0202214FF4947001F014FD1A
:1045E00010B14FF0FF3059E706F00400A0B102AA65
:1045F00002214FF4EE7001F007FD10B14FF0FF30D3
:104600004CE70DF10A0202214FF4967001F0FCFC18
:1046100010B14FF0FF3041E700203FE70000484372
:104620000000804600004046000000460000C045F3
:104630000000804500004045000000450000C044E7
:1046400038B50446052094FBF0F085B228128DF8A9
:104650000000E8B28DF801006A4602214FF4EF70C5
:1046600001F0D2FC38BD38B50446052094FBF0F0CB
:1046700085B228128DF80000E8B28DF801006A4674
:1046800002214FF4ED7001F0BFFC38BD82B0CDE9DE
:10469000000121F0004001909DED000B02B051ECB3
:1046A000100B704700BF054A126802F04002002A52
:1046B000F9D0C2B2014B5A607047000000100140AF
:1046C0001CB50648012100238022CDE9001004A179
:1046D000064804F0BDFD04F00FF91CBD04000020E5
:1046E00073746172745F7461736B0000C16E000853
:1046F0007CB505462E494968087801AB04220D2196
:10470000FDF7E0FD08B107207CBD9DF80700C0F370
:1047100001109DF8041001F0E00140EAE1008DF87D
:1047200000009DF80700C0F381009DF8051001F01E
:10473000E00140EAE1008DF801009DF8070000F07B
:1047400003009DF8061001F0E00140EAE1008DF859
:104750000200002427E01DF8040030B99FED150A7F
:1047600005EB840080ED000A1BE09FED130A05EBCA
:10477000840080ED000A0BE005EB840090ED000A58
:10478000DFED0E0A20EE200A05EB840080ED000A22
:104790001DF80400401EC0B20DF804000028EBD143
:1047A00000BF601CC4B2032CD5DB0020ACE70000C6
:1047B000A4000020000000007B14AE3E1D5A843F80
:1047C0002DE9F04F87B005460C46914601208DF843
:1047D000100000208DF81100FE4A1268917CFD4AFD
:1047E0005268107804AB0222FDF712FE20B14FF0A0
:1047F000FF3007B0BDE8F08FC820FFF717F90020A1
:104800008DF81000F34A1268D17BF24A5268107892
:1048100004AB0122FDF7FCFD10B14FF0FF30E8E7DB
:10482000EC4A12685179EB4A5268107804AB0122C5
:10483000FDF7EEFD10B14FF0FF30DAE7E54A126800
:10484000917CE44A5268107804AB0122FDF7E0FD48
:1048500010B14FF0FF30CCE7DE4A1268D17DDD4A5F
:104860005268107804AB0122FDF7D2FD10B14FF071
:10487000FF30BEE7D74A12681179D64A52681078DD
:1048800004AB0122FDF7C4FD10B14FF0FF30B0E7DB
:104890000C208DF81000CF4A12681179CD4A526869
:1048A000107804AB0122FDF7B3FD10B14FF0FF30DB
:1048B0009FE70F20FFF7BAF8C648806A407A8DF864
:1048C0001000C44A12689178C24A5268107804AB4A
:1048D0000122FDF79DFD10B14FF0FF3089E7BD4883
:1048E000806A007A8DF81000BA4A12685178B94A85
:1048F0005268107804AB0122FDF78AFD10B14FF029
:10490000FF3076E7B9F1000F07D0B248806A807AAD
:1049100040F0E0008DF8100004E0AE48806A807A34
:104920008DF81000AB4A12689179AA4A5268107843
:1049300004AB0122FDF76CFD10B14FF0FF3058E7DA
:10494000B9F1000F07D0A348806AC07A40F0E000B8
:104950008DF8100003E0A048C07A8DF810009D4A41
:104960001268D1799B4A5268107804AB0122FDF796
:104970004FFD10B14FF0FF303BE7B9F1000F02D00F
:10498000C820FFF753F840208DF81000914A1268B4
:104990001179904A5268107804AB0122FDF738FD76
:1049A00010B14FF0FF3024E778208DF81000894ACD
:1049B00012685179874A5268107804AB0122FDF7DA
:1049C00027FD10B14FF0FF3013E783498889FFF7C7
:1049D0002DF800208DF810007E4A126851797D4A2A
:1049E0005268107804AB0122FDF712FD10B14FF0B0
:1049F000FF30FEE6774A1268917A764A526810785C
:104A000004AB0222FDF75EFC10B14FF0FF30F0E680
:104A10009DF811009DF8101040EA012B0C209BFB23
:104A2000F0F0C6B20020A86068602860A0606060F6
:104A30002060824665E0674A1268D17A654A52680A
:104A4000107804AB0C22FDF73DFC10B14FF0FF30A5
:104A5000CFE69DF811009DF8101040EA012000B249
:104A6000ADF808009DF813009DF8121040EA0120EF
:104A700000B2ADF80A009DF815009DF8141040EA48
:104A8000012000B2ADF80C00BDF908102068084400
:104A90002060BDF90A10606808446060BDF90C1020
:104AA000A0680844A0609DF817009DF8161040EA21
:104AB000012000B2ADF800009DF819009DF8181013
:104AC00040EA012000B2ADF802009DF81B009DF8FD
:104AD0001A1040EA012000B2ADF80400BDF9001040
:104AE000286808442860BDF90210686808446860B6
:104AF000BDF90410A8680844A8600AF1010000F09C
:104B0000FF0AB24597DB3448D0F800C02868C117C7
:104B1000090441EA10410704624600233846FBF7C6
:104B2000A7FC32460023CDE90201FBF7A1FC286077
:104B30002948D0F800C06868C117090441EA10414B
:104B40000704624600233846FBF792FC32460023F6
:104B5000CDE90201FBF78CFC68601F48D0F800C06B
:104B6000A868C117090441EA1041070462460023FE
:104B70003846FBF77DFC32460023CDE90201FBF706
:104B800077FCA8601448D0F804C02168C817000456
:104B900040EA11480F046246002338464146FBF7BD
:104BA00067FC32460023CDE90201FBF761FC20607F
:104BB0000948D0F804C06068C117090441EA1041EF
:104BC0000704624600233846FBF752FC32460023B6
:104BD00004E00000A400002044C10008CDE9020167
:104BE000FBF746FC60601148D0F804C0A068C1170C
:104BF000090441EA10410704624600233846FBF7E6
:104C000037FC32460023CDE90201FBF731FCA060FE
:104C1000A068002804DDA068A0F58030A06003E053
:104C2000A06800F58030A0600020E2E544C10008E3
:104C3000F0B52DED048B81B006460F4600253E49A8
:104C4000496808786B4603220D21FDF73BFB20B134
:104C5000072001B0BDEC048BF0BD9DF8000000F012
:104C60001F008DF800009DF8010000F01F008DF876
:104C700001009DF8020000F01F008DF802000024E2
:104C800055E056F8241057F82420881A002801DB34
:104C9000014600E0414200EE101AB8EEC00ADFED16
:104CA000270A80EE208A1DF8040068B3244890ED9E
:104CB000000AB8EE400ADFED230A80EE801AF0EE1B
:104CC000418A05E09FED200A28EE800AF0EE408A36
:104CD0001DF80400401EC0B20DF804000028F1D1F8
:104CE00088EE280AF7EE000A30EE609AB0EEC90AA4
:104CF0001348D0ED060AB4EEE00AF1EE10FA15DD25
:104D00000120A040054311E00D4890ED040AB4EEE7
:104D1000C80AF1EE10FA06DC90ED050AB4EEC80AF6
:104D2000F1EE10FA02D20120A0400543641C032CCE
:104D3000A7DB28468DE70000A40000200000804784
:104D400044C1000800B04C4554E3853F10B504460B
:104D5000204600F00FF80346E01C00F00BF843EA91
:104D6000C00083B2A01D00F005F843EA801083B2B2
:104D7000184610BD014691F90020002A01DD0020EF
:104D80001EE091F90020002A01DA042018E091F9D0
:104D90000120002A01DD012012E091F90120002A02
:104DA00001DA05200CE091F90220002A01DD022041
:104DB00006E091F90220002A01DA062000E007202F
:104DC0007047FCF7F5F80723022208214FF4A8707A
:104DD000FDF7CCFDA820FEF707FEFDF79BF9FDF7D8
:104DE00041F9FDF715FAFDF79BFBFDF745FB01E0E7
:104DF000FFF766FCFCE7704770B50446002624F018
:104E00000104184890F8240008B1002070BD15482E
:104E1000807A10B94FF0FF30F8E71248057C807AAD
:104E20002040104908740846007CA04202D04FF090
:104E3000FF3600E0002614B90A48007D18B10120B1
:104E400001F0BEFF02E0002001F0BAFF3CB100F02B
:104E5000C7FC20B1034805744FF0FF30D6E7304659
:104E6000D4E70000A400002070B52DED0E8B8EB0AD
:104E700004460D461646B7EE000AF0EE409A9FED46
:104E8000880AB0EE408A9FED860AF0EE408A9FEDD8
:104E9000840AB0EE409A07A808A90DAB03AACDE991
:104EA000001009A90BA8FEF789FF20B101200EB060
:104EB000BDEC0E8B70BDBDF8200000F480700028A2
:104EC0007DD09DED030AB8EEC00ADFED760A80EED4
:104ED000201AF0EE419A9DED040AB8EEC00ADFED0B
:104EE000710A80EE201AB0EE418A9DED050AB8EEF7
:104EF000C00ADFED6C0A80EE201AF0EE418A9DEDCB
:104F0000060AB8EEC00ADFED670A80EE201AB0EE9E
:104F1000419AB8EE000A28EE000A20EE090AF0EEE7
:104F2000000A69EEA00A00EEA80A10EE101A084660
:104F300005F064F941EC1D0BB0EE4D0AF0EE6D0A80
:104F4000FDF7EAFFB0EE40CAF0EE60CA9FED560BE7
:104F500053EC102B51EC1C0B04F090FE41EC1B0B9E
:104F60009FED530B53EC102B04F088FE41EC1A0B11
:104F700004F052FC2060B8EE000A28EE000A20EE91
:104F8000080AF0EE000A68EEA00A00EEE80AF7EE62
:104F9000000A30EE200A10EE101A084605F02EF92D
:104FA00041EC1D0BB0EE000A28EE800A20EE090A43
:104FB000F0EE000A69EEA00A00EE880A00E06BE05D
:104FC00010EE101A084605F019F941EC1E0BB0EE70
:104FD0004D1AF0EE6D1AB0EE4E0AF0EE6E0AFEF7C4
:104FE000B7FAB0EE40CAF0EE60CA9FED2F0B53EC5B
:104FF000102B51EC1C0B04F041FE41EC1B0B9FED00
:105000002C0B53EC102B04F039FE41EC1A0B04F07E
:1050100003FC286029EEA90A08EE080A08EEE80A4F
:1050200009EE490A10EE101A084605F0E7F841ECBF
:105030001C0B28EE280A09EE890AF0EE000A20EE81
:10504000200A10EE101A084605F0D8F841EC1D0BA6
:10505000B0EE4C1AF0EE6C1AB0EE4D0AF0EE6D0A9E
:10506000FEF776FAB0EE40EAF0EE60EA9FED0E0B46
:1050700053EC102B51EC1E0B04F000FE41EC1B0B0B
:105080009FED0B0B53EC102B04F0F8FD41EC1A0BC9
:1050900004F0C2FB306001E0022008E7002006E7D0
:1050A000000000000000804E6666666666A64C4002
:1050B000000000000000594070B50024FCF78EFE8F
:1050C00000F02AF9002840D1782000F035FFC4B262
:1050D0000CB1012070BD7820FFF78EFEC4B20CB178
:1050E0000220F7E7642000F0D9FEC4B20CB103201F
:1050F000F0E7FEF757FEC4B20CB10420EAE714480B
:10510000FFF724FE0546FFF7A7F8C4B20CB105204F
:10511000E0E740F27310FEF7EDFCC4B20CB10620DC
:10512000D8E76420FEF7C8FFC4B20CB10720D1E76E
:1051300001F0F9FD04460CB10820CBE7012000F096
:10514000A9FDC4B20CB10920C4E70020C2E70000E9
:10515000D000002001461148407A30B1012807D024
:10516000022808D003280CD108E0022008700BE0C8
:105170000420087008E00820087005E0102008707E
:1051800002E04FF0FF30704700BF0448C07C18B108
:1051900008784006000E08700020F4E7A400002004
:1051A00001461348407A30B1012808D002280AD0BD
:1051B000032810D10BE04FF4804008800EE041F648
:1051C0009C7008800AE04FF48050088006E04FF49D
:1051D0000060088002E04FF0FF30704700BF0448D5
:1051E000C07C10B10888401008800020F5E700005E
:1051F000A400002001460248007C0870002070478F
:10520000A400002001460F48007A30B1012807D0E1
:10521000022809D003280FD10AE0FA2008800EE006
:105220004FF4FA7008800AE04FF47A70088006E0C4
:105230004FF4FA60088002E00020088000BF00BF41
:1052400000207047A400002001461248007A30B1C7
:10525000012809D002280CD0032814D10EE09FEDBC
:105260000E0A81ED000A11E09FED0C0A81ED000AA3
:105270000CE09FED0B0A81ED000A07E09FED090AA3
:1052800081ED000A02E04FF0FF30704700BF0020C0
:10529000FBE70000A400002000000343000083425D
:1052A000333303423333834101461248C07A08281E
:1052B00017D2DFE800F01704070A0D101318BC20FE
:1052C000088013E06220088010E02A2008800DE0AA
:1052D000142008800AE00A20088007E005200880E2
:1052E00004E000BF00BF0020088000BF00BF002016
:1052F00070470000A40000200146064890F82400F2
:1053000010B14FF0FF3070470248C089088000207C
:10531000F9E70000A40000201CB580208DF80000F3
:10532000654A1268917C644A526810786B46012283
:10533000FDF76EF810B14FF0FF301CBD6420FEF792
:1053400075FB00208DF800005B4A1268917C5A4A78
:10535000526810786B460122FDF75AF810B14FF0F1
:10536000FF30EAE7544A1268917D534A5268107838
:105370006B460622FCF7A6FF10B14FF0FF30DCE7CA
:105380009DF80500C007400F9DF8031001F00101D2
:1053900040EA41009DF8011001F0010140EA0104DA
:1053A00094B1012C03D101214348C17431E0022C96
:1053B00003D100214048C1742BE021463FA0FBF7F8
:1053C0007BF84FF0FF30B8E73B4A1268D1783A4A91
:1053D000526810786B460122FCF774FF10B14FF051
:1053E000FF30AAE79DF8000000F00F042CB93D48FB
:1053F000FBF762F84FF0FF309FE7042C06D13AA08C
:10540000FBF75AF801212C48C17402E000212A4818
:10541000C174FF2128488172FF2027490872FF21AB
:1054200025484172C1724FF6FF71C181FF2101749D
:1054300081740121017380F82210002180F823106B
:10544000417501751630016041608160163880F841
:10545000241080F82510C1844FF4FA6000F062FC3B
:1054600010B14FF0FF3068E7022000F02BFB10B1C5
:105470004FF0FF3061E72A2000F0CEFC10B14FF072
:10548000FF305AE7322000F009FD10B14FF0FF3035
:1054900053E70020FFF7B0FC10B14FF0FF304CE7AE
:1054A000002000F051FB10B14FF0FF3045E7002025
:1054B00000F042FD002040E7A4000020556E737507
:1054C00070706F7274656420736F66747761726553
:1054D0002070726F64756374207265762025642E67
:1054E0000A00000090CE000848616C662073656E6B
:1054F0007369746976697479207061727420666F5B
:10550000756E642E0A0000002DE9F04385B0054653
:105510000E4690469946294890F8250020B14FF054
:10552000FF3005B0BDE8F08316B94FF0FF30F8E763
:10553000002423E0281B102801DD102000E0281B98
:1055400087B232193946204600F05EFD10B14FF0A7
:10555000FF30E6E701AA3946204600F001F910B114
:105560004FF0FF30DDE730193A4601A9FBF740F96B
:1055700010B16FF00100D4E7E01984B2AC42D9DB7E
:105580004FEA28208DF8000008F0FF008DF8010098
:105590000A4A1268917E094A526810786B460222C4
:1055A000FCF736FF10B14FF0FF30BAE70121034896
:1055B00080F82510A0F826900020B2E7A400002073
:1055C00038B50446282C02DD4FF0FF3038BDDCB979
:1055D000002000F0EBFB00208DF8000007208DF884
:1055E00001002E4A1268917C2C4A526810786B4652
:1055F0000222FCF70DFF10B14FF0FF30E6E700216B
:10560000264801750020E1E7012000F0CFFB2020B3
:105610008DF80000012C06D100208DF80100052036
:1056200000F0FAFB17E0052C06DC01208DF80100E4
:10563000052000F0F1FB0EE0142C06DC02208DF8B2
:1056400001000A2000F0E8FB05E003208DF80100CE
:10565000142000F0E1FB9DF80100072101EB801010
:10566000C0B28DF801000D4A1268917C0B4A526855
:1056700010786B460222FCF7CBFE10B14FF0FF30E2
:10568000A4E70821054881720021017301210175F9
:105690000020FFF7B1FB002098E70000A4000020E5
:1056A000F8B504460F4616462C4890F8240010B969
:1056B0004FF0FF30F8BD2948807A10B94FF0FF3025
:1056C000F8E7264A1268917A244A526810786B46A5
:1056D0000222FCF7F7FD10B14FF0FF30EAE79DF82A
:1056E00001009DF8001040EA0125A54203DA0020E0
:1056F0003070401EDEE7194840684088B5EB600F07
:1057000017DD164A1268517C144A526810786B46AD
:105710000122FCF7D7FD10B14FF0FF30CAE79DF82A
:10572000000000F0100020B100F05AF86FF0010006
:10573000C0E7E2B2094B1B68D97A084B5B6818785E
:105740003B46FCF7BFFD10B14FF0FF30B2E795FBD1
:10575000F4F0401E30700020ACE70000A4000020F0
:10576000F8B504460D46164616B94FF0FF30F8BDA1
:105770001A48807A10B94FF0FF30F8E720128DF800
:105780000000E0B28DF801009DF8010028441349A3
:1057900049684989884202DD4FF0FF30E7E70F4A48
:1057A0001268117E0D4A526810786B460222FCF78F
:1057B0002FFE10B14FF0FF30D9E7EAB2074B1B685C
:1057C000597D064B5B6818783346FCF77BFD10B1BA
:1057D0004FF0FF30CBE70020C9E70000A400002015
:1057E00008B57048807A10B94FF0FF3008BD00202E
:1057F00000906C4A1268D17B6A4A526810786B46F6
:105800000122FCF705FE10B14FF0FF30EEE7654ACC
:1058100012685179634A526810786B460122FCF78E
:10582000F7FD10B14FF0FF30E0E75E4A12681179E2
:105830005C4A526810786B460122FCF7E9FD10B112
:105840004FF0FF30D2E7574890F82400002853D09B
:105850000C200090534A12681179524A526810780D
:105860006B460122FCF7D4FD10B14FF0FF30BDE7CD
:105870003220FEF7DBF8C02000904A48807A00F022
:10588000010020B19DF8000040F020000090454A42
:1058900012681179434A526810786B460122FCF76E
:1058A000B7FD10B14FF0FF30A0E73E48407C10B18B
:1058B0000220009001E0002000903A4A1268D17B5B
:1058C000384A526810786B460122FCF7A1FD10B1EE
:1058D0004FF0FF308AE700200090324A1268517979
:1058E000304A526810786B460122FCF791FD00287F
:1058F00055D04FF0FF3079E704200090294A126814
:105900001179284A526810786B460122FCF780FD15
:1059100010B14FF0FF3069E72248807C20B9214860
:10592000807A00F0010010B94020009001E0602072
:1059300000901C4A126811791A4A526810786B4616
:105940000122FCF765FD10B14FF0FF304EE7322029
:10595000FEF76CF81348407C10B10120009001E084
:10596000002000900F4A1268D17B0E4A52681078CE
:105970006B460122FCF74CFD10B14FF0FF3035E7CC
:10598000084A12685179074A52681078054B10335B
:105990000122FCF73DFD10B14FF0FF3026E700205B
:1059A00024E70000A40000202DE9F04F8DB08346CD
:1059B0000F4602200C90424890F8240020B10020AD
:1059C00000F068F9012600E0002603A8FFF71AFCA2
:1059D00005A8FFF7BFFB01A8FFF766FC02A8FFF7C9
:1059E0008BFC374890F80AA004A8FFF703FC0024BA
:1059F00007E0002239465846FEF7E2FE00B902E011
:105A0000641C022CF5DB00BF022C01D1002528E02C
:105A1000002407E0012206A909A8FEF7D1FE00B97B
:105A200002E0641C022CF5DB00BF022C01D1002532
:105A300017E006A93846FDF73DFF00F0FF0809A969
:105A40005846FFF7F5F800F0FF090025B9F1000FFF
:105A500001D145F00105B8F1000F01D145F0020573
:105A600000BFFF2016490872FF2115484172C1721C
:105A70004FF6FF71C181FF21817201740121017311
:105A8000BDF80C0000F04EF99DF8140000F01AF873
:105A9000BDF8040000F0C0F9BDF8080000F0FEF900
:105AA000504600F049FA9DF81000FFF7A5F916B12D
:105AB000012000F0EFF828460DB0BDE8F08F00009F
:105AC000A400002038B504461E48807A10B94FF073
:105AD000FF3038BD022C06D0042C07D0082C08D08B
:105AE000102C0CD108E0002000900BE00820009062
:105AF00008E01020009005E01820009002E04FF030
:105B0000FF30E6E700BF0F48407A9DF80010B0EB89
:105B1000E10F01D10020DCE70A4A1268D179094A75
:105B2000526810786B460122FCF772FC10B14FF0FE
:105B3000FF30CEE79DF80000C110024841720020FE
:105B4000C7E70000A400002038B504465048807C18
:105B5000A04201D1002038BD002C46D04C4A12682A
:105B600011794B4A526810786B460122FCF7AAFB68
:105B700010B14FF0FF30EEE79DF8000020F020005C
:105B80000090434A12681179414A526810786B4676
:105B90000122FCF73DFC10B14FF0FF30DBE70320A2
:105BA000FDF744FF02200090394890F8220020B110
:105BB0009DF8000040F080000090354890F82300E8
:105BC00020B19DF8000040F030000090304A12688B
:105BD000117D2F4A526810786B460122FCF718FCA1
:105BE000002851D04FF0FF30B5E7294A12681179EB
:105BF000274A526810786B460122FCF763FB10B10C
:105C00004FF0FF30A7E72248807A00F0010028B16A
:105C10009DF8000040F02000009004E09DF8000096
:105C200020F0200000901A4A12681179184A526830
:105C300010786B460122FCF7EBFB10B14FF0FF3000
:105C400089E70320FDF7F2FE114890F8220010B119
:105C50008020009001E0002000900D4890F8230083
:105C600020B19DF8000040F030000090084A126812
:105C7000117D074A526810786B460122FCF7C8FB79
:105C800010B14FF0FF3066E701488474002062E7EE
:105C9000A400002038B50446214890F82400A04212
:105CA00001D1002038BD24B31D4890F8250010B95B
:105CB0004FF0FF30F6E7002001F082F80020FFF7F8
:105CC00043FF1749C88C00F0E9F800200090144900
:105CD000496808786B4601222321FCF799FB0121D2
:105CE0000F4880F82410012001F06AF8FFF778FDD2
:105CF00013E0002001F064F80948007C0090084996
:105D0000496808786B4601222321FCF781FB0021BA
:105D1000034880F82410FFF763FD0020C2E700006D
:105D2000A400002038B504461F48807A10B94FF00F
:105D3000FF3038BDFA2C09D0B4F5FA7F09D0B4F59C
:105D40007A7F09D0B4F5FA6F0CD108E000200090FA
:105D50000BE00820009008E01020009005E01820DB
:105D6000009002E04FF0FF30E3E700BF0E48007AFA
:105D70009DF80010B0EBE10F01D10020D9E70A4AED
:105D800012689179084A526810786B460122FCF734
:105D90003FFB10B14FF0FF30CBE79DF80000C01083
:105DA000014908720020C4E7A400002038B5044669
:105DB000184890F82300A04201D1002038BD14B14A
:105DC0003020009001E0002000901248807C20B13B
:105DD0009DF8000040F0020000900E4890F822006C
:105DE00020B19DF8000040F080000090094A126840
:105DF000117D084A526810786B460122FCF708FBB7
:105E000010B14FF0FF30D9E7024880F8234000205E
:105E1000D4E70000A400002038B504461E48807A6C
:105E200010B94FF0FF3038BDBC2C02DB01200090D0
:105E300015E0622C02DB0220009010E02A2C02DB2D
:105E4000032000900BE0142C02DB0420009006E0FD
:105E50000A2C02DB0520009001E0062000900E488D
:105E6000C07A9DF80010884201D10020DBE70A4A81
:105E700012689178084A526810786B460122FCF744
:105E8000C7FA10B14FF0FF30CDE79DF8001002487F
:105E9000C1720020C7E70000A400002038B5044606
:105EA0002448807A10B94FF0FF3038BD214890F86F
:105EB000240010B14FF0FF30F7E71E48007D50B1CD
:105EC00034B1282C04DCE0B2FFF77AFB0020ECE7C9
:105ED0000020FFF775FB042C01DA042404E0B4F57C
:105EE0007A7F01DD4FF47A744FF47A7090FBF4F00E
:105EF000401EC0B200900F4A126851780D4A526895
:105F000010786B460122FCF783FA10B14FF0FF3096
:105F1000CBE79DF80000401C4FF47A7191FBF0F044
:105F200081B20448C1810146C9894810FFF774FF56
:105F30000020BAE7A400002038B5044604F0700041
:105F400010B10120009005E014B10020009001E0A4
:105F5000402000902B4A1268917C2A4A526810789F
:105F60006B460122FCF754FA20B1002125488172CA
:105F7000481E38BD9DF8000020F040012148017303
:105F80000020009004F0400020B99DF8000040F08F
:105F90000400009004F0200020B99DF8000040F0BB
:105FA0000200009004F0100020B99DF8000040F0BD
:105FB0000100009004F0080020B99DF8000040F0B6
:105FC000380000900F4A1268D17C0E4A526810784F
:105FD0006B460122FCF71CFA20B1002109488172AE
:105FE000481EC6E724B1082C02D00020FFF7DEFED1
:105FF00004488472002101753220FDF717FD00204E
:10600000B7E70000A4000020F8B504460D46164688
:1060100016B94FF0FF30F8BD1A48807A10B94FF02A
:10602000FF30F8E720128DF80000E0B28DF8010093
:106030009DF801002844134949684989884202DDD6
:106040004FF0FF30E7E70F4A1268117E0D4A5268A1
:1060500010786B460222FCF7DBF910B14FF0FF30ED
:10606000D9E7EAB2074B1B68597D064B5B68187885
:106070003346FCF7CDF910B14FF0FF30CBE70020ED
:10608000C9E70000A40000202DE9F04105460E46B6
:106090001C4807681C480068001D02F0D3F850B97E
:1060A0001948006890F82C100120884017490968A9
:1060B000814316480160681C38B936B1124801683E
:1060C000091D134802F0FCF81AE07C190E4800681C
:1060D0004460BC4207D20C480168091D0D480068A5
:1060E00002F0D4F80CE008480168091D0A4800686D
:1060F00002F0CCF809480068844201D207480460E5
:10610000BDE8F0813400002020000020380000208D
:106110001C05002028000020240000205000002042
:1061200010B5044602F0D8F824480068401C234902
:1061300008602348006840B92148046008460068A8
:1061400001280DD100F0EEF90AE01E48006838B9C8
:106150001B480068C06AE16A884201D81848046098
:1061600019480068401C18490860084600686064C7
:1061700094F82C10012088401449096808431349F9
:106180000860E16A01EB8101114A02EB8100211DE7
:1061900002F096F802F0E4F80A48006868B108488E
:1061A0000068C06AE16A884207D24FF0805009490E
:1061B0000860BFF34F8FBFF36F8F10BD300000201A
:1061C000200000203C0000204C000020380000206F
:1061D0004C02002004ED00E010B502F07DF81048FC
:1061E0000068D0B90F4802F041F80F4802F03EF8BD
:1061F0000C480E4908600C480D4908600022102127
:10620000052002F0F5FC064908600846006820B148
:1062100008A10348006802F097F902F0A1F810BD48
:106220006400002030050020440500205C000020B0
:1062300060000020546D72510000000070B523E032
:1062400002F0B0FB1348006808B9012000E000200C
:10625000054603F0B9F9BDB902F03EF80D48C06833
:10626000C468201D01F0EEFF0B480068401E0A497B
:1062700008600A480068401E0849086002F070F88B
:10628000204600F060F800BF044800680028D7D11D
:1062900070BD000008050020300000202C00002008
:1062A00070B504460D46206C70B1216CE06808445E
:1062B000E0606168E068884201D32068E0602846B9
:1062C000226CE168FAF7C0FA70BD2DE9F04104468E
:1062D0000F4615464FF00008A66B206C40B92068A9
:1062E00060BB606803F0AAF880460020606025E08B
:1062F0007DB93946226CA068FAF7A6FA216CA0682D
:106300000844A060D4E90110884217D32068A06037
:1063100014E03946226CE068FAF796FA216CE068DE
:10632000401AE0602168E068884203D2216C60680E
:10633000401AE060022D01D106B1761E701CA063E8
:106340004046BDE8F08110B50446206B02F040F8ED
:10635000204602F03DF810BD0146084A1268126856
:106360000AB9012200E000220A600A6822B9034A41
:106370001268D268106800E0002070475C000020BE
:1063800030B54FF42053174800F007042CB1C01D5E
:1063900020F00700134C041B1B1B0246124C22600A
:1063A0000024114D6C60D018083820F007000F4C05
:1063B000206000240D4D2D686C600C4D2D682C6004
:1063C0001146441A4C60094C24680C60084D4C6816
:1063D0002C60084D4C682C604FF00044064D2C603A
:1063E00030BD00005805002070000020780000201B
:1063F000800000207C0000208400002000BFFFF708
:106400001DFF064800680128F9D94FF08050044963
:106410000860BFF34F8FBFF36F8FF0E74C0200208F
:1064200004ED00E02DE9F04106460D46174698467A
:10643000069C0DB9246000E02760E6632564012115
:10644000204602F0F3FC84F850800020A064BDE8F0
:10645000F08100002DE9F05F82460F4690469B4692
:106460000A9E0C9C4FEA8801A522206BFAF731FAAC
:10647000A8F10100216B01EB800929F0070909F05F
:10648000070008B9012000E0002028B940F22E32B0
:106490001BA120A0FAF710F8002507E0795D04F1B0
:1064A00034004155785D00B902E06D1C102DF5D324
:1064B00000BF002143200155202E00D31F26E66295
:1064C000E66400202065201D01F0DDFE04F11800C7
:1064D00001F0D9FE2461C6F12000A06164620020B1
:1064E000606584F858005A465146484600F002FC60
:1064F00020600B9808B10B980460BDE8F09F000085
:106500002E2E5C4672656552544F535C7461736BFA
:10651000732E63004572726F723A25732C25640DD9
:106520000A00000010B5002407E004EB84010F4AC4
:1065300002EB810001F09AFE641C202CF5D30C487C
:1065400001F094FE0B4801F091FE0B4801F08EFE25
:106550000A4801F08BFE0A4801F088FE0448094908
:10656000086004480849086010BD00004C02002083
:10657000CC040020E0040020F404002008050020E2
:106580001C050020240000202800002010B5014632
:10659000164800E0006803688B42FBD3024643685C
:1065A00013448B4204D143684C6823444360014642
:1065B0000A464B6813440468A34211D10C4C03688B
:1065C0002468A34208D04B680468646823444B6085
:1065D00003681B680B6005E0054B1B680B6001E05E
:1065E00003680B60884200D0016010BD700000207D
:1065F000780000202DE9F04104460D4616461F465E
:106600004FF0000865602461B5420CD8F01BA16909
:10661000884202D34FF0010811E0211D09480068AB
:1066200001F034FE0BE0BE4204D2BD4202D34FF073
:10663000010804E0211D0448006801F027FE4046DF
:10664000BDE8F081600000205C00002070B50546C8
:1066500001F042FEA86B08B9012400E0002401F01B
:106660007FFE204670BD70B5054601F035FEA86B73
:10667000E96B884201D1012400E0002401F070FEA2
:10668000204670BD2DE9F3410D460098846C00272B
:106690002CB940F6CE121AA11EA0F9F70DFFA06B7F
:1066A000E16B884201D2012000E0002028B940F6C9
:1066B000CF1213A117A0F9F7FFFEA06BE16B884280
:1066C0001BD294F945602A4669462046FFF7FDFD36
:1066D0000746701C60B9606A08B9012000E000201C
:1066E00050B904F1240002F015FF28B1012703E09E
:1066F000701C40B284F8450000BF3846BDE8FC81FC
:106700002E2E5C4672656552544F535C71756575EB
:10671000652E63004572726F723A25732C25640DE5
:106720000A000000F8B505460F4613480068C06827
:10673000C468201D01F086FDE069012818D1A06918
:1067400041192B463A462046FFF754FF80B10020FE
:1067500003462A4601460090204602F0FFFF064607
:106760002EB94FF4027205A10AA0F9F7A5FE00BFE9
:106770002046616A8847F8BD5C0000202E2E5C46EA
:1067800072656552544F535C74696D6572732E6304
:10679000000000004572726F723A25732C25640D5B
:1067A0000A000000F0B587B070E0039800280CDA0A
:1067B00004AE2EB940F2E7223AA140A0F9F77CFEE0
:1067C000D6E90020B168904700BF039800285DDB40
:1067D000059C606908B9012000E0002010B9201D67
:1067E00001F030FD02A800F0C7F8054603980A281A
:1067F0004AD2DFE800F00905072C2E4506082D2FA8
:1068000000BF00BF00BF00BF0498A2698118034603
:106810002A462046FFF7EEFEC0B12046616A88474F
:10682000E069012812D1002000900498A169421863
:1068300000231946204602F091FF07462FB940F287
:10684000213218A11DA0F9F737FE00BF1DE000BFDF
:106850001BE000BF0498A061A06908B1012000E01E
:10686000002028B94FF44E720EA114A0F9F724FEAF
:10687000A06941192B462A462046FFF7BBFE04E0DB
:10688000204601F0A5FD00E000BF00BF00231A462E
:1068900003A90E48006802F0E5F9002885D107B089
:1068A000F0BD00002E2E5C4672656552544F535C5D
:1068B00074696D6572732E63000000004572726F1B
:1068C000723A25732C25640D0A0000006400002034
:1068D000F8B505460C4602F065F8684600F04CF83D
:1068E0000646009820BB44B9B54206D802F06CFEBB
:1068F00031462846FFF716FF1CE03CB10E48006801
:10690000006808B9012000E000200446A91B2246C7
:106910000A48006801F02EFE02F056FE50B94FF012
:10692000805007490860BFF34F8FBFF36F8F01E0BE
:1069300002F04AFEF8BD0000600000206400002064
:1069400004ED00E00A490968096809B9012100E07D
:10695000002121B14FF0FF31064A116006E00449E1
:106960000968C968C868034A416811607047000037
:10697000240000205000002070B5044602F0A8FC5E
:10698000054607480068854204D200F00BF8012054
:10699000206001E00020206001480560284670BDAD
:1069A0006C0000202DE9F8432DE021480068C06804
:1069B00005681F480068C068C468201D01F042FCDB
:1069C0002046616A8847E06901281CD1A069461900
:1069D000AE4207D966602461211D1548006801F0A8
:1069E00055FC10E0002003462A4601460090204650
:1069F00002F0B4FE07462FB940F292320DA113A067
:106A0000F9F75AFD00BF0A480068006808B901207C
:106A100000E000200028C8D00548D0F800800F48CA
:106A20000068034908600D48C0F80080BDE8F8839D
:106A30005C0000202E2E5C4672656552544F535CFC
:106A400074696D6572732E63000000004572726F89
:106A5000723A25732C25640D0A00000060000020A6
:106A60000C480068401C08B9012000E0002028B94B
:106A700040F20F1208A113A0F9F71EFD00BF50202D
:106A800080F31188BFF34F8FBFF36F8F00BF00BF3C
:106A9000FEE70000880000202E2E5C4672656552DD
:106AA000544F535C706F727461626C655C525644F3
:106AB000535C41524D5F434D34465C706F72742E8F
:106AC000630000004572726F723A25732C25640DC5
:106AD0000A00000008B500BF6846FFF73DFC044609
:106AE00020460099FFF7F4FEFFF75CFEF4E770B56F
:106AF000044601F0F1FB94F945501AE0A06C38B15E
:106B000000212046FFF7BEFD88B101F019FE0EE01E
:106B1000606A08B9012000E0002038B904F12400BF
:106B200002F0F8FC18B101F00BFE00E003E0681E73
:106B300045B2002DE2DC00BFFF2084F8450001F0E3
:106B40000FFC01F0C9FB94F9445010E0206908B92A
:106B5000012000E0002048B904F1100002F0DAFC46
:106B600008B101F0EDFD681E45B200E001E0002D26
:106B7000ECDC00BFFF2084F8440001F0F1FB70BDA5
:106B80002DE9F04104464FF0000801F00BFF3E48AC
:106B9000006808B9FFF7F4FB3C4800682040002873
:106BA0005FD1A4B1083404F0070080B104F00700FD
:106BB000C0F10800044404F0070008B9012000E017
:106BC000002020B9BF2232A13BA0F9F775FC002CB0
:106BD00047D03D480068844243D83C4E3046056863
:106BE00001E02E462D686868A04202D2286800287D
:106BF000F7D125480068854233D0306800F1080895
:106C0000286830606868001B102813D92F1907F016
:106C1000070008B9012000E0002020B9EC221CA1E7
:106C200025A0F9F749FC6868001B78606C6038465D
:106C3000FFF7ACFC244968680968081A2249086013
:106C40000846006822490968884203D21E48006845
:106C50001F4908600D49686809680843686000209A
:106C6000286002F0B1FC08F0070008B9012000E03C
:106C7000002028B94FF4967205A10FA0F9F71CFC6B
:106C80004046BDE8F081000078000020840000202C
:106C90002E2E5C4672656552544F535C706F727451
:106CA00061626C655C4D656D4D616E675C686561C8
:106CB000705F342E630000004572726F723A257364
:106CC0002C25640D0A0000007C00002070000020CC
:106CD000800000200648006830B10549096801F1CC
:106CE0005000096D491C01600148006870470000B0
:106CF00020000020001F4FF080730360001F21F070
:106D000001030360001F054B036014380260001F7D
:106D10006FF002030360203870470000616A0008CA
:106D200001460868704710B588B002A905A8FEF7AB
:106D30003BFE0446032C41D101A8FEF785FA9DEDE8
:106D4000050AB8EEC00ADDED010A20EE200ABDEE0C
:106D5000C00A8DED050A9DED060AB8EEC00ADDED0C
:106D6000010A20EE200ABDEEC00A8DED060A9DED57
:106D7000070AB8EEC00ADDED010A20EE200ABDEEDA
:106D8000C00A8DED070A05A8FDF7CEF96846FEF7A3
:106D900007FABDF80010029848430290BDF80010B1
:106DA000039848430390BDF80010049848430490AA
:106DB00002A8FDF7E9F8002008B010BD0120FBE7AC
:106DC00038B50446214890F82400C0B114B102201F
:106DD000009001E0002000901C4A1268D17B1B4A01
:106DE000526810786B460122FBF712FB10B14FF08E
:106DF000FF3038BD9DF800101448417423E013485B
:106E0000807A10B94FF0FF30F3E724B10F48407C8F
:106E100008B10020EDE714B10120009001E000204E
:106E200000900A4A1268D17B084A526810786B4673
:106E30000122FBF7EDFA10B14FF0FF30D9E79DF8D2
:106E40000010024841740020D3E70000A400002095
:106E500000B52DED048B83B041EC190B03F018F84D
:106E600041EC180B18EE100A18EE901A8DED008BFD
:106E7000002818BF0120084320F00040C0F17F60C7
:106E800000F1E040C00F14D019EE101A19EE900A6C
:106E90008DED009B002918BF0121084320F0004020
:106EA000C0F17F6000F1E040C00F04BF0120F9F79E
:106EB00048FD51EC180B03B0BDEC048B00BD000085
:106EC0001CB5044601F008FA114802210023802273
:106ED000CDE900100FA1114802F0BAF910480321C2
:106EE00000238022CDE900100EA1104802F0B0F975
:106EF0000F48042100238022CDE900100DA10F4886
:106F000002F0A6F9002001F095FB01F029FA1CBD62
:106F1000080000207461736B31000000416F0008AD
:106F20000C0000207461736B32000000ED6F0008EC
:106F3000100000207461736B33000000FD6F0008C7
:106F400086B00BE001200C2322A228210090002013
:106F5000FBF7A0FC4FF47A7001F032FBF9F756FE14
:106F60000028EFD101200C231BA20021009008462D
:106F7000FBF790FC01200C2319A20A2100900020AD
:106F8000FBF788FC24E004A905A8F9F79CFE9DF80E
:106F9000142015A103A8F9F79BFA9DF8102012A15F
:106FA00002A8F9F795FA01200C2303AA002100900A
:106FB0002420FBF76FFC01200C2302AA0A21009079
:106FC0002420FBF767FCFBF74DFB0A2001F0F8FAE1
:106FD000D9E700006572720074656D7000000000F2
:106FE00068756D69000000002532640005E0FBF75C
:106FF0007BF84FF47A7001F0E3FAF8E78CB00BE01D
:1070000001200C2335A2142100900020FBF742FC44
:107010004FF47A7001F0D4FAFEF74EF80028EFD161
:1070200001200C232EA21E2100900020FBF732FC31
:1070300001200C232CA2282100900020FBF72AFC21
:1070400001200C232AA2322100900020FBF722FC11
:1070500042E009AA0AA90BA8FDF706FF48B906AA4B
:1070600007A908A8FBF784F803AA04A905A8FBF759
:10707000A7F801200C210323CDE900109DED0B0A98
:10708000BCEEC00A10EE102A1E212420FBF7BCFB28
:1070900001200C210323CDE900109DED0A0ABCEE6E
:1070A000C00A10EE102A28212420FBF7ADFB012096
:1070B0000C210323CDE900109DED090ABCEEC00AA6
:1070C00010EE102A32212420FBF79EFBFBF7CAFAB0
:1070D0004FF47A7001F074FABBE700006572720039
:1070E0007069746368000000726F6C6C00000000CF
:1070F0007961770030B595B0054613AB12AA09A99E
:10710000284600F03FFA044614B1204615B030BDC1
:107110000020149026E0224909689DF8502001EBD8
:10712000C20113AB11AA486801A900F02BFA04466A
:107130000CB12046EAE709A901A800F0E1FC60B91A
:107140009DF844009DF84810884201DD0220DDE7EB
:107150009DF85000124988750AE09DF85000401CC7
:10716000C0B214900E48007D9DF850108842D2DCC9
:1071700000BF0B48007D9DF85010884201D10420CB
:10718000C4E714A9284600F0DDFA04460CB12046F5
:10719000BCE79DF85000024948750020B6E70000A2
:1071A000180100202DE9F0419AB09C48847D007DB3
:1071B000A04202DC1AB0BDE8F0819849096801EBF1
:1071C000C40106AB07AA486808A900F0DBF908A9C2
:1071D00093A0F9F771F9002644E09048008B012153
:1071E000B1400840D8B122218FA0F9F765F93046A7
:1071F00000F02EFB89492431471839468BA0F9F756
:107200005BF9222188A0F9F757F9304600F020FBFE
:1072100082492431084410A941F8260018E030467C
:1072200000F016FB7D492431085810A941F82600CA
:107230007A48C07D30B910A850F826107CA0F9F724
:107240003BF905E010A850F826107AA0F9F734F9B8
:107250009DF81C00401EB04202D078A0F9F72CF92E
:10726000701CC6B29DF81C008642B6DB74A0F9F70C
:1072700023F900F03FFB6948407D0B280DD2DFE881
:1072800000F0060D151E27323F4E5F7287006349DE
:10729000096851F834008047054690E05F4A12685B
:1072A00052F8341010988847054688E05B4B1B68FD
:1072B00053F83420DDE91001904705467FE0574F31
:1072C0003F6857F8343010A807C89847054676E05D
:1072D000DFF848C1DCF800C05CF8347010A80FC8B3
:1072E000B84705466BE01498DFF830C10090DCF831
:1072F00000C05CF8347010A80FC8B84705465EE0BF
:10730000DDE91401DFF814C1CDE90001DCF800C0AB
:107310005CF8347010A80FC8B84705464FE0DDE9A7
:1073200014121698DFF8F4C0CDE900120290DCF8D0
:1073300000C05CF8347010A80FC8B84705463EE09E
:10734000DDE91423DDE91610DFF8D0C0CDE9002314
:10735000CDE90210DCF800C05CF8347010A80FC84A
:10736000B84705462BE0DDE91523DDE91710CDE927
:107370000123CDE903101498DFF8A0C00090DCF8D9
:1073800000C05CF8347010A80FC8B847054616E076
:10739000DDE91623DDE91810CDE90223CDE904105B
:1073A000DDE91401DFF874C0CDE90001DCF800C0AC
:1073B0005CF8347010A80FC8B847054600BF00BF7E
:1073C00000F056FA9DF8180001280CD11348C07D32
:1073D00020B929461BA0F9F76FF807E029461BA042
:1073E000F9F76AF802E018A0F9F766F80B4890F888
:1073F000EC0088B10948D0F8F0000A21B0FBF1F2A6
:1074000001FB12070548D0F8F000B0FBF1F83A464E
:10741000414611A0F9F750F800BFCBE61801002053
:107420000D0A257328000000256300002573000065
:10743000256C640030582558000000002C00000026
:10744000290000003D256C753B0D0A003D30582594
:10745000583B0D0A0000000046756E6374696F6E3C
:107460002052756E2054696D653A25642E2531646D
:107470006D730D0A00000000F0B5034615460020AC
:107480000022002600245BE01F782C2F01D104B9D4
:1074900001221F78292F01D01F780FB904B950E0BD
:1074A000002E3AD11F78302F02DB1F78392F17DDDD
:1074B0001F782D2F14D01F782B2F11D01F78612FFC
:1074C00002DB1F78662F0BDD1F78412F02DB1F7850
:1074D000462F05DD1F78582F02D01F78782F0CD14A
:1074E00002B12EE01F78612F03DB1F78203F0F7061
:1074F00001E01F780F70491C1FE01F78222F04D174
:1075000002B11EE00126012417E01F78202F14D0BD
:107510001F782C2F11D0FF2613E01F78222F00D1C7
:10752000002402B10DE044B11F785C2F02D15B1C36
:10753000471CF8B21F780F70491C471CF8B25B1C3F
:10754000A2E700BF00270F702E70F0BD10B50446F3
:10755000002010700BE020780870641C491C107823
:10756000401C10701078984201DB012010BD20787B
:10757000202802D020780028EDD10020087000BF1C
:10758000F4E700002DE9FF4F85B0804689460027CB
:10759000002004900390012002904FF0000B002582
:1075A00044461DE02078202816D005F07F000528ED
:1075B00012DA0DB945F0800505F07F00042803D1EB
:1075C00020782A2800D00EE0207805F07F010DF801
:1075D0000100681CC5B202E0852D00D103E0641CE7
:1075E00020780028DED100BF8DB1002005F07F019A
:1075F0000DF8010051A1684600F082FA18B9002187
:107600000898017002E001210898017000254FF0F0
:10761000000A444614E0641C0AF1010000F0FF0A6D
:107620002078202802D020782A2809D1204600F08E
:10763000D9F90646282E03D02A2E01D0CDF810A065
:107640002078282802D020780028E4D144460498E5
:1076500010B10498401C04444FF0000A002654E086
:10766000207810B94FF0010A50E02078282803D183
:1076700016B9781CC7B213E02078292808D13EB982
:1076800017B1781EC7B201E04FF0010A47B93DE0DB
:107690002078222804D10EB9012000E000200646FF
:1076A00047B9207820282FD0207889F8000009F1E8
:1076B000010929E020782C2804D101200290681CBF
:1076C000C5B214E02078202811D0207828280ED0C8
:1076D0004DB9BBF1050F06DA20780DF80B000BF160
:1076E000010000F0FF0B0298401CC0B20290012F75
:1076F0000AD10298022807D10298401CC0B2029019
:107700000398401CC0B20390641CA9E700BF039813
:10771000012809D100200DF80B0008A1684600F0EF
:10772000EFF908B90020039007990398087000202A
:1077300089F80000504609B0BDE8F08F766F6964A3
:10774000000000002DE9F043B5B005460F460024C7
:10775000002604E000213D488155701CC6B20A2E67
:10776000F8DB06E06D1C287818B9012035B0BDE8BB
:10777000F08328782828F5D16D1C61E034AA694689
:107780002846FFF779FE064635449DF8D00020B123
:10779000012827D0FF284CD149E09DF8000000B314
:1077A00033A9684600F029F906460EB10220DDE74C
:1077B000204600F04DF825490A31339A0A50A1F1CC
:1077C0002400008B0121A140884320491A390883F5
:1077D00004211E480155601CC4B20A2C01DD03209F
:1077E000C4E726E0684600F0A7F9401C00F0FF0857
:1077F000204600F02DF815490A3100EB01094946F1
:10780000684600F08EF911481A38018B0120A0401B
:10781000014388B20D491A3908830C4800F80480E6
:10782000601CC4B20A2C01DD03209FE701E00220A6
:107830009CE700BF2878292801D0287800B900E00B
:107840009CE700BF3C70002090E700003201002060
:1078500002460020002105E0044B5B5C0344D8B2E3
:107860004B1CD9B29142F7DB704700003201002077
:107870000E480068006900F0010040B10C48D0F8E3
:10788000F0004FF6FF7108440949C1F8F0000848BC
:10789000D0F8F00005490968496A08440449C1F86C
:1078A000F0000846D0F8F0007047000030330020A8
:1078B0001801002010B5044604EBC40000EB0410CE
:1078C0000122C2EB800081B24FF47A70FBF784F999
:1078D00001200149C87510BD1801002010B50246ED
:1078E000012000E050430B1EA1F10104E1B2F9D1E7
:1078F00010BD00006FF0010009490968086100BF70
:10790000000C07490968C86201460548C16000BF0C
:1079100000200349096848620249C1F8F000704735
:10792000303300201801002070B51D48008800F495
:107930000040002833D01A480578002019494855DE
:10794000194881681748884704461CB91649C86811
:10795000804721E0134800F0FBF80546012D00D0D8
:107960002C46CCB1012C06D0022C08D0032C0AD016
:10797000042C10D10BE00DA0F8F79EFD0BE00EA03B
:10798000F8F79AFD07E00FA0F8F796FD03E010A0C6
:10799000F8F792FD00BF00BF00200149088070BDCC
:1079A000A0000020582D002018010020BAAFCAFD09
:1079B000B4EDCEF3210D0A00B2CECAFDB4EDCEF384
:1079C000210D0A00B2CECAFDCCABB6E0210D0A00F3
:1079D000CEB4D5D2B5BDC6A5C5E4B5C4BAAFCAFD4F
:1079E000210D0A000146491C00E0491C08782028A6
:1079F00001D10029F9D1087870472DE9F04F0546EB
:107A00000F4600264FF00A09B3462C460020386086
:107A100034E02078392802DC2078302811DA287800
:107A20002D2802D028782B2800D156B1207846285E
:107A300002DC2078412804DA2078582817D1012E5A
:107A400015D12078412801DB4FF0100928782D2826
:107A500003D14FF0020B6D1C0FE028782B2803D1C7
:107A60004FF0010B6D1C08E0701CC6B205E02078D9
:107A700000B904E00120BDE8F08F641CC9E700BF35
:107A80002C46B9F1100F0FD1032E01DA0220F2E7D4
:107A90002078302806D16078582803D1A41CB01E65
:107AA000C6B204E00320E6E70EB90420E3E71BE0DA
:107AB0000EB1701EC6B22078392806DC2078302836
:107AC00003DB2078A0F1300A02E02078A0F1370A29
:107AD00031464846FFF702FF39680AFB001038605C
:107AE000641C207800B900E0E2E700BFBBF1020FA0
:107AF00004D13868C0F10008C7F800800020BAE758
:107B000002460AE010780B78984201D001207047B5
:107B1000107800B902E0521C491CF3E700BF0020B6
:107B2000F5E706E002780A70027802B902E0401C2C
:107B3000491CF7E700BF70470146002005E00A78BE
:107B400002B903E0421CD0B2491CF8E700BF7047FD
:107B500010B58CB004461E230BAA03A92046FFF7DC
:107B6000F5FC0090009810B101200CB010BD9DF8FC
:107B70002C00044400200B900EE040489DF82C207F
:107B800050F8221003A8FFF7BBFF00B908E09DF8EA
:107B90002C00401CC0B20B909DF82C000728ECD3A1
:107BA00000BF9DF82C00072863D2DFE800F0040531
:107BB0003C5E6564630000BF31A0F8F77DFC31A036
:107BC000F8F77AFC3FA0F8F777FC4EA0F8F774FCC2
:107BD0005CA0F8F771FC6BA0F8F76EFC79A0F8F7E1
:107BE0006BFC87A0F8F768FC8CA0F8F765FC94A004
:107BF000F8F762FC98A0F8F75FFC9DA0F8F75CFC32
:107C0000A2A0F8F759FCA8A0F8F756FCB4A0F8F722
:107C100053FCC1A0F8F750FCCCA0F8F74DFCD8A05D
:107C2000F8F74AFCA2E216A0F8F746FCE4A0F8F741
:107C300043FC00200B900EE0F14800689DF82C20DA
:107C400000EBC2004168EFA0F8F736FC9DF82C006D
:107C5000401CC0B20B90EA48007D9DF82C10884271
:107C6000EADC07A0F8F728FC80E205A0F8F724FC7E
:107C7000CCE179E24DE221E2F4E10000DC000020F9
:107C80000D0A00002D2D2D2D2D2D2D2D2D2D2D2DC1
:107C90002D2D2D2D2D2D2D2D2D2D2D2D55534D4192
:107CA00052542056332E332D2D2D2D2D2D2D2D2D8F
:107CB0002D2D2D2D2D2D2D2D2D2D2D2D2D2D2D2001
:107CC0000D0A00002020202055534D415254CAC7B0
:107CD000D3C9414C49454E54454BBFAAB7A2B5C480
:107CE000D2BBB8F6C1E9C7C9B5C4B4AEBFDAB5F7FF
:107CF000CAD4BBA5BDBBD7E9BCFE2CCDA8B9FD201D
:107D00000D0A0000CBFC2CC4E3BFC9D2D4CDA8B966
:107D1000FDB4AEBFDAD6FACAD6B5F7D3C3B3CCD06A
:107D2000F2C0EFC3E6B5C4C8CEBACEBAAFCAFD2C16
:107D3000B2A2D6B4D0D02ED2F2B4CB2CC4E3BFC9F9
:107D40000D0A0000D2D4CBE6D2E2B8FCB8C4BAAF78
:107D5000CAFDB5C4CAE4C8EBB2CECAFD28D6A7B3E3
:107D6000D6CAFDD7D62831302F3136BDF8D6C62C2D
:107D7000D6A7B3D6B8BACAFD29A1A2D7D6B7FBB445
:107D8000AE0D0A00A1A2BAAFCAFDC8EBBFDAB5D8E2
:107D9000D6B7B5C8D7F7CEAAB2CECAFD292CB5A59D
:107DA000B8F6BAAFCAFDD7EEB6E0D6A7B3D6313033
:107DB000B8F6CAE4C8EBB2CECAFD2CB2A2D6A7B3BD
:107DC000D60D0A00BAAFCAFDB7B5BBD8D6B5CFD469
:107DD000CABE2ED6A7B3D6B2CECAFDCFD4CABEBDB8
:107DE000F8D6C6C9E8D6C3B9A6C4DC2CD6A7B3D684
:107DF000BDF8D6C6D7AABBBBB9A6C4DC2E0D0A00F7
:107E0000BCBCCAF5D6A7B3D63A7777772E6F706524
:107E10006E6564762E636F6D0D0A000055534D41FB
:107E20005254D3D037B8F6CFB5CDB3C3FCC1EE288A
:107E3000B1D8D0EBD0A1D0B4293A0D0A000000008F
:107E40003F3A202020202020BBF1C8A1B0EFD6FA75
:107E5000D0C5CFA20D0A000068656C703A202020C2
:107E6000BBF1C8A1B0EFD6FAD0C5CFA20D0A000071
:107E70006C6973743A202020BFC9D3C3B5C4BAAFAC
:107E8000CAFDC1D0B1ED0D0A0A00000069643A20B4
:107E900020202020BFC9D3C3BAAFCAFDB5C449440E
:107EA000C1D0B1ED0D0A0A006865783A2020202083
:107EB000B2CECAFD3136BDF8D6C6CFD4CABE2CBAB2
:107EC000F3B8FABFD5B8F12BCAFDD7D6BCB4D6B437
:107ED000D0D0BDF8D6C6D7AABBBB0D0A0A00000099
:107EE0006465633A20202020B2CECAFD3130BDF84F
:107EF000D6C6CFD4CABE2CBAF3B8FABFD5B8F12BC8
:107F0000CAFDD7D6BCB4D6B4D0D0BDF8D6C6D7AA91
:107F1000BBBB0D0A0A00000072756E74696D653A8C
:107F2000312CBFAAC6F4BAAFCAFDD4CBD0D0BCC6E0
:107F3000CAB13B302CB9D8B1D5BAAFCAFDD4CBD079
:107F4000D0BCC6CAB13B0D0A0A000000C7EBB0B4F2
:107F5000D5D5B3CCD0F2B1E0D0B4B8F1CABDCAE443
:107F6000C8EBBAAFCAFDC3FBBCB0B2CECAFDB2A269
:107F7000D2D4BBD8B3B5BCFCBDE1CAF82E0D0A0003
:107F80002D2D2D2D2D2D2D2D2D2D2D2D2D2D2D2D21
:107F90002D2D2D2D2D2D2D2D2D2D414C49454E5462
:107FA000454B2D2D2D2D2D2D2D2D2D2D2D2D2D2DCB
:107FB0002D2D2D2D2D2D2D2D2D2D2D200D0A00009B
:107FC0002D2D2D2D2D2D2D2D2D2D2D2D2D2D2D2DE1
:107FD0002D2D2D2D2D2D2D2D2DBAAFCAFDC7E5B57B
:107FE000A52D2D2D2D2D2D2D2D2D2D2D2D2D2D2D49
:107FF0002D2D2D2D2D2D2D2D2D2D2D2D200D0A002E
:108000001801002025730D0A0000000059A0F8F7A0
:1080100053FA00200B901AE0664909689DF82C205D
:1080200001EBC20101AB02AA486803A9FFF7AAFA53
:10803000604800689DF82C1050F8312003A95EA01C
:10804000F8F73AFA9DF82C00401CC0B20B90594842
:10805000007D9DF82C108842DEDCAFF2DC30F8F7B2
:108060002BFA83E0AFF2E830F8F726FA0BAA03A95F
:108070002046FFF701FA9DF82C00C8B9694603A80D
:10808000FFF7BBFC0B909DF82C0020B94FA0009986
:10809000F8F712FA0EE09DF82C00042801D0022017
:1080A00063E54DA0F8F708FA01204249C87501E0E0
:1080B00002205AE547A0F8F7FFF957E045A0F8F786
:1080C000FBF90BAA03A92046FFF7D6F99DF82C006F
:1080D000C8B9694603A8FFF790FC0B909DF82C00E7
:1080E00020B942A00099F8F7E7F90EE09DF82C00BE
:1080F000042801D0022038E53FA0F8F7DDF9002080
:108100002C49C87501E002202FE532A0F8F7D4F918
:108110002CE030A0F8F7D0F90BAA03A92046FFF70E
:10812000ABF99DF82C00C8B9694603A8FFF765FCB8
:108130000B909DF82C0078B91E49009881F8EC004E
:10814000084690F8EC0018B130A0F8F7B5F907E050
:1081500035A0F8F7B1F903E0022006E5022004E5B6
:108160001CA0F8F7A9F901E00120FEE400BF0020FF
:10817000FBE400002D2D2D2D2D2D2D2D2D2D2D2D04
:108180002D2D2D2D2D2D2D2D2D2D2D2D2DBAAFCA73
:10819000FD204944202D2D2D2D2D2D2D2D2D2D2D26
:1081A0002D2D2D2D2D2D2D2D2D2D2D2D2D2D2D2DFF
:1081B000200D0A00180100202573206964206973CE
:1081C0003A0D0A3058253038580D0A004845583ABB
:1081D000305825580D0A00003136BDF8D6C6B2CE4B
:1081E000CAFDCFD4CABE210D0A0000004445433A5F
:1081F000256C750D0A0000003130BDF8D6C6B2CE30
:10820000CAFDCFD4CABE210D0A00000052756E20EF
:1082100054696D652043616C63756C6174696F6E40
:10822000204F4E0D0A00000052756E2054696D6596
:108230002043616C63756C6174696F6E204F4646B4
:108240000D0A000001460A69D1E901309860D1E9C0
:10825000010358605068884201D18868506000204E
:1082600008611068401E10601068704700F1080136
:1082700041604FF0FF31816000F10801C160016190
:1082800000210160704700210161704710B502466E
:108290000B685C1C0CB9106907E002F1080000E0F3
:1082A0004068446824689C42FAD944684C604C6831
:1082B000A160886041600A611468641C146010BD8C
:1082C00042684A6093688B60936859609160086166
:1082D00003685B1C0360704710B500BF502080F33B
:1082E0001188BFF34F8FBFF36F8F00BF0B4800683B
:1082F000401C0A4908600846006801280DD108485A
:108300000068C0B208B9012000E0002028B940F29E
:10831000B91204A10EA0F8F7CFF810BD8800002014
:1083200004ED00E02E2E5C4672656552544F535C9E
:10833000706F727461626C655C525644535C41525A
:108340004D5F434D34465C706F72742E63000000C5
:108350004572726F723A25732C25640D0A00000075
:1083600010B50B48006828B94FF4E07209A114A0B9
:10837000F8F7A2F806480068401E0549086008465C
:10838000006820B9002080F3118800BF00BF10BD35
:10839000880000202E2E5C4672656552544F535C57
:1083A000706F727461626C655C525644535C4152EA
:1083B0004D5F434D34465C706F72742E6300000055
:1083C0004572726F723A25732C25640D0A00000005
:1083D00070B506463546002E35D0083D2C461A4964
:1083E00060680968084008B1012000E0002028B951
:1083F0004FF4A07215A11FA0F8F75EF8206808B925
:10840000012000E0002028B940F241120FA119A07C
:10841000F8F752F80C4960680968084098B120687C
:1084200088B90949606809688843606000F0BAFA51
:108430001449606809680844124908602046FEF73C
:10844000A5F801F0C1F870BD840000202E2E5C4616
:1084500072656552544F535C706F727461626C65E3
:108460005C4D656D4D616E675C686561705F342E53
:10847000630000004572726F723A25732C25640DFB
:108480000A0000007C000020064800684FF47A7162
:10849000B0FBF1F0401E4FF0E02148610720086179
:1084A000704700000000002070B5F7F745FF054653
:1084B000102D11D305F1E02090F8F043104800781A
:1084C000844201DB012000E0002028B94FF4407213
:1084D0000CA117A0F7F7F0FF1948006800F4E0605E
:1084E00018490968884201D8012000E0002028B915
:1084F0004FF4447203A10EA0F7F7DEFF70BD000039
:108500008C0000202E2E5C4672656552544F535CE1
:10851000706F727461626C655C525644535C415278
:108520004D5F434D34465C706F72742E63000000E3
:108530004572726F723A25732C25640D0A00000093
:108540000CED00E090000020024600200BE0084BFC
:1085500053F8303033B9064B43F8301003EBC00307
:108560005A6002E0401C0828F1D300BF70470000A9
:108570000C0200202DE9F04105460E4617462C4618
:10858000FFF7AAFE94F94400401C10B9002084F8BB
:10859000440094F94500401C10B9002084F84500BF
:1085A000FFF7DEFEA06B28B93A46314604F12400FD
:1085B00000F0F6F82046FEF79AFABDE8F0810000D8
:1085C00070B504460025ACB10F48006808B9012019
:1085D00000E0002028B940F2D2420CA110A0F7F729
:1085E0006BFF00F0DFF900212046FDF74DFD00F0A4
:1085F000EBFF05463DB94FF080500D490860BFF3D1
:108600004F8FBFF36F8F70BD580000202E2E5C4639
:1086100072656552544F535C7461736B732E6300C3
:108620004572726F723A25732C25640D0A000000A2
:1086300004ED00E070B50546FFF74EFE15B92D4874
:10864000006800E028460446201DFFF7FBFD78B9CE
:10865000E06A00EB8000284951F8200040B994F806
:108660002C10012088402549096881432348016076
:10867000A06A18B104F11800FFF7E4FD2048006873
:10868000401C1F4908601B480068844209D1211D15
:108690001C48FFF715FE1C480068401C1A4908607A
:1086A00009E01A480068401E184908602046FDF796
:1086B0004AFEFEF747F9FFF753FE15480068C0B1C0
:1086C0000C480068844214D11248006808B901209F
:1086D00000E0002028B94FF48D620FA113A0F7F736
:1086E000EBFE4FF0805015490860BFF34F8FBFF38A
:1086F0006F8F70BD200000204C0200203800002049
:108700004C000020080500202C0000203000002034
:108710003C000020580000202E2E5C4672656552F9
:10872000544F535C7461736B732E63004572726FA8
:10873000723A25732C25640D0A00000004ED00E058
:1087400001200149086070474400002070B50446CC
:108750000D462CB940F6093207A10CA0F7F7ACFE84
:108760000E48016818312046FFF790FD0121284688
:10877000FDF78AFC70BD00002E2E5C4672656552C6
:10878000544F535C7461736B732E63004572726F48
:10879000723A25732C25640D0A0000002000002089
:1087A00070B505460E4614462DB940F6343209A17F
:1087B0000DA0F7F781FE1048016818312846FFF731
:1087C0007FFD0CB14FF0FF3621463046FDF75CFCD3
:1087D00070BD00002E2E5C4672656552544F535C8E
:1087E0007461736B732E63004572726F723A2573F6
:1087F0002C25640D0A0000002000002070B50546FD
:108800002C46002D4BD02649E06A0968C96A884287
:1088100045D2A06900F0004028B921480068C06A2C
:10882000C0F12000A061E16A01EB81011D4A02EB69
:1088300081016069884201D1012000E0002050B32D
:10884000201DFFF7FFFC78B9E06A00EB80001549B6
:1088500051F8200040B994F82C10012088401249AA
:1088600009688143104801600D480068C06AE062F1
:1088700094F82C10012088400B49096808430A49E4
:108880000860E16A01EB8101064A02EB8100211DCB
:10889000FFF716FD03E002480068C06AE06270BDA1
:1088A000200000204C0200203800002010B50446B3
:1088B0002CB940F6C43205A109A0F7F7FDFD0C481C
:1088C000006820600B480068606010BD2E2E5C467A
:1088D00072656552544F535C7461736B732E630001
:1088E0004572726F723A25732C25640D0A000000E0
:1088F00048000020340000201CB51A4800210B4617
:108900008222CDE9001018A1194800F0A1FC04460C
:10891000012C02D100F0E8FE0446012C15D100BF65
:10892000502080F31188BFF34F8FBFF36F8F00BFCC
:108930004FF0FF300F49086001200F490860002008
:108940000E49086000F08CF80BE0601C08B10120B3
:1089500000E0002028B940F2877209A10DA0F7F7C6
:10896000ABFD1CBD5400002049444C4500000000F4
:10897000FD630008500000203C000020340000206F
:108980002E2E5C4672656552544F535C7461736B56
:10899000732E63004572726F723A25732C25640D35
:1089A0000A00000002480068401C01490860704746
:1089B0005800002010B51B48006818B101201A4962
:1089C00008602DE000201849086018480068B0FAD7
:1089D00080F0C0F11F0404EB8400154951F8200019
:1089E00008B1012000E0002028B940F6F92211A1C9
:1089F00015A0F7F761FD04EB84010D4A02EB81003D
:108A000041684968416000F1080142688A4202D128
:108A10004168496841604168C9680F4A116000BFF8
:108A200010BD000058000020440000203800002045
:108A30004C0200202E2E5C4672656552544F535CEA
:108A40007461736B732E63004572726F723A257393
:108A50002C25640D0A0000002000002001607047F2
:108A60001CB5404800684049884201D0012000E020
:108A7000002028B940F259123CA147A0F7F71CFD8D
:108A8000384800683849491E884201D0012000E07A
:108A9000002028B94FF4AD7234A13FA0F7F70CFDC8
:108AA000414C204600780190FF202146087008467E
:108AB000007800909DF8000000F0F0009DF8001094
:108AC000884201D1012000E0002028B940F2731251
:108AD00026A131A0F7F7F0FC9DF8000000F050004F
:108AE0003249087007203249086009E030480068C0
:108AF000401E2F4908609DF800004006000E0090BF
:108B00009DF8000000F080008028EFD02848006821
:108B10000002274908600846008800F4E060086009
:108B20002149019808700F482030006840F4700017
:108B30000C49203108600846006840F07040086029
:108B4000FFF7A2FC00201B490860F7F7BDFB1A489D
:108B5000006840F0404018490860F7F7A5FB002086
:108B60001CBD000000ED00E071C20F412E2E5C46DE
:108B700072656552544F535C706F727461626C65BC
:108B80005C525644535C41524D5F434D34465C70D9
:108B90006F72742E630000004572726F723A257313
:108BA0002C25640D0A00000000E400E08C00002089
:108BB000900000208800002034EF00E010B500BFD6
:108BC000502080F31188BFF34F8FBFF36F8F00BF2A
:108BD00000F084FB18B14FF080500449086000BFDA
:108BE000002080F3118800BF10BD000004ED00E0FC
:108BF0002DE9F84305460E4690460DB1012000E0F0
:108C0000002028B94FF4C4720DA112A0F7F754FC4C
:108C10000EB9002701E005FB06F707F15400FDF748
:108C2000AFFF044644B104F1540943464A46314675
:108C300028460094FDF7F6FB2046BDE8F8830000C7
:108C40002E2E5C4672656552544F535C7175657586
:108C5000652E63004572726F723A25732C25640D80
:108C60000A0000002DE9FF4782B005460E461F4668
:108C70004FF0000A2C462CB940F2DC4261A166A0FC
:108C8000F7F71AFC0EB9206C08B9012000E00020AB
:108C900028B940F2DD425BA15FA0F7F70DFC00F0C0
:108CA00007FB08B9049808B9012000E0002028B9A2
:108CB0004FF49C6253A158A0F7F7FEFB00BFFFF7EB
:108CC0000BFBD4F83890B9F1000F3DD0D4F80C80EC
:108CD00031462046FDF7E4FADFB9A9F10100A063AF
:108CE000206810B9FDF7F6FF6060206908B901201F
:108CF00000E0002010BB04F1100000F00BFCE8B114
:108D00004FF0805048490860BFF34F8FBFF36F8F1B
:108D100014E0C4F80C80606A08B9012000E000206B
:108D200060B904F1240000F0F5FB38B14FF0805039
:108D30003D490860BFF34F8FBFF36F8FFFF710FB04
:108D4000012006B0BDE8F087049818B9FFF708FBCA
:108D50000020F6E7BAF1000F04D16846FFF7A6FD40
:108D60004FF0010AFFF7FCFAFFF71CFEFFF7B4FA19
:108D700094F94400401C10B9002084F8440094F990
:108D80004500401C10B9002084F84500FFF7E8FAC0
:108D900004A9684600F00CFA40BB2046FDF756FCDB
:108DA000F0B1206830B9FFF797FA6068FFF726FD49
:108DB000FFF7D6FA04F124000499FFF7C7FC204618
:108DC000FDF795FE00F000FC00287FF478AF4FF02F
:108DD000805015490860BFF34F8FBFF36F8F6EE768
:108DE0002046FDF784FE00F0EFFB68E72046FDF724
:108DF0007EFE00F0E9FB2046FDF728FC0028EED0BF
:108E000000209EE72E2E5C4672656552544F535CDF
:108E100071756575652E63004572726F723A2573C0
:108E20002C25640D0A00000004ED00E070B5054635
:108E30000E462C462CB940F21B121EA122A0F7F7B9
:108E40003BFBFFF749FAD4E90F12206801FB02004F
:108E500060600020A0632068A060E06B401E226C70
:108E6000216800FB0210E060FF2084F8440084F8D1
:108E700045009EB9206908B9012000E00020A8B98A
:108E800004F1100000F046FB80B14FF08050124911
:108E90000860BFF34F8FBFF36F8F07E004F110003E
:108EA000FFF7E4F904F12400FFF7E0F9FFF758FABF
:108EB000012070BD2E2E5C4672656552544F535C86
:108EC00071756575652E63004572726F723A257310
:108ED0002C25640D0A00000004ED00E02DE9FF439D
:108EE00083B0064688461D464FF0000934462CB92B
:108EF00040F2D92260A165A0F7F7DEFAB8F1000FC1
:108F000001D1206C08B9012000E0002028B940F20E
:108F1000DA2259A15DA0F7F7CFFA022D02D1E06B5A
:108F2000012801D1012000E0002028B940F2DB2215
:108F300051A156A0F7F7C0FA00F0BAF908B90598A0
:108F400008B9012000E0002028B940F2DE224AA141
:108F50004EA0F7F7B1FA00BFFFF7BEF9A06BE16BC7
:108F6000884201D3022D38D12A4641462046FDF7DA
:108F7000ACF90746A06C68B129462046FDF782FB94
:108F800028B34FF0805045490860BFF34F8FBFF3BF
:108F90006F8F1CE0606A08B9012000E0002068B90A
:108FA00004F1240000F0B6FA88B14FF080503B493C
:108FB0000860BFF34F8FBFF36F8F08E03FB14FF0F2
:108FC000805036490860BFF34F8FBFF36F8FFFF7B4
:108FD000C7F9012007B0BDE8F083059818B9FFF77D
:108FE000BFF90020F6E7B9F1000F04D101A8FFF79F
:108FF0005DFC4FF00109FFF7B3F9FFF7D3FCFFF772
:109000006BF994F94400401C10B9002084F8440026
:1090100094F94500401C10B9002084F84500FFF782
:109020009FF905A901A800F0C3F8F0B92046FDF7A3
:109030001AFBA0B104F110000599FFF787FB204649
:10904000FDF755FD00F0C0FA002885D14FF08050A3
:1090500012490860BFF34F8FBFF36F8F7CE7204644
:10906000FDF745FD00F0B0FA76E72046FDF73FFD3D
:1090700000F0AAFA0020ADE72E2E5C46726565521C
:10908000544F535C71756575652E63004572726F40
:10909000723A25732C25640D0A00000004ED00E0EF
:1090A0002DE9F05F80468A4615461E4644462CB997
:1090B00040F29F3235A13AA0F7F7FEF9BAF1000F5E
:1090C00001D1206C08B9012000E0002028B94FF43C
:1090D00068722EA132A0F7F7EFF9022E02D1E06BF1
:1090E000012801D1012000E0002028B940F2A1327E
:1090F00026A12BA0F7F7E0F9FFF7D6F900BF502122
:10910000EFF3118081F31188BFF34F8FBFF36F8F9F
:1091100000BF0746A06BE16B884201D3022E2BD122
:1091200094F945B0324651462046FDF7CEF80BF192
:109130000100C8B9A06C40B131462046FDF7A2FA43
:10914000B8B1B5B10120286013E0606A08B9012008
:1091500000E0002068B904F1240000F0DBF940B120
:109160003DB10120286004E00BF1010040B284F819
:1091700045004FF0010901E04FF0000900BF87F3FF
:10918000118800BF4846BDE8F09F00002E2E5C46C7
:1091900072656552544F535C71756575652E630039
:1091A0004572726F723A25732C25640D0A00000017
:1091B0002DE9F04104460D462CB940F6CE3219A1F6
:1091C0001DA0F7F779F92DB940F6CF3215A11AA0F5
:1091D000F7F772F9FFF780F81B4807682868401C0A
:1091E00008B9002619E0194920680968884204D0A6
:1091F0006068B84201D801260FE06068381A296813
:10920000884209D228686168791A401A2860204685
:10921000FFF74CFB002600E00126FFF7A1F83046DF
:10922000BDE8F0812E2E5C4672656552544F535C4A
:109230007461736B732E63004572726F723A25739B
:109240002C25640D0A000000340000204800002096
:109250002DE9FF4F85B0804689461746DDE912AB00
:10926000B800FDF78DFC064656B15C20FDF788FC82
:1092700004460CB1266304E03046FFF7A9F800E08D
:1092800000247CB10020CDE900ABCDE902403A4694
:1092900049464046089BFDF7DDF82046FCF740FFB5
:1092A000012501E04FF0FF35284609B0BDE8F08FF9
:1092B0000549096809B9012005E00449096809B9A7
:1092C000022000E0002070473C00002058000020F1
:1092D0000149086870470000340000202DE9F04182
:1092E0004FF0000841480068002872D140480068EB
:1092F000451C3F480560EDB93E480068006808B964
:10930000012000E0002028B940F6DC123AA13FA07D
:10931000F7F7D2F8374807684048006835490860D1
:109320003E4807603E480068401C3D490860FDF724
:1093300009FB00BF3B48006885423CD300BF2D4875
:109340000068006808B9012000E0002020B14FF05B
:10935000FF30344908602DE026480068C068C468C2
:109360006668B54202D22F48066023E0201DFEF752
:1093700069FFA06A18B104F11800FEF763FF94F8C2
:109380002C100120884028490968084326490860B4
:10939000E16A01EB8101254A02EB8100211DFEF704
:1093A0008FFF2349E06A0968C96A8842C7D34FF032
:1093B0000108C4E700BF1E480068C06A00EB8000D7
:1093C0001A4951F82000012801D94FF0010805E0A1
:1093D000FFE718480068401C1649086016480068F6
:1093E00008B14FF001084046BDE8F0815800002068
:1093F00034000020240000202E2E5C467265655249
:10940000544F535C7461736B732E63004572726FBB
:10941000723A25732C25640D0A00000028000020F4
:109420004800002050000020380000204C0200209E
:1094300020000020400000204400002070B50546B8
:109440002C460026002D4BD026480068844201D1CE
:10945000012000E0002028B940F6CA6222A127A01E
:10946000F7F72AF8206D28B940F6CC621EA123A098
:10947000F7F722F8206D401E2065E16CE06A884213
:109480002ED0206D60BB201DFEF7DCFE78B9E06AAF
:1094900000EB80001D4951F8200040B994F82C10D1
:1094A000012088401A490968814319480160E06C2D
:1094B000E062E06AC0F12000A06194F82C10012065
:1094C000884013490968084311490860E16A01EBC3
:1094D00081010E4A02EB8100211DFEF7F1FE0126FB
:1094E000304670BD200000202E2E5C46726565520D
:1094F000544F535C7461736B732E63004572726FCB
:10950000723A25732C25640D0A0000004C020020DD
:109510003800002070B50646F068C4682CB940F6E3
:1095200064321AA11EA0F6F7C7FF04F11800FEF777
:1095300089FE1F480068A8B9201DFEF783FE94F835
:109540002C10012088401B4909680843194908600C
:10955000E16A01EB8101184A02EB8100211DFEF74F
:10956000AFFE04E004F118011448FEF7A9FE144907
:10957000E06A0968C96A884204D9012501201149B5
:10958000086000E00025284670BD00002E2E5C46D5
:1095900072656552544F535C7461736B732E630034
:1095A0004572726F723A25732C25640D0A00000013
:1095B00058000020380000204C020020F404002055
:1095C000200000204400002070B50024002634480C
:1095D000006828B940F2EB7232A137A0F6F76CFFB1
:1095E000FEF77AFE2E480068401E2D4908600846A6
:1095F000006800284FD13448006800284BD024E090
:109600003248C068C46804F11800FEF71BFE201D34
:10961000FEF718FE94F82C10012088402C490968A8
:1096200008432B490860E16A01EB8101294A02EBFA
:109630008100211DFEF744FE2749E06A0968C96AD6
:10964000884202D30120254908602048006808B9F3
:10965000012000E000200028D2D00CB1FDF772F903
:109660001F48056865B100BFFFF738FE10B1012043
:109670001A4908606D1E002DF6D1002018490860B7
:109680001648006838B10126300716490860BFF354
:109690004F8FBFF36F8FFEF763FE304670BD000043
:1096A000580000202E2E5C4672656552544F535C64
:1096B0007461736B732E63004572726F723A257317
:1096C0002C25640D0A00000030000020F404002066
:1096D000380000204C020020200000204400002020
:1096E0004000002004ED00E01CB50024FCF774FDF0
:1096F0000B48006858B10B481F2100234FF48272B9
:10970000CDE9001008A10A48FFF7A2FD04462CB9D4
:1097100040F2331207A10DA0F6F7CEFE20461CBD85
:109720006400002068000020546D722053766300AE
:10973000D56A00082E2E5C4672656552544F535C04
:1097400074696D6572732E63000000004572726F5C
:10975000723A25732C25640D0A0000002DE9FF479D
:1097600004460D4616461F46DDF830804FF00009CE
:109770002CB94FF4D37217A11CA0F6F79DFE1F4819
:10978000006810B3009501960294062D15DAFFF7D4
:109790008FFD022808D10023424669461748006819
:1097A000FFF79CFB814610E000231A4669461348E8
:1097B0000068FFF793FB814607E000233A466946BD
:1097C0000E480068FFF76CFC8146484604B0BDE8CF
:1097D000F08700002E2E5C4672656552544F535C34
:1097E00074696D6572732E63000000004572726FBC
:1097F000723A25732C25640D0A00000064000020D5
:1098000081F00041704780F00040704721F0004136
:10981000704720F00040704721F00042A2F16052F2
:10982000B2F5801F01F0004328BFD2F17F6C0BD945
:109830005FEA001C43EAC20242EB507018BF704757
:1098400028BF20F001007047B2F5801FBCBF18464A
:1098500070474FEA410C1CF5001F02D2084600F089
:1098600043BD70B500F0B4FA00000089FFF7F6BF01
:109870004FF00040A0F580007047000010B591EA5D
:10988000030F48BF83F0004300F1D683841A71EBC5
:10989000030C05D2121943EB0C03001B61EB0C0106
:1098A000DFF824E14FEA1154A4EB135C1EEA430FE6
:1098B00018BF9EEA445F73D023EA0E03DCF1200E4A
:1098C00021EA045143F4801332D322FA0CFE10EB48
:1098D0000E0023FA0CFE41EB0E01CCF1200E03FA30
:1098E0000EFE10EB0E0051F10001B1F5801FCCF11E
:1098F000200E32D201EB045112FA0EF2BDE81040F4
:1099000058BF7047401C38BF5FEA420218BF70471B
:10991000002814BF20F0010041F100014FEA41038B
:1099200013F5001F38BF7047A1F1C04100F09EBA87
:10993000012A43EB0302ACF1200CDCF11F0E32BF15
:109940004FF0000E23FA0CF310EB030041EB04512F
:10995000B4EB115FD0D0A1EB045101F5801149089F
:109960005FEA300001EB04510ED350F1000038BF24
:1099700012FA0EFE08D1BDE81040C9E7401C38BFFE
:109980005FEA4202CAD1C3E7BDE810404FEA410393
:1099900013F5001F38BF7047A1F1C04100F066BA4F
:1099A0009EEA445F08D011EA5E0FBDE8104004BF94
:1099B00001F0004100207047BDE8104070B500F094
:1099C00007FA00BF64FBBE3E0000E0FF2DE9C04186
:1099D00030B4DFF8A0C23CEA111418BF3CEA1314FB
:1099E00000F0EC8081EA03051CEA111444EAD57406
:1099F00018BF1CEA131500F0C780A4EB05044FF054
:109A0000004545EAC12145EAC32341EA505143EAF2
:109A1000525304F17F74994204F500344FEAC02098
:109A20004FEAC22208BF904200F09C804FEA1365C3
:109A30000FF24016765D4FEA134506FB05F7C7F1B6
:109A4000807706FB07F74FEAD737A7FB0368764214
:109A5000C8F58038A7FB06CE38BFA8F1010807FB80
:109A600008E64FF0000EA6FB028CE6FB03CEDCF10D
:109A7000000CCEF1004E38BFAEF1010EA6FB0C5823
:109A80004FF000074FF00005E6FB0E87A1FB08C66C
:109A9000A0FB07CE16EB0E0645F10005E1FB0765BE
:109AA00015F1E04E7EBFA4F580345FEA46066D41B5
:109AB00016F1800745F100054FEA17274FEA0666C1
:109AC00047EA0567A6F1DE46B6F1805F4FEA152545
:109AD0001FD9384624F0010C05EBC471BCF1FE6FB0
:109AE00001EB0C1102D8F0BCBDE8008124425CBF40
:109AF00001F5801E9EEAC47F02D4F0BCBDE800815F
:109B0000244238D4F0BCA1F1C041BDE8004100F0CE
:109B1000ADB94FEAD22242EA43524FEAD323A7FB20
:109B200002864FEAD02040EA415007FB03661EEA56
:109B30000E0F4FEAD12105FB026658BFA6EB005677
:109B4000B6EB00564FEA520E4EEAC37E18EB0E0EED
:109B500056EB530EBDD518EB02085E417F1C55F144
:109B60000005B6E74FF480154FF000074FF00006F0
:109B70004FF00008ADE7F0BC4FF0000001F1C0412C
:109B800001F00041BDE8008111EA0C1F0CEA131539
:109B900000D00CE013EA0C1F00F025804FF000000D
:109BA000F0BC81EA030101F00041BDE80081F0BC96
:109BB000BDE8004181EA030100F058B9F0BCBDE8FE
:109BC000004170B500F004F9097EFC3E00F007B8D2
:109BD00081EA03014FF0000001F00041704781EA83
:109BE000030100F043B9F0BCBDE800414FF00000B4
:109BF00021497047FFFDFBF9F7F5F4F2F0EEEDEBCC
:109C0000E9E8E6E4E3E1E0DEDDDBDAD8D7D5D4D37A
:109C1000D1D0CFCDCCCBCAC8C7C6C5C4C2C1C0BFC6
:109C2000BEBDBCBBBAB9B8B7B6B5B4B3B2B1B0AFCC
:109C3000AEADACABAAA9A8A8A7A6A5A4A3A3A2A1B0
:109C4000A09F9F9E9D9C9C9B9A999998979796956B
:109C500095949393929191908F8F8E8E8D8C8C8B07
:109C60008B8A89898888878786858584848383828F
:109C7000828181800000FF070000F87FDFF848C183
:109C800070B51CEA111E1EBF1CEA13159EEA0C0FCC
:109C900095EA0C0F00F06F8081EA030423EA4C136D
:109CA0004EEAD47E21EA4C1141F4801143F4801332
:109CB000AE44A1FB024CA0FB0365AEF17F7E3619DA
:109CC00055EB0C05A1FB034C4CF10003A0FB021C5F
:109CD00016EB0C06654153F10003094218BF46F02C
:109CE000010613F4007F0BD14FEA03314FEA053030
:109CF000340341EA155140EA16506FF003020AE0BE
:109D00004FEAC3214FEAC520F40241EA555140EA27
:109D100056506FF0020202EB2E4201EB025585EA2B
:109D2000CE710AD05FEA440C18BF24F0004450F111
:109D3000000041F1000120EAD47040F2FE7C62454F
:109D400000D270BDA84214BF4FF080444FF0404491
:109D5000002E08BF0024BEF1806FA8BFA1F1C04152
:109D6000BDE8704080F282804FF0000001F1C041F8
:109D700001F0004170479EEA0C0F0CEA131518BF62
:109D800095EA0C0F06D04FF0000081EA030E0EF0AA
:109D9000004170BD00F01CF88900013E00F007B8DA
:109DA00000F009B84FEA430C5FEA5C5C08D081EA36
:109DB000030100F05BB84FEA410C5FEA5C5CF6D14E
:109DC0004FF00000014970470000FF070000F87FD6
:109DD0000EF1020E2EF0030E5EF8046B364205D42F
:109DE000012A43EB030515F5001F12D8012841EBAA
:109DF000010C1CF5001F0CD80ED14FEAD17C15F5D3
:109E0000001F0CEB4C0C0CF1020C08BF4CEBD37C8C
:109E100004E04FF0080C01E04FEAD37C0CEB4C055A
:109E200026FA05F606F00706B6F1040C06D20EEB8C
:109E3000860CBDE870404CF0010C6047DFE80CF088
:109E4000090B02024FF000414FF00000A1F5002184
:109E500070BD19461046012851EB010418BFD4F516
:109E6000001484BF002001F0004170BD0808A0F577
:109E700000114FEA3101704791EA030F10B581F0EC
:109E800000413FF503AD83F0004300F0D5B800007A
:109E90002DE9F04101F5801CBCF5001FC0F2A9803E
:109EA0004FEA115C21EA0C510CF1FD0C41F48011D8
:109EB0005FEA5C0C0CF5C07C01D34000494130A442
:109EC000890241EA905187028E0E0A0CA45D04FBC0
:109ED00004F602FB06F6C6F14046A4FB0662F60D48
:109EE00046EA422606FB06F4A4FB01235242C3F1D4
:109EF000404338BF5B1EA6FB02420024E6FB03245E
:109F0000D20B42EA4446A6FB0623A1FB02E2A3FBD6
:109F100007E4E3FB61426442C2F1404E38BFAEF158
:109F2000010EA6FB04234FF00002E6FB0E32A2FB5B
:109F300003463400E2FB6264A1FB06E6A4FB07E8EB
:109F4000E4FB61687642C8F1405838BFA8F10108C7
:109F5000A2FB06E4A3FB08E5E2FB6854A1FB05E6CF
:109F6000A7FB04E8E1FB648618F1200556F1000622
:109F7000A809A8F11B08B10908F03F08B8F10A0FB9
:109F800040EA86601CD901EB0C51BDE8F08100BFAE
:109F9000FCF5EEE8E2DDD8D3CFCBC7C3C0BDB9B680
:109FA000B4B1AEACA9A7A5A3A19F9D9B9A98969585
:109FB0009392908F8D8C8B8988878685848382810C
:109FC000A0FB006800FB01F208EB4208B8EB872811
:109FD00007D5341858EB0104D5D5401C51F10001C8
:109FE000D1E7341A78EB0104CDD4401E71F10001A1
:109FF000C9E75FEA4C0C5FEA9C5C0DD105D34FF0DA
:10A00000000001F00041BDE8F081BDE8F04170B50D
:10A01000FFF7DEFE6DDBFFBEBDE8F0414FF0000054
:10A02000004970470000F87F10B591EA030F48BF60
:10A0300083F000433FF52AAC841A71EB030C07D27E
:10A0400012198CF0004C43EB0C03001B61EB0C016C
:10A05000DFF8A4E14FEA1154A4EB135C1EEA430FAE
:10A0600018BF9EEA445F00F0B08023EA6E035242BC
:10A0700021EA0451C3EB6E0338BF5B1EDCF1200EF6
:10A0800025D322FA0CFE10EB0E0043FA0CFE41EB36
:10A090000E01CCF1200E03FA0EFE10EB0E0051F172
:10A0A0000001CCF1200E29D412FA0EF201EB04517A
:10A0B000BDE8104058BF7047401C1CBFB2F1004FB4
:10A0C000704700280CBF491C20F00100704712EBBC
:10A0D000020E43EB030218BF4FF0010E4EEA42029C
:10A0E000ACF1200CDCF11E0E54D943FA0CFE10EB3F
:10A0F0000E0051F1FF31CCF11E0ED5D50EF1010E3F
:10A1000012FA0EFE404141EB010101EB445C5FEAB3
:10A110005C5C10D910EBDE7001EB045138BFBEF16E
:10A12000004FBDE8104018BF704700280CBF491C05
:10A1300020F00100704730D24FEAD42C11F5001105
:10A1400024F400641BD0B1FA81F20B3AA41AA41EC5
:10A15000D2F12003914030FA03F31943904001EB10
:10A16000CC71002C01EB0451BDE81040A8BF704732
:10A1700001F1C0414FF0000001F000417047B0FA1A
:10A1800080F310FA03F100D110BDE41A173C480522
:10A19000C90AE4E701EB045110BD491001EB045179
:10A1A000BDE810404FEA300002E04FF00001704778
:10A1B0004A0008BF0042F8D0B2F5001F28BF704720
:10A1C00001F000414FF0000070479EEA445F07D065
:10A1D00011EA5E0FBDE8104004BF00210020704767
:10A1E000BDE8104070B5FFF7F3FD00BF40DFF63E5D
:10A1F00083F00041104670470000E0FF43004FEA43
:10A20000D30C4FEA3C0C43401FBF40070CF1605198
:10A2100013F0FE4F70471CF0006F03D100200CF0CC
:10A22000004170470CF0004343EA507010B540EA1B
:10A23000CC0000F00EF800BF000000924FEA0001D1
:10A24000FFF714BE4FF000414FF00000A1F50021D0
:10A2500070470EF1020E2EF0030E5EF8044B2442FE
:10A2600004D44FEA4102B2F17F4F11D84FEA4003C4
:10A27000B3F17F4F0CD80ED14FEAD07CB2F17F4FB3
:10A280000CEB4C0C0CF1020C08BF4CEBD17C04E045
:10A290004FF0080C01E04FEAD17C0CEB4C0324FAA0
:10A2A00003F404F00704B4F1040C06D20EEB840CA2
:10A2B000BDE810404CF0010C6047DFE80CF00708E7
:10A2C00002024FF00040A0F5800010BD0846420099
:10A2D00018BFD2F1807288BF00F0004010BD4FF06F
:10A2E0004070E1EE100A7047FF2141EAD050C005EE
:10A2F0007047000000000000000001020304060790
:10A300000809000000000102030400000000000032
:10A310000000002F000000000700070000147F1459
:10A320007F1400242A7F2A12006264081323003657
:10A330004955225000000503000000001C22410086
:10A34000000041221C000014083E08140008083ECA
:10A350000808000000A060000008080808080000C5
:10A3600060600000002010080402003E5149453E94
:10A370000000427F400000426151494600214145B2
:10A380004B31001814127F10002745454539003C19
:10A390004A494930000171090503003649494936E7
:10A3A00000064949291E00003636000000005636D6
:10A3B00000000008142241000014141414140000BA
:10A3C0004122140800020151090600324959513E48
:10A3D000007C1211127C007F49494936003E414100
:10A3E0004122007F4141221C007F49494941007FB1
:10A3F00009090901003E4149497A007F0808087FA0
:10A400000000417F4100002040413F01007F0814CF
:10A410002241007F40404040007F020C027F007FCD
:10A420000408107F003E4141413E007F09090906B2
:10A43000003E4151215E007F0919294600464949E5
:10A4400049310001017F0101003F4040403F001FB2
:10A450002040201F003F4038403F00631408146331
:10A4600000070870080700615149454300007F411B
:10A47000410000552A552A55000041417F00000443
:10A48000020102040040404040400000010204007C
:10A49000002054545478007F4844443800384444E1
:10A4A000442000384444487F00385454541800086D
:10A4B0007E0901020018A4A4A47C007F080404788B
:10A4C0000000447D4000004080847D00007F102813
:10A4D00044000000417F4000007C04180478007CA8
:10A4E0000804047800384444443800FC2424241828
:10A4F0000018242418FC007C080404080048545464
:10A50000542000043F444020003C4040207C001C7C
:10A510002040201C003C4030403C0044281028448F
:10A52000001CA0A0A07C004464544C4414141414D7
:10A5300014140000000000000000000000000000F3
:10A54000FC000000000002000000000C020C0200F1
:10A5500000000000000090D0BCD0BC9000030003BD
:10A5600000001824FE448C00030207020100182496
:10A57000D8B04C80000300010201C038E438E0008C
:10A5800001020201020208060000000000000000B3
:10A590000000000000F804020000000102040002B4
:10A5A00004F800000004020100009060F8609000D0
:10A5B0000000010000002020FC202000000001001D
:10A5C000000000000000000008060000000020203D
:10A5D000202020000000000000000000000000001B
:10A5E0000002000000000080601C02000403000064
:10A5F0000000F8040404F80001020202010000084F
:10A60000FC0000000002030200001884442418002B
:10A6100003020202020008042424D80001020202FC
:10A62000010040B088FC80000000000302003C24D0
:10A630002424C400010202020100F824242CC000DA
:10A640000102020201000C04E41C040000000300EB
:10A650000000D8242424D80001020202010038445A
:10A660004444F80000030202010000001000000052
:10A6700000000200000000002000000000000600B2
:10A6800000000020508804020000000001029090A9
:10A69000909090000000000000000002048850200C
:10A6A0000002010000001804C42418000000020089
:10A6B0000000F804E494F80001020202020000E045
:10A6C0009CF0800002030000030204FC2424D80054
:10A6D000020302020100F80404040C000102020259
:10A6E000010004FC0404F80002030202010004FC5F
:10A6F00024740C0002030202030004FC24740C0006
:10A70000020302000000F0080444CC4000010202F1
:10A71000010004FC2020FC040203000003020404E6
:10A72000FC040400020203020200000404FC04040E
:10A7300006040403000004FC24D00C0402030200FD
:10A74000030204FC04000000020302020203FC3CBA
:10A75000C03CFC0003000300030004FC30C4FC0404
:10A76000020302000300F8040404F80001020202DC
:10A77000010004FC24241800020302000000F884F5
:10A780008404F80001020207050004FC2464980018
:10A79000020302000302182424448C000302020274
:10A7A00001000C04FC040C0000020302000004FC85
:10A7B0000000FC04000102020100047C80E01C0493
:10A7C0000000030000001CE03CE01C00000300034C
:10A7D0000000049C609C0400020300030200041CAF
:10A7E000E01C04000002030200000C84641C04004E
:10A7F0000203020203000000FE0202000000070440
:10A800000400000E30C00000000000010200000241
:10A8100002FE00000004040700000004020400001F
:10A820000000000000000000000000000808080808
:10A8300008080000020000000000000000000040C6
:10A84000A0A0C00000010202030204FC2020C000FE
:10A8500000030202010000C020206000000102028B
:10A86000020000C02024FC0000010202030200C01C
:10A87000A0A0C0000001020202000020F82424046D
:10A880000002030202000040A0A0602000070A0AA4
:10A890000A0404FC2020C00002030200030200207E
:10A8A000E4000000000203020000000020E40000B9
:10A8B00008080807000004FC80E0202002030200D2
:10A8C00003020404FC000000020203020200E02074
:10A8D000E020C00003000300030020E02020C000AF
:10A8E00002030200030200C02020C0000001020297
:10A8F000010020E02020C000080F0A02010000C073
:10A900002020E0000001020A0F0820E04020200083
:10A910000203020000000060A0A02000000202026A
:10A9200003000020F820000000000102020020E0E7
:10A930000020E00000010202030220E020806020ED
:10A940000000030100006080E0806000000300035D
:10A95000000020608060200002030003020020E06D
:10A96000208060200808070100000020A06020006F
:10A97000000203020200000020DE020000000007C7
:10A980000400000000FF00000000000F00000002B3
:10A99000DE2000000004070000000201020404029F
:10A9A00000000000000000000000000000000000A7
:10A9B000000000000000000000F80000000000009F
:10A9C00000333000000000100C06100C06000000E0
:10A9D00000000000000040C07840C0784000043F04
:10A9E00004043F040400007088FC083000000018D4
:10A9F00020FF211E0000F008F000E01800000021F8
:10AA00001C031E211E0000F00888700000001E219B
:10AA100023241927211010160E000000000000004A
:10AA2000000000000000000000E018040200000028
:10AA300000071820400000020418E0000000004059
:10AA4000201807000000404080F0804040000202D3
:10AA5000010F01020200000000F0000000000101EF
:10AA6000011F01010100000000000000000080B093
:10AA70007000000000000000000000000000000165
:10AA80000101010101010000000000000000003090
:10AA9000300000000000000000008060180400602A
:10AAA00018060100000000E010080810E000000F88
:10AAB000102020100F00001010F8000000000020EF
:10AAC000203F202000000070080808887000003037
:10AAD00028242221300000300888884830000018DF
:10AAE000202020110E000000C02010F800000007F8
:10AAF0000424243F240000F808888808080000196E
:10AB0000212020110E0000E0108888180000000F9E
:10AB1000112020110E0000380808C8380800000075
:10AB2000003F000000000070880808887000001CCA
:10AB3000222121221C0000E010080810E000000083
:10AB4000312222110F00000000C0C00000000000F0
:10AB50000030300000000000008000000000000015
:10AB6000806000000000000080402010080000010C
:10AB700002040810200040404040404040000404CF
:10AB80000404040404000008102040800000002099
:10AB9000100804020100007048080808F0000000D6
:10ABA000003036010000C030C828E810E000071867
:10ABB000272423140B000000C038E0000000203CD4
:10ABC00023020227382008F8888888700000203F78
:10ABD000202020110E00C03008080808380007188F
:10ABE00020202010080008F808080810E000203F86
:10ABF000202020100F0008F88888E8081000203F67
:10AC000020202320180008F88888E8081000203F3A
:10AC1000200003000000C0300808083800000718B2
:10AC20002020221E020008F808000008F808203F33
:10AC3000210101213F20000808F808080000002039
:10AC4000203F2020000000000808F8080800C0800D
:10AC500080807F00000008F888C028180800203F86
:10AC600020012638200008F8080000000000203FDE
:10AC700020202020300008F8F800F8F80800203FD5
:10AC8000003F003F200008F830C00008F808203FCF
:10AC9000200007183F00E01008080810E0000F101F
:10ACA000202020100F0008F808080808F000203FB6
:10ACB000210101010000E01008080810E0000F1851
:10ACC000242438504F0008F8888888887000203F76
:10ACD0002000030C30200070880808083800003875
:10ACE000202121221C00180808F80808180000007C
:10ACF000203F2000000008F808000008F808001FA6
:10AD0000202020201F000878880000C83808000094
:10AD100007380E010000F80800F80008F800033CAE
:10AD20000700073C03000818688080681808203076
:10AD30002C03032C30200838C800C8380800000055
:10AD4000203F2000000010080808C83808002038FC
:10AD5000262120201800000000FE02020200000050
:10AD6000007F40404000000C30C0000000000000A8
:10AD700000010638C00000020202FE000000004090
:10AD800040407F00000000000402020204000000B6
:10AD900000000000000000000000000000008080B3
:10ADA000808080808080000202040000000000009B
:10ADB000000000000000000080808080000000197A
:10ADC000242222223F2008F8008080000000003F5B
:10ADD000112020110E000000008080800000000E75
:10ADE000112020201100000000808088F800000E53
:10ADF000112020103F200000808080800000001F74
:10AE0000222222221300008080F0888888180020E7
:10AE1000203F202000000000808080808000006BA8
:10AE200094949493600008F8008080800000203F94
:10AE3000210000203F2000809898000000000020A2
:10AE4000203F20200000000000809898000000C0F3
:10AE50008080807F000008F8000080808000203F14
:10AE600024022D302000000808F800000000002017
:10AE7000203F202000008080808080808000203F54
:10AE800020003F20003F8080008080800000203F25
:10AE9000210000203F200000808080800000001FF3
:10AEA000202020201F00808000808000000080FF84
:10AEB000A12020110E000000008080808000000E84
:10AEC000112020A0FF8080808000808080002020D2
:10AED0003F2120000100000080808080800000333E
:10AEE000242424241900008080E0808000000000D9
:10AEF000001F202000008080000000808000001FD4
:10AF0000202020103F208080800000808080000171
:10AF10000E300806010080800080008080800F30A5
:10AF20000C030C300F000080800080808000002027
:10AF3000312E0E3120008080800000808080808152
:10AF40008E701806010000808080808080000021C3
:10AF5000302C2221300000000000807C0202000022
:10AF60000000003F404000000000FF000000000023
:10AF70000000FF0000000002027C80000000004092
:10AF8000403F00000000000601010202040400002E
:10AF900000000000000000000000000000000000B1
:10AFA00000000000000000000000000000000000A1
:10AFB000000000000000000000000000000000F0A1
:10AFC000F0F0000000000000000000017F01000020
:10AFD000000000000000001C1C1C0000000000001D
:10AFE0008060301C8C60301C0C00000000000000F1
:10AFF0000000000000000000000000000000000051
:10B000000000000000E00000000000E000000086FA
:10B01000E69F86868686E69F860000011F01010165
:10B0200001011F010100000080C06020F820E0C085
:10B030000000000003070C18FF70E1810000000011
:10B04000070F10107F100F07000080602060800045
:10B050000000E02000000F3020309F70DC371030FF
:10B06000C0000000100E03000718101807000000B1
:10B07000C02020E0C0000000000080E01F38E8870A
:10B0800003C43C040000070F1810100B070D10102C
:10B09000080000808C4C3800000000000000000018
:10B0A00000000000000000000000000000000000A0
:10B0B00000000000000000000000000080E03008F8
:10B0C00004000000000000FEFF010000000000007E
:10B0D00000000000030F1820400000040830E0804A
:10B0E0000000000000000000000001FFFE00000062
:10B0F0000000004020180F030000000000000000C6
:10B1000000000000C00000000000004266663C181D
:10B11000FF183C66664200000000000003000000CB
:10B12000000000000000000080000000000000108F
:10B1300010101010FF101010101000000000000080
:10B1400003000000000000000000000000000000FC
:10B15000000000000000000000000000000000806F
:10B160008C4C3800000000000000000000000000CF
:10B17000000000000000001010101010101010103F
:10B1800010000000000000000000000000000000AF
:10B1900000000000000000000000000000000000AF
:10B1A00000000000000000001C1C1C00000000004B
:10B1B00000000000000000000000E0380C0000006B
:10B1C000000080701C03000000000060380E0100C9
:10B1D000000000000000000080C060202060C080EF
:10B1E000000000FEFF010000000001FFFE00000162
:10B1F000070E181010180E0701000000808080C094
:10B20000E000000000000000000000FFFF00000060
:10B21000000000001010101F1F1010100000008010
:10B22000402020202060C0800000000303008040F8
:10B2300020381F070000001C1A1918181818181FAA
:10B2400000000080C020202060C0800000000003BB
:10B2500003001010182FE780000000070F101010D7
:10B2600010180F070000000000000000C0E0F00010
:10B27000000000C0B088868180FFFF808000000051
:10B2800000000010101F1F1010000000E060606040
:10B2900060606060000000003F1008080818F0E0DF
:10B2A000000000070B101010101C0F03000000001E
:10B2B00080C040202020E0C0000000FCFF211008DA
:10B2C000080818F0E0000001070C18101010080F13
:10B2D00003000000C0E06060606060E060000000AB
:10B2E00003000000E0180700000000000000001F3D
:10B2F0001F00000000000080C0602020202060C0EF
:10B3000080000087EF2C1818303068CF83000007CA
:10B310000F0810101010180F07000000C0C02020E8
:10B320002020C0800000001F3F604040402010FFF0
:10B33000FE0000000C1C101010080F03000000009D
:10B340000000000000000000000000000000000EEF
:10B350000E0E0000000000000000001C1C1C00007D
:10B3600000000000000000000000000000000000DD
:10B370000000000C0C00000000000000000000585D
:10B3800038000000000000000000000000804020A5
:10B39000100000001028448201000000000000009E
:10B3A000000000000102040810000000000000007E
:10B3B00000000000000000848484848484848484E9
:10B3C00084000000000000000000000000000000F9
:10B3D000102040800000000000000000000000007D
:10B3E000018244281000000010080402010000003F
:10B3F000000000C020201010101030E0C00000033A
:10B40000030000F010080C070300000000001C1CE3
:10B410001C0000000000000000C040602020204010
:10B42000C00000FCFF01F00E03C1FE03807F00019D
:10B43000070E08111110110904020000000080E03D
:10B44000E000000000000000807C4340477FF8805F
:10B45000000010181F1000000000131F1C1020E037
:10B46000E02020202060C080000000FFFF101010AE
:10B4700010182FE78000101F1F1010101010180F49
:10B480000700000080C0402020202060E00000FC79
:10B49000FF0100000000000001000001070E18106D
:10B4A00010100804030020E0E02020202040C0808D
:10B4B000000000FFFF000000000001FFFE00101F61
:10B4C0001F10101018080E07010020E0E0202020B7
:10B4D00020202060800000FFFF101010107C000072
:10B4E0000000101F1F10101010101018060020E090
:10B4F000E020202020206060800000FFFF1010105E
:10B50000107C00000100101F1F1000000000000050
:10B510000000000080C06020202040E0000000FC0F
:10B52000FF0100004040C0C140400001070E18105C
:10B5300010100F0F000020E0E0200000000020E0CD
:10B54000E02000FFFF101010101010FFFF00101F70
:10B550001F1000000000101F1F100000202020E01E
:10B56000E020202000000000000000FFFF0000009D
:10B57000000000001010101F1F101010000000002D
:10B580000000202020E0E02020200000000000003B
:10B5900000FFFF0000000060E0808080C07F3F006F
:10B5A000000020E0E020000020A06020200000FF3C
:10B5B000FF30187CE3C000000000101F1F100000C7
:10B5C00001131F1C181020E0E02000000000000004
:10B5D000000000FFFF000000000000000000101F3E
:10B5E0001F10101010101018060020E0E0E00000FE
:10B5F0000000E0E0E02000FF013FFEC0E01E01FF90
:10B60000FF00101F1000031F0300101F1F1020E079
:10B61000E0C0000000000020E02000FF0003071C45
:10B6200078E08000FF00101F100000000000030FF2
:10B630001F00000080C060202060C080000000FE6D
:10B64000FF010000000000FFFE000001070E1810BF
:10B6500010180C07010020E0E0202020202060C00E
:10B66000800000FFFF2020202020301F0F00101F2F
:10B670001F100000000000000000000080C06020DB
:10B680002060C080000000FEFF010000000000FFFD
:10B69000FE000001070E1111133C7C67210020E021
:10B6A000E0202020202060C0800000FFFF1010302C
:10B6B000F0D0080F0700101F1F10000000030F1C20
:10B6C00010100080C060202020204040E0000007D3
:10B6D0000F0C1818303060E08100001F0C081010AB
:10B6E0001010180F07008060202020E0E0202020AC
:10B6F00060800100000000FFFF000000000100006A
:10B700000000101F1F100000000020E0E0200000DB
:10B7100000000020E02000FFFF000000000000000B
:10B72000FF0000070F18101010101008070020600D
:10B73000E0E02000000020E060200000077FF880AB
:10B7400000807C03000000000000071F1C070000B1
:10B75000000020E0E02000E0E0200020E0200007E2
:10B76000FFF8E01FFFFCE01F00000000031F0300C4
:10B77000011F03000000002060E0A0000020E06046
:10B780002000000000038F7CF8C6010000000010BC
:10B79000181E130001171F1810002060E0E02000A1
:10B7A000000020E06020000001073EF8E0180700DC
:10B7B000000000000010101F1F101000000000808B
:10B7C0006020202020A0E0E0200000000000C0F069
:10B7D0003E0F0300000000101C1F1710101010185F
:10B7E00006000000000000FC040404040400000043
:10B7F000000000FF00000000000000000000007FCB
:10B80000404040404000000010E000000000000008
:10B81000000000000000031C608000000000000029
:10B820000000000000030C70800000000404040409
:10B8300004FC0000000000000000000000FF000009
:10B840000000000040404040407F00000000000039
:10B850000010080C040C081000000000000000009C
:10B8600000000000000000000000000000000000D8
:10B8700000000000000000000000000000000000C8
:10B8800000000000000000000000808080808080B8
:10B890008080808080800000000404080800000090
:10B8A0000000000000000000000000000000000098
:10B8B0000000000000000000000000000000000088
:10B8C000000000000000000098D844642424FCF824
:10B8D0000000000F1F18101010081F1F1018002064
:10B8E000E0F000000000000000000000FFFF18086A
:10B8F00004040CF8F00000001F0F18101010180FAF
:10B90000030000000000000000000000000000E054
:10B91000F8180404043C3800000000030F0C101059
:10B920001010080600000000000000000020E0F0F9
:10B93000000000E0F81C04040408FFFF00000003FE
:10B940000F18101010081F0F080000000000000062
:10B950000000000000000000E0F8484444444C7837
:10B9600070000000030F0C181010100804000000F5
:10B97000000080C0602020E0C00000040404FFFF3D
:10B98000040404040000000010101F1F1010100019
:10B9900000000000000000000000000000000000A7
:10B9A00070F88C04048CF874040C007076CF8D8DC4
:10B9B0008D89C87870000020E0F0000000000000D1
:10B9C00000000000FFFF08040404FCF80000001061
:10B9D0001F1F100000101F1F10000000000000605B
:10B9E0006000000000000000040404FCFC000000F3
:10B9F000000000001010101F1F10101000000000A9
:10BA0000000000000060600000000000000004046E
:10BA100004FCFC0000000000C0C08080C07F3F002C
:10BA200000000020E0F00000000000000000000026
:10BA3000FFFF80C0F41C0404000000101F1F110051
:10BA4000031F1C1010000000202020E0F000000068
:10BA500000000000000000FFFF00000000000000E8
:10BA60001010101F1F101010000000000000000038
:10BA700000000000000004FCFC0804FCFC0804FCBE
:10BA8000FC00101F1F10001F1F10001F1F100000C0
:10BA9000000000000000000000000004FCFC08089A
:10BAA0000404FCF8000000101F1F100000101F1FEE
:10BAB000100000000000000000000000000000E096
:10BAC000F0180C04040C18F0E00000030F0C101028
:10BAD00010100C0F03000000000000000000000028
:10BAE00000000004FCFC080404040CF8F0000080D2
:10BAF000FFFF889010101C0F0300000000000000E2
:10BB000000000000000000E0F81C04040408F8FC39
:10BB1000000000030F1810109088FFFF8000000045
:10BB200000000000000000000000040404FCFC1001
:10BB30000804040C0C001010101F1F10101000003F
:10BB400000000000000000000000000000000000F5
:10BB50003078CCC48484840C1C0000001E181010A3
:10BB60001011190F06000000000000C000000000C6
:10BB7000000000040404FFFF0404040000000000AF
:10BB800000000F1F1010100C00000000000000004B
:10BB90000000000000000004FCFE00000004FCFEA9
:10BBA000000000000F1F181010081F0F08000000F1
:10BBB0000000000000000000000000040C3CFCC479
:10BBC0000000C43C0C0400000000010F1E0E010028
:10BBD0000000000000000000000000000000043C25
:10BBE000FCC400E47CFC84807C040000071F070088
:10BBF00000071F0700000000000000000000000018
:10BC000000000004041C7CE4C0341C040400001088
:10BC1000101C1601131F1C1810000000000000006B
:10BC200000000000000000040C3CFCC400C43C0404
:10BC300004000000C080C1370E01000000000000B9
:10BC40000000000000000000000000001C0404C40C
:10BC5000F47C1C0400000000101C1F1711101018A9
:10BC60000E0000000000000000F80C0400000000BE
:10BC70000000001028EF000000000000000000009D
:10BC8000003F60400000000000000000FF000000D6
:10BC90000000000000000000FF00000000000000A5
:10BCA00000000000FF00000000000000040CF8008D
:10BCB00000000000000000000000EF28100000005D
:10BCC0000000000040603F0000000000000000187D
:10BCD00006020204081020203008000000000000C6
:10BCE0000000000000000000000000000000000054
:10BCF00000000000F010101010FF10101010F000E5
:10BD0000000000000F04040404FF040404040F00F6
:10BD100000004040405F555555755555555F4040B2
:10BD200040000040200F094989790909090F204086
:10BD3000000000FE02424ACA4A4ACA4A4A4202FE79
:10BD4000000000FF40504C4340404F50505C40FFCB
:10BD500000000000F888888888FF88888888F800B4
:10BD6000000000001F080808087F888888889F80D6
:10BD7000F00080828282828282E2A2928A8682801F
:10BD80008000000000000040807F000000000000F4
:10BD90000000101010FF109008888888FF8888889D
:10BDA00008000444827F01808040432C1028468193
:10BDB00080000010101010D030FF30D0121C101076
:10BDC000000010080402010000FF00000102040846
:10BDD000100004040484E43C2724242424E4040400
:10BDE000040004020100FF0909090949897F0000D4
:10BDF000000000FE225A8600FE9292929292FE006D
:10BE0000000000FF04080700FF4020030C1422413B
:10BE10004000008040201806800007182040800065
:10BE20000000010020702826212020243860000115
:10BE30000100001012929292929292121202FE004F
:10BE400000000000003F101010103F0040807F00F5
:10BE50000000000000C080808080808080FC8480A2
:10BE60008080808080C0C0000000000000FF7F4014
:10BE70004040404040FF40404040404040FF7F0045
:10BE8000000000000000000000000000007F7000C3
:10BE900000000000000000000000000000000000A2
:10BEA000000000000000000000FCF800000000009E
:10BEB0000000000000000000000000000000FFFE85
:10BEC000020202020202020202FFFF020202020258
:10BED00002020202FF0300000000000000001F1F1A
:10BEE000040404040404040404FFFF04040404041C
:10BEF000040404041F000000000000000000000013
:10BF00000000000000000000007F3F000000000073
:10BF10000000000000000000000000000000000021
:10BF20000000000000000000000000000000000011
:10BF300000000000000000F8F8F0F07020000000A1
:10BF400000000000000000000000000000000000F1
:10BF500000000000000000000000000000000000E1
:10BF60000000800000000000000000000000000051
:10BF700000000000000000FFFFFFFF0000000000C5
:10BF800000000000000000000000000000008080B1
:10BF900000000000000000000000000000000000A1
:10BFA000000000FFFFFE0606060606060606060659
:10BFB00006060606060606FFFFFFFF06060606063D
:10BFC00006060606060606060606060606FFFFFF26
:10BFD000FF07020000000000000000000000000059
:10BFE000000000FFFFFF0000000000000000000054
:10BFF00000000000000000FFFFFFFF000000000045
:10C0000000000000000000000000000000FFFFFF33
:10C01000FF00000000000000000000000000000021
:10C02000000000FFFFFF1818181818181818181823
:10C0300018181818181818FFFFFFFF1818181818E4
:10C0400018181818181818181818181818FFFFFFBB
:10C05000FF000000000000000000000000000000E1
:10C0600000000201010000000000000000000000CC
:10C0700000000000000000FFFFFFFF0000000000C4
:10C0800000000000000000000000000000010100AE
:10C0900000000000000000000000000000000000A0
:10C0A0000000000000000000000000000000000090
:10C0B00000000000000000FFFFFFFF000000000084
:10C0C0000000000000000000000000000000000070
:10C0D0000000000000000000000000000000000060
:10C0E0000000000000000000000000000000000050
:10C0F000000000000000001F1F0F0F0000000000E4
:10C10000000000000000000000000000000000002F
:10C1100000000000000000000000000075191A0C6B
:10C120006A231B1C1F207274433B4138393A6B6CE5
:10C13000376F06246D6E70006800000476005401AD
:10C14000F7FD000183000000000800000001001856
:10C1500032000500000020410000D242295C0F3E61
:10C160009A99993E3333733F295C0F3E000070006B
:10C1700000000024000000020003000000650054DD
:10C18000FFEF0000FA80000B12820001030C30C3A5
:10C190000E8C8CE914D5400213710F8E3883F8830E
:10C1A0003000F883258EF8833000F883FFFFFFFF0F
:10C1B0000FFEA9D6240004001A8279A10000003CD9
:10C1C000FFFF00000010000038836FA2003E033024
:10C1D0004000000002CAE3093E8000002000000089
:10C1E000000000004000000060000000000C0000A3
:10C1F000000C186E000006920A16C0DFFFFF025600
:10C20000FD8CD377FFE1C496E0C5BEAA0000000014
:10C21000FFFF0B2B000016570000035940000000E1
:10C2200000001DFA00026C1D000000003FFFDFEB64
:10C23000003EB3B6000D227800002F3C0000000045
:10C24000001942B5000039A20000B365D90E9FC99C
:10C250001DCF4C3430000000500000003BB67AE89F
:10C260000064000000C80000000000001000000092
:10C270001000FA921000225E000D229F00010000C3
:10C2800000320000FF46000063D4000010000000F0
:10C2900004D6000004CC000004CC000000001072A2
:10C2A0000000004000000000000000000006000246
:10C2B000000500070000000000640000000000000E
:10C2C00000000005000500640020000000000000E0
:10C2D00000000000000040000000030000000032E9
:10C2E000F8980000FF650000830F0000FF9BFC0032
:10C2F000000000000000000000000000000000003E
:10C30000000000000000000000000000000000002D
:10C3100000000000000000000000100040000000CD
:10C32000000000060000B26A000200000001FB836A
:10C330000068000000D9FC007CF1FF8300000000D1
:10C3400000650000006403E8006400280000002588
:10C350000000000016A00000000010000000100007
:10C36000002F0000000001F4000010000028000071
:10C37000FFFF4581FFFFFA7200000000000000008F
:10C38000004400050005BAC6004778A2000000017D
:10C390000000000000000600000000140000254D11
:10C3A000002F706D000005AE000C02D000000000F0
:10C3B000000000000000000000000000001B000062
:10C3C0000000000000000000000000000064000009
:10C3D0000008000000000000000000000000000055
:10C3E000000000000000000000000000000000004D
:10C3F000000000000000000000000000000000003D
:10C40000000000000000000000000000000000002C
:10C41000000000000000000000000000000000001C
:10C42000000000000000000000000000001B0000F1
:10C430000000000000000000000E000E00000AC70F
:10C440000004000000000032FFFFFF9C00000B2BE7
:10C45000000000020000000100000064FFE5000091
:10C4600000000000000000000000000000000001CB
:10C47000000000000001000000000000000180003A
:10C480000001800000018000002426D3000000008D
:10C4900000000000000600100096003C00000000B4
:10C4A0000000000000000000000000000C0A4E68C0
:10C4B000CDCF770950166759C619CE82000000000B
:10C4C000000000000000000000000000000000006C
:10C4D0000000000017D784000300000000000000E7
:10C4E00000000000C7938F9D1E1B1C190000000058
:10C4F000000000000000000000000000000000003C
:10C500000000000002031885000040000000000346
:10C5100000000003000000000000000040000000D8
:10C52000000000000000000000000000000000000B
:10C5300000000000000000000000000000000000FB
:10C5400000000000000000000000000000000000EB
:10C55000677DDF7E72902E554CF6E6880000000065
:10C56000000000000000000000000000D8DCB4B8AB
:10C57000B0D8B9ABF3F8FAB3B7BB8E9EAEF132F5D3
:10C580001BF1B4B8B08097F1A9DFDFDFAADFDFDFEE
:10C59000F2AAC5CDC7A90CC92C97F1A98926466670
:10C5A000B28999A92D557DB0B08AA896365676F1F4
:10C5B000BAA3B4B280C0B8A89711B28398BAA3F056
:10C5C000240844106418B2B9B49883F1A329557DA6
:10C5D000BAB5B1A38393F0002850F5B2B6AA8393FD
:10C5E00028547CF1B9A3829361BAA2DADEDFDB8141
:10C5F0009AB9AEF5606870F1DABAA2DFD9BAA2FAD8
:10C60000B9A38292DB31BAA2D9BAA2F8DF85A4D04D
:10C61000C1BBAD83C2C5C7B8A2DFDFDFBAA0DFDF11
:10C62000DFD8D8F1B8AAB38DB4980D355DB2B6BADB
:10C63000AF8C96198F9FA70E161EB49AB8AA872C96
:10C64000547CBAA4B08AB691325676B28494A4C807
:10C6500008CDD8B8B4B0F19982A82D557D98A80E10
:10C66000161EA22C547C92A4F02C5078F184A89829
:10C67000C4CDFCD80DDBA8FC2DF3D9BAA6F8DABAE4
:10C68000A6DED8BAB2B68696A6D0F3C841DAA6C856
:10C69000F8D8B0B4B882A892F52C548898F135D95E
:10C6A000F418D8F1A2D0F8F9A884D9C7DFF8F88334
:10C6B000C5DADF69DF83C1D8F40114F1A8824EA87E
:10C6C00084F311D182F5D992289788F109F41C1CC2
:10C6D000D884A8F3C0F9D1D99782F129F40DD8F301
:10C6E000F9F9D1D982F4C203D8DEDF1AD8F1A2FA5F
:10C6F000F9A88498D9C7DFF8F8F883C7DADF69DFCB
:10C70000F883C3D8F40114F198A8822EA884F311F9
:10C71000D182F5D992509788F109F41CD884A8F3F6
:10C72000C0F8F9D1D99782F149F40DD8F3F9F9D1CC
:10C73000D982F4C403D8DEDFD8F1AD8898CCA8093B
:10C74000F9D98292A8F57CF1883ACF944A6E98DBA9
:10C750006931DAADF2DEF9D88795A8F221D1DAA5F0
:10C76000F9F417D9F1AE8ED0C0C3AE82C684C3A887
:10C770008595C8A588F2C0F1F4010EF18E9EA8C679
:10C780003E56F554F18872F40115F19845856EF521
:10C790008E9E0488F142985A8E9E068869F4011C88
:10C7A000F1981E1108D0F504F11E97020298362563
:10C7B000DBF9D985A5F3C1DA85A5F3DFD88595A87E
:10C7C000F309DAA5FAD88292A8F578F1881A849F3D
:10C7D00026889821DAF41DF3D8879F39D1AFD9DFA5
:10C7E000DFFBF9F40CF3D8FAD0F8DAF9F9D0DFD995
:10C7F000F9D8F40BD8F3879F39D1AFD9DFDFF41D17
:10C80000F3D8FAFCA869F9F9AFD0DADEFAD9F88FD3
:10C810009FA8F1CCF398DB45D9AFDFD0F8D8F18FE2
:10C820009FA8CAF38809DAAF8FCBF8D8F2AD978DFD
:10C830000CD9A5DFF9BAA6F3FAF412F2D8950DD106
:10C84000D9BAA6F3FADAA5F2C1BAA6F3DFD8F1BADB
:10C85000B2B68696A6D0CAF349DAA6CBF8D8B0B459
:10C86000B8D8AD84F2C0DFF18FCBC3A8B2B686963C
:10C87000C8C1CBC3F3B0B48898A821DB718D9D717A
:10C88000859521D9ADF2FAD88597A828D9F408D88A
:10C89000F28D29DAF405D9F285A4C2F2D8A88D94D4
:10C8A00001D1D9F411F2D88721D8F40AD8F28498AA
:10C8B000A8C801D1D9F411D8F3A4C8BBAFD0F2DE17
:10C8C000F8F8F8F8F8F8F8F8D8F1B8F6B5B9B08A89
:10C8D00095A3DE3CA3D9F8D85CA3D9F8D87CA3D91A
:10C8E000F8D8F8F9D1A5D9DFDAFAD8B18530F7D977
:10C8F000DED8F830ADDADED8F2B48C99A32D557DB0
:10C90000A083DFDFDFB591A0F629D9FBD8A0FC29F1
:10C91000D9FAD8A0D051D9F8D8FC51D9F9D879D9B9
:10C92000FBD8A0D0FC79D9FAD8A1F9F9F9F9F9A086
:10C93000DADFDFDFD8A1F8F8F8F8F8ACDEF8ADDE22
:10C940008393AC2C547CF1A8DFDFDFF69D2CDAA0BA
:10C95000DFD9FADB2DF8D8A850DAA0D0DED9D0F88C
:10C96000F8F8DB55F8D8A878DAA0D0DFD9D0FAF8F3
:10C97000F8F8F8DB7DF8D89CA88CF530DB38D9D0F6
:10C98000DEDFA0D0DEDFD8A848DB58D9DFD0DEA0BC
:10C99000DFD0DED8A868DB70D9DFDFA0DFDFD8F119
:10C9A000A888902C547C98A8D05C38D1DAF2AE8C50
:10C9B000DFF9D8B087A8C1C1B188A8C6F9F9DA36BD
:10C9C000D8A8F9DA36D8A8F9DA36D8A8F9DA36D8F4
:10C9D000A8F9DA36D8F78D9DADF818DAF2AEDFD8BF
:10C9E000F7ADFA30D9A4DEF9D8F2AEDEFAF983A7B2
:10C9F000D9C3C5C7F1889BA77AADF7DEDFA4F88459
:10CA00009408A797F300AEF29819A488C6A3948857
:10CA1000F632DFF28393DB09D9F2AADFD8D8AEF879
:10CA2000F9D1DAF3A4DEA7F1889B7AD8F38494AE27
:10CA300019F9DAAAF1DFD8A881C0C3C5C7A39283C8
:10CA4000F628ADDED9F8D8A350ADD9F8D8A378AD83
:10CA5000D9F8D8F8F9D1A1DADEC3C5C7D8A1819435
:10CA6000F818F2B089ACC3C5C7F1D8B8B4B097868E
:10CA7000A8319B069907AB9728889BF00C2014409F
:10CA8000B0B4B8F0A88A9A285078B79BA8295179F1
:10CA9000247059446938644831F1BBAB88002C5488
:10CAA0007CF0B38BB8A804285078F1B088B49726EE
:10CAB000A85998BBABB38B02264666B0B8F08A9CE7
:10CAC000A82951798B2951798A2470598B20587162
:10CAD0008A4469388B3940688A6448318B304960B0
:10CAE00088F1AC002C547CF08CA804285078F18894
:10CAF0009726A85998AC8C02264666F0899CA829EE
:10CB00005179247059446938644831A988092059F9
:10CB100070AB11384069A8193148608CA83C415C61
:10CB2000207C00F187981986A86E767EA999882DB9
:10CB3000557DD8B1B5B9A3DFDFDFAED0DFAAD0DE37
:10CB4000F2ABF8F9D9B087C4AAF1DFDFBBAFDFDF02
:10CB5000B9D8B1F1A3978E60DFB084F2C8F8F9D9E3
:10CB6000DED89385F14AB183A308B5839A0810B73C
:10CB70009F10D8F1B0BAAEB08AC2B2B68E9EF1FBA9
:10CB8000D9F41DD8F9D90CF1D8F8F8AD61D9AEFBBC
:10CB9000D8F40CF1D8F8F8AD19D9AEFBDFD8F416FB
:10CBA000F1D8F8AD8D61D9F4F4ACF59C9C8DDF2BF8
:10CBB000BAB6AEFAF8F40BD8F1AED0F8AD51DAAEA1
:10CBC000FAF8F1D8B9B1B6A3839C08B9B1839AB584
:10CBD000AAC0FD3083B79F10B58B93F20202D1AB90
:10CBE000DADED8F1B080BAABC0C3B284C1C3D8B169
:10CBF000B9F38BA391B609B4D9ABDEB0879CB9A3C6
:10CC0000DDF1B38B8B8B8B8BB087A3A3A3A3B28BEC
:10CC1000B69BF2A3A3A3A3A3A3A3A3A3A3F1B0874B
:10CC2000B59AA3F39BA3A3DCBAACDFB9A3A3A3A3D8
:10CC3000A3A3A3A3A3A3A3A3A3A3A3A3D8D8D8BB0D
:10CC4000B3B7F1AAF9DAFFD9809AAA28B48098A7D5
:10CC500020B79787A86688F07951F1902C870CA7A8
:10CC600081976293F071716085940129517990A543
:10CC7000F1284C6C870C95188578A38390284C6C10
:10CC8000886CD8F3A28200F210A8921980A2F2D97F
:10CC900026D8F188A84DD948D896A83980D93CD84B
:10CCA0009580A839A68698D92CDA87A72CD8A88988
:10CCB0009519A980D938D8A88939A980DA3CD8A88B
:10CCC0002EA83990D90CD8A8953198D90CD8A80994
:10CCD000D9FFD801DAFFD89539A9DA26FFD890A86C
:10CCE0000D8999A810809821DA2ED88999A83180C9
:10CCF000DA2ED8A886963180DA2ED8A8873180DA45
:10CD00002ED8A88292F34180F1D92ED8A882F319A7
:10CD100080F1D92ED882ACF3C0A28022F1A62EA732
:10CD20002EA92298A829DAACDEFFD8A2F22AF1A90E
:10CD30002E8292A8F23180A696F1D900AC8C9C0C80
:10CD400030ACDED0DEFFD88C9CACD010ACDE809254
:10CD5000A2F24C82A8F1CAF235F19688A6D900D881
:10CD6000F1FF3031323334353637383941424344BC
:10CD70004546403058003031323334353637383953
:10CD8000616263646566403078000400000800005A
:10CD90000000000000020001000010000000000080
:10CDA000555555555555C53F7D6FEB0312D6D4BF2C
:10CDB0005544880E55C1C93F3B8F68B52882A4BF32
:10CDC00088B20175E0EF493F09F7FD0DE13D023FF3
:10CDD0004B2D8A1C273A03C0C88A599CE52A00407B
:10CDE00059018D1B6C06E6BF82922EB1C5B8B33FC8
:10CDF0004FBB610567ACDD3F182D4454FB21E93F73
:10CE00009BF681D20B73EF3F182D4454FB21F93F61
:10CE1000E2652F227F2B7A3C075C143326A6813CE7
:10CE2000BDCBF07A8807703C075C143326A6913C92
:10CE3000C4EB98999999C9BF711623FEC671BCBFFE
:10CE40006D9A74AFF2B0B3BF9AFDDE522DDEADBF66
:10CE50002F6C6A2C44B4A2BF0D5555555555D53F7E
:10CE6000FF8300922449C23F6E204CC5CD45B73F99
:10CE7000513DD0A0660DB13FEB0D76244B7BA93F11
:10CE800011DA22E33AAD903F0000000000000000FC
:10CE900050726F6475637420494420726561642028
:10CEA0006173203020696E64696361746573206406
:10CEB00065766963652069732065697468657220A9
:10CEC000696E636F6D70617469626C65206F72204A
:10CED000616E204D5055333035302E0A0000000071
:10CEE0003F000000646563006964000072756E7441
:10CEF000696D650068656C70000000006C69737492
:10CF00000000000068657800766F696420777269B8
:10CF100074655F6164647228753332206164647281
:10CF20002C7533322076616C290000007533322075
:10CF3000726561645F616464722875333220616474
:10CF400064722900766F69642064656C61795F6D35
:10CF50007328753136206E6D73290000766F696411
:10CF60002064656C61795F757328753332206E7546
:10CF70007329000094CF0008000000200C0200007C
:10CF8000C4010008FCCF00080C020020C4370000D8
:10CF90002002000811031524F43210026B011AAAB2
:10CFA000010118131CC11B08380401201A4424294C
:10CFB000B4690413E0CE1B08F4041AFC041AE80454
:10CFC0001304CF1B08E4081AEC0413216D1B082C72
:10CFD00010135D8A1B080808132D3A1B0844081A11
:10CFE00071081A5C0822F81420B5781408F570143A
:0CCFF00008A5711C08297940495701D997
:040000050800018965
:00000001FF
