:020000040800F2
:10000000C0C50120A52B0008E9030008EB03000888
:10001000EF030008F3030008F703000800000000E6
:10002000000000000000000000000000FB030008CA
:10003000FD03000800000000FF03000801040008A1
:10004000BF2B0008BF2B0008BF2B0008BF2B0008E8
:10005000BF2B0008BF2B0008BF2B0008BF2B0008D8
:10006000BF2B0008BF2B0008BF2B0008BF2B0008C8
:10007000BF2B0008BF2B0008BF2B0008BF2B0008B8
:10008000BF2B0008BF2B0008BF2B0008BF2B0008A8
:10009000BF2B0008BF2B0008BF2B0008BF2B000898
:1000A000BF2B0008BF2B0008BF2B0008BF2B000888
:1000B000BF2B0008BF2B000851590008BF2B0008B8
:1000C000BF2B0008BF2B0008BF2B0008BF2B000868
:1000D000BF2B00081B2B0008BF2B0008BF2B0008FC
:1000E000BF2B0008BF2B0008BF2B0008BF2B000848
:1000F000BF2B0008BF2B0008BF2B0008BF2B000838
:10010000BF2B000899270008BF2B0008BF2B000851
:10011000BF2B0008BF2B0008BF2B0008BF2B000817
:10012000BF2B0008BF2B0008BF2B0008BF2B000807
:10013000BF2B0008BF2B0008BF2B0008BF2B0008F7
:10014000BF2B0008BF2B0008BF2B0008BF2B0008E7
:10015000BF2B0008BF2B0008BF2B0008BF2B0008D7
:10016000BF2B0008BF2B0008BF2B0008BF2B0008C7
:10017000BF2B0008BF2B0008BF2B0008BF2B0008B7
:10018000BF2B0008BF2B000800F002F800F06DF84C
:100190000AA090E8000C82448344AAF10107DA45E2
:1001A00001D100F062F8AFF2090EBAE80F0013F0C7
:1001B000010F18BFFB1A43F001031847E85803006A
:1001C000085903000A444FF0000C10F8013B13F0EB
:1001D000070408BF10F8014B1D1108BF10F8015BA0
:1001E000641E05D010F8016B641E01F8016BF9D193
:1001F00013F0080F1EBF10F8014BAD1C0C1B09D1EA
:100200006D1E58BF01F801CBFAD505E014F8016B5B
:1002100001F8016B6D1EF9D59142D6D370470000ED
:100220000023002400250026103A28BF78C1FBD8FF
:10023000520728BF30C148BF0B60704764290AF0DD
:10024000558075290AF0528078290AF08B8063293D
:100250000AF0008373290AF00583002070471FB558
:100260000AF09DFB1FBD10B510BD0AF05FFB1146E3
:10027000FFF7F5FF00F010F80AF07DFB03B4FFF77D
:10028000F2FF03BC02F0EAFB30BF72B6704762B601
:10029000704780F308887047ADF50E7D0025002477
:1002A0004FF4A06002F09EFCA82002F055FB4FF432
:1002B000E13002F0E0FB00F0ADF93848416854202D
:1002C000884700F0C7F900F0F3FA002004F007FFB8
:1002D000022004F004FF4FF47840314908800BE01D
:1002E0004FF4FA7002F09AFB2E48006808B901201A
:1002F00000E000202B49086001F022FA0028EFD12D
:1003000009F0E8FA28490122086828A107F07AFCD8
:1003100025490122486826A107F074FC04460D2CEB
:100320000FD14FF48052012121A008F0E0FD0446D6
:100330001CB920A008F0F0FC03E04FF47A7002F042
:100340006DFB07E01748006808B9012000E00020B5
:10035000144908608CAA8DA919A009F057FB002840
:10036000F0D10A2217A102A807F077FC01AB3222D4
:1003700018A102A807F011FE02A807F05BFF0CE02D
:10038000681CC5B2C82002F049FB0648006808B9DD
:10039000012000E0002003490860F1E7600100202F
:1003A00014000020A48242420CBF0120303A000019
:1003B000313A0000313A414C49454E54454B00001A
:1003C00030000000303A2F6D6573736167652E74DD
:1003D00078740000616C69656E74656B2066617489
:1003E0006673207465737400704700BFFEE700BF3A
:1003F000FEE700BFFEE700BFFEE7704770477047AB
:10040000704700000CB5002001900090764800680D
:1004100040F480307449086000BF7348006800F4FD
:10042000003000900198401C0190009818B9019884
:10043000B0F5A04FF1D16C48006800F4003010B165
:100440000120009001E0002000900098012846D192
:1004500065484030006840F0805063494031086092
:100460006248006840F44040604908605E480830D7
:1004700000685D49083108600846006840F40040A3
:1004800008600846006840F4A05008605848091FFA
:100490000860081F006840F08070091F086000BFF6
:1004A0005148006800F000700028F9D040F2057053
:1004B000504908604C480830006820F003004A4961
:1004C000083108600846006840F00200086000BF7C
:1004D00045480830006800F00C000828F8D10CBD31
:1004E00010B54548006840F47000434908603E4834
:1004F000006840F001003C49086000203A4908319A
:100500000860394800683D490840374908603C4860
:10051000091D0860081F006820F48020091F08607A
:10052000002031490C310860FFF76CFF4FF000608C
:1005300031498039086010BD70B5002000220223C7
:1005400000240221284D08352D6805F00C0020B14B
:10055000042806D0082834D107E02A4D2A4E3560F9
:1005600033E02A4D284E35602FE01F4D2D1D2D689C
:10057000C5F380541C4D2D1D2D6805F03F0154B16D
:10058000224DB5FBF1F5184E361D3668C6F38816B8
:1005900005FB06F209E01B4DB5FBF1F5124E361DC9
:1005A0003668C6F3881605FB06F20F4D2D1D2D6823
:1005B000C5F301456D1C6B00B2FBF3F5124E3560BF
:1005C00003E0104D104E356000BF00BF064D0835EA
:1005D0002D68C5F303150E4E705D0B4D2D68C5409B
:1005E000094E356070BD00000038024000700040C8
:1005F00008544007003C024088ED00E0FFFFF6FE93
:10060000103000240024F4000000002000127A00C2
:10061000040000201CB50121202002F065FF4FF4EA
:10062000C060009001208DF8040000208DF80600C5
:1006300003208DF8050001208DF807006946044865
:1006400002F0C6FB4FF4C061014802F03DFC1CBD46
:10065000001402401CB50121112002F045FF1C20AE
:10066000009000208DF8040003208DF80500012083
:100670008DF807006946354802F0AAFB012000907A
:1006800002208DF807006946314802F0A1FB1CBD2D
:1006900010B5044614B101202E4908702D48007889
:1006A000002837D01021294802F0F4FB78B1082146
:1006B000264802F0EFFB50B10421244802F0EAFB87
:1006C00028B10121224802F0E5FB012822D10A20AD
:1006D00002F0A4F900201F49087010211B4802F005
:1006E000D9FB08B9012010BD0821184802F0D2FB3F
:1006F00008B90220F7E70421144802F0CBFB08B93F
:100700000320F0E70121124802F0C4FB01281BD1AD
:100710000420E8E710210D4802F0BCFB012813D1AA
:1007200008210A4802F0B6FB01280DD10421074830
:1007300002F0B0FB012807D10121054802F0AAFB15
:1007400010B90120034908700020CCE700100240D6
:10075000000002401800002010B5044600BF02212E
:10076000414804F075FC0028F9D021463E4804F0C9
:1007700026FC00BF01213C4804F06AFC0028F9D0A7
:10078000394804F019FCC0B210BD00B587B0012192
:10079000084602F0A9FE0121080302F0FFFE3820FE
:1007A000059002208DF8180000208DF81A00032013
:1007B0008DF8190001208DF81B0005A92B4802F0C7
:1007C00007FB05220321294802F08DFB05220421A5
:1007D000264802F088FB05221146244802F083FBDC
:1007E0000121080302F02FFF00214FF4805002F096
:1007F0002AFF0020ADF800004FF48270ADF802002F
:100800000020ADF804000220ADF806000120ADF88C
:1008100008004002ADF80A003820ADF80C000020B6
:10082000ADF80E000720ADF8100069460E4804F040
:100830004BFA01210C4804F041FBFF20FFF78CFF2D
:1008400007B000BD10B50446074800884FF6C771D1
:100850000840054908800846008820430880012197
:10086000014804F02BFB10BD0030014000040240A1
:1008700010B500240020D84908609020FFF76CFFD5
:100880000020FFF769FF0020FFF766FF0020FFF759
:1008900063FFFF20FFF760FF44EA0024FF20FFF71B
:1008A0005BFF04430120CD49C1F8B802204610BDCA
:1008B0001CB50121022002F017FE0121402002F0A8
:1008C00013FE4FF48040009001208DF804000020BA
:1008D0008DF8060003208DF8050001208DF8070033
:1008E0006946BF4802F074FA802000906946BD480E
:1008F00002F06EFA8021BB4802F0E6FA0120B64908
:100900000860FFF742FF0820FFF79CFFFFF7B0FFEA
:10091000B54908801CBD10B500240020AE49086010
:100920000520FFF719FFFF20FFF716FF04460120FF
:10093000AA49C1F8B802204610BD10B504460020EF
:10094000A54908600120FFF707FF2046FFF704FFD5
:100950000120A249C1F8B80210BD10B500209E497F
:1009600008600620FFF7F8FE01209C49C1F8B80294
:1009700010BD10B50020984908600420FFF7ECFE78
:1009800001209649C1F8B80210BD2DE9F041064694
:100990000C4617460020904908600320FFF7DCFE54
:1009A000C4F30740FFF7D8FEC4F30720FFF7D4FED7
:1009B000E0B2FFF7D1FE002505E0FF20FFF7CCFEF7
:1009C0007055681C85B2BD42F7DB01208249086082
:1009D000BDE8F08110B500BFFFF79DFF00F00100FA
:1009E0000028F9D110BD2DE9F04106460C46174606
:1009F000FFF7B3FF0020784908600220FFF7ACFE44
:100A0000C4F30740FFF7A8FEC4F30720FFF7A4FED6
:100A1000E0B2FFF7A1FE002504E0705DFFF79CFE49
:100A2000681C85B2BD42F8DB01206B490860FFF706
:100A3000D1FFBDE8F0812DE9F04107460E4614468E
:100A4000F0B2C0F58075AC4200DC254612E02A46C3
:100A500031463846FFF7C7FFAC4200D10BE02F44C8
:100A60002E44601B84B2B4F5807F02DD4FF48075A4
:100A700000E02546EBE700BFBDE8F08110B5044675
:100A800021465AA009F0D6FB2403FFF766FFFFF7C3
:100A9000A1FF0020504908602020FFF75DFEC4F34D
:100AA0000740FFF759FEC4F30720FFF755FEE0B2F9
:100AB000FFF752FE01204949C1F8B802FFF78AFF4B
:100AC00010BD2DE9F05F81460F461646DFF824B1D0
:100AD0004FEA1738C7F30B0ACAF58054A64200DC68
:100AE000344644E04FEA08314FF480525846FFF74D
:100AF0004CFF002508E00AEB05001BF80000FF286A
:100B000000D003E0681C85B2A542F4DB00BFA5421B
:100B100016DA4046FFF7B2FF002507E019F8050096
:100B200005EB0A010BF80100681C85B2A542F5DB54
:100B30004FEA08314FF480525846FFF77CFF04E03B
:100B4000224639464846FFF776FFA64200D10FE01D
:100B500008F101084FF0000AA1442744301B86B277
:100B6000B6F5805F02DD4FF4805400E03446B9E70B
:100B700000BFBDE8F09F10B5FFF7EFFEFFF72AFFBB
:100B8000002015490860C720FFF7E6FD0120134942
:100B9000C1F8B802FFF71EFF10BD10B500200E49C6
:100BA0000860B920FFF7D8FD01200C49C1F8B80250
:100BB000032001F0EBFE10BD10B5002006490860CF
:100BC000AB20FFF7C9FD01200449C1F8B80203209A
:100BD00001F0DCFE10BD0000B882404200804042BF
:100BE00000040240001802401A00002066653A2501
:100BF000780D0A006C0200200020FE490860091DE3
:100C00000860091D0860091D0860FA492431086060
:100C1000091D0860091D0860F748F6493831086069
:100C20000020091D0860704701460020012900D0FE
:100C300011B9F24B197000E0262070470146ED4AC9
:100C4000121D106820F0FF0008431060704770B557
:100C5000044606E0E7483430056805F0450000B179
:100C600000E0F7E700BF042002F03EFA20B10420C4
:100C700002F045FA032070BD012002F035FA20B1E0
:100C8000012002F03CFA0120F5E7DA481030006854
:100C9000A04201D01020EEE740F2FF5002F02FFA00
:100CA000D4481430006808210840C0B2E3E72DE9B9
:100CB000FC4107460D4600260024002000900190CC
:100CC0000820CF490860102048604020886000203C
:100CD000C8604FF480600861084602F072F9102085
:100CE000FFF7B5FF044614B12046BDE8FC81C548B6
:100CF00000880004C24908603720486040208860AE
:100D00000020C8604FF480600861084602F059F97D
:100D10003720FFF79CFF04460CB12046E5E74FF073
:100D2000FF30B94908600820486030208860022000
:100D3000C8600020086101204861084602F06DF992
:100D40000020AF49086033204860402088600020C0
:100D5000C8604FF480600861084602F032F9332021
:100D6000FFF775FF04460CB12046BEE70DE04FF4D7
:100D7000001002F0B9F940B19E48803000684DF88B
:100D80002600761C022E00D307E09A483430006813
:100D900040F22A6108400028E9D000BF082002F094
:100DA000A3F920B1082002F0AAF904209DE702204F
:100DB00002F09AF920B1022002F0A1F9022094E792
:100DC000202002F091F920B1202002F098F90620AD
:100DD0008BE74FF4007002F087F928B14FF40070F0
:100DE00002F08DF9072080E740F2FF5002F087F90A
:100DF00000980006009901F47F4140EA0120009923
:100E000001F47F0140EA1120009940EA1160686016
:100E100001980006019901F47F4140EA01200199FF
:100E200001F47F0140EA1120019940EA1160286035
:100E300020465AE77CB5054600240020009001902A
:100E400000260DB1022600E000266A481430006832
:100E500000F0007008B10E207CBD6A49098888B294
:100E60006946FFF724FF04460CB12046F4E70198D9
:100E700000F4802060B36348008800046049086083
:100E800037204860402088600020C8604FF48060B0
:100E90000861084602F095F83720FFF7D8FE0446AF
:100EA0000CB12046D8E756480660062054494860F1
:100EB000402088600020C8604FF4806008610846C8
:100EC00002F07FF80620FFF7C2FE04462046C3E783
:100ED0002520C1E770B5044600254C48007803285A
:100EE00002D12725284670BD4848007838B14748C8
:100EF0000078012803D045480078022819D1B4F5BC
:100F0000805F02D127252846EDE7E0B2FFF792FF88
:100F1000054675B93748001D006820F4C0503549B2
:100F2000091D0860084600682043086008460068FC
:100F300008602846D7E710B504463148046007200A
:100F40002F494860402088600020C8604FF48060CE
:100F50000861084602F035F80720FFF778FE10BD5B
:100F6000F0B5014600200022284B1B7881F856304E
:100F7000244B1B88A1F85430254B1B681A0E93098B
:100F80000B70C2F383034B7002F003038B70204B92
:100F90001B68C3F30742CA701D4B1B88C3F30722AB
:100FA0000A711B4B1A784A715B681A0E1301CB80C9
:100FB000174B5B68C3F30742CB8843EA1213CB801D
:100FC00002F00F030B72124B9B88C3F30722D30965
:100FD0004B72C2F380138B72C2F34013CB72C2F315
:100FE00000130B7300234B73084B1B78C3B1074BE3
:100FF0001B780FE0002C0140FF07C00024000020F8
:1010000088120020200000209C1200201C000020DC
:10101000B4120020012B03D0FE4B1B78032B4FD1C1
:1010200093071B0D0B61FC4B1A790B6943EA820392
:101030000B61F94B9B681A0E0B6943EA92130B6123
:10104000C2F3C2030B7502F007034B75F24B9B68AA
:10105000C3F3074253098B75C2F38203CB75930721
:101060005B0F0B76EC4B1B89C3F307220B7E43EA25
:10107000D2130B760B695B1C0024C1E912340B7E82
:101080009B1C012404FA03F3DC17D1E91256A5FBDB
:10109000037C06FB03C305FB0433C1E912730C7A1E
:1010A0000123A3400B650024D1E912650B6DA6FB5B
:1010B000037C05FB03C306FB0433C1E912732EE076
:1010C000D44B1B78022B2AD1D34B1A7993069B0A57
:1010D0000B61D14B9B681A0E0B6943EA02230B612B
:1010E000CD4B9B68C3F307420B6913430B61CA4B9B
:1010F0001B89C3F307220B695B1C4FF40074A3FB2D
:1011000004464FF480630025A4FB037C06FB03C365
:1011100004FB0533C1E912734FF400730B65C2F38E
:10112000801301F8193F93065B0E4B70BA4B1A7A85
:101130004B7843EAD2134B7002F07F038B70B64BAF
:10114000DB681A0ED309CB70C2F341130B71C2F3E3
:1011500082034B7193071B0F8B71AF4BDB68C3F39B
:1011600007428B7943EA92138B71C2F34013CB7120
:1011700000230B7202F001034B72A74B9B89C3F350
:101180000722D3098B72C2F38013CB72C2F34013D0
:101190000B73C2F300134B73C2F381038B7302F022
:1011A0000303CB739C4B1A7B53080B7401234B74C2
:1011B0009A4B1B681A0ECA741939984B1B68C3F3F3
:1011C00007421402CC85954B1B88C3F30722CB8DB5
:1011D0001343CB85914B1A7814060C635B681A0E87
:1011E0000B6B43EA02440C638C4B5B68C3F307420E
:1011F0000B6B43EA02240C63884B9B88C3F30722E2
:101200000B6B13430B63854B1A7934235A54834B6E
:101210009B681A0E35235A54804B9B68C3F30742D0
:1012200014068C637D4B1B89C3F307228B6B43EA47
:1012300002448C63794B1A7A8B6B43EA02248C63E9
:10124000764BDB681A0E8B6B13438B63734BDB6837
:10125000C3F307423C235B5C43EA12143C235C5417
:1012600013071C0DCC876D4B9B89C3F30722CB8FD3
:101270001343CB87694B1A7B540840235C540124E9
:1012800041235C54F0BD70B500264FF4803505E075
:101290006348046804F0450000B103E0281EA5F18E
:1012A0000105F5D100BF15B104F0040028B10326F3
:1012B000042001F024FF304670BD012001F014FF2E
:1012C00018B10126012001F01AFF40F2FF5001F091
:1012D00016FF3046F0E72DE9F04105460E464FF087
:1012E000000805E04E48076807F0450000B100E03F
:1012F000F8E700BF042001F0F7FE28B1042001F058
:10130000FEFE0320BDE8F081012001F0EDFE20B1DA
:10131000012001F0F4FE0120F4E741482438006880
:10132000A84201D01020EDE740F2FF5001F0E7FEA7
:101330003B482038046804F4604018B9200C308021
:101340004046DFE704F4005008B11320DAE704F464
:10135000804008B11020D5E704F4004008B10F2008
:10136000D0E74046CEE738B500240120009001F0D8
:1013700022FE10B92524204638BD264800780428CE
:1013800025D000202749086002204860C0208860DE
:101390000020C8604FF480600861084601F011FE2B
:1013A000FFF771FF04460CB12046E5E71C482038E2
:1013B00000681A4908601A481C38006848601848D4
:1013C000183800688860164814380068C8601148EA
:1013D000007858B10F480078012807D00D480078F0
:1013E000062803D00B480078022821D100200D499F
:1013F000086003204860402088600020C8604FF4E7
:1014000080600861084601F0DCFD69460320FFF7B3
:1014100062FF09E01C000020B4120020C41200206A
:10142000342C01408812002004460CB12046A3E76A
:10143000FE480078032816D1BDF800000004FC49DE
:10144000086003204860402088600020C8604FF496
:1014500080600861084601F0B4FDFFF714FF044600
:101460000CB1204688E7F148007804282AD0BDF85E
:101470000000F0490860BDF800000004EC49086075
:1014800009204860C02088600020C8604FF4806058
:101490000861084601F095FDFFF7F5FE04460CB122
:1014A000204669E7E4480068E4490860E248001D16
:1014B00000684860E048083000688860DE480C300A
:1014C0000068C860002057E710B506E0DA48203011
:1014D000046804F0450000B100E0F7E700BF042015
:1014E00001F002FE20B1042001F009FE032010BD2E
:1014F00040F2FF5001F003FE0020F8E770B500262F
:101500004FF4803506E0CC482030046804F04500F4
:1015100000B103E0281EA5F10105F4D100BF15B10B
:1015200004F0040028B10326042001F0E8FD304651
:1015300070BD04F0400018B10026402001F0DFFD2E
:101540003046F5E770B500254FF4803404E0802084
:1015500001F0CAFD00B103E0201EA4F10104F6D1A0
:1015600000BF0CB9032070BD40F2FF5001F0C7FD71
:101570002846F8E72DE9F04700270024002600253B
:10158000A046A1467620AE49087500200860486054
:101590008860C8600861084601F0E9FC032001F09A
:1015A00006FDA5481038006840F48070A249103943
:1015B000086000BF12E000209D4908604860886014
:1015C000C8604FF480600861084601F0FAFCFFF73C
:1015D000B9FF044604B903E0781CC7B24A2FEADB1E
:1015E00000BF14B12046BDE8F0874FF4D570904994
:1015F000086008204860402088600020C8604FF4E0
:1016000080600861084601F0DCFCFFF777FF0446C4
:1016100024B90120854908704FF080490020844991
:10162000086037204860402088600020C8604FF480
:1016300080600861084601F0C4FC3720FFF707FB13
:101640000446002C4BD134E0002079490860372053
:101650004860402088600020C8604FF480600861C6
:10166000084601F0AEFC3720FFF7F1FA04460CB152
:101670002046B8E7734849EA00006D490860292010
:101680004860402088600020C8604FF48060086196
:10169000084601F096FCFFF717FF04460CB1204600
:1016A000A1E765480668012080EAD67080F001084D
:1016B0006D1CB8F1000F03D14FF6FF708542C3D304
:1016C0004FF6FF70854202D31B2420468BE706F0BD
:1016D0008040061E32D00220544908702EE01CE0E3
:1016E0005948534908600120486040208860002024
:1016F000C8604FF480600861084601F062FCFFF7A3
:10170000E3FE04460CB120466DE74B480668012015
:1017100080EAD67080F001086D1CB8F1000F03D18B
:101720004FF6FF708542DBD34FF6FF70854202D340
:101730001B24204657E703203C490870204652E707
:101740003EB5002400250121404801F0CDFE0121D5
:10175000C80201F023FF0121C80201F074FF4FF419
:10176000F850019002208DF808008DF80900002043
:101770008DF80A0001208DF80B0001A9344801F012
:1017800027FB0420019001A9324801F021FB0C2223
:1017900008212F4801F0A7FB0C2209212C4801F059
:1017A000A2FB0C220A212A4801F09DFB0C220B21EE
:1017B000274801F098FB0C221146254801F093FBC5
:1017C0000C220221234801F08EFB00214FF400601F
:1017D00001F039FFFFF710FA31208DF800000020EA
:1017E0008DF801008DF8020001208DF80300684695
:1017F00001F0FDF9FFF7BEFE044614B9FFF7B3FD93
:1018000004461CB91448FFF7ABFB044634B912492F
:10181000B1F854100804FFF78EFB044624B94FF4C6
:101820000060FFF757FB0446E4B117E01C000020FE
:101830008812002020000020142C0140B412002047
:1018400070120020000010800080FF800C0040001B
:1018500000080240000C0240D8120020FE48007828
:10186000032812D1FD4890F8560020B1FB4890F8AB
:101870005600012801D1022500E000252846FFF787
:10188000DDF90020FFF7D0F9044620463EBD10B533
:10189000002001F08CFB002010BD70B590B0044614
:1018A0000E46154600BFEE4802F0C5FA0028FAD1F0
:1018B000EB4802F097F94FF000600190E948029080
:1018C000039404950020059006904FF480600790E3
:1018D000800008908000099000200A904FF440306A
:1018E0000B9004200C9003200D904FF400000E90FC
:1018F00080100F9001A9DA4802F016FA2021D8488A
:1019000002F062FA0121D64802F048FA10B070BD28
:101910000146002002E04910421CD0B20129FAD150
:1019200070472DE9F84F8146174698460A9C4FF0BC
:10193000000AD3464D464FF0FF36B9F1000F02D1F1
:101940002620BDE8F88F0020C64954390860C248F7
:101950000078022805D10402780A40EAC8574FEA05
:1019600068280020C04988604860401E0860012047
:1019700048610020C8600861084601F04EFBB94884
:101980006C38006800F0007008B10E20D9E7002C18
:1019900021DDB4F5006F1EDC601E2040D8B9204662
:1019A000FFF7B6FF0090B14804601020AF494860CF
:1019B000402088600020C8604FF4806008610846BD
:1019C00001F0FFFA1020FFF742F98246BAF1000F4A
:1019D00003D05046B5E72620B3E700980001A2499E
:1019E0008860084644604FF0FF300860012048617D
:1019F0000220C86000200861084601F00EFB9B48E9
:101A00000760112099494860402088600020C86024
:101A10004FF480600861084601F0D3FA1120FFF707
:101A200016F98246BAF1000F01D0504689E7904876
:101A3000007800285AD1FEF728FC17E04FF4004048
:101A400001F052FB70B14FF0000B05E085480068D3
:101A500045F82B000BF1010BBBF1080FF6D3203535
:101A6000844E03E00EB904206BE7761E7D484C38A7
:101A7000006840F22A6108400028DFD0082001F009
:101A800033FB20B1082001F03AFB042059E7022083
:101A900001F02AFB20B1022001F031FB022050E7C7
:101AA000202001F021FB20B1202001F028FB06209E
:101AB00047E74FF4007001F017FB28B14FF40070B6
:101AC00001F01DFB07203CE703E066480068286042
:101AD0002D1D4FF4001001F007FB0028F5D1FEF793
:101AE000D6FB40F2FF5001F00AFB39E06048007875
:101AF000012835D1002060490870604908706049AC
:101B0000087058484438006840F22A310843554963
:101B10004439086053485438006840F0080051497F
:101B200054390860002221464846FFF7B6FE00E01F
:101B3000761E4B485838006800F0006038B95048AD
:101B4000007820B94C48007808B9002EF0D10EB9C1
:101B50000420F6E64848007810B1474890F800A005
:101B60005046EEE62DE9FF5F17469846DDE90E4642
:101B70004FF00009CA464FF0FF354249009808600F
:101B8000002038495439086033480078022805D1CC
:101B90000402780A40EAC8574FEA68280020324910
:101BA00088604860401E0860012048610020C860CD
:101BB0000861084601F031FA2A486C38006800F0E4
:101BC000007018B10E2004B0BDE8F09F002C21DD9C
:101BD000B4F5006F1EDC601E2040D8B92046FFF728
:101BE00097FE834621480460102020494860402029
:101BF00088600020C8604FF480600861084601F0EA
:101C0000E0F91020FFF723F88146B9F1000F03D067
:101C10004846D8E72620D6E7012E6ED906FB04F009
:101C2000B0F1007F01D32620CDE74FEA0B100E491B
:101C3000886006FB04F048604FF0FF300860012028
:101C400048610220C86000200861084601F0E5F9FB
:101C500006480760122017E01C000020D812002060
:101C600058640240802C01409C1200208812002001
:101C700024000020FFFF7F00260000202500002018
:101C80002700002028000020F94948604020886093
:101C90000020C8604FF480600861084601F091F9A7
:101CA0001220FEF7D4FF8146B9F1000F01D048465B
:101CB00089E7F048007800287ED1FEF7E6FA1EE0BA
:101CC0004FF4004001F010FAA0B14FF0000A07E015
:101CD000E9480068E949096841F82A000AF1010A5F
:101CE000BAF1080FF4D3E54800682030E3490860F2
:101CF000E34D04E015B9042065E7AEE06D1EDE4853
:101D00004C38006840F22A3108400028D8D008201A
:101D100001F0EAF920B1082001F0F1F9042052E7BE
:101D2000022001F0E1F920B1022001F0E8F90220DF
:101D300049E7202001F0D8F920B1202001F0DFF997
:101D4000062040E74FF4007001F0CEF928B14FF4BF
:101D5000007001F0D4F9072035E709E0C6480068B3
:101D6000C64909680860C5480068001DC349086085
:101D70004FF4001001F0B8F90028EFD14FF4807053
:101D800001F0B2F920B3BF48007838B1BD480078FF
:101D9000012803D0BB480078022819D10020B4499B
:101DA00008600C204860402088600020C8604FF424
:101DB00080600861084600E011E001F002F90C20A3
:101DC000FEF745FF8146B9F1000F01D04846FAE61B
:101DD000FEF75DFA40F2FF5001F091F93DE0A548B1
:101DE0000078012839D10020A74908700120A749AF
:101DF00008700020A64908709F484438006840F2E7
:101E00002A3108439C49443908609B48543800688B
:101E100040F0080098495439086006FB04F100229C
:101E20000098FFF73AFD00E06D1E9A48006800F048
:101E3000006008B9002DF7D10DB90420C3E600BF3A
:101E40009348007818B9904800780028F8D08E4858
:101E5000007810B18C4890F800904846B3E61CB565
:101E600004460020019000908B48008800048049BF
:101E700008600D204860402088600020C8604FF452
:101E800080600861084601F09CF87B484C38006887
:101E9000009003E078484C3800680090009800F00B
:101EA00045000028F6D0012001F01EF920B10120E4
:101EB00001F025F901201CBD042001F015F920B125
:101EC000042001F01CF90320F5E76B487038006826
:101ED0000D2801D01020EEE740F2FF5001F00FF97D
:101EE00065486C38006801900198C0F34320207069
:101EF0000020E0E72DE9FF5F86B017469846149D65
:101F0000002600200590049000248146039082461C
:101F100002900195DDF818B0DDF818B0BBF1000FA4
:101F200003D126200AB0BDE8F09F00205249543961
:101F300008605A4988604860401E08600120486176
:101F40000020C8600861084601F067F84A486C380C
:101F5000006800F0007008B10E20E3E749480078FF
:101F6000022805D10502780A40EAC8574FEA6828D6
:101F7000002D1FDDB5F5006F1CDC681E2840C8B9B8
:101F80002846FFF7C5FC0590394805601020384900
:101F90004860402088600020C8604FF4806008617D
:101FA000084601F00EF81020FEF751FE06461EB15D
:101FB0003046B7E72620B5E73748008800042C49AB
:101FC00008600D204860402088600020C8604FF401
:101FD00080600861084600F0F4FF0D20FEF737FE30
:101FE00006460EB130469DE723486C3800680390E2
:101FF0004FF0FF341CE0641E2748008800041C4991
:1020000008600D204860402088600020C8604FF4C0
:1020100080600861084600F0D4FF0D20FEF717FE2F
:1020200006460EB130467DE713486C3800680390D1
:10203000039800F4807008B9002CDCD10CB9292079
:1020400070E70B4807601820094948604020886005
:102050000020C8604FF480600861084600F0B1FFBE
:102060001820FEF7F4FD0646D6B130465AE70000C8
:102070008812002024000020802C0140280000202D
:10208000FFFF7F001C00002026000020250000200C
:102090002700002000640240200000209C12002045
:1020A0000020F849087005980001F7498860084643
:1020B00045604FF0FF300860012048610020C86093
:1020C0000861084600F0A9FF4FF0FF34EF480078A0
:1020D00000287CD1FEF7D9F843E04FF4804001F0AE
:1020E00003F8C8B30198A0EB0900202821D2019879
:1020F000A0EB090000F0030020B90198A0EB090053
:10210000800804E00198A0EB09008008401C0290C0
:102110004FF0000A09E0DE49DBF8000008600AF130
:10212000010A0BF1040B09F1040902988245F2D36C
:102130000FE04FF0000A05E05BF82A00D449086080
:102140000AF1010ABAF1080FF6D30BF1200B09F1DD
:1021500020096FF0404404E0FFE70CB90420E1E6F9
:10216000641ECB484C38006840F21A6108400028D1
:10217000B3D0082000F0B8FF20B1082000F0BFFF66
:102180000420CFE6022000F0AFFF20B1022000F0D3
:10219000B6FF0220C6E6102000F0A6FF20B11020F6
:1021A00000F0ADFF0520BDE64FF4007000F09CFF8D
:1021B00030B14FF4007000F0A2FF0720B2E606E055
:1021C000FEF765F840F2FF5000F099FF43E0AF489A
:1021D000007801283FD10020AE490870A949087055
:1021E000AD490870AA484438006840F21A310843E3
:1021F000A74944390860402229460698FFF74DFB5D
:10220000A3485438006840F00800A14954390860D8
:1022100000E0641EA148006800F0006008B9002CCE
:10222000F7D11CB9FFF78CFA04207BE64FF0FF349E
:1022300000E0641E9848007820B99648007808B9F4
:10224000002CF6D10CB904206CE69248007810B14D
:102250009048007866E640F2FF5000F050FF04A876
:10226000FFF7FDFD064603E004A8FFF7F8FD06466C
:102270003EB99DF810000728F6D09DF810000628FA
:10228000F2D030464EE62DE9FF5F84B0DDE912471B
:102290000026002003900290002580468146019090
:1022A00007FB04FBDDF810A0DDF810A0BAF1000F69
:1022B00003D1262008B0BDE8F09F002074495439AE
:1022C0000860714988604860401E086001204861CC
:1022D0000020C8600861084600F09FFE6C486C381A
:1022E000006800F0007008B10E20E3E76C48007849
:1022F000022808D10402DDE90601400A40EAC15083
:102300004912CDE90601002C1FDDB4F5006F1CDC7D
:10231000601E2040C8B92046FFF7FAFA03906148D2
:10232000046010205F494860402088600020C86039
:102330004FF480600861084600F043FE1020FEF76D
:1023400086FC06461EB13046B4E72620B2E7012FD0
:102350006FD907FB04F0B0F1007F01D32620A9E775
:102360004F48007838B14E480078012803D04C48D7
:10237000007802282DD14C480088000449490860A3
:1023800037204860402088600020C8604FF480609B
:102390000861084600F015FE3720FEF758FC064697
:1023A0000EB1304686E73F48076017203D49486038
:1023B000402088600020C8604FF4806008610846B3
:1023C00000F0FFFD1720FEF742FC06460EB1304636
:1023D00070E73449069808601920486040208860FA
:1023E0000020C8604FF480600861084600F0E9FDF5
:1023F0001920FEF72CFC06460EB130465AE703982A
:1024000000012149886007FB04F048604FF0FF306D
:102410000860012048610020C8600861084600F09B
:10242000FCFD1A480078002872D1451EFDF72DFFEB
:1024300054E0F8E04FF4804000F056FEB0B3ABEB50
:102440000800202833D2ABEB080000F0030018B9D5
:10245000ABEB0800800803E0ABEB08008008401CF1
:1024600001904FF0000909E00949DAF8000008601E
:1024700009F101090AF1040A08F1040801988145EB
:10248000F2D324E0250000209C120020240000202C
:10249000802C01402600002027000020006402401C
:1024A0001C000020881200202000002012E04FF0C5
:1024B000000905E05AF82900F749086009F1010907
:1024C000B9F1080FF6D30AF1200A08F120086FF0DD
:1024D000404503E00DB90420ECE66D1EEE484C3893
:1024E000006840F21A3108400028A3D0082000F00C
:1024F000FBFD20B1082000F002FE0420DAE60220F5
:1025000000F0F2FD28B1022000F0F9FD0220D1E632
:1025100040E0102000F0E8FD20B1102000F0EFFDB9
:102520000520C7E64FF4007000F0DEFD28B14FF43F
:10253000007000F0E4FD0720BCE64FF4807000F06E
:10254000D3FD00B3D548007838B1D44800780128CD
:1025500003D0D2480078022815D10020D049086065
:102560000C204860402088600020C8604FF48060E4
:102570000861084600F025FD0C20FEF768FB0646C2
:102580000EB1304696E6FDF782FE40F2FF5000F0B5
:10259000B6FD48E0C3480078012844D10020C24974
:1025A00008700120C14908700020C1490870BA486C
:1025B0004438006840F21A310843B749443908608A
:1025C00007FB04F140220498FFF767F9B24854383A
:1025D000006840F00800B049543908604FF0FF35FA
:1025E00000E06D1EB348006800F0006008B9002DDF
:1025F000F7D11DB9FFF7A4F804205BE64FF0FF35D3
:1026000000E06D1EAA48007820B9A748007808B9F4
:10261000002DF6D10DB904204CE6A348007810B186
:10262000A148007846E640F2FF5000F068FD02A89D
:10263000FFF715FC064603E002A8FFF710FC06466C
:102640003EB99DF808000728F6D09DF80800062836
:10265000F2D030462EE610B54FF4807000F044FD05
:1026600088B392480078012814D100208C49086072
:102670000C204860402088600020C8604FF48060D3
:102680000861084600F09DFC0C20FEF7E0FA864940
:10269000087002E00020844908707F4848380068CC
:1026A00040F480707C4948390860081D00684CF28D
:1026B0003A31884378494439086001207C490870E0
:1026C0007948007810BDFFE7022000F00DFD78B1D9
:1026D000022000F014FD7048443800684CF23A3192
:1026E00088436D494439086002206F490870E9E762
:1026F000082000F0F9FC78B1082000F000FD6648E1
:10270000443800684CF23A318843634944390860E0
:10271000042065490870D5E7202000F0E5FC78B179
:10272000202000F0ECFC5C48443800684CF23A3160
:10273000884359494439086006205B490870C1E75D
:10274000102000F0D1FC78B1102000F0D8FC5248E5
:10275000443800684CF23A3188434F4944390860A4
:10276000052051490870ADE74FF4007000F0BCFC43
:1027700080B14FF4007000F0C2FC47484438006854
:102780004CF23A31884344494439086007204649AD
:10279000087097E7002095E710B5FFF75CFF10BDC4
:1027A00070B50446002514B92625284670BD424858
:1027B000008800043A4908600D2048604020886085
:1027C0000020C8604FF480600861084600F0F9FB03
:1027D0000D20FEF73CFA05460DB12846E6E72E48E7
:1027E0006C38006820602846E0E708B500200090BB
:1027F0006846FFF7D5FF08B1FF2008BD0098C0F379
:102800004320FAE72DE9FE4F83460C46914600200F
:102810000290002625462C46700240EAD5566D02ED
:102820000BF00300F0B14FF0000A18E04FF4007015
:1028300000904FEA4A20471946EBE0733A461F489A
:10284000FFF76FF802904FF400721C49584607F0EA
:102850009DFE0BF5007B0AF1010000F0FF0ACA455E
:10286000E4DB16E0B9F1010F09D14FF400702A46FC
:10287000334600905846FFF754F8029009E04FF4B1
:1028800000702A463346CDE900095846FFF76AF939
:1028900002900298BDE8FE8F802C01401C000020B1
:1028A000881200202400002026000020250000209F
:1028B0002700002000640240200000203013002088
:1028C0002DE9FE4F81460C469246002002900026DC
:1028D00025462C46700240EAD5566D0209F00300E9
:1028E000F0B14FF0000B18E04FF400724946194860
:1028F00007F04CFE4FF4007000904FEA4B20471950
:1029000046EBE0733A461348FFF7F4FA029009F5F4
:1029100000790BF1010000F0FF0BD345E4DB16E07A
:10292000BAF1010F09D14FF400702A4633460090E6
:102930004846FFF7DFFA029009E04FF400702A469C
:102940003346CDE9000A4846FFF79DFC0290029805
:10295000BDE8FE8F3013002010B504466FF0040070
:1029600000F092F9E11704EB5171C1F3C701394A44
:1029700011701046007800EB4001C1EBC0104FF61B
:10298000FF7101EAC0003449088010BD0146314A98
:1029900012784A434FF0E0235A6100229A611A46A6
:1029A000126942F001021A6100BF4FF0E022106983
:1029B00000F001021AB100F48032002AF5D04FF085
:1029C000E022126922F001024FF0E0231A61002296
:1029D0009A6170470146204A12884A434FF0E0232B
:1029E0005A6100229A611A46126942F001021A6184
:1029F00000BF4FF0E022106900F001021AB100F4AC
:102A00008032002AF5D04FF0E022126922F0010254
:102A10004FF0E0231A6100229A61704770B50446B6
:102A20004FF4077094FBF0F0C6B24FF4077094FBBC
:102A3000F0F100FB114085B205E04FF40770FFF79D
:102A4000C9FF701EC6B2002EF7D115B12846FFF798
:102A5000C1FF70BD2C0000202E00002000BF704779
:102A600000BF4C4A128802F04002002AF9D0C2B2DC
:102A7000484B9A80704710B588B00446012108463B
:102A800000F032FD0121102000F088FD072209210D
:102A9000414800F028FA07220A213F4800F023FAB3
:102AA0004FF4C060069002208DF81C008DF81D00C8
:102AB00000208DF81E0001208DF81F0006A9364861
:102AC00000F086F902940020ADF80C00ADF80E007D
:102AD000ADF81000ADF814000C20ADF8120002A9FA
:102AE0002C4800F0BCFE01212A4800F040FF0122E2
:102AF00040F22551274800F0F0FF25208DF8040012
:102B000003208DF805008DF8060001208DF80700E0
:102B100001A800F06CF808B010BD10B540F22551C6
:102B20001C4801F015F810B31A4800F04FFFC4B26A
:102B30001A48008800F40040C8B91848008800F41A
:102B4000804060B10A2C03D000201449088020E0A6
:102B50001248008840F400401049088019E00D2C0C
:102B600006D10E48008840F480400C49088010E0EF
:102B70000A480088C0F30D0009490C540748008832
:102B8000401C0649088008460088C72801DD00204F
:102B9000088010BD001001400000024034000020F9
:102BA000301500200948804709480047FEE7FEE746
:102BB000FEE7FEE7FEE7FEE7FEE7FEE7FEE7FEE7ED
:102BC00004480549054A064B70470000E104000827
:102BD00089010008C0BF0120C0C50120C0C101207B
:102BE000C0C1012032490143324A1160704770B5BB
:102BF000002100230F22C4781CB32E4C246804F457
:102C0000E064C4F5E064C4F30721C1F10404E3B255
:102C10000A4144789C40E1B28478144021430C0777
:102C2000210E254C05786155047804F01F05012418
:102C3000AC4005786D11AD0005F1E025C5F8004107
:102C400009E0047804F01F050124AC401B4D067810
:102C5000761145F8264070BD194A0A400243154BCB
:102C60001B1F1A60704739B1124A121D12680243C5
:102C7000104B1B1D1A6006E00E4A121D126882439B
:102C80000C4B1B1D1A607047042808D14FF0E0213F
:102C9000096941F004014FF0E022116107E04FF0B3
:102CA000E021096921F004014FF0E0221161704731
:102CB0000000FA050CED00E000E400E080E100E037
:102CC00080FFFF1F10B504469848844208D10121B7
:102CD000084600F074FC0021012000F070FC76E052
:102CE0009348844208D10121022000F068FC0021B1
:102CF000022000F064FC6AE08E48844208D1012181
:102D0000042000F05CFC0021042000F058FC5EE090
:102D10008948844208D10121082000F050FC00219C
:102D2000082000F04CFC52E08448844208D1012184
:102D3000102000F044FC0021102000F040FC46E090
:102D40007F48844208D10121202000F038FC002176
:102D5000202000F034FC3AE07A48844208D1012176
:102D6000402000F02CFC0021402000F028FC2EE048
:102D70007548844208D10121802000F020FC002108
:102D8000802000F01CFC22E07048844208D1012120
:102D9000801500F014FC0021A01500F010FC16E0D6
:102DA0006B48844208D10121401500F008FC002145
:102DB000601500F004FC0AE06648844207D1012156
:102DC000001500F0FCFB0021201500F0F8FB10BD01
:102DD000F0B50A4600210023002400BF3DE0012594
:102DE00005FA01F3156805EA03049C4234D105682D
:102DF0004F000326BE40B543056015794E00B5402F
:102E00000668354305601579012D02D01579022D2C
:102E100016D185684F000326BE40B54385605579BD
:102E20004E00B540866835438560456801268E4072
:102E3000B5434560456896798E40B6B235434560E6
:102E4000C5684F000326BE40B543C560D5794E0026
:102E5000B540C6683543C560491C1029BFD3F0BDD5
:102E60004FF6FF7101600021017141718171C171E3
:102E7000704708B54FF480320092009A0A430092DE
:102E8000009AC261C161009AC261C2690092C269BE
:102E9000009208BD0246002013690B400BB10120CF
:102EA00000E0002070470146086980B27047024682
:102EB000002053690B400BB1012000E00020704757
:102EC0000146486980B2704701837047418370476B
:102ED0000AB1018300E04183704741617047426954
:102EE0004A4042617047F0B5002300244D07ED0EC3
:102EF00002FA05F3CE1000F1200555F826504E07D2
:102F0000F70E0F26BE40B543CF1000F1200646F85D
:102F10002750CE1000F1200555F8265045EA03044D
:102F2000CE1000F1200545F82640F0BD000002401B
:102F30000004024000080240000C02400010024061
:102F40000014024000180240001C02400020024011
:102F5000002402400028024010B50121C80200F000
:102F600072FB00214FF4006000F06DFB10BD0021EA
:102F70006C4A116847F6FF629143027D83681A43E9
:102F800043681A43C3681A4303681A4303691A4320
:102F90001143644A1160704700210175016041606E
:102FA0008160C160016170475F49086070475D4999
:102FB000091F086070475B48001F006800F00300AD
:102FC00070470021574B1B1D02681A601A1D1168BB
:102FD0006FF30A01D0E901231A43C3681A43036956
:102FE0001A4311434F4A08321160704700210160B3
:102FF00041608160C160016170474A480C300068DF
:10300000C0B2704708B50146002000904548103016
:10301000084400900098006808BD0021414B20330F
:1030200002681A601B1D42681A601A1D116821F09F
:10303000F701D0E902231A4303691A4343691A438B
:103040001143384A2832116070474FF0FF31016058
:10305000002141608160C160016141617047314878
:103060002C30006870472F487C30006870472D492D
:103070007C31086070472B484430006870472B490A
:10308000086070472949091D0860704727490831C1
:103090000860704725490C31086070472449086072
:1030A00070472349091D0860704701218143204A68
:1030B0000832116070471E490C31086070471B4987
:1030C00014390860704739B1164A38321268024321
:1030D000144B38331A6006E0124A383212688243C1
:1030E000104B38331A607047014600200D4A3032C9
:1030F00012680A400AB1012000E000207047094927
:1031000034310860704701460020064A30321268A8
:103110000A400AB1012000E0002070470149343123
:1031200008607047042C0140A0802542A0852542FC
:10313000AC812542F948006840F00100F749086079
:103140000020F64908310860F4480068F449084056
:10315000F2490860F348091D0860F348EF498431DB
:103160000860F0481038091D0860EC48006820F439
:103170008020EA4908600020E8490C310860E749EE
:103180008C31086070470021E44A921C117011468E
:103190000870704710B501460022002300204A1134
:1031A000012A02D1DD4C236808E0022A03D1DB4C5E
:1031B0007034236802E0D94C7434236801F01F0294
:1031C000012494401C400CB1012000E0002010BDFF
:1031D00038B5002000900024002500BF3120FFF703
:1031E000D9FF05460098401C00900098B0F5A04F0C
:1031F00001D0002DF2D03120FFF7CCFF08B101241F
:1032000000E00024204638BD01460020C34A106873
:1032100020F0F80040EAC10010607047C349086020
:1032200070470021BD4A703211701170012802D020
:1032300004280AD104E00121B84A7032117005E077
:103240000521B64A7032117000E000BF00BF704720
:10325000B7490860704770B5049C41EA82150126A1
:10326000C6EB530645EA0645054345EA0465AB4E01
:10327000361D356070BDAD4908667047820142EA6F
:103280000172A64B84331A607047A849886670475C
:1032900010B5830143EA016343EA02739F4C88340B
:1032A000236010BDA14908677047A049C8647047F2
:1032B00002460020994B0833186820F0EC6042EA7F
:1032C00001031843954B08331860704702460020ED
:1032D000924B0833186820F0784042EA0103184303
:1032E0008E4B083318607047014600208B4A083225
:1032F000106820F0030008431060704787480830CA
:10330000006800F00C00704701460020834A083234
:10331000106820F0F000084310607047014600205C
:103320007E4A0832106820F4E0500843106070476D
:1033300001460020794A0832106820F4604040EAD3
:10334000C10010607047F0B5002100220024022562
:1033500000260223714F08373F6807F00C0121B1A6
:10336000042905D0082937D105E0724F076036E0FF
:10337000714F076033E0694F3F1D3F68C7F38056C8
:10338000664F3F1D3F6807F03F036EB16A4FB7FBC2
:10339000F3F7DFF888C10CF1040CDCF800C0CCF3C3
:1033A000881C07FB0CF40CE0624FB7FBF3F7DFF867
:1033B0006CC10CF1040CDCF800C0CCF3881C07FBDA
:1033C0000CF4564F3F1D3F68C7F301477F1C7D003B
:1033D000B4FBF5F7076002E0564F076000BF00BF7F
:1033E0004E4F08373F6807F0F0010909534F7A5CE8
:1033F0000768D7404760494F08373F6807F4E051F6
:10340000890A4E4F7A5C4768D7408760434F083738
:103410003F6807F46041490B484F7A5C4768D740E2
:10342000C760F0BD002100F44072B2F5407F0AD1C0
:103430003A4A0832116821F4F811414A0240114316
:10344000364A08321160354A70321268C0F30B03F5
:103450001A43324B70331A6070473549443908605B
:1034600070473349403908607047364908607047F3
:1034700001460020294A8C32106820F01F004A1EA5
:103480001043264A8C321060704701460020234AC0
:103490008C32106820F4F8504A1E40EA02201F4A7D
:1034A0008C3210607047014600201C4A8C32106834
:1034B00020F4401008431060704701460020174A6E
:1034C0008C32106820F440000843106070470146B9
:1034D0000020124A8C32106820F4403008431060FB
:1034E000704719490860704739B10C4A3032126888
:1034F00002430A4B30331A6006E0084A3032126841
:103500008243064B30331A607047F9B1034A3432B4
:1035100012680243014B34331A601CE00038024049
:10352000FFFFF6EA10300024003000200000474280
:10353000800E47420024F40000127A00360000207A
:10354000FFFCFF0F5C014742E01147428F4A1268BF
:1035500082438E4B1A60704739B18C4A121D126833
:1035600002438A4B1B1D1A6006E0884A121D12682E
:103570008243864B1B1D1A60704739B1834A0C3257
:1035800012680243814B0C331A6006E07F4A0C320A
:10359000126882437D4B0C331A60704739B17B4A05
:1035A000103212680243794B10331A6006E0774AF2
:1035B000103212688243754B10331A60704739B16C
:1035C000724A243A12680243704B243B1A6006E0A8
:1035D0006E4A243A126882436C4B243B1A6070474F
:1035E00039B16A4A203A12680243684B203B1A609C
:1035F00006E0664A203A12688243644B203B1A6018
:10360000704739B1614A1C3A126802435F4B1C3B58
:103610001A6006E05D4A1C3A126882435B4B1C3B11
:103620001A60704739B1594A143A12680243574B2D
:10363000143B1A6006E0554A143A12688243534B11
:10364000143B1A60704739B1504A103A126802436D
:103650004E4B103B1A6006E04C4A103A1268824307
:103660004A4B103B1A60704739B1484A1C32126805
:103670000243464B1C331A6006E0444A1C3212686F
:103680008243424B1C331A60704739B13F4A2032A3
:10369000126802433D4B20331A6006E03B4A203259
:1036A00012688243394B20331A60704739B1374A68
:1036B000243212680243354B24331A6006E0334A41
:1036C000243212688243314B24331A60704739B177
:1036D0002E4A2C32126802432C4B2C331A6006E01F
:1036E0002A4A2C3212688243284B2C331A607047C6
:1036F00039B1264A303212680243244B30331A6003
:1037000006E0224A303212688243204B30331A607E
:103710007047012808D11D493C31096841F0080172
:103720001A4A3C32116007E018493C31096821F01F
:103730000801164A3C321160704739B1134A273AE2
:1037400012780243114B273B1A7006E00F4A273AC2
:10375000127882430D4B273B1A7070470B4840305C
:10376000006840F0807009494031086070470146A8
:103770000020064A283A12680A400AB1012000E0F7
:1037800000207047014926390870704734380240DC
:1037900010B50446FA48844208D101211020FFF7F1
:1037A00052FF00211020FFF74EFF57E0F5488442FA
:1037B00009D101214804FFF735FF00214FF4003003
:1037C000FFF730FF4AE0F048844209D10121880424
:1037D000FFF728FF00214FF48020FFF723FF3DE093
:1037E000EA48844209D10121C804FFF71BFF0021E8
:1037F0004FF40020FFF716FF30E0E548844209D17E
:1038000001210805FFF70EFF00214FF48010FFF79C
:1038100009FF23E0DF48844208D101212020FFF77F
:1038200012FF00212020FFF70EFF17E0DA48844244
:1038300009D101218807FFF7F5FE00214FF08040F4
:10384000FFF7F0FE0AE0D548844207D10121400588
:10385000FFF7E8FE00216005FFF7E4FE10BD2DE94B
:10386000FF4705460E460024A14600BFA046B0898A
:1038700000B100BF2C8A24F44054F08804432C8209
:10388000AC8941F20C608443B08831890843718966
:1038900008430443AC81AC8A24F44074B0890443E7
:1038A000AC826846FFF74FFDB548854202D0B94863
:1038B000854202D1DDF80C9001E0DDF80890A8897E
:1038C00000F4004040B109EBC90000EB0910316879
:1038D0004900B0FBF1F707E009EBC90000EB091064
:1038E00031688900B0FBF1F76420B7FBF0F0040108
:1038F0002009642101FB1078A88900F4004040B140
:10390000322000EBC800B0FBF1F000F007000443E8
:1039100008E0322000EB08106421B0FBF1F000F069
:103920000F0004432C81BDE8FF874FF4165101605E
:1039300000218180C18001810C2141810021818190
:10394000704710B502460020108A20F470600B8882
:103950004C8823438C882343CC882343184310820C
:1039600010BD0021018041808180C180704721B15C
:10397000828942F40052828104E082894DF6FF730D
:103980001A4082817047028B02F47F420283028BCD
:103990000A430283704721B1828942F40042828146
:1039A00003E08289C2F30E028281704721B1828ACC
:1039B00042F40062828204E0828A4FF2FF731A406E
:1039C00082827047C1F3080282807047014688886E
:1039D000C0F308007047028A4FF6F0731A40028263
:1039E000028A0A430282704721B1828942F00202B0
:1039F000828104E082894FF6FD731A40828170470C
:103A000082894FF2FF731A40828182890A43828140
:103A10007047028A4FF6DF731A400282028A0A4315
:103A20000282704721B1028A42F48042028204E09D
:103A3000028A4BF6FF731A4002827047818941F077
:103A400001018181704721B1828A42F0080282829D
:103A500004E0828A4FF6F7731A4082827047028B25
:103A6000D2B20283028B42EA01220283704721B163
:103A7000828A42F02002828204E0828A4FF6DF735B
:103A80001A408282704721B1828A42F010028282FB
:103A900004E0828A4FF6EF731A4082827047828A6E
:103AA0004FF6FB731A408282828A0A4382827047F1
:103AB00021B1828A42F00202828204E0828A4FF6B9
:103AC000FD731A40828270471AB1838A0B43838246
:103AD00002E0838A8B4383827047F0B5034600245B
:103AE00000260025002040F66A17B94200D100BF29
:103AF0001846C1F3421401F01F06012707FA06F524
:103B0000012C01D10C3004E0022C01D1103000E076
:103B100014301AB107682F43076002E00768AF430B
:103B20000760F0BD02460020B1F5007F00D100BF64
:103B300013880B400BB1012000E00020704701F416
:103B40000072B2F5007F00D100BFCA430280704707
:103B500070B50246002400230025002040F66A16B6
:103B6000B14200D100BFC1F3421501F01F0301268D
:103B700006FA03F3012D13D19689334017E00000B4
:103B8000001001400044004000480040004C00404C
:103B9000005000400014014000780040007C0040CC
:103BA000022D02D1168A334001E0968A33400C126E
:103BB000012606FA04F41688344013B10CB1012032
:103BC00000E0002070BD10B50022002340F66A140A
:103BD000A14200D100BF0A1201249440A3B2DC43E9
:103BE000048010BD016821F0010101600021016025
:103BF00041608160C160016121214161DB498842EE
:103C000004D13D21D94A103A91608CE0D74918314E
:103C1000884205D14FF47461D44A103A916082E031
:103C2000D2493031884205D14FF47411CF4A103A4D
:103C3000916078E0CD494831884205D14FF07461F8
:103C4000CA4A103A91606EE0C8496031884204D196
:103C5000C749C64A103AD16065E0C4497831884204
:103C600004D1C449C14A103AD1605CE0BF499031E7
:103C7000884204D1C049BD4A103AD16053E0BB49E3
:103C8000A831884205D14FF03D51B84A103AD16071
:103C900049E0BA49884204D13D21B84A083A116046
:103CA00041E0B6491831884205D14FF47461B34AF6
:103CB000083A116037E0B1493031884205D14FF4FC
:103CC0007411AE4A083A11602DE0AC49483188427F
:103CD00005D14FF07461A94A083A116023E0A74961
:103CE0006031884204D1A249A44A121F11601AE02F
:103CF000A2497831884204D19E49A04A121F11601E
:103D000011E09E499031884204D19B499B4A121F81
:103D1000116008E09949A831884204D14FF03D5123
:103D2000964A121F1160704710B500220268944B2A
:103D30001A40CC680B6823434C6923438C692343A6
:103D4000CC6923430C6A23434C6A23438C6A234384
:103D50004C6B23438C6B23431A430260426922F06D
:103D60000702D1E90B3423431A4342610B694360D4
:103D70004B6883608B68C36010BD002101604160A7
:103D80008160C160016141618161C1610162416223
:103D90008162C162016341638163704721B102683E
:103DA00042F00102026003E0026822F001020260B8
:103DB000704721B1026842F40042026003E00268E9
:103DC00022F400420260704721B1026842F02002F2
:103DD000026003E0026822F0200202607047416046
:103DE00070470146486880B2704722B1036843F4C7
:103DF0000023036003E0036823F4002303600161F0
:103E0000704721B1026842F48022026003E0026838
:103E100022F48022026070470AB1016100E0C160B3
:103E20007047014600200A6802F400220AB101200E
:103E300000E000207047014600200A6802F00102FD
:103E40000AB1012000E000207047014600204A69C5
:103E500002F03800704730B503460A4600200024BF
:103E6000464DAB4202D24149103901E04349103975
:103E700002F000550DB14C6800E00C68414D2C403B
:103E800004EA02050DB1012000E0002030BD024629
:103E90003A4B9A4202D23548103801E03748103880
:103EA00001F000531BB1374B0B40C36002E0354BB0
:103EB0000B408360704710B501F080034BB122B115
:103EC000436943F08003436103E0436923F08003C7
:103ED000436180290BD02AB1036801F01E042343FB
:103EE000036004E0036801F01E04A343036010BDF7
:103EF00070B50246002000240025204EB24202D2B6
:103F00001A4B103B01E01D4B103B1F4E0E4036B1CB
:103F10001E2606EAD124166806EA040502E0566960
:103F200006F0800501F000560EB15C6800E01C68E8
:103F3000144E344004EA010616B10DB1012000E030
:103F4000002070BD02460D4B9A4202D2074810383D
:103F500001E00A48103801F000531BB1094B0B4037
:103F6000C36002E0074B0B40836070471060024063
:103F70003D000020400F002000003D201064024062
:103F80003F801CF07D0F7D0F3C0F3C0F10B50446A9
:103F9000FE48844208D101210846FFF754FB002166
:103FA0000120FFF750FB9DE0B4F1804F08D10121C3
:103FB0000846FFF737FB00210120FFF733FB91E0B4
:103FC000F348844208D101210220FFF72BFB002196
:103FD0000220FFF727FB85E0EE48844208D101214B
:103FE0000420FFF71FFB00210420FFF71BFB79E0F3
:103FF000E948844208D101210820FFF713FB002182
:104000000820FFF70FFB6DE0E448844208D101214E
:104010001020FFF707FB00211020FFF703FB61E0F2
:10402000DF48844208D101212020FFF7FBFA00215C
:104030002020FFF7F7FA55E0DA48844208D1012141
:104040000220FFF700FB00210220FFF7FCFA49E005
:10405000D548844209D101210804FFF7F4FA002170
:104060004FF48030FFF7EFFA3CE0D048844209D1AA
:1040700001214804FFF7E7FA00214FF40030FFF771
:10408000E2FA2FE0CA48844209D101218804FFF7EF
:10409000DAFA00214FF48020FFF7D5FA22E0C54874
:1040A000844208D101214020FFF7BCFA00214020C2
:1040B000FFF7B8FA16E0C048844208D101218020F9
:1040C000FFF7B0FA00218020FFF7ACFA0AE0BB4806
:1040D000844207D101218015FFF7A4FA0021A01521
:1040E000FFF7A0FA10BD00220288A84B98420ED01C
:1040F000AC4B98420BD0B0F1804F08D0A44B984203
:1041000005D0A44B984202D0A34B984204D14FF65D
:104110008F731A404B881A43A04B984207D0A04B8C
:10412000984204D04FF6FF431A400B891A4302808D
:104130004B68C3620B880385944B984202D0994B1D
:10414000984201D18B7A03860123838270474FF016
:10415000FF314160002101800181418081727047FF
:104160000185828270470A46002101884FF68F73CD
:10417000194011430180704741627047C162704726
:104180000146486A70470146088D704721B1028890
:1041900042F00202028004E002884FF6FD731A40EA
:1041A0000280704721B1028842F00402028004E0DC
:1041B00002884FF6FB731A400280704721B10288D3
:1041C00042F08002028004E002884FF67F731A40BA
:1041D0000280704702884FF6F7731A400280028807
:1041E0000A430280704702884FF6FF431A4002805C
:1041F00002880A430280704721B1028842F001021E
:10420000028004E002884FF6FE731A400280704775
:1042100070B5002400220023058C4FF6FE76354051
:104220000584028C8388048B4FF68F752C40B51E55
:104230002C400D882C43751E2A408D892A434D88B9
:104240002A43524DA84202D0564DA84213D14FF6F0
:10425000F7752A40CD892A434FF6FB752A408D8891
:104260002A434FF6FF652B404FF6FF552B400D8A32
:104270002B434D8A2B43838004838D6845630284DE
:1042800070BD70B5002400220023058C4FF6EF7638
:1042900035400584028C8388048B48F6FF752C40DA
:1042A0004FF6FF452C400D884FF6FF7606EA0525B0
:1042B0002C434FF6DF752A408D8906EA05152A43FF
:1042C0004D8806EA05152A43304DA84202D0354DE7
:1042D000A8421DD14FF67F752A40CD894FF6FF7653
:1042E00006EA05152A434FF6BF752A408D8806EA6F
:1042F00005152A434FF6FF352B404FF2FF752B4033
:104300000D8A06EA85052B434D8A06EA85052B436F
:10431000838004838D688563028470BD70B500243A
:1043200000220023058C4FF6FF6635400584028C81
:104330008388848B4FF68F752C404FF6FC752C408C
:104340000D882C434FF6FF552A408D894FF6FF7696
:1043500006EA05252A434D8806EA05252A430B4D22
:10436000A84202D00F4DA84238D14FF2FF752A4023
:10437000CD894FF6FF7606EA05252A434FF6FF352D
:104380002A408D8806EA05252A4319E000000140ED
:104390000004004000080040000C004000100040F5
:1043A000001400400004014000400140004401406E
:1043B0000048014000180040001C00400020004060
:1043C0004EF6FF752B404DF6FF752B400D8A06EA21
:1043D00005152B434D8A06EA05152B4383808483FC
:1043E0008D68C563028470BD70B50022002300246F
:1043F000058C4EF6FF7635400584038C8488828BCD
:1044000048F6FF752A404FF6FF452A400D884FF6C3
:10441000FF7606EA05252A434DF6FF752B408D8968
:1044200006EA05352B434D8806EA05352B43FE4D3C
:10443000A84202D0FD4DA84208D14BF6FF752C4092
:104440000D8A4FF6FF7606EA85152C438480828319
:104450008D680564038470BD0021018041808180E6
:1044600081608181C18101824182704770B50346BC
:10447000002000241846183001258D40ACB21D8C58
:10448000A5431D8409B108290AD100EB6100056824
:104490004FF68F76354005600568154305600FE0DF
:1044A0000D1FC5F34E052844056848F6FF763540D4
:1044B000056005684FF6FF7606EA0226354305607B
:1044C00070BD4163704781637047C1637047016489
:1044D00070470A460021018B4FF68F731940114334
:1044E000018370470A460021018B48F6FF7319408B
:1044F0004FF6FF7303EA02231943018370470A460C
:104500000021818B4FF68F731940114381837047CF
:104510000A460021818B48F6FF7319404FF6FF735E
:1045200003EA02231943818370470A460021018B65
:104530004FF6F77319401143018370470A46002173
:10454000018B4FF2FF7319404FF6FF7303EA02230A
:104550001943018370470A460021818B4FF6F77398
:1045600019401143818370470A460021818B4FF225
:10457000FF7319404FF6FF7303EA02231943818347
:1045800070470A460021018B4FF6FB731940114317
:10459000018370470A460021018B4FF6FF33194013
:1045A0004FF6FF7303EA02231943018370470A465B
:1045B0000021818B4FF6FB731940114381837047B3
:1045C0000A460021818B4FF6FF3319404FF6FF73E7
:1045D00003EA02231943818370470A460021018BB5
:1045E0004FF67F7319401143018370470A4600213B
:1045F000018BC1F30E014FF6FF7303EA0223194347
:10460000018370470A460021818B4FF67F73194062
:104610001143818370470A460021818BC1F30E014B
:104620004FF6FF7303EA02231943818370470A465A
:104630000021018C4FF6FD7319401143018470472E
:104640000A460021018C4FF6F7731940114301848B
:1046500070470A460021018C4FF6DF7319404FF670
:10466000FF7303EA02131943018470470A460021CD
:10467000018C4FF67F7319404FF6FF7303EA021364
:104680001943018470470A460021018C4FF6FF53FD
:1046900019404FF6FF7303EA022319430184704760
:1046A0000A460021018C4FF2FF7319404FF6FF7349
:1046B00003EA02231943018470470A460021018C52
:1046C0004DF6FF7319404FF6FF7303EA02331943A7
:1046D0000184704730B5002301248C40A3B2048CC0
:1046E0009C430484048C02FA01F5ADB22C4304848B
:1046F00030BD30B5002304248C40A3B2048C9C430D
:104700000484048C02FA01F5ADB22C43048430BD5C
:10471000828B4FF2FF331A408283828B4FF6FF73F6
:1047200003EA01231A4382837047F0B50C4615460D
:10473000002100220026078C4EF6FF7C07EA0C07BA
:104740000784818B028C4FF6FF7707EA043640F628
:10475000FF4739404FF6FF7707EA052739434FF601
:10476000FF7707EA0337394345F6FF773A4046F4C7
:1047700080573A4381830284F0BD828B4FF6F373F6
:104780001A408283828B0A4382837047F0B50C46BD
:104790001546002100220026078C4FF6FF6C07EA21
:1047A0000C070784818B028C4FF6FF7707EA0426FB
:1047B0004FF60C7739404FF6FF7707EA03172F4380
:1047C00039434FF2FF573A4046F480773A438183AA
:1047D0000284F0BD028B4FF2FF331A400283028B3A
:1047E0004FF6FF7303EA01231A4302837047F0B5C3
:1047F0000C461546002100220026078C4FF6EF7C60
:1048000007EA0C070784018B028C4FF6FF7707EA53
:10481000041640F6FF4739404FF6FF7707EA0337A3
:1048200039434FF6FF7703E00000014000040140E8
:1048300007EA052739434FF65F773A4046F01007FD
:104840003A4301830284F0BD028B4FF6F3731A40A2
:104850000283028B0A4302837047F0B50C4615466B
:1048600000210022068C4FF6FE773E400684018B25
:10487000028C4FF60C7631407E1C06EA03162E435E
:1048800031434FF6F576324044F00106324301835E
:104890000284F0BD70B505460C46208850B92389C6
:1048A000A28861882846FFF7D8FFE1882846FFF7ED
:1048B000CBFF25E0208804280AD12389A2886188BB
:1048C0002846FFF794FFE1882846FFF783FF17E0AB
:1048D000208808280AD12389A28861882846FFF702
:1048E00055FFE1882846FFF748FF09E02389A288A1
:1048F00061882846FFF719FFE1882846FFF708FF7F
:1049000070BD002101804180012181800021C18092
:10491000018170472DE9F04105460C46002601272C
:10492000608808B9022600E00026A088012801D18D
:10493000022700E001272088A0B92389A288618886
:104940002846FFF78AFFE1882846FFF77DFF238985
:104950003A4631462846FFF74AFFE1882846FFF7E6
:1049600039FF13E02389A28861882846FFF73FFFBB
:10497000E1882846FFF72EFF23893A46314628462C
:10498000FFF76BFFE1882846FFF75EFFBDE8F08187
:104990000146486B70470146886B70470146C86BFB
:1049A00070470146086C70470A884B881A438B8809
:1049B0001A43CB881A430B891A434B891A438B89B4
:1049C0001A43A0F844207047002101804180818073
:1049D000C180018141818181704731B1B0F84420AB
:1049E00042F40042A0F8442005E0B0F84420C2F3AD
:1049F0000E02A0F84420704721B1828842F00402E0
:104A0000828004E082884FF6FB731A4082807047F0
:104A100021B1828842F00102828004E082884FF650
:104A2000FE731A40828070471AB183890B438381D9
:104A300002E083898B4383817047818270470246FD
:104A40000020138A0B400BB1012000E000207047CA
:104A5000CA430282704730B502460020002300247A
:104A6000158A05EA0103958905EA010413B10CB121
:104A7000012000E0002030BDCA430282704741EAB5
:104A80000203A0F8483070471AB183890B43838131
:104A900002E083898B438381704721B1828842F091
:104AA0000802828004E082884FF6F7731A40828001
:104AB000704701894FF6F8721140018170470A462C
:104AC000002101894FF68F7319401143018170470E
:104AD00030B504460D4629462046FFF7F0FF2089F1
:104AE00040F00700208130BD2DE9F04104460D461D
:104AF00016461F46602D06D13B4601223146204610
:104B0000FFF775FE05E03B46012231462046FFF7E0
:104B1000A4FE29462046FFF7D2FF208940F0070077
:104B20002081BDE8F08130B50C4600210189C9B271
:104B30004FF6FF7505EA03251543254329430181F7
:104B400030BD2DE9F04105460E4617469846002433
:104B500043463A4631462846FFF7E5FF2C894FF693
:104B6000F870044044F007044FF68F70044044F09E
:104B700070042C81BDE8F081F0B504460D46164660
:104B80001F463B46324629462046FFF7CCFF208988
:104B900040F480402081F0BD82884FF68F731A4028
:104BA000828082880A438280704702894FF6F873B8
:104BB0001A40028102890A430281704702894FF636
:104BC0007F731A40028102890A4302817047F0B55F
:104BD0000C4615461E460021002200230189028B47
:104BE000038C4FF6F877394021434FF6FC473A40A3
:104BF00040F201173A434FF6DD773B404FF6FF771F
:104C000007EA06172F433B43018102830384F0BD6B
:104C100021B1828842F08002828004E082884FF6CF
:104C20007F731A4082807047A0F8501070470000D0
:104C300010B50446FB48844208D101218014FEF7D8
:104C400002FD0021A014FEF7FEFC3CE0F648844281
:104C500008D101210014FEF7E5FC00212014FEF725
:104C6000E1FC30E0F148844208D10121C013FEF795
:104C7000D9FC0021E013FEF7D5FC24E0EC48844287
:104C800008D101214014FEF7DEFC00216014FEF77C
:104C9000DAFC18E0E748844209D101210805FEF753
:104CA000D2FC00214FF48010FEF7CDFC0BE0E2486F
:104CB000844208D101214805FEF7C5FC00214FF4CC
:104CC0000010FEF7C0FC10BD10B50022028802F4EF
:104CD00041520B884C8823438C882343CC88234340
:104CE0000C8923434C8923438C892343CC89234358
:104CF0001A430280838B4FF2FF74234083830B8A15
:104D0000038210BD2DE9F04F0025022300244FF04F
:104D1000010900220026002794469046B0F81CA006
:104D20004FF2400B0AEA0B0AA0F81CA04FF0020A4F
:104D3000A0F820A0858BD1F808A0BAF1020F01D10C
:104D400000BF82E0B1F804A0BAF1000F02D14FF029
:104D5000010901E04FF00209DFF8E0A2DAF800A053
:104D60000AF4000ABAF1000F09D0DFF8D0A2DAF88D
:104D700000A02AF4000ADFF8C4B2CBF800A0DFF8E4
:104D8000BCA20AF17C0ADAF800A0CAF3881CDFF89A
:104D9000ACA20AF17C0ADAF800A0CAF30278DFF8C4
:104DA0009CA2AAF1040ADAF800A00AF03F07DFF893
:104DB0008CA2AAF1040ADAF800A00AF4800ABAF573
:104DC000800F08D1DFF878A2BAFBF7FA0AFB0CFAD9
:104DD000BAFBF8F607E0DFF86CA2BAFBF7FA0AFBB9
:104DE0000CFABAFBF8F6B1F806A0BAF5007F0ED1BE
:104DF0004FEA162A0AEB8A0A4FEA4A0AD1F808B0A3
:104E0000BAFBFBFA0AF1050A1FFA8AF20FE04FEA31
:104E1000491AB6FBFAFA0AEB8A0A4FEA4A0AD1F8AB
:104E200008B0BAFBFBFA0AF1050A1FFA8AF24FF042
:104E30000A0AB2FBFAF202F00104A2EB040ACAF376
:104E40004F034FF6FF7A0AEA0424022B01DBFF2B03
:104E500001DD02230024B1F806A04AEA040A4AEA66
:104E6000030AA0F820A0B1F804A0B1F80CB04AEAF7
:104E70000B0AB1F802B04AEA0B0AB1F800B04AEAEC
:104E80000B0A4AF4006A4AEA05058583BDE8F08FFB
:104E90000021018041808180C18001814181818127
:104EA000C1810721018270470021018041808180FA
:104EB000C1800221816000218181704721B1028877
:104EC00042F04002028004E002884FF6BF731A40AD
:104ED0000280704721B1828B42F48062828304E0B9
:104EE000828B4FF6FF331A408283704702884FF25D
:104EF000FF731A40028002880A4302807047B1F5AE
:104F0000804F04D1028842F48042028004E002888B
:104F10004BF6FF731A40028070474FF6FF629142D2
:104F200004D0028842F48072028004E002884FF6C6
:104F3000FF631A400280704721B1828842F0040268
:104F4000828004E082884FF6FB731A4082807047AB
:104F500021B1828842F01002828004E082884FF6FC
:104F6000EF731A408280704730B500220023848B93
:104F70004FF240052C40848302240484828B0C88E9
:104F8000B4F5007F01D00C8814B94FF4807308E0A9
:104F90000C88B4F5407F03D00C88B4F5807F00D135
:104FA00000238C888D892C434D882C431C4344F46A
:104FB00000642243828330BD014688897047818125
:104FC000704721B1028842F40052028004E0028856
:104FD0004DF6FF731A4002807047018841F48051FA
:104FE0000180704702460020012901D0108B00E0AB
:104FF000908A70470146088A70471AB183880B432C
:10500000838002E083888B438380704730B500241F
:1050100000230C110125A540ABB2AAB185881D4320
:10502000858014E00030014000380040003C004022
:105030000034014000500140005401400838024053
:1050400000127A000024F40085889D43858030BDDD
:105050000246002013890B400BB1012000E0002024
:105060007047CA4302817047F0B502460020002411
:105070000023002501F00F070126BE40B4B20B113A
:1050800001269E40B3B2968806EA0305168926409B
:1050900016B10DB1012000E00020F0BD10B50022D6
:1050A00001F00F040123A3409AB2D343038110BD42
:1050B00070B503460C4603E014F8015B03F8015B8E
:1050C000151EA2F10102F7D170BD30B5034601E013
:1050D00003F8011B141EA2F10102F9D130BD10B575
:1050E00004467A4951F824104A00794951F82400BD
:1050F0000021FFF7EAFF774951F8242074490C3961
:1051000051F824000021FFF7E0FF012170480C3026
:10511000015510BD10B501460023002207E06C4880
:1051200050F8210030F8120000B15B1C521C674897
:1051300050F821009042F2D864205843634C54F850
:105140002140B0FBF4F0C0B210BD2DE9F047044699
:105150000F460025A9465E480C30005D20B95C482A
:1051600014380168204688471FB94FF0FF30BDE86A
:10517000F087594850F82400B7FBF0F6564850F82D
:105180002400B7FBF0F100FB117000B1761C4F4812
:1051900050F82400451E20E04D4850F8240030F817
:1051A000150010B909F1010901E04FF00009B145FE
:1051B00012D14FF0000808E0454850F8240005EBF4
:1051C000080220F8126008F10108B045F4D3424803
:1051D00050F824006843CAE76D1E002DDCDA4FF05A
:1051E000FF30C4E72DE9F04104460E4638480C3044
:1051F000005D38B9364814380168204688470120D8
:10520000BDE8F081334850F82400B04217D9324845
:1052100050F82400B6FBF0F12D4850F8240030F887
:105220001120002507E00023294850F824004F19D9
:1052300020F817306D1C9542F5DB0020E0E70220D6
:10524000DEE770B505460C4604B970BD20480C3841
:1052500050F82500261A31462846FFF7C3FF00BF45
:10526000F3E770B504460E4631462046FFF76DFF62
:105270000546681C08B9002070BD15480C3850F868
:1052800024002844F8E72DE9F04104460F4616466D
:1052900031462046FFF759FF0546681C10B900202B
:1052A000BDE8F0810A490C3951F8241048193246FA
:1052B0003946FFF7FDFE39462046FFF7C2FF044896
:1052C0000C3850F824002844EAE70000A8A9000898
:1052D0005C000020C0A90008B4A9000810B58CB07B
:1052E00004461E230BAA03A9204600F0A9FE009045
:1052F000009810B101200CB010BD9DF82C000444A2
:1053000000200B900EE040489DF82C2050F8221011
:1053100003A800F0FDFD00B908E09DF82C00401C3A
:10532000C0B20B909DF82C000728ECD300BF9DF86D
:105330002C00072863D2DFE800F004053C5E6564BA
:10534000630000BF31A004F075FF31A004F072FFCC
:105350003FA004F06FFF4EA004F06CFF5CA004F0CF
:1053600069FF6BA004F066FF79A004F063FF86A0DC
:1053700004F060FF8BA004F05DFF90A004F05AFFE2
:1053800094A004F057FF99A004F054FF9EA004F0ED
:1053900051FFA4A004F04EFFB0A004F04BFFBDA04D
:1053A00004F048FFC8A004F045FFD4A004F042FF79
:1053B0009AE216A004F03EFFE0A004F03BFF0020BC
:1053C0000B900EE0ED4800689DF82C2000EBC20029
:1053D0004168EBA004F02EFF9DF82C00401CC0B2E9
:1053E0000B90E648007D9DF82C108842EADC07A06F
:1053F00004F020FF78E205A004F01CFFC4E171E294
:1054000045E219E2ECE100006C0000200D0A00000A
:105410002D2D2D2D2D2D2D2D2D2D2D2D2D2D2D2DBC
:105420002D2D2D2D2D2D2D2D55534D4152542056C2
:10543000332E312D2D2D2D2D2D2D2D2D2D2D2D2D91
:105440002D2D2D2D2D2D2D2D2D2D2D200D0A000036
:105450002020202055534D415254CAC7D3C9414C36
:1054600049454E54454BBFAAB7A2B5C4D2BBB8F606
:10547000C1E9C7C9B5C4B4AEBFDAB5F7CAD4BBA5D4
:10548000BDBBD7E9BCFE2CCDA8B9FD200D0A00009C
:10549000CBFC2CC4E3BFC9D2D4CDA8B9FDB4AEBFF8
:1054A000DAD6FACAD6B5F7D3C3B3CCD0F2C0EFC3BD
:1054B000E6B5C4C8CEBACEBAAFCAFD2CB2A2D6B435
:1054C000D0D02ED2F2B4CB2CC4E3BFC90D0A000059
:1054D000D2D4CBE6D2E2B8FCB8C4BAAFCAFDB5C4E8
:1054E000CAE4C8EBB2CECAFD28D6A7B3D6CAFDD748
:1054F000D62831302F3136BDF8D6C629A1A2D7D64D
:10550000B7FBB4AEA1A2BAAFCAFDC8EB0D0A00004A
:10551000BFDAB5D8D6B7B5C8D7F7CEAAB2CECAFDCE
:10552000292CB5A5B8F6BAAFCAFDD7EEB6E0D6A716
:10553000B3D63130B8F6CAE4C8EBB2CECAFD2CB24D
:10554000A2D6A7B3D6BAAFCAFDB7B5200D0A0000E0
:10555000BBD8D6B5CFD4CABE2ED0C2D4F6B2CECA2E
:10556000FDCFD4CABEBDF8D6C6C9E8D6C3B9A6C455
:10557000DC2CD0C2D4F6BDF8D6C6D7AABBBBB9A620
:10558000C4DC2E0D0A000000BCBCCAF5D6A7B3D6F9
:105590003A7777772E6F70656E6564762E636F6DE0
:1055A0000D0A000055534D415254D3D037B8F6CFB1
:1055B000B5CDB3C3FCC1EE3A0D0A00003F3A20203E
:1055C00020202020BBF1C8A1B0EFD6FAD0C5CFA2D1
:1055D0000D0A000068656C703A202020BBF1C8A15C
:1055E000B0EFD6FAD0C5CFA20D0A00006C69737473
:1055F0003A202020BFC9D3C3B5C4BAAFCAFDC1D0B9
:10560000B1ED0D0A0A00000069643A202020202034
:10561000BFC9D3C3BAAFCAFDB5C44944C1D0B1ED07
:105620000D0A0A006865783A20202020B2CECAFD13
:105630003136BDF8D6C6CFD4CABE2CBAF3B8FABF3D
:10564000D5B8F12BCAFDD7D6BCB4D6B4D0D0BDF8EE
:10565000D6C6D7AABBBB0D0A0A0000006465633A30
:1056600020202020B2CECAFD3130BDF8D6C6CFD41E
:10567000CABE2CBAF3B8FABFD5B8F12BCAFDD7D63B
:10568000BCB4D6B4D0D0BDF8D6C6D7AABBBB0D0A21
:105690000A00000072756E74696D653A312CBFAAFC
:1056A000C6F4BAAFCAFDD4CBD0D0BCC6CAB13B3069
:1056B0002CB9D8B1D5BAAFCAFDD4CBD0D0BCC6CAEC
:1056C000B13B0D0A0A000000C7EBB0B4D5D5B3CC8E
:1056D000D0F2B1E0D0B4B8F1CABDCAE4C8EBBAAFF9
:1056E000CAFDC3FBBCB0B2CECAFDB2A2D2D4BBD8F5
:1056F000B3B5BCFCBDE1CAF82E0D0A002D2D2D2D31
:105700002D2D2D2D2D2D2D2D2D2D2D2D2D2D2D2DC9
:105710002D2D2D2D2D2D414C49454E54454B2D2DD4
:105720002D2D2D2D2D2D2D2D2D2D2D2D2D2D2D2DA9
:105730002D2D2D2D2D2D2D200D0A00002D2D2D2D43
:105740002D2D2D2D2D2D2D2D2D2D2D2D2D2D2D2D89
:105750002D2D2D2D2DBAAFCAFDC7E5B5A52D2D2DAB
:105760002D2D2D2D2D2D2D2D2D2D2D2D2D2D2D2D69
:105770002D2D2D2D2D2D2D2D200D0A006001002009
:1057800025730D0A00000000EEA004F053FD002078
:105790000B901AE0FB4909689DF82C2001EBC2012F
:1057A00001AB02AA486803A900F070FCF548006844
:1057B0009DF82C1050F8312003A9F3A004F03AFD15
:1057C0009DF82C00401CC0B20B90EE48007D9DF867
:1057D0002C108842DEDCAFF2CC3004F02BFD83E0ED
:1057E000AFF2D83004F026FD0BAA03A9204600F042
:1057F00029FD9DF82C00C8B9694603A800F0BBFB41
:105800000B909DF82C0020B9E4A0009904F012FD43
:105810000EE09DF82C00042801D002206BE5E2A0E8
:1058200004F008FD0120D749C87501E0022062E5B7
:10583000DCA004F0FFFC57E0DAA004F0FBFC0BAAAC
:1058400003A9204600F0FEFC9DF82C00C8B969466B
:1058500003A800F090FB0B909DF82C0020B9D7A076
:10586000009904F0E7FC0EE09DF82C00042801D01C
:10587000022040E5D4A004F0DDFC0020C149C87539
:1058800001E0022037E5C7A004F0D4FC2CE0C5A05D
:1058900004F0D0FC0BAA03A9204600F0D3FC9DF82D
:1058A0002C00C8B9694603A800F065FB0B909DF871
:1058B0002C0078B9B349009881F8EC00084690F8BC
:1058C000EC0018B1C5A004F0B5FC07E0CAA004F0D4
:1058D000B1FC03E002200EE502200CE5B1A004F0CB
:1058E000A9FC01E0012006E500BF002003E510B59A
:1058F0000121C848FFF7ACF84FF6FF71C548FEF725
:105900003DFC0021C348FEF737FC00209D49C1F84B
:10591000F00010BD10B50121BE48FFF790F8012836
:1059200008D19848D0F8F0004FF6FF710844954927
:10593000C1F8F000B748FEF723FC9249D1F8F01007
:1059400008449049C1F8F0000846D0F8F00010BDB6
:1059500010B50121AF48FFF77EF801280AD1894927
:10596000086980470021AB48FEF706FC6421A9487E
:10597000FEF704FC0121A748FFF77EF810BD7FB5B4
:1059800004460D4601210420FDF7F7FDADF8005057
:105990000020ADF802000194ADF8080069469D486A
:1059A000FEF7A1FB012211469A48FFF73DF80121BD
:1059B0009848FEF721FC1E208DF80C0003208DF87E
:1059C0000D008DF80E0001208DF80F0003A8FDF7E3
:1059D0000EF97FBD10B5044604EBC40000EB0410C3
:1059E0000122C2EB800081B24FF47A70FFF7C7FF4B
:1059F00001206449C87510BD30B595B0054613AB9C
:105A000012AA09A9284600F041FB044614B1204619
:105A100015B030BD0020149026E05A4909689DF861
:105A2000502001EBC20113AB11AA486801A900F094
:105A30002DFB04460CB12046EAE709A901A800F0B5
:105A400067FA60B99DF844009DF84810884201DD6E
:105A50000220DDE79DF850004A4988750AE09DF86C
:105A60005000401CC0B214904648007D9DF8501074
:105A70008842D2DC00BF4348007D9DF85010884228
:105A800001D10420C4E714A9284600F04CFC0446C8
:105A90000CB12046BCE79DF850003A4948750020FB
:105AA000B6E72DE9F0419AB03648847D007DA042EA
:105AB00002DC1AB0BDE8F0813249096801EBC4018B
:105AC00006AB07AA486808A900F0E0FA08A952A0A6
:105AD00004F0B0FB0026B9E02A48008B0121B14058
:105AE0000840D8B122214EA004F0A4FB304600F0BB
:105AF0000DFC24492431471839464AA004F09AFB8A
:105B0000222147A004F096FB304600F0FFFB1D4920
:105B10002431084410A941F826008DE0304600F0F9
:105B2000F5FB18492431085810A941F826001548FA
:105B3000C07D30B910A850F826103BA004F07AFBC5
:105B40007AE073E02D2D2D2D2D2D2D2D2D2D2D2D8C
:105B50002D2D2D2D2D2D2D2D2D2D2D2D2DBAAFCAC9
:105B6000FD204944202D2D2D2D2D2D2D2D2D2D2D7C
:105B70002D2D2D2D2D2D2D2D2D2D2D2D2D2D2D2D55
:105B8000200D0A00600100202573206964206973DC
:105B90003A0D0A3058253038580D0A004845583A11
:105BA000305825580D0A00003136BDF8D6C6B2CEA1
:105BB000CAFDCFD4CABE210D0A0000004445433AB5
:105BC000256C750D0A0000003130BDF8D6C6B2CE86
:105BD000CAFDCFD4CABE210D0A00000052756E2046
:105BE00054696D652043616C63756C6174696F6E97
:105BF000204F4E0D0A00000052756E2054696D65ED
:105C00002043616C63756C6174696F6E204F46460A
:105C10000D0A0000000800400D0A2573280000004E
:105C20002563000025730000256C750010A850F84E
:105C3000261095A004F0FEFA9DF81C00401EB0420C
:105C400002D093A004F0F6FA701CC6B29DF81C00B6
:105C50008642FFF641AF8FA004F0ECFAFFF747FE53
:105C60008D48407D0B280DD2DFE800F0060D151E93
:105C700027323F4E5F7287008749096851F8340028
:105C80008047054690E0844A126852F83410109814
:105C90008847054688E0804B1B6853F83420DDE9CF
:105CA0001001904705467FE07B4F3F6857F834303E
:105CB00010A807C89847054676E0DFF8DCC1DCF895
:105CC00000C05CF8347010A80FC8B84705466BE0F8
:105CD0001498DFF8C4C10090DCF800C05CF83470A0
:105CE00010A80FC8B84705465EE0DDE91401DFF8EB
:105CF000A8C1CDE90001DCF800C05CF8347010A840
:105D00000FC8B84705464FE0DDE914121698DFF8D2
:105D100088C1CDE900120290DCF800C05CF8347054
:105D200010A80FC8B84705463EE0DDE91423DDE9B9
:105D30001610DFF864C1CDE90023CDE90210DCF8CC
:105D400000C05CF8347010A80FC8B84705462BE0B7
:105D5000DDE91523DDE91710CDE90123CDE90310B5
:105D60001498DFF834C10090DCF800C05CF834709F
:105D700010A80FC8B847054616E0DDE91623DDE98F
:105D80001810CDE90223CDE90410DDE91401DFF894
:105D900008C1CDE90001DCF800C05CF8347010A83F
:105DA0000FC8B847054600BF00BFFFF7B3FD9DF819
:105DB000180001280CD13848C07D20B9294637A0E9
:105DC00004F038FA07E0294636A004F033FA02E07E
:105DD00033A004F02FFA304890F8EC0088B12E4838
:105DE000D0F8F0000A21B0FBF1F201FB12072A48BB
:105DF000D0F8F000B0FBF1F83A4641462CA004F090
:105E000019FA00BF55E670B53148008800F400402B
:105E1000002833D02E48057800202E4948551E48CA
:105E200081682C48884704461CB91B49C8688047CC
:105E300021E02848FFF752FA0546012D00D02C46F4
:105E4000CCB1012C06D0022C08D0032C0AD0042C93
:105E500010D10BE020A004F0EDF90BE021A004F03C
:105E6000E9F907E022A004F0E5F903E023A004F03B
:105E7000E1F900BF00BF00201549088070BD014650
:105E800008687047016070473058255800000000CE
:105E90002C00000029000000600100203D256C75E9
:105EA0003B0D0A003D305825583B0D0A000000000C
:105EB00046756E6374696F6E2052756E2054696DFD
:105EC000653A25642E2531646D730D0A00000000CB
:105ED0003400002030150020BAAFCAFDB4EDCEF377
:105EE000210D0A00B2CECAFDB4EDCEF3210D0A0099
:105EF000B2CECAFDCCABB6E0210D0A00CEB4D5D2ED
:105F0000B5BDC6A5C5E4B5C4BAAFCAFD210D0A002A
:105F100002460AE010780B78984201D001207047C1
:105F2000107800B902E0521C491CF3E700BF0020C2
:105F3000F5E706E002780A70027802B902E0401C38
:105F4000491CF7E700BF70470146002005E00A78CA
:105F500002B903E0421CD0B2491CF8E700BF704709
:105F600010B50246012000E050430B1EA1F10104D0
:105F7000E1B2F9D110BD2DE9F04307460E460025E8
:105F80004FF00A083C46002030601FE02078392896
:105F900002DC207830280ADA2078462802DC2078D3
:105FA000412804DA2078582809D1012D07D120781A
:105FB000412801DB4FF01008681CC5B205E02078CD
:105FC00000B904E00120BDE8F083641CDEE700BFF7
:105FD0003C46B8F1100F0FD1032D01DA0220F2E791
:105FE0002078302806D16078582803D1A41CA81E38
:105FF000C5B204E00320E6E70DB90420E3E71BE0A7
:106000000DB1681EC5B22078392806DC207830280A
:1060100003DB2078A0F1300902E02078A0F13709F5
:1060200029464046FFF79CFF316809FB00103060AD
:10603000641C207800B900E0E2E700BF0020C2E75E
:1060400010B50446002010700BE020780870641C26
:10605000491C1078401C10701078984201DB012018
:1060600010BD2078202802D020780028EDD1002013
:10607000087000BFF4E70146491C00E0491C08789D
:10608000202801D10029F9D1087870472DE9FF4F68
:1060900085B08046894600270020049003900120A7
:1060A00002904FF0000B002544461DE02078202888
:1060B00016D005F07F00052812DA0DB945F08005ED
:1060C00005F07F00042803D120782A2800D00EE0B4
:1060D000207805F07F010DF80100681CC5B202E0D0
:1060E000852D00D103E0641C20780028DED100BF9C
:1060F0008DB1002005F07F010DF80100CBA16846AD
:10610000FFF706FF18B900210898017002E001218D
:106110000898017000254FF0000A444614E0641C02
:106120000AF1010000F0FF0A2078202802D0207830
:106130002A2809D12046FFF79EFF0646282E03D0C5
:106140002A2E01D0CDF810A02078282802D020785F
:106150000028E4D14446049810B10498401C04443B
:106160004FF0000A002654E0207810B94FF0010AE1
:1061700050E02078282803D116B9781CC7B213E064
:106180002078292808D13EB917B1781EC7B201E09E
:106190004FF0010A47B93DE02078222804D10EB91A
:1061A000012000E00020064647B9207820282FD0A3
:1061B000207889F8000009F1010929E020782C28CD
:1061C00004D101200290681CC5B214E02078202878
:1061D00011D0207828280ED04DB9BBF1050F06DA72
:1061E00020780DF80B000BF1010000F0FF0B029876
:1061F000401CC0B20290012F0AD10298022807D198
:106200000298401CC0B202900398401CC0B2039098
:10621000641CA9E700BF0398012809D100200DF8EC
:106220000B0082A16846FFF773FE08B900200390B7
:10623000079903980870002089F80000504609B0BB
:10624000BDE8F08FF0B50346154600200022002679
:10625000002455E01F782C2F01D104B901221F78AA
:10626000292F01D01F780FB904B94AE0002E34D18C
:106270001F78302F02DB1F78392F11DD1F78612F37
:1062800002DB1F78662F0BDD1F78412F02DB1F78A2
:10629000462F05DD1F78582F02D01F78782F0CD19C
:1062A00002B12EE01F78612F03DB1F78203F0F70B3
:1062B00001E01F780F70491C1FE01F78222F04D1C6
:1062C00002B11EE00126012417E01F78202F14D010
:1062D0001F782C2F11D0FF2613E01F78222F00D11A
:1062E000002402B10DE044B11F785C2F02D15B1C89
:1062F000471CF8B21F780F70491C471CF8B25B1C92
:10630000A8E700BF00270F702E70F0BD02460020E6
:10631000002105E0474B5B5C0344D8B24B1CD9B26B
:106320009142F7DB70472DE9F043B5B005460F46C3
:106330000024002604E000213E488155701CC6B2AE
:106340000A2EF8DB06E06D1C287818B9012035B05C
:10635000BDE8F08328782828F5D16D1C61E034AAC7
:1063600069462846FFF76EFF064635449DF8D00083
:1063700020B1012827D0FF284CD149E09DF800002A
:1063800000B333A96846FFF7F6FD06460EB10220BA
:10639000DDE72046FFF7BAFF26490A31339A0A5053
:1063A000A1F12400008B0121A140884321491A3921
:1063B000088304211F480155601CC4B20A2C01DD6A
:1063C0000320C4E726E06846FFF7BEFD401C00F04E
:1063D000FF082046FFF79AFF16490A3100EB010932
:1063E00049466846FFF7A5FD12481A38018B01207F
:1063F000A040014388B20F491A3908830D4800F8BC
:106400000480601CC4B20A2C01DD03209FE701E078
:1064100002209CE700BF2878292801D0287800B9FD
:1064200000E09CE700BF3C70002090E7766F696455
:10643000000000007A01002070B50446002514B168
:10644000012C0BD103E0FBF77BF9054608E0FAF7D6
:106450002FFA4FF4C0407649088001E0012500BFC3
:1064600000BF0DB1012070BD0020FCE701460020F7
:1064700070472DE9F04107460E4615461C464FF081
:10648000000814B90420BDE8F08117B1012F22D112
:1064900012E0E2B229463046FCF7B4F9804607E044
:1064A000FBF74EF9E2B229463046FCF7ABF98046DD
:1064B000B8F1000FF4D111E009E069024FF4007265
:1064C0003046FAF762FA6D1C06F50076641E002C61
:1064D000F3D1A04602E04FF0010800BF00BFB8F1C1
:1064E000000F01D10020CEE70120CCE72DE9F041DB
:1064F00007460E4615461C464FF0000814B9042006
:10650000BDE8F08117B1012F22D112E0E2B2294695
:106510003046FCF7D5F9804607E0FBF711F9E2B207
:1065200029463046FCF7CCF98046B8F1000FF4D18B
:1065300011E009E069024FF400723046FAF7C1FA3F
:106540006D1C06F50076641E002CF3D1A04602E017
:106550004FF0010800BF00BFB8F1000F01D10020CB
:10656000CEE70120CCE72DE9F047064689461546DF
:1065700046BBB9F1000F09D0B9F1010F13D0B9F141
:10658000020F05D0B9F1030F19D106E0002418E07D
:106590004FF400702860002413E02648B0F8500043
:1065A000288000240DE023484FF400720023D0E936
:1065B0001271384603F019FE2860002401E004241B
:1065C00000BF22E0012E1FD1B9F1000F09D0B9F1AF
:1065D000010F11D0B9F1020F05D0B9F1030F10D19D
:1065E00006E000240FE04FF40070288000240AE049
:1065F00008202880002406E00D4800882860002438
:1066000001E0042400BF00E001242046BDE8F0873B
:106610000020704710B5044621460020FEF721FEF9
:1066200010BD10B5044621460020FEF70AFE10BD3D
:1066300054020020D812002070B503460C4603E037
:1066400014F8015B03F8015B151EA2F10102F7D1FA
:1066500070BD30B5034601E003F8011B141EA2F122
:106660000102F9D130BDF0B503461C460D460020AD
:1066700000BF161EA2F1010207D014F8017B15F825
:1066800001CBA7EB0C06301EF3D0F0BD024600E0B4
:10669000521C107810B110788842F9D110787047E8
:1066A00070B504462079F8B1E56A607801232A467E
:1066B00004F13001FFF71AFF08B1012070BD00207E
:1066C0002071206A281AA16988420DD2E67809E073
:1066D000A0690544607801232A4604F13001FFF7E0
:1066E00005FF761E022EF3D20020E7E770B50446C0
:1066F0000D46E06AA84210D02046FFF7D1FF08B14E
:10670000012070BD607801232A4604F13001FFF7B3
:10671000B0FE08B10120F4E7E5620020F1E770B5B2
:1067200004462046FFF7BCFF0546002D59D12078CE
:1067300003284FD1607901284CD14202002104F195
:106740003000FFF786FF552184F82E12AA2184F825
:106750002F12522084F8300052213120015561213E
:1067600032200155412133200155722184F8141241
:1067700084F81512412184F81612612184F8171249
:10678000217C84F81812208A010A84F819122069E1
:10679000010C84F81A122069010E84F81B12217B67
:1067A00084F81C12A089010A84F81D12E068010C0B
:1067B00084F81E12E068010E84F81F12E069401C84
:1067C000E0626078012304F13001E26AFFF78EFE97
:1067D00000206071607800221146FFF7C4FE00B10E
:1067E0000125284670BD0246891E5069801E8842D8
:1067F00001D8002070479378906A01FB0300F9E705
:106800002DE9F04105460C46022C02D36869A042EE
:1068100002D80120BDE8F0812878012804D00228A0
:106820002CD003285AD13DE0274607EB5707286AAA
:1068300000EB57212846FFF759FF00B150E0C7F39E
:10684000080105F1300010F801807F1C286A00EB78
:1068500057212846FFF74AFF00B141E0C7F308017E
:1068600005F13000405C48EA002804F0010010B156
:106870004FEA1810CEE7C8F30B00CBE7286A00EB0D
:1068800014212846FFF732FF00B129E040F2FF1043
:1068900000EA440105F130000E183078717840EAC2
:1068A0000120B7E7286A00EBD4112846FFF71EFF46
:1068B00000B115E040F2FF1000EA840105F130005C
:1068C0000E18F0780006B17840EA0140717840EA8D
:1068D00001203178084320F070409BE7012099E7C0
:1068E00000BF4FF0FF3095E72DE9F04705460E4613
:1068F0001746022E02D36869B04202D84FF0020850
:106900008AE02878012804D0022841D003287DD1CC
:1069100054E0B14609EB5909286A00EB5921284691
:10692000FFF7E4FE8046B8F1000F00D071E0C9F334
:10693000080105F130000C1806F0010020B1F9B291
:10694000207861F31F1000E03846207009F101093A
:1069500001202871286A00EB59212846FFF7C6FE5E
:106960008046B8F1000F00D053E0C9F3080105F1EB
:1069700030000C1806F0010010B1C7F3071005E055
:10698000207800F0F000C7F303210843207040E0B6
:10699000286A00EB16212846FFF7A8FE8046B8F1CA
:1069A000000F00D035E040F2FF1000EA460105F18B
:1069B00030000C182770380A60702AE0286A00EB53
:1069C000D6112846FFF792FE8046B8F1000F00D09E
:1069D0001FE040F2FF1000EA860105F130000C18BC
:1069E000E0780006A17840EA0140617840EA0120A1
:1069F0002178084300F0704007432770380A607020
:106A0000380CA070380EE07003E0FFE74FF002088A
:106A100000BF00BF012028714046BDE8F0872DE986
:106A2000F04104460E46022E02D36069B04201D8FE
:106A3000022727E0002721E031462046FFF7E0FE4D
:106A4000054605B91DE0012D01D1022719E0681C9A
:106A500008B9012715E0002231462046FFF744FF20
:106A6000074607B10DE02069401C30B12069401C89
:106A70002061607940F0010060712E466069B0428B
:106A8000DAD800BF3846BDE8F0812DE9F04704466A
:106A90008946B9F1000F06D1E76817B16069B842BD
:106AA00015D8012713E049462046FFF7A9FE064600
:106AB000022E02D20120BDE8F087701C08B93046D2
:106AC000F9E76069B04201D93046F4E74F463D46E8
:106AD00000BF6D1C6069A84204D80225BD4201D9DF
:106AE0000020E8E729462046FFF78AFE064606B959
:106AF00009E0701C08B1012E01D13046DBE7BD4230
:106B0000E7D10020D7E700BF6FF07042294620464A
:106B1000FFF7EAFE8046B8F1000F08D1B9F1000F87
:106B200005D02A4649462046FFF7DEFE8046B8F1EA
:106B3000000F0BD1E5602069401C78B12069401E30
:106B40002061607940F00100607107E0B8F1010F49
:106B500002D14FF0FF3000E0012005462846AAE7A9
:106B600070B503460D46586A021D680A1E68B6785D
:106B7000B0FBF6F400BF02CA09B9002070BD8C4218
:106B800000D202E0641A121DF5E700BF106820442D
:106B9000F4E72DE9F04104460E46E680A568012D94
:106BA00003D020684069A84202D80220BDE8F081E5
:106BB0002DB920680078032801D12068456A45B9BD
:106BC00020680089B04201D80220EFE72068476AB8
:106BD0001EE0206880784FEA001812E029462068FD
:106BE000FFF70EFE0546681C08B90120DEE7022DFE
:106BF00003D320684069A84201D80220D6E7A6EB5B
:106C000008064645EAD229462068FFF7ECFD07460C
:106C1000E5600FB90220C9E707EB16102061206874
:106C2000303006F00F0100EB411060610020BDE73D
:106C30002DE9F04104468846E088461CB0B208B110
:106C4000206910B90420BDE8F08106F00F0000288B
:106C50006CD12069401C2061E06828B92068008957
:106C6000B04263D80420EEE720688078401E00EA36
:106C7000161000285AD1E1682068FFF7C1FD0546CB
:106C8000012D01D80220DEE7681C08B90120DAE7EF
:106C900020684069A84243D8B8F1000F01D1042010
:106CA000D1E7E1682068FFF7F0FE05460DB907203F
:106CB000C9E7012D01D10220C5E7681C08B90120F0
:106CC000C1E72068FFF7ECFC08B10120BBE72168B1
:106CD00001F130004FF400720021FFF7BAFC2946A1
:106CE0002068FFF780FD2168C86200270EE00120C0
:106CF000216808712068FFF7D3FC08B10120A2E7E2
:106D00002068C06A401C2168C8627F1C20688078A7
:106D1000B842ECD82068C06AC01B2168C86200BFB6
:106D2000E56029462068FFF75EFD2061E680206867
:106D3000303006F00F0100EB41106061002082E767
:106D40002DE9F04104460E4600212046FFF721FFC1
:106D50000546EDB9002700BF21692068FFF7C6FC92
:106D6000054605B113E060690078E52802D0606946
:106D7000007820B9781C0746B04201D107E000270F
:106D800001212046FFF754FF0546002DE4D000BF47
:106D9000042D00D107252846BDE8F08110B5024634
:106DA0008C7ECB7E44EA03201378032B05D10C7D27
:106DB0004B7D44EA032340EA034010BD81760B0A71
:106DC000C3760A0C02750B0E437570472DE9F04728
:106DD00005460C46207820F04000401E00EB800164
:106DE00001EBC00600274FF0010800BFF848C05D66
:106DF000205CF749C95D2144497840EA0129B8F18E
:106E0000000F10D0484603F0CFF98046FF2E07D27E
:106E10003146761C35F8110003F0C6F9404508D01C
:106E20000020BDE8F0874FF6FF70814501D00020BB
:106E3000F7E7781C07460D28D8D3207800F04000EB
:106E400038B1B8F1000F04D035F8160008B10020B1
:106E5000E7E70120E5E7F0B50346087800F03F00DA
:106E6000401E00EB800707EBC0020025012600BF93
:106E7000D748405D085CD64F7F5D0F447F7840EA7D
:106E800007244EB1FF2A01D30020F0BD264610464C
:106E9000521C23F8104005E04FF6FF70844201D0E9
:106EA0000020F2E7681C05460D28E1D3087800F0C1
:106EB000400030B1FF2A01D30020E6E7002023F88C
:106EC00012000120E1E7F0B504461D464D730F277F
:106ED000CF7200270F738F76BC4681F81BC0571EF8
:106EE00007EB870C0CEBC706002738463B4600BF74
:106EF0004FF6FF77B84203D03746761C34F81700B8
:106F0000DFF8CCC21CF803C001F80C000712DFF850
:106F1000C0C21CF803C08C448CF8017008B94FF64D
:106F2000FF705F1C3B460D2FE2D34FF6FF77B84250
:106F300002D034F816700FB942F040020A70F0BD6A
:106F40002DE9FC4707468A4690461E460B225146CD
:106F50003846FFF771FB052E18D9304610E038F897
:106F6000021B00250AE00A4660F35F021046491042
:106F700000F480320AB1974A50406D1C102DF2D3B4
:106F8000B8F80020002AEAD1064600BF072500BF56
:106F900006F00F0000F13009B9F1390F03DD09F1F6
:106FA000070000F0FF0928466D1E0DF80090360915
:106FB000002EEDD17E200DF8050000240BE0385D99
:106FC000812807DB385DFE2804DC681EA04200D162
:106FD00006E0641C641CAC4202D2385D2028EED16D
:106FE00000BF00BF082D04D228466D1C1DF80010FC
:106FF00000E020212046641C3954082CF2D3BDE85F
:10700000FC8730B5014600200B2200BF431003EB84
:10701000C01411F8015B6319D8B2531E1A1EF5D1C2
:1070200030BD2DE9F047044600212046FFF7B1FDB1
:10703000074617B13846BDE8F0874FF0FF09CA464A
:107040004FF6FF70208400BF21692068FFF74EFBD8
:10705000074607B157E065692E780EB9042752E05C
:10706000E87A00F03F08E52E05D008F0080040B1AE
:10707000B8F10F0F05D04FF0FF094FF6FF702084D5
:107080003AE0B8F10F0F1CD1E06978B306F0400088
:1070900030B195F80DA026F04006B146E088208476
:1070A0004E450AD1687B504507D12946E069FFF774
:1070B0008DFE10B1A9F1010000E0FF2000F0FF09F2
:1070C0001AE0B9F1000F05D12846FFF79AFF5045A5
:1070D00000D118E0A069C07A00F0010038B90B2295
:1070E0002846A169FFF7BFFA08B90CE004E04FF0A9
:1070F000FF094FF6FF70208400212046FFF798FD1E
:107100000746002FA0D000BF384694E72DE9F05F76
:1071100004468A464FF0FF09CB4604274EE021691A
:107120002068FFF7E3FA074607B14AE06669357859
:107130000DB9042745E0F07A00F03F08E52D09D0AD
:107140002E2D07D0B8F1080F01D1012000E000205A
:10715000504502D04FF0FF0929E0B8F10F0F1AD1C6
:1071600005F0400030B196F80DB025F04005A94675
:10717000E08820844D450AD1707B584507D13146BF
:10718000E069FFF768FE10B1A9F1010000E0FF20FF
:1071900000F0FF090BE0B9F1000F04D13046FFF712
:1071A00030FF584502D04FF6FF70208409E00021DF
:1071B0002046FFF73DFD074607B102E020690028A1
:1071C000ADD100BF0FB1002020613846BDE8F09F6F
:1071D000CCA90008211001002DE9FE4F0446D4F887
:1071E0001880D4F81C900C2241466846FFF724FA18
:1071F00000BF9DF80B0000F0010020B3002088F8CC
:107200000B00E06101260CE033464A4669464046E1
:10721000FFF796FE2046FFF704FF054605B102E0A2
:10722000761C642EF0D300BF642E02D10720BDE887
:10723000FE8F042D01D02846F9E79DF80B0088F851
:107240000B00C4F81C909DF80B0000F0020060B128
:10725000002600E0761C39F816000028FAD106F165
:1072600019000D21B0FBF1F700E001273946204657
:10727000FFF766FD054645BB781E071E25D0E08852
:10728000C11B2046FFF785FC0546F5B9A069FFF74D
:10729000B8FE824600BF21692068FFF727FA05463D
:1072A00005B111E0FAB253466169E069FFF70BFEE0
:1072B00001202168087100212046FFF7B9FC05462E
:1072C00015B9781E071EE6D100BFC5B9216920682F
:1072D000FFF70CFA054695B9202200216069FFF7F7
:1072E000B8F90B22D4E90501FFF7A6F9A069C07A25
:1072F00000F01800616908730120216808712846B0
:1073000095E770B50446E688208C4FF6FF729042F0
:1073100001D1304600E0208C01462046FFF739FCC1
:1073200005460DBB00BF21692068FFF7DFF9054660
:1073300005B115E0202200216069FFF78AF9E520F8
:1073400061690870012021680871E088B04200D3AB
:1073500006E000212046FFF76BFC0546002DE2D039
:1073600000BF042D00D10225284670BD2DE9F0474D
:1073700007460C4604F109063869002843D07869AD
:10738000002526E029466D1C10F80180B8F1200F79
:1073900000D11EE0B8F1050F01D14FF0E508092D2D
:1073A00002D12E2106F8011BB8F1410F0EDBB8F116
:1073B0005A0F0BDC017B092D01D3102200E00822BB
:1073C000114019B108F1200101F0FF0806F8018B06
:1073D00000BF0B2DD6D3C17A2172C17F0A06817FEF
:1073E00042EA0142417F42EA0121027F11432160CA
:1073F000027E417E42EA0121A180827DC17D42EA76
:107400000121E18000BF00203070A06990B3002509
:10741000A669386958B3E06948B3388C4FF6FF71F4
:10742000884224D0D7F81CA01BE00021484602F077
:1074300081FE8146B9F1000F01D1002516E0B9F1B6
:10744000FF0F04DD4FEA292228466D1C3254E06903
:10745000401EA84201D8002508E028466D1C06F809
:1074600000903AF8021BB1F10009DED100BF002004
:10747000705500BFBDE8F0872DE9F34F83B081461A
:1074800004980068019002E00198401C0190019866
:1074900000782F28F8D0019800785C28F4D0D9F82B
:1074A0001CA000252F4600BF38467F1C01990C5CAC
:1074B000202C03DB2F2C01D05C2C00D132E0FF2DDF
:1074C00003D3062005B0BDE8F08FE4B2812C13DBB6
:1074D000E0B2FE2810DC38467F1C01990E5C402E7D
:1074E00001DB7E2E05DD802E01DBFE2E01DD062078
:1074F000E8E706EB042084B20121204602F01AFEE0
:1075000004460CB90620DDE7802C06DA2146F9A0F6
:10751000FFF7BCF808B10620D4E728466D1C2AF80E
:107520001040C1E700BF0198C11904980160202CE8
:1075300001DA042000E00020804608E0681E3AF8E6
:107540001040202C02D02E2C00D002E06D1E002D09
:10755000F4D100BF0DB90620B4E700202AF81500C9
:107560000B222021D9F81800FFF773F8002700E05C
:107570007F1C3AF817002028FAD03AF817002E2876
:10758000F6D00FB148F0030800E06D1E25B1681E6B
:107590003AF810002E28F8D10020064602904FF04D
:1075A000080B00BF38467F1C3AF8104004B963E06E
:1075B000202C03D02E2C04D1AF4202D048F0030877
:1075C000F0E70298584501D2AF4214D1BBF10B0F3E
:1075D00002D148F003084FE0AF4201D048F0030861
:1075E000AF4200D948E02F46082002904FF00B0B25
:1075F000B006060ED6E7802C09DB204602F0D4FD4B
:107600000021009002F096FD044648F00208FF2C8D
:1076100011DDABF101000299884204D848F003085B
:10762000CDF808B0BEE72212D9F818300298411CF4
:1076300002911A5419E024B12146B1A0FFF726F8AF
:1076400018B15F2448F003080FE0412C04DB5A2CEA
:1076500002DC46F0020608E0612C06DB7A2C04DC32
:1076600046F00106A4F1200084B2D9F8183002983F
:10767000411C02911C5495E700BFD9F8180000780E
:10768000E52803D10520D9F818100870BBF1080FC0
:1076900001D1B006060E06F00C000C2803D006F04F
:1076A0000300032801D148F0020808F0020058B98D
:1076B00006F00300012801D148F0100806F00C0084
:1076C000042801D148F00808D9F8180080F80B8088
:1076D0000020F7E62DE9F3410446019800782F28B1
:1076E00003D0019800785C2802D10198401C0190D9
:1076F0000020A06001980078202807D200212046B1
:10770000FFF747FA05460020606128E000BF01A9A5
:107710002046FFF7B1FE054605B11FE02046FFF702
:1077200080FC0546A069C67A3DB1042D04D100BF96
:1077300006F0040000B9052510E006F0040000B1D1
:107740000CE06769F87A00F0100008B9052505E03B
:1077500039462068FFF722FBA060D8E700BF284623
:10776000BDE8FC8170B502464FF0FF301568E5B109
:10777000116800E0491C0D78202D02D30D783A2DB8
:10778000F8D10D783A2D0FD1146814F8015BA5F1EA
:1077900030030A2B07D28C4205D1032B03D21846A3
:1077A0004D1C2946156070BD002000BFFBE770B579
:1077B00004460D4600202071401EE0622946204606
:1077C000FEF794FF08B1032070BD94F82E1294F8D0
:1077D0002F0241EA00204AF65521884201D00220BA
:1077E000F2E794F86900010694F8680041EA004164
:1077F00094F8670041EA002094F86610084320F0EE
:107800007F404149884201D10020DDE794F885009E
:10781000010694F8840041EA004194F8830041EAAB
:10782000002094F88210084320F07F4036498842B7
:1078300001D10020C8E70120C6E72DE9F74F88B045
:107840000021089801600998FFF78CFF07900798BE
:10785000002803DA0B200BB0BDE8F08F2B49079806
:1078600051F820400CB90C20F5E708980460207806
:1078700078B16078FEF7FAFD804608F0010040B963
:107880000A9820B108F0040008B10A20E3E70020BC
:10789000E1E700202070079860706078FEF7CCFD6B
:1078A000804608F0010008B10320D4E70A9820B10F
:1078B00008F0040008B10A20CDE700273946204629
:1078C000FFF775FF0546012D01D09DBB3BE000266B
:1078D00022E004F5F77101EB06100179C1B1C17A1C
:1078E0000A06817A42EA0142417A42EA0121027A99
:1078F00011430EE0222A3A3C3E3F7C7F000000000C
:107900002B2C3B3D5B5D00004641540000BF012035
:1079100000214DF82610761C042EDAD3002606B17D
:10792000761E00BF5DF826702FB139462046FFF75E
:107930003EFF01E007E0022005461DB1701C06462F
:107940000428EFD300BF032D01D1012083E70DB13F
:107950000D2080E73B20015D94F83C0041EA0020C7
:10796000B0F5007F01D00D2075E74620015D94F849
:10797000470041EA0029B9F1000F0ED194F85700F1
:10798000010694F8560041EA004194F8550041EA96
:10799000002094F8541040EA0109C4F818904020DF
:1079A000005DE070E078012804D0E078022801D082
:1079B0000D2050E7E07809FB00F93D20005DA07044
:1079C000A07818B1A078411E084008B10D2042E708
:1079D0004120015D94F8420041EA00202081207A94
:1079E00000F00F0008B10D2035E74320015D94F849
:1079F000440041EA002BBBF1000F0ED194F8530074
:107A0000010694F8520041EA004194F8510041EA1D
:107A1000002094F8501040EA010B3E20015D94F8DC
:107A20003F0041EA00200490049808B90D2012E7B5
:107A300004984844218900EB11100690069883456C
:107A400001D20D2007E70698ABEB0000A178B0FB50
:107A5000F1FABAF1000F01D10D20FCE6012540F644
:107A6000F670824500D302254FF6F670824500D3AA
:107A700003250AF102006061E7610498384420623E
:107A800006983844A062032D16D1208908B10D2034
:107A9000E1E694F85F00010694F85E0041EA0041D7
:107AA00094F85D0041EA002094F85C10084360629D
:107AB00060698000059014E0208908B90D20CAE6AD
:107AC000206A48446062022D02D16069400007E0EC
:107AD000207D00F00100616901EB410100EB5100E4
:107AE0000590A169059800F2FF10B1EB502F01D26B
:107AF0000D20B0E64FF0FF302061E0608020607123
:107B0000032D5AD194F8601094F8610041EA0020E6
:107B1000012852D1791C2046FEF7E8FDE8BB002081
:107B2000607194F82E1294F82F0241EA00204AF670
:107B30005521884241D13320005D01063220005D8D
:107B400041EA00413120005D41EA002094F8301004
:107B50000843FC49884230D194F81702010694F892
:107B6000160241EA004194F8150241EA002094F817
:107B700014120843F44988421FD194F81B020106ED
:107B800094F81A0241EA004194F8190241EA0020EF
:107B900094F818120843206100E00EE094F81F02E8
:107BA000010694F81E0241EA004194F81D0241EAE0
:107BB000002094F81C120843E0602570E348008818
:107BC000401C80B2E1490880E080002043E670B5A7
:107BD00005462C464CB1206838B12068007820B1A9
:107BE0002068C088A188884201D0092070BD216822
:107BF0004878FEF73BFC00F0010008B10320F5E7F0
:107C00000020F3E7F7B582B016460398019001A86B
:107C1000FFF7A8FD0546002D02DA0B2005B0F0BDE8
:107C2000CB4850F825400CB100202070029810B1CC
:107C3000002002990870C649029841F82500029870
:107C400008B1012E01D00020E8E7002203A902A814
:107C5000FFF7F3FD07463846E0E72DE9F7478DB01B
:107C6000054616461DB9092010B0BDE8F087002072
:107C7000286006F01F0626F001020EA904A8FFF7EF
:107C8000DCFD0746002F73D14FF40070FEF7C2FCF5
:107C90008146B9F1000F01D11120E5E7CDF82C9014
:107CA00001A80A9004A80E99FFF714FD0746099C45
:107CB0000FB904B9062706F01C00002851D04FB1B7
:107CC000042F03D104A8FFF787FA074646F00806F9
:107CD000099C09E0E07A00F0110008B1072703E0F1
:107CE00006F0040000B10827002F39D106F0080083
:107CF000002835D0FEF78CFC804684F80E804FEAD1
:107D00001821E1734FEA184121744FEA1861617438
:107D10000020E072207700216177A177E17721468A
:107D20000498FFF73BF8824600212046FFF746F80B
:107D3000012004990871BAF1000F11D00498D0F80D
:107D40002C8051460498FEF76AFE074647B9AAF10F
:107D500001000499C86041460498FEF7C7FC074635
:107D60000FE077B9E07A00F0100010B1042708E0C6
:107D700031E006F0020020B1E07A00F0010000B12D
:107D8000072747B906F0080008B146F02006049816
:107D9000C06AE8612C624846FEF743FCDFB9AE7169
:107DA0000020E87121460498FEF7F8FF2861E07F83
:107DB0000106A07F41EA0041607F41EA0020217F67
:107DC0000843E8600020A860A86168620498286001
:107DD0002868C088A880384646E72DE9FF4F83B061
:107DE000044615469A46DDF810B00020CAF8000097
:107DF0002046FFF7ECFE0290029818B1029807B0F7
:107E0000BDE8F08FE07908B1E079F8E7A07900F0FB
:107E1000010008B90720F2E7D4E90210401A0090E7
:107E20000098854200D9009DB2E02089C0F3080087
:107E3000002876D120688078401EA16800EA512091
:107E400000F0FF09B9F1000F1FD1A06810B9206937
:107E500001900CE0606A28B12046A168FEF780FE20
:107E6000019004E061692068FEF7CAFC0190019866
:107E7000022802D20220E071C1E70198401C10B92B
:107E80000120E071BBE70198606161692068FEF73D
:107E9000AAFC064616B90220E071B0E74E444FEA4C
:107EA0005528B8F1000F29D009EB0800216889781E
:107EB000884203D920688078A0EB090821684878B7
:107EC000434632465946FEF7D4FA10B10120E0711C
:107ED00095E7A07900F0400068B1A069801B40459B
:107EE00009D2A169891B0BEB41204FF4007204F108
:107EF0002801FEF7A1FB4FEA48273FE0A069B04206
:107F000028D0A07900F0400080B121684878012392
:107F100004F12801A269FEF7E9FA18B10120E07125
:107F20006DE718E0A07920F04000A0712168487842
:107F30000123324604F12801FEF79BFA50B10120DB
:107F4000E0715CE752526141727241615602002059
:107F500000BF0120A6612089C0F30800C0F50077AA
:107F6000AF4200D92F462089C0F3080204F128004F
:107F700011183A465846FEF75FFB00BFBB44A068A5
:107F80003844A060DAF800003844CAF80000ED1B5D
:107F9000002D7FF44AAF002031E72DE9FF4F83B079
:107FA000044615469B46049801900020CBF800003B
:107FB0002046FFF70CFE0290029818B1029807B015
:107FC000BDE8F08FE07908B1E079F8E7A07900F03A
:107FD000020008B90720F2E7A0682844A168884297
:107FE00000D20025BEE02089C0F3080000287DD122
:107FF00020688078401EA16800EA512000F0FF0A46
:10800000BAF1000F26D1A06838B9276997B90021C5
:108010002068FEF73AFD07460CE0606A28B120466A
:10802000A168FEF79DFD074604E061692068FEF740
:108030002CFD074607B998E0012F02D10220E0711C
:10804000BDE7781C10B90120E071B8E767612069CD
:1080500000B92761A07900F0400078B12168487824
:10806000012304F12801A269FEF740FA10B10120B2
:10807000E071A4E7A07920F04000A0716169206858
:10808000FEF7B1FB064616B90220E07197E75644A9
:108090004FEA5529B9F1000F2CD00AEB09002168ED
:1080A0008978884203D920688078A0EB0A09216882
:1080B00048784B4632460199FEF718FA10B1012074
:1080C000E0717CE7A069801B48450ED2A069801B47
:1080D000019A02EB40214FF4007204F12800FEF7F0
:1080E000ABFAA07920F04000A07100E016E04FEA62
:1080F00049282AE0A069B0420FD0D4E902018842A1
:108100000BD2216848780123324604F12801FEF79A
:10811000B0F910B10120E07151E7A6612089C0F3E8
:108120000800C0F50078A84500D9A8462189C1F308
:10813000080204F12801501842460199FEF77CFA22
:10814000A07940F04000A07100BF01984044019028
:10815000A0684044A060DBF800004044CBF8000079
:10816000A5EB0805002D7FF43EAF00BFD4E9020166
:10817000884201D9A068E060A07940F02000A07199
:1081800000201CE72DE9F04104462046FFF71FFDC3
:108190000746002F4CD1A07900F02000002847D0DE
:1081A000A07900F0400078B121684878012304F1FB
:1081B0002801A269FEF79AF910B10120BDE8F0810B
:1081C000A07920F04000A071E1692068FEF78EFAE6
:1081D0000746002F2CD1256AE87A40F02000E8728B
:1081E000207B2877A089010A6977E068010CA977CC
:1081F000E068010EE97728462169FEF7DFFDFEF70A
:1082000007FA0646AE75310AE975310C2976310E4A
:1082100069760020A8740021E974A07920F020007C
:10822000A0710120216808712068FEF778FA0746DE
:108230003846C3E770B505462846FFF7A3FF044656
:1082400044B92846FFF7C3FC04460CB90020286057
:10825000204670BD2046FCE72DE9FE4F04460D4642
:108260002046FFF7B4FC0290029810B10298BDE8D6
:10827000FE8FE07908B1E079F9E7606A002871D0F3
:10828000681C00283BD1D4F8248058F804AB4FF088
:10829000020926693EB300BF00964FF0000B09F1BA
:1082A000020900BF01960BF1010B31462068FEF771
:1082B000A7FA0646012E02D80220E071D7E7701C0B
:1082C00010B90120E071D2E70198401C8642E9D044
:1082D000D14504D848F804BB009848F8040B20683E
:1082E0004069B042D8D8606AC0F80090D14503D840
:1082F0000020C8F8000047E01120029044E0E06848
:10830000A84200D2E568A560002D3DD0691E204638
:10831000FEF726FC606161692068FEF764FA074693
:1083200017B90220E071A2E720688078401E691E1C
:1083300000EA512007442089C0F3080020B3A06957
:10834000B84221D0A07900F0400080B1216848787F
:10835000012304F12801A269FEF7C8F818B1012031
:10836000E07184E711E0A07920F04000A07121685D
:10837000487801233A4604F12801FEF77AF810B153
:108380000120E07173E7A761ABE0E068A84204D286
:10839000A07900F0020000B9E568D4F808904FF029
:1083A0000008C4F80880002D67D020688078470254
:1083B000B9F1000F11D0681EB0FBF7F1A9F101006F
:1083C000B0FBF7F0814208D3A9F10100791E884380
:1083D000A060A0682D1A666912E026697EB90021A6
:1083E0002068FEF752FB0646012E02D10220E07102
:1083F0003DE7701C10B90120E07138E72661666125
:10840000C6B323E0A07900F0020038B131462068FD
:10841000FEF73BFB064636B93D4619E0314620687B
:10842000FEF7EEF90646701C10B90120E0711EE758
:10843000012E03D920684069B04202D80220E071C1
:1084400015E76661A0683844A060ED1BBD42D9D82D
:1084500000BFA0682844A060C5F3080050B13146B1
:108460002068FEF7C0F98046B8F1000F03D1022062
:10847000E071FCE601E008EB55282089C0F3080014
:1084800020B3A069404521D0A07900F0400078B128
:1084900021684878012304F12801A269FEF726F833
:1084A00010B10120E071E2E6A07920F04000A07157
:1084B000216848780123424604F12801FDF7D9FFDD
:1084C00010B10120E071D2E6C4F81880D4E90201AD
:1084D000884205D9A068E060A07940F02000A07132
:1084E00000BF0298C3E673B584B0044614B90920EE
:1084F00006B070BD002205A903A8FFF79EF9054646
:10850000002D2FD1039820604FF40070FEF782F801
:1085100006460EB91120EBE7E661C4F818D02046F4
:108520000599FFF7D7F805463046FEF77AF8B5B952
:10853000606958B16069C07A00F0100028B16169C3
:108540000398FEF72BFCA06000E005253DB90398D9
:10855000C088A08000212046FEF71BFB0546042DA5
:1085600000D105250DB1002020602846C0E770B578
:1085700004462046FFF72BFB05460DB9002020607E
:10858000284670BDFEB504460F462046FFF71FFB88
:108590000546002D2DD12FB900212046FEF7F9FA0E
:1085A000054626E04FF40070FEF734F806460EB993
:1085B0001120FEBDE661C4F818D000212046FEF768
:1085C000A5FD0546042D02D10020206100256DB9CE
:1085D00039462046FEF7CAFE00212046FEF728FB5A
:1085E0000546042D02D10020206100253046FEF70B
:1085F00018F82846DDE773B58CB00E4600220CA9AA
:1086000003A8FFF71AF90546EDB94FF40070FEF71D
:1086100001F8044614B911200EB070BD0A94CDF8CB
:1086200024D003A80C99FFF755F8054645B90898DA
:1086300028B12EB1314603A8FEF798FE00E00625CA
:108640002046FDF7EEFF2846E6E72DE9F74F82B01A
:108650008A46002202A90498FFF7EFF801900498D7
:108660000468019800286DD1D4E90410801E81426D
:1086700003D82069CAF8000064E094F800B000262E
:10868000BBF1010F1CD1022700BF39462046FEF77F
:10869000B7F8804608F1010010B9012001900EE002
:1086A000B8F1010F02D10220019008E0B8F1000FEB
:1086B00000D1761C781C074661698842E5D33AE010
:1086C0006769206A00904FF00009002500BFB9F1EA
:1086D000000F0ED10098421C014620460092FEF782
:1086E00005F80190019800B124E004F130054FF441
:1086F0000079BBF1020F09D12878697840EA01209E
:1087000000B9761CAD1CA9F1020910E0E87800065A
:10871000A97840EA0140697840EA012029780843B5
:1087200020F0704000B9761C2D1DA9F10409781EB7
:10873000071ECCD100BF2661607940F00100607156
:10874000CAF80060019805B0BDE8F08F70B5044626
:108750002046FFF73CFA054645B9E07908B1E579CE
:1087600004E0A07900F0020000B90725002D47D1F0
:10877000D4E90210884241D9A068E060A07940F0B5
:108780002000A071A06838B921692068FEF747F978
:108790000546002020611DE061692068FEF730F881
:1087A00006460025701C00B90125012E00D10225C6
:1087B00085B920684069B0420CD96FF07042616998
:1087C0002068FEF791F8054625B931462068FEF786
:1087D00026F9054695B9A07900F0400070B12168EE
:1087E0004878012304F12801A269FDF77FFE08B152
:1087F000012503E0A07920F04000A07105B1E571EA
:10880000284670BDF1B596B0012216A90DA8FFF754
:1088100014F80446002C54D14FF40070FDF7FAFE12
:10882000074617B9112017B0F0BD149701A813908F
:108830000DA81699FEF74EFF044600BF002C3DD14F
:10884000129E0EB9062404E0F07A00F0010000B197
:10885000072431460D98FEF7A1FA0546ECB9F07AE7
:1088600000F01000C8B1022D01D2022415E024222C
:108870000DA904A8FDF7E0FE0695022104A8FEF765
:1088800088F904464CB9002104A8FEF73FFC0446D1
:1088900004B90724042C00D100247CB90DA8FEF7EC
:1088A00030FD044654B925B129460D98FEF7B7F8B6
:1088B00004461CB90D98FDF732FF04463846FDF713
:1088C000B0FE2046AFE72DE9F14F8CB0FDF7A0FEDA
:1088D000064601220CA903A8FEF7AFFF0546002DAE
:1088E0007BD14FF40070FDF795FE8046B8F1000F84
:1088F00003D111200DB0BDE8F08FCDF82880CDF860
:1089000024D003A80C99FEF7E5FE054605B9082515
:1089100000BF042D7AD100210398FEF7B6F8074670
:10892000002507B90725012F00D10225781C00B9C1
:1089300001251DB90398FDF7B3FE0546002D5BD157
:1089400039460398FDF74FFF8246039800F1300443
:108950004FF4007200212046FDF77BFE0B22202100
:108960002046FDF776FE2E2020701020E072A675BE
:10897000310AE175310C2176310E61763946204697
:10898000FEF71CFA2022214604F12000FDF754FED8
:108990002E2084F82100DDF814B003980078032815
:1089A00004D10398406A584500D1AB46594604F1BA
:1089B0002000FEF703FA039890F8029018E003985D
:1089C000C0F82CA00AF1010A01200399087103984C
:1089D000FDF766FE05460DB10DE030E04FF4007284
:1089E00000212046FDF735FEA9F1010000F0FF0946
:1089F000B9F1000FE3D100BF1DB903A8FEF7ECFBEE
:108A0000054625B139460398FEF709F814E0089C9D
:108A10001020E072A675310AE175310C2176310E15
:108A2000617639462046FEF7C9F90120039908719D
:108A30000398FDF774FE05464046FDF7F2FD284613
:108A400058E72DE9F7418DB08846144601220DA95B
:108A500004A8FEF7F2FE07464FBB4FF40070FDF787
:108A6000D9FD06461EB9112010B0BDE8F0810B9665
:108A700001A80A9004A80D99FEF72CFE074630467F
:108A8000FDF7CFFD00BF97B9099D0DB906270EE090
:108A900004F0270408EA0400E97AA1430843E872D5
:108AA0000120049908710498FDF739FE07463846FD
:108AB000DAE7F3B58DB00D4601220DA904A8FEF743
:108AC000BCFE074657BB4FF40070FDF7A3FD0646FA
:108AD00016B911200FB0F0BD0B9601A80A9004A89A
:108AE0000D99FEF7F7FD07463046FDF79AFD00BFEA
:108AF000A7B9099C0CB9062710E0A879A075E888E9
:108B00000112E17528792076A8880112617601208A
:108B1000049908710498FDF702FE07463846D9E724
:108B20002DE9F3419CB001221CA913A8FEF785FE94
:108B30000446002C78D113980A904FF40070FDF78A
:108B400069FD07461FB911201EB0BDE8F0811A97D4
:108B500001A8199013A81C99FEF7BCFD044600BF9C
:108B6000002C75D1189808B9042471E0189800F108
:108B70000B01152204A8FDF75FFD242213A90AA802
:108B8000FDF75AFD1DA8FEF7EDFD002805DB0AA83C
:108B90001D99FEF79FFD044600E00B2404B908244C
:108BA000042C55D10AA8FEF717FB0446002C4FD120
:108BB0000F9D13220DF1120105F10D00FDF73CFD93
:108BC0009DF8100040F02000E87201201399087110
:108BD0000C991598884231D0E87A00F0100068B3FB
:108BE00029461398FEF7DAF8804641461398FDF7B8
:108BF000FAFD06460EB9022420E031461398FDF72F
:108C000075FD0446139800F15005BCB968782E280C
:108C100014D113980078032807D113990C98496A46
:108C2000884202D1002001E015E00C98064631464A
:108C30002846FEF7C3F801201399087144B913A818
:108C4000FEF75FFB04461CB91398FDF768FD044668
:108C50003846FDF7E6FC204676E72DE9F74189B076
:108C60000D469046002209A96846FEF7E6FD044637
:108C700024BB1DB30020029000216846FDF789FF48
:108C80000446DCB901216846FEF740FA044684B97F
:108C90000B2228460599FDF7CFFC0B2700BF0020CB
:108CA000E85507B904E0781E0746285C2028F6D06E
:108CB00000BF042C02D100202870002444BBB8F16E
:108CC000000F25D0009A1046D169FDF70FFD04462C
:108CD000F4B900980078032801D1432000E0272050
:108CE0000646009830303044C07801060098303095
:108CF0003044807841EA0041009830303044407878
:108D000041EA002000993031895D0843C8F800002D
:108D100020460CB0BDE8F0812DE9F14F8CB0012266
:108D20000CA903A8FEF789FD8146B9F1000F03D015
:108D300048460DB0BDE8F08F00208DF800000027F8
:108D400000E07F1C0C98C05D0028FAD100E07F1E77
:108D500027B1781E0C99085C2028F8D0002F5ED02F
:108D60000026B04600BF3046761C0C990C5C812C66
:108D700020DBE0B2FE281DDCB8F10A0F18D2BE429B
:108D800016D20C98805D402803DB0C98805D7E280D
:108D900007DD0C98805D80280ADB0C98805DFE283A
:108DA00006DC3046761C0C99085C40EA042000E0A2
:108DB000002084B20121204601F0BCF9834601F075
:108DC000F3F98246002101F0B5F904465CB1214671
:108DD000FEA0FDF75BFC30B9FF2C01DD0A2000E0AE
:108DE0000B20404501D80620A3E7FF2C05DD221209
:108DF000404608F101080DF80020E2B2404608F1B3
:108E000001080DF80020BE42ADD305E02022404607
:108E100008F101080DF80020B8F10B0FF6D300207F
:108E20000590002103A8FDF7B4FE8146B9F1000FBB
:108E30005BD1012103A8FEF769F98146B9F1000F62
:108E400021D19DF8000098B10B2269460898FDF7E2
:108E5000F3FBFDF7DDFB054608998D75290A089897
:108E6000C175290C08980176290E0898417602E010
:108E7000E520089908700120039908710398FDF70F
:108E80004EFC814631E0B9F1040F2ED14FF00009BC
:108E90009DF8000048B3012103A8FDF751FF81466A
:108EA000B9F1000F21D1202200210898FDF7D1FB54
:108EB0000B2269460898FDF7BFFB08200899C87285
:108EC000FDF7A6FB054608998D75290A0898C17516
:108ED000290C08980176290E0898417601200399FB
:108EE00008710398FDF71BFC8146484621E72DE9F0
:108EF000F74F90B0914610A8FEF734FC0F900F98F2
:108F0000002803DA0B2013B0BDE8F08F1198012878
:108F100001DD1320F7E7A9F1010000EA090008B11B
:108F20001320F0E7AD490F9851F820B0BBF1000FC6
:108F300001D10C20E7E700208BF800000F98C0B2A9
:108F40000C9000200B900C98FDF776FA0190019898
:108F500000F0010008B10320D5E7019800F00400FB
:108F600008B10A20CFE700BF04AA01210C98FDF741
:108F7000FAFA10B90498802801D20120C3E71198A9
:108F800008B1002000E03F2080460498A0EB0800D4
:108F90000490B9F1000F13D14FF4FA610498B0FBBB
:108FA000F1F00A904FF0000A01E00AF1010A8C4842
:108FB00030F81A100A988142F7D88A4830F81A9087
:108FC0004FEA5929B9F1000F01D14FF00109B9F168
:108FD000800F01D94FF080090498B0FBF9F7012503
:108FE00040F6F670874200D302254FF6F6708742AE
:108FF00000D30325032D0AD1082000EB870000F2DF
:10900000FF10460A202003900020029011E0012D5D
:1090100005D107EB4700401C4008C01C01E0780068
:10902000001D064606F2FF10460A0120039020208C
:1090300002900398404407900798304406900299A4
:1090400006980844059005984844A0EB0800049948
:10905000884201D90E2056E709AA03210C98FDF792
:1090600082FA28B9099818B10998B0F5004F01D9CA
:1090700001200990099905980844401E491E88431B
:10908000099009990598081A0990032D08D10999A2
:10909000039808440390099907980844079001E051
:1090A00009980644DDE90301081A811B0298081A91
:1090B000B0FBF9F7022D03D140F6F670874205D3D5
:1090C000032D05D14FF6F670874201D20E201AE724
:1090D000032D02D10C200D9010E0012D06D1049833
:1090E000B0F5803F02D201200D9007E00498B0F562
:1090F000803F01D2042000E006200D9000BF1198AF
:1091000010B1F0200E9044E04FF4007200210BF1FA
:109110003000FDF79EFA0BF5F77401206070A07027
:109120000020E0700D982071FE206071049840448A
:109130003F21B0FBF1F0FF21B0FBF1F009903F219E
:10914000099841EA9000A0710998E0713F202072CF
:1091500000216172A172E172049820730498010ADF
:1091600061730498010CA1730498010EE1735521F9
:109170008BF82E12AA218BF82F12012300220BF15B
:1091800030010C98FDF7B2F908B10120BBE6F820D8
:109190000E900BF130044FF4007200212046FDF7D1
:1091A00058FA0B2210A12046FDF746FA4FF4007A38
:1091B00084F80BA04FEA1A21217384F80D900398CC
:1091C000A0730398010AE173012013E0222A2B2CDB
:1091D0002E3A3B3C3D3E3F5B5D7C7F0000BF012063
:1091E000DAA90008F0A90008EBFE904D53444F5354
:1091F000352E30002074032D01D1002001E04FF402
:109200000070824684F811A04FEA1A21A1740498D4
:10921000B0F5803F05D20498E0740498010A2175E6
:1092200010E0049884F820000498C0F3072121205E
:1092300001550498C0F30741222001550498010EFE
:10924000232001550E9860753F202076002161761D
:10925000FF20A076E17684F81C804FEA1821617720
:109260004FEA1841A1774FEA1861E177FDF7D0F98D
:109270000990032D3ED1099884F843000998C0F362
:109280000721442001550998C0F3074145200155A5
:109290000998010E4620015584F82460C6F3072181
:1092A00025200155C6F3074126200155310E272000
:1092B0000155022084F82C0000212D2001552E207C
:1092C00001552F200155012084F83000312001552F
:1092D000062084F8320033200155802084F84000B5
:1092E000292084F842001322FEA104F14700FDF773
:1092F000A3F91FE0099884F827000998C0F3072113
:10930000282001550998C0F30741292001550998E3
:10931000010E2A200155A675310AE175802084F8D6
:109320002400292084F826001322F3A104F12B0045
:10933000FDF782F9552084F8FE01AA2140F2FF10C2
:1093400001550123424621460C98FDF7CFF808B19C
:109350000120D8E5032D06D1012308F1060221469C
:109360000C98FDF7C3F8079808904FF0000A61E0E9
:109370004FF4007200212046FDF76BF90E9809901A
:10938000032D14D0012D01D1E04801E06FF0FF0062
:10939000099908430990099820700998000A60709B
:1093A0000998000CA0700998000EE07019E0099867
:1093B00060F0FF000990099820700998000A607019
:1093C0000998000CA0700998000EE070FF20207131
:1093D000FF216171A171E17120726172A1720F218F
:1093E000E1720898411C02460123089121460C981D
:1093F000FDF77CF808B1012085E54FF400720021EB
:109400002046FDF726F9012009900EE00898411C3E
:1094100002460123089121460C98FDF767F808B130
:10942000012070E50998401C09900998B042EDD3DD
:109430000AF1010ABAF1000F9AD0032D01D1484672
:1094400000E00298824600BF0898411C02460123B2
:10945000089121460C98FDF749F808B1012052E522
:10946000AAF10100B0F1000AEED1032D46D152203D
:10947000207060706120A0704120E070722084F83C
:10948000E401722140F2E51001554121401C0155D3
:109490006121401C0155781E84F8E801C0F30721C2
:1094A00040F2E9100155781EC0F307414FF4F57002
:1094B0000155781E010E40F2EB100155022084F890
:1094C000EC01002140F2ED100155401C0155401CFB
:1094D0000155552084F8FE01AA2140F2FF100155E4
:1094E000012308F1010221460C98FCF7FFFF01233C
:1094F00008F1070221460C98FCF7F8FF00221146FC
:109500000C98FDF730F808B10120FCE40020FAE4E3
:109510002DE9FC4707468846914600243E4613E065
:109520006B46012201A94846FEF757FC0098012826
:1095300000D00DE09DF8045000BF06F8015B641CEC
:109540000A2D00D104E000BFA8F10100A042E7DC31
:1095500000BF0020307014B13846BDE8FC87002001
:10956000FBE7F8B504460E4600BF6568002D00DA3B
:10957000F8BD28466D1C04F10C010E543D2D0CDB8A
:109580006B462A462068FEF708FD0098A84201D1E4
:10959000002001E04FF0FF3005466560A068401CE8
:1095A000A06000BFE4E730B595B004460D460295D3
:1095B000002003900490214602A8FFF7D2FF0398F1
:1095C00000280DDB01AB05A9DDE90202FEF7E5FC91
:1095D00030B901990398884202D1049815B030BD82
:1095E0004FF0FF30FAE730B595B004460D460295CE
:1095F00000200390049004E014F8011B02A8FFF778
:10960000B0FF20780028F7D1039800280DDB01ABCC
:1096100005A9DDE90202FEF7C0FC30B90199039803
:10962000884202D1049815B030BD4FF0FF30FAE700
:109630000FB42DE9F04F9BB02498019000200290C8
:10964000039026A81A9000BF259810F8014B25908A
:1096500004B924E1252C04D0214601A8FFF781FF9D
:10966000F2E7002006468146259810F8014B259028
:10967000302C05D10126259810F8014B259006E0E5
:109680002D2C04D10226259810F8014B259009E0D5
:1096900009EB890004EB4000A0F13009259810F88F
:1096A000014B2590302C01DB392CF1DD6C2C01D0E5
:1096B0004C2C05D146F00406259810F8014B259056
:1096C00004B9ECE02546612D04DB7A2D02DCA5F11E
:1096D0002000C5B24F2D60D01DDC422D5AD0432D45
:1096E0004FD015E04E4F204E414D452020202046C2
:1096F00041543332202020004E4F204E414D452012
:1097000020202046415420202020200000FFFF0080
:10971000442D4CD144E0532D04D0552D41D0582D2B
:1097200045D141E01A9850F804BB1A904FF0000858
:1097300001E008F101081BF808000028F9D106F043
:10974000020048B903E0202101A8FFF70AFF4046C4
:1097500008F101084845F6D304E01BF8011B01A8F5
:10976000FFF7FFFE9BF800000028F6D103E0202160
:1097700001A8FFF7F6FE404608F101084845F6D378
:1097800062E71A9810F8042BD1B21A9001A8FFF7DB
:10979000E8FE59E7022019900EE0082019900BE02E
:1097A00000BF0A20199007E01020199004E021461C
:1097B00001A8FFF7D6FE47E700BF06F0040028B176
:1097C0001A9800681A99091D1A910CE0442D05D1C8
:1097D0001A9800681A99091D1A9104E01A980068ED
:1097E0001A99091D1A918246442D06D10AF00040AB
:1097F00018B1CAF1000A46F00806002700BF199800
:10980000BAFBF0F100FB11A0C5B21998BAFBF0FA4F
:10981000092D06DD782C01D1272000E007202844FF
:10982000C5B205F13000C2B238467F1C14A90A54F3
:10983000BAF1000F01D0102FE1D306F0080020B1DB
:109840002D2238467F1C14A90A54B84606F00100A0
:1098500008B1302000E02020054603E0294601A899
:10986000FFF77FFE06F0020020B9404608F101082C
:109870004845F3D300BF781E074614AA115C01A81F
:10988000FFF76FFE002FF6D103E0294601A8FFF78E
:1098900068FE404608F101084845F6D3D4E600BF0B
:1098A00000201A900298002810DB18AB04A9DDE90B
:1098B0000102FEF772FB48B918990298884205D157
:1098C00003981BB0BDE8F00F5DF814FB4FF0FF30BC
:1098D000F7E7000010B500240EE04FF40C710020F3
:1098E000FBF7BFFC5C4941F82400084650F824000F
:1098F00000B903E0601CC4B2032CEEDB00BF4FF4E0
:109900000A710020FBF7ADFC544908604FF40A715E
:109910000020FBF7A6FC524908604FF400710020BC
:10992000FBF79FFC4F490860032C0AD14B480068A5
:1099300038B14B48006820B10846006808B10020E3
:1099400010BD0120FCE70146412901DA08467047B5
:10995000612903DBA1F12000C0B2F8E70846F6E771
:109960002DE9FC4105460027002405E0601CC4B237
:10997000287800B902E06D1CFA2CF7DB00BFFA2C46
:1099800002D1FF20BDE8FC81002408E06D1E28788C
:109990002E2802D16D1C2F4603E0601CC4B2052C9A
:1099A000F4DB00BF3946684600F0CCFD002407E038
:1099B0001DF80400FFF7C7FF0DF80400601CC4B2D7
:1099C000042CF5DB00241DE0002616E0264800EB01
:1099D000041050F82600007800B910E0224901EB8D
:1099E000041151F82600694600F016FE18B946EA3F
:1099F0000410C0B2C6E7701CC6B2042EE6DB00BF7E
:109A0000601CC4B2072CDFDBFF20BBE72DE9FC475D
:109A100007460C461546002000908046814601AA64
:109A200069463846FEF711FE06468EB90198406930
:109A3000801E0199897800FB01F9019880780099CE
:109A400000FB01F84FEA590020604FEA58002860F7
:109A50003046BDE8FC8700000CBF01205802002002
:109A60005C0200206802002008AA000870B50446C5
:109A70000D46F8492A4688682146FEF7C3F870BDAE
:109A800070B504460D462A462146F3480068FEF7A5
:109A9000E4F80646304670BD10B5EF480068FEF7A2
:109AA000C9FB002010BD2DE9F04704460026002721
:109AB000EAA000F0BFFBB14625E0EE4B4FF4007288
:109AC000ED480168E4480068FEF787F9064626B1CC
:109AD0003146EAA000F0AEFB1BE0E64800883844BF
:109AE00087B2002507E0E4480068415DE7A000F088
:109AF000A1FB681C85B2DF4800688542F3D309F1F9
:109B000001001FFA80F9E11704EBD151B9EB612F85
:109B1000D3DB00BFE11704EBD1514912A4EB412183
:109B200031B3A046E01704EBD0504012A4EB402222
:109B3000D04BD1480168C8480068FEF74EF9064688
:109B400026B13146D2A000F075FB11E0C94800886B
:109B5000384487B2002507E0C7480068415DCBA0C4
:109B600000F068FB681C85B2C24800688542F3D3E8
:109B70001FB13946CBA000F05DFBD0A000F05AFB2E
:109B80003046BDE8F08770B505460E46D0A000F01F
:109B900051FB3146D4A000F04DFBD84B324629464C
:109BA000AD480068FEF7F9F9044624B12146D4A077
:109BB00000F040FB04E0D1480168D6A000F03AFB79
:109BC000DAA000F037FB204670BD10B504462146F0
:109BD000DB48FEF788FC10BD10B5D948FEF7C7FC7E
:109BE00010BD70B540F2FF10D649C8610846C16982
:109BF0000020FBF736FBD3498861D148FEF7C2FC51
:109C0000044614B9CF48407A30B9CE488169002063
:109C1000FBF717FB204670BDCA488069007810B179
:109C2000C848806901E0C74809300546C6A000F071
:109C300001FBC3488188C8A000F0FCFAC048C18875
:109C4000C8A000F0F7FABE488168CAA000F0F2FA96
:109C5000BB48C168CBA000F0EDFAB9480169CDA0BE
:109C600000F0E8FA82A000F0E5FA2946CDA000F065
:109C7000E1FAB4480168D0A000F0DCFAB14881886C
:109C8000D2A000F0D7FAAF48C188D5A000F0D2FA30
:109C9000AC48017AD7A000F0CDFA75A000F0CAFA5E
:109CA000A84881690020FBF7CCFA0020B3E770B523
:109CB000054640F2FF10A349C8610846C16900206B
:109CC000FBF7CFFA9F49886129469D48FEF70BFCB8
:109CD00004460CBB66A000F0ADFA1BE09949984819
:109CE000FEF750FC044614B99648407A00B912E0D9
:109CF00094488069007810B19248806901E09148E9
:109D0000093006462946C0A000F094FA3146BFA0AB
:109D100000F090FAE2E700BF8A4881690020FBF773
:109D200090FA204670BD2DE9FC41064600200090C7
:109D30000024002501AA69463046FEF786FC074646
:109D4000002F19D101984069801E0199897800FB84
:109D500001F501988078009900FB01F4B5F5A04F5A
:109D600005D262086908ABA000F064FA04E0E20AD8
:109D7000E90AB2A000F05EFA2046BDE8FC8110B509
:109D80000446214634480068FEF766FA10BD3248A2
:109D900000688068704730480068C068704710B538
:109DA00004462046FEF78FFD10BD70B504460D46F3
:109DB0001646324629462046FFF799F870BD10B581
:109DC00004462046FEF71EFD10BD70B504460D4644
:109DD00029462046FEF7A4FE70BD30B587B0044684
:109DE0000020019001AA02A92046FEF736FF054691
:109DF00055B902AA21469BA000F01CFA21469FA05B
:109E0000019A00F017FA03E02946A2A000F012FA26
:109E100007B030BD70B504462046FEF77DFF05460D
:109E200025B92146A1A000F005FA03E02946A5A026
:109E300000F000FA70BD70B504460748214602687C
:109E40000D480068FFF764FB0546287800B970BD2F
:109E500048E100000CBF0120580200200D0A5265A5
:109E600061642066696C6520646174612069733A7D
:109E70000D0A000060020020680200205265616443
:109E8000204572726F723A25640D0A002563000046
:109E90000D0A52656164204572726F723A25640D35
:109EA0000A0000000D0A52656164656420646174F3
:109EB00061206C656E3A25640D0A0000526561648C
:109EC0002064617461206F7665720D0A00000000E5
:109ED0000D0A426567696E2057726974652066696C
:109EE0006C652E2E2E0D0A00577269746520646110
:109EF0007461206C656E3A25640D0A0064020020CE
:109F00005772697465204572726F723A25640D0A42
:109F100000000000577269746564206461746120F8
:109F20006C656E3A25640D0A000000005772697472
:109F3000652064617461206F7665722E0D0A0000E1
:109F400038BF012018BF01200D0A20444952206962
:109F50006E666F3A0D0A00006469722E69643A25D4
:109F6000640D0A006469722E696E6465783A25642E
:109F70000D0A00006469722E73636C7573743A2560
:109F8000640D0A006469722E636C7573743A2564FB
:109F90000D0A00006469722E736563743A25640DBE
:109FA0000A00000046696C65204E616D652069738A
:109FB0003A25730D0A00000046696C652053697AE2
:109FC000652069733A25640D0A00000046696C65D6
:109FD00020646174612069733A25640D0A000000F1
:109FE00046696C652074696D652069733A25640D56
:109FF0000A00000046696C65204174747220697320
:10A000003A25640D0A00000025732F0025730D0A00
:10A01000000000000D0AB4C5C5CCD7DCC8DDC1BF47
:10A020003A2564204B420D0ABFC9D3C3BFD5BCE457
:10A030003A2564204B420D0A000000000D0AB4C509
:10A04000C5CCD7DCC8DDC1BF3A2564204D420D0A1E
:10A05000BFC9D3C3BFD5BCE43A2564204D420D0A25
:10A06000000000000D0AB4C5C5CC257320B5C4C5D9
:10A07000CCB7FBCEAA3A25730D0A0000B4C5C5CCF7
:10A08000257320B5C4D0F2C1D0BAC53A25580D0AFF
:10A090000D0A00000D0ABBF1C8A1CAA7B0DCA3AC31
:10A0A000B4EDCEF3C2EB3A25580D0A000D0AB4C543
:10A0B000C5CCC5CCB7FBC9E8D6C3B3C9B9A63A2548
:10A0C000730D0A000D0AB4C5C5CCC5CCB7FBC9E8F1
:10A0D000D6C3CAA7B0DCA3ACB4EDCEF3C2EB3A252D
:10A0E000580D0A0029460BA000F0A4F800BF70BD6F
:10A0F00010B504460E4801682046FFF754FAC0B276
:10A1000010BD10B504460A4801682046FFF76BFAF7
:10A11000C0B210BD0D0A54686520537472696E6731
:10A12000205265616465642049733A25730D0A0005
:10A13000580200202DE9F04102460F46802A01DA3C
:10A1400010462FE01FB1244B45F2205602E0234B6E
:10A1500045F220560025102416E0A6EB050C0CEB6A
:10A16000DC7805EB68014FEA410C33F81CC09445DC
:10A1700000D10BE04FEA410C33F81CC0944501DAE2
:10A180000D4600E00E46641E002CE6D100BF34B13F
:10A190004FF0010C0CEB410C33F81CC001E04FF008
:10A1A000000C6046BDE8F0810246002100E0491C39
:10A1B0000B4830F8110020B1094830F811009042E6
:10A1C000F5D1074830F8110018B1064830F81100F1
:10A1D00070471046FCE70000FCFE010878AA000862
:10A1E0008053030860550308704710B54C1084EA8B
:10A1F000530404D54042C1F1000138BF491E1B423F
:10A2000004D55242C3F1000338BF5B1E00F048FA88
:10A2100014F0804F04D04042C1F1000138BF491E04
:10A2200014F0004F04D05242C3F1000338BF5B1E4C
:10A2300010BD00000FB4044910B503AA029800F045
:10A2400015FB10BC5DF814FB3000002070B504460F
:10A2500085690068C10601D5302600E02026C007C8
:10A2600007D070BDD4E9012130469047206A401CD8
:10A2700020626D1EF6D570BD70B504468569007804
:10A28000C00707D170BDD4E9012120209047206A82
:10A29000401C20626D1EF6D570BD70B50C4605469B
:10A2A000012A05D02878800600D5EA69002302E05B
:10A2B000012305E05B1C934202D2E05C0028F9D147
:10A2C000A869E618C01AA861286A184428622846B6
:10A2D000FFF7BCFF04E0D5E9012114F8010B90471A
:10A2E000B442F8D32846FFF7C7FF70BD2DE9F0410F
:10A2F0000646002410687529314616A510D0AFF324
:10A300000080002802DA404213A507E031688A077E
:10A3100001D512A502E0490704D511A5012401E0E9
:10A32000AFF3008000210A2206F1240709E0B0FB08
:10A33000F2FCB0FBF2F302FB1C00303078541846FC
:10A34000491C0028F3D123462A463046BDE8F04197
:10A3500000F01DBA000000002D0000002B000000DE
:10A360002000000070B504460D4621461068AFF38A
:10A3700000802188090502D50F4A7A4402E00E4A7E
:10A380007A440E32002104F1240305E000F00F06A8
:10A390000009965D5E54491C0028F7D120780023FF
:10A3A000000704D5702D02D009B1022311322046D6
:10A3B000BDE8704000F0EBB9C2B302002DE9F05FD8
:10A3C000894604464FF0000ADFF874B1FB44C0F838
:10A3D00020A02046E1688847002874D0252806D0B0
:10A3E000D4E901219047206A401C2062F1E7002651
:10A3F0005F462046E16888472028054607DB312D67
:10A4000005D2781910F8200C08B10643F1E7B0071F
:10A4100001D526F00406C4F81CA00027C4F818A033
:10A420002A2D09D0284600F0B3FA38B304EB870888
:10A43000303DC8F8185019E059F8041B204604EBC9
:10A4400087029161E1688847012F054618D1E069CC
:10A45000002820DA26F020061DE0D8F8180000EBCE
:10A46000800005EB40003038C8F818002046E1684D
:10A470008847054600F08CFA0028EED1012F0AD05B
:10A480002E2D08D12046E16888477F1C0546022F03
:10A4900046F02006C4DBA069002803DA404246F0FB
:10A4A0000106A061F00701D026F010066C2D0BD03C
:10A4B000682D09D04C2D39D06A2D35D0742D35D06A
:10A4C0007A2D33D016E038E0E1682F4620468847E1
:10A4D000B842054609D16C2F26D04FF48060E16860
:10A4E000064320468847054604E06C2F1AD04FF4F7
:10A4F000807006430DB3A5F14100192802D820351C
:10A5000046F400664A462946204626604E46F5F740
:10A5100095FE80B101280BD0F61D26F0070000F152
:10A52000080956E74020E4E78020D8E70020D6E776
:10A5300006F104094DE7284652E7206ABDE8F09F7E
:10A5400098B3020040EA0103024630B59B0710D1E0
:10A550004FF0013400E008C208C91D1B9D4315EAF5
:10A56000C41FF8D013F0FF0102F8011B0DD01B0A25
:10A57000F8E711F8013B002B02F8013B05D011F878
:10A58000013B002B02F8013BF3D130BD032A40F21E
:10A59000308010F0030C00F0158011F8013BBCF185
:10A5A000020F624498BF11F801CB00F8013B38BF9D
:10A5B00011F8013BA2F1040298BF00F801CB38BFAB
:10A5C00000F8013B11F0030300F06281083AC0F08B
:10A5D000088051F8043B083A51F804CBA0E8081071
:10A5E000F5E7121D5CBF51F8043B40F8043BAFF3A4
:10A5F0000080D20724BF11F8013B11F801CB48BFFE
:10A6000011F8012B24BF00F8013B00F801CB48BF33
:10A6100000F8012B704700004FF0013C50F8042B6C
:10A6200051F8043B9A4221D1A2EB0C03934313EA65
:10A63000CC1317D150F8042B51F8043B9A4215D192
:10A64000A2EB0C03934313EACC130BD150F8042B69
:10A6500051F8043B9A4209D1A2EB0C03934313EA4D
:10A66000CC13DBD04FF00000704700BFD01A01BA06
:10A67000B1FA81F101F0180122FA01F0CB40C1F1E9
:10A680002001DBB2C0B2C01A2CFA01F3D11A9143F7
:10A6900011EAC311E6D170477047704770477047A1
:10A6A00053EA020C00F069802DE9F04B4FF00006F0
:10A6B000002B1FBFB3FA83F503FA05F424FA05F65D
:10A6C0005E4012BF1643B2FA82F502FA05F4C5F1F4
:10A6D00020051EBF22FA05FC44EA0C04203556EA88
:10A6E000044C4FEA144418BF641C4FF000084FF0AC
:10A6F0000009904271EB030C39D3002919BFB1FA5C
:10A7000081F701FA07F6B0FA80F700FA07F6C7F109
:10A7100020071EBF20FA07FC46EA0C062037B6FBCE
:10A72000F4FCA7EB0507103F07F01F0BCBF1200649
:10A730000CFA0BFB2CFA06F644BFB3460026202F7A
:10A74000A4BF5E464FF0000B5BEA060C08BF4FF05B
:10A75000010B19EB0B09ABFB027C48EB0608C01B95
:10A7600006FB02CC0BFB03CC71EB0C01C1E70B46E3
:10A77000024641464846BDE8F08B13B54FF0000055
:10A780004FF00001AFF30080BDE81C4070472DE999
:10A79000F0470D4699469246044600F124080168A8
:10A7A000880604D5E06921F01001216000E0012055
:10A7B000A84201DD471B00E00027A1697A1902EBDE
:10A7C0000900081AA0612078C00602D42046FFF7CD
:10A7D0003DFD002608E0D4E901211AF80600904763
:10A7E000206A401C761C20624E45F4DB2078C006AF
:10A7F0000AD52046FFF72AFD06E0D4E901213020E2
:10A800009047206A401C2062381EA7F10107F4DC43
:10A8100007E0D4E9012118F805009047206A401CA0
:10A820002062281EA5F10105F3DC2046FFF724FD78
:10A830002078000602D50220BDE8F0870120FBE762
:10A8400010B5436913B1AFF3008001E0FFF725FDB8
:10A85000012010BD127800F124010A7000224A7014
:10A860000122EDE711684FF0FF32E9E7074B70B5C1
:10A870000D467B4400F043F80446284600F052F8A9
:10A8800010B14FF0FF3070BD204670BDEB81FFFF6F
:10A8900010B5203AC0F00B80B1E81850203AA0E87B
:10A8A0001850B1E81850A0E81850BFF4F5AF5FEAAF
:10A8B000027C24BFB1E81850A0E8185044BF18C962
:10A8C00018C0BDE810405FEA827C24BF51F8043B09
:10A8D00040F8043B08BF7047D20728BF31F8023B5D
:10A8E00048BF11F8012B28BF20F8023B48BF00F8F1
:10A8F000012B704701694A1C02610878704700B556
:10A900008FB0CDE901310021059105497944CDE9A8
:10A91000031011466846FFF751FD0FB000BD00005F
:10A92000E5FFFFFF007B00F080007047754600F0F8
:10A930002BF8AE4605006946534620F007008546D1
:10A9400018B020B5F8F73CF9BDE820404FF00006FC
:10A950004FF000074FF000084FF0000B21F0070107
:10A96000AC46ACE8C009ACE8C009ACE8C009ACE84A
:10A97000C0098D46704710B50446AFF300802046ED
:10A98000BDE81040F5F77ABC004870475CBF012075
:10A9900030380A2801D201207047002070474FF05C
:10A9A0004070E1EE100A7047800C00000078000053
:10A9B00080070000200000002000000020000000B0
:10A9C0000090010000000F0000F0000001030507E7
:10A9D000090E10121416181C1E00000400020001BB
:10A9E0008000400020001000080004000200000069
:10A9F00000800040002000100008004000200010EF
:10AA00000008000400020000905A03080000000043
:10AA100000000000000000006C5A03080000000065
:10AA20000000000000000000985A03080000000029
:10AA300000000000000000009C5A0308705A030840
:10AA4000885A030800000000A05A0308605A03084F
:10AA5000745A0308645A0308945A0308845A030872
:10AA60007C5A0308785A03088C5A03080000000037
:10AA70000000000000000000A400E8A1A700ECA175
:10AA8000A800A7A1B000E3A1B100C0A1B700A4A194
:10AA9000D700C1A1E000A4A8E100A2A8E800A8A8EE
:10AAA000E900A6A8EA00BAA8EC00ACA8ED00AAA8A4
:10AAB000F200B0A8F300AEA8F700C2A1F900B4A854
:10AAC000FA00B2A8FC00B9A80101A1A81301A5A829
:10AAD0001B01A7A82B01A9A84401BDA84801BEA835
:10AAE0004D01ADA86B01B1A8CE01A3A8D001ABA8C0
:10AAF000D201AFA8D401B3A8D601B5A8D801B6A891
:10AB0000DA01B7A8DC01B8A85102BBA86102C0A84D
:10AB1000C702A6A1C902A5A1CA0240A8CB0241A8AA
:10AB2000D90242A89103A1A69203A2A69303A3A6C9
:10AB30009403A4A69503A5A69603A6A69703A7A685
:10AB40009803A8A69903A9A69A03AAA69B03ABA655
:10AB50009C03ACA69D03ADA69E03AEA69F03AFA625
:10AB6000A003B0A6A103B1A6A303B2A6A403B3A6F3
:10AB7000A503B4A6A603B5A6A703B6A6A803B7A6C1
:10AB8000A903B8A6B103C1A6B203C2A6B303C3A664
:10AB9000B403C4A6B503C5A6B603C6A6B703C7A625
:10ABA000B803C8A6B903C9A6BA03CAA6BB03CBA6F5
:10ABB000BC03CCA6BD03CDA6BE03CEA6BF03CFA6C5
:10ABC000C003D0A6C103D1A6C303D2A6C403D3A693
:10ABD000C503D4A6C603D5A6C703D6A6C803D7A661
:10ABE000C903D8A60104A7A71004A1A71104A2A70E
:10ABF0001204A3A71304A4A71404A5A71504A6A7C9
:10AC00001604A8A71704A9A71804AAA71904ABA794
:10AC10001A04ACA71B04ADA71C04AEA71D04AFA764
:10AC20001E04B0A71F04B1A72004B2A72104B3A734
:10AC30002204B4A72304B5A72404B6A72504B7A704
:10AC40002604B8A72704B9A72804BAA72904BBA7D4
:10AC50002A04BCA72B04BDA72C04BEA72D04BFA7A4
:10AC60002E04C0A72F04C1A73004D1A73104D2A756
:10AC70003204D3A73304D4A73404D5A73504D6A708
:10AC80003604D8A73704D9A73804DAA73904DBA7D4
:10AC90003A04DCA73B04DDA73C04DEA73D04DFA7A4
:10ACA0003E04E0A73F04E1A74004E2A74104E3A774
:10ACB0004204E4A74304E5A74404E6A74504E7A744
:10ACC0004604E8A74704E9A74804EAA74904EBA714
:10ACD0004A04ECA74B04EDA74C04EEA74D04EFA7E4
:10ACE0004E04F0A74F04F1A75104D7A710205CA988
:10ACF000132043A81420AAA1152044A81620ACA113
:10AD00001820AEA11920AFA11C20B0A11D20B1A117
:10AD1000252045A82620ADA13020EBA13220E4A1BA
:10AD20003320E5A1352046A83B20F9A1AC208000C6
:10AD30000321E6A1052147A8092148A81621EDA174
:10AD4000212159A96021F1A26121F2A26221F3A27D
:10AD50006321F4A26421F5A26521F6A26621F7A27F
:10AD60006721F8A26821F9A26921FAA26A21FBA24F
:10AD70006B21FCA27021A1A27121A2A27221A3A227
:10AD80007321A4A27421A5A27521A6A27621A7A24F
:10AD90007721A8A27821A9A27921AAA29021FBA1BA
:10ADA0009121FCA19221FAA19321FDA1962149A80C
:10ADB00097214AA898214BA899214CA80822CAA1FA
:10ADC0000F22C7A11122C6A115224DA81A22CCA17B
:10ADD0001D22D8A11E22DEA11F224EA82022CFA113
:10ADE00023224FA82522CEA12722C4A12822C5A113
:10ADF0002922C9A12A22C8A12B22D2A12E22D3A165
:10AE00003422E0A13522DFA13622C3A13722CBA113
:10AE10003D22D7A14822D6A14C22D5A1522250A82A
:10AE20006022D9A16122D4A16422DCA16522DDA126
:10AE3000662251A8672252A86E22DAA16F22DBA1F6
:10AE4000952292A89922D1A1A522CDA1BF2253A8D3
:10AE50001223D0A16024D9A26124DAA26224DBA249
:10AE60006324DCA26424DDA26524DEA26624DFA2C2
:10AE70006724E0A26824E1A26924E2A27424C5A2A6
:10AE80007524C6A27624C7A27724C8A27824C9A2B2
:10AE90007924CAA27A24CBA27B24CCA27C24CDA282
:10AEA0007D24CEA27E24CFA27F24D0A28024D1A252
:10AEB0008124D2A28224D3A28324D4A28424D5A222
:10AEC0008524D6A28624D7A28724D8A28824B1A21A
:10AED0008924B2A28A24B3A28B24B4A28C24B5A262
:10AEE0008D24B6A28E24B7A28F24B8A29024B9A232
:10AEF0009124BAA29224BBA29324BCA29424BDA202
:10AF00009524BEA29624BFA29724C0A29824C1A2D1
:10AF10009924C2A29A24C3A29B24C4A20025A4A956
:10AF20000125A5A90225A6A90325A7A90425A8A945
:10AF30000525A9A90625AAA90725ABA90825ACA915
:10AF40000925ADA90A25AEA90B25AFA90C25B0A9E5
:10AF50000D25B1A90E25B2A90F25B3A91025B4A9B5
:10AF60001125B5A91225B6A91325B7A91425B8A985
:10AF70001525B9A91625BAA91725BBA91825BCA955
:10AF80001925BDA91A25BEA91B25BFA91C25C0A925
:10AF90001D25C1A91E25C2A91F25C3A92025C4A9F5
:10AFA0002125C5A92225C6A92325C7A92425C8A9C5
:10AFB0002525C9A92625CAA92725CBA92825CCA995
:10AFC0002925CDA92A25CEA92B25CFA92C25D0A965
:10AFD0002D25D1A92E25D2A92F25D3A93025D4A935
:10AFE0003125D5A93225D6A93325D7A93425D8A905
:10AFF0003525D9A93625DAA93725DBA93825DCA9D5
:10B000003925DDA93A25DEA93B25DFA93C25E0A9A4
:10B010003D25E1A93E25E2A93F25E3A94025E4A974
:10B020004125E5A94225E6A94325E7A94425E8A944
:10B030004525E9A94625EAA94725EBA94825ECA914
:10B040004925EDA94A25EEA94B25EFA9502554A87D
:10B05000512555A8522556A8532557A8542558A818
:10B06000552559A856255AA857255BA858255CA8E8
:10B0700059255DA85A255EA85B255FA85C2560A8B8
:10B080005D2561A85E2562A85F2563A8602564A888
:10B09000612565A8622566A8632567A8642568A858
:10B0A000652569A866256AA867256BA868256CA828
:10B0B00069256DA86A256EA86B256FA86C2570A8F8
:10B0C0006D2571A86E2572A86F2573A8702574A8C8
:10B0D000712575A8722576A8732577A8812578A88B
:10B0E000822579A883257AA884257BA885257CA834
:10B0F00086257DA887257EA8882580A8892581A802
:10B100008A2582A88B2583A88C2584A88D2585A8CF
:10B110008E2586A88F2587A8932588A8942589A899
:10B1200095258AA8A025F6A1A125F5A1B225F8A10B
:10B13000B325F7A1BC258BA8BD258CA8C625F4A1F5
:10B14000C725F3A1CB25F0A1CE25F2A1CF25F1A1F2
:10B15000E2258DA8E3258EA8E4258FA8E52590A8F3
:10B160000526EFA10626EEA1092691A84026E2A118
:10B170004226E1A10030A1A10130A2A10230A3A189
:10B180000330A8A10530A9A1063065A9073096A90A
:10B190000830B4A10930B5A10A30B6A10B30B7A16F
:10B1A0000C30B8A10D30B9A10E30BAA10F30BBA13F
:10B1B0001030BEA11130BFA1123093A81330FEA1F0
:10B1C0001430B2A11530B3A11630BCA11730BDA107
:10B1D0001D3094A81E3095A8213040A9223041A9E5
:10B1E000233042A9243043A9253044A9263045A95B
:10B1F000273046A9283047A9293048A94130A1A4C1
:10B200004230A2A44330A3A44430A4A44530A5A452
:10B210004630A6A44730A7A44830A8A44930A9A422
:10B220004A30AAA44B30ABA44C30ACA44D30ADA4F2
:10B230004E30AEA44F30AFA45030B0A45130B1A4C2
:10B240005230B2A45330B3A45430B4A45530B5A492
:10B250005630B6A45730B7A45830B8A45930B9A462
:10B260005A30BAA45B30BBA45C30BCA45D30BDA432
:10B270005E30BEA45F30BFA46030C0A46130C1A402
:10B280006230C2A46330C3A46430C4A46530C5A4D2
:10B290006630C6A46730C7A46830C8A46930C9A4A2
:10B2A0006A30CAA46B30CBA46C30CCA46D30CDA472
:10B2B0006E30CEA46F30CFA47030D0A47130D1A442
:10B2C0007230D2A47330D3A47430D4A47530D5A412
:10B2D0007630D6A47730D7A47830D8A47930D9A4E2
:10B2E0007A30DAA47B30DBA47C30DCA47D30DDA4B2
:10B2F0007E30DEA47F30DFA48030E0A48130E1A482
:10B300008230E2A48330E3A48430E4A48530E5A451
:10B310008630E6A48730E7A48830E8A48930E9A421
:10B320008A30EAA48B30EBA48C30ECA48D30EDA4F1
:10B330008E30EEA48F30EFA49030F0A49130F1A4C1
:10B340009230F2A49330F3A49B3061A99C3062A99F
:10B350009D3066A99E3067A9A130A1A5A230A2A503
:10B36000A330A3A5A430A4A5A530A5A5A630A6A565
:10B37000A730A7A5A830A8A5A930A9A5AA30AAA535
:10B38000AB30ABA5AC30ACA5AD30ADA5AE30AEA505
:10B39000AF30AFA5B030B0A5B130B1A5B230B2A5D5
:10B3A000B330B3A5B430B4A5B530B5A5B630B6A5A5
:10B3B000B730B7A5B830B8A5B930B9A5BA30BAA575
:10B3C000BB30BBA5BC30BCA5BD30BDA5BE30BEA545
:10B3D000BF30BFA5C030C0A5C130C1A5C230C2A515
:10B3E000C330C3A5C430C4A5C530C5A5C630C6A5E5
:10B3F000C730C7A5C830C8A5C930C9A5CA30CAA5B5
:10B40000CB30CBA5CC30CCA5CD30CDA5CE30CEA584
:10B41000CF30CFA5D030D0A5D130D1A5D230D2A554
:10B42000D330D3A5D430D4A5D530D5A5D630D6A524
:10B43000D730D7A5D830D8A5D930D9A5DA30DAA5F4
:10B44000DB30DBA5DC30DCA5DD30DDA5DE30DEA5C4
:10B45000DF30DFA5E030E0A5E130E1A5E230E2A594
:10B46000E330E3A5E430E4A5E530E5A5E630E6A564
:10B47000E730E7A5E830E8A5E930E9A5EA30EAA534
:10B48000EB30EBA5EC30ECA5ED30EDA5EE30EEA504
:10B49000EF30EFA5F030F0A5F130F1A5F230F2A5D4
:10B4A000F330F3A5F430F4A5F530F5A5F630F6A5A4
:10B4B000FC3060A9FD3063A9FE3064A90531C5A840
:10B4C0000631C6A80731C7A80831C8A80931C9A8DC
:10B4D0000A31CAA80B31CBA80C31CCA80D31CDA8AC
:10B4E0000E31CEA80F31CFA81031D0A81131D1A87C
:10B4F0001231D2A81331D3A81431D4A81531D5A84C
:10B500001631D6A81731D7A81831D8A81931D9A81B
:10B510001A31DAA81B31DBA81C31DCA81D31DDA8EB
:10B520001E31DEA81F31DFA82031E0A82131E1A8BB
:10B530002231E2A82331E3A82431E4A82531E5A88B
:10B540002631E6A82731E7A82831E8A82931E9A85B
:10B550002032E5A22132E6A22232E7A22332E8A27B
:10B560002432E9A22532EAA22632EBA22732ECA24B
:10B570002832EDA22932EEA231325AA9A33249A9CA
:10B580008E334AA98F334BA99C334CA99D334DA9C7
:10B590009E334EA9A1334FA9C43350A9CE3351A92C
:10B5A000D13352A9D23353A9D53354A9004EBBD2BB
:10B5B000014EA1B6024E4081034EDFC6044E4181CA
:10B5C000054E4281064E4381074EF2CD084EC9D545
:10B5D000094EFDC80A4ECFC90B4EC2CF0C4EA2D8A1
:10B5E0000D4EBBB20E4EEBD30F4E4481104EA4D87D
:10B5F000114EF3B3124E4581134EA8D7144ED2C745
:10B60000154EA7D8164EC0CA174E4681184EF0C721
:10B61000194EFBB11A4EB5D21B4ED4B41C4EABB66C
:10B620001D4EBFCB1E4EA9D81F4E4781204E4881CC
:10B63000214E4981224EAAB6234E4A81244EBDC1D5
:10B64000254ECFD1264E4B81274EA5C9284EADD8C9
:10B65000294E4C812A4EF6B82B4EBED12C4EDCE33F
:10B660002D4ED0D62E4E4D812F4E4E81304EE1B70D
:10B67000314E4F81324EAEB4334E5081344ED9C12B
:10B68000354E5181364EBCD8374E5281384EE8CDBA
:10B69000394EA4B53A4EAACE3B4EF7D63C4E538116
:10B6A0003D4EF6C03E4ED9BE3F4EAFD8404E5481BF
:10B6B000414E5581424E5681434ECBC4444E578134
:10B6C000454EC3BE464E5881474EB1D8484EB4C3CE
:10B6D000494EE5D24A4E59814B4EAED64C4EDACE4B
:10B6E0004D4EA7D54E4EF5BA4F4EA6B7504ED6C0CA
:10B6F000514E5A81524EB9C6534ED2C5544EC7C749
:10B70000554E5B81564ED4B9574E5C81584ECBB3E3
:10B71000594ED2D25A4E5D815B4E5E815C4EBFD88F
:10B720005D4EC5BE5E4EF2C65F4EB2D2604EB0CF29
:10B73000614EE7CF624E5F81634E6081644E6181EE
:10B74000654E6281664EE9CA674E6381684E6481C8
:10B75000694EC0D86A4E65816B4E66816C4E6781BA
:10B760006D4E68816E4E69816F4E6A81704EF2C275
:10B77000714ED2C2724E6B81734EE9C8744E6C81A9
:10B78000754E6D81764E6E81774E6F81784E7081E9
:10B79000794E71817A4E72817B4E73817C4E7481B9
:10B7A0007D4E75817E4EACC77F4E7681804E77810F
:10B7B000814E7881824E7981834E7A81844E7B815D
:10B7C000854E7C81864ECBC1874E7D81884EE8D3E5
:10B7D000894EF9D58A4E7E818B4EC2CA8C4EFEB6FA
:10B7E0008D4EA1D88E4EDAD38F4EF7BF904E80810A
:10B7F000914EC6D4924EA5BB934EC1D8944EE5CE81
:10B80000954EAEBE964E8181974E8281984EA8D8B5
:10B81000994E83819A4EC7D19B4EA9D09C4E84816C
:10B820009D4E85819E4E86819F4EBDD8A04EEFD9FC
:10B83000A14EF6CDA24EBABFA34E8781A44EBBBD8A
:10B84000A54EA5BAA64EE0D2A74EFAB2A84EE0BACF
:10B85000A94EB6C4AA4E8881AB4EEDCFAC4EA9BE60
:10B86000AD4EA4CDAE4EC1C1AF4E8981B04E8A81DE
:10B87000B14E8B81B24ED7C7B34EF1D9B44E8C8145
:10B88000B54EF4D9B64E8D81B74E8E81B84E8F81AC
:10B89000B94E9081BA4ECBC8BB4EE9D8BC4E91810F
:10B8A000BD4E9281BE4E9381BF4EDAD2C04EB2CA17
:10B8B000C14ECAC8C24EECD8C34EEAD8C44EC6D890
:10B8C000C54EF6BDC64ECDC6C74EF0B3C84E948128
:10B8D000C94EEBD8CA4EF1BDCB4EE9BDCC4E9581D9
:10B8E000CD4ED4C8CE4ED3B4CF4E9681D04E978194
:10B8F000D14ED8C2D24E9881D34ED6B2D44ED0D7E4
:10B90000D54ECBCAD64EFBCBD74ECCD5D84EB6B83B
:10B91000D94EC9CFDA4E9981DB4E9A81DC4E9B819C
:10B92000DD4EDAD9DE4EF0D8DF4EAAC7E04E9C815C
:10B93000E14EEED8E24E9D81E34EFAB4E44EEEC104
:10B94000E54ED4D2E64E9E81E74E9F81E84EEDD87B
:10B95000E94EA081EA4EC7D2EB4EEFD8EC4EC7C3FA
:10B96000ED4EA181EE4EA281EF4EA381F04EF6D1B5
:10B97000F14EA481F24ED9D6F34EF2D8F44EA58101
:10B98000F54EF5D8F64EFEBCF74EDBBCF84EA68160
:10B99000F94EA781FA4EA881FB4ECEC8FC4EA98174
:10B9A000FD4EDDB7FE4EAA81FF4EC2B7004FAB8100
:10B9B000014FF3C6024FAC81034FAD81044FAE81FE
:10B9C000054FAF81064FB081074FB181084FB2815B
:10B9D000094FF8D80A4FC1D20B4FB3810C4FB48135
:10B9E0000D4FE9CE0E4FBFBC0F4FFCB7104FA5B7A0
:10B9F000114FDDD0124FB581134FB681144FB7816F
:10BA0000154FB881164FB981174FDAD6184FC5D3E5
:10BA1000194FEFBB1A4FE1BB1B4FF1D81C4FBA8136
:10BA20001D4FBB811E4FA1C91F4FB0CE204FABB4DD
:10BA3000214FBC81224FF3D8234FBD81244FCBC966
:10BA4000254FF6D8264FD7C2274FF7D8284FBE81AB
:10BA5000294FBF812A4FB1CE2B4FF9D82C4FC0812F
:10BA60002D4FC1812E4FC2812F4FAEB2304FC0B982
:10BA7000314FC381324FA3D9334FC481344FE9B022
:10BA8000354FC581364FE6C1374FC681384FECC9B7
:10BA9000394FC7813A4FC5CB3B4FC8813C4FC6CBCE
:10BAA0003D4FA4D93E4FC9813F4FCA81404FCB8102
:10BAB000414FCC81424FCD81434FE8B5444FCE81B9
:10BAC000454FCF81464FABB5474FD081484FD181CD
:10BAD000494FD2814A4FD3814B4FD4814C4FD581AE
:10BAE0004D4FBBCE4E4FCDB54F4FA1D7504FF4D792
:10BAF000514FD3D3524FD681534FE5CC544FD781BA
:10BB0000554FCEBA564FD881574FA2D9584FDCD98E
:10BB1000594FE0D35A4FFDD85B4FF0B75C4FF7D782
:10BB20005D4FFED85E4FFAD85F4FA1D9604FE3C496
:10BB3000614FD981624FDA81634FB6D3644FF4D835
:10BB4000654FDDD9664FDB81674FFBD8684FDC81DD
:10BB5000694FE5C56A4FDD816B4FDE816C4FD0C008
:10BB60006D4FDF816E4FE0816F4FF0D1704FDBB0D2
:10BB7000714FE181724FE281734FD1BC744FA6D9EE
:10BB8000754FE381764FA5D9774FE481784FE581F2
:10BB9000794FE6817A4FE7817B4FACD97C4FAED9A4
:10BBA0007D4FE8817E4FABD97F4FB9CA804FE98185
:10BBB000814FEA81824FEB81834FA9D9844FB6D65A
:10BBC000854FEC81864FED81874FEE81884FDEB344
:10BBD000894FA8D98A4FEF818B4FFDC08C4FF081E0
:10BBE0008D4FCCCA8E4FF1818F4FAAD9904FF281E1
:10BBF000914FA7D9924FF381934FF481944FB0D9CD
:10BC0000954FF581964FF681974FB1B6984FF781D2
:10BC1000994FF8819A4FF9819B4FA9B99C4FFA81AE
:10BC20009D4FC0D29E4FFB819F4FFC81A04FC0CF44
:10BC3000A14FFD81A24FFE81A34FC2C2A44F4082FB
:10BC4000A54FC4BDA64FECD5A74FE0B2A84FC8C7BB
:10BC5000A94FEBBFAA4FADD9AB4F4182AC4FAFD983
:10BC6000AD4F4282AE4FEACEAF4FEEBAB04F4382F5
:10BC7000B14F4482B24F4582B34F4682B44F4782A0
:10BC8000B54FD6C7B64F4882B74F4982B84F4A82A0
:10BC9000B94F4B82BA4F4C82BB4F4D82BC4F4E8244
:10BCA000BD4F4F82BE4F5082BF4FE3B1C04F518254
:10BCB000C14F5282C24F5382C34FD9B4C44FEDB665
:10BCC000C54FB4D9C64F5482C74F5582C84F56820C
:10BCD000C94F5782CA4FA1BFCB4F5882CC4F598210
:10BCE000CD4F5A82CE4FDED9CF4FCEC7D04FFEC0F8
:10BCF000D14FB8D9D24F5B82D34F5C82D44F5D8293
:10BD0000D54F5E82D64F5F82D74FD7CBD84FFDB786
:10BD1000D94F6082DA4FB5D9DB4F6182DC4FB7D99A
:10BD2000DD4FA3B1DE4FE1D3DF4FB9D9E04F6282DF
:10BD3000E14FC5D0E24F6382E34FB6D9E44F64824E
:10BD4000E54F6582E64FB1D9E74F6682E84FB2D939
:10BD5000E94FA9C1EA4FB3D9EB4F6782EC4F688234
:10BD6000ED4FF3BCEE4FDED0EF4FA9B8F04F698234
:10BD7000F14FE3BEF24F6A82F34FBDD9F44F6B82AD
:10BD8000F54F6C82F64F6D82F74F6E82F84FBAD93D
:10BD9000F94F6F82FA4FB3B0FB4F7082FC4F718244
:10BDA000FD4F7282FE4FC2D9FF4F738200507482E2
:10BDB0000150758202507682035077820450788257
:10BDC0000550798206507A8207507B8208507C8227
:10BDD00009507D820A507E820B5080820C50C4D95B
:10BDE0000D50B6B10E5081820F50BFD910508282D3
:10BDF000115083821250B9B5135084821450F3BE8F
:10BE00001550858216508682175087821850C8CCEC
:10BE10001950F2BA1A50D0D21B5088821C50C3D984
:10BE20001D5089821E508A821F50E8BD20508B828F
:10BE30002150ABB322508C8223508D8224508E82AD
:10BE40002550C5D92650EBBE27508F822850C6D921
:10BE50002950BBD92A50DFC42B5090822C50BED918
:10BE60002D50C1D92E50C0D92F509182305092827E
:10BE7000315093823250948233509582345096825E
:10BE800035509782365098823750998238509A822E
:10BE900039509B823A50AED53B509C823C50B5D62F
:10BEA0003D509D823E50E3C73F509E8240509F824E
:10BEB0004150A0824250A1824350C8D94450A2822E
:10BEC0004550A3824650A4824750D9BC4850CAD995
:10BED0004950A5824A50A6824B50A7824C50BCD9EB
:10BEE0004D50A8824E50CBD94F50ABC65050A9826E
:10BEF0005150AA825250AB825350AC825450AD8202
:10BF00005550C9D95650AE825750AF825850B08262
:10BF10005950B1825A50F6D75B50B2825C50A3CDD3
:10BF20005D50B3825E50B4825F50B5826050B6827D
:10BF30006150B7826250B8826350B9826450BA824D
:10BF40006550A1BD6650BB826750BC826850BD82FF
:10BF50006950BE826A50BF826B50C0826C50CCD98F
:10BF60006D50C1826E50C2826F50C3827050C482C5
:10BF70007150C5827250C6827350C7827450C88295
:10BF80007550C9827650BCC57750B5CD7850CA82FD
:10BF90007950CB827A50CC827B50CDD97C50CD82E7
:10BFA0007D50CE827E50C7D97F50A5B38050FEBF52
:10BFB0008150CF828250D0828350D1828450D282ED
:10BFC0008550B5B88650D3828750D4828850FCC043
:10BFD0008950D5828A50D6828B50D7828C50D88295
:10BFE0008D50F8B08E50D9828F50DA829050DB821B
:10BFF0009150DC829250DD829350DE829450DF8239
:10C000009550E0829650E1829750E2829850E38208
:10C010009950E4829A50E5829B50E6829C50E782D8
:10C020009D50E8829E50E9829F50EA82A050EB82A8
:10C03000A150EC82A250ED82A350F6B4A450EE823F
:10C04000A550CED9A650EF82A750CFD9A850A2B400
:10C05000A950D0D9AA50F082AB50F182AC50DFB4D5
:10C06000AD50F282AE50F382AF50F482B050F58200
:10C07000B150F682B250C1B0B350F782B450F882DA
:10C08000B550F982B650FA82B750FB82B850FC82A4
:10C09000B950FD82BA50D1D9BB50B5C9BC50FE824F
:10C0A000BD504083BE504183BF504283C050438344
:10C0B000C1504483C2504583C3504683C450478314
:10C0C000C5504883C6504983C7504A83C8504B83E4
:10C0D000C9504C83CA504D83CB504E83CC504F83B4
:10C0E000CD505083CE505183CF50F1CFD05052839A
:10C0F000D1505383D2505483D3505583D450568358
:10C10000D5505783D650D2D9D7505883D850598359
:10C11000D9505A83DA50C5C1DB505B83DC505C8355
:10C12000DD505D83DE505E83DF505F83E0506083CF
:10C13000E1506183E2506283E3506383E45064839F
:10C14000E5506583E650D6D9E750AEC9E85066831E
:10C15000E9506783EA506883EB506983EC50D5D986
:10C16000ED50D4D9EE50D7D9EF506A83F0506B839D
:10C17000F1506C83F2506D83F350DBCBF4506E833F
:10C18000F550A9BDF6506F83F7507083F850718356
:10C19000F9507283FA507383FB50A7C6FC50748326
:10C1A000FD507583FE507683FF507783005178836E
:10C1B0000151798302517A8303517B8304517C833B
:10C1C00005517D830651D3D90751D8D908517E83B3
:10C1D000095180830A5181830B51D9D90C51828333
:10C1E0000D5183830E5184830F51858310518683B3
:10C1F000115187831251E5C81351888314518983E3
:10C2000015518A8316518B8317518C8318518D8356
:10C2100019518E831A518F831B5190831C51918326
:10C220001D5192831E5193831F51948320519583F6
:10C230002151DCC022519683235197832451988346
:10C240002551998326519A8327519B8328519C839A
:10C2500029519D832A519E832B519F832C51A0836A
:10C260002D51A1832E51A2832F51A3833051A4833A
:10C270003151A5833251A6833351A7833451A8830A
:10C280003551A9833651AA833751AB833851AC83DA
:10C290003951AD833A51AE833B51AF833C51B083AA
:10C2A0003D51B1833E51B2833F51F9B64051A3D8BD
:10C2B0004151CAD44251B3834351AAD44451D6D038
:10C2C0004551E4B34651D7D54751B4834851C8CFFF
:10C2D0004951E2B94A51B5834B51CBBF4C51B6835A
:10C2E0004D51E2C34E51B7834F51B8835051B9837A
:10C2F0005151D2B65251BA835351BB835451C3CD1D
:10C300005551EED95651F0D95751BC835851BD8380
:10C310005951BE835A51B3B55B51BF835C51B5B619
:10C320005D51C0835E51C1835F51C2836051C3833D
:10C330006151C4836251A4BE6351C5836451C683F5
:10C340006551EBC86651C7836751C8836851ABC854
:10C350006951C9836A51CA836B51CBB06C51ABB977
:10C360006D51F9C16E51E2D96F51CB837051BCC090
:10C370007151B2B97251CC837351D8B97451CBD0C9
:10C380007551F8B17651E4C67751DFBE7851E4B506
:10C390007951C8D77A51CD837B51F8D17C51E6BC15
:10C3A0007D51DECA7E51CE837F51CF838051BDBC8B
:10C3B0008151E6D98251E7D88351D0838451D1830A
:10C3C0008551DAC48651D2838751D3838851D4B83A
:10C3D0008951BDC88A51D4838B51D5838C51E1B228
:10C3E0008D51D9D48E51D6838F51D7839051D88314
:10C3F0009151D9839251B0C39351DA839451DB8325
:10C400009551E1C39651A2DA9751DFC89851DC8368
:10C410009951B4D09A51DD839B51FCBE9C51A9C562
:10C420009D51DE839E51DF839F51E083A051DAB995
:10C43000A151E183A251A3DAA351E283A451A9D46B
:10C44000A551A4DAA651E383A751E483A851E5835B
:10C45000A951E683AA51E783AB51FBD9AC51ACB6E5
:10C46000AD51E883AE51E983AF51EBB7B051F9B1AB
:10C47000B151FCD9B251E5B3B351F6BEB451EA8320
:10C48000B551F6BFB651B1D2B751E4C0B851EB8344
:10C49000B951EC83BA51ED83BB51B3B6BC51FED94F
:10C4A000BD51FDD9BE51EE83BF51EF83C051BBBE1C
:10C4B000C151F083C251F183C351F283C451E0C62C
:10C4C000C551F383C651BCD7C751A1DAC851F48313
:10C4D000C951B9C1CA51F583CB51F2B5CC51E8C1AC
:10C4E000CD51F683CE51F783CF51F5BCD051F883AF
:10C4F000D151D5B4D251F983D351FA83D451FB83AE
:10C50000D551FC83D651FD83D751FE83D851408449
:10C51000D9514184DA514284DB51DDC1DC5143847D
:10C52000DD51FDC4DE514484DF514584E051B8BC87
:10C53000E151B2B7E2514684E3514784E451EFB789
:10C54000E5514884E6514984E7514A84E8514B84D7
:10C55000E9514C84EA514D84EB51ECD9EC514E84B5
:10C56000ED51BEC6EE514F84EF51ADBFF051CBBB84
:10C57000F1515084F2515184F351CAB5F4515284AF
:10C58000F551C9DBF651D7D0F7515384F851B9CDE5
:10C59000F951BCB0FA51F6B3FB51F7BBFC51CADB01
:10C5A000FD51AFBAFE515484FF51E4D40052B6B5E8
:10C5B0000152F3B50252D6D80352D0C80452558462
:10C5C000055256840652D6B70752D0C70852D7D85C
:10C5D000095257840A52AFBF0B5258840C525984E7
:10C5E0000D52BBDB0E52D8D80F525A8410525B84C6
:10C5F0001152CCD01252AEBB13525C8414525D84E3
:10C6000015525E841652BEEB1752D0C11852F5C1B6
:10C610001952F2D41A52D5B81B52B4B41C525F84CA
:10C620001D52F5B31E5260841F5261842052BEC950
:10C630002152628422526384235264842452D0C5DE
:10C640002552658426526684275267842852D9C5AC
:10C650002952FBC02A5268842B52F0B12C526984B3
:10C660002D52D9D82E52CEB92F526A843052BDB530
:10C6700031526B8432526C843352DAD834526D8426
:10C6800035526E843652C6D63752A2CB3852AFC816
:10C690003952B2C93A52CCB43B52CCBF3C526F84EF
:10C6A0003D52F4B93E5270843F52DBD84052DCD840
:10C6B0004152E7B64252C1BC4352EACC4452718463
:10C6C000455272844652738447527484485275842A
:10C6D000495276844A52F7CF4B5277844C52DDD878
:10C6E0004D52B0C74E5278844F5279845052D0B9CF
:10C6F0005152A3BD52527A8453527B845452DECCA1
:10C7000055527C845652CAC657527D8458527E84F4
:10C71000595280845A5281845B5282845C52E0D8A0
:10C720005D5283845E52DED85F5284846052858479
:10C730006152DFD86252868463528784645288844F
:10C740006552FEB0665289846752E7BE68528A8499
:10C750006952A3CA6A52F4BC6B528B846C528C84AB
:10C760006D528D846E528E846F52B1B870528F8428
:10C77000715290847252EEB87352918474529284C2
:10C780007552938476529484775295847852968425
:10C79000795297847A5298847B5299847C529A84F5
:10C7A0007D52E2D87E529B847F52CBBD80529C84C6
:10C7B0008152E4D88252E3D883529D8484529E846D
:10C7C00085529F848652A0848752A1848852FCC5DA
:10C7D0008952A2848A52A3848B52A4848C52A58449
:10C7E0008D52A6848E52A7848F52A8849052E5D889
:10C7F0009152A9849252AA849352E6D89452AB845F
:10C800009552AC849652AD849752AE849852AF84C0
:10C810009952B0849A52B1849B52A6C19C52B28460
:10C820009D52B0C89E52ECB09F52A6B9A052D3BC44
:10C83000A152F1CEA252BDDBA352D3C1A452B38404
:10C84000A552B484A652B584A752B684A852AFB6F6
:10C85000A952FAD6AA52ACC5AB52D9BDAC52BEDB76
:10C86000AD52BFDBAE52B784AF52B884B052B98478
:10C87000B152F8C0B252A2BEB352CDC0B452BA84C3
:10C88000B552BB84B652BC84B752BD84B852BE8484
:10C89000B952BF84BA52C084BB52C184BC52C28454
:10C8A000BD52C384BE52C0DBBF52C6CAC052C4848C
:10C8B000C152C584C252C684C352AAB2C452C784EC
:10C8C000C552C884C652C984C752C2D3C852CA848A
:10C8D000C952E3C3CA52CB84CB52ABD1CC52CC8425
:10C8E000CD52CD84CE52CE84CF52CF84D052C2DB33
:10C8F000D152D084D252D5C0D352D184D452D28412
:10C90000D552D384D652C3DBD752D484D852B1BFC8
:10C91000D952D584DA52D684DB52D784DC52D884FB
:10C92000DD52D984DE52DA84DF52BCC4E052DB84AB
:10C93000E152DC84E252DD84E352DE84E452DAC761
:10C94000E552DF84E652E084E752E184E852E28473
:10C95000E952E384EA52E484EB52E584EC52E68443
:10C96000ED52E784EE52E884EF52E984F052C4DBE2
:10C97000F152EA84F252EB84F352EC84F452ED84E7
:10C98000F552EE84F652EF84F752F084F852F184B7
:10C99000F952E8D9FA52D7C9FB52F284FC52F38417
:10C9A000FD52F484FE52B4B9FF52F0CE0053C8D405
:10C9B0000153F5840253F6840353F7840453F88437
:10C9C0000553FCB00653D2B40753F9840853D9D0A9
:10C9D0000953FA840A53FB840B53FC840C53FD84E3
:10C9E0000D53E9D90E53FE840F53CBDE1053EBD910
:10C9F0001153408512534185135342851453438587
:10CA00001553B0D81653AFBB1753B1B11853448563
:10CA10001953D7B31A53CED81B5345851C5346859B
:10CA20001D53D1D41E5347851F5348852053B3BD92
:10CA30002153EFBF225349852353BBCF24534A854B
:10CA400025534B852653D0D827534C8528534D85E5
:10CA500029534E852A53CBB72B534F852C535085E2
:10CA60002D5351852E53D1D82F5352853053538592
:10CA70003153548532535585335356853453578536
:10CA8000355358853653598537535A8538535B8506
:10CA90003953A5C63A53F8C73B53BDD23C535C85C6
:10CAA0003D535D853E53D2D83F53E4C440535E8529
:10CAB0004153AECA42535F854353A7C74453608571
:10CAC0004553A6D8465361854753FDC94853E7CE21
:10CAD0004953DCBB4A53EBB04B5362854C536385DF
:10CAE0004D5364854E53AABB4F53ADD0505365850B
:10CAF0005153B0B15253E4D75353BFD75453668503
:10CB00005553A5B55653F4C25753CFC458536785F0
:10CB1000595368855A53A9B25B5369855C53B7B2C0
:10CB20005D536A855E53E5B15F53B2DF6053BCD598
:10CB30006153A8BF6253ACC26353D5D86453B1C22A
:10CB400065536B856653D4D86753D4CE68536C85D0
:10CB50006953E0DA6A536D856B53C0CE6C536E85B2
:10CB60006D536F856E53B4D86F53AEC37053A1D35A
:10CB70007153A3CE725370857353B4BC7453B4C84D
:10CB80007553D1C2765371857753EDBE7853B6D0C5
:10CB9000795372857A53E1DA7B5373857C537485BC
:10CBA0007D5375857E5376857F53E4C780537785A3
:10CBB000815378858253A7B3835379858453F2B622
:10CBC0008553FCCC8653FAC087537A8588537B857E
:10CBD0008953F7C08A537C858B53B9D18C53E1D1EB
:10CBE0008D53C7D88E537D858F537E859053808516
:10CBF0009153818592538285935383859453848581
:10CC00009553DEB296538585975386859853E5C034
:10CC1000995387859A53F1BA9B5388859C5389858C
:10CC20009D53C8D89E538A859F53ADD4A0538B85FE
:10CC3000A1538C85A253E1CFA353C9D8A4538D85AA
:10CC4000A553CAD8A653C3CFA7538E85A853F8B30C
:10CC5000A953C7BEAA538F85AB539085AC5391851A
:10CC6000AD539285AE53CBD8AF539385B0539485D3
:10CC7000B1539585B2539685B3539785B453988530
:10CC8000B5539985B653CCDBB7539A85B8539B857A
:10CC9000B9539C85BA539D85BB53A5C8BC539E858B
:10CCA000BD539F85BE53A085BF53D8CFC053A18528
:10CCB000C153FEC8C253CEB2C353A285C453A38589
:10CCC000C553A485C653A585C753A685C853D6D3D7
:10CCD000C953E6B2CA53B0BCCB53D1D3CC53ABCBC0
:10CCE000CD53B4B7CE53A785CF53A885D053A985CC
:10CCF000D153A2B7D253AA85D353AB85D453E5CA37
:10CD0000D553AC85D653A1C8D753DCCAD853E4B1A8
:10CD1000D953F0D0DA53AD85DB53D1C5DC53AE85A2
:10CD2000DD53AF85DE53B085DF53C5DBE053FEB581
:10CD3000E153B185E253B285E353DABFE453C5B999
:10CD4000E553E4BEE653EDC1E753B385E853B6DFE0
:10CD5000E953B5DFEA53BBD6EB53D0BDEC53D9D57D
:10CD6000ED53C8B0EE53A3B6EF53C9BFF053A8CCF0
:10CD7000F153B3DFF253B7CAF353D2D3F453B485AC
:10CD8000F553CFD8F653B6D2F753C5BAF853BECB46
:10CD9000F953BECCFA53B585FB53B7DFFC53F0B55E
:10CDA000FD53B4DFFE53B685FF53B7850054B885F5
:10CDB0000154F5D30254B9850354D4B30454F7B8DD
:10CDC0000554BA850654BADF0754BB850854CFBA58
:10CDD0000954AABC0A54F5B50B54BC850C54ACCD0F
:10CDE0000D54FBC30E54F3BA0F54F4C01054C2CD0B
:10CDF0001154F2CF1254B8DF1354C5CF1454BD856B
:10CE00001554C0C21654B9DF1754F0C21854BE8569
:10CE10001954BF851A54C0851B54FDBE1C54C185CE
:10CE20001D54DFC11E54CCCD1F54F7D22054CDB7B2
:10CE30002154C1DF2254C2852354C4DF2454C38546
:10CE40002554C4852654F1B72754C9B02854D6B602
:10CE50002954D4B72A54C5852B54ACBA2C54FDCCD4
:10CE60002D54D4BF2E54B1CB2F54F4C63054C685A4
:10CE70003154A8D63254C5DF3354C7853454E2CE7A
:10CE80003554B3B33654C8853754C9853854FCCEAD
:10CE90003954B5B43A54CA853B54C7CE3C54F0BA61
:10CEA0003D54CB853E54E1CE3F54CC854054BDD15A
:10CEB0004154CD854254CE854354C0DF4454CF8580
:10CEC0004554D0854654F4B44754D1854854CAB328
:10CED0004954D2854A54E6B84B54BBDF4C54D385F1
:10CEE0004D54D4854E54D5854F54D6855054C5C421
:10CEF0005154D7855254BCDF5354BDDF5454BEDF68
:10CF00005554BBC55654BFDF5754C2DF5854B1D433
:10CF10005954C3DF5A54D8855B54BAC75C54D8CE31
:10CF20005D54D9855E54DA855F54DB856054DC85B9
:10CF30006154DD856254D8C46354DE856454CADF0D
:10CF40006554DF856654CFDF6754E0856854DCD6CE
:10CF50006954E1856A54E2856B54E3856C54E48539
:10CF60006D54E5856E54E6856F54E7857054E88509
:10CF70007154C9DF7254DADF7354B6CE7454E98544
:10CF80007554C7BA7654CEDF7754C8DF7854DEC5FF
:10CF90007954EA857A54EB857B54EBC97C54F4BA16
:10CFA0007D54FCC37E54EC857F54ED858054D7BE00
:10CFB0008154EE858254C6DF8354EF858454CDDFDF
:10CFC0008554F0858654D8C58754F1858854F285F8
:10CFD0008954F3858A54F4858B54A6D58C54CDBAE4
:10CFE0008D54F5858E54CCBE8F54BDD39054C0B8AB
:10CFF0009154F6859254E4D69354F7859454C7DF40
:10D000009554BEB99654A7BF9754F8859854F9859E
:10D010009954FCC19A54CBDF9B54CCDF9C54FA85C5
:10D020009D54D0DF9E54FB859F54FC85A054FD8504
:10D03000A154FE85A2544086A354DBDFA454E5DF4F
:10D04000A5544186A654D7DFA754D6DFA854C9D724
:10D05000A954E3DFAA54E4DFAB54EBE5AC54A7D208
:10D06000AD54D2DFAE544286AF54A9BFB05443860C
:10D07000B154DBD4B2544486B354C8BFB454D4DFE3
:10D08000B5544586B6544686B7544786B854CCCF77
:10D09000B9544886BA544986BB54DDDFBC544A862D
:10D0A000BD54CAD1BE544B86BF54DEDFC054A7B0B6
:10D0B000C154B7C6C254D3DFC3544C86C454E5BA76
:10D0C000C5544D86C654DFB6C754DBCDC854FEB92F
:10D0D000C954D5D4CA544E86CB544F86CC54DFDFC6
:10D0E000CD54ECCFCE54A5B0CF54E7DFD054D1DF30
:10D0F000D154C6D1D254D5DFD354D8DFD454D9DFDC
:10D10000D554DCDFD6545086D754A9BBD8545186A9
:10D11000D954E0DFDA54E1DFDB545286DC54E2DF3D
:10D12000DD54E6DFDE54E8DFDF54B4D3E054538649
:10D13000E1545486E2545586E3545686E4545786A7
:10D14000E554E7B8E654B6C5E754EADFE854DAC96F
:10D15000E954A8C1EA54C4C4EB545886EC54598627
:10D16000ED54DEBFEE54F8CFEF545A86F0545B8690
:10D17000F1545C86F254DCD5F354EEDFF4545D8652
:10D18000F5545E86F6545F86F7546086F8546186DF
:10D19000F9546286FA54B8B2FB546386FC54DFBA81
:10D1A000FD54ECDFFE546486FF54C1DB00556586F8
:10D1B0000155E4D102556686035567860455688695
:10D1C000055569860655F4CB0755BDB408556A86E2
:10D1D0000955A6B00A556B860B556C860C556D86A5
:10D1E0000D556E860E556F860F55F1DF1055C6CC66
:10D1F0001155F2DF12557086135571861455EDDF07
:10D20000155572861655738617557486185575868A
:10D21000195576861A5577861B55E9DF1C55788691
:10D220001D5579861E557A861F557B862055EBDF66
:10D2300021557C862255EFDF2355F0DF2455BDBBF9
:10D2400025557D8626557E862755F3DF2855808611
:10D25000295581862A55F4DF2B5582862C55A3BB90
:10D260002D5583862E55DBCA2F55A8CE3055A7E005
:10D270003155AAB3325584863355A6E03455858698
:10D2800035558686365587863755A1E038558886C8
:10D29000395589863A558A863B558B863C55FEDF43
:10D2A0003D558C863E55D9CD3F55FCDF40558D868A
:10D2B0004155FADF42558E864355D0BF4455C4D7F9
:10D2C00045558F864655CCC9475590864855918619
:10D2D0004955F8DF4A55A1B04B5592864C55938677
:10D2E0004D5594864E5595864F5596865055FDDF83
:10D2F00051559786525598865355998654559A8616
:10D300005555FBDF5655A2E057559B8658559C86D0
:10D3100059559D865A559E865B559F865C55A8E05B
:10D320005D55A0865E55A1865F55A2866055A38691
:10D330006155C8B76255A4866355A5866455A1C6D4
:10D340006555B6C96655B2C06755F5DF6855A686FE
:10D350006955A7866A55BEC56B55A8866C55C4D855
:10D360006D55F9DF6E55F6C46F55A9867055AA86BE
:10D370007155AB867255AC867355AD867455AE86C5
:10D380007555A3E07655A4E07755A5E07855A5D06E
:10D390007955AF867A55B0867B55B4E07C55E4CCA0
:10D3A0007D55B1867E55B1E07F55B2868055A6BFCA
:10D3B0008155AFE08255B9CE8355ABE08455C6C9DF
:10D3C0008555B3868655B4868755AEC08855AEE080
:10D3D0008955EDBA8A55B0BA8B55A9E08C55B586FA
:10D3E0008D55B6868E55B7868F55F6DF9055B88623
:10D3F0009155B3E09255B9869355BA869455B8E0E5
:10D400009555BB869655BC869755BD869855ADB447
:10D410009955B9E09A55BE869B55BF869C55B2CFAB
:10D420009D55C8BA9E55C0869F55B0E0A055C1868F
:10D43000A155C286A255C386A355C486A455C586E8
:10D44000A555C686A655C786A755FAD0A855C8863D
:10D45000A955C986AA55CA86AB55CB86AC55CC868C
:10D46000AD55CD86AE55CE86AF55CF86B055D0865C
:10D47000B155ACE0B255D186B355FBD4B455D28684
:10D48000B555F7DFB655D386B755E7C5B855D48639
:10D49000B955ADE0BA55D586BB55F7D3BC55D68640
:10D4A000BD55B6E0BE55B7E0BF55D786C055D88646
:10D4B000C155D986C255DA86C355DB86C455C4E04A
:10D4C000C555E1D0C655DC86C755DD86C855DE8614
:10D4D000C955BCE0CA55DF86CB55E086CC55C9E0BE
:10D4E000CD55CAE0CE55E186CF55E286D055E386CC
:10D4F000D155BEE0D255AAE0D355A4C9D455C1E058
:10D50000D555E486D655B2E0D755E586D855E6869A
:10D51000D955E786DA55E886DB55E986DC55C8CA71
:10D52000DD55C3E0DE55EA86DF55B5E0E055EB8614
:10D53000E155CBCEE255EC86E355C3CBE455CDE0C7
:10D54000E555C6E0E655C2E0E755ED86E855CBE087
:10D55000E955EE86EA55BAE0EB55BFE0EC55C0E080
:10D56000ED55EF86EE55F086EF55C5E0F055F186A6
:10D57000F155F286F255C7E0F355C8E0F455F3864D
:10D58000F555CCE0F655F486F755BBE0F855F58631
:10D59000F955F686FA55F786FB55F886FC55F98657
:10D5A000FD55D4CBFE55D5E0FF55FA860056D6E0A2
:10D5B0000156D2E00256FB860356FC860456FD86D1
:10D5C0000556FE8606564087075641870856D0E026
:10D5D0000956CEBC0A5642870B5643870C56D1E0FB
:10D5E0000D5644870E56C2B80F56C5D810564587FB
:10D5F000115646871256478713564887145649874F
:10D6000015564A8716564B8717564C871856EAD038
:10D6100019564D871A564E871B56EFC21C564F8718
:10D620001D5650871E56CFE01F56BDE0205651872D
:10D6300021565287225653872356D4E02456D3E0EE
:10D6400025565487265655872756D7E0285656879D
:10D65000295657872A5658872B5659872C56DCE06F
:10D660002D56D8E02E565A872F565B8730565C874A
:10D670003156F6D63256B0B333565D873456ECD7B2
:10D6800035565E873656BBCB37565F873856608730
:10D690003956DAE03A5661873B56FBCE3C566287F4
:10D6A0003D5663873E5664873F56D9BA40566587D4
:10D6B000415666874256678743566887445669874E
:10D6C00045566A8746566B8747566C8748566D871E
:10D6D00049566E874A566F874B5670874C56E1E025
:10D6E0004D56DDE04E56ADD24F567187505672877B
:10D6F0005156738752567487535675875456E2E0D5
:10D7000055567687565677875756DBE05856D9E0F8
:10D710005956DFE05A5678875B5679875C56E0E0C9
:10D720005D567A875E567B875F567C8760567D871D
:10D7300061567E876256DEE0635680876456E4E079
:10D740006556818766568287675683876856F7C60F
:10D750006956ACD86A56EBD46B56E6E06C56C9CA2B
:10D760006D5684876E5685876F5686877056878775
:10D770007156E5E0725688877356898774568A8792
:10D7800075568B877656C1B877568C8778568D87B5
:10D7900079568E877A568F877B56E7E07C56E8E08D
:10D7A0007D5690877E5691877F56928780569387C5
:10D7B0008156948782569587835696878456978795
:10D7C0008556E9E08656E3E087569887885699871C
:10D7D00089569A878A569B878B569C878C569D873D
:10D7E0008D569E878E56BFBA8F56E7CC90569F8730
:10D7F0009156A0879256A1879356EAE09456A28745
:10D800009556A3879656A4879756A5879856A687B8
:10D810009956A7879A56A8879B56A9879C56AA8788
:10D820009D56AB879E56AC879F56AD87A056AE8758
:10D83000A156AF87A256B087A356F9CFA456B18799
:10D84000A556B287A656B387A756B487A856B587FC
:10D85000A956B687AA56B787AB56B887AC56B987CC
:10D86000AD56BA87AE56BB87AF56EBE0B056BC8715
:10D87000B156BD87B256BE87B356BF87B456C08770
:10D88000B556C187B656C287B756C2C8B856C38701
:10D89000B956C487BA56C587BB56C687BC56C0BDE5
:10D8A000BD56C787BE56C887BF56C987C056CA87E8
:10D8B000C156CB87C256CC87C356CD87C456CE87B8
:10D8C000C556CF87C656D087C756D187C856D28788
:10D8D000C956D387CA56D2C4CB56D487CC56D5871F
:10D8E000CD56D687CE56D787CF56D887D056D9872C
:10D8F000D156DA87D256DB87D356DC87D456ECE094
:10D90000D556DD87D656DE87D756EDE0D856DF8769
:10D91000D956E087DA56F4C7DB56C4CBDC56E1872C
:10D92000DD56EEE0DE56D8BBDF56B6D8E056F2D272
:10D93000E156EFE0E256C5CDE356E287E456DAB6AB
:10D94000E556E387E656E487E756E587E856E68737
:10D95000E956E787EA56E887EB56F1E0EC56E987A7
:10D96000ED56B0D4EE56EA87EF56EB87F056A7C0D7
:10D97000F156D1B4F256EC87F356ED87F456A7CEA4
:10D98000F556F0E0F656EE87F756EF87F856F08733
:10D99000F956F2E0FA56CCB9FB56F187FC56F287FD
:10D9A000FD56FAB9FE56BCCDFF56F3E00057F3879B
:10D9B0000157F4870257F5870357D4C60457F4E09C
:10D9C0000557F6870657B2D40757F7870857A6C8F2
:10D9D0000957F6E00A57F5E00B57F8870C57F98717
:10D9E0000D57FA870E57FB870F57FC871057FD8797
:10D9F0001157FE87125740881357418814574288A1
:10DA0000155743881657448817574588185746882E
:10DA1000195747881A5748881B5749881C57F7E0F9
:10DA20001D574A881E574B881F57C1CD20574C8819
:10DA300021574D8822574E882357A5CA24574F880F
:10DA40002557508826575188275752882857DAD4A7
:10DA50002957D7DB2A57D9DB2B5753882C57D8DBCC
:10DA60002D57E7B92E57DCDB2F57DDDB3057D8B504
:10DA700031575488325755883357DADB3457568834
:10DA800035575788365758883757598838575A88DE
:10DA90003957DBDB3A57A1B33B57DFDB3C575B8899
:10DAA0003D575C883E57F8BB3F575D884057B7D617
:10DAB00041575E884257E0DB43575F884457608890
:10DAC00045576188465762884757F9BE485763886B
:10DAD000495764884A57BBB74B5765884C57D0DBCA
:10DAE0004D57AECC4E57B2BF4F57B5BB5057F8D776
:10DAF0005157D3BF52576688535767885457688821
:10DB00005557698856576A885757E9BF58576B88E1
:10DB100059576C885A57E1BC5B57B3CC5C57DEDB76
:10DB20005D57D3B05E57EBCE5F57D8B76057B9D7C4
:10DB30006157C2C662576D8863576E886457A4C028
:10DB400065576F886657B9CC675770886857E7DBA9
:10DB50006957E1DB6A57BAC66B57E3DB6C577188CC
:10DB60006D57E8DB6E5772886F57F7C5705773882B
:10DB700071577488725775887357EADB74577688C3
:10DB8000755777887657E9DB7757C0BF785778881D
:10DB9000795779887A577A887B57E6DB7C57E5DBBB
:10DBA0007D577B887E577C887F577D8880577E880D
:10DBB000815780888257B9B48357ACC08457A2C2BA
:10DBC0008557E2DB8657E4DB875781888857828850
:10DBD000895783888A5784888B57CDD08C57EDDB43
:10DBE0008D5785888E5786888F5787889057888865
:10DBF000915789889257DDC09357F2DB94578A88F2
:10DC000095578B8896578C8897578D8898578E880C
:10DC100099578F889A5790889B57E2B69C5791885E
:10DC20009D5792889E5793889F579488A057F3DBFF
:10DC3000A157D2DBA257B8B9A357ABD4A457ECDB9A
:10DC4000A5579588A657D1BFA757F0DBA857968848
:10DC5000A957D1DBAA579788AB57E6B5AC57988838
:10DC6000AD57EBDBAE57E5BFAF579988B0579A88F1
:10DC7000B1579B88B257EEDBB3579C88B457F1DBA2
:10DC8000B5579D88B6579E88B7579F88B857F9DB18
:10DC9000B957A088BA57A188BB57A288BC57A38898
:10DCA000BD57A488BE57A588BF57A688C057A78868
:10DCB000C157A888C257A1B9C357A3B0C457A988F0
:10DCC000C557AA88C657AB88C757AC88C857AD8810
:10DCD000C957AE88CA57AF88CB57F1C2CC57B08866
:10DCE000CD57B188CE57C7B3CF57EFDBD057B288E7
:10DCF000D157B388D257F8DBD357B488D457D2C69C
:10DD0000D557F4DBD657B588D757B688D857F5DB43
:10DD1000D957F7DBDA57F6DBDB57B788DC57B8881B
:10DD2000DD57FEDBDE57B988DF57F2D3E057BAB2D2
:10DD3000E157BA88E257BB88E357BC88E457FDDB5C
:10DD4000E557BD88E657BE88E757BF88E857C088C3
:10DD5000E957C188EA57C288EB57C388EC57C48893
:10DD6000ED57A4DCEE57C588EF57FBDBF057C688AC
:10DD7000F157C788F257C888F357C988F457FADBB8
:10DD8000F557CA88F657CB88F757CC88F857FCDB8D
:10DD9000F957E0C5FA57F9BBFB57CD88FC57CE8839
:10DDA000FD57A3DCFE57CF88FF57D0880058A5DC6D
:10DDB0000158D1880258C3CC0358D2880458D3885C
:10DDC0000558D4880658D1B60758C0DD0858D588FC
:10DDD0000958D6880A58D7880B58A1DC0C58D8881F
:10DDE0000D58A2DC0E58D9880F58DA881058DB88F5
:10DDF0001158B5C71258DC881358DD881458DE88CE
:10DE00001558E9B61658DF881758E0881858E18881
:10DE10001958A7DC1A58E2881B58E3881C58E48874
:10DE20001D58E5881E58A6DC1F58E6882058A9DC36
:10DE30002158A4B12258E7882358E8882458CCB543
:10DE40002558E9882658EA882758EB882858EC880E
:10DE50002958ED882A58B0BF2B58EE882C58EF88E7
:10DE60002D58F0882E58F1882F58F2883058DFD17D
:10DE70003158F3883258F4883358F5883458F68886
:10DE80003558C2B63658F7883758F8883858F98860
:10DE90003958FA883A58FB883B58FC883C58FD882A
:10DEA0003D58FE883E5840893F5841894058428934
:10DEB0004158438942584489435845894458A8DC0D
:10DEC0004558468946584789475848894858498996
:10DED00049584A894A584B894B584C894C58FACB77
:10DEE0004D58F3EB4E584D894F584E8950584F8935
:10DEF0005158DCCB52585089535851895458FECB55
:10DF00005558528956585389575854895858C1CC36
:10DF1000595855895A5856895B5857895C585889B9
:10DF20005D5859895E58FBC85F585A8960585B89AB
:10DF300061585C8962585D8963585E8964585F895D
:10DF40006558AADC66586089675861896858628993
:10DF5000695863896A5864896B58EECC6C58ABDC9D
:10DF60006D5865896E5866896F58678970586889D9
:10DF70007158698972586A8973586B8974586C89A9
:10DF800075586D8976586E8977586F897858708979
:10DF9000795871897A5872897B5873897C58748949
:10DFA0007D5875897E58D3DB7F5876898058AFDCE1
:10DFB0008158ACDC825877898358B3BE84587889FD
:10DFC0008558FBCA8658798987587A8988587B8909
:10DFD0008958ADDC8A587C898B587D898C587E891C
:10DFE0008D5880898E5881898F588289905883896D
:10DFF000915884899258CAC99358B9C4945885894C
:10E000009558868996588789975888899858898914
:10E010009958BDC79A58AEDC9B588A899C588B8901
:10E020009D588C899E58F6D49F58E6D0A0588D896B
:10E03000A1588E89A2588F89A3589089A458918994
:10E04000A5589289A6589389A7589489A858ABC413
:10E05000A958D5B6AA589589AB589689AC589789CE
:10E06000AD589889AE589989AF589A89B0589B890C
:10E07000B1589C89B2589D89B3589E89B4589F89DC
:10E08000B558A089B658A189B758A289B858A389AC
:10E09000B958A489BA58A589BB58A689BC58D4DBFD
:10E0A000BD58A789BE58A889BF58A989C058AA8950
:10E0B000C158DAB1C258AB89C358AC89C458AD89CC
:10E0C000C558D5DBC658AE89C758AF89C858B0897E
:10E0D000C958B189CA58B289CB58B389CC58B489C8
:10E0E000CD58B589CE58B689CF58B789D058B88998
:10E0F000D158D6DBD258B989D358BA89D458BB89FC
:10E10000D558BEBAD658BC89D758BD89D858BE890B
:10E11000D958BF89DA58C089DB58C189DC58C2890F
:10E12000DD58C389DE58C489DF58C589E058C689DF
:10E13000E158C789E258C889E358C989E458C0C87A
:10E14000E558CA89E658CB89E758CC89E858CD8983
:10E15000E958CE89EA58CF89EB58BFCAEC58C9C8EC
:10E16000ED58D089EE58B3D7EF58D189F058F9C996
:10E17000F158D289F258D389F358C7BFF458D489DB
:10E18000F558D589F658F8BAF758D689F858D78986
:10E19000F958BCD2FA58D889FB58D989FC58DA8981
:10E1A000FD58DB89FE58DC89FF58DD890059DE897E
:10E1B0000159DF890259BAE20359E0890459A6B42A
:10E1C0000559E1890659E2890759B8B10859E38927
:10E1D0000959E4890A59E5890B59E6890C59E789F7
:10E1E0000D59B4B80E59E8890F59C4CF1059E989AF
:10E1F0001159EA891259EB891359EC891459E7D955
:10E200001559A6CF1659E2CD1759ED891859EE893F
:10E210001959EDD91A59E0B61B59EF891C59B9D2D1
:10E220001D59F0891E59F1891F59BBB92059F2892E
:10E230002159F3892259F4892359F5892459B9E2DE
:10E240002559B7E22659F6892759F3B42859F78991
:10E250002959ECCC2A59ABCC2B59F2B72C59F88957
:10E260002D59B2D82E59EBD12F59BBBA3059F98953
:10E270003159A7CA3259FA893359FB893459B7CD74
:10E280003559FC893659FD893759C4D23859E4BF0C
:10E290003959D0BC3A59E1B63B59FE893C59C5DEE3
:10E2A0003D59408A3E59418A3F59428A4059438AE2
:10E2B0004159C6DE4259BCDB4359448A4459D9D13D
:10E2C0004559458A4659468A4759E6C64859CEC4F3
:10E2D0004959EEB74A59478A4B59DCB74C59488AD5
:10E2E0004D59498A4E59FCBF4F59E0D750594A8A77
:10E2F0005159F5C652594B8A53594C8A5459BCB19D
:10E300005559C8DE5659B1BD5759D7CC5859CADEF0
:10E3100059594D8A5A59C9DE5B594E8A5C594F8A00
:10E320005D59508A5E59518A5F59528A6059ECB5DD
:10E330006159538A6259DDC96359548A6459558AAF
:10E340006559C2B06659568A6759578A6859588ABA
:10E350006959598A6A595A8A6B595B8A6C595C8A1D
:10E360006D595D8A6E595E8A6F595F8A7059608AED
:10E370007159618A7259628A7359AEC57459ABC5B5
:10E380007559638A7659CCC47759648A7859E9BC3F
:10E390007959FDCB7A59658A7B59668A7C59678A97
:10E3A0007D59C3BA7E59688A7F59698A80596A8AB9
:10E3B0008159F9E58259E7C88359FAE58459FDCDB9
:10E3C00085596B8A8659B1D78759BEB88859E8C232
:10E3D00089596C8A8A59D1C88B596D8A8C596E8A31
:10E3E0008D59FBE58E596F8A8F59708A9059718AC1
:10E3F0009159728A9259CAB69359CBBC9459738A6F
:10E400009559748A9659FDD19759A1E69859758AFC
:10E410009959EEC39A59768A9B59778A9C59788A7A
:10E420009D59798A9E59A4E69F597A8AA0597B8A78
:10E43000A1597C8AA2597D8AA359FEE5A459A5E673
:10E44000A559D7CDA6597E8AA759808AA859C1B7A0
:10E45000A959FCE5AA59FDE5AB59A3E6AC59818A57
:10E46000AD59828AAE59DDC4AF59A8E6B059838A46
:10E47000B159848AB259A7E6B359858AB459868AB4
:10E48000B559878AB659888AB759898AB8598A8A04
:10E49000B959C3C3BA598B8ABB59DEC6BC598C8AD9
:10E4A000BD598D8ABE59AAE6BF598E8AC0598F8A36
:10E4B000C159908AC259918AC359928AC459938A80
:10E4C000C559948AC659B7C4C759958AC859968AF6
:10E4D000C959978ACA59A2E6CB59BCCACC59988A5D
:10E4E000CD59998ACE599A8ACF599B8AD059E3BD82
:10E4F000D159C3B9D259A6E6D359D5D0D459AFCE44
:10E50000D5599C8AD6599D8AD759A9E6D859B0E6DB
:10E51000D9599E8ADA59A6D2DB599F8ADC59AABDFD
:10E52000DD59ADE6DE59A08ADF59A18AE059A28AF9
:10E53000E159A38AE259A48AE359AFE6E459A58ACE
:10E54000E559D1C0E659A68AE759A78AE859CCD23D
:10E55000E959A88AEA59A98AEB59AA8AEC59A7BCB1
:10E56000ED59AB8AEE59AC8AEF59AD8AF059AE8AB3
:10E57000F159AF8AF259B08AF359B18AF459B28A83
:10E58000F559B38AF659B48AF759B58AF859B68A53
:10E59000F959B1E6FA59B78AFB59F6D2FC59B88A4B
:10E5A000FD59B98AFE59BA8AFF59CBD7005ABB8A9E
:10E5B000015AFECD025ABC8A035ADECD045AA6C2C5
:10E5C000055AABE6065AACE6075ABFBD085AAEE696
:10E5D000095AB3E60A5ABD8A0B5ABE8A0C5AB2E6E9
:10E5E0000D5ABF8A0E5AC08A0F5AC18A105AC28A5F
:10E5F000115AB6E6125AC38A135AB8E6145AC48A94
:10E60000155AC58A165AC68A175AC78A185AEFC4A5
:10E61000195AC88A1A5AC98A1B5ACA8A1C5AC8C4A3
:10E620001D5ACB8A1E5ACC8A1F5AEABE205AEFC9FD
:10E63000215ACD8A225ACE8A235AB7E6245ACF8A43
:10E64000255AF0B6265AD08A275AD18A285AD28A11
:10E65000295AE4C32A5AD38A2B5AD48A2C5AD58AE7
:10E660002D5AD68A2E5AD78A2F5AD88A305AD98A02
:10E67000315AE9D3325AB4E6335ADA8A345AB5E613
:10E68000355ADB8A365AA2C8375ADC8A385ADD8AAC
:10E69000395ADE8A3A5ADF8A3B5AE08A3C5ABDE64A
:10E6A0003D5AE18A3E5AE28A3F5AE38A405AB9E625
:10E6B000415AE48A425AE58A435AE68A445AE78A2A
:10E6C000455AE88A465AC5C6475AE98A485AEA8AE4
:10E6D000495AF1CD4A5ABBE64B5AEB8A4C5AEC8A5E
:10E6E0004D5AED8A4E5AEE8A4F5AEF8A505AF08AA6
:10E6F000515AF18A525AF28A535AF38A545AF48A76
:10E70000555ABCE6565AF58A575AF68A585AF78A25
:10E71000595AF88A5A5AE9BB5B5AF98A5C5AFA8AFA
:10E720005D5AFB8A5E5AFC8A5F5AFD8A605AFE8AED
:10E73000615A408B625ABEE6635A418B645A428BDF
:10E74000655A438B665A448B675ABAE6685A458BBA
:10E75000695A468B6A5AB7C06B5A478B6C5A488BBA
:10E760006D5A498B6E5A4A8B6F5A4B8B705A4C8B31
:10E77000715A4D8B725A4E8B735A4F8B745AA4D365
:10E78000755ABFE6765AF4C9775AC3E6785A508B61
:10E79000795A518B7A5AC4E67B5A528B7C5A538BE6
:10E7A0007D5A548B7E5A558B7F5AF6D0805A568BA1
:10E7B000815A578B825A588B835A598B845A5A8B59
:10E7C000855A5B8B865A5C8B875A5D8B885A5E8B29
:10E7D000895A5F8B8A5A608B8B5A618B8C5A628BF9
:10E7E0008D5A638B8E5A648B8F5A658B905A668BC9
:10E7F000915A678B925ABDC3935A688B945A698B0E
:10E80000955A6A8B965A6B8B975A6C8B985A6D8B6C
:10E81000995A6E8B9A5AC4C39B5AC2E69C5A6F8B04
:10E820009D5A708B9E5A718B9F5A728BA05A738B14
:10E83000A15A748BA25A758BA35A768BA45A778BE4
:10E84000A55A788BA65A798BA75A7A8BA85A7B8BB4
:10E85000A95A7C8BAA5AC1E6AB5A7D8BAC5A7E8BE7
:10E86000AD5A808BAE5A818BAF5A828BB05A838B54
:10E87000B15A848BB25AC7E6B35AB1CFB45A858B1A
:10E88000B55AF4EBB65A868BB75A878BB85ACAE694
:10E89000B95A888BBA5A898BBB5A8A8BBC5A8B8BD4
:10E8A000BD5A8C8BBE5AC5E6BF5A8D8BC05A8E8B13
:10E8B000C15ADEBCC25AA9C9C35A8F8BC45A908BA5
:10E8C000C55A918BC65A928BC75A938BC85A948B50
:10E8D000C95AB5BCCA5A958BCB5A968BCC5AD3CF52
:10E8E000CD5A978BCE5A988BCF5A998BD05A9A8BF8
:10E8F000D15A9B8BD25AC8E6D35A9C8BD45AC9E6BC
:10E90000D55A9D8BD65ACEE6D75A9E8BD85AD0E68A
:10E91000D95A9F8BDA5AA08BDB5AA18BDC5AD1E6ED
:10E92000DD5AA28BDE5AA38BDF5AA48BE05ACBE6CA
:10E93000E15AD5B5E25AA58BE35ACCE6E45AA68B48
:10E94000E55AA78BE65ACFE6E75AA88BE85AA98B77
:10E95000E95ADBC4EA5AAA8BEB5AC6E6EC5AAB8BEF
:10E96000ED5AAC8BEE5AAD8BEF5AAE8BF05AAF8BA3
:10E97000F15ACDE6F25AB08BF35AB18BF45AB28BFE
:10E98000F55AB38BF65AB48BF75AB58BF85AB68B47
:10E99000F95AB78BFA5AB88BFB5AB98BFC5ABA8B17
:10E9A000FD5ABB8BFE5ABC8BFF5ABD8B005BBE8BE6
:10E9B000015BBF8B025BC08B035BC18B045BC28BB3
:10E9C000055BC38B065BC48B075BC58B085BC68B83
:10E9D000095BD2E60A5BC78B0B5BC88B0C5BC98BF0
:10E9E0000D5BCA8B0E5BCB8B0F5BCC8B105BCD8B27
:10E9F000115BCE8B125BCF8B135BD08B145BD18BF7
:10EA0000155BD28B165BD4E6175BD3E6185BD38B12
:10EA1000195BD48B1A5BD58B1B5BD68B1C5BD78B9E
:10EA20001D5BD88B1E5BD98B1F5BDA8B205BDB8B6E
:10EA3000215BDC8B225BDD8B235BDE8B245BDF8B3E
:10EA4000255BE08B265BE18B275BE28B285BE38B0E
:10EA5000295BE48B2A5BE58B2B5BE68B2C5BE78BDE
:10EA60002D5BE88B2E5BE98B2F5BEA8B305BEB8BAE
:10EA7000315BEC8B325BD5E6335BED8B345BF8D9E5
:10EA8000355BEE8B365BEF8B375BD6E6385BF08B16
:10EA9000395BF18B3A5BF28B3B5BF38B3C5BF48B2A
:10EAA0003D5BF58B3E5BF68B3F5BF78B405BD7E6C0
:10EAB000415BF88B425BF98B435BFA8B445BFB8BCE
:10EAC000455BFC8B465BFD8B475BFE8B485B408C5C
:10EAD000495B418C4A5B428C4B5B438C4C5B448C66
:10EAE0004D5B458C4E5B468C4F5B478C505BD3D760
:10EAF000515BDDE6525B488C535BDEE6545BD7BF6F
:10EB0000555BD0D4565B498C575BD6D7585BE6B47F
:10EB1000595BEFCB5A5BDAE65B5BC3D85C5BCED765
:10EB20005D5BA2D05E5B4A8C5F5BCFC3605B4B8C4E
:10EB3000615B4C8C625BDFE6635BBEBC645BC2B94D
:10EB4000655BDBE6665BA7D1675B4D8C685B4E8CD3
:10EB5000695BA2BA6A5BCFC26B5B4F8C6C5BABD854
:10EB60006D5B508C6E5B518C6F5B528C705BEBCA33
:10EB7000715BEEE5725B538C735BDCE6745B548C0B
:10EB8000755BF5B7765B558C775B568C785B578CED
:10EB9000795B588C7A5BE6C87B5B598C7C5B5A8CC2
:10EBA0007D5BF5C47E5B5B8C7F5B5C8C805BB2E5E0
:10EBB000815BFEC4825B5D8C835BFCCB845BB3E5D5
:10EBC000855BACD5865B5E8C875BEED3885BD8CAF1
:10EBD000895BB2B08A5B5F8C8B5BCECB8C5BEACD02
:10EBE0008D5B608C8E5B618C8F5BEABA905B628C14
:10EBF000915B638C925B648C935BB5E5945B658CF5
:10EC0000955BB4E5965B668C975BDAD7985BD9B970
:10EC1000995BE6D69A5BA8B69B5BF0CD9C5BCBD2AA
:10EC20009D5BA6B19E5BB5CA9F5B678CA05BE8B39A
:10EC3000A15BF3C9A25BCDBFA35BFBD0A45BD2CA2F
:10EC4000A55BB6E5A65BC2BBA75B688CA85B698CBD
:10EC5000A95B6A8CAA5BDCCFAB5BACB9AC5B6B8CA1
:10EC6000AD5B6C8CAE5B6D8CAF5B6E8CB05BD7D4E8
:10EC7000B15B6F8CB25B708CB35BA6BAB45BE7D14F
:10EC8000B55BFCCFB65BD2BCB75B718CB85BB7E54C
:10EC9000B95BDDC8BA5B728CBB5B738CBC5B748C7C
:10ECA000BD5BEDBFBE5BF6B1BF5BDECBC05B758C01
:10ECB000C15B768CC25BC5BCC35B778CC45BC4BCD8
:10ECC000C55BFAD2C65BDCC3C75BDCBFC85B788CB4
:10ECD000C95B798CCA5B7A8CCB5B7B8CCC5BBBB819
:10ECE000CD5B7C8CCE5B7D8CCF5B7E8CD05BC2C3DE
:10ECF000D15B808CD25BAEBAD35BA2D4D45B818C67
:10ED0000D55B828CD65B838CD75B848CD85B858CFF
:10ED1000D95B868CDA5B878CDB5B888CDC5B898CCF
:10ED2000DD5BDEC7DE5BAFC4DF5BECB2E05B8A8C31
:10ED3000E15BD1B9E25B8B8CE35B8C8CE45BBBE584
:10ED4000E55BC8C1E65B8D8CE75B8E8CE85BAFD57D
:10ED5000E95B8F8CEA5B908CEB5B918CEC5B928C2B
:10ED6000ED5B938CEE5BBCE5EF5B948CF05BBEE5FA
:10ED7000F15B958CF25B968CF35B978CF45B988CD3
:10ED8000F55B998CF65B9A8CF75B9B8CF85BE7B430
:10ED9000F95BD4B6FA5BC2CBFB5BB0D1FC5BBCB514
:10EDA000FD5B9C8CFE5B9D8CFF5BD9CA005C9E8CDE
:10EDB000015CE2B7025C9F8C035CA08C045CE4C93C
:10EDC000055CA18C065CABBD075CA28C085CA38CC7
:10EDD000095CBECE0A5CF0D70B5CA48C0C5CA58CE5
:10EDE0000D5CA68C0E5CA78C0F5CA1D0105CA88C6F
:10EDF000115CD9C9125CA98C135CAA8C145CFBB69B
:10EE0000155CD8E6165CE2BC175CAB8C185CBEB334
:10EE1000195CAC8C1A5CD0C91B5CAD8C1C5CD9E64F
:10EE20001D5CA2B31E5CAE8C1F5CAF8C205CB08CF2
:10EE3000215CB18C225CCCDE235CB28C245CC8D318
:10EE4000255CCDDE265CB38C275CA2D2285CB48C1A
:10EE5000295CB58C2A5CB68C2B5CB78C2C5CCEDE26
:10EE60002D5CB88C2E5CB98C2F5CBA8C305CBB8C62
:10EE7000315CCDBE325CBC8C335CBD8C345CCFDE8F
:10EE8000355CBE8C365CBF8C375CC08C385CACCAE1
:10EE9000395CFCD23A5CDFB33B5CEAE53C5CE1C444
:10EEA0003D5CA1BE3E5CB2CE3F5CF2C4405CD6BECF
:10EEB000415CA8C6425CE3B2435CC18C445CC28C3A
:10EEC000455CD3BE465CC38C475CC48C485CFCC7C5
:10EED000495CEBCC4A5CECBD4B5CDDCE4C5CC58C3C
:10EEE0004D5CC68C4E5CBACA4F5CC1C6505CECE54A
:10EEF000515CBCD0525CC78C535CC88C545CC98CD0
:10EF0000555CB9D5565CCA8C575CCB8C585CCC8CA4
:10EF1000595CEDE55A5CCD8C5B5CCE8C5C5CCF8C37
:10EF20005D5CD08C5E5CF4CA5F5CD18C605CC0CDF3
:10EF3000615CC5C2625CD28C635CEFE5645CD38CBF
:10EF4000655CC4C2665CF0E5675CD48C685CD58C9B
:10EF5000695CD68C6A5CD78C6B5CD88C6C5CD98C09
:10EF60006D5CDA8C6E5CF8E56F5CCDCD705CDB8C33
:10EF7000715CBDC9725CDC8C735CDD8C745CDE8C96
:10EF8000755CDF8C765CE08C775CE18C785CE28C85
:10EF9000795CD9D27A5CA8E17B5CE38C7C5CE48C04
:10EFA0007D5CE58C7E5CE68C7F5CECD3805CE78CE2
:10EFB000815CEACB825CF1C6835CE88C845CE98C82
:10EFC000855CEA8C865CEB8C875CEC8C885CACE1C5
:10EFD000895CED8C8A5CEE8C8B5CEF8C8C5CA7E1A1
:10EFE0008D5CA9E18E5CF08C8F5CF18C905CAAE169
:10EFF000915CAFE1925CF28C935CF38C945CEDB22B
:10F00000955CF48C965CABE1975CDAB8985CADE10A
:10F01000995CAEE19A5CB0E19B5CBAB59C5CB1E1F5
:10F020009D5CF58C9E5CF68C9F5CF78CA05CF88CEC
:10F03000A15CF98CA25CB3E1A35CB8E1A45CFA8C9E
:10F04000A55CFB8CA65CFC8CA75CFD8CA85CFE8C94
:10F05000A95CD2D1AA5C408DAB5CB6E1AC5CB5E1F9
:10F06000AD5CEBC1AE5C418DAF5C428DB05C438D5D
:10F07000B15CB7E1B25C448DB35CC0D4B45C458D87
:10F08000B55CB2E1B65C468DB75CBAE1B85CB6B0CF
:10F09000B95C478DBA5C488DBB5C498DBC5C4A8DC0
:10F0A000BD5CB4E1BE5C4B8DBF5CF9BFC05C4C8DF8
:10F0B000C15CB9E1C25C4D8DC35C4E8DC45CBBE1EB
:10F0C000C55C4F8DC65C508DC75C518DC85C528D40
:10F0D000C95C538DCA5C548DCB5CBEE1CC5C558D54
:10F0E000CD5C568DCE5C578DCF5C588DD05C598DE4
:10F0F000D15C5A8DD25CBCE1D35C5B8DD45C5C8D01
:10F10000D55C5D8DD65C5E8DD75C5F8DD85C608D87
:10F11000D95CC5D6DA5C618DDB5C628DDC5C638DAD
:10F12000DD5C648DDE5C658DDF5C668DE05C678D2B
:10F13000E15CBFCFE25C688DE35C698DE45CBDE1BE
:10F14000E55CBFE1E65CCDC2E75C6A8DE85CEBB6EE
:10F15000E95C6B8DEA5CF8D3EB5C6C8DEC5C6D8DDF
:10F16000ED5CCDC7EE5C6E8DEF5C6F8DF05CE5B74E
:10F17000F15C708DF25C718DF35C728DF45C738D5B
:10F18000F55C748DF65C758DF75C768DF85C778D2B
:10F19000F95C788DFA5C798DFB5CFEBEFC5C7A8D47
:10F1A000FD5C7B8DFE5C7C8DFF5C7D8D005D7E8DCE
:10F1B000015D808D025DC0E1035DC1E1045D818D73
:10F1C000055D828D065DC7E1075DE7B3085D838D50
:10F1D000095D848D0A5D858D0B5D868D0C5D878D47
:10F1E0000D5D888D0E5DE9C60F5D898D105D8A8D80
:10F1F000115D8B8D125D8C8D135D8D8D145DDEB474
:10F20000155D8E8D165DC2D1175D8F8D185D908D49
:10F21000195D918D1A5D928D1B5DC8E11C5D938D0A
:10F220001D5D948D1E5DC6E11F5D958D205D968DE3
:10F23000215D978D225D988D235D998D245DC5E1BB
:10F24000255D9A8D265DC3E1275DC2E1285D9B8D1A
:10F25000295DC0B12A5D9C8D2B5D9D8D2C5D9E8DA1
:10F260002D5DB8D52E5DC4E12F5D9F8D305DA08DE5
:10F27000315DA18D325DA28D335DA38D345DCBE117
:10F28000355DA48D365DA58D375DA68D385DA78D66
:10F29000395DA88D3A5DA98D3B5DAA8D3C5DAB8D36
:10F2A0003D5DCCE13E5DCAE13F5DAC8D405DAD8D25
:10F2B000415DAE8D425DAF8D435DB08D445DB18DDE
:10F2C000455DB28D465DB38D475DFAEF485DB48D07
:10F2D000495DB58D4A5DD3E14B5DD2E14C5DB6C76A
:10F2E0004D5DB68D4E5DB78D4F5DB88D505DB98D5E
:10F2F000515DBA8D525DBB8D535DBC8D545DBD8D2E
:10F30000555DBE8D565DBF8D575DC08D585DC9E1A1
:10F31000595DC18D5A5DC28D5B5DCEE15C5DC38D73
:10F320005D5DD0E15E5DC48D5F5DC58D605DC68D48
:10F33000615DC78D625DC88D635DC98D645DCA8D79
:10F34000655DCB8D665DCC8D675DCD8D685DCE8D49
:10F35000695DD4E16A5DCF8D6B5DD1E16C5DCDE11E
:10F360006D5DD08D6E5DD18D6F5DCFE1705DD28DA5
:10F37000715DD38D725DD48D735DD58D745DD5E176
:10F38000755DD68D765DD78D775DD88D785DD98D9D
:10F39000795DDA8D7A5DDB8D7B5DDC8D7C5DDD8D6D
:10F3A0007D5DDE8D7E5DDF8D7F5DE08D805DE18D3D
:10F3B000815DE28D825DD6E1835DE38D845DE48DC8
:10F3C000855DE58D865DE68D875DE78D885DE88DE1
:10F3D000895DE98D8A5DEA8D8B5DEB8D8C5DEC8DB1
:10F3E0008D5DED8D8E5DEE8D8F5DEF8D905DF08D81
:10F3F000915DF18D925DF28D935DF38D945DF48D51
:10F40000955DF58D965DF68D975DF78D985DF88D20
:10F41000995DD7E19A5DF98D9B5DFA8D9C5DFB8DC1
:10F420009D5DD8E19E5DFC8D9F5DFD8DA05DFE8D97
:10F43000A15D408EA25D418EA35D428EA45D438E90
:10F44000A55D448EA65D458EA75D468EA85D478E60
:10F45000A95D488EAA5D498EAB5D4A8EAC5D4B8E30
:10F46000AD5D4C8EAE5D4D8EAF5D4E8EB05D4F8E00
:10F47000B15D508EB25D518EB35D528EB45D538ED0
:10F48000B55D548EB65D558EB75DDAE1B85D568ECA
:10F49000B95D578EBA5D588EBB5D598EBC5D5A8E74
:10F4A000BD5D5B8EBE5D5C8EBF5D5D8EC05D5E8E44
:10F4B000C15D5F8EC25D608EC35D618EC45D628E14
:10F4C000C55DDBE1C65D638EC75D648EC85D658E1C
:10F4D000C95D668ECA5D678ECB5D688ECC5D698EB8
:10F4E000CD5DA1CECE5D6A8ECF5D6B8ED05D6C8E14
:10F4F000D15D6D8ED25D6E8ED35D6F8ED45D708E5C
:10F50000D55D718ED65D728ED75D738ED85D748E2B
:10F51000D95D758EDA5D768EDB5DDDE7DC5D778E3D
:10F52000DD5DA8B4DE5DDDD6DF5D788EE05D798ED1
:10F53000E15DB2D1E25DB2B3E35D7A8EE45D7B8ED4
:10F54000E55DA4B9E65DF3D7E75DC9C7E85DDEBE5A
:10F55000E95DAEB9EA5D7C8EEB5DD7CEEC5D7D8E6C
:10F56000ED5D7E8EEE5DEEB2EF5DCFDBF05D808E09
:10F57000F15DBABCF25DD1D2F35DC8CBF45DCDB024
:10F58000F55D818EF65D828EF75DEFCFF85D838E3F
:10F59000F95D848EFA5D858EFB5D868EFC5D878EBF
:10F5A000FD5DE3D9FE5DEDBDFF5D888E005E898E59
:10F5B000015ED2B1025ED0CA035EBCB2045E8A8E26
:10F5C000055EA7CB065EABB7075E8B8E085EA6CA4C
:10F5D000095E8C8E0A5E8D8E0B5E8E8E0C5EA3CFC6
:10F5E0000D5E8F8E0E5E908E0F5EF8E0105ECAD5B7
:10F5F000115EFBE0125E918E135E928E145EFAE055
:10F60000155EC1C5165EFBCC175E938E185EB1C148
:10F61000195EF9E01A5EE3D61B5EAFB21C5EC4D67B
:10F620001D5EDBB51E5E948E1F5E958E205E968EEF
:10F63000215E978E225E988E235E998E245E9A8E2E
:10F64000255E9B8E265EF8B4275EA1D6285E9C8E32
:10F65000295E9D8E2A5E9E8E2B5E9F8E2C5EA08ED6
:10F660002D5EAFCF2E5EEFB02F5EA18E305EA28EEC
:10F67000315EFCE0325EA38E335EA48E345EA58ED6
:10F68000355EA68E365EA78E375EA1E1385EA3B3E7
:10F69000395EA88E3A5EA98E3B5EFDE03C5EFEE0E0
:10F6A0003D5EB1C33E5EAA8E3F5EAB8E405EAC8EC9
:10F6B000415EAD8E425EDDC3435EAE8E445EA2E12E
:10F6C000455EF9B7465EAF8E475EB08E485EB18E3E
:10F6D000495EB28E4A5EB38E4B5EB48E4C5ECFBB3B
:10F6E0004D5EB58E4E5EB68E4F5EB78E505EB88E56
:10F6F000515EB98E525EBA8E535EBB8E545EA3E1EC
:10F70000555EBBC4565EBC8E575EBD8E585EBE8EC7
:10F71000595EBF8E5A5EC08E5B5EA4E15C5EC18E98
:10F720005D5EC28E5E5EA5E15F5EC38E605EC48E6E
:10F73000615EA6E1625EB1B4635EC58E645EC68E34
:10F74000655EC78E665EC88E675EC98E685ECA8E4D
:10F75000695ECB8E6A5ECC8E6B5ECD8E6C5ECE8E1D
:10F760006D5ECF8E6E5ED08E6F5ED18E705ED28EED
:10F77000715ED38E725EC9B8735EBDC6745EEAC434
:10F78000755ED48E765EA2B2775ED58E785ED2D06C
:10F79000795ED68E7A5EDBE77B5EC3BB7C5ED7D3B9
:10F7A0007D5EC4D37E5ED78E7F5EE3B9805ECFE29E
:10F7B000815ED88E825ED98E835EDA8E845EAFD70C
:10F7C000855EDB8E865EECC7875ED3B1885EDC8E9D
:10F7D000895EDD8E8A5EB2B48B5ED1E28C5EDE8E97
:10F7E0008D5EDF8E8E5EE08E8F5EF2D0905EAEC25A
:10F7F000915ED0E2925EE18E935EE2BF945EA6D30C
:10F80000955ED7B5965ED2E2975EEAB5985EE28ED7
:10F81000995EEDC39A5EFDB89B5EE38E9C5EAEB8CA
:10F820009D5EE48E9E5ED3C59F5ECFB7A05ED4E2A0
:10F83000A15EE58EA25EE68EA35EE78EA45EE88EF4
:10F84000A55ED3E2A65EC8B6A75EF9D7A85EE98E2C
:10F85000A95EEA8EAA5EEB8EAB5EEC8EAC5EED8EA0
:10F86000AD5EA5CDAE5EEE8EAF5EEF8EB05EF08E7D
:10F87000B15EF18EB25EF28EB35ED8E2B45EF38E0C
:10F88000B55ED6E2B65EFCCAB75EB5BFB85EB9D3A8
:10F89000B95ED5E2BA5EF48EBB5EF58EBC5EF68EC6
:10F8A000BD5EF78EBE5ED7E2BF5EF88EC05EF98E9B
:10F8B000C15EFA8EC25EFB8EC35EFC8EC45EFD8EA0
:10F8C000C55EFE8EC65E408FC75E418FC85E428FAA
:10F8D000C95EAEC1CA5EC8C0CB5E438FCC5E448FEA
:10F8E000CD5E458FCE5E468FCF5E478FD05E488F10
:10F8F000D15EDBE2D25EDAE2D35EAAC0D45E498F8B
:10F90000D55E4A8FD65ECEC1D75E4B8FD85E4C8F08
:10F91000D95E4D8FDA5E4E8FDB5EDCE2DC5E4F8FB0
:10F92000DD5E508FDE5E518FDF5E528FE05E538F63
:10F93000E15E548FE25E558FE35E568FE45E578F33
:10F94000E55E588FE65E598FE75E5A8FE85EDDE22E
:10F95000E95E5B8FEA5EDEE2EB5E5C8FEC5E5D8F04
:10F96000ED5E5E8FEE5E5F8FEF5E608FF05E618FAB
:10F97000F15E628FF25E638FF35E648FF45EC8DBCC
:10F98000F55E658FF65ED3D1F75EA2CDF85E668F29
:10F99000F95E678FFA5EA8BDFB5E688FFC5E698FBB
:10F9A000FD5E6A8FFE5EC3DEFF5EA5D8005FAABF64
:10F9B000015FCDDB025FECD2035FFAC6045FAAC52C
:10F9C000055F6B8F065F6C8F075F6D8F085FC4DE0E
:10F9D000095F6E8F0A5FD7B10B5FAEDF0C5F6F8F71
:10F9E0000D5F708F0E5F718F0F5FBDCA105F728FDA
:10F9F000115FB1DF125F738F135FADB9145F748F46
:10FA0000155FFDD2165F758F175FA5B8185FEBBA4B
:10FA1000195F768F1A5F778F1B5FDAB31C5F788F61
:10FA20001D5F798F1E5F7A8F1F5FDCB5205FC5D5A4
:10FA3000215F7B8F225F7C8F235F7D8F245F7E8F92
:10FA4000255FD6C3265FD2CF275FA1BB285F808FFB
:10FA5000295FF3E52A5FF2E52B5F818F2C5F828FB0
:10FA60002D5FF4E52E5F838F2F5FE4CD305F848FB1
:10FA7000315FF5C8325F858F335F868F345F878F44
:10FA8000355F888F365F898F375F8A8F385F8B8FBE
:10FA9000395FAFB53A5FBFC73B5F8C8F3C5FF6E520
:10FAA0003D5F8D8F3E5F8E8F3F5F8F8F405FB0ECED
:10FAB000415F908F425F918F435F928F445F938F3E
:10FAC000455F948F465F958F475F968F485F978F0E
:10FAD000495F988F4A5F998F4B5F9A8F4C5F9B8FDE
:10FAE0004D5F9C8F4E5F9D8F4F5F9E8F505FE6E511
:10FAF000515F9F8F525FE9B9535FB1B5545FA08FDB
:10FB0000555FBCC2565FE8E5575FE7E5585FE9E53A
:10FB1000595FA18F5A5FA28F5B5FA38F5C5FA48F39
:10FB20005D5FCDD25E5FA58F5F5FA68F605FA78FA1
:10FB3000615FEAE1625FCED0635FA88F645FAECDA4
:10FB4000655FA98F665FE5D1675FAA8F685FAB8F3E
:10FB5000695FCAB26A5FEBB16B5FAC8F6C5FF2B189
:10FB60006D5FEDC56E5FAD8F6F5FAE8F705FC3D59C
:10FB7000715FB0D3725FAF8F735FDCE1745FB08F82
:10FB8000755FB18F765FB28F775FDDE1785FB38F9E
:10FB9000795FDBD27A5FB48F7B5FB9B37C5FCBB127
:10FBA0007D5FB58F7E5FB68F7F5FB78F805FF9CD4A
:10FBB000815FF7D5825FDEE1835FB88F845FB6BE79
:10FBC000855FFDB4865FB98F875FDFE1885FDCBA50
:10FBD000895FE0E18A5FB2BB8B5FC9C28C5FE1E104
:10FBE0008D5FBA8F8E5FBB8F8F5FBC8F905FECD0C5
:10FBF000915FBD8F925FBDCD935FBE8F945FBF8FCE
:10FC0000955FE2E1965FC08F975FC3B5985FC7C508
:10FC1000995FE3E19A5FC18F9B5FC28F9C5FE4E1D4
:10FC20009D5FC38F9E5FC48F9F5FC58FA05FC68F90
:10FC3000A15FF9D3A25FC78FA35FC88FA45FC98FED
:10FC4000A55FCA8FA65FCB8FA75FCC8FA85FE5E1CA
:10FC5000A95FCD8FAA5FADD1AB5FCE8FAC5FCF8FE9
:10FC6000AD5FE6E1AE5FA2CEAF5FD08FB05FD18F68
:10FC7000B15FD28FB25FD38FB35FD48FB45FD58FB4
:10FC8000B55FE7E1B65FD68FB75FC2B5B85FD78F14
:10FC9000B95FD88FBA5FD98FBB5FDA8FBC5FE8E1FD
:10FCA000BD5FD5BBBE5FDB8FBF5FDC8FC05FDD8F0D
:10FCB000C15FDE8FC25FDF8FC35FC4D0C45FE0E28D
:10FCC000C55FD8B1C65FE4D2C75FE08FC85FE18F80
:10FCD000C95FE1E2CA5FE28FCB5FE38FCC5FC9BC53
:10FCE000CD5FCCC8CE5FE48FCF5FE3E2D05FFEECA8
:10FCF000D15FFDECD25FAFDFD35FE58FD45FE68FDE
:10FD0000D55FE78FD65FE2E2D75FBED6D85FFCCD86
:10FD1000D95FA6C3DA5FE88FDB5FE98FDC5FEA8F2C
:10FD2000DD5FC3E3DE5FEB8FDF5FEC8FE05FD2D69A
:10FD3000E15FE7E2E25FED8FE35FEE8FE45FE8E231
:10FD4000E55FEF8FE65FF08FE75FC7D3E85FF18F86
:10FD5000E95FF28FEA5FECE2EB5FECBFEC5FF38F01
:10FD6000ED5FEDE2EE5FE5E2EF5FF48FF05FF58FC0
:10FD7000F15FC0B3F25FF68FF35FF78FF45FF88F38
:10FD8000F55FEEC4F65FF98FF75FFA8FF85FEEE28A
:10FD9000F95FFB8FFA5FFC8FFB5FC3D0FC5FFD8FC9
:10FDA000FD5FF6BAFE5FE9E2FF5FDEB70060B3BB5E
:10FDB0000160ACCC0260CBCB0360E4E20460E6E21D
:10FDC0000560EAE20660EBE20760FE8F08604090A3
:10FDD000096041900A60F7E20B6042900C6043902A
:10FDE0000D60F4E20E60F5D40F60F3E21060449011
:10FDF000116045901260ADC5136046901460FAD54D
:10FE00001560C2C51660C0B2176047901860489070
:10FE10001960EFE21A6049901B60F2E21C60AFC10A
:10FE20001D60BCCB1E604A901F604B902060A1B546
:10FE30002160F9E222604C9023604D9024604E9046
:10FE40002560B1BC2660F1E22760D4D02860B9D427
:10FE50002960F5E22A60D6B92B60F6E22C604F905B
:10FE60002D6050902E6051902F60D3C7306052901B
:10FE700031605390326054903360559034605690A6
:10FE80003560F0E23660579037605890386059908E
:10FE900039605A903A605B903B60DCD73C60A1EDE2
:10FEA0003D605C903E605D903F60F8E240605E9037
:10FEB0004160A5ED4260FEE24360D1CA44605F90BC
:10FEC00045606090466061904760629048606390D2
:10FED000496064904A6065904B60B5C14C60669023
:10FEE0004D60D0BB4E6067904F6068905060D6BF49
:10FEF000516069905260E3BA53606A9054606B90AD
:10FF00005560A1CB56606C9057606D9058606E90B4
:10FF10005960A6ED5A60A3ED5B606F905C607090D5
:10FF20005D60A2ED5E6071905F6072906060739042
:10FF3000616074906260D6BB6360A7ED6460F4D0CA
:10FF400065607590666076906760A4ED6860DEBA63
:10FF50006960F7B66A60A1E36B60B2B66C60F1CC21
:10FF60006D60A7B96E6077906F60A2CF7060A1C717
:10FF700071607890726079907360D2BF74607A908B
:10FF800075607B907660F1B677607C907860FAE27D
:10FF90007960FBE27A60FDE27B60FCE27C60D5C4C4
:10FFA0007D60A2E37E607D907F60C1D380607E90A3
:10FFB00081608090826081908360A7E38460C4C781
:10FFC0008560829086608390876084908860859049
:10FFD0008960A4CF8A6086908B6087908C60A9E34B
:10FFE0008D60B7BA8E6088908F60899090608A909B
:10FFF00091608B909260A8E393608C909460DABBE0
:020000040801F1
:1000000095608D909660A3E397608E9098608F9036
:10001000996090909A60A4E39B60AAE39C609190A1
:100020009D60A6E39E6092909F60F2CEA060C6D3D2
:10003000A1609390A2609490A360BCBBA4609590D3
:10004000A5609690A660C3D4A7609790A860FAC4F4
:10005000A9609890AA609990AB60A8EDAC60FCD0C4
:10006000AD60A5E3AE609A90AF60F5C3B0609B90C1
:10007000B160ADE3B260AFB1B3609C90B460B2E385
:10008000B5609D90B6609E90B7609F90B860C2BC0E
:10009000B960A090BA60A190BB60ACE3BC60BFB592
:1000A000BD60A290BE60A390BF60A490C060A59008
:1000B000C160A690C260A790C360A890C460A990D8
:1000C000C560E9C7C660B0E3C760AA90C860AB90DE
:1000D000C960AC90CA60AABECB60EFCDCC60AD90D9
:1000E000CD60AE90CE60AF90CF60B090D060B19058
:1000F000D160F3BBD260B290D360B390D460B490BF
:10010000D560E8CCD660B590D760B690D860AFE344
:10011000D960B790DA60B1E3DB60B890DC60A7CF5C
:10012000DD60AEE3DE60B990DF60A9CEE060DDBBEC
:10013000E160BA90E260BB90E360BC90E460BD9087
:10014000E560BE90E660EBB5E760E5BEE860D2B280
:10015000E960CDB3EA60BF90EB60B9B1EC60ABE3AE
:10016000ED60D1B2EE60ACB5EF60DFB9F060E8B63B
:10017000F160C090F260C190F360EBCFF460B7E340
:10018000F560C290F660CCBBF760C390F860C49095
:10019000F960C7C8FA60CAD0FB60C590FC60C69021
:1001A000FD60C790FE60C890FF60C9900061B8E331
:1001B0000161EEB30261CA900361CB900461CC90FF
:1001C0000561CD900661A9ED0761CE900861FAD373
:1001D0000961E4D30A61CF900B61D0900C61D1909A
:1001E0000D61AAED0E61B9E30F61E2D21061D29008
:1001F0001161D3901261D4901361D5901461D6909F
:100200001561B5E31661D7901761D8901861D99040
:100210001961DA901A61DED31B61DB901C61DC90FE
:100220001D61DD901E61DE901F61D0B82061B3E3D7
:100230002161DF902261E0902361B6E32461DFB7A2
:100240002561E1902661B4E32761A2C02861E290B4
:100250002961E3902A61E4902B61BAE32C61E59077
:100260002D61E6902E61E7902F61E8903061E99072
:100270003161EA903261EB903361EC903461ED9042
:100280003561EE903661EF903761F0903861F19012
:100290003961F2903A61F3903B61F4903C61F590E2
:1002A0003D61F6903E61F7903F61B8D44061F890AF
:1002B0004161F9904261FA904361FB904461FC9086
:1002C0004561FD904661FE90476140914861C8B428
:1002D000496141914A61BBE34B6142914C61C5BBAD
:1002E0004D6143914E61F7C94F6144915061459111
:1002F0005161E5C9526146915361479154614891FA
:100300005561BDC45661499157614A9158614B91FD
:1003100059614C915A614D915B614E915C614F9175
:100320005D61ABED5E6150915F6151916061529191
:10033000616153916261FDC2636154916461559141
:1003400065615691666157916761DBBB6861AEBFBD
:10035000696158916A6159916B615A916C615B91C5
:100360006D615C916E615D916F615E917061BFCEF8
:1003700071615F9172616091736161917461629169
:100380007561BCE3766163917761B6BF7861649112
:10039000796165917A6166917B6167917C61689111
:1003A0007D6169917E616A917F616B9180616C91E1
:1003B00081616D9182616E9183616F9184617091B1
:1003C0008561719186617291876173918861749181
:1003D000896175918A6176918B61EFB18C617791BA
:1003E0008D6178918E61F7D48F61799190617A9166
:1003F00091617B9192617C9193617D919461BEE367
:1004000095617E91966180919761819198618291C9
:10041000996183919A6184919B6185919C61869198
:100420009D61ADED9E6187919F618891A0618991E9
:10043000A1618A91A2618B91A3618C91A4618D913C
:10044000A5618E91A6618F91A761BFE3A861A9BA4A
:10045000A961ACEDAA619091AB619191AC61BDE3F2
:10046000AD619291AE619391AF619491B0619591BC
:10047000B1619691B2619791B3619891B46199918C
:10048000B5619A91B6619B91B761C0E3B8619C91E7
:10049000B9619D91BA619E91BB619F91BC61A09130
:1004A000BD61A191BE61B6BABF61A291C061A391C5
:1004B000C161A491C261AEB6C361A591C461A691A8
:1004C000C561A791C661A891C761A991C861B8D05B
:1004D000C961AA91CA61C3B0CB61AEEDCC61AB91E9
:1004E000CD61AC91CE61AD91CF61AE91D061AF9154
:1004F000D161AFEDD261C1C0D361B091D461C1E32C
:10050000D561B191D661B291D761B391D861B491FF
:10051000D961B591DA61B691DB61B791DC61B891CF
:10052000DD61B991DE61BA91DF61BB91E061BC919F
:10053000E161BD91E261BE91E361BF91E461C0916F
:10054000E561C191E661B3C5E761C291E861C3911C
:10055000E961C491EA61C591EB61C691EC61C79113
:10056000ED61C891EE61C991EF61CA91F061CB91E3
:10057000F161CC91F261CD91F361CE91F461CF91B3
:10058000F561C2E3F661D091F761D191F861D29142
:10059000F961D391FA61D491FB61D591FC61D69157
:1005A000FD61D791FE61D891FF61B2DC0062D99103
:1005B0000162DA910262DB910362DC910462DD91F7
:1005C0000562DE910662B0ED0762DF910862EAB86B
:1005D0000962E0910A62ECCE0B62A7EA0C62E7D0F6
:1005E0000D62F9CA0E62D6C80F62B7CF1062C9B3E6
:1005F0001162D2CE1262E4BD1362E1911462E29103
:100600001562DEE31662F2BB1762A8EA1862BDD576
:100610001962E3911A62DDC61B62A9EA1C62E491C9
:100620001D62E5911E62E6911F62AAEA2062E791CF
:100630002162ACEA2262ABEA2362E8912462AEEA6C
:100640002562ADEA2662E9912762EA912862EB9180
:100650002962EC912A62D8BD2B62ED912C62AFEA3F
:100660002D62EE912E62BEC22F62EF913062F09148
:100670003162F1913262F2913362C1B43462F7B403
:100680003562F3913662F4913762A7BB3862F59117
:100690003962F6913A62F7913B62F8913C62F991C6
:1006A0003D62E6EC3E62E5EC3F62BFB74062F9CBEB
:1006B0004162E2B14262FA914362E7EC4462FB912B
:1006C0004562FC914662FD914762C8C94862E8EC08
:1006D0004962E9EC4A62FE914B62D6CA4C62D0DEB6
:1006E0004D62C5B24E62FAD44F624092506241925E
:1006F0005162CBC65262C7B05362F2B45462D3C8DF
:100700005562429256624392576244925862D0CDEB
:10071000596245925A6246925B62B8BF5C624792E8
:100720005D6248925E6249925F624A9260624B9259
:1007300061624C9262624D926362DBBF64624E9270
:1007400065624F926662A4C76762B4D668625092CF
:100750006962A9C06A62D1DE6B62A8C96C62EFD11E
:100760006D62A4C56E62E7B06F62B6B37062C5C851
:1007700071625192726252927362E2B074625392E9
:10078000756254927662F6B77762559278625692A5
:100790007962FAC57A6257927B6258927C62F3B6AC
:1007A0007D6259927E62D2D57F62D0B38062BCBC3A
:1007B00081625A9282625B9283625C928462ADB380
:1007C00085625D9286625E9287625F9288626092C5
:1007D0008962F1BE8A62D1B08B6261928C62629250
:1007E0008D6263928E6264928F626592906266926D
:1007F0009162D6D29262E3CA9362A5D7946267925D
:100800009562B6CD9662B6B69762B9BF9862DBD5EF
:10081000996268929A62A7B89B62D7C59C626992F6
:100820009D626A929E626B929F62D2DEA062D9BF85
:10083000A162D5C2A262C0C7A3626C92A462A4BB2B
:10084000A562A8B1A6626D92A7626E92A862EAC57F
:10085000A9626F92AA627092AB62FBC5AC62A7CC30
:10086000AD627192AE627292AF627392B062749234
:10087000B162A7B1B2627592B3627692B4627792B6
:10088000B562D6B5B6627892B7627992B8627A925A
:10089000B962A8C4BA627B92BB62D3DEBC62BAD131
:1008A000BD62E9B3BE627C92BF62F2C3C0627D9258
:1008B000C1627E92C262F7B7C3628092C462F4D60C
:1008C000C562A3B5C662F0B2C762B4C4C862E9C467
:1008D000C962ADC0CA62D4DECB628192CC62E8B09C
:1008E000CD62C4C5CE62E0C1CF628292D062D5B97A
:1008F000D1628392D262DCBED362D8CDD462CEB054
:10090000D5628492D662CFCDD762D6DED862D0BE11
:10091000D962BED7DA62D5DEDB62D0D5DC62DDB06B
:10092000DD628592DE628692DF62E2C4E0628792D7
:10093000E1628892E262A3C2E362F0BCE46289925F
:10094000E562B5D3E662B9C0E762A1C5E862A6B2C6
:10095000E962F1D4EA628A92EB628B92EC62A8C0FF
:10096000ED62C3CAEE62D7DEEF62FCD5F0628C9214
:10097000F162B0B9F2628D92F362ADC8F462A9CBB4
:10098000F5628E92F662D9DEF762BDBFF8628F9291
:10099000F9629092FA629192FB629292FC62B4C602
:1009A000FD62A7D7FE62B0CAFF62C3C40063939220
:1009B0000163D6B30263D2B9036394920463959240
:1009C00005639692066397920763B8D60863FCEABC
:1009D0000963B4B00A6398920B6399920C639A927C
:1009E0000D639B920E63E6BF0F639C9210639D9212
:1009F0001163F4CC12639E9213639F921463A092CE
:100A00001563A1921663DACD1763A2921863A392BD
:100A10001963A4921A63BFD61B63CEC21C63A5924E
:100A20001D63CECE1E63A2CC1F63AED02063D3C4A1
:100A30002163B2B52263D8DE2363F5D52463B7BC46
:100A40002563D3BB2663A6922763A7922863A4B02D
:100A50002963A8922A63B2C52B63ECB42C63A992D4
:100A60002D63AA922E63AB922F63F1D53063AC92C3
:100A70003163AD923263FDEA3363AE923463AF9279
:100A80003563B0923663B1923763B2923863B392F2
:100A90003963DADE3A63A6CD3B63B4923C63B59228
:100AA0003D63ECCD3E63B6923F63B7924063B8922C
:100AB0004163B9924263E6CE4363DCDE4463BA929B
:100AC0004563B1CD4663A6C04763BB924863BC9201
:100AD0004963BDD74A63BD924B63DBDE4C63C6B04E
:100AE0004D63B4BA4E63D3C94F63F3C45063E8BED9
:100AF0005163BE925263BF925363C0925463C192DA
:100B00005563B6B25663C2925763C3925863C49298
:100B10005963C5925A63C6925B63C7925C63C8927D
:100B20005D63C9925E63CCC05F63F0CB6063CA92C1
:100B30006163F1BC6263BBBB6363B7B56463CB92B3
:100B40006563CC926663CD926763F5C56863CE92A8
:100B50006963E6DE6A63CF926B63D0926C63D19275
:100B60006D63E3DE6E63DDBE6F63D2927063D3921A
:100B70007163DFDE7263D4927363D5927463D6922D
:100B80007563D7927663B7B47763DDBD7863D89227
:100B90007963D9927A63E0DE7B63EDC47C63DA9299
:100BA0007D63DB927E63DC927F63DD928063C6CFE0
:100BB0008163DE928263E0B58363DF928463E092B7
:100BC0008563E1928663E2928763DEB68863DACA60
:100BD0008963F4B58A63E5DE8B63E3928C63C6D5E3
:100BE0008D63E4928E63E1DE8F63CDCC9063FEC6AD
:100BF0009163E5929263C5C59363E6929463E7922D
:100C00009563E8929663B4D29763E9929863F2BED3
:100C10009963EA929A63EB929B63EC929C63ED92E8
:100C20009D63EE929E63EF929F63F092A063D3C2A6
:100C3000A163F192A263BDCCA363B8B3A463F292A3
:100C4000A563D3BDA663F392A763D8BFA863C6CD3F
:100C5000A963DAD1AA63EBB4AB63F492AC63E4DECC
:100C6000AD63DDDEAE63E7DEAF63F592B063FEEA4F
:100C7000B163F692B263F792B363B0C2B463E2DEDB
:100C8000B563F892B663F992B763C0D6B863A7B5F7
:100C9000B963FA92BA63F4B2BB63FB92BC63E8DE59
:100CA000BD63FC92BE63F2DEBF63FD92C063FE9241
:100CB000C1634093C2634193C3634293C463EDDE57
:100CC000C5634393C663F1DEC7634493C86345932A
:100CD000C963E0C8CA634693CB634793CC63489328
:100CE000CD63E1D7CE63EFDECF63E8C3D063E1CC61
:100CF000D1634993D263E5B2D3634A93D4634B93F0
:100D0000D5634C93D663BED2D7634D93D8634E93CD
:100D1000D9634F93DA635093DB635193DC6352934F
:100D2000DD635393DE63EEDEDF635493E063EBDE5B
:100D3000E163D5CEE2635593E363A7B4E4635693CE
:100D4000E5635793E6635893E7635993E8635A93CF
:100D5000E963ABBFEA63BEBEEB635B93EC635C939A
:100D6000ED63D2BDEE635D93EF635E93F0635F93DB
:100D7000F1636093F263E9DEF3636193F463AED4ED
:100D8000F5636293F663DEDEF7636393F863EADE8E
:100D9000F9636493FA636593FB636693FC636793FB
:100DA000FD63BFC0FE636893FF63ECDE0064F3B2D3
:100DB0000164E9B80264A7C20364699304646A9396
:100DC0000564C1BD06646B9307646C9308646D93FE
:100DD00009646E930A646F930B64F5DE0C64F8DEAD
:100DE0000D6470930E6471930F64ABB21064A4B47D
:100DF00011647293126473931364EAB41464A6C901
:100E000015647493166475931764769318647793D6
:100E1000196478931A6479931B64F6DE1C64D1CB51
:100E20001D647A931E64E3B81F647B932064F7DE2D
:100E30002164FADE22647C9323647D9324647E9390
:100E4000256480932664F9DE276481932864829365
:100E5000296483932A64C2CC2B6484932C64E1B00C
:100E60002D64EEB42E6485932F648693306487934B
:100E7000316488933264899333648A933464BAE525
:100E800035648B9336648C9337648D9338648E937A
:100E900039648F933A64AFD03B6490933C649193F0
:100EA0003D64EBB23E6492933F64A1EB4064939344
:100EB0004164F4DE42649493436495934464E3C9CB
:100EC0004564F3DE4664DAB04764A1D24864F7B102
:100ED000496496934A64AFCC4B6497934C6498935F
:100EE0004D6499934E649A934F649B9350649C9382
:100EF00051649D935264F0DE53649E935464A4CB7A
:100F000055649F935664A0935764A1935864AAD5DF
:100F10005964A2935A64A3935B64A4935C64A593FD
:100F20005D64A6935E64FBDE5F64A7936064A89330
:100F30006164A9936264AA936364AB936464AC93A1
:100F40006564AD936664AE936764DDB46864AF9323
:100F50006964A6C46A64B0936B64B1936C64B29321
:100F60006D64FDDE6E64B3936F64B4937064B59387
:100F70007164B6937264B7937364B8937464B993ED
:100F80007564BA937664BB937764BC937864FEC34C
:100F90007964A1C47A64A1DF7B64BD937C64BE9351
:100FA0007D64BF937E64C0937F64C1938064C29369
:100FB0008164C3938264CCC18364C4938464FCDE83
:100FC0008564EFBE8664C5938764B2C68864C693A1
:100FD0008964C7938A64C8938B64C9938C64CA93E9
:100FE0008D64CB938E64CC938F64CD939064CE93B9
:100FF0009164C5B39264F6C89364CF939464D0931C
:101000009564BACB9664FEDE9764D1939864D293CC
:101010009964A4DF9A64D3939B64D4939C64D5931E
:101020009D64D6939E64B2D79F64D793A064D893EF
:10103000A164D993A264DA93A364DB93A464B7B3E5
:10104000A564DC93A664DD93A764DE93A864DF93B4
:10105000A964C3C1AA64E093AB64E193AC64CBC759
:10106000AD64A5B2AE64E9B4AF64E293B064ABD74B
:10107000B164E393B264E493B364E593B464E69338
:10108000B564ECC4B664E793B764A2DFB864A3DFC9
:10109000B964E893BA64A5DFBB64E993BC64B3BAEE
:1010A000BD64EA93BE64EB93BF64EC93C064A6DFB7
:1010B000C164ED93C264DEC0C364EE93C464EF9375
:1010C000C564C3C9C664F093C764F193C864F2935E
:1010D000C964F393CA64F493CB64F593CC64F69338
:1010E000CD64D9B2CE64E6C7CF64F793D064A7DFEE
:1010F000D164F893D264DCC7D364F993D464FA93CF
:10110000D564FB93D664FC93D764A8DFD864A2EBC4
:10111000D964FD93DA64FE93DB644094DC6441940B
:10112000DD644294DE64D3CBDF644394E064449492
:10113000E1644594E264AADFE3644694E464A9DFD1
:10114000E5644794E664C1B2E7644894E86449946E
:10115000E9644A94EA644B94EB644C94EC644D94D7
:10116000ED644E94EE644F94EF645094F0645194A7
:10117000F1645294F2645394F3645494F464559477
:10118000F5645694F6645794F7645894F864599447
:10119000F9645A94FA645B94FB645C94FC645D9417
:1011A000FD645E94FE645F94FF6460940065CAC54C
:1011B00001656194026562940365639404656494B7
:1011C0000565659406656694076567940865689487
:1011D0000965ABDF0A6569940B656A940C656B94CD
:1011E0000D656C940E656D940F656E9410656F942B
:1011F000116570941265DCD4136571941465729452
:101200001565739416657494176575941865C1C84F
:10121000196576941A6577941B6578941C657994A2
:101220001D657A941E657B941F657C9420657D9472
:1012300021657E942265809423658194246582943F
:101240002565ACDF2665839427658494286585949D
:10125000296586942A6587942B65F0BE2C65889451
:101260002D6589942E65ADDF2F65A7D630658A94EC
:1012700031658B9432658C9433658D943465B7EA0F
:101280003565B6EB3665D5CA37658E943865FCD8BA
:101290003965C4B83A658F943B65A5B93C659094AF
:1012A0003D6591943E65C5B73F65FED54065929416
:1012B00041659394426594944365959444659694EE
:1012C0004565CAB946659794476598944865A7D01F
:1012D0004965CDF44A6599944B659A944C65D0B5AF
:1012E0004D659B944E659C944F65F4C350659D94E9
:1012F0005165C8BE52659E9453659F945465A094F1
:101300005565B7EB5665BDB05765A1945865A29475
:101310005965CCBD5A65A3945B65B2C15C65A49464
:101320005D65D6B15E65A8B35F65A5946065A6945A
:101330006165A7946265D2B86365A2C96465A89423
:101340006565A9946665D8B66765AA946865AB9427
:101350006965AC946A65AD946B65B8EB6C65B4BEB9
:101360006D65AE946E65AF946F65B0947065FDCA9F
:101370007165B1947265C3C77365B2947465FBD52A
:101380007565B3947665B4947765F3B77865B5946D
:101390007965B6947A65B7947B65B8947C65B994A1
:1013A0007D65BA947E65BB947F65BC948065BD9471
:1013B0008165BE948265BF948365C0948465C19441
:1013C0008565C2948665C3948765C4CE8865C494D8
:1013D0008965C5948A65C6948B65ABD58C65F3B178
:1013E0008D65C7948E65C8948F65C9949065B3EC7C
:1013F0009165DFB09265CA949365B5EC9465CB9422
:101400009565CC949665CD949765B7B69865CE945E
:101410009965CFC19A65CF949B65FAF59C65B1D06B
:101420009D65D0949E65D1949F65E5D5A065D294C5
:10143000A165D3CEA265D394A365D494A465EFBD72
:10144000A565E2B3A665D594A765ABB8A865D694A3
:10145000A965B6D5AA65D794AB65BDEDAC65D89442
:10146000AD65CFB6AE65D994AF65B9CBB065C2D026
:10147000B165DA94B265DB94B365DC94B465DD9450
:10148000B565DE94B665DF94B765E094B865E19420
:10149000B965BDB7BA65E294BB65E394BC65B6ECCB
:1014A000BD65A9CABE65E494BF65E594C065E694D0
:1014B000C165D4C5C265E794C365B9ECC465B8EC31
:1014C000C565C3C2C665B7ECC765E894C865E9944D
:1014D000C965EA94CA65EB94CB65FDD0CC65BAECDE
:1014E000CD65EC94CE65BBECCF65E5D7D065ED94CA
:1014F000D165EE94D265BCECD365EF94D465F094DD
:10150000D565F194D665BDECD765ECC6D865F29487
:10151000D965F394DA65F494DB65F594DC65F694AB
:10152000DD65F794DE65F894DF65F994E065DECE5D
:10153000E165FA94E265C8BCE365FB94E465FC945C
:10154000E565D5C8E665A9B5E765C9BEE865BCD659
:10155000E965E7D4EA65FD94EB65FE94EC65AED1F0
:10156000ED65F1D0EE65B8EAEF65B9EAF065BAEA83
:10157000F165B5BAF2654095F3654195F46542951C
:10158000F5654395F665B1CAF765F5BFF86544950D
:10159000F9654595FA65FACDFB654695FC65479575
:1015A000FD654895FE654995FF654A950066C0EA68
:1015B00001664B950266BAB00366BEEA04664C95B6
:1015C00005664D950666A5C007664E9508664F955B
:1015D000096650950A66BBEA0B6651950C66FDB22A
:1015E0000D6652950E66F7C30F66E8BB10665395FD
:1015F00011665495126655951366D7D21466F4CECB
:101600001566BFEA1666569517665795186658957B
:101610001966BCEA1A6659951B665A951C665B9555
:101620001D66C3EA1E665C951F66C7D02066B3D3ED
:1016300021665D9522665E9523665F9524666095BA
:101640002566BAB4266661952766C1C32866F2D7B7
:10165000296662952A6663952B6664952C66659566
:101660002D66D1D52E6666952F66C7CA30666795FA
:101670003166C5EA32666895336669953466C4EAB0
:101680003566C7EA3666C6EA37666A9538666B9588
:1016900039666C953A666D953B666E953C66E7D605
:1016A0003D666F953E66D4CF3F66709540667195F6
:1016B0004166CBEA426672954366CEBB446673953B
:1016C000456674954666759547667695486677953E
:1016D000496678954A6679954B66FABD4C66CEC9DF
:1016E0004D667A954E667B954F66CCEA50667C9542
:1016F00051667D955266B9C95366FECF5466CAEAF3
:101700005566CED45666CDEA5766CFEA58667E95C2
:10171000596680955A66EDCD5B6681955C668295CB
:101720005D6683955E6684955F66C9EA60668595A9
:101730006166CEEA62668695636687956466EECEDC
:10174000656688956666DEBB676689956866BFB321
:1017500069668A956A668B956B668C956C668D95C5
:101760006D668E956E66D5C66F66B0BE7066FACE33
:1017700071668F9572669095736691957466E7C7EA
:10178000756692957666A7BE7766D0EA7866939579
:10179000796694957A66C7D67B6695957C669695AC
:1017A0007D6697957E66C0C17F669895806699959F
:1017B00081669A958266DDD483669B958466D1EABC
:1017C00085669C9586669D958766BECF88669E9544
:1017D00089669F958A66A0958B66A1958C66D2EAEC
:1017E0008D66A2958E66A3958F66A4959066A59545
:1017F0009166EECA9266A6959366A7959466A8959B
:101800009566A9959666AFC59766B5B09866AA9590
:101810009966AB959A66AC959B66AD959C66AE95C0
:101820009D66D4EA9E66AF959F66B095A066B19519
:10183000A166B295A266B395A366B495A466B59564
:10184000A566B695A666B795A766D3EAA866DFF43F
:10185000A966B895AA66B995AB66BA95AC66BB950C
:10186000AD66BC95AE66BAC4AF66BD95B066BE95B2
:10187000B166BF95B266C095B366C195B466A9B1AD
:10188000B566C295B666C395B766C495B866C59584
:10189000B966DFE5BA66C695BB66C795BC66C895EE
:1018A000BD66C995BE66D5EABF66CA95C066CB95CA
:1018B000C166CC95C266CD95C366CE95C466CF95FC
:1018C000C566D095C666D195C766D295C866D395CC
:1018D000C966D495CA66D595CB66D695CC66D7959C
:1018E000CD66D895CE66D995CF66DA95D066DB956C
:1018F000D166DC95D266DD95D366DE95D466DF953C
:10190000D566E095D666E195D766E295D866E3950B
:10191000D966EFCADA66E495DB66D6EADC66D7EA12
:10192000DD66D8C6DE66E595DF66E695E066E79596
:10193000E166E895E266E995E366EA95E466EB958B
:10194000E566EC95E666D8EAE766ED95E866EE951D
:10195000E966D9EAEA66EF95EB66F095EC66F195F3
:10196000ED66F295EE66F395EF66F495F066BBD4FE
:10197000F166F595F266FAC7F366B7D2F466FCB87D
:10198000F566F695F666F795F766C2EAF866F89595
:10199000F966DCB2FA66F995FB66FA95FC66FCC25C
:1019A000FD66FB95FE66F8D4FF66E6CC0067EED7D1
:1019B0000167FC950267FD950367FE9504674096F5
:1019C0000567419606674296076743960867C2D443
:1019D0000967D0D30A67C3EB0B67F3C50C6744965E
:1019E0000D67FEB70E6745960F6746961067D4EBF6
:1019F0001167479612674896136749961467B7CBE5
:101A00001567DEEB16674A961767CAC018674B96CC
:101A100019674C961A674D961B67FBCD1C674E964F
:101A20001D67AFB31E674F961F67DAC620675096D3
:101A300021675196226752962367539624675496DE
:101A4000256755962667FCEB276756962867BEC420
:101A5000296757962A67B4CE2B67A9C42C67BEB1F5
:101A60002D67FDD42E6758962F67F5CA30675996B3
:101A70003167ECD632675A9633675B963467D3C6C4
:101A80003567E4B636675C9637675D9638675E966D
:101A900039675F963A67FABB3B6760963C67619629
:101AA0003D67E0D03E6762963F6763964067B1C985
:101AB000416764964267D3D44367A8C84467659674
:101AC000456766964667CBB8476767964867BEE83E
:101AD0004967BCC94A6768964B6769964C67BBE81B
:101AE0004D676A964E67EEC04F67D3D05067C4B259
:101AF0005167E5B452676B965367BCE854676C96C0
:101B000055676D965667C8D557676E9658676F9636
:101B1000596770965A6771965B6772965C67C5B62F
:101B20005D6773965E67BDE85F67F8CA6067DCB89B
:101B30006167F5CC6267749663677596646776969D
:101B40006567B4C066677796676778966867EED111
:101B50006967BFE86A67C2E86B6779966C677A96CF
:101B60006D67BCBA6E677B966F67ADB17067DCBDA1
:101B700071677C967267BDEA7367C3E874677D9688
:101B80007567C6E876677E967767CBE87867809654
:101B9000796781967A6782967B6783967C67CCE8C3
:101BA0007D6784967E67C9CB7F67E5B08067859641
:101BB0008167ABBC82678696836787968467B9B96D
:101BC00085678896866789968767C1E888678A9659
:101BD0008967F7CD8A678B968B67CAE88C678C9686
:101BE0008D678D968E678E968F678F969067F6CEEF
:101BF0009167909692679196936792969467939661
:101C00009567EDD5966794969767D6C19867C4E8AF
:101C1000996795969A67B6C39B6796969C67FBB93A
:101C20009D67A6D69E67C8E89F679796A067989617
:101C3000A1679996A267E0CAA367E6D4A4679A96BB
:101C4000A567C0E8A6679B96A767C5E8A867C7E829
:101C5000A9679C96AA67B9C7AB67E3B7AC679D96BF
:101C6000AD67C9E8AE679E96AF67DDBFB067D2E8E3
:101C7000B1679F96B267A096B367D7E8B467A1969D
:101C8000B567D5E8B667DCBCB767CFBCB867DBE83B
:101C9000B967A296BA67A396BB67A496BC67A596D8
:101CA000BD67A696BE67A796BF67A896C067A996A8
:101CB000C167DEE8C267AA96C367DAE8C467FAB10B
:101CC000C567AB96C667AC96C767AD96C867AE9654
:101CD000C967AF96CA67B096CB67B196CC67B29624
:101CE000CD67B396CE67B496CF67D8B0D067B3C48C
:101CF000D167CCB8D267E2C6D367BEC8D467E1C8A3
:101D0000D567B596D667B696D767B796D867CFE842
:101D1000D967D4E8DA67D6E8DB67B896DC67F1B94B
:101D2000DD67D8E8DE67F5D7DF67B996E067FBC403
:101D3000E167BA96E267DCE8E367BB96E467BC96C6
:101D4000E567E9B2E667BD96E767BE96E867BF96C6
:101D5000E967D1E8EA67C096EB67C196EC67EDBC2E
:101D6000ED67C296EE67C396EF67C2BFF067CDE836
:101D7000F167F9D6F267C496F367F8C1F467F1B278
:101D8000F567C596F667C696F767C796F867C8966B
:101D9000F967C996FA67CA96FB67CB96FC67CC963B
:101DA000FD67DFE8FE67CD96FF67C1CA0068D9E826
:101DB0000168CE960268CF960368D0960468D196E3
:101DC0000568A4D50668D2960768EAB10868BBD54D
:101DD0000968CEE80A68D0E80B68B0B60C68D3E8AA
:101DE0000D68D3960E68DDE80F68B8C01068D49609
:101DF0001168F7CA1268D5961368A8CB1468D696EE
:101E00001568D7961668DCC61768F5C01868D896A6
:101E10001968D9961A68DA961B68DB961C68DC96F6
:101E20001D68E9E81E68DD961F68DE962068DF966B
:101E30002168A3D02268E0962368E1962468E296A0
:101E40002568E3962668E4962768E5962868E6966E
:101E50002968F2E82A68EAD62B68E7962C68E896A3
:101E60002D68E9962E68EA962F68EB963068EC9616
:101E70003168ED963268E0E83368E1E83468EE9660
:101E80003568EF963668F0963768F9D13868CBBA7E
:101E90003968F9B83A68F1963B68F2963C68F1B84F
:101EA0003D68D4D43E68EFE83F68F3964068EEE8BA
:101EB0004168ECE84268F0B94368D2CC4468E6E88F
:101EC0004568A6CE4668F2BF4768F4964868B8B041
:101ED0004968F1E84A68F0E84B68F5964C68C0D765
:101EE0004D68F6964E68E4E84F68F7965068A9CDBD
:101EF0005168A3C95268F8965368B8BB5468DBBDF3
:101F00005568EAE85668F9965768FA965868FB9655
:101F10005968FC965A68FD965B68FE965C68409727
:101F20005D6841975E6842975F6843976068E2E842
:101F30006168E3E86268E5E86368B5B56468E7E8A6
:101F40006568C5C76668EBE86768EDE86868B0BDB6
:101F50006968AED76A6844976B68F8E86C6845971B
:101F60006D6846976E6847976F684897706849979D
:101F700071684A9772684B9773684C977468F5E874
:101F800075684D977668B0CD7768F6E878684E97B3
:101F900079684F977A6850977B6851977C68529719
:101FA0007D6853977E6854977F68559780685697E9
:101FB0008168BAC1826857978368E8E8846858974F
:101FC0008568B7C38668F0B08768599788685A975C
:101FD00089685B978A685C978B685D978C685E9769
:101FE0008D685F978E6860978F68F4E89068619756
:101FF00091686297926863979368F7E8946864972A
:1020000095686597966866979768A3B99868679783
:10201000996868979A6869979B686A979C686B97B4
:102020009D686C979E686D979F686E97A0686F9784
:10203000A1687097A268D2C9A3687197A4687297C3
:10204000A5687397A668CEC3A768E0CEA868E6C067
:10205000A9687497AA687597AB687697AC68779704
:10206000AD68F3CBAE687897AF68DDCCB068B5D01B
:10207000B1687997B2687A97B368E1CAB4687B9718
:10208000B568F3E8B6687C97B7687D97B8687E97BF
:10209000B9688097BA688197BB688297BC68839754
:1020A000BD688497BE688597BF688697C068ECBC9A
:1020B000C1688797C268F9E8C3688897C468899738
:1020C000C5688A97C6688B97C7688C97C8688D97CC
:1020D000C968DEC3CA688E97CB68E5C6CC688F979F
:1020E000CD68F7B9CE689097CF689197D0689297EE
:1020F000D1689397D268F4B0D3689497D4689597D1
:10210000D568D8D7D6689697D7689797D868ACBC63
:10211000D9689897DA68EFC5DB689997DC689A9771
:10212000DD689B97DE689C97DF689D97E068C4CC6C
:10213000E1689E97E2689F97E368A6E9E468A09744
:10214000E568A197E668A297E768A397E868A4976F
:10215000E968A597EA68A697EB68A797EC68A8973F
:10216000ED68A997EE68ADC9EF68AA97F068A2E993
:10217000F168E2C0F268AB97F368AC97F468AD978A
:10218000F568C3BFF668AE97F768AF97F868B09781
:10219000F968FEE8FA68D7B9FB68B197FC68FBE814
:1021A000FD68B297FE68B397FF68B4970069B5976A
:1021B0000169A4E90269B6970369B7970469B897FA
:1021C0000569CED20669B9970769BA970869BB97BE
:1021D0000969BC970A69BD970B69A3E90C69BE97A9
:1021E0000D69B2D60E69B5D70F69BF971069A7E917
:1021F0001169C0971269B7BD1369C1971469C29775
:102200001569C3971669C4971769C5971869C69762
:102210001969C7971A69C8971B69C9971C69CA9732
:102220001D69CB971E69CC971F69FCE82069FDE802
:102230002169CD972269CE972369CF972469A1E9B7
:102240002569D0972669D1972769D2972869D397AE
:102250002969D4972A69D5972B69D6972C69D7977E
:102260002D69D6CD2E69D8972F69D9973069ACD210
:102270003169DA973269DB973369DC973469B2E9FF
:102280003569DD973669DE973769DF973869E097FA
:102290003969A9E93A69E1973B69E2973C69E397B3
:1022A0003D69AAB43E69E4973F69BBB44069E597CC
:1022B0004169E6974269ABE94369E7974469E89762
:1022C0004569E9974669EA974769EB974869EC974A
:1022D0004969ED974A69EE974B69EF974C69F0971A
:1022E0004D69F1974E69F2974F69F3975069F497EA
:1022F0005169F5975269F6975369F7975469A8D0D1
:102300005569F8975669F9975769A5E95869FA9791
:102310005969FB975A69FEB35B69FC975C69FD9745
:102320005D69ACE95E69E3C05F69FE976069AAE92F
:1023300061694098626941986369B9E96469429842
:10234000656943986669B8E967694498686945981A
:10235000696946986A6947986B69AEE96C694898FB
:102360006D6949986E69FAE86F694A9870694B9887
:102370007169A8E972694C9873694D9874694E98AF
:1023800075694F98766950987769ACBF7869B1E9FB
:102390007969BAE97A6951987B6952987C69A5C2D2
:1023A0007D6953987E6954987F6955988069AFE933
:1023B000816956988269C5B8836957988469ADE97F
:1023C000856958988669DCD38769B4E98869B5E975
:1023D0008969B7E98A6959988B695A988C695B98B9
:1023E0008D69C7E98E695C988F695D9890695E9880
:1023F00091695F9892696098936961989469C6C081
:102400009569C5E996696298976963989869B0E992
:10241000996964989A6965989B69BBE99C69F1B070
:102420009D6966989E6967989F696898A069699890
:10243000A1696A98A2696B98A3696C98A4696D9860
:10244000A5696E98A6696F98A769BCE9A869A5D522
:10245000A9697098AA697198AB69BEE9AC6972986C
:10246000AD69BFE9AE697398AF697498B069759842
:10247000B169C1E9B2697698B3697798B469F1C175
:10248000B5697898B6697998B769B6C8B8697A981D
:10249000B9697B98BA697C98BB69BDE9BC697D98CC
:1024A000BD697E98BE698098BF698198C06982982D
:1024B000C169C2E9C2698398C3698498C46985986F
:1024C000C5698698C6698798C7698898C8698998D0
:1024D000C9698A98CA69C3E9CB698B98CC69B3E9A1
:1024E000CD698C98CE69B6E9CF698D98D069B1BBBA
:1024F000D1698E98D2698F98D3699098D469C0E9D0
:10250000D5699198D6699298D7699398D869949823
:10251000D9699598DA699698DB69F7BCDC69979870
:10252000DD699898DE699998DF69C4E9E069C6E9D0
:10253000E1699A98E2699B98E3699C98E4699D989F
:10254000E5699E98E6699F98E769A098E869A1986F
:10255000E969A298EA69A398EB69A498EC69A5983F
:10256000ED69CAE9EE69A698EF69A798F069A8989D
:10257000F169A998F269CEE9F369AA98F469AB9870
:10258000F569AC98F669AD98F769AE98F869AF98B7
:10259000F969B098FA69B198FB69B298FC69B39887
:1025A000FD69DBB2FE69B498FF69C8E9006AB598B5
:1025B000016AB698026AB798036AB898046AB9982B
:1025C000056ABA98066ABB98076ABC98086ABD98FB
:1025D000096ABE980A6AAEB70B6ABF980C6AC098BF
:1025E0000D6AC1980E6AC2980F6AC398106AC4989F
:1025F000116AC598126AC698136AC798146AC8986F
:10260000156AC998166ACA98176ACBE9186ACCE99C
:10261000196ACB981A6ACC981B6ACD981C6ACE9816
:102620001D6ACF981E6AD0981F6AC1D5206AD198BA
:10263000216AA3C4226AD298236AD398246AD498C0
:10264000256AD598266AD698276AD798286AD8E93D
:10265000296AD8982A6AE1BA2B6AD9982C6ADA983A
:102660002D6ADB982E6ADC982F6AC9E9306ADD98FA
:10267000316AA3D3326ADE98336ADF98346AE0980D
:10268000356AD4E9366AE198376AE298386AE3989D
:10269000396AE4983A6AE5983B6AE6983C6AE798B2
:1026A0003D6AD7E93E6AD0E93F6AE898406AE9980E
:1026B000416AEA98426AEB98436AEC98446ACFE927
:1026C000456AED98466AEE98476AC1C7486AEF982E
:1026D000496AF0984A6AF1984B6AF2984C6AF39802
:1026E0004D6AF4984E6AF5984F6AF698506AD2E9A6
:1026F000516AF798526AF898536AF998546AFA98A6
:10270000556AFB98566AFC98576AFD98586AD9E949
:10271000596AC8B35A6AFE985B6AD3E95C6A409901
:102720005D6A41995E6A42995F6A4399606A449919
:10273000616AF0CF626A4599636A4699646A47990B
:10274000656ACDE9666A4899676A4999686A4A99EB
:10275000696A4B996A6A4C996B6A4D996C6A4E9991
:102760006D6A4F996E6A50996F6A5199706A529961
:10277000716AF7B3726A5399736A5499746A559976
:10278000756A5699766A5799776A5899786A599905
:10279000796AD6E97A6A5A997B6A5B997C6ADAE93E
:1027A0007D6A5C997E6A5D997F6A5E99806AB4CC25
:1027B000816A5F99826A6099836A6199846AADCF00
:1027C000856A6299866A6399876A6499886A659955
:1027D000896A66998A6A67998B6A68998C6A699925
:1027E0008D6A6A998E6AD5E98F6A6B99906ADCE97D
:1027F000916ADBE9926A6C99936A6D99946A6E9911
:10280000956A6F99966A7099976ADEE9986A7199E4
:10281000996A72999A6A73999B6A74999C6A759974
:102820009D6A76999E6A77999F6A7899A06AD1E99C
:10283000A16A7999A26A7A99A36A7B99A46A7C9918
:10284000A56A7D99A66A7E99A76A8099A86A8199E6
:10285000A96ADDE9AA6A8299AB6ADFE9AC6ACAC3F0
:10286000AD6A8399AE6A8499AF6A8599B06A869990
:10287000B16A8799B26A8899B36A8999B46A8A9960
:10288000B56A8B99B66A8C99B76A8D99B86A8E9930
:10289000B96A8F99BA6A9099BB6A9199BC6A929900
:1028A000BD6A9399BE6A9499BF6A9599C06A9699D0
:1028B000C16A9799C26A9899C36A9999C46A9A99A0
:1028C000C56A9B99C66A9C99C76A9D99C86A9E9970
:1028D000C96A9F99CA6AA099CB6AA199CC6AA29940
:1028E000CD6AA399CE6AA499CF6AA599D06AA69910
:1028F000D16AA799D26AA899D36AA999D46AAA99E0
:10290000D56AAB99D66AAC99D76AAD99D86AAE99AF
:10291000D96AAF99DA6AB099DB6AB199DC6AB2997F
:10292000DD6AB399DE6AB499DF6AB599E06AB6994F
:10293000E16AB799E26AB899E36AB999E46ABA991F
:10294000E56ABB99E66ABC99E76ABD99E86ABE99EF
:10295000E96ABF99EA6AC099EB6AC199EC6AC299BF
:10296000ED6AC399EE6AC499EF6AC599F06AC6998F
:10297000F16AC799F26AC899F36AC999F46ACA995F
:10298000F56ACB99F66ACC99F76ACD99F86ACE992F
:10299000F96ACF99FA6AD099FB6AD199FC6AD299FF
:1029A000FD6AD399FE6AD499FF6AD599006BD699CE
:1029B000016BD799026BD899036BD999046BDA999B
:1029C000056BDB99066BDC99076BDD99086BDE996B
:1029D000096BDF990A6BE0990B6BE1990C6BE2993B
:1029E0000D6BE3990E6BE4990F6BE599106BE6990B
:1029F000116BE799126BE899136BE999146BEA99DB
:102A0000156BEB99166BEC99176BED99186BEE99AA
:102A1000196BEF991A6BF0991B6BF1991C6BF2997A
:102A20001D6BF3991E6BF4991F6BF599206BB7C75B
:102A3000216BCEB4226BB6BB236BC0D0246BA3EC4E
:102A4000256BF699266BF799276BB7C5286BF89914
:102A5000296BF9992A6BFA992B6BFB992C6BFC99D2
:102A60002D6BFD992E6BFE992F6B409A306B419A1E
:102A7000316B429A326BFBD3336B439A346B449A7B
:102A8000356B459A366B469A376BA4EC386B479A90
:102A9000396BA5EC3A6BDBC63B6B489A3C6B499AA9
:102AA0003D6B4A9A3E6BEEBF3F6B4B9A406B4C9A24
:102AB000416B4D9A426B4E9A436BA6EC446B4F9A16
:102AC000456B509A466BA7EC476BAAD0486B519A5E
:102AD000496BB8C74A6B529A4B6B539A4C6BE8B828
:102AE0004D6B549A4E6B559A4F6B569A506B579A42
:102AF000516B589A526B599A536B5A9A546B5B9A12
:102B0000556B5C9A566B5D9A576B5E9A586B5F9AE1
:102B1000596BA8EC5A6B609A5B6B619A5C6B629A1A
:102B20005D6B639A5E6B649A5F6B659A606B669A85
:102B3000616B679A626BB9D6636BFDD5646BCBB47E
:102B4000656BBDB2666BE4CE676BE7C6686B689A6F
:102B5000696B699A6A6BE1CD6B6B6A9A6C6B6B9A65
:102B60006D6B6C9A6E6B6D9A6F6B6E9A706B6F9AE1
:102B7000716B709A726B719A736B729A746B739AB1
:102B8000756B749A766B759A776B769A786B779A81
:102B9000796BF5B47A6B789A7B6BC0CB7C6BDFBCBE
:102BA0007D6B799A7E6B7A9A7F6B7B9A806B7C9A2D
:102BB000816BE2E9826BE3E9836BEAD1846BE5E93F
:102BC000856B7D9A866BF9B4876BE4E9886B7E9A96
:102BD000896BB3D18A6BE2CA8B6BD0B28C6B809A53
:102BE0008D6BE8E98E6B819A8F6B829A906B839ADA
:102BF000916B849A926BE6E9936BE7E9946B859A03
:102C0000956B869A966BB3D6976B879A986B889AD2
:102C1000996B899A9A6BE9E99B6BEAE99C6B8A9AB2
:102C20009D6B8B9A9E6B8C9A9F6B8D9AA06B8E9AE4
:102C3000A16BEBE9A26B8F9AA36B909AA46B919A0C
:102C4000A56B929AA66B939AA76B949AA86B959A88
:102C5000A96B969AAA6BECE9AB6B979AAC6B989AB6
:102C6000AD6B999AAE6B9A9AAF6B9B9AB06B9C9A2C
:102C7000B16B9D9AB26B9E9AB36BAFECB46BB9C556
:102C8000B56BCEB6B66B9F9AB76BF3D2B86BA09A02
:102C9000B96BA19ABA6BA29ABB6BA39ABC6BA49AAC
:102CA000BD6BA59ABE6BA69ABF6BEEB5C06BA79A1B
:102CB000C16BD9BBC26BB1ECC36BA89AC46BA99AA8
:102CC000C56BE3D2C66BAA9AC76BAB9AC86BAC9ABA
:102CD000C96BAD9ACA6BAE9ACB6BE3CECC6BAF9A95
:102CE000CD6BB8C4CE6BB09ACF6BBFC3D06BB19A6B
:102CF000D16BB29AD26BBEB6D36BB9D8D46BC8B114
:102D0000D56BCFB1D66BD1B1D76BFEC5D86BB39AAB
:102D1000D96BD0B1DA6BB49ADB6BABC3DC6BB59A11
:102D2000DD6BB69ADE6BB79ADF6BB89AE06BB99A37
:102D3000E16BB1D5E26BBA9AE36BBB9AE46BBC9AD8
:102D4000E56BBD9AE66BBE9AE76BBF9AE86BC09ADB
:102D5000E96BC19AEA6BA4EBEB6BC1BAEC6BC29A5C
:102D6000ED6BC39AEE6BC49AEF6BBACCF06BC59A5D
:102D7000F16BC69AF26BC79AF36BA5EBF46BC89A2A
:102D8000F56BA7EBF66BC99AF76BCA9AF86BCB9AFF
:102D9000F96BA8EBFA6BCC9AFB6BCD9AFC6BCE9AD5
:102DA000FD6BA6EBFE6BCF9AFF6BD09A006CD19AAD
:102DB000016CD29A026CD39A036CD49A046CD59AA3
:102DC000056CA9EB066CABEB076CAAEB086CD69A0A
:102DD000096CD79A0A6CD89A0B6CD99A0C6CDA9A4F
:102DE0000D6CACEB0E6CDB9A0F6CCFCA106CB5D8C7
:102DF000116CF1C3126CDC9A136CA5C3146CF8C689
:102E0000156CADEB166CCAC4176CDD9A186CAEEB82
:102E1000196CAFEB1A6CB0EB1B6CD5B71C6CDE9A5F
:102E20001D6CDF9A1E6CE09A1F6CFAB7206CE19A59
:102E3000216CB1EB226CE2C7236CE29A246CB3EBF9
:102E4000256CE39A266CA4BA276CF5D1286CB1B036
:102E5000296CB2EB2A6CB4EB2B6CE49A2C6CE59ADF
:102E60002D6CE69A2E6CAAB52F6CC8C2306CE8C7E0
:102E7000316CE79A326CB5EB336CE89A346CAECBBC
:102E8000356CDFE3366CE99A376CEA9A386CC0D35C
:102E9000396CEB9A3A6CEC9A3B6CED9A3C6CEE9A7E
:102EA0003D6CDBD93E6CEF9A3F6CF09A406CA1CD43
:102EB000416CADD6426CF3C7436CF19A446CF29A04
:102EC000456CF39A466CE0D9476CE3BB486CF49AC6
:102ED000496CBABA4A6CE2E34B6CF59A4C6CF69AC0
:102EE0004D6CF79A4E6CF89A4F6CF99A506CABCFC8
:102EF000516CFA9A526CFB9A536CFC9A546CE0E356
:102F0000556CC7C9566CFD9A576CB9BA586CFE9A85
:102F1000596C409B5A6C419B5B6CB4D15C6CE1E397
:102F20005D6CEAC85E6CAFB95F6CADBD606CD8B368
:102F3000616CDBCE626C429B636C439B646CC0CC67
:102F4000656C449B666C459B676C469B686CE8E3CC
:102F5000696CE9E36A6CF4CD6B6C479B6C6C489BC5
:102F60006D6C499B6E6C4A9B6F6C4B9B706CADCCCF
:102F7000716C4C9B726CB3BC736C4D9B746CEAE3CC
:102F8000756C4E9B766CEBE3776C4F9B786C509B2B
:102F9000796CDAD07A6C519B7B6C529B7C6C539B26
:102FA0007D6CFBC67E6CDAB77F6C549B806C559B46
:102FB000816CDFC7826CCAD2836CD6CE846C569B80
:102FC000856CE4E3866CECE3876C579B886CF2C9F4
:102FD000896CC1B38A6C589B8B6C599B8C6CE7E3F2
:102FE0008D6C5A9B8E6C5B9B8F6CE3C6906CE5E39B
:102FF000916C5C9B926C5D9B936CB3ED946CE6E37F
:10300000956C5E9B966C5F9B976C609B986C619BCC
:10301000996CB3C99A6C629B9B6CE6C59C6C639B74
:103020009D6C649B9E6C659B9F6CB5B9A06C669B08
:10303000A16CBBC3A26C679BA36CE3E3A46CBDC58E
:10304000A56CA4C1A66CD9C2A76CD7B2A86C689BAA
:10305000A96CEDE3AA6CA6BBAB6CADC4AC6C699B70
:10306000AD6CF0E3AE6CDABEAF6C6A9BB06C6B9B80
:10307000B16CFBE3B26CF5E3B36CD3BAB46C6C9B8C
:10308000B56C6D9BB66C6E9BB76C6F9BB86CD0B714
:10309000B96CCDD3BA6C709BBB6CCED6BC6CD3D59F
:1030A000BD6CC1B9BE6CB4D5BF6CD8D1C06C719BBE
:1030B000C16C729BC26C739BC36C749BC46CB9D0A3
:1030C000C56CF6C7C66C759BC76C769BC86C779B46
:1030D000C96CAAC8CA6CB4B2CB6C789BCC6CDAC38E
:1030E000CD6C799BCE6C7A9BCF6C7B9BD06CEEE3E6
:1030F000D16C7C9BD26C7D9BD36CFCE3D46CEFE3F6
:10310000D56CA8B7D66CF7E3D76CF4E3D86C7E9B8C
:10311000D96C809BDA6C819BDB6CBAB7DC6C829BD0
:10312000DD6C839BDE6CA2C5DF6C849BE06CF6E3F8
:10313000E16CDDC5E26CA8B2E36CFCC6E46C859B77
:10314000E56CE0C4E66C869BE76C879BE86CA2D7D5
:10315000E96C889BEA6CE1C0EB6CF9E3EC6C899B51
:10316000ED6C8A9BEE6CFAE3EF6CFDE3F06CA9CC9E
:10317000F16CF3E3F26C8B9BF36CBED3F46C8C9B21
:10318000F56CC3B1F66CB4EDF76CF1E3F86CF2E3F7
:10319000F96C8D9BFA6CF8E3FB6CBAD0FC6CC3C67F
:1031A000FD6CF3D4FE6CFEE3FF6C8E9B006D8F9B79
:1031B000016DE0BD026D909B036D919B046DA7E4D2
:1031C000056D929B066D939B076DA6E4086D949B1D
:1031D000096D959B0A6D969B0B6DF3D10C6DA3E465
:1031E0000D6D979B0E6DA9E40F6D989B106D999BCB
:1031F000116D9A9B126DF7C8136D9B9B146D9C9B70
:10320000156D9D9B166D9E9B176DB4CF186D9F9B82
:10321000196DA8E41A6DAEE41B6DE5C21C6DA09B90
:103220001D6DA19B1E6DB4B61F6DA29B206DA39B4F
:10323000216DA49B226DA59B236DA69B246DA79B4E
:10324000256DF2BD266DA89B276DA2E4286DA99B74
:10325000296DAA9B2A6DE9BA2B6DAAE42C6DAB9B54
:103260002D6DAC9B2E6DACE42F6DAD9B306DAE9B88
:10327000316DFDB6326DDED6336DB2E4346DAF9B89
:10328000356DADE4366DB09B376DB19B386DB29B3B
:10329000396DA1E43A6DB39B3B6DEEBB3C6DDDCD6A
:1032A0003D6DA2C73E6DC9C53F6DB49B406DB59BDA
:1032B000416DF7C1426DB69B436DA4E4446DB79B6D
:1032C000456DB3C7466DACBD476DBDBD486DA5E44A
:1032D000496DB89B4A6DC7D74B6DE2B24C6DB99B37
:1032E0004D6DABE44E6DC3BC4F6DAFE4506DBA9BFA
:1032F000516DEBBB526DB0E4536DA8C5546DB1E494
:10330000556DBB9B566DBC9B576DBD9B586DBE9B51
:10331000596DE3D55A6DA3BF5B6DBF9B5C6DBAE47D
:103320005D6DC09B5E6DB7E45F6DC19B606DBBE47E
:10333000616DC29B626DC39B636DBDE4646DC49B94
:10334000656DC59B666DD6C6676DC69B686DC79B70
:10335000696DC6BA6A6DCBC06B6DC89B6C6DC99B3D
:103360006D6DCA9B6E6DA1B86F6DB4E4706DCB9B33
:10337000716DCC9B726DCD9B736DCE9B746DA1D422
:10338000756DCF9B766DD09B776DA3BA786DFEBDC2
:10339000796DD19B7A6DD29B7B6DD39B7C6DBCE4A8
:1033A0007D6DD49B7E6DD59B7F6DD69B806DD79BAD
:1033B000816DD89B826DBFCD836DD99B846DDA9B67
:1033C000856DF9C4866DDB9B876DDC9B886DFBCFBB
:1033D000896DE6C98A6DDD9B8B6DDE9B8C6DBFD3DD
:1033E0008D6DDF9B8E6DD1CF8F6DE09B906DE19BDE
:1033F000916DB3E4926DE29B936DB8E4946DB9E482
:10340000956DE9CC966DE39B976DE49B986DE59B7C
:10341000996DE69B9A6DE79B9B6DCECC9C6DE89B6E
:103420009D6DD4C09E6DB5E49F6DB0C1A06DB6E436
:10343000A16DD0CEA26DE99BA36DC1BBA46DD3B528
:10344000A56DEA9BA66DF3C8A76DA7BDA86DC7D5EE
:10345000A96DACC9AA6DA2B8AB6DCAE4AC6DEB9B0B
:10346000AD6DEC9BAE6DCCE4AF6DC4D1B06DED9B9A
:10347000B16DEE9BB26DBAD2B36DEF9BB46DF09BA4
:10348000B56DADBAB66DF19BB76DF29BB86DD4BAA0
:10349000B96DF39BBA6DF49BBB6DF59BBC6DF69B50
:1034A000BD6DF79BBE6DF89BBF6DC3E4C06DEDB500
:1034B000C16DF99BC26DFA9BC36DFB9BC46DCDD7EB
:1034C000C56DC0E4C66DFDCFC76DBFE4C86DFC9B84
:1034D000C96DFD9BCA6DFE9BCB6DDCC1CC6DCACCAA
:1034E000CD6D409CCE6D419CCF6D429CD06D439C78
:1034F000D16DE7CAD26D449CD36D459CD46D469C7A
:10350000D56D479CD66DD7C4D76D489CD86DD4CCAB
:10351000D96DC8E4DA6D499CDB6D4A9CDC6D4B9C2F
:10352000DD6DC7E4DE6DC1E4DF6D4C9CE06DC4E48D
:10353000E16DADB5E26D4D9CE36D4E9CE46DD9D36C
:10354000E56D4F9CE66DC6E4E76D509CE86D519CBF
:10355000E96D529CEA6D539CEB6DF9D2EC6DE3B4CE
:10356000ED6D549CEE6DB4BBEF6D559CF06D569CAB
:10357000F16DEEC9F26D579CF36DBEB4F46D589CBD
:10358000F56D599CF66D5A9CF76DECBBF86D5B9C24
:10359000F96DCDD1FA6D5C9CFB6DEDCCFC6DB5ED9C
:1035A000FD6D5D9CFE6D5E9CFF6D5F9C006E609C82
:1035B000016E619C026E629C036E639C046E649C4F
:1035C000056EE5C7066E659C076E669C086E679C77
:1035D000096E689C0A6EA8D40B6E699C0C6ECBE4D5
:1035E0000D6ED5D70E6EC2E40F6E6A9C106EA5BD2F
:1035F000116EC5E4126E6B9C136E6C9C146EE6D358
:10360000156E6D9C166EC9E4176EF8C9186E6E9C27
:10361000196E6F9C1A6EBEE41B6E709C1C6E719CC2
:103620001D6EE5D31E6E729C1F6E739C206EFEC7CE
:10363000216EC9B6226E749C236EFCD4246EB3B284
:10364000256ED7E4266E759C276E769C286E779C37
:10365000296EC2CE2A6E789C2B6ECDE42C6E799C9E
:103660002D6EBCCE2E6E7A9C2F6EDBB8306E7B9C9E
:10367000316E7C9C326ED6E4336E7D9C346ECABF54
:10368000356E7E9C366E809C376E819C386ECED3B4
:10369000396E829C3A6EECC33B6E839C3C6E849C7C
:1036A0003D6E859C3E6E869C3F6E879C406E889CDE
:1036B000416E899C426E8A9C436EC8C5446ED8E4B4
:1036C000456E8B9C466E8C9C476E8D9C486E8E9C86
:1036D000496E8F9C4A6E909C4B6E919C4C6E929C56
:1036E0004D6EC4CD4E6ECFE44F6E939C506E949C45
:1036F000516E959C526E969C536ED4E4546ED5E4F4
:10370000556E979C566EFEBA576E989C586EE6CFD3
:10371000596E999C5A6E9A9C5B6EBFD55C6E9B9C51
:103720005D6E9C9C5E6E9D9C5F6ED2E4606E9E9C06
:10373000616E9F9C626EA09C636EA19C646EA29C55
:10374000656EA39C666EA49C676EA59C686EA69C25
:10375000696EA79C6A6EA89C6B6ED0E46C6EA99C87
:103760006D6EAA9C6E6ECEE46F6EAB9C706EAC9C60
:10377000716EAD9C726EAE9C736EAF9C746EB09C9D
:10378000756EB19C766EB29C776EB39C786EB49C6D
:10379000796EB59C7A6EB69C7B6EB79C7C6EB89C3D
:1037A0007D6EB99C7E6EE5CD7F6EAACA806EBA9C96
:1037B000816EBB9C826EBC9C836EA3C0846EBD9CDC
:1037C000856EA6BD866ED3E4876EBE9C886EBF9C58
:1037D000896EC8B88A6EC09C8B6EC19C8C6EC29C70
:1037E0008D6EC39C8E6EC49C8F6EE7E4906EB4D4D5
:1037F000916EC59C926EC69C936EC79C946EC89C3D
:10380000956EC99C966ECA9C976ECB9C986EDBE4B5
:10381000996ECC9C9A6ECD9C9B6ECE9C9C6EEFC19B
:103820009D6ECF9C9E6ED09C9F6EE9E4A06ED19C55
:10383000A16ED29CA26EE7D2A36ED39CA46ED49C40
:10384000A56EDFE4A66ED59CA76EE0E4A86ED69CBC
:10385000A96ED79CAA6EAACFAB6ED89CAC6ED99C31
:10386000AD6EDA9CAE6EDB9CAF6EDDCBB06EDC9CD9
:10387000B16EDAE4B26ED1E4B36EDD9CB46EE5E411
:10388000B56EDE9CB66EDCC8B76EE3E4B86EDF9C46
:10389000B96EE09CBA6EE7C4BB6EE2E4BC6EE19C1C
:1038A000BD6EE1E4BE6EE29CBF6EE39CC06EE49C24
:1038B000C16EFCB3C26EE8E4C36EE59CC46EE69CC8
:1038C000C56EE79CC66EE89CC76EE1B5C86EE99C04
:1038D000C96EEA9CCA6EEB9CCB6ECCD7CC6EEC9CCE
:1038E000CD6EED9CCE6EEE9CCF6EE6E4D06EEF9C7E
:1038F000D16EACBBD26EF09CD36ED2D7D46ECFCC8F
:10390000D56EF8EBD66EF19CD76EE4E4D86EF29CDF
:10391000D96EF39CDA6EF6B9DB6EF49CDC6EF59C26
:10392000DD6EF69CDE6ECDD6DF6ED9E4E06EDCE4B3
:10393000E16EFAC2E26EDEE4E36EF79CE46ECBC2A7
:10394000E56EC4C0E66ED0C2E76EF89CE86EF5B1D5
:10395000E96EB2CCEA6EF99CEB6EFA9CEC6EFB9CC5
:10396000ED6EFC9CEE6EFD9CEF6EFE9CF06E409D3D
:10397000F16E419DF26E429DF36E439DF46ECEB5A5
:10398000F56E449DF66E459DF76E469DF86E479D1B
:10399000F96EEFE4FA6E489DFB6E499DFC6E4A9D00
:1039A000FD6E4B9DFE6E4C9DFF6E4D9D006F4E9DBE
:1039B000016F4F9D026FAFC6036F509D046F519D05
:1039C000056F529D066FE1C6076F539D086F549DAA
:1039D000096FF5E40A6F559D0B6F569D0C6F579D4F
:1039E0000D6F589D0E6F599D0F6FA9C2106F5A9D94
:1039F000116F5B9D126F5C9D136FECC0146FDDD176
:103A0000156FEEE4166F5D9D176F5E9D186F5F9DDD
:103A1000196F609D1A6F619D1B6F629D1C6F639D86
:103A20001D6F649D1E6F659D1F6F669D206FAEC4E8
:103A3000216F679D226F689D236F699D246FEDE460
:103A4000256F6A9D266F6B9D276F6C9D286F6D9DFE
:103A5000296FF6E42A6FF4E42B6FFEC22C6F6E9D83
:103A60002D6FDDE42E6F6F9D2F6FF0E4306F709D32
:103A7000316FFECA326F719D336FC4D5346F729D42
:103A8000356F739D366FF1E4376F749D386F759D98
:103A9000396F769D3A6F779D3B6F789D3C6F799D2E
:103AA0003D6F7A9D3E6FFAD13F6F7B9D406F7C9D4D
:103AB000416F7D9D426F7E9D436F809D446F819DD0
:103AC000456F829D466FEBE4476FECE4486F839D42
:103AD000496F849D4A6F859D4B6FF2E44C6F869DC4
:103AE0004D6FABCE4E6F879D4F6F889D506F899DF8
:103AF000516F8A9D526F8B9D536F8C9D546F8D9D1E
:103B0000556F8E9D566F8F9D576F909D586FCBC58B
:103B1000596F919D5A6F929D5B6F939D5C6FB1C77A
:103B20005D6F949D5E6FBAC25F6F959D606F969D4D
:103B3000616F979D626FEAE4636F989D646F999DD2
:103B4000656F9A9D666FCAC1676F9B9D686F9C9DEC
:103B5000696F9D9D6A6F9E9D6B6F9F9D6C6FA09D11
:103B60006D6FB6CC6E6FB1B36F6FA19D706FA29D7C
:103B7000716FA39D726FFBE4736FA49D746FF3E488
:103B8000756FA59D766FA69D776FA79D786FFAE4F8
:103B9000796FA89D7A6FFDE47B6FA99D7C6FFCE433
:103BA0007D6FAA9D7E6FAB9D7F6FAC9D806FAD9D3D
:103BB000816FAE9D826FAF9D836FB09D846FCEB3DA
:103BC000856FB19D866FB29D876FB39D886FBAB3C5
:103BD000896FF7E48A6FB49D8B6FB59D8C6FF9E4A4
:103BE0008D6FF8E48E6FECC58F6FB69D906FB79DAB
:103BF000916FB89D926FB99D936FBA9D946FBB9D65
:103C0000956FBC9D966FBD9D976FBE9D986FBF9D34
:103C1000996FC09D9A6FC19D9B6FC29D9C6FBDC0E7
:103C20009D6FC39D9E6FC49D9F6FC59DA06FC69DD8
:103C3000A16FE8D4A26FC79DA36FC89DA46FC99D53
:103C4000A56FCA9DA66FCB9DA76FA2E5A86FCC9D5F
:103C5000A96FCD9DAA6FCE9DAB6FCF9DAC6FD09D50
:103C6000AD6FD19DAE6FD29DAF6FD39DB06FD49D20
:103C7000B16FD59DB26FD69DB36FC4B0B46FD79DF1
:103C8000B56FD89DB66FA4E5B76FD99DB86FDA9DB3
:103C9000B96FA3E5BA6FDB9DBB6FDC9DBC6FDD9D8B
:103CA000BD6FDE9DBE6FDF9DBF6FE09DC06FA4BC8A
:103CB000C16FE19DC26FA5E5C36FE29DC46FE39D37
:103CC000C56FE49DC66FE59DC76FE69DC86FE79D14
:103CD000C96FA1E5CA6FE89DCB6FE99DCC6FEA9DE6
:103CE000CD6FEB9DCE6FEC9DCF6FED9DD06FEE9DB8
:103CF000D16FFEE4D26FF4B1D36FEF9DD46FF09D1E
:103D0000D56FF19DD66FF29DD76FF39DD86FF49D5F
:103D1000D96FF59DDA6FF69DDB6FF79DDC6FF89D2F
:103D2000DD6FF99DDE6FA8E5DF6FFA9DE06FA9E515
:103D3000E16FA6E5E26FFB9DE36FFC9DE46FFD9DE7
:103D4000E56FFE9DE66F409EE76F419EE86F429EE5
:103D5000E96F439EEA6F449EEB6F459EEC6F469E73
:103D6000ED6F479EEE6FA7E5EF6FAAE5F06F489EF7
:103D7000F16F499EF26F4A9EF36F4B9EF46F4C9E1B
:103D8000F56F4D9EF66F4E9EF76F4F9EF86F509EEB
:103D9000F96F519EFA6F529EFB6F539EFC6F549EBB
:103DA000FD6F559EFE6F569EFF6F579E0070589E8A
:103DB0000170599E02705A9E03705B9E04705C9E57
:103DC00005705D9E06705E9E07705F9E0870609E27
:103DD0000970619E0A70629E0B70639E0C70649EF7
:103DE0000D70659E0E70669E0F70679E1070689EC7
:103DF0001170D9C61270699E13706A9E14706B9E02
:103E000015706C9E16706D9E17706E9E18706F9E6A
:103E10001970709E1A70ABE51B70ADE51C70719E39
:103E20001D70729E1E70739E1F70749E2070759E12
:103E30002170769E2270779E2370ACE52470789E68
:103E40002570799E26707A9E27707B9E28707C9EB6
:103E500029707D9E2A707E9E2B70809E2C70819E84
:103E60002D70829E2E70839E2F70849E3070859E52
:103E70003170869E3270879E3370889E3470899E22
:103E80003570AFE536708A9E37708B9E38708C9E89
:103E90003970AEE53A708D9E3B708E9E3C708F9E61
:103EA0003D70909E3E70919E3F70929E4070939E9A
:103EB0004170949E4270959E4370969E4470979E6A
:103EC0004570989E4670999E47709A9E48709B9E3A
:103ED00049709C9E4A709D9E4B709E9E4C70E0B9AE
:103EE0004D709F9E4E70A09E4F70B0E55070A19E89
:103EF0005170A29E5270A39E5370A49E5470A59EB2
:103F00005570A69E5670A79E5770A89E5870A99E81
:103F10005970AA9E5A70AB9E5B70AC9E5C70AD9E51
:103F20005D70AE9E5E70B1E55F70AF9E6070B09EDA
:103F30006170B19E6270B29E6370B39E6470B49EF5
:103F40006570B59E6670B69E6770B79E6870B89EC5
:103F50006970B99E6A70BA9E6B70F0BB6C70E1ECD0
:103F60006D70F0C36E70BB9E6F70C6B57070D2BBC3
:103F70007170BC9E7270BD9E7370BE9E7470BF9E49
:103F80007570E9C17670EED47770C09E7870C4BE4B
:103F90007970C19E7A70C29E7B70C39E7C70C6D7BA
:103FA0007D70C49E7E70D6D47F70D3B28070BEEC1C
:103FB0008170C59E8270C69E8370C79E8470C89EA5
:103FC0008570C1EA8670C99E8770CA9E8870CB9E34
:103FD0008970AFC28A70B6B48B70CC9E8C70CD9E47
:103FE0008D70CE9E8E70D7D18F70CF9E9070D09EE8
:103FF0009170D19E9270B4B39370D29E9470B2C8F7
:104000009570BBBF9670C0EC9770D39E9870D49E8D
:104010009970CBD69A70D59E9B70D69E9C70BFEC43
:104020009D70C1EC9E70D79E9F70D89EA070D99E47
:10403000A170DA9EA270DB9EA370DC9EA470DD9E50
:10404000A570DE9EA670DF9EA770E09EA870E19E20
:10405000A970E29EAA70E39EAB70C5ECAC70E6BEA0
:10406000AD70BFCCAE70DAC5AF70BCBEB070E49EB0
:10407000B170C6ECB270E59EB370FEB1B470E69E4E
:10408000B570E79EB670E89EB770C4ECB870A8D55E
:10409000B970E3B5BA70E99EBB70C2ECBC70B6C132
:1040A000BD70E3B3BE70EA9EBF70EB9EC070C3EC00
:1040B000C170B8CBC270C3C0C370FECCC470EC9EDC
:1040C000C570ED9EC670EE9EC770EF9EC870D2C1DF
:1040D000C970F09ECA70C8ECCB70F19ECC70F29E95
:1040E000CD70F39ECE70F49ECF70F59ED070F69E8C
:1040F000D170F79ED270F89ED370F99ED470FA9E5C
:10410000D570FB9ED670FC9ED770FD9ED870E6BA27
:10411000D970D3C0DA70FE9EDB70F2D6DC70409F9F
:10412000DD70419FDE70429FDF70CCD1E070439F15
:10413000E170449FE270459FE370469FE470BEBF0C
:10414000E570479FE670B3B7E770D5C9E870C7EC74
:10415000E970E2BBEA70489FEB70CCCCEC70FDBD1F
:10416000ED70C8C8EE70499FEF70A9CFF0704A9FFC
:10417000F1704B9FF2704C9FF3704D9FF4704E9F07
:10418000F5704F9FF670509FF770E9CDF870519F12
:10419000F970EBC5FA70529FFB70539FFC70549FEF
:1041A000FD70E9B7FE70559FFF70569F0071579FD5
:1041B0000171589F0271599F03715A9F04715B9F4F
:1041C00005715C9F06715D9F07715E9F08715F9F1F
:1041D0000971C9D10A71B8BA0B71609F0C71619FE6
:1041E0000D71629F0E71639F0F71649F1071C9EC16
:1041F0001171659F1271669F1371CAEC1471679FEC
:104200001571C0BB1671CBEC1771689F1871E2EC89
:104210001971BAB11A71D9B71B71699F1C716A9F64
:104220001D716B9F1E716C9F1F716D9F20716E9F22
:1042300021716F9F2271709F2371719F2471729FF2
:104240002571739F2671B9BD2771749F2871759F61
:104250002971769F2A71779F2B71789F2C71799F96
:104260002D717A9F2E717B9F2F71CCEC3071E6D12E
:104270003171CDEC32717C9F33717D9F34717E9FA3
:104280003571809F3671BBC83771819F3871829FAD
:104290003971839F3A71849F3B71859F3C71869FE2
:1042A0003D71879F3E71889F3F71899F40718A9FB2
:1042B00041718B9F42718C9F43718D9F44718E9F82
:1042C0004571D1EC46718F9F4771909F4871919FC6
:1042D0004971929F4A71D3EC4B71939F4C71CDBB46
:1042E0004D71949F4E71E5BC4F71959F5071969F93
:1042F0005171979F5271989F5371999F54719A9FD2
:1043000055719B9F56719C9F57719D9F58719E9FA1
:1043100059719F9F5A71A09F5B71A19F5C71CFECF7
:104320005D71A29F5E71B7C95F71A39F6071A49F09
:104330006171A59F6271A69F6371A79F6471BAC3E3
:104340006571A89F6671E3EC6771D5D56871D0EC93
:104350006971A99F6A71AA9F6B71AB9F6C71AC9FC9
:104360006D71AD9F6E71F3D66F71AE9F7071AF9F1F
:104370007171B09F7271D2EC7371CEEC7471B19F98
:104380007571B29F7671B39F7771B49F7871D4ECD9
:104390007971B59F7A71D5EC7B71B69F7C71B79FAF
:1043A0007D71BFC97E71B89F7F71B99F8071BA9FBF
:1043B0008171BB9F8271BC9F8371BD9F8471A8CFA7
:1043C0008571BE9F8671BF9F8771C09F8871C19F95
:1043D0008971C29F8A71DCD08B71C39F8C71C49F1D
:1043E0008D71C59F8E71C69F8F71ACD19071C79F23
:1043F0009171C89F9271C99F9371CA9F9471DBC8D4
:104400009571CB9F9671CC9F9771CD9F9871D6EC8B
:104410009971F5CE9A71CE9F9B71CF9F9C71D09F61
:104420009D71D19F9E71D29F9F71ECCAA071DAECF1
:10443000A171D39FA271D49FA371D59FA471D69F60
:10444000A571D79FA671D89FA771D99FA871D9ECE4
:10445000A971DA9FAA71DB9FAB71DC9FAC71BEB012
:10446000AD71DD9FAE71DE9FAF71DF9FB071E09FD8
:10447000B171E19FB271E29FB371D7ECB471E39F68
:10448000B571D8ECB671E49FB771E59FB871E69F3E
:10449000B971E4ECBA71E79FBB71E89FBC71E99F09
:1044A000BD71EA9FBE71EB9FBF71EC9FC071ED9F24
:1044B000C171EE9FC271EF9FC371BCC8C471F09F00
:1044C000C571F19FC671F29FC771F39FC871F49FC8
:1044D000C971F59FCA71F69FCB71F79FCC71F89F98
:1044E000CD71F99FCE71C7C1CF71FA9FD071FB9F7B
:1044F000D171FC9FD271FD9FD371FE9FD471DCEC12
:10450000D571E0D1D67140A0D77141A0D87142A039
:10451000D97143A0DA7144A0DB7145A0DC7146A0DB
:10452000DD7147A0DE7148A0DF7149A0E071DBECCE
:10453000E1714AA0E2714BA0E3714CA0E4714DA07F
:10454000E571EFD4E6714EA0E771DDECE8714FA0A4
:10455000E97150A0EA7151A0EB7152A0EC7153A027
:10456000ED7154A0EE71C6DBEF7155A0F07156A04D
:10457000F17157A0F27158A0F37159A0F4715AA0CB
:10458000F5715BA0F6715CA0F7715DA0F8715EA09B
:10459000F971DEECFA715FA0FB7160A0FC7161A0A3
:1045A000FD7162A0FE7163A0FF7164A0007265A03E
:1045B000017266A0027267A0037268A0047269A00B
:1045C00005726AA00672ACB107726BA008726CA08B
:1045D00009726DA00A726EA00B726FA00C7270A0AF
:1045E0000D7271A00E7272A00F7273A0107274A07F
:1045F000117275A0127276A0137277A0147278A04F
:10460000157279A016727AA017727BA018727CA01E
:1046100019727DA01A727EA01B7280A01C7281A0EC
:104620001D72DFEC1E7282A01F7283A0207284A014
:10463000217285A0227286A0237287A0247288A08E
:10464000257289A026728AA027728BA02872E0ECBE
:1046500029728CA02A72A6D72B728DA02C72C0C58D
:104660002D728EA02E728FA02F7290A03072BCEB94
:104670003172AEB0327291A0337292A0347293A0B4
:104680003572F4BE3672B8B83772AFD23872D6B05F
:104690003972F9B53A7294A03B72B3D83C7295A0C6
:1046A0003D72ACCB3E7296A03F72DDE3407297A0A4
:1046B000417298A0427299A043729AA044729BA042
:1046C00045729CA046729DA04772ACC64872E6B087
:1046D00049729EA04A729FA04B72A0A04C72C6C5A0
:1046E0004D72B9EB4E72A1A04F72A2A05072A3A05E
:1046F0005172A4A05272BAEB5372A5A05472A6A034
:104700005572A7A05672BBEB5772A8A05872A9A009
:104710005972C0D15A72AAA05B72A3C55C72ABA0D9
:104720005D72F2EA5E72ACA05F72B2C46072ADA05C
:104730006172B5C46272CEC06372AEA06472AFA083
:104740006572B0A06672F3EA6772C1C46872B1A004
:104750006972EFCE6A72B2A06B72B3A06C72B4A031
:104760006D72B5A06E72F0EA6F72F4EA7072B6A064
:104770007172B7A07272FCC97372B8A07472B9A0DA
:104780007572A3C77672BAA07772BBA07872BCA00C
:104790007972D8CC7A72FECE7B72BDA07C72BEA03C
:1047A0007D72BFA07E72F5EA7F72F6EA8072ACCFAE
:1047B0008172E7C08272C0A08372C1A08472F7EADE
:1047C0008572C2A08672C3A08772C4A08872C5A079
:1047D0008972C6A08A72BFB68B72F8EA8C72C7A0C3
:1047E0008D72F9EA8E72C8A08F72FAEA9072C9A02F
:1047F0009172CAA09272FBEA9372CBA09472CCA081
:104800009572CDA09672CEA09772CFA09872D0A0CC
:104810009972D1A09A72D2A09B72D3A09C72D4A09C
:104820009D72D5A09E72D6A09F72F1EAA072D7A009
:10483000A172D8A0A272D9A0A372DAA0A472DBA040
:10484000A572DCA0A672DDA0A772DEA0A872DFA010
:10485000A972E0A0AA72E1A0AB72E2A0AC72AEC8ED
:10486000AD72EBE1AE72E3A0AF72B8B7B072ECE13B
:10487000B172E4A0B272E5A0B372E6A0B472EDE149
:10488000B572E7A0B672B4D7B772EEE1B872EFE1D5
:10489000B972CCD3BA72E8A0BB72E9A0BC72EAA02C
:1048A000BD72EBA0BE72ECA0BF72EDA0C072EEA014
:1048B000C172F1E1C272F1BFC372F0E1C472D2B54C
:1048C000C572EFA0C672F0A0C772F1A0C872B7B1EE
:1048D000C972F2A0CA72F3A0CB72F4A0CC72F5A098
:1048E000CD72F3E1CE72F2E1CF72F6A0D072FCBAD3
:1048F000D172F7A0D272F4E1D372F8A0D472F9A009
:10490000D572FAA0D672FBA0D772B7B9D872FCA044
:10491000D972D1BEDA72FDA0DB72FEA0DC7240AAB1
:10492000DD7241AADE72FCC4DF7242AAE072DDBA17
:10493000E172C6BDE27243AAE37244AAE47245AAD8
:10494000E57246AAE67247AAE77248AAE872F5E15C
:10495000E972F7E1EA7249AAEB724AAAEC72C0B6B0
:10496000ED72C1CFEE72A8CAEF72F6E1F072F8D51F
:10497000F172FCD3F272F8E1F372FCE1F472F9E146
:10498000F5724BAAF6724CAAF772FAE1F872EAC015
:10499000F9724DAAFA72FEE1FB72A1E2FC72C7C085
:1049A000FD724EAAFE724FAAFF7250AA007351AA5E
:1049B0000173FBE1027352AA0373FDE1047353AA6E
:1049C000057354AA067355AA077356AA087357AA03
:1049D000097358AA0A73A5E20B7359AA0C735AAA51
:1049E0000D735BAA0E73D4C10F735CAA10735DAA1A
:1049F00011735EAA12735FAA1373A3E2147360AA01
:104A00001573A8E21673FEB21773A2E2187361AAB7
:104A1000197362AA1A7363AA1B73CDC31C73C2B243
:104A20001D73A7E21E73A6E21F7364AA207365AA12
:104A30002173A4E22273A9E2237366AA247367AAEE
:104A40002573ABE2267368AA277369AA28736AAA3A
:104A50002973C9D02A73EDD62B73A8C32C73ACE28B
:104A60002D736BAA2E73D7CF2F736CAA30736DAAD8
:104A70003173AEE232736EAA33736FAA3473EFBA36
:104A8000357370AA367371AA3773E0E93873ADE2F3
:104A90003973AAE23A7372AA3B7373AA3C7374AA7D
:104AA0003D7375AA3E73ABBB3F73B3D4407376AA14
:104AB000417377AA427378AA437379AA44737AAA96
:104AC00045737BAA46737CAA47737DAA48737EAA66
:104AD000497380AA4A7381AA4B7382AA4C7383AA32
:104AE0004D73B0E24E7384AA4F7385AA5073AFE240
:104AF000517386AA5273E1E9537387AA547388AA43
:104B0000557389AA56738AAA5773B1E258738BAA50
:104B100059738CAA5A738DAA5B738EAA5C738FAA81
:104B20005D7390AA5E7391AA5F7392AA6073B2E2FA
:104B3000617393AA627394AA637395AA647396AA25
:104B4000657397AA667398AA677399AA68739AAAF5
:104B500069739BAA6A739CAA6B739DAA6C73B3E278
:104B60006D73A1CC6E739EAA6F73B4E270739FAA2B
:104B70007173A0AA727340AB737341AB747342AB91
:104B8000757343AB767344AB777345AB787346ABC1
:104B9000797347AB7A7348AB7B7349AB7C734AAB91
:104BA0007D734BAB7E73B5E27F734CAB80734DABC3
:104BB00081734EAB82734FAB837350AB8473FED063
:104BC000857351AB867352AB8773CAC2887353AB7C
:104BD0008973F1D38A7354AB8B73F5CD8C7355AB5A
:104BE0008D7356AB8E73E0E78F7357AB907358ABF2
:104BF0009173E1E7927359AB93735AAB94735BABC8
:104C000095735CAB9673C1BE97735DAB98735EABE7
:104C100099735FAB9A7360AB9B73EAC29C7361AB91
:104C20009D7362AB9E7363AB9F73E4E7A07364AB49
:104C3000A17365ABA273E3E7A37366ABA47367AB21
:104C4000A57368ABA67369ABA7736AABA8736BABAC
:104C5000A973E6CDAA736CABAB73B5C3AC736DAB84
:104C6000AD736EABAE73E2E7AF73B7BBB073D6CFC5
:104C7000B1736FABB273E1C1B373E9E7B47370ABF7
:104C8000B57371ABB67372ABB773E8E7B87373AB58
:104C9000B97374ABBA73F4E7BB73A3B2BC7375ABEF
:104CA000BD7376ABBE7377ABBF7378ABC073EAE707
:104CB000C17379ABC273E6E7C3737AABC4737BABE2
:104CC000C5737CABC6737DABC7737EABC873ECE7B3
:104CD000C973EBE7CA73BAC9CB7380ABCC7381AB32
:104CE000CD73E4D5CE7382ABCF73E5E7D073A9B7AC
:104CF000D173E7E7D27383ABD37384ABD47385AB43
:104D0000D57386ABD67387ABD77388ABD87389ABB3
:104D1000D973EEE7DA738AABDB738BABDC738CABE6
:104D2000DD738DABDE73F3E7DF738EABE073E9D633
:104D3000E1738FABE27390ABE37391ABE47392AB2F
:104D4000E573EDE7E67393ABE773F2E7E87394ABD3
:104D5000E973F1E7EA7395ABEB7396ABEC7397AB42
:104D6000ED73E0B0EE7398ABEF7399ABF0739AAB61
:104D7000F1739BABF273F5E7F3739CABF4739DABEC
:104D8000F5739EABF6739FABF773A0ABF87340ACB3
:104D9000F97341ACFA7342ACFB7343ACFC7344ACA3
:104DA000FD7345ACFE7346ACFF7347AC007448AC72
:104DB000017449AC02744AAC0374F2C704744BAC7E
:104DC0000574C5C00674EDC007744CAC08744DACD6
:104DD0000974F0C10A74F0E70B744EAC0C744FAC5C
:104DE0000D7450AC0E7451AC0F74F6E71074F6CB22
:104DF000117452AC127453AC137454AC147455AC9B
:104E0000157456AC167457AC177458AC187459AC6A
:104E100019745AAC1A74A2E81B74A1E81C745BAC38
:104E20001D745CAC1E745DAC1F745EAC20745FAC12
:104E3000217460AC2274C1D7237461AC247462AC59
:104E40002574FAE72674F9E7277463AC2874FBE746
:104E5000297464AC2A74F7E72B7465AC2C74FEE7F4
:104E60002D7466AC2E74FDE72F7467AC3074FCE7CC
:104E7000317468AC327469AC3374D5C13474D9C739
:104E80003574FDC53674C3C537746AAC38746BAC01
:104E900039746CAC3A746DAC3B746EAC3C74EDC759
:104EA0003D746FAC3E7470AC3F7471AC407472ACC6
:104EB0004174A3E8427473AC437474AC447475AC2D
:104EC000457476AC467477AC477478AC487479AC6A
:104ED00049747AAC4A747BAC4B747CAC4C747DAC3A
:104EE0004D747EAC4E7480AC4F7481AC507482AC07
:104EF000517483AC527484AC537485AC547486ACD6
:104F00005574A6E8567487AC5774A5E8587488ACF5
:104F10005974A7E85A74F7BA5B74F8E75C74A4E8AC
:104F20005D7489AC5E74F0C85F74AAC960748AACA1
:104F300061748BAC62748CAC63748DAC64748EAC35
:104F400065748FAC667490AC677491AC687492AC05
:104F5000697493AC6A7494AC6B7495AC6C7496ACD5
:104F60006D74A9E86E7497AC6F7498AC7074E5B901
:104F7000717499AC72749AAC73749BAC74749CAC7D
:104F800075749DAC7674FED17774A8E878749EAC85
:104F900079749FAC7A74A0AC7B7440AD7C7441ADE5
:104FA0007D7442AD7E74AAE87F7443AD8074ADE831
:104FB0008174AEE8827444AD8374A7C1847445AD36
:104FC000857446AD867447AD8774AFE8887448AD84
:104FD000897449AD8A744AAD8B74B0E88C744BAD5A
:104FE0008D744CAD8E74ACE88F744DAD9074B4E894
:104FF00091744EAD92744FAD937450AD947451ADA5
:10500000957452AD967453AD977454AD987455AD74
:10501000997456AD9A7457AD9B7458AD9C74ABE8B7
:105020009D7459AD9E74B1E89F745AADA0745BAD88
:10503000A1745CADA2745DADA3745EADA4745FADEC
:10504000A57460ADA67461ADA774B5E8A874B2E8A4
:10505000A974B3E8AA7462ADAB7463ADAC7464AD0B
:10506000AD7465ADAE7466ADAF7467ADB07468AD68
:10507000B17469ADB2746AADB3746BADB4746CAD38
:10508000B5746DADB6746EADB7746FADB87470AD08
:10509000B97471ADBA74B7E8BB7472ADBC7473AD5A
:1050A000BD7474ADBE7475ADBF7476ADC07477ADAC
:1050B000C17478ADC27479ADC3747AADC4747BAD7C
:1050C000C5747CADC6747DADC7747EADC87480AD4B
:1050D000C97481ADCA7482ADCB7483ADCC7484AD18
:1050E000CD7485ADCE7486ADCF7487ADD07488ADE8
:1050F000D17489ADD274B6E8D3748AADD4748BAD53
:10510000D5748CADD6748DADD7748EADD8748FAD8B
:10511000D97490ADDA7491ADDB7492ADDC74CFB913
:10512000DD7493ADDE74ACF0DF7494ADE074ADF07B
:10513000E17495ADE274B0C6E374EAB0E474BFC83C
:10514000E57496ADE674DFCDE77497ADE87498AD7D
:10515000E97499ADEA749AADEB749BADEC749CADB7
:10516000ED749DADEE74CDCEEF74B1EAF0749EADEA
:10517000F1749FADF274A0ADF37440AEF474B2EA72
:10518000F57441AEF674BFC6F774C9B4F87442AE94
:10519000F97443AEFA7444AEFB7445AEFC7446AE8B
:1051A000FD7447AEFE7448AEFF74B3EA007549AEB5
:1051B00001754AAE02754BAE03754CAE0475E7D56A
:1051C00005754DAE06754EAE07754FAE087550AEFF
:1051D000097551AE0A7552AE0B7553AE0C7554AECF
:1051E0000D75F9DD0E7555AE0F75B4EA107556AE36
:1051F0001175B5EA127557AE1375B6EA147558AE47
:10520000157559AE16755AAE17755BAE1875CAB8D6
:105210001975B0DF1A75F5C91B755CAE1C75F0CC3D
:105220001D755DAE1E755EAE1F75FAC920755FAE49
:10523000217560AE227561AE237562AE247563AED2
:105240002575FBC9267564AE277565AE2875C3D371
:105250002975A6CB2A7566AE2B75A6B82C75AEF04F
:105260002D75C2B12E7567AE2F75B8E53075EFCCD0
:105270003175C9D33275D7BC3375EAC9347568AE98
:105280003575E7B5367569AE3775D0C43875E9B58B
:1052900039756AAE3A75AEEE3B75ADBB3C756BAE1B
:1052A0003D756CAE3E75DEE73F756DAE4075AFEE99
:1052B00041756EAE42756FAE437570AE447571AE9A
:1052C0004575A9B3467572AE477573AE4875B2EEB3
:1052D000497574AE4A7575AE4B75B1EE4C75E7BD48
:1052E0004D7576AE4E75B0EE4F75B7CE507577AE44
:1052F000517578AE527579AE53757AAE5475CFC587
:1053000055757BAE56757CAE57757DAE58757EAEC5
:105310005975F4C15A75CEDB5B75B3EE5C75F3D08D
:105320005D7580AE5E7581AE5F7582AE607583AE71
:10533000617584AE627585AE637586AE647587AE41
:105340006575D4C26675E8C6677588AE687589AE3E
:1053500069758AAE6A75ACB76B758BAE6C758CAEC1
:105360006D758DAE6E758EAE6F758FAE707590AEBD
:10537000717591AE7275B4EE737592AE7475EBB3D0
:10538000757593AE767594AE777595AE7875FBBBF3
:105390007975B5EE7A7596AE7B7597AE7C7598AEDD
:1053A0007D7599AE7E759AAE7F75DCE780759BAE94
:1053B00081759CAE82759DAE8375B6EE84759EAE8A
:1053C00085759FAE8675AEBD8775A0AE887540AFFA
:1053D000897541AF8A7542AF8B75E2F18C7543AF29
:1053E0008D7544AF8E7545AF8F75E8CA907546AF21
:1053F0009175C9D29275DAF0937547AF9475DBF069
:10540000957548AF9675DCF09775C6C1987549AF2C
:105410009975EDB89A75CEBE9B754AAF9C754BAF2A
:105420009D75DEF09E754CAF9F75B1C5A075DDF022
:10543000A175F1D1A2754DAFA375E0F0A475CCB004
:10544000A575EABDA6754EAFA7754FAFA87550AF4D
:10545000A97551AFAA7552AFAB75DFD2AC75DFF04D
:10546000AD7553AFAE75AFB4AF75E8B7B075E6F0D4
:10547000B175E5F0B275A3C6B375E1F0B475E2F0AD
:10548000B575C3B4B67554AFB77555AFB875E3F01D
:10549000B975EED5BA7556AFBB7557AFBC75DBCCD9
:1054A000BD75D2BEBE75B2BCBF7558AFC07559AF21
:1054B000C1755AAFC275E8F0C375E7F0C475E4F082
:1054C000C575A1B2C6755BAFC775A2D6C875B8D38E
:1054D000C975B7BECA75ACC8CB755CAFCC755DAFCE
:1054E000CD75EAF0CE755EAFCF755FAFD07560AFAA
:1054F000D17561AFD275F7D1D37562AFD475CCD603
:10550000D575DBBAD675E9F0D77563AFD875BBB67C
:10551000D97564AFDA7565AFDB75B4CDDC7566AF90
:10552000DD7567AFDE75A6C6DF7568AFE07569AF7C
:10553000E1756AAFE275A1C1E375EBF0E475EEF0D9
:10554000E5756BAFE675EDF0E775F0F0E875ECF03A
:10555000E9756CAFEA75BEBBEB75EFF0EC756DAF3E
:10556000ED756EAFEE756FAFEF7570AFF075B5CCD2
:10557000F175F2F0F27571AFF37572AFF475D5B3E2
:10558000F57573AFF67574AFF77575AFF87576AFDF
:10559000F975D4B1FA7577AFFB7578AFFC75F3F098
:1055A000FD7579AFFE757AAFFF75F4F00076F6F011
:1055B0000176E1B402767BAF0376F1F004767CAF3E
:1055C0000576F7F006767DAF07767EAF087680AF7A
:1055D000097681AF0A76FAF00B7682AF0C76F8F096
:1055E0000D7683AF0E7684AF0F7685AF1076F5F02B
:1055F000117686AF127687AF137688AF147689AFAF
:105600001576FDF016768AAF1776F9F01876FCF06D
:105610001976FEF01A768BAF1B76A1F11C768CAF53
:105620001D768DAF1E768EAF1F76C1CE2076A4F18B
:1056300021768FAF2276A3F1237690AF2476F6C140
:105640002576FBF02676DDCA277691AF287692AFD5
:105650002976F1B42A76F1B12B76B1CC2C7693AFC2
:105660002D76A6F12E7694AF2F7695AF3076A7F1F2
:10567000317696AF327697AF3376ACF13476CED5BD
:105680003576A9F1367698AF377699AF3876B3C8C4
:1056900039769AAF3A769BAF3B769CAF3C76A2F1D7
:1056A0003D769DAF3E76ABF13F76A8F14076A5F111
:1056B00041769EAF42769FAF4376AAF14476A0AF83
:1056C000457640B0467641B0477642B0487643B022
:1056D000497644B04A7645B04B7646B04C76A9B090
:1056E0004D76ADF14E7647B04F7648B0507649B022
:1056F00051764AB052764BB053764CB05476AFF1F7
:1057000055764DB05676B1F157764EB058764FB0CB
:10571000597650B05A7651B05B7652B05C76B0F1A3
:105720005D7653B05E76AEF15F7654B0607655B07C
:10573000617656B0627657B06376A2D1647658B07F
:10574000657659B066765AB067765BB068765CB0BD
:1057500069765DB06A765EB06B76B2F16C765FB0FA
:105760006D7660B06E7661B06F76B3F1707662B0D0
:10577000717663B0727664B0737665B0747666B035
:10578000757667B0767668B0777669B07876EFB977
:1057900079766AB07A766BB07B76C7B57C766CB07A
:1057A0007D76D7B07E76D9B07F766DB080766EB0DC
:1057B00081766FB08276EDD4837670B08476C4B58E
:1057C000857671B08676D4BD8776CABB8876A7F019
:1057D000897672B08A7673B08B76DEB88C7674B0C8
:1057E0008D7675B08E76A8F08F7676B0907677B09D
:1057F0009176A8B0927678B09376A9F0947679B045
:1058000095767AB09676EECD97767BB098767CB02A
:105810009976AAF09A767DB09B767EB09C7680B021
:105820009D7681B09E7682B09F7683B0A07684B05C
:10583000A17685B0A27686B0A37687B0A476ABF0C9
:10584000A57688B0A67689B0A7768AB0A8768BB000
:10585000A9768CB0AA768DB0AB768EB0AC768FB0D0
:10586000AD7690B0AE76A4C6AF7691B0B07692B079
:10587000B176E5D6B276E4F1B37693B0B476E5F1DD
:10588000B57694B0B67695B0B77696B0B87697B050
:10589000B97698B0BA7699B0BB769AB0BC769BB020
:1058A000BD769CB0BE769DB0BF76F3C3C0769EB089
:1058B000C1769FB0C276DBD3C376A0B0C47640B1C8
:1058C000C576D1D6C676E8C5C77641B1C876AFD31E
:1058D000C97642B1CA76E6D2CB7643B1CC7644B132
:1058E000CD76C1EECE76BBB0CF76B5D5D076CED163
:1058F000D176E0BCD276D0BAD37645B1D476F8BFB3
:10590000D57646B1D676C7B8D776C1B5D876CCC5E8
:10591000D97647B1DA7648B1DB76A2CADC7649B1EE
:10592000DD764AB1DE764BB1DF76CBC3E0764CB1A3
:10593000E1764DB1E2764EB1E3764FB1E47650B107
:10594000E576C2EEE67651B1E77652B1E87653B12C
:10595000E97654B1EA7655B1EB7656B1EC7657B1AB
:10596000ED7658B1EE76BFC4EF76A2B6F07659B1B7
:10597000F176ECEDF276A4C3F3765AB1F476B1D6B3
:10598000F5765BB1F6765CB1F7765DB1F876E0CF8F
:10599000F976EFEDFA765EB1FB765FB1FC76CEC5B7
:1059A000FD7660B1FE76DCB6FF7661B1007762B15C
:1059B0000177A1CA027763B1037764B10477EDED93
:1059C000057765B1067766B10777F0ED0877F1EDF9
:1059D0000977BCC30A7767B10B77B4BF0C7768B19E
:1059E0000D77EEED0E7769B10F776AB110776BB175
:1059F00011776CB112776DB113776EB114776FB107
:105A0000157770B1167771B1177772B1187773B1D6
:105A10001977F4ED1A77F2ED1B7774B11C7775B135
:105A20001D7776B11E7777B11F77E6D52077DFC374
:105A3000217778B12277F3ED237779B124777AB1A2
:105A400025777BB12677F6ED27777CB12877A3D52C
:105A50002977A3D12A777DB12B777EB12C7780B1BE
:105A60002D77F5ED2E7781B12F77D0C3307782B1C6
:105A7000317783B1327784B1337785B1347786B1AA
:105A80003577F7ED3677F4BF3777ECBE3877F8ED3A
:105A9000397787B13A77F7CC3B7788B13C77DBD160
:105AA0003D7789B13E778AB13F778BB14077C5D7D3
:105AB0004177F6D542778CB14377FCED44778DB1D1
:105AC00045778EB146778FB14777FBED487790B138
:105AD000497791B14A7792B14B7793B14C7794B1B2
:105AE0004D7795B14E7796B14F7797B15077F9EDE5
:105AF0005177FAED527798B1537799B154779AB1BB
:105B000055779BB156779CB157779DB158779EB129
:105B100059779FB15A77FDED5B77A6BE5C77A0B150
:105B20005D7740B25E7741B25F7742B2607743B251
:105B30006177AFCB6277A1EE6377BDB6647744B28D
:105B40006577A2EE6677C0C4677745B26877FEEDE9
:105B5000697746B26A7747B26B77DEBD6C77C7B2BA
:105B60006D7748B26E7749B26F774AB270774BB2B1
:105B700071774CB272774DB273774EB274774FB281
:105B8000757750B2767751B2777752B2787753B251
:105B90007977C3B67A7754B27B7755B27C7756B2B1
:105BA0007D77A5EE7E77BAD87F77A3EE8077A6EED5
:105BB000817757B2827758B2837759B28477E9C335
:105BC0008577F2B386775AB287775BB288775CB213
:105BD00089775DB28A775EB28B775FB28C77A7EEFA
:105BE0008D77A4EE8E77B9CF8F7760B2907761B260
:105BF0009177A8EE9277F7C2937762B2947763B207
:105C0000957764B2967765B2977766B2987767B200
:105C1000997768B29A7769B29B776AB29C776BB2D0
:105C20009D776CB29E776DB29F77A9EEA077AAEEB2
:105C3000A1776EB2A277ABDEA3776FB2A47770B212
:105C4000A577B3C6A67771B2A777C6C7A87772B291
:105C5000A977F5D6AA77C9B5AB7773B2AC77B2CBD3
:105C6000AD7774B2AE7775B2AF7776B2B077ABEE90
:105C7000B17777B2B27778B2B377ABCDB47779B288
:105C8000B577ACEEB6777AB2B7777BB2B8777CB23D
:105C9000B9777DB2BA777EB2BB77B0D5BC7780B228
:105CA000BD77ADEEBE7781B2BF77C4F6C07782B262
:105CB000C17783B2C27784B2C37785B2C47786B224
:105CC000C57787B2C67788B2C77789B2C8778AB2F4
:105CD000C9778BB2CA778CB2CB778DB2CC778EB2C4
:105CE000CD77C7DBCE778FB2CF7790B2D07791B236
:105CF000D17792B2D27793B2D37794B2D47795B268
:105D0000D57796B2D67797B2D777A3B4D87798B22B
:105D1000D97799B2DA779AB2DB77ACC3DC77E6F160
:105D2000DD779BB2DE779CB2DF779DB2E0779EB2E3
:105D3000E1779FB2E277B8CAE377D3D2E477A0B233
:105D4000E577AAD6E67740B3E777F2EFE87741B395
:105D5000E977D8BEEA7742B3EB77C3BDEC77F3EFD0
:105D6000ED77CCB6EE77ABB0EF7743B3F07744B3D3
:105D7000F17745B3F27746B3F377AFCAF47747B319
:105D8000F57748B3F677B6EDF77749B3F877B7ED1F
:105D9000F9774AB3FA774BB3FB774CB3FC774DB343
:105DA000FD77F9CEFE77AFB7FF77F3BF0078B8ED98
:105DB0000178EBC20278B0C903784EB304784FB3D0
:105DC000057850B3067851B3077852B3087853B3C7
:105DD0000978B9ED0A7854B30B7855B30C78F6C648
:105DE0000D78B3BF0E7856B30F7857B3107858B309
:105DF0001178BCED1278F8C5137859B31478D0D166
:105E000015785AB31678A9D71778BAED1878BBED7C
:105E100019785BB31A78E2D11B785CB31C78BFEDBC
:105E20001D78C0ED1E785DB31F78C4ED20785EB399
:105E300021785FB3227860B32378C8ED247861B30A
:105E40002578C6ED2678CEED2778E8D5287862B398
:105E50002978C9ED2A7863B32B7864B32C78C7ED21
:105E60002D78BEED2E7865B32F7866B33078E9C50E
:105E7000317867B3327868B3337869B33478C6C69B
:105E800035786AB336786BB33778E9C93878D2D4C5
:105E90003978C1ED3A78C2ED3B78C3ED3C78C5ED79
:105EA0003D786CB33E78F9C03F786DB34078A1B4CB
:105EB00041786EB342786FB3437870B3447871B36E
:105EC0004578E8B9467872B34778D0ED487873B32F
:105ED000497874B34A7875B34B7876B34C78D1ED82
:105EE0004D7877B34E78CAED4F7878B35078CFEDD0
:105EF000517879B35278F8CE53787AB354787BB32B
:105F00005578B6CB5678CCED5778CDED58787CB334
:105F100059787DB35A787EB35B7880B35C7881B36F
:105F20005D78F5CF5E7882B35F7883B3607884B3B1
:105F3000617885B3627886B3637887B3647888B311
:105F4000657889B366788AB367788BB368788CB3E1
:105F500069788DB36A78D2ED6B78F2C16C78B2D380
:105F60006D78CBED6E78B7C86F788EB370788FB3DD
:105F7000717890B3727891B3737892B3747893B365
:105F8000757894B3767895B37778EFBC787896B3D4
:105F9000797897B37A7898B37B7899B37C78F0C5A1
:105FA0007D789AB37E789BB37F789CB380789DB3DD
:105FB00081789EB382789FB38378A0B3847840B40D
:105FC000857841B4867842B48778D6ED887843B432
:105FD0008978EFB58A7844B48B7845B48C78B5C2AB
:105FE0008D78ADB08E78E9CB8F7846B4907847B491
:105FF0009178AEB1927848B49378D4ED947849B45E
:1060000095784AB496784BB49778EBCD9878E2B50A
:1060100099784CB49A78D5ED9B78D3ED9C78D7EDF0
:106020009D784DB49E784EB49F78FAB5A0784FB461
:10603000A178D8EDA27850B4A378D9EDA47851B462
:10604000A578DCEDA67852B4A778CCB1A87853B483
:10605000A97854B4AA7855B4AB7856B4AC7857B490
:10606000AD7858B4AE7859B4AF785AB4B078F6C5B4
:10607000B178EEBCB278DAEDB378BCCCB478EAB2E1
:10608000B5785BB4B6785CB4B7785DB4B8785EB414
:10609000B978DBEDBA785FB4BB7860B4BC7861B432
:1060A000BD7862B4BE78EBC4BF7863B4C07864B422
:1060B000C178C5B4C27865B4C37866B4C47867B42F
:1060C000C578F5B0C67868B4C77869B4C8786AB4DA
:1060D000C978DFEDCA78DAC0CB78E8B4CC786BB495
:1060E000CD786CB4CE786DB4CF786EB4D078CDC5A1
:1060F000D1786FB4D27870B4D37871B4D478DDED40
:10610000D578C4BFD67872B4D77873B4D87874B45D
:10611000D978DEEDDA7875B4DB7876B4DC7877B4EC
:10612000DD7878B4DE7879B4DF787AB4E0787BB45F
:10613000E1787CB4E2787DB4E3787EB4E47880B42E
:10614000E57881B4E67882B4E77883B4E878A5C4CA
:10615000E97884B4EA7885B4EB7886B4EC78E0ED3D
:10616000ED7887B4EE7888B4EF7889B4F0788AB4A3
:10617000F1788BB4F278E1EDF3788CB4F478E3ED58
:10618000F5788DB4F6788EB4F778D7C1F8788FB4F7
:10619000F97890B4FA78C7BBFB7891B4FC7892B4E4
:1061A000FD7893B4FE7894B4FF7895B4007996B4F2
:1061B0000179B8BD027997B4037998B4047999B498
:1061C0000579E2ED06799AB407799BB408799CB415
:1061D00009799DB40A799EB40B799FB40C79A0B467
:1061E0000D7940B50E7941B50F7942B5107943B5B7
:1061F000117944B5127945B51379E4ED147946B5B2
:10620000157947B5167948B5177949B518794AB55A
:1062100019794BB51A794CB51B794DB51C794EB52A
:106220001D794FB51E79E6ED1F7950B5207951B52E
:10623000217952B5227953B5237954B52479E5ED06
:10624000257955B5267956B5277957B5287958B5A2
:10625000297959B52A795AB52B795BB52C795CB572
:106260002D795DB52E795EB52F795FB5307960B542
:10627000317961B5327962B5337963B53479E7ED57
:10628000357964B5367965B5377966B5387967B5E6
:10629000397968B53A79BECA3B79EAEC3C79F1C004
:1062A0003D7969B53E79E7C93F796AB54079EBEC4C
:1062B0004179EEC642796BB543796CB544796DB5D9
:1062C00045796EB54679ECEC47796FB54879EDC6FE
:1062D0004979EDEC4A7970B54B7971B54C7972B565
:1062E0004D7973B54E7974B54F7975B5507976B5EA
:1062F000517977B5527978B55379F0EC547979B50D
:1063000055797AB55679E6D75779F3EC58797BB554
:1063100059797CB55A79F1EC5B79EEEC5C79EFEC6C
:106320005D79A3D75E79F1C95F79EECB6079F4EC42
:1063300061797DB56279F2EC63797EB5647980B577
:106340006579E9CF667981B56779F6EC6879B1C688
:10635000697982B56A7983B56B7984B56C7985B5CD
:106360006D79C0BC6E7986B56F79F5EC707987B5BB
:10637000717988B5727989B573798AB574798BB575
:1063800075798CB576798DB57779BBB57879F6BBAB
:1063900079798EB57A79F7EC7B798FB57C7990B580
:1063A0007D7991B57E7992B57F7993B58079F7D96A
:1063B0008179FBBD827994B5837995B58479BBC227
:1063C0008579F8EC867996B5877997B5887998B507
:1063D000897999B58A79F9EC8B799AB58C799BB5DD
:1063E0008D799CB58E799DB58F79A3B890799EB53E
:1063F00091799FB59279A0B5937940B6947941B6D9
:10640000957942B6967943B6977944B6987945B668
:10641000997946B69A79FAEC9B7947B69C7948B651
:106420009D7949B69E794AB69F794BB6A0794CB60C
:10643000A1794DB6A2794EB6A3794FB6A47950B6DC
:10644000A57951B6A67952B6A779FBECA87953B6CF
:10645000A97954B6AA7955B6AB7956B6AC7957B680
:10646000AD7958B6AE7959B6AF795AB6B0795BB650
:10647000B1795CB6B2795DB6B379FCECB4795EB64D
:10648000B5795FB6B67960B6B77961B6B87962B6F4
:10649000B979EDD3BA79AED8BB79EBC0BC7963B624
:1064A000BD79DDC7BE79CCBABF7964B6C079E3D017
:1064B000C179BDCBC27965B6C379BACDC47966B6A8
:1064C000C57967B6C679D1B8C77968B6C87969B6EB
:1064D000C979FCB1CA796AB6CB79EFC7CC796BB60A
:1064E000CD79D6D6CE796CB6CF796DB6D0796EB679
:1064F000D179C6BFD279EBC3D3796FB6D47970B6F0
:10650000D579F5EFD67971B6D77972B6D879D8C37F
:10651000D97973B6DA7974B6DB7975B6DC7976B683
:10652000DD7977B6DE7978B6DF79E2D7E07979B6CA
:10653000E1797AB6E2797BB6E379F7EFE479D3B320
:10654000E5797CB6E679D8C7E779EDD1E8797DB60B
:10655000E979C8D6EA797EB6EB79F8EFEC7980B6BE
:10656000ED79F6EFEE7981B6EF79FDBBF079C6B340
:10657000F17982B6F27983B6F37984B6F47985B687
:10658000F57986B6F67987B6F77988B6F879D5BD04
:10659000F97989B6FA798AB6FB79C6D2FC798BB6D5
:1065A000FD79E0BBFE798CB6FF798DB6007AA1CF7C
:1065B000017A8EB6027AFCEF037AFBEF047A8FB68B
:1065C000057A90B6067AF9EF077A91B6087A92B60C
:1065D000097A93B60A7A94B60B7ACCB30C7A95B64C
:1065E0000D7AD4C90E7AB0CB0F7A96B6107A97B6D8
:1065F000117A98B6127A99B6137A9AB6147AFEEF8F
:10660000157A9BB6167A9CB6177ADEB0187A9DB6C4
:10661000197A9EB61A7AC9D61B7A9FB61C7AA0B68A
:106620001D7A40B71E7AFDEF1F7A41B7207AEDB38D
:10663000217A42B7227A43B7237AD5F6247A44B72F
:10664000257A45B7267A46B7277A47B7287A48B7D2
:10665000297A49B72A7A4AB72B7A4BB72C7A4CB7A2
:106660002D7A4DB72E7A4EB72F7A4FB7307A50B772
:10667000317A51B7327A52B7337AC8CE347A53B7B7
:10668000357A54B7367A55B7377AA2F0387A56B792
:10669000397AA1F03A7A57B73B7ABEB53C7ADABC80
:1066A0003D7AFCBB3E7A58B73F7AE5B8407A59B795
:1066B000417A5AB7427A5BB7437A5CB7447A5DB79E
:1066C000457A5EB7467AC2C4477A5FB7487A60B700
:1066D000497A61B74A7A62B74B7A63B74C7A64B742
:1066E0004D7A65B74E7A66B74F7A67B7507A68B712
:1066F000517AA3F0527A69B7537A6AB7547A6BB772
:10670000557A6CB7567A6DB7577AEBCB587A6EB725
:10671000597A6FB75A7A70B75B7A71B75C7A72B789
:106720005D7A73B75E7A74B75F7A75B7607A76B759
:10673000617A77B7627A78B7637A79B7647A7AB729
:10674000657A7BB7667A7CB7677A7DB7687A7EB7F9
:10675000697A80B76A7A81B76B7A82B76C7A83B7C5
:106760006D7A84B76E7A85B76F7A86B7707AA6F03D
:10677000717A87B7727A88B7737A89B7747AA8D131
:10678000757A8AB7767ABFBE777AEEC7787AB6F12D
:10679000797AB7F17A7AD5BF7B7A8BB77C7A8CB766
:1067A0007D7A8DB77E7A8EB77F7AA9B4807AB8F178
:1067B000817ABBCD827A8FB7837AD4C7847AADD5FC
:1067C000857A90B7867AB9F1877A91B7887ABAF1E3
:1067D000897A92B78A7A93B78B7A94B78C7A95B77D
:1067E0008D7ACFC78E7A96B78F7A97B7907A98B707
:1067F000917AA4D2927ACFD6937A99B7947A9AB7AB
:10680000957ABBF1967AD1BD977AB0B4987ABDBE2D
:10681000997A9BB79A7A9CB79B7A9DB79C7ADCB49D
:106820009D7AD1CE9E7A9EB79F7ADFBFA07ABDF1C6
:10683000A17A9FB7A27AA0B7A37A40B8A47A41B848
:10684000A57AFABFA67ABCF1A77A42B8A87ABFF1B6
:10685000A97A43B8AA7A44B8AB7A45B8AC7ABEF103
:10686000AD7AC0F1AE7A46B8AF7A47B8B07A48B8D8
:10687000B17A49B8B27A4AB8B37AC1F1B47A4BB8AE
:10688000B57A4CB8B67A4DB8B77A4EB8B87A4FB830
:10689000B97A50B8BA7A51B8BB7A52B8BC7A53B800
:1068A000BD7A54B8BE7A55B8BF7AFEC1C07A56B820
:1068B000C17A57B8C27A58B8C37A59B8C47A5AB8A4
:1068C000C57A5BB8C67A5CB8C77A5DB8C87A5EB874
:1068D000C97A5FB8CA7A60B8CB7AA2C1CC7A61B8FB
:1068E000CD7A62B8CE7A63B8CF7A64B8D07A65B818
:1068F000D17A66B8D27A67B8D37A68B8D47A69B8E8
:10690000D57A6AB8D67AFACAD77A6BB8D87A6CB818
:10691000D97ABED5DA7A6DB8DB7A6EB8DC7A6FB820
:10692000DD7A70B8DE7ABABEDF7AB9BEE07AC2D557
:10693000E17A71B8E27A72B8E37AA2BFE47A73B806
:10694000E57AAFCDE67AB5F1E77A74B8E87A75B84A
:10695000E97A76B8EA7A77B8EB7A78B8EC7A79B8E7
:10696000ED7ADFBDEE7A7AB8EF7ACBB6F07A7BB803
:10697000F17A7CB8F27A7DB8F37A7EB8F47A80B88E
:10698000F57A81B8F67A82B8F77A83B8F87A84B85B
:10699000F97AF1D6FA7AC3F3FB7A85B8FC7A86B82D
:1069A000FD7AC4F3FE7A87B8FF7ACDB8007B88B849
:1069B000017B89B8027B8AB8037BC6F3047BC7F3EB
:1069C000057B8BB8067BCAB0077B8CB8087BC5F308
:1069D000097B8DB80A7BC9F30B7BF1CB0C7B8EB89E
:1069E0000D7B8FB80E7B90B80F7BCBF3107B91B8EB
:1069F000117BA6D0127B92B8137B93B8147BCAB1DB
:106A0000157BC8F3167B94B8177B95B8187B96B89E
:106A1000197BCFF31A7B97B81B7BD1B51C7B98B839
:106A20001D7B99B81E7BD7F31F7B9AB8207BD2F3CE
:106A3000217B9BB8227B9CB8237B9DB8247BD4F31D
:106A4000257BD3F3267BFBB7277B9EB8287BBFB182
:106A5000297B9FB82A7BCEF32B7BCAF32C7BDAB53C
:106A60002D7BA0B82E7BD0F32F7B40B9307B41B972
:106A7000317BD1F3327B42B9337BD5F3347B43B9DD
:106A8000357B44B9367B45B9377B46B9387BCDF386
:106A9000397B47B93A7BE3BC3B7B48B93C7BFDC1C2
:106AA0003D7B49B93E7BD6F33F7B4AB9407B4BB92E
:106AB000417B4CB9427B4DB9437B4EB9447B4FB9C6
:106AC000457BDAF3467B50B9477BCCF3487B51B921
:106AD000497BC8B54A7B52B94B7BEEBD4C7BDCF39E
:106AE0004D7B53B94E7B54B94F7BA4B7507BF0BF5D
:106AF000517BFED6527BB2CD537B55B9547BF0B45B
:106B0000557B56B9567BDFB2577B57B9587BD8F3C4
:106B1000597B58B95A7BD9F35B7BB8C95C7B59B9AF
:106B20005D7BDDF35E7B5AB95F7B5BB9607BDEF337
:106B3000617B5CB9627BE1F3637B5DB9647B5EB9C9
:106B4000657B5FB9667B60B9677B61B9687B62B959
:106B5000697B63B96A7B64B96B7B65B96C7B66B929
:106B60006D7B67B96E7BDFF36F7B68B9707B69B94A
:106B7000717BE3F3727BE2F3737B6AB9747B6BB96D
:106B8000757BDBF3767B6CB9777BEABF787B6DB97D
:106B9000797BEFB37A7B6EB97B7BE0F37C7B6FB95B
:106BA0007D7B70B97E7BA9C77F7B71B9807BF2BC8E
:106BB000817B72B9827B73B9837B74B9847B75B92D
:106BC000857BEBF3867B76B9877B77B9887B78B951
:106BD000897B79B98A7B7AB98B7B7BB98C7B7CB9D1
:106BE0008D7BBFB98E7B7DB98F7B7EB9907BE4F3C3
:106BF000917B80B9927B81B9937B82B9947BADB252
:106C0000957BFEBB967B83B9977BE3CB987B84B95E
:106C1000997B85B99A7B86B99B7B87B99C7BEDF381
:106C20009D7BE9F39E7B88B99F7B89B9A07B8AB95C
:106C3000A17BDCB9A27BEEF3A37B8BB9A47B8CB9DF
:106C4000A57B8DB9A67BE5F3A77BE6F3A87BEAF3EA
:106C5000A97BE1C2AA7BECF3AB7BEFF3AC7BE8F35F
:106C6000AD7BFDBCAE7B8EB9AF7B8FB9B07B90B9ED
:106C7000B17BE4CFB27B91B9B37B92B9B47BF0F333
:106C8000B57B93B9B67B94B9B77B95B9B87BE7F37D
:106C9000B97B96B9BA7B97B9BB7B98B9BC7B99B9DC
:106CA000BD7B9AB9BE7B9BB9BF7B9CB9C07B9DB9AC
:106CB000C17BF2F3C27B9EB9C37B9FB9C47BA0B9F1
:106CC000C57B40BAC67BADD7C77BAAC6C87B41BAD5
:106CD000C97B42BACA7B43BACB7B44BACC7BF3F3C1
:106CE000CD7B45BACE7B46BACF7B47BAD07B48BA7C
:106CF000D17BF1F3D27B49BAD37BA8C2D47B4ABA09
:106D0000D57B4BBAD67B4CBAD77B4DBAD87B4EBA23
:106D1000D97BDDB8DA7BF5F3DB7B4FBADC7B50BA8D
:106D2000DD7BF4F3DE7B51BADF7B52BAE07B53BAF2
:106D3000E17BDBB4E27B54BAE37B55BAE47B56BA21
:106D4000E57BF6F3E67BF7F3E77B57BAE87B58BAC7
:106D5000E97B59BAEA7BF8F3EB7B5ABAEC7B5BBA76
:106D6000ED7B5CBAEE7BBAC0EF7B5DBAF07B5EBABE
:106D7000F17BE9C0F27B5FBAF37B60BAF47B61BA66
:106D8000F57B62BAF67B63BAF77BF1C5F87B64BA30
:106D9000F97B65BAFA7B66BAFB7B67BAFC7BFBF3CF
:106DA000FD7B68BAFE7BFAF3FF7B69BA007C6ABAA6
:106DB000017C6BBA027C6CBA037C6DBA047C6EBA3F
:106DC000057C6FBA067C70BA077CD8B4087C71BAAF
:106DD000097C72BA0A7C73BA0B7CFEF30C7CF9F363
:106DE0000D7C74BA0E7C75BA0F7CFCF3107C76BAFD
:106DF000117C77BA127C78BA137C79BA147C7ABA8F
:106E0000157C7BBA167CFDF3177C7CBA187C7DBAA6
:106E1000197C7EBA1A7C80BA1B7C81BA1C7C82BA2F
:106E20001D7C83BA1E7C84BA1F7CA1F4207C85BAA9
:106E3000217C86BA227C87BA237C88BA247C89BAD2
:106E4000257C8ABA267CA3F4277CC9BB287C8BBA14
:106E5000297C8CBA2A7CA2F42B7C8DBA2C7C8EBA2D
:106E60002D7C8FBA2E7C90BA2F7C91BA307C92BA4E
:106E7000317C93BA327C94BA337C95BA347C96BA1E
:106E8000357C97BA367C98BA377C99BA387CA4F4AA
:106E9000397C9ABA3A7C9BBA3B7C9CBA3C7C9DBAC2
:106EA0003D7C9EBA3E7C9FBA3F7CBEB2407CA6F43D
:106EB000417CA5F4427CA0BA437C40BB447C41BBEE
:106EC000457C42BB467C43BB477C44BB487C45BBBE
:106ED000497C46BB4A7C47BB4B7C48BB4C7C49BB8E
:106EE0004D7CAEBC4E7C4ABB4F7C4BBB507C4CBBFC
:106EF000517C4DBB527C4EBB537C4FBB547C50BB32
:106F0000557C51BB567C52BB577C53BB587C54BB01
:106F1000597C55BB5A7C56BB5B7C57BB5C7C58BBD1
:106F20005D7C59BB5E7C5ABB5F7C5BBB607C5CBBA1
:106F3000617C5DBB627C5EBB637C5FBB647C60BB71
:106F4000657C61BB667C62BB677C63BB687C64BB41
:106F5000697C65BB6A7C66BB6B7C67BB6C7C68BB11
:106F60006D7C69BB6E7C6ABB6F7C6BBB707C6CBBE1
:106F7000717C6DBB727C6EBB737CD7C3747CE1D9B2
:106F8000757C6FBB767C70BB777C71BB787C72BB89
:106F9000797C73BB7A7C74BB7B7CE0C07C7CCCF45A
:106FA0007D7CD1D77E7C75BB7F7C76BB807C77BBBC
:106FB000817C78BB827C79BB837C7ABB847C7BBB05
:106FC000857C7CBB867C7DBB877C7EBB887C80BBD4
:106FD000897CDBB78A7C81BB8B7C82BB8C7C83BB4E
:106FE0008D7C84BB8E7C85BB8F7C86BB907C87BB75
:106FF000917CCEF4927CA3C1937C88BB947C89BBAA
:10700000957CC9C6967C8ABB977CD6B4987CB3D550
:10701000997C8BBB9A7C8CBB9B7C8DBB9C7CD0F47D
:107020009D7CCFF49E7CD1F49F7CDACBA07C8EBB80
:10703000A17C8FBBA27CD2F4A37C90BBA47CC1D4E6
:10704000A57CE0D6A67C91BBA77C92BBA87C93BB19
:10705000A97C94BBAA7CE0B7AB7C95BBAC7C96BB0F
:10706000AD7C97BBAE7CB8C1AF7C98BBB07C99BB04
:10707000B17CBBC1B27CD3F4B37CACBEB47C9ABB54
:10708000B57C9BBBB67C9CBBB77C9DBBB87C9EBBD8
:10709000B97CE2B4BA7C9FBBBB7CA0BBBC7CD4F403
:1070A000BD7CD5F4BE7CABBEBF7C40BCC07C41BCCB
:1070B000C17CD6F4C27C42BCC37C43BCC47C44BC0F
:1070C000C57CDBF4C67C45BCC77CD7F4C87CDAF44D
:1070D000C97C46BCCA7CFDBACB7C47BCCC7CD8F40E
:1070E000CD7CD9F4CE7C48BCCF7C49BCD07C4ABC9A
:1070F000D17C4BBCD27C4CBCD37C4DBCD47C4EBC34
:10710000D57CE2B8D67CC7CCD77CDCF4D87C4FBC2D
:10711000D97CDAB2DA7C50BCDB7C51BCDC7CD3C3DA
:10712000DD7C52BCDE7C53BCDF7CE3D4E07CB7BFAB
:10713000E17C54BCE27C55BCE37C56BCE47C57BC8F
:10714000E57C58BCE67C59BCE77C5ABCE87CDDF4A5
:10715000E97C5BBCEA7C5CBCEB7C5DBCEC7C5EBC33
:10716000ED7C5FBCEE7C60BCEF7CB4C5F07C61BCA8
:10717000F17C62BCF27C63BCF37C64BCF47C65BCD7
:10718000F57C66BCF67C67BCF77C68BCF87CE9F4EF
:10719000F97C69BCFA7C6ABCFB7CB5CFFC7C6BBC1F
:1071A000FD7C6CBCFE7C6DBCFF7C6EBC007D6FBC4E
:1071B000017D70BC027D71BC037D72BC047D73BC1B
:1071C000057D74BC067D75BC077D76BC087D77BCEB
:1071D000097D78BC0A7DC9CE0B7D79BC0C7D7ABC5B
:1071E0000D7D7BBC0E7D7CBC0F7D7DBC107D7EBC8F
:1071F000117D80BC127D81BC137D82BC147D83BC5B
:10720000157D84BC167D85BC177D86BC187D87BC2A
:10721000197D88BC1A7D89BC1B7D8ABC1C7D8BBCFA
:107220001D7D8CBC1E7D8DBC1F7D8EBC207DD8CB72
:10723000217D8FBC227DF7CB237D90BC247D91BC2A
:10724000257D92BC267D93BC277DF4BD287D94BC12
:10725000297D95BC2A7D96BC2B7DCFD72C7D97BCF4
:107260002D7D98BC2E7D99BC2F7DDBC0307D9ABCD6
:10727000317D9BBC327D9CBC337D9DBC347D9EBCEE
:10728000357D9FBC367DA0BC377D40BD387D41BD7E
:10729000397D42BD3A7D43BD3B7D44BD3C7D45BD0E
:1072A0003D7D46BD3E7D47BD3F7D48BD407D49BDDE
:1072B000417D4ABD427D4BBD437D4CBD447D4DBDAE
:1072C000457D4EBD467D4FBD477D50BD487D51BD7E
:1072D000497D52BD4A7D53BD4B7D54BD4C7D55BD4E
:1072E0004D7D56BD4E7D57BD4F7D58BD507D59BD1E
:1072F000517D5ABD527D5BBD537D5CBD547D5DBDEE
:10730000557D5EBD567D5FBD577D60BD587D61BDBD
:10731000597D62BD5A7D63BD5B7D64BD5C7D65BD8D
:107320005D7D66BD5E7D67BD5F7D68BD607D69BD5D
:10733000617D6ABD627D6BBD637D6CBD647D6DBD2D
:10734000657D6EBD667D6FBD677D70BD687D71BDFD
:10735000697D72BD6A7D73BD6B7D74BD6C7D75BDCD
:107360006D7D76BD6E7DF5D06F7D77BD707D78BD0E
:10737000717D79BD727D7ABD737D7BBD747D7CBD71
:10738000757D7DBD767D7EBD777DEAF4787D80BD9F
:10739000797D81BD7A7D82BD7B7D83BD7C7D84BD11
:1073A0007D7D85BD7E7D86BD7F7D87BD807D88BDE1
:1073B000817D89BD827D8ABD837D8BBD847D8CBDB1
:1073C000857D8DBD867D8EBD877D8FBD887D90BD81
:1073D000897D91BD8A7D92BD8B7D93BD8C7D94BD51
:1073E0008D7D95BD8E7D96BD8F7D97BD907D98BD21
:1073F000917D99BD927D9ABD937D9BBD947D9CBDF1
:10740000957D9DBD967D9EBD977D9FBD987DA0BDC0
:10741000997D40BE9A7D41BE9B7D42BE9C7D43BE10
:107420009D7D44BE9E7D45BE9F7D46BEA07D47BEE0
:10743000A17D48BEA27D49BEA37D4ABEA47D4BBEB0
:10744000A57D4CBEA67DEBF4A77D4DBEA87D4EBEAE
:10745000A97D4FBEAA7D50BEAB7D51BEAC7D52BE54
:10746000AD7D53BEAE7DECF4AF7D54BEB07D55BE58
:10747000B17D56BEB27D57BEB37D58BEB47D59BEF8
:10748000B57D5ABEB67D5BBEB77D5CBEB87D5DBEC8
:10749000B97D5EBEBA7D5FBEBB7D60BEBC7D61BE98
:1074A000BD7D62BEBE7D63BEBF7D64BEC07D65BE68
:1074B000C17D66BEC27D67BEC37D68BEC47D69BE38
:1074C000C57D6ABEC67D6BBEC77D6CBEC87D6DBE08
:1074D000C97D6EBECA7D6FBECB7D70BECC7D71BED8
:1074E000CD7D72BECE7D73BECF7D74BED07D75BEA8
:1074F000D17D76BED27D77BED37D78BED47D79BE78
:10750000D57D7ABED67D7BBED77D7CBED87D7DBE47
:10751000D97D7EBEDA7D80BEDB7D81BEDC7D82BE14
:10752000DD7D83BEDE7D84BEDF7D85BEE07D86BEE3
:10753000E17D87BEE27D88BEE37D89BEE47D8ABEB3
:10754000E57D8BBEE67D8CBEE77D8DBEE87D8EBE83
:10755000E97D8FBEEA7D90BEEB7D91BEEC7D92BE53
:10756000ED7D93BEEE7D94BEEF7D95BEF07D96BE23
:10757000F17D97BEF27D98BEF37D99BEF47D9ABEF3
:10758000F57D9BBEF67D9CBEF77D9DBEF87D9EBEC3
:10759000F97D9FBEFA7DA0BEFB7D40BFFC7D41BF53
:1075A000FD7D42BFFE7D43BFFF7D44BF007E45BFE2
:1075B000017E46BF027E47BF037E48BF047E49BFAF
:1075C000057E4ABF067E4BBF077E4CBF087E4DBF7F
:1075D000097E4EBF0A7E4FBF0B7E50BF0C7E51BF4F
:1075E0000D7E52BF0E7E53BF0F7E54BF107E55BF1F
:1075F000117E56BF127E57BF137E58BF147E59BFEF
:10760000157E5ABF167E5BBF177E5CBF187E5DBFBE
:10761000197E5EBF1A7E5FBF1B7E60BF1C7E61BF8E
:107620001D7E62BF1E7E63BF1F7E64BF207E65BF5E
:10763000217E66BF227E67BF237E68BF247E69BF2E
:10764000257E6ABF267E6BBF277E6CBF287E6DBFFE
:10765000297E6EBF2A7E6FBF2B7E70BF2C7E71BFCE
:107660002D7E72BF2E7E73BF2F7E74BF307E75BF9E
:10767000317E76BF327E77BF337E78BF347E79BF6E
:10768000357E7ABF367E7BBF377E7CBF387E7DBF3E
:10769000397E7EBF3A7E80BF3B7EE3F73C7E81BF72
:1076A0003D7E82BF3E7E83BF3F7E84BF407E85BFDE
:1076B000417EB1B7427E86BF437E87BF447E88BF8E
:1076C000457E89BF467E8ABF477EEDF4487E8BBFEC
:1076D000497E8CBF4A7E8DBF4B7E8EBF4C7E8FBF56
:1076E0004D7E90BF4E7E91BF4F7E92BF507E93BF26
:1076F000517E94BF527E95BF537E96BF547E97BFF6
:10770000557E98BF567E99BF577E9ABF587E9BBFC5
:10771000597E9CBF5A7E9DBF5B7E9EBF5C7E9FBF95
:107720005D7EA0BF5E7E40C05F7E41C0607E42C085
:10773000617E43C0627E44C0637E45C0647E46C0B5
:10774000657E47C0667E48C0677E49C0687E4AC085
:10775000697E4BC06A7E4CC06B7E4DC06C7E4EC055
:107760006D7E4FC06E7E50C06F7E51C0707E52C025
:10777000717E53C0727E54C0737E55C0747E56C0F5
:10778000757E57C0767E58C0777E59C0787E5AC0C5
:10779000797E5BC07A7E5CC07B7E5DC07C7E5EC095
:1077A0007D7E5FC07E7E60C07F7E61C0807E62C065
:1077B000817E63C0827EEBD7837E64C0847E65C099
:1077C000857E66C0867E67C0877E68C0887E69C009
:1077D000897E6AC08A7E6BC08B7E6CC08C7E6DC0D9
:1077E0008D7E6EC08E7E6FC08F7E70C0907E71C0A9
:1077F000917E72C0927E73C0937E74C0947E75C079
:10780000957E76C0967E77C0977E78C0987E79C048
:10781000997E7AC09A7E7BC09B7EEEF49C7E7CC073
:107820009D7E7DC09E7E7EC09F7EF9E6A07EC0BE0E
:10783000A17EFAE6A27EECBAA37EFBE6A47ECBCFC5
:10784000A57EFCE6A67EBCD4A77EB6BCA87EFDE6DF
:10785000A97EFEE6AA7ECDBCAB7ED2C8AC7EB3CEFE
:10786000AD7EA1E7AE7E80C0AF7EBFB4B07EA2E7A2
:10787000B17EB4C9B27ED9B8B37EC9C4B47E81C06A
:10788000B57EDDD7B67EDAC2B77ED7B7B87EBDD6B5
:10789000B97EC6CEBA7EC4B7BB7E82C0BC7E83C072
:1078A000BD7EA6C5BE7EA3E7BF7EDFCFC07EA4E7B8
:1078B000C17EA5E7C27EA6E7C37EB7C1C47EE9D775
:1078C000C57EF0C9C67EB8CFC77EAFD6C87ED5D636
:1078D000C97EA7E7CA7EEDB0CB7EA8E7CC7EA9E73C
:1078E000CD7EDCC9CE7EEFD2CF7EADBED07EAAE704
:1078F000D17EF3B0D27EDEC8D37EE1BDD47EABE7CD
:10790000D57EC6C8D67E84C0D77EACE7D87EE6BB1F
:10791000D97EF8B8DA7EA4D1DB7EADE7DC7EE7C2A3
:10792000DD7EF8BEDE7ECABDDF7EB3CDE07EAEE793
:10793000E17EAFE7E27EEEBEE37EE5D0E47E85C089
:10794000E57EE7CBE67ED0CCE77ECCBCE87EB0E738
:10795000E97EA8BCEA7EF7D0EB7EB1E7EC7E86C07C
:10796000ED7EF8D0EE7EB2E7EF7EB3E7F07EC2B4F4
:10797000F17EB4E7F27EB5E7F37EFEC9F47EACCECD
:10798000F57EE0C3F67EB7E7F77EC1B1F87EF1B3CE
:10799000F97E87C0FA7EB8E7FB7EB9E7FC7EDBD7CD
:1079A000FD7EC0D5FE7EBAE7FF7ECCC2007FBAD78F
:1079B000017FBBE7027FBCE7037FBDE7047FEABC32
:1079C000057FE5C3067FC2C0077FBEE7087FBFE72C
:1079D000097FA9BC0A7F88C00B7FC0E70C7FC1E785
:1079E0000D7FB6E70E7FD0B60F7FC2E7107F89C04C
:1079F000117FC3E7127FC4E7137FBABB147FDEB5E4
:107A0000157FC6C2167FE0B1177FC5E7187FB5D4D2
:107A1000197FC6E71A7FBFB81B7FC8E71C7FC7E77F
:107A20001D7FECB71E7F8AC01F7FC9E7207FF8B299
:107A3000217FCAE7227FCBE7237FCCE7247FCDE7F6
:107A4000257FCEE7267FCFE7277FD0E7287FA7D304
:107A5000297FF5CB2A7FD1E72B7FD2E72C7FD3E795
:107A60002D7FD4E72E7FC9C92F7FD5E7307FD6E79A
:107A7000317FD7E7327FD8E7337FD9E7347FC9BD7D
:107A8000357FDAE7367FBEF3377F8BC0387FD7B8D4
:107A9000397F8CC03A7FB1C83B7F8DC03C7F8EC0A0
:107AA0003D7F8FC03E7F90C03F7F91C0407F92C09E
:107AB000417F93C0427FBFF3437F94C0447FC0F3B4
:107AC000457FC1F3467F95C0477F96C0487F97C0EA
:107AD000497F98C04A7F99C04B7F9AC04C7F9BC01A
:107AE0004D7F9CC04E7F9DC04F7F9EC0507FDEB9B2
:107AF000517FF8CD527F9FC0537FA0C0547FE8D8FC
:107B0000557FB1BA567F40C1577FDEC2587FB7EE6E
:107B1000597F41C15A7FA3B75B7F42C15C7F43C19C
:107B20005D7F44C15E7F45C15F7FB9EE607F46C126
:107B3000617FB8EE627FD5B0637F47C1647F48C183
:107B4000657F49C1667F4AC1677F4BC1687FBBEED5
:107B5000697FD6D56A7FEFD76B7F4CC16C7F4DC1F3
:107B60006D7F4EC16E7FC3D66F7F4FC1707F50C196
:107B7000717FBDEE727FF0CA737F51C1747FBCEE1E
:107B8000757F52C1767F53C1777F54C1787F55C1CD
:107B9000797FBEEE7A7F56C17B7F57C17C7F58C10B
:107BA0007D7F59C17E7FC0EE7F7F5AC1807F5BC1E0
:107BB000817FBFEE827F5CC1837F5DC1847F5EC1B8
:107BC000857F5FC1867F60C1877F61C1887F62C119
:107BD000897F63C18A7FF2D18B7F64C18C7FBCC7F0
:107BE0008D7F65C18E7FC0C38F7F66C1907F67C167
:107BF000917F68C1927F69C1937F6AC1947FE1B828
:107C0000957F6BC1967F6CC1977F6DC1987F6EC168
:107C1000997F6FC19A7FE7C19B7F70C19C7F71C1C3
:107C20009D7FC6F49E7FDFD09F7FC7F4A07F72C187
:107C3000A17FDBCFA27F73C1A37F74C1A47FBAC829
:107C4000A57F75C1A67F76C1A77FC8F4A87F77C13D
:107C5000A97F78C1AA7F79C1AB7F7AC1AC7F7BC194
:107C6000AD7F7CC1AE7F7DC1AF7FC9F4B07FCAF468
:107C7000B17F7EC1B27FCBF4B37F80C1B47F81C1BD
:107C8000B57F82C1B67F83C1B77F84C1B87FFAD97F
:107C9000B97FFEB8BA7F85C1BB7F86C1BC7FF1E5E5
:107CA000BD7FF0D3BE7F87C1BF7FE0F4C07F88C1B6
:107CB000C17FCCCEC27F89C1C37F8AC1C47F8BC143
:107CC000C57FE1B3C67F8CC1C77F8DC1C87F8EC120
:107CD000C97F8FC1CA7FB4F1CB7F90C1CC7FEED278
:107CE000CD7F91C1CE7FE1F4CF7F92C1D07F93C190
:107CF000D17F94C1D27F95C1D37F96C1D47FE8CF85
:107D0000D57FE2F4D67F97C1D77F98C1D87FCCC703
:107D1000D97F99C1DA7F9AC1DB7F9BC1DC7F9CC18F
:107D2000DD7F9DC1DE7F9EC1DF7FD4B5E07FE4B4FF
:107D3000E17FE4F4E27F9FC1E37FA0C1E47F40C222
:107D4000E57FE3F4E67FE5F4E77F41C2E87F42C2E6
:107D5000E97FE6F4EA7F43C2EB7F44C2EC7F45C291
:107D6000ED7F46C2EE7FE7F4EF7F47C2F07FB2BA05
:107D7000F17FBFB0F27F48C2F37FE8F4F47F49C2DD
:107D8000F57F4AC2F67F4BC2F77F4CC2F87F4DC2E7
:107D9000F97F4EC2FA7F4FC2FB7FADB7FC7FEDD2B9
:107DA000FD7F50C2FE7F51C2FF7F52C20080ABD226
:107DB0000180CFC0028053C20380BCBF0480A3EB0C
:107DC0000580DFD50680C8EA078054C2088055C206
:107DD000098056C20A8057C20B80F3F10C80F8B6B6
:107DE0000D80A3CB0E8058C20F8059C21080CDC425
:107DF00011805AC21280E7F113805BC21480E8F14F
:107E00001580FBB81680E9F11780C4BA1880C5D474
:107E10001980D2B01A805CC21B805DC21C80EAF15E
:107E20001D805EC21E805FC21F8060C22080EBF199
:107E3000218061C22280ECF1238062C2248063C26F
:107E40002580EDF12680EEF12780EFF12880F1F119
:107E50002980F0F12A80D5C52B8064C22C8065C2B0
:107E60002D8066C22E8067C22F8068C2308069C2B2
:107E70003180F2F132806AC23380FAB634806BC24C
:107E80003580F4F13680AED23780C7DE3880CACB79
:107E900039806CC23A806DC23B80DCB33C806EC2DC
:107EA0003D80A2B53E806FC23F80A2B9408070C2C3
:107EB000418071C24280F4C44380F5F1448072C2B3
:107EC000458073C24680F6F1478074C2488075C20F
:107ED000498076C24A80C4C14B80FBC14C80B0D679
:107EE0004D80F7F14E8077C24F8078C2508079C2C2
:107EF00051807AC25280F8F153807BC25480AAC16B
:107F000055807CC256807DC257807EC25880B8C6DC
:107F1000598080C25A80DBBE5B8081C25C8082C295
:107F20005D8083C25E8084C25F8085C2608086C2BD
:107F3000618087C2628088C2638089C264808AC28D
:107F400065808BC266808CC267808DC268808EC25D
:107F50006980F9F16A80CFB46B808FC26C8090C267
:107F60006D8091C26E8092C26F8093C2708094C205
:107F70007180FAF1728095C2738096C2748097C244
:107F8000758098C2768099C277809AC278809BC2A9
:107F900079809CC27A809DC27B809EC27C809FC279
:107FA0007D80A0C27E8040C37F80B2ED8080B1ED35
:107FB000818041C3828042C38380E0CB8480DED253
:107FC000858043C38680C1CB8780D8D5888044C351
:107FD0008980E2C88A8045C38B80DFC08C80A1BCC9
:107FE0008D8046C38E8047C38F8048C3908049C32D
:107FF00091804AC392804BC39380C1EB94804CC361
:1080000095804DC39680A4D097804EC39880E2D6C9
:1080100099804FC39A80C7B69B80D8B89C80C0EB2C
:108020009D80CEB89E8050C39F80BFEBA080A6B33A
:10803000A180C9B9A280ABD6A38051C3A480F4B7F4
:10804000A580CAB7A68052C3A78053C3A88054C3D3
:10805000A980E7BCAA80BEB7AB80C6EBAC8055C395
:10806000AD80C7EBAE80B9B0AF80CFBFB08056C394
:10807000B180C5EBB280FDD3B38057C3B480C8EBE9
:10808000B58058C3B68059C3B780C9EBB8805AC30E
:10809000B9805BC3BA80CEB7BB805CC3BC80C2EB87
:1080A000BD80C4EBBE80F6C9BF80D7D6C080CDD519
:1080B000C180B2D0C280CFEBC380B8CEC480D0EB39
:1080C000C5805DC3C680A8B5C7805EC3C8805FC3D6
:1080D000C98060C3CA8061C3CB8062C3CC80B3B1A6
:1080E000CD80D2EBCE80A5CCCF8063C3D08064C3DB
:1080F000D18065C3D28066C3D38067C3D48068C390
:10810000D58069C3D680D6C5D780D3EBD8806AC363
:10811000D980D1EBDA80DFC5DB80CEEBDC80A4CA6E
:10812000DD80D5EBDE80FBB0DF806BC3E0806CC30D
:10813000E180FABAE2806DC3E3806EC3E480B7D811
:10814000E580E3F1E6806FC3E780CAEBE880CBEB24
:10815000E980CCEBEA80CDEBEB80D6EBEC80C0E69F
:10816000ED80D9EBEE8070C3EF80E8BFF080C8D21D
:10817000F180D7EBF280DCEBF380ECB8F480D8EB45
:10818000F58071C3F680BABDF78072C3F880D8D08D
:10819000F98073C3FA80B7B0FB8074C3FC80DDEB59
:1081A000FD80DCC4FE8075C3FF8076C3008177C389
:1081B000018178C30281ACD6038179C304817AC37B
:1081C00005817BC30681E0B407817CC308817DC340
:1081D0000981F6C20A81B9BC0B817EC30C8180C3C0
:1081E0000D81DAEB0E81DBEB0F81E0D41081EAC662
:1081F0001181D4C41281DFEB1381A7C51481F5D995
:10820000158181C31681B1B2178182C31881E4EB55
:10821000198183C31A81C5BD1B8184C31C8185C399
:108220001D8186C31E81E2EB1F8187C3208188C325
:10823000218189C322818AC323818BC324818CC37A
:1082400025818DC326818EC327818FC3288190C34A
:10825000298191C32A8192C32B8193C32C81E3EBA3
:108260002D8194C32E8195C32F81ACB8308196C3E4
:108270003181D1CD3281E5EB338197C3348198C30D
:10828000358199C33681E1EB37819AC33881B3C117
:1082900039819BC33A819CC33B819DC33C819EC372
:1082A0003D819FC33E81A2C63F81A0C3408140C49F
:1082B000418141C4428142C4438143C4448144C496
:1082C000458145C44681F3CC478146C44881E6EBED
:1082D000498147C44A81B0C04B81B8D24C81E7EB99
:1082E0004D8148C44E8149C44F814AC45081AFB8C2
:1082F0005181ADB852814BC45381E8EB5481BBC767
:108300005581F3CD56814CC457814DC458814EC41C
:108310005981EAEB5A81EBEB5B814FC45C8150C41D
:108320005D8151C45E8152C45F8153C46081EDEBB5
:10833000618154C4628155C4638156C4648157C449
:108340006581C8D0668158C46781F2EB688159C4E1
:108350006981EEEB6A815AC46B815BC46C815CC439
:108360006D81F1EB6E81F9C86F815DC47081FCD1C4
:108370007181ECEB72815EC473815FC47481E9EB3F
:10838000758160C4768161C4778162C4788163C479
:108390007981B9B87A81D9CF7B81E5C47C81EFEB53
:1083A0007D81F0EB7E81DACC7F81C8CD8081F2B017
:1083B000818164C48281F6EB838165C4848166C453
:1083C000858167C4868168C4878169C48881F5EB2B
:1083D00089816AC48A81B2B28B816BC48C816CC47E
:1083E0008D816DC48E816EC48F81E0B890816FC421
:1083F0009181F7EB928170C4938171C4948172C4AE
:10840000958173C4968174C4978175C49881ECB1C9
:10841000998176C49A8177C49B81C5CC9C81A4C480
:108420009D81A5CF9E8178C49F8179C4A0817AC4A3
:10843000A1817BC4A2817CC4A381F9EBA4817DC40A
:10844000A5817EC4A681A2ECA78180C4A881F2C5C3
:10845000A98181C4AA81FAEBAB8182C4AC8183C4B7
:10846000AD8184C4AE8185C4AF8186C4B08187C428
:10847000B18188C4B28189C4B381C5C9B4818AC4B9
:10848000B5818BC4B6818CC4B7818DC4B8818EC4CC
:10849000B9818FC4BA81DFE2BB81FEEBBC8190C49D
:1084A000BD8191C4BE8192C4BF8193C4C081CECD31
:1084B000C181A1ECC281DBB1C381B7D3C48194C4B3
:1084C000C58195C4C681DCD2C78196C4C88197C4D2
:1084D000C98198C4CA81FDEBCB8199C4CC81FBEBE7
:1084E000CD819AC4CE819BC4CF819CC4D0819DC4D0
:1084F000D1819EC4D2819FC4D381A0C4D48140C500
:10850000D58141C5D68142C5D78143C5D88144C5EF
:10851000D98145C5DA8146C5DB8147C5DC8148C5BF
:10852000DD8149C5DE814AC5DF814BC5E0814CC58F
:10853000E1814DC5E2814EC5E381BCB3E4814FC505
:10854000E58150C5E68151C5E781B0EAE88152C5B1
:10855000E98153C5EA81D4D7EB8154C5EC81ABF4F2
:10856000ED81F4B3EE8155C5EF8156C5F08157C555
:10857000F18158C5F28159C5F381C1D6F481C2D6C3
:10858000F5815AC5F6815BC5F7815CC5F8815DC58B
:10859000F9815EC5FA815FC5FB81E9D5FC81CABE60
:1085A000FD8160C5FE81A7F4FF8161C50082A8D26C
:1085B0000182A8F40282A9F4038262C50482AAF4AB
:1085C0000582CBBE0682DFD3078263C5088264C5FD
:1085D000098265C50A8266C50B8267C50C82E0C93F
:1085E0000D82E1C90E8268C50F8269C51082C2F38F
:1085F00011826AC51282E6CA13826BC51482F2CC5C
:1086000015826CC516826DC517826EC518826FC53E
:10861000198270C51A8271C51B82B6E21C82B4CB66
:108620001D8272C51E82E8CE1F82DBD6208273C5F2
:108630002182ADF42282AEF42382AFF4248274C589
:10864000258275C5268276C5278277C52882B2F431
:10865000298278C52A82BDBA2B82B3F42C82E3B07A
:108660002D82B0F42E8279C52F82B1F43082A2BD62
:108670003182D5B232827AC53382B6F43482B7F40D
:108680003582E6B63682B0B23782CFCF3882B4F4C4
:108690003982ACB43A827BC53B82B5F43C827CC55E
:1086A0003D827DC53E82B8F43F827EC5408280C552
:1086B000418281C5428282C5438283C54482B9F426
:1086C000458284C5468285C54782A7CD488286C536
:1086D0004982BAF44A8287C54B82BBF44C8288C572
:1086E0004D8289C54E828AC54F82BCF450828BC5AB
:1086F00051828CC552828DC553828EC554828FC5DE
:10870000558290C5568291C5578292C55882D2CB68
:10871000598293C55A82BDF45B8294C55C8295C52B
:108720005D8296C55E8297C55F82BEF4608298C501
:10873000618299C562829AC563829BC564829CC529
:1087400065829DC566829EC567829FC56882BFF4AB
:108750006982A0C56A8240C66B8241C66C8242C6ED
:108760006D8243C66E82DEF46F82BCC17082E8BC4B
:10877000718244C67282ABC97382DED17482F5E520
:10878000758245C6768246C6778247C6788248C6D5
:108790007982B3DC7A82D5D27B8249C67C824AC692
:1087A0007D82B4DC7E82ACB07F82B5DC80824BC639
:1087B00081824CC68282DABD83824DC68482B9DC56
:1087C00085824EC686824FC6878250C68882C2D8AE
:1087D000898251C68A82B7DC8B82F3D38C8252C6DF
:1087E0008D82D6C98E82BADC8F82B6DC908253C667
:1087F0009182BBDC9282A2C3938254C6948255C6F6
:10880000958256C6968257C69782BCDC9882C5DC94
:108810009982BDDC9A8258C69B8259C69C82DFCE63
:108820009D82A5D69E825AC69F82CFDCA0825BC65F
:10883000A182CDDCA2825CC6A3825DC6A482D2DC0A
:10884000A582E6BDA682ABC2A7825EC6A882B8DCBE
:10885000A982CBDCAA82CEDCAB82BEDCAC82D2B7F2
:10886000AD82C5B0AE82C7DCAF82BED0B082C1DC03
:10887000B182A8BBB2825FC6B382BCB7B482CCDC83
:10888000B58260C6B68261C6B782C6DCB882BFDC7C
:10889000B982DBC7BA8262C6BB8263C6BC8264C6C9
:1088A000BD82BFD1BE82C0DCBF8265C6C08266C643
:1088B000C182CADCC28267C6C38268C6C482D0DCF9
:1088C000C58269C6C6826AC6C782ADCEC882C2DC0E
:1088D000C9826BC6CA82C3DCCB82C8DCCC82C9DC4D
:1088E000CD82D4B2CE82D1DCCF82D5CBD0826CC641
:1088F000D182B7D4D282DBDCD382DFDCD482A6CCB7
:10890000D582E6DCD6826DC6D782E7C3D882DCDCAE
:10891000D9826EC6DA826FC6DB82C1BFDC82D9DC47
:10892000DD8270C6DE82FAB0DF82B6B9E082E5DCB5
:10893000E182D3DCE28271C6E382C4DCE482D6DC6D
:10894000E582F4C8E682E0BFE78272C6E88273C6B9
:10895000E98274C6EA8275C6EB82BBC9EC8276C630
:10896000ED8277C6EE8278C6EF82BDB1F08279C61D
:10897000F182A2D3F2827AC6F3827BC6F482DADC79
:10898000F5827CC6F6827DC6F782D5DCF8827EC68B
:10899000F982BBC6FA8280C6FB82DEDCFC8281C61D
:1089A000FD8282C6FE8283C6FF8284C6008385C69E
:1089B0000183C2D70283AFC30383B6B70483D1C791
:1089C0000583A9C30683E2DC0783D8DC0883EBDCDC
:1089D0000983D4DC0A8386C60B8387C60C83DDDC5F
:1089E0000D8388C60E83A5BE0F83D7DC108389C68E
:1089F0001183E0DC12838AC613838BC61483E3DC05
:108A00001583E4DC16838CC61783F8DC18838DC6C7
:108A100019838EC61A83E1DC1B83A2DD1C83E7DC8D
:108A20001D838FC61E8390C61F8391C6208392C666
:108A3000218393C6228394C6238395C6248396C636
:108A4000258397C6268398C62783EBBC2883C4B4A6
:108A5000298399C62A839AC62B83A3C32C83E7B2A2
:108A60002D83FADC2E839BC62F83F2DC30839CC6D9
:108A70003183EFDC32839DC63383FCDC3483EEDC50
:108A80003583F0D23683E8B237839EC63883D7C8A1
:108A90003983E3C83A83FBDC3B839FC63C83EDDC30
:108AA0003D83A0C63E8340C73F8341C74083F7DC78
:108AB000418342C7428343C74383F5DC448344C7B1
:108AC000458345C74683A3BE4783F4DC488346C736
:108AD0004983DDB24A8347C74B8348C74C8349C7A4
:108AE0004D834AC74E834BC74F83F3DC5083F6BC9C
:108AF0005183E8DC5283C4BB53834CC75483F3C017
:108B000055834DC756834EC757834FC7588350C7A9
:108B1000598351C75A83D4BC5B83E9DC5C83EADCAC
:108B20005D8352C75E83F1DC5F83F6DC6083F9DC32
:108B30006183B4B5628353C76383D9C86483E7BBD9
:108B40006583FEDC6683FDDC6783ABD36883A1DDD0
:108B50006983A3DD6A83A5DD6B83F1D26C83A4DD19
:108B60006D83A6DD6E83A7DD6F83A9D2708354C7A2
:108B7000718355C7728356C7738357C7748358C7A9
:108B8000758359C776835AC77783C9BA7883A9DDB5
:108B900079835BC77A835CC77B83B6DD7C83B1DD79
:108BA0007D83B4DD7E835DC77F835EC780835FC7BF
:108BB000818360C7828361C7838362C7848363C7FD
:108BC0008583B0DD8683CEC6878364C7888365C707
:108BD0008983F2C08A8366C78B8367C78C8368C723
:108BE0008D8369C78E83AFC98F836AC790836BC734
:108BF00091836CC79283ECDC9383AEDD94836DC765
:108C000095836EC796836FC7978370C79883B7DDC8
:108C1000998371C79A8372C79B83F0DC9C83AFDD15
:108C20009D8373C79E83B8DD9F8374C7A083ACDD2B
:108C3000A18375C7A28376C7A38377C7A48378C7A8
:108C4000A58379C7A6837AC7A7837BC7A883B9DD25
:108C5000A983B3DDAA83ADDDAB83AAC4AC837CC793
:108C6000AD837DC7AE837EC7AF8380C7B083A8DDE9
:108C7000B183B3C0B283ABC1B383AADDB483ABDD30
:108C8000B58381C7B683B2DDB783F1BBB883B5DDE9
:108C9000B983A8D3BA83BADDBB8382C7BC83BBDDEB
:108CA000BD83A7C3BE8383C7BF8384C7C083D2DD10
:108CB000C183BCDDC28385C7C38386C7C48387C71E
:108CC000C583D1DDC68388C7C783BDB9C88389C7BB
:108CD000C9838AC7CA83D5BECB838BC7CC83FABE70
:108CE000CD838CC7CE838DC7CF83CABAD0838EC7BE
:108CF000D1838FC7D28390C7D38391C7D483CADD72
:108D0000D58392C7D683C5DDD78393C7D883BFDD0C
:108D1000D98394C7DA8395C7DB8396C7DC83CBB24C
:108D2000DD83C3DDDE8397C7DF83CBDDE083A4B2C1
:108D3000E183D5DDE28398C7E38399C7E4839AC7CB
:108D4000E583BEDDE6839BC7E7839CC7E8839DC7B9
:108D5000E983D0C6EA83D0DDEB839EC7EC839FC74F
:108D6000ED83A0C7EE8340C8EF8341C8F083D4DD14
:108D7000F183E2C1F283C6B7F38342C8F48343C8E8
:108D8000F58344C8F68345C8F78346C8F883CEDD2B
:108D9000F983CFDDFA8347C8FB8348C8FC8349C801
:108DA000FD83C4DDFE834AC8FF834BC800844CC8E2
:108DB0000184BDDD02844DC80384CDDD0484D1CCA3
:108DC00005844EC80684C9DD07844FC8088450C88E
:108DD000098451C80A8452C80B84C2DD0C84C8C3FC
:108DE0000D84BCC60E84AECE0F84CCDD108453C877
:108DF0001184C8DD128454C8138455C8148456C81D
:108E0000158457C8168458C8178459C81884C1DDFA
:108E100019845AC81A845BC81B845CC81C84C6DDCC
:108E20001D84DCC21E845DC81F845EC820845FC8A8
:108E3000218460C8228461C8238462C82484A9D3A1
:108E40002584AAD32684D3DD2784F4CF2884F8C8C8
:108E5000298463C82A8464C82B8465C82C8466C8A6
:108E60002D8467C82E8468C82F8469C830846AC876
:108E70003184E6DD32846BC833846CC834846DC8B9
:108E800035846EC836846FC8378470C83884C7DDAF
:108E9000398471C83A8472C83B8473C83C84E0DD6D
:108EA0003D84E4C23E8474C83F8475C8408476C85B
:108EB000418477C8428478C8438479C844847AC896
:108EC00045847BC84684E1DD47847CC848847DC8EE
:108ED00049847EC84A8480C84B8481C84C8482C837
:108EE0004D8483C84E8484C84F8485C8508486C806
:108EF0005184D7DD528487C8538488C8548489C874
:108F000055848AC856848BC85784F8D658848CC830
:108F10005984D9DD5A84D8DD5B84F0B85C84D6DD11
:108F20005D848DC85E848EC85F848FC8608490C85D
:108F30006184CFC6628491C86384ADB6648492C8EC
:108F4000658493C8668494C8678495C8688496C805
:108F50006984E2DD6A8497C86B84F9BA6C84E1D4D1
:108F60006D84E7DD6E8498C86F8499C870849AC850
:108F70007184D0B472849BC87384DADD74849CC815
:108F80007584FBBF7684E3DD77849DC87884DFDD5C
:108F900079849EC87A84DDDD7B849FC87C84A0C8E8
:108FA0007D8440C97E8441C97F8442C9808443C98D
:108FB000818444C98284D9B5838445C9848446C9DF
:108FC000858447C9868448C98784DBDD8884DCDDE5
:108FD0008984DEDD8A8449C98B84AFBD8C84E4DD5D
:108FE0008D844AC98E84E5DD8F844BC990844CC939
:108FF00091844DC992844EC993844FC9948450C9B9
:10900000958451C9968452C99784F5DD988453C9D3
:109010009984C9C39A8454C99B8455C99C84E2CB62
:109020009D8456C99E8457C99F8458C9A08459C934
:10903000A184F2DDA2845AC9A3845BC9A4845CC95B
:10904000A5845DC9A6845EC9A7845FC9A88460C9D8
:10905000A98461C9AA8462C9AB8463C9AC8464C9A8
:10906000AD8465C9AE8466C9AF84E1D8B08467C9F0
:10907000B18468C9B284D1C6B38469C9B484F4DD4B
:10908000B5846AC9B6846BC9B7846CC9B884F4D591
:10909000B984F3DDBA84F0DDBB846DC9BC846EC9CC
:1090A000BD84ECDDBE846FC9BF84EFDDC08470C9B0
:1090B000C184E8DDC28471C9C38472C9C484EED09E
:1090C000C58473C9C68474C9C78475C9C88476C980
:1090D000C984D8C8CA84EEDDCB8477C9CC8478C96A
:1090E000CD84E9DDCE8479C9CF847AC9D084EADD24
:1090F000D184F2CBD2847BC9D384EDDDD4847CC906
:10910000D5847DC9D684CDB1D7847EC9D88480C9A1
:10911000D98481C9DA8482C9DB8483C9DC8484C9A7
:10912000DD84B6C0DE8485C9DF84BBBCE084F1DDAC
:10913000E18486C9E28487C9E384F7DDE48488C9D1
:10914000E584F6DDE684EBDDE78489C9E8848AC935
:10915000E9848BC9EA848CC9EB848DC9EC84EEC5A3
:10916000ED848EC9EE848FC9EF8490C9F084FBDD55
:10917000F18491C9F28492C9F38493C9F48494C9A7
:10918000F58495C9F68496C9F78497C9F88498C977
:10919000F98499C9FA849AC9FB849BC9FC84A4DE2A
:1091A000FD849CC9FE849DC9FF84A3DE00859EC901
:1091B00001859FC90285A0C9038540CA048541CAAB
:1091C000058542CA068543CA078544CA088545CA3B
:1091D000098546CA0A8547CA0B8548CA0C85F8DD49
:1091E0000D8549CA0E854ACA0F854BCA10854CCADF
:1091F0001185EFC312854DCA1385FBC214854ECA73
:1092000015854FCA168550CA1785E1D5188551CAEC
:10921000198552CA1A85B5CE1B8553CA1C8554CAF6
:109220001D8555CA1E8556CA1F85FDDD208557CA76
:109230002185CCB2228558CA238559CA24855ACAA9
:1092400025855BCA26855CCA27855DCA28855ECAD6
:1092500029855FCA2A8560CA2B85E8C42C85DFCAA8
:109260002D8561CA2E8562CA2F8563CA308564CA7E
:10927000318565CA328566CA338567CA348568CA4E
:10928000358569CA36856ACA3785BEC73885FADD2D
:109290003985FCDD3A85FEDD3B85A2DE3C85AAB042
:1092A0003D85CEB13E856BCA3F856CCA40856DCA8F
:1092B00041856ECA42856FCA4385ACDE448570CA5B
:1092C000458571CA468572CA478573CA4885A6DE38
:1092D0004985B6BD4A85EFC84B8574CA4C8575CAA9
:1092E0004D8576CA4E8577CA4F8578CA508579CA2A
:1092F00051857ACA52857BCA53857CCA54857DCAFA
:1093000055857ECA5685A1DE578580CA588581CA93
:109310005985A5DE5A8582CA5B8583CA5C8584CA65
:109320005D8585CA5E85A9DE5F8586CA608587CA38
:10933000618588CA628589CA63858ACA6485A8DE10
:1093400065858BCA66858CCA67858DCA6885A7DEE8
:1093500069858ECA6A858FCA6B8590CA6C8591CAE9
:109360006D8592CA6E8593CA6F8594CA708595CAB9
:10937000718596CA7285ADDE738597CA7485CCD423
:10938000758598CA768599CA77859ACA78859BCA61
:109390007985B3DE7A85AADE7B85AEDE7C859CCAC4
:1093A0007D859DCA7E85D9C07F859ECA80859FCADE
:1093B0008185A0CA828540CB838541CB8485A1B1BC
:1093C0008585B6DE868542CB8785B1DE888543CB31
:1093D000898544CB8A8545CB8B8546CB8C8547CB0D
:1093E0008D8548CB8E8549CB8F85B2DE90854ACB63
:1093F00091854BCB92854CCB93854DCB94854ECBB1
:1094000095854FCB968550CB978551CB988552CB80
:10941000998553CB9A8554CB9B85A6D19C85B5DE87
:109420009D8555CB9E8556CB9F8557CBA08558CB28
:10943000A18559CBA2855ACBA3855BCBA485AFDE92
:10944000A5855CCBA6855DCBA7855ECBA885B0DE68
:10945000A9855FCBAA85BDD0AB8560CBAC8561CB40
:10946000AD8562CBAE85B4DEAF85EDCAB085B9DE21
:10947000B18563CBB28564CBB38565CBB48566CB50
:10948000B58567CBB68568CBB785B8DEB88569CBBF
:10949000B985B7DEBA856ACBBB856BCBBC856CCB97
:1094A000BD856DCBBE856ECBBF856FCBC08570CBC8
:1094B000C185BBDEC28571CBC38572CBC48573CB3E
:1094C000C58574CBC68575CBC78576CBC88577CB6C
:1094D000C985E5BDCA8578CBCB8579CBCC857ACBE0
:1094E000CD857BCBCE857CCBCF85D8B2D085EAC36A
:1094F000D1857DCBD2857ECBD385BADED48580CB9A
:10950000D585BAC5D68581CBD78582CBD88583CB87
:10951000D98584CBDA8585CBDB8586CBDC85BCDE43
:10952000DD8587CBDE8588CBDF8589CBE0858ACB5F
:10953000E1858BCBE2858CCBE3858DCBE485D9CCE3
:10954000E5858ECBE6858FCBE78590CBE88591CB03
:10955000E985AAB7EA8592CBEB8593CBEC8594CBD2
:10956000ED8595CBEE8596CBEF8597CBF08598CBA7
:10957000F18599CBF2859ACBF3859BCBF4859CCB77
:10958000F5859DCBF6859ECBF7859FCBF885A0CB47
:10959000F98540CCFA8541CCFB85E5D4FC8542CCED
:1095A000FD8543CCFE8544CCFF85BDDE008645CCE1
:1095B000018646CC028647CC038648CC048649CC3B
:1095C0000586BFDE06864ACC07864BCC08864CCC87
:1095D00009864DCC0A864ECC0B864FCC0C8650CCDF
:1095E0000D8651CC0E8652CC0F8653CC108654CCAF
:1095F0001186A2C4128655CC138656CC148657CC3D
:10960000158658CC1686C1DE178659CC18865ACCDA
:1096100019865BCC1A865CCC1B865DCC1C865ECC26
:109620001D865FCC1E8660CC1F8661CC208662CCF6
:10963000218663CC228664CC238665CC248666CCC6
:10964000258667CC268668CC2786BEDE288669CC30
:109650002986C0DE2A866ACC2B866BCC2C866CCC05
:109660002D866DCC2E866ECC2F866FCC308670CC3E
:10967000318671CC328672CC338673CC348674CC0E
:10968000358675CC368676CC378677CC3886BAD593
:10969000398678CC3A8679CC3B867ACC3C86C2DE59
:1096A0003D867BCC3E867CCC3F867DCC40867ECC86
:1096B000418680CC428681CC438682CC448683CC52
:1096C000458684CC468685CC478686CC488687CC22
:1096D000498688CC4A8689CC4B868ACC4C868BCCF2
:1096E0004D86AEF24E86A2BB4F86B2C25086B0C542
:1096F0005186C7C252868CCC53868DCC5486AFF22D
:1097000055868ECC56868FCC578690CC588691CC79
:10971000598692CC5A86E9D05B8693CC5C8694CCF1
:109720005D8695CC5E86DDD35F8696CC608697CCD1
:10973000618698CC6286BDEB638699CC64869ACCB0
:1097400065869BCC66869CCC67869DCC68869ECCC5
:1097500069869FCC6A86A0CC6B86E6B36C86B0F235
:109760006D8640CD6E86B1F26F8641CD708642CD5A
:109770007186ADCA728643CD738644CD748645CD5D
:10978000758646CD768647CD778648CD788649CD95
:109790007986E7BA7A86B3F27B86B5F27C86B4F234
:1097A0007D86E4CB7E86BACF7F86B2F28086B4CA4D
:1097B0008186CFD28286ECC283864ACD84864BCD09
:1097C00085864CCD86864DCD87864ECD88864FCDFD
:1097D000898650CD8A86C3CE8B86B8F28C86F6B049
:1097E0008D86B7F28E8651CD8F8652CD908653CD21
:1097F000918654CD928655CD9386BEF2948656CDF1
:109800009586CFB2968657CD978658CD988659CDF6
:1098100099865ACD9A865BCD9B865CCD9C86C1D1BC
:109820009D86BAF29E865DCD9F865ECDA0865FCD79
:10983000A18660CDA28661CDA386BCF2A486E9D4C0
:10984000A58662CDA68663CDA786BBF2A886B6F2B2
:10985000A986BFF2AA86BDF2AB8664CDAC86B9F20A
:10986000AD8665CDAE8666CDAF86C7F2B086C4F252
:10987000B186C6F2B28667CDB38668CDB486CAF229
:10988000B586C2F2B686C0F2B78669CDB8866ACD13
:10989000B9866BCDBA86C5F2BB866CCDBC866DCD64
:1098A000BD866ECDBE866FCDBF8670CDC086FBD621
:1098B000C18671CDC28672CDC38673CDC486C1F216
:1098C000C58674CDC686F9C7C786DFC9C88675CD7B
:1098D000C986C8F2CA86C6B9CB86B0B5CC8676CD65
:1098E000CD8677CDCE86C3F2CF86C9F2D086D0F2B0
:1098F000D186D6F2D28678CDD38679CDD486D7BB21
:10990000D5867ACDD6867BCDD7867CCDD886D5F246
:10991000D986DCCDDA867DCDDB86EBD6DC867ECDC6
:10992000DD8680CDDE86D2F2DF86D4F2E08681CD80
:10993000E18682CDE28683CDE38684CDE486F2B8EB
:10994000E58685CDE68686CDE78687CDE88688CD17
:10995000E986CBF2EA8689CDEB868ACDEC868BCD83
:10996000ED86CEF2EE86F9C2EF868CCDF086DDD59F
:10997000F186CCF2F286CDF2F386CFF2F486D3F202
:10998000F5868DCDF6868ECDF7868FCDF886D9F209
:10999000F986BCD3FA8690CDFB8691CDFC8692CD1C
:1099A000FD8693CDFE86EAB6FF8694CD0087F1CA88
:1099B000018795CD0287E4B70387D7F2048796CD58
:1099C000058797CD068798CD0787D8F20887DAF202
:1099D0000987DDF20A87DBF20B8799CD0C879ACDD8
:1099E0000D87DCF20E879BCD0F879CCD10879DCD18
:1099F00011879ECD1287D1D11387D1F214879FCDC5
:109A00001587C9CD1687A0CD1787CFCE1887A9D6C1
:109A1000198740CE1A87E3F21B8741CE1C87DBC330
:109A20001D8742CE1E87E0F21F8743CE208744CE9B
:109A30002187AFC02287ECF22387DEF2248745CE50
:109A40002587E1F2268746CE278747CE288748CE4E
:109A50002987E8F22A8749CE2B874ACE2C874BCE1E
:109A60002D874CCE2E87E2F22F874DCE30874ECEFB
:109A70003187E7F232874FCE338750CE3487E6F214
:109A8000358751CE368752CE3787E9F2388753CEA5
:109A9000398754CE3A8755CE3B87DFF23C8756CE86
:109AA0003D8757CE3E87E4F23F87EAF2408758CEA3
:109AB000418759CE42875ACE43875BCE44875CCEDE
:109AC00045875DCE46875ECE4787ACD34887E5F2B3
:109AD0004987F5B24A875FCE4B8760CE4C87F2F25A
:109AE0004D8761CE4E87ABD04F8762CE508763CE15
:109AF000518764CE528765CE5387F5F2548766CE80
:109B0000558767CE568768CE5787C8BB588769CEBA
:109B10005987F9F25A876ACE5B876BCE5C876CCE29
:109B20005D876DCE5E876ECE5F876FCE6087F0F209
:109B3000618770CE628771CE6387F6F26487F8F230
:109B40006587FAF2668772CE678773CE688774CEB0
:109B5000698775CE6A8776CE6B8777CE6C8778CE2D
:109B60006D8779CE6E87F3F26F877ACE7087F1F2C8
:109B700071877BCE72877CCE73877DCE7487FBBA6C
:109B800075877ECE7687FBB5778780CE788781CE46
:109B9000798782CE7A8783CE7B87EFF27C87F7F254
:109BA0007D87EDF27E87EEF27F8784CE808785CE3B
:109BB000818786CE8287EBF28387A6F3848787CE60
:109BC0008587A3F3868788CE878789CE8887A2F387
:109BD00089878ACE8A878BCE8B87F4F28C878CCE4E
:109BE0008D87DAC88E878DCE8F878ECE90878FCE69
:109BF000918790CE928791CE9387FBF2948792CEF5
:109C0000958793CE968794CE9787A5F3988795CE20
:109C1000998796CE9A8797CE9B8798CE9C8799CE28
:109C20009D879ACE9E879BCE9F87F8C3A0879CCEA8
:109C3000A1879DCEA2879ECEA3879FCEA487A0CECC
:109C4000A58740CFA68741CFA78742CFA887FDF23F
:109C5000A98743CFAA8744CFAB87A7F3AC87A9F3E3
:109C6000AD87A4F3AE8745CFAF87FCF2B08746CF70
:109C7000B18747CFB28748CFB387ABF3B48749CF1B
:109C8000B587AAF3B6874ACFB7874BCFB8874CCFF3
:109C9000B9874DCFBA87DDC2BB874ECFBC874FCFC8
:109CA000BD87AEF3BE8750CFBF8751CFC087B0F31B
:109CB000C18752CFC28753CFC38754CFC48755CFF4
:109CC000C58756CFC687A1F3C78757CFC88758CF58
:109CD000C98759CFCA87B1F3CB87ACF3CC875ACFAA
:109CE000CD875BCFCE875CCFCF875DCFD0875ECF70
:109CF000D187AFF3D287FEF2D387ADF3D4875FCF9E
:109D0000D58760CFD68761CFD78762CFD88763CF1B
:109D1000D98764CFDA8765CFDB87B2F3DC8766CF7C
:109D2000DD8767CFDE8768CFDF8769CFE087B4F351
:109D3000E1876ACFE2876BCFE3876CCFE4876DCF93
:109D4000E587A8F3E6876ECFE7876FCFE88770CF08
:109D5000E98771CFEA87B3F3EB8772CFEC8773CFD4
:109D6000ED8774CFEE87B5F3EF8775CFF08776CFA9
:109D7000F18777CFF28778CFF38779CFF4877ACFDF
:109D8000F5877BCFF6877CCFF7877DCFF8877ECFAF
:109D9000F987B7D0FA8780CFFB8781CFFC8782CF46
:109DA000FD8783CFFE87B8F3FF8784CF008885CFF8
:109DB000018886CF028887CF0388F9D9048888CFA5
:109DC000058889CF06888ACF07888BCF08888CCFF3
:109DD00009888DCF0A88B9F30B888ECF0C888FCF76
:109DE0000D8890CF0E8891CF0F8892CF108893CF97
:109DF000118894CF128895CF1388B7F3148896CF23
:109E00001588E4C81688B6F3178897CF188898CFB6
:109E1000198899CF1A889ACF1B88BAF31C889BCFD0
:109E20001D889CCF1E889DCF1F889ECF20889FCFE6
:109E30002188BBF32288C0B42388A0CF248840D0D7
:109E4000258841D0268842D0278843D0288844D00E
:109E5000298845D02A8846D02B8847D02C8848D0DE
:109E60002D8849D02E884AD02F884BD030884CD0AE
:109E700031884DD03288C3EE33884ED034884FD0ED
:109E8000358850D0368851D0378852D0388853D052
:109E90003988BCF33A8854D03B8855D03C88BDF310
:109EA0003D8856D03E8857D03F8858D04088AAD1A8
:109EB000418859D042885AD043885BD04488ACF45A
:109EC0004588C6D046885CD047885DD048885ED03B
:109ED00049885FD04A8860D04B8861D04C88D0D008
:109EE0004D88DCD14E8862D04F8863D0508864D0D2
:109EF000518865D0528866D0538867D05488CECFB9
:109F0000558868D0568869D05788D6BD58886AD099
:109F10005988C3D15A886BD05B886CD05C886DD06F
:109F20005D886ED05E886FD05F8870D0608871D099
:109F30006188E2BA6288E9E16388C2D26488C2F1CA
:109F40006588B9B2668872D0678873D06888EDB1C9
:109F50006988C3F16A8874D06B88C0C96C88C4B33F
:109F60006D8875D06E88F2D96F8876D07088A5CB51
:109F7000718877D07288C4F1738878D0748879D06A
:109F800075887AD076887BD07788D4D678887CD04C
:109F900079887DD07A887ED07B8880D07C8881D07B
:109FA0007D88C5F17E88C0F47F88C6F1808882D024
:109FB0008188ACD48288C7F1838883D08488C0B07C
:109FC0008588C1F4868884D0878885D08888C2F443
:109FD000898886D08A8887D08B88FCB48C8888D082
:109FE0008D88DBC58E8889D08F888AD090888BD069
:109FF00091888CD09288BBCC93888DD094888ED059
:10A0000095888FD09688E4D0978890D0988891D002
:10A01000998892D09A8893D09B8894D09C88E0CDE0
:10A020009D8895D09E8896D09F8897D0A08898D0FC
:10A03000A18899D0A288C8F1A3889AD0A488F3D91E
:10A04000A5889BD0A6889CD0A7889DD0A8889ED0A4
:10A05000A9889FD0AA88A0D0AB88BBB1AC8840D1DA
:10A06000AD88AECFAE8841D1AF8842D1B08843D160
:10A07000B188A4B8B28844D1B38845D1B48846D158
:10A08000B58847D1B68848D1B788CAF1B88849D1D0
:10A09000B9884AD1BA884BD1BB884CD1BC88CBF1A6
:10A0A000BD884DD1BE884ED1BF884FD1C08850D118
:10A0B000C188C3B2C288D1C1C38851D1C48852D12A
:10A0C000C588B0D7C688C9F1C78853D1C88854D1CC
:10A0D000C988CCF1CA8855D1CB8856D1CC8857D104
:10A0E000CD8858D1CE88CEF1CF8859D1D0885AD1D9
:10A0F000D1885BD1D288F6D9D3885CD1D488E1D21B
:10A10000D588A3D4D6885DD1D7885ED1D888C3F44A
:10A11000D988B9C8DA885FD1DB8860D1DC8861D1A1
:10A12000DD8862D1DE8863D1DF88C4F4E08864D141
:10A13000E18865D1E288CDF1E388CFF1E488E3BF1F
:10A14000E588D0F1E68866D1E78867D1E888D4F160
:10A15000E98868D1EA8869D1EB886AD1EC886BD14B
:10A16000ED886CD1EE886DD1EF886ED1F088D6F194
:10A17000F188D1F1F2886FD1F388D1C9F488E1C5B3
:10A18000F58870D1F68871D1F78872D1F888E3C26A
:10A19000F988FCB9FA8873D1FB8874D1FC88D3F1B3
:10A1A000FD8875D1FE88D5F1FF8876D1008977D1F9
:10A1B000018978D10289D3B9038979D104897AD107
:10A1C00005897BD106897CD107897DD108897ED11B
:10A1D000098980D10A89DBF10B8981D10C8982D16F
:10A1E0000D8983D10E8984D10F8985D11089D6BA82
:10A1F000118986D11289FDB01389D9F1148987D1CB
:10A20000158988D1168989D117898AD118898BD166
:10A210001989D8F11A89D2F11B89DAF11C898CD1FC
:10A220001D898DD11E898ED11F898FD1208990D112
:10A230002189D7F1228991D1238992D1248993D17F
:10A240002589ECC8268994D1278995D1288996D16A
:10A25000298997D12A89CACD2B89DDF12C8998D1FA
:10A260002D8999D12E899AD12F899BD13089BDE52D
:10A2700031899CD132899DD133899ED13489DCF1D9
:10A2800035899FD13689DEF13789A0D1388940D20E
:10A29000398941D23A8942D23B8943D23C8944D25E
:10A2A0003D8945D23E8946D23F8947D2408948D22E
:10A2B0004189DFF1428949D243894AD24489E5CFB5
:10A2C00045894BD246894CD247894DD248894ED2D6
:10A2D00049894FD24A8950D24B8951D24C8952D2A6
:10A2E0004D8953D24E8954D24F8955D2508956D276
:10A2F000518957D2528958D2538959D254895AD246
:10A3000055895BD256895CD257895DD258895ED215
:10A3100059895FD25A8960D25B8961D25C8962D2E5
:10A320005D8963D25E89C5F45F89F3BD608964D2BB
:10A33000618965D2628966D2638967D2648968D28D
:10A34000658969D26689E0F167896AD268896BD2CA
:10A3500069896CD26A896DD26B896ED26C896FD231
:10A360006D8970D26E8971D26F8972D2708973D201
:10A37000718974D2728975D2738976D2748977D2D1
:10A38000758978D2768979D277897AD278897BD2A1
:10A3900079897CD27A897DD27B89E1F17C897ED2F0
:10A3A0007D8980D27E8981D27F89F7CE808982D2D1
:10A3B0008189AAD2828983D28389FBF1848984D25C
:10A3C000858985D28689B2B8878986D2888987D2DD
:10A3D000898988D28A8989D28B898AD28C898BD2C1
:10A3E0008D898CD28E898DD28F898ED290898FD291
:10A3F000918990D2928991D2938992D2948993D261
:10A40000958994D2968995D2978996D2988997D230
:10A41000998998D29A8999D29B899AD29C899BD200
:10A420009D899CD29E899DD29F899ED2A0899FD2D0
:10A43000A189A0D2A28940D3A38941D3A48942D3C0
:10A44000A58943D3A68944D3A78945D3A88946D3F0
:10A45000A98947D3AA8948D3AB8949D3AC894AD3C0
:10A46000AD894BD3AE894CD3AF894DD3B0894ED390
:10A47000B1894FD3B28950D3B38951D3B48952D360
:10A48000B58953D3B68954D3B78955D3B88956D330
:10A49000B98957D3BA8958D3BB8959D3BC895AD300
:10A4A000BD895BD3BE895CD3BF895DD3C0895ED3D0
:10A4B000C189FBBCC289DBB9C3895FD3C489E6B952
:10A4C000C589D9C3C689D3CAC789E8EAC889C0C0C3
:10A4D000C989F5BECA89E9EACB89EAEACC89EBEAFF
:10A4E000CD8960D3CE89ECEACF89EDEAD089EEEA56
:10A4F000D189EFEAD289C7BDD38961D3D48962D328
:10A50000D58963D3D689FBF5D78964D3D88965D338
:10A51000D98966D3DA89FDF5DB8967D3DC89FEF555
:10A52000DD8968D3DE89FCF5DF8969D3E0896AD3E8
:10A53000E1896BD3E2896CD3E389E2BDE4896DD311
:10A54000E589A1F6E689A5B4E7896ED3E8896FD3DA
:10A55000E98970D3EA8971D3EB89A2F6EC8972D3C9
:10A56000ED8973D3EE8974D3EF89A3F6F08975D39F
:10A57000F18976D3F28977D3F389B2ECF48978D371
:10A58000F58979D3F6897AD3F7897BD3F8897CD397
:10A59000F9897DD3FA897ED3FB8980D3FC8981D365
:10A5A000FD8982D3FE8983D3FF8984D3008AD4D1E5
:10A5B000018A85D3028A86D3038A87D3048A88D303
:10A5C000058A89D3068A8AD3078AEAD9088A8BD36F
:10A5D000098A8CD30A8A8DD30B8A8ED30C8A8FD3A7
:10A5E0000D8A90D30E8A91D30F8A92D3108A93D377
:10A5F000118A94D3128A95D3138A96D3148A97D347
:10A60000158A98D3168A99D3178A9AD3188A9BD316
:10A61000198A9CD31A8A9DD31B8A9ED31C8A9FD3E6
:10A620001D8AA0D31E8A40D41F8A41D4208A42D4D6
:10A63000218A43D4228A44D4238A45D4248A46D406
:10A64000258A47D4268A48D4278A49D4288A4AD4D6
:10A65000298A4BD42A8A4CD42B8A4DD42C8A4ED4A6
:10A660002D8A4FD42E8A50D42F8A51D4308A52D476
:10A67000318A53D4328A54D4338A55D4348A56D446
:10A68000358A57D4368A58D4378A59D4388A5AD416
:10A69000398A5BD43A8A5CD43B8A5DD43C8A5ED4E6
:10A6A0003D8A5FD43E8AA4F63F8A60D4408A61D452
:10A6B000418A62D4428A63D4438A64D4448A65D48A
:10A6C000458A66D4468A67D4478A68D4488ABAEEEF
:10A6D000498A69D44A8A6AD44B8A6BD44C8A6CD42E
:10A6E0004D8A6DD44E8A6ED44F8A6FD4508A70D4FE
:10A6F000518A71D4528A72D4538A73D4548A74D4CE
:10A70000558A75D4568A76D4578A77D4588A78D49D
:10A71000598A79D45A8A7AD45B8A7BD45C8A7CD46D
:10A720005D8A7DD45E8A7ED45F8A80D4608A81D43B
:10A73000618A82D4628A83D4638A84D4648A85D409
:10A74000658A86D4668A87D4678A88D4688A89D4D9
:10A75000698A8AD46A8A8BD46B8A8CD46C8A8DD4A9
:10A760006D8A8ED46E8A8FD46F8A90D4708A91D479
:10A77000718A92D4728A93D4738A94D4748A95D449
:10A78000758A96D4768A97D4778A98D4788A99D419
:10A79000798AB2D57A8A9AD47B8A9BD47C8A9CD4D3
:10A7A0007D8A9DD47E8A9ED47F8A9FD4808AA0D4BD
:10A7B000818A40D5828A41D5838A42D5848A43D50D
:10A7C000858A44D5868A45D5878A46D5888A47D5DD
:10A7D000898AFED38A8ADCCC8B8A48D58C8A49D573
:10A7E0008D8A4AD58E8A4BD58F8A4CD5908A4DD585
:10A7F000918A4ED5928A4FD5938AC4CA948A50D5ED
:10A80000958A51D5968A52D5978A53D5988A54D528
:10A81000998A55D59A8A56D59B8A57D59C8A58D5F8
:10A820009D8A59D59E8A5AD59F8A5BD5A08A5CD5C8
:10A83000A18A5DD5A28A5ED5A38A5FD5A48A60D598
:10A84000A58A61D5A68A62D5A78A63D5A88A64D568
:10A85000A98A65D5AA8A66D5AB8A67D5AC8A68D538
:10A86000AD8A69D5AE8A6AD5AF8A6BD5B08A6CD508
:10A87000B18A6DD5B28A6ED5B38A6FD5B48A70D5D8
:10A88000B58A71D5B68A72D5B78A73D5B88A74D5A8
:10A89000B98A75D5BA8A76D5BB8A77D5BC8A78D578
:10A8A000BD8A79D5BE8A7AD5BF8A7BD5C08A7CD548
:10A8B000C18A7DD5C28A7ED5C38A80D5C48A81D516
:10A8C000C58A82D5C68A83D5C78A84D5C88A85D5E4
:10A8D000C98A86D5CA8A87D5CB8A88D5CC8A89D5B4
:10A8E000CD8A8AD5CE8A8BD5CF8A8CD5D08A8DD584
:10A8F000D18A8ED5D28A8FD5D38A90D5D48A91D554
:10A90000D58A92D5D68A93D5D78A94D5D88A95D523
:10A91000D98A96D5DA8A97D5DB8A98D5DC8A99D5F3
:10A92000DD8A9AD5DE8A9BD5DF8A9CD5E08A9DD5C3
:10A93000E18A9ED5E28A9FD5E38AA0D5E48A40D6F3
:10A94000E58A41D6E68A42D6E78A43D6E88A44D6E3
:10A95000E98A45D6EA8A46D6EB8A47D6EC8A48D6B3
:10A96000ED8A49D6EE8A4AD6EF8A4BD6F08A4CD683
:10A97000F18A4DD6F28A4ED6F38A4FD6F48A50D653
:10A98000F58A51D6F68A52D6F78A53D6F88A54D623
:10A99000F98A55D6FA8A56D6FB8A57D6FC8A58D6F3
:10A9A000FD8A59D6FE8A5AD6FF8A5BD6008B5CD6C2
:10A9B000018B5DD6028B5ED6038B5FD6048B60D68F
:10A9C000058B61D6068B62D6078BC0E5088B63D6F4
:10A9D000098B64D60A8B65D60B8B66D60C8B67D633
:10A9E0000D8B68D60E8B69D60F8B6AD6108B6BD603
:10A9F000118B6CD6128B6DD6138B6ED6148B6FD6D3
:10AA0000158B70D6168B71D6178B72D6188B73D6A2
:10AA1000198B74D61A8B75D61B8B76D61C8B77D672
:10AA20001D8B78D61E8B79D61F8B7AD6208B7BD642
:10AA3000218B7CD6228B7DD6238B7ED6248B80D611
:10AA4000258B81D6268BA5F6278B82D6288B83D69D
:10AA5000298B84D62A8B85D62B8B86D62C8B87D6B2
:10AA60002D8B88D62E8B89D62F8B8AD6308B8BD682
:10AA7000318B8CD6328B8DD6338B8ED6348B8FD652
:10AA8000358B90D6368B91D6378B92D6388B93D622
:10AA9000398B94D63A8B95D63B8B96D63C8B97D6F2
:10AAA0003D8B98D63E8B99D63F8B9AD6408B9BD6C2
:10AAB000418B9CD6428B9DD6438B9ED6448B9FD692
:10AAC000458BA0D6468B40D7478B41D7488B42D782
:10AAD000498B43D74A8B44D74B8B45D74C8B46D7B2
:10AAE0004D8B47D74E8B48D74F8B49D7508B4AD782
:10AAF000518B4BD7528B4CD7538B4DD7548B4ED752
:10AB0000558B4FD7568B50D7578B51D7588B52D721
:10AB1000598B53D75A8B54D75B8B55D75C8B56D7F1
:10AB20005D8B57D75E8B58D75F8B59D7608B5AD7C1
:10AB3000618B5BD7628B5CD7638B5DD7648B5ED791
:10AB4000658B5FD7668BAFBE678B60D7688B61D72D
:10AB5000698B62D76A8B63D76B8B64D76C8BA9C602
:10AB60006D8B65D76E8B66D76F8B67D7708B68D709
:10AB7000718B69D7728B6AD7738B6BD7748B6CD7D9
:10AB8000758B6DD7768B6ED7778B6FD7788B70D7A9
:10AB9000798B71D77A8B72D77B8B73D77C8B74D779
:10ABA0007D8B75D77E8B76D77F8B77D7808B78D749
:10ABB000818B79D7828B7AD7838B7BD7848B7CD719
:10ABC000858B7DD7868B7ED7878B80D7888B81D7E7
:10ABD000898B82D78A8B83D78B8B84D78C8B85D7B5
:10ABE0008D8B86D78E8B87D78F8B88D7908B89D785
:10ABF000918B8AD7928B8BD7938B8CD7948B8DD755
:10AC0000958B8ED7968B8FD7978B90D7988B91D724
:10AC1000998B92D79A8B93D79B8B94D79C8B95D7F4
:10AC20009D8B96D79E8B97D79F8B98D7A08BA5DAB5
:10AC3000A18BC6BCA28BA9B6A38BBCB8A48BCFC872
:10AC4000A58BA5BCA68BA6DAA78BA7DAA88BD6CC3A
:10AC5000A98BC3C8AA8BA8DAAB8BFDC6AC8B99D7DE
:10AC6000AD8BB5D1AE8BE9D2AF8BB6D1B08BC7BCB3
:10AC7000B18B9AD7B28BB2BDB38BE4BBB48BA9DADC
:10AC8000B58BAADAB68BC8D1B78BABDAB88BEDD05F
:10AC9000B98BEFB6BA8BDBC2BB8B9BD7BC8BCFCB50
:10ACA000BD8BEDB7BE8BE8C9BF8BC3B7C08BF7BEFA
:10ACB000C18BA4D6C28BACDAC38BADDAC48BC0C651
:10ACC000C58BE7D7C68BB6CAC78B9CD7C88BA9D50F
:10ACD000C98BDFCBCA8BEFD5CB8BAEDACC8BDFD673
:10ACE000CD8BCAB4CE8BB0DACF8BAFDAD08B9DD7F9
:10ACF000D18BEBD2D28BB1DAD38BB2DAD48BB3DA7D
:10AD0000D58BD4CAD68BB4DAD78BABCAD88BB5DA8D
:10AD1000D98BB6DADA8BCFB3DB8BEFD6DC8BB7DA35
:10AD2000DD8BB0BBDE8BAEB5DF8BB8DAE08BB9DA8A
:10AD3000E18BEEB9E28BAFD1E38BE8D2E48BBADAE8
:10AD4000E58BC3B8E68BEACFE78BEFB2E88BBBDAD3
:10AD5000E98BBCDAEA8B9ED7EB8BEBBDEC8BDCCEC0
:10AD6000ED8BEFD3EE8BBDDAEF8BF3CEF08BBEDA4B
:10AD7000F18BD5D3F28BE5BBF38BBFDAF48BB5CB7C
:10AD8000F58BD0CBF68BC0DAF78BEBC7F88BEED612
:10AD9000F98BC1DAFA8BB5C5FB8BC1B6FC8BC2DA75
:10ADA000FD8BCCB7FE8BCEBFFF8BC3DA008CC4DA31
:10ADB000018CADCB028CC5DA038CF7B5048CC6DAF6
:10ADC000058CC2C1068CBBD7078CC7DA088CB8CCFF
:10ADD000098C9FD70A8CEAD20B8CB1C40C8CC8DAD0
:10ADE0000D8CFDB50E8CD1BB0F8CC9DA108CB3D095
:10ADF000118CCADA128CCBDA138CBDCE148CCCDA5F
:10AE0000158CCDDA168CCEDA178CF7B2188CD1DA15
:10AE1000198CCFDA1A8CE8D11B8CD0DA1C8CD5C3F4
:10AE20001D8CD2DA1E8CA0D71F8CD3DA208CD4DAFA
:10AE3000218CD5DA228CBBD0238CA5D2248CF9B0FE
:10AE4000258CD6DA268CABC7278CD7DA288CF7BDB1
:10AE5000298CA1C32A8CD8DA2B8CD9DA2C8CFDC38F
:10AE60002D8CB7CC2E8CDADA2F8CDBDA308CBEC08E
:10AE7000318CD7C6328CDCDA338CDDDA348CB4C753
:10AE8000358CDEDA368CDFDA378CC8B9388C40D8AE
:10AE9000398C41D83A8C42D83B8C43D83C8C44D82E
:10AEA0003D8C45D83E8C46D83F8C47D8408C48D8FE
:10AEB000418CEDBB428C49D8438C4AD8448C4BD84A
:10AEC000458C4CD8468CB9B6478CF8F4488C4DD894
:10AED000498CF9F44A8C4ED84B8C4FD84C8CE3CD2E
:10AEE0004D8C50D84E8C51D84F8C52D8508C53D852
:10AEF000518C54D8528C55D8538C56D8548C57D822
:10AF0000558CB9F5568C58D8578C59D8588C5AD876
:10AF1000598C5BD85A8CE0EB5B8C5CD85C8C5DD830
:10AF20005D8C5ED85E8C5FD85F8C60D8608C61D899
:10AF3000618CF3CF628CBFBB638C62D8648C63D8A6
:10AF4000658C64D8668C65D8678C66D8688C67D841
:10AF5000698C68D86A8CC0BA6B8CA5D46C8C69D8A3
:10AF60006D8C6AD86E8C6BD86F8C6CD8708C6DD8E9
:10AF7000718C6ED8728C6FD8738CD9E1748C70D848
:10AF8000758C71D8768C72D8778C73D8788CF4F5F0
:10AF9000798CAAB17A8CF2B27B8C74D87C8C75D8FF
:10AFA0007D8C76D87E8C77D87F8C78D8808C79D839
:10AFB000818C7AD8828CF5F5838C7BD8848C7CD874
:10AFC000858CF7F5868C7DD8878C7ED8888C80D848
:10AFD000898CD1BA8A8CF6F58B8C81D88C8CB2C3D3
:10AFE0008D8C82D88E8C83D88F8C84D8908C85D889
:10AFF000918C86D8928C87D8938C88D8948CF9F5CC
:10B00000958C89D8968C8AD8978C8BD8988CF8F5A3
:10B01000998C8CD89A8C8DD89B8C8ED89C8C8FD800
:10B020009D8C90D89E8C91D89F8C92D8A08C93D8D0
:10B03000A18C94D8A28C95D8A38C96D8A48C97D8A0
:10B04000A58C98D8A68C99D8A78C9AD8A88C9BD870
:10B05000A98C9CD8AA8C9DD8AB8C9ED8AC8C9FD840
:10B06000AD8CA0D8AE8C40D9AF8C41D9B08C42D930
:10B07000B18C43D9B28C44D9B38C45D9B48C46D960
:10B08000B58C47D9B68C48D9B78C49D9B88C4AD930
:10B09000B98C4BD9BA8C4CD9BB8C4DD9BC8C4ED900
:10B0A000BD8C4FD9BE8C50D9BF8C51D9C08C52D9D0
:10B0B000C18C53D9C28C54D9C38C55D9C48C56D9A0
:10B0C000C58C57D9C68C58D9C78C59D9C88C5AD970
:10B0D000C98C5BD9CA8C5CD9CB8C5DD9CC8C5ED940
:10B0E000CD8C5FD9CE8C60D9CF8C61D9D08C62D910
:10B0F000D18C63D9D28C64D9D38C65D9D48C66D9E0
:10B10000D58C67D9D68C68D9D78C69D9D88C6AD9AF
:10B11000D98C6BD9DA8C6CD9DB8C6DD9DC8C6ED97F
:10B12000DD8C6FD9DE8C70D9DF8C71D9E08C72D94F
:10B13000E18C73D9E28C74D9E38C75D9E48C76D91F
:10B14000E58C77D9E68C78D9E78C79D9E88C7AD9EF
:10B15000E98C7BD9EA8C7CD9EB8C7DD9EC8C7ED9BF
:10B16000ED8C80D9EE8C81D9EF8C82D9F08C83D98B
:10B17000F18C84D9F28C85D9F38C86D9F48C87D95B
:10B18000F58C88D9F68C89D9F78C8AD9F88C8BD92B
:10B19000F98C8CD9FA8C8DD9FB8C8ED9FC8C8FD9FB
:10B1A000FD8C90D9FE8C91D9FF8C92D9008D93D9CA
:10B1B000018D94D9028D95D9038D96D9048D97D997
:10B1C000058D98D9068D99D9078D9AD9088D9BD967
:10B1D000098D9CD90A8D9DD90B8D9ED90C8D9FD937
:10B1E0000D8DA0D90E8D40DA0F8D41DA108D42DA27
:10B1F000118D43DA128D44DA138D45DA148D46DA57
:10B20000158D47DA168D48DA178D49DA188D4ADA26
:10B21000198D4BDA1A8D4CDA1B8D4DDA1C8D4EDAF6
:10B220001D8DB4B11E8DEAD51F8DBAB8208D4FDAB1
:10B23000218DB1B9228DC6B2238DF0D4248DCDCF0E
:10B24000258DDCB0268DCBD5278DF5BB288DCAD6B4
:10B25000298DB7B72A8DB0CC2B8DB6C62C8DE1B118
:10B260002D8DBAB92E8DFCD62F8DE1B9308DA1B7B9
:10B27000318DFABC328DDAEA338DDBEA348DF9CCCC
:10B28000358DF3B9368DDCEA378DFBB4388DB3C319
:10B29000398DD1B73A8DD8BA3B8DDDEA3C8DF4D4E7
:10B2A0003D8DDEEA3E8DD6BC3F8DDFBB408DDFEAB3
:10B2B000418DDEC1428DB8C2438DDFD4448DCAD7E3
:10B2C000458DE0EA468DE1EA478DE4EA488DE2EA01
:10B2D000498DE3EA4A8DDEC94B8DB3B84C8DC4B6B7
:10B2E0004D8DE5EA4E8DEACA4F8DCDC9508DCDB456
:10B2F000518D50DA528D51DA538DD9E2548DE2C519
:10B30000558DE6EA568DB5C0578D52DA588DB8D7AF
:10B31000598DE7EA5A8DACD75B8DFCC85C8DD3D8CC
:10B320005D8DCDD85E8DDED45F8D53DA608DF9D41E
:10B33000618DC4C9628DAED3638DD3B8648DE0B323
:10B34000658D54DA668DE2C9678DF6F4688D55DA3D
:10B35000698D56DA6A8D57DA6B8DD5BA6C8D58DAED
:10B360006D8DF7F46E8D59DA6F8D5ADA708DDFD7E7
:10B37000718D5BDA728D5CDA738DF1F4748DB0B817
:10B38000758DD4D5768DCFB8778DF0C6788D5DDA92
:10B39000798D5EDA7A8D5FDA7B8D60DA7C8D61DAA9
:10B3A0007D8D62DA7E8D63DA7F8D64DA808D65DA79
:10B3B000818DC3B3828D66DA838D67DA848DF2F472
:10B3C000858DACB3868D68DA878D69DA888D6ADA07
:10B3D000898D6BDA8A8DBDD48B8DF7C78C8D6CDA35
:10B3E0008D8D6DDA8E8D6EDA8F8D6FDA908D70DACD
:10B3F000918DF4F4928D71DA938D72DA948DF3F469
:10B40000958D73DA968D74DA978D75DA988D76DA74
:10B41000998D77DA9A8D78DA9B8D79DA9C8D7ADA44
:10B420009D8D7BDA9E8D7CDA9F8DCBCCA08D7DDAD5
:10B43000A18D7EDAA28D80DAA38DA4C8A48D81DAD5
:10B44000A58D82DAA68D83DAA78D84DAA88D85DAB8
:10B45000A98D86DAAA8D87DAAB8D88DAAC8D89DA88
:10B46000AD8D8ADAAE8D8BDAAF8D8CDAB08D8DDA58
:10B47000B18DF5F4B28D8EDAB38DE3D7B48DBFC53F
:10B48000B58DC0F5B68D8FDAB78D90DAB88DBBF576
:10B49000B98D91DABA8DC3F5BB8D92DABC8DC2F548
:10B4A000BD8D93DABE8DBAD6BF8DC1F5C08D94DA4D
:10B4B000C18D95DAC28D96DAC38DBED4C48DC4F524
:10B4C000C58D97DAC68DCCF5C78D98DAC88D99DA17
:10B4D000C98D9ADACA8D9BDACB8DCFB0CC8DF8B5F9
:10B4E000CD8D9CDACE8DC9F5CF8DCAF5D08D9DDA84
:10B4F000D18DDCC5D28D9EDAD38D9FDAD48DA0DAC2
:10B50000D58D40DBD68DC5F5D78DC6F5D88D41DB01
:10B51000D98D42DBDA8DC7F5DB8DCBF5DC8D43DBD6
:10B52000DD8DE0BEDE8DC8F5DF8DFAB8E08D44DB41
:10B53000E18D45DBE28D46DBE38DD0F5E48DD3F57F
:10B54000E58D47DBE68D48DBE78D49DBE88DE7BF1E
:10B55000E98D4ADBEA8DF2B9EB8DBCF5EC8DCDF5CA
:10B56000ED8D4BDBEE8D4CDBEF8DB7C2F08D4DDBFF
:10B57000F18D4EDBF28D4FDBF38DF8CCF48D50DB8B
:10B58000F58DF9BCF68D51DBF78DCEF5F88DCFF545
:10B59000F98DD1F5FA8DE5B6FB8DD2F5FC8D52DB38
:10B5A000FD8DD5F5FE8D53DBFF8D54DB008E55DB15
:10B5B000018E56DB028E57DB038E58DB048E59DB7F
:10B5C000058EBDF5068E5ADB078E5BDB088E5CDBD5
:10B5D000098ED4F50A8EBBD30B8E5DDB0C8EECB3DB
:10B5E0000D8E5EDB0E8E5FDB0F8EA4CC108E60DBCB
:10B5F000118E61DB128E62DB138E63DB148ED6F547
:10B60000158E64DB168E65DB178E66DB188E67DBA6
:10B61000198E68DB1A8E69DB1B8E6ADB1C8E6BDB76
:10B620001D8ED7F51E8EE1BE1F8ED8F5208E6CDBE9
:10B63000218E6DDB228EDFCC238EDBF5248E6EDB3C
:10B64000258E6FDB268E70DB278E71DB288E72DBFA
:10B65000298EC8B22A8ED9D72B8E73DB2C8ED9F5C2
:10B660002D8E74DB2E8EDAF52F8EDCF5308E75DBA9
:10B67000318EE2F5328E76DB338E77DB348E78DBFB
:10B68000358EE0F5368E79DB378E7ADB388E7BDBD4
:10B69000398EDFF53A8EDDF53B8E7CDB3C8E7DDB33
:10B6A0003D8EE1F53E8E7EDB3F8E80DB408EDEF50B
:10B6B000418EE4F5428EE5F5438E81DB448EE3CC8A
:10B6C000458E82DB468E83DB478EBFE5488EB8B55C
:10B6D000498EE3F54A8EE8F54B8EA3CC4C8E84DB85
:10B6E0004D8E85DB4E8E86DB4F8E87DB508E88DB62
:10B6F000518EE6F5528EE7F5538E89DB548E8ADB48
:10B70000558E8BDB568E8CDB578E8DDB588E8EDB09
:10B71000598EBEF55A8E8FDB5B8E90DB5C8E91DB93
:10B720005D8E92DB5E8E93DB5F8E94DB608E95DBAD
:10B73000618E96DB628E97DB638E98DB648E99DB7D
:10B74000658E9ADB668EC4B1678E9BDB688E9CDB50
:10B75000698EBFF56A8E9DDB6B8E9EDB6C8EC5B5E8
:10B760006D8EE4B26E8E9FDB6F8EECF5708EE9F518
:10B77000718EA0DB728ED7B6738E40DC748EEDF5C1
:10B78000758E41DC768EEAF5778E42DC788E43DC6E
:10B79000798E44DC7A8E45DC7B8E46DC7C8EEBF544
:10B7A0007D8E47DC7E8E48DC7F8EDAB4808E49DC6D
:10B7B000818EEAD4828E4ADC838E4BDC848E4CDC14
:10B7C000858EEEF5868E4DDC878EF9B3888E4EDC45
:10B7D000898E4FDC8A8E50DC8B8E51DC8C8E52DC55
:10B7E0008D8E53DC8E8E54DC8F8EEFF5908EF1F5BE
:10B7F000918E55DC928E56DC938E57DC948EF0F54C
:10B80000958E58DC968E59DC978E5ADC988E5BDCD0
:10B81000998E5CDC9A8E5DDC9B8E5EDC9C8EF2F5F4
:10B820009D8E5FDC9E8EF3F59F8E60DCA08E61DCCA
:10B83000A18E62DCA28E63DCA38E64DCA48E65DC48
:10B84000A58E66DCA68E67DCA78E68DCA88E69DC18
:10B85000A98E6ADCAA8E6BDCAB8EEDC9AC8EAAB960
:10B86000AD8E6CDCAE8E6DDCAF8EFBC7B08E6EDC49
:10B87000B18E6FDCB28EE3B6B38E70DCB48E71DC49
:10B88000B58E72DCB68E73DCB78E74DCB88E75DC68
:10B89000B98E76DCBA8EC9CCBB8E77DCBC8E78DCF8
:10B8A000BD8E79DCBE8E7ADCBF8E7BDCC08E7CDC0C
:10B8B000C18E7DDCC28E7EDCC38E80DCC48E81DCDA
:10B8C000C58E82DCC68E83DCC78E84DCC88E85DCA8
:10B8D000C98E86DCCA8E87DCCB8E88DCCC8E89DC78
:10B8E000CD8E8ADCCE8EA6EACF8E8BDCD08E8CDC21
:10B8F000D18E8DDCD28E8EDCD38E8FDCD48E90DC1C
:10B90000D58E91DCD68E92DCD78E93DCD88E94DCEB
:10B91000D98E95DCDA8E96DCDB8E97DCDC8E98DCBB
:10B92000DD8E99DCDE8E9ADCDF8E9BDCE08E9CDC8B
:10B93000E18E9DDCE28E9EDCE38E9FDCE48EA0DC5B
:10B94000E58E40DDE68E41DDE78E42DDE88E43DDAB
:10B95000E98E44DDEA8E45DDEB8E46DDEC8E47DD7B
:10B96000ED8E48DDEE8E49DDEF8E4ADDF08E4BDD4B
:10B97000F18E4CDDF28E4DDDF38E4EDDF48E4FDD1B
:10B98000F58E50DDF68E51DDF78E52DDF88E53DDEB
:10B99000F98E54DDFA8E55DDFB8E56DDFC8E57DDBB
:10B9A000FD8E58DDFE8E59DDFF8E5ADD008F5BDD8A
:10B9B000018F5CDD028F5DDD038F5EDD048F5FDD57
:10B9C000058F60DD068F61DD078F62DD088F63DD27
:10B9D000098F64DD0A8F65DD0B8F66DD0C8F67DDF7
:10B9E0000D8F68DD0E8F69DD0F8F6ADD108F6BDDC7
:10B9F000118F6CDD128F6DDD138F6EDD148F6FDD97
:10BA0000158F70DD168F71DD178F72DD188F73DD66
:10BA1000198F74DD1A8F75DD1B8F76DD1C8F77DD36
:10BA20001D8F78DD1E8F79DD1F8F7ADD208F7BDD06
:10BA3000218F7CDD228F7DDD238F7EDD248F80DDD5
:10BA4000258F81DD268F82DD278F83DD288F84DDA2
:10BA5000298F85DD2A8F86DD2B8F87DD2C8F88DD72
:10BA60002D8F89DD2E8F8ADD2F8F8BDD308F8CDD42
:10BA7000318F8DDD328F8EDD338F8FDD348F90DD12
:10BA8000358F91DD368F92DD378F93DD388F94DDE2
:10BA9000398F95DD3A8F96DD3B8F97DD3C8F98DDB2
:10BAA0003D8F99DD3E8F9ADD3F8F9BDD408F9CDD82
:10BAB000418F9DDD428F9EDD438F9FDD448FA0DD52
:10BAC000458F40DE468F41DE478F42DE488F43DEA2
:10BAD000498F44DE4A8F45DE4B8F46DE4C8F47DE72
:10BAE0004D8F48DE4E8F49DE4F8F4ADE508F4BDE42
:10BAF000518F4CDE528F4DDE538F4EDE548F4FDE12
:10BB0000558F50DE568F51DE578F52DE588F53DEE1
:10BB1000598F54DE5A8F55DE5B8F56DE5C8F57DEB1
:10BB20005D8F58DE5E8F59DE5F8F5ADE608F5BDE81
:10BB3000618F5CDE628F5DDE638F5EDE648F5FDE51
:10BB4000658F60DE668FB5B3678FFED4688FECB902
:10BB5000698FF9D06A8F61DE6B8FEDE96C8FAAD7A0
:10BB60006D8FEEE96E8FD6C26F8FEDC8708FE4BA1D
:10BB7000718FEFE9728FF0E9738FF1E9748FE1D67D
:10BB8000758FF2E9768FF3E9778FF5E9788FF4E92D
:10BB9000798FF6E97A8FF7E97B8FE1C77C8FF8E937
:10BBA0007D8FD8D47E8FF9E97F8FCEBD808F62DE06
:10BBB000818FFAE9828FFBE9838FCFBD848FFCE907
:10BBC000858FA8B8868FBEC1878FFDE9888FB2B1F7
:10BBD000898FD4BB8A8FF5B98B8FFEE98C8F63DE9A
:10BBE0008D8FA1EA8E8FA2EA8F8FA3EA908FF8B78C
:10BBF000918FADBC928F64DE938FE4CA948FCEE0B8
:10BC0000958FAFD4968FBDCF978FB7D5988FA4EA75
:10BC1000998FDED59A8FA5EA9B8FC1D09C8FBCB936
:10BC20009D8F65DE9E8FC7B49F8FD9B1A08F66DED2
:10BC3000A18F67DEA28F68DEA38FB1C0A48F69DEFB
:10BC4000A58F6ADEA68F6BDEA78F6CDEA88FE6B1AC
:10BC5000A98FE7B1AA8F6DDEAB8FE8B1AC8F6EDE36
:10BC6000AD8F6FDEAE8F70DEAF8F71DEB08FBDB384
:10BC7000B18FE8C8B28F72DEB38F73DEB48F74DE1B
:10BC8000B58F75DEB68FC1E5B78F76DEB88F77DEFC
:10BC9000B98FDFB1BA8F78DEBB8F79DEBC8F7ADEE9
:10BCA000BD8FC9C1BE8FEFB4BF8F7BDEC08F7CDE7E
:10BCB000C18FA8C7C28FD8D3C38F7DDEC48FF9C60A
:10BCC000C58FB8D1C68F7EDEC78FFDB9C88FF5C2CC
:10BCD000C98F80DECA8F81DECB8F82DECC8F83DE80
:10BCE000CD8F84DECE8FADD3CF8F85DED08FCBD4FA
:10BCF000D18FFCBDD28F86DED38FC2E5D48FB5B78E
:10BD0000D58FC3E5D68F87DED78F88DED88FB9BBB6
:10BD1000D98FE2D5DA8F89DEDB8FF8BDDC8FB6D420
:10BD2000DD8FA5CEDE8FACC1DF8FD9B3E08F8ADE89
:10BD3000E18F8BDEE28FF6CCE38F8CDEE48FC6E5FD
:10BD4000E58FC4E5E68FC8E5E78F8DDEE88FCAE5AD
:10BD5000E98FC7E5EA8FCFB5EB8FC8C6EC8F8EDED3
:10BD6000ED8FFCB5EE8FC5E5EF8F8FDEF08FF6CA55
:10BD7000F18F90DEF28F91DEF38FC9E5F48F92DEC2
:10BD8000F58F93DEF68F94DEF78FD4C3F88FC5B1AD
:10BD9000F98FA3BCFA8F95DEFB8F96DEFC8F97DEC2
:10BDA000FD8FB7D7FE8F98DEFF8F99DE0090CBCD49
:10BDB0000190CDCB0290CACA0390D3CC0490CCE5BD
:10BDC0000590CBE50690E6C407909ADE08909BDECE
:10BDD0000990A1D10A90B7D10B90CDE50C909CDED3
:10BDE0000D90D0E50E909DDE0F90B8CD1090F0D65E
:10BDF0001190CFE51290DDB513909EDE1490BECD6C
:10BE000015909FDE1690D1E51790BAB61890A0DE77
:10BE1000199040DF1A90A8CD1B90E4B91C9041DF27
:10BE20001D90C5CA1E90D1B31F90D9CB2090ECD4E1
:10BE30002190D2E52290EAB7239042DF249043DF9D
:10BE4000259044DF2690CEE5279045DF289046DFF9
:10BE5000299047DF2A9048DF2B9049DF2C904ADF5A
:10BE60002D90D5E52E90FEB42F90D6E530904BDF87
:10BE700031904CDF32904DDF33904EDF34904FDF06
:10BE80003590D3E53690D4E5379050DF3890DDD249
:10BE9000399051DF3A9052DF3B90DFC23C90C6B1FF
:10BEA0003D9053DF3E90E2D33F9054DF409055DF0A
:10BEB0004190DDB64290ECCB439056DF4490D7E5FD
:10BEC000459057DF469058DF4790F6D3489059DFAA
:10BED00049905ADF4A905BDF4B905CDF4C905DDF0E
:10BEE0004D90E9B14E905EDF4F90F4B65090DAE598
:10BEF0005190D8E55290D9E55390C0B554905FDF8A
:10BF0000559060DF569061DF5790C5D25890DCE5C0
:10BF1000599062DF5A9063DF5B90DEE55C9064DFEE
:10BF20005D9065DF5E9066DF5F9067DF609068DF41
:10BF3000619069DF6290DDE56390B2C764906ADF6B
:10BF40006590A3D266906BDF67906CDF6890DBE54D
:10BF500069906DDF6A906EDF6B906FDF6C9070DFC1
:10BF60006D90E2D46E90DAD56F9071DF709072DFD1
:10BF7000719073DF729074DF739075DF7490E0E5F9
:10BF80007590F1D7769076DF779077DF789078DFCD
:10BF9000799079DF7A907ADF7B907BDF7C907CDF11
:10BFA0007D90E1E57E907DDF7F90DCB18090FBD1DC
:10BFB00081907EDF8290E2E58390E4E5849080DFEB
:10BFC000859081DF869082DF879083DF8890E3E52C
:10BFD000899084DF8A9085DF8B90E5E58C9086DF01
:10BFE0008D9087DF8E9088DF8F9089DF90908ADF39
:10BFF0009190D8D292908BDF9390CBB594908CDFB8
:10C000009590DFE796908DDF9790F5DA98908EDF28
:10C010009990F8DA9A908FDF9B90F6DA9C9090DFF7
:10C020009D90F7DA9E9091DF9F9092DFA09093DF32
:10C03000A190FADAA290CFD0A390C7C4A49094DFC5
:10C04000A59095DFA690EEB0A79096DFA89097DF19
:10C05000A99098DFAA90B0D0AB9099DFAC90F9DAB4
:10C06000AD909ADFAE90CAD3AF90AABAB090A2DBDF
:10C07000B190F1C7B2909BDFB390FCDAB490FBDAD9
:10C08000B590DBC9B690FDDAB7909CDFB890A1DB24
:10C09000B990DED7BA90FEDABB90DAC1BC909DDFD2
:10C0A000BD909EDFBE90A5DBBF909FDFC090A0DF5C
:10C0B000C190F4D3C29040E0C39041E0C490A7DBAC
:10C0C000C590A4DBC69042E0C790A8DBC89043E0CF
:10C0D000C99044E0CA90BCBDCB9045E0CC9046E00E
:10C0E000CD9047E0CE90C9C0CF90A3DBD090A6DB27
:10C0F000D190A3D6D29048E0D390A9DBD49049E068
:10C10000D5904AE0D6904BE0D790ADDBD8904CE08C
:10C11000D9904DE0DA904EE0DB90AEDBDC90ACDB0A
:10C12000DD90C2BADE904FE0DF9050E0E09051E049
:10C13000E190A4BFE290ABDBE39052E0E49053E0E7
:10C14000E59054E0E690AADBE790C7D4E890BFB250
:10C15000E99055E0EA9056E0EB90AFDBEC9057E0C9
:10C16000ED90F9B9EE9058E0EF90B0DBF09059E027
:10C17000F1905AE0F2905BE0F3905CE0F490BBB396
:10C18000F5905DE0F6905EE0F7905FE0F890A6B580
:10C19000F99060E0FA9061E0FB9062E0FC9063E06F
:10C1A000FD90BCB6FE90B1DBFF9064E0009165E0CD
:10C1B000019166E00291F5B6039167E00491B2DB6C
:10C1C000059168E0069169E007916AE008916BE0EB
:10C1D00009916CE00A916DE00B916EE00C916FE0BB
:10C1E0000D9170E00E9171E00F9172E0109173E08B
:10C1F000119174E0129175E0139176E0149177E05B
:10C20000159178E0169179E017917AE018917BE02A
:10C210001991C9B11A917CE01B917DE01C917EE0DF
:10C220001D9180E01E91B4DB1F9181E0209182E09E
:10C23000219183E02291B3DB2391B5DB249184E04B
:10C24000259185E0269186E0279187E0289188E076
:10C25000299189E02A918AE02B918BE02C918CE046
:10C260002D918DE02E918EE02F91B7DB30918FE0F4
:10C270003191B6DB329190E0339191E0349192E0CC
:10C28000359193E0369194E0379195E0389196E0BE
:10C290003991B8DB3A9197E03B9198E03C9199E075
:10C2A0003D919AE03E919BE03F919CE040919DE062
:10C2B00041919EE042919FE04391B9DB4491A0E01F
:10C2C000459140E14691BADB479141E1489142E115
:10C2D0004991CFD34A91FAF44B91F5C74C91C3D70A
:10C2E0004D91E4C54E91FCF44F91FDF45091FBF457
:10C2F000519143E15291C6BE539144E1549145E1BD
:10C30000559146E1569147E15791EFD0589148E158
:10C31000599149E15A91D3B75B914AE15C914BE164
:10C320005D91CDD45E91AACC5F914CE160914DE1DD
:10C330006191A2F56291A1F56391A8BA6491FEF4AE
:10C340006591D6CB66914EE167914FE1689150E1DE
:10C350006991A4F56A91D2C06B9151E16C91EAB3F5
:10C360006D9152E16E91AACD6F91A5F57091A3F5F3
:10C370007191B4BD7291A8F5739153E17491A9F5CF
:10C380007591CDBD7691B8C37791E1BF7891E1CB3E
:10C390007991AAF57A9154E17B9155E17C9156E12E
:10C3A0007D91A6F57E91A7F57F91F0C4809157E12C
:10C3B000819158E1829159E183915AE184915BE145
:10C3C0008591ACF586915CE18791BCB488915DE183
:10C3D0008991EDD78A915EE18B91D7B48C91ABF5C1
:10C3E0008D91AEF58E915FE18F9160E19091ADF509
:10C3F0009191AFF59291D1D0939161E1949162E1E5
:10C40000959163E1969164E1979165E1989166E178
:10C41000999167E19A91D1C39B91A9C89C9168E1D8
:10C420009D9169E19E916AE19F916BE1A0916CE120
:10C43000A1916DE1A291B0F5A391B1F5A4916EE146
:10C44000A5916FE1A69170E1A79171E1A89172E1C8
:10C45000A99173E1AA91B2F5AB9174E1AC9175E148
:10C46000AD91B3F5AE91B4F5AF91B5F5B09176E17C
:10C47000B19177E1B29178E1B39179E1B491B7F5F7
:10C48000B591B6F5B6917AE1B7917BE1B8917CE1CF
:10C49000B9917DE1BA91B8F5BB917EE1BC9180E1A3
:10C4A000BD9181E1BE9182E1BF9183E1C09184E1C0
:10C4B000C19185E1C29186E1C39187E1C49188E190
:10C4C000C59189E1C6918AE1C791C9B2C8918BE152
:10C4D000C991D4D3CA91CDCACB918CE1CC91EFC094
:10C4E000CD91D8D6CE91B0D2CF91BFC1D0918DE1B0
:10C4F000D191F0BDD2918EE1D3918FE1D49190E1B1
:10C50000D59191E1D69192E1D79193E1D89194E1BF
:10C51000D99195E1DA9196E1DB9197E1DC91AAB8A6
:10C52000DD9198E1DE9199E1DF919AE1E0919BE163
:10C53000E1919CE1E2919DE1E3919EE1E4919FE133
:10C54000E591A0E1E69140E2E79141E2E89142E223
:10C55000E99143E2EA9144E2EB9145E2EC9146E253
:10C56000ED9147E2EE9148E2EF9149E2F0914AE223
:10C57000F1914BE2F2914CE2F3914DE2F4914EE2F3
:10C58000F5914FE2F69150E2F79151E2F89152E2C3
:10C59000F99153E2FA9154E2FB9155E2FC9156E293
:10C5A000FD9157E2FE9158E2FF9159E200925AE262
:10C5B00001925BE202925CE203925DE204925EE22F
:10C5C00005925FE2069260E2079261E2089262E2FF
:10C5D000099263E20A9264E20B9265E20C9266E2CF
:10C5E0000D9267E20E9268E20F9269E210926AE29F
:10C5F00011926BE212926CE213926DE214926EE26F
:10C6000015926FE2169270E2179271E2189272E23E
:10C61000199273E21A9274E21B9275E21C9276E20E
:10C620001D9277E21E9278E21F9279E220927AE2DE
:10C6300021927BE222927CE223927DE224927EE2AE
:10C64000259280E2269281E2279282E2289283E27A
:10C65000299284E22A9285E22B9286E22C9287E24A
:10C660002D9288E22E9289E22F928AE230928BE21A
:10C6700031928CE232928DE233928EE234928FE2EA
:10C68000359290E2369291E2379292E2389293E2BA
:10C69000399294E23A9295E23B9296E23C9297E28A
:10C6A0003D9298E23E9299E23F929AE240929BE25A
:10C6B00041929CE242929DE243929EE244929FE22A
:10C6C0004592A0E2469240E3479241E3489242E31A
:10C6D000499243E34A9244E34B9245E34C9246E34A
:10C6E0004D9247E34E9248E34F9249E350924AE31A
:10C6F00051924BE352924CE353924DE354924EE3EA
:10C7000055924FE3569250E3579251E3589252E3B9
:10C71000599253E35A9254E35B9255E35C9256E389
:10C720005D9257E35E9258E35F9259E360925AE359
:10C7300061925BE362925CE363925DE364925EE329
:10C7400065925FE3669260E3679261E3689262E3F9
:10C75000699263E36A9264E36B9265E36C9266E3C9
:10C760006D9267E36E9268E36F9269E370926AE399
:10C7700071926BE372926CE373926DE37492F8BC06
:10C7800075926EE376926FE3779270E3789271E33D
:10C79000799272E37A9273E37B9274E37C9275E30D
:10C7A0007D9276E37E9277E37F9278E3809279E3DD
:10C7B00081927AE382927BE383927CE384927DE3AD
:10C7C00085927EE3869280E3879281E3889282E37A
:10C7D000899283E38A9284E38B9285E38C9286E349
:10C7E0008D9287E38E92C6F68F9288E3909289E3CA
:10C7F00091928AE392928BE393928CE394928DE3ED
:10C8000095928EE396928FE3979290E3989291E3BC
:10C81000999292E39A9293E39B9294E39C9295E38C
:10C820009D9296E39E9297E39F9298E3A09299E35C
:10C83000A1929AE3A2929BE3A3929CE3A4929DE32C
:10C84000A5929EE3A6929FE3A792A0E3A89240E45C
:10C85000A99241E4AA9242E4AB9243E4AC9244E44C
:10C86000AD9245E4AE92C7F6AF9246E4B09247E48B
:10C87000B19248E4B29249E4B3924AE4B4924BE4F0
:10C88000B5924CE4B6924DE4B7924EE4B8924FE4C0
:10C89000B99250E4BA9251E4BB9252E4BC9253E490
:10C8A000BD9254E4BE9255E4BF9256E4C09257E460
:10C8B000C19258E4C29259E4C3925AE4C4925BE430
:10C8C000C5925CE4C6925DE4C7925EE4C892C8F685
:10C8D000C9925FE4CA9260E4CB9261E4CC9262E4D4
:10C8E000CD9263E4CE9264E4CF9265E4D09266E4A4
:10C8F000D19267E4D29268E4D39269E4D4926AE474
:10C90000D5926BE4D6926CE4D7926DE4D8926EE443
:10C91000D9926FE4DA9270E4DB9271E4DC9272E413
:10C92000DD9273E4DE9274E4DF9275E4E09276E4E3
:10C93000E19277E4E29278E4E39279E4E4927AE4B3
:10C94000E5927BE4E6927CE4E7927DE4E8927EE483
:10C95000E99280E4EA9281E4EB9282E4EC9283E44F
:10C96000ED9284E4EE9285E4EF9286E4F09287E41F
:10C97000F19288E4F29289E4F3928AE4F4928BE4EF
:10C98000F5928CE4F6928DE4F7928EE4F8928FE4BF
:10C99000F99290E4FA9291E4FB9292E4FC9293E48F
:10C9A000FD9294E4FE9295E4FF9296E4009397E45E
:10C9B000019398E4029399E403939AE404939BE42B
:10C9C00005939CE406939DE407939EE408939FE4FB
:10C9D0000993A0E40A9340E50B9341E50C9342E5EB
:10C9E0000D9343E50E9344E50F9345E5109346E51B
:10C9F000119347E5129348E5139349E514934AE5EB
:10CA000015934BE516934CE517934DE518934EE5BA
:10CA100019934FE51A9350E51B9351E51C9352E58A
:10CA20001D9353E51E9354E51F9355E5209356E55A
:10CA3000219357E5229358E5239359E524935AE52A
:10CA400025935BE526935CE527935DE528935EE5FA
:10CA500029935FE52A9360E52B9361E52C9362E5CA
:10CA60002D9363E52E9364E52F9365E5309366E59A
:10CA7000319367E5329368E5339369E534936AE56A
:10CA800035936BE536936CE537936DE538936EE53A
:10CA900039936FE53A9370E53B9371E53C9372E50A
:10CAA0003D9373E53E93C9F63F9374E5409375E576
:10CAB000419376E5429377E5439378E5449379E5AE
:10CAC00045937AE546937BE547937CE548937DE57E
:10CAD00049937EE54A9380E54B9381E54C9382E54B
:10CAE0004D9383E54E9384E54F9385E5509386E51A
:10CAF000519387E5529388E5539389E554938AE5EA
:10CB000055938BE556938CE557938DE558938EE5B9
:10CB100059938FE55A9390E55B9391E55C9392E589
:10CB20005D9393E55E9394E55F9395E5609396E559
:10CB3000619397E5629398E5639399E564939AE529
:10CB400065939BE566939CE567939DE568939EE5F9
:10CB500069939FE56A93CAF66B93A0E56C9340E6F0
:10CB60006D9341E66E9342E66F9343E6709344E61D
:10CB7000719345E6729346E6739347E6749348E6ED
:10CB8000759349E676934AE677934BE678934CE6BD
:10CB900079934DE67A934EE67B934FE67C9350E68D
:10CBA0007D9351E67E9352E67F9353E6809354E65D
:10CBB000819355E6829356E6839357E6849358E62D
:10CBC000859359E686935AE687935BE688935CE6FD
:10CBD00089935DE68A935EE68B935FE68C9360E6CD
:10CBE0008D9361E68E9362E68F93CCF6909363E625
:10CBF000919364E6929365E6939366E6949367E671
:10CC0000959368E6969369E697936AE698936BE640
:10CC100099936CE69A936DE69B936EE69C936FE610
:10CC20009D9370E69E9371E69F9372E6A09373E6E0
:10CC3000A19374E6A29375E6A39376E6A49377E6B0
:10CC4000A59378E6A69379E6A7937AE6A8937BE680
:10CC5000A9937CE6AA937DE6AB937EE6AC9380E64F
:10CC6000AD9381E6AE9382E6AF9383E6B09384E61C
:10CC7000B19385E6B29386E6B39387E6B49388E6EC
:10CC8000B59389E6B6938AE6B7938BE6B8938CE6BC
:10CC9000B9938DE6BA938EE6BB938FE6BC9390E68C
:10CCA000BD9391E6BE9392E6BF9393E6C09394E65C
:10CCB000C19395E6C29396E6C39397E6C49398E62C
:10CCC000C59399E6C6939AE6C7939BE6C8939CE6FC
:10CCD000C9939DE6CA93CBF6CB939EE6CC939FE691
:10CCE000CD93A0E6CE9340E7CF9341E7D09342E7C0
:10CCF000D19343E7D29344E7D39345E7D49346E7F0
:10CD0000D59347E7D693E9F7D79348E7D89349E710
:10CD1000D9934AE7DA934BE7DB934CE7DC934DE793
:10CD2000DD934EE7DE934FE7DF9350E7E09351E763
:10CD3000E19352E7E29353E7E39354E7E49355E733
:10CD4000E59356E7E69357E7E79358E7E89359E703
:10CD5000E9935AE7EA935BE7EB935CE7EC935DE7D3
:10CD6000ED935EE7EE935FE7EF9360E7F09361E7A3
:10CD7000F19362E7F29363E7F39364E7F49365E773
:10CD8000F59366E7F69367E7F79368E7F89369E743
:10CD9000F9936AE7FA936BE7FB936CE7FC936DE713
:10CDA000FD936EE7FE936FE7FF9370E7009471E7E2
:10CDB000019472E7029473E7039474E7049475E7AF
:10CDC000059476E7069477E7079478E7089479E77F
:10CDD00009947AE70A947BE70B947CE70C947DE74F
:10CDE0000D947EE70E9480E70F9481E7109482E71C
:10CDF000119483E7129484E7139485E7149486E7EB
:10CE0000159487E7169488E7179489E718948AE7BA
:10CE100019948BE71A948CE71B948DE71C948EE78A
:10CE20001D948FE71E9490E71F9491E7209492E75A
:10CE3000219493E7229494E7239495E7249496E72A
:10CE4000259497E7269498E7279499E728949AE7FA
:10CE500029949BE72A949CE72B949DE72C949EE7CA
:10CE60002D949FE72E94A0E72F9440E8309441E85A
:10CE7000319442E8329443E8339444E8349445E8EA
:10CE8000359446E8369447E8379448E8389449E8BA
:10CE900039944AE83A944BE83B944CE83C944DE88A
:10CEA0003D944EE83E94CDF63F944FE8409450E8D0
:10CEB000419451E8429452E8439453E8449454E82E
:10CEC000459455E8469456E8479457E8489458E8FE
:10CED000499459E84A945AE84B945BE84C945CE8CE
:10CEE0004D945DE84E945EE84F945FE8509460E89E
:10CEF000519461E8529462E8539463E8549464E86E
:10CF0000559465E8569466E8579467E8589468E83D
:10CF1000599469E85A946AE85B946BE85C946CE80D
:10CF20005D946DE85E946EE85F946FE8609470E8DD
:10CF3000619471E8629472E8639473E8649474E8AD
:10CF4000659475E8669476E8679477E8689478E87D
:10CF5000699479E86A947AE86B94CEF66C947BE8ED
:10CF60006D947CE86E947DE86F947EE8709480E820
:10CF7000719481E8729482E8739483E8749484E8ED
:10CF8000759485E8769486E8779487E8789488E8BD
:10CF9000799489E87A948AE87B948BE87C948CE88D
:10CFA0007D948DE87E948EE87F948FE8809490E85D
:10CFB000819491E8829492E8839493E8849494E82D
:10CFC0008594C4EE8694C5EE8794C6EE8894EBD51E
:10CFD0008994A4B68A94C8EE8B94C7EE8C94C9EE5B
:10CFE0008D94CAEE8E94A5C78F94CBEE9094CCEE20
:10CFF000919495E89294B0B79394F6B59494CDEE4D
:10D000009594CFEE969496E89794CEEE989497E800
:10D010009994C6B89A94D0EE9B94D1EE9C94D2EE9B
:10D020009D94DBB69E94AEB39F94D3D6A094C6C411
:10D03000A194B5B1A294D6B8A394D3EEA494D4EE9F
:10D04000A594BFD4A694D5C7A794FBBEA894D9CE67
:10D05000A994B3B9AA94D6EEAB94D5EEAC94D8EE1D
:10D06000AD94D7EEAE94A5C5AF94D9EEB094DAEEF8
:10D07000B194AEC7B294DBEEB394AFC7B494DCEE18
:10D08000B594A7B2B694DDEEB794DEEEB894DFEEB9
:10D09000B994E0EEBA94E1EEBB94EAD7BC94E2EE28
:10D0A000BD94E3EEBE94D8BCBF94E4EEC094CBD361
:10D0B000C194FACCC294ACB2C394E5C1C494E5EE79
:10D0C000C594A6C7C694ADC3C79498E8C894E6EEC5
:10D0D000C994E7EECA94E8EECB94E9EECC94EAEE7C
:10D0E000CD94EBEECE94ECEECF9499E8D094EDEEA7
:10D0F000D194EEEED294EFEED3949AE8D4949BE8D8
:10D10000D594F0EED694F1EED794F2EED894F4EEF6
:10D11000D994F3EEDA949CE8DB94F5EEDC94ADCD93
:10D12000DD94C1C2DE94F6EEDF94F7EEE094F8EE03
:10D13000E194A1D5E294F9EEE394B3CFE494FAEE4E
:10D14000E594FBEEE6949DE8E794FCEEE894FDEEB2
:10D15000E994A1EFEA94FEEEEB94A2EFEC94F5B81B
:10D16000ED94FAC3EE94A3EFEF94A4EFF094C2BD54
:10D17000F194BFD2F294F9B2F394A5EFF494A6EF30
:10D18000F594A7EFF694F8D2F794A8EFF894FDD6AB
:10D19000F994A9EFFA94CCC6FB949EE8FC94AAEF0C
:10D1A000FD94ABEFFE94B4C1FF94ACEF0095FACFC1
:10D1B0000195F8CB0295AEEF0395ADEF0495FAB368
:10D1C0000595F8B90695AFEF0795B0EF0895E2D051
:10D1D0000995B1EF0A95B2EF0B95E6B70C95BFD064
:10D1E0000D95B3EF0E95B4EF0F95B5EF1095F1C80F
:10D1F0001195E0CC1295B6EF1395B7EF1495B8EFF3
:10D200001595B9EF1695BAEF1795E0D51895BBEFC0
:10D210001995EDB41A95AAC31B95BCEF1C959FE810
:10D220001D95BDEF1E95BEEF1F95BFEF2095A0E8A1
:10D230002195FDCE2295C0EF2395E0C22495B8B488
:10D240002595B6D72695F5BD279540E92895C7CFF2
:10D250002995C3EF2A95C1EF2B95C2EF2C95C4EF0A
:10D260002D95A7B62E95FCBC2F95E2BE3095CCC36C
:10D270003195C5EF3295C6EF339541E93495C7EF47
:10D280003595CFEF3695C8EF3795C9EF3895CAEF8A
:10D290003995C2C73A95F1EF3B95CDB63C95CBEFAA
:10D2A0003D9542E93E95CCEF3F95CDEF4095C6B612
:10D2B0004195BEC34295CEEF439543E94495D0EFE7
:10D2C0004595D1EF4695D2EF4795F2D5489544E97B
:10D2D0004995D3EF4A95F7C44B9545E94C95D4EF62
:10D2E0004D95F8C44E95D5EF4F95D6EF5095E4B8CF
:10D2F0005195F7B05295D7EF5395D8EF5495D9EF94
:10D30000559546E95695DAEF5795DBEF5895DCEFE2
:10D310005995DDEF5A9547E95B95DEEF5C95B5BE13
:10D320005D95E1EF5E95DFEF5F95E0EF609548E991
:10D330006195E2EF6295E3EF6395CDC16495E4EF0B
:10D340006595E5EF6695E6EF6795E7EF6895E8EF99
:10D350006995E9EF6A95EAEF6B95EBEF6C95ECEF69
:10D360006D95D8C06E9549E96F95EDEF7095ADC19B
:10D370007195EEEF7295EFEF7395F0EF74954AE9C2
:10D3800075954BE97695E2CF77954CE978954DE91F
:10D3900079954EE97A954FE97B9550E97C9551E96D
:10D3A0007D9552E97E9553E97F95A4B3809554E924
:10D3B000819555E9829556E9839557E9849558E911
:10D3C000859559E986955AE987955BE988955CE9E1
:10D3D00089955DE98A955EE98B955FE98C9560E9B1
:10D3E0008D9561E98E9562E98F9563E9909564E981
:10D3F000919565E9929566E9939567E9949568E951
:10D40000959569E996956AE997956BE998956CE920
:10D4100099956DE99A956EE99B956FE99C9570E9F0
:10D420009D9571E99E9572E99F9573E9A09574E9C0
:10D43000A19575E9A29576E9A39577E9A49578E990
:10D44000A59579E9A6957AE9A7957BE9A8957CE960
:10D45000A9957DE9AA957EE9AB9580E9AC9581E92E
:10D46000AD9582E9AE9583E9AF9584E9B09585E9FC
:10D47000B19586E9B29587E9B39588E9B49589E9CC
:10D48000B5958AE9B6958BE9B7958CE9B8958DE99C
:10D49000B9958EE9BA958FE9BB9590E9BC9591E96C
:10D4A000BD9592E9BE9593E9BF9594E9C09595E93C
:10D4B000C19596E9C29597E9C39598E9C49599E90C
:10D4C000C5959AE9C6959BE9C7959CE9C8959DE9DC
:10D4D000C9959EE9CA959FE9CB95A0E9CC9540EA0C
:10D4E000CD9541EACE9542EACF9543EAD09544EAFC
:10D4F000D19545EAD29546EAD39547EAD49548EACC
:10D50000D59549EAD6954AEAD7954BEAD8954CEA9B
:10D51000D9954DEADA954EEADB954FEADC9550EA6B
:10D52000DD9551EADE9552EADF9553EAE09554EA3B
:10D53000E19555EAE29556EAE39557EAE49558EA0B
:10D54000E59559EAE6955AEAE7955BEAE895C5C399
:10D55000E995C5E3EA95C1C9EB95C6E3EC955CEAAC
:10D56000ED95D5B1EE95CACEEF95B3B4F095F2C86E
:10D57000F195C7E3F295D0CFF395C8E3F495E4BCF9
:10D58000F595C9E3F695CAE3F795C6C3F895A2D514
:10D59000F995D6C4FA95EBB9FB95C5CEFC95CBE3CE
:10D5A000FD95F6C3FE95CCE3FF955DEA0096A7B71F
:10D5B0000196F3B80296D2BA0396CDE30496CEE371
:10D5C0000596C4D40696CFE307965EEA0896D0E3A4
:10D5D0000996CBD10A96D1E30B96D2E30C96D3E30E
:10D5E0000D96D4E30E96D6D10F96D5E31096FBB2E6
:10D5F0001196BBC01296D6E313965FEA1496ABC0A1
:10D600001596D7E31696D8E31796D9E3189660EAED
:10D610001996DAE31A96DBE31B9661EA1C96B7B813
:10D620001D96E2DA1E9662EA1F96D3B6209663EA4A
:10D630002196E4DA2296E3DA239664EA249665EAF0
:10D64000259666EA269667EA279668EA289669EAA2
:10D6500029966AEA2A96E6DA2B966BEA2C966CEA09
:10D660002D966DEA2E96EEC82F966EEA30966FEAEA
:10D670003196E5DA3296C0B73396F4D13496F5D2C6
:10D680003596F3D53696D7BD379670EA389671EA57
:10D69000399672EA3A9673EA3B96E8D73C96E8DA0E
:10D6A0003D96E7DA3E9674EA3F96A2B04096D3CD17
:10D6B000419675EA4296E9DA439676EA4496BDB811
:10D6C0004596CABC4696BDC24796A4C24896C2B308
:10D6D0004996EADA4A9677EA4B96AAC24C96B0C4C3
:10D6E0004D96B5BD4E9678EA4F9679EA5096DECFC4
:10D6F00051967AEA52967BEA53967CEA5496EBDA94
:10D700005596C2C956967DEA57967EEA589680EAA3
:10D71000599681EA5A9682EA5B96DDB15C9683EA75
:10D720005D9684EA5E9685EA5F96ECDA609686EA14
:10D730006196B8B66296BAD4639687EA6496FDB3EA
:10D74000659688EA669689EA6796EDDA6896C9D49E
:10D750006996D5CF6A96E3C56B968AEA6C96EEDA3F
:10D760006D968BEA6E968CEA6F968DEA70968EEACD
:10D7700071968FEA7296EFDA739690EA7496F0DA01
:10D780007596EAC17696D5CC7796DDCF789691EAF4
:10D79000799692EA7A9693EA7B9694EA7C9695EA51
:10D7A0007D9696EA7E9697EA7F9698EA809699EA21
:10D7B00081969AEA82969BEA83969CEA84969DEAF1
:10D7C0008596E7D38696A1C287969EEA8896F1DA77
:10D7D00089969FEA8A96A0EA8B96E5CB8C9640EBD9
:10D7E0008D96F2DA8E9641EB8F96E6CB9096FED22E
:10D7F000919642EB929643EB939644EB9496F4B851
:10D80000959645EB969646EB9796F3DA9896AFB0D9
:10D810009996B6CF9A9647EB9B9648EB9C96CFD5B8
:10D820009D9649EB9E964AEB9F964BEBA0964CEB50
:10D83000A1964DEBA2964EEBA3964FEBA49650EB20
:10D84000A59651EBA69652EBA796EDCBA89653EB77
:10D85000A99654EBAA9655EBAB9656EBAC9657EBC4
:10D86000AD9658EBAE9659EBAF965AEBB096F4DA0C
:10D87000B1965BEBB2965CEBB396C4E3B4965DEB0A
:10D88000B5965EEBB696A5C1B7965FEBB89660EB22
:10D89000B996BFF6BA9661EBBB9662EBBC96C0F642
:10D8A000BD96C1F6BE96D1C4BF9663EBC096B8C80C
:10D8B000C196E3D1C29664EBC39665EBC496DBD008
:10D8C000C596C5D1C696AFBCC796CDB9C89666EB0E
:10D8D000C996F4EFCA9667EBCB9668EBCC96C6B4C4
:10D8E000CD96BAD3CE96C2F6CF96FBB3D09669EB5F
:10D8F000D1966AEBD296C3F6D3966BEBD4966CEBCB
:10D90000D596F1B5D6966DEBD7966EEBD8966FEBB4
:10D91000D99670EBDA9671EBDB9672EBDC9673EBD3
:10D92000DD9674EBDE9675EBDF9676EBE096C5F64A
:10D93000E19677EBE29678EBE39679EBE4967AEB77
:10D94000E5967BEBE6967CEBE7967DEBE896EAD3F3
:10D95000E996A7F6EA96A9D1EB967EEBEC9680EBDA
:10D96000ED9681EBEE9682EBEF96A9F6F09683EBBF
:10D97000F19684EBF29685EBF396A8F6F49686EB97
:10D98000F59687EBF696E3C1F796D7C0F89688EB45
:10D99000F996A2B1FA9689EBFB968AEBFC968BEB93
:10D9A000FD968CEBFE96EDCEFF968DEB0097E8D0C2
:10D9B0000197ABF602978EEB03978FEB0497F6CFA8
:10D9C000059790EB0697AAF60797F0D50897ACF65F
:10D9D0000997B9C30A9791EB0B9792EB0C9793EBCE
:10D9E0000D97F4BB0E97AEF60F97ADF6109794EB2C
:10D9F000119795EB129796EB1397DEC4149797EB5C
:10DA0000159798EB1697D8C1179799EB18979AEB3B
:10DA100019979BEB1A979CEB1B979DEB1C97AACB36
:10DA20001D979EEB1E97BCCF1F979FEB2097A0EBF7
:10DA3000219740EC229741EC239742EC249743EC4A
:10DA4000259744EC269745EC279746EC289747EC1A
:10DA5000299748EC2A97AFF62B9749EC2C974AEC7C
:10DA60002D97B0F62E974BEC2F974CEC3097B1F6E4
:10DA700031974DEC3297B6C233974EEC34974FEC5A
:10DA8000359750EC369751EC379752EC3897D4B025
:10DA90003997F9C53A9753EC3B9754EC3C9755ECC2
:10DAA0003D9756EC3E97B2F63F9757EC409758ECAF
:10DAB000419759EC42975AEC43975BEC44975CECE6
:10DAC00045975DEC46975EEC47975FEC489760ECB6
:10DAD000499761EC4A9762EC4B9763EC4C9764EC86
:10DAE0004D9765EC4E9766EC4F9767EC509768EC56
:10DAF000519769EC5297E0C75397A6F654976AEC92
:10DB000055976BEC5697B8BE57976CEC58976DECE1
:10DB10005997B2BE5A976EEC5B97E5B55C976FEC80
:10DB20005D9770EC5E97C7B75F9771EC6097BFBF6A
:10DB30006197D2C36297E6C3639772EC649773EC04
:10DB40006597CCD8669774EC679775EC689776EC18
:10DB50006997EFB86A9777EC6B9778EC6C9779ECEC
:10DB60006D977AEC6E977BEC6F977CEC70977DEC01
:10DB700071977EEC729780EC7397F9BD7497A5D17D
:10DB8000759781EC7697D0B0779782EC789783EC95
:10DB9000799784EC7A9785EC7B9786EC7C97B0F745
:10DBA0007D9787EC7E9788EC7F9789EC80978AEC4D
:10DBB00081978BEC82978CEC83978DEC84978EEC1D
:10DBC0008597B1F786978FEC879790EC889791ECC3
:10DBD000899792EC8A9793EC8B97ACD08C9794ECC6
:10DBE0008D97B0B08E9795EC8F9796EC909797ECB9
:10DBF0009197B2F79297B3F7939798EC9497B4F7FD
:10DC0000959799EC96979AEC97979BEC9897CAC73B
:10DC100099979CEC9A979DEC9B979EEC9C979FEC18
:10DC20009D97A0EC9E9740ED9F9741EDA097CFBEAA
:10DC3000A19742EDA29743EDA397B7F7A49744EDC0
:10DC4000A59745EDA69746EDA79747EDA89748ED10
:10DC5000A99749EDAA974AEDAB97B6F7AC974BED6C
:10DC6000AD97DEB1AE974CEDAF97B5F7B0974DEDF0
:10DC7000B1974EEDB297B8F7B3974FEDB497B9F7A8
:10DC8000B59750EDB69751EDB79752EDB89753ED64
:10DC9000B99754EDBA9755EDBB9756EDBC9757ED34
:10DCA000BD9758EDBE9759EDBF975AEDC0975BED04
:10DCB000C1975CEDC2975DEDC3975EEDC4975FEDD4
:10DCC000C59760EDC69761EDC79762EDC89763EDA4
:10DCD000C99764EDCA9765EDCB9766EDCC9767ED74
:10DCE000CD9768EDCE9769EDCF976AEDD0976BED44
:10DCF000D1976CEDD2976DEDD3976EEDD4976FED14
:10DD0000D59770EDD69771EDD79772EDD89773EDE3
:10DD1000D99774EDDA9775EDDB9776EDDC9777EDB3
:10DD2000DD9778EDDE9779EDDF977AEDE0977BED83
:10DD3000E1977CEDE2977DEDE3977EEDE49780ED52
:10DD4000E59781EDE697A4CEE797CDC8E89782EDF9
:10DD5000E997ABBAEA97B8E8EB97B9E8EC97BAE875
:10DD6000ED97C2BEEE9783EDEF9784EDF09785EDCA
:10DD7000F19786EDF29787EDF397F4D2F49788ED5B
:10DD8000F597CFD4F697D8C9F79789EDF8978AED2C
:10DD9000F9978BEDFA978CEDFB978DEDFC978EED57
:10DDA000FD978FEDFE9790EDFF9791ED009892ED26
:10DDB000019893ED029894ED039895ED049896EDF3
:10DDC000059897ED069898ED079899ED08989AEDC3
:10DDD00009989BED0A989CED0B989DED0C989EED93
:10DDE0000D989FED0E98A0ED0F9840EE109841EE23
:10DDF000119842EE129843EE139844EE149845EEB3
:10DE0000159846EE169847EE179848EE189849EE82
:10DE100019984AEE1A984BEE1B984CEE1C984DEE52
:10DE20001D984EEE1E984FEE1F9850EE209851EE22
:10DE3000219852EE229853EE239854EE249855EEF2
:10DE4000259856EE269857EE279858EE289859EEC2
:10DE500029985AEE2A985BEE2B985CEE2C985DEE92
:10DE60002D985EEE2E985FEE2F9860EE309861EE62
:10DE7000319862EE329863EE339864EE349865EE32
:10DE8000359866EE369867EE379868EE389869EE02
:10DE900039986AEE3A986BEE3B986CEE3C986DEED2
:10DEA0003D986EEE3E986FEE3F9870EE409871EEA2
:10DEB000419872EE429873EE439874EE449875EE72
:10DEC000459876EE469877EE479878EE489879EE42
:10DED00049987AEE4A987BEE4B987CEE4C987DEE12
:10DEE0004D987EEE4E9880EE4F9881EE509882EEDF
:10DEF000519883EE529884EE539885EE549886EEAE
:10DF0000559887EE569888EE579889EE58988AEE7D
:10DF100059988BEE5A988CEE5B988DEE5C988EEE4D
:10DF20005D988FEE5E9890EE5F9891EE609892EE1D
:10DF3000619893EE629894EE639895EE649896EEED
:10DF4000659897EE669898EE679899EE68989AEEBD
:10DF500069989BEE6A989CEE6B989DEE6C989EEE8D
:10DF60006D989FEE6E98A0EE6F9840EF709841EF1D
:10DF7000719842EF729843EF739844EF749845EFAD
:10DF80007598B3D27698A5B67798EAC77898FCF1D9
:10DF90007998EECF7A98B3CB7B98EBD07C98EFE76B
:10DFA0007D98E7CD7E98CBB97F98D9B68098FDF162
:10DFB0008198E4B08298CCCB8398FEF18498A4D465
:10DFC0008598ADC28698ECC18798C4C68898B1BEC2
:10DFD0008998A1F28A98D5BC8B9846EF8C98A2F2CA
:10DFE0008D98A3F28E9847EF8F98A4F29098C3D2A1
:10DFF0009198B5C6929848EF9398C7CD9498A5F29A
:10E00000959849EF9698B1D39798C5BF9898E2CC68
:10E0100099984AEF9A98A6F29B98A7F29C98D5D126
:10E020009D98EEB69E98A8F29F98A9F2A098DFB5A9
:10E03000A198AAF2A298ABF2A3984BEFA498FCB2D5
:10E04000A598ACF2A698ADF2A798A7C8A8984CEFEF
:10E05000A9984DEFAA984EEFAB984FEFAC9850EFC0
:10E06000AD9851EFAE9852EFAF9853EFB09854EF90
:10E07000B19855EFB29856EFB39857EFB49858EF60
:10E08000B59859EFB6985AEFB7985BEFB8985CEF30
:10E09000B9985DEFBA985EEFBB985FEFBC9860EF00
:10E0A000BD9861EFBE9862EFBF9863EFC09864EFD0
:10E0B000C19865EFC29866EFC39867EFC49868EFA0
:10E0C000C59869EFC6986AEFC7986BEFC8986CEF70
:10E0D000C9986DEFCA986EEFCB986FEFCC9870EF40
:10E0E000CD9871EFCE98E7B7CF9872EFD09873EFD5
:10E0F000D198A9ECD298AAECD398ABECD49874EF51
:10E10000D598ACECD69875EFD79876EFD898AEC680
:10E11000D998ADECDA98AEECDB9877EFDC9878EF35
:10E12000DD9879EFDE98C9B7DF98B3CAE0987AEF47
:10E13000E1987BEFE2987CEFE3987DEFE4987EEF47
:10E14000E59880EFE69881EFE798B8E2E898CFF796
:10E15000E99882EFEA9883EFEB9884EFEC9885EFEB
:10E16000ED9886EFEE9887EFEF9888EFF09889EFBB
:10E17000F1988AEFF2988BEFF3988CEFF4988DEF8B
:10E18000F5988EEFF6988FEFF79890EFF89891EF5B
:10E19000F99892EFFA9893EFFB9894EFFC9895EF2B
:10E1A000FD9896EFFE9897EFFF9898EF009999EFFA
:10E1B00001999AEF02999BEF03999CEF04999DEFC7
:10E1C00005999EEF06999FEF0799A0EF089940F0F7
:10E1D000099941F00A9942F00B9943F00C9944F0E7
:10E1E0000D99D0F70E9945F00F9946F01099CDB2E0
:10E1F000119947F0129948F0139949F014994AF08F
:10E2000015994BF016994CF017994DF018994EF05E
:10E2100019994FF01A9950F01B9951F01C9952F02E
:10E220001D9953F01E9954F01F9955F0209956F0FE
:10E23000219957F0229958F0239959F024995AF0CE
:10E2400025995BF026995CF027995DF028995EF09E
:10E2500029995FF02A9960F02B9961F02C9962F06E
:10E260002D9963F02E99D1F72F9964F0309965F0CC
:10E27000319966F0329967F0339968F0349969F012
:10E2800035996AF036996BF037996CF038996DF0E2
:10E2900039996EF03A996FF03B9970F03C9971F0B2
:10E2A0003D9972F03E9973F03F9974F0409975F082
:10E2B000419976F0429977F0439978F0449979F052
:10E2C00045997AF046997BF047997CF048997DF022
:10E2D00049997EF04A9980F04B9981F04C9982F0EF
:10E2E0004D9983F04E9984F04F9985F0509986F0BE
:10E2F000519987F0529988F0539989F05499D3F73E
:10E300005599D2F756998AF057998BF058998CF015
:10E3100059998DF05A998EF05B998FF05C9990F035
:10E320005D9991F05E9992F05F9993F0609994F005
:10E33000619995F0629996F06399BBE2649997F0C0
:10E340006599A2BC669998F06799BCE26899BDE2AC
:10E350006999BEE26A99BFE26B99C0E26C99C1E229
:10E360006D99B9B76E99FBD26F99A4BD7099CECA59
:10E370007199A5B17299C7CB739999F07499C2E25A
:10E380007599FCB67699C4C87799C3E278999AF0E2
:10E3900079999BF07A99C8BD7B999CF07C99FDB1E5
:10E3A0007D99C4E27E999DF07F99F6B68099C5E289
:10E3B0008199D9C482999EF083999FF08499C6E28D
:10E3C0008599DACF8699DDB98799C7E28899A1C086
:10E3D0008999A0F08A99C8E28B99F6B28C9940F19C
:10E3E0008D99C9E28E9941F18F99F3C19099CAE252
:10E3F0009199CBE29299F8C29399CCE29499CDE2AB
:10E400009599CEE29699D7CA9799B8D89899E5D9AF
:10E410009999E3CF9A9942F19B9943F19C9944F1E0
:10E420009D9945F19E9946F19F9947F1A09948F130
:10E43000A19949F1A2994AF1A3994BF1A4994CF100
:10E44000A599A5F0A6994DF1A7994EF1A899B0DC30
:10E45000A9994FF1AA9950F1AB9951F1AC9952F1A8
:10E46000AD9953F1AE9954F1AF9955F1B09956F178
:10E47000B19957F1B29958F1B39959F1B4995AF148
:10E48000B5995BF1B6995CF1B7995DF1B8995EF118
:10E49000B9995FF1BA9960F1BB9961F1BC9962F1E8
:10E4A000BD9963F1BE9964F1BF9965F1C09966F1B8
:10E4B000C19967F1C29968F1C39969F1C4996AF188
:10E4C000C5996BF1C6996CF1C7996DF1C8996EF158
:10E4D000C9996FF1CA9970F1CB9971F1CC9972F128
:10E4E000CD9973F1CE9974F1CF9975F1D09976F1F8
:10E4F000D19977F1D29978F1D39979F1D4997AF1C8
:10E50000D5997BF1D6997CF1D7997DF1D8997EF197
:10E51000D99980F1DA9981F1DB9982F1DC9983F163
:10E52000DD9984F1DE9985F1DF9986F1E09987F133
:10E53000E19988F1E29989F1E3998AF1E4998BF103
:10E54000E5998CF1E6998DF1E7998EF1E8998FF1D3
:10E55000E99990F1EA9991F1EB9992F1EC9993F1A3
:10E56000ED9994F1EE9995F1EF9996F1F09997F173
:10E57000F19998F1F29999F1F3999AF1F4999BF143
:10E58000F5999CF1F6999DF1F7999EF1F8999FF113
:10E59000F999A0F1FA9940F2FB9941F2FC9942F203
:10E5A000FD9943F2FE9944F2FF9945F2009A46F232
:10E5B000019A47F2029A48F2039A49F2049A4AF2FF
:10E5C000059A4BF2069A4CF2079A4DF2089A4EF2CF
:10E5D000099A4FF20A9A50F20B9A51F20C9A52F29F
:10E5E0000D9A53F20E9A54F20F9A55F2109A56F26F
:10E5F000119A57F2129A58F2139A59F2149A5AF23F
:10E60000159A5BF2169A5CF2179A5DF2189A5EF20E
:10E61000199A5FF21A9A60F21B9A61F21C9A62F2DE
:10E620001D9A63F21E9A64F21F9A65F2209A66F2AE
:10E63000219A67F2229A68F2239A69F2249A6AF27E
:10E64000259A6BF2269A6CF2279A6DF2289A6EF24E
:10E65000299A6FF22A9A70F22B9A71F22C9A72F21E
:10E660002D9A73F22E9A74F22F9A75F2309A76F2EE
:10E67000319A77F2329A78F2339A79F2349A7AF2BE
:10E68000359A7BF2369A7CF2379A7DF2389A7EF28E
:10E69000399A80F23A9A81F23B9A82F23C9A83F25A
:10E6A0003D9A84F23E9A85F23F9A86F2409A87F22A
:10E6B000419A88F2429A89F2439A8AF2449A8BF2FA
:10E6C000459A8CF2469A8DF2479A8EF2489A8FF2CA
:10E6D000499A90F24A9A91F24B9A92F24C9A93F29A
:10E6E0004D9A94F24E9A95F24F9A96F2509A97F26A
:10E6F000519A98F2529A99F2539A9AF2549A9BF23A
:10E70000559A9CF2569A9DF2579A9EF2589A9FF209
:10E71000599AA0F25A9A40F35B9A41F35C9A42F3F9
:10E720005D9A43F35E9A44F35F9A45F3609A46F329
:10E73000619A47F3629A48F3639A49F3649A4AF3F9
:10E74000659A4BF3669A4CF3679A4DF3689A4EF3C9
:10E75000699A4FF36A9A50F36B9A51F36C9AEDC22F
:10E760006D9AA6D46E9AD4CD6F9AB1D1709ADBB35C
:10E77000719AFDC7729A52F3739AB5B2749ABFC276
:10E78000759AE0E6769ABBCA779AE1E6789AE2E66D
:10E79000799AD4BE7A9AE3E67B9AA4D77C9AD5CDAF
:10E7A0007D9AE5E67E9ADDBC7F9AE4E6809AE6E60D
:10E7B000819AE7E6829AEEC2839A53F3849ABEBDA9
:10E7C000859AE8E6869AE6C2879AA7BA889AE9E621
:10E7D000899A54F38A9AEAE68B9AD2B38C9AE9D151
:10E7E0008D9A55F38E9A56F38F9AA5BF909AEBE6C1
:10E7F000919AEFC6929AECE6939AEDE6949A57F3C3
:10E80000959A58F3969AEEE6979AADC6989AEFE6DF
:10E81000999A59F39A9AA7C99B9AF0E69C9AF1E6BD
:10E820009D9AF2E69E9AB9E59F9AF3E6A09AF4E6DD
:10E83000A19AE2C2A29AF5E6A39AF6E6A49AE8D6CD
:10E84000A59AF7E6A69A5AF3A79AF8E6A89AC7B93E
:10E85000A99A5BF3AA9A5CF3AB9A5DF3AC9A5EF368
:10E86000AD9A5FF3AE9A60F3AF9A61F3B09ABBF7DB
:10E87000B19ABAF7B29A62F3B39A63F3B49A64F3B3
:10E88000B59A65F3B69ABEF7B79ABCF7B89AA1BA2B
:10E89000B99A66F3BA9ABFF7BB9A67F3BC9AC0F706
:10E8A000BD9A68F3BE9A69F3BF9A6AF3C09AC2F739
:10E8B000C19AC1F7C29AC4F7C39A6BF3C49A6CF3B6
:10E8C000C59AC3F7C69A6DF3C79A6EF3C89A6FF3E9
:10E8D000C99A70F3CA9A71F3CB9AC5F7CC9AC6F766
:10E8E000CD9A72F3CE9A73F3CF9A74F3D09A75F3EC
:10E8F000D19AC7F7D29A76F3D39AE8CBD49A77F322
:10E90000D59A78F3D69A79F3D79A7AF3D89ADFB86A
:10E91000D99A7BF3DA9A7CF3DB9A7DF3DC9A7EF367
:10E92000DD9A80F3DE9A81F3DF9AD4F7E09A82F3DE
:10E93000E19AD5F7E29A83F3E39A84F3E49A85F3B4
:10E94000E59A86F3E69AD6F7E79A87F3E89A88F38A
:10E95000E99A89F3EA9A8AF3EB9AD8F7EC9A8BF35F
:10E96000ED9ADAF7EE9A8CF3EF9AD7F7F09A8DF3E7
:10E97000F19A8EF3F29A8FF3F39A90F3F49A91F35B
:10E98000F59A92F3F69A93F3F79A94F3F89A95F32B
:10E99000F99ADBF7FA9A96F3FB9AD9F7FC9A97F370
:10E9A000FD9A98F3FE9A99F3FF9A9AF3009B9BF3D2
:10E9B000019B9CF3029B9DF3039BD7D7049B9EF383
:10E9C000059B9FF3069BA0F3079B40F4089BDCF795
:10E9D000099B41F40A9B42F40B9B43F40C9B44F4C7
:10E9E0000D9B45F40E9B46F40F9BDDF7109B47F4FF
:10E9F000119B48F4129B49F4139BDEF7149B4AF4D5
:10EA0000159B4BF4169B4CF4179B4DF4189B4EF43E
:10EA1000199B4FF41A9B50F41B9B51F41C9B52F40E
:10EA20001D9B53F41E9B54F41F9BDFF7209B55F452
:10EA3000219B56F4229B57F4239BE0F7249B58F428
:10EA4000259B59F4269B5AF4279B5BF4289B5CF486
:10EA5000299B5DF42A9B5EF42B9B5FF42C9B60F456
:10EA60002D9B61F42E9B62F42F9BCBDB309B63F4D8
:10EA7000319B64F4329BAAD8339B65F4349B66F4D3
:10EA8000359B67F4369B68F4379B69F4389B6AF4CE
:10EA9000399B6BF43A9B6CF43B9BF7E53C9BEDB9DF
:10EAA0003D9B6DF43E9B6EF43F9B6FF4409B70F476
:10EAB000419BFDBF429BEABB439BC9F7449BC7C632
:10EAC000459BC8F7469B71F4479BCAF7489BCCF718
:10EAD000499BCBF74A9B72F44B9B73F44C9B74F4A9
:10EAE0004D9BCDF74E9B75F44F9BBACE509B76F461
:10EAF000519BCEF7529B77F4539B78F4549BA7C459
:10EB0000559B79F4569B7AF4579B7BF4589B7CF485
:10EB1000599B7DF45A9B7EF45B9B80F45C9B81F453
:10EB20005D9B82F45E9B83F45F9B84F4609B85F421
:10EB3000619B86F4629B87F4639B88F4649B89F4F1
:10EB4000659B8AF4669B8BF4679B8CF4689B8DF4C1
:10EB5000699B8EF46A9B8FF46B9B90F46C9B91F491
:10EB60006D9B92F46E9B93F46F9B94F4709B95F461
:10EB7000719B96F4729B97F4739B98F4749B99F431
:10EB8000759B9AF4769B9BF4779B9CF4789B9DF401
:10EB9000799B9EF47A9B9FF47B9BA0F47C9B40F531
:10EBA0007D9B41F57E9B42F57F9B43F5809B44F521
:10EBB000819B45F5829B46F5839B47F5849B48F5F1
:10EBC000859B49F5869B4AF5879B4BF5889B4CF5C1
:10EBD000899B4DF58A9B4EF58B9B4FF58C9B50F591
:10EBE0008D9B51F58E9B52F58F9B53F5909B54F561
:10EBF000919B55F5929B56F5939B57F5949B58F531
:10EC0000959B59F5969B5AF5979B5BF5989B5CF500
:10EC1000999B5DF59A9B5EF59B9B5FF59C9B60F5D0
:10EC20009D9B61F59E9B62F59F9B63F5A09B64F5A0
:10EC3000A19B65F5A29B66F5A39B67F5A49B68F570
:10EC4000A59B69F5A69B6AF5A79B6BF5A89B6CF540
:10EC5000A99B6DF5AA9B6EF5AB9B6FF5AC9B70F510
:10EC6000AD9B71F5AE9B72F5AF9B73F5B09B74F5E0
:10EC7000B19B75F5B29B76F5B39B77F5B49B78F5B0
:10EC8000B59B79F5B69B7AF5B79B7BF5B89B7CF580
:10EC9000B99B7DF5BA9B7EF5BB9B80F5BC9B81F54E
:10ECA000BD9B82F5BE9B83F5BF9B84F5C09B85F51C
:10ECB000C19B86F5C29B87F5C39B88F5C49B89F5EC
:10ECC000C59B8AF5C69B8BF5C79B8CF5C89B8DF5BC
:10ECD000C99B8EF5CA9B8FF5CB9B90F5CC9B91F58C
:10ECE000CD9B92F5CE9B93F5CF9B94F5D09B95F55C
:10ECF000D19B96F5D29B97F5D39B98F5D49B99F52C
:10ED0000D59B9AF5D69B9BF5D79B9CF5D89B9DF5FB
:10ED1000D99B9EF5DA9B9FF5DB9BA0F5DC9B40F62B
:10ED2000DD9B41F6DE9B42F6DF9B43F6E09B44F61B
:10ED3000E19B45F6E29B46F6E39B47F6E49B48F6EB
:10ED4000E59B49F6E69B4AF6E79B4BF6E89B4CF6BB
:10ED5000E99B4DF6EA9B4EF6EB9B4FF6EC9B50F68B
:10ED6000ED9B51F6EE9B52F6EF9B53F6F09B54F65B
:10ED7000F19B55F6F29B56F6F39B57F6F49B58F62B
:10ED8000F59B59F6F69B5AF6F79B5BF6F89B5CF6FB
:10ED9000F99B5DF6FA9B5EF6FB9B5FF6FC9B60F6CB
:10EDA000FD9B61F6FE9B62F6FF9B63F6009C64F69A
:10EDB000019C65F6029C66F6039C67F6049C68F667
:10EDC000059C69F6069C6AF6079C6BF6089C6CF637
:10EDD000099C6DF60A9C6EF60B9C6FF60C9C70F607
:10EDE0000D9C71F60E9C72F60F9C73F6109C74F6D7
:10EDF000119C75F6129C76F6139C77F6149C78F6A7
:10EE0000159C79F6169C7AF6179C7BF6189C7CF676
:10EE1000199C7DF61A9C7EF61B9C80F61C9C81F644
:10EE20001D9C82F61E9C83F61F9C84F6209C85F612
:10EE3000219C86F6229C87F6239C88F6249C89F6E2
:10EE4000259C8AF6269C8BF6279C8CF6289C8DF6B2
:10EE5000299C8EF62A9C8FF62B9C90F62C9C91F682
:10EE60002D9C92F62E9C93F62F9C94F6309C95F652
:10EE7000319C96F6329C97F6339C98F6349C99F622
:10EE8000359C9AF6369C9BF6379C9CF6389C9DF6F2
:10EE9000399C9EF63A9C9FF63B9CA0F63C9C40F722
:10EEA0003D9C41F73E9C42F73F9C43F7409C44F712
:10EEB000419C45F7429C46F7439C47F7449C48F7E2
:10EEC000459C49F7469C4AF7479C4BF7489C4CF7B2
:10EED000499C4DF74A9C4EF74B9C4FF74C9C50F782
:10EEE0004D9C51F74E9C52F74F9C53F7509C54F752
:10EEF000519C55F7529C56F7539C57F7549C58F722
:10EF0000559C59F7569C5AF7579C5BF7589C5CF7F1
:10EF1000599C5DF75A9C5EF75B9C5FF75C9C60F7C1
:10EF20005D9C61F75E9C62F75F9C63F7609C64F791
:10EF3000619C65F7629C66F7639C67F7649C68F761
:10EF4000659C69F7669C6AF7679C6BF7689C6CF731
:10EF5000699C6DF76A9C6EF76B9C6FF76C9C70F701
:10EF60006D9C71F76E9C72F76F9C73F7709C74F7D1
:10EF7000719C75F7729C76F7739C77F7749C78F7A1
:10EF8000759C79F7769C7AF7779C7BF7789C7CF771
:10EF9000799C7DF77A9C7EF77B9C80F77C9CE3D301
:10EFA0007D9C81F77E9C82F77F9CCFF6809C83F7C7
:10EFB000819CB3C2829CD0F6839C84F7849C85F7A5
:10EFC000859CD1F6869CD2F6879CD3F6889CD4F695
:10EFD000899C86F78A9C87F78B9CD6F68C9C88F751
:10EFE0008D9CABB18E9CD7F68F9C89F7909CD8F600
:10EFF000919CD9F6929CDAF6939C8AF7949CDBF666
:10F00000959CDCF6969C8BF7979C8CF7989C8DF7DB
:10F01000999C8EF79A9CDDF69B9CDEF69C9CCACF51
:10F020009D9C8FF79E9CDFF69F9CE0F6A09CE1F6EE
:10F03000A19CE2F6A29CE3F6A39CE4F6A49CF0C09B
:10F04000A59CE5F6A69CE6F6A79CE7F6A89CE8F644
:10F05000A99CE9F6AA9C90F7AB9CEAF6AC9C91F7C8
:10F06000AD9CEBF6AE9CECF6AF9C92F7B09CEDF647
:10F07000B19CEEF6B29CEFF6B39CF0F6B49CF1F6C0
:10F08000B59CF2F6B69CF3F6B79CF4F6B89CA8BE15
:10F09000B99C93F7BA9CF5F6BB9CF6F6BC9CF7F6C8
:10F0A000BD9CF8F6BE9C94F7BF9C95F7C09C96F764
:10F0B000C19C97F7C29C98F7C39CFAC8C49CF9F608
:10F0C000C59CFAF6C69CFBF6C79CFCF6C89C99F753
:10F0D000C99C9AF7CA9CFDF6CB9CFEF6CC9CA1F786
:10F0E000CD9CA2F7CE9CA3F7CF9CA4F7D09CA5F70C
:10F0F000D19C9BF7D29C9CF7D39CA6F7D49CA7F7F6
:10F10000D59CA8F7D69CEEB1D79CA9F7D89CAAF7B6
:10F11000D99CABF7DA9C9DF7DB9C9EF7DC9CACF7A7
:10F12000DD9CADF7DE9CDBC1DF9CAEF7E09C9FF77A
:10F13000E19CA0F7E29CAFF7E39C40F8E49C41F827
:10F14000E59C42F8E69C43F8E79C44F8E89C45F8C7
:10F15000E99C46F8EA9C47F8EB9C48F8EC9C49F897
:10F16000ED9C4AF8EE9C4BF8EF9C4CF8F09C4DF867
:10F17000F19C4EF8F29C4FF8F39C50F8F49C51F837
:10F18000F59C52F8F69C53F8F79C54F8F89C55F807
:10F19000F99C56F8FA9C57F8FB9C58F8FC9C59F8D7
:10F1A000FD9C5AF8FE9C5BF8FF9C5CF8009D5DF8A6
:10F1B000019D5EF8029D5FF8039D60F8049D61F873
:10F1C000059D62F8069D63F8079D64F8089D65F843
:10F1D000099D66F80A9D67F80B9D68F80C9D69F813
:10F1E0000D9D6AF80E9D6BF80F9D6CF8109D6DF8E3
:10F1F000119D6EF8129D6FF8139D70F8149D71F8B3
:10F20000159D72F8169D73F8179D74F8189D75F882
:10F21000199D76F81A9D77F81B9D78F81C9D79F852
:10F220001D9D7AF81E9D7BF81F9D7CF8209D7DF822
:10F23000219D7EF8229D80F8239D81F8249D82F8EF
:10F24000259D83F8269D84F8279D85F8289D86F8BE
:10F25000299D87F82A9D88F82B9D89F82C9D8AF88E
:10F260002D9D8BF82E9D8CF82F9D8DF8309D8EF85E
:10F27000319D8FF8329D90F8339D91F8349D92F82E
:10F28000359D93F8369D94F8379D95F8389D96F8FE
:10F29000399D97F83A9D98F83B9D99F83C9D9AF8CE
:10F2A0003D9D9BF83E9D9CF83F9D9DF8409D9EF89E
:10F2B000419D9FF8429DA0F8439D40F9449D41F92E
:10F2C000459D42F9469D43F9479D44F9489D45F9BE
:10F2D000499D46F94A9D47F94B9D48F94C9D49F98E
:10F2E0004D9D4AF94E9D4BF94F9D4CF9509D4DF95E
:10F2F000519D4EF9529D4FF9539D50F9549D51F92E
:10F30000559D52F9569D53F9579D54F9589D55F9FD
:10F31000599D56F95A9D57F95B9D58F95C9D59F9CD
:10F320005D9D5AF95E9D5BF95F9D5CF9609D5DF99D
:10F33000619D5EF9629D5FF9639D60F9649D61F96D
:10F34000659D62F9669D63F9679D64F9689D65F93D
:10F35000699D66F96A9D67F96B9D68F96C9D69F90D
:10F360006D9D6AF96E9D6BF96F9D6CF9709D6DF9DD
:10F37000719D6EF9729D6FF9739D70F9749D71F9AD
:10F38000759D72F9769D73F9779D74F9789D75F97D
:10F39000799D76F97A9D77F97B9D78F97C9D79F94D
:10F3A0007D9D7AF97E9D7BF97F9D7CF9809D7DF91D
:10F3B000819D7EF9829D80F9839D81F9849D82F9EA
:10F3C000859D83F9869D84F9879D85F9889D86F9B9
:10F3D000899D87F98A9D88F98B9D89F98C9D8AF989
:10F3E0008D9D8BF98E9D8CF98F9D8DF9909D8EF959
:10F3F000919D8FF9929D90F9939D91F9949D92F929
:10F40000959D93F9969D94F9979D95F9989D96F9F8
:10F41000999D97F99A9D98F99B9D99F99C9D9AF9C8
:10F420009D9D9BF99E9D9CF99F9D9DF9A09D9EF998
:10F43000A19D9FF9A29DA0F9A39D40FAA49D41FA28
:10F44000A59D42FAA69D43FAA79D44FAA89D45FAB8
:10F45000A99D46FAAA9D47FAAB9D48FAAC9D49FA88
:10F46000AD9D4AFAAE9D4BFAAF9D4CFAB09D4DFA58
:10F47000B19D4EFAB29D4FFAB39D50FAB49D51FA28
:10F48000B59D52FAB69D53FAB79D54FAB89D55FAF8
:10F49000B99D56FABA9D57FABB9D58FABC9D59FAC8
:10F4A000BD9D5AFABE9D5BFABF9D5CFAC09D5DFA98
:10F4B000C19D5EFAC29D5FFAC39D60FAC49D61FA68
:10F4C000C59D62FAC69D63FAC79D64FAC89D65FA38
:10F4D000C99D66FACA9D67FACB9D68FACC9D69FA08
:10F4E000CD9D6AFACE9D6BFACF9D6CFAD09D6DFAD8
:10F4F000D19D6EFAD29D6FFAD39D70FAD49D71FAA8
:10F50000D59D72FAD69D73FAD79D74FAD89D75FA77
:10F51000D99D76FADA9D77FADB9D78FADC9D79FA47
:10F52000DD9D7AFADE9D7BFADF9D7CFAE09D7DFA17
:10F53000E19D7EFAE29D80FAE39D81FAE49D82FAE4
:10F54000E59D83FAE69D84FAE79D85FAE89D86FAB3
:10F55000E99D87FAEA9D88FAEB9D89FAEC9D8AFA83
:10F56000ED9D8BFAEE9D8CFAEF9D8DFAF09D8EFA53
:10F57000F19D8FFAF29D90FAF39D91FAF49D92FA23
:10F58000F59D93FAF69D94FAF79D95FAF89D96FAF3
:10F59000F99D97FAFA9D98FAFB9D99FAFC9D9AFAC3
:10F5A000FD9D9BFAFE9D9CFAFF9D9DFA009E9EFA92
:10F5B000019E9FFA029EA0FA039E40FB049E41FB1F
:10F5C000059E42FB069E43FB079E44FB089E45FBAF
:10F5D000099E46FB0A9E47FB0B9E48FB0C9E49FB7F
:10F5E0000D9E4AFB0E9E4BFB0F9E4CFB109E4DFB4F
:10F5F000119E4EFB129E4FFB139E50FB149E51FB1F
:10F60000159E52FB169E53FB179E54FB189E55FBEE
:10F61000199E56FB1A9E57FB1B9E58FB1C9E59FBBE
:10F620001D9E5AFB1E9E5BFB1F9EF1C4209EAFF0E9
:10F63000219EA6BC229EB0F0239EF9C3249E5CFBB3
:10F64000259EB8C5269EBBD1279E5DFB289EB1F0A6
:10F65000299EB2F02A9EB3F02B9EB4F02C9EB5F0FA
:10F660002D9EBCD12E9E5EFB2F9EECD1309E5FFB6B
:10F67000319EB7F0329EB6F0339EA7D4349E60FB25
:10F68000359ED2CD369EB8F0379EBAF0389EB9F08E
:10F69000399EBBF03A9EBCF03B9E61FB3C9E62FBF8
:10F6A0003D9EEBB83E9EBDF03F9EE8BA409E63FB98
:10F6B000419EBEF0429EBFF0439EE9BE449EC0F014
:10F6C000459EECB6469EC1F0479EC2F0489EC3F0F0
:10F6D000499EC4F04A9EB5C84B9EC5F04C9EC6F0EC
:10F6E0004D9E64FB4E9EC7F04F9EF4C5509E65FB39
:10F6F000519EC8F0529E66FB539E67FB549E68FB6A
:10F70000559EC9F0569E69FB579ECAF0589EBDF79C
:10F71000599E6AFB5A9ECBF05B9ECCF05C9ECDF06E
:10F720005D9E6BFB5E9ECEF05F9E6CFB609E6DFBF4
:10F73000619E6EFB629E6FFB639ECFF0649ED7BAA4
:10F74000659E70FB669ED0F0679ED1F0689ED2F0F9
:10F75000699ED3F06A9ED4F06B9ED5F06C9ED6F075
:10F760006D9ED8F06E9E71FB6F9E72FB709EA5D34E
:10F77000719ED7F0729E73FB739ED9F0749E74FBDA
:10F78000759E75FB769E76FB779E77FB789E78FB61
:10F79000799E79FB7A9E7AFB7B9E7BFB7C9E7CFB31
:10F7A0007D9E7DFB7E9EBAF57F9EB9C2809E7EFBCC
:10F7B000819E80FB829EE4F7839E81FB849E82FB78
:10F7C000859E83FB869E84FB879EE5F7889EE6F7F1
:10F7D000899E85FB8A9E86FB8B9EE7F78C9E87FB26
:10F7E0008D9E88FB8E9E89FB8F9E8AFB909E8BFB55
:10F7F000919E8CFB929EE8F7939EB4C2949E8DFBE3
:10F80000959E8EFB969E8FFB979E90FB989E91FBFC
:10F81000999E92FB9A9E93FB9B9E94FB9C9E95FBCC
:10F820009D9EEAF79E9E96FB9F9EEBF7A09E97FB00
:10F83000A19E98FBA29E99FBA39E9AFBA49E9BFB74
:10F84000A59E9CFBA69EF3C2A79E9DFBA89E9EFB29
:10F85000A99E9FFBAA9EA0FBAB9E40FCAC9E41FCD8
:10F86000AD9E42FCAE9E43FCAF9E44FCB09E45FC68
:10F87000B19E46FCB29E47FCB39E48FCB49EF0F499
:10F88000B59E49FCB69E4AFCB79E4BFCB89EEFF471
:10F89000B99E4CFCBA9E4DFCBB9EE9C2BC9E4EFC80
:10F8A000BD9EE1F7BE9EE2F7BF9E4FFCC09E50FC9E
:10F8B000C19E51FCC29E52FCC39E53FCC49EC6BB5B
:10F8C000C59E54FCC69E55FCC79E56FCC89E57FC60
:10F8D000C99EE4D9CA9E58FCCB9E59FCCC9E5AFCCA
:10F8E000CD9EF2CACE9EE8C0CF9EA4F0D09E5BFC17
:10F8F000D19EDABAD29E5CFCD39E5DFCD49EADC78D
:10F90000D59E5EFCD69E5FFCD79E60FCD89EACC4A4
:10F91000D99E61FCDA9E62FCDB9EECF7DC9EEDF783
:10F92000DD9EEEF7DE9E63FCDF9EF0F7E09EEFF7D4
:10F93000E19E64FCE29EF1F7E39E65FCE49E66FCBA
:10F94000E59EF4F7E69E67FCE79EF3F7E89E68FC09
:10F95000E99EF2F7EA9EF5F7EB9E69FCEC9E6AFCE5
:10F96000ED9E6BFCEE9E6CFCEF9EF6F7F09E6DFC40
:10F97000F19E6EFCF29E6FFCF39E70FCF49E71FC97
:10F98000F59E72FCF69E73FCF79E74FCF89E75FC67
:10F99000F99EE9EDFA9E76FCFB9EEAEDFC9EEBED0E
:10F9A000FD9E77FCFE9EBCF6FF9E78FC009F79FCD6
:10F9B000019F7AFC029F7BFC039F7CFC049F7DFCE3
:10F9C000059F7EFC069F80FC079F81FC089F82FCB0
:10F9D000099F83FC0A9F84FC0B9FBDF60C9F85FC4E
:10F9E0000D9FBEF60E9FA6B60F9F86FC109FBED839
:10F9F000119F87FC129F88FC139FC4B9149F89FC38
:10FA0000159F8AFC169F8BFC179FBBD8189F8CFCF8
:10FA1000199FB1DC1A9F8DFC1B9F8EFC1C9F8FFCD5
:10FA20001D9F90FC1E9F91FC1F9F92FC209FF3CA7C
:10FA3000219F93FC229FF7F7239F94FC249F95FC22
:10FA4000259F96FC269F97FC279F98FC289F99FC52
:10FA5000299F9AFC2A9F9BFC2B9F9CFC2C9FF8F7CC
:10FA60002D9F9DFC2E9F9EFC2F9FF9F7309F9FFCA2
:10FA7000319FA0FC329F40FD339F41FD349F42FDEA
:10FA8000359F43FD369F44FD379FFBF7389F45FD6B
:10FA9000399FFAF73A9F46FD3B9FC7B13C9F47FD10
:10FAA0003D9FFCF73E9FFDF73F9F48FD409F49FD6E
:10FAB000419F4AFD429F4BFD439F4CFD449FFEF7F3
:10FAC000459F4DFD469F4EFD479F4FFD489F50FD72
:10FAD000499F51FD4A9F52FD4B9F53FD4C9F54FD42
:10FAE0004D9F55FD4E9F56FD4F9F57FD509FEBC6B6
:10FAF000519FB4EC529F58FD539F59FD549F5AFD9E
:10FB0000559F5BFD569F5CFD579F5DFD589F5EFDB9
:10FB1000599F5FFD5A9F60FD5B9F61FD5C9F62FD89
:10FB20005D9F63FD5E9F64FD5F9F65FD609F66FD59
:10FB3000619F67FD629F68FD639F69FD649F6AFD29
:10FB4000659F6BFD669F6CFD679F6DFD689F6EFDF9
:10FB5000699F6FFD6A9F70FD6B9F71FD6C9F72FDC9
:10FB60006D9F73FD6E9F74FD6F9F75FD709F76FD99
:10FB7000719F77FD729F78FD739F79FD749F7AFD69
:10FB8000759F7BFD769F7CFD779F7DFD789F7EFD39
:10FB9000799F80FD7A9F81FD7B9F82FD7C9F83FD05
:10FBA0007D9F84FD7E9F85FD7F9FDDB3809FB3F6A3
:10FBB000819F86FD829F87FD839FB4F6849FE4C169
:10FBC000859FB5F6869FB6F6879FB7F6889FB8F6ED
:10FBD000899FB9F68A9FBAF68B9FA3C88C9FBBF604
:10FBE0008D9F88FD8E9F89FD8F9F8AFD909F8BFD45
:10FBF000919F8CFD929F8DFD939F8EFD949F8FFD15
:10FC0000959F90FD969F91FD979F92FD989F93FDE4
:10FC1000999FFAC19A9FA8B99B9FE8ED9C9F94FD7C
:10FC20009D9F95FD9E9F96FD9F9FEAB9A09FDFD95E
:10FC3000A19F97FDA29F98FDA39F99FDA49F9AFD68
:10FC4000A59F9BFD2CF99CFD79F99DFD95F99EFDE5
:10FC5000E7F99FFDF1F9A0FD0CFA40FE0DFA41FE17
:10FC60000EFA42FE0FFA43FE11FA44FE13FA45FE65
:10FC700014FA46FE18FA47FE1FFA48FE20FA49FE1B
:10FC800021FA4AFE23FA4BFE24FA4CFE27FA4DFED7
:10FC900028FA4EFE29FA4FFE30FE55A931FEF2A693
:10FCA00033FEF4A634FEF5A635FEE0A636FEE1A648
:10FCB00037FEF0A638FEF1A639FEE2A63AFEE3A62C
:10FCC0003BFEEEA63CFEEFA63DFEE6A63EFEE7A608
:10FCD0003FFEE4A640FEE5A641FEE8A642FEE9A6F8
:10FCE00043FEEAA644FEEBA649FE68A94AFE69A9BE
:10FCF0004BFE6AA94CFE6BA94DFE6CA94EFE6DA988
:10FD00004FFE6EA950FE6FA951FE70A952FE71A957
:10FD100054FE72A955FE73A956FE74A957FE75A923
:10FD200059FE76A95AFE77A95BFE78A95CFE79A9EF
:10FD30005DFE7AA95EFE7BA95FFE7CA960FE7DA9BF
:10FD400061FE7EA962FE80A963FE81A964FE82A98C
:10FD500065FE83A966FE84A968FE85A969FE86A959
:10FD60006AFE87A96BFE88A901FFA1A302FFA2A3D7
:10FD700003FFA3A304FFE7A105FFA5A306FFA6A316
:10FD800007FFA7A308FFA8A309FFA9A30AFFAAA327
:10FD90000BFFABA30CFFACA30DFFADA30EFFAEA3F7
:10FDA0000FFFAFA310FFB0A311FFB1A312FFB2A3C7
:10FDB00013FFB3A314FFB4A315FFB5A316FFB6A397
:10FDC00017FFB7A318FFB8A319FFB9A31AFFBAA367
:10FDD0001BFFBBA31CFFBCA31DFFBDA31EFFBEA337
:10FDE0001FFFBFA320FFC0A321FFC1A322FFC2A307
:10FDF00023FFC3A324FFC4A325FFC5A326FFC6A3D7
:10FE000027FFC7A328FFC8A329FFC9A32AFFCAA3A6
:10FE10002BFFCBA32CFFCCA32DFFCDA32EFFCEA376
:10FE20002FFFCFA330FFD0A331FFD1A332FFD2A346
:10FE300033FFD3A334FFD4A335FFD5A336FFD6A316
:10FE400037FFD7A338FFD8A339FFD9A33AFFDAA3E6
:10FE50003BFFDBA33CFFDCA33DFFDDA33EFFDEA3B6
:10FE60003FFFDFA340FFE0A341FFE1A342FFE2A386
:10FE700043FFE3A344FFE4A345FFE5A346FFE6A356
:10FE800047FFE7A348FFE8A349FFE9A34AFFEAA326
:10FE90004BFFEBA34CFFECA34DFFEDA34EFFEEA3F6
:10FEA0004FFFEFA350FFF0A351FFF1A352FFF2A3C6
:10FEB00053FFF3A354FFF4A355FFF5A356FFF6A396
:10FEC00057FFF7A358FFF8A359FFF9A35AFFFAA366
:10FED0005BFFFBA35CFFFCA35DFFFDA35EFFABA18B
:10FEE000E0FFE9A1E1FFEAA1E2FF56A9E3FFFEA3DB
:10FEF000E4FF57A9E5FFA4A3000000008000AC20A8
:10FF00004081024E4181044E4281054E4381064E9E
:10FF100044810F4E4581124E4681174E47811F4E38
:10FF20004881204E4981214E4A81234E4B81264EE5
:10FF30004C81294E4D812E4E4E812F4E4F81314E98
:10FF40005081334E5181354E5281374E53813C4E54
:10FF50005481404E5581414E5681424E5781444E08
:10FF60005881464E59814A4E5A81514E5B81554EB9
:10FF70005C81574E5D815A4E5E815B4E5F81624E61
:10FF80006081634E6181644E6281654E6381674E1C
:10FF90006481684E65816A4E66816B4E67816C4EE6
:10FFA00068816D4E69816E4E6A816F4E6B81724EB3
:10FFB0006C81744E6D81754E6E81764E6F81774E79
:10FFC0007081784E7181794E72817A4E73817B4E49
:10FFD00074817C4E75817D4E76817F4E7781804E17
:10FFE0007881814E7981824E7A81834E7B81844EE5
:10FFF0007C81854E7D81874E7E818A4E8081904EA8
:020000040802F0
:100000008181964E8281974E8381994E84819C4E48
:1000100085819D4E86819E4E8781A34E8881AA4E02
:100020008981AF4E8A81B04E8B81B14E8C81B44EA6
:100030008D81B64E8E81B74E8F81B84E9081B94E6C
:100040009181BC4E9281BD4E9381BE4E9481C84E2B
:100050009581CC4E9681CF4E9781D04E9881D24ECD
:100060009981DA4E9A81DB4E9B81DC4E9C81E04E79
:100070009D81E24E9E81E64E9F81E74EA081E94E32
:10008000A181ED4EA281EE4EA381EF4EA481F14EEF
:10009000A581F44EA681F84EA781F94EA881FA4EAB
:1000A000A981FC4EAA81FE4EAB81004FAC81024F6C
:1000B000AD81034FAE81044FAF81054FB081064F34
:1000C000B181074FB281084FB3810B4FB4810C4F00
:1000D000B581124FB681134FB781144FB881154FB8
:1000E000B981164FBA811C4FBB811D4FBC81214F76
:1000F000BD81234FBE81284FBF81294FC0812C4F26
:10010000C1812D4FC2812E4FC381314FC481334FE6
:10011000C581354FC681374FC781394FC8813B4FA5
:10012000C9813E4FCA813F4FCB81404FCC81414F67
:10013000CD81424FCE81444FCF81454FD081474F33
:10014000D181484FD281494FD3814A4FD4814B4FFF
:10015000D5814C4FD681524FD781544FD881564FBD
:10016000D981614FDA81624FDB81664FDC81684F54
:10017000DD816A4FDE816B4FDF816D4FE0816E4F15
:10018000E181714FE281724FE381754FE481774FD6
:10019000E581784FE681794FE7817A4FE8817D4F9D
:1001A000E981804FEA81814FEB81824FEC81854F5D
:1001B000ED81864FEE81874FEF818A4FF0818C4F22
:1001C000F1818E4FF281904FF381924FF481934FE2
:1001D000F581954FF681964FF781984FF881994FA9
:1001E000F9819A4FFA819C4FFB819E4FFC819F4F72
:1001F000FD81A14FFE81A24F4082A44F4182AB4FAF
:100200004282AD4F4382B04F4482B14F4582B24FDC
:100210004682B34F4782B44F4882B64F4982B74FA8
:100220004A82B84F4B82B94F4C82BA4F4D82BB4F76
:100230004E82BC4F4F82BD4F5082BE4F5182C04F45
:100240005282C14F5382C24F5482C64F5582C74F0C
:100250005682C84F5782C94F5882CB4F5982CC4FD4
:100260005A82CD4F5B82D24F5C82D34F5D82D44F96
:100270005E82D54F5F82D64F6082D94F6182DB4F5D
:100280006282E04F6382E24F6482E44F6582E54F11
:100290006682E74F6782EB4F6882EC4F6982F04FCE
:1002A0006A82F24F6B82F44F6C82F54F6D82F64F8B
:1002B0006E82F74F6F82F94F7082FB4F7182FC4F55
:1002C0007282FD4F7382FF4F74820050758201501D
:1002D00076820250778203507882045079820550EA
:1002E0007A8206507B8207507C8208507D820950BA
:1002F0007E820A5080820B5081820E508282105082
:100300008382115084821350858215508682165044
:100310008782175088821B5089821D508A821E5006
:100320008B8220508C8222508D8223508E822450CA
:100330008F82275090822B5091822F509282305082
:100340009382315094823250958233509682345049
:100350009782355098823650998237509A82385019
:100360009B8239509C823B509D823D509E823F50E3
:100370009F824050A0824150A1824250A2824450AC
:10038000A3824550A4824650A5824950A6824A5075
:10039000A7824B50A8824D50A9825050AA8251503A
:1003A000AB825250AC825350AD825450AE82565004
:1003B000AF825750B0825850B1825950B2825B50D0
:1003C000B3825D50B4825E50B5825F50B682605099
:1003D000B7826150B8826250B9826350BA82645069
:1003E000BB826650BC826750BD826850BE82695035
:1003F000BF826A50C0826B50C1826D50C2826E5003
:10040000C3826F50C4827050C5827150C6827250D0
:10041000C7827350C8827450C9827550CA8278509E
:10042000CB827950CC827A50CD827C50CE827D5066
:10043000CF828150D0828250D1828350D282845028
:10044000D3828650D4828750D5828950D6828A50F2
:10045000D7828B50D8828C50D9828E50DA828F50BE
:10046000DB829050DC829150DD829250DE8293508C
:10047000DF829450E0829550E1829650E28297505C
:10048000E3829850E4829950E5829A50E6829B502C
:10049000E7829C50E8829D50E9829E50EA829F50FC
:1004A000EB82A050EC82A150ED82A250EE82A450CB
:1004B000EF82A650F082AA50F182AB50F282AD508A
:1004C000F382AE50F482AF50F582B050F682B15054
:1004D000F782B350F882B450F982B550FA82B65020
:1004E000FB82B750FC82B850FD82B950FE82BC50EE
:1004F0004083BD504183BE504283BF504383C050B0
:100500004483C1504583C2504683C3504783C4507F
:100510004883C5504983C6504A83C7504B83C8504F
:100520004C83C9504D83CA504E83CB504F83CC501F
:100530005083CD505183CE505283D0505383D150ED
:100540005483D2505583D3505683D4505783D550BB
:100550005883D7505983D8505A83D9505B83DB5086
:100560005C83DC505D83DD505E83DE505F83DF5053
:100570006083E0506183E1506283E2506383E35023
:100580006483E4506583E5506683E8506783E950EF
:100590006883EA506983EB506A83EF506B83F050B5
:1005A0006C83F1506D83F2506E83F4506F83F6507C
:1005B0007083F7507183F8507283F9507383FA5047
:1005C0007483FC507583FD507683FE507783FF5013
:1005D00078830051798301517A8302517B830351DF
:1005E0007C8304517D8305517E83085180830951AA
:1005F00081830A5182830C5183830D5184830E5170
:1006000085830F518683105187831151888313513D
:10061000898314518A8315518B8316518C8317510A
:100620008D8318518E8319518F831A5190831B51DA
:1006300091831C5192831D5193831E5194831F51AA
:100640009583205196832251978323519883245177
:10065000998325519A8326519B8327519C83285146
:100660009D8329519E832A519F832B51A0832C5116
:10067000A1832D51A2832E51A3832F51A4833051E6
:10068000A5833151A6833251A7833351A8833451B6
:10069000A9833551AA833651AB833751AC83385186
:1006A000AD833951AE833A51AF833B51B0833C5156
:1006B000B1833D51B2833E51B3834251B48347511C
:1006C000B5834A51B6834C51B7834E51B8834F51CD
:1006D000B9835051BA835251BB835351BC83575194
:1006E000BD835851BE835951BF835B51C0835D5157
:1006F000C1835E51C2835F51C3836051C483615122
:10070000C5836351C6836451C7836651C8836751EB
:10071000C9836951CA836A51CB836F51CC837251AB
:10072000CD837A51CE837E51CF837F51D083835145
:10073000D1838451D2838651D3838751D4838A5104
:10074000D5838B51D6838E51D7838F51D8839051C7
:10075000D9839151DA839351DB839451DC8398518F
:10076000DD839A51DE839D51DF839E51E0839F514B
:10077000E183A151E283A351E383A651E483A7510E
:10078000E583A851E683A951E783AA51E883AD51D7
:10079000E983AE51EA83B451EB83B851EC83B9518C
:1007A000ED83BA51EE83BE51EF83BF51F083C15147
:1007B000F183C251F283C351F383C551F483C8510D
:1007C000F583CA51F683CD51F783CE51F883D051CA
:1007D000F983D251FA83D351FB83D451FC83D55191
:1007E000FD83D651FE83D7514084D8514184D951DD
:1007F0004284DA514384DC514484DE514584DF5124
:100800004684E2514784E3514884E5514984E651E6
:100810004A84E7514B84E8514C84E9514D84EA51B4
:100820004E84EC514F84EE515084F1515184F25179
:100830005284F4515384F7515484FE515584045228
:10084000568405525784095258840B5259840C52CD
:100850005A840F525B8410525C8413525D8414528C
:100860005E8415525F841C5260841E5261841F5244
:100870006284215263842252648423526584255207
:10088000668426526784275268842A5269842C52CF
:100890006A842F526B8431526C8432526D8434528C
:1008A0006E8435526F843C5270843E52718444523F
:1008B00072844552738446527484475275844852F8
:1008C0007684495277844B5278844E5279844F52C1
:1008D0007A8452527B8453527C8455527D84575281
:1008E0007E8458528084595281845A5282845B5249
:1008F00083845D5284845F52858460528684625210
:100900008784635288846452898466528A846852D8
:100910008B846B528C846C528D846D528E846E529B
:100920008F84705290847152918473529284745265
:100930009384755294847652958477529684785233
:100940009784795298847A5299847B529A847C5203
:100950009B847E529C8480529D8483529E848452C8
:100960009F848552A0848652A1848752A284895292
:10097000A3848A52A4848B52A5848C52A6848D525F
:10098000A7848E52A8848F52A9849152AA8492522D
:10099000AB849452AC849552AD849652AE849752F7
:1009A000AF849852B0849952B1849A52B2849C52C6
:1009B000B384A452B484A552B584A652B684A75277
:1009C000B784AE52B884AF52B984B052BA84B4522C
:1009D000BB84B552BC84B652BD84B752BE84B852F3
:1009E000BF84B952C084BA52C184BB52C284BC52C3
:1009F000C384BD52C484C052C584C152C684C2528D
:100A0000C784C452C884C552C984C652CA84C85255
:100A1000CB84CA52CC84CC52CD84CD52CE84CE521B
:100A2000CF84CF52D084D152D184D352D284D452E5
:100A3000D384D552D484D752D584D952D684DA52AD
:100A4000D784DB52D884DC52D984DD52DA84DE527A
:100A5000DB84E052DC84E152DD84E252DE84E35246
:100A6000DF84E552E084E652E184E752E284E85212
:100A7000E384E952E484EA52E584EB52E684EC52E2
:100A8000E784ED52E884EE52E984EF52EA84F152B1
:100A9000EB84F252EC84F352ED84F452EE84F5527E
:100AA000EF84F652F084F752F184F852F284FB524C
:100AB000F384FC52F484FD52F5840153F68402530E
:100AC000F7840353F8840453F9840753FA840953D1
:100AD000FB840A53FC840B53FD840C53FE840E5399
:100AE0004085115341851253428513534385145356
:100AF0004485185345851B5346851C5347851E5313
:100B000048851F53498522534A8524534B852553D5
:100B10004C8527534D8528534E8529534F852B539C
:100B200050852C5351852D5352852F535385305367
:100B30005485315355853253568533535785345335
:100B400058853553598536535A8537535B85385305
:100B50005C853C535D853D535E8540535F854253C4
:100B6000608544536185465362854B5363854C537E
:100B700064854D5365855053668554536785585336
:100B80006885595369855B536A855D536B856553E9
:100B90006C8568536D856A536E856C536F856D5394
:100BA00070857253718576537285795373857B5343
:100BB00074857C5375857D5376857E537785805308
:100BC00078858153798583537A8587537B858853CC
:100BD0007C858A537D858E537E858F538085905387
:100BE0008185915382859253838593538485945351
:100BF00085859653868597538785995388859B531A
:100C000089859C538A859E538B85A0538C85A153DF
:100C10008D85A4538E85A7538F85AA539085AB539A
:100C20009185AC539285AD539385AF539485B05362
:100C30009585B1539685B2539785B3539885B45330
:100C40009985B5539A85B7539B85B8539C85B953FD
:100C50009D85BA539E85BC539F85BD53A085BE53C9
:100C6000A185C053A285C353A385C453A485C5538E
:100C7000A585C653A685C753A785CE53A885CF5350
:100C8000A985D053AA85D253AB85D353AC85D55310
:100C9000AD85DA53AE85DC53AF85DD53B085DE53C9
:100CA000B185E153B285E253B385E753B485F4537C
:100CB000B585FA53B685FE53B785FF53B885005402
:100CC000B9850254BA850554BB850754BC850B54BD
:100CD000BD851454BE851854BF851954C0851A5457
:100CE000C1851C54C2852254C3852454C48525540F
:100CF000C5852A54C6853054C7853354C8853654B3
:100D0000C9853754CA853A54CB853D54CC853F5468
:100D1000CD854154CE854254CF854454D085455429
:100D2000D1854754D2854954D3854C54D4854D54EC
:100D3000D5854E54D6854F54D7855154D8855A54AD
:100D4000D9855D54DA855E54DB855F54DC8560545B
:100D5000DD856154DE856354DF856554E085675425
:100D6000E1856954E2856A54E3856B54E4856C54EB
:100D7000E5856D54E6856E54E7856F54E8857054BB
:100D8000E9857454EA857954EB857A54EC857E5470
:100D9000ED857F54EE858154EF858354F08585542D
:100DA000F1858754F2858854F3858954F4858A54F3
:100DB000F5858D54F6859154F7859354F8859754AD
:100DC000F9859854FA859C54FB859E54FC859F5464
:100DD000FD85A054FE85A1544086A2544186A554A9
:100DE0004286AE544386B0544486B2544586B554C8
:100DF0004686B6544786B7544886B9544986BA548D
:100E00004A86BC544B86BE544C86C3544D86C5544A
:100E10004E86CA544F86CB545086D6545186D854E9
:100E20005286DB545386E0545486E1545586E2548E
:100E30005686E3545786E4545886EB545986EC544E
:100E40005A86EF545B86F0545C86F1545D86F45408
:100E50005E86F5545F86F6546086F7546186F854D2
:100E60006286F9546386FB546486FE546586005599
:100E7000668602556786035568860455698605555A
:100E80006A8608556B860A556C860B556D860C551F
:100E90006E860D556F860E557086125571861355E8
:100EA00072861555738616557486175575861855AE
:100EB0007686195577861A5578861C5579861D557C
:100EC0007A861E557B861F557C8621557D86255545
:100ED0007E862655808628558186295582862B5503
:100EE00083862D55848632558586345586863555BC
:100EF0008786365588863855898639558A863A5583
:100F00008B863B558C863D558D8640558E86425549
:100F10008F864555908647559186485592864B5504
:100F200093864C5594864D5595864E5596864F55CD
:100F30009786515598865255998653559A86545599
:100F40009B8657559C8658559D8659559E865A5561
:100F50009F865B55A0865D55A1865E55A2865F552E
:100F6000A3866055A4866255A5866355A6866855F6
:100F7000A7866955A8866B55A9866F55AA867055B0
:100F8000AB867155AC867255AD867355AE86745579
:100F9000AF867955B0867A55B1867D55B2867F5534
:100FA000B3868555B4868655B5868C55B6868D55DF
:100FB000B7868E55B8869055B9869255BA869355A0
:100FC000BB869555BC869655BD869755BE869A5567
:100FD000BF869B55C0869E55C186A055C286A15529
:100FE000C386A255C486A355C586A455C686A555F5
:100FF000C786A655C886A855C986A955CA86AA55C2
:10100000CB86AB55CC86AC55CD86AD55CE86AE5590
:10101000CF86AF55D086B055D186B255D286B4555D
:10102000D386B655D486B855D586BA55D686BC551E
:10103000D786BF55D886C055D986C155DA86C255E0
:10104000DB86C355DC86C655DD86C755DE86C855AA
:10105000DF86CA55E086CB55E186CE55E286CF5570
:10106000E386D055E486D555E586D755E686D8552E
:10107000E786D955E886DA55E986DB55EA86DE55F6
:10108000EB86E055EC86E255ED86E755EE86E955B0
:10109000EF86ED55F086EE55F186F055F286F15566
:1010A000F386F455F486F655F586F855F686F95527
:1010B000F786FA55F886FB55F986FC55FA86FF55F2
:1010C000FB860256FC860356FD860456FE860556B0
:1010D000408706564187075642870A5643870B5674
:1010E00044870D5645871056468711564787125636
:1010F00048871356498714564A8715564B87165604
:101100004C8717564D8719564E871A564F871C56CF
:1011100050871D5651872056528721565387225695
:101120005487255655872656568728565787295659
:1011300058872A5659872B565A872E565B872F5623
:101140005C8730565D8733565E8735565F873756E6
:101150006087385661873A5662873C5663873D56AA
:1011600064873E5665874056668741566787425674
:1011700068874356698744566A8745566B87465643
:101180006C8747566D8748566E8749566F874A5613
:1011900070874B5671874F567287505673875156DA
:1011A00074875256758753567687555677875656A5
:1011B00078875A5679875B567A875D567B875E5665
:1011C0007C875F567D8760567E8761568087635631
:1011D00081876556828766568387675684876D56F2
:1011E00085876E5686876F568787705688877256B2
:1011F000898773568A8774568B8775568C8777567E
:101200008D8778568E8779568F877A5690877D5648
:1012100091877E5692877F56938780569487815612
:1012200095878256968783569787845698878756E0
:10123000998788569A8789569B878A569C878B56AA
:101240009D878C569E878D569F879056A087915676
:10125000A1879256A2879456A3879556A48796563F
:10126000A5879756A6879856A7879956A8879A560E
:10127000A9879B56AA879C56AB879D56AC879E56DE
:10128000AD879F56AE87A056AF87A156B087A256AE
:10129000B187A456B287A556B387A656B487A7567A
:1012A000B587A856B687A956B787AA56B887AB564A
:1012B000B987AC56BA87AD56BB87AE56BC87B05619
:1012C000BD87B156BE87B256BF87B356C087B456E6
:1012D000C187B556C287B656C387B856C487B956B4
:1012E000C587BA56C687BB56C787BD56C887BE5680
:1012F000C987BF56CA87C056CB87C156CC87C2564E
:10130000CD87C356CE87C456CF87C556D087C6561D
:10131000D187C756D287C856D387C956D487CB56EC
:10132000D587CC56D687CD56D787CE56D887CF56B9
:10133000D987D056DA87D156DB87D256DC87D35689
:10134000DD87D556DE87D656DF87D856E087D95653
:10135000E187DC56E287E356E387E556E487E65605
:10136000E587E756E687E856E787E956E887EA56CD
:10137000E987EC56EA87EE56EB87EF56EC87F25694
:10138000ED87F356EE87F656EF87F756F087F85657
:10139000F187FB56F287FC56F3870057F487015715
:1013A000F5870257F6870557F7870757F8870B57D2
:1013B000F9870C57FA870D57FB870E57FC870F5795
:1013C000FD871057FE8711574088125741881357E1
:1013D000428814574388155744881657458817572D
:1013E000468818574788195748881A5749881B57FD
:1013F0004A881D574B881E574C8820574D882157C7
:101400004E8822574F882457508825575188265791
:101410005288275753882B5754883157558832574D
:10142000568834575788355758883657598837570C
:101430005A8838575B883C575C883D575D883F57D2
:101440005E8841575F884357608844576188455795
:1014500062884657638848576488495765884B5760
:101460006688525767885357688854576988555714
:101470006A8856576B8858576C8859576D886257D9
:101480006E8863576F8865577088675771886C5787
:1014900072886E5773887057748871577588725741
:1014A0007688745777887557788878577988795708
:1014B0007A887A577B887D577C887E577D887F57CE
:1014C0007E8880578088815781888757828888578F
:1014D0008388895784888A5785888D5786888E5750
:1014E00087888F5788889057898891578A8894571A
:1014F0008B8895578C8896578D8897578E889857E4
:101500008F88995790889A5791889C5792889D57B1
:1015100093889E5794889F579588A5579688A85773
:101520009788AA579888AC579988AF579A88B05728
:101530009B88B1579C88B3579D88B5579E88B657EE
:101540009F88B757A088B957A188BA57A288BB57B8
:10155000A388BC57A488BD57A588BE57A688BF5787
:10156000A788C057A888C157A988C457AA88C55753
:10157000AB88C657AC88C757AD88C857AE88C9571F
:10158000AF88CA57B088CC57B188CD57B288D057EA
:10159000B388D157B488D357B588D657B688D757AC
:1015A000B788DB57B888DC57B988DE57BA88E15767
:1015B000BB88E257BC88E357BD88E557BE88E6572D
:1015C000BF88E757C088E857C188E957C288EA57FB
:1015D000C388EB57C488EC57C588EE57C688F057C8
:1015E000C788F157C888F257C988F357CA88F55792
:1015F000CB88F657CC88F757CD88FB57CE88FC5759
:10160000CF88FE57D088FF57D1880158D288035819
:10161000D3880458D4880558D5880858D6880958DE
:10162000D7880A58D8880C58D9880E58DA880F58A5
:10163000DB881058DC881258DD881358DE8814586F
:10164000DF881658E0881758E1881858E2881A5839
:10165000E3881B58E4881C58E5881D58E6881F5805
:10166000E7882258E8882358E9882558EA882658C8
:10167000EB882758EC882858ED882958EE882B5895
:10168000EF882C58F0882D58F1882E58F2882F5862
:10169000F3883158F4883258F5883358F68834582E
:1016A000F7883658F8883758F9883858FA883958FA
:1016B000FB883A58FC883B58FD883C58FE883D58CA
:1016C00040893E5841893F58428940584389415892
:1016D0004489425845894358468945584789465860
:1016E00048894758498948584A8949584B894A582E
:1016F0004C894B584D894E584E894F584F895058F8
:1017000050895258518953585289555853895658BF
:10171000548957585589595856895A5857895B588A
:1017200058895C5859895D585A895F585B89605857
:101730005C8961585D8962585E8963585F89645825
:1017400060896658618967586289685863896958F1
:1017500064896A5865896D5866896E5867896F58BB
:1017600068897058698971586A8972586B89735889
:101770006C8974586D8975586E8976586F89775859
:10178000708978587189795872897A5873897B5829
:1017900074897C5875897D5876897F5877898258F5
:1017A00078898458798986587A8987587B898858B6
:1017B0007C898A587D898B587E898C5880898D5880
:1017C00081898E5882898F5883899058848991584D
:1017D0008589945886899558878996588889975815
:1017E000898998588A899B588B899C588C899D58DF
:1017F0008D89A0588E89A1588F89A2589089A358A5
:101800009189A4589289A5589389A6589489A75874
:101810009589AA589689AB589789AC589889AD583C
:101820009989AE589A89AF589B89B0589C89B1580C
:101830009D89B2589E89B3589F89B458A089B558DC
:10184000A189B658A289B758A389B858A489B958AC
:10185000A589BA58A689BB58A789BD58A889BE587A
:10186000A989BF58AA89C058AB89C258AC89C35846
:10187000AD89C458AE89C658AF89C758B089C85811
:10188000B189C958B289CA58B389CB58B489CC58E0
:10189000B589CD58B689CE58B789CF58B889D058B0
:1018A000B989D258BA89D358BB89D458BC89D6587B
:1018B000BD89D758BE89D858BF89D958C089DA5848
:1018C000C189DB58C289DC58C389DD58C489DE5818
:1018D000C589DF58C689E058C789E158C889E258E8
:1018E000C989E358CA89E558CB89E658CC89E758B5
:1018F000CD89E858CE89E958CF89EA58D089ED5882
:10190000D189EF58D289F158D389F258D489F45843
:10191000D589F558D689F758D789F858D889FA580B
:10192000D989FB58DA89FC58DB89FD58DC89FE58D7
:10193000DD89FF58DE890059DF890159E0890359A3
:10194000E1890559E2890659E3890859E489095969
:10195000E5890A59E6890B59E7890C59E8890E5936
:10196000E9891059EA891159EB891259EC891359FF
:10197000ED891759EE891859EF891B59F0891D59BE
:10198000F1891E59F2892059F3892159F489225984
:10199000F5892359F6892659F7892859F8892C5948
:1019A000F9893059FA893259FB893359FC893559FB
:1019B000FD893659FE893B59408A3D59418A3E5935
:1019C000428A3F59438A4059448A4359458A455976
:1019D000468A4659478A4A59488A4C59498A4D5934
:1019E0004A8A50594B8A52594C8A53594D8A5959EF
:1019F0004E8A5B594F8A5C59508A5D59518A5E59AB
:101A0000528A5F59538A6159548A6359558A645975
:101A1000568A6659578A6759588A6859598A69593E
:101A20005A8A6A595B8A6B595C8A6C595D8A6D590E
:101A30005E8A6E595F8A6F59608A7059618A7159DE
:101A4000628A7259638A7559648A7759658A7A59A4
:101A5000668A7B59678A7C59688A7E59698A7F5968
:101A60006A8A80596B8A85596C8A89596D8A8B5923
:101A70006E8A8C596F8A8E59708A8F59718A9059E3
:101A8000728A9159738A9459748A9559758A9859AA
:101A9000768A9A59778A9B59788A9C59798A9D596E
:101AA0007A8A9F597B8AA0597C8AA1597D8AA2593A
:101AB0007E8AA659808AA759818AAC59828AAD59F3
:101AC000838AB059848AB159858AB359868AB459B0
:101AD000878AB559888AB659898AB7598A8AB8597E
:101AE0008B8ABA598C8ABC598D8ABD598E8ABF5946
:101AF0008F8AC059908AC159918AC259928AC35912
:101B0000938AC459948AC559958AC759968AC859DF
:101B1000978AC959988ACC59998ACD599A8ACE59A7
:101B20009B8ACF599C8AD5599D8AD6599E8AD95964
:101B30009F8ADB59A08ADE59A18ADF59A28AE0591F
:101B4000A38AE159A48AE259A58AE459A68AE659EA
:101B5000A78AE759A88AE959A98AEA59AA8AEB59B2
:101B6000AB8AED59AC8AEE59AD8AEF59AE8AF0597D
:101B7000AF8AF159B08AF259B18AF359B28AF4594D
:101B8000B38AF559B48AF659B58AF759B68AF8591D
:101B9000B78AFA59B88AFC59B98AFD59BA8AFE59E6
:101BA000BB8A005ABC8A025ABD8A0A5ABE8A0B5A9C
:101BB000BF8A0D5AC08A0E5AC18A0F5AC28A105A59
:101BC000C38A125AC48A145AC58A155AC68A165A22
:101BD000C78A175AC88A195AC98A1A5ACA8A1B5AEE
:101BE000CB8A1D5ACC8A1E5ACD8A215ACE8A225AB5
:101BF000CF8A245AD08A265AD18A275AD28A285A7A
:101C0000D38A2A5AD48A2B5AD58A2C5AD68A2D5A44
:101C1000D78A2E5AD88A2F5AD98A305ADA8A335A12
:101C2000DB8A355ADC8A375ADD8A385ADE8A395AD5
:101C3000DF8A3A5AE08A3B5AE18A3D5AE28A3E5AA2
:101C4000E38A3F5AE48A415AE58A425AE68A435A6D
:101C5000E78A445AE88A455AE98A475AEA8A485A3A
:101C6000EB8A4B5AEC8A4C5AED8A4D5AEE8A4E5A00
:101C7000EF8A4F5AF08A505AF18A515AF28A525AD0
:101C8000F38A535AF48A545AF58A565AF68A575A9E
:101C9000F78A585AF88A595AF98A5B5AFA8A5C5A6A
:101CA000FB8A5D5AFC8A5E5AFD8A5F5AFE8A605A38
:101CB000408B615A418B635A428B645A438B655AFD
:101CC000448B665A458B685A468B695A478B6B5AC8
:101CD000488B6C5A498B6D5A4A8B6E5A4B8B6F5A94
:101CE0004C8B705A4D8B715A4E8B725A4F8B735A64
:101CF000508B785A518B795A528B7B5A538B7C5A22
:101D0000548B7D5A558B7E5A568B805A578B815AED
:101D1000588B825A598B835A5A8B845A5B8B855ABB
:101D20005C8B865A5D8B875A5E8B885A5F8B895A8B
:101D3000608B8A5A618B8B5A628B8C5A638B8D5A5B
:101D4000648B8E5A658B8F5A668B905A678B915A2B
:101D5000688B935A698B945A6A8B955A6B8B965AF7
:101D60006C8B975A6D8B985A6E8B995A6F8B9C5AC5
:101D7000708B9D5A718B9E5A728B9F5A738BA05A8F
:101D8000748BA15A758BA25A768BA35A778BA45A5F
:101D9000788BA55A798BA65A7A8BA75A7B8BA85A2F
:101DA0007C8BA95A7D8BAB5A7E8BAC5A808BAD5AFB
:101DB000818BAE5A828BAF5A838BB05A848BB15AC7
:101DC000858BB45A868BB65A878BB75A888BB95A8B
:101DD000898BBA5A8A8BBB5A8B8BBC5A8C8BBD5A57
:101DE0008D8BBF5A8E8BC05A8F8BC35A908BC45A1F
:101DF000918BC55A928BC65A938BC75A948BC85AEB
:101E0000958BCA5A968BCB5A978BCD5A988BCE5AB4
:101E1000998BCF5A9A8BD05A9B8BD15A9C8BD35A81
:101E20009D8BD55A9E8BD75A9F8BD95AA08BDA5A45
:101E3000A18BDB5AA28BDD5AA38BDE5AA48BDF5A0F
:101E4000A58BE25AA68BE45AA78BE55AA88BE75AD2
:101E5000A98BE85AAA8BEA5AAB8BEC5AAC8BED5A99
:101E6000AD8BEE5AAE8BEF5AAF8BF05AB08BF25A65
:101E7000B18BF35AB28BF45AB38BF55AB48BF65A32
:101E8000B58BF75AB68BF85AB78BF95AB88BFA5A02
:101E9000B98BFB5ABA8BFC5ABB8BFD5ABC8BFE5AD2
:101EA000BD8BFF5ABE8B005BBF8B015BC08B025B9F
:101EB000C18B035BC28B045BC38B055BC48B065B6E
:101EC000C58B075BC68B085BC78B0A5BC88B0B5B3C
:101ED000C98B0C5BCA8B0D5BCB8B0E5BCC8B0F5B0A
:101EE000CD8B105BCE8B115BCF8B125BD08B135BDA
:101EF000D18B145BD28B155BD38B185BD48B195BA6
:101F0000D58B1A5BD68B1B5BD78B1C5BD88B1D5B71
:101F1000D98B1E5BDA8B1F5BDB8B205BDC8B215B41
:101F2000DD8B225BDE8B235BDF8B245BE08B255B11
:101F3000E18B265BE28B275BE38B285BE48B295BE1
:101F4000E58B2A5BE68B2B5BE78B2C5BE88B2D5BB1
:101F5000E98B2E5BEA8B2F5BEB8B305BEC8B315B81
:101F6000ED8B335BEE8B355BEF8B365BF08B385B49
:101F7000F18B395BF28B3A5BF38B3B5BF48B3C5B15
:101F8000F58B3D5BF68B3E5BF78B3F5BF88B415BE4
:101F9000F98B425BFA8B435BFB8B445BFC8B455BB1
:101FA000FD8B465BFE8B475B408C485B418C495BFD
:101FB000428C4A5B438C4B5B448C4C5B458C4D5B49
:101FC000468C4E5B478C4F5B488C525B498C565B12
:101FD0004A8C5E5B4B8C605B4C8C615B4D8C675BB1
:101FE0004E8C685B4F8C6B5B508C6D5B518C6E5B69
:101FF000528C6F5B538C725B548C745B558C765B2C
:10200000568C775B578C785B588C795B598C7B5BF3
:102010005A8C7C5B5B8C7E5B5C8C7F5B5D8C825BBB
:102020005E8C865B5F8C8A5B608C8D5B618C8E5B6B
:10203000628C905B638C915B648C925B658C945B2F
:10204000668C965B678C9F5B688CA75B698CA85BD2
:102050006A8CA95B6B8CAC5B6C8CAD5B6D8CAE5B86
:102060006E8CAF5B6F8CB15B708CB25B718CB75B4D
:10207000728CBA5B738CBB5B748CBC5B758CC05B05
:10208000768CC15B778CC35B788CC85B798CC95BC1
:102090007A8CCA5B7B8CCB5B7C8CCD5B7D8CCE5B86
:1020A0007E8CCF5B808CD15B818CD45B828CD55B4A
:1020B000838CD65B848CD75B858CD85B868CD95B14
:1020C000878CDA5B888CDB5B898CDC5B8A8CE05BE1
:1020D0008B8CE25B8C8CE35B8D8CE65B8E8CE75BA0
:1020E0008F8CE95B908CEA5B918CEB5B928CEC5B68
:1020F000938CED5B948CEF5B958CF15B968CF25B33
:10210000978CF35B988CF45B998CF55B9A8CF65BFF
:102110009B8CF75B9C8CFD5B9D8CFE5B9E8C005CBE
:102120009F8C025CA08C035CA18C055CA28C075C7C
:10213000A38C085CA48C0B5CA58C0C5CA68C0D5C41
:10214000A78C0E5CA88C105CA98C125CAA8C135C0A
:10215000AB8C175CAC8C195CAD8C1B5CAE8C1E5CC4
:10216000AF8C1F5CB08C205CB18C215CB28C235C8A
:10217000B38C265CB48C285CB58C295CB68C2A5C4C
:10218000B78C2B5CB88C2D5CB98C2E5CBA8C2F5C18
:10219000BB8C305CBC8C325CBD8C335CBE8C355CE3
:1021A000BF8C365CC08C375CC18C435CC28C445C99
:1021B000C38C465CC48C475CC58C4C5CC68C4D5C47
:1021C000C78C525CC88C535CC98C545CCA8C565CFE
:1021D000CB8C575CCC8C585CCD8C5A5CCE8C5B5CC9
:1021E000CF8C5C5CD08C5D5CD18C5F5CD28C625C93
:1021F000D38C645CD48C675CD58C685CD68C695C51
:10220000D78C6A5CD88C6B5CD98C6C5CDA8C6D5C1E
:10221000DB8C705CDC8C725CDD8C735CDE8C745CE3
:10222000DF8C755CE08C765CE18C775CE28C785CB2
:10223000E38C7B5CE48C7C5CE58C7D5CE68C7E5C7A
:10224000E78C805CE88C835CE98C845CEA8C855C40
:10225000EB8C865CEC8C875CED8C895CEE8C8A5C0C
:10226000EF8C8B5CF08C8E5CF18C8F5CF28C925CD2
:10227000F38C935CF48C955CF58C9D5CF68C9E5C89
:10228000F78C9F5CF88CA05CF98CA15CFA8CA45C48
:10229000FB8CA55CFC8CA65CFD8CA75CFE8CA85C12
:1022A000408DAA5C418DAE5C428DAF5C438DB05CCD
:1022B000448DB25C458DB45C468DB65C478DB95C8F
:1022C000488DBA5C498DBB5C4A8DBC5C4B8DBE5C55
:1022D0004C8DC05C4D8DC25C4E8DC35C4F8DC55C1A
:1022E000508DC65C518DC75C528DC85C538DC95CE6
:1022F000548DCA5C558DCC5C568DCD5C578DCE5CB3
:10230000588DCF5C598DD05C5A8DD15C5B8DD35C80
:102310005C8DD45C5D8DD55C5E8DD65C5F8DD75C4D
:10232000608DD85C618DDA5C628DDB5C638DDC5C1A
:10233000648DDD5C658DDE5C668DDF5C678DE05CE9
:10234000688DE25C698DE35C6A8DE75C6B8DE95CAE
:102350006C8DEB5C6D8DEC5C6E8DEE5C6F8DEF5C6F
:10236000708DF15C718DF25C728DF35C738DF45C39
:10237000748DF55C758DF65C768DF75C778DF85C09
:10238000788DF95C798DFA5C7A8DFC5C7B8DFD5CD7
:102390007C8DFE5C7D8DFF5C7E8D005D808D015DA2
:1023A000818D045D828D055D838D085D848D095D61
:1023B000858D0A5D868D0B5D878D0C5D888D0D5D2D
:1023C000898D0F5D8A8D105D8B8D115D8C8D125DF9
:1023D0008D8D135D8E8D155D8F8D175D908D185DC4
:1023E000918D195D928D1A5D938D1C5D948D1D5D8F
:1023F000958D1F5D968D205D978D215D988D225D59
:10240000998D235D9A8D255D9B8D285D9C8D2A5D20
:102410009D8D2B5D9E8D2C5D9F8D2F5DA08D305DE4
:10242000A18D315DA28D325DA38D335DA48D355DAF
:10243000A58D365DA68D375DA78D385DA88D395D7C
:10244000A98D3A5DAA8D3B5DAB8D3C5DAC8D3F5D4A
:10245000AD8D405DAE8D415DAF8D425DB08D435D14
:10246000B18D445DB28D455DB38D465DB48D485DE3
:10247000B58D495DB68D4D5DB78D4E5DB88D4F5DA7
:10248000B98D505DBA8D515DBB8D525DBC8D535D74
:10249000BD8D545DBE8D555DBF8D565DC08D575D44
:1024A000C18D595DC28D5A5DC38D5C5DC48D5E5D0D
:1024B000C58D5F5DC68D605DC78D615DC88D625DD8
:1024C000C98D635DCA8D645DCB8D655DCC8D665DA8
:1024D000CD8D675DCE8D685DCF8D6A5DD08D6D5D74
:1024E000D18D6E5DD28D705DD38D715DD48D725D39
:1024F000D58D735DD68D755DD78D765DD88D775D05
:10250000D98D785DDA8D795DDB8D7A5DDC8D7B5DD3
:10251000DD8D7C5DDE8D7D5DDF8D7E5DE08D7F5DA3
:10252000E18D805DE28D815DE38D835DE48D845D71
:10253000E58D855DE68D865DE78D875DE88D885D3F
:10254000E98D895DEA8D8A5DEB8D8B5DEC8D8C5D0F
:10255000ED8D8D5DEE8D8E5DEF8D8F5DF08D905DDF
:10256000F18D915DF28D925DF38D935DF48D945DAF
:10257000F58D955DF68D965DF78D975DF88D985D7F
:10258000F98D9A5DFA8D9B5DFB8D9C5DFC8D9E5D4A
:10259000FD8D9F5DFE8DA05D408EA15D418EA25D93
:1025A000428EA35D438EA45D448EA55D458EA65DDF
:1025B000468EA75D478EA85D488EA95D498EAA5DAF
:1025C0004A8EAB5D4B8EAC5D4C8EAD5D4D8EAE5D7F
:1025D0004E8EAF5D4F8EB05D508EB15D518EB25D4F
:1025E000528EB35D538EB45D548EB55D558EB65D1F
:1025F000568EB85D578EB95D588EBA5D598EBB5DEB
:102600005A8EBC5D5B8EBD5D5C8EBE5D5D8EBF5DBA
:102610005E8EC05D5F8EC15D608EC25D618EC35D8A
:10262000628EC45D638EC65D648EC75D658EC85D57
:10263000668EC95D678ECA5D688ECB5D698ECC5D26
:102640006A8ECE5D6B8ECF5D6C8ED05D6D8ED15DF2
:102650006E8ED25D6F8ED35D708ED45D718ED55DC2
:10266000728ED65D738ED75D748ED85D758ED95D92
:10267000768EDA5D778EDC5D788EDF5D798EE05D5B
:102680007A8EE35D7B8EE45D7C8EEA5D7D8EEC5D13
:102690007E8EED5D808EF05D818EF55D828EF65DC5
:1026A000838EF85D848EF95D858EFA5D868EFB5D86
:1026B000878EFC5D888EFF5D898E005E8A8E045E4B
:1026C0008B8E075E8C8E095E8D8E0A5E8E8E0B5E03
:1026D0008F8E0D5E908E0E5E918E125E928E135EC8
:1026E000938E175E948E1E5E958E1F5E968E205E74
:1026F000978E215E988E225E998E235E9A8E245E3E
:102700009B8E255E9C8E285E9D8E295E9E8E2A5E07
:102710009F8E2B5EA08E2C5EA18E2F5EA28E305ED1
:10272000A38E325EA48E335EA58E345EA68E355E99
:10273000A78E365EA88E395EA98E3A5EAA8E3E5E60
:10274000AB8E3F5EAC8E405EAD8E415EAE8E435E24
:10275000AF8E465EB08E475EB18E485EB28E495EE9
:10276000B38E4A5EB48E4B5EB58E4D5EB68E4E5EB7
:10277000B78E4F5EB88E505EB98E515EBA8E525E85
:10278000BB8E535EBC8E565EBD8E575EBE8E585E4F
:10279000BF8E595EC08E5A5EC18E5C5EC28E5D5E1B
:1027A000C38E5F5EC48E605EC58E635EC68E645EE1
:1027B000C78E655EC88E665EC98E675ECA8E685EAD
:1027C000CB8E695ECC8E6A5ECD8E6B5ECE8E6C5E7D
:1027D000CF8E6D5ED08E6E5ED18E6F5ED28E705E4D
:1027E000D38E715ED48E755ED58E775ED68E795E11
:1027F000D78E7E5ED88E815ED98E825EDA8E835EC3
:10280000DB8E855EDC8E885EDD8E895EDE8E8C5E84
:10281000DF8E8D5EE08E8E5EE18E925EE28E985E41
:10282000E38E9B5EE48E9D5EE58EA15EE68EA25EEB
:10283000E78EA35EE88EA45EE98EA85EEA8EA95EAE
:10284000EB8EAA5EEC8EAB5EED8EAC5EEE8EAE5E77
:10285000EF8EAF5EF08EB05EF18EB15EF28EB25E44
:10286000F38EB45EF48EBA5EF58EBB5EF68EBC5E01
:10287000F78EBD5EF88EBF5EF98EC05EFA8EC15EC9
:10288000FB8EC25EFC8EC35EFD8EC45EFE8EC55E98
:10289000408FC65E418FC75E428FC85E438FCB5E5E
:1028A000448FCC5E458FCD5E468FCE5E478FCF5E28
:1028B000488FD05E498FD45E4A8FD55E4B8FD75EEE
:1028C0004C8FD85E4D8FD95E4E8FDA5E4F8FDC5EB7
:1028D000508FDD5E518FDE5E528FDF5E538FE05E84
:1028E000548FE15E558FE25E568FE35E578FE45E54
:1028F000588FE55E598FE65E5A8FE75E5B8FE95E23
:102900005C8FEB5E5D8FEC5E5E8FED5E5F8FEE5EEB
:10291000608FEF5E618FF05E628FF15E638FF25EBB
:10292000648FF35E658FF55E668FF85E678FF95E84
:10293000688FFB5E698FFC5E6A8FFD5E6B8F055F43
:102940006C8F065F6D8F075F6E8F095F6F8F0C5FF7
:10295000708F0D5F718F0E5F728F105F738F125FBC
:10296000748F145F758F165F768F195F778F1A5F7C
:10297000788F1C5F798F1D5F7A8F1E5F7B8F215F41
:102980007C8F225F7D8F235F7E8F245F808F285F07
:10299000818F2B5F828F2C5F838F2E5F848F305FC0
:1029A000858F325F868F335F878F345F888F355F87
:1029B000898F365F8A8F375F8B8F385F8C8F3B5F55
:1029C0008D8F3D5F8E8F3E5F8F8F3F5F908F415F1A
:1029D000918F425F928F435F938F445F948F455FE7
:1029E000958F465F968F475F978F485F988F495FB7
:1029F000998F4A5F9A8F4B5F9B8F4C5F9C8F4D5F87
:102A00009D8F4E5F9E8F4F5F9F8F515FA08F545F52
:102A1000A18F595FA28F5A5FA38F5B5FA48F5C5F0A
:102A2000A58F5E5FA68F5F5FA78F605FA88F635FD4
:102A3000A98F655FAA8F675FAB8F685FAC8F6B5F95
:102A4000AD8F6E5FAE8F6F5FAF8F725FB08F745F51
:102A5000B18F755FB28F765FB38F785FB48F7A5F17
:102A6000B58F7D5FB68F7E5FB78F7F5FB88F835FD7
:102A7000B98F865FBA8F8D5FBB8F8E5FBC8F8F5F84
:102A8000BD8F915FBE8F935FBF8F945FC08F965F46
:102A9000C18F9A5FC28F9B5FC38F9D5FC48F9E5F04
:102AA000C58F9F5FC68FA05FC78FA25FC88FA35FD0
:102AB000C98FA45FCA8FA55FCB8FA65FCC8FA75F9E
:102AC000CD8FA95FCE8FAB5FCF8FAC5FD08FAF5F65
:102AD000D18FB05FD28FB15FD38FB25FD48FB35F2E
:102AE000D58FB45FD68FB65FD78FB85FD88FB95FF9
:102AF000D98FBA5FDA8FBB5FDB8FBE5FDC8FBF5FC2
:102B0000DD8FC05FDE8FC15FDF8FC25FE08FC75F89
:102B1000E18FC85FE28FCA5FE38FCB5FE48FCE5F48
:102B2000E58FD35FE68FD45FE78FD55FE88FDA5FFD
:102B3000E98FDB5FEA8FDC5FEB8FDE5FEC8FDF5FBF
:102B4000ED8FE25FEE8FE35FEF8FE55FF08FE65F83
:102B5000F18FE85FF28FE95FF38FEC5FF48FEF5F47
:102B6000F58FF05FF68FF25FF78FF35FF88FF45F0A
:102B7000F98FF65FFA8FF75FFB8FF95FFC8FFA5FD3
:102B8000FD8FFC5FFE8F07604090086041900960F8
:102B900042900B6043900C6044901060459011602F
:102BA00046901360479017604890186049901A60EB
:102BB0004A901E604B901F604C9022604D902360A5
:102BC0004E9024604F902C6050902D6051902E605C
:102BD0005290306053903160549032605590336021
:102BE00056903460579036605890376059903860EE
:102BF0005A9039605B903A605C903D605D903E60B9
:102C00005E9040605F904460609045606190466077
:102C100062904760639048606490496065904A6044
:102C200066904C6067904E6068904F60699051600C
:102C30006A9053606B9054606C9056606D905760D2
:102C40006E9058606F905B6070905C6071905E6099
:102C500072905F6073906060749061607590656061
:102C60007690666077906E6078907160799072600F
:102C70007A9074607B9075607C9077607D907E60C8
:102C80007E9080608090816081908260829085607B
:102C900083908660849087608590886086908A6043
:102CA00087908B6088908E6089908F608A9090600A
:102CB0008B9091608C9093608D9095608E909760D2
:102CC0008F9098609090996091909C6092909E6097
:102CD0009390A1609490A2609590A4609690A56056
:102CE0009790A7609890A9609990AA609A90AE601A
:102CF0009B90B0609C90B3609D90B5609E90B660D4
:102D00009F90B760A090B960A190BA60A290BD609A
:102D1000A390BE60A490BF60A590C060A690C16063
:102D2000A790C260A890C360A990C460AA90C76031
:102D3000AB90C860AC90C960AD90CC60AE90CD60F7
:102D4000AF90CE60B090CF60B190D060B290D260C2
:102D5000B390D360B490D460B590D660B690D7608D
:102D6000B790D960B890DB60B990DE60BA90E1604E
:102D7000BB90E260BC90E360BD90E460BE90E56013
:102D8000BF90EA60C090F160C190F260C290F560BF
:102D9000C390F760C490F860C590FB60C690FC607B
:102DA000C790FD60C890FE60C990FF60CA90026144
:102DB000CB900361CC900461CD900561CE9007610A
:102DC000CF900A61D0900B61D1900C61D2901061CC
:102DD000D3901161D4901261D5901361D690146193
:102DE000D7901661D8901761D9901861DA9019615F
:102DF000DB901B61DC901C61DD901D61DE901E612B
:102E0000DF902161E0902261E1902561E2902861EC
:102E1000E3902961E4902A61E5902C61E6902D61B0
:102E2000E7902E61E8902F61E9903061EA9031617E
:102E3000EB903261EC903361ED903461EE9035614E
:102E4000EF903661F0903761F1903861F29039611E
:102E5000F3903A61F4903B61F5903C61F6903D61EE
:102E6000F7903E61F8904061F9904161FA904261BB
:102E7000FB904361FC904461FD904561FE9046618A
:102E8000409147614191496142914B6143914D614C
:102E900044914F6145915061469152614791536110
:102EA00048915461499156614A9157614B915861DB
:102EB0004C9159614D915A614E915B614F915C61AA
:102EC00050915E6151915F61529160615391616176
:102ED0005491636155916461569165615791666142
:102EE0005891696159916A615A916B615B916C610A
:102EF0005C916D615D916E615E916F615F917161D9
:102F000060917261619173616291746163917661A4
:102F1000649178616591796166917A6167917B616D
:102F200068917C6169917D616A917E616B917F613D
:102F30006C9180616D9181616E9182616F9183610D
:102F400070918461719185617291866173918761DD
:102F5000749188617591896176918A6177918C61AC
:102F600078918D6179918F617A9190617B91916176
:102F70007C9192617D9193617E9195618091966142
:102F800081919761829198618391996184919A610D
:102F900085919B6186919C6187919E6188919F61DB
:102FA0008991A0618A91A1618B91A2618C91A361A9
:102FB0008D91A4618E91A5618F91A6619091AA6176
:102FC0009191AB619291AD619391AE619491AF613A
:102FD0009591B0619691B1619791B2619891B36109
:102FE0009991B4619A91B5619B91B6619C91B861D8
:102FF0009D91B9619E91BA619F91BB61A091BC61A5
:10300000A191BD61A291BF61A391C061A491C16171
:10301000A591C361A691C461A791C561A891C6613C
:10302000A991C761AA91C961AB91CC61AC91CD6105
:10303000AD91CE61AE91CF61AF91D061B091D361CE
:10304000B191D561B291D661B391D761B491D86194
:10305000B591D961B691DA61B791DB61B891DC6164
:10306000B991DD61BA91DE61BB91DF61BC91E06134
:10307000BD91E161BE91E261BF91E361C091E46104
:10308000C191E561C291E761C391E861C491E961D1
:10309000C591EA61C691EB61C791EC61C891ED61A0
:1030A000C991EE61CA91EF61CB91F061CC91F16170
:1030B000CD91F261CE91F361CF91F461D091F6613F
:1030C000D191F761D291F861D391F961D491FA610C
:1030D000D591FB61D691FC61D791FD61D891FE61DC
:1030E000D9910062DA910162DB910262DC910362A4
:1030F000DD910462DE910562DF910762E091096271
:10310000E1911362E2911462E3911962E4911C620D
:10311000E5911D62E6911E62E7912062E8912362CB
:10312000E9912662EA912762EB912862EC9129628B
:10313000ED912B62EE912D62EF912F62F091306252
:10314000F1913162F2913262F3913562F49136621B
:10315000F5913862F6913962F7913A62F8913B62E3
:10316000F9913C62FA914262FB914462FC914562A2
:10317000FD914662FE914A6240924F6241925062D6
:103180004292556243925662449257624592596206
:1031900046925A6247925C6248925D6249925E62D0
:1031A0004A925F624B9260624C9261624D9262629F
:1031B0004E9264624F92656250926862519271625F
:1031C000529272625392746254927562559277620F
:1031D0005692786257927A6258927B6259927D62D7
:1031E0005A9281625B9282625C9283625D92856296
:1031F0005E9286625F9287626092886261928B6261
:1032000062928C6263928D6264928E6265928F622A
:1032100066929062679294626892996269929C62E7
:103220006A929D626B929E626C92A3626D92A6629C
:103230006E92A7626F92A9627092AA627192AD6259
:103240007292AE627392AF627492B0627592B26221
:103250007692B3627792B4627892B6627992B762EC
:103260007A92B8627B92BA627C92BE627D92C062B0
:103270007E92C1628092C3628192CB628292CF625F
:103280008392D1628492D5628592DD628692DE62FB
:103290008792E0628892E1628992E4628A92EA62AD
:1032A0008B92EB628C92F0628D92F2628E92F5625A
:1032B0008F92F8629092F9629192FA629292FB6216
:1032C00093920063949203639592046396920563CC
:1032D0009792066398920A6399920B639A920C6391
:1032E0009B920D639C920F639D9210639E9212635A
:1032F0009F921363A0921463A1921563A292176325
:10330000A3921863A4921963A5921C63A6922663E4
:10331000A7922763A8922963A9922C63AA922D638E
:10332000AB922E63AC923063AD923163AE92336355
:10333000AF923463B0923563B1923663B292376321
:10334000B3923863B4923B63B5923C63B6923E63EA
:10335000B7923F63B8924063B9924163BA924463B3
:10336000BB924763BC924863BD924A63BE9251636D
:10337000BF925263C0925363C1925463C292566328
:10338000C3925763C4925863C5925963C6925A63F5
:10339000C7925B63C8925C63C9925D63CA926063C3
:1033A000CB926463CC926563CD926663CE92686380
:1033B000CF926A63D0926B63D1926C63D2926F6347
:1033C000D3927063D4927263D5927363D69274630E
:1033D000D7927563D8927863D9927963DA927C63D5
:1033E000DB927D63DC927E63DD927F63DE9281639C
:1033F000DF928363E0928463E1928563E292866365
:10340000E3928B63E4928D63E5929163E69293631A
:10341000E7929463E8929563E9929763EA929963DD
:10342000EB929A63EC929B63ED929C63EE929D63A8
:10343000EF929E63F0929F63F192A163F292A46374
:10344000F392A663F492AB63F592AF63F692B16325
:10345000F792B263F892B563F992B663FA92B963E0
:10346000FB92BB63FC92BD63FD92BF63FE92C0639F
:103470004093C1634193C2634293C3634393C56363
:103480004493C7634593C8634693CA634793CB632A
:103490004893CC634993D1634A93D3634B93D463EA
:1034A0004C93D5634D93D7634E93D8634F93D963B1
:1034B0005093DA635193DB635293DC635393DD6380
:1034C0005493DF635593E2635693E4635793E56344
:1034D0005893E6635993E7635A93E8635B93EB630E
:1034E0005C93EC635D93EE635E93EF635F93F063D5
:1034F0006093F1636193F3636293F5636393F7639E
:103500006493F9636593FA636693FB636793FC6363
:103510006893FE63699303646A9304646B9306641F
:103520006C9307646D9308646E9309646F930A64E7
:1035300070930D6471930E647293116473931264AB
:10354000749315647593166476931764779318646F
:103550007893196479931A647A931D647B931F643A
:103560007C9322647D9323647E93246480932564FA
:1035700081932764829328648393296484932B64C2
:1035800085932E6486932F64879330648893316487
:10359000899332648A9333648B9335648C93366455
:1035A0008D9337648E9338648F93396490933B6422
:1035B00091933C6492933E649393406494934264E9
:1035C000959343649693496497934B6498934C64A2
:1035D00099934D649A934E649B934F649C9350646B
:1035E0009D9351649E9353649F935564A093566436
:1035F000A1935764A2935964A3935A64A4935B6400
:10360000A5935C64A6935D64A7935F64A8936064CC
:10361000A9936164AA936264AB936364AC9364649A
:10362000AD936564AE936664AF936864B0936A6467
:10363000B1936B64B2936C64B3936E64B4936F6430
:10364000B5937064B6937164B7937264B8937364FE
:10365000B9937464BA937564BB937664BC937764CE
:10366000BD937B64BE937C64BF937D64C0937E6492
:10367000C1937F64C2938064C3938164C493836461
:10368000C5938664C6938864C7938964C8938A6423
:10369000C9938B64CA938C64CB938D64CC938E64F2
:1036A000CD938F64CE939064CF939364D0939464BE
:1036B000D1939764D2939864D3939A64D4939B6480
:1036C000D5939C64D6939D64D7939F64D893A0644C
:1036D000D993A164DA93A264DB93A364DC93A56419
:1036E000DD93A664DE93A764DF93A864E093AA64E5
:1036F000E193AB64E293AF64E393B164E493B264A7
:10370000E593B364E693B464E793B664E893B9646D
:10371000E993BB64EA93BD64EB93BE64EC93BF642E
:10372000ED93C164EE93C364EF93C464F093C664F5
:10373000F193C764F293C864F393C964F493CA64C1
:10374000F593CB64F693CC64F793CF64F893D1648C
:10375000F993D364FA93D464FB93D564FC93D66451
:10376000FD93D964FE93DA644094DB644194DC6495
:103770004294DD644394DF644494E0644594E164DE
:103780004694E3644794E5644894E7644994E864A4
:103790004A94E9644B94EA644C94EB644D94EC6471
:1037A0004E94ED644F94EE645094EF645194F06441
:1037B0005294F1645394F2645494F3645594F46411
:1037C0005694F5645794F6645894F7645994F864E1
:1037D0005A94F9645B94FA645C94FB645D94FC64B1
:1037E0005E94FD645F94FE646094FF64619401657F
:1037F0006294026563940365649404656594056549
:1038000066940665679407656894086569940A6517
:103810006A940B656B940C656C940D656D940E65E4
:103820006E940F656F9410657094116571941365B3
:103830007294146573941565749416657594176580
:103840007694196577941A6578941B6579941C654C
:103850007A941D657B941E657C941F657D9420651C
:103860007E942165809422658194236582942465E9
:1038700083942665849427658594286586942965B4
:1038800087942A6588942C6589942D658A9430657F
:103890008B9431658C9432658D9433658E94376545
:1038A0008F943A6590943C6591943D6592944065FF
:1038B00093944165949442659594436596944465C8
:1038C000979446659894476599944A659A944B6590
:1038D0009B944D659C944E659D9450659E94526555
:1038E0009F945365A0945465A1945765A29458651C
:1038F000A3945A65A4945C65A5945F65A6946065DD
:10390000A7946165A8946465A9946565AA946765A0
:10391000AB946865AC946965AD946A65AE946D6569
:10392000AF946E65B0946F65B1947165B294736530
:10393000B3947565B4947665B5947865B6947965F5
:10394000B7947A65B8947B65B9947C65BA947D65C3
:10395000BB947E65BC947F65BD948065BE94816593
:10396000BF948265C0948365C1948465C294856563
:10397000C3948665C4948865C5948965C6948A6530
:10398000C7948D65C8948E65C9948F65CA949265F5
:10399000CB949465CC949565CD949665CE949865BA
:1039A000CF949A65D0949D65D1949E65D294A0657C
:1039B000D394A265D494A365D594A665D694A8653E
:1039C000D794AA65D894AC65D994AE65DA94B165FC
:1039D000DB94B265DC94B365DD94B465DE94B565C3
:1039E000DF94B665E094B765E194B865E294BA6592
:1039F000E394BB65E494BE65E594BF65E694C06559
:103A0000E794C265E894C765E994C865EA94C96516
:103A1000EB94CA65EC94CD65ED94D065EE94D165D8
:103A2000EF94D365F094D465F194D565F294D8659C
:103A3000F394D965F494DA65F594DB65F694DC6566
:103A4000F794DD65F894DE65F994DF65FA94E16535
:103A5000FB94E365FC94E465FD94EA65FE94EB65F4
:103A60004095F2654195F3654295F4654395F5659A
:103A70004495F8654595F9654695FB654795FC6560
:103A80004895FD654995FE654A95FF654B9501662C
:103A90004C9504664D9505664E9507664F950866EC
:103AA0005095096651950B6652950D6653951066B3
:103AB0005495116655951266569516665795176674
:103AC0005895186659951A665A951B665B951C663B
:103AD0005C951E665D9521665E9522665F95236600
:103AE00060952466619526666295296663952A66C7
:103AF00064952B6665952C6666952E66679530668F
:103B000068953266699533666A9537666B9538664F
:103B10006C9539666D953A666E953B666F953D6618
:103B200070953F66719540667295426673954466DE
:103B300074954566759546667695476677954866A9
:103B40007895496679954A667A954D667B954E6675
:103B50007C9550667D9551667E9558668095596630
:103B600081955B6682955C6683955D6684955E66ED
:103B700085956066869562668795636688956566B5
:103B8000899567668A9569668B956A668C956B667A
:103B90008D956C668E956D668F9571669095726643
:103BA0009195736692957566939578669495796606
:103BB00095957B6696957C6697957D6698957F66CC
:103BC000999580669A9581669B9583669C95856696
:103BD0009D9586669E9588669F958966A0958A665E
:103BE000A1958B66A2958D66A3958E66A4958F662A
:103BF000A5959066A6959266A7959366A8959466F6
:103C0000A9959566AA959866AB959966AC959A66BE
:103C1000AD959B66AE959C66AF959E66B0959F668A
:103C2000B195A066B295A166B395A266B495A36658
:103C3000B595A466B695A566B795A666B895A96626
:103C4000B995AA66BA95AB66BB95AC66BC95AD66F0
:103C5000BD95AF66BE95B066BF95B166C095B266BC
:103C6000C195B366C295B566C395B666C495B76689
:103C7000C595B866C695BA66C795BB66C895BC6655
:103C8000C995BD66CA95BF66CB95C066CC95C16621
:103C9000CD95C266CE95C366CF95C466D095C566F0
:103CA000D195C666D295C766D395C866D495C966C0
:103CB000D595CA66D695CB66D795CC66D895CD6690
:103CC000D995CE66DA95CF66DB95D066DC95D16660
:103CD000DD95D266DE95D366DF95D466E095D56630
:103CE000E195D666E295D766E395D866E495DA66FF
:103CF000E595DE66E695DF66E795E066E895E166C0
:103D0000E995E266EA95E366EB95E466EC95E5668F
:103D1000ED95E766EE95E866EF95EA66F095EB6659
:103D2000F195EC66F295ED66F395EE66F495EF6627
:103D3000F595F166F695F566F795F666F895F866E9
:103D4000F995FA66FA95FB66FB95FD66FC950167A9
:103D5000FD950267FE9503674096046741960567E7
:103D6000429606674396076744960C6745960E672A
:103D700046960F67479611674896126749961367EC
:103D80004A9616674B9618674C9619674D961A67B0
:103D90004E961C674F961E67509620675196216776
:103DA0005296226753962367549624675596256743
:103DB000569627675796296758962E675996306703
:103DC0005A9632675B9633675C9636675D963767BF
:103DD0005E9638675F96396760963B6761963C6789
:103DE00062963E6763963F6764964167659644674F
:103DF000669645676796476768964A6769964B6710
:103E00006A964D676B9652676C9654676D965567C8
:103E10006E9657676F9658677096596771965A678E
:103E200072965B6773965D67749662677596636753
:103E300076966467779666677896676779966B6714
:103E40007A966C677B966E677C9671677D967467D1
:103E50007E967667809678678196796782967A678C
:103E600083967B6784967D67859680678696826752
:103E70008796836788968567899686678A96886716
:103E80008B968A678C968C678D968D678E968E67DB
:103E90008F968F67909691679196926792969367A7
:103EA00093969467949696679596996796969B676E
:103EB00097969F679896A0679996A1679A96A46728
:103EC0009B96A6679C96A9679D96AC679E96AE67E3
:103ED0009F96B167A096B267A196B467A296B9679C
:103EE000A396BA67A496BB67A596BC67A696BD675E
:103EF000A796BE67A896BF67A996C067AA96C2672D
:103F0000AB96C567AC96C667AD96C767AE96C867F1
:103F1000AF96C967B096CA67B196CB67B296CC67C1
:103F2000B396CD67B496CE67B596D567B696D66785
:103F3000B796D767B896DB67B996DF67BA96E16739
:103F4000BB96E367BC96E467BD96E667BE96E767F7
:103F5000BF96E867C096EA67C196EB67C296ED67C1
:103F6000C396EE67C496F267C596F567C696F66780
:103F7000C796F767C896F867C996F967CA96FA6749
:103F8000CB96FB67CC96FC67CD96FE67CE96016814
:103F9000CF960268D0960368D1960468D2960668D8
:103FA000D3960D68D4961068D5961268D696146884
:103FB000D7961568D8961868D9961968DA961A6847
:103FC000DB961B68DC961C68DD961E68DE961F6813
:103FD000DF962068E0962268E1962368E2962468DE
:103FE000E3962568E4962668E5962768E6962868AD
:103FF000E7962B68E8962C68E9962D68EA962E6875
:10400000EB962F68EC963068ED963168EE96346842
:10401000EF963568F0963668F1963A68F2963B6806
:10402000F3963F68F4964768F5964B68F6964D68A8
:10403000F7964F68F8965268F9965668FA96576858
:10404000FB965868FC965968FD965A68FE965B6820
:1040500040975C6841975D6842975E6843975F68E8
:1040600044976A6845976C6846976D6847976E688D
:1040700048976F68499770684A9771684B9772685C
:104080004C9773684D9775684E9778684F97796825
:1040900050977A6851977B6852977C6853977D68F0
:1040A00054977E6855977F685697806857978268BF
:1040B00058978468599787685A9788685B97896882
:1040C0005C978A685D978B685E978C685F978D6850
:1040D00060978E686197906862979168639792681D
:1040E00064979468659795686697966867979868E7
:1040F0006897996869979A686A979B686B979C68B4
:104100006C979D686D979E686E979F686F97A06883
:104110007097A1687197A3687297A4687397A56850
:104120007497A9687597AA687697AB687797AC6813
:104130007897AE687997B1687A97B2687B97B468D8
:104140007C97B6687D97B7687E97B8688097B9689E
:104150008197BA688297BB688397BC688497BD686B
:104160008597BE688697BF688797C1688897C36838
:104170008997C4688A97C5688B97C6688C97C76803
:104180008D97C8688E97CA688F97CC689097CE68CD
:104190009197CF689297D0689397D1689497D36896
:1041A0009597D4689697D6689797D7689897D9685F
:1041B0009997DB689A97DC689B97DD689C97DE6827
:1041C0009D97DF689E97E1689F97E268A097E468F3
:1041D000A197E568A297E668A397E768A497E868BF
:1041E000A597E968A697EA68A797EB68A897EC688F
:1041F000A997ED68AA97EF68AB97F268AC97F36858
:10420000AD97F468AE97F668AF97F768B097F8681F
:10421000B197FB68B297FD68B397FE68B497FF68E3
:10422000B5970069B6970269B7970369B8970469AB
:10423000B9970669BA970769BB970869BC97096976
:10424000BD970A69BE970C69BF970F69C09711693E
:10425000C1971369C2971469C3971569C497166902
:10426000C5971769C6971869C7971969C8971A69D2
:10427000C9971B69CA971C69CB971D69CC971E69A2
:10428000CD972169CE972269CF972369D097256969
:10429000D1972669D2972769D3972869D497296936
:1042A000D5972A69D6972B69D7972C69D8972E6905
:1042B000D9972F69DA973169DB973269DC973369CF
:1042C000DD973569DE973669DF973769E09738699A
:1042D000E1973A69E2973B69E3973C69E4973E6965
:1042E000E5974069E6974169E7974369E89744692C
:1042F000E9974569EA974669EB974769EC974869FA
:10430000ED974969EE974A69EF974B69F0974C69C9
:10431000F1974D69F2974E69F3974F69F497506999
:10432000F5975169F6975269F7975369F897556968
:10433000F9975669FA975869FB975969FC975B6931
:10434000FD975C69FE975F69409861694198626971
:1043500042986469439865694498676945986869B3
:104360004698696947986A6948986C6949986D697F
:104370004A986F694B9870694C9872694D98736947
:104380004E9874694F9875695098766951987A6912
:1043900052987B6953987D6954987E6955987F69D6
:1043A00056988169579883695898856959988A6998
:1043B0005A988B695B988C695C988E695D988F6957
:1043C0005E9890695F989169609892696198936925
:1043D00062989669639897696498996965989A69EB
:1043E00066989D6967989E6968989F696998A069B1
:1043F0006A98A1696B98A2696C98A3696D98A46981
:104400006E98A5696F98A6697098A9697198AA694C
:104410007298AC697398AE697498AF697598B06911
:104420007698B2697798B3697898B5697998B669DA
:104430007A98B8697B98B9697C98BA697D98BC69A3
:104440007E98BD698098BE698198BF698298C0696D
:104450008398C2698498C3698598C4698698C56938
:104460008798C6698898C7698998C8698A98C96908
:104470008B98CB698C98CD698D98CF698E98D169CE
:104480008F98D2699098D3699198D5699298D66996
:104490009398D7699498D8699598D9699698DA6964
:1044A0009798DC699898DD699998DE699A98E1692E
:1044B0009B98E2699C98E3699D98E4699E98E569F8
:1044C0009F98E669A098E769A198E869A298E969C8
:1044D000A398EA69A498EB69A598EC69A698EE6997
:1044E000A798EF69A898F069A998F169AA98F36963
:1044F000AB98F469AC98F569AD98F669AE98F76930
:10450000AF98F869B098F969B198FA69B298FB69FF
:10451000B398FC69B498FE69B598006AB698016AC8
:10452000B798026AB898036AB998046ABA98056A93
:10453000BB98066ABC98076ABD98086ABE98096A63
:10454000BF980B6AC0980C6AC1980D6AC2980E6A2F
:10455000C3980F6AC498106AC598116AC698126AFF
:10456000C798136AC898146AC998156ACA98166ACF
:10457000CB98196ACC981A6ACD981B6ACE981C6A97
:10458000CF981D6AD0981E6AD198206AD298226A64
:10459000D398236AD498246AD598256AD698266A2F
:1045A000D798276AD898296AD9982B6ADA982C6AFA
:1045B000DB982D6ADC982E6ADD98306ADE98326AC4
:1045C000DF98336AE098346AE198366AE298376A8D
:1045D000E398386AE498396AE5983A6AE6983B6A5B
:1045E000E7983C6AE8983F6AE998406AEA98416A25
:1045F000EB98426AEC98436AED98456AEE98466AF1
:10460000EF98486AF098496AF1984A6AF2984B6ABA
:10461000F3984C6AF4984D6AF5984E6AF6984F6A8A
:10462000F798516AF898526AF998536AFA98546A56
:10463000FB98556AFC98566AFD98576AFE985A6A24
:1046400040995C6A41995D6A42995E6A43995F6AE2
:104650004499606A4599626A4699636A4799646AAF
:104660004899666A4999676A4A99686A4B99696A7A
:104670004C996A6A4D996B6A4E996C6A4F996D6A4A
:1046800050996E6A51996F6A5299706A5399726A19
:104690005499736A5599746A5699756A5799766AE6
:1046A0005899776A5999786A5A997A6A5B997B6AB4
:1046B0005C997D6A5D997E6A5E997F6A5F99816A7D
:1046C0006099826A6199836A6299856A6399866A48
:1046D0006499876A6599886A6699896A67998A6A16
:1046E00068998B6A69998C6A6A998D6A6B998F6AE5
:1046F0006C99926A6D99936A6E99946A6F99956AAA
:104700007099966A7199986A7299996A73999A6A76
:1047100074999B6A75999C6A76999D6A77999E6A45
:1047200078999F6A7999A16A7A99A26A7B99A36A12
:104730007C99A46A7D99A56A7E99A66A8099A76AE0
:104740008199A86A8299AA6A8399AD6A8499AE6AA6
:104750008599AF6A8699B06A8799B16A8899B26A71
:104760008999B36A8A99B46A8B99B56A8C99B66A41
:104770008D99B76A8E99B86A8F99B96A9099BA6A11
:104780009199BB6A9299BC6A9399BD6A9499BE6AE1
:104790009599BF6A9699C06A9799C16A9899C26AB1
:1047A0009999C36A9A99C46A9B99C56A9C99C66A81
:1047B0009D99C76A9E99C86A9F99C96AA099CA6A51
:1047C000A199CB6AA299CC6AA399CD6AA499CE6A21
:1047D000A599CF6AA699D06AA799D16AA899D26AF1
:1047E000A999D36AAA99D46AAB99D56AAC99D66AC1
:1047F000AD99D76AAE99D86AAF99D96AB099DA6A91
:10480000B199DB6AB299DC6AB399DD6AB499DE6A60
:10481000B599DF6AB699E06AB799E16AB899E26A30
:10482000B999E36ABA99E46ABB99E56ABC99E66A00
:10483000BD99E76ABE99E86ABF99E96AC099EA6AD0
:10484000C199EB6AC299EC6AC399ED6AC499EE6AA0
:10485000C599EF6AC699F06AC799F16AC899F26A70
:10486000C999F36ACA99F46ACB99F56ACC99F66A40
:10487000CD99F76ACE99F86ACF99F96AD099FA6A10
:10488000D199FB6AD299FC6AD399FD6AD499FE6AE0
:10489000D599FF6AD699006BD799016BD899026BAD
:1048A000D999036BDA99046BDB99056BDC99066B7C
:1048B000DD99076BDE99086BDF99096BE0990A6B4C
:1048C000E1990B6BE2990C6BE3990D6BE4990E6B1C
:1048D000E5990F6BE699106BE799116BE899126BEC
:1048E000E999136BEA99146BEB99156BEC99166BBC
:1048F000ED99176BEE99186BEF99196BF0991A6B8C
:10490000F1991B6BF2991C6BF3991D6BF4991E6B5B
:10491000F5991F6BF699256BF799266BF899286B1B
:10492000F999296BFA992A6BFB992B6BFC992C6BE3
:10493000FD992D6BFE992E6B409A2F6B419A306B2F
:10494000429A316B439A336B449A346B459A356B78
:10495000469A366B479A386B489A3B6B499A3C6B40
:104960004A9A3D6B4B9A3F6B4C9A406B4D9A416B08
:104970004E9A426B4F9A446B509A456B519A486BD2
:10498000529A4A6B539A4B6B549A4D6B559A4E6B95
:10499000569A4F6B579A506B589A516B599A526B63
:1049A0005A9A536B5B9A546B5C9A556B5D9A566B33
:1049B0005E9A576B5F9A586B609A5A6B619A5B6B01
:1049C000629A5C6B639A5D6B649A5E6B659A5F6BCF
:1049D000669A606B679A616B689A686B699A696B93
:1049E0006A9A6B6B6B9A6C6B6C9A6D6B6D9A6E6B53
:1049F0006E9A6F6B6F9A706B709A716B719A726B23
:104A0000729A736B739A746B749A756B759A766BF2
:104A1000769A776B779A786B789A7A6B799A7D6BBE
:104A20007A9A7E6B7B9A7F6B7C9A806B7D9A856B82
:104A30007E9A886B809A8C6B819A8E6B829A8F6B30
:104A4000839A906B849A916B859A946B869A956BF6
:104A5000879A976B889A986B899A996B8A9A9C6BBC
:104A60008B9A9D6B8C9A9E6B8D9A9F6B8E9AA06B86
:104A70008F9AA26B909AA36B919AA46B929AA56B52
:104A8000939AA66B949AA76B959AA86B969AA96B22
:104A9000979AAB6B989AAC6B999AAD6B9A9AAE6BEE
:104AA0009B9AAF6B9C9AB06B9D9AB16B9E9AB26BBE
:104AB0009F9AB66BA09AB86BA19AB96BA29ABA6B7F
:104AC000A39ABB6BA49ABC6BA59ABD6BA69ABE6B4E
:104AD000A79AC06BA89AC36BA99AC46BAA9AC66B13
:104AE000AB9AC76BAC9AC86BAD9AC96BAE9ACA6BDE
:104AF000AF9ACC6BB09ACE6BB19AD06BB29AD16BA5
:104B0000B39AD86BB49ADA6BB59ADC6BB69ADD6B54
:104B1000B79ADE6BB89ADF6BB99AE06BBA9AE26B20
:104B2000BB9AE36BBC9AE46BBD9AE56BBE9AE66BED
:104B3000BF9AE76BC09AE86BC19AE96BC29AEC6BBB
:104B4000C39AED6BC49AEE6BC59AF06BC69AF16B83
:104B5000C79AF26BC89AF46BC99AF66BCA9AF76B4C
:104B6000CB9AF86BCC9AFA6BCD9AFB6BCE9AFC6B16
:104B7000CF9AFE6BD09AFF6BD19A006CD29A016CDF
:104B8000D39A026CD49A036CD59A046CD69A086CAA
:104B9000D79A096CD89A0A6CD99A0B6CDA9A0C6C71
:104BA000DB9A0E6CDC9A126CDD9A176CDE9A1C6C28
:104BB000DF9A1D6CE09A1E6CE19A206CE29A236CDD
:104BC000E39A256CE49A2B6CE59A2C6CE69A2D6C92
:104BD000E79A316CE89A336CE99A366CEA9A376C4A
:104BE000EB9A396CEC9A3A6CED9A3B6CEE9A3C6C11
:104BF000EF9A3E6CF09A3F6CF19A436CF29A446CD7
:104C0000F39A456CF49A486CF59A4B6CF69A4C6C96
:104C1000F79A4D6CF89A4E6CF99A4F6CFA9A516C5F
:104C2000FB9A526CFC9A536CFD9A566CFE9A586C27
:104C3000409B596C419B5A6C429B626C439B636CDA
:104C4000449B656C459B666C469B676C479B6B6C95
:104C5000489B6C6C499B6D6C4A9B6E6C4B9B6F6C5C
:104C60004C9B716C4D9B736C4E9B756C4F9B776C22
:104C7000509B786C519B7A6C529B7B6C539B7C6CE9
:104C8000549B7F6C559B806C569B846C579B876CA8
:104C9000589B8A6C599B8B6C5A9B8D6C5B9B8E6C62
:104CA0005C9B916C5D9B926C5E9B956C5F9B966C24
:104CB000609B976C619B986C629B9A6C639B9C6CED
:104CC000649B9D6C659B9E6C669BA06C679BA26CB5
:104CD000689BA86C699BAC6C6A9BAF6C6B9BB06C5F
:104CE0006C9BB46C6D9BB56C6E9BB66C6F9BB76C1C
:104CF000709BBA6C719BC06C729BC16C739BC26CD5
:104D0000749BC36C759BC66C769BC76C779BC86C99
:104D1000789BCB6C799BCD6C7A9BCE6C7B9BCF6C5C
:104D20007C9BD16C7D9BD26C7E9BD86C809BD96C1C
:104D3000819BDA6C829BDC6C839BDD6C849BDF6CDB
:104D4000859BE46C869BE66C879BE76C889BE96C93
:104D5000899BEC6C8A9BED6C8B9BF26C8C9BF46C4E
:104D60008D9BF96C8E9BFF6C8F9B006D909B026DF1
:104D7000919B036D929B056D939B066D949B086DB3
:104D8000959B096D969B0A6D979B0D6D989B0F6D7A
:104D9000999B106D9A9B116D9B9B136D9C9B146D41
:104DA0009D9B156D9E9B166D9F9B186DA09B1C6D0A
:104DB000A19B1D6DA29B1F6DA39B206DA49B216DCC
:104DC000A59B226DA69B236DA79B246DA89B266D9A
:104DD000A99B286DAA9B296DAB9B2C6DAC9B2D6D5F
:104DE000AD9B2F6DAE9B306DAF9B346DB09B366D20
:104DF000B19B376DB29B386DB39B3A6DB49B3F6DE1
:104E0000B59B406DB69B426DB79B446DB89B496D99
:104E1000B99B4C6DBA9B506DBB9B556DBC9B566D41
:104E2000BD9B576DBE9B586DBF9B5B6DC09B5D6D01
:104E3000C19B5F6DC29B616DC39B626DC49B646DC2
:104E4000C59B656DC69B676DC79B686DC89B6B6D89
:104E5000C99B6C6DCA9B6D6DCB9B706DCC9B716D4E
:104E6000CD9B726DCE9B736DCF9B756DD09B766D18
:104E7000D19B796DD29B7A6DD39B7B6DD49B7D6DDD
:104E8000D59B7E6DD69B7F6DD79B806DD89B816DAA
:104E9000D99B836DDA9B846DDB9B866DDC9B876D74
:104EA000DD9B8A6DDE9B8B6DDF9B8D6DE09B8F6D37
:104EB000E19B906DE29B926DE39B966DE49B976DF9
:104EC000E59B986DE69B996DE79B9A6DE89B9C6DC1
:104ED000E99BA26DEA9BA56DEB9BAC6DEC9BAD6D68
:104EE000ED9BB06DEE9BB16DEF9BB36DF09BB46D20
:104EF000F19BB66DF29BB76DF39BB96DF49BBA6DE8
:104F0000F59BBB6DF69BBC6DF79BBD6DF89BBE6DB5
:104F1000F99BC16DFA9BC26DFB9BC36DFC9BC86D79
:104F2000FD9BC96DFE9BCA6D409CCD6D419CCE6DB5
:104F3000429CCF6D439CD06D449CD26D459CD36DFB
:104F4000469CD46D479CD56D489CD76D499CDA6DC5
:104F50004A9CDB6D4B9CDC6D4C9CDF6D4D9CE26D87
:104F60004E9CE36D4F9CE56D509CE76D519CE86D48
:104F7000529CE96D539CEA6D549CED6D559CEF6D10
:104F8000569CF06D579CF26D589CF46D599CF56DD4
:104F90005A9CF66D5B9CF86D5C9CFA6D5D9CFD6D9A
:104FA0005E9CFE6D5F9CFF6D609C006E619C016E5F
:104FB000629C026E639C036E649C046E659C066E2C
:104FC000669C076E679C086E689C096E699C0B6EF8
:104FD0006A9C0F6E6B9C126E6C9C136E6D9C156EB2
:104FE0006E9C186E6F9C196E709C1B6E719C1C6E73
:104FF000729C1E6E739C1F6E749C226E759C266E36
:10500000769C276E779C286E789C2A6E799C2C6EF5
:105010007A9C2E6E7B9C306E7C9C316E7D9C336EB8
:105020007E9C356E809C366E819C376E829C396E7C
:10503000839C3B6E849C3C6E859C3D6E869C3E6E44
:10504000879C3F6E889C406E899C416E8A9C426E14
:105050008B9C456E8C9C466E8D9C476E8E9C486EDC
:105060008F9C496E909C4A6E919C4B6E929C4C6EAC
:10507000939C4F6E949C506E959C516E969C526E74
:10508000979C556E989C576E999C596E9A9C5A6E37
:105090009B9C5C6E9C9C5D6E9D9C5E6E9E9C606EFF
:1050A0009F9C616EA09C626EA19C636EA29C646ECC
:1050B000A39C656EA49C666EA59C676EA69C686E9C
:1050C000A79C696EA89C6A6EA99C6C6EAA9C6D6E6A
:1050D000AB9C6F6EAC9C706EAD9C716EAE9C726E34
:1050E000AF9C736EB09C746EB19C756EB29C766E04
:1050F000B39C776EB49C786EB59C796EB69C7A6ED4
:10510000B79C7B6EB89C7C6EB99C7D6EBA9C806EA1
:10511000BB9C816EBC9C826EBD9C846EBE9C876E67
:10512000BF9C886EC09C8A6EC19C8B6EC29C8C6E2C
:10513000C39C8D6EC49C8E6EC59C916EC69C926EF7
:10514000C79C936EC89C946EC99C956ECA9C966EC3
:10515000CB9C976ECC9C996ECD9C9A6ECE9C9B6E90
:10516000CF9C9D6ED09C9E6ED19CA06ED29CA16E59
:10517000D39CA36ED49CA46ED59CA66ED69CA86E20
:10518000D79CA96ED89CAB6ED99CAC6EDA9CAD6EE8
:10519000DB9CAE6EDC9CB06EDD9CB36EDE9CB56EAF
:1051A000DF9CB86EE09CB96EE19CBC6EE29CBE6E6A
:1051B000E39CBF6EE49CC06EE59CC36EE69CC46E2F
:1051C000E79CC56EE89CC66EE99CC86EEA9CC96EF9
:1051D000EB9CCA6EEC9CCC6EED9CCD6EEE9CCE6EC4
:1051E000EF9CD06EF09CD26EF19CD66EF29CD86E85
:1051F000F39CD96EF49CDB6EF59CDC6EF69CDD6E48
:10520000F79CE36EF89CE76EF99CEA6EFA9CEB6EF5
:10521000FB9CEC6EFC9CED6EFD9CEE6EFE9CEF6EBE
:10522000409DF06E419DF16E429DF26E439DF36E86
:10523000449DF56E459DF66E469DF76E479DF86E52
:10524000489DFA6E499DFB6E4A9DFC6E4B9DFD6E1E
:105250004C9DFE6E4D9DFF6E4E9D006F4F9D016FEC
:10526000509D036F519D046F529D056F539D076FB5
:10527000549D086F559D0A6F569D0B6F579D0C6F7F
:10528000589D0D6F599D0E6F5A9D106F5B9D116F4C
:105290005C9D126F5D9D166F5E9D176F5F9D186F11
:1052A000609D196F619D1A6F629D1B6F639D1C6FDE
:1052B000649D1D6F659D1E6F669D1F6F679D216FAD
:1052C000689D226F699D236F6A9D256F6B9D266F78
:1052D0006C9D276F6D9D286F6E9D2C6F6F9D2E6F3F
:1052E000709D306F719D326F729D346F739D356FFD
:1052F000749D376F759D386F769D396F779D3A6FC6
:10530000789D3B6F799D3C6F7A9D3D6F7B9D3F6F94
:105310007C9D406F7D9D416F7E9D426F809D436F60
:10532000819D446F829D456F839D486F849D496F29
:10533000859D4A6F869D4C6F879D4E6F889D4F6FF0
:10534000899D506F8A9D516F8B9D526F8C9D536FBD
:105350008D9D546F8E9D556F8F9D566F909D576F8D
:10536000919D596F929D5A6F939D5B6F949D5D6F58
:10537000959D5F6F969D606F979D616F989D636F20
:10538000999D646F9A9D656F9B9D676F9C9D686FEB
:105390009D9D696F9E9D6A6F9F9D6B6FA09D6C6FB9
:1053A000A19D6F6FA29D706FA39D716FA49D736F80
:1053B000A59D756FA69D766FA79D776FA89D796F48
:1053C000A99D7B6FAA9D7D6FAB9D7E6FAC9D7F6F0E
:1053D000AD9D806FAE9D816FAF9D826FB09D836FDD
:1053E000B19D856FB29D866FB39D876FB49D8A6FA7
:1053F000B59D8B6FB69D8F6FB79D906FB89D916F68
:10540000B99D926FBA9D936FBB9D946FBC9D956F34
:10541000BD9D966FBE9D976FBF9D986FC09D996F04
:10542000C19D9A6FC29D9B6FC39D9D6FC49D9E6FD2
:10543000C59D9F6FC69DA06FC79DA26FC89DA36F9E
:10544000C99DA46FCA9DA56FCB9DA66FCC9DA86F6B
:10545000CD9DA96FCE9DAA6FCF9DAB6FD09DAC6F38
:10546000D19DAD6FD29DAE6FD39DAF6FD49DB06F08
:10547000D59DB16FD69DB26FD79DB46FD89DB56FD6
:10548000D99DB76FDA9DB86FDB9DBA6FDC9DBB6F9E
:10549000DD9DBC6FDE9DBD6FDF9DBE6FE09DBF6F6C
:1054A000E19DC16FE29DC36FE39DC46FE49DC56F35
:1054B000E59DC66FE69DC76FE79DC86FE89DCA6F03
:1054C000E99DCB6FEA9DCC6FEB9DCD6FEC9DCE6FD0
:1054D000ED9DCF6FEE9DD06FEF9DD36FF09DD46F9C
:1054E000F19DD56FF29DD66FF39DD76FF49DD86F68
:1054F000F59DD96FF69DDA6FF79DDB6FF89DDC6F38
:10550000F99DDD6FFA9DDF6FFB9DE26FFC9DE36F00
:10551000FD9DE46FFE9DE56F409EE66F419EE76F47
:10552000429EE86F439EE96F449EEA6F459EEB6F93
:10553000469EEC6F479EED6F489EF06F499EF16F5F
:105540004A9EF26F4B9EF36F4C9EF46F4D9EF56F2B
:105550004E9EF66F4F9EF76F509EF86F519EF96FFB
:10556000529EFA6F539EFB6F549EFC6F559EFD6FCB
:10557000569EFE6F579EFF6F589E0070599E017099
:105580005A9E02705B9E03705C9E04705D9E057067
:105590005E9E06705F9E0770609E0870619E097037
:1055A000629E0A70639E0B70649E0C70659E0D7007
:1055B000669E0E70679E0F70689E1070699E1270D6
:1055C0006A9E13706B9E14706C9E15706D9E1670A3
:1055D0006E9E17706F9E1870709E1970719E1C7071
:1055E000729E1D70739E1E70749E1F70759E20703B
:1055F000769E2170779E2270789E2470799E257009
:105600007A9E26707B9E27707C9E28707D9E2970D6
:105610007E9E2A70809E2B70819E2C70829E2D70A3
:10562000839E2E70849E2F70859E3070869E317072
:10563000879E3270889E3370899E34708A9E367041
:105640008B9E37708C9E38708D9E3A708E9E3B700C
:105650008F9E3C70909E3D70919E3E70929E3F70DA
:10566000939E4070949E4170959E4270969E4370AA
:10567000979E4470989E4570999E46709A9E47707A
:105680009B9E48709C9E49709D9E4A709E9E4B704A
:105690009F9E4D70A09E4E70A19E5070A29E517014
:1056A000A39E5270A49E5370A59E5470A69E5570E2
:1056B000A79E5670A89E5770A99E5870AA9E5970B2
:1056C000AB9E5A70AC9E5B70AD9E5C70AE9E5D7082
:1056D000AF9E5F70B09E6070B19E6170B29E62704E
:1056E000B39E6370B49E6470B59E6570B69E66701E
:1056F000B79E6770B89E6870B99E6970BA9E6A70EE
:10570000BB9E6E70BC9E7170BD9E7270BE9E7370AB
:10571000BF9E7470C09E7770C19E7970C29E7A7071
:10572000C39E7B70C49E7D70C59E8170C69E827034
:10573000C79E8370C89E8470C99E8670CA9E8770FB
:10574000CB9E8870CC9E8B70CD9E8C70CE9E8D70C3
:10575000CF9E8F70D09E9070D19E9170D29E93708C
:10576000D39E9770D49E9870D59E9A70D69E9B704B
:10577000D79E9E70D89E9F70D99EA070DA9EA17011
:10578000DB9EA270DC9EA370DD9EA470DE9EA570E1
:10579000DF9EA670E09EA770E19EA870E29EA970B1
:1057A000E39EAA70E49EB070E59EB270E69EB4706F
:1057B000E79EB570E89EB670E99EBA70EA9EBE702C
:1057C000EB9EBF70EC9EC470ED9EC570EE9EC670E1
:1057D000EF9EC770F09EC970F19ECB70F29ECC70A8
:1057E000F39ECD70F49ECE70F59ECF70F69ED07075
:1057F000F79ED170F89ED270F99ED370FA9ED47045
:10580000FB9ED570FC9ED670FD9ED770FE9EDA7012
:10581000409FDC70419FDD70429FDE70439FE070CF
:10582000449FE170459FE270469FE370479FE5709B
:10583000489FEA70499FEE704A9FF0704B9FF1704D
:105840004C9FF2704D9FF3704E9FF4704F9FF57018
:10585000509FF670519FF870529FFA70539FFB70E3
:10586000549FFC70559FFE70569FFF70579F0071AC
:10587000589F0171599F02715A9F03715B9F047178
:105880005C9F05715D9F06715E9F07715F9F087148
:10589000609F0B71619F0C71629F0D71639F0E7110
:1058A000649F0F71659F1171669F1271679F1471DC
:1058B000689F1771699F1B716A9F1C716B9F1D7197
:1058C0006C9F1E716D9F1F716E9F20716F9F217164
:1058D000709F2271719F2371729F2471739F257134
:1058E000749F2771759F2871769F2971779F2A7100
:1058F000789F2B71799F2C717A9F2D717B9F2E71D0
:105900007C9F32717D9F33717E9F3471809F357192
:10591000819F3771829F3871839F3971849F3A715B
:10592000859F3B71869F3C71879F3D71889F3E712B
:10593000899F3F718A9F40718B9F41718C9F4271FB
:105940008D9F43718E9F44718F9F4671909F4771C9
:10595000919F4871929F4971939F4B71949F4D7194
:10596000959F4F71969F5071979F5171989F52715B
:10597000999F53719A9F54719B9F55719C9F56712B
:105980009D9F57719E9F58719F9F5971A09F5A71FB
:10599000A19F5B71A29F5D71A39F5F71A49F6071C6
:1059A000A59F6171A69F6271A79F6371A89F657192
:1059B000A99F6971AA9F6A71AB9F6B71AC9F6C7153
:1059C000AD9F6D71AE9F6F71AF9F7071B09F717120
:1059D000B19F7471B29F7571B39F7671B49F7771E7
:1059E000B59F7971B69F7B71B79F7C71B89F7E71AF
:1059F000B99F7F71BA9F8071BB9F8171BC9F82717B
:105A0000BD9F8371BE9F8571BF9F8671C09F877147
:105A1000C19F8871C29F8971C39F8B71C49F8C7114
:105A2000C59F8D71C69F8E71C79F9071C89F9171E0
:105A3000C99F9271CA9F9371CB9F9571CC9F9671AC
:105A4000CD9F9771CE9F9A71CF9F9B71D09F9C7174
:105A5000D19F9D71D29F9E71D39FA171D49FA2713E
:105A6000D59FA371D69FA471D79FA571D89FA6710A
:105A7000D99FA771DA9FA971DB9FAA71DC9FAB71D7
:105A8000DD9FAD71DE9FAE71DF9FAF71E09FB071A2
:105A9000E19FB171E29FB271E39FB471E49FB6716F
:105AA000E59FB771E69FB871E79FBA71E89FBB7138
:105AB000E99FBC71EA9FBD71EB9FBE71EC9FBF7106
:105AC000ED9FC071EE9FC171EF9FC271F09FC471D5
:105AD000F19FC571F29FC671F39FC771F49FC871A2
:105AE000F59FC971F69FCA71F79FCB71F89FCC7172
:105AF000F99FCD71FA9FCF71FB9FD071FC9FD1713F
:105B0000FD9FD271FE9FD37140A0D67141A0D77185
:105B100042A0D87143A0D97144A0DA7145A0DB71CD
:105B200046A0DC7147A0DD7148A0DE7149A0DF719D
:105B30004AA0E1714BA0E2714CA0E3714DA0E47169
:105B40004EA0E6714FA0E87150A0E97151A0EA7132
:105B500052A0EB7153A0EC7154A0ED7155A0EF7100
:105B600056A0F07157A0F17158A0F27159A0F371CD
:105B70005AA0F4715BA0F5715CA0F6715DA0F7719D
:105B80005EA0F8715FA0FA7160A0FB7161A0FC716A
:105B900062A0FD7163A0FE7164A0FF7165A0007238
:105BA00066A0017267A0027268A0037269A0047205
:105BB0006AA005726BA007726CA008726DA00972D2
:105BC0006EA00A726FA00B7270A00C7271A00D72A1
:105BD00072A00E7273A00F7274A0107275A0117271
:105BE00076A0127277A0137278A0147279A0157241
:105BF0007AA016727BA017727CA018727DA0197211
:105C00007EA01A7280A01B7281A01C7282A01E72DC
:105C100083A01F7284A0207285A0217286A02272A8
:105C200087A0237288A0247289A025728AA0267278
:105C30008BA027728CA029728DA02B728EA02D7242
:105C40008FA02E7290A02F7291A0327292A0337208
:105C500093A0347294A03A7295A03C7296A03E72C2
:105C600097A0407298A0417299A042729AA0437284
:105C70009BA044729CA045729DA046729EA0497252
:105C80009FA04A72A0A04B72A1A04E72A2A04F7218
:105C9000A3A05072A4A05172A5A05372A6A05472E2
:105CA000A7A05572A8A05772A9A05872AAA05A72AC
:105CB000ABA05C72ACA05E72ADA06072AEA063726D
:105CC000AFA06472B0A06572B1A06872B2A06A722F
:105CD000B3A06B72B4A06C72B5A06D72B6A07072F6
:105CE000B7A07172B8A07372B9A07472BAA07672BC
:105CF000BBA07772BCA07872BDA07B72BEA07C7284
:105D0000BFA07D72C0A08272C1A08372C2A0857242
:105D1000C3A08672C4A08772C5A08872C6A089720B
:105D2000C7A08C72C8A08E72C9A09072CAA09172CE
:105D3000CBA09372CCA09472CDA09572CEA0967297
:105D4000CFA09772D0A09872D1A09972D2A09A7267
:105D5000D3A09B72D4A09C72D5A09D72D6A09E7237
:105D6000D7A0A072D8A0A172D9A0A272DAA0A37203
:105D7000DBA0A472DCA0A572DDA0A672DEA0A772D3
:105D8000DFA0A872E0A0A972E1A0AA72E2A0AB72A3
:105D9000E3A0AE72E4A0B172E5A0B272E6A0B37265
:105DA000E7A0B572E8A0BA72E9A0BB72EAA0BC7223
:105DB000EBA0BD72ECA0BE72EDA0BF72EEA0C072EF
:105DC000EFA0C572F0A0C672F1A0C772F2A0C972AE
:105DD000F3A0CA72F4A0CB72F5A0CC72F6A0CF7279
:105DE000F7A0D172F8A0D372F9A0D472FAA0D5723C
:105DF000FBA0D672FCA0D872FDA0DA72FEA0DB7206
:105E0000A1A10030A2A10130A3A10230A4A1B7003A
:105E1000A5A1C902A6A1C702A7A1A800A8A10330F5
:105E2000A9A10530AAA11420ABA15EFFACA1162048
:105E3000ADA12620AEA11820AFA11920B0A11C2031
:105E4000B1A11D20B2A11430B3A11530B4A1083006
:105E5000B5A10930B6A10A30B7A10B30B8A10C30FA
:105E6000B9A10D30BAA10E30BBA10F30BCA11630C4
:105E7000BDA11730BEA11030BFA11130C0A1B1002B
:105E8000C1A1D700C2A1F700C3A13622C4A1272215
:105E9000C5A12822C6A11122C7A10F22C8A12A226A
:105EA000C9A12922CAA10822CBA13722CCA11A223A
:105EB000CDA1A522CEA12522CFA12022D0A112239F
:105EC000D1A19922D2A12B22D3A12E22D4A1612229
:105ED000D5A14C22D6A14822D7A13D22D8A11D226E
:105EE000D9A16022DAA16E22DBA16F22DCA164229B
:105EF000DDA16522DEA11E22DFA13522E0A1342230
:105F0000E1A14226E2A14026E3A1B000E4A13220B3
:105F1000E5A13320E6A10321E7A104FFE8A1A40045
:105F2000E9A1E0FFEAA1E1FFEBA13020ECA1A7008D
:105F3000EDA11621EEA10626EFA10526F0A1CB25A5
:105F4000F1A1CF25F2A1CE25F3A1C725F4A1C62545
:105F5000F5A1A125F6A1A025F7A1B325F8A1B225A9
:105F6000F9A13B20FAA19221FBA19021FCA1912152
:105F7000FDA19321FEA11330A1A27021A2A2712143
:105F8000A3A27221A4A27321A5A27421A6A27521A5
:105F9000A7A27621A8A27721A9A27821AAA2792175
:105FA000B1A28824B2A28924B3A28A24B4A28B24E9
:105FB000B5A28C24B6A28D24B7A28E24B8A28F24B9
:105FC000B9A29024BAA29124BBA29224BCA2932489
:105FD000BDA29424BEA29524BFA29624C0A2972459
:105FE000C1A29824C2A29924C3A29A24C4A29B2429
:105FF000C5A27424C6A27524C7A27624C8A2772499
:10600000C9A27824CAA27924CBA27A24CCA27B2468
:10601000CDA27C24CEA27D24CFA27E24D0A27F2438
:10602000D1A28024D2A28124D3A28224D4A2832408
:10603000D5A28424D6A28524D7A28624D8A28724D8
:10604000D9A26024DAA26124DBA26224DCA2632448
:10605000DDA26424DEA26524DFA26624E0A2672418
:10606000E1A26824E2A26924E5A22032E6A221325C
:10607000E7A22232E8A22332E9A22432EAA22532A0
:10608000EBA22632ECA22732EDA22832EEA2293270
:10609000F1A26021F2A26121F3A26221F4A26321A4
:1060A000F5A26421F6A26521F7A26621F8A2672174
:1060B000F9A26821FAA26921FBA26A21FCA26B2144
:1060C000A1A301FFA2A302FFA3A303FFA4A3E5FFD3
:1060D000A5A305FFA6A306FFA7A307FFA8A308FF84
:1060E000A9A309FFAAA30AFFABA30BFFACA30CFF54
:1060F000ADA30DFFAEA30EFFAFA30FFFB0A310FF24
:10610000B1A311FFB2A312FFB3A313FFB4A314FFF3
:10611000B5A315FFB6A316FFB7A317FFB8A318FFC3
:10612000B9A319FFBAA31AFFBBA31BFFBCA31CFF93
:10613000BDA31DFFBEA31EFFBFA31FFFC0A320FF63
:10614000C1A321FFC2A322FFC3A323FFC4A324FF33
:10615000C5A325FFC6A326FFC7A327FFC8A328FF03
:10616000C9A329FFCAA32AFFCBA32BFFCCA32CFFD3
:10617000CDA32DFFCEA32EFFCFA32FFFD0A330FFA3
:10618000D1A331FFD2A332FFD3A333FFD4A334FF73
:10619000D5A335FFD6A336FFD7A337FFD8A338FF43
:1061A000D9A339FFDAA33AFFDBA33BFFDCA33CFF13
:1061B000DDA33DFFDEA33EFFDFA33FFFE0A340FFE3
:1061C000E1A341FFE2A342FFE3A343FFE4A344FFB3
:1061D000E5A345FFE6A346FFE7A347FFE8A348FF83
:1061E000E9A349FFEAA34AFFEBA34BFFECA34CFF53
:1061F000EDA34DFFEEA34EFFEFA34FFFF0A350FF23
:10620000F1A351FFF2A352FFF3A353FFF4A354FFF2
:10621000F5A355FFF6A356FFF7A357FFF8A358FFC2
:10622000F9A359FFFAA35AFFFBA35BFFFCA35CFF92
:10623000FDA35DFFFEA3E3FFA1A44130A2A4423071
:10624000A3A44330A4A44430A5A44530A6A446305A
:10625000A7A44730A8A44830A9A44930AAA44A302A
:10626000ABA44B30ACA44C30ADA44D30AEA44E30FA
:10627000AFA44F30B0A45030B1A45130B2A45230CA
:10628000B3A45330B4A45430B5A45530B6A456309A
:10629000B7A45730B8A45830B9A45930BAA45A306A
:1062A000BBA45B30BCA45C30BDA45D30BEA45E303A
:1062B000BFA45F30C0A46030C1A46130C2A462300A
:1062C000C3A46330C4A46430C5A46530C6A46630DA
:1062D000C7A46730C8A46830C9A46930CAA46A30AA
:1062E000CBA46B30CCA46C30CDA46D30CEA46E307A
:1062F000CFA46F30D0A47030D1A47130D2A472304A
:10630000D3A47330D4A47430D5A47530D6A4763019
:10631000D7A47730D8A47830D9A47930DAA47A30E9
:10632000DBA47B30DCA47C30DDA47D30DEA47E30B9
:10633000DFA47F30E0A48030E1A48130E2A4823089
:10634000E3A48330E4A48430E5A48530E6A4863059
:10635000E7A48730E8A48830E9A48930EAA48A3029
:10636000EBA48B30ECA48C30EDA48D30EEA48E30F9
:10637000EFA48F30F0A49030F1A49130F2A49230C9
:10638000F3A49330A1A5A130A2A5A230A3A5A33068
:10639000A4A5A430A5A5A530A6A5A630A7A5A7307D
:1063A000A8A5A830A9A5A930AAA5AA30ABA5AB304D
:1063B000ACA5AC30ADA5AD30AEA5AE30AFA5AF301D
:1063C000B0A5B030B1A5B130B2A5B230B3A5B330ED
:1063D000B4A5B430B5A5B530B6A5B630B7A5B730BD
:1063E000B8A5B830B9A5B930BAA5BA30BBA5BB308D
:1063F000BCA5BC30BDA5BD30BEA5BE30BFA5BF305D
:10640000C0A5C030C1A5C130C2A5C230C3A5C3302C
:10641000C4A5C430C5A5C530C6A5C630C7A5C730FC
:10642000C8A5C830C9A5C930CAA5CA30CBA5CB30CC
:10643000CCA5CC30CDA5CD30CEA5CE30CFA5CF309C
:10644000D0A5D030D1A5D130D2A5D230D3A5D3306C
:10645000D4A5D430D5A5D530D6A5D630D7A5D7303C
:10646000D8A5D830D9A5D930DAA5DA30DBA5DB300C
:10647000DCA5DC30DDA5DD30DEA5DE30DFA5DF30DC
:10648000E0A5E030E1A5E130E2A5E230E3A5E330AC
:10649000E4A5E430E5A5E530E6A5E630E7A5E7307C
:1064A000E8A5E830E9A5E930EAA5EA30EBA5EB304C
:1064B000ECA5EC30EDA5ED30EEA5EE30EFA5EF301C
:1064C000F0A5F030F1A5F130F2A5F230F3A5F330EC
:1064D000F4A5F430F5A5F530F6A5F630A1A69103A4
:1064E000A2A69203A3A69303A4A69403A5A695032C
:1064F000A6A69603A7A69703A8A69803A9A69903FC
:10650000AAA69A03ABA69B03ACA69C03ADA69D03CB
:10651000AEA69E03AFA69F03B0A6A003B1A6A1039B
:10652000B2A6A303B3A6A403B4A6A503B5A6A60367
:10653000B6A6A703B7A6A803B8A6A903C1A6B10328
:10654000C2A6B203C3A6B303C4A6B403C5A6B503CB
:10655000C6A6B603C7A6B703C8A6B803C9A6B9039B
:10656000CAA6BA03CBA6BB03CCA6BC03CDA6BD036B
:10657000CEA6BE03CFA6BF03D0A6C003D1A6C1033B
:10658000D2A6C303D3A6C403D4A6C503D5A6C60307
:10659000D6A6C703D7A6C803D8A6C903E0A635FE6A
:1065A000E1A636FEE2A639FEE3A63AFEE4A63FFEE9
:1065B000E5A640FEE6A63DFEE7A63EFEE8A641FEB5
:1065C000E9A642FEEAA643FEEBA644FEEEA63BFE8B
:1065D000EFA63CFEF0A637FEF1A638FEF2A631FE8D
:1065E000F4A633FEF5A634FEA1A71004A2A7110459
:1065F000A3A71204A4A71304A5A71404A6A715040F
:10660000A7A70104A8A71604A9A71704AAA71804F6
:10661000ABA71904ACA71A04ADA71B04AEA71C04B2
:10662000AFA71D04B0A71E04B1A71F04B2A7200482
:10663000B3A72104B4A72204B5A72304B6A7240452
:10664000B7A72504B8A72604B9A72704BAA7280422
:10665000BBA72904BCA72A04BDA72B04BEA72C04F2
:10666000BFA72D04C0A72E04C1A72F04D1A73004B3
:10667000D2A73104D3A73204D4A73304D5A7340456
:10668000D6A73504D7A75104D8A73604D9A737040D
:10669000DAA73804DBA73904DCA73A04DDA73B04FA
:1066A000DEA73C04DFA73D04E0A73E04E1A73F04CA
:1066B000E2A74004E3A74104E4A74204E5A743049A
:1066C000E6A74404E7A74504E8A74604E9A747046A
:1066D000EAA74804EBA74904ECA74A04EDA74B043A
:1066E000EEA74C04EFA74D04F0A74E04F1A74F040A
:1066F00040A8CA0241A8CB0242A8D90243A813204D
:1067000044A8152045A8252046A8352047A80521DE
:1067100048A8092149A896214AA897214BA8982161
:106720004CA899214DA815224EA81F224FA823221C
:1067300050A8522251A8662252A8672253A8BF220D
:1067400054A8502555A8512556A8522557A8532579
:1067500058A8542559A855255AA856255BA8572549
:106760005CA858255DA859255EA85A255FA85B2519
:1067700060A85C2561A85D2562A85E2563A85F25E9
:1067800064A8602565A8612566A8622567A86325B9
:1067900068A8642569A865256AA866256BA8672589
:1067A0006CA868256DA869256EA86A256FA86B2559
:1067B00070A86C2571A86D2572A86E2573A86F2529
:1067C00074A8702575A8712576A8722577A87325F9
:1067D00078A8812579A882257AA883257BA8842595
:1067E0007CA885257DA886257EA8872580A8882564
:1067F00081A8892582A88A2583A88B2584A88C2531
:1068000085A88D2586A88E2587A88F2588A89325FD
:1068100089A894258AA895258BA8BC258CA8BD2578
:106820008DA8E2258EA8E3258FA8E42590A8E5256C
:1068300091A8092692A8952293A8123094A81D30F9
:1068400095A81E30A1A80101A2A8E100A3A8CE012D
:10685000A4A8E000A5A81301A6A8E900A7A81B0109
:10686000A8A8E800A9A82B01AAA8ED00ABA8D00110
:10687000ACA8EC00ADA84D01AEA8F300AFA8D201C2
:10688000B0A8F200B1A86B01B2A8FA00B3A8D40175
:10689000B4A8F900B5A8D601B6A8D801B7A8DA01FE
:1068A000B8A8DC01B9A8FC00BAA8EA00BBA851024C
:1068B000BDA84401BEA84801C0A86102C5A8053111
:1068C000C6A80631C7A80731C8A80831C9A8093128
:1068D000CAA80A31CBA80B31CCA80C31CDA80D31F8
:1068E000CEA80E31CFA80F31D0A81031D1A81131C8
:1068F000D2A81231D3A81331D4A81431D5A8153198
:10690000D6A81631D7A81731D8A81831D9A8193167
:10691000DAA81A31DBA81B31DCA81C31DDA81D3137
:10692000DEA81E31DFA81F31E0A82031E1A8213107
:10693000E2A82231E3A82331E4A82431E5A82531D7
:10694000E6A82631E7A82731E8A82831E9A82931A7
:1069500040A9213041A9223042A9233043A9243043
:1069600044A9253045A9263046A9273047A9283013
:1069700048A9293049A9A3324AA98E334BA98F339C
:106980004CA99C334DA99D334EA99E334FA9A133E9
:1069900050A9C43351A9CE3352A9D13353A9D2330C
:1069A00054A9D53355A930FE56A9E2FF57A9E4FFF3
:1069B00059A921215AA931325CA9102060A9FC30C3
:1069C00061A99B3062A99C3063A9FD3064A9FE30A7
:1069D00065A9063066A99D3067A99E3068A949FE61
:1069E00069A94AFE6AA94BFE6BA94CFE6CA94DFE33
:1069F0006DA94EFE6EA94FFE6FA950FE70A951FE03
:106A000071A952FE72A954FE73A955FE74A956FECF
:106A100075A957FE76A959FE77A95AFE78A95BFE9B
:106A200079A95CFE7AA95DFE7BA95EFE7CA95FFE6A
:106A30007DA960FE7EA961FE80A962FE81A963FE38
:106A400082A964FE83A965FE84A966FE85A968FE05
:106A500086A969FE87A96AFE88A96BFE96A90730F8
:106A6000A4A90025A5A90125A6A90225A7A9032552
:106A7000A8A90425A9A90525AAA90625ABA9072522
:106A8000ACA90825ADA90925AEA90A25AFA90B25F2
:106A9000B0A90C25B1A90D25B2A90E25B3A90F25C2
:106AA000B4A91025B5A91125B6A91225B7A9132592
:106AB000B8A91425B9A91525BAA91625BBA9172562
:106AC000BCA91825BDA91925BEA91A25BFA91B2532
:106AD000C0A91C25C1A91D25C2A91E25C3A91F2502
:106AE000C4A92025C5A92125C6A92225C7A92325D2
:106AF000C8A92425C9A92525CAA92625CBA92725A2
:106B0000CCA92825CDA92925CEA92A25CFA92B2571
:106B1000D0A92C25D1A92D25D2A92E25D3A92F2541
:106B2000D4A93025D5A93125D6A93225D7A9332511
:106B3000D8A93425D9A93525DAA93625DBA93725E1
:106B4000DCA93825DDA93925DEA93A25DFA93B25B1
:106B5000E0A93C25E1A93D25E2A93E25E3A93F2581
:106B6000E4A94025E5A94125E6A94225E7A9432551
:106B7000E8A94425E9A94525EAA94625EBA9472521
:106B8000ECA94825EDA94925EEA94A25EFA94B25F1
:106B900040AADC7241AADD7242AADF7243AAE27205
:106BA00044AAE37245AAE47246AAE57247AAE672CD
:106BB00048AAE77249AAEA724AAAEB724BAAF5728E
:106BC0004CAAF6724DAAF9724EAAFD724FAAFE7235
:106BD00050AAFF7251AA007352AA027353AA0473F7
:106BE00054AA057355AA067356AA077357AA0873C1
:106BF00058AA097359AA0B735AAA0C735BAA0D738E
:106C00005CAA0F735DAA10735EAA11735FAA127358
:106C100060AA147361AA187362AA197363AA1A731B
:106C200064AA1F7365AA207366AA237367AA2473D4
:106C300068AA267369AA27736AAA28736BAA2D7398
:106C40006CAA2F736DAA30736EAA32736FAA337356
:106C500070AA357371AA367372AA3A7373AA3B731A
:106C600074AA3C7375AA3D7376AA407377AA4173E0
:106C700078AA427379AA43737AAA44737BAA4573AC
:106C80007CAA46737DAA47737EAA487380AA49737B
:106C900081AA4A7382AA4B7383AA4C7384AA4E7347
:106CA00085AA4F7386AA517387AA537388AA54730F
:106CB00089AA55738AAA56738BAA58738CAA5973DA
:106CC0008DAA5A738EAA5B738FAA5C7390AA5D73A8
:106CD00091AA5E7392AA5F7393AA617394AA627376
:106CE00095AA637396AA647397AA657398AA667344
:106CF00099AA67739AAA68739BAA69739CAA6A7314
:106D00009DAA6B739EAA6E739FAA7073A0AA7173DB
:106D100040AB727341AB737342AB747343AB757327
:106D200044AB767345AB777346AB787347AB7973F7
:106D300048AB7A7349AB7B734AAB7C734BAB7D73C7
:106D40004CAB7F734DAB80734EAB81734FAB827393
:106D500050AB837351AB857352AB867353AB88735F
:106D600054AB8A7355AB8C7356AB8D7357AB8F7323
:106D700058AB907359AB92735AAB93735BAB9473EC
:106D80005CAB95735DAB97735EAB98735FAB9973B8
:106D900060AB9A7361AB9C7362AB9D7363AB9E7384
:106DA00064ABA07365ABA17366ABA37367ABA4734D
:106DB00068ABA57369ABA6736AABA7736BABA8731B
:106DC0006CABAA736DABAC736EABAD736FABB173E1
:106DD00070ABB47371ABB57372ABB67373ABB8739E
:106DE00074ABB97375ABBC7376ABBD7377ABBE7365
:106DF00078ABBF7379ABC1737AABC3737BABC4732E
:106E00007CABC5737DABC6737EABC77380ABCB73F6
:106E100081ABCC7382ABCE7383ABD27384ABD373B1
:106E200085ABD47386ABD57387ABD67388ABD7737A
:106E300089ABD8738AABDA738BABDB738CABDC7347
:106E40008DABDD738EABDF738FABE17390ABE27311
:106E500091ABE37392ABE47393ABE67394ABE873DB
:106E600095ABEA7396ABEB7397ABEC7398ABEE73A1
:106E700099ABEF739AABF0739BABF1739CABF3736D
:106E80009DABF4739EABF5739FABF673A0ABF7733A
:106E900040ACF87341ACF97342ACFA7343ACFB738A
:106EA00044ACFC7345ACFD7346ACFE7347ACFF735A
:106EB00048AC007449AC01744AAC02744BAC047425
:106EC0004CAC07744DAC08744EAC0B744FAC0C74E6
:106ED00050AC0D7451AC0E7452AC117453AC1274AE
:106EE00054AC137455AC147456AC157457AC16747A
:106EF00058AC177459AC18745AAC19745BAC1C7448
:106F00005CAC1D745DAC1E745EAC1F745FAC207411
:106F100060AC217461AC237462AC247463AC2774DC
:106F200064AC297465AC2B7466AC2D7467AC2F749B
:106F300068AC317469AC32746AAC37746BAC387459
:106F40006CAC39746DAC3A746EAC3B746FAC3D7420
:106F500070AC3E7471AC3F7472AC407473AC4274EC
:106F600074AC437475AC447476AC457477AC4674B9
:106F700078AC477479AC48747AAC49747BAC4A7489
:106F80007CAC4B747DAC4C747EAC4D7480AC4E7458
:106F900081AC4F7482AC507483AC517484AC527425
:106FA00085AC537486AC547487AC567488AC5874F2
:106FB00089AC5D748AAC60748BAC61748CAC6274A7
:106FC0008DAC63748EAC64748FAC657490AC667475
:106FD00091AC677492AC687493AC697494AC6A7445
:106FE00095AC6B7496AC6C7497AC6E7498AC6F7413
:106FF00099AC71749AAC72749BAC73749CAC7474DD
:107000009DAC75749EAC78749FAC7974A0AC7A74A6
:1070100040AD7B7441AD7C7442AD7D7443AD7F74F3
:1070200044AD827445AD847446AD857447AD8674B5
:1070300048AD887449AD89744AAD8A744BAD8C747F
:107040004CAD8D744DAD8F744EAD91744FAD927447
:1070500050AD937451AD947452AD957453AD967414
:1070600054AD977455AD987456AD997457AD9A74E4
:1070700058AD9B7459AD9D745AAD9F745BADA074AF
:107080005CADA1745DADA2745EADA3745FADA4747C
:1070900060ADA57461ADA67462ADAA7463ADAB7446
:1070A00064ADAC7465ADAD7466ADAE7467ADAF7410
:1070B00068ADB07469ADB1746AADB2746BADB374E0
:1070C0006CADB4746DADB5746EADB6746FADB774B0
:1070D00070ADB87471ADB97472ADBB7473ADBC747E
:1070E00074ADBD7475ADBE7476ADBF7477ADC0744C
:1070F00078ADC17479ADC2747AADC3747BADC4741C
:107100007CADC5747DADC6747EADC77480ADC874EA
:1071100081ADC97482ADCA7483ADCB7484ADCC74B7
:1071200085ADCD7486ADCE7487ADCF7488ADD07487
:1071300089ADD1748AADD3748BADD4748CADD57454
:107140008DADD6748EADD7748FADD87490ADD97423
:1071500091ADDA7492ADDB7493ADDD7494ADDF74F0
:1071600095ADE17496ADE57497ADE77498ADE874AC
:1071700099ADE9749AADEA749BADEB749CADEC7477
:107180009DADED749EADF0749FADF174A0ADF27441
:1071900040AEF37441AEF57442AEF87443AEF97488
:1071A00044AEFA7445AEFB7446AEFC7447AEFD7453
:1071B00048AEFE7449AE00754AAE01754BAE02751D
:1071C0004CAE03754DAE05754EAE06754FAE0775E8
:1071D00050AE087551AE097552AE0A7553AE0B75B7
:1071E00054AE0C7555AE0E7556AE107557AE127581
:1071F00058AE147559AE15755AAE16755BAE177547
:107200005CAE1B755DAE1D755EAE1E755FAE207506
:1072100060AE217561AE227562AE237563AE2475D2
:1072200064AE267565AE277566AE2A7567AE2E7597
:1072300068AE347569AE36756AAE39756BAE3C753D
:107240006CAE3D756DAE3F756EAE41756FAE4275FD
:1072500070AE437571AE447572AE467573AE4775C8
:1072600074AE497575AE4A7576AE4D7577AE50758C
:1072700078AE517579AE52757AAE53757BAE557551
:107280007CAE56757DAE57757EAE587580AE5D7519
:1072900081AE5E7582AE5F7583AE607584AE6175DA
:1072A00085AE627586AE637587AE647588AE6775A8
:1072B00089AE68758AAE69758BAE6B758CAE6C7570
:1072C0008DAE6D758EAE6E758FAE6F7590AE70753E
:1072D00091AE717592AE737593AE757594AE767509
:1072E00095AE777596AE7A7597AE7B7598AE7C75D0
:1072F00099AE7D759AAE7E759BAE80759CAE81759C
:107300009DAE82759EAE84759FAE8575A0AE877565
:1073100040AF887541AF897542AF8A7543AF8C75B0
:1073200044AF8D7545AF8E7546AF907547AF937579
:1073300048AF957549AF98754AAF9B754BAF9C7533
:107340004CAF9E754DAFA2754EAFA6754FAFA775EA
:1073500050AFA87551AFA97552AFAA7553AFAD75AF
:1073600054AFB67555AFB77556AFBA7557AFBB7555
:1073700058AFBF7559AFC0755AAFC1755BAFC67511
:107380005CAFCB755DAFCC755EAFCE755FAFCF75C3
:1073900060AFD07561AFD17562AFD37563AFD7758C
:1073A00064AFD97565AFDA7566AFDC7567AFDD754B
:1073B00068AFDF7569AFE0756AAFE1756BAFE57512
:1073C0006CAFE9756DAFEC756EAFED756FAFEE75C7
:1073D00070AFEF7571AFF27572AFF37573AFF5758E
:1073E00074AFF67575AFF77576AFF87577AFFA7558
:1073F00078AFFB7579AFFD757AAFFE757BAF02761E
:107400007CAF04767DAF06767EAF077680AF0876D8
:1074100081AF097682AF0B7683AF0D7684AF0E769F
:1074200085AF0F7686AF117687AF127688AF137669
:1074300089AF14768AAF16768BAF1A768CAF1C762E
:107440008DAF1D768EAF1E768FAF217690AF2376EF
:1074500091AF277692AF287693AF2C7694AF2E76A5
:1074600095AF2F7696AF317697AF327698AF367666
:1074700099AF37769AAF39769BAF3A769CAF3B7629
:107480009DAF3D769EAF41769FAF4276A0AF4476EA
:1074900040B0457641B0467642B0477643B0487634
:1074A00044B0497645B04A7646B04B7647B04E7602
:1074B00048B04F7649B050764AB051764BB05276CC
:1074C0004CB053764DB055764EB057764FB0587697
:1074D00050B0597651B05A7652B05B7653B05D7663
:1074E00054B05F7655B0607656B0617657B062762C
:1074F00058B0647659B065765AB066765BB06776F8
:107500005CB068765DB069765EB06A765FB06C76C6
:1075100060B06D7661B06E7662B0707663B0717691
:1075200064B0727665B0737666B0747667B075765F
:1075300068B0767669B077766AB079766BB07A762D
:107540006CB07C766DB07F766EB080766FB08176F1
:1075500070B0837671B0857672B0897673B08A76B2
:1075600074B08C7675B08D7676B08F7677B0907675
:1075700078B0927679B094767AB095767BB097763B
:107580007CB098767DB09A767EB09B7680B09C7603
:1075900081B09D7682B09E7683B09F7684B0A076CF
:1075A00085B0A17686B0A27687B0A37688B0A5769E
:1075B00089B0A6768AB0A7768BB0A8768CB0A9766B
:1075C0008DB0AA768EB0AB768FB0AC7690B0AD763B
:1075D00091B0AF7692B0B07693B0B37694B0B57602
:1075E00095B0B67696B0B77697B0B87698B0B976CB
:1075F00099B0BA769AB0BB769BB0BC769CB0BD769B
:107600009DB0BE769EB0C0769FB0C176A0B0C37666
:10761000A1B04A55A2B03F96A3B0C357A4B0286307
:10762000A5B0CE54A6B00955A7B0C054A8B0917665
:10763000A9B04C76AAB03C85ABB0EE77ACB07E82F8
:10764000ADB08D78AEB03172AFB09896B0B08D97C6
:10765000B1B0286CB2B0895BB3B0FA4FB4B0096373
:10766000B5B09766B6B0B85CB7B0FA80B8B0486845
:10767000B9B0AE80BAB00266BBB0CE76BCB0F9513C
:10768000BDB05665BEB0AC71BFB0F17FC0B08488EC
:10769000C1B0B250C2B06559C3B0CA61C4B0B36F13
:1076A000C5B0AD82C6B04C63C7B05262C8B0ED532E
:1076B000C9B02754CAB0067BCBB06B51CCB0A4750F
:1076C000CDB0F45DCEB0D462CFB0CB8DD0B07697D4
:1076D000D1B08A62D2B01980D3B05D57D4B0389798
:1076E000D5B0627FD6B03872D7B07D76D8B0CF67CC
:1076F000D9B07E76DAB04664DBB0704FDCB0258D51
:10770000DDB0DC62DEB0177ADFB09165E0B0ED731A
:10771000E1B02C64E2B07362E3B02C82E4B08198F3
:10772000E5B07F67E6B04872E7B06E62E8B0CC6261
:10773000E9B0344FEAB0E374EBB04A53ECB09E5278
:10774000EDB0CA7EEEB0A690EFB02E5EF0B08668C7
:10775000F1B09C69F2B08081F3B0D17EF4B0D26810
:10776000F5B0C578F6B08C86F7B05195F8B08D506D
:10777000F9B0248CFAB0DE82FBB0DE80FCB0055399
:10778000FDB01289FEB0655240B1C47641B1C776F2
:1077900042B1C97643B1CB7644B1CC7645B1D3760C
:1077A00046B1D57647B1D97648B1DA7649B1DC76BB
:1077B0004AB1DD764BB1DE764CB1E0764DB1E17683
:1077C0004EB1E2764FB1E37650B1E47651B1E67650
:1077D00052B1E77653B1E87654B1E97655B1EA761D
:1077E00056B1EB7657B1EC7658B1ED7659B1F076EB
:1077F0005AB1F3765BB1F5765CB1F6765DB1F776AA
:107800005EB1FA765FB1FB7660B1FD7661B1FF766D
:1078100062B1007763B1027764B1037765B1057730
:1078200066B1067767B10A7768B10C7769B10E77F0
:107830006AB10F776BB110776CB111776DB11277B8
:107840006EB113776FB1147770B1157771B1167788
:1078500072B1177773B1187774B11B7775B11C7754
:1078600076B11D7777B11E7778B1217779B123771B
:107870007AB124777BB125777CB127777DB12A77E0
:107880007EB12B7780B12C7781B12E7782B13077A2
:1078900083B1317784B1327785B1337786B134776C
:1078A00087B1397788B13B7789B13D778AB13E7727
:1078B0008BB13F778CB142778DB144778EB14577EC
:1078C0008FB1467790B1487791B1497792B14A77B5
:1078D00093B14B7794B14C7795B14D7796B14E7784
:1078E00097B14F7798B1527799B153779AB154774E
:1078F0009BB155779CB156779DB157779EB158771C
:107900009FB15977A0B15C77A1B18485A2B1F996F6
:10791000A3B1DD4FA4B12158A5B17199A6B19D5B6A
:10792000A7B1B162A8B1A562A9B1B466AAB1798CB8
:10793000ABB18D9CACB10672ADB16F67AEB1917851
:10794000AFB1B260B0B15153B1B11753B2B1888F7A
:10795000B3B1CC80B4B11D8DB5B1A194B6B10D5009
:10796000B7B1C872B8B10759B9B1EB60BAB1197102
:10797000BBB1AB88BCB15459BDB1EF82BEB12C676D
:10798000BFB1287BC0B1295DC1B1F77EC2B12D75F1
:10799000C3B1F56CC4B1668EC5B1F88FC6B13C9069
:1079A000C7B13B9FC8B1D46BC9B11991CAB1147B9F
:1079B000CBB17C5FCCB1A778CDB1D684CEB13D85BB
:1079C000CFB1D56BD0B1D96BD1B1D66BD2B1015E8D
:1079D000D3B1875ED4B1F975D5B1ED95D6B15D65FA
:1079E000D7B10A5FD8B1C55FD9B19F8FDAB1C1589D
:1079F000DBB1C281DCB17F90DDB15B96DEB1AD97CA
:107A0000DFB1B98FE0B1167FE1B12C8DE2B14162F7
:107A1000E3B1BF4FE4B1D853E5B15E53E6B1A88FEF
:107A2000E7B1A98FE8B1AB8FE9B14D90EAB1076832
:107A3000EBB16A5FECB19881EDB16888EEB1D69C8C
:107A4000EFB18B61F0B12B52F1B12A76F2B16C5FDC
:107A5000F3B18C65F4B1D26FF5B1E86EF6B1BE5BEF
:107A6000F7B14864F8B17551F9B1B051FAB1C467D2
:107A7000FBB1194EFCB1C979FDB17C99FEB1B3706F
:107A800040B25D7741B25E7742B25F7743B26077D2
:107A900044B2647745B2677746B2697747B26A778E
:107AA00048B26D7749B26E774AB26F774BB2707752
:107AB0004CB271774DB272774EB273774FB2747722
:107AC00050B2757751B2767752B2777753B27877F2
:107AD00054B27A7755B27B7756B27C7757B28177BA
:107AE00058B2827759B283775AB286775BB287777A
:107AF0005CB288775DB289775EB28A775FB28B7746
:107B000060B28F7761B2907762B2937763B2947705
:107B100064B2957765B2967766B2977767B29877D1
:107B200068B2997769B29A776AB29B776BB29C77A1
:107B30006CB29D776DB29E776EB2A1776FB2A3776C
:107B400070B2A47771B2A67772B2A87773B2AB772E
:107B500074B2AD7775B2AE7776B2AF7777B2B177F0
:107B600078B2B27779B2B4777AB2B6777BB2B777B8
:107B70007CB2B8777DB2B9777EB2BA7780B2BC7783
:107B800081B2BE7782B2C07783B2C17784B2C27746
:107B900085B2C37786B2C47787B2C57788B2C67715
:107BA00089B2C7778AB2C8778BB2C9778CB2CA77E5
:107BB0008DB2CB778EB2CC778FB2CE7790B2CF77B3
:107BC00091B2D07792B2D17793B2D27794B2D37781
:107BD00095B2D47796B2D57797B2D67798B2D87750
:107BE00099B2D9779AB2DA779BB2DD779CB2DE7719
:107BF0009DB2DF779EB2E0779FB2E177A0B2E477E3
:107C0000A1B2C575A2B2765EA3B2BB73A4B2E08383
:107C1000A5B2AD64A6B2E862A7B2B594A8B2E26C10
:107C2000A9B25A53AAB2C352ABB20F64ACB2C29457
:107C3000ADB2947BAEB22F4FAFB21B5EB0B2368204
:107C4000B1B21681B2B28A81B3B2246EB4B2CA6C38
:107C5000B5B2739AB6B25563B7B25C53B8B2FA54C0
:107C6000B9B26588BAB2E057BBB20D4EBCB2035E82
:107C7000BDB2656BBEB23F7CBFB2E890C0B21660C9
:107C8000C1B2E664C2B21C73C3B2C188C4B2506749
:107C9000C5B24D62C6B2228DC7B26C77C8B2298E0A
:107CA000C9B2C791CAB2695FCBB2DC83CCB22185BD
:107CB000CDB21099CEB2C253CFB29586D0B28B6BF3
:107CC000D1B2ED60D2B2E860D3B27F70D4B2CD82CF
:107CD000D5B23182D6B2D34ED7B2A76CD8B2CF8547
:107CE000D9B2CD64DAB2D97CDBB2FD69DCB2F96617
:107CF000DDB24983DEB29553DFB2567BE0B2A74FC7
:107D0000E1B28C51E2B24B6DE3B2425CE4B26D8EF3
:107D1000E5B2D263E6B2C953E7B22C83E8B2368348
:107D2000E9B2E567EAB2B478EBB23D64ECB2DF5B8E
:107D3000EDB2945CEEB2EE5DEFB2E78BF0B2C662EC
:107D4000F1B2F467F2B27A8CF3B20064F4B2BA63BF
:107D5000F5B24987F6B28B99F7B2178CF8B2207F4B
:107D6000F9B2F294FAB2A74EFBB21096FCB2A49804
:107D7000FDB20C66FEB2167340B3E67741B3E87706
:107D800042B3EA7743B3EF7744B3F07745B3F17783
:107D900046B3F27747B3F47748B3F57749B3F7774B
:107DA0004AB3F9774BB3FA774CB3FB774DB3FC7713
:107DB0004EB303784FB3047850B3057851B30678C7
:107DC00052B3077853B3087854B30A7855B30B7895
:107DD00056B30E7857B30F7858B3107859B3137859
:107DE0005AB315785BB319785CB31B785DB31E7812
:107DF0005EB320785FB3217860B3227861B32478D2
:107E000062B3287863B32A7864B32B7865B32E788D
:107E100066B32F7867B3317868B3327869B3337853
:107E20006AB335786BB336786CB33D786DB33F7811
:107E30006EB341786FB3427870B3437871B34478CE
:107E400072B3467873B3487874B3497875B34A7897
:107E500076B34B7877B34D7878B34F7879B3517860
:107E60007AB353787BB354787CB358787DB3597820
:107E70007EB35A7880B35B7881B35C7882B35E78E6
:107E800083B35F7884B3607885B3617886B36278B2
:107E900087B3637888B3647889B365788AB3667882
:107EA0008BB367788CB368788DB369788EB36F784D
:107EB0008FB3707890B3717891B3727892B373780E
:107EC00093B3747894B3757895B3767896B37878DD
:107ED00097B3797898B37A7899B37B789AB37D78A9
:107EE0009BB37E789CB37F789DB380789EB3817876
:107EF0009FB38278A0B38378A1B33A57A2B31D5C35
:107F0000A3B3385EA4B37F95A5B37F50A6B3A0807A
:107F1000A7B38253A8B35E65A9B34575AAB331551B
:107F2000ABB32150ACB3858DADB38462AEB39E9438
:107F3000AFB31D67B0B33256B1B36E6FB2B3E25D8B
:107F4000B3B33554B4B39270B5B3668FB6B36F6242
:107F5000B7B3A464B8B3A363B9B37B5FBAB3886F94
:107F6000BBB3F490BCB3E381BDB3B08FBEB3185CB8
:107F7000BFB36866C0B3F15FC1B3896CC2B3489642
:107F8000C3B3818DC4B36C88C5B39164C6B3F079B3
:107F9000C7B3CE57C8B3596AC9B31062CAB34854FD
:107FA000CBB3584ECCB30B7ACDB3E960CEB3846F6C
:107FB000CFB3DA8BD0B37F62D1B31E90D2B38B9A9A
:107FC000D3B3E479D4B30354D5B3F475D6B3016312
:107FD000D7B31953D8B3606CD9B3DF8FDAB31B5F53
:107FE000DBB3709ADCB33B80DDB37F9FDEB3884F99
:107FF000DFB33A5CE0B3648DE1B3C57FE2B3A5655E
:10800000E3B3BD70E4B34551E5B3B251E6B36B865B
:10801000E7B3075DE8B3A05BE9B3BD62EAB36C9177
:10802000EBB37475ECB30C8EEDB3207AEEB3016153
:10803000EFB3797BF0B3C74EF1B3F87EF2B3857737
:10804000F3B3114EF4B3ED81F5B31D52F6B3FA510B
:10805000F7B3716AF8B3A853F9B3878EFAB30495EE
:10806000FBB3CF96FCB3C16EFDB36496FEB35A6901
:1080700040B4847841B4857842B4867843B4887833
:1080800044B48A7845B48B7846B48F7847B49078F6
:1080900048B4927849B494784AB495784BB49678B9
:1080A0004CB499784DB49D784EB49E784FB4A07876
:1080B00050B4A27851B4A47852B4A67853B4A87836
:1080C00054B4A97855B4AA7856B4AB7857B4AC7800
:1080D00058B4AD7859B4AE785AB4AF785BB4B578CB
:1080E0005CB4B6785DB4B7785EB4B8785FB4BA788B
:1080F00060B4BB7861B4BC7862B4BD7863B4BF7857
:1081000064B4C07865B4C27866B4C37867B4C47820
:1081100068B4C67869B4C7786AB4C8786BB4CC78E8
:108120006CB4CD786DB4CE786EB4CF786FB4D178AE
:1081300070B4D27871B4D37872B4D67873B4D77877
:1081400074B4D87875B4DA7876B4DB7877B4DC7840
:1081500078B4DD7879B4DE787AB4DF787BB4E0780F
:108160007CB4E1787DB4E2787EB4E37880B4E478DE
:1081700081B4E57882B4E67883B4E77884B4E978AA
:1081800085B4EA7886B4EB7887B4ED7888B4EE7875
:1081900089B4EF788AB4F0788BB4F1788CB4F37842
:1081A0008DB4F5788EB4F6788FB4F87890B4F97809
:1081B00091B4FB7892B4FC7893B4FD7894B4FE78D3
:1081C00095B4FF7896B4007997B4027998B403799E
:1081D00099B404799AB406799BB407799CB4087968
:1081E0009DB409799EB40A799FB40B79A0B40C7937
:1081F000A1B44078A2B4A850A3B4D777A4B41064B3
:10820000A5B4E689A6B40459A7B4E363A8B4DD5DB8
:10821000A9B47F7AAAB43D69ABB4204FACB439821B
:10822000ADB49855AEB4324EAFB4AE75B0B4977A23
:10823000B1B4625EB2B48A5EB3B4EF95B4B41B520B
:10824000B5B43954B6B48A70B7B47663B8B424956B
:10825000B9B48257BAB42566BBB43F69BCB4879140
:10826000BDB40755BEB4F36DBFB4AF7EC0B42288B1
:10827000C1B43362C2B4F07EC3B4B575C4B428834C
:10828000C5B4C178C6B4CC96C7B49E8FC8B4486193
:10829000C9B4F774CAB4CD8BCBB4646BCCB43A52C6
:1082A000CDB4508DCEB4216BCFB46A80D0B471847C
:1082B000D1B4F156D2B40653D3B4CE4ED4B41B4E7F
:1082C000D5B4D151D6B4977CD7B48B91D8B4077CB0
:1082D000D9B4C34FDAB47F8EDBB4E17BDCB49C7AD3
:1082E000DDB46764DEB4145DDFB4AC50E0B4068185
:1082F000E1B40176E2B4B97CE3B4EC6DE4B4E07FC0
:10830000E5B45167E6B4585BE7B4F85BE8B4CB7802
:10831000E9B4AE64EAB41364EBB4AA63ECB42B63BF
:10832000EDB41995EEB42D64EFB4BE8FF0B4547B68
:10833000F1B42976F2B45362F3B42759F4B4465435
:10834000F5B4796BF6B4A350F7B43462F8B4265E92
:10835000F9B4866BFAB4E34EFBB4378DFCB48B886A
:10836000FDB4855FFEB42E9040B50D7941B50E7910
:1083700042B50F7943B5107944B5117945B51279F5
:1083800046B5147947B5157948B5167949B51779C1
:108390004AB518794BB519794CB51A794DB51B7991
:1083A0004EB51C794FB51D7950B51F7951B520795F
:1083B00052B5217953B5227954B5237955B525792C
:1083C00056B5267957B5277958B5287959B52979F9
:1083D0005AB52A795BB52B795CB52C795DB52D79C9
:1083E0005EB52E795FB52F7960B5307961B5317999
:1083F00062B5327963B5337964B5357965B5367967
:1084000066B5377967B5387968B5397969B53D7931
:108410006AB53F796BB542796CB543796DB54479EE
:108420006EB545796FB5477970B54A7971B54B79B5
:1084300072B54C7973B54D7974B54E7975B54F7980
:1084400076B5507977B5517978B5527979B554794F
:108450007AB555797BB558797CB559797DB561790F
:108460007EB5637980B5647981B5667982B56979BD
:1084700083B56A7984B56B7985B56C7986B56E7983
:1084800087B5707988B5717989B572798AB573794C
:108490008BB574798CB575798DB576798EB579791A
:1084A0008FB57B7990B57C7991B57D7992B57E79E0
:1084B00093B57F7994B5827995B5837996B58679A8
:1084C00097B5877998B5887999B589799AB58B796F
:1084D0009BB58C799CB58D799DB58E799EB590793B
:1084E0009FB59179A0B59279A1B52060A2B53D80E4
:1084F000A3B5C562A4B5394EA5B55553A6B5F89038
:10850000A7B5B863A8B5C680A9B5E665AAB52E6CAF
:10851000ABB5464FACB5EE60ADB5E16DAEB5DE8B3B
:10852000AFB5395FB0B5CB86B1B5535FB2B5216396
:10853000B3B55A51B4B56183B5B56368B6B50052E9
:10854000B7B56363B8B5488EB9B51250BAB59B5C80
:10855000BBB57779BCB5FC5BBDB53052BEB53B7AD7
:10856000BFB5BC60C0B55390C1B5D776C2B5B75FD3
:10857000C3B5975FC4B58476C5B56C8EC6B56F704C
:10858000C7B57B76C8B5497BC9B5AA77CAB5F351DB
:10859000CBB59390CCB52458CDB54E4FCEB5F46E37
:1085A000CFB5EA8FD0B54C65D1B51B7BD2B5C472BF
:1085B000D3B5A46DD4B5DF7FD5B5E15AD6B5B562D4
:1085C000D7B5955ED8B53057D9B58284DAB52C7B4E
:1085D000DBB51D5EDCB51F5FDDB51290DEB5147F27
:1085E000DFB5A098E0B58263E1B5C76EE2B59878D3
:1085F000E3B5B970E4B57851E5B55B97E6B5AB572F
:10860000E7B53575E8B5434FE9B53875EAB5975E16
:10861000EBB5E660ECB56059EDB5C06DEEB5BF6B7E
:10862000EFB58978F0B5FC53F1B5D596F2B5CB51DD
:10863000F3B50152F4B58963F5B50A54F6B59394D0
:10864000F7B5038CF8B5CC8DF9B53972FAB59F78CA
:10865000FBB57687FCB5ED8FFDB50D8CFEB5E0530F
:1086600040B6937941B6947942B6957943B69679F6
:1086700044B6977945B6987946B6997947B69B79C5
:1086800048B69C7949B69D794AB69E794BB69F7992
:108690004CB6A0794DB6A1794EB6A2794FB6A37962
:1086A00050B6A47951B6A57952B6A67953B6A87931
:1086B00054B6A97955B6AA7956B6AB7957B6AC79FE
:1086C00058B6AD7959B6AE795AB6AF795BB6B079CE
:1086D0005CB6B1795DB6B2795EB6B4795FB6B5799C
:1086E00060B6B67961B6B77962B6B87963B6BC7967
:1086F00064B6BF7965B6C27966B6C47967B6C5791E
:1087000068B6C77969B6C8796AB6CA796BB6CC79E2
:108710006CB6CE796DB6CF796EB6D0796FB6D379A7
:1087200070B6D47971B6D67972B6D77973B6D9796D
:1087300074B6DA7975B6DB7976B6DC7977B6DD7939
:1087400078B6DE7979B6E0797AB6E1797BB6E27906
:108750007CB6E5797DB6E8797EB6EA7980B6EC79C3
:1087600081B6EE7982B6F17983B6F27984B6F3797F
:1087700085B6F47986B6F57987B6F67988B6F7794D
:1087800089B6F9798AB6FA798BB6FC798CB6FE7916
:108790008DB6FF798EB6017A8FB6047A90B6057AD7
:1087A00091B6077A92B6087A93B6097A94B60A7A9D
:1087B00095B60C7A96B60F7A97B6107A98B6117A63
:1087C00099B6127A9AB6137A9BB6157A9CB6167A2F
:1087D0009DB6187A9EB6197A9FB61B7AA0B61C7AF7
:1087E000A1B6014EA2B6EF76A3B6EE53A4B6899415
:1087F000A5B67698A6B60E9FA7B62D95A8B69A5B95
:10880000A9B6A28BAAB6224EABB61C4EACB6AC51E2
:10881000ADB66384AEB6C261AFB6A852B0B60B684F
:10882000B1B6974FB2B66B60B3B6BB51B4B61E6D5E
:10883000B5B65C51B6B69662B7B69765B8B66196EE
:10884000B9B6468CBAB61790BBB6D875BCB6FD9013
:10885000BDB66377BEB6D26BBFB68A72C0B6EC72D5
:10886000C1B6FB8BC2B63558C3B67977C4B64C8D4A
:10887000C5B65C67C6B64095C7B69A80C8B6A65E50
:10888000C9B6216ECAB69259CBB6EF7ACCB6ED779F
:10889000CDB63B95CEB6B56BCFB6AD65D0B60E7F37
:1088A000D1B60658D2B65151D3B61F96D4B6F95B9D
:1088B000D5B6A958D6B62854D7B6728ED8B666653E
:1088C000D9B67F98DAB6E456DBB69D94DCB6FE7670
:1088D000DDB64190DEB68763DFB6C654E0B61A59FE
:1088E000E1B63A59E2B69B57E3B6B28EE4B63567C5
:1088F000E5B6FA8DE6B63582E7B64152E8B6F060E5
:10890000E9B61558EAB6FE86EBB6E85CECB6459ECD
:10891000EDB6C44FEEB69D98EFB6B98BF0B6255ABA
:10892000F1B67660F2B68453F3B67C62F4B64F903B
:10893000F5B60291F6B67F99F7B66960F8B60C8085
:10894000F9B63F51FAB63380FBB6145CFCB67599A4
:10895000FDB6316DFEB68C4E40B71D7A41B71F7A19
:1089600042B7217A43B7227A44B7247A45B7257AA9
:1089700046B7267A47B7277A48B7287A49B7297A77
:108980004AB72A7A4BB72B7A4CB72C7A4DB72D7A47
:108990004EB72E7A4FB72F7A50B7307A51B7317A17
:1089A00052B7327A53B7347A54B7357A55B7367AE4
:1089B00056B7387A57B73A7A58B73E7A59B7407AA5
:1089C0005AB7417A5BB7427A5CB7437A5DB7447A6B
:1089D0005EB7457A5FB7477A60B7487A61B7497A38
:1089E00062B74A7A63B74B7A64B74C7A65B74D7A07
:1089F00066B74E7A67B74F7A68B7507A69B7527AD6
:108A00006AB7537A6BB7547A6CB7557A6DB7567AA2
:108A10006EB7587A6FB7597A70B75A7A71B75B7A6E
:108A200072B75C7A73B75D7A74B75E7A75B75F7A3E
:108A300076B7607A77B7617A78B7627A79B7637A0E
:108A40007AB7647A7BB7657A7CB7667A7DB7677ADE
:108A50007EB7687A80B7697A81B76A7A82B76B7AAB
:108A600083B76C7A84B76D7A85B76E7A86B76F7A7A
:108A700087B7717A88B7727A89B7737A8AB7757A45
:108A80008BB77B7A8CB77C7A8DB77D7A8EB77E7AFE
:108A90008FB7827A90B7857A91B7877A92B7897AB9
:108AA00093B78A7A94B78B7A95B78C7A96B78E7A81
:108AB00097B78F7A98B7907A99B7937A9AB7947A4A
:108AC0009BB7997A9CB79A7A9DB79B7A9EB79E7A04
:108AD0009FB7A17AA0B7A27AA1B7308DA2B7D15320
:108AE000A3B75A7FA4B74F7BA5B7104FA6B74F4E79
:108AF000A7B70096A8B7D56CA9B7D073AAB7E98570
:108B0000ABB7065EACB76A75ADB7FB7FAEB70A6AA6
:108B1000AFB7FE77B0B79294B1B7417EB2B7E1512B
:108B2000B3B7E670B4B7CD53B5B7D48FB6B7038338
:108B3000B7B7298DB8B7AF72B9B76D99BAB7DB6C53
:108B4000BBB74A57BCB7B382BDB7B965BEB7AA8039
:108B5000BFB73F62C0B73296C1B7A859C2B7FF4E80
:108B6000C3B7BF8BC4B7BA7EC5B73E65C6B7F2837D
:108B7000C7B75E97C8B76155C9B7DE98CAB7A580B1
:108B8000CBB72A53CCB7FD8BCDB72054CEB7BA8024
:108B9000CFB79F5ED0B7B86CD1B7398DD2B7AC82A2
:108BA000D3B75A91D4B72954D5B71B6CD6B7065250
:108BB000D7B7B77ED8B75F57D9B71A71DAB77E6C17
:108BC000DBB7897CDCB74B59DDB7FD4EDEB7FF5F05
:108BD000DFB72461E0B7AA7CE1B7304EE2B7015CB1
:108BE000E3B7AB67E4B70287E5B7F05CE6B70B9590
:108BF000E7B7CE98E8B7AF75E9B7FD70EAB722904E
:108C0000EBB7AF51ECB71D7FEDB7BD8BEEB7495950
:108C1000EFB7E451F0B75B4FF1B72654F2B72B59D9
:108C2000F3B77765F4B7A480F5B7755BF6B77662EE
:108C3000F7B7C262F8B7908FF9B7455EFAB71F6C05
:108C4000FBB7267BFCB70F4FFDB7D84FFEB70D67BC
:108C500040B8A37A41B8A47A42B8A77A43B8A97AAF
:108C600044B8AA7A45B8AB7A46B8AE7A47B8AF7A74
:108C700048B8B07A49B8B17A4AB8B27A4BB8B47A3F
:108C80004CB8B57A4DB8B67A4EB8B77A4FB8B87A0C
:108C900050B8B97A51B8BA7A52B8BB7A53B8BC7ADC
:108CA00054B8BD7A55B8BE7A56B8C07A57B8C17AAA
:108CB00058B8C27A59B8C37A5AB8C47A5BB8C57A78
:108CC0005CB8C67A5DB8C77A5EB8C87A5FB8C97A48
:108CD00060B8CA7A61B8CC7A62B8CD7A63B8CE7A15
:108CE00064B8CF7A65B8D07A66B8D17A67B8D27AE4
:108CF00068B8D37A69B8D47A6AB8D57A6BB8D77AB3
:108D00006CB8D87A6DB8DA7A6EB8DB7A6FB8DC7A7C
:108D100070B8DD7A71B8E17A72B8E27A73B8E47A41
:108D200074B8E77A75B8E87A76B8E97A77B8EA7A03
:108D300078B8EB7A79B8EC7A7AB8EE7A7BB8F07AD0
:108D40007CB8F17A7DB8F27A7EB8F37A80B8F47A9A
:108D500081B8F57A82B8F67A83B8F77A84B8F87A67
:108D600085B8FB7A86B8FC7A87B8FE7A88B8007B2B
:108D700089B8017B8AB8027B8BB8057B8CB8077BEE
:108D80008DB8097B8EB80C7B8FB80D7B90B80E7BAD
:108D900091B8107B92B8127B93B8137B94B8167B72
:108DA00095B8177B96B8187B97B81A7B98B81C7B38
:108DB00099B81D7B9AB81F7B9BB8217B9CB8227BFE
:108DC0009DB8237B9EB8277B9FB8297BA0B82D7BBD
:108DD000A1B86E6DA2B8AA6DA3B88F79A4B8B188F6
:108DE000A5B8175FA6B82B75A7B89A62A8B8858FE3
:108DF000A9B8EF4FAAB8DC91ABB8A765ACB82F8182
:108E0000ADB85181AEB89C5EAFB85081B0B8748D2A
:108E1000B1B86F52B2B88689B3B84B8DB4B80D599A
:108E2000B5B88550B6B8D84EB7B81C96B8B8367233
:108E3000B9B87981BAB81F8DBBB8CC5BBCB8A38B6D
:108E4000BDB84496BEB88759BFB81A7FC0B8905411
:108E5000C1B87656C2B80E56C3B8E58BC4B83965EA
:108E6000C5B88269C6B89994C7B8D676C8B8896EAD
:108E7000C9B8725ECAB81875CBB84667CCB8D167A6
:108E8000CDB8FF7ACEB89D80CFB8768DD0B81F61AF
:108E9000D1B8C679D2B86265D3B8638DD4B88851D9
:108EA000D5B81A52D6B8A294D7B8387FD8B89B8014
:108EB000D9B8B27EDAB8975CDBB82F6EDCB86067E1
:108EC000DDB8D97BDEB88B76DFB8D89AE0B88F8171
:108ED000E1B8947FE2B8D57CE3B81E64E4B850955D
:108EE000E5B83F7AE6B84A54E7B8E554E8B84C6BC1
:108EF000E9B80164EAB80862EBB83D9EECB8F380CB
:108F0000EDB89975EEB87252EFB86997F0B85B8416
:108F1000F1B83C68F2B8E486F3B80196F4B89496D8
:108F2000F5B8EC94F6B82A4EF7B80454F8B8D97EE0
:108F3000F9B83968FAB8DF8DFBB81580FCB8F4666B
:108F4000FDB89A5EFEB8B97F40B92F7B41B9307B3E
:108F500042B9327B43B9347B44B9357B45B9367B62
:108F600046B9377B47B9397B48B93B7B49B93D7B2B
:108F70004AB93F7B4BB9407B4CB9417B4DB9427BF1
:108F80004EB9437B4FB9447B50B9467B51B9487BBE
:108F900052B94A7B53B94D7B54B94E7B55B9537B7B
:108FA00056B9557B57B9577B58B9597B59B95C7B32
:108FB0005AB95E7B5BB95F7B5CB9617B5DB9637BF2
:108FC0005EB9647B5FB9657B60B9667B61B9677BBD
:108FD00062B9687B63B9697B64B96A7B65B96B7B8D
:108FE00066B96C7B67B96D7B68B96F7B69B9707B5B
:108FF0006AB9737B6BB9747B6CB9767B6DB9787B1E
:109000006EB97A7B6FB97C7B70B97D7B71B97F7BE0
:1090100072B9817B73B9827B74B9837B75B9847BA8
:1090200076B9867B77B9877B78B9887B79B9897B74
:109030007AB98A7B7BB98B7B7CB98C7B7DB98E7B43
:109040007EB98F7B80B9917B81B9927B82B9937B0A
:1090500083B9967B84B9987B85B9997B86B99A7BCD
:1090600087B99B7B88B99E7B89B99F7B8AB9A07B96
:109070008BB9A37B8CB9A47B8DB9A57B8EB9AE7B54
:109080008FB9AF7B90B9B07B91B9B27B92B9B37B0A
:1090900093B9B57B94B9B67B95B9B77B96B9B97BD3
:1090A00097B9BA7B98B9BB7B99B9BC7B9AB9BD7BA0
:1090B0009BB9BE7B9CB9BF7B9DB9C07B9EB9C27B6F
:1090C0009FB9C37BA0B9C47BA1B9C257A2B93F80E5
:1090D000A3B99768A4B9E55DA5B93B65A6B99F5248
:1090E000A7B96D60A8B99A9FA9B99B4FAAB9AC8ED0
:1090F000ABB96C51ACB9AB5BADB9135FAEB9E95D5F
:10910000AFB95E6CB0B9F162B1B9218DB2B971512C
:10911000B3B9A994B4B9FE52B5B99F6CB6B9DF82A0
:10912000B7B9D772B8B9A257B9B98467BAB92D8D92
:10913000BBB91F59BCB99C8FBDB9C783BEB9955483
:10914000BFB98D7BC0B9304FC1B9BD6CC2B9645BCA
:10915000C3B9D159C4B9139FC5B9E453C6B9CA86B6
:10916000C7B9A89AC8B9378CC9B9A180CAB9456529
:10917000CBB97E98CCB9FA56CDB9C796CEB92E5296
:10918000CFB9DC74D0B95052D1B9E15BD2B9026326
:10919000D3B90289D4B9564ED5B9D062D6B92A60AE
:1091A000D7B9FA68D8B97351D9B9985BDAB9A0516F
:1091B000DBB9C289DCB9A17BDDB98699DEB9507F04
:1091C000DFB9EF60E0B94C70E1B92F8DE2B94951D8
:1091D000E3B97F5EE4B91B90E5B97074E6B9C48960
:1091E000E7B92D57E8B94578E9B9525FEAB99F9FC9
:1091F000EBB9FA95ECB9688FEDB93C9BEEB9E18B10
:10920000EFB97876F0B94268F1B9DC67F2B9EA8D66
:10921000F3B9358DF4B93D52F5B98A8FF6B9DA6EE6
:10922000F7B9CD68F8B90595F9B9ED90FAB9FD56D9
:10923000FBB99C67FCB9F988FDB9C78FFEB9C85462
:1092400040BAC57B41BAC87B42BAC97B43BACA7B24
:1092500044BACB7B45BACD7B46BACE7B47BACF7BEF
:1092600048BAD07B49BAD27B4ABAD47B4BBAD57BB9
:109270004CBAD67B4DBAD77B4EBAD87B4FBADB7B84
:1092800050BADC7B51BADE7B52BADF7B53BAE07B4B
:1092900054BAE27B55BAE37B56BAE47B57BAE77B14
:1092A00058BAE87B59BAE97B5ABAEB7B5BBAEC7BDC
:1092B0005CBAED7B5DBAEF7B5EBAF07B5FBAF27BA6
:1092C00060BAF37B61BAF47B62BAF57B63BAF67B72
:1092D00064BAF87B65BAF97B66BAFA7B67BAFB7B3E
:1092E00068BAFD7B69BAFF7B6ABA007C6BBA017C05
:1092F0006CBA027C6DBA037C6EBA047C6FBA057CD2
:1093000070BA067C71BA087C72BA097C73BA0A7C9E
:1093100074BA0D7C75BA0E7C76BA107C77BA117C63
:1093200078BA127C79BA137C7ABA147C7BBA157C31
:109330007CBA177C7DBA187C7EBA197C80BA1A7CFC
:1093400081BA1B7C82BA1C7C83BA1D7C84BA1E7CC9
:1093500085BA207C86BA217C87BA227C88BA237C95
:1093600089BA247C8ABA257C8BBA287C8CBA297C61
:109370008DBA2B7C8EBA2C7C8FBA2D7C90BA2E7C29
:1093800091BA2F7C92BA307C93BA317C94BA327CF9
:1093900095BA337C96BA347C97BA357C98BA367CC9
:1093A00099BA377C9ABA397C9BBA3A7C9CBA3B7C96
:1093B0009DBA3C7C9EBA3D7C9FBA3E7CA0BA427C62
:1093C000A1BAB89AA2BA695BA3BA776DA4BA266C9F
:1093D000A5BAA54EA6BAB35BA7BA879AA8BA6391F5
:1093E000A9BAA861AABAAF90ABBAE997ACBA2B54A4
:1093F000ADBAB56DAEBAD25BAFBAFD51B0BA8A554F
:10940000B1BA557FB2BAF07FB3BABC64B4BA4D6397
:10941000B5BAF165B6BABE61B7BA8D60B8BA0A71AD
:10942000B9BA576CBABA496CBBBA2F59BCBA6D6796
:10943000BDBA2A82BEBAD558BFBA8E56C0BA6A8C97
:10944000C1BAEB6BC2BADD90C3BA7D59C4BA1780FA
:10945000C5BAF753C6BA696DC7BA7554C8BA9D552F
:10946000C9BA7783CABACF83CBBA3868CCBABE79C7
:10947000CDBA8C54CEBA554FCFBA0854D0BAD276A2
:10948000D1BA898CD2BA0296D3BAB36CD4BAB86DB9
:10949000D5BA6B8DD6BA1089D7BA649ED8BA3A8D30
:1094A000D9BA3F56DABAD19EDBBAD575DCBA885F35
:1094B000DDBAE072DEBA6860DFBAFC54E0BAA84EEA
:1094C000E1BA2A6AE2BA6188E3BA5260E4BA708FFC
:1094D000E5BAC454E6BAD870E7BA7986E8BA3F9ECE
:1094E000E9BA2A6DEABA8F5BEBBA185FECBAA27ED2
:1094F000EDBA8955EEBAAF4FEFBA3473F0BA3C54B7
:10950000F1BA9A53F2BA1950F3BA0E54F4BA7C5421
:10951000F5BA4E4EF6BAFD5FF7BA5A74F8BAF65875
:10952000F9BA6B84FABAE180FBBA7487FCBAD072DC
:10953000FDBACA7CFEBA566E40BB437C41BB447C3C
:1095400042BB457C43BB467C44BB477C45BB487C17
:1095500046BB497C47BB4A7C48BB4B7C49BB4C7CE7
:109560004ABB4E7C4BBB4F7C4CBB507C4DBB517CB3
:109570004EBB527C4FBB537C50BB547C51BB557C83
:1095800052BB567C53BB577C54BB587C55BB597C53
:1095900056BB5A7C57BB5B7C58BB5C7C59BB5D7C23
:1095A0005ABB5E7C5BBB5F7C5CBB607C5DBB617CF3
:1095B0005EBB627C5FBB637C60BB647C61BB657CC3
:1095C00062BB667C63BB677C64BB687C65BB697C93
:1095D00066BB6A7C67BB6B7C68BB6C7C69BB6D7C63
:1095E0006ABB6E7C6BBB6F7C6CBB707C6DBB717C33
:1095F0006EBB727C6FBB757C70BB767C71BB777CFD
:1096000072BB787C73BB797C74BB7A7C75BB7E7CC7
:1096100076BB7F7C77BB807C78BB817C79BB827C8E
:109620007ABB837C7BBB847C7CBB857C7DBB867C5E
:109630007EBB877C80BB887C81BB8A7C82BB8B7C29
:1096400083BB8C7C84BB8D7C85BB8E7C86BB8F7CF6
:1096500087BB907C88BB937C89BB947C8ABB967CBF
:109660008BBB997C8CBB9A7C8DBB9B7C8EBBA07C7E
:109670008FBBA17C90BBA37C91BBA67C92BBA77C3B
:1096800093BBA87C94BBA97C95BBAB7C96BBAC7C04
:1096900097BBAD7C98BBAF7C99BBB07C9ABBB47CCC
:1096A0009BBBB57C9CBBB67C9DBBB77C9EBBB87C92
:1096B0009FBBBA7CA0BBBB7CA1BB275FA2BB4E8675
:1096C000A3BB2C55A4BBA462A5BB924EA6BBAA6C9F
:1096D000A7BB3762A8BBB182A9BBD754AABB4E5364
:1096E000ABBB3E73ACBBD16EADBB3B75AEBB1252D8
:1096F000AFBB1653B0BBDD8BB1BBD069B2BB8A5FC9
:10970000B3BB0060B4BBEE6DB5BB4F57B6BB226BAD
:10971000B7BBAF73B8BB5368B9BBD88FBABB137FA5
:10972000BBBB6263BCBBA360BDBB2455BEBBEA75BB
:10973000BFBB628CC0BB1571C1BBA36DC2BBA65BB6
:10974000C3BB7B5EC4BB5283C5BB4C61C6BBC49E5E
:10975000C7BBFA78C8BB5787C9BB277CCABB87760B
:10976000CBBBF051CCBBF660CDBB4C71CEBB4366DE
:10977000CFBB4C5ED0BB4D60D1BB0E8CD2BB7070EA
:10978000D3BB2563D4BB898FD5BBBD5FD6BB62601D
:10979000D7BBD486D8BBDE56D9BBC16BDABB9460CD
:1097A000DBBB6761DCBB4953DDBBE060DEBB6666EB
:1097B000DFBB3F8DE0BBFD79E1BB1A4FE2BBE97037
:1097C000E3BB476CE4BBB38BE5BBF28BE6BBD87E57
:1097D000E7BB6483E8BB0F66E9BB5A5AEABB429B0E
:1097E000EBBB516DECBBF76DEDBB418CEEBB3B6D44
:1097F000EFBB194FF0BB6B70F1BBB783F2BB1662C6
:10980000F3BBD160F4BB0D97F5BB278DF6BB787920
:10981000F7BBFB51F8BB3E57F9BBFA57FABB3A67A7
:10982000FBBB7875FCBB3D7AFDBBEF79FEBB957B3E
:1098300040BCBF7C41BCC07C42BCC27C43BCC37C3E
:1098400044BCC47C45BCC67C46BCC97C47BCCB7C04
:1098500048BCCE7C49BCCF7C4ABCD07C4BBCD17CC4
:109860004CBCD27C4DBCD37C4EBCD47C4FBCD87C91
:1098700050BCDA7C51BCDB7C52BCDD7C53BCDE7C52
:1098800054BCE17C55BCE27C56BCE37C57BCE47C18
:1098900058BCE57C59BCE67C5ABCE77C5BBCE97CE7
:1098A0005CBCEA7C5DBCEB7C5EBCEC7C5FBCED7CB4
:1098B00060BCEE7C61BCF07C62BCF17C63BCF27C81
:1098C00064BCF37C65BCF47C66BCF57C67BCF67C50
:1098D00068BCF77C69BCF97C6ABCFA7C6BBCFC7C1C
:1098E0006CBCFD7C6DBCFE7C6EBCFF7C6FBC007DE7
:1098F00070BC017D71BC027D72BC037D73BC047DB4
:1099000074BC057D75BC067D76BC077D77BC087D83
:1099100078BC097D79BC0B7D7ABC0C7D7BBC0D7D50
:109920007CBC0E7D7DBC0F7D7EBC107D80BC117D1E
:1099300081BC127D82BC137D83BC147D84BC157DEB
:1099400085BC167D86BC177D87BC187D88BC197DBB
:1099500089BC1A7D8ABC1B7D8BBC1C7D8CBC1D7D8B
:109960008DBC1E7D8EBC1F7D8FBC217D90BC237D58
:1099700091BC247D92BC257D93BC267D94BC287D22
:1099800095BC297D96BC2A7D97BC2C7D98BC2D7DED
:1099900099BC2E7D9ABC307D9BBC317D9CBC327DB8
:1099A0009DBC337D9EBC347D9FBC357DA0BC367D87
:1099B000A1BC8C80A2BC6599A3BCF98FA4BCC06F6C
:1099C000A5BCA58BA6BC219EA7BCEC59A8BCE97E72
:1099D000A9BC097FAABC0954ABBC8167ACBCD868E0
:1099E000ADBC918FAEBC4D7CAFBCC696B0BCCA536B
:1099F000B1BC2560B2BCBE75B3BC726CB4BC735351
:109A0000B5BCC95AB6BCA77EB7BC2463B8BCE0518C
:109A1000B9BC0A81BABCF15DBBBCDF84BCBC80624E
:109A2000BDBC8051BEBC635BBFBC0E4FC0BC6D797A
:109A3000C1BC4252C2BCB860C3BC4E6DC4BCC45BA6
:109A4000C5BCC25BC6BCA18BC7BCB08BC8BCE26541
:109A5000C9BCCC5FCABC4596CBBC9359CCBCE77E95
:109A6000CDBCAA7ECEBC0956CFBCB767D0BC395995
:109A7000D1BC734FD2BCB65BD3BCA052D4BC5A830A
:109A8000D5BC8A98D6BC3E8DD7BC3275D8BCBE94A6
:109A9000D9BC4750DABC3C7ADBBCF74EDCBCB667BD
:109AA000DDBC7E9ADEBCC15ADFBC7C6BE0BCD176EB
:109AB000E1BC5A57E2BC165CE3BC3A7BE4BCF495CB
:109AC000E5BC4E71E6BC7C51E7BCA980E8BC708265
:109AD000E9BC7859EABC047FEBBC2783ECBCC068C6
:109AE000EDBCEC67EEBCB178EFBC7778F0BCE3621C
:109AF000F1BC6163F2BC807BF3BCED4FF4BC6A52F5
:109B0000F5BCCF51F6BC5083F7BCDB69F8BC74924E
:109B1000F9BCF58DFABC318DFBBCC189FCBC2E951E
:109B2000FDBCAD7BFEBCF64E40BD377D41BD387DF2
:109B300042BD397D43BD3A7D44BD3B7D45BD3C7D45
:109B400046BD3D7D47BD3E7D48BD3F7D49BD407D15
:109B50004ABD417D4BBD427D4CBD437D4DBD447DE5
:109B60004EBD457D4FBD467D50BD477D51BD487DB5
:109B700052BD497D53BD4A7D54BD4B7D55BD4C7D85
:109B800056BD4D7D57BD4E7D58BD4F7D59BD507D55
:109B90005ABD517D5BBD527D5CBD537D5DBD547D25
:109BA0005EBD557D5FBD567D60BD577D61BD587DF5
:109BB00062BD597D63BD5A7D64BD5B7D65BD5C7DC5
:109BC00066BD5D7D67BD5E7D68BD5F7D69BD607D95
:109BD0006ABD617D6BBD627D6CBD637D6DBD647D65
:109BE0006EBD657D6FBD667D70BD677D71BD687D35
:109BF00072BD697D73BD6A7D74BD6B7D75BD6C7D05
:109C000076BD6D7D77BD6F7D78BD707D79BD717DD1
:109C10007ABD727D7BBD737D7CBD747D7DBD757DA0
:109C20007EBD767D80BD787D81BD797D82BD7A7D6A
:109C300083BD7B7D84BD7C7D85BD7D7D86BD7E7D38
:109C400087BD7F7D88BD807D89BD817D8ABD827D08
:109C50008BBD837D8CBD847D8DBD857D8EBD867DD8
:109C60008FBD877D90BD887D91BD897D92BD8A7DA8
:109C700093BD8B7D94BD8C7D95BD8D7D96BD8E7D78
:109C800097BD8F7D98BD907D99BD917D9ABD927D48
:109C90009BBD937D9CBD947D9DBD957D9EBD967D18
:109CA0009FBD977DA0BD987DA1BD6550A2BD3082AE
:109CB000A3BD5152A4BD6F99A5BD106EA6BD856E02
:109CC000A7BDA76DA8BDFA5EA9BDF550AABDDC5918
:109CD000ABBD065CACBD466DADBD5F6CAEBD867503
:109CE000AFBD8B84B0BD6868B1BD5659B2BDB28BF3
:109CF000B3BD2053B4BD7191B5BD4D96B6BD498578
:109D0000B7BD1269B8BD0179B9BD2671BABDF6807B
:109D1000BBBDA44EBCBDCA90BDBD476DBEBD849A3F
:109D2000BFBD075AC0BDBC56C1BD0564C2BDF094DD
:109D3000C3BDEB77C4BDA54FC5BD1A81C6BDE172D9
:109D4000C7BDD289C8BD7A99C9BD347FCABDDE7E80
:109D5000CBBD7F52CCBD5965CDBD7591CEBD7F8F3A
:109D6000CFBD838FD0BDEB53D1BD967AD2BDED630D
:109D7000D3BDA563D4BD8676D5BDF879D6BD578849
:109D8000D7BD3696D8BD2A62D9BDAB52DABD828224
:109D9000DBBD5468DCBD7067DDBD7763DEBD6B770E
:109DA000DFBDED7AE0BD016DE1BDD37EE2BDE389AB
:109DB000E3BDD059E4BD1262E5BDC985E6BDA5820B
:109DC000E7BD4C75E8BD1F50E9BDCB4EEABDA5759A
:109DD000EBBDEB8BECBD4A5CEDBDFE5DEEBD4B7BA0
:109DE000EFBDA465F0BDD191F1BDCA4EF2BD256DA8
:109DF000F3BD5F89F4BD277DF5BD2695F6BDC54E43
:109E0000F7BD288CF8BDDB8FF9BD7397FABD4B66A3
:109E1000FBBD8179FCBDD18FFDBDEC70FEBD786DC1
:109E200040BE997D41BE9A7D42BE9B7D43BE9C7DD6
:109E300044BE9D7D45BE9E7D46BE9F7D47BEA07DA6
:109E400048BEA17D49BEA27D4ABEA37D4BBEA47D76
:109E50004CBEA57D4DBEA77D4EBEA87D4FBEA97D43
:109E600050BEAA7D51BEAB7D52BEAC7D53BEAD7D12
:109E700054BEAF7D55BEB07D56BEB17D57BEB27DDE
:109E800058BEB37D59BEB47D5ABEB57D5BBEB67DAE
:109E90005CBEB77D5DBEB87D5EBEB97D5FBEBA7D7E
:109EA00060BEBB7D61BEBC7D62BEBD7D63BEBE7D4E
:109EB00064BEBF7D65BEC07D66BEC17D67BEC27D1E
:109EC00068BEC37D69BEC47D6ABEC57D6BBEC67DEE
:109ED0006CBEC77D6DBEC87D6EBEC97D6FBECA7DBE
:109EE00070BECB7D71BECC7D72BECD7D73BECE7D8E
:109EF00074BECF7D75BED07D76BED17D77BED27D5E
:109F000078BED37D79BED47D7ABED57D7BBED67D2D
:109F10007CBED77D7DBED87D7EBED97D80BEDA7DFC
:109F200081BEDB7D82BEDC7D83BEDD7D84BEDE7DC9
:109F300085BEDF7D86BEE07D87BEE17D88BEE27D99
:109F400089BEE37D8ABEE47D8BBEE57D8CBEE67D69
:109F50008DBEE77D8EBEE87D8FBEE97D90BEEA7D39
:109F600091BEEB7D92BEEC7D93BEED7D94BEEE7D09
:109F700095BEEF7D96BEF07D97BEF17D98BEF27DD9
:109F800099BEF37D9ABEF47D9BBEF57D9CBEF67DA9
:109F90009DBEF77D9EBEF87D9FBEF97DA0BEFA7D79
:109FA000A1BE3D5CA2BEB252A3BE4683A4BE625116
:109FB000A5BE0E83A6BE5B77A7BE7666A8BEB89C7C
:109FC000A9BEAC4EAABECA60ABBEBE7CACBEB37C62
:109FD000ADBECF7EAEBE954EAFBE668BB0BE6F66D9
:109FE000B1BE8898B2BE5997B3BE8358B4BE6C65F3
:109FF000B5BE5C95B6BE845FB7BEC975B8BE569790
:10A00000B9BEDF7ABABEDE7ABBBEC051BCBEAF708D
:10A01000BDBE987ABEBEEA63BFBE767AC0BEA07EE1
:10A02000C1BE9673C2BEED97C3BE454EC4BE787026
:10A03000C5BE5D4EC6BE5291C7BEA953C8BE5165CE
:10A04000C9BEE765CABEFC81CBBE0582CCBE8E54BC
:10A05000CDBE315CCEBE9A75CFBEA097D0BED862C1
:10A06000D1BED972D2BEBD75D3BE455CD4BE799A7D
:10A07000D5BECA83D6BE405CD7BE8054D8BEE97771
:10A08000D9BE3E4EDABEAE6CDBBE5A80DCBED262BA
:10A09000DDBE6E63DEBEE85DDFBE7751E0BEDD8D06
:10A0A000E1BE1E8EE2BE2F95E3BEF14FE4BEE55346
:10A0B000E5BEE760E6BEAC70E7BE6752E8BE50633F
:10A0C000E9BE439EEABE1F5AEBBE2650ECBE377770
:10A0D000EDBE7753EEBEE27EEFBE8564F0BE2B652B
:10A0E000F1BE8962F2BE9863F3BE1450F4BE3572BD
:10A0F000F5BEC989F6BEB351F7BEC08BF8BEDD7E92
:10A10000F9BE4757FABECC83FBBEA794FCBE9B5159
:10A11000FDBE1B54FEBEFB5C40BFFB7D41BFFC7D12
:10A1200042BFFD7D43BFFE7D44BFFF7D45BF007E36
:10A1300046BF017E47BF027E48BF037E49BF047E03
:10A140004ABF057E4BBF067E4CBF077E4DBF087ED3
:10A150004EBF097E4FBF0A7E50BF0B7E51BF0C7EA3
:10A1600052BF0D7E53BF0E7E54BF0F7E55BF107E73
:10A1700056BF117E57BF127E58BF137E59BF147E43
:10A180005ABF157E5BBF167E5CBF177E5DBF187E13
:10A190005EBF197E5FBF1A7E60BF1B7E61BF1C7EE3
:10A1A00062BF1D7E63BF1E7E64BF1F7E65BF207EB3
:10A1B00066BF217E67BF227E68BF237E69BF247E83
:10A1C0006ABF257E6BBF267E6CBF277E6DBF287E53
:10A1D0006EBF297E6FBF2A7E70BF2B7E71BF2C7E23
:10A1E00072BF2D7E73BF2E7E74BF2F7E75BF307EF3
:10A1F00076BF317E77BF327E78BF337E79BF347EC3
:10A200007ABF357E7BBF367E7CBF377E7DBF387E92
:10A210007EBF397E80BF3A7E81BF3C7E82BF3D7E5D
:10A2200083BF3E7E84BF3F7E85BF407E86BF427E29
:10A2300087BF437E88BF447E89BF457E8ABF467EF6
:10A240008BBF487E8CBF497E8DBF4A7E8EBF4B7EC2
:10A250008FBF4C7E90BF4D7E91BF4E7E92BF4F7E92
:10A2600093BF507E94BF517E95BF527E96BF537E62
:10A2700097BF547E98BF557E99BF567E9ABF577E32
:10A280009BBF587E9CBF597E9DBF5A7E9EBF5B7E02
:10A290009FBF5C7EA0BF5D7EA1BFCA4FA2BFE37A15
:10A2A000A3BF5A6DA4BFE190A5BF8F9AA6BF8055EA
:10A2B000A7BF9654A8BF6153A9BFAF54AABF005F00
:10A2C000ABBFE963ACBF7769ADBFEF51AEBF6861AB
:10A2D000AFBF0A52B0BF2A58B1BFD852B2BF4E5713
:10A2E000B3BF0D78B4BF0B77B5BFB75EB6BF7761AC
:10A2F000B7BFE07CB8BF5B62B9BF9762BABFA24E7E
:10A30000BBBF9570BCBF0380BDBFF762BEBFE4702A
:10A31000BFBF6097C0BF7757C1BFDB82C2BFEF67C7
:10A32000C3BFF568C4BFD578C5BF9798C6BFD179FC
:10A33000C7BFF358C8BFB354C9BFEF53CABF346EC9
:10A34000CBBF4B51CCBF3B52CDBFA25BCEBFFE8B30
:10A35000CFBFAF80D0BF4355D1BFA657D2BF736028
:10A36000D3BF5157D4BF2D54D5BF7A7AD6BF5060D2
:10A37000D7BF545BD8BFA763D9BFA062DABFE3538E
:10A38000DBBF6362DCBFC75BDDBFAF67DEBFED5421
:10A39000DFBF9F7AE0BFE682E1BF7791E2BF935EC5
:10A3A000E3BFE488E4BF3859E5BFAE57E6BF0E63AC
:10A3B000E7BFE88DE8BFEF80E9BF5757EABF777B7B
:10A3C000EBBFA94FECBFEB5FEDBFBD5BEEBF3E6BDC
:10A3D000EFBF2153F0BF507BF1BFC272F2BF46689E
:10A3E000F3BFFF77F4BF3677F5BFF765F6BFB5511A
:10A3F000F7BF8F4EF8BFD476F9BFBF5CFABFA57A1E
:10A40000FBBF7584FCBF4E59FDBF419BFEBF805012
:10A4100040C05E7E41C05F7E42C0607E43C0617EC0
:10A4200044C0627E45C0637E46C0647E47C0657E90
:10A4300048C0667E49C0677E4AC0687E4BC0697E60
:10A440004CC06A7E4DC06B7E4EC06C7E4FC06D7E30
:10A4500050C06E7E51C06F7E52C0707E53C0717E00
:10A4600054C0727E55C0737E56C0747E57C0757ED0
:10A4700058C0767E59C0777E5AC0787E5BC0797EA0
:10A480005CC07A7E5DC07B7E5EC07C7E5FC07D7E70
:10A4900060C07E7E61C07F7E62C0807E63C0817E40
:10A4A00064C0837E65C0847E66C0857E67C0867E0C
:10A4B00068C0877E69C0887E6AC0897E6BC08A7EDC
:10A4C0006CC08B7E6DC08C7E6EC08D7E6FC08E7EAC
:10A4D00070C08F7E71C0907E72C0917E73C0927E7C
:10A4E00074C0937E75C0947E76C0957E77C0967E4C
:10A4F00078C0977E79C0987E7AC0997E7BC09A7E1C
:10A500007CC09C7E7DC09D7E7EC09E7E80C0AE7ED7
:10A5100081C0B47E82C0BB7E83C0BC7E84C0D67E38
:10A5200085C0E47E86C0EC7E87C0F97E88C00A7F45
:10A5300089C0107F8AC01E7F8BC0377F8CC0397F57
:10A540008DC03B7F8EC03C7F8FC03D7F90C03E7FE3
:10A5500091C03F7F92C0407F93C0417F94C0437FB2
:10A5600095C0467F96C0477F97C0487F98C0497F77
:10A5700099C04A7F9AC04B7F9BC04C7F9CC04D7F47
:10A580009DC04E7F9EC04F7F9FC0527FA0C0537F13
:10A59000A1C08899A2C02761A3C0836EA4C06457DC
:10A5A000A5C00666A6C04663A7C0F056A8C0EC6268
:10A5B000A9C06962AAC0D35EABC01496ACC0835771
:10A5C000ADC0C962AEC08755AFC02187B0C04A8157
:10A5D000B1C0A38FB2C06655B3C0B183B4C06567C4
:10A5E000B5C0568DB6C0DD84B7C06A5AB8C00F6812
:10A5F000B9C0E662BAC0EE7BBBC01196BCC0705158
:10A60000BDC09C6FBEC0308CBFC0FD63C0C0C889D8
:10A61000C1C0D261C2C0067FC3C0C270C4C0E56EF3
:10A62000C5C00574C6C09469C7C0FC72C8C0CA5E04
:10A63000C9C0CE90CAC01767CBC06A6DCCC05E637C
:10A64000CDC0B352CEC06272CFC00180D0C06C4FBB
:10A65000D1C0E559D2C06A91D3C0D970D4C09D6D24
:10A66000D5C0D252D6C0504ED7C0F796D8C06D953F
:10A67000D9C07E85DAC0CA78DBC02F7DDCC021510D
:10A68000DDC09257DEC0C264DFC08B80E0C07B7C3F
:10A69000E1C0EA6CE2C0F168E3C05E69E4C0B751B2
:10A6A000E5C09853E6C0A868E7C08172E8C0CE9EB6
:10A6B000E9C0F17BEAC0F872EBC0BB79ECC0136F64
:10A6C000EDC00674EEC04E67EFC0CC91F0C0A49C04
:10A6D000F1C03C79F2C08983F3C05483F4C00F54B5
:10A6E000F5C01768F6C03D4EF7C08953F8C0B152A7
:10A6F000F9C03E78FAC08653FBC02952FCC088508E
:10A70000FDC08B4FFEC0D04F40C1567F41C1597F25
:10A7100042C15B7F43C15C7F44C15D7F45C15E7FB9
:10A7200046C1607F47C1637F48C1647F49C1657F7F
:10A730004AC1667F4BC1677F4CC16B7F4DC16C7F47
:10A740004EC16D7F4FC16F7F50C1707F51C1737F0C
:10A7500052C1757F53C1767F54C1777F55C1787FD1
:10A7600056C17A7F57C17B7F58C17C7F59C17D7F9D
:10A770005AC17F7F5BC1807F5CC1827F5DC1837F67
:10A780005EC1847F5FC1857F60C1867F61C1877F35
:10A7900062C1887F63C1897F64C18B7F65C18D7F02
:10A7A00066C18F7F67C1907F68C1917F69C1927FC9
:10A7B0006AC1937F6BC1957F6CC1967F6DC1977F96
:10A7C0006EC1987F6FC1997F70C19B7F71C19C7F63
:10A7D00072C1A07F73C1A27F74C1A37F75C1A57F21
:10A7E00076C1A67F77C1A87F78C1A97F79C1AA7FEA
:10A7F0007AC1AB7F7BC1AC7F7CC1AD7F7DC1AE7FB9
:10A800007EC1B17F80C1B37F81C1B47F82C1B57F7A
:10A8100083C1B67F84C1B77F85C1BA7F86C1BB7F44
:10A8200087C1BE7F88C1C07F89C1C27F8AC1C37F03
:10A830008BC1C47F8CC1C67F8DC1C77F8EC1C87FCD
:10A840008FC1C97F90C1CB7F91C1CD7F92C1CF7F96
:10A8500093C1D07F94C1D17F95C1D27F96C1D37F60
:10A8600097C1D67F98C1D77F99C1D97F9AC1DA7F26
:10A870009BC1DB7F9CC1DC7F9DC1DD7F9EC1DE7FF4
:10A880009FC1E27FA0C1E37FA1C1E275A2C1CB7AE3
:10A89000A3C1927CA4C1A56CA5C1B696A6C19B52CA
:10A8A000A7C18374A8C1E954A9C1E94FAAC15480C2
:10A8B000ABC1B283ACC1DE8FADC17095AEC1C95E14
:10A8C000AFC11C60B0C19F6DB1C1185EB2C15B6504
:10A8D000B3C13881B4C1FE94B5C14B60B6C1BC7080
:10A8E000B7C1C37EB8C1AE7CB9C1C951BAC1816814
:10A8F000BBC1B17CBCC16F82BDC1244EBEC1868FBD
:10A90000BFC1CF91C0C17E66C1C1AE4EC2C1058C70
:10A91000C3C1A964C4C14A80C5C1DA50C6C1977514
:10A92000C7C1CE71C8C1E55BC9C1BD8FCAC1666F61
:10A93000CBC1864ECCC18264CDC16395CEC1D65EFB
:10A94000CFC19965D0C11752D1C1C288D2C1C870D8
:10A95000D3C1A352D4C10E73D5C13374D6C1976786
:10A96000D7C1F778D8C11697D9C1344EDAC1BB9098
:10A97000DBC1DE9CDCC1CB6DDDC1DB51DEC1418DB5
:10A98000DFC11D54E0C1CE62E1C1B273E2C1F18307
:10A99000E3C1F696E4C1849FE5C1C394E6C1364F96
:10A9A000E7C19A7FE8C1CC51E9C17570EAC17596DB
:10A9B000EBC1AD5CECC18698EDC1E653EEC1E44E4F
:10A9C000EFC19C6EF0C10974F1C1B469F2C16B783A
:10A9D000F3C18F99F4C15975F5C11852F6C12476A7
:10A9E000F7C1416DF8C1F367F9C16D51FAC1999F83
:10A9F000FBC14B80FCC19954FDC13C7BFEC1BF7AB9
:10AA000040C2E47F41C2E77F42C2E87F43C2EA7F9F
:10AA100044C2EB7F45C2EC7F46C2ED7F47C2EF7F69
:10AA200048C2F27F49C2F47F4AC2F57F4BC2F67F2B
:10AA30004CC2F77F4DC2F87F4EC2F97F4FC2FA7FFA
:10AA400050C2FD7F51C2FE7F52C2FF7F53C20280BF
:10AA500054C2078055C2088056C2098057C20A8076
:10AA600058C20E8059C20F805AC211805BC2138037
:10AA70005CC21A805DC21B805EC21D805FC21E80E8
:10AA800060C21F8061C2218062C2238063C22480B1
:10AA900064C22B8065C22C8066C22D8067C22E8066
:10AAA00068C22F8069C230806AC232806BC2348033
:10AAB0006CC239806DC23A806EC23C806FC23E80EB
:10AAC00070C2408071C2418072C2448073C24580AE
:10AAD00074C2478075C2488076C2498077C24E8072
:10AAE00078C24F8079C250807AC251807BC2538035
:10AAF0007CC255807DC256807EC2578080C25980FC
:10AB000081C25B8082C25C8083C25D8084C25E80C1
:10AB100085C25F8086C2608087C2618088C2628091
:10AB200089C263808AC264808BC265808CC2668061
:10AB30008DC267808EC268808FC26B8090C26C802D
:10AB400091C26D8092C26E8093C26F8094C27080F9
:10AB500095C2728096C2738097C2748098C27580C5
:10AB600099C276809AC277809BC278809CC2798095
:10AB70009DC27A809EC27B809FC27C80A0C27D8065
:10AB8000A1C28696A2C28457A3C2E262A4C247961B
:10AB9000A5C27C69A6C2045AA7C20264A8C2D37B1C
:10ABA000A9C20F6FAAC24B96ABC2A682ACC26253B7
:10ABB000ADC28598AEC2905EAFC28970B0C2B363B9
:10ABC000B1C26453B2C24F86B3C2819CB4C2939ED9
:10ABD000B5C28C78B6C23297B7C2EF8DB8C2428D7B
:10ABE000B9C27F9EBAC25E6FBBC28479BCC2555FD8
:10ABF000BDC24696BEC22E62BFC2749AC0C2155470
:10AC0000C1C2DD94C2C2A34FC3C2C565C4C2655CE4
:10AC1000C5C2615CC6C2157FC7C25186C8C22F6C4F
:10AC2000C9C28B5FCAC28773CBC2E46ECCC2FF7E3F
:10AC3000CDC2E65CCEC21B63CFC26A5BD0C2E66EF9
:10AC4000D1C27553D2C2714ED3C2A063D4C265754E
:10AC5000D5C2A162D6C26E8FD7C2264FD8C2D14EFE
:10AC6000D9C2A66CDAC2B67EDBC2BA8BDCC21D8446
:10AC7000DDC2BA87DEC2577FDFC23B90E0C22395B8
:10AC8000E1C2A97BE2C2A19AE3C2F888E4C23D8492
:10AC9000E5C21B6DE6C2869AE7C2DC7EE8C288592F
:10ACA000E9C2BB9EEAC29B73EBC20178ECC282860A
:10ACB000EDC26C9AEEC2829AEFC21B56F0C21754D4
:10ACC000F1C2CB57F2C2704EF3C2A69EF4C25653E5
:10ACD000F5C2C88FF6C20981F7C29277F8C292997D
:10ACE000F9C2EE86FAC2E16EFBC21385FCC2FC66B5
:10ACF000FDC26261FEC22B6F40C37E8041C3818072
:10AD000042C3828043C3858044C3888045C38A8010
:10AD100046C38D8047C38E8048C38F8049C39080CF
:10AD20004AC391804BC392804CC394804DC395809D
:10AD30004EC397804FC3998050C39E8051C3A38058
:10AD400052C3A68053C3A78054C3A88055C3AC8008
:10AD500056C3B08057C3B38058C3B58059C3B680BB
:10AD60005AC3B8805BC3B9805CC3BB805DC3C58078
:10AD70005EC3C7805FC3C88060C3C98061C3CA8027
:10AD800062C3CB8063C3CF8064C3D08065C3D180EE
:10AD900066C3D28067C3D38068C3D48069C3D580BB
:10ADA0006AC3D8806BC3DF806CC3E0806DC3E28070
:10ADB0006EC3E3806FC3E68070C3EE8071C3F5801D
:10ADC00072C3F78073C3F98074C3FB8075C3FE80C0
:10ADD00076C3FF8077C3008178C3018179C3038183
:10ADE0007AC304817BC305817CC307817DC308814D
:10ADF0007EC30B8180C30C8181C3158182C31781FF
:10AE000083C3198184C31B8185C31C8186C31D81B3
:10AE100087C31F8188C3208189C321818AC322817E
:10AE20008BC323818CC324818DC325818EC326814E
:10AE30008FC3278190C3288191C3298192C32A811E
:10AE400093C32B8194C32D8195C32E8196C33081EA
:10AE500097C3338198C3348199C335819AC33781AD
:10AE60009BC339819CC33A819DC33B819EC33C8176
:10AE70009FC33D81A0C33F81A1C3298CA2C39282FD
:10AE8000A3C32B83A4C3F276A5C3136CA6C3D95F57
:10AE9000A7C3BD83A8C32B73A9C30583AAC31A95EF
:10AEA000ABC3DB6BACC3DB77ADC3C694AEC36F5330
:10AEB000AFC30283B0C39251B1C33D5EB2C38C8CA9
:10AEC000B3C3388DB4C3484EB5C3AB73B6C39A672A
:10AED000B7C38568B8C37691B9C30997BAC364711B
:10AEE000BBC3A16CBCC30977BDC3925ABEC3419515
:10AEF000BFC3CF6BC0C38E7FC1C32766C2C3D05B45
:10AF0000C3C3B959C4C39A5AC5C3E895C6C3F79514
:10AF1000C7C3EC4EC8C30C84C9C39984CAC3AC6A06
:10AF2000CBC3DF76CCC33095CDC31B73CEC3A6682D
:10AF3000CFC35F5BD0C32F77D1C39A91D2C3619740
:10AF4000D3C3DC7CD4C3F78FD5C31C8CD6C3255F99
:10AF5000D7C3737CD8C3D879D9C3C589DAC3CC6CBD
:10AF6000DBC31C87DCC3C65BDDC3425EDEC3C968CE
:10AF7000DFC32077E0C3F57EE1C39551E2C34D51B5
:10AF8000E3C3C952E4C3295AE5C3057FE6C3629708
:10AF9000E7C3D782E8C3CF63E9C38477EAC3D08528
:10AFA000EBC3D279ECC33A6EEDC3995EEEC3995907
:10AFB000EFC31185F0C36D70F1C3116CF2C3BF62B2
:10AFC000F3C3BF76F4C34F65F5C3AF60F6C3FD9519
:10AFD000F7C30E66F8C39F87F9C3239EFAC3ED94A7
:10AFE000FBC30D54FCC37D54FDC32C8CFEC378649D
:10AFF00040C4408141C4418142C4428143C4438131
:10B0000044C4448145C4458146C4478147C44981FD
:10B0100048C44D8149C44E814AC44F814BC45281BA
:10B020004CC456814DC457814EC458814FC45B8176
:10B0300050C45C8151C45D8152C45E8153C45F8140
:10B0400054C4618155C4628156C4638157C464810C
:10B0500058C4668159C468815AC46A815BC46B81D3
:10B060005CC46C815DC46F815EC472815FC4738196
:10B0700060C4758161C4768162C4778163C478815C
:10B0800064C4818165C4838166C4848167C4858109
:10B0900068C4868169C487816AC489816BC48B81D5
:10B0A0006CC48C816DC48D816EC48E816FC490819F
:10B0B00070C4928171C4938172C4948173C4958168
:10B0C00074C4968175C4978176C4998177C49A8136
:10B0D00078C49E8179C49F817AC4A0817BC4A181F8
:10B0E0007CC4A2817DC4A4817EC4A58180C4A781C3
:10B0F00081C4A98182C4AB8183C4AC8184C4AD8185
:10B1000085C4AE8186C4AF8187C4B08188C4B18153
:10B1100089C4B2818AC4B4818BC4B5818CC4B68120
:10B120008DC4B7818EC4B8818FC4B98190C4BC81ED
:10B1300091C4BD8192C4BE8193C4BF8194C4C481B3
:10B1400095C4C58196C4C78197C4C88198C4C98174
:10B1500099C4CB819AC4CD819BC4CE819CC4CF813C
:10B160009DC4D0819EC4D1819FC4D281A0C4D3810B
:10B17000A1C47964A2C41186A3C4216AA4C49C8119
:10B18000A5C4E878A6C46964A7C4549BA8C4B962DE
:10B19000A9C42B67AAC4AB83ABC4A858ACC4D89EBF
:10B1A000ADC4AB6CAEC4206FAFC4DE5BB0C44C9614
:10B1B000B1C40B8CB2C45F72B3C4D067B4C4C762ED
:10B1C000B5C46172B6C4A94EB7C4C659B8C4CD6B74
:10B1D000B9C49358BAC4AE66BBC4555EBCC4DF5292
:10B1E000BDC45561BEC42867BFC4EE76C0C46677CF
:10B1F000C1C46772C2C4467AC3C4FF62C4C4EA54FD
:10B20000C5C45054C6C4A094C7C4A390C8C41C5A93
:10B21000C9C4B37ECAC4166CCBC4434ECCC47659E1
:10B22000CDC41080CEC44859CFC45753D0C437754D
:10B23000D1C4BE96D2C4CA56D3C42063D4C411812B
:10B24000D5C47C60D6C4F995D7C4D66DD8C4625431
:10B25000D9C48199DAC48551DBC4E95ADCC4FD80C4
:10B26000DDC4AE59DEC41397DFC42A50E0C4E56CD8
:10B27000E1C43C5CE2C4DF62E3C4604FE4C43F531A
:10B28000E5C47B81E6C40690E7C4BA6EE8C42B85AA
:10B29000E9C4C862EAC4745EEBC4BE78ECC4B564A9
:10B2A000EDC47B63EEC4F55FEFC4185AF0C47F9120
:10B2B000F1C41F9EF2C43F5CF3C44F63F4C44280E8
:10B2C000F5C47D5BF6C46E55F7C44A95F8C44D9538
:10B2D000F9C4856DFAC4A860FBC4E067FCC4DE72E3
:10B2E000FDC4DD51FEC4815B40C5D48141C5D5811B
:10B2F00042C5D68143C5D78144C5D88145C5D981CA
:10B3000046C5DA8147C5DB8148C5DC8149C5DD8199
:10B310004AC5DE814BC5DF814CC5E0814DC5E18169
:10B320004EC5E2814FC5E48150C5E58151C5E68136
:10B3300052C5E88153C5E98154C5EB8155C5EE81FD
:10B3400056C5EF8157C5F08158C5F18159C5F281C5
:10B350005AC5F5815BC5F6815CC5F7815DC5F8818D
:10B360005EC5F9815FC5FA8160C5FD8161C5FF8158
:10B3700062C5038263C5078264C5088265C5098208
:10B3800066C50A8267C50B8268C50E8269C50F82D1
:10B390006AC511826BC513826CC515826DC5168294
:10B3A0006EC517826FC5188270C5198271C51A8261
:10B3B00072C51D8273C5208274C5248275C525821D
:10B3C00076C5268277C5278278C5298279C52E82DF
:10B3D0007AC532827BC53A827CC53C827DC53D827E
:10B3E0007EC53F8280C5408281C5418282C542823E
:10B3F00083C5438284C5458285C5468286C5488209
:10B4000087C54A8288C54C8289C54D828AC54E82CD
:10B410008BC550828CC551828DC552828EC5538298
:10B420008FC5548290C5558291C5568292C5578268
:10B4300093C5598294C55B8295C55C8296C55D8231
:10B4400097C55E8298C5608299C561829AC56282FD
:10B450009BC563829CC564829DC565829EC56682CC
:10B460009FC56782A0C56982A1C5E762A2C5DE6CDF
:10B47000A3C55B72A4C56D62A5C5AE94A6C5BD7E0D
:10B48000A7C51381A8C5536DA9C59C51AAC5045F62
:10B49000ABC57459ACC5AA52ADC51260AEC57359DF
:10B4A000AFC59666B0C55086B1C59F75B2C52A6353
:10B4B000B3C5E661B4C5EF7CB5C5FA8BB6C5E65435
:10B4C000B7C5276BB8C5259EB9C5B46BBAC5D585B8
:10B4D000BBC55554BCC57650BDC5A46CBEC56A5528
:10B4E000BFC5B48DC0C52C72C1C5155EC2C515607F
:10B4F000C3C53674C4C5CD62C5C59263C6C54C729A
:10B50000C7C5985FC8C5436EC9C53E6DCAC500654D
:10B51000CBC5586FCCC5D876CDC5D078CEC5FC7616
:10B52000CFC55475D0C52452D1C5DB53D2C5534EB7
:10B53000D3C59E5ED4C5C165D5C52A80D6C5D68083
:10B54000D7C59B62D8C58654D9C52852DAC5AE7016
:10B55000DBC58D88DCC5D18DDDC5E16CDEC57854D9
:10B56000DFC5DA80E0C5F957E1C5F488E2C5548D3E
:10B57000E3C56A96E4C54D91E5C5694FE6C59B6C88
:10B58000E7C5B755E8C5C676E9C53078EAC5A8620B
:10B59000EBC5F970ECC58E6FEDC56D5FEEC5EC8443
:10B5A000EFC5DA68F0C57C78F1C5F77BF2C5A881F4
:10B5B000F3C50B67F4C54F9EF5C56763F6C5B07854
:10B5C000F7C56F57F8C51278F9C53997FAC579628A
:10B5D000FBC5AB62FCC58852FDC53574FEC5D76B93
:10B5E00040C66A8241C66B8242C66C8243C66D8287
:10B5F00044C6718245C6758246C6768247C6778242
:10B6000048C6788249C67B824AC67C824BC6808205
:10B610004CC681824DC683824EC685824FC68682C5
:10B6200050C6878251C6898252C68C8253C6908288
:10B6300054C6938255C6948256C6958257C6968242
:10B6400058C69A8259C69B825AC69E825BC6A08201
:10B650005CC6A2825DC6A3825EC6A7825FC6B282B6
:10B6600060C6B58261C6B68262C6BA8263C6BB8254
:10B6700064C6BC8265C6BF8266C6C08267C6C28217
:10B6800068C6C38269C6C5826AC6C6826BC6C982DD
:10B690006CC6D0826DC6D6826EC6D9826FC6DA827B
:10B6A00070C6DD8271C6E28272C6E78273C6E88226
:10B6B00074C6E98275C6EA8276C6EC8277C6ED82E8
:10B6C00078C6EE8279C6F0827AC6F2827BC6F382B1
:10B6D0007CC6F5827DC6F6827EC6F88280C6FA8276
:10B6E00081C6FC8282C6FD8283C6FE8284C6FF823A
:10B6F00085C6008386C60A8387C60B8388C60D83EA
:10B7000089C610838AC612838BC613838CC61683A0
:10B710008DC618838EC619838FC61D8390C61E835F
:10B7200091C61F8392C6208393C6218394C6228329
:10B7300095C6238396C6248397C6258398C62683F9
:10B7400099C629839AC62A839BC62E839CC63083BA
:10B750009DC632839EC637839FC63B83A0C63D836A
:10B76000A1C66455A2C63E81A3C6B275A4C6AE7674
:10B77000A5C63953A6C6DE75A7C6FB50A8C6415C50
:10B78000A9C66C8BAAC6C77BABC64F50ACC6477266
:10B79000ADC6979AAEC6D898AFC6026FB0C6E2746F
:10B7A000B1C66879B2C68764B3C6A577B4C6FC6271
:10B7B000B5C69198B6C62B8DB7C6C154B8C65880C9
:10B7C000B9C6524EBAC66A57BBC6F982BCC60D840A
:10B7D000BDC6735EBEC6ED51BFC6F674C0C6C48B8F
:10B7E000C1C64F5CC2C66157C3C6FC6CC4C687984D
:10B7F000C5C6465AC6C63478C7C6449BC8C6EB8F72
:10B80000C9C6957CCAC65652CBC65162CCC6FA94FC
:10B81000CDC6C64ECEC68683CFC66184D0C6E98368
:10B82000D1C6B284D2C6D457D3C63467D4C6035760
:10B83000D5C66E66D6C6666DD7C6318CD8C6DD66EF
:10B84000D9C61170DAC61F67DBC63A6BDCC616684C
:10B85000DDC61A62DEC6BB59DFC6034EE0C6C45160
:10B86000E1C6066FE2C6D267E3C68F6CE4C67651C6
:10B87000E5C6CB68E6C64759E7C6676BE8C6667596
:10B88000E9C60E5DEAC61081EBC6509FECC6D765CF
:10B89000EDC64879EEC64179EFC6919AF0C6778D2C
:10B8A000F1C6825CF2C65E4EF3C6014FF4C62F5459
:10B8B000F5C65159F6C60C78F7C66856F8C6146C2A
:10B8C000F9C6C48FFAC6035FFBC67D6CFCC6E36C89
:10B8D000FDC6AB8BFEC6906340C73E8341C73F8326
:10B8E00042C7418343C7428344C7448345C7458316
:10B8F00046C7488347C74A8348C74B8349C74C83D9
:10B900004AC74D834BC74E834CC753834DC755839E
:10B910004EC756834FC7578350C7588351C7598363
:10B9200052C75D8353C7628354C7708355C7718301
:10B9300056C7728357C7738358C7748359C77583B3
:10B940005AC776835BC779835CC77A835DC77E837A
:10B950005EC77F835FC7808360C7818361C782833F
:10B9600062C7838363C7848364C7878365C788830B
:10B9700066C78A8367C78B8368C78C8369C78D83D3
:10B980006AC78F836BC790836CC791836DC794839D
:10B990006EC795836FC7968370C7978371C7998366
:10B9A00072C79A8373C79D8374C79F8375C7A1832A
:10B9B00076C7A28377C7A38378C7A48379C7A583F3
:10B9C0007AC7A6837BC7A7837CC7AC837DC7AD83BB
:10B9D0007EC7AE8380C7AF8381C7B58382C7BB8371
:10B9E00083C7BE8384C7BF8385C7C28386C7C3831B
:10B9F00087C7C48388C7C68389C7C8838AC7C983E2
:10BA00008BC7CB838CC7CD838DC7CE838EC7D083A6
:10BA10008FC7D18390C7D28391C7D38392C7D58371
:10BA200093C7D78394C7D98395C7DA8396C7DB8337
:10BA300097C7DE8398C7E28399C7E3839AC7E483F5
:10BA40009BC7E6839CC7E7839DC7E8839EC7EB83BC
:10BA50009FC7EC83A0C7ED83A1C77060A2C73D6DEF
:10BA6000A3C77572A4C76662A5C78E94A6C7C594FE
:10BA7000A7C74353A8C7C18FA9C77E7BAAC7DF4EFC
:10BA8000ABC7268CACC77E4EADC7D49EAEC7B194B3
:10BA9000AFC7B394B0C74D52B1C75C6FB2C7639024
:10BAA000B3C7456DB4C7348CB5C71158B6C74C5D24
:10BAB000B7C7206BB8C7496BB9C7AA67BAC75B5489
:10BAC000BBC75481BCC78C7FBDC79958BEC73785DB
:10BAD000BFC73A5FC0C7A262C1C7476AC2C739952C
:10BAE000C3C77265C4C78460C5C76568C6C7A77782
:10BAF000C7C7544EC8C7A84FC9C7E75DCAC79897FC
:10BB0000CBC7AC64CCC7D87FCDC7ED5CCEC7CF4F19
:10BB1000CFC78D7AD0C70752D1C70483D2C7144E7E
:10BB2000D3C72F60D4C7837AD5C7A694D6C7B54FDD
:10BB3000D7C7B24ED8C7E679D9C73474DAC7E4524A
:10BB4000DBC7B982DCC7D264DDC7BD79DEC7DD5B88
:10BB5000DFC7816CE0C75297E1C77B8FE2C7226CD9
:10BB6000E3C73E50E4C77F53E5C7056EE6C7CE6422
:10BB7000E7C77466E8C7306CE9C7C560EAC777985D
:10BB8000EBC7F78BECC7865EEDC73C74EEC7777AE0
:10BB9000EFC7CB79F0C7184EF1C7B190F2C7037465
:10BBA000F3C7426CF4C7DA56F5C74B91F6C7C56CBC
:10BBB000F7C78B8DF8C73A53F9C7C686FAC7F2663E
:10BBC000FBC7AF8EFCC7485CFDC7719AFEC7206EED
:10BBD00040C8EE8341C8EF8342C8F38343C8F4836F
:10BBE00044C8F58345C8F68346C8F78347C8FA8337
:10BBF00048C8FB8349C8FC834AC8FE834BC8FF83FF
:10BC00004CC800844DC802844EC805844FC80784C0
:10BC100050C8088451C8098452C80A8453C8108483
:10BC200054C8128455C8138456C8148457C8158440
:10BC300058C8168459C817845AC819845BC81A840E
:10BC40005CC81B845DC81E845EC81F845FC82084D6
:10BC500060C8218461C8228462C8238463C829849F
:10BC600064C82A8465C82B8466C82C8467C82D8460
:10BC700068C82E8469C82F846AC830846BC832842F
:10BC80006CC833846DC834846EC835846FC83684FC
:10BC900070C8378471C8398472C83A8473C83B84C9
:10BCA00074C83E8475C83F8476C8408477C8418490
:10BCB00078C8428479C843847AC844847BC8458460
:10BCC0007CC847847DC848847EC8498480C84A842B
:10BCD00081C84B8482C84C8483C84D8484C84E84F8
:10BCE00085C84F8486C8508487C8528488C85384C6
:10BCF00089C854848AC855848BC856848CC8588493
:10BD00008DC85D848EC85E848FC85F8490C860844F
:10BD100091C8628492C8648493C8658494C8668418
:10BD200095C8678496C8688497C86A8498C86E84E2
:10BD300099C86F849AC870849BC872849CC87484A4
:10BD40009DC877849EC879849FC87B84A0C87C8462
:10BD5000A1C8D653A2C8365AA3C88B9FA4C8A38D26
:10BD6000A5C8BB53A6C80857A7C8A798A8C84367C3
:10BD7000A9C89B91AAC8C96CABC86851ACC8CA75A0
:10BD8000ADC8F362AEC8AC72AFC83852B0C89D52ED
:10BD9000B1C83A7FB2C89470B3C83876B4C8745387
:10BDA000B5C84A9EB6C8B769B7C86E78B8C8C09655
:10BDB000B9C8D988BAC8A47FBBC83671BCC8C3711A
:10BDC000BDC88951BEC8D367BFC8E474C0C8E458B1
:10BDD000C1C81865C2C8B756C3C8A98BC4C876996C
:10BDE000C5C87062C6C8D57EC7C8F960C8C8ED703E
:10BDF000C9C8EC58CAC8C14ECBC8BA4ECCC8CD5F72
:10BE0000CDC8E797CEC8FB4ECFC8A48BD0C803528D
:10BE1000D1C88A59D2C8AB7ED3C85462D4C8CD4EDB
:10BE2000D5C8E565D6C80E62D7C83883D8C8C984D6
:10BE3000D9C86383DAC88D87DBC89471DCC8B66E55
:10BE4000DDC8B95BDEC8D27EDFC89751E0C8C963E0
:10BE5000E1C8D467E2C88980E3C83983E4C815889B
:10BE6000E5C81251E6C87A5BE7C88259E8C8B18FC5
:10BE7000E9C8734EEAC85D6CEBC86551ECC825890A
:10BE8000EDC86F8FEEC82E96EFC84A85F0C85E7475
:10BE9000F1C81095F2C8F095F3C8A66DF4C8E58214
:10BEA000F5C8315FF6C89264F7C8126DF8C82884E7
:10BEB000F9C86E81FAC8C39CFBC85E58FCC85B8D8C
:10BEC000FDC8094EFEC8C15340C97D8441C97E8466
:10BED00042C97F8443C9808444C9818445C983841D
:10BEE00046C9848447C9858448C9868449C98A84E7
:10BEF0004AC98D844BC98F844CC990844DC99184A3
:10BF00004EC992844FC9938450C9948451C9958471
:10BF100052C9968453C9988454C99A8455C99B843C
:10BF200056C99D8457C99E8458C99F8459C9A08405
:10BF30005AC9A2845BC9A3845CC9A4845DC9A584D1
:10BF40005EC9A6845FC9A78460C9A88461C9A984A1
:10BF500062C9AA8463C9AB8464C9AC8465C9AD8471
:10BF600066C9AE8467C9B08468C9B18469C9B3843D
:10BF70006AC9B5846BC9B6846CC9B7846DC9BB8402
:10BF80006EC9BC846FC9BE8470C9C08471C9C284C3
:10BF900072C9C38473C9C58474C9C68475C9C7848A
:10BFA00076C9C88477C9CB8478C9CC8479C9CE8452
:10BFB0007AC9CF847BC9D2847CC9D4847DC9D58415
:10BFC0007EC9D78480C9D88481C9D98482C9DA84DA
:10BFD00083C9DB8484C9DC8485C9DE8486C9E184A5
:10BFE00087C9E28488C9E48489C9E7848AC9E88466
:10BFF0008BC9E9848CC9EA848DC9EB848EC9ED8430
:10C000008FC9EE8490C9EF8491C9F18492C9F284FA
:10C0100093C9F38494C9F48495C9F58496C9F684C8
:10C0200097C9F78498C9F88499C9F9849AC9FA8498
:10C030009BC9FB849CC9FD849DC9FE849EC9008563
:10C040009FC90185A0C90285A1C91E4FA2C9636508
:10C05000A3C95168A4C9D355A5C9274EA6C914645C
:10C06000A7C99A9AA8C96B62A9C9C25AAAC95F741A
:10C07000ABC97282ACC9A96DADC9EE68AEC9E75053
:10C08000AFC98E83B0C90278B1C94067B2C939520D
:10C09000B3C9996CB4C9B17EB5C9BB50B6C96555B1
:10C0A000B7C95E71B8C95B7BB9C95266BAC9CA73F0
:10C0B000BBC9EB82BCC94967BDC9715CBEC920520E
:10C0C000BFC97D71C0C96B88C1C9EA95C2C95596FF
:10C0D000C3C9C564C4C9618DC5C9B381C6C9845506
:10C0E000C7C9556CC8C94762C9C92E7FCAC9925809
:10C0F000CBC9244FCCC94655CDC94F8DCEC94C664E
:10C10000CFC90A4ED0C91A5CD1C9F388D2C9A26876
:10C11000D3C94E63D4C90D7AD5C9E770D6C98D820B
:10C12000D7C9FA52D8C9F697D9C9115CDAC9E85407
:10C13000DBC9B590DCC9CD7EDDC96259DEC94A8D47
:10C14000DFC9C786E0C90C82E1C90D82E2C9668DEC
:10C15000E3C94464E4C9045CE5C95161E6C9896D79
:10C16000E7C93E79E8C9BE8BE9C93778EAC93375B2
:10C17000EBC97B54ECC9384FEDC9AB8EEEC9F16DFC
:10C18000EFC9205AF0C9C57EF1C95E79F2C9886C41
:10C19000F3C9A15BF4C9765AF5C91A75F6C9BE8010
:10C1A000F7C94E61F8C9176EF9C9F058FAC91F7579
:10C1B000FBC92575FCC97272FDC94753FEC9F37EE0
:10C1C00040CA038541CA048542CA058543CA06851B
:10C1D00044CA078545CA088546CA098547CA0A85EB
:10C1E00048CA0B8549CA0D854ACA0E854BCA0F85B8
:10C1F0004CCA10854DCA12854ECA14854FCA158582
:10C2000050CA168551CA188552CA198553CA1B854A
:10C2100054CA1C8555CA1D8556CA1E8557CA208515
:10C2200058CA228559CA23855ACA24855BCA2585DE
:10C230005CCA26855DCA27855ECA28855FCA2985AE
:10C2400060CA2A8561CA2D8562CA2E8563CA2F8578
:10C2500064CA308565CA318566CA328567CA338546
:10C2600068CA348569CA35856ACA36856BCA3E850F
:10C270006CCA3F856DCA40856ECA41856FCA4285CA
:10C2800070CA448571CA458572CA468573CA478596
:10C2900074CA4B8575CA4C8576CA4D8577CA4E855A
:10C2A00078CA4F8579CA50857ACA51857BCA52852A
:10C2B0007CCA53857DCA54857ECA558580CA5785F8
:10C2C00081CA588582CA5A8583CA5B8584CA5C85BF
:10C2D00085CA5D8586CA5F8587CA608588CA61858B
:10C2E00089CA62858ACA63858BCA65858CCA668558
:10C2F0008DCA67858ECA69858FCA6A8590CA6B8523
:10C3000091CA6C8592CA6D8593CA6E8594CA6F85F1
:10C3100095CA708596CA718597CA738598CA7585BE
:10C3200099CA76859ACA77859BCA78859CCA7C8586
:10C330009DCA7D859ECA7F859FCA8085A0CA81854A
:10C34000A1CA0177A2CADB76A3CA6952A4CADC805B
:10C35000A5CA2357A6CA085EA7CA3159A8CAEE7251
:10C36000A9CABD65AACA7F6EABCAD78BACCA385CF6
:10C37000ADCA7186AECA4153AFCAF377B0CAFE6286
:10C38000B1CAF665B2CAC04EB3CADF98B4CA8086D5
:10C39000B5CA9E5BB6CAC68BB7CAF253B8CAE277B3
:10C3A000B9CA7F4FBACA4E5CBBCA769ABCCACB59CF
:10C3B000BDCA0F5FBECA3A79BFCAEB58C0CA164E93
:10C3C000C1CAFF67C2CA8B4EC3CAED62C4CA938A90
:10C3D000C5CA1D90C6CABF52C7CA2F66C8CADC5597
:10C3E000C9CA6C56CACA0290CBCAD54ECCCA8D4FA8
:10C3F000CDCACA91CECA7099CFCA0F6CD0CA025E9C
:10C40000D1CA4360D2CAA45BD3CAC689D4CAD58B69
:10C41000D5CA3665D6CA4B62D7CA9699D8CA885B40
:10C42000D9CAFF5BDACA8863DBCA2E55DCCAD75388
:10C43000DDCA2676DECA7D51DFCA2C85E0CAA26736
:10C44000E1CAB368E2CA8A6BE3CA9262E4CA938F14
:10C45000E5CAD453E6CA1282E7CAD16DE8CA8F751D
:10C46000E9CA664EEACA4E8DEBCA705BECCA9F7190
:10C47000EDCAAF85EECA9166EFCAD966F0CA727F7F
:10C48000F1CA0087F2CACD9EF3CA209FF4CA5E5C4F
:10C49000F5CA2F67F6CAF08FF7CA1168F8CA5F6746
:10C4A000F9CA0D62FACAD67AFBCA8558FCCAB65ECA
:10C4B000FDCA7065FECA316F40CB828541CB838552
:10C4C00042CB868543CB888544CB898545CB8A85FD
:10C4D00046CB8B8547CB8C8548CB8D8549CB8E85CC
:10C4E0004ACB90854BCB91854CCB92854DCB938598
:10C4F0004ECB94854FCB958550CB968551CB978568
:10C5000052CB988553CB998554CB9A8555CB9D8535
:10C5100056CB9E8557CB9F8558CBA08559CBA185FF
:10C520005ACBA2855BCBA3855CCBA5855DCBA685CD
:10C530005ECBA7855FCBA98560CBAB8561CBAC8596
:10C5400062CBAD8563CBB18564CBB28565CBB3855A
:10C5500066CBB48567CBB58568CBB68569CBB88526
:10C560006ACBBA856BCBBB856CCBBC856DCBBD85EF
:10C570006ECBBE856FCBBF8570CBC08571CBC285BE
:10C5800072CBC38573CBC48574CBC58575CBC6858B
:10C5900076CBC78577CBC88578CBCA8579CBCB8559
:10C5A0007ACBCC857BCBCD857CCBCE857DCBD18525
:10C5B0007ECBD28580CBD48581CBD68582CBD785E7
:10C5C00083CBD88584CBD98585CBDA8586CBDB85B3
:10C5D00087CBDD8588CBDE8589CBDF858ACBE0857F
:10C5E0008BCBE1858CCBE2858DCBE3858ECBE5854E
:10C5F0008FCBE68590CBE78591CBE88592CBEA851A
:10C6000093CBEB8594CBEC8595CBED8596CBEE85E6
:10C6100097CBEF8598CBF08599CBF1859ACBF285B6
:10C620009BCBF3859CCBF4859DCBF5859ECBF68586
:10C630009FCBF785A0CBF885A1CB5560A2CB375215
:10C64000A3CB0D80A4CB5464A5CB7088A6CB297551
:10C65000A7CB055EA8CB1368A9CBF462AACB1C9725
:10C66000ABCBCC53ACCB3D72ADCB018CAECB346CF1
:10C67000AFCB6177B0CB0E7AB1CB2E54B2CBAC77C7
:10C68000B3CB7A98B4CB1C82B5CBF48BB6CB5578B0
:10C69000B7CB1467B8CBC170B9CBAF65BACB9564D3
:10C6A000BBCB3656BCCB1D60BDCBC179BECBF853DE
:10C6B000BFCB1D4EC0CB7B6BC1CB8680C2CBFA5BA0
:10C6C000C3CBE355C4CBDB56C5CB3A4FC6CB3C4FAF
:10C6D000C7CB7299C8CBF35DC9CB7E67CACB388014
:10C6E000CBCB0260CCCB8298CDCB0190CECB8B5BF9
:10C6F000CFCBBC8BD0CBF58BD1CB1C64D2CB5882AB
:10C70000D3CBDE64D4CBFD55D5CBCF82D6CB6591D0
:10C71000D7CBD74FD8CB207DD9CB1F90DACB9F7CFE
:10C72000DBCBF350DCCB5158DDCBAF6EDECBBF5B48
:10C73000DFCBC98BE0CB8380E1CB7891E2CB9C84CB
:10C74000E3CB977BE4CB7D86E5CB8B96E6CB8F96D0
:10C75000E7CBE57EE8CBD39AE9CB8E78EACB815C58
:10C76000EBCB577AECCB4290EDCBA796EECB5F7933
:10C77000EFCB595BF0CB5F63F1CB0B7BF2CBD1847A
:10C78000F3CBAD68F4CB0655F5CB297FF6CB10740F
:10C79000F7CB227DF8CB0195F9CB4062FACB4C5810
:10C7A000FBCBD64EFCCB835BFDCB7959FECB5458EB
:10C7B00040CCF98541CCFA8542CCFC8543CCFD8543
:10C7C00044CCFE8545CC008646CC018647CC02860B
:10C7D00048CC038649CC04864ACC06864BCC0786D7
:10C7E0004CCC08864DCC09864ECC0A864FCC0B86A5
:10C7F00050CC0C8651CC0D8652CC0E8653CC0F8675
:10C8000054CC108655CC128656CC138657CC148641
:10C8100058CC158659CC17865ACC18865BCC19860D
:10C820005CCC1A865DCC1B865ECC1C865FCC1D86DC
:10C8300060CC1E8661CC1F8662CC208663CC2186AC
:10C8400064CC228665CC238666CC248667CC25867C
:10C8500068CC268669CC28866ACC2A866BCC2B8647
:10C860006CCC2C866DCC2D866ECC2E866FCC2F8614
:10C8700070CC308671CC318672CC328673CC3386E4
:10C8800074CC348675CC358676CC368677CC3786B4
:10C8900078CC398679CC3A867ACC3B867BCC3D867F
:10C8A0007CCC3E867DCC3F867ECC408680CC41864B
:10C8B00081CC428682CC438683CC448684CC458618
:10C8C00085CC468686CC478687CC488688CC4986E8
:10C8D00089CC4A868ACC4B868BCC4C868CCC5286B3
:10C8E0008DCC53868ECC55868FCC568690CC578671
:10C8F00091CC588692CC598693CC5B8694CC5C863E
:10C9000095CC5D8696CC5F8697CC608698CC618608
:10C9100099CC63869ACC64869BCC65869CCC6686D3
:10C920009DCC67869ECC68869FCC6986A0CC6A86A3
:10C93000A1CC6D73A2CC1E63A3CC4B8EA4CC0F8E66
:10C94000A5CCCE80A6CCD482A7CCAC62A8CCF05328
:10C95000A9CCF06CAACC5E91ABCC2A59ACCC0160CE
:10C96000ADCC706CAECC4D57AFCC4A64B0CC2A8DF8
:10C97000B1CC2B76B2CCE96EB3CC5B57B4CC806A29
:10C98000B5CCF075B6CC6D6FB7CC2D8CB8CC088C0F
:10C99000B9CC6657BACCEF6BBBCC9288BCCCB37821
:10C9A000BDCCA263BECCF953BFCCAD70C0CC646C1F
:10C9B000C1CC5858C2CC2A64C3CC0258C4CCE0685D
:10C9C000C5CC9B81C6CC1055C7CCD67CC8CC1850E2
:10C9D000C9CCBA8ECACCCC6DCBCC9F8DCCCCEB70F5
:10C9E000CDCC8F63CECC9B6DCFCCD46ED0CCE67E3D
:10C9F000D1CC0484D2CC4368D3CC0390D4CCD86DB2
:10CA0000D5CC7696D6CCA88BD7CC5759D8CC7972C2
:10CA1000D9CCE485DACC7E81DBCCBC75DCCC8A8ACF
:10CA2000DDCCAF68DECC5452DFCC228EE0CC119549
:10CA3000E1CCD063E2CC9898E3CC448EE4CC7C5536
:10CA4000E5CC534FE6CCFF66E7CC8F56E8CCD560FB
:10CA5000E9CC956DEACC4352EBCC495CECCC29593E
:10CA6000EDCCFB6DEECC6B58EFCC3075F0CC1C757B
:10CA7000F1CC6C60F2CC1482F3CC4681F4CC11631F
:10CA8000F5CC6167F6CCE28FF7CC3A77F8CCF38D32
:10CA9000F9CC348DFACCC194FBCC165EFCCC85531A
:10CAA000FDCC2C54FECCC37040CD6D8641CD6F863D
:10CAB00042CD708643CD728644CD738645CD748653
:10CAC00046CD758647CD768648CD778649CD788622
:10CAD0004ACD83864BCD84864CCD85864DCD8686CA
:10CAE0004ECD87864FCD888650CD898651CD8E8696
:10CAF00052CD8F8653CD908654CD918655CD92865A
:10CB000056CD948657CD968658CD978659CD988622
:10CB10005ACD99865BCD9A865CCD9B865DCD9E86EF
:10CB20005ECD9F865FCDA08660CDA18661CDA286B9
:10CB300062CDA58663CDA68664CDAB8665CDAD8678
:10CB400066CDAE8667CDB28668CDB38669CDB78631
:10CB50006ACDB8866BCDB9866CCDBB866DCDBC86F3
:10CB60006ECDBD866FCDBE8670CDBF8671CDC186C0
:10CB700072CDC28673CDC38674CDC58675CDC88689
:10CB800076CDCC8677CDCD8678CDD28679CDD3863D
:10CB90007ACDD5867BCDD6867CCDD7867DCDDA86FF
:10CBA0007ECDDC8680CDDD8681CDE08682CDE186BE
:10CBB00083CDE28684CDE38685CDE58686CDE68687
:10CBC00087CDE78688CDE88689CDEA868ACDEB8653
:10CBD0008BCDEC868CCDEF868DCDF5868ECDF68611
:10CBE0008FCDF78690CDFA8691CDFB8692CDFC86CF
:10CBF00093CDFD8694CDFF8695CD018796CD048794
:10CC000097CD058798CD068799CD0B879ACD0C8750
:10CC10009BCD0E879CCD0F879DCD10879ECD118714
:10CC20009FCD1487A0CD1687A1CD406CA2CDF75E15
:10CC3000A3CD5C50A4CDAD4EA5CDAD5EA6CD3A63DF
:10CC4000A7CD4782A8CD1A90A9CD5068AACD6E91E4
:10CC5000ABCDB377ACCD0C54ADCDDC94AECD645F31
:10CC6000AFCDE57AB0CD7668B1CD4563B2CD527B1C
:10CC7000B3CDDF7EB4CDDB75B5CD7750B6CD956243
:10CC8000B7CD3459B8CD0F90B9CDF851BACDC379DD
:10CC9000BBCD817ABCCDFE56BDCD925FBECD14908A
:10CCA000BFCD826DC0CD605CC1CD1F57C2CD1054C9
:10CCB000C3CD5451C4CD4D6EC5CDE256C6CDA8638B
:10CCC000C7CD9398C8CD7F81C9CD1587CACD2A8994
:10CCD000CBCD0090CCCD1E54CDCD6F5CCECDC081E0
:10CCE000CFCDD662D0CD5862D1CD3181D2CD359E57
:10CCF000D3CD4096D4CD6E9AD5CD7C9AD6CD2D6924
:10CD0000D7CDA559D8CDD362D9CD3E55DACD16634E
:10CD1000DBCDC754DCCDD986DDCD3C6DDECD035AED
:10CD2000DFCDE674E0CD9C88E1CD6A6BE2CD16598B
:10CD3000E3CD4C8CE4CD2F5FE5CD7E6EE6CDA973BF
:10CD4000E7CD7D98E8CD384EE9CDF770EACD8C5B24
:10CD5000EBCD9778ECCD3D63EDCD5A66EECD967672
:10CD6000EFCDCB60F0CD9B5BF1CD495AF2CD074EB4
:10CD7000F3CD5581F4CD6A6CF5CD8B73F6CDA14E14
:10CD8000F7CD8967F8CD517FF9CD805FFACDFA658F
:10CD9000FBCD1B67FCCDD85FFDCD8459FECD015A7C
:10CDA00040CE198741CE1B8742CE1D8743CE1F87B9
:10CDB00044CE208745CE248746CE268747CE278778
:10CDC00048CE288749CE2A874ACE2B874BCE2C8740
:10CDD0004CCE2D874DCE2F874ECE30874FCE32870B
:10CDE00050CE338751CE358752CE368753CE3887D3
:10CDF00054CE398755CE3A8756CE3C8757CE3D879D
:10CE000058CE408759CE41875ACE42875BCE438762
:10CE10005CCE44875DCE45875ECE46875FCE4A872F
:10CE200060CE4B8761CE4D8762CE4F8763CE5087F1
:10CE300064CE518765CE528766CE548767CE5587BC
:10CE400068CE568769CE58876ACE5A876BCE5B8785
:10CE50006CCE5C876DCE5D876ECE5E876FCE5F8752
:10CE600070CE618771CE628772CE668773CE678718
:10CE700074CE688775CE698776CE6A8777CE6B87E2
:10CE800078CE6C8779CE6D877ACE6F877BCE7187AF
:10CE90007CCE72877DCE73877ECE758780CE778776
:10CEA00081CE788782CE798783CE7A8784CE7F873A
:10CEB00085CE808786CE818787CE848788CE8687F9
:10CEC00089CE87878ACE89878BCE8A878CCE8C87BE
:10CED0008DCE8E878ECE8F878FCE908790CE918786
:10CEE00091CE928792CE948793CE958794CE968753
:10CEF00095CE988796CE998797CE9A8798CE9B871E
:10CF000099CE9C879ACE9D879BCE9E879CCEA087EC
:10CF10009DCEA1879ECEA2879FCEA387A0CEA487B9
:10CF2000A1CECD5DA2CEAE5FA3CE7153A4CEE697C7
:10CF3000A5CEDD8FA6CE4568A7CEF456A8CE2F5538
:10CF4000A9CEDF60AACE3A4EABCE4D6FACCEF47E0A
:10CF5000ADCEC782AECE0E84AFCED459B0CE1F4F69
:10CF6000B1CE2A4FB2CE3E5CB3CEAC7EB4CE2A67F1
:10CF7000B5CE1A85B6CE7354B7CE4F75B8CEC38032
:10CF8000B9CE8255BACE4F9BBBCE4D4FBCCE2D6E87
:10CF9000BDCE138CBECE095CBFCE7061C0CE6B53CC
:10CFA000C1CE1F76C2CE296EC3CE8A86C4CE876517
:10CFB000C5CEFB95C6CEB97EC7CE3B54C8CE337A1C
:10CFC000C9CE0A7DCACEEE95CBCEE155CCCEC17F7F
:10CFD000CDCEEE74CECE1D63CFCE1787D0CEA16D51
:10CFE000D1CE9D7AD2CE1162D3CEA165D4CE675375
:10CFF000D5CEE163D6CE836CD7CEEB5DD8CE5C5474
:10D00000D9CEA894DACE4C4EDBCE616CDCCEEC8B64
:10D01000DDCE4B5CDECEE065DFCE9C82E0CEA76845
:10D02000E1CE3E54E2CE3454E3CECB6BE4CE666B1D
:10D03000E5CE944EE6CE4263E7CE4853E8CE1E825C
:10D04000E9CE0D4FEACEAE4FEBCE5E57ECCE0A6284
:10D05000EDCEFE96EECE6466EFCE6972F0CEFF5254
:10D06000F1CEA152F2CE9F60F3CEEF8BF4CE1466D8
:10D07000F5CE9971F6CE9067F7CE7F89F8CE5278CB
:10D08000F9CEFD77FACE7066FBCE3B56FCCE385417
:10D09000FDCE2195FECE7A7240CFA58741CFA687DF
:10D0A00042CFA78743CFA98744CFAA8745CFAE8772
:10D0B00046CFB08747CFB18748CFB28749CFB48733
:10D0C0004ACFB6874BCFB7874CCFB8874DCFB987FC
:10D0D0004ECFBB874FCFBC8750CFBE8751CFBF87C6
:10D0E00052CFC18753CFC28754CFC38755CFC48790
:10D0F00056CFC58757CFC78758CFC88759CFC9875D
:10D100005ACFCC875BCFCD875CCFCE875DCFCF8723
:10D110005ECFD0875FCFD48760CFD58761CFD687EA
:10D1200062CFD78763CFD88764CFD98765CFDA87B7
:10D1300066CFDC8767CFDD8768CFDE8769CFDF8783
:10D140006ACFE1876BCFE2876CCFE3876DCFE4874F
:10D150006ECFE6876FCFE78770CFE88771CFE9871B
:10D1600072CFEB8773CFEC8774CFED8775CFEF87E6
:10D1700076CFF08777CFF18778CFF28779CFF387B3
:10D180007ACFF4877BCFF5877CCFF6877DCFF78783
:10D190007ECFF88780CFFA8781CFFB8782CFFC874D
:10D1A00083CFFD8784CFFF8785CF008886CF018816
:10D1B00087CF028888CF048889CF05888ACF0688E0
:10D1C0008BCF07888CCF08888DCF09888ECF0B88AE
:10D1D0008FCF0C8890CF0D8891CF0E8892CF0F887B
:10D1E00093CF108894CF118895CF128896CF14884A
:10D1F00097CF178898CF188899CF19889ACF1A880F
:10D200009BCF1C889CCF1D889DCF1E889ECF1F88DA
:10D210009FCF2088A0CF2388A1CF007AA2CF6F60B4
:10D22000A3CF0C5EA4CF8960A5CF9D81A6CF155951
:10D23000A7CFDC60A8CF8471A9CFEF70AACFAA6E68
:10D24000ABCF506CACCF8072ADCF846AAECFAD881F
:10D25000AFCF2D5EB0CF604EB1CFB35AB2CF9C5599
:10D26000B3CFE394B4CF176DB5CFFB7CB6CF99960F
:10D27000B7CF0F62B8CFC67EB9CF8E77BACF7E86D2
:10D28000BBCF2353BCCF1E97BDCF968FBECF876633
:10D29000BFCFE15CC0CFA04FC1CFED72C2CF0B4E6C
:10D2A000C3CFA653C4CF0F59C5CF1354C6CF806385
:10D2B000C7CF2895C8CF4851C9CFD94ECACF9C9C5B
:10D2C000CBCFA47ECCCFB854CDCF248DCECF548835
:10D2D000CFCF3782D0CFF295D1CF8E6DD2CF265F10
:10D2E000D3CFCC5AD4CF3E66D5CF6996D6CFB073C4
:10D2F000D7CF2E73D8CFBF53D9CF7A81DACF8599C4
:10D30000DBCFA17FDCCFAA5BDDCF7796DECF509657
:10D31000DFCFBF7EE0CFF876E1CFA253E2CF7695A4
:10D32000E3CF9999E4CFB17BE5CF4489E6CF586E3E
:10D33000E7CF614EE8CFD47FE9CF6579EACFE68BBE
:10D34000EBCFF360ECCFCD54EDCFAB4EEECF799871
:10D35000EFCFF75DF0CF616AF1CFCF50F2CF11542C
:10D36000F3CF618CF4CF2784F5CF5D78F6CF0497A7
:10D37000F7CF4A52F8CFEE54F9CFA356FACF009523
:10D38000FBCF886DFCCFB55BFDCFC66DFECF53667E
:10D3900040D0248841D0258842D0268843D0278891
:10D3A00044D0288845D0298846D02A8847D02B8861
:10D3B00048D02C8849D02D884AD02E884BD02F8831
:10D3C0004CD030884DD031884ED033884FD03488FF
:10D3D00050D0358851D0368852D0378853D03888CD
:10D3E00054D03A8855D03B8856D03D8857D03E8897
:10D3F00058D03F8859D041885AD042885BD0438862
:10D400005CD046885DD047885ED048885FD0498828
:10D4100060D04A8861D04B8862D04E8863D04F88F4
:10D4200064D0508865D0518866D0528867D05388C0
:10D4300068D0558869D056886AD058886BD05A8889
:10D440006CD05B886DD05C886ED05D886FD05E8854
:10D4500070D05F8871D0608872D0668873D067881A
:10D4600074D06A8875D06D8876D06F8877D07188CF
:10D4700078D0738879D074887AD075887BD0768894
:10D480007CD078887DD079887ED07A8880D07B885F
:10D4900081D07C8882D0808883D0838884D086881D
:10D4A00085D0878886D0898887D08A8888D08C88DC
:10D4B00089D08E888AD08F888BD090888CD09188A4
:10D4C0008DD093888ED094888FD0958890D097886F
:10D4D00091D0988892D0998893D09A8894D09B883C
:10D4E00095D09D8896D09E8897D09F8898D0A08808
:10D4F00099D0A1889AD0A3889BD0A5889CD0A688D3
:10D500009DD0A7889ED0A8889FD0A988A0D0AA889F
:10D51000A1D00F5CA2D05D5BA3D02168A4D096807F
:10D52000A5D07855A6D0117BA7D04865A8D054695E
:10D53000A9D09B4EAAD0476BABD04E87ACD08B976F
:10D54000ADD04F53AED01F63AFD03A64B0D0AA90E5
:10D55000B1D09C65B2D0C180B3D0108CB4D09951F9
:10D56000B5D0B068B6D07853B7D0F987B8D0C86115
:10D57000B9D0C46CBAD0FB6CBBD0228CBCD0515C8F
:10D58000BDD0AA85BED0AF82BFD00C95C0D0236BD2
:10D59000C1D09B8FC2D0B065C3D0FB5FC4D0C35F86
:10D5A000C5D0E14FC6D04588C7D01F66C8D06581B9
:10D5B000C9D02973CAD0FA60CBD07451CCD01152E3
:10D5C000CDD08B57CED0625FCFD0A290D0D04C8838
:10D5D000D1D09291D2D0785ED3D04F67D4D027608B
:10D5E000D5D0D359D6D04451D7D0F651D8D0F88021
:10D5F000D9D00853DAD0796CDBD0C496DCD08A71EC
:10D60000DDD0114FDED0EE4FDFD09E7FE0D03D6702
:10D61000E1D0C555E2D00895E3D0C079E4D0968832
:10D62000E5D0E37EE6D09F58E7D00C62E8D00097C3
:10D63000E9D05A86EAD01856EBD07B98ECD0905FB0
:10D64000EDD0B88BEED0C484EFD05791F0D0D95341
:10D65000F1D0ED65F2D08F5EF3D05C75F4D06460EC
:10D66000F5D06E7DF6D07F5AF7D0EA7EF8D0ED7E09
:10D67000F9D0698FFAD0A755FBD0A35BFCD0AC6082
:10D68000FDD0CB65FED0847340D1AC8841D1AE884B
:10D6900042D1AF8843D1B08844D1B28845D1B38854
:10D6A00046D1B48847D1B58848D1B68849D1B88821
:10D6B0004AD1B9884BD1BA884CD1BB884DD1BD88ED
:10D6C0004ED1BE884FD1BF8850D1C08851D1C388B8
:10D6D00052D1C48853D1C78854D1C88855D1CA887B
:10D6E00056D1CB8857D1CC8858D1CD8859D1CF8845
:10D6F0005AD1D0885BD1D1885CD1D3885DD1D6880E
:10D700005ED1D7885FD1DA8860D1DB8861D1DC88CF
:10D7100062D1DD8863D1DE8864D1E08865D1E1889B
:10D7200066D1E68867D1E78868D1E98869D1EA8857
:10D730006AD1EB886BD1EC886CD1ED886DD1EE8825
:10D740006ED1EF886FD1F28870D1F58871D1F688EB
:10D7500072D1F78873D1FA8874D1FB8875D1FD88AE
:10D7600076D1FF8877D1008978D1018979D1038971
:10D770007AD104897BD105897CD106897DD107893D
:10D780007ED1088980D1098981D10B8982D10C8908
:10D7900083D10D8984D10E8985D10F8986D11189D4
:10D7A00087D1148988D1158989D116898AD1178999
:10D7B0008BD118898CD11C898DD11D898ED11E8960
:10D7C0008FD11F8990D1208991D1228992D123892B
:10D7D00093D1248994D1268995D1278996D12889F6
:10D7E00097D1298998D12C8999D12D899AD12E89BF
:10D7F0009BD12F899CD131899DD132899ED133898A
:10D800009FD13589A0D13789A1D10990A2D1637662
:10D81000A3D12977A4D1DA7EA5D17497A6D19B850F
:10D82000A7D1665BA8D1747AA9D1EA96AAD140881B
:10D83000ABD1CB52ACD18F71ADD1AA5FAED1EC657B
:10D84000AFD1E28BB0D1FB5BB1D16F9AB2D1E15DC8
:10D85000B3D1896BB4D15B6CB5D1AD8BB6D1AF8B85
:10D86000B7D10A90B8D1C58FB9D18B53BAD1BC62A8
:10D87000BBD1269EBCD12D9EBDD14054BED12B4ED6
:10D88000BFD1BD82C0D15972C1D19C86C2D1165DB3
:10D89000C3D15988C4D1AF6DC5D1C596C6D1D154B5
:10D8A000C7D19A4EC8D1B68BC9D10971CAD1BD545E
:10D8B000CBD10996CCD1DF70CDD1F96DCED1D07658
:10D8C000CFD1254ED0D11478D1D11287D2D1A95C35
:10D8D000D3D1F65ED4D1008AD5D19C98D6D10E96FC
:10D8E000D7D18E70D8D1BF6CD9D14459DAD1A963C0
:10D8F000DBD13C77DCD14D88DDD1146FDED1738272
:10D90000DFD13058E0D1D571E1D18C53E2D11A7812
:10D91000E3D1C196E4D10155E5D1665FE6D130711E
:10D92000E7D1B45BE8D11A8CE9D18C9AEAD1836B48
:10D93000EBD12E59ECD12F9EEDD1E779EED168676E
:10D94000EFD16C62F0D16F4FF1D1A175F2D18A7F26
:10D95000F3D10B6DF4D13396F5D1276CF6D1F04E9F
:10D96000F7D1D275F8D17B51F9D13768FAD13E6F32
:10D97000FBD18090FCD17081FDD19659FED1767497
:10D9800040D2388941D2398942D23A8943D23B893F
:10D9900044D23C8945D23D8946D23E8947D23F890F
:10D9A00048D2408949D242894AD243894BD24589DB
:10D9B0004CD246894DD247894ED248894FD24989A7
:10D9C00050D24A8951D24B8952D24C8953D24D8977
:10D9D00054D24E8955D24F8956D2508957D2518947
:10D9E00058D2528959D253895AD254895BD2558917
:10D9F0005CD256895DD257895ED258895FD25989E7
:10DA000060D25A8961D25B8962D25C8963D25D89B6
:10DA100064D2608965D2618966D2628967D263897E
:10DA200068D2648969D265896AD267896BD268894C
:10DA30006CD269896DD26A896ED26B896FD26C891A
:10DA400070D26D8971D26E8972D26F8973D27089EA
:10DA500074D2718975D2728976D2738977D27489BA
:10DA600078D2758979D276897AD277897BD278898A
:10DA70007CD279897DD27A897ED27C8980D27D8957
:10DA800081D27E8982D2808983D2828984D284891C
:10DA900085D2858986D2878987D2888988D28989E3
:10DAA00089D28A898AD28B898BD28C898CD28D89B2
:10DAB0008DD28E898ED28F898FD2908990D2918982
:10DAC00091D2928992D2938993D2948994D2958952
:10DAD00095D2968996D2978997D2988998D2998922
:10DAE00099D29A899AD29B899BD29C899CD29D89F2
:10DAF0009DD29E899ED29F899FD2A089A0D2A189C2
:10DB0000A1D24764A2D2275CA3D26590A4D2917A15
:10DB1000A5D2238CA6D2DA59A7D2AC54A8D20082BF
:10DB2000A9D26F83AAD28189ABD20080ACD23069EE
:10DB3000ADD24E56AED23680AFD23772B0D2CE9181
:10DB4000B1D2B651B2D25F4EB3D27598B4D2966309
:10DB5000B5D21A4EB6D2F653B7D2F366B8D24B81CD
:10DB6000B9D21C59BAD2B26DBBD2004EBCD2F95850
:10DB7000BDD23B53BED2D663BFD2F194C0D29D4F2B
:10DB8000C1D20A4FC2D26388C3D29098C4D2375947
:10DB9000C5D25790C6D2FB79C7D2EA4EC8D2F08020
:10DBA000C9D29175CAD2826CCBD29C5BCCD2E859D7
:10DBB000CDD25D5FCED20569CFD28186D0D21A5048
:10DBC000D1D2F25DD2D2594ED3D2E377D4D2E54E40
:10DBD000D5D27A82D6D29162D7D21366D8D291901A
:10DBE000D9D2795CDAD2BF4EDBD2795FDCD2C68182
:10DBF000DDD23890DED28480DFD2AB75E0D2A64E83
:10DC0000E1D2D488E2D20F61E3D2C56BE4D2C65F21
:10DC1000E5D2494EE6D2CA76E7D2A26EE8D2E38BCD
:10DC2000E9D2AE8BEAD20A8CEBD2D18BECD2025F76
:10DC3000EDD2FC7FEED2CC7FEFD2CE7EF0D2358318
:10DC4000F1D26B83F2D2E056F3D2B76BF4D2F397F2
:10DC5000F5D23496F6D2FB59F7D21F54F8D2F69487
:10DC6000F9D2EB6DFAD2C55BFBD26E99FCD2395C6E
:10DC7000FDD2155FFED2909640D3A28941D3A389ED
:10DC800042D3A48943D3A58944D3A68945D3A78980
:10DC900046D3A88947D3A98948D3AA8949D3AB8950
:10DCA0004AD3AC894BD3AD894CD3AE894DD3AF8920
:10DCB0004ED3B0894FD3B18950D3B28951D3B389F0
:10DCC00052D3B48953D3B58954D3B68955D3B789C0
:10DCD00056D3B88957D3B98958D3BA8959D3BB8990
:10DCE0005AD3BC895BD3BD895CD3BE895DD3BF8960
:10DCF0005ED3C0895FD3C38960D3CD8961D3D38913
:10DD000062D3D48963D3D58964D3D78965D3D889BD
:10DD100066D3D98967D3DB8968D3DD8969D3DF8985
:10DD20006AD3E0896BD3E1896CD3E2896DD3E4894E
:10DD30006ED3E7896FD3E88970D3E98971D3EA8913
:10DD400072D3EC8973D3ED8974D3EE8975D3F089DE
:10DD500076D3F18977D3F28978D3F48979D3F589A9
:10DD60007AD3F6897BD3F7897CD3F8897DD3F98977
:10DD70007ED3FA8980D3FB8981D3FC8982D3FD8944
:10DD800083D3FE8984D3FF8985D3018A86D3028A0F
:10DD900087D3038A88D3048A89D3058A8AD3068ADB
:10DDA0008BD3088A8CD3098A8DD30A8A8ED30B8AA7
:10DDB0008FD30C8A90D30D8A91D30E8A92D30F8A77
:10DDC00093D3108A94D3118A95D3128A96D3138A47
:10DDD00097D3148A98D3158A99D3168A9AD3178A17
:10DDE0009BD3188A9CD3198A9DD31A8A9ED31B8AE7
:10DDF0009FD31C8AA0D31D8AA1D37053A2D3F182D2
:10DE0000A3D3316AA4D3745AA5D3709EA6D3945ECB
:10DE1000A7D3287FA8D3B983A9D32484AAD32584E0
:10DE2000ABD36783ACD34787ADD3CE8FAED3628DF0
:10DE3000AFD3C876B0D3715FB1D39698B2D36C78B4
:10DE4000B3D32066B4D3DF54B5D3E562B6D3634F02
:10DE5000B7D3C381B8D3C875B9D3B85EBAD3CD969A
:10DE6000BBD30A8EBCD3F986BDD38F54BED3F36C1B
:10DE7000BFD38C6DC0D3386CC1D37F60C2D3C752BF
:10DE8000C3D32875C4D37D5EC5D3184FC6D3A06055
:10DE9000C7D3E75FC8D3245CC9D33175CAD3AE906A
:10DEA000CBD3C094CCD3B972CDD3B96CCED3386EAA
:10DEB000CFD34991D0D30967D1D3CB53D2D3F35326
:10DEC000D3D3514FD4D3C991D5D3F18BD6D3C85323
:10DED000D7D37C5ED8D3C28FD9D3E46DDAD38E4E3C
:10DEE000DBD3C276DCD38669DDD35E86DED31A61EE
:10DEF000DFD30682E0D3594FE1D3DE4FE2D33E9029
:10DF0000E3D37C9CE4D30961E5D31D6EE6D3146EA4
:10DF1000E7D38596E8D3884EE9D3315AEAD3E89619
:10DF2000EBD30E4EECD37F5CEDD3B979EED3875BA8
:10DF3000EFD3ED8BF0D3BD7FF1D38973F2D3DF57ED
:10DF4000F3D38B82F4D3C190F5D30154F6D3479029
:10DF5000F7D3BB55F8D3EA5CF9D3A15FFAD30861D4
:10DF6000FBD3326BFCD3F172FDD3B280FED3898A2E
:10DF700040D41E8A41D41F8A42D4208A43D4218AA5
:10DF800044D4228A45D4238A46D4248A47D4258A75
:10DF900048D4268A49D4278A4AD4288A4BD4298A45
:10DFA0004CD42A8A4DD42B8A4ED42C8A4FD42D8A15
:10DFB00050D42E8A51D42F8A52D4308A53D4318AE5
:10DFC00054D4328A55D4338A56D4348A57D4358AB5
:10DFD00058D4368A59D4378A5AD4388A5BD4398A85
:10DFE0005CD43A8A5DD43B8A5ED43C8A5FD43D8A55
:10DFF00060D43F8A61D4408A62D4418A63D4428A21
:10E0000064D4438A65D4448A66D4458A67D4468AF0
:10E0100068D4478A69D4498A6AD44A8A6BD44B8ABD
:10E020006CD44C8A6DD44D8A6ED44E8A6FD44F8A8C
:10E0300070D4508A71D4518A72D4528A73D4538A5C
:10E0400074D4548A75D4558A76D4568A77D4578A2C
:10E0500078D4588A79D4598A7AD45A8A7BD45B8AFC
:10E060007CD45C8A7DD45D8A7ED45E8A80D45F8ACB
:10E0700081D4608A82D4618A83D4628A84D4638A98
:10E0800085D4648A86D4658A87D4668A88D4678A68
:10E0900089D4688A8AD4698A8BD46A8A8CD46B8A38
:10E0A0008DD46C8A8ED46D8A8FD46E8A90D46F8A08
:10E0B00091D4708A92D4718A93D4728A94D4738AD8
:10E0C00095D4748A96D4758A97D4768A98D4778AA8
:10E0D00099D4788A9AD47A8A9BD47B8A9CD47C8A75
:10E0E0009DD47D8A9ED47E8A9FD47F8AA0D4808A44
:10E0F000A1D4746DA2D4D35BA3D4D588A4D48498BE
:10E10000A5D46B8CA6D46D9AA7D4339EA8D40A6EDE
:10E11000A9D4A451AAD44351ABD4A357ACD4818879
:10E12000ADD49F53AED4F463AFD4958FB0D4ED5635
:10E13000B1D45854B2D40657B3D43F73B4D4906E0C
:10E14000B5D4187FB6D4DC8FB7D4D182B8D43F61B0
:10E15000B9D42860BAD46296BBD4F066BCD4A67E8B
:10E16000BDD48A8DBED4C38DBFD4A594C0D4B35CB6
:10E17000C1D4A47CC2D40867C3D4A660C4D4059615
:10E18000C5D41880C6D4914EC7D4E790C8D40053E4
:10E19000C9D46896CAD44151CBD4D08FCCD474851D
:10E1A000CDD45D91CED45566CFD4F597D0D4555B00
:10E1B000D1D41D53D2D43878D3D44267D4D43D6857
:10E1C000D5D4C954D6D47E70D7D4B05BD8D47D8F83
:10E1D000D9D48D51DAD42857DBD4B154DCD41265AC
:10E1E000DDD48266DED45E8DDFD4438DE0D40F8132
:10E1F000E1D46C84E2D46D90E3D4DF7CE4D4FF51AD
:10E20000E5D4FB85E6D4A367E7D4E965E8D4A16F3C
:10E21000E9D4A486EAD4818EEBD46A56ECD420905B
:10E22000EDD48276EED47670EFD4E571F0D4238D00
:10E23000F1D4E962F2D41952F3D4FD6CF4D43C8DDC
:10E24000F5D40E60F6D49E58F7D48E61F8D4FE66ED
:10E25000F9D4608DFAD44E62FBD4B355FCD4236E4E
:10E26000FDD42D67FED4678F40D5818A41D5828A3F
:10E2700042D5838A43D5848A44D5858A45D5868A02
:10E2800046D5878A47D5888A48D58B8A49D58C8ACE
:10E290004AD58D8A4BD58E8A4CD58F8A4DD5908A9A
:10E2A0004ED5918A4FD5928A50D5948A51D5958A68
:10E2B00052D5968A53D5978A54D5988A55D5998A36
:10E2C00056D59A8A57D59B8A58D59C8A59D59D8A06
:10E2D0005AD59E8A5BD59F8A5CD5A08A5DD5A18AD6
:10E2E0005ED5A28A5FD5A38A60D5A48A61D5A58AA6
:10E2F00062D5A68A63D5A78A64D5A88A65D5A98A76
:10E3000066D5AA8A67D5AB8A68D5AC8A69D5AD8A45
:10E310006AD5AE8A6BD5AF8A6CD5B08A6DD5B18A15
:10E320006ED5B28A6FD5B38A70D5B48A71D5B58AE5
:10E3300072D5B68A73D5B78A74D5B88A75D5B98AB5
:10E3400076D5BA8A77D5BB8A78D5BC8A79D5BD8A85
:10E350007AD5BE8A7BD5BF8A7CD5C08A7DD5C18A55
:10E360007ED5C28A80D5C38A81D5C48A82D5C58A22
:10E3700083D5C68A84D5C78A85D5C88A86D5C98AF1
:10E3800087D5CA8A88D5CB8A89D5CC8A8AD5CD8AC1
:10E390008BD5CE8A8CD5CF8A8DD5D08A8ED5D18A91
:10E3A0008FD5D28A90D5D38A91D5D48A92D5D58A61
:10E3B00093D5D68A94D5D78A95D5D88A96D5D98A31
:10E3C00097D5DA8A98D5DB8A99D5DC8A9AD5DD8A01
:10E3D0009BD5DE8A9CD5DF8A9DD5E08A9ED5E18AD1
:10E3E0009FD5E28AA0D5E38AA1D5E194A2D5F8957C
:10E3F000A3D52877A4D50568A5D5A869A6D58B543B
:10E40000A7D54D4EA8D5B870A9D5C88BAAD5586444
:10E41000ABD58B65ACD5855BADD5847AAED53A509E
:10E42000AFD5E85BB0D5BB77B1D5E16BB2D5798A12
:10E43000B3D5987CB4D5BE6CB5D5CF76B6D5A96525
:10E44000B7D5978FB8D52D5DB9D5555CBAD5388677
:10E45000BBD50868BCD56053BDD51862BED5D97A86
:10E46000BFD55B6EC0D5FD7EC1D51F6AC2D5E07A2F
:10E47000C3D5705FC4D5336FC5D5205FC6D58C6357
:10E48000C7D5A86DC8D55667C9D5084ECAD5105E80
:10E49000CBD5268DCCD5D74ECDD5C080CED5347634
:10E4A000CFD59C96D0D5DB62D1D52D66D2D57E62F4
:10E4B000D3D5BC6CD4D5758DD5D56771D6D5697FCC
:10E4C000D7D54651D8D58780D9D5EC53DAD56E90BB
:10E4D000DBD59862DCD5F254DDD5F086DED5998F98
:10E4E000DFD50580E0D51795E1D51785E2D5D98F21
:10E4F000E3D5596DE4D5CD73E5D59F65E6D51F7796
:10E50000E7D50475E8D52778E9D5FB81EAD51E8DD6
:10E51000EBD58894ECD5A64FEDD59567EED5B975BA
:10E52000EFD5CA8BF0D50797F1D52F63F2D5479574
:10E53000F3D53596F4D5B884F5D52363F6D5417770
:10E54000F7D5815FF8D5F072F9D5894EFAD5146008
:10E55000FBD57465FCD5EF62FDD5636BFED53F65D9
:10E5600040D6E48A41D6E58A42D6E68A43D6E78A8F
:10E5700044D6E88A45D6E98A46D6EA8A47D6EB8A5F
:10E5800048D6EC8A49D6ED8A4AD6EE8A4BD6EF8A2F
:10E590004CD6F08A4DD6F18A4ED6F28A4FD6F38AFF
:10E5A00050D6F48A51D6F58A52D6F68A53D6F78ACF
:10E5B00054D6F88A55D6F98A56D6FA8A57D6FB8A9F
:10E5C00058D6FC8A59D6FD8A5AD6FE8A5BD6FF8A6F
:10E5D0005CD6008B5DD6018B5ED6028B5FD6038B3B
:10E5E00060D6048B61D6058B62D6068B63D6088B0A
:10E5F00064D6098B65D60A8B66D60B8B67D60C8BD7
:10E6000068D60D8B69D60E8B6AD60F8B6BD6108BA6
:10E610006CD6118B6DD6128B6ED6138B6FD6148B76
:10E6200070D6158B71D6168B72D6178B73D6188B46
:10E6300074D6198B75D61A8B76D61B8B77D61C8B16
:10E6400078D61D8B79D61E8B7AD61F8B7BD6208BE6
:10E650007CD6218B7DD6228B7ED6238B80D6248BB5
:10E6600081D6258B82D6278B83D6288B84D6298B7F
:10E6700085D62A8B86D62B8B87D62C8B88D62D8B4E
:10E6800089D62E8B8AD62F8B8BD6308B8CD6318B1E
:10E690008DD6328B8ED6338B8FD6348B90D6358BEE
:10E6A00091D6368B92D6378B93D6388B94D6398BBE
:10E6B00095D63A8B96D63B8B97D63C8B98D63D8B8E
:10E6C00099D63E8B9AD63F8B9BD6408B9CD6418B5E
:10E6D0009DD6428B9ED6438B9FD6448BA0D6458B2E
:10E6E000A1D6275EA2D6C775A3D6D190A4D6C18BDA
:10E6F000A5D69D82A6D69D67A7D62F65A8D63154EC
:10E70000A9D61887AAD6E577ABD6A280ACD6028167
:10E71000ADD6416CAED64B4EAFD6C77EB0D64C8090
:10E72000B1D6F476B2D60D69B3D6966BB4D667621D
:10E73000B5D63C50B6D6844FB7D64057B8D6076347
:10E74000B9D6626BBAD6BE8DBBD6EA53BCD6E865E5
:10E75000BDD6B87EBED6D75FBFD61A63C0D6B76364
:10E76000C1D6F381C2D6F481C3D66E7FC4D61C5EF7
:10E77000C5D6D95CC6D63652C7D67A66C8D6E97928
:10E78000C9D61A7ACAD6288DCBD69970CCD6D4756C
:10E79000CDD6DE6ECED6BB6CCFD6927AD0D62D4EED
:10E7A000D1D6C576D2D6E05FD3D69F94D4D677881B
:10E7B000D5D6C87ED6D6CD79D7D6BF80D8D6CD917E
:10E7C000D9D6F24EDAD6174FDBD61F82DCD6685484
:10E7D000DDD6DE5DDED6326DDFD6CC8BE0D6A57C15
:10E7E000E1D6748FE2D69880E3D61A5EE4D69254CE
:10E7F000E5D6B176E6D6995BE7D63C66E8D6A49A2C
:10E80000E9D6E073EAD62A68EBD6DB86ECD6316728
:10E81000EDD62A73EED6F88BEFD6DB8BF0D61090C0
:10E82000F1D6F97AF2D6DB70F3D66E71F4D6C46203
:10E83000F5D6A977F6D63156F7D63B4EF8D657849B
:10E84000F9D6F167FAD6A952FBD6C086FCD62E8D32
:10E85000FDD6F894FED6517B40D7468B41D7478BE7
:10E8600042D7488B43D7498B44D74A8B45D74B8BEC
:10E8700046D74C8B47D74D8B48D74E8B49D74F8BBC
:10E880004AD7508B4BD7518B4CD7528B4DD7538B8C
:10E890004ED7548B4FD7558B50D7568B51D7578B5C
:10E8A00052D7588B53D7598B54D75A8B55D75B8B2C
:10E8B00056D75C8B57D75D8B58D75E8B59D75F8BFC
:10E8C0005AD7608B5BD7618B5CD7628B5DD7638BCC
:10E8D0005ED7648B5FD7658B60D7678B61D7688B9A
:10E8E00062D7698B63D76A8B64D76B8B65D76D8B67
:10E8F00066D76E8B67D76F8B68D7708B69D7718B34
:10E900006AD7728B6BD7738B6CD7748B6DD7758B03
:10E910006ED7768B6FD7778B70D7788B71D7798BD3
:10E9200072D77A8B73D77B8B74D77C8B75D77D8BA3
:10E9300076D77E8B77D77F8B78D7808B79D7818B73
:10E940007AD7828B7BD7838B7CD7848B7DD7858B43
:10E950007ED7868B80D7878B81D7888B82D7898B10
:10E9600083D78A8B84D78B8B85D78C8B86D78D8BDF
:10E9700087D78E8B88D78F8B89D7908B8AD7918BAF
:10E980008BD7928B8CD7938B8DD7948B8ED7958B7F
:10E990008FD7968B90D7978B91D7988B92D7998B4F
:10E9A00093D79A8B94D79B8B95D79C8B96D79D8B1F
:10E9B00097D79E8B98D79F8B99D7AC8B9AD7B18BD3
:10E9C0009BD7BB8B9CD7C78B9DD7D08B9ED7EA8B11
:10E9D0009FD7098CA0D71E8CA1D74F4FA2D7E86C28
:10E9E000A3D75D79A4D77B9AA5D79362A6D72A72BD
:10E9F000A7D7FD62A8D7134EA9D71678AAD76C8FD0
:10EA0000ABD7B064ACD75A8DADD7C67BAED76968EB
:10EA1000AFD7845EB0D7C588B1D78659B2D79E64C8
:10EA2000B3D7EE58B4D7B672B5D70E69B6D7259519
:10EA3000B7D7FD8FB8D7588DB9D76057BAD7007FF1
:10EA4000BBD7068CBCD7C651BDD74963BED7D962E8
:10EA5000BFD75353C0D74C68C1D72274C2D70183E4
:10EA6000C3D74C91C4D74455C5D74077C6D77C701F
:10EA7000C7D74A6DC8D77951C9D7A854CAD7448DCA
:10EA8000CBD7FF59CCD7CB6ECDD7C46DCED75C5B7F
:10EA9000CFD72B7DD0D7D44ED1D77D7CD2D7D36ED4
:10EAA000D3D7505BD4D7EA81D5D70D6ED6D7575B75
:10EAB000D7D7039BD8D7D568D9D72A8EDAD7975B13
:10EAC000DBD7FC7EDCD73B60DDD7B57EDED7B990E7
:10EAD000DFD7708DE0D74F59E1D7CD63E2D7DF792B
:10EAE000E3D7B38DE4D75253E5D7CF65E6D7567950
:10EAF000E7D7C58BE8D73B96E9D7C47EEAD7BB9466
:10EB0000EBD7827EECD73456EDD78991EED70067EC
:10EB1000EFD76A7FF0D70A5CF1D77590F2D72866F5
:10EB2000F3D7E65DF4D7504FF5D7DE67F6D75A50E6
:10EB3000F7D75C4FF8D75057F9D7A75E40D8388C35
:10EB400041D8398C42D83A8C43D83B8C44D83C8C41
:10EB500045D83D8C46D83E8C47D83F8C48D8408C11
:10EB600049D8428C4AD8438C4BD8448C4CD8458CDD
:10EB70004DD8488C4ED84A8C4FD84B8C50D84D8CA1
:10EB800051D84E8C52D84F8C53D8508C54D8518C6D
:10EB900055D8528C56D8538C57D8548C58D8568C3C
:10EBA00059D8578C5AD8588C5BD8598C5CD85B8C08
:10EBB0005DD85C8C5ED85D8C5FD85E8C60D85F8CD5
:10EBC00061D8608C62D8638C63D8648C64D8658C9F
:10EBD00065D8668C66D8678C67D8688C68D8698C6D
:10EBE00069D86C8C6AD86D8C6BD86E8C6CD86F8C35
:10EBF0006DD8708C6ED8718C6FD8728C70D8748C04
:10EC000071D8758C72D8768C73D8778C74D87B8CCD
:10EC100075D87C8C76D87D8C77D87E8C78D87F8C94
:10EC200079D8808C7AD8818C7BD8838C7CD8848C62
:10EC30007DD8868C7ED8878C80D8888C81D88B8C28
:10EC400082D88D8C83D88E8C84D88F8C85D8908CEC
:10EC500086D8918C87D8928C88D8938C89D8958CBB
:10EC60008AD8968C8BD8978C8CD8998C8DD89A8C86
:10EC70008ED89B8C8FD89C8C90D89D8C91D89E8C54
:10EC800092D89F8C93D8A08C94D8A18C95D8A28C24
:10EC900096D8A38C97D8A48C98D8A58C99D8A68CF4
:10ECA0009AD8A78C9BD8A88C9CD8A98C9DD8AA8CC4
:10ECB0009ED8AB8C9FD8AC8CA0D8AD8CA1D88D4EF3
:10ECC000A2D80C4EA3D84051A4D8104EA5D8FF5EB0
:10ECD000A6D84553A7D8154EA8D8984EA9D81E4EE9
:10ECE000AAD8329BABD86C5BACD86956ADD8284E4D
:10ECF000AED8BA79AFD83F4EB0D81553B1D8474E39
:10ED0000B2D82D59B3D83B72B4D86E53B5D8106C65
:10ED1000B6D8DF56B7D8E480B8D89799B9D8D36BAE
:10ED2000BAD87E77BBD8179FBCD8364EBDD89F4E79
:10ED3000BED8109FBFD85C4EC0D8694EC1D8934E84
:10ED4000C2D88882C3D85B5BC4D86C55C5D80F566F
:10ED5000C6D8C44EC7D88D53C8D89D53C9D8A3535D
:10ED6000CAD8A553CBD8AE53CCD86597CDD85D8D36
:10ED7000CED81A53CFD8F553D0D82653D1D82E5346
:10ED8000D2D83E53D3D85C8DD4D86653D5D86353EC
:10ED9000D6D80252D7D80852D8D80E52D9D82D5228
:10EDA000DAD83352DBD83F52DCD84052DDD84C524F
:10EDB000DED85E52DFD86152E0D85C52E1D8AF8431
:10EDC000E2D87D52E3D88252E4D88152E5D89052FD
:10EDD000E6D89352E7D88251E8D8547FE9D8BB4EA1
:10EDE000EAD8C34EEBD8C94EECD8C24EEDD8E84EA7
:10EDF000EED8E14EEFD8EB4EF0D8DE4EF1D81B4FF7
:10EE0000F2D8F34EF3D8224FF4D8644FF5D8F54E2C
:10EE1000F6D8254FF7D8274FF8D8094FF9D82B4FF8
:10EE2000FAD85E4FFBD8674FFCD83865FDD85A4FEB
:10EE3000FED85D4F40D9AE8C41D9AF8C42D9B08C51
:10EE400043D9B18C44D9B28C45D9B38C46D9B48C52
:10EE500047D9B58C48D9B68C49D9B78C4AD9B88C22
:10EE60004BD9B98C4CD9BA8C4DD9BB8C4ED9BC8CF2
:10EE70004FD9BD8C50D9BE8C51D9BF8C52D9C08CC2
:10EE800053D9C18C54D9C28C55D9C38C56D9C48C92
:10EE900057D9C58C58D9C68C59D9C78C5AD9C88C62
:10EEA0005BD9C98C5CD9CA8C5DD9CB8C5ED9CC8C32
:10EEB0005FD9CD8C60D9CE8C61D9CF8C62D9D08C02
:10EEC00063D9D18C64D9D28C65D9D38C66D9D48CD2
:10EED00067D9D58C68D9D68C69D9D78C6AD9D88CA2
:10EEE0006BD9D98C6CD9DA8C6DD9DB8C6ED9DC8C72
:10EEF0006FD9DD8C70D9DE8C71D9DF8C72D9E08C42
:10EF000073D9E18C74D9E28C75D9E38C76D9E48C11
:10EF100077D9E58C78D9E68C79D9E78C7AD9E88CE1
:10EF20007BD9E98C7CD9EA8C7DD9EB8C7ED9EC8CB1
:10EF300080D9ED8C81D9EE8C82D9EF8C83D9F08C7D
:10EF400084D9F18C85D9F28C86D9F38C87D9F48C4D
:10EF500088D9F58C89D9F68C8AD9F78C8BD9F88C1D
:10EF60008CD9F98C8DD9FA8C8ED9FB8C8FD9FC8CED
:10EF700090D9FD8C91D9FE8C92D9FF8C93D9008DBC
:10EF800094D9018D95D9028D96D9038D97D9048D89
:10EF900098D9058D99D9068D9AD9078D9BD9088D59
:10EFA0009CD9098D9DD90A8D9ED90B8D9FD90C8D29
:10EFB000A0D90D8DA1D95F4FA2D9574FA3D9324FF8
:10EFC000A4D93D4FA5D9764FA6D9744FA7D9914F53
:10EFD000A8D9894FA9D9834FAAD98F4FABD97E4FD2
:10EFE000ACD97B4FADD9AA4FAED97C4FAFD9AC4F7E
:10EFF000B0D9944FB1D9E64FB2D9E84FB3D9EA4F5F
:10F00000B4D9C54FB5D9DA4FB6D9E34FB7D9DC4F2C
:10F01000B8D9D14FB9D9DF4FBAD9F84FBBD9295098
:10F02000BCD94C50BDD9F34FBED92C50BFD90F50CD
:10F03000C0D92E50C1D92D50C2D9FE4FC3D91C50B2
:10F04000C4D90C50C5D92550C6D92850C7D97E502F
:10F05000C8D94350C9D95550CAD94850CBD94E50B8
:10F06000CCD96C50CDD97B50CED9A550CFD9A75093
:10F07000D0D9A950D1D9BA50D2D9D650D3D9065166
:10F08000D4D9ED50D5D9EC50D6D9E650D7D9EE50D9
:10F09000D8D90751D9D90B51DAD9DD4EDBD93D6C1E
:10F0A000DCD9584FDDD9654FDED9CE4FDFD9A09FCF
:10F0B000E0D9466CE1D9747CE2D96E51E3D9FD5DAB
:10F0C000E4D9C99EE5D99899E6D98151E7D914596F
:10F0D000E8D9F952E9D90D53EAD9078AEBD9105387
:10F0E000ECD9EB51EDD91959EED95551EFD9A04EC4
:10F0F000F0D95651F1D9B34EF2D96E88F3D9A4881C
:10F10000F4D9B54EF5D91481F6D9D288F7D98079DA
:10F11000F8D9345BF9D90388FAD9B87FFBD9AB5158
:10F12000FCD9B151FDD9BD51FED9BC5140DA0E8D8B
:10F1300041DA0F8D42DA108D43DA118D44DA128DE7
:10F1400045DA138D46DA148D47DA158D48DA168DB7
:10F1500049DA178D4ADA188D4BDA198D4CDA1A8D87
:10F160004DDA1B8D4EDA1C8D4FDA208D50DA518D21
:10F1700051DA528D52DA578D53DA5F8D54DA658D3C
:10F1800055DA688D56DA698D57DA6A8D58DA6C8DE2
:10F1900059DA6E8D5ADA6F8D5BDA718D5CDA728DA9
:10F1A0005DDA788D5EDA798D5FDA7A8D60DA7B8D63
:10F1B00061DA7C8D62DA7D8D63DA7E8D64DA7F8D33
:10F1C00065DA808D66DA828D67DA838D68DA868DFE
:10F1D00069DA878D6ADA888D6BDA898D6CDA8C8DC5
:10F1E0006DDA8D8D6EDA8E8D6FDA8F8D70DA908D8F
:10F1F00071DA928D72DA938D73DA958D74DA968D59
:10F2000075DA978D76DA988D77DA998D78DA9A8D26
:10F2100079DA9B8D7ADA9C8D7BDA9D8D7CDA9E8DF6
:10F220007DDAA08D7EDAA18D80DAA28D81DAA48DBF
:10F2300082DAA58D83DAA68D84DAA78D85DAA88D8A
:10F2400086DAA98D87DAAA8D88DAAB8D89DAAC8D5A
:10F250008ADAAD8D8BDAAE8D8CDAAF8D8DDAB08D2A
:10F260008EDAB28D8FDAB68D90DAB78D91DAB98DEC
:10F2700092DABB8D93DABD8D94DAC08D95DAC18DAB
:10F2800096DAC28D97DAC58D98DAC78D99DAC88D6E
:10F290009ADAC98D9BDACA8D9CDACD8D9DDAD08D34
:10F2A0009EDAD28D9FDAD38DA0DAD48DA1DAC75140
:10F2B000A2DA9651A3DAA251A4DAA551A5DAA08B5D
:10F2C000A6DAA68BA7DAA78BA8DAAA8BA9DAB48B61
:10F2D000AADAB58BABDAB78BACDAC28BADDAC38BFB
:10F2E000AEDACB8BAFDACF8BB0DACE8BB1DAD28B92
:10F2F000B2DAD38BB3DAD48BB4DAD68BB5DAD88B57
:10F30000B6DAD98BB7DADC8BB8DADF8BB9DAE08B17
:10F31000BADAE48BBBDAE88BBCDAE98BBDDAEE8BC8
:10F32000BEDAF08BBFDAF38BC0DAF68BC1DAF98B79
:10F33000C2DAFC8BC3DAFF8BC4DA008CC5DA028C2C
:10F34000C6DA048CC7DA078CC8DA0C8CC9DA0F8CE1
:10F35000CADA118CCBDA128CCCDA148CCDDA158C9B
:10F36000CEDA168CCFDA198CD0DA1B8CD1DA188C65
:10F37000D2DA1D8CD3DA1F8CD4DA208CD5DA218C2A
:10F38000D6DA258CD7DA278CD8DA2A8CD9DA2B8CE6
:10F39000DADA2E8CDBDA2F8CDCDA328CDDDA338CA5
:10F3A000DEDA358CDFDA368CE0DA6953E1DA7A536B
:10F3B000E2DA1D96E3DA2296E4DA2196E5DA31966E
:10F3C000E6DA2A96E7DA3D96E8DA3C96E9DA4296FA
:10F3D000EADA4996EBDA5496ECDA5F96EDDA67965C
:10F3E000EEDA6C96EFDA7296F0DA7496F1DA8896C5
:10F3F000F2DA8D96F3DA9796F4DAB096F5DA97901A
:10F40000F6DA9B90F7DA9D90F8DA9990F9DAAC90F9
:10F41000FADAA190FBDAB490FCDAB390FDDAB69098
:10F42000FEDABA9040DBD58D41DBD88D42DBD98D39
:10F4300043DBDC8D44DBE08D45DBE18D46DBE28D9B
:10F4400047DBE58D48DBE68D49DBE78D4ADBE98D5F
:10F450004BDBED8D4CDBEE8D4DDBF08D4EDBF18D1E
:10F460004FDBF28D50DBF48D51DBF68D52DBFC8DE2
:10F4700053DBFE8D54DBFF8D55DB008E56DB018E9A
:10F4800057DB028E58DB038E59DB048E5ADB068E67
:10F490005BDB078E5CDB088E5DDB0B8E5EDB0D8E2F
:10F4A0005FDB0E8E60DB108E61DB118E62DB128EF5
:10F4B00063DB138E64DB158E65DB168E66DB178EC1
:10F4C00067DB188E68DB198E69DB1A8E6ADB1B8E90
:10F4D0006BDB1C8E6CDB208E6DDB218E6EDB248E55
:10F4E0006FDB258E70DB268E71DB278E72DB288E1C
:10F4F00073DB2B8E74DB2D8E75DB308E76DB328EDC
:10F5000077DB338E78DB348E79DB368E7ADB378EA1
:10F510007BDB388E7CDB3B8E7DDB3C8E7EDB3E8E68
:10F5200080DB3F8E81DB438E82DB458E83DB468E24
:10F5300084DB4C8E85DB4D8E86DB4E8E87DB4F8EDB
:10F5400088DB508E89DB538E8ADB548E8BDB558EA5
:10F550008CDB568E8DDB578E8EDB588E8FDB5A8E72
:10F5600090DB5B8E91DB5C8E92DB5D8E93DB5E8E3F
:10F5700094DB5F8E95DB608E96DB618E97DB628E0F
:10F5800098DB638E99DB648E9ADB658E9BDB678EDE
:10F590009CDB688E9DDB6A8E9EDB6B8E9FDB6E8EA6
:10F5A000A0DB718EA1DBB890A2DBB090A3DBCF9083
:10F5B000A4DBC590A5DBBE90A6DBD090A7DBC490F2
:10F5C000A8DBC790A9DBD390AADBE690ABDBE29087
:10F5D000ACDBDC90ADDBD790AEDBDB90AFDBEB9050
:10F5E000B0DBEF90B1DBFE90B2DB0491B3DB229194
:10F5F000B4DB1E91B5DB2391B6DB3191B7DB2F91E4
:10F60000B8DB3991B9DB4391BADB4691BBDB0D52D4
:10F61000BCDB4259BDDBA252BEDBAC52BFDBAD52FC
:10F62000C0DBBE52C1DBFF54C2DBD052C3DBD652BB
:10F63000C4DBF052C5DBDF53C6DBEE71C7DBCD7731
:10F64000C8DBF45EC9DBF551CADBFC51CBDB2F9B79
:10F65000CCDBB653CDDB015FCEDB5A75CFDBEF5D84
:10F66000D0DB4C57D1DBA957D2DBA157D3DB7E5877
:10F67000D4DBBC58D5DBC558D6DBD158D7DB2957EE
:10F68000D8DB2C57D9DB2A57DADB3357DBDB39578A
:10F69000DCDB2E57DDDB2F57DEDB5C57DFDB3B5738
:10F6A000E0DB4257E1DB6957E2DB8557E3DB6B5771
:10F6B000E4DB8657E5DB7C57E6DB7B57E7DB685707
:10F6C000E8DB6D57E9DB7657EADB7357EBDBAD57C9
:10F6D000ECDBA457EDDB8C57EEDBB257EFDBCF57FB
:10F6E000F0DBA757F1DBB457F2DB9357F3DBA057FE
:10F6F000F4DBD557F5DBD857F6DBDA57F7DBD9570C
:10F70000F8DBD257F9DBB857FADBF457FBDBEF57DE
:10F71000FCDBF857FDDBE457FEDBDD5740DC738E86
:10F7200041DC758E42DC778E43DC788E44DC798E4A
:10F7300045DC7A8E46DC7B8E47DC7D8E48DC7E8E17
:10F7400049DC808E4ADC828E4BDC838E4CDC848EDE
:10F750004DDC868E4EDC888E4FDC898E50DC8A8EA6
:10F7600051DC8B8E52DC8C8E53DC8D8E54DC8E8E75
:10F7700055DC918E56DC928E57DC938E58DC958E3C
:10F7800059DC968E5ADC978E5BDC988E5CDC998E09
:10F790005DDC9A8E5EDC9B8E5FDC9D8E60DC9F8ED6
:10F7A00061DCA08E62DCA18E63DCA28E64DCA38EA1
:10F7B00065DCA48E66DCA58E67DCA68E68DCA78E71
:10F7C00069DCA88E6ADCA98E6BDCAA8E6CDCAD8E3F
:10F7D0006DDCAE8E6EDCB08E6FDCB18E70DCB38E05
:10F7E00071DCB48E72DCB58E73DCB68E74DCB78ED1
:10F7F00075DCB88E76DCB98E77DCBB8E78DCBC8E9F
:10F8000079DCBD8E7ADCBE8E7BDCBF8E7CDCC08E6C
:10F810007DDCC18E7EDCC28E80DCC38E81DCC48E3A
:10F8200082DCC58E83DCC68E84DCC78E85DCC88E08
:10F8300086DCC98E87DCCA8E88DCCB8E89DCCC8ED8
:10F840008ADCCD8E8BDCCF8E8CDCD08E8DDCD18EA5
:10F850008EDCD28E8FDCD38E90DCD48E91DCD58E74
:10F8600092DCD68E93DCD78E94DCD88E95DCD98E44
:10F8700096DCDA8E97DCDB8E98DCDC8E99DCDD8E14
:10F880009ADCDE8E9BDCDF8E9CDCE08E9DDCE18EE4
:10F890009EDCE28E9FDCE38EA0DCE48EA1DC0B58C4
:10F8A000A2DC0D58A3DCFD57A4DCED57A5DC005805
:10F8B000A6DC1E58A7DC1958A8DC4458A9DC20583F
:10F8C000AADC6558ABDC6C58ACDC8158ADDC8958DF
:10F8D000AEDC9A58AFDC8058B0DCA899B1DC199F37
:10F8E000B2DCFF61B3DC7982B4DC7D82B5DC7F827F
:10F8F000B6DC8F82B7DC8A82B8DCA882B9DC84826D
:10F90000BADC8E82BBDC9182BCDC9782BDDC998242
:10F91000BEDCAB82BFDCB882C0DCBE82C1DCB082A0
:10F92000C2DCC882C3DCCA82C4DCE382C5DC988244
:10F93000C6DCB782C7DCAE82C8DCCB82C9DCCC8235
:10F94000CADCC182CBDCA982CCDCB482CDDCA18252
:10F95000CEDCAA82CFDC9F82D0DCC482D1DCCE8216
:10F96000D2DCA482D3DCE182D4DC0983D5DCF7824B
:10F97000D6DCE482D7DC0F83D8DC0783D9DCDC82D9
:10F98000DADCF482DBDCD282DCDCD882DDDC0C83E6
:10F99000DEDCFB82DFDCD382E0DC1183E1DC1A8376
:10F9A000E2DC0683E3DC1483E4DC1583E5DCE0823F
:10F9B000E6DCD582E7DC1C83E8DC5183E9DC5B8391
:10F9C000EADC5C83EBDC0883ECDC9283EDDC3C83DB
:10F9D000EEDC3483EFDC3183F0DC9B83F1DC5E838F
:10F9E000F2DC2F83F3DC4F83F4DC4783F5DC4383C5
:10F9F000F6DC5F83F7DC4083F8DC1783F9DC608397
:10FA0000FADC2D83FBDC3A83FCDC3383FDDC66838C
:10FA1000FEDC658340DDE58E41DDE68E42DDE78E6E
:10FA200043DDE88E44DDE98E45DDEA8E46DDEB8E72
:10FA300047DDEC8E48DDED8E49DDEE8E4ADDEF8E42
:10FA40004BDDF08E4CDDF18E4DDDF28E4EDDF38E12
:10FA50004FDDF48E50DDF58E51DDF68E52DDF78EE2
:10FA600053DDF88E54DDF98E55DDFA8E56DDFB8EB2
:10FA700057DDFC8E58DDFD8E59DDFE8E5ADDFF8E82
:10FA80005BDD008F5CDD018F5DDD028F5EDD038F4E
:10FA90005FDD048F60DD058F61DD068F62DD078F1E
:10FAA00063DD088F64DD098F65DD0A8F66DD0B8FEE
:10FAB00067DD0C8F68DD0D8F69DD0E8F6ADD0F8FBE
:10FAC0006BDD108F6CDD118F6DDD128F6EDD138F8E
:10FAD0006FDD148F70DD158F71DD168F72DD178F5E
:10FAE00073DD188F74DD198F75DD1A8F76DD1B8F2E
:10FAF00077DD1C8F78DD1D8F79DD1E8F7ADD1F8FFE
:10FB00007BDD208F7CDD218F7DDD228F7EDD238FCD
:10FB100080DD248F81DD258F82DD268F83DD278F99
:10FB200084DD288F85DD298F86DD2A8F87DD2B8F69
:10FB300088DD2C8F89DD2D8F8ADD2E8F8BDD2F8F39
:10FB40008CDD308F8DDD318F8EDD328F8FDD338F09
:10FB500090DD348F91DD358F92DD368F93DD378FD9
:10FB600094DD388F95DD398F96DD3A8F97DD3B8FA9
:10FB700098DD3C8F99DD3D8F9ADD3E8F9BDD3F8F79
:10FB80009CDD408F9DDD418F9EDD428F9FDD438F49
:10FB9000A0DD448FA1DD6883A2DD1B83A3DD698323
:10FBA000A4DD6C83A5DD6A83A6DD6D83A7DD6E838E
:10FBB000A8DDB083A9DD7883AADDB383ABDDB48390
:10FBC000ACDDA083ADDDAA83AEDD9383AFDD9C8386
:10FBD000B0DD8583B1DD7C83B2DDB683B3DDA9837F
:10FBE000B4DD7D83B5DDB883B6DD7B83B7DD988377
:10FBF000B8DD9E83B9DDA883BADDBA83BBDDBC83E3
:10FC0000BCDDC183BDDD0184BEDDE583BFDDD883FE
:10FC1000C0DD0758C1DD1884C2DD0B84C3DDDD8380
:10FC2000C4DDFD83C5DDD683C6DD1C84C7DD388415
:10FC3000C8DD1184C9DD0684CADDD483CBDDDF8352
:10FC4000CCDD0F84CDDD0384CEDDF883CFDDF983F9
:10FC5000D0DDEA83D1DDC583D2DDC083D3DD268448
:10FC6000D4DDF083D5DDE183D6DD5C84D7DD51843E
:10FC7000D8DD5A84D9DD5984DADD7384DBDD8784ED
:10FC8000DCDD8884DDDD7A84DEDD8984DFDD788477
:10FC9000E0DD3C84E1DD4684E2DD6984E3DD7684F9
:10FCA000E4DD8C84E5DD8E84E6DD3184E7DD6D8482
:10FCB000E8DDC184E9DDCD84EADDD084EBDDE684D6
:10FCC000ECDDBD84EDDDD384EEDDCA84EFDDBF84E1
:10FCD000F0DDBA84F1DDE084F2DDA184F3DDB984E6
:10FCE000F4DDB484F5DD9784F6DDE584F7DDE384A7
:10FCF000F8DD0C85F9DD0D75FADD3885FBDDF08466
:10FD0000FCDD3985FDDD1F85FEDD3A8540DE458F52
:10FD100041DE468F42DE478F43DE488F44DE498F07
:10FD200045DE4A8F46DE4B8F47DE4C8F48DE4D8FD7
:10FD300049DE4E8F4ADE4F8F4BDE508F4CDE518FA7
:10FD40004DDE528F4EDE538F4FDE548F50DE558F77
:10FD500051DE568F52DE578F53DE588F54DE598F47
:10FD600055DE5A8F56DE5B8F57DE5C8F58DE5D8F17
:10FD700059DE5E8F5ADE5F8F5BDE608F5CDE618FE7
:10FD80005DDE628F5EDE638F5FDE648F60DE658FB7
:10FD900061DE6A8F62DE808F63DE8C8F64DE928F1D
:10FDA00065DE9D8F66DEA08F67DEA18F68DEA28F85
:10FDB00069DEA48F6ADEA58F6BDEA68F6CDEA78F4F
:10FDC0006DDEAA8F6EDEAC8F6FDEAD8F70DEAE8F14
:10FDD00071DEAF8F72DEB28F73DEB38F74DEB48FDD
:10FDE00075DEB58F76DEB78F77DEB88F78DEBA8FA7
:10FDF00079DEBB8F7ADEBC8F7BDEBF8F7CDEC08F6F
:10FE00007DDEC38F7EDEC68F80DEC98F81DECA8F26
:10FE100082DECB8F83DECC8F84DECD8F85DECF8FED
:10FE200086DED28F87DED68F88DED78F89DEDA8FA7
:10FE30008ADEE08F8BDEE18F8CDEE38F8DDEE78F55
:10FE40008EDEEC8F8FDEEF8F90DEF18F91DEF28F02
:10FE500092DEF48F93DEF58F94DEF68F95DEFA8FC7
:10FE600096DEFB8F97DEFC8F98DEFE8F99DEFF8F8C
:10FE70009ADE07909BDE08909CDE0C909DDE0E9033
:10FE80009EDE13909FDE1590A0DE1890A1DE5685B1
:10FE9000A2DE3B85A3DEFF84A4DEFC84A5DE5985BB
:10FEA000A6DE4885A7DE6885A8DE6485A9DE5E85B6
:10FEB000AADE7A85ABDEA277ACDE4385ADDE728545
:10FEC000AEDE7B85AFDEA485B0DEA885B1DE87859A
:10FED000B2DE8F85B3DE7985B4DEAE85B5DE9C8576
:10FEE000B6DE8585B7DEB985B8DEB785B9DEB08503
:10FEF000BADED385BBDEC185BCDEDC85BDDEFF8519
:10FF0000BEDE2786BFDE0586C0DE2986C1DE1686F8
:10FF1000C2DE3C86C3DEFE5EC4DE085FC5DE3C5941
:10FF2000C6DE4159C7DE3780C8DE5559C9DE5A5989
:10FF3000CADE5859CBDE0F53CCDE225CCDDE255C09
:10FF4000CEDE2C5CCFDE345CD0DE4C62D1DE6A6269
:10FF5000D2DE9F62D3DEBB62D4DECA62D5DEDA6255
:10FF6000D6DED762D7DEEE62D8DE2263D9DEF66255
:10FF7000DADE3963DBDE4B63DCDE4363DDDEAD639B
:10FF8000DEDEF663DFDE7163E0DE7A63E1DE8E6380
:10FF9000E2DEB463E3DE6D63E4DEAC63E5DE8A6378
:10FFA000E6DE6963E7DEAE63E8DEBC63E9DEF263EA
:10FFB000EADEF863EBDEE063ECDEFF63EDDEC463F4
:10FFC000EEDEDE63EFDECE63F0DE5264F1DEC663AA
:10FFD000F2DEBE63F3DE4564F4DE4164F5DE0B64FD
:10FFE000F6DE1B64F7DE2064F8DE0C64F9DE2664BE
:10FFF000FADE2164FBDE5E64FCDE8464FDDE6D649B
:020000040803EF
:10000000FEDE966440DF199041DF1C9042DF2390B2
:1000100043DF249044DF259045DF279046DF28907A
:1000200047DF299048DF2A9049DF2B904ADF2C9048
:100030004BDF30904CDF31904DDF32904EDF33900C
:100040004FDF349050DF379051DF399052DF3A90D4
:1000500053DF3D9054DF3F9055DF409056DF439093
:1000600057DF459058DF469059DF48905ADF499056
:100070005BDF4A905CDF4B905DDF4C905EDF4E9023
:100080005FDF549060DF559061DF569062DF5990DA
:1000900063DF5A9064DF5C9065DF5D9066DF5E90A1
:1000A00067DF5F9068DF609069DF61906ADF64906E
:1000B0006BDF66906CDF67906DDF69906EDF6A9032
:1000C0006FDF6B9070DF6C9071DF6F9072DF7090FC
:1000D00073DF719074DF729075DF739076DF7690C6
:1000E00077DF779078DF789079DF79907ADF7A9090
:1000F0007BDF7B907CDF7C907DDF7E907EDF81905C
:1001000080DF849081DF859082DF869083DF879017
:1001100084DF899085DF8A9086DF8C9087DF8D90E1
:1001200088DF8E9089DF8F908ADF90908BDF9290AE
:100130008CDF94908DDF96908EDF98908FDF9A9071
:1001400090DF9C9091DF9E9092DF9F9093DFA09034
:1001500094DFA49095DFA59096DFA79097DFA890F5
:1001600098DFA99099DFAB909ADFAD909BDFB290BA
:100170009CDFB7909DDFBC909EDFBD909FDFBF905E
:10018000A0DFC090A1DF7A64A2DFB764A3DFB86408
:10019000A4DF9964A5DFBA64A6DFC064A7DFD064DA
:1001A000A8DFD764A9DFE464AADFE264ABDF0965F6
:1001B000ACDF2565ADDF2E65AEDF0B5FAFDFD25F55
:1001C000B0DF1975B1DF115FB2DF5F53B3DFF153F9
:1001D000B4DFFD53B5DFE953B6DFE853B7DFFB53B8
:1001E000B8DF1254B9DF1654BADF0654BBDF4B54E4
:1001F000BCDF5254BDDF5354BEDF5454BFDF5654EE
:10020000C0DF4354C1DF2154C2DF5754C3DF595408
:10021000C4DF2354C5DF3254C6DF8254C7DF945491
:10022000C8DF7754C9DF7154CADF6454CBDF9A54F6
:10023000CCDF9B54CDDF8454CEDF7654CFDF6654C1
:10024000D0DF9D54D1DFD054D2DFAD54D3DFC254C0
:10025000D4DFB454D5DFD254D6DFA754D7DFA654A9
:10026000D8DFD354D9DFD454DADF7254DBDFA354A0
:10027000DCDFD554DDDFBB54DEDFBF54DFDFCC5421
:10028000E0DFD954E1DFDA54E2DFDC54E3DFA954E4
:10029000E4DFAA54E5DFA454E6DFDD54E7DFCF5402
:1002A000E8DFDE54E9DF1B55EADFE754EBDF2055DA
:1002B000ECDFFD54EDDF1455EEDFF354EFDF225594
:1002C000F0DF2355F1DF0F55F2DF1155F3DF27552E
:1002D000F4DF2A55F5DF6755F6DF8F55F7DFB555A3
:1002E000F8DF4955F9DF6D55FADF4155FBDF55550C
:1002F000FCDF3F55FDDF5055FEDF3C5540E0C2902E
:1003000041E0C39042E0C69043E0C89044E0C99009
:1003100045E0CB9046E0CC9047E0CD9048E0D290CD
:1003200049E0D4904AE0D5904BE0D6904CE0D8908C
:100330004DE0D9904EE0DA904FE0DE9050E0DF9053
:1003400051E0E09052E0E39053E0E49054E0E59017
:1003500055E0E99056E0EA9057E0EC9058E0EE90D6
:1003600059E0F0905AE0F1905BE0F2905CE0F3909D
:100370005DE0F5905EE0F6905FE0F79060E0F99068
:1003800061E0FA9062E0FB9063E0FC9064E0FF9033
:1003900065E0009166E0019167E0039168E00591F6
:1003A00069E006916AE007916BE008916CE00991C1
:1003B0006DE00A916EE00B916FE00C9170E00D9191
:1003C00071E00E9172E00F9173E0109174E0119161
:1003D00075E0129176E0139177E0149178E0159131
:1003E00079E016917AE017917BE018917CE01A9100
:1003F0007DE01B917EE01C9180E01D9181E01F91CA
:1004000082E0209183E0219184E0249185E0259190
:1004100086E0269187E0279188E0289189E029915C
:100420008AE02A918BE02B918CE02C918DE02D912C
:100430008EE02E918FE0309190E0329191E03391F7
:1004400092E0349193E0359194E0369195E03791C4
:1004500096E0389197E03A9198E03B9199E03C9191
:100460009AE03D919BE03E919CE03F919DE0409160
:100470009EE041919FE04291A0E04491A1E0375578
:10048000A2E05655A3E07555A4E07655A5E0775552
:10049000A6E03355A7E03055A8E05C55A9E08B55A0
:1004A000AAE0D255ABE08355ACE0B155ADE0B9550B
:1004B000AEE08855AFE08155B0E09F55B1E07E5584
:1004C000B2E0D655B3E09155B4E07B55B5E0DF55C9
:1004D000B6E0BD55B7E0BE55B8E09455B9E09955C2
:1004E000BAE0EA55BBE0F755BCE0C955BDE01F5680
:1004F000BEE0D155BFE0EB55C0E0EC55C1E0D455AE
:10050000C2E0E655C3E0DD55C4E0C455C5E0EF5593
:10051000C6E0E555C7E0F255C8E0F355C9E0CC5553
:10052000CAE0CD55CBE0E855CCE0F555CDE0E4553B
:10053000CEE0948FCFE01E56D0E00856D1E00C56A6
:10054000D2E00156D3E02456D4E02356D5E0FE5540
:10055000D6E00056D7E02756D8E02D56D9E05856B9
:10056000DAE03956DBE05756DCE02C56DDE04D563C
:10057000DEE06256DFE05956E0E05C56E1E04C56C2
:10058000E2E05456E3E08656E4E06456E5E0715656
:10059000E6E06B56E7E07B56E8E07C56E9E08556FE
:1005A000EAE09356EBE0AF56ECE0D456EDE0D756D8
:1005B000EEE0DD56EFE0E156F0E0F556F1E0EB5607
:1005C000F2E0F956F3E0FF56F4E00457F5E00A577D
:1005D000F6E00957F7E01C57F8E00F5EF9E0195E06
:1005E000FAE0145EFBE0115EFCE0315EFDE03B5E94
:1005F000FEE03C5E40E1459141E1479142E1489196
:1006000043E1519144E1539145E1549146E15591C3
:1006100047E1569148E1589149E159914AE15B918E
:100620004BE15C914CE15F914DE160914EE166914F
:100630004FE1679150E1689151E16B9152E16D9109
:1006400053E1739154E17A9155E17B9156E17C91AC
:1006500057E1809158E1819159E182915AE183916A
:100660005BE184915CE186915DE188915EE18A9134
:100670005FE18E9160E18F9161E1939162E19491EC
:1006800063E1959164E1969165E1979166E19891B6
:1006900067E1999168E19C9169E19D916AE19E9180
:1006A0006BE19F916CE1A0916DE1A1916EE1A4914C
:1006B0006FE1A59170E1A69171E1A79172E1A89116
:1006C00073E1A99174E1AB9175E1AC9176E1B091E0
:1006D00077E1B19178E1B29179E1B3917AE1B691A4
:1006E0007BE1B7917CE1B8917DE1B9917EE1BB916D
:1006F00080E1BC9181E1BD9182E1BE9183E1BF9136
:1007000084E1C09185E1C19186E1C29187E1C39105
:1007100088E1C49189E1C5918AE1C6918BE1C891D4
:100720008CE1CB918DE1D0918EE1D2918FE1D3918B
:1007300090E1D49191E1D59192E1D69193E1D79155
:1007400094E1D89195E1D99196E1DA9197E1DB9125
:1007500098E1DD9199E1DE919AE1DF919BE1E091F1
:100760009CE1E1919DE1E2919EE1E3919FE1E491C1
:10077000A0E1E591A1E1375EA2E1445EA3E1545E10
:10078000A4E15B5EA5E15E5EA6E1615EA7E18C5C33
:10079000A8E17A5CA9E18D5CAAE1905CABE1965C92
:1007A000ACE1885CADE1985CAEE1995CAFE1915C55
:1007B000B0E19A5CB1E19C5CB2E1B55CB3E1A25CF2
:1007C000B4E1BD5CB5E1AC5CB6E1AB5CB7E1B15C9A
:1007D000B8E1A35CB9E1C15CBAE1B75CBBE1C45C60
:1007E000BCE1D25CBDE1E45CBEE1CB5CBFE1E55CB9
:1007F000C0E1025DC1E1035DC2E1275DC3E1265DA9
:10080000C4E12E5DC5E1245DC6E11E5DC7E1065D64
:10081000C8E11B5DC9E1585DCAE13E5DCBE1345DD5
:10082000CCE13D5DCDE16C5DCEE15B5DCFE16F5D27
:10083000D0E15D5DD1E16B5DD2E14B5DD3E14A5D1D
:10084000D4E1695DD5E1745DD6E1825DD7E1995D62
:10085000D8E19D5DD9E1738CDAE1B75DDBE1C55D7F
:10086000DCE1735FDDE1775FDEE1825FDFE1875F1F
:10087000E0E1895FE1E18C5FE2E1955FE3E1995FAF
:10088000E4E19C5FE5E1A85FE6E1AD5FE7E1B55F2C
:10089000E8E1BC5FE9E16288EAE1615FEBE1AD724A
:1008A000ECE1B072EDE1B472EEE1B772EFE1B87273
:1008B000F0E1C372F1E1C172F2E1CE72F3E1CD7207
:1008C000F4E1D272F5E1E872F6E1EF72F7E1E97274
:1008D000F8E1F272F9E1F472FAE1F772FBE1017307
:1008E000FCE1F372FDE10373FEE1FA7240E2E6918E
:1008F00041E2E79142E2E89143E2E99144E2EA9180
:1009000045E2EB9146E2EC9147E2ED9148E2EE914F
:1009100049E2EF914AE2F0914BE2F1914CE2F2911F
:100920004DE2F3914EE2F4914FE2F59150E2F691EF
:1009300051E2F79152E2F89153E2F99154E2FA91BF
:1009400055E2FB9156E2FC9157E2FD9158E2FE918F
:1009500059E2FF915AE200925BE201925CE202925C
:100960005DE203925EE204925FE2059260E206922B
:1009700061E2079262E2089263E2099264E20A92FB
:1009800065E20B9266E20C9267E20D9268E20E92CB
:1009900069E20F926AE210926BE211926CE212929B
:1009A0006DE213926EE214926FE2159270E216926B
:1009B00071E2179272E2189273E2199274E21A923B
:1009C00075E21B9276E21C9277E21D9278E21E920B
:1009D00079E21F927AE220927BE221927CE22292DB
:1009E0007DE223927EE2249280E2259281E22692A9
:1009F00082E2279283E2289284E2299285E22A9277
:100A000086E22B9287E22C9288E22D9289E22E9246
:100A10008AE22F928BE230928CE231928DE2329216
:100A20008EE233928FE2349290E2359291E23692E6
:100A300092E2379293E2389294E2399295E23A92B6
:100A400096E23B9297E23C9298E23D9299E23E9286
:100A50009AE23F929BE240929CE241929DE2429256
:100A60009EE243929FE24492A0E24592A1E2FB7291
:100A7000A2E21773A3E21373A4E22173A5E20A733F
:100A8000A6E21E73A7E21D73A8E21573A9E2227302
:100A9000AAE23973ABE22573ACE22C73ADE2387392
:100AA000AEE23173AFE25073B0E24D73B1E257730F
:100AB000B2E26073B3E26C73B4E26F73B5E27E735B
:100AC000B6E21B82B7E22559B8E2E798B9E22459A9
:100AD000BAE20259BBE26399BCE26799BDE2689948
:100AE000BEE26999BFE26A99C0E26B99C1E26C9972
:100AF000C2E27499C3E27799C4E27D99C5E2809914
:100B0000C6E28499C7E28799C8E28A99C9E28D99B9
:100B1000CAE29099CBE29199CCE29399CDE2949973
:100B2000CEE29599CFE2805ED0E2915ED1E28B5E1B
:100B3000D2E2965ED3E2A55ED4E2A05ED5E2B95ED3
:100B4000D6E2B55ED7E2BE5ED8E2B35ED9E2538D9F
:100B5000DAE2D25EDBE2D15EDCE2DB5EDDE2E85EC1
:100B6000DEE2EA5EDFE2BA81E0E2C45FE1E2C95FB1
:100B7000E2E2D65FE3E2CF5FE4E20360E5E2EE5F4C
:100B8000E6E20460E7E2E15FE8E2E45FE9E2FE5FFB
:100B9000EAE20560EBE20660ECE2EA5FEDE2ED5FBF
:100BA000EEE2F85FEFE21960F0E23560F1E2266014
:100BB000F2E21B60F3E20F60F4E20D60F5E22960FF
:100BC000F6E22B60F7E20A60F8E23F60F9E22160AA
:100BD000FAE27860FBE27960FCE27B60FDE27A6039
:100BE000FEE2426040E3469241E3479242E348928C
:100BF00043E3499244E34A9245E34B9246E34C92E5
:100C000047E34D9248E34E9249E34F924AE35092B4
:100C10004BE351924CE352924DE353924EE3549284
:100C20004FE3559250E3569251E3579252E3589254
:100C300053E3599254E35A9255E35B9256E35C9224
:100C400057E35D9258E35E9259E35F925AE36092F4
:100C50005BE361925CE362925DE363925EE36492C4
:100C60005FE3659260E3669261E3679262E3689294
:100C700063E3699264E36A9265E36B9266E36C9264
:100C800067E36D9268E36E9269E36F926AE3709234
:100C90006BE371926CE372926DE373926EE3759203
:100CA0006FE3769270E3779271E3789272E37992D0
:100CB00073E37A9274E37B9275E37C9276E37D92A0
:100CC00077E37E9278E37F9279E380927AE3819270
:100CD0007BE382927CE383927DE384927EE3859240
:100CE00080E3869281E3879282E3889283E389920C
:100CF00084E38A9285E38B9286E38C9287E38D92DC
:100D000088E38F9289E390928AE391928BE39292A7
:100D10008CE393928DE394928EE395928FE3969277
:100D200090E3979291E3989292E3999293E39A9247
:100D300094E39B9295E39C9296E39D9297E39E9217
:100D400098E39F9299E3A0929AE3A1929BE3A292E7
:100D50009CE3A3929DE3A4929EE3A5929FE3A692B7
:100D6000A0E3A792A1E36A60A2E37D60A3E396609B
:100D7000A4E39A60A5E3AD60A6E39D60A7E383606A
:100D8000A8E39260A9E38C60AAE39B60ABE3EC600C
:100D9000ACE3BB60ADE3B160AEE3DD60AFE3D86070
:100DA000B0E3C660B1E3DA60B2E3B460B3E32061FC
:100DB000B4E32661B5E31561B6E32361B7E3F460FC
:100DC000B8E30061B9E30E61BAE32B61BBE34A61AA
:100DD000BCE37561BDE3AC61BEE39461BFE3A761B1
:100DE000C0E3B761C1E3D461C2E3F561C3E3DD5F92
:100DF000C4E3B396C5E3E995C6E3EB95C7E3F19584
:100E0000C8E3F395C9E3F595CAE3F695CBE3FC9502
:100E1000CCE3FE95CDE30396CEE30496CFE30696AE
:100E2000D0E30896D1E30A96D2E30B96D3E30C966F
:100E3000D4E30D96D5E30F96D6E31296D7E3159635
:100E4000D8E31696D9E31796DAE31996DBE31A96F8
:100E5000DCE32C4EDDE33F72DEE31562DFE3356C4D
:100E6000E0E3546CE1E35C6CE2E34A6CE3E3A36C23
:100E7000E4E3856CE5E3906CE6E3946CE7E38C6C6B
:100E8000E8E3686CE9E3696CEAE3746CEBE3766CC5
:100E9000ECE3866CEDE3A96CEEE3D06CEFE3D46C8D
:100EA000F0E3AD6CF1E3F76CF2E3F86CF3E3F16CB3
:100EB000F4E3D76CF5E3B26CF6E3E06CF7E3D66CE1
:100EC000F8E3FA6CF9E3EB6CFAE3EE6CFBE3B16C7C
:100ED000FCE3D36CFDE3EF6CFEE3FE6C40E4A89210
:100EE00041E4A99242E4AA9243E4AB9244E4AC9276
:100EF00045E4AD9246E4AF9247E4B09248E4B19243
:100F000049E4B2924AE4B3924BE4B4924CE4B59211
:100F10004DE4B6924EE4B7924FE4B89250E4B992E1
:100F200051E4BA9252E4BB9253E4BC9254E4BD92B1
:100F300055E4BE9256E4BF9257E4C09258E4C19281
:100F400059E4C2925AE4C3925BE4C4925CE4C59251
:100F50005DE4C6925EE4C7925FE4C99260E4CA921F
:100F600061E4CB9262E4CC9263E4CD9264E4CE92ED
:100F700065E4CF9266E4D09267E4D19268E4D292BD
:100F800069E4D3926AE4D4926BE4D5926CE4D6928D
:100F90006DE4D7926EE4D8926FE4D99270E4DA925D
:100FA00071E4DB9272E4DC9273E4DD9274E4DE922D
:100FB00075E4DF9276E4E09277E4E19278E4E292FD
:100FC00079E4E3927AE4E4927BE4E5927CE4E692CD
:100FD0007DE4E7927EE4E89280E4E99281E4EA929B
:100FE00082E4EB9283E4EC9284E4ED9285E4EE9269
:100FF00086E4EF9287E4F09288E4F19289E4F29239
:101000008AE4F3928BE4F4928CE4F5928DE4F69208
:101010008EE4F7928FE4F89290E4F99291E4FA92D8
:1010200092E4FB9293E4FC9294E4FD9295E4FE92A8
:1010300096E4FF9297E4009398E4019399E4029375
:101040009AE403939BE404939CE405939DE4069344
:101050009EE407939FE40893A0E40993A1E4396D0B
:10106000A2E4276DA3E40C6DA4E4436DA5E4486DF0
:10107000A6E4076DA7E4046DA8E4196DA9E40E6D5C
:10108000AAE42B6DABE44D6DACE42E6DADE4356D93
:10109000AEE41A6DAFE44F6DB0E4526DB1E4546D3F
:1010A000B2E4336DB3E4916DB4E46F6DB5E49E6D5D
:1010B000B6E4A06DB7E45E6DB8E4936DB9E4946DE9
:1010C000BAE45C6DBBE4606DBCE47C6DBDE4636D53
:1010D000BEE41A6EBFE4C76DC0E4C56DC1E4DE6D49
:1010E000C2E40E6EC3E4BF6DC4E4E06DC5E4116EEE
:1010F000C6E4E66DC7E4DD6DC8E4D96DC9E4166EDB
:10110000CAE4AB6DCBE40C6ECCE4AE6DCDE42B6EDB
:10111000CEE46E6ECFE44E6ED0E46B6ED1E4B26E70
:10112000D2E45F6ED3E4866ED4E4536ED5E4546E9D
:10113000D6E4326ED7E4256ED8E4446ED9E4DF6E8F
:10114000DAE4B16EDBE4986EDCE4E06EDDE42D6F92
:10115000DEE4E26EDFE4A56EE0E4A76EE1E4BD6EDE
:10116000E2E4BB6EE3E4B76EE4E4D76EE5E4B46EAC
:10117000E6E4CF6EE7E48F6EE8E4C26EE9E49F6ECA
:10118000EAE4626FEBE4466FECE4476FEDE4246F52
:10119000EEE4156FEFE4F96EF0E42F6FF1E4366FD3
:1011A000F2E44B6FF3E4746FF4E42A6FF5E4096F33
:1011B000F6E4296FF7E4896FF8E48D6FF9E48C6F3A
:1011C000FAE4786FFBE4726FFCE47C6FFDE47A6F05
:1011D000FEE4D16F40E50A9341E50B9342E50C93A1
:1011E00043E50D9344E50E9345E50F9346E51093D3
:1011F00047E5119348E5129349E513934AE51493A3
:101200004BE515934CE516934DE517934EE5189372
:101210004FE5199350E51A9351E51B9352E51C9342
:1012200053E51D9354E51E9355E51F9356E5209312
:1012300057E5219358E5229359E523935AE52493E2
:101240005BE525935CE526935DE527935EE52893B2
:101250005FE5299360E52A9361E52B9362E52C9382
:1012600063E52D9364E52E9365E52F9366E5309352
:1012700067E5319368E5329369E533936AE5349322
:101280006BE535936CE536936DE537936EE53893F2
:101290006FE5399370E53A9371E53B9372E53C93C2
:1012A00073E53D9374E53F9375E5409376E541938F
:1012B00077E5429378E5439379E544937AE545935E
:1012C0007BE546937CE547937DE548937EE549932E
:1012D00080E54A9381E54B9382E54C9383E54D93FA
:1012E00084E54E9385E54F9386E5509387E55193CA
:1012F00088E5529389E553938AE554938BE555939A
:101300008CE556938DE557938EE558938FE5599369
:1013100090E55A9391E55B9392E55C9393E55D9339
:1013200094E55E9395E55F9396E5609397E5619309
:1013300098E5629399E563939AE564939BE56593D9
:101340009CE566939DE567939EE568939FE56993A9
:10135000A0E56B93A1E5C96FA2E5A76FA3E5B96FFF
:10136000A4E5B66FA5E5C26FA6E5E16FA7E5EE6F50
:10137000A8E5DE6FA9E5E06FAAE5EF6FABE51A70AF
:10138000ACE52370ADE51B70AEE53970AFE53570A7
:10139000B0E54F70B1E55E70B2E5805BB3E5845BAC
:1013A000B4E5955BB5E5935BB6E5A55BB7E5B85BE2
:1013B000B8E52F75B9E59E9ABAE53464BBE5E45B00
:1013C000BCE5EE5BBDE53089BEE5F05BBFE5478E71
:1013D000C0E5078BC1E5B68FC2E5D38FC3E5D58FD6
:1013E000C4E5E58FC5E5EE8FC6E5E48FC7E5E98F77
:1013F000C8E5E68FC9E5F38FCAE5E88FCBE5059030
:10140000CCE50490CDE50B90CEE52690CFE511908C
:10141000D0E50D90D1E51690D2E52190D3E5359039
:10142000D4E53690D5E52D90D6E52F90D7E54490BC
:10143000D8E55190D9E55290DAE55090DBE5689017
:10144000DCE55890DDE56290DEE55B90DFE5B966AE
:10145000E0E57490E1E57D90E2E58290E3E5889037
:10146000E4E58390E5E58B90E6E5505FE7E5575FBF
:10147000E8E5565FE9E5585FEAE53B5CEBE5AB5430
:10148000ECE5505CEDE5595CEEE5715BEFE5635C26
:10149000F0E5665CF1E5BC7FF2E52A5FF3E5295FE4
:1014A000F4E52D5FF5E57482F6E53C5FF7E53B9BDF
:1014B000F8E56E5CF9E58159FAE58359FBE58D594C
:1014C000FCE5A959FDE5AA59FEE5A35940E66C9350
:1014D00041E66D9342E66E9343E66F9344E6709364
:1014E00045E6719346E6729347E6739348E6749334
:1014F00049E675934AE676934BE677934CE6789304
:101500004DE679934EE67A934FE67B9350E67C93D3
:1015100051E67D9352E67E9353E67F9354E68093A3
:1015200055E6819356E6829357E6839358E6849373
:1015300059E685935AE686935BE687935CE6889343
:101540005DE689935EE68A935FE68B9360E68C9313
:1015500061E68D9362E68E9363E6909364E69193E1
:1015600065E6929366E6939367E6949368E69593AF
:1015700069E696936AE697936BE698936CE699937F
:101580006DE69A936EE69B936FE69C9370E69D934F
:1015900071E69E9372E69F9373E6A09374E6A1931F
:1015A00075E6A29376E6A39377E6A49378E6A593EF
:1015B00079E6A6937AE6A7937BE6A8937CE6A993BF
:1015C0007DE6AA937EE6AB9380E6AC9381E6AD938D
:1015D00082E6AE9383E6AF9384E6B09385E6B1935B
:1015E00086E6B29387E6B39388E6B49389E6B5932B
:1015F0008AE6B6938BE6B7938CE6B8938DE6B993FB
:101600008EE6BA938FE6BB9390E6BC9391E6BD93CA
:1016100092E6BE9393E6BF9394E6C09395E6C1939A
:1016200096E6C29397E6C39398E6C49399E6C5936A
:101630009AE6C6939BE6C7939CE6C8939DE6C9933A
:101640009EE6CB939FE6CC93A0E6CD93A1E6975977
:10165000A2E6CA59A3E6AB59A4E69E59A5E6A45949
:10166000A6E6D259A7E6B259A8E6AF59A9E6D759D6
:10167000AAE6BE59ABE6055AACE6065AADE6DD5918
:10168000AEE6085AAFE6E359B0E6D859B1E6F959E3
:10169000B2E60C5AB3E6095AB4E6325AB5E6345A01
:1016A000B6E6115AB7E6235AB8E6135AB9E6405AD5
:1016B000BAE6675ABBE64A5ABCE6555ABDE63C5AFA
:1016C000BEE6625ABFE6755AC0E6EC80C1E6AA5A89
:1016D000C2E69B5AC3E6775AC4E67A5AC5E6BE5AB2
:1016E000C6E6EB5AC7E6B25AC8E6D25AC9E6D45A99
:1016F000CAE6B85ACBE6E05ACCE6E35ACDE6F15A50
:10170000CEE6D65ACFE6E65AD0E6D85AD1E6DC5A2B
:10171000D2E6095BD3E6175BD4E6165BD5E6325B0F
:10172000D6E6375BD7E6405BD8E6155CD9E61C5CAD
:10173000DAE65A5BDBE6655BDCE6735BDDE6515BB4
:10174000DEE6535BDFE6625BE0E6759AE1E6779AF8
:10175000E2E6789AE3E67A9AE4E67F9AE5E67D9A0D
:10176000E6E6809AE7E6819AE8E6859AE9E6889ACD
:10177000EAE68A9AEBE6909AECE6929AEDE6939A7C
:10178000EEE6969AEFE6989AF0E69B9AF1E69C9A36
:10179000F2E69D9AF3E69F9AF4E6A09AF5E6A29AFD
:1017A000F6E6A39AF7E6A59AF8E6A79AF9E69F7EE9
:1017B000FAE6A17EFBE6A37EFCE6A57EFDE6A87E1A
:1017C000FEE6A97E40E7CE9341E7CF9342E7D09370
:1017D00043E7D19344E7D29345E7D39346E7D493C5
:1017E00047E7D59348E7D79349E7D8934AE7D99392
:1017F0004BE7DA934CE7DB934DE7DC934EE7DD9361
:101800004FE7DE9350E7DF9351E7E09352E7E19330
:1018100053E7E29354E7E39355E7E49356E7E59300
:1018200057E7E69358E7E79359E7E8935AE7E993D0
:101830005BE7EA935CE7EB935DE7EC935EE7ED93A0
:101840005FE7EE9360E7EF9361E7F09362E7F19370
:1018500063E7F29364E7F39365E7F49366E7F59340
:1018600067E7F69368E7F79369E7F8936AE7F99310
:101870006BE7FA936CE7FB936DE7FC936EE7FD93E0
:101880006FE7FE9370E7FF9371E7009472E70194AE
:1018900073E7029474E7039475E7049476E705947C
:1018A00077E7069478E7079479E708947AE709944C
:1018B0007BE70A947CE70B947DE70C947EE70D941C
:1018C00080E70E9481E70F9482E7109483E71194E8
:1018D00084E7129485E7139486E7149487E71594B8
:1018E00088E7169489E717948AE718948BE7199488
:1018F0008CE71A948DE71B948EE71C948FE71D9458
:1019000090E71E9491E71F9492E7209493E7219427
:1019100094E7229495E7239496E7249497E72594F7
:1019200098E7269499E727949AE728949BE72994C7
:101930009CE72A949DE72B949EE72C949FE72D9497
:10194000A0E72E94A1E7AD7EA2E7B07EA3E7BE7E1E
:10195000A4E7C07EA5E7C17EA6E7C27EA7E7C97E51
:10196000A8E7CB7EA9E7CC7EAAE7D07EABE7D47E02
:10197000ACE7D77EADE7DB7EAEE7E07EAFE7E17EAA
:10198000B0E7E87EB1E7EB7EB2E7EE7EB3E7EF7E4D
:10199000B4E7F17EB5E7F27EB6E70D7FB7E7F67EF6
:1019A000B8E7FA7EB9E7FB7EBAE7FE7EBBE7017FC8
:1019B000BCE7027FBDE7037FBEE7077FBFE7087F85
:1019C000C0E70B7FC1E70C7FC2E70F7FC3E7117F42
:1019D000C4E7127FC5E7177FC6E7197FC7E71C7FFB
:1019E000C8E71B7FC9E71F7FCAE7217FCBE7227FBC
:1019F000CCE7237FCDE7247FCEE7257FCFE7267F87
:101A0000D0E7277FD1E72A7FD2E72B7FD3E72C7F50
:101A1000D4E72D7FD5E72F7FD6E7307FD7E7317F1B
:101A2000D8E7327FD9E7337FDAE7357FDBE77A5EC5
:101A3000DCE77F75DDE7DB5DDEE73E75DFE7959090
:101A4000E0E78E73E1E79173E2E7AE73E3E7A27339
:101A5000E4E79F73E5E7CF73E6E7C273E7E7D17387
:101A6000E8E7B773E9E7B373EAE7C073EBE7C97375
:101A7000ECE7C873EDE7E573EEE7D973EFE77C9821
:101A8000F0E70A74F1E7E973F2E7E773F3E7DE736F
:101A9000F4E7BA73F5E7F273F6E70F74F7E72A7421
:101AA000F8E75B74F9E72674FAE72574FBE7287416
:101AB000FCE73074FDE72E74FEE72C7440E82F94A9
:101AC00041E8309442E8319443E8329444E8339456
:101AD00045E8349446E8359447E8369448E8379426
:101AE00049E838944AE839944BE83A944CE83B94F6
:101AF0004DE83C944EE83D944FE83F9450E84094C4
:101B000051E8419452E8429453E8439454E8449491
:101B100055E8459456E8469457E8479458E8489461
:101B200059E849945AE84A945BE84B945CE84C9431
:101B30005DE84D945EE84E945FE84F9460E8509401
:101B400061E8519462E8529463E8539464E85494D1
:101B500065E8559466E8569467E8579468E85894A1
:101B600069E859946AE85A946BE85B946CE85C9471
:101B70006DE85D946EE85E946FE85F9470E8609441
:101B800071E8619472E8629473E8639474E8649411
:101B900075E8659476E8669477E8679478E86894E1
:101BA00079E869947AE86A947BE86C947CE86D94AF
:101BB0007DE86E947EE86F9480E8709481E871947B
:101BC00082E8729483E8739484E8749485E8759449
:101BD00086E8769487E8779488E8789489E8799419
:101BE0008AE87A948BE87B948CE87C948DE87D94E9
:101BF0008EE87E948FE87F9490E8809491E88194B9
:101C000092E8829493E8839494E8849495E891947C
:101C100096E8969497E8989498E8C79499E8CF94B2
:101C20009AE8D3949BE8D4949CE8DA949DE8E694EF
:101C30009EE8FB949FE81C95A0E82095A1E81B7402
:101C4000A2E81A74A3E84174A4E85C74A5E8577488
:101C5000A6E85574A7E85974A8E87774A9E86D74E4
:101C6000AAE87E74ABE89C74ACE88E74ADE880742E
:101C7000AEE88174AFE88774B0E88B74B1E89E7405
:101C8000B2E8A874B3E8A974B4E89074B5E8A7748E
:101C9000B6E8D274B7E8BA74B8E8EA97B9E8EB974F
:101CA000BAE8EC97BBE84C67BCE85367BDE85E67F1
:101CB000BEE84867BFE86967C0E8A567C1E887670D
:101CC000C2E86A67C3E87367C4E89867C5E8A767AE
:101CD000C6E87567C7E8A867C8E89E67C9E8AD6742
:101CE000CAE88B67CBE87767CCE87C67CDE8F0671C
:101CF000CEE80968CFE8D867D0E80A68D1E8E96794
:101D0000D2E8B067D3E80C68D4E8D967D5E8B567FE
:101D1000D6E8DA67D7E8B367D8E8DD67D9E80068BE
:101D2000DAE8C367DBE8B867DCE8E267DDE80E689D
:101D3000DEE8C167DFE8FD67E0E83268E1E83368C4
:101D4000E2E86068E3E86168E4E84E68E5E8626854
:101D5000E6E84468E7E86468E8E88368E9E81D685D
:101D6000EAE85568EBE86668ECE84168EDE8676822
:101D7000EEE84068EFE83E68F0E84A68F1E8496854
:101D8000F2E82968F3E8B568F4E88F68F5E8746864
:101D9000F6E87768F7E89368F8E86B68F9E8C268EE
:101DA000FAE86E69FBE8FC68FCE81F69FDE8206959
:101DB000FEE8F96840E9279541E9339542E93D9508
:101DC00043E9439544E9489545E94B9546E95595DE
:101DD00047E95A9548E9609549E96E954AE974954D
:101DE0004BE975954CE977954DE978954EE97995EC
:101DF0004FE97A9550E97B9551E97C9552E97D95BB
:101E000053E97E9554E9809555E9819556E9829587
:101E100057E9839558E9849559E985955AE9869556
:101E20005BE987955CE988955DE989955EE98A9526
:101E30005FE98B9560E98C9561E98D9562E98E95F6
:101E400063E98F9564E9909565E9919566E99295C6
:101E500067E9939568E9949569E995956AE9969596
:101E60006BE997956CE998956DE999956EE99A9566
:101E70006FE99B9570E99C9571E99D9572E99E9536
:101E800073E99F9574E9A09575E9A19576E9A29506
:101E900077E9A39578E9A49579E9A5957AE9A695D6
:101EA0007BE9A7957CE9A8957DE9A9957EE9AA95A6
:101EB00080E9AB9581E9AC9582E9AD9583E9AE9572
:101EC00084E9AF9585E9B09586E9B19587E9B29542
:101ED00088E9B39589E9B4958AE9B5958BE9B69512
:101EE0008CE9B7958DE9B8958EE9B9958FE9BA95E2
:101EF00090E9BB9591E9BC9592E9BD9593E9BE95B2
:101F000094E9BF9595E9C09596E9C19597E9C29581
:101F100098E9C39599E9C4959AE9C5959BE9C69551
:101F20009CE9C7959DE9C8959EE9C9959FE9CA9521
:101F3000A0E9CB95A1E92469A2E9F068A3E90B69BE
:101F4000A4E90169A5E95769A6E9E368A7E9106969
:101F5000A8E97169A9E93969AAE96069ABE9426947
:101F6000ACE95D69ADE98469AEE96B69AFE98069A7
:101F7000B0E99869B1E97869B2E93469B3E9CC6943
:101F8000B4E98769B5E98869B6E9CE69B7E98969CD
:101F9000B8E96669B9E96369BAE97969BBE99B6936
:101FA000BCE9A769BDE9BB69BEE9AB69BFE9AD6939
:101FB000C0E9D469C1E9B169C2E9C169C3E9CA69C3
:101FC000C4E9DF69C5E99569C6E9E069C7E98D69D2
:101FD000C8E9FF69C9E92F6ACAE9ED69CBE9176A5F
:101FE000CCE9186ACDE9656ACEE9F269CFE9446ABD
:101FF000D0E93E6AD1E9A06AD2E9506AD3E95B6AC6
:10200000D4E9356AD5E98E6AD6E9796AD7E93D6AB5
:10201000D8E9286AD9E9586ADAE97C6ADBE9916A81
:10202000DCE9906ADDE9A96ADEE9976ADFE9AB6A73
:10203000E0E93773E1E95273E2E9816BE3E9826B2E
:10204000E4E9876BE5E9846BE6E9926BE7E9936B7A
:10205000E8E98D6BE9E99A6BEAE99B6BEBE9A16B27
:10206000ECE9AA6BEDE96B8FEEE96D8FEFE9718F0B
:10207000F0E9728FF1E9738FF2E9758FF3E9768FEA
:10208000F4E9788FF5E9778FF6E9798FF7E97A8FB8
:10209000F8E97C8FF9E97E8FFAE9818FFBE9828F7D
:1020A000FCE9848FFDE9878FFEE98B8F40EACC95B0
:1020B00041EACD9542EACE9543EACF9544EAD095E0
:1020C00045EAD19546EAD29547EAD39548EAD495B0
:1020D00049EAD5954AEAD6954BEAD7954CEAD89580
:1020E0004DEAD9954EEADA954FEADB9550EADC9550
:1020F00051EADD9552EADE9553EADF9554EAE09520
:1021000055EAE19556EAE29557EAE39558EAE495EF
:1021100059EAE5955AEAE6955BEAE7955CEAEC95BB
:102120005DEAFF955EEA07965FEA139660EA189605
:1021300061EA1B9662EA1E9663EA209664EA239699
:1021400065EA249666EA259667EA269668EA27965F
:1021500069EA28966AEA29966BEA2B966CEA2C962D
:102160006DEA2D966EEA2F966FEA309670EA3796F2
:1021700071EA389672EA399673EA3A9674EA3E96AC
:1021800075EA419676EA439677EA4A9678EA4E9659
:1021900079EA4F967AEA51967BEA52967CEA539610
:1021A0007DEA56967EEA579680EA589681EA5996D5
:1021B00082EA5A9683EA5C9684EA5D9685EA5E96A0
:1021C00086EA609687EA639688EA659689EA669663
:1021D0008AEA6B968BEA6D968CEA6E968DEA6F961C
:1021E0008EEA70968FEA719690EA739691EA7896E5
:1021F00092EA799693EA7A9694EA7B9695EA7C96A7
:1022000096EA7D9697EA7E9698EA7F9699EA809676
:102210009AEA81969BEA82969CEA83969DEA849646
:102220009EEA87969FEA8996A0EA8A96A1EA8D8F10
:10223000A2EA8E8FA3EA8F8FA4EA988FA5EA9A8FDD
:10224000A6EACE8EA7EA0B62A8EA1762A9EA1B6289
:10225000AAEA1F62ABEA2262ACEA2162ADEA256219
:10226000AEEA2462AFEA2C62B0EAE781B1EAEF7429
:10227000B2EAF474B3EAFF74B4EA0F75B5EA117503
:10228000B6EA1375B7EA3465B8EAEE65B9EAEF6500
:10229000BAEAF065BBEA0A66BCEA1966BDEA72678B
:1022A000BEEA0366BFEA1566C0EA0066C1EA857049
:1022B000C2EAF766C3EA1D66C4EA3466C5EA316657
:1022C000C6EA3666C7EA3566C8EA0680C9EA5F66C6
:1022D000CAEA5466CBEA4166CCEA4F66CDEA566656
:1022E000CEEA6166CFEA5766D0EA7766D1EA8466BD
:1022F000D2EA8C66D3EAA766D4EA9D66D5EABE66C2
:10230000D6EADB66D7EADC66D8EAE666D9EAE966A9
:10231000DAEA328DDBEA338DDCEA368DDDEA3B8D9D
:10232000DEEA3D8DDFEA408DE0EA458DE1EA468D4B
:10233000E2EA488DE3EA498DE4EA478DE5EA4D8D0E
:10234000E6EA558DE7EA598DE8EAC789E9EACA89DC
:10235000EAEACB89EBEACC89ECEACE89EDEACF89CF
:10236000EEEAD089EFEAD189F0EA6E72F1EA9F7263
:10237000F2EA5D72F3EA6672F4EA6F72F5EA7E726F
:10238000F6EA7F72F7EA8472F8EA8B72F9EA8D72E4
:10239000FAEA8F72FBEA9272FCEA0863FDEA3263A2
:1023A000FEEAB06340EB8C9641EB8E9642EB919641
:1023B00043EB929644EB939645EB959646EB9696B7
:1023C00047EB9A9648EB9B9649EB9D964AEB9E9677
:1023D0004BEB9F964CEBA0964DEBA1964EEBA29645
:1023E0004FEBA39650EBA49651EBA59652EBA69615
:1023F00053EBA89654EBA99655EBAA9656EBAB96E1
:1024000057EBAC9658EBAD9659EBAE965AEBAF96B0
:102410005BEBB1965CEBB2965DEBB4965EEBB5967A
:102420005FEBB79660EBB89661EBBA9662EBBB9642
:1024300063EBBF9664EBC29665EBC39666EBC896FA
:1024400067EBCA9668EBCB9669EBD0966AEBD196B0
:102450006BEBD3966CEBD4966DEBD6966EEBD79672
:102460006FEBD89670EBD99671EBDA9672EBDB9640
:1024700073EBDC9674EBDD9675EBDE9676EBDF9610
:1024800077EBE19678EBE29679EBE3967AEBE496DC
:102490007BEBE5967CEBE6967DEBE7967EEBEB96A9
:1024A00080EBEC9681EBED9682EBEE9683EBF0966B
:1024B00084EBF19685EBF29686EBF49687EBF59636
:1024C00088EBF89689EBFA968AEBFB968BEBFC96F9
:1024D0008CEBFD968DEBFF968EEB02978FEB0397BF
:1024E00090EB059791EB0A9792EB0B9793EB0C9778
:1024F00094EB109795EB119796EB129797EB149737
:1025000098EB159799EB17979AEB18979BEB199700
:102510009CEB1A979DEB1B979EEB1D979FEB1F97CC
:10252000A0EB2097A1EB3F64A2EBD864A3EB04805F
:10253000A4EBEA6BA5EBF36BA6EBFD6BA7EBF56BDE
:10254000A8EBF96BA9EB056CAAEB076CABEB066C7F
:10255000ACEB0D6CADEB156CAEEB186CAFEB196C16
:10256000B0EB1A6CB1EB216CB2EB296CB3EB246CC1
:10257000B4EB2A6CB5EB326CB6EB3565B7EB556551
:10258000B8EB6B65B9EB4D72BAEB5272BBEB56729E
:10259000BCEB3072BDEB6286BEEB1652BFEB9F8088
:1025A000C0EB9C80C1EB9380C2EBBC80C3EB0A679D
:1025B000C4EBBD80C5EBB180C6EBAB80C7EBAD8093
:1025C000C8EBB480C9EBB780CAEBE780CBEBE880FF
:1025D000CCEBE980CDEBEA80CEEBDB80CFEBC280A9
:1025E000D0EBC480D1EBD980D2EBCD80D3EBD780B8
:1025F000D4EB1067D5EBDD80D6EBEB80D7EBF18029
:10260000D8EBF480D9EBED80DAEB0D81DBEB0E81BA
:10261000DCEBF280DDEBFC80DEEB1567DFEB12819B
:10262000E0EB5A8CE1EB3681E2EB1E81E3EB2C818F
:10263000E4EB1881E5EB3281E6EB4881E7EB4C8176
:10264000E8EB5381E9EB7481EAEB5981EBEB5A81BA
:10265000ECEB7181EDEB6081EEEB6981EFEB7C815E
:10266000F0EB7D81F1EB6D81F2EB6781F3EB4D587F
:10267000F4EBB55AF5EB8881F6EB8281F7EB9181AB
:10268000F8EBD56EF9EBA381FAEBAA81FBEBCC81D9
:10269000FCEB2667FDEBCA81FEEBBB8140EC21978A
:1026A00041EC229742EC239743EC249744EC259786
:1026B00045EC269746EC279747EC289748EC299756
:1026C00049EC2B974AEC2C974BEC2E974CEC2F9720
:1026D0004DEC31974EEC33974FEC349750EC3597E7
:1026E00051EC369752EC379753EC3A9754EC3B97B2
:1026F00055EC3C9756EC3D9757EC3F9758EC40977C
:1027000059EC41975AEC42975BEC43975CEC449749
:102710005DEC45975EEC46975FEC479760EC489719
:1027200061EC499762EC4A9763EC4B9764EC4C97E9
:1027300065EC4D9766EC4E9767EC4F9768EC5097B9
:1027400069EC51976AEC54976BEC55976CEC579782
:102750006DEC58976EEC5A976FEC5C9770EC5D9748
:1027600071EC5F9772EC639773EC649774EC669707
:1027700075EC679776EC689777EC6A9778EC6B97CF
:1027800079EC6C977AEC6D977BEC6E977CEC6F979D
:102790007DEC70977EEC719780EC729781EC759769
:1027A00082EC779783EC789784EC799785EC7A972D
:1027B00086EC7B9787EC7D9788EC7E9789EC7F97FA
:1027C0008AEC80978BEC81978CEC82978DEC8397C9
:1027D0008EEC84978FEC869790EC879791EC889796
:1027E00092EC899793EC8A9794EC8C9795EC8E9762
:1027F00096EC8F9797EC909798EC939799EC959728
:102800009AEC96979BEC97979CEC99979DEC9A97EE
:102810009EEC9B979FEC9C97A0EC9D97A1ECC181AF
:10282000A2ECA681A3EC246BA4EC376BA5EC396B6E
:10283000A6EC436BA7EC466BA8EC596BA9ECD198BE
:10284000AAECD298ABECD398ACECD598ADECD99877
:10285000AEECDA98AFECB36BB0EC405FB1ECC26BAE
:10286000B2ECF389B3EC9065B4EC519FB5EC936591
:10287000B6ECBC65B7ECC665B8ECC465B9ECC3652D
:10288000BAECCC65BBECCE65BCECD265BDECD665D4
:10289000BEEC8070BFEC9C70C0EC9670C1EC9D707B
:1028A000C2ECBB70C3ECC070C4ECB770C5ECAB70CD
:1028B000C6ECB170C7ECE870C8ECCA70C9EC107116
:1028C000CAEC1371CBEC1671CCEC2F71CDEC3171DD
:1028D000CEEC7371CFEC5C71D0EC6871D1EC4571CA
:1028E000D2EC7271D3EC4A71D4EC7871D5EC7A7178
:1028F000D6EC9871D7ECB371D8ECB571D9ECA8715E
:10290000DAECA071DBECE071DCECD471DDECE771AA
:10291000DEECF971DFEC1D72E0EC2872E1EC6C701A
:10292000E2EC1871E3EC6671E4ECB971E5EC3E623F
:10293000E6EC3D62E7EC4362E8EC4862E9EC4962B0
:10294000EAEC3B79EBEC4079ECEC4679EDEC49793B
:10295000EEEC5B79EFEC5C79F0EC5379F1EC5A79C1
:10296000F2EC6279F3EC5779F4EC6079F5EC6F797D
:10297000F6EC6779F7EC7A79F8EC8579F9EC8A79F5
:10298000FAEC9A79FBECA779FCECB379FDECD15F1A
:10299000FEECD05F40ED9E9741ED9F9742EDA197F1
:1029A00043EDA29744EDA49745EDA59746EDA69774
:1029B00047EDA79748EDA89749EDA9974AEDAA9743
:1029C0004BEDAC974CEDAE974DEDB0974EEDB1970A
:1029D0004FEDB39750EDB59751EDB69752EDB797D0
:1029E00053EDB89754EDB99755EDBA9756EDBB979F
:1029F00057EDBC9758EDBD9759EDBE975AEDBF976F
:102A00005BEDC0975CEDC1975DEDC2975EEDC3973E
:102A10005FEDC49760EDC59761EDC69762EDC7970E
:102A200063EDC89764EDC99765EDCA9766EDCB97DE
:102A300067EDCC9768EDCD9769EDCE976AEDCF97AE
:102A40006BEDD0976CEDD1976DEDD2976EEDD3977E
:102A50006FEDD49770EDD59771EDD69772EDD7974E
:102A600073EDD89774EDD99775EDDA9776EDDB971E
:102A700077EDDC9778EDDD9779EDDE977AEDDF97EE
:102A80007BEDE0977CEDE1977DEDE2977EEDE397BE
:102A900080EDE49781EDE59782EDE89783EDEE9781
:102AA00084EDEF9785EDF09786EDF19787EDF2973E
:102AB00088EDF49789EDF7978AEDF8978BEDF99704
:102AC0008CEDFA978DEDFB978EEDFC978FEDFD97D2
:102AD00090EDFE9791EDFF9792ED009893ED0198A0
:102AE00094ED029895ED039896ED049897ED05986E
:102AF00098ED069899ED07989AED08989BED09983E
:102B00009CED0A989DED0B989EED0C989FED0D980D
:102B1000A0ED0E98A1ED3C60A2ED5D60A3ED5A60C2
:102B2000A4ED6760A5ED4160A6ED5960A7ED636077
:102B3000A8EDAB60A9ED0661AAED0D61ABED5D619D
:102B4000ACEDA961ADED9D61AEEDCB61AFEDD161B5
:102B5000B0ED0662B1ED8080B2ED7F80B3ED936C95
:102B6000B4EDF66CB5EDFC6DB6EDF677B7EDF87734
:102B7000B8ED0078B9ED0978BAED1778BBED1878A3
:102B8000BCED1178BDEDAB65BEED2D78BFED1C78C9
:102B9000C0ED1D78C1ED3978C2ED3A78C3ED3B78D0
:102BA000C4ED1F78C5ED3C78C6ED2578C7ED2C78CF
:102BB000C8ED2378C9ED2978CAED4E78CBED6D7854
:102BC000CCED5678CDED5778CEED2678CFED507818
:102BD000D0ED4778D1ED4C78D2ED6A78D3ED9B7883
:102BE000D4ED9378D5ED9A78D6ED8778D7ED9C78AB
:102BF000D8EDA178D9EDA378DAEDB278DBEDB9782C
:102C0000DCEDA578DDEDD478DEEDD978DFEDC9789F
:102C1000E0EDEC78E1EDF278E2ED0579E3EDF478C2
:102C2000E4ED1379E5ED2479E6ED1E79E7ED3479ED
:102C3000E8ED9B9FE9EDF99EEAEDFB9EEBEDFC9E36
:102C4000ECEDF176EDED0477EEED0D77EFEDF97645
:102C5000F0ED0777F1ED0877F2ED1A77F3ED2277D3
:102C6000F4ED1977F5ED2D77F6ED2677F7ED35775D
:102C7000F8ED3877F9ED5077FAED5177FBED4777BE
:102C8000FCED4377FDED5A77FEED687740EE0F9847
:102C900041EE109842EE119843EE129844EE1398CC
:102CA00045EE149846EE159847EE169848EE17989C
:102CB00049EE18984AEE19984BEE1A984CEE1B986C
:102CC0004DEE1C984EEE1D984FEE1E9850EE1F983C
:102CD00051EE209852EE219853EE229854EE23980C
:102CE00055EE249856EE259857EE269858EE2798DC
:102CF00059EE28985AEE29985BEE2A985CEE2B98AC
:102D00005DEE2C985EEE2D985FEE2E9860EE2F987B
:102D100061EE309862EE319863EE329864EE33984B
:102D200065EE349866EE359867EE369868EE37981B
:102D300069EE38986AEE39986BEE3A986CEE3B98EB
:102D40006DEE3C986EEE3D986FEE3E9870EE3F98BB
:102D500071EE409872EE419873EE429874EE43988B
:102D600075EE449876EE459877EE469878EE47985B
:102D700079EE48987AEE49987BEE4A987CEE4B982B
:102D80007DEE4C987EEE4D9880EE4E9881EE4F98F9
:102D900082EE509883EE519884EE529885EE5398C7
:102DA00086EE549887EE559888EE569889EE579897
:102DB0008AEE58988BEE59988CEE5A988DEE5B9867
:102DC0008EEE5C988FEE5D9890EE5E9891EE5F9837
:102DD00092EE609893EE619894EE629895EE639807
:102DE00096EE649897EE659898EE669899EE6798D7
:102DF0009AEE68989BEE69989CEE6A989DEE6B98A7
:102E00009EEE6C989FEE6D98A0EE6E98A1EE6277A4
:102E1000A2EE6577A3EE7F77A4EE8D77A5EE7D77A2
:102E2000A6EE8077A7EE8C77A8EE9177A9EE9F7734
:102E3000AAEEA077ABEEB077ACEEB577ADEEBD778E
:102E4000AEEE3A75AFEE4075B0EE4E75B1EE4B7525
:102E5000B2EE4875B3EE5B75B4EE7275B5EE79758A
:102E6000B6EE8375B7EE587FB8EE617FB9EE5F7F3F
:102E7000BAEE488ABBEE687FBCEE747FBDEE717F10
:102E8000BEEE797FBFEE817FC0EE7E7FC1EECD7654
:102E9000C2EEE576C3EE3288C4EE8594C5EE869424
:102EA000C6EE8794C7EE8B94C8EE8A94C9EE8C94D4
:102EB000CAEE8D94CBEE8F94CCEE9094CDEE94949C
:102EC000CEEE9794CFEE9594D0EE9A94D1EE9B945B
:102ED000D2EE9C94D3EEA394D4EEA494D5EEAB940E
:102EE000D6EEAA94D7EEAD94D8EEAC94D9EEAF94CA
:102EF000DAEEB094DBEEB294DCEEB494DDEEB69490
:102F0000DEEEB794DFEEB894E0EEB994E1EEBA9459
:102F1000E2EEBC94E3EEBD94E4EEBF94E5EEC4941F
:102F2000E6EEC894E7EEC994E8EECA94E9EECB94D5
:102F3000EAEECC94EBEECD94ECEECE94EDEED094A4
:102F4000EEEED194EFEED294F0EED594F1EED6946D
:102F5000F2EED794F3EED994F4EED894F5EEDB9438
:102F6000F6EEDE94F7EEDF94F8EEE094F9EEE294FC
:102F7000FAEEE494FBEEE594FCEEE794FDEEE894C3
:102F8000FEEEEA9440EF6F9841EF709842EF71982F
:102F900043EF729844EF739845EF749846EF8B981F
:102FA00047EF8E9848EF929849EF95984AEF999895
:102FB0004BEFA3984CEFA8984DEFA9984EEFAA9825
:102FC0004FEFAB9850EFAC9851EFAD9852EFAE98F1
:102FD00053EFAF9854EFB09855EFB19856EFB298C1
:102FE00057EFB39858EFB49859EFB5985AEFB69891
:102FF0005BEFB7985CEFB8985DEFB9985EEFBA9861
:103000005FEFBB9860EFBC9861EFBD9862EFBE9830
:1030100063EFBF9864EFC09865EFC19866EFC29800
:1030200067EFC39868EFC49869EFC5986AEFC698D0
:103030006BEFC7986CEFC8986DEFC9986EEFCA98A0
:103040006FEFCB9870EFCC9871EFCD9872EFCF986F
:1030500073EFD09874EFD49875EFD69876EFD79831
:1030600077EFDB9878EFDC9879EFDD987AEFE098EE
:103070007BEFE1987CEFE2987DEFE3987EEFE498B8
:1030800080EFE59881EFE69882EFE99883EFEA9880
:1030900084EFEB9885EFEC9886EFED9887EFEE984C
:1030A00088EFEF9889EFF0988AEFF1988BEFF2981C
:1030B0008CEFF3988DEFF4988EEFF5988FEFF698EC
:1030C00090EFF79891EFF89892EFF99893EFFA98BC
:1030D00094EFFB9895EFFC9896EFFD9897EFFE988C
:1030E00098EFFF9899EF00999AEF01999BEF029959
:1030F0009CEF03999DEF04999EEF05999FEF069928
:10310000A0EF0799A1EFE994A2EFEB94A3EFEE945F
:10311000A4EFEF94A5EFF394A6EFF494A7EFF59442
:10312000A8EFF794A9EFF994AAEFFC94ABEFFD9404
:10313000ACEFFF94ADEF0395AEEF0295AFEF0695C0
:10314000B0EF0795B1EF0995B2EF0A95B3EF0D9582
:10315000B4EF0E95B5EF0F95B6EF1295B7EF139547
:10316000B8EF1495B9EF1595BAEF1695BBEF189512
:10317000BCEF1B95BDEF1D95BEEF1E95BFEF1F95D4
:10318000C0EF2295C1EF2A95C2EF2B95C3EF299589
:10319000C4EF2C95C5EF3195C6EF3295C7EF349546
:1031A000C8EF3695C9EF3795CAEF3895CBEF3C9508
:1031B000CCEF3E95CDEF3F95CEEF4295CFEF3595D5
:1031C000D0EF4495D1EF4595D2EF4695D3EF499591
:1031D000D4EF4C95D5EF4E95D6EF4F95D7EF52954E
:1031E000D8EF5395D9EF5495DAEF5695DBEF579515
:1031F000DCEF5895DDEF5995DEEF5B95DFEF5E95DF
:10320000E0EF5F95E1EF5D95E2EF6195E3EF6295A9
:10321000E4EF6495E5EF6595E6EF6695E7EF679572
:10322000E8EF6895E9EF6995EAEF6A95EBEF6B9542
:10323000ECEF6C95EDEF6F95EEEF7195EFEF72950A
:10324000F0EF7395F1EF3A95F2EFE777F3EFEC7764
:10325000F4EFC996F5EFD579F6EFED79F7EFE3796D
:10326000F8EFEB79F9EF067AFAEF475DFBEF037AB7
:10327000FCEF027AFDEF1E7AFEEF147A40F0089917
:1032800041F0099942F00A9943F00B9944F00C99E6
:1032900045F00E9946F00F9947F0119948F01299B0
:1032A00049F013994AF014994BF015994CF016997E
:1032B0004DF017994EF018994FF0199950F01A994E
:1032C00051F01B9952F01C9953F01D9954F01E991E
:1032D00055F01F9956F0209957F0219958F02299EE
:1032E00059F023995AF024995BF025995CF02699BE
:1032F0005DF027995EF028995FF0299960F02A998E
:1033000061F02B9962F02C9963F02D9964F02F995C
:1033100065F0309966F0319967F0329968F0339929
:1033200069F034996AF035996BF036996CF03799F9
:103330006DF038996EF039996FF03A9970F03B99C9
:1033400071F03C9972F03D9973F03E9974F03F9999
:1033500075F0409976F0419977F0429978F0439969
:1033600079F044997AF045997BF046997CF0479939
:103370007DF048997EF0499980F04A9981F04B9907
:1033800082F04C9983F04D9984F04E9985F04F99D5
:1033900086F0509987F0519988F0529989F05399A5
:1033A0008AF056998BF057998CF058998DF059996D
:1033B0008EF05A998FF05B9990F05C9991F05D993D
:1033C00092F05E9993F05F9994F0609995F061990D
:1033D00096F0629997F0649998F0669999F07399CC
:1033E0009AF078999BF079999CF07B999DF07E9961
:1033F0009EF082999FF08399A0F08999A1F0397A83
:10340000A2F0377AA3F0517AA4F0CF9EA5F0A59947
:10341000A6F0707AA7F08876A8F08E76A9F0937659
:10342000AAF09976ABF0A476ACF0DE74ADF0E0745F
:10343000AEF02C75AFF0209EB0F0229EB1F0289E29
:10344000B2F0299EB3F02A9EB4F02B9EB5F02C9ECC
:10345000B6F0329EB7F0319EB8F0369EB9F0389E85
:10346000BAF0379EBBF0399EBCF03A9EBDF03E9E4E
:10347000BEF0419EBFF0429EC0F0449EC1F0469E09
:10348000C2F0479EC3F0489EC4F0499EC5F04B9ED3
:10349000C6F04C9EC7F04E9EC8F0519EC9F0559E96
:1034A000CAF0579ECBF05A9ECCF05B9ECDF05C9E4E
:1034B000CEF05E9ECFF0639ED0F0669ED1F0679E08
:1034C000D2F0689ED3F0699ED4F06A9ED5F06B9ED0
:1034D000D6F06C9ED7F0719ED8F06D9ED9F0739E99
:1034E000DAF09275DBF09475DCF09675DDF0A0757E
:1034F000DEF09D75DFF0AC75E0F0A375E1F0B3751B
:10350000E2F0B475E3F0B875E4F0C475E5F0B175B8
:10351000E6F0B075E7F0C375E8F0C275E9F0D6756E
:10352000EAF0CD75EBF0E375ECF0E875EDF0E675DB
:10353000EEF0E475EFF0EB75F0F0E775F1F003767F
:10354000F2F0F175F3F0FC75F4F0FF75F5F010761C
:10355000F6F00076F7F00576F8F00C76F9F01776CD
:10356000FAF00A76FBF02576FCF01876FDF0157679
:10357000FEF0197640F18C9941F18E9942F19A99B9
:1035800043F19B9944F19C9945F19D9946F19E998F
:1035900047F19F9948F1A09949F1A1994AF1A2995F
:1035A0004BF1A3994CF1A4994DF1A6994EF1A7992D
:1035B0004FF1A99950F1AA9951F1AB9952F1AC99F7
:1035C00053F1AD9954F1AE9955F1AF9956F1B099C7
:1035D00057F1B19958F1B29959F1B3995AF1B49997
:1035E0005BF1B5995CF1B6995DF1B7995EF1B89967
:1035F0005FF1B99960F1BA9961F1BB9962F1BC9937
:1036000063F1BD9964F1BE9965F1BF9966F1C09906
:1036100067F1C19968F1C29969F1C3996AF1C499D6
:103620006BF1C5996CF1C6996DF1C7996EF1C899A6
:103630006FF1C99970F1CA9971F1CB9972F1CC9976
:1036400073F1CD9974F1CE9975F1CF9976F1D09946
:1036500077F1D19978F1D29979F1D3997AF1D49916
:103660007BF1D5997CF1D6997DF1D7997EF1D899E6
:1036700080F1D99981F1DA9982F1DB9983F1DC99B2
:1036800084F1DD9985F1DE9986F1DF9987F1E09982
:1036900088F1E19989F1E2998AF1E3998BF1E49952
:1036A0008CF1E5998DF1E6998EF1E7998FF1E89922
:1036B00090F1E99991F1EA9992F1EB9993F1EC99F2
:1036C00094F1ED9995F1EE9996F1EF9997F1F099C2
:1036D00098F1F19999F1F2999AF1F3999BF1F49992
:1036E0009CF1F5999DF1F6999EF1F7999FF1F89962
:1036F000A0F1F999A1F11B76A2F13C76A3F1227613
:10370000A4F12076A5F14076A6F12D76A7F13076CA
:10371000A8F13F76A9F13576AAF14376ABF13E7672
:10372000ACF13376ADF14D76AEF15E76AFF1547615
:10373000B0F15C76B1F15676B2F16B76B3F16F769B
:10374000B4F1CA7FB5F1E67AB6F1787AB7F1797A51
:10375000B8F1807AB9F1867ABAF1887ABBF1957AB4
:10376000BCF1A67ABDF1A07ABEF1AC7ABFF1A87A1D
:10377000C0F1AD7AC1F1B37AC2F16488C3F169884E
:10378000C4F17288C5F17D88C6F17F88C7F182884F
:10379000C8F1A288C9F1C688CAF1B788CBF1BC8844
:1037A000CCF1C988CDF1E288CEF1CE88CFF1E388A3
:1037B000D0F1E588D1F1F188D2F11A89D3F1FC88F2
:1037C000D4F1E888D5F1FE88D6F1F088D7F12189C7
:1037D000D8F11989D9F11389DAF11B89DBF10A894A
:1037E000DCF13489DDF12B89DEF13689DFF14189A5
:1037F000E0F16689E1F17B89E2F18B75E3F1E58027
:10380000E4F1B276E5F1B476E6F1DC77E7F1128027
:10381000E8F11480E9F11680EAF11C80EBF12080D8
:10382000ECF12280EDF12580EEF12680EFF127808A
:10383000F0F12980F1F12880F2F13180F3F10B8071
:10384000F4F13580F5F14380F6F14680F7F14D80D3
:10385000F8F15280F9F16980FAF17180FBF1838906
:10386000FCF17898FDF18098FEF1839840F2FA9986
:1038700041F2FB9942F2FC9943F2FD9944F2FE9920
:1038800045F2FF9946F2009A47F2019A48F2029AED
:1038900049F2039A4AF2049A4BF2059A4CF2069ABC
:1038A0004DF2079A4EF2089A4FF2099A50F20A9A8C
:1038B00051F20B9A52F20C9A53F20D9A54F20E9A5C
:1038C00055F20F9A56F2109A57F2119A58F2129A2C
:1038D00059F2139A5AF2149A5BF2159A5CF2169AFC
:1038E0005DF2179A5EF2189A5FF2199A60F21A9ACC
:1038F00061F21B9A62F21C9A63F21D9A64F21E9A9C
:1039000065F21F9A66F2209A67F2219A68F2229A6B
:1039100069F2239A6AF2249A6BF2259A6CF2269A3B
:103920006DF2279A6EF2289A6FF2299A70F22A9A0B
:1039300071F22B9A72F22C9A73F22D9A74F22E9ADB
:1039400075F22F9A76F2309A77F2319A78F2329AAB
:1039500079F2339A7AF2349A7BF2359A7CF2369A7B
:103960007DF2379A7EF2389A80F2399A81F23A9A49
:1039700082F23B9A83F23C9A84F23D9A85F23E9A17
:1039800086F23F9A87F2409A88F2419A89F2429AE7
:103990008AF2439A8BF2449A8CF2459A8DF2469AB7
:1039A0008EF2479A8FF2489A90F2499A91F24A9A87
:1039B00092F24B9A93F24C9A94F24D9A95F24E9A57
:1039C00096F24F9A97F2509A98F2519A99F2529A27
:1039D0009AF2539A9BF2549A9CF2559A9DF2569AF7
:1039E0009EF2579A9FF2589AA0F2599AA1F289989A
:1039F000A2F28C98A3F28D98A4F28F98A5F29498D5
:103A0000A6F29A98A7F29B98A8F29E98A9F29F987E
:103A1000AAF2A198ABF2A298ACF2A598ADF2A69842
:103A2000AEF24D86AFF25486B0F26C86B1F26E867D
:103A3000B2F27F86B3F27A86B4F27C86B5F27B86E8
:103A4000B6F2A886B7F28D86B8F28B86B9F2AC864C
:103A5000BAF29D86BBF2A786BCF2A386BDF2AA8607
:103A6000BEF29386BFF2A986C0F2B686C1F2C486C2
:103A7000C2F2B586C3F2CE86C4F2B086C5F2BA866B
:103A8000C6F2B186C7F2AF86C8F2C986C9F2CF8640
:103A9000CAF2B486CBF2E986CCF2F186CDF2F28698
:103AA000CEF2ED86CFF2F386D0F2D086D1F2138734
:103AB000D2F2DE86D3F2F486D4F2DF86D5F2D8864F
:103AC000D6F2D186D7F20387D8F20787D9F2F886E3
:103AD000DAF20887DBF20A87DCF20D87DDF209876C
:103AE000DEF22387DFF23B87E0F21E87E1F22587D3
:103AF000E2F22E87E3F21A87E4F23E87E5F2488786
:103B0000E6F23487E7F23187E8F22987E9F237876E
:103B1000EAF23F87EBF28287ECF22287EDF27D87B3
:103B2000EEF27E87EFF27B87F0F26087F1F270872A
:103B3000F2F24C87F3F26E87F4F28B87F5F253873B
:103B4000F6F26387F7F27C87F8F26487F9F2598717
:103B5000FAF26587FBF29387FCF2AF87FDF2A88744
:103B6000FEF2D28740F35A9A41F35B9A42F35C9A91
:103B700043F35D9A44F35E9A45F35F9A46F3609A85
:103B800047F3619A48F3629A49F3639A4AF3649A55
:103B90004BF3659A4CF3669A4DF3679A4EF3689A25
:103BA0004FF3699A50F36A9A51F36B9A52F3729AEF
:103BB00053F3839A54F3899A55F38D9A56F38E9A58
:103BC00057F3949A58F3959A59F3999A5AF3A69AF7
:103BD0005BF3A99A5CF3AA9A5DF3AB9A5EF3AC9A95
:103BE0005FF3AD9A60F3AE9A61F3AF9A62F3B29A63
:103BF00063F3B39A64F3B49A65F3B59A66F3B99A2A
:103C000067F3BB9A68F3BD9A69F3BE9A6AF3BF9AE9
:103C10006BF3C39A6CF3C49A6DF3C69A6EF3C79AAA
:103C20006FF3C89A70F3C99A71F3CA9A72F3CD9A76
:103C300073F3CE9A74F3CF9A75F3D09A76F3D29A3F
:103C400077F3D49A78F3D59A79F3D69A7AF3D79A08
:103C50007BF3D99A7CF3DA9A7DF3DB9A7EF3DC9AD4
:103C600080F3DD9A81F3DE9A82F3E09A83F3E29A9D
:103C700084F3E39A85F3E49A86F3E59A87F3E79A67
:103C800088F3E89A89F3E99A8AF3EA9A8BF3EC9A33
:103C90008CF3EE9A8DF3F09A8EF3F19A8FF3F29AF9
:103CA00090F3F39A91F3F49A92F3F59A93F3F69AC8
:103CB00094F3F79A95F3F89A96F3FA9A97F3FC9A95
:103CC00098F3FD9A99F3FE9A9AF3FF9A9BF3009B5F
:103CD0009CF3019B9DF3029B9EF3049B9FF3059B2A
:103CE000A0F3069BA1F3C687A2F38887A3F3858779
:103CF000A4F3AD87A5F39787A6F38387A7F3AB87D4
:103D0000A8F3E587A9F3AC87AAF3B587ABF3B3872C
:103D1000ACF3CB87ADF3D387AEF3BD87AFF3D187D9
:103D2000B0F3C087B1F3CA87B2F3DB87B3F3EA8796
:103D3000B4F3E087B5F3EE87B6F31688B7F31388CC
:103D4000B8F3FE87B9F30A88BAF31B88BBF321885E
:103D5000BCF33988BDF33C88BEF3367FBFF3427FA6
:103D6000C0F3447FC1F3457FC2F31082C3F3FA7AF4
:103D7000C4F3FD7AC5F3087BC6F3037BC7F3047B6A
:103D8000C8F3157BC9F30A7BCAF32B7BCBF30F7BFC
:103D9000CCF3477BCDF3387BCEF32A7BCFF3197B73
:103DA000D0F32E7BD1F3317BD2F3207BD3F3257B71
:103DB000D4F3247BD5F3337BD6F33E7BD7F31E7B42
:103DC000D8F3587BD9F35A7BDAF3457BDBF3757B69
:103DD000DCF34C7BDDF35D7BDEF3607BDFF36E7B3E
:103DE000E0F37B7BE1F3627BE2F3727BE3F3717BD5
:103DF000E4F3907BE5F3A67BE6F3A77BE7F3B87BE0
:103E0000E8F3AC7BE9F39D7BEAF3A87BEBF3857BDE
:103E1000ECF3AA7BEDF39C7BEEF3A27BEFF3AB7BA1
:103E2000F0F3B47BF1F3D17BF2F3C17BF3F3CC7B02
:103E3000F4F3DD7BF5F3DA7BF6F3E57BF7F3E67B72
:103E4000F8F3EA7BF9F30C7CFAF3FE7BFBF3FC7BE3
:103E5000FCF30F7CFDF3167CFEF30B7C40F4079B18
:103E600041F4099B42F40A9B43F40B9B44F40C9BE2
:103E700045F40D9B46F40E9B47F4109B48F4119BB0
:103E800049F4129B4AF4149B4BF4159B4CF4169B7B
:103E90004DF4179B4EF4189B4FF4199B50F41A9B4A
:103EA00051F41B9B52F41C9B53F41D9B54F41E9B1A
:103EB00055F4209B56F4219B57F4229B58F4249BE5
:103EC00059F4259B5AF4269B5BF4279B5CF4289BB2
:103ED0005DF4299B5EF42A9B5FF42B9B60F42C9B82
:103EE00061F42D9B62F42E9B63F4309B64F4319B50
:103EF00065F4339B66F4349B67F4359B68F4369B1A
:103F000069F4379B6AF4389B6BF4399B6CF43A9BE9
:103F10006DF43D9B6EF43E9B6FF43F9B70F4409BB1
:103F200071F4469B72F44A9B73F44B9B74F44C9B64
:103F300075F44E9B76F4509B77F4529B78F4539B28
:103F400079F4559B7AF4569B7BF4579B7CF4589BF1
:103F50007DF4599B7EF45A9B80F45B9B81F45C9BBF
:103F600082F45D9B83F45E9B84F45F9B85F4609B8D
:103F700086F4619B87F4629B88F4639B89F4649B5D
:103F80008AF4659B8BF4669B8CF4679B8DF4689B2D
:103F90008EF4699B8FF46A9B90F46B9B91F46C9BFD
:103FA00092F46D9B93F46E9B94F46F9B95F4709BCD
:103FB00096F4719B97F4729B98F4739B99F4749B9D
:103FC0009AF4759B9BF4769B9CF4779B9DF4789B6D
:103FD0009EF4799B9FF47A9BA0F47B9BA1F41F7CB9
:103FE000A2F42A7CA3F4267CA4F4387CA5F4417CBA
:103FF000A6F4407CA7F4FE81A8F40182A9F4028211
:10400000AAF40482ABF4EC81ACF44488ADF42182D0
:10401000AEF42282AFF42382B0F42D82B1F42F8269
:10402000B2F42882B3F42B82B4F43882B5F43B8224
:10403000B6F43382B7F43482B8F43E82B9F44482E1
:10404000BAF44982BBF44B82BCF44F82BDF45A826D
:10405000BEF45F82BFF46882C0F47E88C1F48588B4
:10406000C2F48888C3F4D888C4F4DF88C5F45E89B4
:10407000C6F49D7FC7F49F7FC8F4A77FC9F4AF7FC4
:10408000CAF4B07FCBF4B27FCCF47C7CCDF449652C
:10409000CEF4917CCFF49D7CD0F49C7CD1F49E7CBA
:1040A000D2F4A27CD3F4B27CD4F4BC7CD5F4BD7C35
:1040B000D6F4C17CD7F4C77CD8F4CC7CD9F4CD7CC1
:1040C000DAF4C87CDBF4C57CDCF4D77CDDF4E87C76
:1040D000DEF46E82DFF4A866E0F4BF7FE1F4CE7F09
:1040E000E2F4D57FE3F4E57FE4F4E17FE5F4E67FF5
:1040F000E6F4E97FE7F4EE7FE8F4F37FE9F4F87C97
:10410000EAF4777DEBF4A67DECF4AE7DEDF4477E2A
:10411000EEF49B7EEFF4B89EF0F4B49EF1F4738D50
:10412000F2F4848DF3F4948DF4F4918DF5F4B18D63
:10413000F6F4678DF7F46D8DF8F4478CF9F4498C3B
:10414000FAF44A91FBF45091FCF44E91FDF44F9136
:10415000FEF4649140F57C9B41F57D9B42F57E9B8E
:1041600043F57F9B44F5809B45F5819B46F5829BFB
:1041700047F5839B48F5849B49F5859B4AF5869BCB
:104180004BF5879B4CF5889B4DF5899B4EF58A9B9B
:104190004FF58B9B50F58C9B51F58D9B52F58E9B6B
:1041A00053F58F9B54F5909B55F5919B56F5929B3B
:1041B00057F5939B58F5949B59F5959B5AF5969B0B
:1041C0005BF5979B5CF5989B5DF5999B5EF59A9BDB
:1041D0005FF59B9B60F59C9B61F59D9B62F59E9BAB
:1041E00063F59F9B64F5A09B65F5A19B66F5A29B7B
:1041F00067F5A39B68F5A49B69F5A59B6AF5A69B4B
:104200006BF5A79B6CF5A89B6DF5A99B6EF5AA9B1A
:104210006FF5AB9B70F5AC9B71F5AD9B72F5AE9BEA
:1042200073F5AF9B74F5B09B75F5B19B76F5B29BBA
:1042300077F5B39B78F5B49B79F5B59B7AF5B69B8A
:104240007BF5B79B7CF5B89B7DF5B99B7EF5BA9B5A
:1042500080F5BB9B81F5BC9B82F5BD9B83F5BE9B26
:1042600084F5BF9B85F5C09B86F5C19B87F5C29BF6
:1042700088F5C39B89F5C49B8AF5C59B8BF5C69BC6
:104280008CF5C79B8DF5C89B8EF5C99B8FF5CA9B96
:1042900090F5CB9B91F5CC9B92F5CD9B93F5CE9B66
:1042A00094F5CF9B95F5D09B96F5D19B97F5D29B36
:1042B00098F5D39B99F5D49B9AF5D59B9BF5D69B06
:1042C0009CF5D79B9DF5D89B9EF5D99B9FF5DA9BD6
:1042D000A0F5DB9BA1F56291A2F56191A3F5709128
:1042E000A4F56991A5F56F91A6F57D91A7F57E914D
:1042F000A8F57291A9F57491AAF57991ABF58C9115
:10430000ACF58591ADF59091AEF58D91AFF59191AC
:10431000B0F5A291B1F5A391B2F5AA91B3F5AD9123
:10432000B4F5AE91B5F5AF91B6F5B591B7F5B491D9
:10433000B8F5BA91B9F5558CBAF57E9EBBF5B88D36
:10434000BCF5EB8DBDF5058EBEF5598EBFF5698EBA
:10435000C0F5B58DC1F5BF8DC2F5BC8DC3F5BA8D65
:10436000C4F5C48DC5F5D68DC6F5D78DC7F5DA8DE4
:10437000C8F5DE8DC9F5CE8DCAF5CF8DCBF5DB8DB9
:10438000CCF5C68DCDF5EC8DCEF5F78DCFF5F88D4E
:10439000D0F5E38DD1F5F98DD2F5FB8DD3F5E48D14
:1043A000D4F5098ED5F5FD8DD6F5148ED7F51D8E75
:1043B000D8F51F8ED9F52C8EDAF52E8EDBF5238EEF
:1043C000DCF52F8EDDF53A8EDEF5408EDFF5398E89
:1043D000E0F5358EE1F53D8EE2F5318EE3F5498E5F
:1043E000E4F5418EE5F5428EE6F5518EE7F5528E05
:1043F000E8F54A8EE9F5708EEAF5768EEBF57C8E5F
:10440000ECF56F8EEDF5748EEEF5858EEFF58F8EF3
:10441000F0F5948EF1F5908EF2F59C8EF3F59E8E6C
:10442000F4F5788CF5F5828CF6F58A8CF7F5858CA9
:10443000F8F5988CF9F5948CFAF59B65FBF5D6891F
:10444000FCF5DE89FDF5DA89FEF5DC8940F6DC9BBA
:1044500041F6DD9B42F6DE9B43F6DF9B44F6E09B94
:1044600045F6E19B46F6E29B47F6E39B48F6E49B64
:1044700049F6E59B4AF6E69B4BF6E79B4CF6E89B34
:104480004DF6E99B4EF6EA9B4FF6EB9B50F6EC9B04
:1044900051F6ED9B52F6EE9B53F6EF9B54F6F09BD4
:1044A00055F6F19B56F6F29B57F6F39B58F6F49BA4
:1044B00059F6F59B5AF6F69B5BF6F79B5CF6F89B74
:1044C0005DF6F99B5EF6FA9B5FF6FB9B60F6FC9B44
:1044D00061F6FD9B62F6FE9B63F6FF9B64F6009C13
:1044E00065F6019C66F6029C67F6039C68F6049CE0
:1044F00069F6059C6AF6069C6BF6079C6CF6089CB0
:104500006DF6099C6EF60A9C6FF60B9C70F60C9C7F
:1045100071F60D9C72F60E9C73F60F9C74F6109C4F
:1045200075F6119C76F6129C77F6139C78F6149C1F
:1045300079F6159C7AF6169C7BF6179C7CF6189CEF
:104540007DF6199C7EF61A9C80F61B9C81F61C9CBD
:1045500082F61D9C83F61E9C84F61F9C85F6209C8B
:1045600086F6219C87F6229C88F6239C89F6249C5B
:104570008AF6259C8BF6269C8CF6279C8DF6289C2B
:104580008EF6299C8FF62A9C90F62B9C91F62C9CFB
:1045900092F62D9C93F62E9C94F62F9C95F6309CCB
:1045A00096F6319C97F6329C98F6339C99F6349C9B
:1045B0009AF6359C9BF6369C9CF6379C9DF6389C6B
:1045C0009EF6399C9FF63A9CA0F63B9CA1F6E589A5
:1045D000A2F6EB89A3F6EF89A4F63E8AA5F6268B10
:1045E000A6F65397A7F6E996A8F6F396A9F6EF96DE
:1045F000AAF60697ABF60197ACF60897ADF60F97BB
:10460000AEF60E97AFF62A97B0F62D97B1F6309723
:10461000B2F63E97B3F6809FB4F6839FB5F6859FBA
:10462000B6F6869FB7F6879FB8F6889FB9F6899F3A
:10463000BAF68A9FBBF68C9FBCF6FE9EBDF60B9F1A
:10464000BEF60D9FBFF6B996C0F6BC96C1F6BD96F4
:10465000C2F6CE96C3F6D296C4F6BF77C5F6E096FC
:10466000C6F68E92C7F6AE92C8F6C892C9F63E93C9
:10467000CAF66A93CBF6CA93CCF68F93CDF63E94E6
:10468000CEF66B94CFF67F9CD0F6829CD1F6859CBB
:10469000D2F6869CD3F6879CD4F6889CD5F6237AEE
:1046A000D6F68B9CD7F68E9CD8F6909CD9F6919C2A
:1046B000DAF6929CDBF6949CDCF6959CDDF69A9CEF
:1046C000DEF69B9CDFF69E9CE0F69F9CE1F6A09CAC
:1046D000E2F6A19CE3F6A29CE4F6A39CE5F6A59C79
:1046E000E6F6A69CE7F6A79CE8F6A89CE9F6A99C46
:1046F000EAF6AB9CEBF6AD9CECF6AE9CEDF6B09C0E
:10470000EEF6B19CEFF6B29CF0F6B39CF1F6B49CD9
:10471000F2F6B59CF3F6B69CF4F6B79CF5F6BA9CA7
:10472000F6F6BB9CF7F6BC9CF8F6BD9CF9F6C49C6B
:10473000FAF6C59CFBF6C69CFCF6C79CFDF6CA9C27
:10474000FEF6CB9C40F73C9C41F73D9C42F73E9CDB
:1047500043F73F9C44F7409C45F7419C46F7429CF9
:1047600047F7439C48F7449C49F7459C4AF7469CC9
:104770004BF7479C4CF7489C4DF7499C4EF74A9C99
:104780004FF74B9C50F74C9C51F74D9C52F74E9C69
:1047900053F74F9C54F7509C55F7519C56F7529C39
:1047A00057F7539C58F7549C59F7559C5AF7569C09
:1047B0005BF7579C5CF7589C5DF7599C5EF75A9CD9
:1047C0005FF75B9C60F75C9C61F75D9C62F75E9CA9
:1047D00063F75F9C64F7609C65F7619C66F7629C79
:1047E00067F7639C68F7649C69F7659C6AF7669C49
:1047F0006BF7679C6CF7689C6DF7699C6EF76A9C19
:104800006FF76B9C70F76C9C71F76D9C72F76E9CE8
:1048100073F76F9C74F7709C75F7719C76F7729CB8
:1048200077F7739C78F7749C79F7759C7AF7769C88
:104830007BF7779C7CF7789C7DF7799C7EF77A9C58
:1048400080F77B9C81F77D9C82F77E9C83F7809C20
:1048500084F7839C85F7849C86F7899C87F78A9CDC
:1048600088F78C9C89F78F9C8AF7939C8BF7969C92
:104870008CF7979C8DF7989C8EF7999C8FF79D9C51
:1048800090F7AA9C91F7AC9C92F7AF9C93F7B99CD8
:1048900094F7BE9C95F7BF9C96F7C09C97F7C19C78
:1048A00098F7C29C99F7C89C9AF7C99C9BF7D19C32
:1048B0009CF7D29C9DF7DA9C9EF7DB9C9FF7E09CCF
:1048C000A0F7E19CA1F7CC9CA2F7CD9CA3F7CE9CCE
:1048D000A4F7CF9CA5F7D09CA6F7D39CA7F7D49CB0
:1048E000A8F7D59CA9F7D79CAAF7D89CABF7D99C79
:1048F000ACF7DC9CADF7DD9CAEF7DF9CAFF7E29C3C
:10490000B0F77C97B1F78597B2F79197B3F7929785
:10491000B4F79497B5F7AF97B6F7AB97B7F7A397F8
:10492000B8F7B297B9F7B497BAF7B19ABBF7B09A9C
:10493000BCF7B79ABDF7589EBEF7B69ABFF7BA9ABA
:10494000C0F7BC9AC1F7C19AC2F7C09AC3F7C59A1B
:10495000C4F7C29AC5F7CB9AC6F7CC9AC7F7D19AD3
:10496000C8F7459BC9F7439BCAF7479BCBF7499BC1
:10497000CCF7489BCDF74D9BCEF7519BCFF7E898EE
:10498000D0F70D99D1F72E99D2F75599D3F75499BD
:10499000D4F7DF9AD5F7E19AD6F7E69AD7F7EF9AE8
:1049A000D8F7EB9AD9F7FB9ADAF7ED9ADBF7F99A91
:1049B000DCF7089BDDF70F9BDEF7139BDFF71F9BF0
:1049C000E0F7239BE1F7BD9EE2F7BE9EE3F73B7E57
:1049D000E4F7829EE5F7879EE6F7889EE7F78B9ED1
:1049E000E8F7929EE9F7D693EAF79D9EEBF79F9E34
:1049F000ECF7DB9EEDF7DC9EEEF7DD9EEFF7E09E39
:104A0000F0F7DF9EF1F7E29EF2F7E99EF3F7E79EFB
:104A1000F4F7E59EF5F7EA9EF6F7EF9EF7F7229F8B
:104A2000F8F72C9FF9F72F9FFAF7399FFBF7379F7D
:104A3000FCF73D9FFDF73E9FFEF7449F40F8E39C47
:104A400041F8E49C42F8E59C43F8E69C44F8E79C76
:104A500045F8E89C46F8E99C47F8EA9C48F8EB9C46
:104A600049F8EC9C4AF8ED9C4BF8EE9C4CF8EF9C16
:104A70004DF8F09C4EF8F19C4FF8F29C50F8F39CE6
:104A800051F8F49C52F8F59C53F8F69C54F8F79CB6
:104A900055F8F89C56F8F99C57F8FA9C58F8FB9C86
:104AA00059F8FC9C5AF8FD9C5BF8FE9C5CF8FF9C56
:104AB0005DF8009D5EF8019D5FF8029D60F8039D22
:104AC00061F8049D62F8059D63F8069D64F8079DF2
:104AD00065F8089D66F8099D67F80A9D68F80B9DC2
:104AE00069F80C9D6AF80D9D6BF80E9D6CF80F9D92
:104AF0006DF8109D6EF8119D6FF8129D70F8139D62
:104B000071F8149D72F8159D73F8169D74F8179D31
:104B100075F8189D76F8199D77F81A9D78F81B9D01
:104B200079F81C9D7AF81D9D7BF81E9D7CF81F9DD1
:104B30007DF8209D7EF8219D80F8229D81F8239D9F
:104B400082F8249D83F8259D84F8269D85F8279D6D
:104B500086F8289D87F8299D88F82A9D89F82B9D3D
:104B60008AF82C9D8BF82D9D8CF82E9D8DF82F9D0D
:104B70008EF8309D8FF8319D90F8329D91F8339DDD
:104B800092F8349D93F8359D94F8369D95F8379DAD
:104B900096F8389D97F8399D98F83A9D99F83B9D7D
:104BA0009AF83C9D9BF83D9D9CF83E9D9DF83F9D4D
:104BB0009EF8409D9FF8419DA0F8429D40F9439D7D
:104BC00041F9449D42F9459D43F9469D44F9479D6D
:104BD00045F9489D46F9499D47F94A9D48F94B9D3D
:104BE00049F94C9D4AF94D9D4BF94E9D4CF94F9D0D
:104BF0004DF9509D4EF9519D4FF9529D50F9539DDD
:104C000051F9549D52F9559D53F9569D54F9579DAC
:104C100055F9589D56F9599D57F95A9D58F95B9D7C
:104C200059F95C9D5AF95D9D5BF95E9D5CF95F9D4C
:104C30005DF9609D5EF9619D5FF9629D60F9639D1C
:104C400061F9649D62F9659D63F9669D64F9679DEC
:104C500065F9689D66F9699D67F96A9D68F96B9DBC
:104C600069F96C9D6AF96D9D6BF96E9D6CF96F9D8C
:104C70006DF9709D6EF9719D6FF9729D70F9739D5C
:104C800071F9749D72F9759D73F9769D74F9779D2C
:104C900075F9789D76F9799D77F97A9D78F97B9DFC
:104CA00079F97C9D7AF97D9D7BF97E9D7CF97F9DCC
:104CB0007DF9809D7EF9819D80F9829D81F9839D9A
:104CC00082F9849D83F9859D84F9869D85F9879D68
:104CD00086F9889D87F9899D88F98A9D89F98B9D38
:104CE0008AF98C9D8BF98D9D8CF98E9D8DF98F9D08
:104CF0008EF9909D8FF9919D90F9929D91F9939DD8
:104D000092F9949D93F9959D94F9969D95F9979DA7
:104D100096F9989D97F9999D98F99A9D99F99B9D77
:104D20009AF99C9D9BF99D9D9CF99E9D9DF99F9D47
:104D30009EF9A09D9FF9A19DA0F9A29D40FAA39D77
:104D400041FAA49D42FAA59D43FAA69D44FAA79D67
:104D500045FAA89D46FAA99D47FAAA9D48FAAB9D37
:104D600049FAAC9D4AFAAD9D4BFAAE9D4CFAAF9D07
:104D70004DFAB09D4EFAB19D4FFAB29D50FAB39DD7
:104D800051FAB49D52FAB59D53FAB69D54FAB79DA7
:104D900055FAB89D56FAB99D57FABA9D58FABB9D77
:104DA00059FABC9D5AFABD9D5BFABE9D5CFABF9D47
:104DB0005DFAC09D5EFAC19D5FFAC29D60FAC39D17
:104DC00061FAC49D62FAC59D63FAC69D64FAC79DE7
:104DD00065FAC89D66FAC99D67FACA9D68FACB9DB7
:104DE00069FACC9D6AFACD9D6BFACE9D6CFACF9D87
:104DF0006DFAD09D6EFAD19D6FFAD29D70FAD39D57
:104E000071FAD49D72FAD59D73FAD69D74FAD79D26
:104E100075FAD89D76FAD99D77FADA9D78FADB9DF6
:104E200079FADC9D7AFADD9D7BFADE9D7CFADF9DC6
:104E30007DFAE09D7EFAE19D80FAE29D81FAE39D94
:104E400082FAE49D83FAE59D84FAE69D85FAE79D62
:104E500086FAE89D87FAE99D88FAEA9D89FAEB9D32
:104E60008AFAEC9D8BFAED9D8CFAEE9D8DFAEF9D02
:104E70008EFAF09D8FFAF19D90FAF29D91FAF39DD2
:104E800092FAF49D93FAF59D94FAF69D95FAF79DA2
:104E900096FAF89D97FAF99D98FAFA9D99FAFB9D72
:104EA0009AFAFC9D9BFAFD9D9CFAFE9D9DFAFF9D42
:104EB0009EFA009E9FFA019EA0FA029E40FB039E6E
:104EC00041FB049E42FB059E43FB069E44FB079E5E
:104ED00045FB089E46FB099E47FB0A9E48FB0B9E2E
:104EE00049FB0C9E4AFB0D9E4BFB0E9E4CFB0F9EFE
:104EF0004DFB109E4EFB119E4FFB129E50FB139ECE
:104F000051FB149E52FB159E53FB169E54FB179E9D
:104F100055FB189E56FB199E57FB1A9E58FB1B9E6D
:104F200059FB1C9E5AFB1D9E5BFB1E9E5CFB249E38
:104F30005DFB279E5EFB2E9E5FFB309E60FB349EDA
:104F400061FB3B9E62FB3C9E63FB409E64FB4D9E6F
:104F500065FB509E66FB529E67FB539E68FB549E0A
:104F600069FB569E6AFB599E6BFB5D9E6CFB5F9EC8
:104F70006DFB609E6EFB619E6FFB629E70FB659E8B
:104F800071FB6E9E72FB6F9E73FB729E74FB749E30
:104F900075FB759E76FB769E77FB779E78FB789EF9
:104FA00079FB799E7AFB7A9E7BFB7B9E7CFB7C9EC9
:104FB0007DFB7D9E7EFB809E80FB819E81FB839E90
:104FC00082FB849E83FB859E84FB869E85FB899E57
:104FD00086FB8A9E87FB8C9E88FB8D9E89FB8E9E1E
:104FE0008AFB8F9E8BFB909E8CFB919E8DFB949EEB
:104FF0008EFB959E8FFB969E90FB979E91FB989EB5
:1050000092FB999E93FB9A9E94FB9B9E95FB9C9E84
:1050100096FB9E9E97FBA09E98FBA19E99FBA29E4D
:105020009AFBA39E9BFBA49E9CFBA59E9DFBA79E1B
:105030009EFBA89E9FFBA99EA0FBAA9E40FCAB9E48
:1050400041FCAC9E42FCAD9E43FCAE9E44FCAF9E38
:1050500045FCB09E46FCB19E47FCB29E48FCB39E08
:1050600049FCB59E4AFCB69E4BFCB79E4CFCB99ED3
:105070004DFCBA9E4EFCBC9E4FFCBF9E50FCC09E99
:1050800051FCC19E52FCC29E53FCC39E54FCC59E63
:1050900055FCC69E56FCC79E57FCC89E58FCCA9E2F
:1050A00059FCCB9E5AFCCC9E5BFCD09E5CFCD29EF5
:1050B0005DFCD39E5EFCD59E5FFCD69E60FCD79EB9
:1050C00061FCD99E62FCDA9E63FCDE9E64FCE19E7C
:1050D00065FCE39E66FCE49E67FCE69E68FCE89E39
:1050E00069FCEB9E6AFCEC9E6BFCED9E6CFCEE9EFC
:1050F0006DFCF09E6EFCF19E6FFCF29E70FCF39EC8
:1051000071FCF49E72FCF59E73FCF69E74FCF79E97
:1051100075FCF89E76FCFA9E77FCFD9E78FCFF9E5F
:1051200079FC009F7AFC019F7BFC029F7CFC039F23
:105130007DFC049F7EFC059F80FC069F81FC079FF1
:1051400082FC089F83FC099F84FC0A9F85FC0C9FBE
:1051500086FC0F9F87FC119F88FC129F89FC149F7F
:105160008AFC159F8BFC169F8CFC189F8DFC1A9F48
:105170008EFC1B9F8FFC1C9F90FC1D9F91FC1E9F13
:1051800092FC1F9F93FC219F94FC239F95FC249FDE
:1051900096FC259F97FC269F98FC279F99FC289FAB
:1051A0009AFC299F9BFC2A9F9CFC2B9F9DFC2D9F7A
:1051B0009EFC2E9F9FFC309FA0FC319F40FD329FA4
:1051C00041FD339F42FD349F43FD359F44FD369F93
:1051D00045FD389F46FD3A9F47FD3C9F48FD3F9F58
:1051E00049FD409F4AFD419F4BFD429F4CFD439F1F
:1051F0004DFD459F4EFD469F4FFD479F50FD489FEB
:1052000051FD499F52FD4A9F53FD4B9F54FD4C9FBA
:1052100055FD4D9F56FD4E9F57FD4F9F58FD529F88
:1052200059FD539F5AFD549F5BFD559F5CFD569F52
:105230005DFD579F5EFD589F5FFD599F60FD5A9F22
:1052400061FD5B9F62FD5C9F63FD5D9F64FD5E9FF2
:1052500065FD5F9F66FD609F67FD619F68FD629FC2
:1052600069FD639F6AFD649F6BFD659F6CFD669F92
:105270006DFD679F6EFD689F6FFD699F70FD6A9F62
:1052800071FD6B9F72FD6C9F73FD6D9F74FD6E9F32
:1052900075FD6F9F76FD709F77FD719F78FD729F02
:1052A00079FD739F7AFD749F7BFD759F7CFD769FD2
:1052B0007DFD779F7EFD789F80FD799F81FD7A9FA0
:1052C00082FD7B9F83FD7C9F84FD7D9F85FD7E9F6E
:1052D00086FD819F87FD829F88FD8D9F89FD8E9F22
:1052E0008AFD8F9F8BFD909F8CFD919F8DFD929FDE
:1052F0008EFD939F8FFD949F90FD959F91FD969FAE
:1053000092FD979F93FD989F94FD9C9F95FD9D9F77
:1053100096FD9E9F97FDA19F98FDA29F99FDA39F3B
:105320009AFDA49F9BFDA59F9CFD2CF99DFD79F9FD
:105330009EFD95F99FFDE7F9A0FDF1F940FE0CFAFD
:1053400041FE0DFA42FE0EFA43FE0FFA44FE11FA38
:1053500045FE13FA46FE14FA47FE18FA48FE1FFAF5
:1053600049FE20FA4AFE21FA4BFE23FA4CFE24FAAB
:105370004DFE27FA4EFE28FA4FFE29FA00000000E3
:1053800061006200630064006500660067006800F9
:1053900069006A006B006C006D006E006F007000A9
:1053A0007100720073007400750076007700780059
:1053B00079007A00A100A200A300A500AC00AF0014
:1053C000E000E100E200E300E400E500E600E700C1
:1053D000E800E900EA00EB00EC00ED00EE00EF0071
:1053E000F000F100F200F300F400F500F600F80020
:1053F000F900FA00FB00FC00FD00FE00FF000101C7
:1054000003010501070109010B010D010F01110144
:1054100013011501170119011B011D011F012101B4
:1054200023012501270129012B012D012F01310124
:105430003301350137013A013C013E01400142018F
:105440004401460148014B014D014F0151015301F7
:105450005501570159015B015D015F016101630164
:105460006501670169016B016D016F0171017301D4
:10547000750177017A017C017E019201B103B203CB
:10548000B303B403B503B603B703B803B903BA0350
:10549000BB03BC03BD03BE03BF03C003C103C303FF
:1054A000C403C503C603C703C803C903CA03300442
:1054B0003104320433043404350436043704380428
:1054C00039043A043B043C043D043E043F044004D8
:1054D0004104420443044404450446044704480488
:1054E00049044A044B044C044D044E044F04510437
:1054F00052045304540455045604570458045904E0
:105500005A045B045C045E045F0470217121722103
:1055100073217421752176217721782179217A21CF
:105520007B217C217D217E217F2141FF42FF43FFA2
:1055300044FF45FF46FF47FF48FF49FF4AFF4BFF37
:105540004CFF4DFF4EFF4FFF50FF51FF52FF53FFE7
:1055500054FF55FF56FF57FF58FF59FF5AFF0000F1
:105560004100420043004400450046004700480017
:1055700049004A004B004C004D004E004F005000C7
:105580005100520053005400550056005700580077
:1055900059005A002100E0FFE1FFE5FFE2FFE3FFD1
:1055A000C000C100C200C300C400C500C600C700DF
:1055B000C800C900CA00CB00CC00CD00CE00CF008F
:1055C000D000D100D200D300D400D500D600D8003E
:1055D000D900DA00DB00DC00DD00DE00780100012C
:1055E00002010401060108010A010C010E0110016B
:1055F00012011401160118011A011C011E012001DB
:1056000022012401260128012A012C012E0130014A
:1056100032013401360139013B013D013F014101B5
:105620004301450147014A014C014E01500152011D
:105630005401560158015A015C015E01600162018A
:105640006401660168016A016C016E0170017201FA
:105650007401760179017B017D019101910392032F
:1056600093039403950396039703980399039A036E
:105670009B039C039D039E039F03A003A103A3031D
:10568000A403A503A603A703A803A903AA03100460
:105690001104120413041404150416041704180446
:1056A00019041A041B041C041D041E041F042004F6
:1056B00021042204230424042504260427042804A6
:1056C00029042A042B042C042D042E042F04010485
:1056D000020403040404050406040704080409047E
:1056E0000A040B040C040E040F04602161216221E2
:1056F00063216421652166216721682169216A216E
:105700006B216C216D216E216F2121FF22FF23FF70
:1057100024FF25FF26FF27FF28FF29FF2AFF2BFF55
:105720002CFF2DFF2EFF2FFF30FF31FF32FF33FF05
:1057300034FF35FF36FF37FF38FF39FF3AFF0000EF
:1057400030313233343536373839414243444546B7
:1057500040305800303132333435363738396162B1
:1057600063646566403078000400000800000000B3
:105770000000000200010000100000003F000000D7
:10578000646563006964000072756E74696D65001C
:1057900068656C70000000006C69737400000000A4
:1057A000686578007538206D665F7075746328755C
:1057B00038206329000000007538206D665F707521
:1057C00074732875382A6329000000007538206D2D
:1057D000665F636C6F736528766F696429000000EB
:1057E000753332206D665F73697A6528766F6964F8
:1057F00029000000753332206D665F74656C6C287B
:10580000766F696429000000766F6964205732352D
:105810005158585F45726173655F436869702876B7
:105820006F696429000000007538206D665F72653D
:10583000616464697228766F696429007538206D27
:10584000665F636C6F736564697228766F6964293B
:10585000000000007538206D665F6F70656E2875FA
:10586000382A706174682C7538206D6F6465290062
:105870007538206D665F756E6C696E6B28753820A3
:105880002A706E616D6529007538206D665F6D6BDD
:105890006469722875382A706E616D652900000090
:1058A0007538206D665F72656E616D65287538208C
:1058B0002A6F6C646E616D652C75382A206E657771
:1058C0006E616D6529000000766F6964206D665F0A
:1058D00067657473287531362073697A652900000D
:1058E0007538206D665F7363616E5F66696C6573A2
:1058F000287538202A207061746829007538206D59
:10590000665F6F70656E6469722875382A207061F1
:1059100074682900766F6964206D665F6765746CD2
:105920006162656C287538202A70617468290000EE
:10593000766F6964206D665F7365746C6162656C17
:10594000287538202A70617468290000766F6964B0
:105950002077726974655F616464722875333220E0
:10596000616464722C7533322076616C290000000A
:105970007538206D665F7265616428753136206CFC
:10598000656E29007538206D665F777269746528C9
:1059900075382A6461742C753136206C656E290067
:1059A00075333220726561645F6164647228753397
:1059B0003220616464722900766F69642064656CCA
:1059C00061795F6D7328753136206E6D7329000023
:1059D000766F69642064656C61795F7573287533CF
:1059E00032206E75732900007538206D665F6C7308
:1059F00065656B28753332206F66667365742900A0
:105A00007538206D665F6D6F756E742875382A2045
:105A1000706174682C7538206D7429007538206D9C
:105A2000665F666D6B66732875382A2070617468CE
:105A30002C7538206D6F64652C75313620617529A1
:105A400000000000753332206D665F73686F776603
:105A5000726565287538202A647276290000000076
:105A60004D503300464C4143000000004C5243006F
:105A70004300000041504500474946004A50454711
:105A8000000000004A50470048000000415649000D
:105A900042494E00424D50004E4553005458540068
:105AA00057415600C45A0308000000206C02000051
:105AB000C4010008DC5B03086C02002054C3010031
:105AC0002002000811847A030A2009010203040657
:105AD00007080914FFFF017B17EF180115292E890C
:105AE0003213DF5014081551120812163220326892
:105AF00012101BA6010C130F681AF00C311E7C57F4
:105B0000030890041A98041A84041AA0041A800442
:105B10001A8804137F5E1F08A059030885081A4CD1
:105B200008131D2A1B08B808138D291B08D0081359
:105B3000770B180808085803086D9A641D5A030863
:105B400081081A54101A99081ACC401AA7081A701A
:105B50002813879B1B0884081ACB081AFC201AD923
:105B6000081A3C081AE3081A280813AF9C1B08E01F
:105B70000813279D1B0844481A7F081AE8301A8F1B
:105B8000081AF4481A97081AE0081A9F081A882871
:105B90001AAB081A1C281ABF081A70101ACB081A58
:105BA000A0081ADB081A143813159E1B0830081AAF
:105BB00037081AC81813F1A01B08A4401B03A1C082
:105BC00029DC211420D5591B08F90413A35A1B08FA
:0C5BD00007E0221B02DD0102166000004D
:040000050800018965
:00000001FF
