:020000040800F2
:1000000080B30120C95F0008490600084B060008BC
:100010004F060008530600085706000800000000BD
:100020000000000000000000000000005B06000867
:100030005D060008000000005F0600086106000879
:10004000E35F0008E35F0008E35F0008E35F000888
:10005000E35F0008E35F0008E35F0008E35F000878
:10006000E35F0008E35F0008E35F0008E35F000868
:10007000E35F0008E35F0008E35F0008E35F000858
:10008000E35F0008E35F0008E35F0008E35F000848
:10009000E35F0008E35F0008E35F0008E35F000838
:1000A000E35F0008E35F0008E35F0008E35F000828
:1000B000E35F0008E35F0008E35F0008E35F000818
:1000C000E35F0008E35F0008E35F0008E35F000808
:1000D000E35F00083F5F0008E35F0008E35F00089C
:1000E000E35F0008E35F0008E35F0008E35F0008E8
:1000F000E35F0008E35F0008E35F0008E35F0008D8
:10010000E35F0008BD5B0008E35F0008E35F0008F1
:10011000E35F0008E35F0008E35F0008E35F0008B7
:10012000E35F0008E35F0008E35F0008E35F0008A7
:10013000E35F0008E35F0008E35F0008E35F000897
:10014000E35F0008E35F0008E35F0008E35F000887
:10015000E35F0008E35F0008E35F0008E35F000877
:10016000E35F0008E35F0008E35F0008E35F000867
:10017000E35F0008E35F0008E35F0008E35F000857
:10018000E35F0008E35F000800F002F800F044F8C5
:100190000AA090E8000C82448344AAF10107DA45E2
:1001A00001D100F039F8AFF2090EBAE80F0013F0F0
:1001B000010F18BFFB1A43F00103184754980000C1
:1001C00074980000103A24BF78C878C1FAD8520752
:1001D00024BF30C830C144BF04680C6070470000C1
:1001E0000023002400250026103A28BF78C1FBD840
:1001F000520728BF30C148BF0B607047642907F021
:100200001385782907F04C85002070471FB507F04B
:10021000E5FF1FBD10B510BD07F070FE1146FFF7DA
:10022000F5FF00F049F807F08EFE03B4FFF7F2FF88
:1002300003BC05F025FE000030BF72B6704762B601
:10024000704780F30888704710B5904890F85600C2
:1002500030B1012808D002280AD0032810D10BE0C1
:100260008BA007F0A1FC0BE08FA007F09DFC07E03E
:1002700093A007F099FC03E097A007F095FC00BF5E
:1002800000BF824890F82C1099A007F08DFC7F48A1
:10029000B0F854109DA007F087FC7C48D0E91220EC
:1002A000030343EA12519DA007F07EFC7748016DDD
:1002B000A0A007F079FC10BD1CB500274FF4A0608A
:1002C00005F0A2FEA82005F059FD4FF4E13005F03D
:1002D000E4FD00F0CFFA00F05EFF03F01DFE002009
:1002E00007F061FB022007F05EFB4FF4784097496E
:1002F000088097A010210B46C822CDE900103221BA
:100300001E2003F0CAFD97A010210B46C822CDE99C
:10031000001046211E2003F0C0FD96A010210B46C0
:10032000C822CDE900105A211E2003F0B6FD95A089
:1003300010210B46C822CDE900106E211E2003F0CB
:10034000ACFD93A010210B46C822CDE900108221FC
:100350001E2003F0A2FD23E092A010210B46C8222C
:10036000CDE9001096211E2003F097FD4FF4FA709E
:1003700005F066FD8FA010210B46C822CDE90010C4
:1003800096211E2003F089FD4FF4FA7005F058FD08
:100390008C48006808B9012000E000208949086005
:1003A00004F0E0FB0028D7D1FFF74EFF1F2067497C
:1003B000088085A010210B46C822CDE900109621A7
:1003C0001E2003F06AFD84A010210B46C822CDE94F
:1003D0000010AA211E2003F060FD102000902B4881
:1003E000D0E91210030343EA11520523AA21862003
:1003F00003F0AAFC49E0002003F0ACFD0546012D06
:1004000033D14102002007F090FB04460122002175
:10041000204605F009FC002823D175A010210B46C9
:10042000C822CDE90010BE211E2003F036FD76A0C3
:1004300007F0BAFB002604E0A15D78A007F0B4FB4A
:10044000761CB6F5007FF7D375A007F0ADFB78A05A
:1004500010210B46C822CDE90010BE211E2003F05A
:100460001CFD2146002007F050FB781CC7B20A2073
:1004700005F0E6FC142F08D15248006808B90120A5
:1004800000E000204F4908600027B4E7E8000020A2
:100490004361726420547970653A53445343205643
:1004A000312E310D0A0000004361726420547970CE
:1004B000653A534453432056322E300D0A00000053
:1004C0004361726420547970653A5344484320561E
:1004D000322E300D0A00000043617264205479709E
:1004E000653A4D4D4320436172640D0A00000000DF
:1004F00043617264204D616E7566616374757265E7
:100500007249443A25640D0A000000004361726498
:10051000205243413A25640D0A0000004361726491
:100520002043617061636974793A2564204D420DFE
:100530000A0000004361726420426C6F636B536970
:100540007A653A25640D0A0D0A00000014000020A7
:100550004578706C6F7265722053544D3332463457
:10056000000000005344204341524420544553545A
:100570000000000041544F4D40414C49454E544508
:100580004B000000323031342F352F313500000060
:100590004B4559303A5265616420536563746F72FC
:1005A0002030000053442043617264204572726F12
:1005B00072210000506C6561736520436865636B50
:1005C00021200000A48242425344204361726420EF
:1005D0004F4B2020202000005344204361726420B0
:1005E00053697A653A20202020204D420000000007
:1005F0005553415254312053656E64696E672044EF
:100600006174612E2E2E0000534543544F5220300A
:1006100020444154413A0D0A000000002578200092
:100620000D0A4441544120454E4445440D0A000002
:100630005553415254312053656E642044617461B6
:10064000204F766572210000704700BFFEE700BFB3
:10065000FEE700BFFEE700BFFEE770477047704748
:10066000704700000CB500200190009076480068AB
:1006700040F480307449086000BF7348006800F49B
:10068000003000900198401C0190009818B9019822
:10069000B0F5A04FF1D16C48006800F4003010B103
:1006A0000120009001E0002000900098012846D130
:1006B00065484030006840F0805063494031086030
:1006C0006248006840F44040604908605E48083075
:1006D00000685D49083108600846006840F4004041
:1006E00008600846006840F4A05008605848091F98
:1006F0000860081F006840F08070091F086000BF94
:100700005148006800F000700028F9D040F20570F0
:10071000504908604C480830006820F003004A49FE
:10072000083108600846006840F00200086000BF19
:1007300045480830006800F00C000828F8D10CBDCE
:1007400010B54548006840F47000434908603E48D1
:10075000006840F001003C49086000203A49083137
:100760000860394800683D490840374908603C48FE
:10077000091D0860081F006820F48020091F086018
:10078000002031490C310860FFF76CFF4FF000602A
:1007900031498039086010BD70B500200022022365
:1007A00000240221284D08352D6805F00C0020B1E9
:1007B000042806D0082834D107E02A4D2A4E356097
:1007C00033E02A4D284E35602FE01F4D2D1D2D683A
:1007D000C5F380541C4D2D1D2D6805F03F0154B10B
:1007E000224DB5FBF1F5184E361D3668C6F3881656
:1007F00005FB06F209E01B4DB5FBF1F5124E361D67
:100800003668C6F3881605FB06F20F4D2D1D2D68C0
:10081000C5F301456D1C6B00B2FBF3F5124E35605C
:1008200003E0104D104E356000BF00BF064D083587
:100830002D68C5F303150E4E705D0B4D2D68C54038
:10084000094E356070BD0000003802400070004065
:1008500008544007003C024088ED00E0FFFFF6FE30
:10086000103000240024F4000000002000127A0060
:10087000040000201CB50121202006F03DFA4FF4B1
:10088000C060009001208DF8040000208DF8060063
:1008900003208DF8050001208DF807006946044803
:1008A00005F08CFF4FF4C061014806F003F81CBD51
:1008B0000014024001B5BDF800000090BDF8000032
:1008C000FE49088008BD01B5BDF800000090BDF8E4
:1008D0000000FA49891C088008BD08B5F748801C4B
:1008E00000880090BDF8000008BDF44A10804FF069
:1008F000D842A2F88010704710B504462046FFF792
:10090000D9FF052005F054FAFFF7E7FF10BDEC48CA
:100910000089EA4908807047E849891C08807047C7
:1009200030B5014601F01F04C1F34513CA0AE502C0
:1009300005EB43151544A8B230BD00BF011EA0F160
:100940000102D0B2FAD1704710B502460C46DC481D
:10095000808841F66311884247D1D9488079A8B987
:10096000D7480088401E801A82B2D5494889FFF7CF
:10097000A1FF0020FFF7A7FF0020FFF7A4FF101240
:10098000FFF7A1FFD0B2FFF79EFF16E0CC494889E0
:10099000FFF790FF1012FFF796FFD0B2FFF793FF1B
:1009A000C7490988491EC1F30F20FFF78CFFC449CE
:1009B0000978491EC8B2FFF786FFC1498889FFF749
:1009C00079FF2012FFF77FFFE0B2FFF77CFFBC4901
:1009D0004988491EC1F30F20FFF775FFB849897890
:1009E000491EC8B2FFF76FFF3AE0B548808845F26C
:1009F0001051884220D1B2494889FFF75BFF10129D
:100A0000FFF761FFAE494989491C88B2FFF752FFE1
:100A1000D0B2FFF758FFAA498889FFF74BFF201291
:100A2000FFF751FFA6498989491C88B2FFF742FFA9
:100A3000E0B2FFF748FF13E0A1494889FFF73AFF0A
:100A40001012FFF740FFD0B2FFF73DFF9C498889A5
:100A5000FFF730FF2012FFF736FFE0B2FFF733FF5A
:100A600010BD2DE9F04105460E4600240027A046A2
:100A700093480088A84203DD91484088B04202DCD8
:100A80000020BDE8F08131462846FFF75DFF8C4825
:100A9000808845F21051884204D14FF43850FFF756
:100AA00009FF02E02E20FFF705FFFFF716FF0446BF
:100AB0008348808841F66311884201D12046E0E7EF
:100AC000FFF70BFF0446FFF708FF8046E7B24FF63B
:100AD000FF7000EA0727E012C002B91240EA411095
:100AE00040EAE820CDE700B57548808845F210510E
:100AF000884204D14FF42450FFF7DCFE02E02920A5
:100B0000FFF7D8FE00BD00B56D48808845F2105152
:100B1000884204D14FF42050FFF7CCFE02E0282099
:100B2000FFF7C8FE00BDF0B5054600240027644865
:100B30008079012805D16248808841F66311884296
:100B400008D15F488079F0B95D48808841F663112B
:100B5000884218D1082D15D2DFE805F00406080AEE
:100B60000C0E101206250DE007250BE0042509E008
:100B7000052507E0012505E0002503E0032501E048
:100B8000022500BF00BF082D1CD2DFE805F00406D7
:100B9000090C0F12151800BF14E044F0800411E096
:100BA00044F040040EE044F0C0040BE044F02004A4
:100BB00008E044F0600405E044F0A00402E044F0E2
:100BC000E00400BF00BF3E48808845F210518842D3
:100BD00002D14FF4585700E036273948808849F24F
:100BE0004131884205D03648808847F28971884271
:100BF00001D144F0080421463846FFF776FE30481C
:100C0000808841F6631188421DD004F0200068B14D
:100C10002B4800882A494988884214DA28480688DF
:100C2000408827490880084646800CE02448008810
:100C300023494988884206DD2148068840882049A2
:100C40000880084646801E48808845F21051884238
:100C500057D11B494889FFF72DFE0020FFF733FECF
:100C600017494989491C88B2FFF724FE0020FFF785
:100C70002AFE13494989891C88B2FFF71BFE1049D7
:100C80000988491EC1F30F20FFF71DFE0C49498951
:100C9000C91C88B2FFF70EFE09490978491EC8B27F
:100CA000FFF711FE06498889FFF704FE0020FFF7D1
:100CB0000AFE03498989491C88B203E07E00006C62
:100CC0006C000020FFF7F6FD0020FFF7FCFDFE4959
:100CD0008989891C88B2FFF7EDFDFB494988491EC7
:100CE000C1F30F20FFF7EFFDF7498989C91C88B2CE
:100CF000FFF7E0FDF4498978491EC8B2FFF7E3FD2C
:100D00002DE0F1494889FFF7D5FD0020FFF7DBFD15
:100D10000020FFF7D8FDEC490988491EC1F30F20D8
:100D2000FFF7D1FDE8490978491EC8B2FFF7CBFDAE
:100D3000E5498889FFF7BEFD0020FFF7C4FD0020CC
:100D4000FFF7C1FDE0494988491EC1F30F20FFF7B5
:100D5000BAFDDD498978491EC8B2FFF7B4FDF0BD80
:100D600030B504460D4629462046FFF7EDFDFFF756
:100D7000CEFDD6480088D649088030BD30B504463F
:100D80000D46D148808845F21051884220D1CE4985
:100D90004889FFF78FFD2012FFF795FDCA49498961
:100DA000491C88B2FFF786FDE0B2FFF78CFDC6490B
:100DB0008889FFF77FFD2812FFF785FDC2498989E1
:100DC000491C88B2FFF776FDE8B2FFF77CFD42E0F0
:100DD000BD48808841F66311884228D1BA4880799D
:100DE00020B9B9480088401E001B84B2B649488922
:100DF000FFF760FD2012FFF766FDE0B2FFF763FD2D
:100E00002012FFF760FDE0B2FFF75DFDAE49888973
:100E1000FFF750FD2812FFF756FDE8B2FFF753FD2C
:100E20002812FFF750FDE8B2FFF74DFD13E0A64989
:100E30004889FFF73FFD2012FFF745FDE0B2FFF7BD
:100E400042FDA1498889FFF735FD2812FFF73BFDD8
:100E5000E8B2FFF738FD9C4800899D49891E08804B
:100E60004FF0D840A0F8802030BD70B52DED048B38
:100E70000446BE20FFF71EFD0520FFF724FD204697
:100E800007F09BF841EC190B9FED920B53EC102BE4
:100E900007F0A6F841EC180B07F062F885B2284677
:100EA000FFF711FD0120FFF70EFDFF20FFF70BFDFF
:100EB0000020FFF708FD0020FFF705FDBDEC048BC7
:100EC00070BD10B5044680488471002C45D1F020D7
:100ED0007D4908804FF4A07048800846808845F21C
:100EE0001051884210D14FF43050774908814FF4A7
:100EF000285048814FF42C5088814FF4F0700880BE
:100F00004FF4487048801AE06F48808841F66311BA
:100F100088420DD12C206C4908812B2048812A2041
:100F200088814FF4F07008804FF44870488006E0E4
:100F30002C20654908812A2048812B20888162481D
:100F4000808845F2103188424CD14FF4A0705E4940
:100F500008804FF4F070488044E04FF4A0705A4984
:100F60000880F02048800846808845F21051884269
:100F700010D14FF43050544908814FF42850488123
:100F80004FF42C5088814FF4487008804FF4F07073
:100F900048801AE04C48808841F6631188420DD1A0
:100FA0002C20494908812A2048812B2088814FF430
:100FB000487008804FF4F070488006E02C204249C9
:100FC00008812A2048812B2088813F48808845F26B
:100FD0001031884206D14FF4F0703B4908804FF43D
:100FE000A07048800020FFF79EFD10BD2DE9F04164
:100FF00004460D461E46A018401E87B2A819401E82
:101000001FFA80F83048808841F66311884231D158
:101010002D48807901282DD02B480088801A001B8C
:1010200084B2A819401E86B227494889FFF742FCBE
:101030002012FFF748FCE0B2FFF745FCA118491E5B
:10104000C1F30F20FFF73FFCA118491EC8B2FFF7FC
:101050003AFC1D498889FFF72DFC2812FFF733FC65
:10106000E8B2FFF730FC3012FFF72DFCF0B2FFF7CB
:101070002AFC79E01448808845F21051884251D109
:1010800011494889FFF716FC2012FFF71CFC0E4996
:101090004989491C88B2FFF70DFCE0B2FFF713FC49
:1010A00009494989891C88B2FFF704FC3812FFF707
:1010B0000AFC05494989C91C88B2FFF7FBFBF8B255
:1010C000FFF701FC004909E06C000020140000203B
:1010D0008000006C66666666666604408889FFF775
:1010E000E9FB2812FFF7EFFBFD498989491C88B20B
:1010F000FFF7E0FBE8B2FFF7E6FBF9498989891CB5
:1011000088B2FFF7D7FB4FEA2820FFF7DCFBF44952
:101110008989C91C88B2FFF7CDFB08F0FF00FFF7F3
:10112000D2FB21E0EE494889FFF7C4FB2012FFF70C
:10113000CAFBE0B2FFF7C7FB3812FFF7C4FBF8B2F7
:10114000FFF7C1FBE6498889FFF7B4FB2812FFF7D8
:10115000BAFBE8B2FFF7B7FB4FEA2820FFF7B3FB73
:1011600008F0FF00FFF7AFFBBDE8F08170B5044663
:101170000026DB4805884088454300210846FFF7E4
:10118000E3FBFFF7C4FB00BF02E0D6480480761CF7
:10119000AE42FAD370BD00B5A1B00020209001216D
:1011A0007A2005F0A9FD0121084605F0DDFD4FF488
:1011B00000401E9001208DF87C0000208DF87E00FC
:1011C00002208DF87D0001208DF87F001EA9C64801
:1011D00005F0F4FA4CF233701E9002208DF87C007A
:1011E00000208DF87E0003208DF87D0001208DF811
:1011F0007F001EA9BD4805F0E1FA4FF680701E90F1
:1012000002208DF87C0000208DF87E0003208DF8F0
:101210007D0001208DF87F001EA9B54805F0CEFAAB
:101220004FF480501E9002208DF87C0000208DF835
:101230007E0003208DF87D0001208DF87F001EA91F
:10124000AC4805F0BBFA4FF480501E9002208DF898
:101250007C0000208DF87E0003208DF87D000120A9
:101260008DF87F001EA9A44805F0A8FA0C220021E1
:101270009E4805F02EFB0C2201219C4805F029FB1D
:101280000C220421994805F024FB0C2205219748E3
:1012900005F01FFB0C220821944805F01AFB0C22D4
:1012A0000921924805F015FB0C220A218F4805F010
:1012B00010FB0C220E218D4805F00BFB0C220F2198
:1012C0008A4805F006FB0C220721894805F001FB3E
:1012D0000C220821864805F0FCFA0C2209218448DA
:1012E00005F0F7FA0C220A21814805F0F2FA0C22E7
:1012F0000B217F4805F0EDFA0C2211467C4805F0E1
:10130000E8FA0C220D217A4805F0E3FA0C220E21AE
:10131000774805F0DEFA0C220F21754805F0D9FA5E
:101320000C221146734805F0D4FA0C22114672487B
:1013300005F0CFFA0F200890002009903C200A9079
:1013400000200B900C900D900E9009200190002031
:1013500002900820039000200490059006900790CA
:1013600006200F9000201090119010201290002065
:10137000139015901490169017904FF48050189079
:10138000002019904FF480401A9000201B9008A86C
:101390001C9001A81D900FA804F0C1FE0121062099
:1013A00004F048FF322004F04BFDD320FFF782FA0F
:1013B000FFF793FA4A498880FFF78FFA48498880F7
:1013C000FFF78BFA46498880084680884FF6FF7100
:1013D00001EA002042498880FFF77FFA4049898866
:1013E00008433F4988800846808849F24131884255
:1013F00075D00420FFF75EFAFFF76FFA384988804E
:10140000FFF76BFA36498880FFF767FA344988801E
:10141000084680884FF6FF7101EA00203049888035
:10142000FFF75BFA2E49898808432D4988800846D2
:10143000808848F25251884203D147F28970284986
:1014400088802748808847F289718842D0D0D4208C
:10145000FFF730FAFFF741FA21498880FFF73DFA9C
:101460001F498880FFF739FA1D498880084680881F
:101470004FF6FF7101EA002019498880FFF72DFA25
:10148000174989880843164988800846808845F2AC
:101490001031884279D055214FF47040FFF725FA7A
:1014A000AA214FF20100FFF720FA52214FF2020069
:1014B000FFF71BFA08214FF20300FFF716FA01218C
:1014C0004FF20400FFF711FA4FF44540FFF7F2F92D
:1014D000FFF703FA02498880084680880EE054E04E
:1014E0006C0000208000006C00040240000C0240F0
:1014F0000010024000140240001802404FF6FF7135
:1015000001EA0020FE4988804CF20150FFF7D2F931
:10151000FFF7E3F9FA4989880843F94988800520EB
:1015200004F08EFCF6488088B0F5004F03D145F2F8
:101530001050F3498880F248808845F21051884263
:1015400023D0A120FFF7B6F9FFF7C7F9EC4988804F
:10155000FFF7C3F9EA498880084680884FF6FF7193
:1015600001EA0020E6498880FFF7B7F9E449898855
:101570000843E34988800846808845F261718842C3
:1015800003D141F66310DE498880DD48808849F246
:101590004131884217D0DA48808847F28971884201
:1015A00011D0D748808845F2103188420BD0D448FA
:1015B000808845F21051884205D0D148808841F694
:1015C000631188422CD1CF48006820F00F004FF003
:1015D0002041C1F81C010846D0F81C0120F47060BD
:1015E000C1F81C010846D0F81C0140F00300C1F806
:1015F0001C01C348808847F28971884208D1C148DC
:10160000006840F440704FF02041C1F81C0107E031
:10161000BC48006840F400704FF02041C1F81C0144
:10162000B7488188B8A006F0BFFAB548808849F26B
:10163000413188427ED1CF20FFF73CF90020FFF7EF
:1016400042F9C120FFF73FF93020FFF73CF9ED20C8
:10165000FFF730F96420FFF736F90320FFF733F97D
:101660001220FFF730F98120FFF72DF9E820FFF76E
:1016700021F98520FFF727F91020FFF724F97A20B8
:10168000FFF721F9CB20FFF715F93920FFF71BF9F8
:101690002C20FFF718F90020FFF715F93420FFF789
:1016A00012F90220FFF70FF9F720FFF703F92020C6
:1016B000FFF709F9EA20FFF7FDF80020FFF703F92B
:1016C0000020FFF700F9C020FFF7F4F81B20FFF718
:1016D000FAF8C120FFF7EEF80120FFF7F4F8C52073
:1016E000FFF7E8F83020FFF7EEF83020FFF7EBF8CF
:1016F000C720FFF7DFF8B720FFF7E5F83620FFF740
:10170000D9F84820FFF7DFF83A20FFF7D3F8552043
:10171000FFF7D9F8B120FFF7CDF80020FFF7D3F895
:101720001A20FFF7D0F8B620FFF7C4F80A20FFF719
:10173000CAF800E097E0A220FFF7C5F8F220FFF713
:10174000B9F80020FFF7BFF82620FFF7B3F8012013
:10175000FFF7B9F8E020FFF7ADF80F20FFF7B3F877
:101760002A20FFF7B0F82820FFF7ADF80820FFF790
:10177000AAF80E20FFF7A7F80820FFF7A4F85420D6
:10178000FFF7A1F8A920FFF79EF84320FFF79BF889
:101790000A20FFF798F80F20FFF795F80020FFF7D1
:1017A00092F80020FFF78FF80020FFF78CF8002058
:1017B000FFF789F8E120FFF77DF80020FFF783F8B5
:1017C0001520FFF780F81720FFF77DF80720FFF7B7
:1017D0007AF81120FFF777F80620FFF774F82B202E
:1017E000FFF771F85620FFF76EF83C20FFF76BF813
:1017F0000520FFF768F81020FFF765F80F20FFF7C6
:1018000062F83F20FFF75FF83F20FFF75CF80F20FA
:10181000FFF759F82B20FFF74DF80020FFF753F89A
:101820000020FFF750F80120FFF74DF83F20FFF7A9
:101830004AF82A20FFF73EF80020FFF744F800207E
:10184000FFF741F80020FFF73EF8EF20FFF73BF8E5
:101850001120FFF72FF8782004F0F2FA2920FFF783
:1018600029F802F0B3B82648808847F28971884287
:101870007DD11120FFF71EF8782004F0E1FA362020
:10188000FFF718F80020FFF71EF83A20FFF712F8CC
:101890000520FFF718F8B220FFF70CF80C20FFF72F
:1018A00012F80C20FFF70FF80020FFF70CF8332098
:1018B000FFF709F83320FFF706F8B720FEF7FAFF25
:1018C0003520FFF700F8BB20FEF7F4FF3220FEF7CB
:1018D000FAFFC020FEF7EEFF0C20FEF7F4FFC22057
:1018E000FEF7E8FF0120FEF7EEFFC320FEF7E2FF60
:1018F0001020FEF7E8FFC420FEF7DCFF20200BE0FD
:101900006C0000201C0100A0204C43442049443AB4
:1019100025780D0A00000000FEF7D5FFC620FEF76F
:10192000C9FF0F20FEF7CFFFD020FEF7C3FFA42092
:10193000FEF7C9FFA120FEF7C6FFE020FEF7BAFFC1
:10194000D020FEF7C0FF0020FEF7BDFF0220FEF70B
:10195000BAFF0720FEF7B7FF0A20FEF7B4FF2820E2
:10196000FEF7B1FF3220FEF7AEFF442000E062E058
:10197000FEF7A9FF4220FEF7A6FF0620FEF7A3FF11
:101980000E20FEF7A0FF1220FEF79DFF1420FEF7A9
:101990009AFF1720FEF797FFE120FEF78BFFD0207C
:1019A000FEF791FF0020FEF78EFF0220FEF78BFF6F
:1019B0000720FEF788FF0A20FEF785FF2820FEF7A4
:1019C00082FF3120FEF77FFF5420FEF77CFF472087
:1019D000FEF779FF0E20FEF776FF1C20FEF773FF5F
:1019E0001720FEF770FF1B20FEF76DFF1E20FEF78D
:1019F0006AFF2A20FEF75EFF0020FEF764FF00204A
:101A0000FEF761FF0020FEF75EFFEF20FEF75BFFB1
:101A10002B20FEF74FFF0020FEF755FF0020FEF7BA
:101A200052FF0120FEF74FFF3F20FEF74CFF292019
:101A3000FEF740FF15E7FE48808845F210318842E6
:101A400040F07C87ED20FEF735FF0120FEF73BFFDD
:101A5000FE20FEF738FFEE20FEF72CFFDE20FEF71B
:101A600032FF2120FEF72FFFF120FEF723FF012098
:101A7000FEF729FFDF20FEF71DFF1020FEF723FFF2
:101A8000C420FEF717FF8F20FEF71DFFC620FEF7CC
:101A900011FF0020FEF717FFE220FEF714FFE220FF
:101AA000FEF711FFE220FEF70EFFBF20FEF702FF58
:101AB000AA20FEF708FFB020FEF7FCFE0D20FEF77F
:101AC00002FF0020FEF7FFFE0D20FEF7FCFE0020C7
:101AD000FEF7F9FE1120FEF7F6FE0020FEF7F3FEFA
:101AE0001920FEF7F0FE0020FEF7EDFE2120FEF7A4
:101AF000EAFE0020FEF7E7FE2D20FEF7E4FE0020C0
:101B0000FEF7E1FE3D20FEF7DEFE0020FEF7DBFEE5
:101B10005D20FEF7D8FE0020FEF7D5FE5D20FEF723
:101B2000D2FE0020FEF7CFFEB120FEF7C3FE8020DC
:101B3000FEF7C9FE0020FEF7C6FE8B20FEF7C3FEAF
:101B40000020FEF7C0FE9620FEF7BDFE0020FEF747
:101B5000BAFEB220FEF7AEFE0020FEF7B4FE002073
:101B6000FEF7B1FE0220FEF7AEFE0020FEF7ABFE50
:101B70000320FEF7A8FE0020FEF7A5FEB320FEF727
:101B800099FE0020FEF79FFE0020FEF79CFE00203D
:101B9000FEF799FE0020FEF796FE0020FEF793FE6A
:101BA0000020FEF790FE0020FEF78DFE0020FEF7DD
:101BB0008AFE0020FEF787FE0020FEF784FE00204C
:101BC000FEF781FE0020FEF77EFE0020FEF77BFE82
:101BD0000020FEF778FE0020FEF775FE0020FEF7DD
:101BE00072FE0020FEF76FFE0020FEF76CFE002064
:101BF000FEF769FE0020FEF766FE0020FEF763FE9A
:101C00000020FEF760FE0020FEF75DFE0020FEF7DC
:101C10005AFEB420FEF74EFE8B20FEF754FE002045
:101C2000FEF751FE9620FEF74EFE0020FEF74BFE1B
:101C3000A120FEF748FE0020FEF745FEB520FEF786
:101C400039FE0220FEF73FFE0020FEF73CFE032097
:101C5000FEF739FE0020FEF736FE0420FEF733FEC5
:101C60000020FEF730FEB620FEF724FE0020FEF72F
:101C70002AFE0020FEF727FEB720FEF71BFE0020FD
:101C8000FEF721FE0020FEF71EFE3F20FEF71BFEA2
:101C90000020FEF718FE5E20FEF715FE0020FEF77E
:101CA00012FE6420FEF70FFE0020FEF70CFE8C20D3
:101CB000FEF709FE0020FEF706FEAC20FEF703FE4D
:101CC0000020FEF700FEDC20FEF7FDFD0020FEF701
:101CD000FAFD7020FEF7F7FD0020FEF7F4FD9020DE
:101CE000FEF7F1FD0020FEF7EEFDEB20FEF7EBFD29
:101CF0000020FEF7E8FDDC20FEF7E5FD0020FEF702
:101D0000E2FDB820FEF7D6FD0020FEF7DCFD002046
:101D1000FEF7D9FD0020FEF7D6FD0020FEF7D3FD2B
:101D20000020FEF7D0FD0020FEF7CDFD0020FEF7DD
:101D3000CAFD0020FEF7C7FDBA20FEF7BBFD242038
:101D4000FEF7C1FD0020FEF7BEFD0020FEF7BBFD43
:101D50000020FEF7B8FDC120FEF7ACFD2020FEF705
:101D6000B2FD0020FEF7AFFD5420FEF7ACFD0020D1
:101D7000FEF7A9FDFF20FEF7A6FD0020FEF7A3FD5C
:101D8000C220FEF797FD0A20FEF79DFD0020FEF71A
:101D90009AFD0420FEF797FD0020FEF794FDC32076
:101DA000FEF788FD3C20FEF78EFD0020FEF78BFD40
:101DB0003A20FEF788FD0020FEF785FD3920FEF76A
:101DC00082FD0020FEF77FFD3720FEF77CFD00201E
:101DD000FEF779FD3C20FEF776FD0020FEF773FD4F
:101DE0003620FEF770FD0020FEF76DFD3220FEF775
:101DF0006AFD0020FEF767FD2F20FEF764FD00203E
:101E0000FEF761FD2C20FEF75EFD0020FEF75BFD76
:101E10002920FEF758FD0020FEF755FD2620FEF78D
:101E200052FD0020FEF74FFD2420FEF74CFD01E09F
:101E30006C0000200020FEF746FD2420FEF743FD45
:101E40000020FEF740FD2320FEF73DFD0020FEF7B9
:101E50003AFD3C20FEF737FD0020FEF734FD36202A
:101E6000FEF731FD0020FEF72EFD3220FEF72BFDA0
:101E70000020FEF728FD2F20FEF725FD0020FEF7AD
:101E800022FD2C20FEF71FFD0020FEF71CFD29205F
:101E9000FEF719FD0020FEF716FD2620FEF713FDC4
:101EA0000020FEF710FD2420FEF70DFD0020FEF7B8
:101EB0000AFD2420FEF707FD0020FEF704FD232085
:101EC000FEF701FD0020FEF7FEFCC420FEF7F2FC49
:101ED0006220FEF7F8FC0020FEF7F5FC0520FEF777
:101EE000F2FC0020FEF7EFFC8420FEF7ECFC002063
:101EF000FEF7E9FCF020FEF7E6FC0020FEF7E3FC2D
:101F00001820FEF7E0FC0020FEF7DDFCA420FEF721
:101F1000DAFC0020FEF7D7FC1820FEF7D4FC0020E6
:101F2000FEF7D1FC5020FEF7CEFC0020FEF7CBFCE4
:101F30000C20FEF7C8FC0020FEF7C5FC1720FEF7BA
:101F4000C2FC0020FEF7BFFC9520FEF7BCFC002081
:101F5000FEF7B9FCF320FEF7B6FC0020FEF7B3FC59
:101F6000E620FEF7B0FC0020FEF7ADFCC520FEF732
:101F7000A1FC3220FEF7A7FC0020FEF7A4FC4420C1
:101F8000FEF7A1FC0020FEF79EFC6520FEF79BFCFF
:101F90000020FEF798FC7620FEF795FC0020FEF767
:101FA00092FC8820FEF78FFC0020FEF78CFCC620F8
:101FB000FEF780FC2020FEF786FC0020FEF783FC65
:101FC0001720FEF780FC0020FEF77DFC0120FEF7C5
:101FD0007AFC0020FEF777FCC720FEF76BFC0020A0
:101FE000FEF771FC0020FEF76EFC0020FEF76BFC94
:101FF0000020FEF768FCC820FEF75CFC0020FEF71E
:1020000062FC0020FEF75FFC0020FEF75CFC002075
:10201000FEF759FCC920FEF74DFC0020FEF753FCEB
:102020000020FEF750FC0020FEF74DFC0020FEF7DC
:102030004AFC0020FEF747FC0020FEF744FC00208D
:10204000FEF741FC0020FEF73EFC0020FEF73BFCC3
:102050000020FEF738FC0020FEF735FC0020FEF7DC
:1020600032FC0020FEF72FFC0020FEF72CFC0020A5
:10207000FEF729FC0020FEF726FCE020FEF71AFC04
:102080001620FEF720FC0020FEF71DFC1C20FEF7AA
:102090001AFC0020FEF717FC2120FEF714FC00209C
:1020A000FEF711FC3620FEF70EFC0020FEF70BFCBD
:1020B0004620FEF708FC0020FEF705FC5220FEF744
:1020C00002FC0020FEF7FFFB6420FEF7FCFB002073
:1020D000FEF7F9FB7A20FEF7F6FB0020FEF7F3FB94
:1020E0008B20FEF7F0FB0020FEF7EDFB9920FEF7BA
:1020F000EAFB0020FEF7E7FBA820FEF7E4FB002048
:10210000FEF7E1FBB920FEF7DEFB0020FEF7DBFB6C
:10211000C420FEF7D8FB0020FEF7D5FBCA20FEF74F
:10212000D2FB0020FEF7CFFBD220FEF7CCFB002035
:10213000FEF7C9FBD920FEF7C6FB0020FEF7C3FB64
:10214000E020FEF7C0FB0020FEF7BDFBF320FEF70A
:10215000BAFB0020FEF7B7FBE120FEF7ABFB162031
:10216000FEF7B1FB0020FEF7AEFB1C20FEF7ABFB39
:102170000020FEF7A8FB2220FEF7A5FB0020FEF7BB
:10218000A2FB3620FEF79FFB0020FEF79CFB4520BC
:10219000FEF799FB0020FEF796FB5220FEF793FB1B
:1021A0000020FEF790FB6420FEF78DFB0020FEF779
:1021B0008AFB7A20FEF787FB0020FEF784FB8B204A
:1021C000FEF781FB0020FEF77EFB9920FEF77BFBEC
:1021D0000020FEF778FBA820FEF775FB0020FEF735
:1021E00072FBB920FEF76FFB0020FEF76CFBC420EA
:1021F000FEF769FB0020FEF766FBCA20FEF763FBD3
:102200000020FEF760FBD220FEF75DFB0020FEF70A
:102210005AFBD820FEF757FB0020FEF754FBE020C6
:10222000FEF751FB0020FEF74EFBF320FEF74BFBC1
:102230000020FEF748FBE220FEF73CFB0520FEF7FE
:1022400042FB0020FEF73FFB0B20FEF73CFB00208B
:10225000FEF739FB1B20FEF736FB0020FEF733FBB1
:102260003420FEF730FB0020FEF72DFB4420FEF764
:102270002AFB0020FEF727FB4F20FEF724FB00205F
:10228000FEF721FB6120FEF71EFB0020FEF71BFB83
:102290007920FEF718FB0020FEF715FB8820FEF7DB
:1022A00012FB0020FEF70FFB9720FEF70CFB00202F
:1022B000FEF709FBA620FEF706FB0020FEF703FB56
:1022C000B720FEF700FB0020FEF7FDFAC220FEF764
:1022D000FAFA0020FEF7F7FAC720FEF7F4FA00201A
:1022E000FEF7F1FAD120FEF7EEFA0020FEF7EBFA46
:1022F000D620FEF7E8FA0020FEF7E5FADD20FEF72B
:10230000E2FA0020FEF7DFFAF320FEF7DCFA002005
:10231000FEF7D9FAE320FEF7CDFA0520FEF7D3FA4F
:102320000020FEF7D0FA0A20FEF7CDFA0020FEF7D3
:10233000CAFA1C20FEF7C7FA0020FEF7C4FA3320C1
:10234000FEF7C1FA0020FEF7BEFA4420FEF7BBFA02
:102350000020FEF7B8FA5020FEF7B5FA0020FEF78D
:10236000B2FA6220FEF7AFFA0020FEF7ACFA78204E
:10237000FEF7A9FA0020FEF7A6FA8820FEF7A3FAD6
:102380000020FEF7A0FA9720FEF79DFA0020FEF746
:102390009AFAA620FEF797FA0020FEF794FAB720E3
:1023A000FEF791FA0020FEF78EFAC220FEF78BFAB4
:1023B0000020FEF788FAC720FEF785FA0020FEF716
:1023C00082FAD120FEF77FFA0020FEF77CFAD520B2
:1023D000FEF779FA0020FEF776FADD20FEF773FAB1
:1023E0000020FEF770FAF320FEF76DFA0020FEF7EA
:1023F0006AFAE420FEF75EFA0120FEF764FA002094
:10240000FEF761FA0120FEF75EFA0020FEF75BFAA4
:102410000220FEF758FA0020FEF755FA2A20FEF7B0
:1024200052FA0020FEF74FFA3C20FEF74CFA00204B
:10243000FEF749FA4B20FEF746FA0020FEF743FA72
:102440005D20FEF740FA0020FEF73DFA7420FEF70B
:102450003AFA0020FEF737FA8420FEF734FA00201B
:10246000FEF731FA9320FEF72EFA0020FEF72BFA42
:10247000A220FEF728FA0020FEF725FAB320FEF787
:1024800022FA0020FEF71FFABE20FEF71CFA0020F9
:10249000FEF719FAC420FEF716FA0020FEF713FA29
:1024A000CD20FEF710FA0020FEF70DFAD320FEF73C
:1024B0000AFA0020FEF707FADD20FEF704FA0020F2
:1024C000FEF701FAF320FEF7FEF90020FEF7FBF914
:1024D000E520FEF7EFF90020FEF7F5F90020FEF702
:1024E000F2F90020FEF7EFF90020FEF7ECF90220E8
:1024F000FEF7E9F90020FEF7E6F92920FEF7E3F9F7
:102500000020FEF7E0F93C20FEF7DDF90020FEF7A1
:10251000DAF94B20FEF7D7F90020FEF7D4F95D2059
:10252000FEF7D1F90020FEF7CEF97420FEF7CBF9C3
:102530000020FEF7C8F98420FEF7C5F90020FEF759
:10254000C2F99320FEF7BFF90020FEF7BCF9A220E4
:10255000FEF7B9F90020FEF7B6F9B320FEF7B3F99C
:102560000020FEF7B0F9BE20FEF7ADF90020FEF71F
:10257000AAF9C420FEF7A7F90020FEF7A4F9CD20A0
:10258000FEF7A1F90020FEF79EF9D320FEF79BF994
:102590000020FEF798F9DC20FEF795F90020FEF701
:1025A00092F9F320FEF78FF90020FEF78CF9E62070
:1025B000FEF780F91120FEF786F90020FEF783F977
:1025C0003420FEF780F90020FEF77DF95620FEF753
:1025D0007AF90020FEF777F97620FEF774F90020EB
:1025E000FEF771F97720FEF76EF90020FEF76BF920
:1025F0006620FEF768F90020FEF765F98820FEF7EF
:1026000062F90020FEF75FF99920FEF75CF90020DF
:10261000FEF759F9BB20FEF756F90020FEF753F9F3
:102620009920FEF750F90020FEF74DF96620FEF7DD
:102630004AF90020FEF747F95520FEF744F900203B
:10264000FEF741F95520FEF73EF90020FEF73BF971
:102650004520FEF738F90020FEF735F94320FEF754
:1026600032F90020FEF72FF94420FEF72CF9002064
:10267000FEF729F9E720FEF71DF93220FEF723F9CE
:102680000020FEF720F95520FEF71DF90020FEF787
:102690001AF97620FEF717F90020FEF714F96620E4
:1026A000FEF711F90020FEF70EF96720FEF70BF98F
:1026B0000020FEF708F96720FEF705F90020FEF775
:1026C00002F98720FEF7FFF80020FEF7FCF89920BA
:1026D000FEF7F9F80020FEF7F6F8BB20FEF7F3F856
:1026E0000020FEF7F0F89920FEF7EDF80020FEF745
:1026F000EAF87720FEF7E7F80020FEF7E4F8442038
:10270000FEF7E1F80020FEF7DEF85620FEF7DBF8D2
:102710000020FEF7D8F82320FEF7D5F80020FEF7BA
:10272000D2F83320FEF7CFF80020FEF7CCF8452092
:10273000FEF7C9F80020FEF7C6F8E820FEF7BAF861
:102740000020FEF7C0F80020FEF7BDF89920FEF744
:10275000BAF80020FEF7B7F88720FEF7B4F800209B
:10276000FEF7B1F88820FEF7AEF80020FEF7ABF8D0
:102770007720FEF7A8F80020FEF7A5F86620FEF700
:10278000A2F80020FEF79FF88820FEF79CF80020B2
:10279000FEF799F8AA20FEF796F80020FEF793F8C6
:1027A000BB20FEF790F80020FEF78DF89920FEF789
:1027B0008AF80020FEF787F86620FEF784F80020EC
:1027C000FEF781F85520FEF77EF80020FEF77BF833
:1027D0005520FEF778F80020FEF775F84420FEF744
:1027E00072F80020FEF76FF84420FEF76CF8002026
:1027F000FEF769F85520FEF766F80020FEF763F84B
:10280000E920FEF757F8AA20FEF75DF80020FEF752
:102810005AF80020FEF757F80020FEF754F8002081
:10282000FEF748F8AA20FEF74EF8CF20FEF742F850
:102830000020FEF748F80020FEF745F80020FEF7DC
:1028400042F80020FEF73FF80020FEF73CF8002099
:10285000FEF739F80020FEF736F80020FEF733F8CF
:102860000020FEF730F80020FEF72DF80020FEF7DC
:102870002AF80020FEF727F80020FEF724F80020B1
:10288000FEF721F80020FEF71EF80020FEF71BF8E7
:102890000020FEF718F8F020FEF70CF80020FEF7F5
:1028A00012F85020FEF70FF80020FEF70CF8002079
:1028B000FEF709F80020FEF706F8F320FDF7FAFF0F
:1028C0000020FEF700F8F920FDF7F4FF0620FDF7E1
:1028D000FAFF1020FDF7F7FF2920FDF7F4FF002095
:1028E000FDF7F1FF3A20FDF7E5FF5520FDF7EBFF7F
:1028F0001120FDF7DFFF642003F0A2FA2920FDF785
:10290000D9FF3520FDF7D6FF0020FDF7DCFF512071
:10291000FDF7D0FFFF20FDF7D6FF5320FDF7CAFFDC
:102920002C20FDF7D0FF5520FDF7C4FF8220FDF7D6
:10293000CAFF2C20FDF7BEFF01F048B8FE48808892
:1029400045F2105188427DD155214FF47040FDF77A
:10295000CCFFAA214FF20100FDF7C7FF52214FF231
:102960000200FDF7C2FF08214FF20300FDF7BDFF93
:1029700001214FF20400FDF7B8FF0D214FF4304064
:10298000FDF7B3FF0D214BF20100FDF7AEFF0D2166
:102990004BF20200FDF7A9FF34214FF43640FDF75A
:1029A000A4FF34214BF20160FDF79FFF34214BF26D
:1029B0000260FDF79AFF0D214FF43140FDF795FFBE
:1029C0000D214BF20110FDF790FF0D214BF202108B
:1029D000FDF78BFF34214FF43740FDF786FF34219C
:1029E0004BF20170FDF781FF34214BF20270FDF7CD
:1029F0007CFF00214FF43240FDF777FF00214BF2BE
:102A00000120FDF772FF00214BF20220FDF76DFF60
:102A100024214FF43840FDF768FF24214BF60100D4
:102A2000FDF763FF24214BF60200FDF75EFF012155
:102A30004FF43F40FDF759FF0F214FF43340FDF7AE
:102A400054FF00E0FDE30F214BF20130FDF74DFF95
:102A50000F214BF20230FDF748FF34214FF439408B
:102A6000FDF743FF34214BF60110FDF73EFF342103
:102A70004BF60210FDF739FF08214FF43540FDF702
:102A800034FF08214BF20150FDF72FFF08214BF2D4
:102A90000250FDF72AFF03214FF44240FDF725FFC6
:102AA00024214FF43A40FDF720FF24214BF601206A
:102AB000FDF71BFF24214BF60220FDF716FF002136
:102AC0004FF43C40FDF711FF78214BF60140FDF734
:102AD0000CFF00214BF60240FDF707FF00214FF4E9
:102AE0003D40FDF702FF78214BF60150FDF7FDFE5A
:102AF00000214BF60250FDF7F8FE00214FF43E4056
:102B0000FDF7F3FE64214BF60160FDF7EEFE0021B8
:102B10004FF45140FDF7E9FE33214DF20110FDF76E
:102B2000E4FE00214DF20210FDF7DFFE34214DF2EC
:102B30000310FDF7DAFE00214DF20410FDF7D5FE7B
:102B40003A214DF20510FDF7D0FE00214DF206109E
:102B5000FDF7CBFE4A214DF20710FDF7C6FE00211E
:102B60004DF20810FDF7C1FE5C214DF20910FDF792
:102B7000BCFE00214DF20A10FDF7B7FE81214DF297
:102B80000B10FDF7B2FE00214DF20C10FDF7ADFE6B
:102B9000A6214DF20D10FDF7A8FE00214DF20E10FA
:102BA000FDF7A3FEE5214DF20F10FDF79EFE01217A
:102BB0004DF21010FDF799FE13214DF21110FDF7A3
:102BC00094FE01214DF21210FDF78FFE54214DF2BB
:102BD0001310FDF78AFE01214DF21410FDF785FE5A
:102BE00082214DF21510FDF780FE01214DF21610E5
:102BF000FDF77BFECA214DF21710FDF776FE02218C
:102C00004DF21810FDF771FE00214DF21910FDF77D
:102C10006CFE02214DF21A10FDF767FE01214DF204
:102C20001B10FDF762FE02214DF21C10FDF75DFE48
:102C300034214DF21D10FDF758FE02214DF21E10F9
:102C4000FDF753FE67214DF21F10FDF74EFE0221E6
:102C50004DF22010FDF749FE84214DF22110FDF7C1
:102C600044FE02214DF22210FDF73FFEA4214DF259
:102C70002310FDF73AFE02214DF22410FDF735FE38
:102C8000B7214DF22510FDF730FE02214DF226103E
:102C9000FDF72BFECF214DF22710FDF726FE022176
:102CA0004DF22810FDF721FEDE214DF22910FDF72F
:102CB0001CFE02214DF22A10FDF717FEF2214DF203
:102CC0002B10FDF712FE02214DF22C10FDF70DFE28
:102CD000FE214DF22D10FDF708FE03214DF22E10BE
:102CE000FDF703FE10214DF22F10FDF7FEFD03212D
:102CF0004DF23010FDF7F9FD33214DF23110FDF7A3
:102D0000F4FD03214DF23210FDF7EFFD6D214DF280
:102D10003310FDF7EAFD00214FF45240FDF7E5FDC9
:102D200033214DF20120FDF7E0FD00214DF202209C
:102D3000FDF7DBFD342101E06C0000204DF20320A3
:102D4000FDF7D3FD00214DF20420FDF7CEFD3A2121
:102D50004DF20520FDF7C9FD00214DF20620FDF7DB
:102D6000C4FD4A214DF20720FDF7BFFD00214DF2C1
:102D70000820FDF7BAFD5C214DF20920FDF7B5FDF5
:102D800000214DF20A20FDF7B0FD81214DF20B200C
:102D9000FDF7ABFD00214DF20C20FDF7A6FDA621AD
:102DA0004DF20D20FDF7A1FD00214DF20E20FDF7A3
:102DB0009CFDE5214DF20F20FDF797FD01214DF21D
:102DC0001020FDF792FD13214DF21120FDF78DFD2E
:102DD00001214DF21220FDF788FD54214DF2132000
:102DE000FDF783FD01214DF21420FDF77EFD8221C8
:102DF0004DF21520FDF779FD01214DF21620FDF76A
:102E000074FDCA214DF21720FDF76FFD02214DF22E
:102E10001820FDF76AFD00214DF21920FDF765FD30
:102E200002214DF21A20FDF760FD01214DF21B2019
:102E3000FDF75BFD02214DF21C20FDF756FD34210C
:102E40004DF21D20FDF751FD02214DF21E20FDF730
:102E50004CFD67214DF21F20FDF747FD02214DF289
:102E60002020FDF742FD84214DF22120FDF73DFD9C
:102E700002214DF22220FDF738FDA4214DF223203E
:102E8000FDF733FD02214DF22420FDF72EFDB72181
:102E90004DF22520FDF729FD02214DF22620FDF7F8
:102EA00024FDCF214DF22720FDF71FFD02214DF219
:102EB0002820FDF71AFDDE214DF22920FDF715FD32
:102EC00002214DF22A20FDF710FDF2214DF22B20B8
:102ED000FDF70BFD02214DF22C20FDF706FDFE2132
:102EE0004DF22D20FDF701FD03214DF22E20FDF7BF
:102EF000FCFC10214DF22F20FDF7F7FC03214DF2D1
:102F00003020FDF7F2FC33214DF23120FDF7EDFCCE
:102F100003214DF23220FDF7E8FC6D214DF2332004
:102F2000FDF7E3FC00214FF45340FDF7DEFC3321B5
:102F30004DF20130FDF7D9FC00214DF20230FDF7D2
:102F4000D4FC34214DF20330FDF7CFFC00214DF2CB
:102F50000430FDF7CAFC3A214DF20530FDF7C5FCFF
:102F600000214DF20630FDF7C0FC4A214DF207303A
:102F7000FDF7BBFC00214DF20830FDF7B6FC5C21EB
:102F80004DF20930FDF7B1FC00214DF20A30FDF79A
:102F9000ACFC81214DF20B30FDF7A7FC00214DF276
:102FA0000C30FDF7A2FCA6214DF20D30FDF79DFC83
:102FB00000214DF20E30FDF798FCE5214DF20F3067
:102FC000FDF793FC01214DF21030FDF78EFC13212B
:102FD0004DF21130FDF789FC01214DF21230FDF761
:102FE00084FC54214DF21330FDF77FFC01214DF29A
:102FF0001430FDF77AFC82214DF21530FDF775FC97
:1030000001214DF21630FDF770FCCA214DF2173048
:10301000FDF76BFC02214DF21830FDF766FC002134
:103020004DF21930FDF761FC02214DF21A30FDF727
:103030005CFC01214DF21B30FDF757FC02214DF2E3
:103040001C30FDF752FC34214DF21D30FDF74DFCD4
:1030500002214DF21E30FDF748FC67214DF21F3072
:10306000FDF743FC02214DF22030FDF73EFC8421A8
:103070004DF22130FDF739FC02214DF22230FDF7EF
:1030800034FCA4214DF22330FDF72FFC02214DF238
:103090002430FDF72AFCB7214DF22530FDF725FC41
:1030A00002214DF22630FDF720FCCF214DF22730D2
:1030B000FDF71BFC02214DF22830FDF716FCDE2146
:1030C0004DF22930FDF711FC02214DF22A30FDF7B7
:1030D0000CFCF2214DF22B30FDF707FC02214DF2E2
:1030E0002C30FDF702FCFE214DF22D30FDF7FDFBEB
:1030F00003214DF22E30FDF7F8FB10214DF22F3059
:10310000FDF7F3FB03214DF23030FDF7EEFB3321E9
:103110004DF23130FDF7E9FB03214DF23230FDF77E
:10312000E4FB6D214DF23330FDF7DFFB00214FF45E
:103130005440FDF7DAFB33214DF20140FDF7D5FB9A
:1031400000214DF20240FDF7D0FB34214DF2034047
:10315000FDF7CBFB00214DF20440FDF7C6FB3A2101
:103160004DF20540FDF7C1FB00214DF20640FDF791
:10317000BCFB4A214DF20740FDF7B7FB00214DF2A1
:103180000840FDF7B2FB5C214DF20940FDF7ADFBB5
:1031900000214DF20A40FDF7A8FB81214DF20B40C2
:1031A000FDF7A3FB00214DF20C40FDF79EFBA6218D
:1031B0004DF20D40FDF799FB00214DF20E40FDF759
:1031C00094FBE5214DF20F40FDF78FFB01214DF2FD
:1031D0001040FDF78AFB13214DF21140FDF785FBEE
:1031E00001214DF21240FDF780FB54214DF21340B6
:1031F000FDF77BFB01214DF21440FDF776FB8221A8
:103200004DF21540FDF771FB01214DF21640FDF71F
:103210006CFBCA214DF21740FDF767FB02214DF20E
:103220001840FDF762FB00214DF21940FDF75DFBF0
:1032300002214DF21A40FDF758FB01214DF21B40CF
:1032400000E005E3FDF751FB02214DF21C40FDF7C4
:103250004CFB34214DF21D40FDF747FB02214DF29E
:103260001E40FDF742FB67214DF21F40FDF73DFB7D
:1032700002214DF22040FDF738FB84214DF2214020
:10328000FDF733FB02214DF22240FDF72EFBA42176
:103290004DF22340FDF729FB02214DF22440FDF7BA
:1032A00024FBB7214DF22540FDF71FFB02214DF213
:1032B0002640FDF71AFBCF214DF22740FDF715FB05
:1032C00002214DF22840FDF710FBDE214DF229408E
:1032D000FDF70BFB02214DF22A40FDF706FBF22120
:1032E0004DF22B40FDF701FB02214DF22C40FDF782
:1032F000FCFAFE214DF22D40FDF7F7FA03214DF2C5
:103300002E40FDF7F2FA10214DF22F40FDF7EDFAB5
:1033100003214DF23040FDF7E8FA33214DF2314000
:10332000FDF7E3FA03214DF23240FDF7DEFA6D219D
:103330004DF23340FDF7D9FA00214FF45540FDF727
:10334000D4FA33214DF20150FDF7CFFA00214DF2AE
:103350000250FDF7CAFA34214DF20350FDF7C5FAC9
:1033600000214DF20450FDF7C0FA3A214DF205500C
:10337000FDF7BBFA00214DF20650FDF7B6FA4A21DF
:103380004DF20750FDF7B1FA00214DF20850FDF75C
:10339000ACFA5C214DF20950FDF7A7FA00214DF27D
:1033A0000A50FDF7A2FA81214DF20B50FDF79DFA6C
:1033B00000214DF20C50FDF798FAA6214DF20D5068
:1033C000FDF793FA00214DF20E50FDF78EFAE5213C
:1033D0004DF20F50FDF789FA01214DF21050FDF723
:1033E00084FA13214DF21150FDF77FFA01214DF2BD
:1033F0001250FDF77AFA54214DF21350FDF775FA89
:1034000001214DF21450FDF770FA82214DF2155052
:10341000FDF76BFA01214DF21650FDF766FACA214D
:103420004DF21750FDF761FA02214DF21850FDF7E9
:103430005CFA00214DF21950FDF757FA02214DF2C6
:103440001A50FDF752FA01214DF21B50FDF74DFACB
:1034500002214DF21C50FDF748FA34214DF21D5067
:10346000FDF743FA02214DF21E50FDF73EFA6721A7
:103470004DF21F50FDF739FA02214DF22050FDF7B1
:1034800034FA84214DF22150FDF72FFA02214DF23A
:103490002250FDF72AFAA4214DF22350FDF725FA18
:1034A00002214DF22450FDF720FAB7214DF22550AC
:1034B000FDF71BFA02214DF22650FDF716FACF2137
:1034C0004DF22750FDF711FA02214DF22850FDF779
:1034D0000CFADE214DF22950FDF707FA02214DF2D8
:1034E0002A50FDF702FAF2214DF22B50FDF7FDF9BB
:1034F00002214DF22C50FDF7F8F9FE214DF22D502E
:10350000FDF7F3F903214DF22E50FDF7EEF91021EE
:103510004DF22F50FDF7E9F903214DF23050FDF740
:10352000E4F933214DF23150FDF7DFF903214DF27B
:103530003250FDF7DAF96D214DF23350FDF7D5F930
:1035400000214FF45640FDF7D0F933214DF20160D0
:10355000FDF7CBF900214DF20260FDF7C6F93421E9
:103560004DF20360FDF7C1F900214DF20460FDF753
:10357000BCF93A214DF20560FDF7B7F900214DF293
:103580000660FDF7B2F94A214DF20760FDF7ADF98B
:1035900000214DF20860FDF7A8F95C214DF20960A9
:1035A000FDF7A3F900214DF20A60FDF79EF9812194
:1035B0004DF20B60FDF799F900214DF20C60FDF71B
:1035C00094F9A6214DF20D60FDF78FF900214DF21F
:1035D0000E60FDF78AF9E5214DF20F60FDF785F9E0
:1035E00001214DF21060FDF780F913214DF21160B9
:1035F000FDF77BF901214DF21260FDF776F95421B8
:103600004DF21360FDF771F901214DF21460FDF7E1
:103610006CF982214DF21560FDF767F901214DF239
:103620001660FDF762F9CA214DF21760FDF75DF9EA
:1036300002214DF21860FDF758F900214DF2196092
:10364000FDF753F902214DF21A60FDF74EF9012101
:103650004DF21B60FDF749F902214DF21C60FDF7A8
:1036600044F934214DF21D60FDF73FF902214DF27E
:103670001E60FDF73AF967214DF21F60FDF735F93D
:1036800002214DF22060FDF730F984214DF22160D6
:10369000FDF72BF902214DF22260FDF726F9A42156
:1036A0004DF22360FDF721F902214DF22460FDF770
:1036B0001CF9B7214DF22560FDF717F902214DF2F3
:1036C0002660FDF712F9CF214DF22760FDF70DF9C5
:1036D00002214DF22860FDF708F9DE214DF2296044
:1036E000FDF703F902214DF22A60FDF7FEF8F22101
:1036F0004DF22B60FDF7F9F802214DF22C60FDF739
:10370000F4F8FE214DF22D60FDF7EFF803214DF2A4
:103710002E60FDF7EAF810214DF22F60FDF7E5F875
:1037200003214DF23060FDF7E0F833214DF23160B6
:10373000FDF7DBF803214DF23260FDF7D6F86D217D
:103740004DF23360FDF7D1F855214FF47040FDF78D
:10375000CCF8AA214FF20100FDF7C7F852214FF231
:103760000200FDF7C2F808214FF20300FDF7BDF893
:1037700000214FF20400FDF7B8F8CC214FF431409E
:10378000FDF7B3F800214BF20110FDF7AEF805216B
:103790004FF43640FDF7A9F870214FF43740FDF79C
:1037A000A4F870214BF20170FDF79FF801214FF44E
:1037B0003840FDF79AF803214BF60100FDF795F824
:1037C00003214BF60200FDF790F803214BF60300AE
:1037D000FDF78BF802214FF43C40FDF786F80021FD
:1037E0004BF60140FDF781F800214BF60240FDF752
:1037F0007CF8D0214FF44940FDF777F802214CF6D0
:103800000110FDF772F850214CF60210FDF76DF82B
:1038100050214CF60310FDF768F850214CF60410C7
:10382000FDF763F800214FF45450FDF75EF8552181
:103830004FF46850FDF759F84FF48850FDF73AF807
:10384000782002F0B5FA4FF42450FDF733F8BDE0CC
:10385000FE48808841F663118842F8D1E220FDF7E6
:1038600029F81D20FDF72FF80220FDF72CF8042081
:10387000FDF729F8642002F09BFAE020FDF71AF822
:103880000120FDF720F80A2002F0DAFAE020FDF727
:1038900011F80320FDF717F80C2002F0D1FA0120EF
:1038A000FDF708F80A2002F0CBFAE620FDF702F84F
:1038B0002F20FDF708F8FF20FDF705F8FF20FDF7A2
:1038C00002F8B020FCF7F6FF2020FCF7FCFF0020F8
:1038D000FCF7F9FF0320FCF7F6FF40F21F30FCF77E
:1038E000F2FF0120FCF7EFFF40F2DF10FCF7EBFFE7
:1038F0000020FCF7E8FFB420FCF7DCFF0420FCF715
:10390000E2FF40F21F40FCF7DEFF0020FCF7DBFF88
:103910002E20FCF7D8FF0020FCF7D5FF0020FCF795
:10392000D2FF0020FCF7CFFF0020FCF7CCFFB62031
:10393000FCF7C0FF0220FCF7C6FF4FF40370FCF752
:10394000C2FF0020FCF7BFFF1720FCF7BCFF1520CB
:10395000FCF7B9FF0020FCF7B6FF0020FCF7B3FF2F
:10396000F020FCF7A7FF0320FCF7ADFF2920FCF7B0
:10397000A1FFD020FCF79EFF0020FCF7A4FFBE2093
:10398000FCF798FF0520FCF79EFFFE20FCF79BFF4D
:103990000120FCF798FF0020FCF795FF0020FCF7C2
:1039A00092FF0020FCF78FFFB820FCF783FF032075
:1039B000FCF789FF0120FCF786FFBA20FCF77AFFAD
:1039C0000120FCF780FF6420FDF74FFA0020FDF78F
:1039D00078FA01209E4908604FF6FF70FDF7C6FB9C
:1039E00021B000BD2DE9F04F05460E46174698461A
:1039F000DDF824A04FF0000B781B401C1FFA80FB61
:103A0000344614E021462846FCF79EFFFCF77FFF72
:103A10004FF0000907E04FF0D840A0F880A009F16E
:103A200001001FFA80F9D945F5DB601C84B24445DA
:103A3000E8DDBDE8F08F2DE9F84F07460D469046CA
:103A40009946DDF828B0A8EB0700401C1FFA80FA61
:103A5000A9EB0500401C80B20090002414E0281956
:103A600081B23846FCF770FFFCF751FF002607E0F3
:103A700004FB0A603BF8100076490880701C86B28F
:103A80005645F5DB601C84B200988442E7DBBDE854
:103A9000F88F2DE9FF4F84B081468A4600200390BD
:103AA00002900698A0EB09050798A0EB0A06CDF84E
:103AB0000490CDF800A0002D01DD012705E00DB92F
:103AC000002702E04FF0FF376D42002E02DD4FF07D
:103AD000010806E016B94FF0000802E04FF0FF3889
:103AE0007642B54201DD2C4600E034464FF0000B33
:103AF00021E0009A91B2019A90B2FDF731F9039852
:103B0000284403900298304402900398A04205DDB7
:103B10000398001B03900198384401900298A0423A
:103B200005DD0298001B02900098404400900BF1C4
:103B300001001FFA80FB601C8345DADD08B0BDE898
:103B4000F08FF0B504460D4616461F462B4632460A
:103B500029462046FFF79DFF3B4622462946204640
:103B6000FFF797FF3B46324639462046FFF791FF65
:103B70003B46324629463046FFF78BFFF0BD2DE924
:103B8000F04306460F469046002445460320A0EB2E
:103B900048093CE07A1B91B2321990B2FDF7E0F887
:103BA0003A1B91B2721990B2FDF7DAF83A1991B254
:103BB000721990B2FDF7D4F87A1991B2321990B215
:103BC000FDF7CEF87A1991B2321B90B2FDF7C8F822
:103BD0003A1991B2721B90B2FDF7C2F87A1B91B2FA
:103BE000321B90B2FDF7BCF83A1B91B2721B90B237
:103BF000FDF7B6F8641CB9F1000F03DAA000801DD0
:103C0000814404E0601B80000A3081446D1EAC4298
:103C1000C0DDBDE8F0832DE9F84F80460E4617461B
:103C20001C46B3462046E31704EB5373DB102146D2
:103C30004FEAE47C04EB5C7C4FEAEC0CA4EBCC0C8C
:103C4000BCF1000F08D04FF0010C07E06C00002021
:103C5000BC8240428000006C4FF0000C634422465E
:103C600004EBD27C4FEA6C0C03FB0CF3DBB2009349
:103C7000A7F12000C7B2002556E00C2C07D107EBB6
:103C800047009F4901EB800010F8059013E0102CCD
:103C900005D19C4800EB071010F805900BE0182C9C
:103CA00007D107EBC700984901EB800010F8059099
:103CB00001E0BDE8F88F4FF0000A2FE009F0800026
:103CC00030B19248028831464046FDF757F807E088
:103CD0000A9828B98E48028831464046FDF74EF8CA
:103CE0004FEA49604FEA1069701C86B289484088E3
:103CF000B04200DCDDE7A6EB0B00A0420AD15E4635
:103D000008F101001FFA80F882480088404500DC75
:103D1000CFE706E00AF1010000F0FF0ABAF1080F50
:103D2000CCDB00BF681CC5B200988542A5DB00BF94
:103D3000BFE710B50246012000E050430B1EA1F181
:103D40000104E1B2F9D110BD2DE9FF4F81B0074662
:103D500091461E460E9D4FF0000A002439E0301BAC
:103D6000401EC1B20A20FFF7E4FFB9FBF0F00A21C0
:103D7000B0FBF1F201FB1208BAF1000F16D1701E70
:103D8000A04213DDB8F1000F0ED10020AB4605EBC9
:103D9000DB71491001FB0471009088B22B46202290
:103DA0000299FFF738FF12E04FF0010A0020AB46FE
:103DB00005EBDB71491001FB0471009088B208F13A
:103DC0003001CAB22B460299FFF725FF00BF601CE5
:103DD000C4B2B442C3DB05B0BDE8F08F2DE9FF4F9C
:103DE00082B0064692461F46DDE90F48002001904A
:103DF00000254DE0781B401EC1B20A20FFF799FF55
:103E0000BAFBF0F00A21B0FBF1F201FB12090198B4
:103E100050BB781EA84227DDB9F1000F22D108F06F
:103E2000800078B108F00100A34604EBDB71491073
:103E300001FB0561009088B2234630220399FFF709
:103E4000EAFE0EE008F00100A34604EBDB71491026
:103E500001FB0561009088B2234620220399FFF7F9
:103E6000DAFE13E00120019008F00100A34604EB04
:103E7000DB71491001FB0561009088B209F1300146
:103E8000CAB223460399FFF7C6FE00BF681CC5B23D
:103E9000BD42AFDB06B0BDE8F08F2DE9F847044620
:103EA0000D4690469946DDE9096704F0FF0A08EBE4
:103EB00004001FFA80F809EB05001FFA80F916E0EC
:103EC000444502DB5446A81985B24D4500DB14E099
:103ED000002000903A78334629462046FFF79BFEA3
:103EE000304606EBD07104EB61018CB27F1C387850
:103EF0007E2802DC38782028E2DA00BFBDE8F887A7
:103F0000E68100085A8600084A8C00081400002048
:103F1000160000206C0000201CB50121112002F0C9
:103F2000EBFE1C20009000208DF8040003208DF88B
:103F3000050001208DF807006946354802F03EFC77
:103F40000120009002208DF807006946314802F0F8
:103F500035FC1CBD10B5044614B101202E49087073
:103F60002D480078002837D01021294802F088FC1D
:103F700078B10821264802F083FC50B1042124487E
:103F800002F07EFC28B10121224802F079FC0128D0
:103F900022D10A2001F054FF00201F49087010218F
:103FA0001B4802F06DFC08B9012010BD082118481B
:103FB00002F066FC08B90220F7E70421144802F079
:103FC0005FFC08B90320F0E70121124802F058FC19
:103FD00001281BD10420E8E710210D4802F050FC15
:103FE000012813D108210A4802F04AFC01280DD10A
:103FF0000421074802F044FC012807D101210548AB
:1040000002F03EFC10B90120034908700020CCE703
:104010000010024000000240180000200020FE496D
:104020000860091D0860091D0860091D0860FA493B
:1040300024310860091D0860091D0860F748F64929
:10404000383108600020091D0860704701460020D3
:10405000012900D011B9F24B197000E026207047F9
:104060000146ED4A121D106820F0FF000843106061
:10407000704770B5044606E0E7483430056805F03F
:10408000450000B100E0F7E700BF042003F050F85E
:1040900020B1042003F057F8032070BD012003F085
:1040A00047F820B1012003F04EF80120F5E7DA4887
:1040B00010300068A04201D01020EEE740F2FF501F
:1040C00003F041F8D4481430006808210840C0B219
:1040D000E3E72DE9FC4107460D46002600240020B9
:1040E000009001900820CF490860102048604020CF
:1040F00088600020C8604FF480600861084602F0C4
:1041000084FF1020FFF7B5FF044614B12046BDE838
:10411000FC81C54800880004C24908603720486017
:10412000402088600020C8604FF480600861084625
:1041300002F06BFF3720FFF79CFF04460CB12046CE
:10414000E5E74FF0FF30B9490860082048603020AB
:1041500088600220C860002008610120486108468C
:1041600002F07FFF0020AF49086033204860402004
:1041700088600020C8604FF480600861084602F043
:1041800044FF3320FFF775FF04460CB12046BEE71D
:104190000DE04FF4001002F0CBFF40B19E4880309C
:1041A00000684DF82600761C022E00D307E09A48DE
:1041B0003430006840F22A6108400028E9D000BF8E
:1041C000082002F0B5FF20B1082002F0BCFF042057
:1041D0009DE7022002F0ACFF20B1022002F0B3FF05
:1041E000022094E7202002F0A3FF20B1202002F05B
:1041F000AAFF06208BE74FF4007002F099FF28B168
:104200004FF4007002F09FFF072080E740F2FF505C
:1042100002F099FF00980006009901F47F4140EAFE
:104220000120009901F47F0140EA1120009940EA41
:104230001160686001980006019901F47F4140EA2D
:104240000120019901F47F0140EA1120019940EA1F
:104250001160286020465AE77CB5054600240020FE
:104260000090019000260DB1022600E000266A4869
:104270001430006800F0007008B10E207CBD6A495F
:10428000098888B26946FFF724FF04460CB120462E
:10429000F4E7019800F4802060B3634800880004CC
:1042A0006049086037204860402088600020C8606E
:1042B0004FF480600861084602F0A7FE3720FFF740
:1042C000D8FE04460CB12046D8E7564806600620C2
:1042D00054494860402088600020C8604FF48060E6
:1042E0000861084602F091FE0620FFF7C2FE044670
:1042F0002046C3E72520C1E770B5044600254C4899
:104300000078032802D12725284670BD4848007848
:1043100038B147480078012803D045480078022882
:1043200019D1B4F5805F02D127252846EDE7E0B228
:10433000FFF792FF054675B93748001D006820F465
:10434000C0503549091D08600846006820430860D0
:104350000846006808602846D7E710B5044631488B
:10436000046007202F494860402088600020C86012
:104370004FF480600861084602F047FE0720FFF70F
:1043800078FE10BDF0B5014600200022284B1B78B6
:1043900081F85630244B1B88A1F85430254B1B68FC
:1043A0001A0E93090B70C2F383034B7002F00303E0
:1043B0008B70204B1B68C3F30742CA701D4B1B88D0
:1043C000C3F307220A711B4B1A784A715B681A0EF5
:1043D0001301CB80174B5B68C3F30742CB8843EADA
:1043E0001213CB8002F00F030B72124B9B88C3F3A6
:1043F0000722D3094B72C2F380138B72C2F34013AE
:10440000CB72C2F300130B7300234B73084B1B7862
:10441000C3B1074B1B780FE0002C0140FF07C00021
:10442000240000209800002020000020AC00002084
:104430001C000020C4000020012B03D0FE4B1B7881
:10444000032B4FD193071B0D0B61FC4B1A790B69A2
:1044500043EA82030B61F94B9B681A0E0B6943EA2E
:1044600092130B61C2F3C2030B7502F007034B7585
:10447000F24B9B68C3F3074253098B75C2F3820367
:10448000CB7593075B0F0B76EC4B1B89C3F30722AD
:104490000B7E43EAD2130B760B695B1C0024C1E947
:1044A00012340B7E9B1C012404FA03F3DC17D1E9C0
:1044B0001256A5FB037C06FB03C305FB0433C1E9CD
:1044C00012730C7A0123A3400B650024D1E9126515
:1044D0000B6DA6FB037C05FB03C306FB0433C1E99C
:1044E00012732EE0D44B1B78022B2AD1D34B1A79AE
:1044F00093069B0A0B61D14B9B681A0E0B6943EA2A
:1045000002230B61CD4B9B68C3F307420B69134336
:104510000B61CA4B1B89C3F307220B695B1C4FF469
:104520000074A3FB04464FF480630025A4FB037CC6
:1045300006FB03C304FB0533C1E912734FF4007398
:104540000B65C2F3801301F8193F93065B0E4B70A5
:10455000BA4B1A7A4B7843EAD2134B7002F07F03BE
:104560008B70B64BDB681A0ED309CB70C2F34113C4
:104570000B71C2F382034B7193071B0F8B71AF4B0F
:10458000DB68C3F307428B7943EA92138B71C2F362
:104590004013CB7100230B7202F001034B72A74B47
:1045A0009B89C3F30722D3098B72C2F38013CB72AA
:1045B000C2F340130B73C2F300134B73C2F38103B6
:1045C0008B7302F00303CB739C4B1A7B53080B7461
:1045D00001234B749A4B1B681A0ECA741939984BF5
:1045E0001B68C3F307421402CC85954B1B88C3F3A9
:1045F0000722CB8D1343CB85914B1A7814060C639D
:104600005B681A0E0B6B43EA02440C638C4B5B68CD
:10461000C3F307420B6B43EA02240C63884B9B886D
:10462000C3F307220B6B13430B63854B1A793423B7
:104630005A54834B9B681A0E35235A54804B9B68FF
:10464000C3F3074214068C637D4B1B89C3F3072217
:104650008B6B43EA02448C63794B1A7A8B6B43EA87
:1046600002248C63764BDB681A0E8B6B13438B63CF
:10467000734BDB68C3F307423C235B5C43EA1214D1
:104680003C235C5413071C0DCC876D4B9B89C3F3F3
:104690000722CB8F1343CB87694B1A7B54084023E7
:1046A0005C54012441235C54F0BD70B500264FF4E6
:1046B000803505E06348046804F0450000B103E07C
:1046C000281EA5F10105F5D100BF15B104F00400C5
:1046D00028B10326042002F036FD304670BD0120CB
:1046E00002F026FD18B10126012002F02CFD40F257
:1046F000FF5002F028FD3046F0E72DE9F041054675
:104700000E464FF0000805E04E48076807F04500E8
:1047100000B100E0F8E700BF042002F009FD28B175
:10472000042002F010FD0320BDE8F081012002F01A
:10473000FFFC20B1012002F006FD0120F4E7414812
:1047400024380068A84201D01020EDE740F2FF5065
:1047500002F0F9FC3B482038046804F4604018B9C2
:10476000200C30804046DFE704F4005008B11320ED
:10477000DAE704F4804008B11020D5E704F40040E3
:1047800008B10F20D0E74046CEE738B5002401201D
:10479000009002F034FC10B92524204638BD26488C
:1047A0000078042825D000202749086002204860AE
:1047B000C02088600020C8604FF48060086108460F
:1047C00002F023FCFFF771FF04460CB12046E5E739
:1047D0001C48203800681A4908601A481C380068CC
:1047E000486018481838006888601648143800680F
:1047F000C8601148007858B10F480078012807D0E8
:104800000D480078062803D00B480078022821D1F3
:1048100000200D4908600320486040208860002087
:10482000C8604FF480600861084602F0EEFB6946FC
:104830000320FFF762FF09E01C000020C4000020F5
:10484000D4000020342C01409800002004460CB114
:104850002046A3E7FE480078032816D1BDF80000E3
:104860000004FC4908600320486040208860002064
:10487000C8604FF480600861084602F0C6FBFFF78D
:1048800014FF04460CB1204688E7F148007804285C
:104890002AD0BDF80000F0490860BDF8000000040F
:1048A000EC49086009204860C02088600020C8608A
:1048B0004FF480600861084602F0A7FBFFF7F5FEA1
:1048C00004460CB1204669E7E4480068E449086002
:1048D000E248001D00684860E048083000688860D1
:1048E000DE480C300068C860002057E710B506E0CD
:1048F000DA482030046804F0450000B100E0F7E732
:1049000000BF042002F014FC20B1042002F01BFCC4
:10491000032010BD40F2FF5002F015FC0020F8E724
:1049200070B500264FF4803506E0CC48203004688E
:1049300004F0450000B103E0281EA5F10105F4D103
:1049400000BF15B104F0040028B10326042002F0D2
:10495000FAFB304670BD04F0400018B1002640203C
:1049600002F0F1FB3046F5E770B500254FF48034D6
:1049700004E0802002F0DCFB00B103E0201EA4F183
:104980000104F6D100BF0CB9032070BD40F2FF5006
:1049900002F0D9FB2846F8E72DE9F047002700246C
:1049A00000260025A046A1467620AE4908750020C5
:1049B000086048608860C8600861084602F0FBFA39
:1049C000032002F018FBA5481038006840F48070FE
:1049D000A2491039086000BF12E000209D4908601C
:1049E00048608860C8604FF480600861084602F043
:1049F0000CFBFFF7B9FF044604B903E0781CC7B20B
:104A00004A2FEADB00BF14B12046BDE8F0874FF41F
:104A1000D5709049086008204860402088600020D8
:104A2000C8604FF480600861084602F0EEFAFFF7B4
:104A300077FF044624B90120854908704FF080496A
:104A400000208449086037204860402088600020AA
:104A5000C8604FF480600861084602F0D6FA37203B
:104A6000FFF707FB0446002C4BD134E000207949C6
:104A7000086037204860402088600020C8604FF4FC
:104A800080600861084602F0C0FA3720FFF7F1FAAB
:104A900004460CB12046B8E7734849EA00006D4966
:104AA000086029204860402088600020C8604FF4DA
:104AB00080600861084602F0A8FAFFF717FF044675
:104AC0000CB12046A1E765480668012080EAD6704F
:104AD00080F001086D1CB8F1000F03D14FF6FF7094
:104AE0008542C3D34FF6FF70854202D31B24204674
:104AF0008BE706F08040061E32D002205449087031
:104B00002EE01CE0594853490860012048604020CD
:104B100088600020C8604FF480600861084602F099
:104B200074FAFFF7E3FE04460CB120466DE74B48EC
:104B30000668012080EAD67080F001086D1CB8F18B
:104B4000000F03D14FF6FF708542DBD34FF6FF70A5
:104B5000854202D31B24204657E703203C490870B6
:104B6000204652E73EB5002400250121404802F0CE
:104B7000C3F80121C80202F019F90121C80202F0AC
:104B80006AF94FF4F850019002208DF808008DF872
:104B9000090000208DF80A0001208DF80B0001A902
:104BA000344801F00BFE0420019001A9324801F0C5
:104BB00005FE0C2208212F4801F08BFE0C22092152
:104BC0002C4801F086FE0C220A212A4801F081FEC1
:104BD0000C220B21274801F07CFE0C2211462548AF
:104BE00001F077FE0C220221234801F072FE002121
:104BF0004FF4006002F02FF9FFF710FA31208DF822
:104C0000000000208DF801008DF8020001208DF8D1
:104C10000300684601F0FDF9FFF7BEFE044614B933
:104C2000FFF7B3FD04461CB91448FFF7ABFB04467D
:104C300034B91249B1F854100804FFF78EFB04464A
:104C400024B94FF40060FFF757FB0446E4B117E0C6
:104C50001C0000209800002020000020142C01409F
:104C6000C400002080000020000010800080FF8031
:104C70000C00400000080240000C0240E800002048
:104C8000FE480078032812D1FD4890F8560020B164
:104C9000FB4890F85600012801D1022500E00025CC
:104CA0002846FFF7DDF90020FFF7D0F9044620463B
:104CB0003EBD10B5002002F09EF9002010BD70B579
:104CC00090B004460E46154600BFEE4802F0A9FD1E
:104CD0000028FAD1EB4802F07BFC4FF00060019015
:104CE000E9480290039404950020059006904FF443
:104CF00080600790800008908000099000200A9052
:104D00004FF440300B9004200C9003200D904FF492
:104D100000000E9080100F9001A9DA4802F0FAFC12
:104D20002021D84802F046FD0121D64802F02CFD92
:104D300010B070BD0146002002E04910421CD0B204
:104D40000129FAD170472DE9F84F81461746984658
:104D50000A9C4FF0000AD3464D464FF0FF36B9F19A
:104D6000000F02D12620BDE8F88F0020C649543933
:104D70000860C2480078022805D10402780A40EA97
:104D8000C8574FEA68280020C04988604860401E24
:104D90000860012048610020C8600861084602F0F0
:104DA00060F9B9486C38006800F0007008B10E2056
:104DB000D9E7002C21DDB4F5006F1EDC601E204019
:104DC000D8B92046FFF7B6FF0090B1480460102024
:104DD000AF494860402088600020C8604FF4806080
:104DE0000861084602F011F91020FFF742F98246E7
:104DF000BAF1000F03D05046B5E72620B3E700987C
:104E00000001A2498860084644604FF0FF30086006
:104E1000012048610220C86000200861084602F0B5
:104E200020F99B480760112099494860402088601C
:104E30000020C8604FF480600861084602F0E5F881
:104E40001120FFF716F98246BAF1000F01D0504643
:104E500089E79048007800285AD1FBF7EEF917E06F
:104E60004FF4004002F064F970B14FF0000B05E020
:104E70008548006845F82B000BF1010BBBF1080FCA
:104E8000F6D32035844E03E00EB904206BE7761E7E
:104E90007D484C38006840F22A6108400028DFD085
:104EA000082002F045F920B1082002F04CF9042056
:104EB00059E7022002F03CF920B1022002F043F948
:104EC000022050E7202002F033F920B1202002F028
:104ED0003AF9062047E74FF4007002F029F928B1AB
:104EE0004FF4007002F02FF907203CE703E066481A
:104EF000006828602D1D4FF4001002F019F90028F9
:104F0000F5D1FBF79CF940F2FF5002F01CF939E0B3
:104F100060480078012835D1002060490870604958
:104F200008706049087058484438006840F22A31D7
:104F3000084355494439086053485438006840F0E4
:104F40000800514954390860002221464846FFF7BD
:104F5000B6FE00E0761E4B485838006800F000604E
:104F600038B95048007820B94C48007808B9002E6C
:104F7000F0D10EB90420F6E64848007810B1474851
:104F800090F800A05046EEE62DE9FF5F17469846E0
:104F9000DDE90E464FF00009CA464FF0FF354249A1
:104FA0000098086000203849543908603348007878
:104FB000022805D10402780A40EAC8574FEA682857
:104FC0000020324988604860401E08600120486126
:104FD0000020C8600861084602F043F82A486C388F
:104FE000006800F0007018B10E2004B0BDE8F09F1A
:104FF000002C21DDB4F5006F1EDC601E2040D8B906
:105000002046FFF797FE8346214804601020204980
:105010004860402088600020C8604FF480600861CC
:10502000084601F0F2FF1020FFF723F88146B9F19E
:10503000000F03D04846D8E72620D6E7012E6ED9C8
:1050400006FB04F0B0F1007F01D32620CDE74FEA44
:105050000B100E49886006FB04F048604FF0FF30EB
:105060000860012048610220C860002008610846ED
:1050700001F0F7FF06480760122017E01C0000202F
:10508000E800002058640240802C0140AC00002061
:105090009800002024000020FFFF7F002600002051
:1050A000250000202700002028000020F949486042
:1050B000402088600020C8604FF480600861084686
:1050C00001F0A3FF1220FEF7D4FF8146B9F1000FD3
:1050D00001D0484689E7F048007800287ED1FBF7E8
:1050E000ACF81EE04FF4004002F022F8A0B14FF0FF
:1050F000000A07E0E9480068E949096841F82A0020
:105100000AF1010ABAF1080FF4D3E548006820302B
:10511000E3490860E34D04E015B9042065E7AEE01B
:105120006D1EDE484C38006840F22A3108400028E5
:10513000D8D0082001F0FCFF20B1082002F003F8CD
:10514000042052E7022001F0F3FF20B1022001F019
:10515000FAFF022049E7202001F0EAFF20B12020D9
:1051600001F0F1FF062040E74FF4007001F0E0FF8E
:1051700028B14FF4007001F0E6FF072035E709E0A1
:10518000C6480068C64909680860C5480068001D2F
:10519000C34908604FF4001001F0CAFF0028EFD1A6
:1051A0004FF4807001F0C4FF20B3BF48007838B1DD
:1051B000BD480078012803D0BB480078022819D1E7
:1051C0000020B44908600C2048604020886000201E
:1051D000C8604FF480600861084600E011E001F00B
:1051E00014FF0C20FEF745FF8146B9F1000F01D0F6
:1051F0004846FAE6FBF723F840F2FF5001F0A3FF20
:105200003DE0A5480078012839D10020A749087061
:105210000120A74908700020A64908709F4844381B
:10522000006840F22A3108439C49443908609B4891
:105230005438006840F0080098495439086006FB6B
:1052400004F100220098FFF73AFD00E06D1E9A4835
:10525000006800F0006008B9002DF7D10DB90420F6
:10526000C3E600BF9348007818B99048007800283A
:10527000F8D08E48007810B18C4890F800904846DD
:10528000B3E61CB504460020019000908B480088CE
:105290000004804908600D2048604020886000209C
:1052A000C8604FF480600861084601F0AEFE7B489C
:1052B0004C380068009003E078484C380068009053
:1052C000009800F045000028F6D0012001F030FFE2
:1052D00020B1012001F037FF01201CBD042001F0A6
:1052E00027FF20B1042001F02EFF0320F5E76B48D3
:1052F000703800680D2801D01020EEE740F2FF5012
:1053000001F021FF65486C38006801900198C0F3F6
:10531000432020700020E0E72DE9FF5F86B01746AC
:105320009846149D00260020059004900024814694
:105330000390824602900195DDF818B0DDF818B0B0
:10534000BBF1000F03D126200AB0BDE8F09F00207A
:105350005249543908605A4988604860401E0860C4
:10536000012048610020C8600861084601F079FE0C
:105370004A486C38006800F0007008B10E20E3E77E
:1053800049480078022805D10502780A40EAC85742
:105390004FEA6828002D1FDDB5F5006F1CDC681E84
:1053A0002840C8B92846FFF7C5FC05903948056074
:1053B000102038494860402088600020C8604FF4C1
:1053C00080600861084601F020FE1020FEF751FEC3
:1053D00006461EB13046B7E72620B5E737480088B5
:1053E00000042C4908600D2048604020886000209F
:1053F000C8604FF480600861084601F006FE0D2089
:10540000FEF737FE06460EB130469DE723486C385E
:10541000006803904FF0FF341CE0641E27480088AA
:1054200000041C4908600D2048604020886000206E
:10543000C8604FF480600861084601F0E6FD0D2069
:10544000FEF717FE06460EB130467DE713486C386E
:1054500000680390039800F4807008B9002CDCD138
:105460000CB9292070E70B480760182009494860EB
:10547000402088600020C8604FF4806008610846C2
:1054800001F0C3FD1820FEF7F4FD0646D6B1304604
:105490005AE700009800002024000020802C0140E2
:1054A00028000020FFFF7F001C00002026000020B5
:1054B000250000202700002000640240200000207A
:1054C000AC0000200020F849087005980001F74959
:1054D0008860084645604FF0FF3008600120486151
:1054E0000020C8600861084601F0BBFD4FF0FF34A2
:1054F000EF48007800287CD1FAF79FFE43E04FF494
:10550000804001F015FEC8B30198A0EB09002028E7
:1055100021D20198A0EB090000F0030020B9019806
:10552000A0EB0900800804E00198A0EB09008008C6
:10553000401C02904FF0000A09E0DE49DBF8000051
:1055400008600AF1010A0BF1040B09F10409029841
:105550008245F2D30FE04FF0000A05E05BF82A0025
:10556000D44908600AF1010ABAF1080FF6D30BF129
:10557000200B09F120096FF0404404E0FFE70CB96B
:105580000420E1E6641ECB484C38006840F21A6102
:1055900008400028B3D0082001F0CAFD20B108203F
:1055A00001F0D1FD0420CFE6022001F0C1FD20B1C1
:1055B000022001F0C8FD0220C6E6102001F0B8FD6F
:1055C00020B1102001F0BFFD0520BDE64FF40070B2
:1055D00001F0AEFD30B14FF4007001F0B4FD0720D2
:1055E000B2E606E0FAF72BFE40F2FF5001F0ABFD09
:1055F00043E0AF48007801283FD10020AE49087051
:10560000A9490870AD490870AA484438006840F2BA
:105610001A310843A74944390860402229460698B0
:10562000FFF74DFBA3485438006840F00800A1493B
:105630005439086000E0641EA148006800F0006072
:1056400008B9002CF7D11CB9FFF78CFA04207BE6CF
:105650004FF0FF3400E0641E9848007820B9964867
:10566000007808B9002CF6D10CB904206CE69248F9
:10567000007810B19048007866E640F2FF5001F0E3
:1056800062FD04A8FFF7FDFD064603E004A8FFF74E
:10569000F8FD06463EB99DF810000728F6D09DF8A3
:1056A00010000628F2D030464EE62DE9FF5F84B0A8
:1056B000DDE9124700260020039002900025804675
:1056C0008146019007FB04FBDDF810A0DDF810A077
:1056D000BAF1000F03D1262008B0BDE8F09F0020EA
:1056E000744954390860714988604860401E0860F8
:1056F000012048610020C8600861084601F0B1FC43
:105700006C486C38006800F0007008B10E20E3E7C8
:105710006C480078022808D10402DDE90601400A3D
:1057200040EAC1504912CDE90601002C1FDDB4F555
:10573000006F1CDC601E2040C8B92046FFF7FAFA53
:1057400003906148046010205F49486040208860F1
:105750000020C8604FF480600861084601F055FCE5
:105760001020FEF786FC06461EB13046B4E7262020
:10577000B2E7012F6FD907FB04F0B0F1007F01D32E
:105780002620A9E74F48007838B14E480078012814
:1057900003D04C48007802282DD14C4800880004E2
:1057A0004949086037204860402088600020C86070
:1057B0004FF480600861084601F027FC3720FEF7AF
:1057C00058FC06460EB1304686E73F480760172072
:1057D0003D494860402088600020C8604FF48060E8
:1057E0000861084601F011FC1720FEF742FC06464E
:1057F0000EB1304670E734490698086019204860B9
:10580000402088600020C8604FF48060086108462E
:1058100001F0FBFB1920FEF72CFC06460EB13046CA
:105820005AE7039800012149886007FB04F04860AB
:105830004FF0FF300860012048610020C860086117
:10584000084601F00EFC1A480078002872D1451E67
:10585000FAF7F3FC54E0F8E04FF4804001F068FC04
:10586000B0B3ABEB0800202833D2ABEB080000F05C
:10587000030018B9ABEB0800800803E0ABEB0800AD
:105880008008401C01904FF0000909E00949DAF84E
:105890000000086009F101090AF1040A08F104088E
:1058A00001988145F2D324E025000020AC000020BF
:1058B00024000020802C014026000020270000202A
:1058C000006402401C0000209800002020000020FE
:1058D00012E04FF0000905E05AF82900F749086086
:1058E00009F10109B9F1080FF6D30AF1200A08F10C
:1058F00020086FF0404503E00DB90420ECE66D1E72
:10590000EE484C38006840F21A3108400028A3D015
:10591000082001F00DFC20B1082001F014FC042047
:10592000DAE6022001F004FC28B1022001F00BFCB1
:105930000220D1E640E0102001F0FAFB20B1102057
:1059400001F001FC0520C7E64FF4007001F0F0FB08
:1059500028B14FF4007001F0F6FB0720BCE64FF4CD
:10596000807001F0E5FB00B3D548007838B1D44829
:105970000078012803D0D2480078022815D10020F1
:10598000D04908600C204860402088600020C86032
:105990004FF480600861084601F037FB0C20FEF7E9
:1059A00068FB06460EB1304696E6FAF748FC40F230
:1059B000FF5001F0C8FB48E0C3480078012844D1FB
:1059C0000020C24908700120C14908700020C14967
:1059D0000870BA484438006840F21A310843B749A1
:1059E0004439086007FB04F140220498FFF767F987
:1059F000B2485438006840F00800B0495439086093
:105A00004FF0FF3500E06D1EB348006800F0006005
:105A100008B9002DF7D11DB9FFF7A4F804205BE603
:105A20004FF0FF3500E06D1EAA48007820B9A74866
:105A3000007808B9002DF6D10DB904204CE6A34832
:105A4000007810B1A148007846E640F2FF5001F01E
:105A50007AFB02A8FFF715FC064603E002A8FFF751
:105A600010FC06463EB99DF808000728F6D09DF8C0
:105A700008000628F2D030462EE610B54FF48070AC
:105A800001F056FB88B392480078012814D1002019
:105A90008C4908600C204860402088600020C86065
:105AA0004FF480600861084601F0AFFA0C20FEF761
:105AB000E0FA8649087002E00020844908707F48B7
:105AC0004838006840F480707C4948390860081DF7
:105AD00000684CF23A318843784944390860012023
:105AE0007C4908707948007810BDFFE7022001F07A
:105AF0001FFB78B1022001F026FB70484438006893
:105B00004CF23A3188436D494439086002206F49AC
:105B10000870E9E7082001F00BFB78B1082001F0DC
:105B200012FB6648443800684CF23A3188436349B6
:105B300044390860042065490870D5E7202001F049
:105B4000F7FA78B1202001F0FEFA5C48443800688A
:105B50004CF23A31884359494439086006205B4980
:105B60000870C1E7102001F0E3FA78B1102001F0CD
:105B7000EAFA5248443800684CF23A3188434F49B7
:105B800044390860052051490870ADE74FF40070B2
:105B900001F0CEFA80B14FF4007001F0D4FA47481A
:105BA000443800684CF23A3188434449443908602B
:105BB00007204649087097E7002095E710B5FFF7E2
:105BC0005CFF10BD70B50446002514B92625284693
:105BD00070BD4248008800043A4908600D204860C2
:105BE000402088600020C8604FF48060086108464B
:105BF00001F00BFA0D20FEF73CFA05460DB12846E0
:105C0000E6E72E486C38006820602846E0E708B5D3
:105C1000002000906846FFF7D5FF08B1FF2008BDBF
:105C20000098C0F34320FAE72DE9FE4F83460C4667
:105C3000914600200290002625462C46700240EA3C
:105C4000D5566D020BF00300F0B14FF0000A18E0DA
:105C50004FF4007000904FEA4A20471946EBE0737A
:105C60003A461F48FFF76FF802904FF400721C4944
:105C7000584602F041F80BF5007B0AF1010000F0F4
:105C8000FF0ACA45E4DB16E0B9F1010F09D14FF470
:105C900000702A46334600905846FFF754F80290A9
:105CA00009E04FF400702A463346CDE90009584612
:105CB000FFF76AF902900298BDE8FE8F802C014040
:105CC0001C00002098000020240000202600002056
:105CD0002500002027000020006402402000002052
:105CE000400100202DE9FE4F81460C4692460020DF
:105CF0000290002625462C46700240EAD5566D02D9
:105D000009F00300F0B14FF0000B18E04FF40072FF
:105D10004946194801F0F0FF4FF4007000904FEA37
:105D20004B20471946EBE0733A461348FFF7F4FA65
:105D3000029009F500790BF1010000F0FF0BD3454B
:105D4000E4DB16E0BAF1010F09D14FF400702A46E6
:105D5000334600904846FFF7DFFA029009E04FF41F
:105D600000702A463346CDE9000A4846FFF79DFCFD
:105D700002900298BDE8FE8F4001002010B5044655
:105D80006FF0040000F092F9E11704EB5171C1F3D8
:105D9000C701394A11701046007800EB4001C1EB91
:105DA000C0104FF6FF7101EAC0003449088010BDF1
:105DB0000146314A12784A434FF0E0235A610022EB
:105DC0009A611A46126942F001021A6100BF4FF04F
:105DD000E022106900F001021AB100F48032002ABA
:105DE000F5D04FF0E022126922F001024FF0E023DB
:105DF0001A6100229A6170470146204A12884A437C
:105E00004FF0E0235A6100229A611A46126942F06B
:105E100001021A6100BF4FF0E022106900F0010298
:105E20001AB100F48032002AF5D04FF0E022126956
:105E300022F001024FF0E0231A6100229A617047BC
:105E400070B504464FF4077094FBF0F0C6B24FF4FF
:105E5000077094FBF0F100FB114085B205E04FF4B0
:105E60000770FFF7C9FF701EC6B2002EF7D115B13B
:105E70002846FFF7C1FF70BD2C0000202E00002037
:105E800000BF704700BF4C4A128802F04002002A4F
:105E9000F9D0C2B2484B9A80704710B588B004461A
:105EA0000121084600F028FF0121102000F07EFFAC
:105EB00007220921414800F00CFD07220A213F4832
:105EC00000F007FD4FF4C060069002208DF81C0022
:105ED0008DF81D0000208DF81E0001208DF81F0098
:105EE00006A9364800F06AFC02940020ADF80C00C8
:105EF000ADF80E00ADF81000ADF814000C20ADF8B0
:105F0000120002A92C4801F0A0F901212A4801F051
:105F100024FA012240F22551274801F0D4FA252025
:105F20008DF8040003208DF805008DF8060001208F
:105F30008DF8070001A800F06CF808B010BD10B58E
:105F400040F225511C4801F0F9FA10B31A4801F04B
:105F500033FAC4B21A48008800F40040C8B918489F
:105F6000008800F4804060B10A2C03D0002014495E
:105F7000088020E01248008840F400401049088062
:105F800019E00D2C06D10E48008840F480400C49E1
:105F9000088010E00A480088C0F30D0009490C543D
:105FA00007480088401C0649088008460088C72822
:105FB00001DD0020088010BD0010014000000240FB
:105FC000340000204003002009488047094800476A
:105FD000FEE7FEE7FEE7FEE7FEE7FEE7FEE7FEE799
:105FE000FEE7FEE704480549054A064B70470000F6
:105FF000410700088901000880AD012080B301201D
:1060000080AF012080AF012032490143324A116044
:10601000704770B5002100230F22C4781CB32E4CAA
:10602000246804F4E064C4F5E064C4F30721C1F11A
:106030000404E3B20A4144789C40E1B284781440FD
:1060400021430C07210E254C05786155047804F096
:106050001F050124AC4005786D11AD0005F1E02568
:10606000C5F8004109E0047804F01F050124AC40A4
:106070001B4D0678761145F8264070BD194A0A4036
:106080000243154B1B1F1A60704739B1124A121D8B
:1060900012680243104B1B1D1A6006E00E4A121DC7
:1060A000126882430C4B1B1D1A607047042808D1EC
:1060B0004FF0E021096941F004014FF0E022116145
:1060C00007E04FF0E021096921F004014FF0E022E0
:1060D000116170470000FA050CED00E000E400E0FB
:1060E00080E100E080FFFF1F30B943F2DB02810056
:1060F000A1F1C0410A6005E043F2D2028100A1F1A2
:10610000C0410A606FF07042411C8900A1F1C0419A
:106110000A608100A1F1C041C1F804217047D0E9B3
:1061200001121143C26811430269114342691143CC
:1061300082691143C2691143026A1143426A1143E1
:10614000826A1143C26A1143026B114302689200D2
:10615000A2F1C0421160816808290BD10168890051
:10616000A1F1C041096841F0400201688900A1F134
:10617000C0410A60416B0968426B526841EA0211F2
:10618000426B926841EA0221426B928941EA0241E4
:10619000426B128A41EA0251426B127D41EA02616E
:1061A000426B926911430268521C9200A2F1C042F4
:1061B0001160C16AB1F5804F1BD1816B0968826B98
:1061C000526841EA0211826B926841EA0221826BB5
:1061D000128A41EA0251826B127D41EA0261826BAE
:1061E0009269114302689200A2F1C042C2F8041100
:1061F00007E06FF0704201688900A1F1C041C1F869
:10620000042170470021016002214160002181606A
:10621000C160016141618161C16101624FF48051DE
:106220004162490081620021C1620163F849416312
:106230008163704751B18200A2F1C042126842F0FE
:1062400001038200A2F1C042136009E08200A2F1C2
:10625000C0421268EF4B1A408300A3F1C0431A609A
:10626000704710280AD118214FF0204211664021B2
:1062700051664FF0FC319166D16610E01821E64A74
:10628000116040214FF02042C2F884104FF0FC31E1
:10629000E14A083211604FF02042C2F88C1070477A
:1062A00030B5002100220023446844F008048568CA
:1062B0002C43C5682C4305692C43456944EA4524B1
:1062C000856944EA4531C4692468C5696D6844EA52
:1062D0000524C5692D8944EA0544C5692D7B44EA36
:1062E0000562046A2468056A6D6844EA0524056A43
:1062F0002D8944EA0544056A2D7B44EA0563046858
:10630000102C05D14FF020442166A266E36608E018
:10631000C14C21604FF02044C4F88820BE4C0C349E
:10632000236030BD10210160002141608160C160A7
:10633000016141618161FC21C2691160C2695160E2
:10634000C2699160C269D160026A1160026A5160DB
:10635000026A9160026AD160704799B1102808D131
:106360004FF02042126E42F004024FF020431A66B2
:106370001DE0A94A126842F004024FF02043C3F81E
:10638000802014E0102809D14FF02042126EA14B5A
:10639000DB1E1A404FF020431A6608E09E4A12683E
:1063A0009C4BDB1E1A404FF02043C3F880207047FF
:1063B00099B1102808D14FF02042126E42F04002ED
:1063C0004FF020431A661DE0934A126842F04002E3
:1063D0004FF02043C3F8802014E0102809D14FF07B
:1063E0002042126E8B4B3F3B1A404FF020431A66FF
:1063F00008E0894A1268874B3F3B1A404FF0204320
:10640000C3F88020704701460020102903D14FF0C7
:106410002042506F02E0804A143210687047182002
:106420007D492031086000200906C1F8A4004FF022
:10643000FC30794928310860091D0860091D086091
:106440007047016841F01001426841EA42218268C8
:1064500041EA4231704A20321160C1680968C2685D
:10646000526841EA0221C268128941EA0241C268C7
:10647000127B41EA0261684A2832116001690968A9
:106480000269526841EA02210269128941EA024125
:106490000269127B41EA02615F4A2C321160416954
:1064A00009684269526841EA02214269128941EA57
:1064B00002414269127B41EA02614FF02042C2F878
:1064C000B01070470021016041608160FC21C2680A
:1064D0001160C2685160C2689160C268D16002698F
:1064E000116002695160026991600269D16042697C
:1064F000116042695160426991604269D1607047A0
:1065000048B145492031096841F004014FF020426B
:10651000C2F8A01009E04049203109683D4AD21E66
:1065200011404FF02042C2F8A010704710B5F2B1F0
:10653000102807D14FF020435B6E0B434FF02044EF
:10654000636632E0B0F5807F08D1334B1B1D1B68BA
:106550000B434FF02044C4F8843026E02E4B243304
:106560001B680B434FF02044C4F8A4301DE01028F2
:1065700007D14FF020435B6E8B434FF0204463669E
:1065800013E0B0F5807F08D1234B1B1D1B688B43A4
:106590004FF02044C4F8843007E01F4B24331B68BD
:1065A0008B434FF02044C4F8A43010BD10B5024610
:1065B00000200023102A03D14FF02044636E09E02D
:1065C000B2F5807F03D1144C241D236802E0124CE5
:1065D0002434236803EA01040CB1012000E0002008
:1065E00010BD102807D14FF02042526E8A434FF061
:1065F00020435A6619E0B0F5807F0FD1064A121D7C
:1066000012688A434FF02043C3F884200DE0000055
:10661000A8990008FEFF0F00800000A0234A12681E
:106620008A434FF02043C3F8A420704770B5024658
:106630000020002300240025102A03D14FF020461B
:10664000736E08E0B2F5807F03D1184E203E3368A8
:1066500001E0164E336803EA010403EAD10514B1E0
:106660000DB1012000E0002070BD102808D14FF0CE
:106670002042526E22EAD1024FF020435A6614E0C3
:10668000B0F5807F09D1094A203A126822EAD10286
:106690004FF02043C3F8842007E0044A126822EA3E
:1066A000D1024FF02043C3F8A4207047A40000A0FB
:1066B00010B504469848844208D10121084600F0EC
:1066C00086FB0021012000F082FB76E093488442A3
:1066D00008D10121022000F07AFB0021022000F005
:1066E00076FB6AE08E48844208D10121042000F044
:1066F0006EFB0021042000F06AFB5EE089488442C2
:1067000008D10121082000F062FB0021082000F0E0
:106710005EFB52E08448844208D10121102000F041
:1067200056FB0021102000F052FB46E07F488442D7
:1067300008D10121202000F04AFB0021202000F098
:1067400046FB3AE07A48844208D10121402000F01B
:106750003EFB0021402000F03AFB2EE075488442C9
:1067600008D10121802000F032FB0021802000F0C0
:106770002EFB22E07048844208D10121801500F0F0
:1067800026FB0021A01500F022FB16E06B48844296
:1067900008D10121401500F01AFB0021601500F01E
:1067A00016FB0AE06648844207D10121001500F07B
:1067B0000EFB0021201500F00AFB10BDF0B50A46C3
:1067C00000210023002400BF3DE0012505FA01F36C
:1067D000156805EA03049C4234D105684F0003267E
:1067E000BE40B543056015794E00B5400668354397
:1067F00005601579012D02D01579022D16D1856815
:106800004F000326BE40B543856055794E00B54024
:10681000866835438560456801268E40B5434560EE
:10682000456896798E40B6B235434560C5684F00DD
:106830000326BE40B543C560D5794E00B540C66855
:106840003543C560491C1029BFD3F0BD4FF6FF7119
:1068500001600021017141718171C171704708B5FA
:106860004FF480320092009A0A430092009AC2616B
:10687000C161009AC261C2690092C269009208BDFA
:106880000246002013690B400BB1012000E00020FC
:1068900070470146086980B270470246002053697C
:1068A0000B400BB1012000E0002070470146486911
:1068B00080B2704701837047418370470AB10183FA
:1068C00000E0418370474161704742694A4042613C
:1068D0007047F0B5002300244D07ED0E02FA05F3D2
:1068E000CE1000F1200555F826504E07F70E0F2662
:1068F000BE40B543CF1000F1200646F82750CE1019
:1069000000F1200555F8265045EA0304CE1000F1A9
:10691000200545F82640F0BD00000240000402407A
:1069200000080240000C0240001002400014024027
:1069300000180240001C02400020024000240240D7
:1069400000280240F948006840F00100F74908605B
:106950000020F64908310860F4480068F44908400E
:10696000F2490860F348091D0860F348EF49843193
:106970000860F0481038091D0860EC48006820F4F1
:106980008020EA4908600020E8490C310860E749A6
:106990008C31086070470021E44A921C1170114646
:1069A0000870704710B501460022002300204A11EC
:1069B000012A02D1DD4C236808E0022A03D1DB4C16
:1069C0007034236802E0D94C7434236801F01F024C
:1069D000012494401C400CB1012000E0002010BDB7
:1069E00038B5002000900024002500BF3120FFF7BB
:1069F000D9FF05460098401C00900098B0F5A04FC4
:106A000001D0002DF2D03120FFF7CCFF08B10124D6
:106A100000E00024204638BD01460020C34A10682B
:106A200020F0F80040EAC10010607047C3490860D8
:106A300070470021BD4A703211701170012802D0D8
:106A400004280AD104E00121B84A7032117005E02F
:106A50000521B64A7032117000E000BF00BF7047D8
:106A6000B7490860704770B5049C41EA8215012659
:106A7000C6EB530645EA0645054345EA0465AB4EB9
:106A8000361D356070BDAD4908667047820142EA27
:106A90000172A64B84331A607047A8498866704714
:106AA00010B5830143EA016343EA02739F4C8834C3
:106AB000236010BDA14908677047A049C8647047AA
:106AC00002460020994B0833186820F0EC6042EA37
:106AD00001031843954B08331860704702460020A5
:106AE000924B0833186820F0784042EA01031843BB
:106AF0008E4B083318607047014600208B4A0832DD
:106B0000106820F003000843106070478748083081
:106B1000006800F00C00704701460020834A0832EC
:106B2000106820F0F0000843106070470146002014
:106B30007E4A0832106820F4E05008431060704725
:106B400001460020794A0832106820F4604040EA8B
:106B5000C10010607047F0B500210022002402251A
:106B600000260223714F08373F6807F00C0121B15E
:106B7000042905D0082937D105E0724F076036E0B7
:106B8000714F076033E0694F3F1D3F68C7F3805680
:106B9000664F3F1D3F6807F03F036EB16A4FB7FB7A
:106BA000F3F7DFF888C10CF1040CDCF800C0CCF37B
:106BB000881C07FB0CF40CE0624FB7FBF3F7DFF81F
:106BC0006CC10CF1040CDCF800C0CCF3881C07FB92
:106BD0000CF4564F3F1D3F68C7F301477F1C7D00F3
:106BE000B4FBF5F7076002E0564F076000BF00BF37
:106BF0004E4F08373F6807F0F0010909534F7A5CA0
:106C00000768D7404760494F08373F6807F4E051AD
:106C1000890A4E4F7A5C4768D7408760434F0837F0
:106C20003F6807F46041490B484F7A5C4768D7409A
:106C3000C760F0BD002100F44072B2F5407F0AD178
:106C40003A4A0832116821F4F811414A02401143CE
:106C5000364A08321160354A70321268C0F30B03AD
:106C60001A43324B70331A60704735494439086013
:106C700070473349403908607047364908607047AB
:106C800001460020294A8C32106820F01F004A1E5D
:106C90001043264A8C321060704701460020234A78
:106CA0008C32106820F4F8504A1E40EA02201F4A35
:106CB0008C3210607047014600201C4A8C321068EC
:106CC00020F4401008431060704701460020174A26
:106CD0008C32106820F44000084310607047014671
:106CE0000020124A8C32106820F4403008431060B3
:106CF000704719490860704739B10C4A3032126840
:106D000002430A4B30331A6006E0084A30321268F8
:106D10008243064B30331A607047F9B1034A34326C
:106D200012680243014B34331A601CE00038024001
:106D3000FFFFF6EA10300024003000200000474238
:106D4000800E47420024F40000127A003600002032
:106D5000FFFCFF0F5C014742E01147428F4A126877
:106D600082438E4B1A60704739B18C4A121D1268EB
:106D700002438A4B1B1D1A6006E0884A121D1268E6
:106D80008243864B1B1D1A60704739B1834A0C320F
:106D900012680243814B0C331A6006E07F4A0C32C2
:106DA000126882437D4B0C331A60704739B17B4ABD
:106DB000103212680243794B10331A6006E0774AAA
:106DC000103212688243754B10331A60704739B124
:106DD000724A243A12680243704B243B1A6006E060
:106DE0006E4A243A126882436C4B243B1A60704707
:106DF00039B16A4A203A12680243684B203B1A6054
:106E000006E0664A203A12688243644B203B1A60CF
:106E1000704739B1614A1C3A126802435F4B1C3B10
:106E20001A6006E05D4A1C3A126882435B4B1C3BC9
:106E30001A60704739B1594A143A12680243574BE5
:106E4000143B1A6006E0554A143A12688243534BC9
:106E5000143B1A60704739B1504A103A1268024325
:106E60004E4B103B1A6006E04C4A103A12688243BF
:106E70004A4B103B1A60704739B1484A1C321268BD
:106E80000243464B1C331A6006E0444A1C32126827
:106E90008243424B1C331A60704739B13F4A20325B
:106EA000126802433D4B20331A6006E03B4A203211
:106EB00012688243394B20331A60704739B1374A20
:106EC000243212680243354B24331A6006E0334AF9
:106ED000243212688243314B24331A60704739B12F
:106EE0002E4A2C32126802432C4B2C331A6006E0D7
:106EF0002A4A2C3212688243284B2C331A6070477E
:106F000039B1264A303212680243244B30331A60BA
:106F100006E0224A303212688243204B30331A6036
:106F20007047012808D11D493C31096841F008012A
:106F30001A4A3C32116007E018493C31096821F0D7
:106F40000801164A3C321160704739B1134A273A9A
:106F500012780243114B273B1A7006E00F4A273A7A
:106F6000127882430D4B273B1A7070470B48403014
:106F7000006840F080700949403108607047014660
:106F80000020064A283A12680A400AB1012000E0AF
:106F90000020704701492639087070473438024094
:106FA00010B50121C802FFF756FF00214FF4006021
:106FB000FFF751FF10BD00216C4A116847F6FF62D0
:106FC0009143027D83681A4343681A43C3681A4396
:106FD00003681A4303691A431143644A11607047F6
:106FE00000210175016041608160C16001617047ED
:106FF0005F49086070475D49091F086070475B483A
:10700000001F006800F0030070470021574B1B1D54
:1070100002681A601A1D11686FF30A01D0E9012392
:107020001A43C3681A4303691A4311434F4A08328B
:10703000116070470021016041608160C1600161A1
:1070400070474A480C300068C0B2704708B5014626
:1070500000200090454810300844009000980068D7
:1070600008BD0021414B203302681A601B1D426895
:107070001A601A1D116821F0F701D0E902231A43A2
:1070800003691A4343691A431143384A283211608D
:1070900070474FF0FF310160002141608160C160A5
:1070A00001614161704731482C30006870472F48BA
:1070B0007C30006870472D497C31086070472B4850
:1070C0004430006870472B49086070472949091D02
:1070D00008607047274908310860704725490C311E
:1070E000086070472449086070472349091D0860FB
:1070F000704701218143204A0832116070471E49C0
:107100000C31086070471B4914390860704739B169
:10711000164A383212680243144B38331A6006E0BC
:10712000124A383212688243104B38331A60704763
:10713000014600200D4A303212680A400AB101208F
:1071400000E000207047094934310860704701466B
:107150000020064A303212680A400AB1012000E0DD
:10716000002070470149343108607047042C014009
:10717000A0802542A0852542AC81254210B5044659
:10718000FA48844208D101211020FFF764FE002153
:107190001020FFF760FE57E0F548844209D1012135
:1071A0004804FFF747FE00214FF40030FFF742FE8E
:1071B0004AE0F048844209D101218804FFF73AFEF1
:1071C00000214FF48020FFF735FE3DE0EA4884427D
:1071D00009D10121C804FFF72DFE00214FF4002042
:1071E000FFF728FE30E0E548844209D10121080577
:1071F000FFF720FE00214FF48010FFF71BFE23E075
:10720000DF48844208D101212020FFF724FE00211D
:107210002020FFF720FE17E0DA48844209D101213F
:107220008807FFF707FE00214FF08040FFF702FEBE
:107230000AE0D548844207D101214005FFF7FAFD55
:1072400000216005FFF7F6FD10BD2DE9FF4705465B
:107250000E460024A14600BFA046B08900B100BF81
:107260002C8A24F44054F08804432C82AC8941F2E7
:107270000C608443B0883189084371890843044312
:10728000AC81AC8A24F44074B0890443AC82684673
:10729000FFF761FCB548854202D0B948854202D16A
:1072A000DDF80C9001E0DDF80890A88900F40040BA
:1072B00040B109EBC90000EB091031684900B0FB8F
:1072C000F1F707E009EBC90000EB0910316889000C
:1072D000B0FBF1F76420B7FBF0F004012009642152
:1072E00001FB1078A88900F4004040B1322000EB87
:1072F000C800B0FBF1F000F00700044308E03220C2
:1073000000EB08106421B0FBF1F000F00F00044323
:107310002C81BDE8FF874FF4165101600021818068
:10732000C18001810C21418100218181704710B50C
:1073300002460020108A20F470600B884C8823439A
:107340008C882343CC8823431843108210BD00212E
:10735000018041808180C180704721B1828942F4DF
:107360000052828104E082894DF6FF731A408281C7
:107370007047028B02F47F420283028B0A4302832E
:10738000704721B1828942F40042828103E0828900
:10739000C2F30E028281704721B1828A42F40062F8
:1073A000828204E0828A4FF2FF731A408282704721
:1073B000C1F308028280704701468888C0F3080044
:1073C0007047028A4FF6F0731A400282028A0A431B
:1073D0000282704721B1828942F00202828104E078
:1073E00082894FF6FD731A408281704782894FF27D
:1073F000FF731A40828182890A4382817047028A20
:107400004FF6DF731A400282028A0A4302827047F3
:1074100021B1028A42F48042028204E0028A4BF6E1
:10742000FF731A4002827047818941F00101818116
:10743000704721B1828A42F00802828204E0828A87
:107440004FF6F7731A4082827047028BD2B20283E2
:10745000028B42EA01220283704721B1828A42F004
:107460002002828204E0828A4FF6DF731A40828211
:10747000704721B1828A42F01002828204E0828A3F
:107480004FF6EF731A4082827047828A4FF6FB7381
:107490001A408282828A0A438282704721B1828A9C
:1074A00042F00202828204E0828A4FF6FD731A40A3
:1074B000828270471AB1838A0B43838202E0838AF7
:1074C0008B4383827047F0B50346002400260025D5
:1074D000002040F66A17B94200D100BF1846C1F338
:1074E000421401F01F06012707FA06F5012C01D10D
:1074F0000C3004E0022C01D1103000E014301AB13D
:1075000007682F43076002E00768AF430760F0BDDC
:1075100002460020B1F5007F00D100BF13880B4068
:107520000BB1012000E00020704701F40072B2F5B9
:10753000007F00D100BFCA430280704770B5024689
:10754000002400230025002040F66A16B14200D135
:1075500000BFC1F3421501F01F03012606FA03F331
:10756000012D13D19689334017E00000001001402F
:107570000044004000480040004C004000500040E3
:107580000014014000780040007C0040022D02D130
:10759000168A334001E0968A33400C12012606FA1F
:1075A00004F41688344013B10CB1012000E000202F
:1075B00070BD10B50022002340F66A14A14200D12C
:1075C00000BF0A1201249440A3B2DC43048010BD22
:1075D000016821F0010101600021016041608160CA
:1075E000C160016121214161DB49884204D13D2113
:1075F000D94A103A91608CE0D7491831884205D1B8
:107600004FF47461D44A103A916082E0D24930312B
:10761000884205D14FF47411CF4A103A916078E056
:10762000CD494831884205D14FF07461CA4A103AB9
:1076300091606EE0C8496031884204D1C749C64AAA
:10764000103AD16065E0C4497831884204D1C44918
:10765000C14A103AD1605CE0BF499031884204D100
:10766000C049BD4A103AD16053E0BB49A8318842B5
:1076700005D14FF03D51B84A103AD16049E0BA49BE
:10768000884204D13D21B84A083A116041E0B64928
:107690001831884205D14FF47461B34A083A116039
:1076A00037E0B1493031884205D14FF47411AE4A08
:1076B000083A11602DE0AC494831884205D14FF0BD
:1076C0007461A94A083A116023E0A74960318842F1
:1076D00004D1A249A44A121F11601AE0A2497831CC
:1076E000884204D19E49A04A121F116011E09E49B0
:1076F0009031884204D19B499B4A121F116008E0D7
:107700009949A831884204D14FF03D51964A121F41
:107710001160704710B500220268944B1A40CC6883
:107720000B6823434C6923438C692343CC6923436F
:107730000C6A23434C6A23438C6A23434C6B2343D8
:107740008C6B23431A430260426922F00702D1E99D
:107750000B3423431A4342610B6943604B688360D7
:107760008B68C36010BD0021016041608160C16011
:10777000016141618161C161016241628162C162F5
:10778000016341638163704721B1026842F00102E5
:10779000026003E0026822F001020260704721B13A
:1077A000026842F40042026003E0026822F40042F0
:1077B0000260704721B1026842F02002026003E0DB
:1077C000026822F020020260704741607047014663
:1077D000486880B2704722B1036843F40023036015
:1077E00003E0036823F4002303600161704721B1C3
:1077F000026842F48022026003E0026822F48022E0
:10780000026070470AB1016100E0C1607047014643
:1078100000200A6802F400220AB1012000E00020E2
:107820007047014600200A6802F001020AB10120F7
:1078300000E000207047014600204A6902F038004D
:10784000704730B503460A4600200024464DAB423F
:1078500002D24149103901E04349103902F0005584
:107860000DB14C6800E00C68414D2C4004EA020563
:107870000DB1012000E0002030BD02463A4B9A4293
:1078800002D23548103801E03748103801F0005373
:107890001BB1374B0B40C36002E0354B0B4083609C
:1078A000704710B501F080034BB122B1436943F03A
:1078B0008003436103E0436923F08003436180292F
:1078C0000BD02AB1036801F01E042343036004E0D7
:1078D000036801F01E04A343036010BD70B50246A7
:1078E000002000240025204EB24202D21A4B103B49
:1078F00001E01D4B103B1F4E0E4036B11E2606EA1E
:10790000D124166806EA040502E0566906F08005EF
:1079100001F000560EB15C6800E01C68144E344063
:1079200004EA010616B10DB1012000E0002070BD8F
:1079300002460D4B9A4202D20748103801E00A482D
:10794000103801F000531BB1094B0B40C36002E03B
:10795000074B0B4083607047106002403D000020E1
:10796000400F002000003D20106402403F801CF0CA
:107970007D0F7D0F3C0F3C0F70B503460C4603E0B6
:1079800014F8015B03F8015B151EA2F10102F7D1A7
:1079900070BD30B5034601E003F8011B141EA2F1CF
:1079A0000102F9D130BD10B504467A4951F82410CE
:1079B0004A00794951F824000021FFF7EAFF77498E
:1079C00051F8242074490C3951F824000021FFF7A4
:1079D000E0FF012170480C30015510BD10B5014683
:1079E0000023002207E06C4850F8210030F8120014
:1079F00000B15B1C521C674850F821009042F2D83D
:107A000064205843634C54F82140B0FBF4F0C0B2FA
:107A100010BD2DE9F04704460F460025A9465E48F3
:107A20000C30005D20B95C48143801682046884756
:107A30001FB94FF0FF30BDE8F087594850F82400D7
:107A4000B7FBF0F6564850F82400B7FBF0F100FB06
:107A5000117000B1761C4F4850F82400451E20E0FC
:107A60004D4850F8240030F8150010B909F101090B
:107A700001E04FF00009B14512D14FF0000808E0D5
:107A8000454850F8240005EB080220F8126008F180
:107A90000108B045F4D3424850F824006843CAE7CF
:107AA0006D1E002DDCDA4FF0FF30C4E72DE9F04108
:107AB00004460E4638480C30005D38B93648143854
:107AC0000168204688470120BDE8F081334850F81E
:107AD0002400B04217D9324850F82400B6FBF0F128
:107AE0002D4850F8240030F81120002507E000232D
:107AF000294850F824004F1920F817306D1C954282
:107B0000F5DB0020E0E70220DEE770B505460C4615
:107B100004B970BD20480C3850F82500261A3146AB
:107B20002846FFF7C3FF00BFF3E770B504460E46D3
:107B300031462046FFF76DFF0546681C08B9002056
:107B400070BD15480C3850F824002844F8E72DE99A
:107B5000F04104460F46164631462046FFF759FFCE
:107B60000546681C10B90020BDE8F0810A490C39AF
:107B700051F82410481932463946FFF7FDFE3946C0
:107B80002046FFF7C2FF04480C3850F82400284470
:107B9000EAE70000C49900085C000020DC990008B6
:107BA000D0990008704700000FB4044910B503AA2B
:107BB000029800F043F910BC5DF814FB300000207F
:107BC0002DE9F0410E460446002020622046E1687F
:107BD000884730B3252805D0D4E901219047206A91
:107BE000401CF2E7E168204600278847050018D0CE
:107BF000A5F14100192802D820354FF4006732461C
:107C0000294620462760F8F7F9FA40B1012804D048
:107C1000F61D26F007060836D8E7361DD6E72846B3
:107C2000DAE7206ABDE8F0812DE9F041064600243C
:107C300010687529314616A510D0AFF300800028D2
:107C400002DA404213A507E031688A0701D512A580
:107C500002E0490704D511A5012401E0AFF300803B
:107C600000210A2206F1240709E0B0FBF2FCB0FB78
:107C7000F2F302FB1C00303078541846491C0028EF
:107C8000F3D123462A463046BDE8F04100F07DB8E6
:107C9000000000002D0000002B000000200000006C
:107CA00070B504460D4621461068AFF30080218868
:107CB000090502D50F4A7A4402E00E4A7A440E3290
:107CC000002104F1240305E000F00F060009965D91
:107CD0005E54491C0028F7D120780023000704D502
:107CE000702D02D009B1022311322046BDE8704048
:107CF00000F04BB82E1D0000032A40F2308010F037
:107D0000030C00F0158011F8013BBCF1020F624436
:107D100098BF11F801CB00F8013B38BF11F8013BC7
:107D2000A2F1040298BF00F801CB38BF00F8013B74
:107D300011F0030300F09480083AC0F0088051F875
:107D4000043B083A51F804CBA0E80810F5E7121DEF
:107D50005CBF51F8043B40F8043BAFF30080D2070E
:107D600024BF11F8013B11F801CB48BF11F8012BDA
:107D700024BF00F8013B00F801CB48BF00F8012BFD
:107D8000704770477047704770472DE9F0470D46C0
:107D900099469246044600F124080168880604D5F5
:107DA000E06921F01001216000E00120A84201DD1E
:107DB000471B00E00027A1697A1902EB0900081AA5
:107DC000A0612078C00602D42046AFF300800026D0
:107DD00008E0D4E901211AF806009047206A401C07
:107DE000761C20624E45F4DB2078C0060AD520467A
:107DF000AFF3008006E0D4E9012130209047206AEB
:107E0000401C2062381EA7F10107F4DC07E0D4E92A
:107E1000012118F805009047206A401C2062281EA6
:107E2000A5F10105F3DC2046AFF3008020780006C1
:107E300002D50220BDE8F0870120FBE7074B70B5B3
:107E40000D467B4400F043F80446284600F052F803
:107E500010B14FF0FF3070BD204670BD3FE0FFFF16
:107E600010B5203AC0F00B80B1E81850203AA0E8D5
:107E70001850B1E81850A0E81850BFF4F5AF5FEA09
:107E8000027C24BFB1E81850A0E8185044BF18C9BC
:107E900018C0BDE810405FEA827C24BF51F8043B63
:107EA00040F8043B08BF7047D20728BF31F8023BB7
:107EB00048BF11F8012B28BF20F8023B48BF00F84B
:107EC000012B704701694A1C02610878704700B5B0
:107ED0008FB0CDE901310021059105497944CDE903
:107EE000031011466846FFF76BFE0FB000BD00009F
:107EF000E5FFFFFF007B00F080007047754600F053
:107F00002BF8AE4605006946534620F0070085462B
:107F100018B020B5FEF766F8BDE820404FF0000627
:107F20004FF000074FF000084FF0000B21F0070161
:107F3000AC46ACE8C009ACE8C009ACE8C009ACE8A4
:107F4000C0098D46704710B50446AFF30080204647
:107F5000BDE81040F8F769B90048704720AD01202E
:107F60004FEA1153A3F58063D3F11E03A8BFD3F1E9
:107F7000200C08DB4FF0004242EAC12252EA505284
:107F800032FA03F0704709420BD4102BC4BF002013
:107F9000704703F5787CBCF1FF3F05D04FF0FF3010
:107FA00070474FF00000704770B500F0C3F800BF95
:107FB0004992248000207047F0E7B0FA80F310FA6D
:107FC00003F10AD0C3F11D0303F580634FEA41506A
:107FD0004FEA035202EBD12170474FF00000704787
:107FE000DFF848C170B51CEA111E1EBF1CEA13154C
:107FF0009EEA0C0F95EA0C0F00F06F8081EA0304F3
:1080000023EA4C134EEAD47E21EA4C1141F480114C
:1080100043F48013AE44A1FB024CA0FB0365AEF118
:108020007F7E361955EB0C05A1FB034C4CF1000388
:10803000A0FB021C16EB0C06654153F1000309423C
:1080400018BF46F0010613F4007F0BD14FEA03314D
:108050004FEA0530340341EA155140EA16506FF0FB
:1080600003020AE04FEAC3214FEAC520F40241EAC5
:10807000555140EA56506FF0020202EB2E4201EBDE
:10808000025585EACE710AD05FEA440C18BF24F08D
:10809000004450F1000041F1000120EAD47040F2A8
:1080A000FE7C624500D270BDA84214BF4FF08044F0
:1080B0004FF04044002E08BF0024BEF1806FA8BFDF
:1080C000A1F1C041BDE8704080F282804FF0000015
:1080D00001F1C04101F0004170479EEA0C0F0CEA2B
:1080E000131518BF95EA0C0F06D04FF0000081EA77
:1080F000030E0EF0004170BD00F01CF88900013E37
:1081000000F007B800F009B84FEA430C5FEA5C5C86
:1081100008D081EA030100F05BB84FEA410C5FEA46
:108120005C5CF6D14FF00000014970470000FF078A
:108130000000F87F0EF1020E2EF0030E5EF8046BC5
:10814000364205D4012A43EB030515F5001F12D86A
:10815000012841EB010C1CF5001F0CD80ED14FEA91
:10816000D17C15F5001F0CEB4C0C0CF1020C08BF78
:108170004CEBD37C04E04FF0080C01E04FEAD37CD9
:108180000CEB4C0526FA05F606F00706B6F1040CD2
:1081900006D20EEB860CBDE870404CF0010C604737
:1081A000DFE80CF0090B02024FF000414FF0000035
:1081B000A1F5002170BD19461046012851EB0104BC
:1081C00018BFD4F5001484BF002001F0004170BD39
:1081D0000808A0F500114FEA310170474FF04070D8
:1081E000E1EE100A704700000000000000000000EF
:1081F0000000000000003F40000000000000000000
:108200003000400030004000000009000BC03D007D
:108210000BC03D00090018C024407FE0224031809F
:108220000000180024C01B000D8032400180038034
:108230001C4027401C8007400040100060000000E8
:108240000000000000000000000000001F8020402F
:1082500040200000402020401F8000000000090056
:1082600006001F80060009000000040004003F8093
:108270000400040000000010006000000000000086
:1082800000000400040004000400040000000000DA
:1082900000400000000000000000002001C00600B7
:1082A0003800400000001F802040204020401F80F8
:1082B0000000000010403FC000400000000018C057
:1082C00021402240244018400000108020402440DB
:1082D00024401B80000002000D0011003FC001403F
:1082E00000003C80244024402440238000001F8064
:1082F000244024403440038000003000200027C088
:108300003800200000001B802440244024401B80B3
:1083100000001C0022C0224022401F8000000000FC
:1083200000000840000000000000000000000460A1
:10833000000000000000000004000A00110020807E
:108340004040090009000900090009000000000080
:108350004040208011000A00040018002000234043
:108360002400180000001F802040274029401F40A3
:108370000000004007C039000F0001C0004020404D
:108380003FC0244024401B8000001F80204020402C
:1083900020403080000020403FC0204020401F800F
:1083A000000020403FC024402E4030C0000020404C
:1083B0003FC024402E00300000000F0010802040FD
:1083C00022403380020020403FC0040004003FC030
:1083D0002040204020403FC020402040000000605E
:1083E000202020203FC02000200020403FC024400B
:1083F0000B0030C0204020403FC0204000400040E3
:1084000000C03FC03C0003C03C003FC00000204013
:108410003FC00C4023003FC020001F802040204070
:1084200020401F80000020403FC02440240018004E
:1084300000001F802140214020E01FA000002040BC
:108440003FC02440260019C0004018C024402440EA
:10845000224031800000300020403FC020403000EA
:10846000000020003F80004000403F8020002000AE
:108470003E0001C0070038002000380007C03C0063
:1084800007C038000000204039C0060039C0204035
:1084900000002000384007C0384020000000304075
:1084A00021C02640384020C00000000000007FE0CE
:1084B000402040200000000070000C0003800040BD
:1084C00000000000402040207FE00000000000008D
:1084D00020004000200000000000001000100010EC
:1084E000001000100010000000004000000000001C
:1084F0000000000002800540054003C0004020004D
:108500003FC004400440038000000000038004409A
:1085100004400640000000000380044024403FC0A7
:1085200000400000038005400540034000000000BB
:1085300004401FC0244024402000000002E00550F9
:1085400005500650042020403FC00440040003C0F2
:1085500000400000044027C0004000000000001060
:108560000010041027E00000000020403FC0014040
:10857000070004C00440204020403FC000400040AD
:10858000000007C0040007C0040003C0000004404E
:1085900007C00440040003C0004000000380044002
:1085A000044003800000041007F0045004400380DE
:1085B0000000000003800440045007F00010044055
:1085C00007C002400400040000000000064005400F
:1085D000054004C00000000004001F80044000406B
:1085E0000000040007800040044007C00040040071
:1085F000070004C0018006000400060001C0070057
:1086000001C006000000044006C0010006C004408E
:1086100000000410071004E00180060004000000C0
:10862000044005C0064004400000000000000400B3
:108630007BE040200000000000000000FFF0000090
:108640000000000040207BE004000000000040002B
:1086500080004000200020004000000000000000DA
:10866000000000000000000000000000000000000A
:108670001FCC000C000000000000000008003000CB
:1086800060000800300060000000022003FC1E2093
:10869000022003FC1E200220000000000E1811041E
:1086A0003FFF10840C78000000000F0010840F388A
:1086B00000C0077818840078000000780F8410C488
:1086C00011240E9800E4008400080800680070007F
:1086D000000000000000000000000000000000009A
:1086E00007E01818200440020000000040022004A7
:1086F000181807E00000000000000240024001805E
:108700000FF00180024002400000008000800080E5
:108710000FF800800080008000000001000D000EB6
:108720000000000000000000000000000080008049
:10873000008000800080008000800000000C000CA1
:10874000000000000000000000000000000600180B
:1087500000600180060018002000000007F00808F3
:1087600010041004080807F00000000008040804C2
:108770001FFC000400040000000000000E0C101498
:108780001024104411840E0C000000000C1810047A
:108790001104110412880C700000000000E0032096
:1087A000042408241FFC0024000000001F981084EB
:1087B00011041104108810700000000007F00888F0
:1087C0001104110418880070000000001C00100043
:1087D00010FC13001C001000000000000E381144B3
:1087E0001084108411440E38000000000700088C2B
:1087F00010441044088807F000000000000000004A
:10880000030C030C00000000000000000000000149
:108810000106000000000000000000000080014090
:108820000220041008081004000002200220022088
:10883000022002200220022000000000100408088C
:108840000410022001400080000000000E00120011
:10885000100C106C10800F00000003E00C1813E4E3
:10886000142417C4082807D000000004003C03C4E7
:108870001C40074000E4001C000410041FFC11040D
:10888000110411040E880070000003E00C1810049D
:108890001004100410081C10000010041FFC100429
:1088A00010041004080807F0000010041FFC110455
:1088B000110417C410040818000010041FFC110450
:1088C000110017C010000800000003E00C1810048D
:1088D000100410441C780040000010041FFC108499
:1088E0000080008010841FFC10040000100410049D
:1088F0001FFC100410040000000000030001100120
:1089000010011FFE10001000000010041FFC1104D5
:1089100003801464181C1004000010041FFC1004D1
:10892000000400040004000C000010041FFC1F00E1
:1089300000FC1F001FFC1004000010041FFC0C04AE
:10894000030000E010181FFC100007F008081004D6
:1089500010041004080807F0000010041FFC108425
:108960001080108010800F00000007F008181024FD
:108970001024101C080A07F2000010041FFC110448
:10898000110011C011300E0C000400000E1C110467
:108990001084108410441C380000180010001004CB
:1089A0001FFC100410001800000010001FF8100435
:1089B0000004000410041FF8100010001E0011E055
:1089C000001C007013801C0010001FC0103C00E051
:1089D0001F0000E0103C1FC000001004180C1634EB
:1089E00001C001C01634180C100410001C00130440
:1089F00000FC13041C00100000000804101C10648C
:108A0000108413041C041018000000000000000073
:108A10007FFE4002400240020000000030000C00D7
:108A200003800060001C00030000000040024002C0
:108A300040027FFE00000000000000000000200057
:108A40004000400040002000000000010001000143
:108A50000001000100010001000100004000400091
:108A60002000000000000000000000000098012429
:108A700001440144014400FC000410001FFC008874
:108A800001040104008800700000000000700088EC
:108A90000104010401040088000000000070008847
:108AA0000104010411081FFC0004000000F8014447
:108AB00001440144014400C8000000000104010415
:108AC0000FFC1104110411001800000000D6012948
:108AD0000129012901C90106000010041FFC0084BE
:108AE00001000100010400FC00040000010419045D
:108AF00019FC000400040000000000000003000155
:108B00000101190119FE0000000010041FFC0024DF
:108B1000004001B4010C0104000000001004100426
:108B20001FFC0004000400000000010401FC01041B
:108B3000010001FC0104010000FC010401FC0084AF
:108B400001000100010400FC0004000000F8010421
:108B500001040104010400F80000010101FF008587
:108B6000010401040088007000000000007000880B
:108B700001040104010501FF00010104010401FCDD
:108B800000840104010001800000000000CC0124E9
:108B900001240124012401980000000001000100CB
:108BA00007F80104010400000000010001F80004BE
:108BB00000040004010801FC0004010001800170B0
:108BC000000C001001600180010001F0010C003078
:108BD00001C00030010C01F0010000000104018C13
:108BE00000740170018C0104000001010181017118
:108BF000000E001801600180010000000184010CDA
:108C0000013401440184010C000000000000000058
:108C1000000001003EFC4002400200000000000095
:108C20000000FFFF000000000000000040024002C2
:108C30003EFC010000000000000000006000800019
:108C400080004000400020002000000000000000E4
:108C50000000000000000000000000000000000014
:108C60000000000000000000000000000000000004
:108C7000000000000000000000000000000F80382D
:108C80000FFE380F803800000000000000000000D8
:108C900000000000000000000100000600000C00C1
:108CA000003800003100000600000C000038000011
:108CB0003000000000000000000061800067F8073D
:108CC000F980006180006180006180006180006740
:108CD000F807F9800061800000000000000000003B
:108CE00001C0E003E0F00630080418081FFFFE048E
:108CF0000E080787F00381E000000000000001F08B
:108D000000060C00040408060C7001F9C0000E00F7
:108D1000003BE000EC18070808040C180003E00012
:108D200000000001E00007F003F818041C08041715
:108D30000807E1D003C0E00023B0003C0800200891
:108D400000001000000000000001000031000032AF
:108D500000001C00000000000000000000000000F7
:108D60000000000000000000000000000000000003
:108D7000000000000000000000007F0001FFC007AD
:108D800080F00C0018100004200002000000000019
:108D9000002000021000040C00180780F001FFC042
:108DA000007F000000000000000000000000000044
:108DB0000000000000004200006600006600003C69
:108DC0000000180003FFC0001800003C000066000F
:108DD00000660000420000000000080000080000DB
:108DE000080000080000080001FFC000080000089B
:108DF000000008000008000008000000000000015A
:108E000000003100003200001C00000000000000E3
:108E10000000000000000000000000000000000052
:108E2000000008000008000008000008000008001A
:108E3000000800000800000800000800000800000A
:108E400000000000000000000000380000380000B2
:108E500038000000000000000000000000000000DA
:108E600000000000000000000000000600001C00E0
:108E70000070000180000E0000380000C0000700F4
:108E8000001C0000300000000000000000007F8097
:108E900001FFE003807006001804000804000806C3
:108EA000001803807001FFE0007F800000000000D8
:108EB0000000000001000801000801000803FFF89D
:108EC00007FFF8000008000008000008000000008C
:108ED000000000000001C03802C0580400980401DE
:108EE00018040218040418061C1803F81801E0F806
:108EF00000000000000000000001C0E003C0F0041A
:108F0000000804080804080806180803F41801E714
:108F1000F00001E00000000000000000000003007D
:108F2000000D000011000061000081080301080726
:108F3000FFF80FFFF8000108000108000000000022
:108F4000000000E007FCD00608080610080610081C
:108F5000061008061838060FF00607C000000000CB
:108F60000000000000003F8001FFE00384300208A1
:108F700018041008041008041008071810030FF054
:108F80000007C000000000000000000003C0000750
:108F900000000600000600F80607F806180006E0C4
:108FA0000007000006000000000000000001E1E0F2
:108FB00003F7F0063410041808041808040C080419
:108FC0000C0806161803F3F001C1E00000000000D1
:108FD0000000F80003FC300306380402080402080D
:108FE0000402080404100308F001FFC0007F000021
:108FF0000000000000000000000000000000000071
:109000000000703800703800703800000000000068
:109010000000000000000000000000000000000050
:10902000000000000000301A00301C0000000000AA
:109030000000000000000000000000000000000030
:1090400000080000140000220000410000808001A0
:10905000004002002004001008000800000000008A
:10906000000021000021000021000021000021005B
:10907000002100002100002100002100002100004B
:1090800000000000000000000800080400100200BA
:1090900020010040008080004100002200001400F8
:1090A00000080000000000000003C00004C000042D
:1090B0000000080038080F380808380810000C3085
:1090C0000007E00003C000000000000000003F8037
:1090D00000FFE0038070020F1006708804C088044F
:1090E0008308047F8802C09003012000FE40000036
:1090F000080000180001F8003E0801C20007020045
:1091000007E20000FE00001FC80001F80000380060
:10911000000804000807FFF807FFF804080804081F
:109120000804080804080806180803F41801E7F002
:109130000001E0000000000000003F8001FFE003AC
:1091400080700200180400080400080400080400ED
:10915000100600200780C000000004000807FFF888
:1091600007FFF804000804000804000804001802BF
:10917000001003807001FFE0007F80000000040009
:109180000807FFF807FFF80408080408080408089F
:10919000040808043E0804000806001801006000E6
:1091A000000004000807FFF807FFF8040808040897
:1091B00000040800040800043E0006000006000049
:1091C000018000000000000000003F8001FFE0037C
:1091D0008070060018040008040208040208020354
:1091E000F00783F000020000020004000807FFF807
:1091F00007FFF80408080008000008000008000045
:10920000080004080807FFF807FFF804000800003A
:109210000000000004000804000804000807FFF82C
:1092200007FFF8040008040008040008000000001C
:10923000000000000000000600000700000104001C
:109240000104000104000307FFFE07FFFC04000007
:1092500004000004000004000807FFF807FFF804FA
:109260000C08001800003E0004C7800503C8060073
:10927000F804003804001800000804000807FFF88C
:1092800007FFF804000800000800000800000800BC
:109290000008000008000018000060000000040042
:1092A0000807FFF807800807FC00007FC00003F8EC
:1092B0000007C000780007800807FFF807FFF804E0
:1092C000000804000807FFF807000803C00000E0DA
:1092D00000003800001E000007000001C00400F07C
:1092E00007FFF8040000000000007F8001FFE0039A
:1092F0008070060018040008040008060018030027
:109300003001FFE0007F8000000004000807FFF844
:1093100007FFF80404080404000404000404000423
:109320000400060C0003F80001F00000000000003B
:1093300000007F8001FFE003807006008804008841
:109340000400C806003C03003E01FFE6007F8400E5
:10935000000004000807FFF807FFF80408080408E5
:1093600000040C00040F00040BC00610F003F038DA
:1093700001E00800000800000001E0F803F03006FA
:109380003010041808041808040C08040C0802061D
:10939000180207F00781E0000000018000060000CD
:1093A00004000004000004000807FFF807FFF804A9
:1093B0000008040000040000060000018000040012
:1093C0000007FFE007FFF004001800000800000895
:1093D00000000800000800000804001007FFE00477
:1093E000000004000006000007E00007FE00041F64
:1093F000E00001F80000380001E0043E0007C00072
:1094000006000004000004000007E00007FFC0049D
:109410001FF80007C007F80007FF80043FF80007A7
:10942000C004F80007000004000000000004000869
:1094300006001807C07805F1C8003E00001F800430
:1094400063E80780F8060018040008000000040024
:109450000006000007800007E008047C08001FF8F1
:109460000007F800180804E00807000006000004E0
:1094700000000000000100080600380400F80403A2
:10948000E8040F08047C0805F00807C00807001866
:109490000400600000000000000000000000000068
:1094A00000000000003FFFFE20000220000220001C
:1094B0000220000220000200000000000000000066
:1094C00008000007000000C000003800000600008F
:1094D00001C000003000000E00000100000000008C
:1094E00000000000200002200002200002200002F4
:1094F0002000023FFFFE000000000000000000000E
:109500000000000000000000000000080000100043
:1095100000300000200000300000100000080000B3
:109520000000000000000000010000010000010038
:109530000001000001000001000001000001000026
:109540000100000100000100000100000000000017
:1095500000000020000020000010000010000000AB
:1095600000000000000000000000000000000000FB
:10957000000000F00019F8001B180022080026085F
:10958000002408002410003FF8001FF80000080025
:10959000001800000004000007FFF80FFFF000189B
:1095A00018001008002008002008003018001FF0E4
:1095B000000FC00000000000000007C0001FF00006
:1095C0001830002008002008002008003C08001C7B
:1095D000100000600000000000000000000007C054
:1095E000001FF000381800200800200800200804A0
:1095F000101007FFF80FFFF000001000000000003F
:10960000000000000007C0001FF000123000221808
:10961000002208002208003208001E10000E200060
:10962000000000000000200000200800200801FFCA
:10963000F803FFF80620080420080420080720008B
:1096400003000000000000000000000E000E6E008D
:109650001FF30031B10020B10020B1003191001F93
:1096600013002E1E00200E00300000000004000831
:1096700007FFF80FFFF8001008002000002000008E
:109680002008003FF8001FF800000800000000005C
:1096900000000000002008002008002008063FF815
:1096A000063FF80000080000080000080000000065
:1096B0000000000000000000000003000003002084
:1096C00001002001002003063FFE063FFC000000D1
:1096D00000000000000000000004000807FFF80F71
:1096E000FFF8000188000300002FC00038F80020B8
:1096F0003800200800000800000000000000000002
:1097000004000804000804000807FFF80FFFF80031
:109710000008000008000008000000000000002011
:1097200008003FF8003FF8001008002000003FF854
:10973000003FF8001008002000003FF8003FF8004C
:109740000008000000002008003FF8003FF800106B
:1097500008001000002000002008003FF8001FF85B
:109760000000080000000000000007C0000FF0002B
:1097700018300030080020080020080030080018C9
:1097800030000FF00007C0000000000000002001C2
:10979000003FFF003FFF00101100200900200800DB
:1097A0002008003038001FF0000FC000000000004B
:1097B000000007C0001FF000381800200800200833
:1097C000002009001011001FFF003FFF00000100F2
:1097D0000000002008002008002008003FF8003F9B
:1097E000F8000808001008002008002000003000E1
:1097F000003000000000000000000000000C7800B5
:109800001E180033080023080021080021880021C9
:10981000980030F0003860000000000000002000D8
:1098200000200000200000FFF003FFF800200800E7
:1098300020080020080000300000000000000000A8
:1098400000002000003FF0007FF800001800000832
:10985000000008002010003FF8007FF0000010001A
:109860000000000000002000003000003C00003F2D
:10987000800023F0000078000070002380003C008E
:10988000003000002000002000003C00003FE0000D
:1098900023F80000E0002700003E00003FE0002128
:1098A000F80001E0003E0000200000000000200859
:1098B000002008003838003E680027800003C800F8
:1098C0002CF80038380020180020080000000000A4
:1098D00000002000003003003C01003F830023EC27
:1098E000000070002380003C0000200000200000E9
:1098F00000000000000000000038080020380020B0
:10990000F80023E8002F88003E08003808002018DF
:1099100000007000000000000000000000000000D7
:1099200000000000000008000014001FF7FC3000D9
:1099300006200002000000000000000000000000FF
:10994000000000000000000000000000FFFFFF001A
:109950000000000000000000000000000000000007
:10996000000000002000023000061FF7FC00140079
:1099700000080000000000000000000000000000DF
:1099800000000000001800006000004000004000DF
:109990000020000010000008000004000004000087
:1099A0000C000010000000000F0000000F0000007D
:1099B000FF0000000F0000000F0000000F0000007B
:1099C00000000000800C000000780000800700000C
:1099D0002000000020000000200000000090010096
:1099E00000000F0000F000003031323334353637DC
:1099F00038394142434445464030580030313233D3
:109A000034353637383961626364656640307800D2
:109A1000309A0008000000206C000000C40100081B
:109A20009C9A00086C00002014B30100E0010008BB
:109A3000007A030A00000000000000000102030495
:109A4000060708090000FFFF0100000000000000F9
:109A50000000000001000000000000000000000005
:109A600000000000000000000000010203040102E9
:109A70000304060708090000A7790008DD7900083B
:109A80002004002000000068000000102094012045
:0C9A900000000F6800F000100000000053
:040000050800018965
:00000001FF
